case_id,dv,set,family,index,cell_id,level_id,rep,spawn_key,r_seed,split,shard,nbar,mu,s,mu1,mu2,s2,rho,tau,gamma,sigma2,sp,kappa,sigma,sigma1,lam_p,R,beta,mu_log,s_abs,grid_M,delta_tilde,tau_K,tau_K2,prior_tries,n,pattern_tries,sampler,buffer,n_parents,pad_P,min_eig,cftp_start,mh_steps,burnin,wall_s,sha1
dv3-A-lgcp-000000,3,A,lgcp,0,,,,3:1:5:0,,test,0,296.89177114278795,,,,,,,,,2.3445023159016585,1.6125211155782853,,,,,,,4.521116507512891,0.09358501839448355,512,19.605824404618453,2.0817261213755254,,1,150,1,exact,,,2,6.053636301986453e-07,,,,0.07483287499781,4864081e095d4aaf536690b59e81b2249d34935f
dv3-A-lgcp-000001,3,A,lgcp,1,,,,3:1:5:1,,test,0,232.7077721027883,,,,,,,,,1.9598250081451767,1.6230239044347778,,,,,,,4.469870965346093,0.1063945720720285,256,13.561758181471529,2.212481646361268,,1,335,1,exact,,,2,3.2967004852932247e-06,,,,0.021083374998852378,ce63b00590f8aaa36f75953d564a27e898da9f84
dv3-A-lgcp-000002,3,A,lgcp,2,,,,3:1:5:2,,test,0,395.5645792478019,,,,,,,,,1.0537444166440026,0.7783533889608972,,,,,,,5.453441850632767,0.03913525092543551,256,4.296787651077469,1.1830112006957285,,1,330,1,exact,,,2,6.617959489897138e-05,,,,0.015023208998172777,2796490788088f54eefb007e164bcb382c7654a2
dv3-A-lgcp-000003,3,A,lgcp,3,,,,3:1:5:3,,test,0,260.32662503006196,,,,,,,,,0.5026798195258336,0.6782503223940356,,,,,,,5.3105971829462915,0.04203690321676943,256,1.3637736363357225,1.0891592902413332,,1,255,1,exact,,,2,5.3403631706586675e-05,,,,0.01930812499995227,85e682862b10c12670435b88ae5efc8d48da4abc
dv3-A-lgcp-000004,3,A,lgcp,4,,,,3:1:5:4,,test,0,156.8660496521494,,,,,,,,,0.09113368838417235,0.651297507360863,,,,,,,5.009825410056117,0.052001388037074533,256,0.16539735339174594,1.0848022157825126,,1,152,1,exact,,,2,2.8215967912436585e-05,,,,0.014992791999247856,a98423edec378b87da7d376f9694bf7ec8584243
dv3-A-lgcp-000005,3,A,lgcp,5,,,,3:1:5:5,,test,0,139.19345804967298,,,,,,,,,2.693785777583294,1.6426164725346721,,,,,,,3.5889718612346986,0.1392280567319059,256,15.300522606776127,2.008543550709678,,1,58,1,exact,,,2,1.4758229984800546e-06,,,,0.016927083997870795,ba2fde3105473676e32690b882e4bb6753eaf450
dv3-A-lgcp-000006,3,A,lgcp,6,,,,3:1:5:6,,test,0,692.2948077802438,,,,,,,,,1.6698883320704017,0.6876137722000928,,,,,,,5.70506772166434,0.02613358735442951,512,9.022346475171522,0.9732606934811181,,1,615,1,exact,,,2,2.778779771343927e-05,,,,0.06720720800149138,ad271b1600e9c47740f0f782410eca52c139e7d1
dv3-A-lgcp-000007,3,A,lgcp,7,,,,3:1:5:7,,test,0,103.61126788998614,,,,,,,,,2.3610637235230856,0.5259075993586774,,,,,,,3.460114225566383,0.05166613237269778,256,3.8632099889402234,0.6772618564454744,,2,76,1,exact,,,2,2.8768686395705037e-05,,,,0.014729291000548983,0e0783209219d3d3f2bfd06198183dbb3048cbdc
dv3-A-lgcp-000008,3,A,lgcp,8,,,,3:1:5:8,,test,0,257.21030113201664,,,,,,,,,2.1952056490472565,1.489967604020367,,,,,,,4.4522912180954215,0.09290362217710386,256,15.431950782170325,1.9658359875591607,,1,318,1,exact,,,2,4.949835370068121e-06,,,,0.015983500001311768,807ef38c3ed83b482c0a61e2c08add8b69b9da8a
dv3-A-lgcp-000009,3,A,lgcp,9,,,,3:1:5:9,,test,0,137.58832993766444,,,,,,,,,0.13155052153428912,1.0679035599565416,,,,,,,4.858490849635869,0.09104188365503899,256,0.3472456169922473,1.7726061756644766,,1,131,1,exact,,,2,5.259607685989825e-06,,,,0.011907500000233995,60c23d92754b0e023d1b3be40628b425bba5e730
dv3-A-lgcp-000010,3,A,lgcp,10,,,,3:1:5:10,,test,0,142.117546568874,,,,,,,,,0.10596404495365047,0.7002673470933087,,,,,,,4.903672485431538,0.058740822766556657,256,0.1930082740698934,1.1649025339533567,,1,131,1,exact,,,2,1.9577207279070057e-05,,,,0.016322249997756444,fb612d2d352a2e930dcc501c185ccdc11340de53
dv3-A-lgcp-000011,3,A,lgcp,11,,,,3:1:5:11,,test,0,178.11028529268103,,,,,,,,,0.34870992008723656,1.3375426031944495,,,,,,,5.008047978683801,0.10022201366284304,256,1.389253593116697,2.1783576938956815,,1,217,1,exact,,,2,3.943332912961121e-06,,,,0.012437125002179528,a8426ff4c167ed86de971c8bb35655dedc1a2392
dv3-A-lgcp-000012,3,A,lgcp,12,,,,3:1:5:12,,test,0,141.01086999644326,,,,,,,,,0.3198559555697136,0.6686206022645635,,,,,,,4.7889090017952185,0.05630584213813199,256,0.5722049493299589,1.0917503172301888,,1,137,1,exact,,,2,2.2228005578669608e-05,,,,0.015140792002057424,fa258180e2d1d588d9444d0155724f36b746f8cd
dv3-A-lgcp-000013,3,A,lgcp,13,,,,3:1:5:13,,test,0,465.0874318086375,,,,,,,,,0.22659288532651078,1.0419650797929167,,,,,,,6.028928970644461,0.048315431501833046,256,1.1853677162461356,1.7154224099380284,,1,446,1,exact,,,2,3.5177044712083224e-05,,,,0.021418915999674937,0e7a045a4763d6d45f7fbb506d6284c9b166e1e1
dv3-A-lgcp-000014,3,A,lgcp,14,,,,3:1:5:14,,test,0,423.8391616928172,,,,,,,,,0.5364019670373879,0.5858006637490613,,,,,,,5.781153064117155,0.028454392537314594,256,1.6221332613665174,0.9377352243978506,,1,423,1,exact,,,2,0.00017208585571071365,,,,0.017145958001492545,dba6212c13ee28f7e7af454786454dc53cfeb750
dv3-A-lgcp-000015,3,A,lgcp,15,,,,3:1:5:15,,test,0,717.518851779304,,,,,,,,,0.9389645154581765,0.9863691231648622,,,,,,,6.106316963816395,0.036823308876077675,256,6.521448745804525,1.5173975402439606,,1,770,1,exact,,,2,7.943764389410133e-05,,,,0.018123917001503287,38c9cd9a4515a8bf0639dcd97c852c09a1d86f10
dv3-A-lgcp-000016,3,A,lgcp,16,,,,3:1:5:16,,test,0,752.7975455672956,,,,,,,,,2.9414234056948336,0.9917550376635828,,,,,,,5.153084625013676,0.036146422282000275,1024,28.76024589620631,1.1634205372216224,,1,683,1,exact,,,2,1.3130659172634117e-06,,,,0.3694162909996521,6fabeba7367eec085cde5472750b321e2742d90f
dv3-A-lgcp-000017,3,A,lgcp,17,,,,3:1:5:17,,test,0,152.73744527131413,,,,,,,,,0.07095406566745477,1.6685505996035297,,,,,,,4.993243370490258,0.13501021233086918,256,0.28796907583128467,2.783874592753501,,1,152,1,exact,,,2,1.6174022075950538e-06,,,,0.02447629200105439,068379555e40b4727406d407b127d25876d17eed
dv3-A-lgcp-000018,3,A,lgcp,18,,,,3:1:5:18,,test,0,419.41032765652875,,,,,,,,,0.10537688687192892,1.7085466239752054,,,,,,,5.986161299565409,0.08342712440008569,256,0.7911974649476892,2.842327907306049,,1,415,1,exact,,,2,6.834718868869414e-06,,,,0.018201416998635978,1ed616e9032845aeddcea9cdc7269986f9b650ff
dv3-A-lgcp-000019,3,A,lgcp,19,,,,3:1:5:19,,test,0,435.2058165724096,,,,,,,,,1.945346999395434,0.5009054033916179,,,,,,,5.103145561040568,0.02401089623965503,512,6.266889785096667,0.6841560443294795,,1,496,1,exact,,,2,3.5826120544174955e-05,,,,0.08494020800208091,93aaf4124d0d660e5be38f0eb70179914ab45277
dv3-A-lgcp-000020,3,A,lgcp,20,,,,3:1:5:20,,test,0,528.9930658700763,,,,,,,,,0.9874579355488644,1.2662446829057212,,,,,,,5.777246356001882,0.05505447747619461,256,7.352517585249751,1.938111299852641,,1,564,1,exact,,,2,2.3778108856140432e-05,,,,0.02016833300149301,ab20964609722e22496842c8c78c750ef77d3831
dv3-A-lgcp-000021,3,A,lgcp,21,,,,3:1:5:21,,test,0,362.00226153254886,,,,,,,,,0.8135100704937654,1.9818109285044174,,,,,,,5.484895423886856,0.10416134450762606,256,6.958502679257162,3.0880836869089356,,1,326,1,exact,,,2,3.5130427161762727e-06,,,,0.01763904100153013,b8ed59563c174f6c707485761688e6ce824b6094
dv3-A-lgcp-000022,3,A,lgcp,22,,,,3:1:5:22,,test,0,743.5799679662891,,,,,,,,,0.29725490562220547,1.0325638523434315,,,,,,,6.462848863413352,0.0378663179032173,256,2.015993536572038,1.6894057554389328,,1,798,1,exact,,,2,7.305526862299961e-05,,,,0.0241628750009113,7ee010c6b53f5642921ba788f0b835329e0e4e50
dv3-A-lgcp-000023,3,A,lgcp,23,,,,3:1:5:23,,test,0,252.9486874300944,,,,,,,,,1.5624020018341414,0.8274594469294447,,,,,,,4.751985650758565,0.05202720596925185,256,5.798644772365744,1.1868133574503847,,1,214,1,exact,,,2,2.8173992410843312e-05,,,,0.018180957998993108,8158e4579e5efb0922b4b1ecc06b51a6d0bd0b56
dv3-A-lgcp-000024,3,A,lgcp,24,,,,3:1:5:24,,test,0,134.35233600555864,,,,,,,,,0.5175685033850901,0.8184934847291347,,,,,,,4.641681470680084,0.07061429308093212,256,1.1227312563370568,1.3125403929856965,,1,140,1,exact,,,2,1.1270132525405997e-05,,,,0.021732709003117634,2f140bc36e64652d2b78869b26cec5f44c0cb559
dv3-A-lgcp-000025,3,A,lgcp,25,,,,3:1:5:25,,test,0,356.10811384391025,,,,,,,,,0.6221293750058396,0.5047624495291816,,,,,,,5.564169687817245,0.026748295026189552,256,1.4936457330426083,0.8014586094113991,,1,379,1,exact,,,2,0.00020712752407892236,,,,0.04164258399760001,b5c0555cb40d417d4c1a65ce25f99b3f79d721be
dv3-A-lgcp-000026,3,A,lgcp,26,,,,3:1:5:26,,test,0,150.80774547774087,,,,,,,,,2.970713845618252,1.4771039169507751,,,,,,,3.530648894030206,0.12028160818892779,512,16.77663041441751,1.7240070093001787,,1,67,1,exact,,,2,2.8544363611062303e-07,,,,0.08086745900072856,5825cbeb790d6134e9652e00beca735bdf399fd3
dv3-A-lgcp-000027,3,A,lgcp,27,,,,3:1:5:27,,test,0,144.82334166389546,,,,,,,,,1.357409194590045,1.1673948762151667,,,,,,,4.296810069001671,0.09700597849323606,256,4.690327076437919,1.7155073161134926,,1,222,1,exact,,,2,4.348355573468015e-06,,,,0.023842250000598142,a014cc9438c0f503d35e9f46e6ff44aa18806c42
dv3-A-lgcp-000028,3,A,lgcp,28,,,,3:1:5:28,,test,0,583.979845056955,,,,,,,,,0.05843931055670645,0.6189858584868412,,,,,,,6.34064681506555,0.025614259074308827,256,0.20960749455407116,1.0338264907819659,,1,598,1,exact,,,2,0.0002358458623140042,,,,0.015522040997893782,0f39e1efe8cf2b0fcbb43cd8d07a8f16be143497
dv3-A-lgcp-000029,3,A,lgcp,29,,,,3:1:5:29,,test,0,466.4154967635415,,,,,,,,,1.3843546711791348,1.8170845013109918,,,,,,,5.452899525231657,0.08413731300606728,256,13.94379780742246,2.661925288492001,,1,423,1,exact,,,2,6.663142634054838e-06,,,,0.017336040997179225,76bdd3758455b627c49fbe64c7bf90d2fd3712ec
dv3-A-lgcp-000030,3,A,lgcp,30,,,,3:1:5:30,,test,0,130.06645007786994,,,,,,,,,0.9730904552332703,1.0548671616875693,,,,,,,4.381500246689168,0.09249433392128507,256,2.778908050729691,1.6170114277333207,,1,143,1,exact,,,2,5.0158046434106444e-06,,,,0.019799083998805145,1d5667a0c538ba82011e977954267368b3ba2444
dv3-A-lgcp-000031,3,A,lgcp,31,,,,3:1:5:31,,test,0,375.62731503593534,,,,,,,,,0.9198787484353643,0.6579627533634202,,,,,,,5.46865809421003,0.033948667002299295,256,3.0586729956782377,1.014190077279267,,1,376,1,exact,,,2,0.00010136181859482878,,,,0.023658250000153203,cfb8c0ef870dcf257a721681bd741048d0f42a0b
dv3-A-lgcp-000032,3,A,lgcp,32,,,,3:1:5:32,,test,0,341.6803684937864,,,,,,,,,0.1370845866569759,0.5440312671307403,,,,,,,5.765333411680454,0.029431598292453853,256,0.3259134577943309,0.9026072927629721,,1,317,1,exact,,,2,0.00015551942350195742,,,,0.023262124999746447,9474f2071bd93347353cd06f0aef2eb6a1577399
dv3-A-lgcp-000033,3,A,lgcp,33,,,,3:1:5:33,,test,0,280.9153269570778,,,,,,,,,0.34822687838773925,1.3150455139013593,,,,,,,5.463939857176723,0.07846086042673857,256,1.7601076765391785,2.1418112778600356,,1,288,1,exact,,,2,8.216141152838194e-06,,,,0.018623207997734426,b8b0c9ccec0fb8969f821a5eddb4579b4d3169ad
dv3-A-lgcp-000034,3,A,lgcp,34,,,,3:1:5:34,,test,0,298.1103701407481,,,,,,,,,0.0658181718579176,0.9350631568731089,,,,,,,5.664554701606381,0.05415672624033855,256,0.2444961894867012,1.5607695846888323,,1,296,1,exact,,,2,2.498007604051013e-05,,,,0.01605954200203996,bb089d5ace910084455b956be16031ac3dad927a
dv3-A-lgcp-000035,3,A,lgcp,35,,,,3:1:5:35,,test,0,454.0082143537466,,,,,,,,,2.638543952745167,0.8636504271259818,,,,,,,4.798843314795274,0.040532756233991316,1024,16.278542270715747,1.0654954541348516,,1,317,1,exact,,,2,9.312530353281135e-07,,,,0.46753720799824805,314751e14c58048e50fbf47d0e31f5d357190613
dv3-A-lgcp-000036,3,A,lgcp,36,,,,3:1:5:36,,test,0,525.8040570516886,,,,,,,,,1.6291212493209486,0.7036077304172516,,,,,,,5.450368003565387,0.030684470682115945,512,7.687904340493822,1.0009564228833587,,1,514,1,exact,,,2,1.7168570888880652e-05,,,,0.09916129199700663,71e007eeb4eecc3fcfa07dded89526f5fde71aa9
dv3-A-lgcp-000037,3,A,lgcp,37,,,,3:1:5:37,,test,0,540.5787130970352,,,,,,,,,0.059920173782726065,1.008361820149995,,,,,,,6.262680169736635,0.04336975047684058,256,0.3245930764068154,1.6839506425152824,,1,534,1,exact,,,2,4.863127647587208e-05,,,,0.012248499999259366,d989a4fe94756907fb99386311462f2c946d7cb9
dv3-A-lgcp-000038,3,A,lgcp,38,,,,3:1:5:38,,test,0,751.8731459715908,,,,,,,,,0.18416939679347033,1.7371774126494988,,,,,,,6.530482922455972,0.06335368588774519,256,1.9697981424621442,2.870529653978087,,1,785,1,exact,,,2,1.5605262273506007e-05,,,,0.029706375000387197,7b872042916e2b5148b72cbdf1c67eb6eb638a2d
dv3-A-lgcp-000039,3,A,lgcp,39,,,,3:1:5:39,,test,0,277.4479039425347,,,,,,,,,0.15814261618290912,1.7794128728428136,,,,,,,5.5465618739304725,0.10682822291786362,256,0.9968289150469614,2.946919456037158,,1,330,1,exact,,,2,3.2567709854338655e-06,,,,0.035512750000634696,c8de2d7625bab13b23e8a1e9c1bca8e326001184
dv3-A-lgcp-000040,3,A,lgcp,40,,,,3:1:5:40,,test,0,415.4924318574787,,,,,,,,,0.05650775867909763,1.2042222699222265,,,,,,,6.001210520247296,0.059077906297663504,256,0.3102745309677578,2.011610733135706,,1,411,1,exact,,,2,1.924406479022387e-05,,,,0.030031082998903003,6f0474bd9af3d0567221a8af17d8c1d743e127a3
dv3-A-lgcp-000041,3,A,lgcp,41,,,,3:1:5:41,,test,0,334.18906205602576,,,,,,,,,0.1682365303204228,1.2224319865881903,,,,,,,5.727588621728279,0.06686957909469911,256,0.8513692363377647,2.022736602401661,,1,338,1,exact,,,2,1.3271231844668683e-05,,,,0.03425766700092936,fea02eebf17f00c30add67f54fe6442eb67c8c21
dv3-A-lgcp-000042,3,A,lgcp,42,,,,3:1:5:42,,test,0,358.84988655724345,,,,,,,,,1.0577940310080742,0.7809649930560288,,,,,,,5.35400714224337,0.041226376042723216,256,4.124564635011198,1.1864670538372741,,1,407,1,exact,,,2,5.6614617533238545e-05,,,,0.024337625000043772,10b51c2b88e1a8a2b78bc2ee69b80ee666e7be77
dv3-A-lgcp-000043,3,A,lgcp,43,,,,3:1:5:43,,test,0,306.8092563249036,,,,,,,,,1.826219508525936,1.6972067002657445,,,,,,,4.813116485325544,0.09689480847588659,256,14.862077584688109,2.3548652712662332,,1,356,1,exact,,,2,4.363329747251868e-06,,,,0.027600666999205714,fd1e8ce27de2acb3e1160dd01ae8e1fdf029a376
dv3-A-lgcp-000044,3,A,lgcp,44,,,,3:1:5:44,,test,0,350.6973002115774,,,,,,,,,0.22360212432611892,0.6016426763343319,,,,,,,5.748122396668803,0.032127166439899886,256,0.6022244906827945,0.990763202897085,,1,360,1,exact,,,2,0.00011958713041549228,,,,0.022812083003373118,29fdaa2de87bcf733e0ee064d6c0d45cc0587d6a
dv3-A-lgcp-000045,3,A,lgcp,45,,,,3:1:5:45,,test,0,222.30898528729003,,,,,,,,,0.14122468885415151,0.7103189143403073,,,,,,,5.333455895372152,0.047640342052945074,256,0.349600859082467,1.17807959817047,,1,232,1,exact,,,2,3.6693365599654774e-05,,,,0.02427262499986682,937a8fa67bdc837092effa5e1b5be9b4479c6953
dv3-A-lgcp-000046,3,A,lgcp,46,,,,3:1:5:46,,test,0,617.2985673013904,,,,,,,,,1.4516366387830066,1.1345558930071256,,,,,,,5.699534489094249,0.04566445317692639,512,11.39181893219242,1.649015484652748,,1,717,1,exact,,,2,5.209676136447699e-06,,,,0.09763129199927789,13486f719234b812d764d1f5c5e9adf79faccd41
dv3-A-lgcp-000047,3,A,lgcp,47,,,,3:1:5:47,,test,0,704.1834098899653,,,,,,,,,2.2100288355241773,1.5747294571288355,,,,,,,5.452024429876984,0.05934211993392601,512,28.179751942028517,2.0732613172377112,,1,652,1,exact,,,2,2.3739677929025213e-06,,,,0.07086229099877528,55dc2e629c3866fd90d3478147654b7230bddea0
dv3-A-lgcp-000048,3,A,lgcp,48,,,,3:1:5:48,,test,0,379.98560288652106,,,,,,,,,1.054843599056048,1.67591667972227,,,,,,,5.412711565333938,0.0859743403410665,256,8.388493215365767,2.546909252981747,,1,466,1,exact,,,2,6.24518913453257e-06,,,,0.017994374997215346,2963bff3f0df05476c74edd82d2d053dd795b31b
dv3-A-lgcp-000049,3,A,lgcp,49,,,,3:1:5:49,,test,0,129.74812407933686,,,,,,,,,0.34687045395302896,1.573049403762691,,,,,,,4.692159837002245,0.13809940858955988,256,1.2809753082910802,2.5623337202396415,,1,103,1,exact,,,2,1.5120126883886053e-06,,,,0.018473249998351093,67a3322bcd8af9588a5b5f2d7a4e5c10352b0953
dv3-A-lgcp-000050,3,A,lgcp,50,,,,3:1:5:50,,test,0,442.8238223937424,,,,,,,,,0.09490598146086171,0.5740460561344211,,,,,,,6.045719008100775,0.02727917609854969,256,0.27205662165469807,0.9558270709686063,,1,458,1,exact,,,2,0.00019527859278051238,,,,0.020362916999147274,2e7ba0c6590a1a0098c65e5205dff324efd98937
dv3-A-lgcp-000051,3,A,lgcp,51,,,,3:1:5:51,,test,0,150.42905213069676,,,,,,,,,0.322684439519814,0.5962407183930658,,,,,,,4.852149338864341,0.04861337487007067,256,0.5367405584495649,0.9733197991374952,,2,181,1,exact,,,2,3.453438022918229e-05,,,,0.01689641600023606,6a6b6740a0264dfeb8aa081e9fadbc648218cacf
dv3-A-lgcp-000052,3,A,lgcp,52,,,,3:1:5:52,,test,0,148.29248830607372,,,,,,,,,0.14403296679288133,1.663986473273704,,,,,,,4.927170112448903,0.13664388942317351,256,0.5746745475644021,2.759095234280623,,1,136,1,exact,,,2,1.5604756984043111e-06,,,,0.022568833999685012,ec68981e436faf65cc87154a7e6a3595b9001a12
dv3-A-lgcp-000053,3,A,lgcp,53,,,,3:1:5:53,,test,0,286.56265691317043,,,,,,,,,1.047170947005301,0.6751404687763675,,,,,,,5.134371736518481,0.03988268086394497,256,3.1858333741508185,1.0268589870769707,,1,312,1,exact,,,2,6.252951564835218e-05,,,,0.019389208002394298,5e4dd8cb53feb9547095752d67a675eb248f9581
dv3-A-lgcp-000054,3,A,lgcp,54,,,,3:1:5:54,,test,0,102.25150968131564,,,,,,,,,1.8201901610837397,0.6206799906877423,,,,,,,3.7173404788814897,0.06138084749845871,256,3.2081894288412647,0.8618651230307517,,1,167,1,exact,,,2,1.7158593523332638e-05,,,,0.020626833000278566,f1b085c57610f6e4efd7246a6c0e64efd55047fb
dv3-A-lgcp-000055,3,A,lgcp,55,,,,3:1:5:55,,test,0,638.451348333885,,,,,,,,,0.14597083085845772,1.2744080785002474,,,,,,,6.386060060325652,0.05043646169068693,256,1.0779961662852473,2.11277555629869,,1,702,1,exact,,,2,3.092408504884523e-05,,,,0.020518499997706385,d7f2615eec4f99cd2685c81586cbe89f93e09b0d
dv3-A-lgcp-000056,3,A,lgcp,56,,,,3:1:5:56,,test,0,163.93040532114404,,,,,,,,,0.356971400805929,0.8385418360224945,,,,,,,4.920956279558081,0.06549301422651026,256,0.8745397776994087,1.3646573749476985,,1,117,1,exact,,,2,1.4125642015264127e-05,,,,0.02436666700305068,58c43dcf4490d2fd705fb4c3afbd83f1fb3aa554
dv3-A-lgcp-000057,3,A,lgcp,57,,,,3:1:5:57,,test,0,147.59630021077714,,,,,,,,,0.09744271716135863,1.4650751878915806,,,,,,,4.945759486948879,0.12059302178772417,256,0.3453690755881978,2.438929560953914,,1,121,1,exact,,,2,2.265861960836113e-06,,,,0.022022541001206264,692be41071647e95c29b9f9f05d7dbc4ab06808a
dv3-A-lgcp-000058,3,A,lgcp,58,,,,3:1:5:58,,test,0,311.99537900793575,,,,,,,,,2.710998733938553,0.7394736134386479,,,,,,,4.387489009858523,0.04186475952057023,512,12.015630214902636,0.9016777187310066,,1,244,1,exact,,,2,6.7606914926561595e-06,,,,0.1093466249985795,4ac610f5d924a0a39a13ac0ef569ccc156efecb2
dv3-A-lgcp-000059,3,A,lgcp,59,,,,3:1:5:59,,test,0,399.02911852631246,,,,,,,,,0.6376327766486377,0.7186391417657995,,,,,,,5.670218004665412,0.035975643720975066,256,2.291287006862053,1.1393508545801134,,1,395,1,exact,,,2,8.5183406623132e-05,,,,0.028378541999700246,d25d49a4259a858e2ef75556450a4a0464f1b33b
dv3-A-lgcp-000060,3,A,lgcp,60,,,,3:1:5:60,,test,0,106.11979726431436,,,,,,,,,0.5451554865671984,0.913351895034431,,,,,,,4.391990875546067,0.08866249092050447,256,1.1716397262582727,1.4608673516685122,,1,113,1,exact,,,2,5.6943542540730044e-06,,,,0.026472500001545995,d025c3b9e349a566f80668ded141bc4ca4d155fa
dv3-A-lgcp-000061,3,A,lgcp,61,,,,3:1:5:61,,test,0,171.34819572938065,,,,,,,,,2.17676828573418,0.7915726139293698,,,,,,,4.055313575660014,0.060471534974035665,256,6.805306242899782,1.0471371596945638,,1,134,1,exact,,,2,1.7944204316466188e-05,,,,0.023443083999154624,88c78aaa9bd45a2188cc68cfabdc334d3644e604
dv3-A-lgcp-000062,3,A,lgcp,62,,,,3:1:5:62,,test,0,164.82114189408298,,,,,,,,,0.14280117491973335,1.304068322328315,,,,,,,5.033460309979529,0.10157665009360223,256,0.5097874596170611,2.162534412226555,,1,141,1,exact,,,2,3.78779979192615e-06,,,,0.01883879200249794,8d6b9438bf17337c2e0017adef68cc8e35e0d53c
dv3-A-lgcp-000063,3,A,lgcp,63,,,,3:1:5:63,,test,0,257.8392289924425,,,,,,,,,1.9604376309058893,1.045398741214685,,,,,,,4.572117431793958,0.06510397052592641,256,9.672070373616911,1.4249542512265847,,1,205,1,exact,,,2,1.4380354009731886e-05,,,,0.02110875000289525,9ca8ef43e3b7a187ec47dcc5480492b3a73737d7
dv3-A-lgcp-000064,3,A,lgcp,64,,,,3:1:5:64,,test,0,749.0420994747085,,,,,,,,,0.08858874440236157,0.8562783674998505,,,,,,,6.574500817312832,0.031286851336740265,256,0.49295805745846444,1.4265254636914464,,1,733,1,exact,,,2,0.00012947763209919197,,,,0.01956804200017359,ccb45aae9d7a363b1238b67a882ac25964304ad4
dv3-A-lgcp-000065,3,A,lgcp,65,,,,3:1:5:65,,test,0,577.9496312851854,,,,,,,,,0.5811828775371238,0.611525521361829,,,,,,,6.068895283001419,0.025437216776328292,256,2.191179680256315,0.9747806805544836,,1,607,1,exact,,,2,0.00024079974477344516,,,,0.020410624998476123,8609fe1827b0d2f97ab87068ed89c847361094dc
dv3-A-lgcp-000066,3,A,lgcp,66,,,,3:1:5:66,,test,0,248.24031269156058,,,,,,,,,0.18542168805696693,0.6891379363152713,,,,,,,5.421686435744913,0.043739116184777736,256,0.477143900916807,1.1386153184719343,,1,258,1,exact,,,2,4.740999935935353e-05,,,,0.017411540997272823,1aad65c47ded0a2773a916733d4eab201e511704
dv3-A-lgcp-000067,3,A,lgcp,67,,,,3:1:5:67,,test,0,110.11681668018147,,,,,,,,,1.8823759300182215,1.3141332810071662,,,,,,,3.7603538071120934,0.12523121383228228,256,6.912943248893084,1.8099906699123967,,2,107,1,exact,,,2,2.02417437393687e-06,,,,0.019250624998676358,d848546f8123624cf5f69675de67e637fa50a0fb
dv3-A-lgcp-000068,3,A,lgcp,68,,,,3:1:5:68,,test,0,355.7992345602636,,,,,,,,,0.0815857582747796,0.5984172741217901,,,,,,,5.833573744771805,0.03172499898069815,256,0.21624290366774873,0.997528757599269,,1,348,1,exact,,,2,0.0001241900627251262,,,,0.02036420799777261,2841f6741ebde603cac775c6e6ab88149a62021b
dv3-A-lgcp-000069,3,A,lgcp,69,,,,3:1:5:69,,test,0,681.2250335726691,,,,,,,,,0.13792564081170347,0.6372993519329382,,,,,,,6.454929876933325,0.02441733026028373,256,0.5574078972208982,1.0572732351043634,,1,688,1,exact,,,2,0.0002722169990700845,,,,0.01787004200014053,2d78b995477dfbb49adcb0a5f8e51a3e1de40811
dv3-A-lgcp-000070,3,A,lgcp,70,,,,3:1:5:70,,test,0,155.73366209192707,,,,,,,,,0.06058292546235015,1.5897483289312377,,,,,,,5.017855791147995,0.1273905254763962,256,0.24007520059430848,2.6547105999728027,,1,166,1,exact,,,2,1.923421850500309e-06,,,,0.018665625000721775,a155b9a2cf1b72ec994088a0d5929197224e2178
dv3-A-lgcp-000071,3,A,lgcp,71,,,,3:1:5:71,,test,0,407.2407677273645,,,,,,,,,0.1715853077946959,1.4690626956987147,,,,,,,5.923611923536227,0.07279720529894282,256,1.1212904050041153,2.4301311724919046,,1,426,1,exact,,,2,1.0286514822917547e-05,,,,0.017383166999934474,9db3f4759e176194d5b5e7ede66db6d2ca5b85ed
dv3-A-lgcp-000072,3,A,lgcp,72,,,,3:1:5:72,,test,0,357.93417843055,,,,,,,,,0.160539274648876,0.5318047980066014,,,,,,,5.800079473039558,0.028109341133748886,256,0.38311477552333506,0.8805507235865433,,1,383,1,exact,,,2,0.0001784960452068208,,,,0.02053262499975972,825e68d7423d2d26def356b7223138e29292dffe
dv3-A-lgcp-000073,3,A,lgcp,73,,,,3:1:5:73,,test,0,644.2233491850743,,,,,,,,,2.385254072112001,0.5813144490993706,,,,,,,5.275418445426531,0.022903027113453756,1024,11.773700746060682,0.7459088161667728,,1,617,1,exact,,,2,5.161514352327468e-06,,,,0.35991166699750465,13ab7bfed7a60b72a8d57548cf43f7329a1159bb
dv3-A-lgcp-000074,3,A,lgcp,74,,,,3:1:5:74,,test,0,496.0985379338928,,,,,,,,,0.17317967813473611,1.0410347419958401,,,,,,,6.1201847331155435,0.046739197318954685,256,0.934493326397353,1.7218485359719526,,1,513,1,exact,,,2,3.8856323078773704e-05,,,,0.019812667000223882,d4467732756ca5578899a528cd1e5f7d92313ed5
dv3-A-lgcp-000075,3,A,lgcp,75,,,,3:1:5:75,,test,0,126.94643213412111,,,,,,,,,0.6531592750471557,1.1573269965545692,,,,,,,4.517185565735291,0.10271782956974942,256,1.914024082148607,1.832111191719886,,2,115,1,exact,,,2,3.663073937414167e-06,,,,0.017626707998715574,a81eaa1f725a2af5a83619dc8d07d85f549afb0b
dv3-A-lgcp-000076,3,A,lgcp,76,,,,3:1:5:76,,test,0,292.8037174988571,,,,,,,,,0.20036298077847153,0.7988400057430277,,,,,,,5.5793209879932,0.04668437113220241,256,0.6455181547071398,1.318162157584364,,1,322,1,exact,,,2,3.8993344851746325e-05,,,,0.017058000001270557,5a5e4083e90fa8c83aff8e1cb632d434ad5512d8
dv3-A-lgcp-000077,3,A,lgcp,77,,,,3:1:5:77,,test,0,197.81517128325441,,,,,,,,,0.05055969030164218,0.8809353837471764,,,,,,,5.262053271214053,0.06263459247004553,256,0.14258811915474323,1.4723050949918222,,1,185,1,exact,,,2,1.6148853397986862e-05,,,,0.019005417001608294,70cec977eb597922ecc712796c1402fe49a00e81
dv3-A-lgcp-000078,3,A,lgcp,78,,,,3:1:5:78,,test,0,438.5868186141579,,,,,,,,,0.07678655555609548,1.6281441494233753,,,,,,,6.045164504434837,0.07774367485541386,256,0.5643470518692854,2.7151252256565117,,1,400,1,exact,,,2,8.445588721108255e-06,,,,0.017483916999481153,1ceb45f261c7856e86afef704cb3956ff4acaf6d
dv3-A-lgcp-000079,3,A,lgcp,79,,,,3:1:5:79,,test,0,360.2307362163624,,,,,,,,,0.23958212292134276,1.031866590991903,,,,,,,5.766953698613392,0.05436672453428207,256,1.0858370323895061,1.6968692387396553,,1,376,1,exact,,,2,2.4691784673635324e-05,,,,0.02001600000221515,5e9be09ab9b5ae73cdf4e07bb1926e7cd6c92514
dv3-A-lgcp-000080,3,A,lgcp,80,,,,3:1:5:80,,test,0,150.64598789405693,,,,,,,,,0.41801480392362844,0.7658969766629661,,,,,,,4.805925231292099,0.062401002992894535,256,0.8868610095362015,1.2395530534130565,,1,124,1,exact,,,2,1.6330857756815328e-05,,,,0.020586165999702644,f66fbeaf0b7d2197b9fd3fa059fe590a24533378
dv3-A-lgcp-000081,3,A,lgcp,81,,,,3:1:5:81,,test,0,327.23339089148726,,,,,,,,,0.9597942112644703,0.5903190057961538,,,,,,,5.310776544291425,0.03263307203081753,256,2.693472475508194,0.9061611804096498,,1,395,1,exact,,,2,0.0001141142543968491,,,,0.01653950000036275,faabb4b86f8a6b02f7156a71a9895cb49d3e7eec
dv3-A-lgcp-000082,3,A,lgcp,82,,,,3:1:5:82,,test,0,602.9306855387924,,,,,,,,,0.36992467327934253,0.9331583122543305,,,,,,,6.216839904125094,0.038003328460017236,256,2.0631076193326368,1.5168652575883133,,1,521,1,exact,,,2,7.226830449718187e-05,,,,0.015381957997306017,cd2f5213468fe029a80a7297b1bc6cf7e8e63f95
dv3-A-lgcp-000083,3,A,lgcp,83,,,,3:1:5:83,,test,0,620.5738340369113,,,,,,,,,0.08316688185088972,0.669349120182005,,,,,,,6.389061147835993,0.02686927615308425,256,0.33192460062823764,1.1156194282262366,,1,593,1,exact,,,2,0.0002043447199429016,,,,0.02081750000070315,4feb3b4006c2433a19fcac9b794c3548e0455b77
dv3-A-lgcp-000084,3,A,lgcp,84,,,,3:1:5:84,,test,0,199.86215619714218,,,,,,,,,0.11102042981072882,0.6825135377060019,,,,,,,5.24211769500777,0.04827763487592488,256,0.24889037719356027,1.1348816816623641,,1,182,1,exact,,,2,3.525970860446343e-05,,,,0.019679791999806184,aba063e894d369ef6d3a7a12f56e73f8bc9910f7
dv3-A-lgcp-000085,3,A,lgcp,85,,,,3:1:5:85,,test,0,735.4088436131108,,,,,,,,,0.05847228397888983,1.3918011435448587,,,,,,,6.571190452387566,0.05132308632901023,256,0.5001613223276946,2.324571542264931,,1,743,1,exact,,,2,2.934929272553434e-05,,,,0.0264699590006785,0e96c19cdcbd1c9eb308c333efebbdc6cdb69f71
dv3-A-lgcp-000086,3,A,lgcp,86,,,,3:1:5:86,,test,0,111.84591031357327,,,,,,,,,1.745779862146775,1.1427612106612741,,,,,,,3.8442321921672105,0.10805514144806078,256,5.598275827254193,1.6020748473483344,,1,170,1,exact,,,2,3.147246216930989e-06,,,,0.015263583001797087,69d847b4dca2ca1963bd6d63dca28169fedd7ad2
dv3-A-lgcp-000087,3,A,lgcp,87,,,,3:1:5:87,,test,0,537.8066558799687,,,,,,,,,0.1399529345666391,0.5092315775910641,,,,,,,6.217522652599757,0.02195847827523167,256,0.4003575469311111,0.8446636764873647,,1,552,1,exact,,,2,0.00037414137886742374,,,,0.015830291002203012,b2c3845f3583694e3b64207a536fb3e0490da2e2
dv3-A-lgcp-000088,3,A,lgcp,88,,,,3:1:5:88,,test,0,378.8220261918602,,,,,,,,,0.07738270145012385,1.3671494805097533,,,,,,,5.898375156182171,0.07024224611988059,256,0.44909643128133603,2.2797708595011885,,1,322,1,exact,,,2,1.1450138756702406e-05,,,,0.017772625000361586,78c402395dc103cce93e5895de20103d40303958
dv3-A-lgcp-000089,3,A,lgcp,89,,,,3:1:5:89,,test,0,207.67199628856892,,,,,,,,,0.6399428347703016,1.4992483052503474,,,,,,,5.015988476715795,0.10403622799609057,256,3.1832440279894585,2.376421646392555,,1,232,1,exact,,,2,3.5257179193120015e-06,,,,0.015558750001218868,41e08abe3bee200b9ca0ea58fcdc886d7ba4ec32
dv3-A-lgcp-000090,3,A,lgcp,90,,,,3:1:5:90,,test,0,281.7667416576875,,,,,,,,,0.2238846609508388,1.2872624753978044,,,,,,,5.529137240937138,0.07668708759207515,256,1.0948012690243507,2.119764631379035,,1,296,1,exact,,,2,8.799450852985142e-06,,,,0.018836833998648217,0739ba9c6a78497470f0af68db8d44dab46ece85
dv3-A-lgcp-000091,3,A,lgcp,91,,,,3:1:5:91,,test,0,145.91810704445007,,,,,,,,,1.7897904641699007,1.1804364576228419,,,,,,,4.088150321599704,0.09772102657165353,256,6.69250464220936,1.6455898385880359,,1,104,1,exact,,,2,4.253662760149539e-06,,,,0.02085116599846515,c7d05c861a0ca42f5a138faef98763f80c4911ec
dv3-A-lgcp-000092,3,A,lgcp,92,,,,3:1:5:92,,test,0,307.8825329331903,,,,,,,,,2.8092597410644706,0.6300251909291008,,,,,,,4.32508845311443,0.03590586463161739,512,10.75358803566474,0.7558599991945946,,1,322,1,exact,,,2,1.0715718325772123e-05,,,,0.07818520799992257,f0d76824a8745e9828acec9d7e55eda5a50b87f1
dv3-A-lgcp-000093,3,A,lgcp,93,,,,3:1:5:93,,test,0,524.0868851991311,,,,,,,,,0.20690731395565476,1.6449122902211575,,,,,,,6.158203825046739,0.07185237031499622,256,1.7368458162011833,2.7127206332700307,,1,478,1,exact,,,2,1.069760859044725e-05,,,,0.022592124998482177,8ae751b56e9a5eeb01e71a38d53c61c1312e8e68
dv3-A-lgcp-000094,3,A,lgcp,94,,,,3:1:5:94,,test,0,250.40004771744654,,,,,,,,,1.2124773102794804,1.7274943577312052,,,,,,,4.9168211746510675,0.10916902558589742,256,8.171624458316037,2.5805817504556634,,1,354,1,exact,,,2,3.0520380733827218e-06,,,,0.019573249999666587,671cd4cc325c6d031072d20b3d28ff400ad18f4c
dv3-A-lgcp-000095,3,A,lgcp,95,,,,3:1:5:95,,test,0,269.6948399247634,,,,,,,,,0.05274768932389082,1.6191058423475226,,,,,,,5.570917252652444,0.09859137449556653,256,0.29872629831626735,2.7055116389606506,,1,241,1,exact,,,2,4.142083015150003e-06,,,,0.017473292002250673,efc26ac98a2ebb5317ff12946c4e3573c94132f5
dv3-A-lgcp-000096,3,A,lgcp,96,,,,3:1:5:96,,test,0,359.25492466391086,,,,,,,,,1.0389356267611085,0.8808398229882454,,,,,,,5.3645644196653075,0.04647245075581232,256,4.52787457734927,1.3408943072112411,,1,325,1,exact,,,2,3.952907570306621e-05,,,,0.01977712499865447,ca9c9e0811215b9767e82869f1ed719367b84e24
dv3-A-lgcp-000097,3,A,lgcp,97,,,,3:1:5:97,,test,0,409.16397311932843,,,,,,,,,0.08210982753156594,1.3376515907921962,,,,,,,5.973061074205364,0.06612935957278353,256,0.4915389421820472,2.229693225896855,,1,440,1,exact,,,2,1.3721828682413821e-05,,,,0.018238791002659127,b418110e91e935023232d1c4e2e580dedb58180e
dv3-A-lgcp-000098,3,A,lgcp,98,,,,3:1:5:98,,test,0,206.4802138513595,,,,,,,,,0.14520259716593606,1.307237984245709,,,,,,,5.2576032925269685,0.09097361194550617,256,0.6003228225640889,2.1673451289806205,,1,201,1,exact,,,2,5.271453059615274e-06,,,,0.014821749999100575,c6c2e37f7cc28e30846ab27f548766adf374a319
dv3-A-lgcp-000099,3,A,lgcp,99,,,,3:1:5:99,,test,0,478.65011037202623,,,,,,,,,0.1794383192206278,1.1993435588582095,,,,,,,6.081250712372278,0.05481943124257173,256,1.0781257852776476,1.9826173705146997,,1,527,1,exact,,,2,2.408521735938901e-05,,,,0.021330333001969848,47a6fc0334ff42f383062d4b6449aa8b24fca9ea
dv3-A-lgcp-000100,3,A,lgcp,100,,,,3:1:5:100,,test,0,557.1401995723961,,,,,,,,,2.2501057371468076,0.9464239056040358,,,,,,,5.197764044479381,0.04009622199689384,512,16.064509109129386,1.2388603967205747,,1,472,1,exact,,,2,7.695231527301407e-06,,,,0.11332316700281808,5ee45b8ffa3305e5a31ee17045fd0e24835ff993
dv3-A-lgcp-000101,3,A,lgcp,101,,,,3:1:5:101,,test,0,406.51745098602703,,,,,,,,,0.05779215792333099,1.5280426817901072,,,,,,,5.978730778959665,0.07578720458745927,256,0.3853276344516644,2.552266333427552,,1,386,1,exact,,,2,9.116587247889492e-06,,,,0.013563708998844959,1a6bfcac428136d21e753098d03167d3b069c9e3
dv3-A-lgcp-000102,3,A,lgcp,102,,,,3:1:5:102,,test,0,432.66333072344656,,,,,,,,,0.4235600436118701,1.1848044408961333,,,,,,,5.858179876567925,0.05696021615678632,256,2.450367058714082,1.9165550371533633,,1,458,1,exact,,,2,2.1470827460159764e-05,,,,0.01873975000125938,3ed215ff82b3f57d4dc860841fc0b15e0ca8f0ef
dv3-A-lgcp-000103,3,A,lgcp,103,,,,3:1:5:103,,test,0,153.79752449879047,,,,,,,,,1.2086045757802764,1.2128048228424355,,,,,,,4.431334673465332,0.09779490805622441,256,4.401333058837119,1.8125030774931579,,1,163,1,exact,,,2,4.244036263481909e-06,,,,0.011448958000983112,1a7b22c287f1c07507eedee34c7d076e47940c4f
dv3-A-lgcp-000104,3,A,lgcp,104,,,,3:1:5:104,,test,0,475.13882353899584,,,,,,,,,0.4472313543004253,1.1896768512828064,,,,,,,5.939991344266867,0.05457814265759134,256,2.752420698140672,1.9202624513609778,,1,462,1,exact,,,2,2.4406007784610792e-05,,,,0.0192759580022539,31aab6f86f9895a3edaa2bf3fa048ecf0294bb9d
dv3-A-lgcp-000105,3,A,lgcp,105,,,,3:1:5:105,,test,0,430.29477037202497,,,,,,,,,0.08799569118347784,0.7834275490225867,,,,,,,6.020472640732587,0.03776728846435933,256,0.3313684986030438,1.305224311064752,,1,467,1,exact,,,2,7.363120306443598e-05,,,,0.02030041699981666,edf7be53a165f24512ebad4d0c8deb6e36bea023
dv3-A-lgcp-000106,3,A,lgcp,106,,,,3:1:5:106,,test,0,240.11251510230773,,,,,,,,,2.450661192505131,0.6226531613245687,,,,,,,4.255777030157262,0.04018267076384525,512,7.7752853148204,0.7910790480122524,,1,284,1,exact,,,2,7.645676330535895e-06,,,,0.07564524999907007,1f7e98b892666255fc178c3507c622d174dbff57
dv3-A-lgcp-000107,3,A,lgcp,107,,,,3:1:5:107,,test,0,134.28040235441213,,,,,,,,,1.4435209891185106,0.7637995882862437,,,,,,,4.178169673931856,0.06591330721263448,256,3.346755773918578,1.1112048651013788,,2,102,1,exact,,,2,1.3857185270607114e-05,,,,0.020726375001686392,9daae18049a61141df72b89e00143e4d50f42856
dv3-A-lgcp-000108,3,A,lgcp,108,,,,3:1:5:108,,test,0,374.6974380001573,,,,,,,,,0.13809017087621436,1.2493695752677771,,,,,,,5.857073782868603,0.06454321046152756,256,0.7453470025099095,2.072662451422499,,1,395,1,exact,,,2,1.4758379092238163e-05,,,,0.019846625000354834,bd0b3c1978c6e06d5864116e3d98c19819f592ab
dv3-A-lgcp-000109,3,A,lgcp,109,,,,3:1:5:109,,test,0,551.2375465257754,,,,,,,,,0.3409692444447818,1.0777461268620743,,,,,,,6.141681212947015,0.045903634746599295,256,2.057668179950345,1.7564662122710433,,1,524,1,exact,,,2,4.101640921484796e-05,,,,0.014235582999390317,98be69b79b463132dcf66c4b839adbed26e6cb85
dv3-A-lgcp-000110,3,A,lgcp,110,,,,3:1:5:110,,test,0,107.89344458495742,,,,,,,,,0.126565514406162,1.4550482176098243,,,,,,,4.61786135867374,0.14008120082571068,256,0.3872788806926557,2.4162522077554303,,1,116,1,exact,,,2,1.4492401857758913e-06,,,,0.015655667000828544,090874f4bc2f6c79196e27147ad2c412ff482b78
dv3-A-lgcp-000111,3,A,lgcp,111,,,,3:1:5:111,,test,0,105.03433997404386,,,,,,,,,0.3473166243528605,1.1985943467320117,,,,,,,4.480629031884606,0.11695170823013062,256,0.9152301608503721,1.952307181279304,,3,127,1,exact,,,2,2.483477839568047e-06,,,,0.015897166002105223,491a4def8e61c08d5c882f22133b3d60a228d0a7
dv3-A-lgcp-000112,3,A,lgcp,112,,,,3:1:5:112,,test,0,118.05992737435724,,,,,,,,,0.2082105535932288,0.5381883580707111,,,,,,,4.6670870778569835,0.04953167824844308,256,0.27435070089692354,0.8874572651924054,,2,124,1,exact,,,2,3.264945356706054e-05,,,,0.022249249999731546,d18437a32c29e73a7c9e7f9a8bab0d90cd6a163f
dv3-A-lgcp-000113,3,A,lgcp,113,,,,3:1:5:113,,test,0,475.01495490479283,,,,,,,,,0.1519764368420753,0.7969647059090902,,,,,,,6.087358069128083,0.0365666729467948,256,0.6235977474981709,1.320566980453188,,1,485,1,exact,,,2,8.112118642263555e-05,,,,0.019885249999788357,2d1e7cbea08a2ef393e52ce777d3eaa75833c19b
dv3-A-lgcp-000114,3,A,lgcp,114,,,,3:1:5:114,,test,0,169.67596935831855,,,,,,,,,0.14392164219083764,0.8275399236763005,,,,,,,5.0619297345078085,0.063529989780683,256,0.3474209605827083,1.3721765485145472,,1,190,1,exact,,,2,1.547572215479787e-05,,,,0.020709207998152124,0551e2973bc570deca4050660738cb7be741c360
dv3-A-lgcp-000115,3,A,lgcp,115,,,,3:1:5:115,,test,0,100.84244107873576,,,,,,,,,1.0278064105446845,0.8274494908980378,,,,,,,4.099656104199203,0.08239859719704933,256,2.098941418975869,1.2611090798403812,,1,118,1,exact,,,2,7.093809424147774e-06,,,,0.017077833002986154,0aa247a3c8673ed898ff9bc55e77ab2f6194a51c
dv3-A-lgcp-000116,3,A,lgcp,116,,,,3:1:5:116,,test,0,440.533698207009,,,,,,,,,0.06080980296967529,0.845396193017042,,,,,,,6.057582040867833,0.04027826179125421,256,0.2472870309248488,1.4116948289384528,,1,412,1,exact,,,2,6.0705886380501646e-05,,,,0.019610250001278473,80fabdd74deec50ce3ba994562ff653182359de1
dv3-A-lgcp-000117,3,A,lgcp,117,,,,3:1:5:117,,test,0,234.79406138169497,,,,,,,,,1.4830091349377534,1.1170314347290975,,,,,,,4.717204227923707,0.07289904531261576,256,6.9499226003491135,1.6175155212100245,,1,197,1,exact,,,2,1.0243470250224228e-05,,,,0.01845599999796832,3d7b42e8902a747d1555d9fe715d126c2ddad2c9
dv3-A-lgcp-000118,3,A,lgcp,118,,,,3:1:5:118,,test,0,128.14376614029294,,,,,,,,,2.4099797488661276,0.8693890396319219,,,,,,,3.6481629321707336,0.07680074252143501,256,7.161939504941219,1.1114024535283782,,1,89,1,exact,,,2,8.760448615736492e-06,,,,0.014714207998622442,2f23b9a7d602ea4e10065bf1c40c454006e2696a
dv3-A-lgcp-000119,3,A,lgcp,119,,,,3:1:5:119,,test,0,117.31873171846708,,,,,,,,,0.10990840595556142,0.7598746022194662,,,,,,,4.709940230626966,0.07015493868026884,256,0.19802280091098284,1.263636777924221,,1,146,1,exact,,,2,1.149293497271123e-05,,,,0.014136249999864958,5cebd473751602067b8a3c05413e95133e9cea8c
dv3-A-lgcp-000120,3,A,lgcp,120,,,,3:1:5:120,,test,0,107.27227269769803,,,,,,,,,0.05621270382017558,1.2492370152933485,,,,,,,4.6472638551784415,0.12061493944598867,256,0.14946986111386187,2.0868579056607435,,1,107,1,exact,,,2,2.264631064469593e-06,,,,0.016269083000224782,ca402251984ce1093d5c62981808bb5469d54c4d
dv3-A-lgcp-000121,3,A,lgcp,121,,,,3:1:5:121,,test,0,101.374326026759,,,,,,,,,0.5323982971939627,0.5281715264334417,,,,,,,4.352620715498459,0.0524579113536785,256,0.6639124501704412,0.8458020167336967,,1,104,1,exact,,,2,2.748585602786829e-05,,,,0.021532582999498118,8dadfc12a8b5c6a8597904c9227e56bf06f58fba
dv3-A-lgcp-000122,3,A,lgcp,122,,,,3:1:5:122,,test,0,270.67576274914387,,,,,,,,,0.2483915888722429,1.1464774618357887,,,,,,,5.476725862708819,0.06968524589982525,256,1.0759975802071933,1.8838879275890814,,1,256,1,exact,,,2,1.1726866462922333e-05,,,,0.021799707999889506,e30685ea31f1a53d7428dee8c0efabc35c209082
dv3-A-lgcp-000123,3,A,lgcp,123,,,,3:1:5:123,,test,0,151.69725786610294,,,,,,,,,2.616007686720081,1.5060432854563397,,,,,,,3.713882966800109,0.12227807384189786,256,14.218593880307182,1.8647209852629107,,1,88,1,exact,,,2,2.173788123033679e-06,,,,0.016302708001603605,337182b1b51c3ec6645b2c22db4c9000ebd06c3d
dv3-A-lgcp-000124,3,A,lgcp,124,,,,3:1:5:124,,test,0,192.42482056142885,,,,,,,,,2.63072971397787,1.0058002620577393,,,,,,,3.944340677919274,0.07250721084387199,512,11.991248142671939,1.2424194588868271,,1,176,1,exact,,,2,1.301462834918557e-06,,,,0.06919758300136891,13fae12c33be7f7363546687983bff150c6f64fe
dv3-A-lgcp-000125,3,A,lgcp,125,,,,3:1:5:125,,test,0,396.8816731637872,,,,,,,,,0.05229828959807573,0.792270592323636,,,,,,,5.95748903897752,0.039768848250807315,256,0.19054337754208112,1.323927045272722,,1,380,1,exact,,,2,6.306779171700197e-05,,,,0.02089183299904107,51c51ff733189d7dcd60f1d23093de3b855f4dbe
dv3-A-lgcp-000126,3,A,lgcp,126,,,,3:1:5:126,,test,0,442.14423894804247,,,,,,,,,1.1028038731983796,1.550923780294317,,,,,,,5.540234224705286,0.07375788752684805,256,8.978850738327653,2.3448388976812113,,1,497,1,exact,,,2,9.889842680507557e-06,,,,0.01762504200087278,3d0d4d97edc0adae0a718283da270ad3f1ddaf06
dv3-A-lgcp-000127,3,A,lgcp,127,,,,3:1:5:127,,test,0,764.6021518125207,,,,,,,,,0.09373517488124161,1.3422196932199073,,,,,,,6.592488048116085,0.048540679170778325,256,0.7958389212900614,2.2351116024882756,,1,765,1,exact,,,2,3.4689731741582264e-05,,,,0.020028916998853674,4432c04bc4f50bb1addd9d7d2381e5fd86f3a064
dv3-A-lgcp-000128,3,A,lgcp,128,,,,3:1:5:128,,test,0,256.09387325079337,,,,,,,,,2.824680663256636,1.0828151455507498,,,,,,,4.133203738021934,0.06766354188119052,512,16.54252969777545,1.2957355083313096,,1,125,1,exact,,,2,1.601425895383816e-06,,,,0.0682038749982894,22daa4d51a618ac3e7329c1d1735ef52f550c81b
dv3-A-lgcp-000129,3,A,lgcp,129,,,,3:1:5:129,,test,0,101.80234077408907,,,,,,,,,0.9910500617498219,1.1904599653598305,,,,,,,4.127508066828719,0.11798747657162766,256,2.799940028727249,1.821427694282109,,1,137,1,exact,,,2,2.418823806475377e-06,,,,0.0196726670001226,eae2dd1d0447700fd4ece99abfbd7a27f4df038f
dv3-A-lgcp-000130,3,A,lgcp,130,,,,3:1:5:130,,test,0,208.241212115851,,,,,,,,,0.8120513716460164,0.5625275061223379,,,,,,,4.932671395610148,0.038981668296285125,256,1.67691878450392,0.8766663190781174,,1,223,1,exact,,,2,6.69645815919457e-05,,,,0.025409082998521626,73b8f99feb76d715c2413fc96c19ec4411a998cc
dv3-A-lgcp-000131,3,A,lgcp,131,,,,3:1:5:131,,test,0,450.5265300875215,,,,,,,,,0.08116771512897322,1.8582132120062425,,,,,,,6.069833108066302,0.08754580862172168,256,0.6762396982203526,3.0976486755876254,,1,426,1,exact,,,2,5.914974660084062e-06,,,,0.02089045799948508,615dbb1f2da9b0eed80b76571d0ec708364fd52f
dv3-A-lgcp-000132,3,A,lgcp,132,,,,3:1:5:132,,test,0,151.87837256255244,,,,,,,,,2.7477429846781147,1.3432346951616523,,,,,,,3.649208527682387,0.10899433687961889,256,13.831359880854302,1.6280444337993678,,2,79,1,exact,,,2,3.0667122474611864e-06,,,,0.01943333300005179,ed1e960346fe1704fd1f7666e6805f47a58c4375
dv3-A-lgcp-000133,3,A,lgcp,133,,,,3:1:5:133,,test,0,164.11096269162826,,,,,,,,,0.25257856052470656,0.5675255548374244,,,,,,,4.974253520548277,0.04430131579314787,256,0.425506959015561,0.9322134484842973,,1,172,1,exact,,,2,4.562840286620664e-05,,,,0.017397750001691747,2057c50fbf2775bba32221fb30f602a2aab4beed
dv3-A-lgcp-000134,3,A,lgcp,134,,,,3:1:5:134,,test,0,394.58779788739423,,,,,,,,,0.14935138242228138,0.5273349229502156,,,,,,,5.9031659791607725,0.026546954656695997,256,0.37291343067201255,0.8739882837415728,,1,372,1,exact,,,2,0.00021187181968747778,,,,0.01689516699843807,1a94c533f3d58d75b36bb44cb24fff28c1911668
dv3-A-lgcp-000135,3,A,lgcp,135,,,,3:1:5:135,,test,0,756.5500689694627,,,,,,,,,0.2727861878764223,1.4079012860895919,,,,,,,6.49237562212249,0.05118625643041641,256,2.456986712010922,2.3084987217204267,,1,747,1,exact,,,2,2.9585236118374428e-05,,,,0.017807250002078945,6a919fb5f24a59f02c0408a4edc87683a86cd71f
dv3-A-lgcp-000136,3,A,lgcp,136,,,,3:1:5:136,,test,0,443.52524106639936,,,,,,,,,1.0154965172763326,1.1836958400534505,,,,,,,5.587006454832212,0.05620577636198572,256,6.439181984009084,1.8064155038484833,,1,457,1,exact,,,2,2.2346915305475814e-05,,,,0.018095082999934675,857d1d4645aab527fe4e74b9c4600970579137be
dv3-A-lgcp-000137,3,A,lgcp,137,,,,3:1:5:137,,test,0,112.72001265558377,,,,,,,,,0.1481868525003795,1.265461799706071,,,,,,,4.650813553614748,0.11919238920810064,256,0.4147034300874093,2.0975458053092186,,1,100,1,exact,,,2,2.346419820485001e-06,,,,0.016760875001637032,e049c9e8cbe7ca2cdd0283a8c6505174a18b391d
dv3-A-lgcp-000138,3,A,lgcp,138,,,,3:1:5:138,,test,0,186.9255422947961,,,,,,,,,0.07239945260659036,1.9520588223038013,,,,,,,5.194510641714204,0.1427771062803483,256,0.38577417053722063,3.2564945863885466,,1,194,1,exact,,,2,1.369377430080803e-06,,,,0.01271529199948418,f732badf40965eb42c330dad1a00c5b50eaea58f
dv3-A-lgcp-000139,3,A,lgcp,139,,,,3:1:5:139,,test,0,713.7280809089117,,,,,,,,,0.47474238581051353,1.9983509143024691,,,,,,,6.333130857833566,0.0748006482361429,256,5.764724335223721,3.2173665548109005,,1,867,1,exact,,,2,9.48203045426613e-06,,,,0.015528500000073109,084d3b2187e941462fc0ee2fbb78ad9a1135bffc
dv3-A-lgcp-000140,3,A,lgcp,140,,,,3:1:5:140,,test,0,156.1826908271434,,,,,,,,,0.08849007855515821,1.2050153167176099,,,,,,,5.006781377820847,0.09642199584583674,256,0.2786486015702041,2.007523987679903,,2,151,1,exact,,,2,4.427790660554253e-06,,,,0.01920679199974984,c3878f6d0d063e33ddfcc63530a59e4076d2a257
dv3-A-lgcp-000141,3,A,lgcp,141,,,,3:1:5:141,,test,0,102.79448043056591,,,,,,,,,0.7633779883558593,1.2588098245124273,,,,,,,4.2510426650919815,0.12415814801283703,256,2.1948275743713,1.971349564565524,,1,114,1,exact,,,2,2.076890286450192e-06,,,,0.016830083000968443,6cab776910889b777c4327e308936a65c5f8345e
dv3-A-lgcp-000142,3,A,lgcp,142,,,,3:1:5:142,,test,0,539.8601590116148,,,,,,,,,0.1105143075760931,0.552100897025569,,,,,,,6.236052987439796,0.02376171669664534,256,0.3414812043425324,0.9180713534232621,,1,573,1,exact,,,2,0.00029535000545825667,,,,0.015671832999942126,7fda849e537fe3020aa2dab3cd36165b8fbc8a81
dv3-A-lgcp-000143,3,A,lgcp,143,,,,3:1:5:143,,test,0,350.9617370867627,,,,,,,,,0.08210650143540175,0.6500344243265905,,,,,,,5.819623955657194,0.034698162053854766,256,0.2339184936416378,1.0835241173240509,,1,364,1,exact,,,2,9.493756178940937e-05,,,,0.05619766699965112,53d20e6cd686f810b73c722471f387c7dc5db86a
dv3-A-lgcp-000144,3,A,lgcp,144,,,,3:1:5:144,,test,0,457.7215031051944,,,,,,,,,0.8117215520626209,1.2821518188662917,,,,,,,5.720400151309505,0.0599292434353462,256,5.48410731661757,1.9982251215356794,,1,494,1,exact,,,2,1.843566717840218e-05,,,,0.022548500000993954,e6e6cd68169f6dc9b2d14c79cd9498354d037e38
dv3-A-lgcp-000145,3,A,lgcp,145,,,,3:1:5:145,,test,0,704.5217186332383,,,,,,,,,0.1396307026461734,0.6401805194979907,,,,,,,6.487703807976571,0.02411877586360543,256,0.5763080801630156,1.06189826849382,,1,623,1,exact,,,2,0.00028244018397739935,,,,0.016558792001887923,aca9897f779f030169c1e1f59a4831ac68cd9765
dv3-A-lgcp-000146,3,A,lgcp,146,,,,3:1:5:146,,test,0,359.7784262908894,,,,,,,,,1.5463456140616445,0.8127950668688918,,,,,,,5.112315552406902,0.04285125049857583,256,6.7267148323423545,1.1680524359081306,,1,279,1,exact,,,2,5.041744577636217e-05,,,,0.017353500003082445,d6aec2a58cc8ed97d09f54f6e9af0dd6da00f033
dv3-A-lgcp-000147,3,A,lgcp,147,,,,3:1:5:147,,test,0,100.49615479412768,,,,,,,,,1.1002064350213046,0.8301142215804378,,,,,,,4.060016248501569,0.08280625273624542,256,2.2727975794113915,1.2554006047800403,,1,88,1,exact,,,2,6.9895777763037645e-06,,,,0.018764041000395082,31a036ecd21746ed38f7ded0eab718ca27176c0a
dv3-A-lgcp-000148,3,A,lgcp,148,,,,3:1:5:148,,test,0,276.6484848417657,,,,,,,,,0.08794901903210334,1.567715587320717,,,,,,,5.578773183007596,0.09425472451565801,256,0.4941646747262324,2.6118925324000934,,1,255,1,exact,,,2,4.740114022904315e-06,,,,0.02062304100036272,cb274143d74284ac9395cca0b8a0c1b00af88772
dv3-A-lgcp-000149,3,A,lgcp,149,,,,3:1:5:149,,test,0,182.0587524690231,,,,,,,,,0.4120703687685504,0.6142492090352235,,,,,,,4.998294266362586,0.04552383333309167,256,0.8170484650934784,0.9946608742695338,,1,164,1,exact,,,2,4.2051284954833304e-05,,,,0.01662670899895602,ab5a19ba2a3b8998759b96680ea0eedd3ed973b9
dv3-A-lgcp-000150,3,A,lgcp,150,,,,3:1:5:150,,test,0,102.34197590065763,,,,,,,,,1.0386231577317886,0.7979027651881856,,,,,,,4.109008331542352,0.07887203954751541,256,2.0697400043788106,1.2146803738989913,,4,99,1,exact,,,2,8.088333061090708e-06,,,,0.01849650000076508,23a3faeb76b6b9b5d6a5c2e38285d58c96183720
dv3-A-lgcp-000151,3,A,lgcp,151,,,,3:1:5:151,,test,0,515.6188916843568,,,,,,,,,1.2645040957430569,1.8713159564222255,,,,,,,5.613115862716909,0.08241053058169652,256,13.615434384717764,2.7792016894231417,,1,478,1,exact,,,2,7.090728877640554e-06,,,,0.015555874997517094,e9247b01bbdca63e74b772220bf3814762a7f8d0
dv3-A-lgcp-000152,3,A,lgcp,152,,,,3:1:5:152,,test,0,649.7406454943698,,,,,,,,,0.10243149544591315,0.6289656761950059,,,,,,,6.42535752861054,0.0246749867465144,256,0.396869039110024,1.0466048727486874,,1,681,1,exact,,,2,0.00026378710715260247,,,,0.015957999999955064,787622bd8260e5d35a7755ef120120de9679f107
dv3-A-lgcp-000153,3,A,lgcp,153,,,,3:1:5:153,,test,0,482.1056880830421,,,,,,,,,0.21803652567043313,1.2121094805797785,,,,,,,6.069145097061087,0.055204022009128606,256,1.3346778115148155,1.997026130779796,,1,561,1,exact,,,2,2.35854288686011e-05,,,,0.016174249998584855,6582b8db0a10fe201377330996cfad3f240f2c74
dv3-A-lgcp-000154,3,A,lgcp,154,,,,3:1:5:154,,test,0,135.89283937479482,,,,,,,,,0.09828365889823504,0.6175399078959756,,,,,,,4.862724799920931,0.05297448486015193,256,0.15608236952689797,1.0279534527529586,,2,140,1,exact,,,2,2.6689765949813976e-05,,,,0.01708366599996225,96a66eb24cff7959f9539e83442ac54432a4d705
dv3-A-lgcp-000155,3,A,lgcp,155,,,,3:1:5:155,,test,0,562.7728921203332,,,,,,,,,0.6022813609800494,1.3540517308387345,,,,,,,6.031735477492696,0.0570779900818812,256,4.67689374081691,2.15404431138368,,1,550,1,exact,,,2,2.1338217925400285e-05,,,,0.021192416999838315,3750d48416c292b4126e91b122a03741f7081ddc
dv3-A-lgcp-000156,3,A,lgcp,156,,,,3:1:5:156,,test,0,517.9591601598696,,,,,,,,,1.5741808779680664,1.8055738768139773,,,,,,,5.462805958777091,0.07933548913844181,256,17.281229064131153,2.5859995559942743,,1,318,1,exact,,,2,7.947436123009582e-06,,,,0.01925587499863468,97c234f229cfd5021cc261391973d786c2e69a62
dv3-A-lgcp-000157,3,A,lgcp,157,,,,3:1:5:157,,test,0,278.08063879056436,,,,,,,,,0.4301592306015481,0.9769602179379414,,,,,,,5.41283152392035,0.05858568380186882,256,1.6801712995317992,1.5793890962559993,,1,282,1,exact,,,2,1.9733117756767e-05,,,,0.019268916999862995,6dc4536b8eb210bd66d3c5a0dad96bc7abdec94f
dv3-A-lgcp-000158,3,A,lgcp,158,,,,3:1:5:158,,test,0,330.45554298484865,,,,,,,,,0.2639093984781473,0.9964806441959325,,,,,,,5.668517436586784,0.054816631792149795,256,1.121198236920035,1.6351820214290143,,1,355,1,exact,,,2,2.4088906866420975e-05,,,,0.01891566700214753,9e310e2127a18815e34c91f10254fa3ef3e81de6
dv3-A-lgcp-000159,3,A,lgcp,159,,,,3:1:5:159,,test,0,353.71661913801086,,,,,,,,,1.973419593862924,0.5132633382682095,,,,,,,4.881786284712783,0.027290564032196665,512,5.822526903252844,0.6983915561337781,,1,311,1,exact,,,2,2.440200209462304e-05,,,,0.07542566700067255,5b0a16184ee84eefeb1b6142017c6c0937456fbd
dv3-A-lgcp-000160,3,A,lgcp,160,,,,3:1:5:160,,test,0,681.1611810856898,,,,,,,,,0.16146126882952594,0.6378232999033208,,,,,,,6.443068326674972,0.024438550035825516,256,0.6549358763563474,1.0560101617316693,,1,699,1,exact,,,2,0.00027150928563522155,,,,0.019601750002038898,fca9dfd361a043380ffbc8be57750862217eb104
dv3-A-lgcp-000161,3,A,lgcp,161,,,,3:1:5:161,,test,0,781.9679912682192,,,,,,,,,0.06231233524607033,1.4737275343049883,,,,,,,6.630657640202472,0.052701467629908356,256,0.5798946117577115,2.4606109308736865,,1,771,1,exact,,,2,2.710662359514356e-05,,,,0.019910541999706766,7f4dd1d0ebfad271a20e1da9e560b62cf8bf4067
dv3-A-lgcp-000162,3,A,lgcp,162,,,,3:1:5:162,,test,0,187.08864422857258,,,,,,,,,0.2558849334628291,1.050917067440701,,,,,,,5.1036400711127525,0.0768324587317044,256,0.8360768075757621,1.7257275903595446,,1,197,1,exact,,,2,8.749605919982603e-06,,,,0.017457250000006752,d569bfeb18cbf45637d5e244ff575a0ebf344a29
dv3-A-lgcp-000163,3,A,lgcp,163,,,,3:1:5:163,,test,0,156.81873330387268,,,,,,,,,0.4303315076054678,0.5047953427780945,,,,,,,4.83992481957852,0.04031033140959749,256,0.6386473986785225,0.8160574624266679,,1,166,1,exact,,,2,6.056116876215643e-05,,,,0.019335708999278722,d5172e76a0041585c82d9c81a0c2d7fd60fb89d2
dv3-A-lgcp-000164,3,A,lgcp,164,,,,3:1:5:164,,test,0,359.6568778521798,,,,,,,,,0.610838438155457,0.5172007802140665,,,,,,,5.579731240790247,0.02727187429441067,256,1.5054626036815009,0.8220972930676004,,1,374,1,exact,,,2,0.0001954353535071635,,,,0.019785833999776514,208a5b0963bcc16112b8c02f4b790532cdfb23c9
dv3-A-lgcp-000165,3,A,lgcp,165,,,,3:1:5:165,,test,0,280.9885146689754,,,,,,,,,0.10066166848394986,0.7961846448394463,,,,,,,5.5879829611923,0.04749736458622001,256,0.31259657568546595,1.3250575492716727,,1,272,1,exact,,,2,3.7025640725639224e-05,,,,0.022507416000735248,924f7be85b3212778f0c6e63e78d76d22d692124
dv3-A-lgcp-000166,3,A,lgcp,166,,,,3:1:5:166,,test,0,399.1312112782731,,,,,,,,,0.06758080868080037,0.6955652964931717,,,,,,,5.955499808811534,0.03481609516595176,256,0.2188258653354722,1.16083744289337,,1,424,1,exact,,,2,9.397656377600271e-05,,,,0.02281037500142702,3f2916df33a4643ab70bfeec94b4e6629de50737
dv3-A-lgcp-000167,3,A,lgcp,167,,,,3:1:5:167,,test,0,277.87241924061357,,,,,,,,,0.26370523639637816,0.518761147128743,,,,,,,5.4953094665598705,0.031120367780379816,256,0.5505457227716599,0.85128010745727,,1,297,1,exact,,,2,0.0001315654056707564,,,,0.020268374999432126,051d31e5c06590d24909c43a733716ee3505d7e5
dv3-A-lgcp-000168,3,A,lgcp,168,,,,3:1:5:168,,test,0,276.95333918955436,,,,,,,,,0.15278498863409962,1.0514534393822448,,,,,,,5.54745654710167,0.063181036027247,256,0.6137889549947628,1.7421328748694187,,1,287,1,exact,,,2,1.5733522452707246e-05,,,,0.02060508300201036,8b95c7388917d135704da8c29945ade3a90a6c16
dv3-A-lgcp-000169,3,A,lgcp,169,,,,3:1:5:169,,test,0,162.42611729710416,,,,,,,,,0.5084018042036229,0.9051119025131598,,,,,,,4.836022333490465,0.0710189659514082,256,1.3548143845911418,1.4526862293540588,,2,172,1,exact,,,2,1.1078599536409889e-05,,,,0.01714029200229561,0a879e44afcbb62a1caa7e47534178a574f5a660
dv3-A-lgcp-000170,3,A,lgcp,170,,,,3:1:5:170,,test,0,329.35942908403746,,,,,,,,,0.8024551736616186,0.6733111341821598,,,,,,,5.3959220572192015,0.03710058397747471,256,2.512506566938748,1.050328006971157,,1,353,1,exact,,,2,7.767064928263472e-05,,,,0.02330966699810233,b1578b7ba2e56771f7f6dfa53faa063bf22bb56e
dv3-A-lgcp-000171,3,A,lgcp,171,,,,3:1:5:171,,test,0,718.1409164474796,,,,,,,,,0.25292301753767765,1.5190048998591854,,,,,,,6.4502043034840995,0.05668319725907606,256,2.3767278948284467,2.4950311935648735,,1,798,1,exact,,,2,2.1787102637053926e-05,,,,0.016969125001196517,254430c5e583e53d83cabd5697debab077e0f784
dv3-A-lgcp-000172,3,A,lgcp,172,,,,3:1:5:172,,test,0,166.7904857378018,,,,,,,,,2.9462427529237614,0.5585508203077836,,,,,,,3.6436170718946905,0.04324909829437346,512,7.3614917182833475,0.6546865168471241,,1,146,1,exact,,,2,6.1320988234358575e-06,,,,0.07869900000150665,f7c4468175be0df4f09305f261f321b75a6b7666
dv3-A-lgcp-000173,3,A,lgcp,173,,,,3:1:5:173,,test,0,673.5802980008157,,,,,,,,,0.10034683081327461,0.7160838383164888,,,,,,,6.462433798282585,0.027591110730999107,256,0.4465135044874765,1.1917808415679036,,1,687,1,exact,,,2,0.00018873536756878242,,,,0.016652334001264535,6c906c29f130c8c027682fb967c1f9dbccbca04c
dv3-A-lgcp-000174,3,A,lgcp,174,,,,3:1:5:174,,test,0,610.9161651129709,,,,,,,,,0.28227999436188467,0.7329474507664038,,,,,,,6.273819743268855,0.02965391444428737,256,1.2423535306946119,1.2007872144525187,,1,649,1,exact,,,2,0.00015205024971753545,,,,0.024427375003142515,d853454e09448069f8c7896d4bca2a6fdaf410d1
dv3-A-lgcp-000175,3,A,lgcp,175,,,,3:1:5:175,,test,0,466.228688366604,,,,,,,,,0.1315459412569421,1.8373535122103124,,,,,,,6.078903290687789,0.08509288086800917,256,1.1186706145728216,3.049812340593149,,1,487,1,exact,,,2,6.441232086065411e-06,,,,0.027264041997113964,7b42ef3141aaaab26c0ea4f5019286c8a4389226
dv3-A-lgcp-000176,3,A,lgcp,176,,,,3:1:5:176,,test,0,606.7474583858062,,,,,,,,,1.5979957826206137,1.1870796856888803,,,,,,,5.6091147643890835,0.048192104303668284,512,13.245485131225363,1.6952301235043918,,1,463,1,exact,,,2,4.432231656983057e-06,,,,0.10874875000081374,fb731bc571b63f500afff17b9770308dc9df5079
dv3-A-lgcp-000177,3,A,lgcp,177,,,,3:1:5:177,,test,0,205.58799944462663,,,,,,,,,0.110313625947223,1.9317441704902394,,,,,,,5.270717350443907,0.13472578727399875,256,0.6211444164884741,3.2122918445876354,,1,195,1,exact,,,2,1.6275983464354554e-06,,,,0.02064191599856713,30ebeffe712b210aa63fe18c4cb5ebee183bad1e
dv3-A-lgcp-000178,3,A,lgcp,178,,,,3:1:5:178,,test,0,405.31977001692496,,,,,,,,,0.18407721275145122,1.3601182977454636,,,,,,,5.912637704793111,0.06755815638434141,256,1.1263419046855692,2.247491232651096,,1,429,1,exact,,,2,1.2869613811096421e-05,,,,0.021651167000527494,72597be7aa38d8422724d99e8e45266d7e85b151
dv3-A-lgcp-000179,3,A,lgcp,179,,,,3:1:5:179,,test,0,154.3527749426544,,,,,,,,,0.2787178557273489,0.6423691627830892,,,,,,,4.899881801171377,0.0517043953231909,256,0.5045443985049403,1.052724313236191,,1,155,1,exact,,,2,2.8704878577558946e-05,,,,0.02082354100275552,c431501728e592a314a28b7c5dca193fb4b58405
dv3-A-lgcp-000180,3,A,lgcp,180,,,,3:1:5:180,,test,0,343.45184127303463,,,,,,,,,0.1918420900467849,1.1743699388898587,,,,,,,5.7431258567315595,0.06336829196866023,256,0.9534045581266551,1.939253612611992,,1,360,1,exact,,,2,1.5594475584186118e-05,,,,0.02362662499945145,edf3381f9d3d3fc6c8a4d3fce0fb3e1496ce9c5a
dv3-A-lgcp-000181,3,A,lgcp,181,,,,3:1:5:181,,test,0,158.3167396780581,,,,,,,,,0.2957182329561857,0.6141252094474156,,,,,,,4.916738591363005,0.04880828034267228,256,0.5255777296808053,1.0049239478167473,,1,144,1,exact,,,2,3.412241647394505e-05,,,,0.02781858399976045,b501bc5427156d4a2d1fe0db1b1768f14d9577ea
dv3-A-lgcp-000182,3,A,lgcp,182,,,,3:1:5:182,,test,0,720.2367435268434,,,,,,,,,2.184770512407486,0.6545318817715523,,,,,,,5.487194712213997,0.024388953676120605,1024,12.419209938523718,0.8648653030021417,,1,869,1,exact,,,2,4.274463285836015e-06,,,,0.3480547920007666,f83df3878537b393793bb63ee23325f9b1ce317c
dv3-A-lgcp-000183,3,A,lgcp,183,,,,3:1:5:183,,test,0,206.2009021529426,,,,,,,,,0.140542569357535,0.5084699710745398,,,,,,,5.258579662030034,0.035409519147242566,256,0.24009381638027077,0.8433578716090564,,1,206,1,exact,,,2,8.933274097990187e-05,,,,0.023394916999677662,c7eb29f8ee2047be09e396d20acbbe46dd5660a1
dv3-A-lgcp-000184,3,A,lgcp,184,,,,3:1:5:184,,test,0,377.41673985908307,,,,,,,,,1.2330765877366305,0.5762168986618476,,,,,,,5.3168116938298855,0.02966029124580778,256,3.769024705430399,0.8587959973852878,,1,414,1,exact,,,2,0.0001519522707615204,,,,0.02390825000111363,fd96e79ed58006a6391594060d88b98858db423d
dv3-A-lgcp-000185,3,A,lgcp,185,,,,3:1:5:185,,test,0,362.564600312824,,,,,,,,,0.26641688957233517,1.8820622940160874,,,,,,,5.75999422139096,0.09884194769013649,256,2.0252567233939525,3.087701550951747,,1,332,1,exact,,,2,4.110685075135697e-06,,,,0.01669137499993667,d424d068df1a4804defae90f3f776771d1b08e49
dv3-A-lgcp-000186,3,A,lgcp,186,,,,3:1:5:186,,test,0,205.30195678039206,,,,,,,,,1.67700987425958,1.0678460157958038,,,,,,,4.4859769181716045,0.07452673361653284,256,7.232538877749596,1.5101030113484006,,1,182,1,exact,,,2,9.586950240582891e-06,,,,0.01956199999767705,fbd036aa5206b1778a9b1973d9678d57e4735b43
dv3-A-lgcp-000187,3,A,lgcp,187,,,,3:1:5:187,,test,0,220.8076396227677,,,,,,,,,1.9837497579532006,0.5398608962177551,,,,,,,4.405417034568579,0.03633078850657154,256,4.8126949822267076,0.7335569917830034,,1,239,1,exact,,,2,8.271080910259036e-05,,,,0.014991084000939736,ebef2b07b83323ea8ed9faa5d61417faff0708de
dv3-A-lgcp-000188,3,A,lgcp,188,,,,3:1:5:188,,test,0,523.7879013621514,,,,,,,,,0.07857461407204014,0.8268229763628099,,,,,,,6.221799526951343,0.03612724175225212,256,0.3512875819443881,1.378618515370365,,1,540,1,exact,,,2,8.411605559758505e-05,,,,0.022572666999622015,cc1fe4536c2c2ddc7f7bdddb88012b8c16db0d52
dv3-A-lgcp-000189,3,A,lgcp,189,,,,3:1:5:189,,test,0,379.0271213653539,,,,,,,,,1.2757929822850442,1.1523230552868482,,,,,,,5.299711271710335,0.05918874173756562,256,7.5504586448496775,1.7092053523020578,,1,652,1,exact,,,2,1.9136177538160677e-05,,,,0.024911500000598608,dbaf39c47a265d0f550b26ffe8076edcbb116261
dv3-A-lgcp-000190,3,A,lgcp,190,,,,3:1:5:190,,test,0,405.6524294846161,,,,,,,,,0.2865823609972236,1.7940434508885217,,,,,,,5.862205527439814,0.08907501754604503,256,2.2506215120696123,2.938061272935445,,1,465,1,exact,,,2,5.615631259952221e-06,,,,0.020581832999596372,febb95f1bad017038c60a336c1971de85d67ca35
dv3-A-lgcp-000191,3,A,lgcp,191,,,,3:1:5:191,,test,0,139.01911591963267,,,,,,,,,2.1587038173513684,1.1995041681929186,,,,,,,3.8552595396010405,0.10173362045930096,256,8.515058210910102,1.59084761408287,,1,92,1,exact,,,2,3.7703103936734213e-06,,,,0.028136291999544483,c96286949fa3dac4f095a535d6f446b4a8c86c4f
dv3-A-lgcp-000192,3,A,lgcp,192,,,,3:1:5:192,,test,0,132.46564146496038,,,,,,,,,1.978542583165848,1.7086503130091142,,,,,,,3.8970520105183675,0.14845730316914746,256,10.081001040234835,2.3233317496653774,,1,111,1,exact,,,2,1.219606462664433e-06,,,,0.018354667001403868,74efed28f74e69337243345859aa3ac1128d4c01
dv3-A-lgcp-000193,3,A,lgcp,193,,,,3:1:5:193,,test,0,766.0731889445537,,,,,,,,,0.13942848791851728,1.743844005232646,,,,,,,6.571563468142021,0.06300463517407749,256,1.5005995466888176,2.892648074427725,,1,778,1,exact,,,2,1.5866025017326573e-05,,,,0.024545583997678477,305f1837c64b4068464febbdb92aa2f9b0d962cf
dv3-A-lgcp-000194,3,A,lgcp,194,,,,3:1:5:194,,test,0,585.5157790905504,,,,,,,,,0.11840075235660058,0.9013880854507187,,,,,,,6.3132927562667005,0.03725139247923127,256,0.6109325242239342,1.497885667435456,,1,599,1,exact,,,2,7.673155168754639e-05,,,,0.023181249998742715,34949eae0382a9041c6d532d0eb9e9eaebfe9b9f
dv3-A-lgcp-000195,3,A,lgcp,195,,,,3:1:5:195,,test,0,603.7740106611179,,,,,,,,,0.5300658309090835,1.1481720234847526,,,,,,,6.138167057932428,0.04672719948440853,256,3.652755833958819,1.8390595420183806,,1,580,1,exact,,,2,3.888625316846537e-05,,,,0.02819449999878998,fceac6ec6eee19518b5ab146883c1c369c3e57e0
dv3-A-lgcp-000196,3,A,lgcp,196,,,,3:1:5:196,,test,0,709.2078049437753,,,,,,,,,0.14986835194567688,0.89445647007275,,,,,,,6.489214403445527,0.03358709608375685,256,0.849098166842224,1.4823782860176815,,1,732,1,exact,,,2,0.000104668894214214,,,,0.023724957998638274,086f7dc4351739c006e3df44e565f0f4e8be9969
dv3-A-lgcp-000197,3,A,lgcp,197,,,,3:1:5:197,,test,0,433.61613543820425,,,,,,,,,2.870217135934765,0.8003668513464486,,,,,,,4.637051094192163,0.03843583992391663,1024,16.77519640796462,0.950417848696473,,1,515,1,exact,,,2,1.0921326852602098e-06,,,,0.40054145800240804,69b11eb91eac7efe24310eb92c32f9abf9be86cc
dv3-A-lgcp-000198,3,A,lgcp,198,,,,3:1:5:198,,test,0,186.2999743070269,,,,,,,,,0.3156123518847866,1.219791062390418,,,,,,,5.069551963753315,0.08936738484718135,256,1.1826645392889499,1.9924773069219686,,1,157,1,exact,,,2,5.5607156171367825e-06,,,,0.02241058299841825,e72a39cf9faa5d1eeef205bfc79436ff71f9a038
dv3-A-lgcp-000199,3,A,lgcp,199,,,,3:1:5:199,,test,0,468.3716007048564,,,,,,,,,2.9825380689728536,0.8527177364716004,,,,,,,4.65799296496534,0.039401251752656935,1024,19.744563404579534,0.9932050700741761,,1,471,1,exact,,,2,1.0138068783084751e-06,,,,0.5160136250015057,d52f083fd23b65c3dba3457133cff5fdced8b0bb
dv3-A-lgcp-000200,3,A,lgcp,200,,,,3:1:5:200,,test,0,433.4656417600316,,,,,,,,,1.2622719737861423,0.7023260476111766,,,,,,,5.440676548424137,0.033733502528099896,256,5.070887170154121,1.0433280087412473,,1,465,1,exact,,,2,0.00010331271915715432,,,,0.024725541999941925,de50716657acb8122de576d05d192538f7cd81d6
dv3-A-lgcp-000201,3,A,lgcp,201,,,,3:1:5:201,,test,0,503.07139269918224,,,,,,,,,0.8343149309769547,1.396795473153597,,,,,,,5.8035746283352045,0.062275612549290114,256,6.4630517506277165,2.171942863321046,,1,520,1,exact,,,2,1.642968646435885e-05,,,,0.03175566699792398,beba131969c559784b2bb7019dfce6e8cad3dd90
dv3-A-lgcp-000202,3,A,lgcp,202,,,,3:1:5:202,,test,0,237.47522606729547,,,,,,,,,0.7102015546449424,1.0260762719137038,,,,,,,5.114962529415825,0.06658409323444019,256,2.7744999708136144,1.6153358588026725,,1,245,1,exact,,,2,1.3442645506167984e-05,,,,0.021633207998092985,3a534b0d2b3a31bc7482014dd61aaa8a485a2b98
dv3-A-lgcp-000203,3,A,lgcp,203,,,,3:1:5:203,,test,0,126.64613589035767,,,,,,,,,0.6905194177142048,1.6607584892848142,,,,,,,4.496137156981891,0.14757422437787301,256,2.7599230909093504,2.6195453535189013,,1,118,1,exact,,,2,1.24138155119791e-06,,,,0.023908750001282897,b128147e6522fa08b7dff4fd3fbd6b7ce1b2a754
dv3-A-lgcp-000204,3,A,lgcp,204,,,,3:1:5:204,,test,0,214.3388385762267,,,,,,,,,0.06246585610597341,0.9403514382668522,,,,,,,5.336325192612288,0.06423027132647591,256,0.1969185340672812,1.5700386572977756,,1,258,1,exact,,,2,1.4975114347076116e-05,,,,0.020227332999638747,68fa68d43c4e6350be39d45a908b57f47ddc7f45
dv3-A-lgcp-000205,3,A,lgcp,205,,,,3:1:5:205,,test,0,667.0153705349294,,,,,,,,,0.6675636182103819,1.3578121174427167,,,,,,,6.1690312808251715,0.05257408938756864,256,5.739672837426136,2.1464925283679923,,1,531,1,exact,,,2,2.7304083142109193e-05,,,,0.024855416999344015,9d34285b0d8b9504e715e0a264a760a7772e53f5
dv3-A-lgcp-000206,3,A,lgcp,206,,,,3:1:5:206,,test,0,588.317935955662,,,,,,,,,0.42061804178880946,0.5741043811080158,,,,,,,6.1669584882822335,0.02366926743177495,256,1.4781613327616512,0.9289285590768783,,1,587,1,exact,,,2,0.0002988203350995953,,,,0.02708787499796017,d8f9f03ffac436b7eaff290570f859cc8e08e2f3
dv3-A-lgcp-000207,3,A,lgcp,207,,,,3:1:5:207,,test,0,170.39260664623242,,,,,,,,,1.657325114634138,0.9919796870951785,,,,,,,4.309442667910515,0.07599366775050943,256,5.8537392771643155,1.4062670923819218,,1,195,1,exact,,,2,9.04249494902212e-06,,,,0.023916917001770344,25fa3b6c44f56191af11d7c975c7ec6aca3b7595
dv3-A-lgcp-000208,3,A,lgcp,208,,,,3:1:5:208,,test,0,235.93535276820657,,,,,,,,,0.20298999017040367,1.3901208852644253,,,,,,,5.362062843466744,0.0905015584394853,256,0.9601140819867886,2.2933092062892255,,1,265,1,exact,,,2,5.35433802267002e-06,,,,0.019311500000185333,3525f79e653ea4b5d6b5539f72544f45a9059666
dv3-A-lgcp-000209,3,A,lgcp,209,,,,3:1:5:209,,test,0,542.8369276711192,,,,,,,,,0.9792932611971796,0.6250977982476341,,,,,,,5.807162326866634,0.026829543129803495,256,3.8282909227743835,0.9575933523400981,,1,669,1,exact,,,2,0.00020525313147640967,,,,0.022367249999661,a37b080c7a9edc78dcfe93286b1166be5df264f3
dv3-A-lgcp-000210,3,A,lgcp,210,,,,3:1:5:210,,test,0,154.85468083759096,,,,,,,,,1.8832276308562557,1.2687335034508804,,,,,,,4.100873318739523,0.10195493209277548,256,7.957614679072215,1.7472639862421098,,1,176,1,exact,,,2,3.7458350181766732e-06,,,,0.024131750000378815,e00231b679a7f6b90300a3d8ef9f04ca87c7d9ae
dv3-A-lgcp-000211,3,A,lgcp,211,,,,3:1:5:211,,test,0,224.16008061499738,,,,,,,,,1.0776214910241755,0.5452334011270682,,,,,,,4.8735496967080465,0.03641692870437702,256,2.339929190898947,0.8265777834387388,,1,254,1,exact,,,2,8.212553737880633e-05,,,,0.018863334000343457,c4883e12fd51c7fd6c81e266bc19b2c34325198b
dv3-A-lgcp-000212,3,A,lgcp,212,,,,3:1:5:212,,test,0,129.73413073360243,,,,,,,,,0.162529228478143,1.1182268736018706,,,,,,,4.784222593842119,0.09817542772101427,256,0.43706433844724774,1.8512189003140884,,1,149,1,exact,,,2,4.194913949433736e-06,,,,0.021023540997703094,db8392229a68f0c489e903f109be5253d66efb45
dv3-A-lgcp-000213,3,A,lgcp,213,,,,3:1:5:213,,test,0,513.6948480037913,,,,,,,,,0.11729663470524312,1.3838917464318534,,,,,,,6.1829810908777665,0.061058975653847845,256,0.828189305822548,2.299904285883886,,1,513,1,exact,,,2,1.7431336517405565e-05,,,,0.016990874999464722,74165ae39f31d405d66064338397b745448c8212
dv3-A-lgcp-000214,3,A,lgcp,214,,,,3:1:5:214,,test,0,204.7709385464371,,,,,,,,,0.061280558686894776,1.4537072468595083,,,,,,,5.291251702124192,0.1015880899934911,256,0.27286800764575003,2.4273943070782686,,1,185,1,exact,,,2,3.78652151809577e-06,,,,0.024641957999847364,a2feaffc82361d0139a09e3750820a0c8eef7b04
dv3-A-lgcp-000215,3,A,lgcp,215,,,,3:1:5:215,,test,0,659.1895623035394,,,,,,,,,0.07129003960707793,1.5222109126515706,,,,,,,6.455366124782172,0.05928839176842593,256,0.6254794307073754,2.5396439812505847,,1,647,1,exact,,,2,1.9039865557283845e-05,,,,0.022361833998729708,f342b81ad73f91323b18531ac7e2267bfc1b0f02
dv3-A-lgcp-000216,3,A,lgcp,216,,,,3:1:5:216,,test,0,145.70570380641448,,,,,,,,,0.07515741513703264,0.7734656814387525,,,,,,,4.944010152473907,0.06407708880661876,256,0.15136481701568108,1.290023619340144,,1,168,1,exact,,,2,1.5082753643740161e-05,,,,0.023352125001110835,2423dcc28d291bb1b88afc4c3a18da9cdcbe7e75
dv3-A-lgcp-000217,3,A,lgcp,217,,,,3:1:5:217,,test,0,474.04004190921665,,,,,,,,,1.1419743135669105,0.7817886665009639,,,,,,,5.590304637945397,0.035907226094771094,256,5.25229121228689,1.176965035803866,,1,542,1,exact,,,2,8.567102759199962e-05,,,,0.02860424999744282,caa3fa980af2cd93a9aa1789334f0ab77ee772de
dv3-A-lgcp-000218,3,A,lgcp,218,,,,3:1:5:218,,test,0,703.3156466180778,,,,,,,,,0.0720442948068924,1.0268546178898457,,,,,,,6.5197836430938505,0.03871986379336843,256,0.4584529629265365,1.7130869339335282,,1,707,1,exact,,,2,6.833157209277488e-05,,,,0.023242958002811065,248c18239a6282837e825bbb0f1f9228f58cefaa
dv3-A-lgcp-000219,3,A,lgcp,219,,,,3:1:5:219,,test,0,507.64250094218363,,,,,,,,,0.1251366414581366,0.5556114920289266,,,,,,,6.16720914080659,0.024659952311541812,256,0.3771688936974973,0.9227604816527897,,1,462,1,exact,,,2,0.00026426936112079215,,,,0.02227441599825397,066890724cfd265ba56e3cf48ec3ddab586953ff
dv3-A-lgcp-000220,3,A,lgcp,220,,,,3:1:5:220,,test,0,205.18298145255258,,,,,,,,,0.05148478159473843,1.8389744296169326,,,,,,,5.298159782668764,0.12838226174004533,256,0.27676928219928687,3.0732352342879175,,1,186,1,exact,,,2,1.8794034856558913e-06,,,,0.023489333001634805,77728057f9c7e10c3b5a79ac902f277bbd5d461b
dv3-A-lgcp-000221,3,A,lgcp,221,,,,3:1:5:221,,test,0,116.03596922662767,,,,,,,,,1.3802206255713683,1.5105174104188188,,,,,,,4.063789909795849,0.1402262817096383,256,5.416568999797615,2.213883785710329,,1,92,1,exact,,,2,1.4447842006040075e-06,,,,0.02230562499971711,2072fb9f1ddb0703b636f5b4799f611ff1901694
dv3-A-lgcp-000222,3,A,lgcp,222,,,,3:1:5:222,,test,0,656.1522243012174,,,,,,,,,1.687960585729625,1.5524320377195766,,,,,,,5.642412518399676,0.06060525655779127,512,18.84196230223995,2.192373630558575,,1,860,1,exact,,,2,2.228610962607637e-06,,,,0.0942611249993206,11329894d1997039b910d46ebcd59b1262c3348e
dv3-A-lgcp-000223,3,A,lgcp,223,,,,3:1:5:223,,test,0,108.3459485711837,,,,,,,,,0.3385800185057408,0.6748003989727748,,,,,,,4.5160393259785625,0.06482895074239517,256,0.5420457603398845,1.0999974741950818,,1,120,1,exact,,,2,1.4564119091898469e-05,,,,0.018752415999188088,6c3b2681b9c450218b72cac583ee2f599998c635
dv3-A-lgcp-000224,3,A,lgcp,224,,,,3:1:5:224,,test,0,536.9317827990462,,,,,,,,,0.4575202685200078,1.5011250285237863,,,,,,,6.057110918285603,0.06478244127812716,256,3.7157419311618547,2.4206771222846437,,1,599,1,exact,,,2,1.4595505204433689e-05,,,,0.026855915999476565,2f1b7b324b74ee07099ba7cb445e7bf9f6717db9
dv3-A-lgcp-000225,3,A,lgcp,225,,,,3:1:5:225,,test,0,298.1443826484907,,,,,,,,,0.21578231494997527,0.5577646480804422,,,,,,,5.589686717227358,0.03230261408646424,256,0.49664622029633954,0.9191325157156399,,1,289,1,exact,,,2,0.00011765027775190404,,,,0.02136274999793386,9e1b3fbcbb6ef68b40f67bd3f05cc6692555f6b0
dv3-A-lgcp-000226,3,A,lgcp,226,,,,3:1:5:226,,test,0,120.91995693397976,,,,,,,,,1.4138811325203744,0.5608933615084082,,,,,,,4.08818824749801,0.05100717933732674,256,2.304034549373254,0.8188541896283988,,1,119,1,exact,,,2,2.9897864904317357e-05,,,,0.023085500000888715,75df54535a592a332c88faf34b5002c187ba7e34
dv3-A-lgcp-000227,3,A,lgcp,227,,,,3:1:5:227,,test,0,238.53286880949557,,,,,,,,,0.4519759896635156,0.5924390603152327,,,,,,,5.24851912071593,0.038359202432617104,256,1.0188829065683205,0.9558408651926875,,1,258,1,exact,,,2,7.027634342240052e-05,,,,0.019024584002181655,5267ddaa418a0ef7700ac7ab49c4a0e75b1e9547
dv3-A-lgcp-000228,3,A,lgcp,228,,,,3:1:5:228,,test,0,243.54389889519007,,,,,,,,,1.487228658191014,1.000730504501915,,,,,,,4.751682880115247,0.06412516728305427,256,6.410109692283366,1.448377909053733,,1,200,1,exact,,,2,1.5048858783184189e-05,,,,0.01890412500142702,bf6f3634446502b340b6363f02399d38a81bbac1
dv3-A-lgcp-000229,3,A,lgcp,229,,,,3:1:5:229,,test,0,422.96106035944126,,,,,,,,,1.4245346462241746,0.6963199596124257,,,,,,,5.335012795808942,0.0338577934367113,256,5.741324376756917,1.0152970666891157,,1,472,1,exact,,,2,0.00010217972781397207,,,,0.01745745899825124,2b7764da359acea3360c25e9eec7e033c8893026
dv3-A-lgcp-000230,3,A,lgcp,230,,,,3:1:5:230,,test,0,683.6372852060003,,,,,,,,,0.1502334166554296,0.5039939278436608,,,,,,,6.452310783857583,0.01927580098015972,256,0.4856492569794665,0.8352405090304026,,1,699,1,exact,,,2,0.0005527644064478574,,,,0.020688291002443293,e460a85da875bf5e33b6442c36c3310fe709cf95
dv3-A-lgcp-000231,3,A,lgcp,231,,,,3:1:5:231,,test,0,269.25616945365823,,,,,,,,,1.272371385809771,1.8286699025643116,,,,,,,4.9594775363460135,0.11144292068790786,256,9.45053393803712,2.7134578108745258,,1,239,1,exact,,,2,2.8693175546556875e-06,,,,0.019822915997792734,33c94e568992a9e3c8d6e29c596f48f53cd5cebb
dv3-A-lgcp-000232,3,A,lgcp,232,,,,3:1:5:232,,test,0,124.96576377074997,,,,,,,,,0.8360146035797815,0.627154591381168,,,,,,,4.410032508163739,0.056102095372108966,256,1.421646167269131,0.9750245017001522,,1,138,1,exact,,,2,2.2471017366840325e-05,,,,0.014973208999435883,e2b4f335934d635061f2632356f2761513d05159
dv3-A-lgcp-000233,3,A,lgcp,233,,,,3:1:5:233,,test,0,164.8216364536176,,,,,,,,,1.2133317715730758,0.8454066447663574,,,,,,,4.498198012231467,0.06585041951928461,256,3.38107750142582,1.2627732983871616,,1,127,1,exact,,,2,1.3896918661418453e-05,,,,0.02024433400220005,f5cbbd9a417a81bfebe8e75ff4379c28ceaf7dbb
dv3-A-lgcp-000234,3,A,lgcp,234,,,,3:1:5:234,,test,0,604.9191378900456,,,,,,,,,0.9927843143362417,1.6014525472519683,,,,,,,5.908702635549822,0.0651126562044714,256,9.853652520967579,2.449807808067095,,1,585,1,exact,,,2,1.4374600829560558e-05,,,,0.020057624999026302,a28adc3472ae829583b2687a84615d94e163b775
dv3-A-lgcp-000235,3,A,lgcp,235,,,,3:1:5:235,,test,0,167.76456182510967,,,,,,,,,0.06237016703524545,0.5353630861988647,,,,,,,5.091376495273746,0.04133313146869498,256,0.09863035755332497,0.893865272953035,,1,167,1,exact,,,2,5.6177231222803804e-05,,,,0.01804075000109151,10def299bf5a6cb15e599eacfe6ac4da78567e09
dv3-A-lgcp-000236,3,A,lgcp,236,,,,3:1:5:236,,test,0,177.89840873341066,,,,,,,,,2.2744844020401227,1.006669386655122,,,,,,,4.0439704488866575,0.07547460172899927,256,9.217523645427304,1.3130556765417083,,1,178,1,exact,,,2,9.230317985606745e-06,,,,0.01927675000115414,dfa71a3d010d46c06368e42d5438b62f568d6bd0
dv3-A-lgcp-000237,3,A,lgcp,237,,,,3:1:5:237,,test,0,181.17413464259016,,,,,,,,,0.39788317206878276,1.1227297013281037,,,,,,,5.000517052587412,0.08341172717350784,256,1.3713714341535614,1.8203995916766078,,1,206,1,exact,,,2,6.838503641871194e-06,,,,0.021770750001451233,a3c1b294391cb6a933b8bc205110e5897b419716
dv3-A-lgcp-000238,3,A,lgcp,238,,,,3:1:5:238,,test,0,160.06746845448106,,,,,,,,,0.2395932223169778,1.3727232849856752,,,,,,,4.955798793034729,0.10850043073999381,256,0.8828015132027064,2.2573941947085516,,1,140,1,exact,,,2,3.108715349175922e-06,,,,0.020912874999339692,bb7c60a36d8ad899802f5208724c4fe7b0348e25
dv3-A-lgcp-000239,3,A,lgcp,239,,,,3:1:5:239,,test,0,103.4773551053974,,,,,,,,,0.29496432895281627,1.2907834012329698,,,,,,,4.491870633038519,0.12689096850968093,256,0.8152508393183393,2.1123150223389575,,1,91,1,exact,,,2,1.946120762669924e-06,,,,0.01692854200155125,3503e72f63518ca19f20397f00f39b323d3c87c4
dv3-A-lgcp-000240,3,A,lgcp,240,,,,3:1:5:240,,test,0,518.9862205386937,,,,,,,,,0.11367078539124414,1.2704464103910218,,,,,,,6.195041940096024,0.05576714828160817,256,0.7455049550059801,2.1120192674395115,,1,528,1,exact,,,2,2.287827026194583e-05,,,,0.01800020799782942,335dc2ce7e3d70708f571770caac09a71d75094d
dv3-A-lgcp-000241,3,A,lgcp,241,,,,3:1:5:241,,test,0,281.2997276912888,,,,,,,,,0.7793571647337086,1.5584716572078217,,,,,,,5.249742165091833,0.09292108080224253,256,4.826007186559055,2.43675322466552,,1,248,1,exact,,,2,4.947047200508746e-06,,,,0.01862358300058986,574373c970fc0446334f0a3a471b19c8d114cc49
dv3-A-lgcp-000242,3,A,lgcp,242,,,,3:1:5:242,,test,0,470.4877721835887,,,,,,,,,0.13270966751679109,1.066641453369692,,,,,,,6.087415135946511,0.04917499081641466,256,0.7061357371537436,1.7703360515284876,,1,502,1,exact,,,2,3.336490325282521e-05,,,,0.022277333999227267,81cb45de1b0e6853db98523e564606a8f3a49a57
dv3-A-lgcp-000243,3,A,lgcp,243,,,,3:1:5:243,,test,0,167.0890662413216,,,,,,,,,0.21944074581656065,0.7998870848994999,,,,,,,5.008806628124515,0.06188062174918734,256,0.5128412904468924,1.3177027692242476,,1,141,1,exact,,,2,1.6746266415414783e-05,,,,0.020916833000228507,2f599f8dc3f33815e946104670ed1fd04a1bf4fd
dv3-A-lgcp-000244,3,A,lgcp,244,,,,3:1:5:244,,test,0,522.26838889282,,,,,,,,,0.2951452462853702,0.7265297633396913,,,,,,,6.110608987574666,0.031791172119241186,256,1.196614927227078,1.1889176012241625,,1,496,1,exact,,,2,0.00012341664925895812,,,,0.023924417000671383,76c8e0f97f70ce0185c0f55e33ad915918385187
dv3-A-lgcp-000245,3,A,lgcp,245,,,,3:1:5:245,,test,0,302.0041232651548,,,,,,,,,0.2626385066505903,1.638182748337046,,,,,,,5.579121417152247,0.09426618077679823,256,1.6392148327570761,2.6884884522801316,,1,297,1,exact,,,2,4.738386941391255e-06,,,,0.017781041999114677,6c4c37257baa2ffcb94d6da0866a7ebaea087664
dv3-A-lgcp-000246,3,A,lgcp,246,,,,3:1:5:246,,test,0,117.34256378821337,,,,,,,,,0.34640615376599543,0.6463716550606492,,,,,,,4.591894475602319,0.05966979103636436,256,0.5550633890588466,1.0529160374468802,,2,84,1,exact,,,2,1.8677156078493406e-05,,,,0.024498208000295563,6a8423f1148e79896c8275fcf10475a7c7b23951
dv3-A-lgcp-000247,3,A,lgcp,247,,,,3:1:5:247,,test,0,233.0213993945072,,,,,,,,,1.2411024469915828,0.7736993469025774,,,,,,,4.83057906874749,0.05068440204606128,256,3.9647778416452555,1.1520900007525228,,1,270,1,exact,,,2,3.0472578597354174e-05,,,,0.02279962499960675,1fc3436ca81fd153b4a1d9cf7b372ec717c23afc
dv3-A-lgcp-000248,3,A,lgcp,248,,,,3:1:5:248,,test,0,121.32759150835608,,,,,,,,,0.6493429335488221,0.601636378766868,,,,,,,4.473822788341135,0.05462032756961789,256,1.0211093143252443,0.952774318174272,,2,135,1,exact,,,2,2.4349514256298397e-05,,,,0.020010040996567113,2a2b720e9ada192f288ec8bb5695998c99d1ed24
dv3-A-lgcp-000249,3,A,lgcp,249,,,,3:1:5:249,,test,0,296.94055363613086,,,,,,,,,0.17308282080272808,1.4849860043084695,,,,,,,5.606990552260125,0.08617625236888415,256,0.9739845376362679,2.456154648457496,,1,289,1,exact,,,2,6.201406174435325e-06,,,,0.01723024999955669,70ad20dd191a9d4277536d86673eb88564406ef5
dv3-A-lgcp-000250,3,A,lgcp,250,,,,3:1:5:250,,test,0,115.25159709185984,,,,,,,,,2.958563393413483,0.8642958527634356,,,,,,,3.267835842704021,0.08050798424432275,256,9.126390099661734,1.0108966102199826,,1,48,1,exact,,,2,7.605296376914523e-06,,,,0.023019541997200577,b508006136edc990b5ea9318fe87d076d7a64aa7
dv3-A-lgcp-000251,3,A,lgcp,251,,,,3:1:5:251,,test,0,165.48628559938692,,,,,,,,,0.46238281641374235,0.8379632674837504,,,,,,,4.87769691670767,0.06513943352316193,256,1.1558744960687717,1.350672673242539,,1,166,1,exact,,,2,1.435688349429164e-05,,,,0.017293667002377333,265685f0bc97c5194439d9ede49f9d1195c64ca2
dv3-A-lgcp-000252,3,A,lgcp,252,,,,3:1:5:252,,test,0,165.30373064977988,,,,,,,,,0.4072599674060984,0.5206309692846693,,,,,,,4.90415458983344,0.04049381278495258,256,0.6473699283840648,0.84343357960032,,2,173,1,exact,,,2,5.9741970933547953e-05,,,,0.0189513330005866,977413c1591cf90759bf09a3e7d71170080af8c4
dv3-A-lgcp-000253,3,A,lgcp,253,,,,3:1:5:253,,test,0,294.9111416611911,,,,,,,,,2.4170764907903344,1.4835880010124454,,,,,,,4.4781358508625635,0.08639084501340034,512,19.00886523116123,1.8945426140791422,,1,253,1,exact,,,2,7.694817450243288e-07,,,,0.08323537500109524,23de57e4339a8dd054bf176dc6e27bd7a51cc8c7
dv3-A-lgcp-000254,3,A,lgcp,254,,,,3:1:5:254,,test,0,678.2981262652527,,,,,,,,,0.10324926367188265,0.5154309797077058,,,,,,,6.467962273714006,0.019790656882733765,256,0.3377563973558542,0.8576226026552156,,1,713,1,exact,,,2,0.0005108066498956904,,,,0.02040554199993494,f87a14b1c7b964d57e29aac16c59f0968a2a3d7d
dv3-A-lgcp-000255,3,A,lgcp,255,,,,3:1:5:255,,test,0,219.40730636118593,,,,,,,,,0.39173804723309186,0.6618360212100443,,,,,,,5.195060825225186,0.04468120300429733,256,0.9234449372468737,1.0737034758950028,,1,216,1,exact,,,2,4.447479560369649e-05,,,,0.015994792000128655,7c23859cb25543ac10d8a26cba83daf8337bcb00
dv3-A-lgcp-000256,3,A,lgcp,256,,,,3:1:5:256,,test,0,105.20557250574055,,,,,,,,,0.5677152481494828,0.6765216171183509,,,,,,,4.372058645412864,0.06595721450311054,256,0.9233469497553867,1.0797641162272518,,2,95,1,exact,,,2,1.3829533737039989e-05,,,,0.018733875000179978,226311fd78bf654679ac657b24dcdba8ab5de29f
dv3-A-lgcp-000257,3,A,lgcp,257,,,,3:1:5:257,,test,0,600.1145426174901,,,,,,,,,0.7726851123542082,0.5694296462324068,,,,,,,6.0107779851816066,0.023244649314785214,256,2.850503455690723,0.8909257660752458,,1,561,1,exact,,,2,0.0003154771465521581,,,,0.025054833000467625,9ae0284b5392ce395f626b830936e269bc92b099
dv3-A-lgcp-000258,3,A,lgcp,258,,,,3:1:5:258,,test,0,219.78195780471722,,,,,,,,,0.22058741837575196,0.8025998383342656,,,,,,,5.2823422448115975,0.054138104874346435,256,0.6194279536065053,1.3220395481059746,,1,223,1,exact,,,2,2.50058561385072e-05,,,,0.019244625000283122,22add5d8a9e0dc591d748dc964f7cae750bd85ad
dv3-A-lgcp-000259,3,A,lgcp,259,,,,3:1:5:259,,test,0,120.32230171169829,,,,,,,,,0.6485749681886861,0.6676980114540935,,,,,,,4.465886505841917,0.06087052075620336,256,1.1275931158908243,1.0574704923295173,,2,113,1,exact,,,2,1.7593713984977612e-05,,,,0.020154208003077656,d3a0427974b8259ed5f31f6b5d47ee6398ee2369
dv3-A-lgcp-000260,3,A,lgcp,260,,,,3:1:5:260,,test,0,452.3486216080591,,,,,,,,,0.2040746779258542,0.5280585791131736,,,,,,,6.012415830324031,0.024828213264684165,256,0.5532444190822247,0.8710663952330207,,1,447,1,exact,,,2,0.0002589383593617036,,,,0.01346866600215435,59875e199c83bb52ebaf92c3351640349cee2bf7
dv3-A-lgcp-000261,3,A,lgcp,261,,,,3:1:5:261,,test,0,408.4802210992183,,,,,,,,,0.32331650183826965,0.5599173802613691,,,,,,,5.85078524384695,0.027703741886194927,256,0.8924521131546529,0.9139729928843962,,1,377,1,exact,,,2,0.0001864446553151012,,,,0.012116375000914559,2d573a792bfd1f6530f59f5c684aa15184b20775
dv3-A-lgcp-000262,3,A,lgcp,262,,,,3:1:5:262,,test,0,604.8433800045657,,,,,,,,,0.10422735817612921,1.0018361658789783,,,,,,,6.352855869403084,0.04073570525772165,256,0.6006843955227972,1.6668111215002903,,1,569,1,exact,,,2,5.8684404009655126e-05,,,,0.0210262500004319,b6fbe9997d4f9674a7105e8d77db82f0053802a0
dv3-A-lgcp-000263,3,A,lgcp,263,,,,3:1:5:263,,test,0,416.87516210266534,,,,,,,,,0.05898667087839876,0.5503168587899908,,,,,,,6.003293470082584,0.026953167326273685,256,0.15665944803602508,0.9190937276705725,,1,439,1,exact,,,2,0.00020244425521028956,,,,0.016794666000350844,ca5409772ea0cc42bf0a83868876ec97687fd5b8
dv3-A-lgcp-000264,3,A,lgcp,264,,,,3:1:5:264,,test,0,130.77863892622867,,,,,,,,,1.2260020045581017,0.9745655062723695,,,,,,,4.260505112445806,0.08522021574719693,256,3.3942103296549826,1.4536439266526415,,1,113,1,exact,,,2,6.412409338328921e-06,,,,0.02462766700045904,4cc5390b4b3685279f35e841aa9ac6e7211f4320
dv3-A-lgcp-000265,3,A,lgcp,265,,,,3:1:5:265,,test,0,223.07989806902975,,,,,,,,,0.655955417110779,1.8048298287315472,,,,,,,5.079552286040226,0.12083869913965707,256,3.958079949045593,2.8563704198627047,,1,170,1,exact,,,2,2.2521159020809652e-06,,,,0.02172137500019744,f5081cb2300bf396389dab8a1d5f90e3e7e513a6
dv3-A-lgcp-000266,3,A,lgcp,266,,,,3:1:5:266,,test,0,224.4218905671725,,,,,,,,,0.08614543208112709,1.2759547826023896,,,,,,,5.370455004397249,0.08517314343341083,256,0.3634004648830228,2.126128287974589,,1,188,1,exact,,,2,6.4230442574414025e-06,,,,0.02062183399903006,72de680e89ec29eb0927f16e07b4af3f1ab68fa0
dv3-A-lgcp-000267,3,A,lgcp,267,,,,3:1:5:267,,test,0,173.90052911115325,,,,,,,,,2.854099504585276,0.5458219314884587,,,,,,,3.731433711680298,0.04139048641813431,512,7.057086613502396,0.6499227608668464,,1,109,1,exact,,,2,6.995746867919336e-06,,,,0.07382916600181488,3a386920e48352bdd71dfe708dd003a63243c728
dv3-A-lgcp-000268,3,A,lgcp,268,,,,3:1:5:268,,test,0,448.6166773456093,,,,,,,,,0.1404619130683726,1.652909452625646,,,,,,,6.035937841288914,0.07803893897953045,256,1.0674039830539424,2.7415656633917185,,1,369,1,exact,,,2,8.350103535774241e-06,,,,0.01525374999982887,96f80046839d8467d232e67b83aca321824c23df
dv3-A-lgcp-000269,3,A,lgcp,269,,,,3:1:5:269,,test,0,267.6711585512182,,,,,,,,,0.0614311193121441,1.0421843720851558,,,,,,,5.5590436471177025,0.06370063581051369,256,0.2369463525936673,1.740213128272987,,1,290,1,exact,,,2,1.5351701063185202e-05,,,,0.02728354100327124,6b879c742c1e8fbcfd7707281d3e576a0a0a3ca8
dv3-A-lgcp-000270,3,A,lgcp,270,,,,3:1:5:270,,test,0,533.9535155790613,,,,,,,,,0.0614211952264288,0.5065932821781106,,,,,,,6.249598188080542,0.021923389575169996,256,0.17246515617125324,0.8458973656230754,,1,515,1,exact,,,2,0.00037593826762998244,,,,0.018092166999849724,7b9cca3a3502de3bb035e042217871816d5d14e8
dv3-A-lgcp-000271,3,A,lgcp,271,,,,3:1:5:271,,test,0,298.73005800129005,,,,,,,,,0.10701306428599862,1.813138530969628,,,,,,,5.646033817414626,0.10490387376165126,256,0.7091253283459927,3.0159077157552914,,1,253,1,exact,,,2,3.4390588055691267e-06,,,,0.016636415999528253,5cd32024b5503abb435b9d42a87aa1b9577221c8
dv3-A-lgcp-000272,3,A,lgcp,272,,,,3:1:5:272,,test,0,446.7294802778961,,,,,,,,,0.15533732667843936,1.162636636116876,,,,,,,6.024284558538336,0.05500747340323836,256,0.8654818461960959,1.9259283829891634,,1,421,1,exact,,,2,2.3839104368748487e-05,,,,0.017878541999380104,b1586ffc754a12bdc7b1d2faf3a2844049eca7cb
dv3-A-lgcp-000273,3,A,lgcp,273,,,,3:1:5:273,,test,0,787.4353175901219,,,,,,,,,0.1982530290205878,0.9031219575373425,,,,,,,6.56965471642262,0.0321839212253921,256,1.2074385255664617,1.4905100014919097,,1,784,1,exact,,,2,0.00011895596576301616,,,,0.018296917001862312,3e7ef2b5e6ed9a923517f98fb7d89bf0991cb9eb
dv3-A-lgcp-000274,3,A,lgcp,274,,,,3:1:5:274,,test,0,513.878695424864,,,,,,,,,0.8164027879703046,0.952029194382929,,,,,,,5.833785842498425,0.04199716359069508,256,4.524785555381212,1.4830325609166708,,1,483,1,exact,,,2,5.355532187368442e-05,,,,0.01244804199814098,76a77f69c2ab05796e3b74adc6d72b7196e59651
dv3-A-lgcp-000275,3,A,lgcp,275,,,,3:1:5:275,,test,0,187.60417134662944,,,,,,,,,0.6404755683217197,0.6632939728410406,,,,,,,4.914096487487249,0.048426692228950886,256,1.4380898509235243,1.051316983228495,,1,192,1,exact,,,2,3.4935204441435505e-05,,,,0.019887499998731073,b003f665569d60fd05285b553f6adc949a90c05b
dv3-A-lgcp-000276,3,A,lgcp,276,,,,3:1:5:276,,test,0,537.5899544899609,,,,,,,,,1.6703198064742317,0.7938655219454452,,,,,,,5.451936199952674,0.03423902335927204,512,9.039411323171734,1.1235907385487307,,1,603,1,exact,,,2,1.235793694131689e-05,,,,0.07315987500260235,58167e8fa61ace255bcda341d428e8f53592f365
dv3-A-lgcp-000277,3,A,lgcp,277,,,,3:1:5:277,,test,0,303.1947337873726,,,,,,,,,1.1209642426282571,1.1304381170243352,,,,,,,5.1538931635280925,0.06492111440537994,256,5.769881965216421,1.7057471980755694,,1,296,1,exact,,,2,1.4502189371745178e-05,,,,0.02597845800119103,1956f5046157859f34f8d22cd4c236bc548b1560
dv3-A-lgcp-000278,3,A,lgcp,278,,,,3:1:5:278,,test,0,193.64049415185949,,,,,,,,,0.19869651680135295,1.069439334504952,,,,,,,5.166655058577597,0.07685251113086562,256,0.6705746247011606,1.7649318828360652,,1,199,1,exact,,,2,8.742759917951535e-06,,,,0.020154917001491413,479c7faec6949aad8e7a5e6d52ff94a34c121ba5
dv3-A-lgcp-000279,3,A,lgcp,279,,,,3:1:5:279,,test,0,729.1183798939059,,,,,,,,,0.6419820133416569,0.6628652660690113,,,,,,,6.27084509884028,0.024548572310224736,256,2.9690192247770777,1.050484880467051,,1,702,1,exact,,,2,0.00026787892002637424,,,,0.02278149999983725,83caf05eb60753c8d61b2540412d7237823390f4
dv3-A-lgcp-000280,3,A,lgcp,280,,,,3:1:5:280,,test,0,526.511067607744,,,,,,,,,1.0504718118190821,0.5365533057767979,,,,,,,5.741036446540878,0.023383478811335567,256,3.526094421148184,0.8157867261773101,,1,532,1,exact,,,2,0.000309897991797393,,,,0.02061849999881815,59e2733e43d16411cb15959681af45bc28ee68fd
dv3-A-lgcp-000281,3,A,lgcp,281,,,,3:1:5:281,,test,0,155.9741074293883,,,,,,,,,0.17818840775133596,1.176992448514575,,,,,,,4.9605958115812525,0.09424263533899674,256,0.5552630054367064,1.9458789515924273,,1,168,1,exact,,,2,4.7419374305653825e-06,,,,0.016735917000914924,4ca3a41dbdf75cbf2c9e3ff6e067aa9d3f27b55c
dv3-A-lgcp-000282,3,A,lgcp,282,,,,3:1:5:282,,test,0,349.8509004408025,,,,,,,,,0.22383999746790556,1.613046412316376,,,,,,,5.745587066245701,0.08623932836294718,256,1.474048732010378,2.656250856954738,,1,436,1,exact,,,2,6.187812633014345e-06,,,,0.0198181250016205,74780d98ff18fe71b26386674a7794242324d5c6
dv3-A-lgcp-000283,3,A,lgcp,283,,,,3:1:5:283,,test,0,289.9658318212336,,,,,,,,,0.1756027302964862,1.9474736838120301,,,,,,,5.581961729584711,0.1143663300043717,256,1.2229541700956463,3.220405826714161,,1,340,1,exact,,,2,2.655294134229834e-06,,,,0.022181416999956127,71abbb633410fbd0ac650afc2e56d2eb69e79c98
dv3-A-lgcp-000284,3,A,lgcp,284,,,,3:1:5:284,,test,0,479.42113901328617,,,,,,,,,0.25424596216812195,1.497355614656305,,,,,,,6.045456434673503,0.06838586832658394,256,1.8825509071210447,2.459185531795332,,1,538,1,exact,,,2,1.2408006133604697e-05,,,,0.021901916999922832,3eaafd0f446c545ebca99ca246d2c5f8297a02f6
dv3-A-lgcp-000285,3,A,lgcp,285,,,,3:1:5:285,,test,0,582.9989716376651,,,,,,,,,0.46160174306216484,1.0393653668410012,,,,,,,6.137384550903043,0.043046153206258174,256,2.8299743345046693,1.6754238379508162,,1,637,1,exact,,,2,4.9735929435242715e-05,,,,0.01965912499872502,34c12fc6e93d97ccfcc13eb15d62dc5e8ae019e4
dv3-A-lgcp-000286,3,A,lgcp,286,,,,3:1:5:286,,test,0,112.20023141990995,,,,,,,,,0.20874893826759366,0.8443633390308525,,,,,,,4.615910586518715,0.07971361271242845,256,0.4109446879533672,1.3922659422254475,,1,134,1,exact,,,2,7.834894852912596e-06,,,,0.019234875002439367,3d799cfb217d8eeda6150dd76d05da4afce58a98
dv3-A-lgcp-000287,3,A,lgcp,287,,,,3:1:5:287,,test,0,233.16006085640967,,,,,,,,,0.08744400948204749,0.6920377585140471,,,,,,,5.408003169443367,0.0453213367423475,256,0.21512106531924113,1.1530186826093085,,1,247,1,exact,,,2,4.261729858236686e-05,,,,0.021334624998416984,05801b37f080dc96c3bf619cf543abd7f6428468
dv3-A-lgcp-000288,3,A,lgcp,288,,,,3:1:5:288,,test,0,343.2817285586867,,,,,,,,,1.0158602716927663,0.6036723673611166,,,,,,,5.330621340243361,0.03258186595562499,256,3.0118412864987496,0.9212173660476234,,1,355,1,exact,,,2,0.00011465281533759537,,,,0.01933383299910929,05b586b811cfd9999ac113ffa97beec220f9959d
dv3-A-lgcp-000289,3,A,lgcp,289,,,,3:1:5:289,,test,0,156.11913046543162,,,,,,,,,0.9290188572784204,0.9188353818863075,,,,,,,4.586109944002503,0.07353763327676575,256,2.5762965258348167,1.4149637249334768,,1,152,1,exact,,,2,9.978960246550194e-06,,,,0.020146041999396402,dab41e5d48f3d8893afdee29949514567c27f863
dv3-A-lgcp-000290,3,A,lgcp,290,,,,3:1:5:290,,test,0,720.4307278067158,,,,,,,,,2.3923395063388786,0.5521567722045202,,,,,,,5.383679513035479,0.02057151558769202,1024,11.905917844703549,0.7077413591707268,,1,818,1,exact,,,2,7.122724664828642e-06,,,,0.3763881250015402,f0bc7c1ba27c4d10ab88c843a63696d637c26459
dv3-A-lgcp-000291,3,A,lgcp,291,,,,3:1:5:291,,test,0,121.9875080908007,,,,,,,,,0.1250179533623196,0.5339555400035393,,,,,,,4.741409670111251,0.04834453829498001,256,0.16413607787482137,0.8868032096971177,,1,115,1,exact,,,2,3.5113562117025074e-05,,,,0.022202166001079604,427c245444e6de560b97d3bf02c8f8b276f6de9c
dv3-A-lgcp-000292,3,A,lgcp,292,,,,3:1:5:292,,test,0,318.29260809170717,,,,,,,,,2.909444169210417,1.5481631586599596,,,,,,,4.308249026327119,0.08677676424329193,512,26.84585864831461,1.8261553505225776,,1,270,1,exact,,,2,7.592633625736272e-07,,,,0.08579741699941223,58f6037630d858ce0ac3e99fac01adc11375a5ed
dv3-A-lgcp-000293,3,A,lgcp,293,,,,3:1:5:293,,test,0,674.8568842100611,,,,,,,,,0.32087678399780434,0.5193907452010847,,,,,,,6.354062253000989,0.019993478758720342,256,1.0838020629110923,0.8480046142493282,,1,666,1,exact,,,2,0.0004954436956477033,,,,0.021922625001025153,7fe61716fe1116a92ad3120b97d4e3b2a2c1b469
dv3-A-lgcp-000294,3,A,lgcp,294,,,,3:1:5:294,,test,0,167.70313777213636,,,,,,,,,2.444690654859161,0.5280548678086125,,,,,,,3.899850051851472,0.04077636013250093,256,5.337658656473179,0.6715035627397593,,1,156,1,exact,,,2,5.8509114308615374e-05,,,,0.015920375000860076,62243ea4c2de37df87f068ba26bc64ca9969d140
dv3-A-lgcp-000295,3,A,lgcp,295,,,,3:1:5:295,,test,0,387.4679284312027,,,,,,,,,0.5143428570303261,1.7481904874362517,,,,,,,5.702461651514167,0.08881184091707385,256,3.9702348762349553,2.8042532538794194,,1,324,1,exact,,,2,5.665684554638491e-06,,,,0.01205708300039987,4ebf9cf615f8f79060be4d6f461199d1f6e58b72
dv3-A-lgcp-000296,3,A,lgcp,296,,,,3:1:5:296,,test,0,271.260460598351,,,,,,,,,0.5020250153143972,1.2339946675869158,,,,,,,5.352066960871767,0.07492384134975917,256,2.401889013396793,1.981714950408029,,1,251,1,exact,,,2,9.4353418008878e-06,,,,0.014474542000243673,646b1fe9614b5591c01ffd8f87ef66798dd6790d
dv3-A-lgcp-000297,3,A,lgcp,297,,,,3:1:5:297,,test,0,210.1541482552078,,,,,,,,,0.9858266405635343,1.3470214143170667,,,,,,,4.854927980471125,0.09291921165062912,256,4.745558104712527,2.0621012225149933,,1,288,1,exact,,,2,4.947345606695454e-06,,,,0.013361583001824329,7b4deaa8447757516b8157688bb52b768b2f4bdb
dv3-A-lgcp-000298,3,A,lgcp,298,,,,3:1:5:298,,test,0,700.866219618924,,,,,,,,,1.6039653604817818,0.7939446752590082,,,,,,,5.750334346382613,0.02998973831535046,512,9.886593419012105,1.1329764313522501,,1,757,1,exact,,,2,1.8389386453931566e-05,,,,0.06446045800112188,5da97c5cc8efee9f2f5b8a8f2bcb5bcbc2f2fd84
dv3-A-lgcp-000299,3,A,lgcp,299,,,,3:1:5:299,,test,0,230.40022885298077,,,,,,,,,0.8109398065300294,0.7226263637066515,,,,,,,5.034348018841735,0.04760716816038108,256,2.269958763402258,1.1262969246931431,,1,210,1,exact,,,2,3.6770105359137005e-05,,,,0.01796124999964377,f9c71185aeb368bb83eab4b4bd03e74d8d8ab932
dv3-A-lgcp-000300,3,A,lgcp,300,,,,3:1:5:300,,test,0,382.72578944031414,,,,,,,,,1.987640974028153,1.149265370526099,,,,,,,4.953498291284844,0.05874575057939174,512,13.1309209841542,1.5607859215230488,,1,327,1,exact,,,2,2.4470005087311074e-06,,,,0.05832512499910081,548daa4acb8e62e81768f2bea4d876d48352fdd2
dv3-A-lgcp-000301,3,A,lgcp,301,,,,3:1:5:301,,test,0,437.5682744399755,,,,,,,,,0.05451306243737195,0.7692917303588076,,,,,,,6.053976218266334,0.03677630993452448,256,0.2025197772218072,1.2852895634725503,,1,415,1,exact,,,2,7.974245118353675e-05,,,,0.017376165997120552,e93f89acbc016ff4013b960efd985ca458032815
dv3-A-lgcp-000302,3,A,lgcp,302,,,,3:1:5:302,,test,0,569.9379746921504,,,,,,,,,0.14629197214878709,0.6107401767308391,,,,,,,6.272381552503715,0.025582482931261405,256,0.5165889056033705,1.0124868579067632,,1,562,1,exact,,,2,0.00023672493165584487,,,,0.02192749999812804,59721946a73731a404a6c42f07279a445e1798db
dv3-A-lgcp-000303,3,A,lgcp,303,,,,3:1:5:303,,test,0,268.4969088709187,,,,,,,,,0.2153531563990264,1.0093676957233038,,,,,,,5.485162823098103,0.061599864403853885,256,0.8244381014289037,1.6633849622494736,,1,221,1,exact,,,2,1.697625137949952e-05,,,,0.017261332999623846,3dee1cbf63a13d0cac45368213873432887de028
dv3-A-lgcp-000304,3,A,lgcp,304,,,,3:1:5:304,,test,0,118.90835718050565,,,,,,,,,0.17311681300328835,0.8326676837205087,,,,,,,4.691794682197757,0.07635992976801269,256,0.3441434101457467,1.3772214720343763,,1,128,1,exact,,,2,8.91302007360693e-06,,,,0.02016979200197966,83aa9b7ddefc6e20900d006ceabe947a544d165e
dv3-A-lgcp-000305,3,A,lgcp,305,,,,3:1:5:305,,test,0,230.83615641279272,,,,,,,,,0.06559800438777834,1.2236875698009484,,,,,,,5.408909177071826,0.080541299281986,256,0.2709122499696808,2.0425675675884842,,1,208,1,exact,,,2,7.595864491854781e-06,,,,0.023465792000934016,237f4c93769d2bcf613587826b8ba3c9f9aa5169
dv3-A-lgcp-000306,3,A,lgcp,306,,,,3:1:5:306,,test,0,668.4945323689718,,,,,,,,,1.81333179115301,0.5980316588655906,,,,,,,5.5983623219776275,0.023129979385990814,512,8.58945444108968,0.8311551706904257,,1,706,1,exact,,,2,4.0076149830077016e-05,,,,0.07521858300242457,d6a08874880da9a9f9518ec0b5787e2fbfc89831
dv3-A-lgcp-000307,3,A,lgcp,307,,,,3:1:5:307,,test,0,166.87790145174947,,,,,,,,,1.8753583723936165,0.5005505570041909,,,,,,,4.179583229783329,0.03874793246597534,256,3.539662024318223,0.6900595809390283,,1,172,1,exact,,,2,6.818324350762136e-05,,,,0.01834058299937169,86c943e0abd4cab9ed2212f34e4e717e0008be3a
dv3-A-lgcp-000308,3,A,lgcp,308,,,,3:1:5:308,,test,0,271.505511875798,,,,,,,,,0.2304108059015364,0.6792530874117155,,,,,,,5.488777037785464,0.04122325641753812,256,0.6171377149601319,1.117904642479658,,1,260,1,exact,,,2,5.6627467075566245e-05,,,,0.016547249997529434,67c6bf43740728a296241fffbce301a271adeab9
dv3-A-lgcp-000309,3,A,lgcp,309,,,,3:1:5:309,,test,0,796.8109871728055,,,,,,,,,1.1342712734559732,1.2566030262239085,,,,,,,6.11348185856983,0.044516441844386585,256,10.711203822466295,1.893377545460383,,1,741,1,exact,,,2,4.49702955025288e-05,,,,0.01650191700173309,887347463dec12f553c34edb722ba708a7f930bc
dv3-A-lgcp-000310,3,A,lgcp,310,,,,3:1:5:310,,test,0,268.03615665506055,,,,,,,,,2.1638820312094977,1.311554116069981,,,,,,,4.5091808686981985,0.08011051501337065,512,13.881010947128724,1.7381779285071801,,1,138,1,exact,,,2,9.649772709967723e-07,,,,0.06502320799700101,31d04f13a454a22709c2f40944386055c17a6fd7
dv3-A-lgcp-000311,3,A,lgcp,311,,,,3:1:5:311,,test,0,216.75622008074953,,,,,,,,,1.1570645558429498,0.8825998349893294,,,,,,,4.800241034355103,0.059948463636905966,256,4.002779663565895,1.3265422302642644,,1,255,1,exact,,,2,1.841794372083202e-05,,,,0.016267375001916662,feafa75d94d8ad4672615b1ea942e1a023c2b97a
dv3-A-lgcp-000312,3,A,lgcp,312,,,,3:1:5:312,,test,0,516.0156535729282,,,,,,,,,0.3203074332099353,0.7865092221517761,,,,,,,6.0859833847981,0.03462361270026819,256,1.3953995308863596,1.2841918077574692,,1,545,1,exact,,,2,9.555180707841783e-05,,,,0.01138041699960013,78f9e763af44ab8420a3d470cb7cd036d01da78c
dv3-A-lgcp-000313,3,A,lgcp,313,,,,3:1:5:313,,test,0,164.37640272356575,,,,,,,,,0.22757506452428589,1.4162554221865045,,,,,,,4.988371404312962,0.11046427578236287,256,0.8797755418499338,2.3314293992293194,,1,184,1,exact,,,2,2.94611147677126e-06,,,,0.011207249997823965,52c579d4043af30aeb16c6365822b5179c34da39
dv3-A-lgcp-000314,3,A,lgcp,314,,,,3:1:5:314,,test,0,412.0020256229391,,,,,,,,,0.48802094764041676,1.3875064883174073,,,,,,,5.777017792077763,0.06835737028773535,256,3.19360460140716,2.231150737267074,,1,353,1,exact,,,2,1.2423529057360964e-05,,,,0.01569595900218701,9a79fc186d47bfab5e089012f821a18755cd226a
dv3-A-lgcp-000315,3,A,lgcp,315,,,,3:1:5:315,,test,0,535.4461040592455,,,,,,,,,1.0047769685392118,1.6101536144906536,,,,,,,5.780711754538567,0.06958400632482051,256,9.35275472724786,2.4600085886478924,,1,629,1,exact,,,2,1.1778119046611029e-05,,,,0.014496957999654114,09b0df2a1aa3969388e6a21ae458ebb81b8cbbd3
dv3-A-lgcp-000316,3,A,lgcp,316,,,,3:1:5:316,,test,0,602.9440849532673,,,,,,,,,2.8993743011027853,1.8475839668355143,,,,,,,4.952137313772242,0.07524292419103126,1024,44.11607996666846,2.1830991661480423,,1,785,1,exact,,,2,1.4558063094215395e-07,,,,0.31759512499775155,3735918486c6fb4bb98d372417c8d032f1f653fa
dv3-A-lgcp-000317,3,A,lgcp,317,,,,3:1:5:317,,test,0,341.03986970327634,,,,,,,,,0.11373339885704409,0.831773577886137,,,,,,,5.775132690971348,0.04504043161087186,256,0.405445820612926,1.3827521258076494,,1,344,1,exact,,,2,4.341942102246475e-05,,,,0.013633541002491256,5f43136b13589bb32905d09cd41afa053c523db0
dv3-A-lgcp-000318,3,A,lgcp,318,,,,3:1:5:318,,test,0,242.07345898133937,,,,,,,,,0.19206063175475263,1.1153029511675265,,,,,,,5.393210913727145,0.07168351015541502,256,0.7614002717702127,1.8416806233690262,,1,218,1,exact,,,2,1.07733752342041e-05,,,,0.013360542001464637,fb08c5b0753c2d52fcc90c275216fbe6061dd9d6
dv3-A-lgcp-000319,3,A,lgcp,319,,,,3:1:5:319,,test,0,770.9067787892,,,,,,,,,2.3834172933705307,1.9158088628602494,,,,,,,5.455858810085692,0.06900034238907499,1024,38.97218553286737,2.4589321541656037,,1,687,1,exact,,,2,1.8877434460496424e-07,,,,0.3049532920013007,7d7ded7b467413999d9a5347e7eca9152603098d
dv3-A-lgcp-000320,3,A,lgcp,320,,,,3:1:5:320,,test,0,156.2195725932889,,,,,,,,,1.3185004245832435,1.7496418081940348,,,,,,,4.392012321958537,0.13998497533443846,256,6.778139090963716,2.5826339944506156,,1,149,1,exact,,,2,1.4522058904776616e-06,,,,0.014262332999351202,14dbe8d8092f90ff14cdd9f0ec2e77cffea3f73c
dv3-A-lgcp-000321,3,A,lgcp,321,,,,3:1:5:321,,test,0,161.56226661620025,,,,,,,,,0.08689897678318209,1.3780062450774988,,,,,,,5.04144113176822,0.10841296373106211,256,0.31744803023376605,2.2960309149476235,,1,158,1,exact,,,2,3.1162338615343315e-06,,,,0.01375108299907879,66230c342656630be259fd9b3b562630193563b2
dv3-A-lgcp-000322,3,A,lgcp,322,,,,3:1:5:322,,test,0,413.98924226314386,,,,,,,,,0.12972831086110598,0.538470667901234,,,,,,,5.960975833185516,0.026464733379380836,256,0.3390045120483265,0.893942938595636,,1,387,1,exact,,,2,0.00021385090605113404,,,,0.012947666997206397,6d17daa020f8c3657553ccb505daeccda1f11365
dv3-A-lgcp-000323,3,A,lgcp,323,,,,3:1:5:323,,test,0,435.3575499682759,,,,,,,,,2.7490359609541986,0.7176434134214633,,,,,,,4.7016496669424885,0.03439423569332157,1024,14.246861212082553,0.8696222121698434,,1,402,1,exact,,,2,1.5241357056995588e-06,,,,0.3042566249969241,443dacc6a8c1d1d068d3bc37e1d3a27106cbb533
dv3-A-lgcp-000324,3,A,lgcp,324,,,,3:1:5:324,,test,0,183.71318421574847,,,,,,,,,0.37138825692182076,1.034799878847305,,,,,,,5.027681631548156,0.07634598574196881,256,1.199028962798055,1.681863074042621,,1,177,1,exact,,,2,8.917903907846192e-06,,,,0.015915292002318893,5e9abe203f0b0fadd7d5f1e1615003f4d5ddb0df
dv3-A-lgcp-000325,3,A,lgcp,325,,,,3:1:5:325,,test,0,237.71513078084206,,,,,,,,,0.7977238101259049,1.387270151721313,,,,,,,5.072211122224053,0.08997723211600435,256,4.10262335521875,2.1650912849240656,,1,247,1,exact,,,2,5.448452608447252e-06,,,,0.017762416999175912,8dfedca5e7d0bcec3219839580285d401429d67c
dv3-A-lgcp-000326,3,A,lgcp,326,,,,3:1:5:326,,test,0,173.62225570198262,,,,,,,,,0.8091591196506077,0.5844499561411299,,,,,,,4.752302435232181,0.04435520933433799,256,1.5684967799285732,0.911096031370256,,1,147,1,exact,,,2,4.54623342056899e-05,,,,0.01694629200210329,7040d6d68099579933945a06b1d0a767e6976bce
dv3-A-lgcp-000327,3,A,lgcp,327,,,,3:1:5:327,,test,0,375.174913468268,,,,,,,,,0.1105769997836795,1.1021472331675908,,,,,,,5.872103853246535,0.05690136951425705,256,0.5333845293167153,1.8327164842318298,,1,381,1,exact,,,2,2.153749863689733e-05,,,,0.01598816700061434,81eeb1a17bc83542b9161b365aef3afde374e89e
dv3-A-lgcp-000328,3,A,lgcp,328,,,,3:1:5:328,,test,0,108.0418195178527,,,,,,,,,2.2068333324664926,1.115738750484232,,,,,,,3.57910170369942,0.10734123111889418,256,7.326149515581751,1.4696358759562569,,1,91,1,exact,,,2,3.2103651625957744e-06,,,,0.01528524999957881,e4b388adb3ec07f5b8303564609eef18dfe2c337
dv3-A-lgcp-000329,3,A,lgcp,329,,,,3:1:5:329,,test,0,478.48146932698876,,,,,,,,,1.3921891223714475,0.6668080968881949,,,,,,,5.474522922368026,0.03048374381737779,256,5.7424981315157275,0.9759468403933211,,1,493,1,exact,,,2,0.00013997588841867654,,,,0.013211999998020474,b25b7cbe0da68157b070f863411e6a7c863745c3
dv3-A-lgcp-000330,3,A,lgcp,330,,,,3:1:5:330,,test,0,288.41029141757275,,,,,,,,,0.09660333204523691,1.1933416322462136,,,,,,,5.616082423278449,0.07026829493628826,256,0.4406336691206849,1.9867123726483213,,1,296,1,exact,,,2,1.1437411355873757e-05,,,,0.01876754200202413,953f989d9fb5eca6084c67088e9c7eeb443f3b96
dv3-A-lgcp-000331,3,A,lgcp,331,,,,3:1:5:331,,test,0,248.83325808814325,,,,,,,,,0.05730014663755143,0.6569353628956793,,,,,,,5.488132952600392,0.0416455332717838,256,0.13902960208778273,1.097314378400771,,1,259,1,exact,,,2,5.492289659992566e-05,,,,0.01645529099914711,25c677a771afd9d551db8fe17b3eae1bd7054467
dv3-A-lgcp-000332,3,A,lgcp,332,,,,3:1:5:332,,test,0,613.5031230001791,,,,,,,,,0.1271446794545632,0.7736805220655366,,,,,,,6.355613014875567,0.031235846103383494,256,0.5771264691687059,1.284709984989634,,1,575,1,exact,,,2,0.00013011253686535422,,,,0.014643958002125146,de1fb41ceaf1fd66279ed4ac789d26bf7cbe818c
dv3-A-lgcp-000333,3,A,lgcp,333,,,,3:1:5:333,,test,0,151.96845284663613,,,,,,,,,1.069685136022883,1.657738507982216,,,,,,,4.488830384232358,0.13447430391149998,256,4.936015575860752,2.5152852190626644,,1,164,1,exact,,,2,1.636685932393455e-06,,,,0.013890375001210487,ae143f6ea0ecd9ac66530a738ee3a7e4fb331c9b
dv3-A-lgcp-000334,3,A,lgcp,334,,,,3:1:5:334,,test,0,282.74390766321426,,,,,,,,,1.0780800547531306,0.769808997752211,,,,,,,5.105501540661498,0.04578111387145477,256,3.7064809469702733,1.1669785156473251,,1,264,1,exact,,,2,4.1346504634388245e-05,,,,0.013745166997978231,1fe3f1ea2cf9b6611c9ad4fcb3b7c014a03ee270
dv3-A-lgcp-000335,3,A,lgcp,335,,,,3:1:5:335,,test,0,168.78636262723256,,,,,,,,,1.873264405762302,0.9913789384887305,,,,,,,4.192001585893978,0.07630816518322794,256,6.788539260722068,1.3670929934258507,,1,173,1,exact,,,2,8.931168372101773e-06,,,,0.018794625000737142,d07c0f5bc717a63e5dc15dcfa2f45d603406d7d8
dv3-A-lgcp-000336,3,A,lgcp,336,,,,3:1:5:336,,test,0,552.207734140327,,,,,,,,,0.09017066834667627,1.1646731798807406,,,,,,,6.268838971273757,0.04956245748696274,256,0.5658068469663144,1.9400395111424376,,1,547,1,exact,,,2,3.258867832611199e-05,,,,0.017775750002329005,c70b93fdeb419e818ae889e9864ee15734ff5f6b
dv3-A-lgcp-000337,3,A,lgcp,337,,,,3:1:5:337,,test,0,519.72963616036,,,,,,,,,0.8451327666348503,0.5139679518074899,,,,,,,5.830742362586491,0.02254484732841913,256,2.6277237044085395,0.798318020564907,,1,511,1,exact,,,2,0.0003457368916146925,,,,0.01796608299991931,c36ef12501863a50da8fe038ee78b9fd6fd4644c
dv3-A-lgcp-000338,3,A,lgcp,338,,,,3:1:5:338,,test,0,589.5312694962732,,,,,,,,,1.3211275606335364,0.7879507451488561,,,,,,,5.718763982352721,0.03245231238057585,256,7.048768327996793,1.1627396218794328,,1,563,1,exact,,,2,0.00011603061386933682,,,,0.014825541999016423,f19c8b00e850447a0d52f866acc4d885138e106f
dv3-A-lgcp-000339,3,A,lgcp,339,,,,3:1:5:339,,test,0,659.4137151877692,,,,,,,,,0.08175147981902874,0.5645202266373825,,,,,,,6.450475390007972,0.02198368635686608,256,0.2869082453433454,0.9410110852460789,,1,689,1,exact,,,2,0.00037285753547064573,,,,0.01728358299806132,e38788d9bf957156ac6948ea77cbbdb0996ab42f
dv3-A-lgcp-000340,3,A,lgcp,340,,,,3:1:5:340,,test,0,655.1723613725002,,,,,,,,,0.16642847917926681,0.6890312832186749,,,,,,,6.401684108562073,0.026919138437336416,256,0.7095149369666164,1.1403053112136916,,1,598,1,exact,,,2,0.00020321229120485358,,,,0.012982874999579508,6e8987cad972b1b69c4d3aeaf8714644c2cf958c
dv3-A-lgcp-000341,3,A,lgcp,341,,,,3:1:5:341,,test,0,127.46097864874125,,,,,,,,,0.8689077479663543,0.6171161908238993,,,,,,,4.413356393958708,0.054661093618993704,256,1.4771844917216683,0.9562179801131787,,1,150,1,exact,,,2,2.4295086381892335e-05,,,,0.013872667001123773,f1115ac5973823eaca32470c8517cc8c2967d22d
dv3-A-lgcp-000342,3,A,lgcp,342,,,,3:1:5:342,,test,0,161.23635439570054,,,,,,,,,0.8371172730244884,0.8913884361237946,,,,,,,4.664312691680201,0.07019974114412002,256,2.2855965215395946,1.385668901112828,,1,176,1,exact,,,2,1.1470947183883839e-05,,,,0.01631962499959627,311ff1ae03456b4329736babe6a84d6b3641d1af
dv3-A-lgcp-000343,3,A,lgcp,343,,,,3:1:5:343,,test,0,340.8113413431366,,,,,,,,,0.5308391003873102,1.5148465042619863,,,,,,,5.565909522796802,0.08205623943904873,256,3.417707135151617,2.426196307240418,,1,309,1,exact,,,2,7.182952883734905e-06,,,,0.014610500002163462,705bb92eeb5580ed175f46743b1af99298789bcd
dv3-A-lgcp-000344,3,A,lgcp,344,,,,3:1:5:344,,test,0,336.92605185757645,,,,,,,,,0.14367212501931584,0.6287966120914364,,,,,,,5.748027413074583,0.03425649272697143,256,0.39180488985252593,1.0426547004339144,,1,327,1,exact,,,2,9.865523395204931e-05,,,,0.018278291998285567,0b5d8070d3c1730839f2e3cc715a260af858865a
dv3-A-lgcp-000345,3,A,lgcp,345,,,,3:1:5:345,,test,0,635.398733135595,,,,,,,,,0.6105088762048911,1.9025198818655533,,,,,,,6.148998289924868,0.07547550571920934,256,6.801452434535684,3.024175212987055,,1,660,1,exact,,,2,9.229986376988271e-06,,,,0.015155707998928847,94d8da9ef98f9c45d51c95daad529acab9d9e064
dv3-A-lgcp-000346,3,A,lgcp,346,,,,3:1:5:346,,test,0,444.53698065035593,,,,,,,,,0.1626224417195503,1.478091198302743,,,,,,,6.015722026697376,0.07010472389279274,256,1.1180995003458327,2.4469528509482785,,1,407,1,exact,,,2,1.1517645819922454e-05,,,,0.01683324999976321,95e90b57f099ca06a70943bb4c7a226aa891aa52
dv3-A-lgcp-000347,3,A,lgcp,347,,,,3:1:5:347,,test,0,153.2410920465998,,,,,,,,,0.2344992479012388,0.9071099961593603,,,,,,,4.914762822237275,0.0732777850728725,256,0.5767266427752253,1.4923748162889945,,1,128,1,exact,,,2,1.0085480255633772e-05,,,,0.01802362499802257,c97a42024dd3faddf42850699651da80e63c81db
dv3-A-lgcp-000348,3,A,lgcp,348,,,,3:1:5:348,,test,0,128.46893784921812,,,,,,,,,0.2193178164204344,0.781543328109498,,,,,,,4.746028238104083,0.06895313130895492,256,0.4294685283087864,1.287497769651501,,1,127,1,exact,,,2,1.2104325937074937e-05,,,,0.016668541997205466,ea0c8085823b0dc422719ba2400b66e3d001d4a1
dv3-A-lgcp-000349,3,A,lgcp,349,,,,3:1:5:349,,test,0,633.5017415925707,,,,,,,,,0.17572787126765754,1.1521153310244405,,,,,,,6.36339881328313,0.04577433557896818,256,1.1871799323667962,1.9051548258996758,,1,619,1,exact,,,2,4.136486992662402e-05,,,,0.015966458999173483,ed16d64dc55372612b252de8c5f3788ec2079f88
dv3-A-lgcp-000350,3,A,lgcp,350,,,,3:1:5:350,,test,0,212.84008154809655,,,,,,,,,0.05810695746706225,1.4731540207827791,,,,,,,5.331487614137284,0.10097676362061819,256,0.26638137783773125,2.460521665894498,,1,197,1,exact,,,2,3.855645817266415e-06,,,,0.014327207998576341,8ccea85c04eb6adee156c9c374da4a43d137ed47
dv3-A-lgcp-000351,3,A,lgcp,351,,,,3:1:5:351,,test,0,222.94202869838497,,,,,,,,,0.8387979621891877,1.2246683724867196,,,,,,,4.987512795576019,0.08202052178763375,256,3.7833712679404923,1.9034308559225555,,1,272,1,exact,,,2,7.192338975430193e-06,,,,0.01780562500061933,ca6c3c7af4c437a05929fcd3551f3425d331f666
dv3-A-lgcp-000352,3,A,lgcp,352,,,,3:1:5:352,,test,0,549.76899014578,,,,,,,,,2.1713320530901328,1.5453474390979083,,,,,,,5.223832145532454,0.06590767886347752,512,23.63301772897191,2.0458544684698854,,1,557,1,exact,,,2,1.7328522750652475e-06,,,,0.07366387499860139,1d43a6c2b5ce45b227c8b50c0541e6172641937d
dv3-A-lgcp-000353,3,A,lgcp,353,,,,3:1:5:353,,test,0,149.65056188770347,,,,,,,,,0.4646925586507511,1.7065400709013276,,,,,,,4.775956709645224,0.1395009979393076,256,1.9887815118611463,2.7501031185176696,,1,153,1,exact,,,2,1.467247336484647e-06,,,,0.017567624996445375,f2fef401ac1722902031a40a8499f8f1d2af0b96
dv3-A-lgcp-000354,3,A,lgcp,354,,,,3:1:5:354,,test,0,111.27973919004492,,,,,,,,,0.31822623149578516,0.9442549748886392,,,,,,,4.552934088137418,0.08951199406933553,256,0.7008786844483583,1.5420412686224352,,1,72,1,exact,,,2,5.533818246171959e-06,,,,0.016108791998703964,0b3153fed572cc3ad49ea6e7135c46e302acae51
dv3-A-lgcp-000355,3,A,lgcp,355,,,,3:1:5:355,,test,0,797.920510471863,,,,,,,,,0.20245980651417672,0.7165756473877075,,,,,,,6.580779078293706,0.02536776643108669,256,0.993824110111427,1.182203044686909,,1,836,1,exact,,,2,0.00024278093296976514,,,,0.01948054100284935,898696e9931243d28be06d5529c45a2e15476e7f
dv3-A-lgcp-000356,3,A,lgcp,356,,,,3:1:5:356,,test,0,516.8349776228414,,,,,,,,,0.06799551799452636,1.9020222248849754,,,,,,,6.213725872339611,0.08366419534987249,256,0.6266699703126455,3.17419750797926,,1,520,1,exact,,,2,6.776795826622481e-06,,,,0.0138773750004475,028b92a4488089ec016992568c9a92e478e8939b
dv3-A-lgcp-000357,3,A,lgcp,357,,,,3:1:5:357,,test,0,328.5025834479259,,,,,,,,,1.80837149008034,0.5794534492761556,,,,,,,4.890358957230819,0.031970480072415784,512,5.623384183428476,0.8058524062409916,,1,295,1,exact,,,2,1.5179260526389078e-05,,,,0.07663408399821492,8d386a5c2a9dfd533ed9a6d702e8fd6194ff7e70
dv3-A-lgcp-000358,3,A,lgcp,358,,,,3:1:5:358,,test,0,498.73332085225826,,,,,,,,,2.194948957449324,1.1810638867951788,,,,,,,5.114597047019984,0.05288581457225117,512,17.832921831343615,1.5583312766632706,,1,693,1,exact,,,2,3.3538172762081435e-06,,,,0.06429025000034017,1039b87d45b77dd283bd752d7f5e90937a296fe7
dv3-A-lgcp-000359,3,A,lgcp,359,,,,3:1:5:359,,test,0,181.55845587112825,,,,,,,,,0.2718959657199374,0.7637705146036767,,,,,,,5.06562968990654,0.05668323761349364,256,0.6501885193520283,1.2524327951612846,,1,177,1,exact,,,2,2.178705611312048e-05,,,,0.01161599999977625,bcc8ac02685573b2741ccd082244aa34c8de6005
dv3-A-lgcp-000360,3,A,lgcp,360,,,,3:1:5:360,,test,0,315.788489513039,,,,,,,,,0.9695224241235378,0.6314170553403476,,,,,,,5.2703114404350835,0.03553187786057529,256,2.8552429802994554,0.9682638889360863,,1,289,1,exact,,,2,8.841347568562324e-05,,,,0.020036833000631304,8075b6c3cdb026d523d808c4d5eedecfbdd18ab3
dv3-A-lgcp-000361,3,A,lgcp,361,,,,3:1:5:361,,test,0,343.16855396321677,,,,,,,,,1.5717772513849393,0.6075985271276529,,,,,,,5.052333111742118,0.03279917878123462,256,5.070137803108318,0.8704765621541283,,1,347,1,exact,,,2,0.00011239026629899939,,,,0.017839208998339018,f9c756d6d624c23fdc33695ad76175f0cf45ef4c
dv3-A-lgcp-000362,3,A,lgcp,362,,,,3:1:5:362,,test,0,666.5137289955874,,,,,,,,,0.8686205525777191,0.8405467836090642,,,,,,,6.067750461760797,0.032557971665736894,256,4.904940961995331,1.302460542073607,,1,634,1,exact,,,2,0.00011490528369677011,,,,0.015546083999652183,c3a6e6082634e93e2ca785323f84ade0785b36a2
dv3-A-lgcp-000363,3,A,lgcp,363,,,,3:1:5:363,,test,0,123.77256674078392,,,,,,,,,1.286937456825995,0.9571643503433644,,,,,,,4.174977013911978,0.08603483225657392,256,3.441366383290559,1.4179439874706303,,1,153,1,exact,,,2,6.232028813887715e-06,,,,0.0166223340020224,394269384ab5a8dbf4528d5f1099e4b2ebceee92
dv3-A-lgcp-000364,3,A,lgcp,364,,,,3:1:5:364,,test,0,584.682942668252,,,,,,,,,1.274157265417174,0.6179109744005583,,,,,,,5.73399108925505,0.02555440047423044,256,5.374494847578765,0.9166976544440454,,1,728,1,exact,,,2,0.00023750545638236107,,,,0.014516332998027792,448eff059ea018d36f560fab41e8cc59b7ae2e12
dv3-A-lgcp-000365,3,A,lgcp,365,,,,3:1:5:365,,test,0,293.98640105302326,,,,,,,,,2.417379711614311,0.924957094382282,,,,,,,4.474843655540044,0.05394584086389114,512,12.339134597149204,1.1811164525130355,,1,355,1,exact,,,2,3.1599804946175916e-06,,,,0.06440033299804782,b28e8b2dc7205c9efde3d78cd5d1c3fbe15dbca2
dv3-A-lgcp-000366,3,A,lgcp,366,,,,3:1:5:366,,test,0,689.2269322687553,,,,,,,,,1.4400532009339166,1.8313215406646846,,,,,,,5.815543981004206,0.06975630757818581,512,18.398970981188587,2.6653654136374043,,1,727,1,exact,,,2,1.4615791971752263e-06,,,,0.07685620799747994,8647fe6439856c5ceed4487e53f093b628b27387
dv3-A-lgcp-000367,3,A,lgcp,367,,,,3:1:5:367,,test,0,187.56286544070284,,,,,,,,,1.0889160423382966,0.996139014140927,,,,,,,4.689656050397165,0.07273551534874569,256,3.8034037382552333,1.5083199633073583,,1,158,1,exact,,,2,1.031270658383863e-05,,,,0.01352325000334531,c1f3ca0406b563c734025e0c0a78aefa663a1feb
dv3-A-lgcp-000368,3,A,lgcp,368,,,,3:1:5:368,,test,0,249.21081929184555,,,,,,,,,1.6490466907475398,1.467701459662043,,,,,,,4.693775856695975,0.09297245087373836,256,10.332172894166789,2.0828112633643228,,1,218,1,exact,,,2,4.938855468673175e-06,,,,0.013519000000087544,a4cf844fac7ef534e0638532519bbaf6ec28f58e
dv3-A-lgcp-000369,3,A,lgcp,369,,,,3:1:5:369,,test,0,252.59287138973568,,,,,,,,,0.24778295793494723,1.093890948135081,,,,,,,5.407887509607452,0.06882773591140684,256,0.9902236232523755,1.7975739130163042,,1,245,1,exact,,,2,1.217059497503453e-05,,,,0.01843741700213286,668db57075cee368b55da91e90899988ddb5a926
dv3-A-lgcp-000370,3,A,lgcp,370,,,,3:1:5:370,,test,0,734.8317456023628,,,,,,,,,2.93496054567766,1.3546073117136417,,,,,,,5.13216128262058,0.04997116338372438,1024,37.802931647571825,1.5908527423332395,,1,389,1,exact,,,2,4.96972711535003e-07,,,,0.2976582499977667,64268514b8cc0f1a6a461095a5065cbb1a9bbae2
dv3-A-lgcp-000371,3,A,lgcp,371,,,,3:1:5:371,,test,0,485.9518811630453,,,,,,,,,0.30579503378767664,0.7195174026696866,,,,,,,6.033212092152265,0.03263958803968503,256,1.1820211414007027,1.1763291259111175,,1,454,1,exact,,,2,0.00011404596419561367,,,,0.013506207997124875,7e040aa7a74dbd18f32ee57565d64168371c6a02
dv3-A-lgcp-000372,3,A,lgcp,372,,,,3:1:5:372,,test,0,111.07004298417138,,,,,,,,,0.19731341373105124,1.1193198473631008,,,,,,,4.611504313314161,0.1062076341196972,256,0.49648170098709105,1.8474728739415345,,1,96,1,exact,,,2,3.314115249777791e-06,,,,0.055794332998630125,31850aaabdd98e39f6da74db309204fa21bfbae1
dv3-A-lgcp-000373,3,A,lgcp,373,,,,3:1:5:373,,test,0,166.39690557352398,,,,,,,,,0.48339550776225126,0.8695480392891501,,,,,,,4.872678178020112,0.06740947695290155,256,1.2584514018334783,1.3988591594390223,,1,190,1,exact,,,2,1.2954946047446975e-05,,,,0.013262790998851415,ab91d5a4fd222463da6efbfcbe4bd4c45b694251
dv3-A-lgcp-000374,3,A,lgcp,374,,,,3:1:5:374,,test,0,152.6673619284355,,,,,,,,,0.1592989882200339,1.1055264006901382,,,,,,,4.948611955442078,0.08947382786777508,256,0.45962902986435267,1.8307014366331131,,1,165,1,exact,,,2,5.5409002815609605e-06,,,,0.0177599159978854,402341ba7acfad1a57e68f88a20d430625b6208d
dv3-A-lgcp-000375,3,A,lgcp,375,,,,3:1:5:375,,test,0,255.73282036233044,,,,,,,,,0.18688641148624766,0.5823076284229193,,,,,,,5.450690023273543,0.036413233444945035,256,0.4164809962644035,0.9619851190754926,,1,274,1,exact,,,2,8.2150530938956e-05,,,,0.01638483400165569,c182f35ba3fc8ed7ccd08d8b893d7193716839db
dv3-A-lgcp-000376,3,A,lgcp,376,,,,3:1:5:376,,test,0,122.57606326371237,,,,,,,,,1.8697400844216128,0.7906313093925642,,,,,,,3.8738617196817895,0.07141199633987795,256,4.575112772671704,1.090771405829856,,1,111,1,exact,,,2,1.0896709418365478e-05,,,,0.01805075000083889,1ce980c636d96292895e7836628b78af44e5ce17
dv3-A-lgcp-000377,3,A,lgcp,377,,,,3:1:5:377,,test,0,402.9634790319862,,,,,,,,,0.05013817884818244,1.6751796535743237,,,,,,,5.973776845666688,0.0834504236533345,256,0.35946040479539415,2.7998223699478073,,1,442,1,exact,,,2,6.8289970195237675e-06,,,,0.016331124999851454,b172f07a8873998b78f08997a07b109c8c7b0e29
dv3-A-lgcp-000378,3,A,lgcp,378,,,,3:1:5:378,,test,0,787.411317582123,,,,,,,,,0.16186310098588705,1.9620740803541254,,,,,,,6.587819201271441,0.06992211789167102,256,1.9542455657582123,3.2483896546922586,,1,802,1,exact,,,2,1.1608106325245943e-05,,,,0.01705995799784432,5e125fbd259c9b16033b256ae653ee548ca106e2
dv3-A-lgcp-000379,3,A,lgcp,379,,,,3:1:5:379,,test,0,215.59032008780895,,,,,,,,,1.3936475308701815,0.7345895319733711,,,,,,,4.67655617503992,0.05002995435155972,256,4.136109914375969,1.0749699728778732,,1,163,1,exact,,,2,3.168384465891343e-05,,,,0.016985375001240755,cf3e909ee9f65b6688e6d2fcaf51258cec2e841b
dv3-A-lgcp-000380,3,A,lgcp,380,,,,3:1:5:380,,test,0,630.9720689410087,,,,,,,,,2.451148857830216,0.8536056820201776,,,,,,,5.2216871678936325,0.033982257769218926,1024,17.310561224267442,1.084422811301198,,1,436,1,exact,,,2,1.580241481294709e-06,,,,0.3007464580005035,00047e2bc9a87c65507448a2847262aa9304be4f
dv3-A-lgcp-000381,3,A,lgcp,381,,,,3:1:5:381,,test,0,658.0944973115971,,,,,,,,,0.8992051115489785,0.8887683201414651,,,,,,,6.039745978175036,0.03464530876561472,256,5.341697509960318,1.372876791863919,,1,667,1,exact,,,2,9.537249831180594e-05,,,,0.01856795799903921,4cc87bb18c23d8b8f6775cd56d2d7d7ff5f35901
dv3-A-lgcp-000382,3,A,lgcp,382,,,,3:1:5:382,,test,0,384.89638051014634,,,,,,,,,0.1048108256187794,1.2072217002188697,,,,,,,5.900568743721225,0.06153399613015068,256,0.5562793530109703,2.008423196282869,,1,358,1,exact,,,2,1.703081710805812e-05,,,,0.01206287500099279,33d805c71d5dd97934b94000e04ef843d7f189d5
dv3-A-lgcp-000383,3,A,lgcp,383,,,,3:1:5:383,,test,0,121.60927510307786,,,,,,,,,2.692215927610592,0.9726580200720973,,,,,,,3.4547052783366734,0.08820167288013243,256,9.043406922548304,1.1896410175030903,,1,171,1,exact,,,2,5.784043651477644e-06,,,,0.01567754200004856,3da994d8859382d829e021a2e51b1f846d256e51
dv3-A-lgcp-000384,3,A,lgcp,384,,,,3:1:5:384,,test,0,178.30868290336187,,,,,,,,,0.42382468583189853,0.6253385251259056,,,,,,,4.971603879047636,0.04683051556023193,256,0.8453779766574157,1.0115312248137172,,1,161,1,exact,,,2,3.862952178531108e-05,,,,0.013730040998780169,7049f25e4d37c2388a52790b7c7aee5255a098f9
dv3-A-lgcp-000385,3,A,lgcp,385,,,,3:1:5:385,,test,0,604.4794671207936,,,,,,,,,0.053018137375310075,1.5038002126244447,,,,,,,6.377858634075328,0.061164490892487836,256,0.43833449941941005,2.5127800047272326,,1,618,1,exact,,,2,1.7341293782427756e-05,,,,0.018436083999404218,901789a7415f7ffb0646401ed53ec4012dd4ac03
dv3-A-lgcp-000386,3,A,lgcp,386,,,,3:1:5:386,,test,0,180.36365251174368,,,,,,,,,0.4297051250301822,0.992165183195368,,,,,,,4.9801225420621895,0.07387703755421289,256,1.3273205335491134,1.604036720216056,,1,214,1,exact,,,2,9.84207514606322e-06,,,,0.016208749999350403,9949a534c77c182146226282b0d3ec872f37aa60
dv3-A-lgcp-000387,3,A,lgcp,387,,,,3:1:5:387,,test,0,134.68624588525725,,,,,,,,,0.44122489715631963,0.7572850714126863,,,,,,,4.682335520383804,0.06525259258609804,256,0.8845313838375052,1.2230121587236593,,1,150,1,exact,,,2,1.4282331950395785e-05,,,,0.012329542001680238,550b843ccbac067b5f55fda760cc58b7e00fb4b2
dv3-A-lgcp-000388,3,A,lgcp,388,,,,3:1:5:388,,test,0,255.89700515329304,,,,,,,,,2.1954121468554986,1.2390221911967105,,,,,,,4.447068966478003,0.07745446939850369,512,13.093330845470065,1.6346949281538041,,1,205,1,exact,,,2,1.0676818302114297e-06,,,,0.06398366600114969,9613400d59109403ae0c104b01c7ee2afac7866d
dv3-A-lgcp-000389,3,A,lgcp,389,,,,3:1:5:389,,test,0,588.4101758589146,,,,,,,,,0.20172375411081878,0.6422949827126743,,,,,,,6.276562405640133,0.026478564832891197,256,0.7655240091856943,1.0597228429877288,,1,574,1,exact,,,2,0.000213516260596482,,,,0.027075915997556876,66a28b84b641385470d7ec3940506c528a4247ff
dv3-A-lgcp-000390,3,A,lgcp,390,,,,3:1:5:390,,test,0,758.4400901296822,,,,,,,,,0.6166265371872912,1.1762624854344348,,,,,,,6.322950542407963,0.04271138020016106,256,4.962776644589217,1.8686481013516718,,1,717,1,exact,,,2,5.0914222359709815e-05,,,,0.023936417001095833,a4a50eecd269076908f6e8e72e6cbb3436dfb1f9
dv3-A-lgcp-000391,3,A,lgcp,391,,,,3:1:5:391,,test,0,197.3831048876538,,,,,,,,,0.08800946893560413,1.0131851986539602,,,,,,,5.241141800660259,0.07211636838844776,256,0.28290801373967867,1.6880085661713875,,1,199,1,exact,,,2,1.0580571365040545e-05,,,,0.01910449999923003,6fdc5b6dafd626f9b50f917db20108aef0289e5b
dv3-A-lgcp-000392,3,A,lgcp,392,,,,3:1:5:392,,test,0,695.1673927359055,,,,,,,,,2.0446202099135022,0.60794047839475,,,,,,,5.521842564465066,0.02305772017615503,512,10.407698485947453,0.8192280329706886,,1,661,1,exact,,,2,4.045400151321476e-05,,,,0.06711974999780068,3ddc5fdb69c5aba0a3698d3f45665c001eb5447e
dv3-A-lgcp-000393,3,A,lgcp,393,,,,3:1:5:393,,test,0,129.90392107079026,,,,,,,,,0.3559035163068531,0.9191926517735985,,,,,,,4.688843350370026,0.08064833649118935,256,0.8262780906219014,1.4960536942045413,,2,139,1,exact,,,2,7.565666354411793e-06,,,,0.014623915998527082,bd68e080494680c8e9d527ecb30f385cee876d7e
dv3-A-lgcp-000394,3,A,lgcp,394,,,,3:1:5:394,,test,0,495.63400377390155,,,,,,,,,0.10819241047538647,1.3285583690199922,,,,,,,6.15174155349113,0.05967605319418428,256,0.72136985090099,2.209653795013533,,1,471,1,exact,,,2,1.8671277972312667e-05,,,,0.017116249997343402,5d3e4a886ea0d74f440adf3024a7ac024b87c087
dv3-A-lgcp-000395,3,A,lgcp,395,,,,3:1:5:395,,test,0,396.9612016594053,,,,,,,,,0.2758659730797746,1.2632167434268975,,,,,,,5.845905560553912,0.06340212917478784,256,1.5856814172804214,2.0707002913589534,,1,401,1,exact,,,2,1.5569524742475484e-05,,,,0.011424167001678143,dd2dd268341485084d68e432f146839c020eaedd
dv3-A-lgcp-000396,3,A,lgcp,396,,,,3:1:5:396,,test,0,396.27407303061216,,,,,,,,,0.052168162762157924,0.6763039963678493,,,,,,,5.956021994092803,0.03397379988672133,256,0.16379224953732074,1.130152906139104,,1,356,1,exact,,,2,0.00010113715122614194,,,,0.01656179199926555,e3aacfc8ad14013a6d19e366c241aede80344c44
dv3-A-lgcp-000397,3,A,lgcp,397,,,,3:1:5:397,,test,0,508.51914611356835,,,,,,,,,0.348253856073477,0.7743794940321772,,,,,,,6.057375938883796,0.03433999199426018,256,1.4878481963529284,1.2612268522024501,,1,546,1,exact,,,2,9.793770366223877e-05,,,,0.018544834001659183,e28cf102dde65f15161c2c8af23a87c27ffbd88c
dv3-A-lgcp-000398,3,A,lgcp,398,,,,3:1:5:398,,test,0,113.36266760201804,,,,,,,,,0.0920360101081746,1.3596444868995996,,,,,,,4.684574122179355,0.12769983542171592,256,0.272317046855105,2.2644533691659436,,1,111,1,exact,,,2,1.9095456191059436e-06,,,,0.01605083299727994,997402de225e93cb6a337f1cdeb680751e590916
dv3-A-lgcp-000399,3,A,lgcp,399,,,,3:1:5:399,,test,0,150.0262147148834,,,,,,,,,0.32317891202269855,0.5721313070486675,,,,,,,4.849220587581214,0.04671024413057143,256,0.5161167526518486,0.9339216936781091,,1,142,1,exact,,,2,3.892860284077537e-05,,,,0.014236582999728853,0b5fcc0435f78800b6c9548ffe188feebaa4adc4
dv3-A-lgcp-000400,3,A,lgcp,400,,,,3:1:5:400,,test,0,116.16458286102682,,,,,,,,,0.5695508083120309,1.227528839746853,,,,,,,4.470232599146929,0.11389242385066078,256,1.6708517523555484,1.9588599892261267,,1,113,1,exact,,,2,2.6885020708136665e-06,,,,0.012950459000421688,31d6ddd0178cfe9e2a3ad09588118a1f8355933f
dv3-A-lgcp-000401,3,A,lgcp,401,,,,3:1:5:401,,test,0,200.80272568042136,,,,,,,,,0.610980608894316,1.2369565063164796,,,,,,,4.9968326573839725,0.08729103190433497,256,2.5274217398033514,1.966131522996604,,1,196,1,exact,,,2,5.966902307161396e-06,,,,0.019285250000393717,52520bfe63ac8fd0f51df29c1c6f409ebfa11b85
dv3-A-lgcp-000402,3,A,lgcp,402,,,,3:1:5:402,,test,0,773.0468355817317,,,,,,,,,0.20598553784512422,1.6921774709232893,,,,,,,6.547346867197744,0.06086154953902091,256,2.190017946760045,2.79089184115104,,1,850,1,exact,,,2,1.7601494006542995e-05,,,,0.011928416999580804,45515b8a7ad57b7ee020fc63e04220a3325961d3
dv3-A-lgcp-000403,3,A,lgcp,403,,,,3:1:5:403,,test,0,113.1505375433387,,,,,,,,,0.31717287799502,0.9356751575074457,,,,,,,4.57013268378519,0.08796234286493138,256,0.6982764351255899,1.5281733172827454,,1,113,1,exact,,,2,5.831369077560373e-06,,,,0.016060292000474874,18d598ce9cba2465f894828c28081bed41130dd7
dv3-A-lgcp-000404,3,A,lgcp,404,,,,3:1:5:404,,test,0,376.9225974175287,,,,,,,,,0.24856968902740456,1.0515976215409717,,,,,,,5.807755009965093,0.05416559367676684,256,1.1707792262689778,1.7279546930304364,,1,396,1,exact,,,2,2.4967812092689292e-05,,,,0.015132541997445514,41ba224194052a21df3d14938767b524e4d082de
dv3-A-lgcp-000405,3,A,lgcp,405,,,,3:1:5:405,,test,0,303.1102463744191,,,,,,,,,2.7895929117036307,1.397374437686614,,,,,,,4.31930013290093,0.08026246353570612,512,22.54282468240438,1.6819775337329979,,1,215,1,exact,,,2,9.595077370535241e-07,,,,0.06835520799722872,9336a8a229ad08575979563d0b72d761e7b09d2e
dv3-A-lgcp-000406,3,A,lgcp,406,,,,3:1:5:406,,test,0,374.4880842356602,,,,,,,,,0.23491936650427567,0.9616868610652917,,,,,,,5.808100301403639,0.04969522723987214,256,1.0112826316247885,1.5821063991236235,,1,384,1,exact,,,2,3.232823900707987e-05,,,,0.020720292002806673,0befc61c9815e03f51c4eb7bf21c8918239a0aa7
dv3-A-lgcp-000407,3,A,lgcp,407,,,,3:1:5:407,,test,0,329.143973015706,,,,,,,,,0.16419398422097733,1.288579931483381,,,,,,,5.714398270882923,0.0710261721675485,256,0.8617002732363129,2.1329321907420336,,1,298,1,exact,,,2,1.10752282865009e-05,,,,0.022748916999262292,e41139c3aaa9106153aa0675daca17f52613b15e
dv3-A-lgcp-000408,3,A,lgcp,408,,,,3:1:5:408,,test,0,110.44803157012433,,,,,,,,,1.2034978297733605,1.0525785250793938,,,,,,,4.102796192911393,0.10015566413480953,256,3.2872674120399514,1.5739410248408674,,1,122,1,exact,,,2,3.951168320933243e-06,,,,0.016252375000476604,8a9de0a0885a4e64ba2e7f62e95f2ae84028ab27
dv3-A-lgcp-000409,3,A,lgcp,409,,,,3:1:5:409,,test,0,797.8765332673685,,,,,,,,,0.5044714983549485,0.6932759814411529,,,,,,,6.4297181160855965,0.02454360248158052,256,2.494064872881967,1.113102052545835,,1,695,1,exact,,,2,0.00026804150770349947,,,,0.013773458998912247,76707b3e95a98ae5e7c106106831a5e20fd3a3fc
dv3-A-lgcp-000410,3,A,lgcp,410,,,,3:1:5:410,,test,0,156.69263537324107,,,,,,,,,0.05364639500596478,1.22698181590802,,,,,,,5.0274629524982615,0.09801980495590157,256,0.17146926000564747,2.050121445678003,,1,173,1,exact,,,2,4.214911467367527e-06,,,,0.01943179199952283,f2931550e18d842dbe446a62b072824a41d843ef
dv3-A-lgcp-000411,3,A,lgcp,411,,,,3:1:5:411,,test,0,761.4812038857734,,,,,,,,,0.09270175162727742,0.6613843339197799,,,,,,,6.5889146132041745,0.02396758684753466,256,0.4060060382688481,1.1014568042381059,,1,744,1,exact,,,2,0.0002878128735541234,,,,0.018321167000976857,882a5b38bb97d1a64871cd14c2eb015e17f49b6e
dv3-A-lgcp-000412,3,A,lgcp,412,,,,3:1:5:412,,test,0,465.90374102169784,,,,,,,,,0.1543585799214216,1.3547864715330875,,,,,,,6.066799758496465,0.06276575430254612,256,1.0146840270904411,2.2444165159548137,,1,432,1,exact,,,2,1.6047841357683807e-05,,,,0.018314541997824563,d3b51a1b8ff00118f86b0a70dcc956cc28e562f2
dv3-A-lgcp-000413,3,A,lgcp,413,,,,3:1:5:413,,test,0,426.1531345082504,,,,,,,,,0.7081372183883046,1.4579477203089668,,,,,,,5.700730143157758,0.07062510517173863,256,5.073785988604939,2.2956889268064087,,1,417,1,exact,,,2,1.1264957953037695e-05,,,,0.01818999999886728,3309009e1937ad454ac9a4ba8582bb836e548280
dv3-A-lgcp-000414,3,A,lgcp,414,,,,3:1:5:414,,test,0,291.84958872184563,,,,,,,,,0.08177031508972313,1.3538947381234567,,,,,,,5.6353534048932055,0.07925111070115419,256,0.41730829778811696,2.256833099190792,,1,252,1,exact,,,2,7.972843566048338e-06,,,,0.015727540998341283,0dfc0c1a91034d92ed9dcdc730a55e951d9b7fc5
dv3-A-lgcp-000415,3,A,lgcp,415,,,,3:1:5:415,,test,0,254.30368208398573,,,,,,,,,0.08515940262567655,1.7157993994785254,,,,,,,5.495949450302531,0.10759452863697594,256,0.4892765514374848,2.8592810653149456,,1,263,1,exact,,,2,3.1877781860241045e-06,,,,0.017652624999755062,b2b73645948618ea46778b78781344c1f1e16683
dv3-A-lgcp-000416,3,A,lgcp,416,,,,3:1:5:416,,test,0,716.7837885801579,,,,,,,,,0.10821761602635249,1.5429288939066947,,,,,,,6.520665437013662,0.057630425329616285,256,1.011050014937891,2.5661886384260866,,1,667,1,exact,,,2,2.073055647099356e-05,,,,0.015417790997162228,5be26a6caefe6b184ef1246cccdd8e59ffdd0594
dv3-A-lgcp-000417,3,A,lgcp,417,,,,3:1:5:417,,test,0,167.27193212247462,,,,,,,,,0.22103057798560785,1.839434375635432,,,,,,,5.009105535184917,0.142223958358302,256,1.065029416849072,3.0297926196357117,,1,167,1,exact,,,2,1.3852690381636095e-06,,,,0.014880875001836102,a977c71e43ba0ed4eb1dead00643aa51729bee0d
dv3-A-lgcp-000418,3,A,lgcp,418,,,,3:1:5:418,,test,0,363.3415350351447,,,,,,,,,0.4881358605282083,1.2822876171329138,,,,,,,5.651275329527422,0.06727100641531412,256,2.782897278110692,2.0619337227428183,,1,331,1,exact,,,2,1.3035098858212e-05,,,,0.01899795800272841,dc00080ac54ff0e8778a4b09850b73f603bebb8a
dv3-A-lgcp-000419,3,A,lgcp,419,,,,3:1:5:419,,test,0,151.8519763627751,,,,,,,,,0.11511692548110392,0.9429044769808328,,,,,,,4.965347743897165,0.07651691880568676,256,0.28628051055990456,1.5673133725312531,,1,151,1,exact,,,2,8.858280658607966e-06,,,,0.014993582997703925,c64ea05da3dba93735c4dc7bbf29600a697987ff
dv3-A-lgcp-000420,3,A,lgcp,420,,,,3:1:5:420,,test,0,280.5721965714368,,,,,,,,,0.060173460913702015,1.2511907312353951,,,,,,,5.606744346669405,0.07469666331229567,256,0.28038095837219656,2.089427233165961,,1,296,1,exact,,,2,9.521679500603426e-06,,,,0.020356500001071254,06e1ee73824b9b93ab660fe7413077b8cd5d9652
dv3-A-lgcp-000421,3,A,lgcp,421,,,,3:1:5:421,,test,0,109.67133797683081,,,,,,,,,0.12074314142958174,0.7250890119653306,,,,,,,4.637116486008719,0.06923803802745786,256,0.2019179010150191,1.2046797268085565,,1,120,1,exact,,,2,1.1955536600533069e-05,,,,0.017983000001549954,cc6ac11f36cc089a5bb2661e6af7c701013d7064
dv3-A-lgcp-000422,3,A,lgcp,422,,,,3:1:5:422,,test,0,703.1380023985263,,,,,,,,,2.3127446321498972,0.5882436933988502,,,,,,,5.3991808614469825,0.02218385379730959,1024,11.96236774439053,0.7629859409558314,,1,687,1,exact,,,2,5.679915284132529e-06,,,,0.2956054589994892,72929a3a76b829238a6ef5588951b20849aafffa
dv3-A-lgcp-000423,3,A,lgcp,423,,,,3:1:5:423,,test,0,296.0265643242469,,,,,,,,,0.528476673245619,0.6219205443121064,,,,,,,5.426210858013141,0.03614677543343774,256,1.404487442305269,0.9962962479156106,,1,302,1,exact,,,2,8.397982464404153e-05,,,,0.019759915998292854,2e607cf9f91435f5e1ac9ac2286d7a69191787b6
dv3-A-lgcp-000424,3,A,lgcp,424,,,,3:1:5:424,,test,0,271.88726102960584,,,,,,,,,0.4401794024728197,0.7757285098861351,,,,,,,5.385297797629582,0.047045200444240494,256,1.3704637249399654,1.2529185433690682,,1,244,1,exact,,,2,3.810323102098195e-05,,,,0.013468875000398839,183cfec2fa27f750472b810e6cebdebf8a30400c
dv3-A-lgcp-000425,3,A,lgcp,425,,,,3:1:5:425,,test,0,301.78815397995595,,,,,,,,,0.5242532476991362,1.2950860689088053,,,,,,,5.447598670487707,0.07454998106605898,256,2.782826618612714,2.075507063484627,,1,271,1,exact,,,2,9.577985636984297e-06,,,,0.01715779199730605,d25ea85b72c9b89b8edd377f3b2349e3d7539ff2
dv3-A-lgcp-000426,3,A,lgcp,426,,,,3:1:5:426,,test,0,209.50974332836913,,,,,,,,,0.117798586897778,1.0025039275895122,,,,,,,5.285870952365842,0.0692602365292902,256,0.39086614699418637,1.666000712920893,,1,189,1,exact,,,2,1.1944046314815145e-05,,,,0.0211544590019912,ff7f8d574051fc9343f1d3daa15d619115b43214
dv3-A-lgcp-000427,3,A,lgcp,427,,,,3:1:5:427,,test,0,669.8157467586392,,,,,,,,,0.06427726066727257,0.7814746675613259,,,,,,,6.474864039392759,0.030195152532373277,256,0.3063516706446543,1.3045747910627372,,1,651,1,exact,,,2,0.00014402505037296135,,,,0.017403750000084983,19e97dbe1dd1d0170244fedbcf7aeb6f3f10a74b
dv3-A-lgcp-000428,3,A,lgcp,428,,,,3:1:5:428,,test,0,311.9601061002106,,,,,,,,,0.4018358935867548,1.2206536351178798,,,,,,,5.541957367777243,0.06911032242358342,256,2.0276670764137505,1.9784625424747726,,1,352,1,exact,,,2,1.2021931312099483e-05,,,,0.01154616699932376,5ceab18455740045ea2a71d2cb653f22f74d29b6
dv3-A-lgcp-000429,3,A,lgcp,429,,,,3:1:5:429,,test,0,159.76118332576746,,,,,,,,,0.06281541946952714,0.8009213801502114,,,,,,,5.042272386241757,0.06336570231663405,256,0.13936061547665382,1.3372028413364383,,1,137,1,exact,,,2,1.5596387334488103e-05,,,,0.017288166000071215,fcda7a15bcd7edb15e6805d076ab6bf8a024cc6a
dv3-A-lgcp-000430,3,A,lgcp,430,,,,3:1:5:430,,test,0,411.2311566378543,,,,,,,,,0.16034676667759473,1.9198170152976162,,,,,,,5.938982097965447,0.09467097086046872,256,1.3152604139933521,3.1788434986531504,,1,484,1,exact,,,2,4.677898472201251e-06,,,,0.01621237500148709,dc40d4df121b2094bbe365793615e9d3b1c250fd
dv3-A-lgcp-000431,3,A,lgcp,431,,,,3:1:5:431,,test,0,247.21461130567047,,,,,,,,,0.315122311411219,1.2398778007622446,,,,,,,5.352695675354749,0.07885728426536394,256,1.4062978940415574,2.025376612876273,,1,210,1,exact,,,2,8.092873451592324e-06,,,,0.013725749999139225,e41abe34654244a4c681fe08998c9d0072587ab0
dv3-A-lgcp-000432,3,A,lgcp,432,,,,3:1:5:432,,test,0,283.5536470856322,,,,,,,,,0.799556907783526,0.8313554025515449,,,,,,,5.247622882716669,0.049370679504654236,256,2.84687023506051,1.2972452891872683,,1,248,1,exact,,,2,3.296982899221565e-05,,,,0.012058332999004051,448c17738eab620ca512897e572d9892306ef94e
dv3-A-lgcp-000433,3,A,lgcp,433,,,,3:1:5:433,,test,0,115.84875903129853,,,,,,,,,0.05763936157509563,1.339533811785519,,,,,,,4.723465858175878,0.12445375004179605,256,0.16963027299031644,2.237431525724275,,1,115,1,exact,,,2,2.0621860866839855e-06,,,,0.01640883300206042,3577984a55caf4416893d297184d870ef8e6b82b
dv3-A-lgcp-000434,3,A,lgcp,434,,,,3:1:5:434,,test,0,162.09657381559177,,,,,,,,,0.3378595715901814,0.6473859479506525,,,,,,,4.919262506483757,0.05084828980411824,256,0.6456029206582973,1.0553771011808075,,1,170,1,exact,,,2,3.0178948961062974e-05,,,,0.018153207998693688,34a2a6f187198c0be058c58d45bc80abdee85a4c
dv3-A-lgcp-000435,3,A,lgcp,435,,,,3:1:5:435,,test,0,402.30975499067955,,,,,,,,,0.19801719077188118,0.5767761296081491,,,,,,,5.898213731326232,0.02875590212803302,256,0.549400702463168,0.9519292040984405,,1,408,1,exact,,,2,0.00016673344048511834,,,,0.01583112500156858,526b0c4251e4f760251f145361274509087ab5e6
dv3-A-lgcp-000436,3,A,lgcp,436,,,,3:1:5:436,,test,0,103.32086345489952,,,,,,,,,1.4430852077305347,0.5109338957771677,,,,,,,3.9162967214209434,0.05026558040646353,256,1.9930917248390947,0.7433643611507128,,2,106,1,exact,,,2,3.1240469067529995e-05,,,,0.016397874998801854,18ae98eaf898c1c9fb7035888652deba2e2e121a
dv3-A-lgcp-000437,3,A,lgcp,437,,,,3:1:5:437,,test,0,404.83551931246734,,,,,,,,,0.3337398623980881,0.8760424701350193,,,,,,,5.836610928261938,0.04353974251014674,256,1.4009809671652744,1.4286630557729088,,1,388,1,exact,,,2,4.806406538165752e-05,,,,0.016581207997660385,9cc77a699057ec93f7204fe1b55ef09b1825ce96
dv3-A-lgcp-000438,3,A,lgcp,438,,,,3:1:5:438,,test,0,157.05045727592992,,,,,,,,,1.6865844936306371,1.1615951614509048,,,,,,,4.213274890823359,0.09269049292090663,256,6.475835477441809,1.6407097179847916,,1,154,1,exact,,,2,4.9840421577664365e-06,,,,0.017912290997628588,46c2c6a0cfcf7f001c0a8ef1607d9478ef1b62b6
dv3-A-lgcp-000439,3,A,lgcp,439,,,,3:1:5:439,,test,0,481.5825837106255,,,,,,,,,0.18053427165279498,1.1864307588538965,,,,,,,6.086810594122745,0.05406385520327241,256,1.0788891738164605,1.9610858763069974,,1,519,1,exact,,,2,2.5109003523121512e-05,,,,0.01746166700104368,0cebf855eea5c73a4621adf5d46e45e6ca952e4f
dv3-A-lgcp-000440,3,A,lgcp,440,,,,3:1:5:440,,test,0,308.7046609932991,,,,,,,,,0.26843338996874566,1.350647064806324,,,,,,,5.598168335189474,0.07687237266125345,256,1.4426759733926882,2.215470779720911,,1,359,1,exact,,,2,8.735986119288759e-06,,,,0.01938641699962318,557a7bdf24580f4dd2456dfc40420ed6a2e73595
dv3-A-lgcp-000441,3,A,lgcp,441,,,,3:1:5:441,,test,0,750.3452052508961,,,,,,,,,2.750089232796542,0.5630420013647901,,,,,,,5.245488757906514,0.020554657158494884,1024,15.051730264720385,0.6821618000284219,,1,875,1,exact,,,2,7.140263190619319e-06,,,,0.2964874579993193,5b19209a3b52031981f7bac6c883b638efe76b56
dv3-A-lgcp-000442,3,A,lgcp,442,,,,3:1:5:442,,test,0,664.4399593886919,,,,,,,,,1.7221830079957128,1.4206341951679944,,,,,,,5.637853015503911,0.05511304323405023,512,17.91681552838382,1.9976109219303753,,1,625,1,exact,,,2,2.9634423659564375e-06,,,,0.06708370799969998,2154c4e85b39735573e8a655a9f9207662f3e145
dv3-A-lgcp-000443,3,A,lgcp,443,,,,3:1:5:443,,test,0,215.06591758264997,,,,,,,,,0.19381124461022198,0.5098413650047693,,,,,,,5.274038952240072,0.03476556345826069,256,0.3407071910372139,0.8417646964601074,,1,216,1,exact,,,2,9.438673467184308e-05,,,,0.017783707997296005,84b486ff5b0b899560ac2bce9c014ee8bbeb3cec
dv3-A-lgcp-000444,3,A,lgcp,444,,,,3:1:5:444,,test,0,112.1246033165378,,,,,,,,,0.6857858617824164,0.6385094531886862,,,,,,,4.37671785161338,0.060299938836825884,256,1.110859134039616,1.0075979834305941,,1,101,1,exact,,,2,1.8097807326264264e-05,,,,0.016218666998611297,59f0b820877609d852938ab52c52e0d7cdb94ce9
dv3-A-lgcp-000445,3,A,lgcp,445,,,,3:1:5:445,,test,0,449.72927592151876,,,,,,,,,0.20067966040808885,0.5650667270557804,,,,,,,6.008305962457683,0.026645517266461288,256,0.5790545409345016,0.9323883520460844,,1,473,1,exact,,,2,0.00020953143696679537,,,,0.01864062499953434,7adbdf5d4c783b940076d5545876337ef40381b8
dv3-A-lgcp-000446,3,A,lgcp,446,,,,3:1:5:446,,test,0,362.8075905769439,,,,,,,,,0.5039994940333115,0.7032224225598519,,,,,,,5.641872893213133,0.03691939092008343,256,1.6547600462803975,1.129121451075843,,1,393,1,exact,,,2,7.881932938424223e-05,,,,0.015219291002722457,f7efacf2f644dd346efc2f92ded58cb392c48931
dv3-A-lgcp-000447,3,A,lgcp,447,,,,3:1:5:447,,test,0,112.63361279102197,,,,,,,,,0.1697645319284543,0.8077237469635882,,,,,,,4.639257920212577,0.07610774317185877,256,0.3199458283974729,1.3363503912661252,,1,127,1,exact,,,2,9.001901496750065e-06,,,,0.013710916999116307,af20b69819b37e6903c4070474d68f00c2a71501
dv3-A-lgcp-000448,3,A,lgcp,448,,,,3:1:5:448,,test,0,114.8028236240399,,,,,,,,,2.908352480156415,0.6398387246684237,,,,,,,3.289039839533004,0.05971648494937576,256,6.658180250998875,0.7548709722705715,,1,112,1,exact,,,2,1.8633385165232166e-05,,,,0.015292500000214204,aa873e3e30d98798f27c733466207b148d3c7459
dv3-A-lgcp-000449,3,A,lgcp,449,,,,3:1:5:449,,test,0,548.0148338505552,,,,,,,,,0.36935025841034863,1.1377220583719256,,,,,,,6.121627226446837,0.0486004198665255,256,2.340785113410959,1.8494831528000422,,1,510,1,exact,,,2,3.4561997196614484e-05,,,,0.014923624999937601,e4b6c25c0886158917faa46d1c7927f10e502f2c
dv3-A-lgcp-000450,3,A,lgcp,450,,,,3:1:5:450,,test,0,208.64018108185007,,,,,,,,,0.08562641454058142,1.1874551257442811,,,,,,,5.29779793938293,0.08220878526227553,256,0.3263771686242953,1.9787476871102612,,1,248,1,exact,,,2,7.1430493787410575e-06,,,,0.016647750002448447,b117d3e2cf63723fe5749a79ad404303a90d50b2
dv3-A-lgcp-000451,3,A,lgcp,451,,,,3:1:5:451,,test,0,121.05717059396066,,,,,,,,,0.17880604472518571,0.8079706360555176,,,,,,,4.706859895896222,0.07343452972450347,256,0.3483963682474813,1.3357173754319978,,2,143,1,exact,,,2,1.0021045284133024e-05,,,,0.01785891599865863,78d981d07ea11c35456ba94ebf1ed0b3f69076b0
dv3-A-lgcp-000452,3,A,lgcp,452,,,,3:1:5:452,,test,0,110.96670890324027,,,,,,,,,0.21196085231334166,0.7448917050353651,,,,,,,4.6032498103801,0.07071259662920142,256,0.36985813856001026,1.2279047911026477,,1,116,1,exact,,,2,1.1223201612638477e-05,,,,0.01686258400150109,06a972f384ed0b3dda8f10d417f828084d18cd35
dv3-A-lgcp-000453,3,A,lgcp,453,,,,3:1:5:453,,test,0,383.5701287225973,,,,,,,,,0.8160419385659268,1.3595602688379,,,,,,,5.5415014997937995,0.0694186358922327,256,5.266322668636972,2.1179449115342877,,1,328,1,exact,,,2,1.1862482233947723e-05,,,,0.015621209000528324,7f6f49e5bfa62b9edccacb4e54bec3d7ec7b3f32
dv3-A-lgcp-000454,3,A,lgcp,454,,,,3:1:5:454,,test,0,597.0526367004484,,,,,,,,,1.2672563241176018,1.1007919463796005,,,,,,,5.75837711612464,0.04505042923186737,256,9.266528954942629,1.6343441927673432,,1,683,1,exact,,,2,4.3390529017555297e-05,,,,0.017885375000332715,bb60da14a684d477a2e41ba3e814f8380cbda369
dv3-A-lgcp-000455,3,A,lgcp,455,,,,3:1:5:455,,test,0,347.2810937874713,,,,,,,,,0.7763256007943471,0.8534356117438421,,,,,,,5.461971720173031,0.045796278797224844,256,3.1186506888622914,1.334795346767322,,1,414,1,exact,,,2,4.130545571685281e-05,,,,0.014863417000015033,74f64d7b2ee3c2ab4fd78532c13b321684881ba7
dv3-A-lgcp-000456,3,A,lgcp,456,,,,3:1:5:456,,test,0,236.22630285592533,,,,,,,,,0.7130282452714267,1.0706280705306177,,,,,,,5.108276133335474,0.0696585611269832,256,2.8890342896660686,1.685005735070648,,1,252,1,exact,,,2,1.1740346734392794e-05,,,,0.015381500001240056,08cbffc3221c0afafd35794bab213b6f0e35385a
dv3-A-lgcp-000457,3,A,lgcp,457,,,,3:1:5:457,,test,0,123.09951289690187,,,,,,,,,0.2010596817182722,1.1599822914137452,,,,,,,4.712463235352703,0.1045497965438789,256,0.5482838265574208,1.9139656823545759,,1,124,1,exact,,,2,3.4740757567651736e-06,,,,0.012544917000923306,76e8be683faeeec524918f5d9838f284eb70b061
dv3-A-lgcp-000458,3,A,lgcp,458,,,,3:1:5:458,,test,0,683.2889910187872,,,,,,,,,1.2886561008109148,1.7074612292650904,,,,,,,5.882589839761343,0.06532037048701043,256,15.091863738482916,2.5289418975990032,,1,924,1,exact,,,2,1.4237925487282032e-05,,,,0.019675583000207553,4208122bc5a0718b600c64c590c8de6921e535b4
dv3-A-lgcp-000459,3,A,lgcp,459,,,,3:1:5:459,,test,0,147.18068545156794,,,,,,,,,0.4287388192167327,1.0269919983316704,,,,,,,4.7772915751123435,0.08465286271294817,256,1.17030148698775,1.6604883108628128,,1,133,1,exact,,,2,6.542172562381257e-06,,,,0.014942249999876367,d739880dfbe0e0a39fdee98f989e4430c221919e
dv3-A-lgcp-000460,3,A,lgcp,460,,,,3:1:5:460,,test,0,150.8223015984308,,,,,,,,,0.07908391139195137,1.407981071598531,,,,,,,4.976560377527201,0.114647353592702,256,0.2751602792913071,2.3475223828643927,,1,140,1,exact,,,2,2.6358611824129455e-06,,,,0.012388375002046814,9691e748ca93a6b85ceede2fdf75eca7e6cd0c07
dv3-A-lgcp-000461,3,A,lgcp,461,,,,3:1:5:461,,test,0,581.4232585438766,,,,,,,,,0.7693650707383195,1.4917791676568515,,,,,,,5.9807964563308955,0.06186689751149812,256,6.803142870450895,2.3347990954645024,,1,512,1,exact,,,2,1.6757411852330464e-05,,,,0.012261874999239808,9ea14f5b88e0ccbfb1afc9b3c9b3cf690a7bb462
dv3-A-lgcp-000462,3,A,lgcp,462,,,,3:1:5:462,,test,0,166.3095003907423,,,,,,,,,0.10718959294115385,1.1370447129705492,,,,,,,5.060255716122673,0.08816962906726403,256,0.33880514441922993,1.891289880834585,,1,166,1,exact,,,2,5.79035025277032e-06,,,,0.018969875000038883,b96db43540f6c43f2c8aec130f053d3d2661d8a9
dv3-A-lgcp-000463,3,A,lgcp,463,,,,3:1:5:463,,test,0,172.5012312491371,,,,,,,,,0.0971606337694212,0.8661535300643374,,,,,,,5.101824057237388,0.06594756735203791,256,0.2457925259571158,1.4419313872975348,,1,170,1,exact,,,2,1.3835602921222795e-05,,,,0.013393957997323014,c80830681c4b925a7cbc8bd099fcf898b500fbe8
dv3-A-lgcp-000464,3,A,lgcp,464,,,,3:1:5:464,,test,0,100.87763136742606,,,,,,,,,0.9158642682022707,0.70405226070608,,,,,,,4.155976077575535,0.07009829571316811,256,1.584046087608268,1.0856827246346048,,1,93,1,exact,,,2,1.1520814259613818e-05,,,,0.013823499997670297,d54b7ebdfa5c002ee9bee23363d43b43e99e3379
dv3-A-lgcp-000465,3,A,lgcp,465,,,,3:1:5:465,,test,0,252.71396868413683,,,,,,,,,0.21598655703754743,0.6454221997669792,,,,,,,5.4242650120846045,0.040600303040703695,256,0.5305535347881061,1.0635632512806987,,1,248,1,exact,,,2,5.9273285109279765e-05,,,,0.013094540998281445,c767d559ac8cdca949305d31d206077dcda28b2e
dv3-A-lgcp-000466,3,A,lgcp,466,,,,3:1:5:466,,test,0,288.279813730994,,,,,,,,,2.296114399216747,0.7797573258194027,,,,,,,4.515874384308468,0.04592533651536489,512,9.679236203437386,1.0138668851965749,,1,323,1,exact,,,2,5.121403338155222e-06,,,,0.06389458299963735,9ad5adf4ed45b01fc7244e81a680daf42c189229
dv3-A-lgcp-000467,3,A,lgcp,467,,,,3:1:5:467,,test,0,157.86653500831244,,,,,,,,,1.2097927652036724,0.5919499927166062,,,,,,,4.456853578314995,0.047112915557728785,256,2.343387433523008,0.8845360713104728,,1,175,1,exact,,,2,3.793921476884533e-05,,,,0.018436124999425374,123cfc964976133071b18fccafdda4b379ddef74
dv3-A-lgcp-000468,3,A,lgcp,468,,,,3:1:5:468,,test,0,622.5699626243763,,,,,,,,,2.632117541110599,0.8410923178625036,,,,,,,5.1177972412263415,0.03370928840116109,1024,18.808648827994396,1.0387327533206028,,1,567,1,exact,,,2,1.61894116506024e-06,,,,0.2947648749977816,72a45380b8a0b73f2afcb15173585094bf40367b
dv3-A-lgcp-000469,3,A,lgcp,469,,,,3:1:5:469,,test,0,717.3707498133421,,,,,,,,,1.8246209603142085,0.6216016746812157,,,,,,,5.663282311616607,0.023208140420195568,512,9.315192063159015,0.8626482790097993,,1,712,1,exact,,,2,3.9672715607141065e-05,,,,0.07248900000195135,dec0310b49bc73647b288706f35d8b491e31ef1d
dv3-A-lgcp-000470,3,A,lgcp,470,,,,3:1:5:470,,test,0,245.72342562308984,,,,,,,,,0.1475246464688137,1.5301386966782253,,,,,,,5.430444294129249,0.09761296795846729,256,0.7664758892122595,2.5364006175113984,,1,235,1,exact,,,2,4.267794998820528e-06,,,,0.018403416997898603,9a62d3fda51b1fe6a1cbc30546818f2e57b0e4d7
dv3-A-lgcp-000471,3,A,lgcp,471,,,,3:1:5:471,,test,0,763.8932292437446,,,,,,,,,1.2736143577426435,0.7376023107435884,,,,,,,6.001620848230173,0.026687379919456838,512,7.248854688940039,1.0943319978433368,,1,834,1,exact,,,2,2.6093914507569948e-05,,,,0.06359625000186497,58a5bc512cc67017f591ff703abc15c6c932979d
dv3-A-lgcp-000472,3,A,lgcp,472,,,,3:1:5:472,,test,0,210.02598789245454,,,,,,,,,0.8866011907429998,1.1835988926461884,,,,,,,4.903930679558169,0.08167102987413462,256,3.78049880682195,1.8306660461873039,,1,198,1,exact,,,2,7.285049549738447e-06,,,,0.013984125002025394,8a9ee9376480973f1c8bc6d8f5a8a7369803404d
dv3-A-lgcp-000473,3,A,lgcp,473,,,,3:1:5:473,,test,0,425.87083686010317,,,,,,,,,0.30337885971105516,0.9533516286622485,,,,,,,5.90244667058056,0.04619704133402998,256,1.4068814414373063,1.558956337901351,,1,385,1,exact,,,2,4.024007034547069e-05,,,,0.019061791001149686,fae3ff8680019d31aa97b3a4178ac49e315805af
dv3-A-lgcp-000474,3,A,lgcp,474,,,,3:1:5:474,,test,0,212.125329039169,,,,,,,,,0.39812915708562446,1.8274314135219674,,,,,,,5.158112696167329,0.1254714224830895,256,2.271085960487002,2.962940235276063,,1,186,1,exact,,,2,2.012620667847799e-06,,,,0.013016749999223975,f8f8b1d1372e4db1a287e6ec8c5983b4e35befa6
dv3-A-lgcp-000475,3,A,lgcp,475,,,,3:1:5:475,,test,0,179.00367727670198,,,,,,,,,0.08837514887840929,0.9253378146803631,,,,,,,5.143218774635799,0.06916228512208833,256,0.24348147299620473,1.541603555805726,,1,179,1,exact,,,2,1.1994858613964503e-05,,,,0.019089000001258682,cd89da67ce6deb1519371f9377138b3c0b06f52e
dv3-A-lgcp-000476,3,A,lgcp,476,,,,3:1:5:476,,test,0,210.30921403321926,,,,,,,,,2.5471341209322182,0.6004161559017529,,,,,,,4.075011835040331,0.041402180983639986,512,7.287449678940518,0.7515364605643513,,1,184,1,exact,,,2,6.989820934755206e-06,,,,0.07132075000117766,629d6ee0b1710a51349187f75c67da49d32d6f6a
dv3-A-lgcp-000477,3,A,lgcp,477,,,,3:1:5:477,,test,0,297.67054765423643,,,,,,,,,0.9002669748138141,0.5323302234354644,,,,,,,5.245853842748637,0.03085412189976797,256,2.1523216776659777,0.8221985928249457,,1,238,1,exact,,,2,0.00013499852463912923,,,,0.014743040999746881,72a0133848de1791a9023d330d3e6abeb731d1fc
dv3-A-lgcp-000478,3,A,lgcp,478,,,,3:1:5:478,,test,0,209.02216435274033,,,,,,,,,1.3934470277744198,0.5141016634527338,,,,,,,4.64571678198939,0.035559270178746175,256,2.8602683219594778,0.7523340897339031,,1,219,1,exact,,,2,8.820941009587286e-05,,,,0.012874832998932106,d2b11cb5e4e1c353947d90e31984bbfa34837999
dv3-A-lgcp-000479,3,A,lgcp,479,,,,3:1:5:479,,test,0,472.031230841658,,,,,,,,,2.7477531252374936,0.5887104736832067,,,,,,,4.783168587815277,0.027096699528845667,1024,12.337638509058095,0.7135351801633827,,1,453,1,exact,,,2,3.1168750636664955e-06,,,,0.30719712499922025,d18e02f23586c2828aa819c7e79a31be95eaecbc
dv3-A-lgcp-000480,3,A,lgcp,480,,,,3:1:5:480,,test,0,164.93864259247587,,,,,,,,,0.35262908023939854,0.5911401992659816,,,,,,,4.929259001546759,0.04602876109210723,256,0.6275813573668378,0.9624076528519513,,1,192,1,exact,,,2,4.0682910592658196e-05,,,,0.013868416001059813,57e0d634982876890c7ea9eb36a10445ea16c4ef
dv3-A-lgcp-000481,3,A,lgcp,481,,,,3:1:5:481,,test,0,339.9929046591909,,,,,,,,,1.0281207959739906,0.6930688408057321,,,,,,,5.31486435075602,0.037587327434384164,256,3.4686464117950635,1.0562653810126374,,1,366,1,exact,,,2,7.469341029700164e-05,,,,0.015507750002143439,23c153ddccc26068546bde9612b7d1d9ac0faab8
dv3-A-lgcp-000482,3,A,lgcp,482,,,,3:1:5:482,,test,0,237.10211282667282,,,,,,,,,0.08052228457980093,1.0410822150411903,,,,,,,5.428229761862265,0.06761099315104276,256,0.29318023869099064,1.7355825843151265,,1,239,1,exact,,,2,1.2839469491620513e-05,,,,0.015050292000523768,c61b5afc5fdc4760f30b7d331347d30aa95db79e
dv3-A-lgcp-000483,3,A,lgcp,483,,,,3:1:5:483,,test,0,145.8320201718077,,,,,,,,,0.251984499417782,0.912437198606111,,,,,,,4.856463162843951,0.0755573184785772,256,0.6038128241157286,1.4988410487496342,,1,98,1,exact,,,2,9.200040855342101e-06,,,,0.017409374999260763,ce7854ad153c7cbcc4d64f389a28e8d7aad01100
dv3-A-lgcp-000484,3,A,lgcp,484,,,,3:1:5:484,,test,0,125.35716776663011,,,,,,,,,0.6810118255511627,0.6835187885678071,,,,,,,4.490661092217267,0.06104862281871579,256,1.2380476929621302,1.0791266348809838,,1,122,1,exact,,,2,1.7440204790038693e-05,,,,0.01693508400057908,33b08f64c4aa7b9ccd765afe13aff62fd96f7df8
dv3-A-lgcp-000485,3,A,lgcp,485,,,,3:1:5:485,,test,0,204.46182160394204,,,,,,,,,0.29808269880635646,1.3716818750540747,,,,,,,5.1713399172273995,0.09592841906366954,256,1.3022626253735532,2.244081071893874,,1,201,1,exact,,,2,4.496446197998948e-06,,,,0.016346958000212908,725eb479876800c1c26b8836810e43bb521591e3
dv3-A-lgcp-000486,3,A,lgcp,486,,,,3:1:5:486,,test,0,105.92954804990447,,,,,,,,,0.48901450610254504,0.5554635157091841,,,,,,,4.418266979050386,0.053969324081259144,256,0.6529682348947541,0.8931190150000923,,1,108,1,exact,,,2,2.5241148334303212e-05,,,,0.013809291998768458,7c97d4c82ca57fac6ada5b896830897922e24691
dv3-A-lgcp-000487,3,A,lgcp,487,,,,3:1:5:487,,test,0,104.90397243989025,,,,,,,,,0.1453394403736143,0.8619175997589532,,,,,,,4.580375663324847,0.08415303465307357,256,0.2793648902187546,1.4290060779547764,,1,101,1,exact,,,2,6.659409747960661e-06,,,,0.014301291001174832,4dbc9b35051f2fc7992e9e40d037d3dd05389f28
dv3-A-lgcp-000488,3,A,lgcp,488,,,,3:1:5:488,,test,0,191.47845985485617,,,,,,,,,0.7652700504659825,0.8281549078379763,,,,,,,4.872140295885542,0.05984827222033542,256,2.188325608364213,1.296681856309287,,1,210,1,exact,,,2,1.8510583079104243e-05,,,,0.041145708000840386,a4dcf5631babdf3d75ef5ceffc387d0323fa58b6
dv3-A-lgcp-000489,3,A,lgcp,489,,,,3:1:5:489,,test,0,153.77419722828427,,,,,,,,,0.39534807912641984,1.0722532582128765,,,,,,,4.837811235086995,0.08646804508792919,256,1.1537737747346113,1.7389574334703086,,1,175,1,exact,,,2,6.138853857976481e-06,,,,0.014720833998580929,d5ae636c5e314a3aa62aaaa84896d372d3a29665
dv3-A-lgcp-000490,3,A,lgcp,490,,,,3:1:5:490,,test,0,697.1052847390528,,,,,,,,,0.10744871518913546,1.5516192166308715,,,,,,,6.493212095903409,0.05876733032509711,256,0.9940416471990265,2.5808107306448345,,1,727,1,exact,,,2,1.9550732349450954e-05,,,,0.01582816600057413,6e89b3bd42b80ffe155f1b3e1e84b1ec414ffc74
dv3-A-lgcp-000491,3,A,lgcp,491,,,,3:1:5:491,,test,0,367.70123542708143,,,,,,,,,2.3623907206007027,0.6044425828138977,,,,,,,4.72607538787907,0.03152154588985217,512,8.836974787660566,0.7782447697312247,,1,309,1,exact,,,2,1.5836998392663894e-05,,,,0.06777504199999385,13fb09cbabe91377b320fce4fb58b96a0ec00315
dv3-A-lgcp-000492,3,A,lgcp,492,,,,3:1:5:492,,test,0,455.2242052870305,,,,,,,,,0.07721818111984396,1.1686363763869867,,,,,,,6.082180965897837,0.054773025073785335,256,0.4333809589687125,1.948770145100963,,1,438,1,exact,,,2,2.414647530773626e-05,,,,0.01732366599753732,a2d0e68649e8336a67a67ec50eb97507d43506d7
dv3-A-lgcp-000493,3,A,lgcp,493,,,,3:1:5:493,,test,0,599.2735041857566,,,,,,,,,2.360308547027168,0.7042695714166326,,,,,,,5.215563821702988,0.028769107327861334,1024,13.471951353891942,0.9070579424533655,,1,612,1,exact,,,2,2.604312020174726e-06,,,,0.2768270829983521,dd402a115f3a579d32bfa58e1ee294b858a767c4
dv3-A-lgcp-000494,3,A,lgcp,494,,,,3:1:5:494,,test,0,308.47622265486723,,,,,,,,,0.20148652810585369,0.6235201251415132,,,,,,,5.6309015022698645,0.03550092168601467,256,0.5231993372020853,1.0287673691163817,,1,319,1,exact,,,2,8.86448493030725e-05,,,,0.016206042000703746,1a0306b14035e99c285af6080ccfa288cadbf8ba
dv3-A-lgcp-000495,3,A,lgcp,495,,,,3:1:5:495,,test,0,100.17690254788536,,,,,,,,,0.05747806914316209,0.9175585588112922,,,,,,,4.578198614012706,0.09167480417874138,256,0.11325940428083463,1.5326244120876247,,2,99,1,exact,,,2,5.151466335498945e-06,,,,0.015570040999591583,529a03f8a917b1b42565f941673d042a4c422dce
dv3-A-lgcp-000496,3,A,lgcp,496,,,,3:1:5:496,,test,0,103.74224723375724,,,,,,,,,0.7620111865656384,0.9595464762862209,,,,,,,4.260903837578141,0.09420808791533479,256,1.742284052738901,1.5028945217328638,,1,92,1,exact,,,2,4.747153374126973e-06,,,,0.015921166999760317,5f7379a9c446907258f2789c6346f1cff52225ed
dv3-A-lgcp-000497,3,A,lgcp,497,,,,3:1:5:497,,test,0,175.7163021176307,,,,,,,,,0.44844353003159204,0.6746484126253313,,,,,,,4.944649009695703,0.050894573029781606,256,0.9558266536317251,1.088831420446006,,1,156,1,exact,,,2,3.009670910140479e-05,,,,0.016213040998991346,52cde9e52a547c5209be7b4cd0494685e4ff8ca4
dv3-A-lgcp-000498,3,A,lgcp,498,,,,3:1:5:498,,test,0,119.70434337587035,,,,,,,,,0.49439167469676754,1.570342624494705,,,,,,,4.537829060069941,0.1435289357868322,256,1.787284552239236,2.5236612981605284,,1,87,1,exact,,,2,1.348171000525832e-06,,,,0.016015332999813836,41a1baf6021bca03f716ed2eb351f9b2b96b1e4d
dv3-A-lgcp-000499,3,A,lgcp,499,,,,3:1:5:499,,test,0,229.46444953000116,,,,,,,,,0.19417553461226367,1.4531960285662662,,,,,,,5.338660346186893,0.09593266227462956,256,0.9366923938199445,2.3991982713043334,,1,262,1,exact,,,2,4.495849940048771e-06,,,,0.017413333000149578,029cfb8002c98db6f5b340b61972ec7e7432cfb9
