case_id,dv,set,family,index,cell_id,level_id,rep,spawn_key,r_seed,split,shard,nbar,mu,s,mu1,mu2,s2,rho,tau,gamma,sigma2,sp,kappa,sigma,sigma1,lam_p,R,beta,mu_log,s_abs,grid_M,delta_tilde,tau_K,tau_K2,prior_tries,n,pattern_tries,sampler,buffer,n_parents,pad_P,min_eig,cftp_start,mh_steps,burnin,wall_s,sha1
dv3-A-lgcp-000500,3,A,lgcp,500,,,,3:1:5:500,,test,1,664.4812121005878,,,,,,,,,0.262757267970588,0.8314749601394987,,,,,,,6.367627970029527,0.03225580032435442,256,1.3530964606593785,1.3645531685828083,,1,669,1,exact,,,2,0.00011816296256880207,,,,0.017311540999799035,75bb112def808ab19cf22e83408e0a278c4e79da
dv3-A-lgcp-000501,3,A,lgcp,501,,,,3:1:5:501,,test,1,760.7865405705434,,,,,,,,,0.0834154809175836,0.6179650180614642,,,,,,,6.592645079462565,0.022404356819447576,256,0.34243377319318563,1.0299547683606345,,1,769,1,exact,,,2,0.0003522732737008797,,,,0.014597000001231208,8c34c5e9d53b92996f9cccfc9498da75ac877ec7
dv3-A-lgcp-000502,3,A,lgcp,502,,,,3:1:5:502,,test,1,226.9690880189429,,,,,,,,,0.8795692284695064,1.136801175246458,,,,,,,4.985029217845834,0.07545728198169824,256,3.7761832912871145,1.7595501229870647,,1,257,1,exact,,,2,9.236674416943064e-06,,,,0.01618570799837471,fb025f409cdb60f7a963f23a04cd70be62c1cab4
dv3-A-lgcp-000503,3,A,lgcp,503,,,,3:1:5:503,,test,1,742.471141757361,,,,,,,,,0.3955126585860352,1.497665251538955,,,,,,,6.412227674308469,0.054963573934081376,256,3.799114382285505,2.428845199452748,,1,689,1,exact,,,2,2.3896259688158804e-05,,,,0.015469583999220049,40716313312fc0d9a8818be57fc2ddaede24a709
dv3-A-lgcp-000504,3,A,lgcp,504,,,,3:1:5:504,,test,1,288.49679662368584,,,,,,,,,0.9780644989220909,1.1798537087774283,,,,,,,5.175651732868049,0.06946366033846252,256,4.984325078640742,1.8076620723948502,,1,307,1,exact,,,2,1.1839433551653486e-05,,,,0.01839125000333297,146141a368977c084c730ca4fe927db3eb8bb550
dv3-A-lgcp-000505,3,A,lgcp,505,,,,3:1:5:505,,test,1,230.16956078094773,,,,,,,,,0.8426453304083964,1.1918170633958651,,,,,,,5.017493592891967,0.07855713830361764,256,3.7771360456147143,1.8516503560749877,,1,252,1,exact,,,2,8.185974646489235e-06,,,,0.015934083003230626,2e72d5db7e50e4b099816313df1282fa26ff3c2d
dv3-A-lgcp-000506,3,A,lgcp,506,,,,3:1:5:506,,test,1,689.7701055707413,,,,,,,,,0.11789570214026,0.6532593012284689,,,,,,,6.4774105106720175,0.02487330056755595,256,0.48940154355757476,1.0856031986219716,,1,674,1,exact,,,2,0.00025753424914106045,,,,0.014080458000535145,08a302c93c7aa91ce59af3d4608b9f7a4dbb879c
dv3-A-lgcp-000507,3,A,lgcp,507,,,,3:1:5:507,,test,1,666.8761460521933,,,,,,,,,0.41402877185555237,1.6458671700277714,,,,,,,6.295589954668011,0.06373414893956762,256,4.09198943517923,2.6646956232838375,,1,585,1,exact,,,2,1.5327500414906704e-05,,,,0.015444167001987807,c25accc112a48406c8cb170b823b4473aa29808a
dv3-A-lgcp-000508,3,A,lgcp,508,,,,3:1:5:508,,test,1,632.5929861440236,,,,,,,,,1.1383321046682278,0.5997608950350498,,,,,,,5.880661171128552,0.023846023068641857,256,4.766417635316643,0.9032853657347586,,1,649,1,exact,,,2,0.0002922320171078761,,,,0.015847917002247414,fe121b0faae05cf771f8e5842663a18ff91a5ccd
dv3-A-lgcp-000509,3,A,lgcp,509,,,,3:1:5:509,,test,1,746.4720912614565,,,,,,,,,0.1166294647224162,0.6715352711065415,,,,,,,6.557043497799207,0.024578877241063297,256,0.5153752949728262,1.1160948772729131,,1,781,1,exact,,,2,0.0002668903351472498,,,,0.01785583299715654,58837aaf96cfea0bd4fbb7060e6b4133ea07c60f
dv3-A-lgcp-000510,3,A,lgcp,510,,,,3:1:5:510,,test,1,628.4706352413066,,,,,,,,,0.12438420859947236,0.7332284302024819,,,,,,,6.381097200668187,0.029248042203903524,256,0.543606500020796,1.2178250601958704,,1,573,1,exact,,,2,0.00015846371416159603,,,,0.017627499997615814,143a3d92729236a1e98f334f02d906e01247022d
dv3-A-lgcp-000511,3,A,lgcp,511,,,,3:1:5:511,,test,1,533.4054463327494,,,,,,,,,1.4263598807707474,0.7850395377634134,,,,,,,5.5661018819079935,0.03399091122418782,512,7.339883748289589,1.1444130785322022,,1,524,1,exact,,,2,1.2630497706224103e-05,,,,0.0882647079997696,87fc55445712dde21c0ea8cdd4319c516aae1925
dv3-A-lgcp-000512,3,A,lgcp,512,,,,3:1:5:512,,test,1,487.8332272908584,,,,,,,,,1.236708545879195,0.9306017715178968,,,,,,,5.571619327149817,0.04213356295848481,256,6.898742403566919,1.3864096645625021,,1,500,1,exact,,,2,5.303705514672597e-05,,,,0.02253629199913121,7f1d0ff50c88ae97af4b146065da38ef666920df
dv3-A-lgcp-000513,3,A,lgcp,513,,,,3:1:5:513,,test,1,676.0792528315318,,,,,,,,,0.09657764865636571,1.0405085238076546,,,,,,,6.468021482759421,0.04001721290940374,256,0.6099938741392428,1.7322748124327374,,1,675,1,exact,,,2,6.190122650809067e-05,,,,0.018233958002383588,866377ce634afc5ec5c1e2ad9b34b6eb0b9a0eac
dv3-A-lgcp-000514,3,A,lgcp,514,,,,3:1:5:514,,test,1,237.12535523433144,,,,,,,,,0.7807444943355526,1.9983823657684034,,,,,,,5.078216679175184,0.12977456788532904,256,5.377901678179054,3.124144540332406,,1,267,1,exact,,,2,1.8198633357601098e-06,,,,0.019019416999071836,0bf1318031d239e916aa82c75068ec10e7f416d9
dv3-A-lgcp-000515,3,A,lgcp,515,,,,3:1:5:515,,test,1,111.99007120732361,,,,,,,,,0.08084507609461745,1.162625353260274,,,,,,,4.677987679383538,0.1098626395038791,256,0.20806332962065485,1.938153738674298,,1,89,1,exact,,,2,2.994691523384637e-06,,,,0.016099208001833176,b5cabaf9961a9a5a990f55d26398f20181a45fa6
dv3-A-lgcp-000516,3,A,lgcp,516,,,,3:1:5:516,,test,1,133.39094422107257,,,,,,,,,0.7181764027428331,1.0543409431943924,,,,,,,4.534196045406101,0.09128888410936759,256,2.001091116023437,1.6585336060662574,,1,144,1,exact,,,2,5.217047805368598e-06,,,,0.023745041002257494,dfccb26f42f897fbac5142f446789a12e562313d
dv3-A-lgcp-000517,3,A,lgcp,517,,,,3:1:5:517,,test,1,187.871787359475,,,,,,,,,2.213861034871465,0.5378692228588186,,,,,,,4.128829230608168,0.039241528102289834,256,5.088670046514385,0.7077595844740003,,1,178,1,exact,,,2,6.564356257146376e-05,,,,0.019839124997815816,3bad01f39270e8fc1f571baa9a00cd9ca38bea32
dv3-A-lgcp-000518,3,A,lgcp,518,,,,3:1:5:518,,test,1,340.9104775519208,,,,,,,,,0.39533274696475074,1.0835683911214158,,,,,,,5.633953540161072,0.05868622213757184,256,1.8730489207202368,1.757310522281386,,1,356,1,exact,,,2,1.963189152017534e-05,,,,0.01913133400012157,f57ee73c504285ee18d7d5e0973b3993ec2d2278
dv3-A-lgcp-000519,3,A,lgcp,519,,,,3:1:5:519,,test,1,126.78029238532997,,,,,,,,,0.17429013719012595,1.3126738132936397,,,,,,,4.755310538500056,0.1165818511545867,256,0.5355110988280899,2.1709257800760398,,1,134,1,exact,,,2,2.507125865049316e-06,,,,0.02121320900187129,df89b96faef08d4897a1fbc4f20012e136710347
dv3-A-lgcp-000520,3,A,lgcp,520,,,,3:1:5:520,,test,1,109.2889076315137,,,,,,,,,0.5178094012075475,0.7562750079193171,,,,,,,4.4350902038981905,0.0723421990498048,256,0.9461605304085494,1.2127391840351673,,1,107,1,exact,,,2,1.0481805950957634e-05,,,,0.03467149999778485,664c93a298d288877a7bf99b4657d5cbd69e9e59
dv3-A-lgcp-000521,3,A,lgcp,521,,,,3:1:5:521,,test,1,441.8662475639007,,,,,,,,,1.7493141927673428,1.645440258022675,,,,,,,5.2163501325777,0.07827745628886512,512,16.514231032249594,2.305758596528624,,1,443,1,exact,,,2,1.0343616916059935e-06,,,,0.11785841700111632,a024b16aee38d71d02051ab8ae54dcc79c453067
dv3-A-lgcp-000522,3,A,lgcp,522,,,,3:1:5:522,,test,1,628.650426035342,,,,,,,,,0.9231543730567426,0.6643597178678501,,,,,,,5.981998154209375,0.026497120751283014,256,4.122354876359522,1.0237038807830132,,1,645,1,exact,,,2,0.0002130684044844364,,,,0.016774125000665663,c224c3251a67bb880fb959d7b9d25e22245729e9
dv3-A-lgcp-000523,3,A,lgcp,523,,,,3:1:5:523,,test,1,673.7479627844428,,,,,,,,,2.82312426259144,1.1109918379694044,,,,,,,5.101293967226356,0.042801810101706576,1024,28.291230305621433,1.3297998615190498,,1,835,1,exact,,,2,7.908628156887393e-07,,,,0.4370284590004303,c67d1291df1905e0b9cb23a9081a31da795788fd
dv3-A-lgcp-000524,3,A,lgcp,524,,,,3:1:5:524,,test,1,147.55370918925698,,,,,,,,,0.08970866989746552,0.7564154502957446,,,,,,,4.949337904648525,0.06227092620989558,256,0.17808261047209142,1.2600385973354618,,1,130,1,exact,,,2,1.643339552551399e-05,,,,0.024042832999839447,6c3f34ee3feae8bf7b802e41ad60baa683886a88
dv3-A-lgcp-000525,3,A,lgcp,525,,,,3:1:5:525,,test,1,184.07206575877143,,,,,,,,,2.636218551331249,0.8527613583603512,,,,,,,3.8972180669963796,0.06285409383831919,512,10.009787301764323,1.052453192755526,,1,211,1,exact,,,2,1.9978660896781215e-06,,,,0.09649462499874062,997538ddafcba644d873ada2edfc9d4a008b66a9
dv3-A-lgcp-000526,3,A,lgcp,526,,,,3:1:5:526,,test,1,369.64185212567827,,,,,,,,,0.8423824379750453,1.717577386072661,,,,,,,5.491343350640038,0.08933584397635651,256,6.521754229115354,2.668561803454209,,1,334,1,exact,,,2,5.566605393375843e-06,,,,0.03891683400070178,3e97aaab82dc3d76c66af543bb73eb039b4e14fa
dv3-A-lgcp-000527,3,A,lgcp,527,,,,3:1:5:527,,test,1,113.53981736983123,,,,,,,,,0.45988943473539284,1.4026116688558212,,,,,,,4.502208871864089,0.13163256739731935,256,1.4684835610019529,2.2613226400213358,,2,106,1,exact,,,2,1.744297766217787e-06,,,,0.03181191700059571,deaab08bfd7aa1a8bad29dcc7ac47936657c0d03
dv3-A-lgcp-000528,3,A,lgcp,528,,,,3:1:5:528,,test,1,117.91862189304116,,,,,,,,,0.051896679715357434,1.4823423071409176,,,,,,,4.744046401719273,0.13650774935908044,256,0.16740209244685156,2.4771575725388426,,1,116,1,exact,,,2,1.5651153281775487e-06,,,,0.03685195900106919,030653250e186e9aa89e3282714f273f0b31fe3e
dv3-A-lgcp-000529,3,A,lgcp,529,,,,3:1:5:529,,test,1,338.6995300776523,,,,,,,,,0.6000763501474291,1.8097231614192981,,,,,,,5.5250751973196195,0.09833425857582656,256,4.501003649376866,2.87953898966148,,1,322,1,exact,,,2,4.1746346303151524e-06,,,,0.03338262499892153,48e83f025e21364ed72fce59d2d2a9bc1586f5ec
dv3-A-lgcp-000530,3,A,lgcp,530,,,,3:1:5:530,,test,1,301.26236602626557,,,,,,,,,0.1393813456443522,0.8893800762704753,,,,,,,5.638290860190043,0.051240688310317375,256,0.5002714527198188,1.475289032094911,,1,301,1,exact,,,2,2.9491074372954975e-05,,,,0.030686416997923516,6e55816b3e08eb38eb86ca2e4559c99d73235441
dv3-A-lgcp-000531,3,A,lgcp,531,,,,3:1:5:531,,test,1,362.70751530907853,,,,,,,,,0.18726363792496958,0.6037093698772895,,,,,,,5.799964947566844,0.03169929760821267,256,0.5117383688933117,0.9973087413158579,,1,387,1,exact,,,2,0.00012449219533191191,,,,0.032539083000301616,08b794c8c85c9f5496a08408b741ec4b479adda1
dv3-A-lgcp-000532,3,A,lgcp,532,,,,3:1:5:532,,test,1,466.5463230310345,,,,,,,,,0.38509536928149785,0.9182943384497566,,,,,,,5.9528096298187165,0.04251424992644861,256,1.8334754349527866,1.4906563510687112,,1,506,1,exact,,,2,5.162551047475211e-05,,,,0.01876787499713828,ed6fca5fcca836719c2fbebd08ac6076533cfe83
dv3-A-lgcp-000533,3,A,lgcp,533,,,,3:1:5:533,,test,1,417.6698917460017,,,,,,,,,0.9854005346525453,0.8259451550552405,,,,,,,5.541991120530298,0.040414259440878855,256,4.328742453528941,1.2644629794568778,,1,468,1,exact,,,2,6.009533092039769e-05,,,,0.01603225000144448,d10a06fa94a053e52f153914d437072d6e6892b5
dv3-A-lgcp-000534,3,A,lgcp,534,,,,3:1:5:534,,test,1,121.67262676141112,,,,,,,,,0.5959025370803916,1.5221701679545383,,,,,,,4.50338278225445,0.1379960845962457,256,2.1483360062205388,2.422964100645929,,1,117,1,exact,,,2,1.515385399867884e-06,,,,0.027353583001968218,a1b960a7f7eb5127fc6e5cfd62a6e0ba7d7920f9
dv3-A-lgcp-000535,3,A,lgcp,535,,,,3:1:5:535,,test,1,201.5706904764375,,,,,,,,,0.11804557189385348,1.8566508523246787,,,,,,,5.24711735513945,0.1307725371138377,256,0.638993429948397,3.085391057643004,,1,203,1,exact,,,2,1.778739559222826e-06,,,,0.03752137500123354,6cf04a40e7be5c158853141288e30d33dae8c6ac
dv3-A-lgcp-000536,3,A,lgcp,536,,,,3:1:5:536,,test,1,268.3028875902779,,,,,,,,,0.05275432470718175,0.7728751794508131,,,,,,,5.5657393575630385,0.047184209876481614,256,0.15441337158169766,1.2914669172942976,,1,258,1,exact,,,2,3.776754477946769e-05,,,,0.02921941699969466,b4b9c609b1724254518c8daeee809665d50c6ae0
dv3-A-lgcp-000537,3,A,lgcp,537,,,,3:1:5:537,,test,1,752.089765454108,,,,,,,,,0.11610506565796919,1.219804587756809,,,,,,,6.564803152951879,0.04447904182640807,256,0.9015103219496579,2.027411549553513,,1,808,1,exact,,,2,4.508379554363668e-05,,,,0.11277287499979138,7ad7c0249f21b722e1ab4b90fffe1d0b089e0bee
dv3-A-lgcp-000538,3,A,lgcp,538,,,,3:1:5:538,,test,1,109.98393650985622,,,,,,,,,0.6332384767607726,0.8817349352465477,,,,,,,4.383715085019778,0.08407626656425123,256,1.3575954823780259,1.3985191707648583,,1,90,1,exact,,,2,6.677663750083397e-06,,,,0.023216290999698685,90cf085f596281e8d331fb0f5d8fe1cedbf4f3c4
dv3-A-lgcp-000539,3,A,lgcp,539,,,,3:1:5:539,,test,1,293.45599778905824,,,,,,,,,0.7795248486556913,0.7026552010210318,,,,,,,5.29196528134668,0.04101764954119129,256,2.3987012461939043,1.0986203562786028,,1,292,1,exact,,,2,5.748299317146832e-05,,,,0.021569749998889165,11305821d2a52e9e3912af5fea8f93d8a6b60fee
dv3-A-lgcp-000540,3,A,lgcp,540,,,,3:1:5:540,,test,1,145.10243410458872,,,,,,,,,0.30780476713451693,0.5596922768632288,,,,,,,4.823537551541164,0.046463504712092596,256,0.4720971972727431,0.9148696549980455,,1,148,1,exact,,,2,3.955190642332697e-05,,,,0.028706916997180087,1aeb1b030f4dd3af229a175076f0cd46de5f22a6
dv3-A-lgcp-000541,3,A,lgcp,541,,,,3:1:5:541,,test,1,103.36145669491587,,,,,,,,,0.2852270729205721,0.5400469559932579,,,,,,,4.495618596885259,0.05311928391960554,256,0.35616297377417183,0.8845278492794647,,1,107,1,exact,,,2,2.6472143593990983e-05,,,,0.021946957996988203,b1bd82e47ca2dfe623c194448372a72017284540
dv3-A-lgcp-000542,3,A,lgcp,542,,,,3:1:5:542,,test,1,165.65302202796147,,,,,,,,,0.2959253939060659,0.8319043634192606,,,,,,,4.961932675079294,0.06463588813293303,256,0.7195547235858484,1.3612619042575707,,1,155,1,exact,,,2,1.4694995823219634e-05,,,,0.023970209000253817,8af1075c01f9d8e014508cdb2f5a8880a263c740
dv3-A-lgcp-000543,3,A,lgcp,543,,,,3:1:5:543,,test,1,217.43472429860313,,,,,,,,,0.6464286227436441,1.27620118443456,,,,,,,5.058684375945105,0.08654753286232106,256,2.8909991665321595,2.021609823232437,,1,228,1,exact,,,2,6.121959853850587e-06,,,,0.02029933300218545,a75e7901d7a6f2012a5989eec33efaf38c5f8a1a
dv3-A-lgcp-000544,3,A,lgcp,544,,,,3:1:5:544,,test,1,385.1379163304448,,,,,,,,,0.7249578735936644,1.1390332963901073,,,,,,,5.591122557578891,0.05804011728844082,256,3.966731258581294,1.7905645845161489,,1,391,1,exact,,,2,2.029472800113178e-05,,,,0.017637166998611065,761b499307f9337c5985ea0adae74019ac59f041
dv3-A-lgcp-000545,3,A,lgcp,545,,,,3:1:5:545,,test,1,700.4834030733667,,,,,,,,,0.351859505635826,0.9190780967489781,,,,,,,6.375840919706826,0.03472589848567112,256,2.0855758987777215,1.4964115245024054,,1,682,1,exact,,,2,9.471037272608443e-05,,,,0.020353250001790002,21c91f5059d602cec728aef4f50d560a41a6ece0
dv3-A-lgcp-000546,3,A,lgcp,546,,,,3:1:5:546,,test,1,170.0103289191728,,,,,,,,,0.13160284994258317,0.9641627397711777,,,,,,,5.070057768581332,0.07394566012160796,256,0.36594198655002785,1.600400315587817,,1,165,1,exact,,,2,9.814703742569901e-06,,,,0.01866358399638557,7845a6099a53d1afe54e3b428b63bf8373b01178
dv3-A-lgcp-000547,3,A,lgcp,547,,,,3:1:5:547,,test,1,382.71032897006086,,,,,,,,,1.8933339108791771,1.8141774556941463,,,,,,,5.000611426358871,0.09273521303857211,256,18.389570370136482,2.4950999354450394,,1,433,1,exact,,,2,4.9768385800751455e-06,,,,0.02056454200283042,d69eb45fad10efdceab087bb1402aaf324506842
dv3-A-lgcp-000548,3,A,lgcp,548,,,,3:1:5:548,,test,1,300.49476622512026,,,,,,,,,0.054533221059407624,1.1011562307309368,,,,,,,5.678163726405764,0.06352292454003548,256,0.2360988583138333,1.8397470866656567,,1,287,1,exact,,,2,1.5480885741026586e-05,,,,0.01444508300119196,94b027e2a4a7ea1266389ff488bb10c8c2759679
dv3-A-lgcp-000549,3,A,lgcp,549,,,,3:1:5:549,,test,1,143.42010511014735,,,,,,,,,0.17734238639009026,0.9101213365720039,,,,,,,4.877106928142585,0.07599662009367966,256,0.4170021688960402,1.5047804461688643,,1,137,1,exact,,,2,9.041441291359346e-06,,,,0.016956250001385342,96eee187cbf7dc91ae4ceb2d4d3b0f9aa540897d
dv3-A-lgcp-000550,3,A,lgcp,550,,,,3:1:5:550,,test,1,506.502947758614,,,,,,,,,0.14704302122147686,1.4485223278018602,,,,,,,6.154008632920125,0.064362692726259,256,1.0773130021054427,2.401210106434158,,1,487,1,exact,,,2,1.488288749739177e-05,,,,0.01795745799972792,c6a206ca52df4422e2907fa372d7d567e6ff939a
dv3-A-lgcp-000551,3,A,lgcp,551,,,,3:1:5:551,,test,1,782.4272193289858,,,,,,,,,2.7972422564475283,1.8790637851338303,,,,,,,5.263779779422614,0.0671768363767755,1024,48.7257441542256,2.258894286748041,,1,924,1,exact,,,2,2.045678365552172e-07,,,,0.4228317089982738,85e00192081c3f30ecf0683e0c75ac8826c4fb10
dv3-A-lgcp-000552,3,A,lgcp,552,,,,3:1:5:552,,test,1,266.62794283235263,,,,,,,,,0.21189651131668208,1.5370872792219394,,,,,,,5.47990595841817,0.09413382314588198,256,1.165152653642233,2.5338010659997563,,1,247,1,exact,,,2,4.75839176695132e-06,,,,0.01864512500105775,743846934b471fe330d3be8b463d2541d5a6e9a3
dv3-A-lgcp-000553,3,A,lgcp,553,,,,3:1:5:553,,test,1,262.1355989347126,,,,,,,,,1.2546612764453415,1.9127805291538447,,,,,,,4.941531284839895,0.11814140746266821,256,9.460875473032853,2.84393009894403,,1,337,1,exact,,,2,2.4094085442029117e-06,,,,0.02043608300300548,f3980b688f5fa75710e12617873e08b81a48d1ba
dv3-A-lgcp-000554,3,A,lgcp,554,,,,3:1:5:554,,test,1,371.9184093685937,,,,,,,,,0.09218564426222774,0.9380472237730952,,,,,,,5.872581678431448,0.04864081740078563,256,0.37890358584209377,1.5622740654576819,,1,372,1,exact,,,2,3.4475976417518655e-05,,,,0.018747541998891393,53661e9a3952339d94bb1c1e8619a06224e05364
dv3-A-lgcp-000555,3,A,lgcp,555,,,,3:1:5:555,,test,1,339.6280094360058,,,,,,,,,0.3985372989014495,0.7789179713924146,,,,,,,5.628582279312122,0.04226588570120719,256,1.3816970817427028,1.2628664148753632,,1,354,1,exact,,,2,5.254064832513943e-05,,,,0.01957741699879989,d4b3653aa16ab4d5cdadf9c24a4027d32f091363
dv3-A-lgcp-000556,3,A,lgcp,556,,,,3:1:5:556,,test,1,117.92863627907487,,,,,,,,,0.9948057797695139,1.0156047273010893,,,,,,,4.272676774333376,0.0935222777292927,256,2.6352383606435366,1.5532819404204186,,2,151,1,exact,,,2,4.8523005693351734e-06,,,,0.01794499999959953,7e00d506b49e09928e95f744f2688328f208e8ac
dv3-A-lgcp-000557,3,A,lgcp,557,,,,3:1:5:557,,test,1,316.2385716220052,,,,,,,,,2.276456171904104,0.8234187632403211,,,,,,,4.618268816273096,0.04630344875555489,512,10.488507199488609,1.0737224380986246,,1,275,1,exact,,,2,4.996969870237634e-06,,,,0.09006145799867227,12d0fe6922252187066e6caf47fec6fcbed70db9
dv3-A-lgcp-000558,3,A,lgcp,558,,,,3:1:5:558,,test,1,204.26232728568715,,,,,,,,,0.24865878888778348,1.7685426503889885,,,,,,,5.19507569138289,0.12374321629699526,256,1.3289616847354517,2.905995241971192,,1,234,1,exact,,,2,2.0977689235858953e-06,,,,0.015171499999269145,6454ca1d27f1895e3a1c46d07811d6715f24d1cf
dv3-A-lgcp-000559,3,A,lgcp,559,,,,3:1:5:559,,test,1,316.64941834440634,,,,,,,,,0.08083363575717759,0.7876438859276631,,,,,,,5.717378408178347,0.04426297077104119,256,0.2622321825828886,1.3130424266453857,,1,328,1,exact,,,2,4.574705274314088e-05,,,,0.016849083000124665,13527c4ea92c0414c6f04df30021a5b62814e5e1
dv3-A-lgcp-000560,3,A,lgcp,560,,,,3:1:5:560,,test,1,608.2245777766135,,,,,,,,,0.10026228278222593,1.5930859225587788,,,,,,,6.360413043717367,0.06459623668731815,256,0.8788972399739176,2.651397475327338,,1,535,1,exact,,,2,1.4722069367315349e-05,,,,0.02035266700113425,b08e143c10b27478b5f7e528e7457ae34a2dafa9
dv3-A-lgcp-000561,3,A,lgcp,561,,,,3:1:5:561,,test,1,669.633286173827,,,,,,,,,0.25000434075886707,0.6567635697276785,,,,,,,6.381728058094693,0.02537993689947811,256,1.0444345246989148,1.079038995401805,,1,602,1,exact,,,2,0.00024243218379664752,,,,0.020741958000144223,0b17dc015d4d9f7f27d59981527d6ff93d0bb572
dv3-A-lgcp-000562,3,A,lgcp,562,,,,3:1:5:562,,test,1,148.58207145768984,,,,,,,,,0.4627251949916942,1.640635795132637,,,,,,,4.769774877829981,0.13459501595861587,256,1.9056029314759504,2.6443783018590516,,1,251,1,exact,,,2,1.6323153721717015e-06,,,,0.019343165997270262,328da51e7d605d03ffd60f0783754554b7512b9e
dv3-A-lgcp-000563,3,A,lgcp,563,,,,3:1:5:563,,test,1,166.09597684681364,,,,,,,,,2.4408020066695184,1.8552624006018075,,,,,,,3.8921647917197095,0.14395467935825731,256,16.656827336034073,2.3606518274199155,,1,182,1,exact,,,2,1.3363591890304615e-06,,,,0.022156292001454858,1d27c352eb40ddd8a19e75b6a68764edbf30a8f2
dv3-A-lgcp-000564,3,A,lgcp,564,,,,3:1:5:564,,test,1,747.3914382675214,,,,,,,,,0.3487106222297922,1.0420441502827913,,,,,,,6.442233750515672,0.03811641622241085,256,2.407142417292347,1.697100894975116,,1,762,1,exact,,,2,7.162724104056037e-05,,,,0.025005584000609815,4c51c2588d9038f52cb02b1f2b015d5c7ac9783f
dv3-A-lgcp-000565,3,A,lgcp,565,,,,3:1:5:565,,test,1,174.30531759923068,,,,,,,,,0.08733725170906233,1.0990998269244572,,,,,,,5.117139834520652,0.08324953592886843,256,0.2762662181713967,1.8312498794996892,,1,158,1,exact,,,2,6.878542021013582e-06,,,,0.023535708998679183,60efe56d7f3afccb2115d7b8bc85da97993241f4
dv3-A-lgcp-000566,3,A,lgcp,566,,,,3:1:5:566,,test,1,138.04138453796594,,,,,,,,,2.7065987249519483,0.7119653954779696,,,,,,,3.5742541656800997,0.06059743371831892,512,7.245548936064714,0.868758338777201,,1,189,1,exact,,,2,2.229474147358961e-06,,,,0.07953758299845504,874eed9cef2ec00c0a711fe37bcbe34e8a44f7ec
dv3-A-lgcp-000567,3,A,lgcp,567,,,,3:1:5:567,,test,1,600.8774684023696,,,,,,,,,0.6183476702677927,0.7182521470091499,,,,,,,6.089217199084887,0.029301103281363976,256,2.771200004310773,1.1408500099260028,,1,619,1,exact,,,2,0.00015760501919393673,,,,0.021021000000473578,a5a7525244c5754601a0981360cc3e1b556cca7a
dv3-A-lgcp-000568,3,A,lgcp,568,,,,3:1:5:568,,test,1,520.3648585501081,,,,,,,,,0.1624145464907216,0.885427672448381,,,,,,,6.173322943345993,0.03881495714179679,256,0.778907270097601,1.4658354581815336,,1,520,1,exact,,,2,6.78307845287821e-05,,,,0.015934250001009787,31ed2583cb5bb1e7dbf55738437a62fb27b8ec99
dv3-A-lgcp-000569,3,A,lgcp,569,,,,3:1:5:569,,test,1,109.74659925621471,,,,,,,,,0.09171325722696944,0.6474654011125235,,,,,,,4.652317436585764,0.061804632732996884,256,0.13792346048711532,1.078366613093373,,1,107,1,exact,,,2,1.680810141368458e-05,,,,0.02128245899803005,47e16492b242324e8dede799f7ddb5d0e7c1dc59
dv3-A-lgcp-000570,3,A,lgcp,570,,,,3:1:5:570,,test,1,706.3667889195342,,,,,,,,,1.1942497559693104,1.969027334132655,,,,,,,5.963009755646555,0.0740860787823225,256,15.823767935134585,2.9473423639805705,,1,648,1,exact,,,2,9.759010669616347e-06,,,,0.020744584002386546,34cdea2e81d7aaf7a846130159aac34182bf1322
dv3-A-lgcp-000571,3,A,lgcp,571,,,,3:1:5:571,,test,1,500.33911474393193,,,,,,,,,0.2495310525770115,1.5976819941878062,,,,,,,6.090520571727872,0.07142629330504023,256,2.0019085377580783,2.6250432532630548,,1,477,1,exact,,,2,1.089016824977364e-05,,,,0.015540624997811392,afa420c195b774fd49e036027f8175fe1981133e
dv3-A-lgcp-000572,3,A,lgcp,572,,,,3:1:5:572,,test,1,176.9134860649612,,,,,,,,,0.4831084782437387,0.9543155658591714,,,,,,,4.934106594666417,0.07174828713565157,256,1.4304815683416858,1.5352672508887744,,1,182,1,exact,,,2,1.074422581619101e-05,,,,0.01829370899940841,49acb47564a82b98d068dc4c9069417563826822
dv3-A-lgcp-000573,3,A,lgcp,573,,,,3:1:5:573,,test,1,168.13726193682663,,,,,,,,,0.1407817895589295,0.8419461645946814,,,,,,,5.054389786370368,0.06493103678239727,256,0.34284921132731877,1.3964391970642769,,1,183,1,exact,,,2,1.4495542942990208e-05,,,,0.018039791997580323,6d6fd18cc4a8a64fdd0b25a2d0e5d1eeeb9cb3a9
dv3-A-lgcp-000574,3,A,lgcp,574,,,,3:1:5:574,,test,1,184.41647193453207,,,,,,,,,0.3584526123552403,1.107431737648356,,,,,,,5.037970328149212,0.08154871293540437,256,1.229475420942006,1.8020130693002032,,1,174,1,exact,,,2,7.3178732711497435e-06,,,,0.017939666999154724,84b6c425ef90f48b1c3ac5769f246f512e09a908
dv3-A-lgcp-000575,3,A,lgcp,575,,,,3:1:5:575,,test,1,556.9371416005915,,,,,,,,,0.7517265234749746,0.9852455087867155,,,,,,,5.946589120117061,0.041748547767796844,256,4.458640615020423,1.5447209374389286,,1,542,1,exact,,,2,5.45174733467086e-05,,,,0.021419000000605593,e2eb005dffc544be6177172fdf783df081c090d4
dv3-A-lgcp-000576,3,A,lgcp,576,,,,3:1:5:576,,test,1,395.0688589357222,,,,,,,,,0.29107126067866845,1.7466638824917866,,,,,,,5.833524445788253,0.08787653839344797,256,2.2034897650885594,2.8593318271223,,1,494,1,exact,,,2,5.8484619542400845e-06,,,,0.02161412499845028,149bef53fa65f5c8592bae8fd86cffcc24baf071
dv3-A-lgcp-000577,3,A,lgcp,577,,,,3:1:5:577,,test,1,407.0270552223726,,,,,,,,,2.587620287314355,1.3289887029322494,,,,,,,4.715069514323914,0.06587333485900339,512,22.28929136151275,1.652926806656039,,1,219,1,exact,,,2,1.7355639186138066e-06,,,,0.08019754199995077,e0f9ab1935e98fe9866d27a2495af85ec5d97748
dv3-A-lgcp-000578,3,A,lgcp,578,,,,3:1:5:578,,test,1,315.4401242906499,,,,,,,,,0.2882639387438038,0.5346654352445114,,,,,,,5.6098369142205025,0.030103960910273835,256,0.6562386415588379,0.8754782020070712,,1,324,1,exact,,,2,0.00014533696309359693,,,,0.01754583300134982,fc57cd3057c7f61fea1b2369a9257092b2e28513
dv3-A-lgcp-000579,3,A,lgcp,579,,,,3:1:5:579,,test,1,200.44126236870233,,,,,,,,,0.07156436367521306,0.9173906714042168,,,,,,,5.264739066222023,0.06479787370117718,256,0.21174844372842,1.5305316073738182,,1,185,1,exact,,,2,1.4585080910404487e-05,,,,0.01939824999863049,37bedf2e88fc6c89889c5ec01087d3ce58899f94
dv3-A-lgcp-000580,3,A,lgcp,580,,,,3:1:5:580,,test,1,174.08993500153608,,,,,,,,,2.393342449514619,1.135138058653674,,,,,,,3.9629008087519746,0.08603236333770119,256,10.902211730261836,1.4547733277719885,,1,290,1,exact,,,2,6.23256521507909e-06,,,,0.01925762499740813,b75a3a20ced04f8e1097fa9a9158293108213f0f
dv3-A-lgcp-000581,3,A,lgcp,581,,,,3:1:5:581,,test,1,787.054023657716,,,,,,,,,0.11727626316074802,1.4903616463479974,,,,,,,6.609658759535342,0.05312383191926377,256,1.114862325706702,2.476852026987887,,1,822,1,exact,,,2,2.646534666924605e-05,,,,0.014695292000396876,19a0e3773e6f62766362c4bad9e57ce7ae568704
dv3-A-lgcp-000582,3,A,lgcp,582,,,,3:1:5:582,,test,1,174.88801671713924,,,,,,,,,0.07221442938678078,1.2684229681018124,,,,,,,5.128038649930382,0.09591445669416145,256,0.26111337608270524,2.116061671680752,,1,189,1,exact,,,2,4.498408942045772e-06,,,,0.01940620899767964,e2fe007bd6029a66a8ec5b41b995e236aeb46094
dv3-A-lgcp-000583,3,A,lgcp,583,,,,3:1:5:583,,test,1,284.9246844716331,,,,,,,,,2.164361367768398,1.7855050650408493,,,,,,,4.570044196448486,0.10577816980917187,256,18.71941175424834,2.366135275436365,,1,369,1,exact,,,2,3.3545918170629374e-06,,,,0.016365125000447733,3994872e4fea56ba7928dae7fc689a94a3678919
dv3-A-lgcp-000584,3,A,lgcp,584,,,,3:1:5:584,,test,1,587.9899848739774,,,,,,,,,2.7558114346339333,0.6023295399570426,,,,,,,4.998804197909355,0.0248398631176565,1024,14.291742166409495,0.7290733630222903,,1,574,1,exact,,,2,4.045897936103738e-06,,,,0.36873266700058593,45fbff81793dba4e5b872ae340cea728a95a2824
dv3-A-lgcp-000585,3,A,lgcp,585,,,,3:1:5:585,,test,1,119.84178588727607,,,,,,,,,0.08485820736576904,0.6039127089668294,,,,,,,4.743743318238639,0.05516581428220073,256,0.12412952630202861,1.006411401869467,,1,126,1,exact,,,2,2.36344588727245e-05,,,,0.016933165999944322,67fd13ad65ecda974e238f8851d02722c208a353
dv3-A-lgcp-000586,3,A,lgcp,586,,,,3:1:5:586,,test,1,678.127163771666,,,,,,,,,1.0998188993077003,1.1621400208166954,,,,,,,5.969425377885244,0.04462753370651493,256,8.820738806851804,1.7576043580691076,,1,762,1,exact,,,2,4.4635396818593794e-05,,,,0.01638733400250203,1207d30ea2d8c937ae2b06b8da175d251e05d91e
dv3-A-lgcp-000587,3,A,lgcp,587,,,,3:1:5:587,,test,1,111.67342128407721,,,,,,,,,0.27033748403862945,1.0924023739279218,,,,,,,4.5804099884193885,0.10337314383218335,256,0.6738687463937808,1.791570389239734,,3,102,1,exact,,,2,3.593923689558064e-06,,,,0.019852249999530613,6888af0efbcd1b5e548979247a47d66fc9248f6d
dv3-A-lgcp-000588,3,A,lgcp,588,,,,3:1:5:588,,test,1,167.42044921394682,,,,,,,,,0.05601888311547912,0.6137500310215681,,,,,,,5.0924988668263875,0.04743372983180217,256,0.10061418734990905,1.0252897602759323,,1,158,1,exact,,,2,3.71748162172287e-05,,,,0.02180716699876939,ffe853699d061b1fd4d7d858c53340d2d8d76736
dv3-A-lgcp-000589,3,A,lgcp,589,,,,3:1:5:589,,test,1,109.56693308289269,,,,,,,,,0.23891736750976664,0.8879281707905258,,,,,,,4.577076939788727,0.08482777624290265,256,0.4885573631691534,1.4602524111677675,,1,84,1,exact,,,2,6.501796335506118e-06,,,,0.01839004099747399,ed4b1ba15fb19a98715898606c2ee7fe56bc9cc4
dv3-A-lgcp-000590,3,A,lgcp,590,,,,3:1:5:590,,test,1,298.6336426607901,,,,,,,,,0.47131768845989347,0.6380962532728042,,,,,,,5.4635587025151535,0.036924687518865934,256,1.2782475492470942,1.0276675967207483,,1,264,1,exact,,,2,7.878543118429084e-05,,,,0.013752209000813309,71eb57ee88b48794f0825a7572d2e09d0bba36b5
dv3-A-lgcp-000591,3,A,lgcp,591,,,,3:1:5:591,,test,1,549.7091752776183,,,,,,,,,1.8843189733666657,1.755012243456768,,,,,,,5.3672298794713384,0.07485376641661738,512,21.94218332677882,2.416605251427254,,1,714,1,exact,,,2,1.1828697750322178e-06,,,,0.07688308400247479,354d8b22c38d4e3e9f1bd0cbe5d1a1373f0ce3be
dv3-A-lgcp-000592,3,A,lgcp,592,,,,3:1:5:592,,test,1,304.5660873615169,,,,,,,,,2.591793754833528,0.6346111161232871,,,,,,,4.42299122185436,0.036363602610584266,512,9.606584876997488,0.7887753515329216,,1,338,1,exact,,,2,1.031617249388369e-05,,,,0.06889316700107884,fe0c6dc83ea152cd0d03f88e70dd3d3a112688ad
dv3-A-lgcp-000593,3,A,lgcp,593,,,,3:1:5:593,,test,1,132.49438103383778,,,,,,,,,1.1770324297096233,1.017255295979575,,,,,,,4.29802402238046,0.08837536677530151,256,3.3811835317863532,1.5255775924224049,,1,88,1,exact,,,2,5.75001762968414e-06,,,,0.022263499999098713,63582c2a893761dcb7a4163527011001dc8e954a
dv3-A-lgcp-000594,3,A,lgcp,594,,,,3:1:5:594,,test,1,260.09656486232916,,,,,,,,,0.09905981933938633,0.5449884920013665,,,,,,,5.511523055709346,0.033792476743371457,256,0.20665774692205222,0.9071251463322497,,1,266,1,exact,,,2,0.00010277305449294816,,,,0.016069291999883717,d4344a52f9c3ab6240a28a69293746336c8c11de
dv3-A-lgcp-000595,3,A,lgcp,595,,,,3:1:5:595,,test,1,475.72970122171955,,,,,,,,,0.6175116486686494,1.5990827219504782,,,,,,,5.856094014030403,0.07331465537902868,256,5.051353388211519,2.5401382850233896,,1,599,1,exact,,,2,1.0070273940635618e-05,,,,0.022124374998384155,59fbde7d2458143b3a251d3cd489239299a3994b
dv3-A-lgcp-000596,3,A,lgcp,596,,,,3:1:5:596,,test,1,421.509089197348,,,,,,,,,1.0325232839142326,1.9671479943531616,,,,,,,5.52757969918432,0.09581501290449031,256,9.924654966978734,2.996613352239301,,1,401,1,exact,,,2,4.5124212786365e-06,,,,0.015410041996801738,a984931265b7e65667195fbb34f37006257494c1
dv3-A-lgcp-000597,3,A,lgcp,597,,,,3:1:5:597,,test,1,192.73429934201303,,,,,,,,,0.06042913867785892,1.6720801910393481,,,,,,,5.231097983714218,0.12044189977560925,256,0.2920306451839256,2.792232094010188,,1,177,1,exact,,,2,2.2743734618075417e-06,,,,0.015764625000883825,1fa670a5beb0edc314638755783cd11a1e849ba2
dv3-A-lgcp-000598,3,A,lgcp,598,,,,3:1:5:598,,test,1,107.33853920717087,,,,,,,,,0.5018681898277094,1.1302182913567729,,,,,,,4.425053662716427,0.10908988685375542,256,1.301812713012371,1.8150833929692316,,1,142,1,exact,,,2,3.058674207282511e-06,,,,0.014784582999709528,4da15eec6f4553c63c49a11e58bfe49ab5c5f0c7
dv3-A-lgcp-000599,3,A,lgcp,599,,,,3:1:5:599,,test,1,158.84104926118675,,,,,,,,,0.05275003816009696,0.8295183166698432,,,,,,,5.041528992935465,0.06581798866649893,256,0.12015958575236414,1.3861175471811065,,1,156,1,exact,,,2,1.391746834032178e-05,,,,0.014612709001085022,1b25d435259446bbf7738e3311d27f44530419da
dv3-A-lgcp-000600,3,A,lgcp,600,,,,3:1:5:600,,test,1,191.40637373817782,,,,,,,,,0.1393830916446944,1.0430351760749506,,,,,,,5.184707233259493,0.07539121759831821,256,0.45304514485703756,1.7301693243381662,,1,197,1,exact,,,2,9.26097403331317e-06,,,,0.013287041998410132,50af2194e23a3428f20bf53668d0fafa592144f6
dv3-A-lgcp-000601,3,A,lgcp,601,,,,3:1:5:601,,test,1,130.0286673129689,,,,,,,,,0.05413128305854673,0.5996793465305621,,,,,,,4.8406893024079025,0.05258955984156282,256,0.08138002088772661,1.0019427466020188,,1,144,1,exact,,,2,2.7279999012560486e-05,,,,0.016393499998230254,a57539c5f57583b730ab8889c79c983822a98885
dv3-A-lgcp-000602,3,A,lgcp,602,,,,3:1:5:602,,test,1,181.70123768544076,,,,,,,,,0.10715071528219505,1.18782736253144,,,,,,,5.148788429435356,0.08811997851247796,256,0.3753207369656594,1.9757651186526681,,1,180,1,exact,,,2,5.800140202648165e-06,,,,0.014379291998920962,ac816988bf9c51fc98726344e9d1db89fcbb184f
dv3-A-lgcp-000603,3,A,lgcp,603,,,,3:1:5:603,,test,1,630.8756623439916,,,,,,,,,2.1710921079067376,1.1066861695672048,,,,,,,5.361562740588007,0.0440608220591081,512,18.750386445749935,1.4651695793943649,,1,782,1,exact,,,2,5.799417463003758e-06,,,,0.07822025000132271,f83e6d8826ac891d862deb1c54d335c350fa9292
dv3-A-lgcp-000604,3,A,lgcp,604,,,,3:1:5:604,,test,1,629.4989403192334,,,,,,,,,1.3387548726696972,0.542900067535893,,,,,,,5.775546733779166,0.02163826294630127,512,5.218860113954552,0.7995151057530694,,1,689,1,exact,,,2,4.894613089716929e-05,,,,0.072353417002887,aacf49338b436c12c7737734eaeca1f3a819f13d
dv3-A-lgcp-000605,3,A,lgcp,605,,,,3:1:5:605,,test,1,303.77625371585094,,,,,,,,,1.1298120795911968,1.6279305856236306,,,,,,,5.151385383110472,0.09340260133291693,256,7.939679148216908,2.4540642783389783,,1,182,1,exact,,,2,4.8709668458775155e-06,,,,0.01841341600083979,ee9aae5d2c688b10e803ae9a8b52377d0b8e3a36
dv3-A-lgcp-000606,3,A,lgcp,606,,,,3:1:5:606,,test,1,362.89934261159283,,,,,,,,,1.6855952817643534,0.7634022572692992,,,,,,,5.0513278618488275,0.040073783634358255,256,7.062403326480935,1.078410931413473,,1,294,1,exact,,,2,6.16395442974826e-05,,,,0.019223875002353452,5f2066b80f3f911e95ba80a9c478daeac4fd30b6
dv3-A-lgcp-000607,3,A,lgcp,607,,,,3:1:5:607,,test,1,483.2089536336577,,,,,,,,,0.06219701188455981,1.8430517659704644,,,,,,,6.149350670377629,0.08384362502039017,256,0.5372421859511117,3.07728337289185,,1,484,1,exact,,,2,6.733390751216269e-06,,,,0.01699920899773133,fc9d896529e04889139e115914004d461535891a
dv3-A-lgcp-000608,3,A,lgcp,608,,,,3:1:5:608,,test,1,209.07541659464323,,,,,,,,,0.9686544148308642,1.0527946834236315,,,,,,,4.858367824410943,0.07281019558968813,256,3.76034956331216,1.614583557009672,,1,196,1,exact,,,2,1.0281010831378275e-05,,,,0.019172500000422588,509ece5b50fb2f5ce00c87b921cf2caad4fb5873
dv3-A-lgcp-000609,3,A,lgcp,609,,,,3:1:5:609,,test,1,127.98479555249325,,,,,,,,,0.15544527495678367,1.0134448551599564,,,,,,,4.774188834639612,0.08958203682803755,256,0.3806556131808755,1.678773976608116,,1,132,1,exact,,,2,5.520852658140498e-06,,,,0.019817874999716878,861942a74340cdc4a7828fa25de603f8f7acb9b3
dv3-A-lgcp-000610,3,A,lgcp,610,,,,3:1:5:610,,test,1,202.24603649987304,,,,,,,,,0.21567015559251615,0.6618272508003674,,,,,,,5.2016498809163165,0.046537669996016856,256,0.4772205872890769,1.090626462942897,,1,214,1,exact,,,2,3.936316295399018e-05,,,,0.01953824999873177,831262e43384aeee617a18e795040c4769633db5
dv3-A-lgcp-000611,3,A,lgcp,611,,,,3:1:5:611,,test,1,464.196817175747,,,,,,,,,0.18907903456312844,0.7639378823440485,,,,,,,6.0457691199556605,0.03545740657753132,256,0.7367932302029848,1.261803036363999,,1,472,1,exact,,,2,8.897145817669796e-05,,,,0.017474542000854854,d4f0bc9f1d3ee936669a713ecf74758bf85f76da
dv3-A-lgcp-000612,3,A,lgcp,612,,,,3:1:5:612,,test,1,687.5449088813959,,,,,,,,,0.07706099684973511,0.5883764861289199,,,,,,,6.494596650991773,0.022439065846162103,256,0.28777048914798564,0.9811655190472911,,1,686,1,exact,,,2,0.0003506432051228614,,,,0.01514350000070408,b42b64b0fa96ddf63bf0b5b7644795dfcd27ba23
dv3-A-lgcp-000613,3,A,lgcp,613,,,,3:1:5:613,,test,1,331.6311076056263,,,,,,,,,1.3691627370813533,1.8611050510144092,,,,,,,5.119441860952687,0.1021982024429057,256,11.65374830488479,2.7312168737273903,,1,359,1,exact,,,2,3.7191754990395734e-06,,,,0.018318165999517078,8c22ec9608424e88a65837be82d45d0e4106b321
dv3-A-lgcp-000614,3,A,lgcp,614,,,,3:1:5:614,,test,1,548.771940970738,,,,,,,,,0.11250946663549095,0.5235820690863768,,,,,,,6.2514282138180794,0.022350580959582336,256,0.33390801695735634,0.8705007451802904,,1,513,1,exact,,,2,0.000354818799353689,,,,0.017698916999506764,cb8455193f67d5f1826096c11bc6a41ef909abe9
dv3-A-lgcp-000615,3,A,lgcp,615,,,,3:1:5:615,,test,1,200.10156207282282,,,,,,,,,0.10643712599349714,1.6193378873715087,,,,,,,5.245606485023352,0.11447541790649948,256,0.5150570627149593,2.6936785056408636,,1,167,1,exact,,,2,2.6477279217502785e-06,,,,0.016770000001997687,ac3cc2f0f1af291a983cd89358c469b82870ee57
dv3-A-lgcp-000616,3,A,lgcp,616,,,,3:1:5:616,,test,1,102.75333304278496,,,,,,,,,0.1013038116807582,0.7650859812281288,,,,,,,4.581679385382455,0.07547659254449178,256,0.1717290785397376,1.273232035579218,,1,113,1,exact,,,2,9.229587720474287e-06,,,,0.01700183399952948,4c54f5583e738f47003a4ef35f945a867b136805
dv3-A-lgcp-000617,3,A,lgcp,617,,,,3:1:5:617,,test,1,101.0553039872123,,,,,,,,,0.051150214992548015,0.8771076734036874,,,,,,,4.59009282371622,0.08725159082960415,256,0.09707704047571863,1.4658353582773553,,2,108,1,exact,,,2,5.974995340490013e-06,,,,0.019413125002756715,383cfe7243cd15aa2f792cd7dd70c7a3023027d7
dv3-A-lgcp-000618,3,A,lgcp,618,,,,3:1:5:618,,test,1,165.47696249315015,,,,,,,,,0.4679519462375499,1.8924149581410177,,,,,,,4.874856012572042,0.14711183137515632,256,2.3656506683078335,3.0487235034469604,,1,120,1,exact,,,2,1.2529940838943414e-06,,,,0.018842041998141212,ba92653265158c14efab8bea64f4be4cf7fbbb35
dv3-A-lgcp-000619,3,A,lgcp,619,,,,3:1:5:619,,test,1,141.9611605329657,,,,,,,,,0.9622624581676793,0.89172362668911,,,,,,,4.474422273731241,0.0748420204234264,256,2.4570147574324745,1.3684757486435788,,1,175,1,exact,,,2,9.466316623219348e-06,,,,0.02099412500319886,502304ac69938d388e42244182cda93b00f6bbf1
dv3-A-lgcp-000620,3,A,lgcp,620,,,,3:1:5:620,,test,1,111.66924660249174,,,,,,,,,0.09633494361795641,1.0955708017087111,,,,,,,4.667373874983999,0.10367490741843992,256,0.23537916854341573,1.82398187986166,,1,109,1,exact,,,2,3.5626671838940766e-06,,,,0.018739667000772897,a883f0cb19fe8c8a2546d1d353d28378ed7e650a
dv3-A-lgcp-000621,3,A,lgcp,621,,,,3:1:5:621,,test,1,710.5483964470379,,,,,,,,,0.39010029519030853,0.7244375254911251,,,,,,,6.370986913663079,0.02717716221597654,256,1.8758691782064973,1.1754372521616858,,1,713,1,exact,,,2,0.00019748399006338577,,,,0.06026358300005086,3dd410da47f0252c0d9916a9d1a74ef8c453267c
dv3-A-lgcp-000622,3,A,lgcp,622,,,,3:1:5:622,,test,1,401.8142565667633,,,,,,,,,0.4975545975890991,1.819162913443464,,,,,,,5.74721263470586,0.0907525679621728,256,4.0453023261837,2.9226740296480926,,1,377,1,exact,,,2,5.310050041514781e-06,,,,0.016398959000071045,c35b58e42752020982cc0c8ed84a4cab1123c9b9
dv3-A-lgcp-000623,3,A,lgcp,623,,,,3:1:5:623,,test,1,127.62205154989859,,,,,,,,,1.345118965433421,1.5364775171477119,,,,,,,4.176513691051879,0.13600765379660873,256,5.5810799963465065,2.2610779187345105,,1,82,1,exact,,,2,1.5823192168343403e-06,,,,0.022648916998150526,79b4a104b63533cf366bf0d99c058b02f23dec74
dv3-A-lgcp-000624,3,A,lgcp,624,,,,3:1:5:624,,test,1,348.15491838638064,,,,,,,,,1.3581266846857007,1.7967916704377773,,,,,,,5.173584206150802,0.09629671190675167,256,11.471134687863742,2.6401985153165,,1,299,1,exact,,,2,4.44508411770356e-06,,,,0.016031417002523085,a9b1ae4efb50cefb6d872400000cd500c08cc005
dv3-A-lgcp-000625,3,A,lgcp,625,,,,3:1:5:625,,test,1,477.92145611554923,,,,,,,,,1.4510550107236362,1.0296955254355684,,,,,,,5.443918895878101,0.04710104702146129,256,9.045246931770237,1.4967094366266362,,1,485,1,exact,,,2,3.796789403421037e-05,,,,0.015347249998740153,5bace2ca9bd5f20e303c4cc3ad3a4b4323c27f3e
dv3-A-lgcp-000626,3,A,lgcp,626,,,,3:1:5:626,,test,1,121.94964630685928,,,,,,,,,0.10598957735127748,0.5033515310541434,,,,,,,4.750613435669328,0.04558071373868269,256,0.13098840427538028,0.8373290663930821,,1,134,1,exact,,,2,4.189409882584688e-05,,,,0.018258457999763777,505f6a7111aa0b9e80b37327f2cdb75b3f9cd90f
dv3-A-lgcp-000627,3,A,lgcp,627,,,,3:1:5:627,,test,1,558.020099631431,,,,,,,,,0.2346695807482977,1.0627297056036435,,,,,,,6.2070601922032855,0.044988125611662426,256,1.3893043363722657,1.7483738845131036,,1,515,1,exact,,,2,4.35709983746707e-05,,,,0.019852666999213398,f8e313301b401ecdfcc0c7f412fd41e1f5d7c6b3
dv3-A-lgcp-000628,3,A,lgcp,628,,,,3:1:5:628,,test,1,332.33195232757595,,,,,,,,,0.1084657776525063,1.5976636852748916,,,,,,,5.751901436975118,0.0876393836099418,256,0.6809044553024187,2.657167193387318,,1,288,1,exact,,,2,5.896053960239718e-06,,,,0.01904729200032307,2319c83c20bb2f3104c62d9dade35ae9a19e88b3
dv3-A-lgcp-000629,3,A,lgcp,629,,,,3:1:5:629,,test,1,655.2239946124528,,,,,,,,,0.5706958913180311,0.6648268343630565,,,,,,,6.199629208023159,0.025972493363724303,256,2.4845221951128793,1.060799001839312,,1,688,1,exact,,,2,0.00022622993741042914,,,,0.017029332997481106,49e7753c3e1fa6b5e9973c056d3cdfe215bf4364
dv3-A-lgcp-000630,3,A,lgcp,630,,,,3:1:5:630,,test,1,461.9307124962524,,,,,,,,,0.247323688912473,1.3172461842327192,,,,,,,6.0117530624266,0.06128843475787049,256,1.5961285969911359,2.1646972815228898,,1,483,1,exact,,,2,1.7236315060613533e-05,,,,0.01758966699708253,0f090aa891655abf2594542cddadec81227c5751
dv3-A-lgcp-000631,3,A,lgcp,631,,,,3:1:5:631,,test,1,593.4394681544272,,,,,,,,,2.244730625971394,1.1460455548892008,,,,,,,5.263569904547355,0.047045021098350605,512,19.726524755131308,1.501332496522862,,1,533,1,exact,,,2,4.7643879654037475e-06,,,,0.07826050000221585,f31546a23c1b4ad5d62527b250914c94c3a248d5
dv3-A-lgcp-000632,3,A,lgcp,632,,,,3:1:5:632,,test,1,267.79825323557117,,,,,,,,,2.6281679381044283,1.302461623959183,,,,,,,4.27614994153822,0.07959046940007729,512,18.099653104081973,1.6095303929126992,,1,184,1,exact,,,2,9.840145490581151e-07,,,,0.08027591700010817,9108eaeec58c91a948391c0a55d0d0597e5114b8
dv3-A-lgcp-000633,3,A,lgcp,633,,,,3:1:5:633,,test,1,100.31773473004053,,,,,,,,,2.211396747693755,0.9489414129936975,,,,,,,3.5026441223406115,0.09474374378164303,256,6.116298115950543,1.2491143531358526,,1,130,1,exact,,,2,4.6671333779381585e-06,,,,0.01839141700111213,0bc0d7ea90e6a87d499763f20de9f337070841e1
dv3-A-lgcp-000634,3,A,lgcp,634,,,,3:1:5:634,,test,1,425.30425298898035,,,,,,,,,0.7326384138996326,0.9804839987699021,,,,,,,5.6864855952338615,0.047543445016777514,256,3.6880692412203873,1.5401586729830632,,1,409,1,exact,,,2,3.691811473737483e-05,,,,0.019493916999635985,15d92cd6487fef6cf11f8d4fd58ad444be2f441d
dv3-A-lgcp-000635,3,A,lgcp,635,,,,3:1:5:635,,test,1,303.2252018115443,,,,,,,,,0.17096389287502956,0.6344341653727114,,,,,,,5.628993823307688,0.0364337534888309,256,0.4465018842146639,1.049540485963332,,1,312,1,exact,,,2,8.201186795063214e-05,,,,0.018576082999061327,d3e31624bfbd71779abd43a34aaa75bd2ab7b35e
dv3-A-lgcp-000636,3,A,lgcp,636,,,,3:1:5:636,,test,1,574.4452222987754,,,,,,,,,1.5092122581997258,1.071713824071929,,,,,,,5.598798615163924,0.044715132486495855,512,10.945139970463456,1.5470430205342598,,1,668,1,exact,,,2,5.5485563996804415e-06,,,,0.07194195900228806,ecac5eda56ff8b1018ef29406f1df39ff9337861
dv3-A-lgcp-000637,3,A,lgcp,637,,,,3:1:5:637,,test,1,644.4200773075254,,,,,,,,,0.20086126255349399,0.5629748921225661,,,,,,,6.367920176132158,0.022177086735963428,256,0.7044112400977749,0.9289220864641179,,1,660,1,exact,,,2,0.0003632003450960237,,,,0.01797866600099951,4aa158785f51251caf7a0f596471bb25f86c5f1d
dv3-A-lgcp-000638,3,A,lgcp,638,,,,3:1:5:638,,test,1,280.10422336424824,,,,,,,,,1.3011674908890547,1.059360924787808,,,,,,,4.984578014766585,0.06329714491085561,256,6.202436265709828,1.56680611245506,,1,272,1,exact,,,2,1.5647112082079465e-05,,,,0.017186916000355268,7e08ff81af293c256d0b88e89528f074d9d4c61b
dv3-A-lgcp-000639,3,A,lgcp,639,,,,3:1:5:639,,test,1,109.12636540591154,,,,,,,,,0.21547363677158582,1.0934424029616063,,,,,,,4.584769708006454,0.10467213104824863,256,0.527358984541297,1.8019167680310084,,1,107,1,exact,,,2,3.4619236534985348e-06,,,,0.019552499998098938,0ab0bc35b2269c192237c651f1466ccd8d36b642
dv3-A-lgcp-000640,3,A,lgcp,640,,,,3:1:5:640,,test,1,193.57509117021462,,,,,,,,,1.099435870205778,1.6244426520751487,,,,,,,4.715947570151137,0.11675611825926678,256,6.028351896857626,2.456886072711128,,1,168,1,exact,,,2,2.495946094157835e-06,,,,0.019338499998411862,08deba1795448de01a402da88fe302e9888b0c99
dv3-A-lgcp-000641,3,A,lgcp,641,,,,3:1:5:641,,test,1,536.609022022402,,,,,,,,,0.15459271566994365,0.7388507936490601,,,,,,,6.207973393325687,0.03189537841227091,256,0.6342667625707511,1.2239977626904268,,1,505,1,exact,,,2,0.00012221167926004036,,,,0.019879041999956826,09028ea830ec9c14381ce0d1e8255db8447ea9f7
dv3-A-lgcp-000642,3,A,lgcp,642,,,,3:1:5:642,,test,1,129.77623046110028,,,,,,,,,0.09169497364078275,1.4411928755977226,,,,,,,4.81996417634362,0.126509904797597,256,0.3043420260916379,2.400339353865179,,1,135,1,exact,,,2,1.9636783683386842e-06,,,,0.02068258299914305,c1ed3b3325db7b49f4b1dbbcd971fdd41c07487d
dv3-A-lgcp-000643,3,A,lgcp,643,,,,3:1:5:643,,test,1,100.18347486826555,,,,,,,,,0.055863190694992876,1.1700461688327968,,,,,,,4.57907165822783,0.11689742732682583,256,0.13567053301280124,1.9546264044432515,,1,106,1,exact,,,2,2.486929693241934e-06,,,,0.021463249999214895,5935e8511ad3a16627de967b4cbb15e1ed7064e2
dv3-A-lgcp-000644,3,A,lgcp,644,,,,3:1:5:644,,test,1,328.51481609864106,,,,,,,,,0.7932267832856668,0.5120387411795415,,,,,,,5.397968547543723,0.028250448086903468,256,1.8937282515850113,0.7994910088509897,,1,331,1,exact,,,2,0.00017583679462343166,,,,0.020984124999813503,61f59852bdc8dc49c91fdd42816619f832bb8191
dv3-A-lgcp-000645,3,A,lgcp,645,,,,3:1:5:645,,test,1,521.0969897045431,,,,,,,,,1.3110086807604284,1.8022563589825715,,,,,,,5.6004318447087185,0.0789509362254411,256,13.852817594815317,2.662572356458206,,1,723,1,exact,,,2,8.0641130929899e-06,,,,0.021906042002228787,0cecfe759ce72d6a8a717253220a4c804ed41119
dv3-A-lgcp-000646,3,A,lgcp,646,,,,3:1:5:646,,test,1,170.72838994774656,,,,,,,,,0.0915434840222215,0.666577673171754,,,,,,,5.094302188827205,0.05101499995789027,256,0.18089589854144972,1.1102144214390197,,1,188,1,exact,,,2,2.9884120102489352e-05,,,,0.018708208001044113,22a8e8af916569b47321296317fdbc581c20bd11
dv3-A-lgcp-000647,3,A,lgcp,647,,,,3:1:5:647,,test,1,410.8168707175821,,,,,,,,,2.815042869345774,1.3925491119428788,,,,,,,4.610626110497312,0.06870469018995673,1024,26.429488448762072,1.6690675857745476,,1,705,1,exact,,,2,1.9122181104437695e-07,,,,0.3685441659981734,a70eea1083957963d2e9747733f2a04a30b671ca
dv3-A-lgcp-000648,3,A,lgcp,648,,,,3:1:5:648,,test,1,255.89652794021447,,,,,,,,,2.490573464512713,1.3666203241042467,,,,,,,4.29948644278379,0.08543103709007993,512,17.010327043163446,1.7256853144163908,,1,225,1,exact,,,2,7.957037128672017e-07,,,,0.07240120799906435,f9cca50829d0891f13824bef4a630957cc13e26c
dv3-A-lgcp-000649,3,A,lgcp,649,,,,3:1:5:649,,test,1,195.13513763819256,,,,,,,,,1.7175974520505575,0.6952051824824474,,,,,,,4.4148936060446715,0.0497674354021514,256,4.801369894852277,0.9781233155085284,,1,252,1,exact,,,2,3.218776071825281e-05,,,,0.020448582999961218,bb05afe9eb5c34a3bf39adb48cb66c7d0d3b4cf1
dv3-A-lgcp-000650,3,A,lgcp,650,,,,3:1:5:650,,test,1,164.95232309797433,,,,,,,,,1.4759735120074993,0.8499020198185895,,,,,,,4.367669725221102,0.06617434376648648,256,4.296523774762874,1.2317296786576986,,1,171,1,exact,,,2,1.3693868096550276e-05,,,,0.022647916001005797,cdfad59f8c0491a2655f0fe167886e23023cbea6
dv3-A-lgcp-000651,3,A,lgcp,651,,,,3:1:5:651,,test,1,182.94957557089572,,,,,,,,,0.5835980601259466,1.1820821260625087,,,,,,,4.917411541480971,0.08739406641556315,256,2.175458969584511,1.883823784857911,,1,258,1,exact,,,2,5.94582923432759e-06,,,,0.023112332997698104,b16dcf2ca6abba2db092fa38fb56418d516086d8
dv3-A-lgcp-000652,3,A,lgcp,652,,,,3:1:5:652,,test,1,432.75487310281096,,,,,,,,,0.08010265862258507,1.7673814572721143,,,,,,,6.030120125462238,0.0849589841070467,256,0.6267087585657972,2.946496419908193,,1,452,1,exact,,,2,6.471726852818685e-06,,,,0.02128712500052643,282db8028fdb305f432fb6011f152044297f5213
dv3-A-lgcp-000653,3,A,lgcp,653,,,,3:1:5:653,,test,1,385.39320184985144,,,,,,,,,0.46489120580525595,0.7466830258119774,,,,,,,5.721818513715661,0.03803507297980876,256,1.659466943397724,1.2032636492899402,,1,426,1,exact,,,2,7.208758391686752e-05,,,,0.021923874999629334,1304a7ba24abaec55e026c4be5e4755d9441268f
dv3-A-lgcp-000654,3,A,lgcp,654,,,,3:1:5:654,,test,1,505.6207240302359,,,,,,,,,0.07794235594041089,0.6993286993230687,,,,,,,6.186815653006269,0.031100610787210808,256,0.2914924867772616,1.1661007237628858,,1,522,1,exact,,,2,0.00013181613808066334,,,,0.01933712499885587,9e5f7e0673dfda7fec9501367f46ea9fff137724
dv3-A-lgcp-000655,3,A,lgcp,655,,,,3:1:5:655,,test,1,344.8614337737957,,,,,,,,,0.10055436794393134,1.2345939411047588,,,,,,,5.792865511144575,0.06648165565613642,256,0.51570428693625,2.0547028944053167,,1,355,1,exact,,,2,1.3504871327237573e-05,,,,0.030062834001000738,c0ccda98652261a9ca9d3ab11390b605d93db958
dv3-A-lgcp-000656,3,A,lgcp,656,,,,3:1:5:656,,test,1,149.0113861245093,,,,,,,,,1.0039787570841905,1.2952775941302592,,,,,,,4.5020333414267535,0.10610922091076837,256,3.644693700781837,1.979104526442447,,1,147,1,exact,,,2,3.3233326715646233e-06,,,,0.021575375001702923,f143775a87cb0d69cbb80ee492493e68fe1d5c33
dv3-A-lgcp-000657,3,A,lgcp,657,,,,3:1:5:657,,test,1,271.22496102209215,,,,,,,,,0.1206630004078597,0.8026621892804311,,,,,,,5.542617090793973,0.04873803074443835,256,0.3706279409083712,1.3335707031088135,,1,302,1,exact,,,2,3.427014116979006e-05,,,,0.020777958001417574,7ab4c9d391cd4e311ff4b3abfa8a744b5c4bcbed
dv3-A-lgcp-000658,3,A,lgcp,658,,,,3:1:5:658,,test,1,371.2438047299353,,,,,,,,,0.535147509495381,1.6461615892550558,,,,,,,5.649285247633846,0.08543638347719304,256,3.8371688532848123,2.635445482683366,,1,440,1,exact,,,2,6.3638716108055075e-06,,,,0.019424250000156462,8b7de237e2afb4fcc060f63e0b1037781f0b95c1
dv3-A-lgcp-000659,3,A,lgcp,659,,,,3:1:5:659,,test,1,538.4342524126158,,,,,,,,,0.05726759996334118,0.8809306183222866,,,,,,,6.260031595219412,0.037964297245731124,256,0.2750455670279681,1.4714696866872512,,1,524,1,exact,,,2,7.24913368525366e-05,,,,0.025970874998165527,a0adad7b31e8bb38aaa315044d98b8083acc7000
dv3-A-lgcp-000660,3,A,lgcp,660,,,,3:1:5:660,,test,1,675.4881606482332,,,,,,,,,0.3652715841249907,0.504376105750818,,,,,,,6.33279983838658,0.01940642925601694,256,1.2064502812405804,0.8202166163960035,,1,627,1,exact,,,2,0.00054169661175665,,,,0.015199707999272505,446b0374d9e61e000c23b94b5577fd713d4b79fa
dv3-A-lgcp-000661,3,A,lgcp,661,,,,3:1:5:661,,test,1,151.17082972110472,,,,,,,,,0.9089784950594929,0.7469019301729632,,,,,,,4.563921272478272,0.06074766416977358,256,2.0149288858640055,1.1525768844000785,,1,184,1,exact,,,2,1.770065763202789e-05,,,,0.018983583999215625,4a8f32d10eb0a9e0d179cccbe0a2841e308886de
dv3-A-lgcp-000662,3,A,lgcp,662,,,,3:1:5:662,,test,1,366.98663239915595,,,,,,,,,0.16571471430669912,1.9737764958804112,,,,,,,5.8224680662573505,0.10303217085975243,256,1.2967627386282021,3.266681931241612,,1,362,1,exact,,,2,3.6296840943670036e-06,,,,0.021084208998217946,8a7685de3c11eaad912307851a613ba71d9afd1a
dv3-A-lgcp-000663,3,A,lgcp,663,,,,3:1:5:663,,test,1,214.71004508369091,,,,,,,,,0.3492039575750518,0.5308642343046911,,,,,,,5.194686511605876,0.036229078290497124,256,0.6506725661978753,0.8645413271568181,,1,201,1,exact,,,2,8.34090511180472e-05,,,,0.019605292000051122,d0da94f89b0146c070798a520d64b9db5c58a537
dv3-A-lgcp-000664,3,A,lgcp,664,,,,3:1:5:664,,test,1,317.3463875411379,,,,,,,,,1.8305434086951324,0.505417059833824,,,,,,,4.844722178139046,0.028371553567643554,256,4.902200466701161,0.7008690824759329,,1,307,1,exact,,,2,0.00017359643915965022,,,,0.01438879100169288,d61605689fa22c4e79c5d67255446945de3b94d0
dv3-A-lgcp-000665,3,A,lgcp,665,,,,3:1:5:665,,test,1,267.97078812154865,,,,,,,,,0.2176448462408896,0.5576715176850602,,,,,,,5.48205555190307,0.03406706642245145,256,0.4784157621282703,0.9188300256877059,,1,270,1,exact,,,2,0.00010030920418571385,,,,0.025493625002127374,d44c816564b2c659204013d9c967261c4da1c02c
dv3-A-lgcp-000666,3,A,lgcp,666,,,,3:1:5:666,,test,1,219.82556699402082,,,,,,,,,1.8505301317814837,1.3773496426266356,,,,,,,4.46756928866826,0.09289772951570663,256,10.643837793166213,1.9050146194236781,,1,190,1,exact,,,2,4.950776910672045e-06,,,,0.023881207998783793,e54cce1629b92a474c6876522199bc1669df5255
dv3-A-lgcp-000667,3,A,lgcp,667,,,,3:1:5:667,,test,1,299.26382207708207,,,,,,,,,0.5225178387315869,0.9094734493133562,,,,,,,5.440066613068539,0.052573018859254875,256,2.0054093210348425,1.4577606734777115,,1,246,1,exact,,,2,2.7305750770202236e-05,,,,0.015123665998544311,7aae462bd10bba98813cffecee0b8d0a286a608d
dv3-A-lgcp-000668,3,A,lgcp,668,,,,3:1:5:668,,test,1,130.9874675692911,,,,,,,,,1.5648873426098562,0.6290473955848657,,,,,,,4.092657979909814,0.054962755270559285,256,3.033984094633061,0.9019612495860329,,1,194,1,exact,,,2,2.3897327289143668e-05,,,,0.017248457999812672,936e6e9e4b23acd1bd6c36014aa255177e03d977
dv3-A-lgcp-000669,3,A,lgcp,669,,,,3:1:5:669,,test,1,273.0364723574454,,,,,,,,,0.06363104418758957,0.6021665065260405,,,,,,,5.577789862546617,0.036442340662536314,256,0.14911226467909638,1.0052966810790949,,1,257,1,exact,,,2,8.195393323855397e-05,,,,0.01832020900110365,ba7a59f8dc02fba10b9813319f1d3d3b4ab16add
dv3-A-lgcp-000670,3,A,lgcp,670,,,,3:1:5:670,,test,1,169.76841212234487,,,,,,,,,0.0698269319986935,1.677417804432962,,,,,,,5.09952176066845,0.12873979257933507,256,0.3110488906595752,2.7989343777815328,,1,148,1,exact,,,2,1.8638669144805856e-06,,,,0.022430290999182034,b88416e943b0bf1e94f809995e411f9fc309eb3b
dv3-A-lgcp-000671,3,A,lgcp,671,,,,3:1:5:671,,test,1,237.54418195834742,,,,,,,,,1.6746873611215713,0.8523276550344203,,,,,,,4.633009954910911,0.055301177807045195,256,6.298371083877244,1.2056762452318814,,1,279,1,exact,,,2,2.3461363190301084e-05,,,,0.024297790998389246,d22d00bbacbe19bbc48a195860b17ee7d5d423ef
dv3-A-lgcp-000672,3,A,lgcp,672,,,,3:1:5:672,,test,1,244.7245712589795,,,,,,,,,0.8378916625216379,0.8261522066794025,,,,,,,5.08118754795534,0.05281062156712096,256,2.7465658057316387,1.2841581389946986,,1,218,1,exact,,,2,2.6938927064210086e-05,,,,0.02233166600126424,26f78c0a77ccce2f8b845062f7e280da1b270b7c
dv3-A-lgcp-000673,3,A,lgcp,673,,,,3:1:5:673,,test,1,391.9759907575459,,,,,,,,,0.05488662049572053,0.8944530843799654,,,,,,,5.943757279599378,0.045178086514880984,256,0.22268501854252937,1.494355355605172,,1,346,1,exact,,,2,4.302385665439612e-05,,,,0.026982416999089764,42227c4186b1242ae863996a8bde68f5cd6d5350
dv3-A-lgcp-000674,3,A,lgcp,674,,,,3:1:5:674,,test,1,644.1167685879908,,,,,,,,,0.6773163606205813,0.9361740489865096,,,,,,,6.129221847041214,0.0368870815143569,256,4.055183983954209,1.4785456970937831,,1,545,1,exact,,,2,7.902653102881337e-05,,,,0.026615667000442045,4692f9287337bbf8e7962daed0ffd21552483d05
dv3-A-lgcp-000675,3,A,lgcp,675,,,,3:1:5:675,,test,1,125.28193257494469,,,,,,,,,0.42509462337494314,0.8144447090058611,,,,,,,4.618019346481258,0.07276413722552089,256,0.8748469582505003,1.3172713752393603,,2,116,1,exact,,,2,1.030054352179229e-05,,,,0.02924324999912642,3b7a412c810b6603b41a04b1811bd21bbaf30ba8
dv3-A-lgcp-000676,3,A,lgcp,676,,,,3:1:5:676,,test,1,284.20363913788924,,,,,,,,,0.2156570752746418,0.9840534247586549,,,,,,,5.541862482792006,0.05837190403722137,256,0.8354034351058561,1.6216254720874146,,1,285,1,exact,,,2,1.995068479080574e-05,,,,0.026515875000768574,2aca6515797341650583ed0db7297dc279181228
dv3-A-lgcp-000677,3,A,lgcp,677,,,,3:1:5:677,,test,1,141.33390010145766,,,,,,,,,0.06547178954779402,1.0243215898611382,,,,,,,4.918389281933733,0.08616148090427603,256,0.1671441474694767,1.709805918645475,,1,148,1,exact,,,2,6.204595336698063e-06,,,,0.02156391699827509,4c2bea6156c4e34da02cac9cf355a6189a3a3519
dv3-A-lgcp-000678,3,A,lgcp,678,,,,3:1:5:678,,test,1,528.5317984304085,,,,,,,,,1.164353811152855,1.5330737355689155,,,,,,,5.687926065247268,0.06668489671166224,256,10.541904723500593,2.3023586865603076,,1,458,1,exact,,,2,1.3381784952461511e-05,,,,0.018781582999508828,d8c7b397f05784a6614c43a3ba4a5408308a65ec
dv3-A-lgcp-000679,3,A,lgcp,679,,,,3:1:5:679,,test,1,199.7701856656525,,,,,,,,,2.2317839145323255,0.5350351887583643,,,,,,,4.181275676921115,0.037854456007277694,256,5.288250688651025,0.702215423277223,,1,204,1,exact,,,2,7.312393759514878e-05,,,,0.016698917002941016,04c6d42904c0b4f5e87463990886bac0306498d9
dv3-A-lgcp-000680,3,A,lgcp,680,,,,3:1:5:680,,test,1,231.92027126383877,,,,,,,,,0.4646666732981216,0.8630526350678076,,,,,,,5.2140603176076645,0.056671920166400346,256,1.4803637777785206,1.390819623532253,,1,234,1,exact,,,2,2.1800108998392324e-05,,,,0.019573708003008505,49cc9d41cecb0d018687d50836951db8999cec96
dv3-A-lgcp-000681,3,A,lgcp,681,,,,3:1:5:681,,test,1,273.2909566394862,,,,,,,,,2.903724203612631,0.6898597553552245,,,,,,,4.158674901079638,0.041729980294171604,512,11.752635220593149,0.8145299865425678,,1,299,1,exact,,,2,6.826404723491036e-06,,,,0.13668766699993284,3e0dce17bffaed53c8a9724288360f6a72793a52
dv3-A-lgcp-000682,3,A,lgcp,682,,,,3:1:5:682,,test,1,186.99172396939295,,,,,,,,,0.8589470236155812,1.0998158610566249,,,,,,,4.801590847219267,0.08042828085163349,256,3.168666516308666,1.7058882294938187,,1,195,1,exact,,,2,7.627924831978853e-06,,,,0.024821415998303564,f5d394ededae969cd1d831f70ff39e8b3b76b4b5
dv3-A-lgcp-000683,3,A,lgcp,683,,,,3:1:5:683,,test,1,528.5634322054025,,,,,,,,,0.08168922031405385,0.7468473463207759,,,,,,,6.229318211045493,0.03248503097946456,256,0.33303515957517627,1.244942678034472,,1,516,1,exact,,,2,0.00011568057823201255,,,,0.017552749999595108,5df9e0a97bfeed5e046b8efccc63aeaace8e5237
dv3-A-lgcp-000684,3,A,lgcp,684,,,,3:1:5:684,,test,1,134.6223124917428,,,,,,,,,2.4592276674361493,1.3163882364343171,,,,,,,3.6728593386380854,0.11345547789098445,256,10.903325428361676,1.6702790789749884,,2,160,1,exact,,,2,2.719614820057569e-06,,,,0.02871262500048033,6215b8659f04bf7e8c36813b986ca339d885d3f2
dv3-A-lgcp-000685,3,A,lgcp,685,,,,3:1:5:685,,test,1,100.88270560754269,,,,,,,,,1.9242151415773663,1.2436284308066947,,,,,,,3.6518509405672384,0.12381757139994694,256,6.479556641373069,1.7034027561423888,,1,144,1,exact,,,2,2.0940068355947333e-06,,,,0.01741454200237058,cec3687cc5ca6ced7f970908b2262a1b0fe8e87c
dv3-A-lgcp-000686,3,A,lgcp,686,,,,3:1:5:686,,test,1,140.7555261115312,,,,,,,,,1.1252590482683884,1.7517561453343589,,,,,,,4.384395004008527,0.1476525400587837,256,5.264101657872981,2.6420365743216623,,1,182,1,exact,,,2,1.2394292092860823e-06,,,,0.019725875001313398,583b653ba6bc17f8363ab76f4ac8dde0bde572e1
dv3-A-lgcp-000687,3,A,lgcp,687,,,,3:1:5:687,,test,1,219.74902995159593,,,,,,,,,0.1783283733225601,0.9014293638008886,,,,,,,5.3033219355670544,0.060809049866484284,256,0.5561056896953178,1.490282494114457,,1,235,1,exact,,,2,1.7647114876071247e-05,,,,0.01552533300127834,0426695dd40efd1a7cff467958a3b71f4571aff0
dv3-A-lgcp-000688,3,A,lgcp,688,,,,3:1:5:688,,test,1,150.91019849833896,,,,,,,,,1.0606600664819246,0.6362962065706709,,,,,,,4.486354914731147,0.05179645520228528,256,2.0751283736995716,0.9663853516990298,,1,138,1,exact,,,2,2.855212947725749e-05,,,,0.015474292002181755,c0688d19569df4dc2f4b48e7c6b1a12238f769ad
dv3-A-lgcp-000689,3,A,lgcp,689,,,,3:1:5:689,,test,1,230.52156362214666,,,,,,,,,2.354941202413014,1.245159739615843,,,,,,,4.262873808360586,0.08201046825784361,512,13.834585708133002,1.6049766088232447,,1,292,1,exact,,,2,8.99459516923642e-07,,,,0.09278283300227486,221956e45ad249369f905131d2c13eb8fd71b21d
dv3-A-lgcp-000690,3,A,lgcp,690,,,,3:1:5:690,,test,1,210.71132380551325,,,,,,,,,0.2700467575150121,1.2639961195291805,,,,,,,5.215465684346099,0.08707666810352299,256,1.1169980175020549,2.0730420676008214,,1,160,1,exact,,,2,6.011065299903824e-06,,,,0.015291333002096508,add54a1226e792638606e7309f597e068f4fe795
dv3-A-lgcp-000691,3,A,lgcp,691,,,,3:1:5:691,,test,1,198.50110954257855,,,,,,,,,0.4081385687263905,0.621745144133921,,,,,,,5.086725405383585,0.04412969570265426,256,0.8611177390713782,1.00716012035719,,1,150,1,exact,,,2,4.616265556193175e-05,,,,0.02546858300047461,9279a539e9a3460e45b2156f86a029fd27eaf674
dv3-A-lgcp-000692,3,A,lgcp,692,,,,3:1:5:692,,test,1,139.74271114485398,,,,,,,,,0.11041781549891527,1.4107205720487712,,,,,,,4.88459404653811,0.11933735755550155,256,0.37227582763261347,2.3458624404005803,,1,161,1,exact,,,2,2.337905386180015e-06,,,,0.018402875000901986,0fad11c95c3501a30a79fd366b196d225afc1b09
dv3-A-lgcp-000693,3,A,lgcp,693,,,,3:1:5:693,,test,1,322.7373499575656,,,,,,,,,0.8057163345088576,0.5023711708736608,,,,,,,5.373980667149791,0.027964051589167836,256,1.8724288515636383,0.7834147001835722,,1,291,1,exact,,,2,0.0001812904344910272,,,,0.01644595800098614,9ca36dac868e24f948f171cadca26899a8a6bc9c
dv3-A-lgcp-000694,3,A,lgcp,694,,,,3:1:5:694,,test,1,415.8755043571558,,,,,,,,,0.10826133776767977,0.7692348046349767,,,,,,,5.976255278215486,0.03772048392095951,256,0.39533533457012204,1.2793812458031388,,1,460,1,exact,,,2,7.390551568534372e-05,,,,0.029295832999196136,f1efa9055f837b780b48d8438d9363783325482c
dv3-A-lgcp-000695,3,A,lgcp,695,,,,3:1:5:695,,test,1,229.12212367064714,,,,,,,,,0.061447945198380205,1.1935127926396716,,,,,,,5.403531179944064,0.07884852351862545,256,0.24746508168159415,1.992894685654077,,1,249,1,exact,,,2,8.095570854570567e-06,,,,0.027648667000903515,ceae509dfec8ae1af0bd286079c9e15e5e2511d3
dv3-A-lgcp-000696,3,A,lgcp,696,,,,3:1:5:696,,test,1,569.6732618304502,,,,,,,,,0.06033044784497506,0.5922781953880435,,,,,,,6.3148977476910675,0.02481491697658801,256,0.20468337224000968,0.9890625423344228,,1,601,1,exact,,,2,0.0002593543804897945,,,,0.02171141700091539,94dce0534e57491e533aecb8d82486a2f8a37e82
dv3-A-lgcp-000697,3,A,lgcp,697,,,,3:1:5:697,,test,1,455.4479393264346,,,,,,,,,1.6431641367840133,0.6710809500788145,,,,,,,5.299699348310444,0.03144528534267351,512,6.872386213007239,0.9530249469321921,,1,480,1,exact,,,2,1.5952483654392665e-05,,,,0.3011056249997637,3ad5c03e45d892f9a953721df895bafbaf0cef02
dv3-A-lgcp-000698,3,A,lgcp,698,,,,3:1:5:698,,test,1,317.8990640777086,,,,,,,,,0.7974877357370391,0.8518246176596536,,,,,,,5.362990055966233,0.04777553535907812,256,3.0689564976000154,1.3294610861485288,,1,294,1,exact,,,2,3.6382827508108116e-05,,,,0.01786579200052074,951ef21ad0d67a8ee1514c00228120ae50fa9284
dv3-A-lgcp-000699,3,A,lgcp,699,,,,3:1:5:699,,test,1,183.77441795770022,,,,,,,,,1.850399183810504,0.9243036206808984,,,,,,,4.288509424203647,0.0681823752084542,256,6.648675430239253,1.2784278055706484,,1,195,1,exact,,,2,1.2519419090570996e-05,,,,0.02309041699845693,33ff511a1ef205307f8e3add95ca3a74938d79ad
dv3-A-lgcp-000700,3,A,lgcp,700,,,,3:1:5:700,,test,1,105.34476650525579,,,,,,,,,0.11588398115824333,0.7555835524654702,,,,,,,4.5992964712207565,0.07361664366888358,256,0.19710297436830793,1.2558631395548665,,1,106,1,exact,,,2,9.946868974946808e-06,,,,0.03217199999926379,8dacc4b5a2b7925153a0b59f6cdee8fcb4329288
dv3-A-lgcp-000701,3,A,lgcp,701,,,,3:1:5:701,,test,1,469.1424772818248,,,,,,,,,0.11214573892750307,1.576543616128222,,,,,,,6.094833642361323,0.0727869651563196,256,0.8390066923427038,2.6212219313366156,,1,497,1,exact,,,2,1.0290856345285445e-05,,,,0.022777250000217464,f7b34cffbf33b2f7b8030304f4d27e81a7339ec2
dv3-A-lgcp-000702,3,A,lgcp,702,,,,3:1:5:702,,test,1,146.2339559832895,,,,,,,,,0.9189786262757557,1.1894000949795047,,,,,,,4.525718464277946,0.09835667854427985,256,3.036051826328054,1.8335231077569512,,1,206,1,exact,,,2,4.171782629864168e-06,,,,0.01995287500176346,3ff50a07af3a46b9c95ddbf130cad351954dc5d4
dv3-A-lgcp-000703,3,A,lgcp,703,,,,3:1:5:703,,test,1,728.9904943128934,,,,,,,,,2.899158484020691,1.6727949732429723,,,,,,,5.142081450561987,0.06195577331223312,1024,44.62271488984485,1.9766419616650264,,1,1026,1,exact,,,2,2.6076486445022006e-07,,,,0.4089167919992178,b8bb7f7f16bca4b64e89de9735d4390853bcca75
dv3-A-lgcp-000704,3,A,lgcp,704,,,,3:1:5:704,,test,1,105.03074045916163,,,,,,,,,2.8877666373363557,0.9131293648485042,,,,,,,3.210369754919392,0.08909925970187539,256,8.821742732504827,1.0810899965922027,,1,67,1,exact,,,2,5.6110503911539115e-06,,,,0.021225458000117214,8007dd3ae77fdbf2042cc10917d2b844a24a4c62
dv3-A-lgcp-000705,3,A,lgcp,705,,,,3:1:5:705,,test,1,227.2965896858127,,,,,,,,,2.2283189438337323,0.9448011443061782,,,,,,,4.312096255247082,0.06266772814251564,512,9.886581946925384,1.2406393723671516,,1,226,1,exact,,,2,2.015742606335546e-06,,,,0.09091975000046659,517cc3c9c85216fd43fc440174e0f94da97698f1
dv3-A-lgcp-000706,3,A,lgcp,706,,,,3:1:5:706,,test,1,109.61547457633954,,,,,,,,,0.12351080544457094,0.6714895267632547,,,,,,,4.635223153215023,0.06413621244148045,256,0.19271245996203323,1.1153653997497943,,1,110,1,exact,,,2,1.504108640209833e-05,,,,0.023602833000040846,3f69e175ce7d533b4af081a747cec6bea0cf9a43
dv3-A-lgcp-000707,3,A,lgcp,707,,,,3:1:5:707,,test,1,284.8229943144215,,,,,,,,,1.0092104136158653,0.7331170726594893,,,,,,,5.1472627079342725,0.04343959919273307,256,3.2918021208174695,1.1195394762016455,,1,318,1,exact,,,2,4.839713841530751e-05,,,,0.019868000003043562,2f52df94d05590da772c1e63d1d968c81886f608
dv3-A-lgcp-000708,3,A,lgcp,708,,,,3:1:5:708,,test,1,157.91149795911033,,,,,,,,,1.1042331179321179,1.3716876154623798,,,,,,,4.509918177624869,0.10915618303658316,256,4.526950126106617,2.0735315568305634,,1,146,1,exact,,,2,3.0531136678641504e-06,,,,0.02406166600121651,a9ab9caa6bb0c0a9d57fd1136909842d4c61739e
dv3-A-lgcp-000709,3,A,lgcp,709,,,,3:1:5:709,,test,1,790.5418215943271,,,,,,,,,0.12408090581402996,0.8442656043559272,,,,,,,6.610678107585745,0.030027326846935536,256,0.7047781622995225,1.4022838401578541,,1,806,1,exact,,,2,0.00014645179223068548,,,,0.020599999999831198,a4ac8a92fd6e8c338e38ec6d480c7cec94948716
dv3-A-lgcp-000710,3,A,lgcp,710,,,,3:1:5:710,,test,1,290.47422268301204,,,,,,,,,2.313273277800034,1.3800706106522702,,,,,,,4.514878199145058,0.08097435705308886,512,16.65973562199162,1.7898915709096885,,1,273,1,exact,,,2,9.344257367867128e-07,,,,0.08506520899754832,91192ed004518be12e4745f09e196b454e613a42
dv3-A-lgcp-000711,3,A,lgcp,711,,,,3:1:5:711,,test,1,786.0745384387685,,,,,,,,,1.3864224843526458,1.3517800267747937,,,,,,,5.973840378375853,0.04821411068433011,512,14.406285695992588,1.9798052334614424,,1,776,1,exact,,,2,4.42616578899107e-06,,,,0.09296566599732614,9527c6e51e2fd1ccd12adeb423c4f79344999725
dv3-A-lgcp-000712,3,A,lgcp,712,,,,3:1:5:712,,test,1,482.1526647952723,,,,,,,,,2.2725117083804163,1.0432598828651085,,,,,,,5.042004941651818,0.04751166190312812,512,16.380566797874856,1.3611744629129543,,1,346,1,exact,,,2,4.625389260383045e-06,,,,0.08496108300096239,e7ed44ba3b94098a0a5b9b19ea766bc9f5fd8f82
dv3-A-lgcp-000713,3,A,lgcp,713,,,,3:1:5:713,,test,1,512.3979330174147,,,,,,,,,1.7728215520209525,0.5102603318444184,,,,,,,5.352690760080108,0.022541775622838024,512,6.212031987558204,0.7128826823191622,,1,529,1,exact,,,2,4.32949929552089e-05,,,,0.08576924999943003,8c48febefed3e798b4db7926c538461caabb2395
dv3-A-lgcp-000714,3,A,lgcp,714,,,,3:1:5:714,,test,1,628.122357230327,,,,,,,,,0.08746923034618817,0.5774956751352608,,,,,,,6.399000368670991,0.023042341574529772,256,0.3065850297278363,0.9621756557128429,,1,680,1,exact,,,2,0.00032384955471767725,,,,0.019529957997292513,ecfbe3462c4c1ea515e417f1a740032cc13e8f7d
dv3-A-lgcp-000715,3,A,lgcp,715,,,,3:1:5:715,,test,1,189.8982784944251,,,,,,,,,0.0808519648197416,0.7044977585469058,,,,,,,5.206062570040397,0.05112332615006583,256,0.18077738110814232,1.1744317870998124,,1,181,1,exact,,,2,2.9694599522668754e-05,,,,0.02205383399996208,95b4c0c78b95d2c406c0359b6f0604e93e24b455
dv3-A-lgcp-000716,3,A,lgcp,716,,,,3:1:5:716,,test,1,137.35170737966098,,,,,,,,,0.5366570337572115,0.657550523253713,,,,,,,4.654216326452986,0.056106360325285286,256,0.9613001033837325,1.05256538915059,,2,154,1,exact,,,2,2.2465894288674976e-05,,,,0.01590583399956813,ef0683f612a8af3970ad1933412dd8ffc5be3352
dv3-A-lgcp-000717,3,A,lgcp,717,,,,3:1:5:717,,test,1,536.6638122329133,,,,,,,,,2.9677499646794523,1.0101609408346512,,,,,,,4.801496868135869,0.043605313808224945,1024,24.905535052517465,1.1796205324108548,,1,474,1,exact,,,2,7.479451938333029e-07,,,,0.3213042499992298,6f66ca63a2c544e460ce5c127a4fa98627fd2cab
dv3-A-lgcp-000718,3,A,lgcp,718,,,,3:1:5:718,,test,1,110.80051047231865,,,,,,,,,0.7091705115081134,1.38815518410581,,,,,,,4.353146125699404,0.13187641686877233,256,2.293613236238168,2.18557198826154,,1,112,1,exact,,,2,1.7346959309500166e-06,,,,0.03072049999900628,3df6077b9fa84649e47c5d00880c327fae8c219b
dv3-A-lgcp-000719,3,A,lgcp,719,,,,3:1:5:719,,test,1,624.8272917122105,,,,,,,,,0.1054000987301978,1.9748146548270495,,,,,,,6.384775228923768,0.07900350259500537,256,1.1170575889900731,3.285283336823136,,1,651,1,exact,,,2,8.04802975662627e-06,,,,0.024272208000184037,ef3d6d89cfb304ab63066032d349c29b175d9694
dv3-A-lgcp-000720,3,A,lgcp,720,,,,3:1:5:720,,test,1,404.28385699833285,,,,,,,,,1.4789119837953244,0.9634939505795272,,,,,,,5.262661255676699,0.04791878436415286,256,7.940229643315783,1.3958662457028364,,1,364,1,exact,,,2,3.6057596994524715e-05,,,,0.019377417000214336,b414d04ea13b425e9755c10302c6f3388823ee5b
dv3-A-lgcp-000721,3,A,lgcp,721,,,,3:1:5:721,,test,1,114.97860748235465,,,,,,,,,0.13670045929360378,0.7983146113492148,,,,,,,4.676395859519662,0.07445014635779315,256,0.25621004248262585,1.3245346094455943,,3,127,1,exact,,,2,9.616562827860839e-06,,,,0.01746695800102316,54893c1ffc7b4f04de5b59973222ed171c4e5d38
dv3-A-lgcp-000722,3,A,lgcp,722,,,,3:1:5:722,,test,1,177.93570005370412,,,,,,,,,0.7202078750250176,0.8835988258997608,,,,,,,4.821318311864913,0.0662404973324772,256,2.0548077000339604,1.389669806271809,,1,187,1,exact,,,2,1.3652887210745598e-05,,,,0.018157791000703583,39815c9106d92ac62bec598527fcfd9359ede51b
dv3-A-lgcp-000723,3,A,lgcp,723,,,,3:1:5:723,,test,1,660.4388464135602,,,,,,,,,2.4241850523170356,0.902875560032592,,,,,,,5.280812006709809,0.03513270525242489,1024,18.391388957516867,1.1517314209434424,,1,651,1,exact,,,2,1.4300349981343917e-06,,,,0.3423922499969194,0ebae155248e43ecd71afbc515a415b9e2277a18
dv3-A-lgcp-000724,3,A,lgcp,724,,,,3:1:5:724,,test,1,713.6784883141719,,,,,,,,,0.07048778501377366,1.2133610067081015,,,,,,,6.535188671940042,0.04541912160968308,256,0.5272005369053901,2.0244980270159174,,1,701,1,exact,,,2,4.23427127870319e-05,,,,0.07041637499787612,ab4008517f8a22b2138c6345618f81060983b022
dv3-A-lgcp-000725,3,A,lgcp,725,,,,3:1:5:725,,test,1,246.5575706303448,,,,,,,,,0.06525139099797649,1.078789783767141,,,,,,,5.474969822967594,0.06870330886143418,256,0.24903497703536126,1.8007580205063267,,1,239,1,exact,,,2,1.2236831291274127e-05,,,,0.03684354100187193,8ceb67b5794647cd65da2aa413a7231eae432695
dv3-A-lgcp-000726,3,A,lgcp,726,,,,3:1:5:726,,test,1,783.2925671737755,,,,,,,,,0.6420481894986019,1.5614729861197658,,,,,,,6.342482180460748,0.055792069688706286,256,6.802045531405582,2.4745500755766336,,1,931,1,exact,,,2,2.2847631765811198e-05,,,,0.032664167003531475,f5b4b989dafb1c4870f22ffef60cbf76a8e77817
dv3-A-lgcp-000727,3,A,lgcp,727,,,,3:1:5:727,,test,1,569.5053717522787,,,,,,,,,0.18385161722429696,1.0807229596510608,,,,,,,6.252842406631444,0.04528615676579728,256,1.1108704581587014,1.7858466611600996,,1,547,1,exact,,,2,4.2716666676572124e-05,,,,0.02063491700027953,ad6aca786408b028c293bd78a306c7a2912f3051
dv3-A-lgcp-000728,3,A,lgcp,728,,,,3:1:5:728,,test,1,341.8607209501431,,,,,,,,,0.6461548465019993,0.9225824276297528,,,,,,,5.511325982179548,0.04989770559558161,256,2.7168080231135336,1.4614866526491646,,1,270,1,exact,,,2,3.193637653668165e-05,,,,0.023006750001513865,cbaafd87426b6872b01ac1a4f696d761bfff7980
dv3-A-lgcp-000729,3,A,lgcp,729,,,,3:1:5:729,,test,1,269.2832179546414,,,,,,,,,0.5206472983714492,1.5854349791144315,,,,,,,5.335440031403139,0.09661482942367866,256,3.081865169875795,2.5416791561907317,,1,234,1,exact,,,2,4.4013481583598654e-06,,,,0.018844792000891175,816635e2261f181a07ddefd29035a58335dab17d
dv3-A-lgcp-000730,3,A,lgcp,730,,,,3:1:5:730,,test,1,335.7042217462802,,,,,,,,,0.3905580026643239,1.6339839613755331,,,,,,,5.620951478524349,0.08918039423751865,256,2.6071857130200966,2.6511131436711124,,1,364,1,exact,,,2,5.59575519136943e-06,,,,0.025193958001182182,a534c1cbf5577e9db9b07141e20d9db2ca523c3a
dv3-A-lgcp-000731,3,A,lgcp,731,,,,3:1:5:731,,test,1,187.01355678544945,,,,,,,,,0.19262770305745097,0.5921030039579956,,,,,,,5.134867258877015,0.0432972904881176,256,0.3651606683275521,0.9776815313426012,,1,205,1,exact,,,2,4.887576636216095e-05,,,,0.016782499998953426,63e9196ce380a035439be4b0c4be1a40fa48f641
dv3-A-lgcp-000732,3,A,lgcp,732,,,,3:1:5:732,,test,1,218.507411173003,,,,,,,,,0.5037725923663577,0.536112980576151,,,,,,,5.134933636189162,0.036267969083206245,256,0.9788288013435076,0.8608222047529882,,1,219,1,exact,,,2,8.314114075852706e-05,,,,0.020315459001722047,b8b147fd83c2c87da9da62ecd51c2f7b1d3d721c
dv3-A-lgcp-000733,3,A,lgcp,733,,,,3:1:5:733,,test,1,192.15560853484516,,,,,,,,,1.5325158666521819,0.8950765164155666,,,,,,,4.492047571574405,0.06457042285311614,256,5.265460071393617,1.2884482303598508,,1,219,1,exact,,,2,1.473973050230246e-05,,,,0.018961624999064952,fd7ecf15889746f70a12b8791f1afcdf4957df07
dv3-A-lgcp-000734,3,A,lgcp,734,,,,3:1:5:734,,test,1,547.3442864857079,,,,,,,,,0.1834934011674595,1.7956832404021574,,,,,,,6.213331312409949,0.07675372022839873,256,1.6939821792221286,2.9673785839605005,,1,556,1,exact,,,2,8.776556941588453e-06,,,,0.017938749999302672,53551b8ff7c9de9cf346e278e18c5b2ce5de721d
dv3-A-lgcp-000735,3,A,lgcp,735,,,,3:1:5:735,,test,1,633.3664707976109,,,,,,,,,0.3642658699332999,0.9186151496210263,,,,,,,6.268916262463025,0.03650110978215884,256,2.041771380655921,1.4939878172460344,,1,647,1,exact,,,2,8.155889894944432e-05,,,,0.014230541997676482,accc8842e8720dda00b0596fb7b924c90dd22b99
dv3-A-lgcp-000736,3,A,lgcp,736,,,,3:1:5:736,,test,1,149.01978687607215,,,,,,,,,1.604151090849531,0.8625733108864383,,,,,,,4.202003549529831,0.07066006741068155,256,4.4466717184326665,1.2308829194088013,,1,155,1,exact,,,2,1.124824699914029e-05,,,,0.015437499998370185,9b637e92d358f0f28a7e6138a6d90568ff3978ef
dv3-A-lgcp-000737,3,A,lgcp,737,,,,3:1:5:737,,test,1,266.72013412402487,,,,,,,,,0.2393288769083086,0.522810116160303,,,,,,,5.4665354834127236,0.03201224131014877,256,0.4930846907620565,0.8597623754830261,,1,272,1,exact,,,2,0.00012087894076977502,,,,0.018024167002295144,490a098b08c1b9275caf5437a130f8737160e65d
dv3-A-lgcp-000738,3,A,lgcp,738,,,,3:1:5:738,,test,1,169.57409401053593,,,,,,,,,0.4883973595162086,0.5128201749855752,,,,,,,4.889091284353212,0.03938087394489324,256,0.7872482220703068,0.824600899538344,,1,166,1,exact,,,2,6.494947538940531e-05,,,,0.02292829199723201,c70d2ad74dd3e6aa23858b041427f8dafa4afd81
dv3-A-lgcp-000739,3,A,lgcp,739,,,,3:1:5:739,,test,1,469.0415883874193,,,,,,,,,0.22814780545581909,0.7846600270670124,,,,,,,6.036617536387051,0.03623062725433448,256,0.9233099287146858,1.2916370580511158,,1,471,1,exact,,,2,8.339835864758741e-05,,,,0.023687707998760743,a9e0371dba391b769f1c53f29b220194b45164d6
dv3-A-lgcp-000740,3,A,lgcp,740,,,,3:1:5:740,,test,1,399.76752346964196,,,,,,,,,0.6255821438832463,1.8651115426622746,,,,,,,5.678092114883317,0.09328268861766656,256,5.2662983727002,2.9604306256258353,,1,394,1,exact,,,2,4.889766236709928e-06,,,,0.023627667000255315,857c636d1c0d558a0d4c7aeaa0311e3667988133
dv3-A-lgcp-000741,3,A,lgcp,741,,,,3:1:5:741,,test,1,741.2845164356581,,,,,,,,,2.1920781954063995,0.971667486213805,,,,,,,5.512345416699192,0.035688246195720134,1024,18.397342909784264,1.2825735545878154,,1,812,1,exact,,,2,1.3642890863614724e-06,,,,0.34213099999760743,1de38da4a55a3847d22eb390f5f53ff5e2b580e7
dv3-A-lgcp-000742,3,A,lgcp,742,,,,3:1:5:742,,test,1,185.84329795804788,,,,,,,,,0.10315778142017305,0.6934191114234434,,,,,,,5.17332494381742,0.05086538725017273,256,0.22450311529069422,1.153784965778899,,1,171,1,exact,,,2,3.014853395028046e-05,,,,0.023618000002898043,559d9f3ad1148697f0ff334be37a6c79e080b8e1
dv3-A-lgcp-000743,3,A,lgcp,743,,,,3:1:5:743,,test,1,215.3260779832521,,,,,,,,,0.36447468481855266,0.5933304020970955,,,,,,,5.1899161785613455,0.04043414712514166,256,0.7587377871210801,0.9649434804419976,,1,244,1,exact,,,2,6.000673315174973e-05,,,,0.014857041998766363,fe70f70b3e4080bbb3615d5990733da0f296eef2
dv3-A-lgcp-000744,3,A,lgcp,744,,,,3:1:5:744,,test,1,133.37016432501642,,,,,,,,,1.4056354067031949,1.4006288884435631,,,,,,,4.1903107493807425,0.12128127011283443,256,5.55405760224021,2.0467643291134543,,1,107,1,exact,,,2,2.2276343601447636e-06,,,,0.018586750000395114,d072f25be62408715e1680558b5fa5e3e63c640a
dv3-A-lgcp-000745,3,A,lgcp,745,,,,3:1:5:745,,test,1,758.2328017660216,,,,,,,,,0.3424967236765635,0.9141349844009038,,,,,,,6.459742102990848,0.03319778024096615,256,2.104318921272357,1.4896154110607447,,1,685,1,exact,,,2,0.0001083925500814801,,,,0.014236584000173025,9f284e3669dd1594357d1d9646c769f9238452c0
dv3-A-lgcp-000746,3,A,lgcp,746,,,,3:1:5:746,,test,1,545.9107765940036,,,,,,,,,0.5590604427898092,1.949977394408087,,,,,,,6.022925328165174,0.08345814795434094,256,5.796127042484977,3.1148161801833036,,1,678,1,exact,,,2,6.827101489771453e-06,,,,0.01883475000067847,9a7c329c07cedf22ff1fe4a055883f3e8ead4463
dv3-A-lgcp-000747,3,A,lgcp,747,,,,3:1:5:747,,test,1,273.58710999682563,,,,,,,,,1.4444496644594926,1.213656922257605,,,,,,,4.889395239824115,0.0733750012032967,256,7.832629459991267,1.765481236947258,,1,239,1,exact,,,2,1.0045451583465666e-05,,,,0.019489582999085542,7f6621424729f6ad9da9e275a97159a052b5dfc1
dv3-A-lgcp-000748,3,A,lgcp,748,,,,3:1:5:748,,test,1,476.9106550704586,,,,,,,,,1.949776370802227,1.3574680744229017,,,,,,,5.192440982011329,0.0621600151574327,512,16.823533102489172,1.852981091526637,,1,579,1,exact,,,2,2.0655378748933355e-06,,,,0.08157504199698451,e191f2ac5f63d922dffbbdeb80b31f465b9d7a47
dv3-A-lgcp-000749,3,A,lgcp,749,,,,3:1:5:749,,test,1,491.12725731043537,,,,,,,,,0.1577632171813206,1.5095061965436667,,,,,,,6.117821665480883,0.06811423465838738,256,1.1788240948058888,2.5000033324019113,,1,489,1,exact,,,2,1.2557024212719186e-05,,,,0.022462291999545414,c0a1f5323148ea10f268fe9831b476aa9bd6a382
dv3-A-lgcp-000750,3,A,lgcp,750,,,,3:1:5:750,,test,1,125.71660232140572,,,,,,,,,0.9423956770088044,1.5882314583092385,,,,,,,4.3628323472993875,0.1416502927356494,256,3.756203829066669,2.4424123918708274,,1,73,1,exact,,,2,1.4020149138132682e-06,,,,0.019557208001060644,b88224672cdfa30899dbe3f6d8dd0221a555608c
dv3-A-lgcp-000751,3,A,lgcp,751,,,,3:1:5:751,,test,1,430.3271883925957,,,,,,,,,0.46261860523686704,0.5620229301556493,,,,,,,5.833236519967664,0.027092846838833496,256,1.3415993799424248,0.9058779977987741,,1,418,1,exact,,,2,0.0001993318982364067,,,,0.018837415998859797,320989d633b875cf3bbd4a0fdfec55e0447a3640
dv3-A-lgcp-000752,3,A,lgcp,752,,,,3:1:5:752,,test,1,608.6370763810451,,,,,,,,,0.21427115113953232,1.660978879406774,,,,,,,6.304086580808205,0.06732632477088718,256,1.9773350837205093,2.737463751132919,,1,664,1,exact,,,2,1.3002999076390815e-05,,,,0.015659665998100536,da08ae56e1c6f849e2ce988a9b82ed441d798597
dv3-A-lgcp-000753,3,A,lgcp,753,,,,3:1:5:753,,test,1,266.4453736568277,,,,,,,,,0.573043613568392,0.7254525671282993,,,,,,,5.29864743891361,0.04444315992989464,256,1.689625777916651,1.1572759153964782,,1,303,1,exact,,,2,4.5193047711671906e-05,,,,0.020428166000783676,4001c6dc2bede86f494c86930c221f310ce6d4bc
dv3-A-lgcp-000754,3,A,lgcp,754,,,,3:1:5:754,,test,1,542.6842115830849,,,,,,,,,0.28390314413912193,0.7755877141217552,,,,,,,6.154576016229242,0.033293337057780426,256,1.24725658833691,1.2704623086519748,,1,600,1,exact,,,2,0.00010746243747221974,,,,0.019580000000132713,e406cf368a5e51d18e76c67b39ef7741729bb255
dv3-A-lgcp-000755,3,A,lgcp,755,,,,3:1:5:755,,test,1,110.8631752886991,,,,,,,,,0.9670788263612661,0.9300075146677703,,,,,,,4.224757372730799,0.08832686192843613,256,2.2883964102089385,1.4265100117813059,,3,110,1,exact,,,2,5.759492622038161e-06,,,,0.013610958998469869,17d34e11717d05920f40086048653079462f2f4e
dv3-A-lgcp-000756,3,A,lgcp,756,,,,3:1:5:756,,test,1,628.6439487681469,,,,,,,,,0.6219738951334915,0.6032536687112398,,,,,,,6.13257808966957,0.024060109639235324,256,2.4355337957333583,0.9578566345971761,,1,678,1,exact,,,2,0.0002845089577616595,,,,0.019445375000941567,c515c2002412d0ca85b9e8172862de0e8486904c
dv3-A-lgcp-000757,3,A,lgcp,757,,,,3:1:5:757,,test,1,179.63844422214444,,,,,,,,,1.9700746999555308,0.5121780300979502,,,,,,,4.205908837672898,0.03821389472795368,256,4.041803448156754,0.6972295717453699,,1,166,1,exact,,,2,7.108073222065175e-05,,,,0.015223124999465654,fdf97dc465d5df0337727310121ab65088448aea
dv3-A-lgcp-000758,3,A,lgcp,758,,,,3:1:5:758,,test,1,135.86577602315538,,,,,,,,,0.1545329330350492,0.8774261757162064,,,,,,,4.83440099086536,0.07527582942243494,256,0.3423130378607998,1.45357248624695,,1,136,1,exact,,,2,9.303620663735837e-06,,,,0.01770095800020499,ebb3ea6a0c4b3525f12292a1567983f442e9df17
dv3-A-lgcp-000759,3,A,lgcp,759,,,,3:1:5:759,,test,1,663.9115239268498,,,,,,,,,0.12076870293085647,0.8690169129222125,,,,,,,6.437764542034705,0.033726643754174404,256,0.638145662320532,1.4438017429476215,,1,660,1,exact,,,2,0.00010337572785268671,,,,0.018903166997915832,0ab8b0f359568679d6e797260346db97ddf2a885
dv3-A-lgcp-000760,3,A,lgcp,760,,,,3:1:5:760,,test,1,148.82098068152513,,,,,,,,,1.4124421851362714,0.508593833613067,,,,,,,4.296523019095201,0.041690682927530594,256,2.3055346498990157,0.7426265266688449,,1,141,1,exact,,,2,5.4744712791956084e-05,,,,0.01325070800157846,71021e2746948c513cd221cbd80a53d5c9968fc8
dv3-A-lgcp-000761,3,A,lgcp,761,,,,3:1:5:761,,test,1,658.2284191225388,,,,,,,,,0.6610619955568489,1.0461201636976576,,,,,,,6.15902101483083,0.04077493322965109,256,4.44052364855985,1.6547983730593312,,1,624,1,exact,,,2,5.851525478951712e-05,,,,0.017397292001987807,383b81c4c30d88a8fb09d8bf565008a3ce8a98d1
dv3-A-lgcp-000762,3,A,lgcp,762,,,,3:1:5:762,,test,1,102.42567567388285,,,,,,,,,0.14826856387251394,0.935528465165946,,,,,,,4.555003138242142,0.09243843569845192,256,0.3036635581169067,1.5506592696695516,,1,82,1,exact,,,2,5.02490524561457e-06,,,,0.011442250000982312,d840ecd2f59749cad36f309c5d299df99977e3f2
dv3-A-lgcp-000763,3,A,lgcp,763,,,,3:1:5:763,,test,1,176.43535292208347,,,,,,,,,0.05025130452682802,1.5067760319587256,,,,,,,5.147828884619692,0.11343730445732274,256,0.21144785579395817,2.5183360306854086,,1,186,1,exact,,,2,2.7209192816348686e-06,,,,0.017897207999340026,7134c74cb009627e3b9e1ce5c8ebf8b3604983bb
dv3-A-lgcp-000764,3,A,lgcp,764,,,,3:1:5:764,,test,1,370.925131800095,,,,,,,,,1.0403214501237965,1.7376952043068925,,,,,,,5.395839516103049,0.09022574416259298,256,8.381972210395771,2.6448872313014724,,1,357,1,exact,,,2,5.403572776541872e-06,,,,0.01694212499933201,ae32ca22923d58cc82cc46fd4cac0e94c50cf87b
dv3-A-lgcp-000765,3,A,lgcp,765,,,,3:1:5:765,,test,1,740.871916006157,,,,,,,,,0.29489487109089546,0.7878479381071841,,,,,,,6.460380321916681,0.02894481889254585,256,1.5500866618987548,1.2892893466689128,,1,695,1,exact,,,2,0.00016349242740725835,,,,0.02043516699995962,f5c4293714b8f6c1977e75adad1d2667afd807ad
dv3-A-lgcp-000766,3,A,lgcp,766,,,,3:1:5:766,,test,1,725.8938773381847,,,,,,,,,1.1339325642443396,0.5654759171848114,,,,,,,6.020437547552787,0.02098831371466363,256,4.805493166890024,0.8520582085721083,,1,786,1,exact,,,2,0.000428377041987941,,,,0.019000415999471443,be75e96b6a68feb6b38a43e96ea24328a72cece2
dv3-A-lgcp-000767,3,A,lgcp,767,,,,3:1:5:767,,test,1,103.21947650729375,,,,,,,,,2.0388987538834216,0.5816313575633936,,,,,,,3.6174081841451393,0.05724887893109784,256,3.4936010137978117,0.7843919457528055,,1,79,1,exact,,,2,2.1147737530098655e-05,,,,0.02463079099834431,ec18dc9a88271a1b5626fab3344543f032072557
dv3-A-lgcp-000768,3,A,lgcp,768,,,,3:1:5:768,,test,1,439.6882052956359,,,,,,,,,2.2631750193871705,0.6876152206453008,,,,,,,4.954478341697728,0.032792390235866796,512,10.44609182516928,0.8983747854624251,,1,445,1,exact,,,2,1.4066417579862308e-05,,,,0.07750245799979893,e7150cdf5e2db0ee972542d441929ae0b0523539
dv3-A-lgcp-000769,3,A,lgcp,769,,,,3:1:5:769,,test,1,376.4495216792833,,,,,,,,,0.08523743781527182,0.7048289514756049,,,,,,,5.888165246778798,0.036327069096592036,256,0.2706244160422632,1.1745491923391715,,1,367,1,exact,,,2,8.273620535077519e-05,,,,0.019575333000830142,866ad2228898cf732b8ee78253db3493ad91ce28
dv3-A-lgcp-000770,3,A,lgcp,770,,,,3:1:5:770,,test,1,432.337572949167,,,,,,,,,1.4874630779590885,0.8572807981077483,,,,,,,5.325475162979614,0.04122983588984356,256,7.387813864289149,1.2407255196498008,,1,486,1,exact,,,2,5.66003711837816e-05,,,,0.01682466599959298,86009a4b0682d24d3d52b5dc93eeacc1435ccc94
dv3-A-lgcp-000771,3,A,lgcp,771,,,,3:1:5:771,,test,1,162.9558506331539,,,,,,,,,0.9427882480880303,0.7663844434967048,,,,,,,4.622085185063578,0.06003599348317027,256,2.2896802347680643,1.1785124438170926,,1,144,1,exact,,,2,1.8337516794991872e-05,,,,0.020800082998903235,91aad7aca4cfaae0472560ea3218c4c4a356fcc3
dv3-A-lgcp-000772,3,A,lgcp,772,,,,3:1:5:772,,test,1,106.45205430380939,,,,,,,,,0.09135549325675736,1.372670177850512,,,,,,,4.62201694282278,0.13304212562833595,256,0.263139234097795,2.286278868858766,,1,90,1,exact,,,2,1.68976561192082e-06,,,,0.019358583002031082,97c7e6375496e9134fd4e5b78155642a4b7fbe99
dv3-A-lgcp-000773,3,A,lgcp,773,,,,3:1:5:773,,test,1,167.37842511560075,,,,,,,,,0.1472584638304811,1.1905128702517096,,,,,,,5.0466280356094995,0.09202045073107616,256,0.4906059434387663,1.9734723642072496,,1,191,1,exact,,,2,5.0936595063093766e-06,,,,0.016243958998529706,ae6984b71179347ca24aae1cb5f0fef7e8cb5012
dv3-A-lgcp-000774,3,A,lgcp,774,,,,3:1:5:774,,test,1,387.21138452157317,,,,,,,,,0.20785628833800188,1.9861229134104994,,,,,,,5.85504261297467,0.10093273996393698,256,1.696535664944482,3.2751609021095924,,1,432,1,exact,,,2,3.860688551987104e-06,,,,0.020367832999909297,281628ff3900fefb1b9cd723f400906b1d57adf7
dv3-A-lgcp-000775,3,A,lgcp,775,,,,3:1:5:775,,test,1,419.2444849885467,,,,,,,,,0.19857555928239357,1.0985238095555971,,,,,,,5.939166466505825,0.05365074971282655,256,1.025794750848021,1.8129499875613049,,1,445,1,exact,,,2,2.5693370111875154e-05,,,,0.016047999997681472,d7b56f19cf8434c2e6dda220d04f95862e274279
dv3-A-lgcp-000776,3,A,lgcp,776,,,,3:1:5:776,,test,1,296.3868800473174,,,,,,,,,0.0663863715198078,0.9149595057767346,,,,,,,5.65847244233455,0.053146220610203646,256,0.24070090650657636,1.5271404543194351,,1,295,1,exact,,,2,2.6431920967529013e-05,,,,0.012512749999586958,40102b879f524164e371cb5af98e6dc9038c6994
dv3-A-lgcp-000777,3,A,lgcp,777,,,,3:1:5:777,,test,1,237.54189173271777,,,,,,,,,0.19388804166916085,0.6068431563271472,,,,,,,5.3733999733289135,0.039373711351748726,256,0.4318088654393507,1.0019111492114392,,1,243,1,exact,,,2,6.498491337763493e-05,,,,0.018813499998941552,911f02c0879d948d0378bebb2c186d805185df1b
dv3-A-lgcp-000778,3,A,lgcp,778,,,,3:1:5:778,,test,1,491.8560462046205,,,,,,,,,0.08420392056654609,1.1625766799789266,,,,,,,6.156084124381519,0.05242067393318749,256,0.4944620599850088,1.937523466129272,,1,483,1,exact,,,2,2.7544459272004294e-05,,,,0.019274332997156307,885ce275bfcb1cd5e5bd7ec08b66be17fda3d8cf
dv3-A-lgcp-000779,3,A,lgcp,779,,,,3:1:5:779,,test,1,167.92013415429489,,,,,,,,,0.10544062080704425,0.5103178955855778,,,,,,,5.070768164026442,0.039381242292563484,256,0.1600718329374884,0.8489571982259871,,1,178,1,exact,,,2,6.494765363148943e-05,,,,0.014869749997160397,0e99e94ebac25eb580e66b4e72b6aa4d42e03cec
dv3-A-lgcp-000780,3,A,lgcp,780,,,,3:1:5:780,,test,1,625.2459786807965,,,,,,,,,0.12742478370714563,1.0037379531198523,,,,,,,6.374432746345363,0.040141619715723574,256,0.7485460675936402,1.6666845547318987,,1,690,1,exact,,,2,6.132769230462585e-05,,,,0.012016458000289276,591669b73c546f91c102eac76c2f95bbbffd9563
dv3-A-lgcp-000781,3,A,lgcp,781,,,,3:1:5:781,,test,1,557.8640649414814,,,,,,,,,1.9141486243955779,0.7457928382657852,,,,,,,5.3670410092895064,0.03157577473256873,512,10.301786389906404,1.0228858897370592,,1,726,1,exact,,,2,1.575555416953432e-05,,,,0.07180887499998789,d22af5caae71261b9af9f18070130dad44732782
dv3-A-lgcp-000782,3,A,lgcp,782,,,,3:1:5:782,,test,1,550.4003449513173,,,,,,,,,0.1199426666746222,1.6015831070927942,,,,,,,6.2506745800100365,0.06826689193440418,256,1.0017360812656764,2.6610886827837374,,1,601,1,exact,,,2,1.2472984688559842e-05,,,,0.013353333000850398,e7d1c3339be8247356fca3a5f36f9e99d6d1f7ca
dv3-A-lgcp-000783,3,A,lgcp,783,,,,3:1:5:783,,test,1,153.34091898527907,,,,,,,,,1.2811678360308019,0.6452182156046072,,,,,,,4.392079753219073,0.052104782685300596,256,2.656594732386102,0.9564511317452897,,1,140,1,exact,,,2,2.8048365902258538e-05,,,,0.0186024169997836,8e5e290b074c0408fdd490df80fa15ec8a4eaf0a
dv3-A-lgcp-000784,3,A,lgcp,784,,,,3:1:5:784,,test,1,244.8906180243191,,,,,,,,,0.095512872995416,1.449571014164659,,,,,,,5.453055217311805,0.09263037507544751,256,0.47030480508130956,2.4135137767381596,,1,262,1,exact,,,2,4.99374796770274e-06,,,,0.012808249997760868,6083a40421650703847ec96812c6dcc725723dab
dv3-A-lgcp-000785,3,A,lgcp,785,,,,3:1:5:785,,test,1,674.7752215588188,,,,,,,,,0.0897076210165173,0.8441271994878138,,,,,,,6.469525819807715,0.03249588215470142,256,0.4634068975597674,1.4061491555741659,,1,678,1,exact,,,2,0.00011556479925165091,,,,0.012435333002940752,a6cb26c9d8a56a229080b1a3be95b82eddf9a4e3
dv3-A-lgcp-000786,3,A,lgcp,786,,,,3:1:5:786,,test,1,628.2950418855925,,,,,,,,,0.5283148649657251,1.6930777122463068,,,,,,,6.178852435578003,0.06754529089818259,256,5.251512112386655,2.712295957551589,,1,642,1,exact,,,2,1.2876968083898445e-05,,,,0.013996416997542838,122e89a421b3637f73f79b7975a3c00f57651199
dv3-A-lgcp-000787,3,A,lgcp,787,,,,3:1:5:787,,test,1,649.3595559526193,,,,,,,,,0.31871889309994766,1.6127118028064,,,,,,,6.316627132079593,0.06328694712351093,256,3.0078220240241875,2.633567136306795,,1,606,1,exact,,,2,1.5654676078760985e-05,,,,0.013619375000416767,18d1dbcee23d65a7662876089ce63dd1dc43a0da
dv3-A-lgcp-000788,3,A,lgcp,788,,,,3:1:5:788,,test,1,270.71501155147763,,,,,,,,,0.05853679106721632,1.760417449099104,,,,,,,5.571798254116803,0.1069940175413927,256,0.3555042562942541,2.9402146829908453,,1,249,1,exact,,,2,3.2416759441599806e-06,,,,0.012973333999980241,f8e68c9e9b5358b13480f28d6250fb9182174e69
dv3-A-lgcp-000789,3,A,lgcp,789,,,,3:1:5:789,,test,1,122.62060073980912,,,,,,,,,0.061897450983207564,1.3643779622603298,,,,,,,4.778146316030163,0.12321199121938019,256,0.19040130327645394,2.278114647968934,,2,142,1,exact,,,2,2.1249128546508517e-06,,,,0.013939625001512468,94d39ef4b06a0b4d300e2e49221bb7d9460632f4
dv3-A-lgcp-000790,3,A,lgcp,790,,,,3:1:5:790,,test,1,416.7915411783961,,,,,,,,,0.3958029775658552,1.9610156893492403,,,,,,,5.834684706772737,0.09605536356830012,256,3.4372479666758746,3.1802019160565846,,1,374,1,exact,,,2,4.4786534652265755e-06,,,,0.013833459001034498,42172ec7fa8eea2128461c58808090dab4552fb1
dv3-A-lgcp-000791,3,A,lgcp,791,,,,3:1:5:791,,test,1,139.06138501557095,,,,,,,,,1.8301694075081192,0.5103700911530252,,,,,,,4.019830750708799,0.04327947067610517,256,3.0966093634578282,0.7077719791559318,,1,114,1,exact,,,2,4.893614378895611e-05,,,,0.01447320899751503,cb3861c227593c78a3943e44e105b59a635a4d1a
dv3-A-lgcp-000792,3,A,lgcp,792,,,,3:1:5:792,,test,1,350.65623065595753,,,,,,,,,0.3923593608367542,0.8223050222141682,,,,,,,5.663626663281502,0.04391290443760727,256,1.4533059010761087,1.333958765380569,,1,376,1,exact,,,2,4.6849514597427683e-05,,,,0.020672832997661317,9c32e47cf363ffd7cbda87ec6468116978ae7b88
dv3-A-lgcp-000793,3,A,lgcp,793,,,,3:1:5:793,,test,1,177.3110162228402,,,,,,,,,0.7810694576178929,1.797214675036216,,,,,,,4.787370615577576,0.1349683991233059,256,4.194826363015667,2.8095605925526352,,1,127,1,exact,,,2,1.6188957251279847e-06,,,,0.016172333002032246,409b13340e6dfc204e1f89032ccb73b575d6f0c9
dv3-A-lgcp-000794,3,A,lgcp,794,,,,3:1:5:794,,test,1,158.88720502123806,,,,,,,,,1.1119173471237669,0.8223232058326942,,,,,,,4.512235874531262,0.0652376162013384,256,2.8949019306077313,1.2420431432558032,,1,161,1,exact,,,2,1.4292169022421488e-05,,,,0.017151167001429712,f0fcccaf05eaedfffb1658ed6a1c1c7889e2b93e
dv3-A-lgcp-000795,3,A,lgcp,795,,,,3:1:5:795,,test,1,331.7383304282849,,,,,,,,,0.10522135626065297,1.6073528810876492,,,,,,,5.751735818663111,0.08824973413798136,256,0.6628956561879956,2.674017879282838,,1,346,1,exact,,,2,5.77460179706192e-06,,,,0.013615333999041468,905799e079da14c45841e3500d69b2b3ca394df0
dv3-A-lgcp-000796,3,A,lgcp,796,,,,3:1:5:796,,test,1,145.28584655292477,,,,,,,,,0.09019666451232417,1.0941679332747385,,,,,,,4.933604825130449,0.09077626896304643,256,0.24722350630993362,1.8225922903012826,,2,173,1,exact,,,2,5.3058935436622005e-06,,,,0.013886332999391016,d6183b729194f8b4da8bdd9d58e35eedf911bcf6
dv3-A-lgcp-000797,3,A,lgcp,797,,,,3:1:5:797,,test,1,671.0583065746146,,,,,,,,,1.9710050742907086,1.6310808013360498,,,,,,,5.523353491095307,0.06296444035661718,512,24.362444843758638,2.2201166630268965,,1,591,1,exact,,,2,1.9873810019031864e-06,,,,0.06762554099987028,2fc548f20d483865146bc2b52f77f9ef5f3511cc
dv3-A-lgcp-000798,3,A,lgcp,798,,,,3:1:5:798,,test,1,266.2042906493197,,,,,,,,,1.8517438310888712,0.7380901834903862,,,,,,,4.658392108428377,0.04523784453508287,256,6.663373711192266,1.020691641190427,,1,280,1,exact,,,2,4.2853631675937913e-05,,,,0.015466332999494625,6f10d51910e243be06ef66c564148e9c870c5281
dv3-A-lgcp-000799,3,A,lgcp,799,,,,3:1:5:799,,test,1,262.93278820675744,,,,,,,,,2.157921994588916,1.879426600079025,,,,,,,4.492937444073547,0.11590522005818639,256,18.605241276262696,2.492873757283779,,1,174,1,exact,,,2,2.5511756548706527e-06,,,,0.019480165999993915,4b6d973b4cc2b86a6d8e286d78252de40403c5f7
dv3-A-lgcp-000800,3,A,lgcp,800,,,,3:1:5:800,,test,1,418.81438339687617,,,,,,,,,0.49077311397277534,0.632172987111003,,,,,,,5.792041265729879,0.030890514390391262,256,1.5789458431599717,1.0162925547027772,,1,441,1,exact,,,2,0.0001345222679636338,,,,0.01629233299900079,78ac492c5e2f55c6f6d2c2d6bcdb14e9276ee73e
dv3-A-lgcp-000801,3,A,lgcp,801,,,,3:1:5:801,,test,1,161.00443704946414,,,,,,,,,0.37683223031334373,1.2942805520353078,,,,,,,4.893015808761482,0.10200219161968999,256,1.3502740875111652,2.1025627967764375,,1,157,1,exact,,,2,3.740636001976499e-06,,,,0.0206322080011887,954c3e12e59b9db7863641864fc460c755b827f2
dv3-A-lgcp-000802,3,A,lgcp,802,,,,3:1:5:802,,test,1,107.86000304104127,,,,,,,,,0.9891893852341032,1.3587604752137894,,,,,,,4.186239425486367,0.1308316116105219,256,3.220999166219072,2.0793374824571718,,1,131,1,exact,,,2,1.7763446419475276e-06,,,,0.01547595900046872,43752d19a7903d634aab5eacf0c8e52793d912dd
dv3-A-lgcp-000803,3,A,lgcp,803,,,,3:1:5:803,,test,1,126.91947328241737,,,,,,,,,0.9781804651643791,1.526457711841975,,,,,,,4.354462584127482,0.13549418181256792,256,3.810198326822669,2.33866805489346,,1,98,1,exact,,,2,1.600249887124586e-06,,,,0.013558124999690335,2fb2c076f9073bc52391e46d43e7ee61f8c006c6
dv3-A-lgcp-000804,3,A,lgcp,804,,,,3:1:5:804,,test,1,415.81609974620477,,,,,,,,,0.07851463160006279,0.6284239634311176,,,,,,,5.990985778802626,0.030817832274539193,256,0.2374071785698015,1.0478195653518159,,1,447,1,exact,,,2,0.00013547567600439818,,,,0.013062707999779377,024ef0e325f2a8203f69178b93fd9209bd7abf07
dv3-A-lgcp-000805,3,A,lgcp,805,,,,3:1:5:805,,test,1,350.1260532496995,,,,,,,,,0.24273523836902947,0.9849888160584643,,,,,,,5.736925622601729,0.05264038842894416,256,1.041887351697562,1.6193331222225564,,1,373,1,exact,,,2,2.720106908511589e-05,,,,0.0173878749992582,c3aa98af7809de788bdf239c6440a401faa6ed41
dv3-A-lgcp-000806,3,A,lgcp,806,,,,3:1:5:806,,test,1,142.37673159902008,,,,,,,,,0.056916484700774816,0.7312864763651004,,,,,,,4.930018341583702,0.061286953352643656,256,0.10755336810454447,1.2215463373200888,,1,144,1,exact,,,2,1.7237564780057883e-05,,,,0.014336500000354135,12488f6667a5c81673260c90e4b9a3bce462530c
dv3-A-lgcp-000807,3,A,lgcp,807,,,,3:1:5:807,,test,1,132.65905069642173,,,,,,,,,1.3030958433478304,1.35401662405089,,,,,,,4.236234386483687,0.11755891087049954,256,4.912708944879391,2.002165991235478,,1,193,1,exact,,,2,2.445298490389587e-06,,,,0.017220375000761123,5876209e5cce4546071a51e0c0190a67b217598a
dv3-A-lgcp-000808,3,A,lgcp,808,,,,3:1:5:808,,test,1,304.04699142982406,,,,,,,,,0.5217957978397986,1.1402046462002777,,,,,,,5.456284367612308,0.06539016770263115,256,2.4924089115276784,1.8277146181395234,,1,371,1,exact,,,2,1.419238820590991e-05,,,,0.014711832998727914,02f8283cfb4ce1017cd1e8818ea45b88920818a7
dv3-A-lgcp-000809,3,A,lgcp,809,,,,3:1:5:809,,test,1,315.42713595019717,,,,,,,,,2.746181040215348,1.3958459047540568,,,,,,,4.3808371873411165,0.0785937390249426,512,22.45658861609908,1.6922458188770115,,1,423,1,exact,,,2,1.021925392332946e-06,,,,0.05370408399903681,ca9eadc69ba8f85d05dc0bc71d629e286ab1489b
dv3-A-lgcp-000810,3,A,lgcp,810,,,,3:1:5:810,,test,1,298.00660909544735,,,,,,,,,0.2647440845274432,1.1166860789066464,,,,,,,5.564743622168393,0.06468717038048652,256,1.1871322305193415,1.8322993053310548,,1,303,1,exact,,,2,1.4660079259550654e-05,,,,0.011712915998941753,8af4fb9694085258038d36e0eab60f272bc00f3d
dv3-A-lgcp-000811,3,A,lgcp,811,,,,3:1:5:811,,test,1,373.54712904960905,,,,,,,,,0.7128265623431109,1.6083084688123606,,,,,,,5.566630897635415,0.08321404767114637,256,5.155198206699525,2.531282996529271,,1,404,1,exact,,,2,6.887344287077232e-06,,,,0.017222832997504156,8169d84b91ea2260fadc39e0d5a1b28a29963120
dv3-A-lgcp-000812,3,A,lgcp,812,,,,3:1:5:812,,test,1,124.94363378674613,,,,,,,,,1.676373474626933,1.4127622499972041,,,,,,,3.9896759685834295,0.12638979675171855,256,6.7567203273143015,1.998028169345498,,1,145,1,exact,,,2,1.96925650573662e-06,,,,0.016760875001637032,e54cd41f44e50e0502a79f58263c98fd38faedf9
dv3-A-lgcp-000813,3,A,lgcp,813,,,,3:1:5:813,,test,1,160.59547542336438,,,,,,,,,0.8733722794902047,1.1354588780671562,,,,,,,4.642202488415304,0.08959932907812264,256,2.9704777729867553,1.7585856527762052,,1,143,1,exact,,,2,5.5176579365680665e-06,,,,0.017770749996998347,51a379a2e17f94325adb121afb1acbc1f56885ba
dv3-A-lgcp-000814,3,A,lgcp,814,,,,3:1:5:814,,test,1,207.0934170947708,,,,,,,,,0.06757206536910396,1.140808450671713,,,,,,,5.299383949092873,0.07927378282028315,256,0.2474883516799074,1.9039105959639506,,1,201,1,exact,,,2,7.966006066337887e-06,,,,0.013905167001212249,d17c7d8f88c4b2ad008fc5be72f1dcd61b43ab48
dv3-A-lgcp-000815,3,A,lgcp,815,,,,3:1:5:815,,test,1,106.91540116149704,,,,,,,,,1.0593840862727355,1.0089722776153272,,,,,,,4.142345835251743,0.09757961468522129,256,2.683662550472591,1.5326024386584265,,1,88,1,exact,,,2,4.272169703916099e-06,,,,0.01703970900052809,ff1ba2360bd4534cb37aaae8f7c0007a0e0819f8
dv3-A-lgcp-000816,3,A,lgcp,816,,,,3:1:5:816,,test,1,230.75509095612568,,,,,,,,,0.17426812646197093,0.8514429547717329,,,,,,,5.354222872557031,0.05605055414877084,256,0.5269149129159765,1.4081357830686307,,1,221,1,exact,,,2,2.2533052215311176e-05,,,,0.018284750000020722,220ca746836184d9cccf78d4c454dbe22d8e024b
dv3-A-lgcp-000817,3,A,lgcp,817,,,,3:1:5:817,,test,1,323.29845796814624,,,,,,,,,0.3310672041643041,1.9559942252215832,,,,,,,5.613042312975461,0.10878418231526056,256,2.4972164548373845,3.1906274881473777,,1,329,1,exact,,,2,3.08449097619907e-06,,,,0.016578542003117036,22a92e6535185418cc593fe83391ba7bf990c129
dv3-A-lgcp-000818,3,A,lgcp,818,,,,3:1:5:818,,test,1,135.3871265556728,,,,,,,,,0.11092976141278582,1.3785789254345069,,,,,,,4.852673398114831,0.11847942822066697,256,0.3623342513722272,2.2923149953895203,,1,127,1,exact,,,2,2.388905103304501e-06,,,,0.017248374999326188,e72fee04ee5ecaa6aaf3365e907e644635c95dcc
dv3-A-lgcp-000819,3,A,lgcp,819,,,,3:1:5:819,,test,1,489.89124144347915,,,,,,,,,0.5548643537740475,1.2133997440023285,,,,,,,5.91675123334392,0.05482189727313409,256,3.5913782465826194,1.9390048536960858,,1,473,1,exact,,,2,2.4081967903798016e-05,,,,0.013555916000768775,5a94f6fa1ec2f91dda711afee5b8c9432ba28a7f
dv3-A-lgcp-000820,3,A,lgcp,820,,,,3:1:5:820,,test,1,390.74527469610746,,,,,,,,,1.394456628178426,1.1974641075669656,,,,,,,5.270827562231019,0.06057809856130704,256,8.853194861645184,1.7521577497921639,,1,390,1,exact,,,2,1.7849688696543826e-05,,,,0.014911875001416774,d3fc236b2634f5c37a66a574376908830c60b4d8
dv3-A-lgcp-000821,3,A,lgcp,821,,,,3:1:5:821,,test,1,104.51512659595608,,,,,,,,,0.5002392352730798,0.6943905485712694,,,,,,,4.399212195407162,0.0679225880594097,256,0.8226196156425756,1.1153315416758625,,1,123,1,exact,,,2,1.266360007837953e-05,,,,0.013752124999882653,facf8eac0efc822a68f5a1425d0f5861b524e5d6
dv3-A-lgcp-000822,3,A,lgcp,822,,,,3:1:5:822,,test,1,599.9610160159691,,,,,,,,,0.21352579839359664,0.8959561799399941,,,,,,,6.2901017806017725,0.036578446209708765,256,1.1210475702596754,1.4767235568769295,,1,583,1,exact,,,2,8.1042917714297e-05,,,,0.014186833002895582,bb6549a0a57fd640b74bda2724edfa2bd7be16a6
dv3-A-lgcp-000823,3,A,lgcp,823,,,,3:1:5:823,,test,1,206.9130076362392,,,,,,,,,0.41672074794696273,1.5656517415712354,,,,,,,5.123938077995834,0.1088431917441377,256,2.0803375074214774,2.534202183252593,,1,236,1,exact,,,2,3.0794849828377925e-06,,,,0.02018020800096565,25816212a48114bc1f30d79ed446cf6b4a2c8f0e
dv3-A-lgcp-000824,3,A,lgcp,824,,,,3:1:5:824,,test,1,267.64174869019035,,,,,,,,,0.5316337314241356,1.671753507260531,,,,,,,5.323832461921267,0.10218692100534375,256,3.282906374550947,2.677300708778978,,1,255,1,exact,,,2,3.7204061936034554e-06,,,,0.024402874998486368,f04101667fc0830469599c36a799d23d96f6fa36
dv3-A-lgcp-000825,3,A,lgcp,825,,,,3:1:5:825,,test,1,488.4376216687154,,,,,,,,,0.0920022836417087,0.656325683722032,,,,,,,6.1452106278927285,0.029697155000034746,256,0.3180327376096993,1.0930968782215313,,1,499,1,exact,,,2,0.00015138750909898848,,,,0.01342520799880731,a476eec10998411fe6ccaf1f361496143434f403
dv3-A-lgcp-000826,3,A,lgcp,826,,,,3:1:5:826,,test,1,634.5324894650838,,,,,,,,,0.1260154916131555,1.5332317079941997,,,,,,,6.389880744867649,0.060866854707686886,256,1.0965368306893115,2.5462030346959796,,1,621,1,exact,,,2,1.759689270253588e-05,,,,0.01898920800158521,04f5d2da841da9663290a28cf9d2a358d90a414c
dv3-A-lgcp-000827,3,A,lgcp,827,,,,3:1:5:827,,test,1,379.6081436006134,,,,,,,,,0.10094337818892576,1.3399902780474162,,,,,,,5.888667830521346,0.06877552070517143,256,0.5788849985041784,2.2300377992969787,,1,369,1,exact,,,2,1.2198332366534347e-05,,,,0.016409291998570552,c45e1dcf654d60e55a7f497ee7bf7683a5d7c6df
dv3-A-lgcp-000828,3,A,lgcp,828,,,,3:1:5:828,,test,1,153.1503472268142,,,,,,,,,0.06076650310195563,1.4449027599174487,,,,,,,5.00103684895876,0.11675611287521212,256,0.21874267639326508,2.412796727904993,,1,137,1,exact,,,2,2.4959464385325082e-06,,,,0.019323791999340756,31deaaf7291cb4a505bcce9bb6d15a3ae187cd04
dv3-A-lgcp-000829,3,A,lgcp,829,,,,3:1:5:829,,test,1,137.27227220307552,,,,,,,,,0.18462018751427986,1.1397363180685949,,,,,,,4.829656248171031,0.097277628878784,256,0.518671104424173,1.8832385442750552,,2,167,1,exact,,,2,4.3120528872277626e-06,,,,0.016167207999387756,d4b30d3f997a9e3ef06923cd1d7ab15202a077f9
dv3-A-lgcp-000830,3,A,lgcp,830,,,,3:1:5:830,,test,1,490.2197283552729,,,,,,,,,0.20274331655128708,0.531970676853709,,,,,,,6.093482057531332,0.024026599069922886,256,0.5815954245962336,0.8776210624606312,,1,482,1,exact,,,2,0.0002856997260715712,,,,0.011393999997380888,998f22353b8d488d4d6cc1d43e2e2016568d82c9
dv3-A-lgcp-000831,3,A,lgcp,831,,,,3:1:5:831,,test,1,171.91224685665566,,,,,,,,,0.35775705729839574,1.6598255697031128,,,,,,,4.968105625277816,0.12659281067417422,256,1.660619301471357,2.701037555269368,,1,107,1,exact,,,2,1.959840386113499e-06,,,,0.013476250001986045,659ee80da5b02ea07d5f591240eb65ed2753eeee
dv3-A-lgcp-000832,3,A,lgcp,832,,,,3:1:5:832,,test,1,394.6946387585224,,,,,,,,,0.16664228758107483,0.5677949233249975,,,,,,,5.894791255706516,0.02857991228217927,256,0.448506310869745,0.9396491435837678,,1,428,1,exact,,,2,0.0001698301916067707,,,,0.013393374996667262,0614f0f28b1f266ce0dd370f5206f58d5d50130c
dv3-A-lgcp-000833,3,A,lgcp,833,,,,3:1:5:833,,test,1,199.9529491308096,,,,,,,,,1.2746756782238222,1.027842022081376,,,,,,,4.660744245413529,0.07268795696203022,256,4.917676895897884,1.5247588421764786,,1,206,1,exact,,,2,1.0332959228740943e-05,,,,0.01714075000199955,e0179d3858e5c2d3734c41287e8323184cbec18d
dv3-A-lgcp-000834,3,A,lgcp,834,,,,3:1:5:834,,test,1,321.93829856110705,,,,,,,,,2.147528588055731,1.6214882896173965,,,,,,,4.70059561377976,0.0903706683753195,512,18.194978395533532,2.153908286129464,,1,177,1,exact,,,2,6.722565636108178e-07,,,,0.06871254100042279,6097ded46f5ee4595cfc858b12b8a1b0e6b804fa
dv3-A-lgcp-000835,3,A,lgcp,835,,,,3:1:5:835,,test,1,684.0393226167666,,,,,,,,,0.19391788203783408,0.5051460520447263,,,,,,,6.431056464156992,0.01931418686962338,256,0.6318754108970838,0.8340048796989848,,1,639,1,exact,,,2,0.0005494810471390233,,,,0.018642208000528626,8cd14a3dbee4d78aba23527bdb64fc142ffcd609
dv3-A-lgcp-000836,3,A,lgcp,836,,,,3:1:5:836,,test,1,292.55141478769826,,,,,,,,,0.1855099355425449,0.6255169543374008,,,,,,,5.585885460505623,0.03657109669572538,256,0.4720102441150654,1.033490853246122,,1,296,1,exact,,,2,8.109176550470654e-05,,,,0.016128250001202105,ab00e1bfec014da3601931d95937b74a9a58f3eb
dv3-A-lgcp-000837,3,A,lgcp,837,,,,3:1:5:837,,test,1,350.7804370978292,,,,,,,,,0.13762552264509176,0.5035046092320772,,,,,,,5.791347731080645,0.02688349744033277,256,0.30734145255161294,0.8353305245845801,,1,344,1,exact,,,2,0.00020402088280956502,,,,0.015719415998319164,afcefd1bed2b9d1a12bd16a7b0f12bd266164d59
dv3-A-lgcp-000838,3,A,lgcp,838,,,,3:1:5:838,,test,1,147.90185186889576,,,,,,,,,1.8297282011789655,1.2005432876710629,,,,,,,4.081684790136752,0.09871678844641434,256,7.022385837843109,1.6649872546406763,,1,122,1,exact,,,2,4.126328201828316e-06,,,,0.013117667000187794,76f96c8dbdb18889c098c8639542d4605b5f07b0
dv3-A-lgcp-000839,3,A,lgcp,839,,,,3:1:5:839,,test,1,336.4354455617438,,,,,,,,,0.30107169557606556,1.5224837377043863,,,,,,,5.6678704420660315,0.08300452905945221,256,1.8742009949949832,2.4901329433048742,,1,390,1,exact,,,2,6.939619254017887e-06,,,,0.01376341699869954,71e18d45b1a3e518ac1329863fea31d45ec5d5a7
dv3-A-lgcp-000840,3,A,lgcp,840,,,,3:1:5:840,,test,1,441.28148631557565,,,,,,,,,0.13659408517928232,1.4806330893550539,,,,,,,6.021385920201192,0.07048384657549131,256,0.9336723449852117,2.456634975728619,,1,486,1,exact,,,2,1.1332813619672328e-05,,,,0.016738875001465203,bd5f94f2e1c8441934d68ef2ad030773f2f6dc07
dv3-A-lgcp-000841,3,A,lgcp,841,,,,3:1:5:841,,test,1,231.08531993237852,,,,,,,,,0.25236995023410186,1.3505160658518551,,,,,,,5.316602017568308,0.0888410282417095,256,1.159919082239964,2.218388741752505,,1,202,1,exact,,,2,5.660104173082854e-06,,,,0.015710499999840977,7fb76512fb839decb697d0db7b3f64dda97b2c47
dv3-A-lgcp-000842,3,A,lgcp,842,,,,3:1:5:842,,test,1,352.78285546239283,,,,,,,,,0.14473368920359939,0.8339523384587102,,,,,,,5.7934858827218925,0.04440046262797316,256,0.5276687347601654,1.3827131100445134,,1,384,1,exact,,,2,4.532351162652229e-05,,,,0.018385874998784857,cedc70617c9a7732d3eee15e1942dc1045805f68
dv3-A-lgcp-000843,3,A,lgcp,843,,,,3:1:5:843,,test,1,260.3400032012842,,,,,,,,,0.35156505186242987,1.2922348738842722,,,,,,,5.386205955403651,0.0800886557606708,256,1.673742450798991,2.104028329350976,,1,202,1,exact,,,2,7.725360181590446e-06,,,,0.016702375000022585,1ce00a8a30c1c9f5f5c542e945bf9dda5df2be18
dv3-A-lgcp-000844,3,A,lgcp,844,,,,3:1:5:844,,test,1,108.59724906422275,,,,,,,,,0.16695934712939065,0.536902512732735,,,,,,,4.604166402713965,0.05152120648671537,256,0.20954139840485836,0.8885007616425623,,1,114,1,exact,,,2,2.9012088579448673e-05,,,,0.018202250001195353,d2f1d29856b301892eedf1709a09486f462a2577
dv3-A-lgcp-000845,3,A,lgcp,845,,,,3:1:5:845,,test,1,176.86004199540787,,,,,,,,,1.2649717264987324,0.7962128590961643,,,,,,,4.542872833348199,0.05987069855437763,256,3.5326330983125036,1.1824403942725947,,1,196,1,exact,,,2,1.8489793286379225e-05,,,,0.014317166998807807,fb995116ab1615c4b73efe8e6e5f580daebae756
dv3-A-lgcp-000846,3,A,lgcp,846,,,,3:1:5:846,,test,1,697.660292699395,,,,,,,,,1.505569103991407,1.0261525864482326,,,,,,,5.794947745619184,0.038849903216497485,512,11.588283359482645,1.4819210489634476,,1,732,1,exact,,,2,8.459766668765973e-06,,,,0.06613770799958729,6c5f9018d445ab46467a548262cd5518f9dfbe1d
dv3-A-lgcp-000847,3,A,lgcp,847,,,,3:1:5:847,,test,1,580.9655094546284,,,,,,,,,2.809359724206534,0.7204584664515948,,,,,,,4.960011528880895,0.029890540910407767,1024,17.34840180298373,0.8643410521367827,,1,730,1,exact,,,2,2.3220572764876832e-06,,,,0.3405111249994661,c404f468a8c58d87c10eb15df197a5e4645dd42a
dv3-A-lgcp-000848,3,A,lgcp,848,,,,3:1:5:848,,test,1,312.9435757902428,,,,,,,,,0.10277122903872503,1.7749374250803316,,,,,,,5.6946372907296166,0.10033443892315758,256,0.6842652620956248,2.953427719371669,,1,327,1,exact,,,2,3.930103603527347e-06,,,,0.018168833001254825,b492c6d7d35cacb4fc4a02270e3174201cd3c53c
dv3-A-lgcp-000849,3,A,lgcp,849,,,,3:1:5:849,,test,1,203.26166946726536,,,,,,,,,0.4575625195288826,0.6154183307268005,,,,,,,5.085712901368426,0.04316608720522826,256,0.9739003319699104,0.9924045237882517,,1,184,1,exact,,,2,4.93226506326422e-05,,,,0.014480334000836592,3d35efc5b9f428eb4f4360b6c2d6525dcc5994af
dv3-A-lgcp-000850,3,A,lgcp,850,,,,3:1:5:850,,test,1,372.66405175451496,,,,,,,,,1.997501580292215,1.0005785580521915,,,,,,,4.921926558117306,0.05183134051739973,512,11.457240806994495,1.3570409456001393,,1,358,1,exact,,,2,3.5626920506874727e-06,,,,0.0640043749990582,55db1ab1e0fe33e7169e56a252fe3dc91006eea6
dv3-A-lgcp-000851,3,A,lgcp,851,,,,3:1:5:851,,test,1,233.1322868397222,,,,,,,,,1.22011955565459,1.9247235116203136,,,,,,,4.841546269303617,0.12605705003241777,256,8.640295958704645,2.8727648107976993,,1,258,1,exact,,,2,1.9848218385383024e-06,,,,0.01524516700010281,7b8999d9bcd178583c140598ae3bfbd0d69e7f0b
dv3-A-lgcp-000852,3,A,lgcp,852,,,,3:1:5:852,,test,1,333.8516821620187,,,,,,,,,0.13929367752765917,1.36499160677565,,,,,,,5.741049990203463,0.07470560660191963,256,0.7714683063203667,2.264242582293301,,1,355,1,exact,,,2,9.51826077952033e-06,,,,0.02049720799914212,be6eca4f61f884c2078c9ae4f961ca07f39d1f18
dv3-A-lgcp-000853,3,A,lgcp,853,,,,3:1:5:853,,test,1,186.2825622430891,,,,,,,,,0.10202955127549747,1.3534265796756648,,,,,,,5.176249897176168,0.09916275859205888,256,0.4085817081838708,2.2521914389649558,,1,217,1,exact,,,2,4.07094833659517e-06,,,,0.01572679099990637,19d77cec9f1099b70b83ae1388dd1647446f68ab
dv3-A-lgcp-000854,3,A,lgcp,854,,,,3:1:5:854,,test,1,202.24395547140062,,,,,,,,,2.4600901017301706,1.0281759457978166,,,,,,,4.079429618206145,0.07229856277484072,512,11.50317529819898,1.304413159446669,,1,184,1,exact,,,2,1.3127625203927518e-06,,,,0.07161012500000652,ddfed7269acc2771689d923cb981c8e22512f2ae
dv3-A-lgcp-000855,3,A,lgcp,855,,,,3:1:5:855,,test,1,734.3846451781224,,,,,,,,,2.5506711676846865,1.3095732657753845,,,,,,,5.3236973472635025,0.048324570932101664,1024,29.819863291924683,1.6382758241036273,,1,738,1,exact,,,2,5.495234896339406e-07,,,,0.3386651670007268,41ee113e941ae41fe34b7728728796a67dc2ddde
dv3-A-lgcp-000856,3,A,lgcp,856,,,,3:1:5:856,,test,1,121.3529206424464,,,,,,,,,1.882183672765236,1.1157009381659926,,,,,,,3.8576111634232855,0.10127976423831396,256,6.267372284421405,1.5367235108394088,,1,98,1,exact,,,2,3.821175895467595e-06,,,,0.014619208002841333,160478677b19250c88ac1ecea499f8b276886ee2
dv3-A-lgcp-000857,3,A,lgcp,857,,,,3:1:5:857,,test,1,125.13400179739594,,,,,,,,,0.05445311553968407,1.3029127707934258,,,,,,,4.8021586197145405,0.11647364698038258,256,0.16267283513974995,2.1768446671941293,,1,127,1,exact,,,2,2.5141012913376285e-06,,,,0.01590316600049846,7913d831139fb95b8fbc9e58f0fd428061e16bf3
dv3-A-lgcp-000858,3,A,lgcp,858,,,,3:1:5:858,,test,1,144.52881846466084,,,,,,,,,0.3625765708998461,0.5018893522048359,,,,,,,4.792190637959498,0.041747527156476096,256,0.5019814395044392,0.8163710260188605,,1,140,1,exact,,,2,5.4521470456622e-05,,,,0.016772374998254236,b71422235f2a8b7bcb7306bb4c2dd341507be657
dv3-A-lgcp-000859,3,A,lgcp,859,,,,3:1:5:859,,test,1,125.5961918670404,,,,,,,,,0.22824488989422256,0.7450964835138963,,,,,,,4.718949489097408,0.06648509259608609,256,0.4240857143008981,1.2265006999929906,,1,110,1,exact,,,2,1.3502777334474318e-05,,,,0.018340500002523186,c8fc9c9b5274651ae70b67370ef3bca4a3c705a1
dv3-A-lgcp-000860,3,A,lgcp,860,,,,3:1:5:860,,test,1,752.9814644387639,,,,,,,,,1.2714561981762575,1.339626017359971,,,,,,,5.988312512789624,0.04881928682144036,512,12.584456829389863,1.9879990736842987,,1,962,1,exact,,,2,4.2636040248855834e-06,,,,0.062192250003135996,375e2594f1dec57517598b00793ba9df8a6bfc2f
dv3-A-lgcp-000861,3,A,lgcp,861,,,,3:1:5:861,,test,1,193.82745838914542,,,,,,,,,2.764297852858304,1.347145264106907,,,,,,,3.8848194471457793,0.09676243265042471,512,16.84883480208615,1.6283323514209955,,1,139,1,exact,,,2,5.476939128168578e-07,,,,0.06301366599655012,57f527d21b5873fa9c489ebaaf23edcdcbb7f8d7
dv3-A-lgcp-000862,3,A,lgcp,862,,,,3:1:5:862,,test,1,416.98346987060904,,,,,,,,,2.5097343702402677,1.3950880879077954,,,,,,,4.778179395294899,0.06831911171102463,512,22.57556214928356,1.7564215047234073,,1,390,1,exact,,,2,1.5557683855820008e-06,,,,0.0624514579976676,1d022a37ade586ee3614f8b19d4614b99a08839b
dv3-A-lgcp-000863,3,A,lgcp,863,,,,3:1:5:863,,test,1,110.32635999489709,,,,,,,,,1.1048136538071731,1.032571205493117,,,,,,,4.151036055344838,0.09830607693044836,256,2.922698270470878,1.5608032853297056,,1,85,1,exact,,,2,4.178223257303041e-06,,,,0.015391416000056779,9820696c59fb63bf5fb1151cf693f9109354e448
dv3-A-lgcp-000864,3,A,lgcp,864,,,,3:1:5:864,,test,1,685.2061517795386,,,,,,,,,2.14155628228116,0.7683981867847012,,,,,,,5.458941603347801,0.0293545687606892,1024,13.740156424462942,1.021564594184837,,1,560,1,exact,,,2,2.4515805917588047e-06,,,,0.352704958000686,e214688b467e5aa4f1e7b2551a0a32759dd03dd5
dv3-A-lgcp-000865,3,A,lgcp,865,,,,3:1:5:865,,test,1,113.92002888621877,,,,,,,,,0.06005527412622519,0.8413272808551553,,,,,,,4.705469064166345,0.07882517223352323,256,0.11649025293638286,1.4049892839143823,,1,108,1,exact,,,2,8.102766492354987e-06,,,,0.015547916998912115,55118c58c2591af979236057f15f88f73dd92f27
dv3-A-lgcp-000866,3,A,lgcp,866,,,,3:1:5:866,,test,1,312.05238181950546,,,,,,,,,1.403307862547739,0.8739368907181199,,,,,,,5.041517132890721,0.04947278070325432,256,5.964336296802243,1.2774467325614127,,1,241,1,exact,,,2,3.2766171798017386e-05,,,,0.01660516699848813,f673ba1f8d825d36b726eeda67e9ade0d2764733
dv3-A-lgcp-000867,3,A,lgcp,867,,,,3:1:5:867,,test,1,702.7856154095883,,,,,,,,,0.26076601810696626,0.5540468403825075,,,,,,,6.4246688795053,0.020899459310407646,256,0.9501042403990696,0.9094186907075098,,1,638,1,exact,,,2,0.0004338557914562156,,,,0.01836541699958616,dafb5a6ecba0cfb95a49d8d5176c4325fe0f7790
dv3-A-lgcp-000868,3,A,lgcp,868,,,,3:1:5:868,,test,1,558.5382941961531,,,,,,,,,0.0967821893937833,0.513707126519669,,,,,,,6.27693208761428,0.02173647487198476,256,0.2842496952777987,0.8552226999200058,,1,519,1,exact,,,2,0.0003857065525180123,,,,0.016544999998586718,4669396e961295523de568b2dcd67f0e39e116d3
dv3-A-lgcp-000869,3,A,lgcp,869,,,,3:1:5:869,,test,1,224.85148224018263,,,,,,,,,0.28120485657172106,1.2312971712550378,,,,,,,5.274837677038025,0.08211358328049854,256,1.1843427711204235,2.0174249404578566,,1,210,1,exact,,,2,7.167917876097233e-06,,,,0.020476375000725966,6a40a2a3340a4ae38094df214caf9e885592db39
dv3-A-lgcp-000870,3,A,lgcp,870,,,,3:1:5:870,,test,1,721.6338601289407,,,,,,,,,0.8778749713907855,1.6758329151391747,,,,,,,6.142580405634153,0.06238386310031182,256,9.813815235229821,2.5943171633044266,,1,819,1,exact,,,2,1.6344320016295582e-05,,,,0.018055500000627944,be0aadd0b95734cc9f1d01c82b4417b1f25cae45
dv3-A-lgcp-000871,3,A,lgcp,871,,,,3:1:5:871,,test,1,541.3025064284857,,,,,,,,,0.0934019178537422,0.7633078400768513,,,,,,,6.247277325252346,0.0328079960585742,256,0.3940593421345178,1.2711229849178467,,1,581,1,exact,,,2,0.00011229972687864059,,,,0.01732849999825703,1d0cf42d6d753d130707153d0e51919c96c3e1d6
dv3-A-lgcp-000872,3,A,lgcp,872,,,,3:1:5:872,,test,1,204.0698023263169,,,,,,,,,0.35767179355578815,1.5521170817948184,,,,,,,5.139626206806371,0.1086513449545115,256,1.746680178180433,2.5257827025419264,,1,257,1,exact,,,2,3.0957999789828494e-06,,,,0.01647837500058813,4b2c30b2213e591baf9b2a66ce81bb297e0b3895
dv3-A-lgcp-000873,3,A,lgcp,873,,,,3:1:5:873,,test,1,168.77847374999732,,,,,,,,,0.2150295788553899,1.6379750571300622,,,,,,,5.021072259424394,0.12608074212471507,256,0.9544140060449979,2.6993729113493723,,1,175,1,exact,,,2,1.9837081042033416e-06,,,,0.012475166000513127,6b3dc03161050527bba692caee6826cb6576119a
dv3-A-lgcp-000874,3,A,lgcp,874,,,,3:1:5:874,,test,1,131.9562120221063,,,,,,,,,0.3567679565132882,0.5233561482293536,,,,,,,4.7040861621908645,0.045559863104432274,256,0.4929395303452391,0.8517343762488276,,1,125,1,exact,,,2,4.1951627410679825e-05,,,,0.01542258300105459,2bc949d348ca403541f676f676f125186cebebee
dv3-A-lgcp-000875,3,A,lgcp,875,,,,3:1:5:875,,test,1,669.9974944249747,,,,,,,,,0.15193863198139457,0.6949304419646594,,,,,,,6.431304656723105,0.02684755541181738,256,0.6603388719421445,1.1515003909588089,,1,655,1,exact,,,2,0.00020484065312381482,,,,0.015677625000535045,d355d7cc05e05719b19688d899e02b091169a36c
dv3-A-lgcp-000876,3,A,lgcp,876,,,,3:1:5:876,,test,1,296.571063207816,,,,,,,,,0.20553643846141614,0.5534235261554283,,,,,,,5.589518644040767,0.03213610443519392,256,0.4677697902902227,0.9127916385574392,,1,298,1,exact,,,2,0.00011948743611600804,,,,0.01769366699954844,455ad172829ba2b0c2baf54253c18c0551d082e9
dv3-A-lgcp-000877,3,A,lgcp,877,,,,3:1:5:877,,test,1,454.1475745305898,,,,,,,,,1.0551532245904347,1.2130505457646783,,,,,,,5.5908455869596505,0.05692203238035793,256,6.979515610166548,1.8434254553335465,,1,383,1,exact,,,2,2.1514056932488334e-05,,,,0.016792624999652617,cd4feb8a477af598f5f26b0605dfc70b27ff5ff6
dv3-A-lgcp-000878,3,A,lgcp,878,,,,3:1:5:878,,test,1,127.54410576664583,,,,,,,,,0.081279140728571,0.862464555386499,,,,,,,4.807822661996581,0.07636793710433777,256,0.1703662402607086,1.4377182677586122,,1,113,1,exact,,,2,8.910217151066125e-06,,,,0.01642116700168117,1f658be6527a0d01f5086156c7e900b423032d9c
dv3-A-lgcp-000879,3,A,lgcp,879,,,,3:1:5:879,,test,1,276.02176489483116,,,,,,,,,2.759603160841376,0.7337800910515081,,,,,,,4.240678140501914,0.04416662970063526,512,11.629176929603231,0.8876286245445397,,1,236,1,exact,,,2,5.7578402509989545e-06,,,,0.06442099999912898,62b107605d31172c3c4cf55f4d7b4afbd4c2b829
dv3-A-lgcp-000880,3,A,lgcp,880,,,,3:1:5:880,,test,1,116.01834199070338,,,,,,,,,0.21312999262165425,0.7094992144747156,,,,,,,4.647183302905304,0.06587014077655881,256,0.364227446428805,1.169443670638396,,1,125,1,exact,,,2,1.3884442143891567e-05,,,,0.014507582996884594,54bb9c3790dcbee06102ef4afae8be360f833339
dv3-A-lgcp-000881,3,A,lgcp,881,,,,3:1:5:881,,test,1,196.95836763256196,,,,,,,,,0.062051328521965876,0.6345238676560492,,,,,,,5.251966710328885,0.045212731414127474,256,0.12725000302741843,1.0594567495978224,,1,178,1,exact,,,2,4.292505860737636e-05,,,,0.014217250001820503,6140d91fa7a5d492b54b5810daa57f88d82ed9ab
dv3-A-lgcp-000882,3,A,lgcp,882,,,,3:1:5:882,,test,1,530.0477805458494,,,,,,,,,0.058792989078684514,0.8484035481955806,,,,,,,6.243570659916681,0.03685063415852832,256,0.2704245487904851,1.4169565023672062,,1,520,1,exact,,,2,7.926114208739277e-05,,,,0.016407541999797104,44f16f473fff85e81739c5e7a59bd9c21d8595bc
dv3-A-lgcp-000883,3,A,lgcp,883,,,,3:1:5:883,,test,1,177.23524256818956,,,,,,,,,1.2804663437108204,1.776108451909605,,,,,,,4.537244732365404,0.13341185996862584,256,7.34761531318349,2.633056025818959,,1,245,1,exact,,,2,1.6758427744541393e-06,,,,0.014545666999765672,a733a3893682ab8279da6a3312ed8de9f72299af
dv3-A-lgcp-000884,3,A,lgcp,884,,,,3:1:5:884,,test,1,657.7547291892255,,,,,,,,,0.8735079448428584,0.96751190156784,,,,,,,6.052078137422537,0.03772457245045437,256,5.615347589113928,1.4984505512600919,,1,580,1,exact,,,2,7.388149932939541e-05,,,,0.011899459001142532,9f67ca764da4c520878cac2cb6eb0e967d6ced90
dv3-A-lgcp-000885,3,A,lgcp,885,,,,3:1:5:885,,test,1,384.8876262701972,,,,,,,,,1.1683351718598025,1.6964655300120135,,,,,,,5.368783825935009,0.08647250998536046,256,9.622505526034884,2.546625113488072,,1,317,1,exact,,,2,6.1379032595907566e-06,,,,0.019390082998143043,a8fea1354223f61da2cb95c177fb1b3ed2697610
dv3-A-lgcp-000886,3,A,lgcp,886,,,,3:1:5:886,,test,1,728.5572741560997,,,,,,,,,0.07092687828527887,0.6364636731120323,,,,,,,6.555602802696862,0.023579889821764344,256,0.29323775722892753,1.0619031286030085,,1,735,1,exact,,,2,0.00030222722489539193,,,,0.01851258299939218,574fc23edfd18e9489887c22618311be81df6e71
dv3-A-lgcp-000887,3,A,lgcp,887,,,,3:1:5:887,,test,1,317.2865134194473,,,,,,,,,0.4238756236785408,1.463813490434355,,,,,,,5.547867381653192,0.08217882721428077,256,2.5215375532715196,2.367815341283404,,1,273,1,exact,,,2,7.150862542700344e-06,,,,0.01704483299909043,7c0d976991dc18798786eeccb228c2c62aa6bef2
dv3-A-lgcp-000888,3,A,lgcp,888,,,,3:1:5:888,,test,1,552.3267880360049,,,,,,,,,0.05966966370775734,0.5762748482241796,,,,,,,6.284305046567622,0.02452062928114061,256,0.1935102055467434,0.9623914581531243,,1,562,1,exact,,,2,0.0002687947864868242,,,,0.01966954100134899,253135fd1fe837bef64107a9873ecdf331d7b8c2
dv3-A-lgcp-000889,3,A,lgcp,889,,,,3:1:5:889,,test,1,103.7162211827788,,,,,,,,,0.29857916467826195,1.1414235358916531,,,,,,,4.492368944798171,0.11207880215011859,256,0.7451068367062653,1.8672945313393325,,1,86,1,exact,,,2,2.8208509755459247e-06,,,,0.019673416998557514,1cea2b48079f0202980033e1bf12624c1ad2c9fd
dv3-A-lgcp-000890,3,A,lgcp,890,,,,3:1:5:890,,test,1,192.01997483825514,,,,,,,,,0.056705089062458705,1.1603945401708002,,,,,,,5.229246857701136,0.08373990666362788,256,0.2004215529745202,1.9383659836077665,,1,215,1,exact,,,2,6.758435439942406e-06,,,,0.016727209000237053,5916fa7ec4533e11e3acf176f426da5f4e380da1
dv3-A-lgcp-000891,3,A,lgcp,891,,,,3:1:5:891,,test,1,411.89891392721574,,,,,,,,,1.8247257658608398,0.6346434846313288,,,,,,,5.108415081769163,0.03127047674231346,512,7.041767877571416,0.8807354837120157,,1,469,1,exact,,,2,1.622147467900747e-05,,,,0.06602916599877062,ccc5079a254d87062d4ba135f780d078fb2c2652
dv3-A-lgcp-000892,3,A,lgcp,892,,,,3:1:5:892,,test,1,468.4750310245265,,,,,,,,,0.5336969626965075,1.9975820423031911,,,,,,,5.882634323337982,0.09229143545923707,256,5.142264480908465,3.1984928544408318,,1,484,1,exact,,,2,5.048943280267795e-06,,,,0.01844041699951049,5e5045cc56d1db086aed9be08c67d4f5e703ac8a
dv3-A-lgcp-000893,3,A,lgcp,893,,,,3:1:5:893,,test,1,153.9590735792538,,,,,,,,,2.0987847905954804,0.966180560094852,,,,,,,3.9872944158176393,0.07786739582245958,256,7.168758853031823,1.2922405335843496,,1,178,1,exact,,,2,8.405402390593583e-06,,,,0.015606166998622939,2b6f92a696deec6f478ad78378e7e34744e22b9a
dv3-A-lgcp-000894,3,A,lgcp,894,,,,3:1:5:894,,test,1,162.9919559432193,,,,,,,,,0.27872672446476776,1.696412307268328,,,,,,,4.954337487315025,0.13287654548758604,256,1.24708469205664,2.780104004249652,,1,136,1,exact,,,2,1.6960513152450137e-06,,,,0.012012082999717677,ea55940830ff8125c5bc0bd61e947e75fc2a65ad
dv3-A-lgcp-000895,3,A,lgcp,895,,,,3:1:5:895,,test,1,116.07815233655316,,,,,,,,,0.49854840014129964,1.1746093122840053,,,,,,,4.50498949122279,0.1090230170417267,256,1.3928485600312646,1.886957122135312,,1,120,1,exact,,,2,3.064296593915075e-06,,,,0.018756250003207242,7a780c7afaddd21c4389c1de6c1a17c72b7b4b31
dv3-A-lgcp-000896,3,A,lgcp,896,,,,3:1:5:896,,test,1,154.92318250452723,,,,,,,,,0.10656592247746542,1.7147983972297745,,,,,,,4.989646436086871,0.13777006521140295,256,0.44984111427888385,2.8524405841035803,,1,188,1,exact,,,2,1.5227986543580858e-06,,,,0.016639500001474516,e0e84ca71cf94d328db9ac9c9916d21eeabe107b
dv3-A-lgcp-000897,3,A,lgcp,897,,,,3:1:5:897,,test,1,160.28384582594757,,,,,,,,,0.23197751223778634,0.7312837016985247,,,,,,,4.960957523783122,0.057761839728117534,256,0.4843108183029804,1.203371121911229,,1,145,1,exact,,,2,2.0589410590437855e-05,,,,0.02181820800251444,25fd80efe8b91fc16e230821c663401310b02ff1
dv3-A-lgcp-000898,3,A,lgcp,898,,,,3:1:5:898,,test,1,382.7369229115231,,,,,,,,,2.5110118293255663,0.8889072336883964,,,,,,,4.691841953155536,0.04543664541087371,512,14.252183954667146,1.1189161800354157,,1,295,1,exact,,,2,5.2884241056493504e-06,,,,0.05484987499949057,2bf3c904cba6f87ae7bf3e81324ab2a178c67366
dv3-A-lgcp-000899,3,A,lgcp,899,,,,3:1:5:899,,test,1,214.8766661364478,,,,,,,,,0.1890091222300428,0.9008755042240854,,,,,,,5.275559656537908,0.06145682920185771,256,0.5831681667424009,1.4879931307633372,,1,217,1,exact,,,2,1.709504058089874e-05,,,,0.018988499999977648,c07aae67324cdbd60e59a2742fa293263516ae01
dv3-A-lgcp-000900,3,A,lgcp,900,,,,3:1:5:900,,test,1,138.57095302359633,,,,,,,,,1.091766125949894,1.248374189979806,,,,,,,4.3854994276728,0.10604951316468406,256,3.779251674714965,1.889665358590112,,1,125,1,exact,,,2,3.328941636792426e-06,,,,0.014750500002264744,ee1819df972f65a16055e0ff45dbb78a12252c30
dv3-A-lgcp-000901,3,A,lgcp,901,,,,3:1:5:901,,test,1,262.4295410998125,,,,,,,,,0.515728541543997,0.5726194219427634,,,,,,,5.312118360372108,0.035347582250159215,256,1.1957499454181002,0.9184135416554339,,1,233,1,exact,,,2,8.980292536374612e-05,,,,0.01557400000092457,cf3a3f84cad8187a7a86b48cf4bf855120311c7b
dv3-A-lgcp-000902,3,A,lgcp,902,,,,3:1:5:902,,test,1,361.02995734025836,,,,,,,,,0.6301145967998208,1.0196831065800425,,,,,,,5.5739036408120075,0.053665305281970464,256,2.974099970513144,1.6178047822596187,,1,333,1,exact,,,2,2.5672473770704065e-05,,,,0.0172961660027795,80c63a82cb60b4dfa71a4157d6b4edff5720fc15
dv3-A-lgcp-000903,3,A,lgcp,903,,,,3:1:5:903,,test,1,131.41079285810704,,,,,,,,,0.15035159799001802,1.6891080140684664,,,,,,,4.803152441110924,0.14734720583100977,256,0.5755571315730886,2.799234410520063,,1,130,1,exact,,,2,1.2470645610894951e-06,,,,0.019401625002501532,8db5b493f7d1a8502a63183f3507a9846c3f6bc7
dv3-A-lgcp-000904,3,A,lgcp,904,,,,3:1:5:904,,test,1,779.179077213779,,,,,,,,,0.5158788240382529,1.7794032633655485,,,,,,,6.40030148832366,0.06374641145850816,256,5.998339179365408,2.8539113766337034,,1,725,1,exact,,,2,1.5318658062190258e-05,,,,0.018885165998653974,22ad0efacd08883e7960eb582c3bc8f6a6c2c14f
dv3-A-lgcp-000905,3,A,lgcp,905,,,,3:1:5:905,,test,1,311.3973189306171,,,,,,,,,0.05204493452339322,1.0625562612455572,,,,,,,5.715047182372869,0.0602135871093848,256,0.22234892465871012,1.775626714406606,,1,292,1,exact,,,2,1.8175767828064355e-05,,,,0.01532312500057742,fe2458773706c6c4ffc9d4a6246211d1b42254b8
dv3-A-lgcp-000906,3,A,lgcp,906,,,,3:1:5:906,,test,1,311.21510884129543,,,,,,,,,0.10146738015245499,0.5936803903474618,,,,,,,5.689750651310716,0.033652890133570416,256,0.2492658533939481,0.9879705459195715,,1,283,1,exact,,,2,0.00010405652029292273,,,,0.012897832999442471,d33f470855b7b126c9fa9ad456c83a3656c44ce2
dv3-A-lgcp-000907,3,A,lgcp,907,,,,3:1:5:907,,test,1,224.4599526968814,,,,,,,,,1.3582777410162177,1.3466714796753294,,,,,,,4.734558436338116,0.08988603614412254,256,7.182177419633874,1.9787592274180503,,1,272,1,exact,,,2,5.465046808516566e-06,,,,0.017221624999365304,9ccdad81e235190081a7bab2bdbaec1b6918fb55
dv3-A-lgcp-000908,3,A,lgcp,908,,,,3:1:5:908,,test,1,573.8684101989146,,,,,,,,,0.7331974864287357,0.5668007403024695,,,,,,,5.985801376298741,0.02366051805598587,256,2.614442411681975,0.8902898451054164,,1,530,1,exact,,,2,0.0002991515758971332,,,,0.018174916000134544,6e8a6b22f02fdd39b119138dc71f8c8983122332
dv3-A-lgcp-000909,3,A,lgcp,909,,,,3:1:5:909,,test,1,114.72404918330876,,,,,,,,,0.317609186226356,0.5467970027636881,,,,,,,4.58372507934352,0.051050369735217774,256,0.42522294112786063,0.8930108610739743,,1,103,1,exact,,,2,2.982206254131919e-05,,,,0.01598629200088908,8f278c632747c3d18ae4356e5166d18ded94d771
dv3-A-lgcp-000910,3,A,lgcp,910,,,,3:1:5:910,,test,1,156.39148585051524,,,,,,,,,0.5931926035153254,1.131489362959888,,,,,,,4.755766086575792,0.0904781938765304,256,1.8915291948238258,1.8015505357640296,,1,161,1,exact,,,2,5.358485494095354e-06,,,,0.01727779100110638,5db6f59b7dba1f9489114c4bd9ab1f4083fcabd0
dv3-A-lgcp-000911,3,A,lgcp,911,,,,3:1:5:911,,test,1,105.48193432844258,,,,,,,,,0.20001374797752455,0.5061270085644893,,,,,,,4.558532825671397,0.04927997406905716,256,0.23392238815654062,0.8351831069512091,,2,110,1,exact,,,2,3.3152173525382096e-05,,,,0.018661833000805927,691ad480bf364d77be2d7e50341e1a6f30a8df5e
dv3-A-lgcp-000912,3,A,lgcp,912,,,,3:1:5:912,,test,1,185.92772472526283,,,,,,,,,0.10236697414636112,1.0258752157024724,,,,,,,5.174174534378615,0.07523543916867083,256,0.3195298138150014,1.7070754607500183,,1,182,1,exact,,,2,9.318610477523038e-06,,,,0.017024500000843545,4141eddf977af06bdd2baacc627119b1d6e624fe
dv3-A-lgcp-000913,3,A,lgcp,913,,,,3:1:5:913,,test,1,470.50317510887095,,,,,,,,,0.15804083990528542,1.7997645530895379,,,,,,,6.074782287421693,0.08297254565209077,256,1.333951757840194,2.9806503114839185,,1,513,1,exact,,,2,6.947645636139567e-06,,,,0.021077041998069035,2e55df65ea88f82515630e7b366b244cb4dddc5f
dv3-A-lgcp-000914,3,A,lgcp,914,,,,3:1:5:914,,test,1,588.7314991559014,,,,,,,,,0.1028975594148013,1.033154904012655,,,,,,,6.326521441190463,0.04258011255803392,256,0.6018240891822408,1.7191116780066482,,1,592,1,exact,,,2,5.138639866491615e-05,,,,0.017001124997477746,dd2dbb73622a5e5903ffce3f5e717e146f2560bb
dv3-A-lgcp-000915,3,A,lgcp,915,,,,3:1:5:915,,test,1,725.1829677798823,,,,,,,,,0.6599916013514932,0.5620875460271106,,,,,,,6.256428191690702,0.020872773730889985,256,2.606549671067323,0.8892267364461259,,1,744,1,exact,,,2,0.00043551944254959,,,,0.01692449999973178,a202e8d7a0e128d2cfb315336eff6114d45058d3
dv3-A-lgcp-000916,3,A,lgcp,916,,,,3:1:5:916,,test,1,311.4823748753532,,,,,,,,,0.05662641588962615,1.5587117823984558,,,,,,,5.713029547222363,0.0883179702948451,256,0.3344470293969535,2.603747024204464,,1,326,1,exact,,,2,5.761231782846391e-06,,,,0.015065625000715954,2b10463333d80600f64e650d9b0cd4cd17b0ba0e
dv3-A-lgcp-000917,3,A,lgcp,917,,,,3:1:5:917,,test,1,511.45267781330244,,,,,,,,,2.8890275413247846,1.6055819812251215,,,,,,,4.792741293955341,0.07099532591240168,1024,35.28533325747173,1.9005036011847205,,1,577,1,exact,,,2,1.733039210079497e-07,,,,0.3133932079981605,fdc92ddf60920c8b4397264bf719e304ae461df4
dv3-A-lgcp-000918,3,A,lgcp,918,,,,3:1:5:918,,test,1,519.6600666289182,,,,,,,,,1.536705418626827,0.9453273725850247,,,,,,,5.484822170473955,0.0414689043507832,512,9.45486995727947,1.3600958785238948,,1,424,1,exact,,,2,6.95613821984612e-06,,,,0.06488020899996627,a1c6200f204aca654d9f0ce6d88da18e55658504
dv3-A-lgcp-000919,3,A,lgcp,919,,,,3:1:5:919,,test,1,359.21247268452896,,,,,,,,,1.1483855481596696,0.5804897585308902,,,,,,,5.30972128525463,0.030628015484537335,256,3.4084739293520308,0.8733020545883957,,1,344,1,exact,,,2,0.0001380084527065975,,,,0.017249791999347508,0bea4969b960c0c3eaacbc53ccd62efa4c996125
dv3-A-lgcp-000920,3,A,lgcp,920,,,,3:1:5:920,,test,1,354.43864492957323,,,,,,,,,0.19467789244484388,1.2632784039655158,,,,,,,5.773196309818724,0.06710092979464943,256,1.042528809121508,2.0855572334764396,,1,365,1,exact,,,2,1.3134454060053604e-05,,,,0.014468334000412142,88a611092db1e3fe1e019db816567ae2fff85e27
dv3-A-lgcp-000921,3,A,lgcp,921,,,,3:1:5:921,,test,1,276.06143719869414,,,,,,,,,0.08179085668197601,0.5621332775935445,,,,,,,5.579728011150775,0.03383268174214608,256,0.18070952637211862,0.9370291153860035,,1,259,1,exact,,,2,0.00010240729684477803,,,,0.014915125000698026,366b7e6f5c4aac94fb14dde096d42c8b916a7507
dv3-A-lgcp-000922,3,A,lgcp,922,,,,3:1:5:922,,test,1,126.41505473723096,,,,,,,,,0.06571146405677503,0.8181535501342321,,,,,,,4.806714846525848,0.07276715922024504,256,0.13028042859319552,1.3656410462166093,,1,132,1,exact,,,2,1.029926042116415e-05,,,,0.017969749998883344,d664371bc57790039f35ed69718d49448d498e93
dv3-A-lgcp-000923,3,A,lgcp,923,,,,3:1:5:923,,test,1,566.9231850954453,,,,,,,,,0.06236992134266746,0.5478779711165701,,,,,,,6.309038857856571,0.0230102707923762,256,0.1960934753560562,0.9147606828441243,,1,533,1,exact,,,2,0.0003252038878865543,,,,0.016111125001771143,65c133b4a360f57dc03793dc892c4a05fd824445
dv3-A-lgcp-000924,3,A,lgcp,924,,,,3:1:5:924,,test,1,472.69996201338796,,,,,,,,,1.7304745462473539,1.414536958982977,,,,,,,5.293223584314579,0.06506111704368006,512,14.906448235102376,1.9869483321491075,,1,386,1,exact,,,2,1.8013759342832114e-06,,,,0.07301058300072327,a19428c3f61dfceac332f68a7dfa43a652652b0c
dv3-A-lgcp-000925,3,A,lgcp,925,,,,3:1:5:925,,test,1,283.2321180208161,,,,,,,,,0.14514814939613407,0.7789745138426822,,,,,,,5.573692691781399,0.046286250224340526,256,0.44623316425810106,1.2915127228064545,,1,298,1,exact,,,2,4.000791589436769e-05,,,,0.0170339590004005,3c97160403ccea60b034d8740a5f70de7c431289
dv3-A-lgcp-000926,3,A,lgcp,926,,,,3:1:5:926,,test,1,252.98472380531626,,,,,,,,,0.2831051244084311,0.6491082874687487,,,,,,,5.3917765444842045,0.040810320475094364,256,0.7055827054394761,1.0633559772035175,,1,257,1,exact,,,2,5.836322381309283e-05,,,,0.018249166998430155,fc597ecd443181f98105dbcffe1b8c197db525e0
dv3-A-lgcp-000927,3,A,lgcp,927,,,,3:1:5:927,,test,1,131.45827031346357,,,,,,,,,0.9826831170909561,1.344199945351995,,,,,,,4.387347906691324,0.11723840911324686,256,3.499771519035802,2.058460979464481,,1,154,1,exact,,,2,2.465351983931883e-06,,,,0.016235209001024486,9b89d5a5c1c577e61af970db40923a6b0720a084
dv3-A-lgcp-000928,3,A,lgcp,928,,,,3:1:5:928,,test,1,173.5875275984533,,,,,,,,,2.420855141618192,1.9329914491734694,,,,,,,3.946254383205103,0.1467137014572328,256,17.633123025193893,2.467018844675831,,2,150,1,exact,,,2,1.2631110968061965e-06,,,,0.016993708999507362,13b4dd179c0fdc92e32d2b56ae25d7bc779d3a1f
dv3-A-lgcp-000929,3,A,lgcp,929,,,,3:1:5:929,,test,1,627.6145099823796,,,,,,,,,1.340884401716432,0.5333489589586404,,,,,,,5.7714839395268696,0.021289475592884004,512,5.131701021255396,0.7852574400785254,,1,651,1,exact,,,2,5.139060215520903e-05,,,,0.07269595800244133,713cdf9a829383ac196f2af137af31a0ba1e2bd4
dv3-A-lgcp-000930,3,A,lgcp,930,,,,3:1:5:930,,test,1,116.77946471729027,,,,,,,,,0.8747390655026592,0.7200551686536022,,,,,,,4.322917706408767,0.06663195135809899,256,1.6604043779027666,1.1150575262532825,,1,87,1,exact,,,2,1.3413705034781992e-05,,,,0.01759387499987497,6ac9a36b4442723519ddca5c79787a71dbcbfd63
dv3-A-lgcp-000931,3,A,lgcp,931,,,,3:1:5:931,,test,1,585.0110201462705,,,,,,,,,1.880819867616312,0.6666368281200311,,,,,,,5.431220751103143,0.02756178107986562,512,9.325497695246478,0.9183650843046509,,1,585,1,exact,,,2,2.3688834971803596e-05,,,,0.07163779199981946,3adda071896112bae3ef4fb28077876b3cf00904
dv3-A-lgcp-000932,3,A,lgcp,932,,,,3:1:5:932,,test,1,676.5350515774845,,,,,,,,,0.3123748375073372,1.2490526334758447,,,,,,,6.3607968406375885,0.04802148524517076,256,2.398223316140404,2.0408635107777404,,1,588,1,exact,,,2,3.582680824558581e-05,,,,0.013085375001537614,32fe4c587ccc7f2139b07bb455427b3e67d42d27
dv3-A-lgcp-000933,3,A,lgcp,933,,,,3:1:5:933,,test,1,107.16285985115337,,,,,,,,,0.28516542543750595,0.854485645862767,,,,,,,4.531767019275615,0.08254345138360314,256,0.5597295083765761,1.3995458461794748,,1,115,1,exact,,,2,7.056536315530796e-06,,,,0.012845499997638399,761b52c0053e9ebf008058c391298a2b00527d45
dv3-A-lgcp-000934,3,A,lgcp,934,,,,3:1:5:934,,test,1,109.69716989254397,,,,,,,,,0.06653509508601456,0.5169534040588531,,,,,,,4.664456020795944,0.04935756064634958,256,0.07985671990309973,0.8628257127597128,,1,99,1,exact,,,2,3.2996118895467284e-05,,,,0.01500579099956667,bd69cb9017c7d60660f8c04c8787e697328b742c
dv3-A-lgcp-000935,3,A,lgcp,935,,,,3:1:5:935,,test,1,248.90114805472757,,,,,,,,,0.10301057215707504,1.2357694117343494,,,,,,,5.465550535798343,0.07832925416174591,256,0.44713631027293405,2.056231128713988,,1,255,1,exact,,,2,8.257617325059338e-06,,,,0.01721575000192388,e9ae186a127490da7bdbfbeda661f508609cc369
dv3-A-lgcp-000936,3,A,lgcp,936,,,,3:1:5:936,,test,1,127.82640054508754,,,,,,,,,1.1817413070535503,0.6105287959442026,,,,,,,4.259802444117675,0.05400026270284494,256,2.080374506474656,0.9151348179187413,,1,113,1,exact,,,2,2.519779745790829e-05,,,,0.014098166997428052,4412cedaf6309abcf1c31952e318960b775fae99
dv3-A-lgcp-000937,3,A,lgcp,937,,,,3:1:5:937,,test,1,215.53089205494783,,,,,,,,,0.06181807520515936,0.7363019021327001,,,,,,,5.3421952122705125,0.05015348997935212,256,0.1547228138011632,1.229418367919332,,1,212,1,exact,,,2,3.1450350036260765e-05,,,,0.015451999999640975,45d36ef3b73e9c378381c9c317b9e6aa9487a1bb
dv3-A-lgcp-000938,3,A,lgcp,938,,,,3:1:5:938,,test,1,524.0123495836564,,,,,,,,,0.5525507893941543,1.4491270516897412,,,,,,,5.985239857253988,0.06330466320909302,256,4.349378536486179,2.3162013161299253,,1,503,1,exact,,,2,1.564153866094357e-05,,,,0.01617591699687182,e0e6ddf746803a3ba5ec44607bb788167cc72ce8
dv3-A-lgcp-000939,3,A,lgcp,939,,,,3:1:5:939,,test,1,369.03914482734905,,,,,,,,,0.6808982943187977,1.2571334842840225,,,,,,,5.570453574797619,0.06544028416904162,256,3.9464277831518695,1.9847606906194408,,1,391,1,exact,,,2,1.4159810797386122e-05,,,,0.013766957999905571,6b8e973be819ca69a2f7ab9468e5a4a4c1869c44
dv3-A-lgcp-000940,3,A,lgcp,940,,,,3:1:5:940,,test,1,560.6345005669963,,,,,,,,,1.4812218313930434,1.0659252808842674,,,,,,,5.588458263357783,0.04501806797593716,512,10.50609151388967,1.5438397694384454,,1,627,1,exact,,,2,5.437304375881592e-06,,,,0.07175558300150442,f09a09fa102ec0dc14e526d2f37ef112961613dc
dv3-A-lgcp-000941,3,A,lgcp,941,,,,3:1:5:941,,test,1,300.91250997365336,,,,,,,,,2.050045576451528,1.0837694740753008,,,,,,,4.68179676973263,0.06247651449928375,512,11.61962293522769,1.4593393741470855,,1,299,1,exact,,,2,2.0343065076054678e-06,,,,0.05825179200110142,2717a7fb4ac6aa212a8d0896f2787d18ac762cdc
dv3-A-lgcp-000942,3,A,lgcp,942,,,,3:1:5:942,,test,1,138.26409743547998,,,,,,,,,0.44208848366916814,1.0973176580036317,,,,,,,4.708121363969428,0.09332062879617199,256,1.2473949444266141,1.7720227397197494,,1,142,1,exact,,,2,4.883807684235273e-06,,,,0.021508999998332,28b0227f77be06a36e52dd2c233949668b6d6da2
dv3-A-lgcp-000943,3,A,lgcp,943,,,,3:1:5:943,,test,1,298.9818620092958,,,,,,,,,0.1478515666879431,0.6232746265865615,,,,,,,5.626457126030422,0.0360459956579215,256,0.3764555755265241,1.0331284854949094,,1,328,1,exact,,,2,8.468585041907665e-05,,,,0.012219208998430986,b9dbcee21cfdc4bfd807b74b5880cbdcfd59f7bb
dv3-A-lgcp-000944,3,A,lgcp,944,,,,3:1:5:944,,test,1,443.45188019833336,,,,,,,,,0.3332077325976378,0.521447104478669,,,,,,,5.927985429447754,0.024762073589148427,256,0.8968768473076323,0.8504241832477827,,1,398,1,exact,,,2,0.00026101660640105457,,,,0.019113708000077168,80680f8a7c76a8ff83d32262693412e3fe1c3b84
dv3-A-lgcp-000945,3,A,lgcp,945,,,,3:1:5:945,,test,1,721.7802319248767,,,,,,,,,0.35878644675606497,1.1437749624395437,,,,,,,6.402327481263706,0.04257337632969619,256,2.653129521775174,1.8610948151393412,,1,689,1,exact,,,2,5.141078641705639e-05,,,,0.01987616699989303,afa0d952750a6fff9b0fb75a30ac5a68dfbc6b72
dv3-A-lgcp-000946,3,A,lgcp,946,,,,3:1:5:946,,test,1,240.1622826583091,,,,,,,,,0.08833245328736128,1.5122272315030367,,,,,,,5.437148645936096,0.09758086262621465,256,0.4454856685863615,2.5193645491087504,,1,225,1,exact,,,2,4.2720059128027435e-06,,,,0.015695458998379763,e2fabd3c76387368466bc83444ffbd75be10ebdb
dv3-A-lgcp-000947,3,A,lgcp,947,,,,3:1:5:947,,test,1,312.7207973506747,,,,,,,,,0.9420159260462371,0.5166543042989331,,,,,,,5.274302808185482,0.029216061464063452,256,2.248032338141475,0.7945521033344408,,1,318,1,exact,,,2,0.00015898427715980312,,,,0.01186937499733176,9cd6340fd5013fba4c01c96c2673c721cc46c9dc
dv3-A-lgcp-000948,3,A,lgcp,948,,,,3:1:5:948,,test,1,525.9525691678564,,,,,,,,,0.20136823217523428,1.013959924409044,,,,,,,6.164526919899608,0.044212747085157704,256,1.0994803545525222,1.6729846359777831,,1,490,1,exact,,,2,4.5903081457659896e-05,,,,0.01406262499949662,7e9acdd650c0ed97ada2bbdd9c96332f008434e8
dv3-A-lgcp-000949,3,A,lgcp,949,,,,3:1:5:949,,test,1,470.0829058196918,,,,,,,,,0.19369492657980455,0.5178975507031076,,,,,,,6.056061611219416,0.023886725993336234,256,0.5281025274412542,0.8550743346984506,,1,463,1,exact,,,2,0.0002907423564941957,,,,0.013465500000165775,70d14835be618dec445446ad07c899ee43878a48
dv3-A-lgcp-000950,3,A,lgcp,950,,,,3:1:5:950,,test,1,709.9278628057455,,,,,,,,,2.596043431038365,1.4475522643299035,,,,,,,5.267141647672329,0.05432842843264048,1024,32.91691821001232,1.797991709209316,,1,459,1,exact,,,2,3.8673274037706223e-07,,,,0.3104634170013014,ba23d8fd58b7ad1e4fdf20d9feb482aa313ffa43
dv3-A-lgcp-000951,3,A,lgcp,951,,,,3:1:5:951,,test,1,534.5050801857026,,,,,,,,,0.12810444336588941,1.7161923886853514,,,,,,,6.217289013293961,0.07423181047426966,256,1.1148488998900241,2.849534163088106,,1,498,1,exact,,,2,9.701655067439792e-06,,,,0.01764175000062096,6f5a8490c7284d0988b0dd0117761c16f2a76582
dv3-A-lgcp-000952,3,A,lgcp,952,,,,3:1:5:952,,test,1,291.45219722632174,,,,,,,,,0.06388903670088,0.5629762419785861,,,,,,,5.642931485060451,0.03297663982052184,256,0.14440808561552462,0.9398494878297602,,1,268,1,exact,,,2,0.00011058658295116343,,,,0.016182458002731437,479ca47b59caa97a3649413781c47690502bf130
dv3-A-lgcp-000953,3,A,lgcp,953,,,,3:1:5:953,,test,1,218.1257095392039,,,,,,,,,0.0825621065838097,0.7690064133249445,,,,,,,5.343790492561291,0.052068675834760485,256,0.21771146996027918,1.281785914199906,,1,245,1,exact,,,2,2.8106743657102462e-05,,,,0.02135212500070338,f0d3b5d34087e1171fd787417ed3c84838d506f6
dv3-A-lgcp-000954,3,A,lgcp,954,,,,3:1:5:954,,test,1,174.95221269005987,,,,,,,,,0.21992669171792964,0.6677904724011917,,,,,,,5.054549520431539,0.050487108533000605,256,0.44960567455698947,1.100045385867059,,1,196,1,exact,,,2,3.0831134397862e-05,,,,0.01751216699994984,e2b3fbc3528a1ba9fc173d9dc6e2f0d8569ddcf9
dv3-A-lgcp-000955,3,A,lgcp,955,,,,3:1:5:955,,test,1,168.004916536258,,,,,,,,,1.3111006693420046,0.5655170646048752,,,,,,,4.468442909400816,0.04362995035194162,256,2.5830248979481776,0.835460677434334,,1,153,1,exact,,,2,4.776664867290734e-05,,,,0.014212250000127824,1ceb602052267e22c7dd2a96ce0f66956d5e40f7
dv3-A-lgcp-000956,3,A,lgcp,956,,,,3:1:5:956,,test,1,310.09388257986177,,,,,,,,,1.738362465022074,0.63695824157765,,,,,,,4.867693866151061,0.03617132034864535,256,5.701084096628971,0.8938161180308096,,1,342,1,exact,,,2,8.380906124812296e-05,,,,0.020617957998183556,fcd6598a92690c9313c6eb58fe8731f20fbef13f
dv3-A-lgcp-000957,3,A,lgcp,957,,,,3:1:5:957,,test,1,597.3790593538989,,,,,,,,,0.1282935113520874,1.9814544995817698,,,,,,,6.328405096518544,0.08106980094555875,256,1.3362921939119852,3.289917432391204,,1,610,1,exact,,,2,7.448304063119886e-06,,,,0.015127334001590498,c205a90ff9645c6ed0fb527c654124adb0c4d23a
dv3-A-lgcp-000958,3,A,lgcp,958,,,,3:1:5:958,,test,1,204.1910746940892,,,,,,,,,0.8481420535575186,0.817070602505492,,,,,,,4.894985169348608,0.057179612489241124,256,2.5267826272900633,1.2687233320916407,,1,192,1,exact,,,2,2.1224670701188143e-05,,,,0.014021750001120381,94ab0031e2ea4725198bef59dde6109fb38813ab
dv3-A-lgcp-000959,3,A,lgcp,959,,,,3:1:5:959,,test,1,530.6682724344274,,,,,,,,,0.6312279208531697,0.7326040352885871,,,,,,,5.958523143249328,0.031802242515847054,256,2.7152568858451356,1.1622075545657002,,1,511,1,exact,,,2,0.00012328788896087423,,,,0.018817042000591755,2a99871e7e0f5bfc334ab110e07bbf7785c22b9d
dv3-A-lgcp-000960,3,A,lgcp,960,,,,3:1:5:960,,test,1,630.7617806942476,,,,,,,,,2.200915621328703,0.6980447104099659,,,,,,,5.34647045396222,0.027793968130357963,512,12.471907540859894,0.9202351400809445,,1,615,1,exact,,,2,2.310021335792896e-05,,,,0.06637191699701361,91790a321a7b1f39b8d0193288b5566002f9288a
dv3-A-lgcp-000961,3,A,lgcp,961,,,,3:1:5:961,,test,1,158.26565137000998,,,,,,,,,1.978891240024449,1.8299987293934354,,,,,,,4.0748293389335695,0.14546464567608386,256,11.853378031527004,2.4882175324507005,,1,213,1,exact,,,2,1.2955795132292525e-06,,,,0.01760383299915702,62e9c468572932b25012c588e67392201ed4e4e7
dv3-A-lgcp-000962,3,A,lgcp,962,,,,3:1:5:962,,test,1,422.63859333985437,,,,,,,,,2.3257784690471626,1.1264789825476864,,,,,,,4.883628190056674,0.0547946954058163,512,16.802813281202297,1.4582993095080738,,1,457,1,exact,,,2,3.015391795830413e-06,,,,0.06658083299771533,87cf9a0b817ecf60a246c1b6ccde538a45cce031
dv3-A-lgcp-000963,3,A,lgcp,963,,,,3:1:5:963,,test,1,448.520491716119,,,,,,,,,1.2624534154369584,0.5041961681821712,,,,,,,5.4747276621817225,0.02380720414345072,256,3.759679105147472,0.7489843818467612,,1,473,1,exact,,,2,0.0002936622192796454,,,,0.014513165999233024,7dd023804f9db833c9a66d399af13be3830cd005
dv3-A-lgcp-000964,3,A,lgcp,964,,,,3:1:5:964,,test,1,227.84466133271115,,,,,,,,,0.38900922685603334,1.3146387936593982,,,,,,,5.234159473385083,0.08709375497857076,256,1.7667230857932819,2.1332804179591847,,1,198,1,exact,,,2,6.007529117845814e-06,,,,0.011323124999762513,820455a82bb6fe958f89a936dc6f714bb243fc57
dv3-A-lgcp-000965,3,A,lgcp,965,,,,3:1:5:965,,test,1,112.28076506140168,,,,,,,,,0.16114199038495614,1.0205935362828007,,,,,,,4.640431570148684,0.09631637565509682,256,0.37421282255372307,1.6897888781947912,,1,103,1,exact,,,2,4.44236389044766e-06,,,,0.011159333000250626,5a11360ea5959fb8b9f7663c14bf56af1ddc396b
dv3-A-lgcp-000966,3,A,lgcp,966,,,,3:1:5:966,,test,1,130.19268984528154,,,,,,,,,0.43102493243702417,0.7870930392602324,,,,,,,4.65350311639818,0.06898152190636556,256,0.8793003842288238,1.2723420446615965,,1,159,1,exact,,,2,1.208938888832349e-05,,,,0.0177499590026855,84c96e838935c85f4c99f52bf7236d221c86ba5b
dv3-A-lgcp-000967,3,A,lgcp,967,,,,3:1:5:967,,test,1,585.0053939831429,,,,,,,,,0.696627864372355,0.8281001087394236,,,,,,,6.023307135487176,0.03423756789048665,256,3.5650015699894047,1.3053987115803272,,1,567,1,exact,,,2,9.881883335907068e-05,,,,0.014774084000237053,74dfc26e619560d13fba9781bf78ed8ef4e597a9
dv3-A-lgcp-000968,3,A,lgcp,968,,,,3:1:5:968,,test,1,729.6258853281239,,,,,,,,,0.08120200285469131,1.0468029776986205,,,,,,,6.551930915497448,0.038753848103366066,256,0.5371387315145086,1.7450196022866107,,1,742,1,exact,,,2,6.815203716857897e-05,,,,0.013104416000714991,3b738c8a8ddd7ec90a6a4b5d9c203dfbfa3f0cae
dv3-A-lgcp-000969,3,A,lgcp,969,,,,3:1:5:969,,test,1,397.6647777654493,,,,,,,,,0.433135166515228,0.9513045442570619,,,,,,,5.769041800199761,0.047704682341104594,256,1.965959539485595,1.5374938091650368,,1,427,1,exact,,,2,3.654513752355854e-05,,,,0.016769750000094064,66b3edd129f3fac253a5b72340f40fb702bca1fe
dv3-A-lgcp-000970,3,A,lgcp,970,,,,3:1:5:970,,test,1,752.0506071460959,,,,,,,,,0.49958680985925713,1.468727398683884,,,,,,,6.373010213492717,0.0535571752991897,256,4.805443384291204,2.359216404641497,,1,730,1,exact,,,2,2.582825087912373e-05,,,,0.017065542000636924,64e6b9b4e31a0a4e5b7216a20e8b7eb7544b3206
dv3-A-lgcp-000971,3,A,lgcp,971,,,,3:1:5:971,,test,1,771.2749528086727,,,,,,,,,0.1523313069880733,0.5863546109805158,,,,,,,6.571879274924943,0.021113281143240684,256,0.603072075084302,0.9715574206814106,,1,770,1,exact,,,2,0.00042082651253660974,,,,0.01831175000188523,c9d0a539e662f765764646f0af20fbec9489d536
dv3-A-lgcp-000972,3,A,lgcp,972,,,,3:1:5:972,,test,1,342.897767044123,,,,,,,,,0.5238172934994882,0.7377788950940649,,,,,,,5.5755237007239495,0.039842253936640995,256,1.761596944623077,1.1824139781611476,,1,356,1,exact,,,2,6.271997709477803e-05,,,,0.037896500001807,82ad04a657a0db75498fcb90818f0dc2e9529f72
dv3-A-lgcp-000973,3,A,lgcp,973,,,,3:1:5:973,,test,1,114.88592080916591,,,,,,,,,0.07424417866527669,0.7364929798211628,,,,,,,4.706817553716184,0.06871241406373618,256,0.12818910518704701,1.2284532257610343,,1,100,1,exact,,,2,1.2231968038181985e-05,,,,0.01537599999937811,e51570022f94022323d9dfbaf07a529690fa9bd9
dv3-A-lgcp-000974,3,A,lgcp,974,,,,3:1:5:974,,test,1,427.1675552350369,,,,,,,,,0.17670859021950414,0.9673391632774467,,,,,,,5.968822042168549,0.046803641182358656,256,0.8180667639768878,1.599470952366266,,1,463,1,exact,,,2,3.869608427194855e-05,,,,0.018010457999480423,e905fa912199ac88bcc73703a975a3778e016d85
dv3-A-lgcp-000975,3,A,lgcp,975,,,,3:1:5:975,,test,1,173.12216471479442,,,,,,,,,0.15079466213637654,1.6817971953606605,,,,,,,5.078600168640648,0.12781955080033452,256,0.6910249545659835,2.7870128718801497,,1,176,1,exact,,,2,1.9042111041735418e-06,,,,0.0173015000000305,e7034f36a7277e131e936eaf59fd497f8172ca58
dv3-A-lgcp-000976,3,A,lgcp,976,,,,3:1:5:976,,test,1,135.56180343747656,,,,,,,,,2.5445371158048786,0.7936950802245848,,,,,,,3.6371590923586936,0.06816870117206587,256,7.285582732505674,0.9938659045414004,,1,98,1,exact,,,2,1.2526953405540336e-05,,,,0.014952583998820046,aaa92839f75f5cf85546513dd626ce724a4aa6c6
dv3-A-lgcp-000977,3,A,lgcp,977,,,,3:1:5:977,,test,1,251.6196965596344,,,,,,,,,0.3008123658870578,1.9577217787342818,,,,,,,5.3775126240318025,0.1234180428203681,256,1.9644086583142735,3.2020701929957367,,1,267,1,exact,,,2,2.114328576801504e-06,,,,0.016437334001238924,8315c3921c83c55ee65b63c182c212841aa09930
dv3-A-lgcp-000978,3,A,lgcp,978,,,,3:1:5:978,,test,1,106.83622890282727,,,,,,,,,0.25314941181143347,0.5551083796070235,,,,,,,4.54472238503421,0.053705468349023844,256,0.329398718941541,0.9117713744953978,,2,121,1,exact,,,2,2.5614932055429787e-05,,,,0.01693149999846355,86cbdf3ca9ae0cb7be26ac0889d62de08bc05461
dv3-A-lgcp-000979,3,A,lgcp,979,,,,3:1:5:979,,test,1,410.6710679159395,,,,,,,,,0.3277834009667404,1.0128026106785448,,,,,,,5.853900872212329,0.049977871762773046,256,1.5805657070991748,1.6525739044389693,,1,422,1,exact,,,2,3.178297860134415e-05,,,,0.01951116700001876,0ad51aeb5f10cacec0b73c2de066ff995afa2b03
dv3-A-lgcp-000980,3,A,lgcp,980,,,,3:1:5:980,,test,1,171.9278040428152,,,,,,,,,0.06426397227486352,0.9420405674794488,,,,,,,5.1149426586217555,0.07184499970206777,256,0.17483744881071295,1.57262135224038,,1,170,1,exact,,,2,1.0700900889308107e-05,,,,0.013536834001570242,97b49e20e0fe428f3c79133515c01563bb689f0e
dv3-A-lgcp-000981,3,A,lgcp,981,,,,3:1:5:981,,test,1,277.1249963191164,,,,,,,,,0.3522482048942137,1.6738779989606205,,,,,,,5.448344552206974,0.10055089740229808,256,2.1685620949970468,2.72525565891565,,1,260,1,exact,,,2,3.904798987620591e-06,,,,0.012317541000811616,d93ffd64e5a6495e6156d0e688025243c7843878
dv3-A-lgcp-000982,3,A,lgcp,982,,,,3:1:5:982,,test,1,571.9452887830948,,,,,,,,,1.774884514813293,1.9339708062182759,,,,,,,5.461601080417893,0.08086724924181081,512,22.576503257100377,2.701227916261535,,1,837,1,exact,,,2,9.381431065900252e-07,,,,0.06867829199836706,ee841b79d5e9d6b0986e7a79d3194ab763bfcc05
dv3-A-lgcp-000983,3,A,lgcp,983,,,,3:1:5:983,,test,1,134.62514683570777,,,,,,,,,1.5969417971566653,1.4504711808158663,,,,,,,4.104023327599261,0.125010360994973,256,6.721015441472933,2.07163869587587,,2,66,1,exact,,,2,2.0348758807258627e-06,,,,0.021533292001549853,5038964a0716f79e0360725009c5056495fd1ae9
dv3-A-lgcp-000984,3,A,lgcp,984,,,,3:1:5:984,,test,1,480.34994690663,,,,,,,,,0.14355382199033853,0.5253141399488034,,,,,,,6.10273798332998,0.023968464766902103,256,0.39924199870472865,0.8710714916985016,,1,513,1,exact,,,2,0.00028778128405510585,,,,0.0142804579991207,989cbbf56ea3fca9c7c3f3c772f31fb04b9ed9b6
dv3-A-lgcp-000985,3,A,lgcp,985,,,,3:1:5:985,,test,1,102.68455944500666,,,,,,,,,0.8740496901080924,0.9078416672126869,,,,,,,4.194636914374876,0.08958958804424727,256,1.9216625019865432,1.405957483881271,,1,98,1,exact,,,2,5.519457276913995e-06,,,,0.01724550000290037,2e82903563524a6bbdafb36ac707df2f9131ee5d
dv3-A-lgcp-000986,3,A,lgcp,986,,,,3:1:5:986,,test,1,131.37838502594383,,,,,,,,,0.060737129960045225,0.8452697789807182,,,,,,,4.847713030019833,0.0737451362556262,256,0.12643984585074303,1.4114923453577408,,1,129,1,exact,,,2,9.89497299374848e-06,,,,0.014067790998524288,dab6b517637e9a4643c5f2e301b1d8bcb2bdf416
dv3-A-lgcp-000987,3,A,lgcp,987,,,,3:1:5:987,,test,1,194.28233332967866,,,,,,,,,0.1625205579781932,0.8499703420473009,,,,,,,5.188052148554677,0.060979957425887514,256,0.4443269892726085,1.4071226258911749,,1,197,1,exact,,,2,1.7499176321180654e-05,,,,0.018765041000733618,c0d32bd6d507b832ea46328252c0532910ced8a1
dv3-A-lgcp-000988,3,A,lgcp,988,,,,3:1:5:988,,test,1,312.50775811117376,,,,,,,,,1.1023420240009816,1.26954637594421,,,,,,,5.1934582828235625,0.07181549667823765,256,6.352601661119397,1.9195207447410199,,1,285,1,exact,,,2,1.0714092809895743e-05,,,,0.018081541998981265,3537ba03ca56624e96ff2a3bf92cfdabf13d37d8
dv3-A-lgcp-000989,3,A,lgcp,989,,,,3:1:5:989,,test,1,310.82526220070184,,,,,,,,,0.17908768733985808,1.6654330910728388,,,,,,,5.649687052732464,0.09446458809784218,256,1.1365126684941051,2.7531865022822237,,1,314,1,exact,,,2,4.7086089624942185e-06,,,,0.0190851669976837,29803e1d44063777a300dfd208efddee2df8e89b
dv3-A-lgcp-000990,3,A,lgcp,990,,,,3:1:5:990,,test,1,379.4976903006475,,,,,,,,,1.5048426969182556,0.6314147561609498,,,,,,,5.186427162193734,0.03241232303480467,256,5.253634714969044,0.9119386569814355,,1,435,1,exact,,,2,0.00011646035480454061,,,,0.017481250000855653,eefb387bee7e489db3aed34cebf6bfefc8265c44
dv3-A-lgcp-000991,3,A,lgcp,991,,,,3:1:5:991,,test,1,724.1585364169913,,,,,,,,,0.6561643285628872,1.1731226628132316,,,,,,,6.25692817708484,0.04359398771412454,256,5.174590601762211,1.8565767661312103,,1,648,1,exact,,,2,4.7884923151910056e-05,,,,0.018259375003253808,7eb9922bc487b8bf11cdd505ecaf091d0b2534ff
dv3-A-lgcp-000992,3,A,lgcp,992,,,,3:1:5:992,,test,1,248.73143053290417,,,,,,,,,1.8017979057636158,0.9470290425936622,,,,,,,4.615474769246357,0.06004791937099897,256,7.792864978599807,1.3181640728394972,,1,281,1,exact,,,2,1.8326594945237295e-05,,,,0.014277917001891183,1e29e80926d38f9ba219cd53b9f658d964503ca9
dv3-A-lgcp-000993,3,A,lgcp,993,,,,3:1:5:993,,test,1,149.04165931737106,,,,,,,,,2.6335471675092994,0.6598898425273456,,,,,,,3.687452275846079,0.05405272645578562,512,6.719534702967823,0.8147649266488699,,1,193,1,exact,,,2,3.1412725256594144e-06,,,,0.0659328750007262,af39e8411f8fea21fc0151ee328457253f93ff82
dv3-A-lgcp-000994,3,A,lgcp,994,,,,3:1:5:994,,test,1,601.2470088201109,,,,,,,,,0.2577354496760504,1.0149094760806074,,,,,,,6.270138121634204,0.04139051623479295,256,1.528735559750917,1.6663278796790082,,1,566,1,exact,,,2,5.594398138520537e-05,,,,0.012580834001710173,c63ff89ccdff6c2fa6891e0ef954dbfe334f6734
dv3-A-lgcp-000995,3,A,lgcp,995,,,,3:1:5:995,,test,1,775.3869024364429,,,,,,,,,0.08902242382977754,1.1041752221117802,,,,,,,6.608850921815393,0.03965324806190841,256,0.638629311483929,1.8394442914441418,,1,698,1,exact,,,2,6.36207669143235e-05,,,,0.019543458001862746,47e52af948319529e59d252ea82f1a07a62d9bbd
dv3-A-lgcp-000996,3,A,lgcp,996,,,,3:1:5:996,,test,1,267.10180531686507,,,,,,,,,0.5239927251860137,0.7205335545059708,,,,,,,5.325633516455008,0.044087533083644624,256,1.5273504858051674,1.1547564530931675,,1,301,1,exact,,,2,4.629518249032598e-05,,,,0.01854316699973424,6b47c55070b41ad3e2370de5d7542251873d476c
dv3-A-lgcp-000997,3,A,lgcp,997,,,,3:1:5:997,,test,1,241.0699825892508,,,,,,,,,0.22265646006315076,1.2479721385154197,,,,,,,5.3737590454935145,0.08037728295990236,256,0.9755230213811664,2.0552844566595336,,1,251,1,exact,,,2,7.642450683649582e-06,,,,0.017611999999644468,cf610c5b05576c1b3db51dc7eb468647f7fd315d
dv3-A-lgcp-000998,3,A,lgcp,998,,,,3:1:5:998,,test,1,254.95867585825954,,,,,,,,,1.7439332319026233,1.3806490749296467,,,,,,,4.6691348606169045,0.08646660529504248,256,10.63819920105772,1.9360329375467349,,1,226,1,exact,,,2,6.139160438763589e-06,,,,0.019753832999413135,617c766c5f044fc5a926b2d6ec4db1bacccbb6b0
dv3-A-lgcp-000999,3,A,lgcp,999,,,,3:1:5:999,,test,1,163.8250429052388,,,,,,,,,1.5226965083092074,1.8536859914742212,,,,,,,4.3374507926676955,0.14482582887215148,256,8.820912814767116,2.671508496659918,,1,324,1,exact,,,2,1.312623338546679e-06,,,,0.01776508300099522,995fde873e0dd63777a0caa3622b8858466304bb
