case_id,dv,set,family,index,cell_id,level_id,rep,spawn_key,r_seed,split,shard,nbar,mu,s,mu1,mu2,s2,rho,tau,gamma,sigma2,sp,kappa,sigma,sigma1,lam_p,R,beta,mu_log,s_abs,grid_M,delta_tilde,tau_K,tau_K2,prior_tries,n,pattern_tries,sampler,buffer,n_parents,pad_P,min_eig,cftp_start,mh_steps,burnin,wall_s,sha1
dv3-B-thomas-060100,3,B,thomas,60100,6,,100,3:2:1:60100,,test,5,125.0,1.1486185119365304,0.45,,,,,,,,,108.82638465338191,0.04024922359499621,,,,,,,,1.0,0.7492991500419279,,1,110,1,exact,0.14968752607658267,166,,,,,,0.0003047089994652197,52994123011df1781d0b1f0fc40e0e31da2b57fc
dv3-B-thomas-060101,3,B,thomas,60101,6,,101,3:2:1:60101,,test,5,125.0,1.1486185119365304,0.45,,,,,,,,,108.82638465338191,0.04024922359499621,,,,,,,,1.0,0.7492991500419279,,1,150,1,exact,0.14968752607658267,186,,,,,,0.00014962500063120387,2c85b7610c6ca1d7d9c2b61e3b7b53ded0d2d6f3
dv3-B-thomas-060102,3,B,thomas,60102,6,,102,3:2:1:60102,,test,5,125.0,1.1486185119365304,0.45,,,,,,,,,108.82638465338191,0.04024922359499621,,,,,,,,1.0,0.7492991500419279,,1,137,1,exact,0.14968752607658267,203,,,,,,0.00016483400031575002,8a9f36beac9e7f439aa505a95074f5600076146f
dv3-B-thomas-060103,3,B,thomas,60103,6,,103,3:2:1:60103,,test,5,125.0,1.1486185119365304,0.45,,,,,,,,,108.82638465338191,0.04024922359499621,,,,,,,,1.0,0.7492991500419279,,1,135,1,exact,0.14968752607658267,183,,,,,,0.00013741700240643695,b9e17a5c15007943f92ca5ad2861a33708bf9f54
dv3-B-thomas-060104,3,B,thomas,60104,6,,104,3:2:1:60104,,test,5,125.0,1.1486185119365304,0.45,,,,,,,,,108.82638465338191,0.04024922359499621,,,,,,,,1.0,0.7492991500419279,,1,107,1,exact,0.14968752607658267,184,,,,,,0.00014591700164601207,ac37940f5fb802f0b9b80eb64dc8ff919a8ce0c4
dv3-B-thomas-060105,3,B,thomas,60105,6,,105,3:2:1:60105,,test,5,125.0,1.1486185119365304,0.45,,,,,,,,,108.82638465338191,0.04024922359499621,,,,,,,,1.0,0.7492991500419279,,1,117,1,exact,0.14968752607658267,171,,,,,,0.00019674999930430204,21a92f758d62ab17611590c1602802d5cf5a82ab
dv3-B-thomas-060106,3,B,thomas,60106,6,,106,3:2:1:60106,,test,5,125.0,1.1486185119365304,0.45,,,,,,,,,108.82638465338191,0.04024922359499621,,,,,,,,1.0,0.7492991500419279,,1,119,1,exact,0.14968752607658267,186,,,,,,0.00020841700097662397,837a4ebc7e3953283f6e2a7a307da765118365a3
dv3-B-thomas-060107,3,B,thomas,60107,6,,107,3:2:1:60107,,test,5,125.0,1.1486185119365304,0.45,,,,,,,,,108.82638465338191,0.04024922359499621,,,,,,,,1.0,0.7492991500419279,,1,113,1,exact,0.14968752607658267,181,,,,,,0.00010145900159841403,9e9ee3b613dd4e5c3d6efd7804d28b0bda733151
dv3-B-thomas-060108,3,B,thomas,60108,6,,108,3:2:1:60108,,test,5,125.0,1.1486185119365304,0.45,,,,,,,,,108.82638465338191,0.04024922359499621,,,,,,,,1.0,0.7492991500419279,,1,112,1,exact,0.14968752607658267,164,,,,,,7.92499995441176e-05,67c949889985229b3bfdd2486dff03dc1dad87e7
dv3-B-thomas-060109,3,B,thomas,60109,6,,109,3:2:1:60109,,test,5,125.0,1.1486185119365304,0.45,,,,,,,,,108.82638465338191,0.04024922359499621,,,,,,,,1.0,0.7492991500419279,,1,100,1,exact,0.14968752607658267,169,,,,,,7.299999924725853e-05,0ff3b8673a4b5f4210bd772058bdb957fa5b5594
dv3-B-thomas-060110,3,B,thomas,60110,6,,110,3:2:1:60110,,test,5,125.0,1.1486185119365304,0.45,,,,,,,,,108.82638465338191,0.04024922359499621,,,,,,,,1.0,0.7492991500419279,,1,129,1,exact,0.14968752607658267,174,,,,,,6.962499901419505e-05,fdfbc36fc9958bd614a2a6090170332caa7172f8
dv3-B-thomas-060111,3,B,thomas,60111,6,,111,3:2:1:60111,,test,5,125.0,1.1486185119365304,0.45,,,,,,,,,108.82638465338191,0.04024922359499621,,,,,,,,1.0,0.7492991500419279,,1,153,1,exact,0.14968752607658267,194,,,,,,7.154099876061082e-05,6d22c0ef35d98680dbea0835f6b97fef9cdc32cf
dv3-B-thomas-060112,3,B,thomas,60112,6,,112,3:2:1:60112,,test,5,125.0,1.1486185119365304,0.45,,,,,,,,,108.82638465338191,0.04024922359499621,,,,,,,,1.0,0.7492991500419279,,1,127,1,exact,0.14968752607658267,180,,,,,,7.125000047381036e-05,30643c7194ae3fec1b504d47fdc441ea7ecec74a
dv3-B-thomas-060113,3,B,thomas,60113,6,,113,3:2:1:60113,,test,5,125.0,1.1486185119365304,0.45,,,,,,,,,108.82638465338191,0.04024922359499621,,,,,,,,1.0,0.7492991500419279,,1,137,1,exact,0.14968752607658267,217,,,,,,6.912500248290598e-05,2906b2678bd2537223bd4b74e6d272491d52d1ed
dv3-B-thomas-060114,3,B,thomas,60114,6,,114,3:2:1:60114,,test,5,125.0,1.1486185119365304,0.45,,,,,,,,,108.82638465338191,0.04024922359499621,,,,,,,,1.0,0.7492991500419279,,1,114,1,exact,0.14968752607658267,160,,,,,,6.483300239779055e-05,50d2a0f55c6dc1bb42dc52d2c93b935529942f5c
dv3-B-thomas-060115,3,B,thomas,60115,6,,115,3:2:1:60115,,test,5,125.0,1.1486185119365304,0.45,,,,,,,,,108.82638465338191,0.04024922359499621,,,,,,,,1.0,0.7492991500419279,,1,137,1,exact,0.14968752607658267,191,,,,,,6.712500180583447e-05,c3c93845d9f6ae36eadaf97ece1254f030b8b10f
dv3-B-thomas-060116,3,B,thomas,60116,6,,116,3:2:1:60116,,test,5,125.0,1.1486185119365304,0.45,,,,,,,,,108.82638465338191,0.04024922359499621,,,,,,,,1.0,0.7492991500419279,,1,117,1,exact,0.14968752607658267,191,,,,,,6.579199907719158e-05,a01b079058c6b6feec44d0a2bd5f128df3e4f42d
dv3-B-thomas-060117,3,B,thomas,60117,6,,117,3:2:1:60117,,test,5,125.0,1.1486185119365304,0.45,,,,,,,,,108.82638465338191,0.04024922359499621,,,,,,,,1.0,0.7492991500419279,,1,119,1,exact,0.14968752607658267,176,,,,,,6.612500146729872e-05,6f287da773a0ee67bb6865f198c8f8a2eef33df2
dv3-B-thomas-060118,3,B,thomas,60118,6,,118,3:2:1:60118,,test,5,125.0,1.1486185119365304,0.45,,,,,,,,,108.82638465338191,0.04024922359499621,,,,,,,,1.0,0.7492991500419279,,1,120,1,exact,0.14968752607658267,189,,,,,,6.500000017695129e-05,7bbd9ca61a1621b0cc350158bca7ece8cd54c17b
dv3-B-thomas-060119,3,B,thomas,60119,6,,119,3:2:1:60119,,test,5,125.0,1.1486185119365304,0.45,,,,,,,,,108.82638465338191,0.04024922359499621,,,,,,,,1.0,0.7492991500419279,,1,138,1,exact,0.14968752607658267,183,,,,,,6.524999844259582e-05,866720da89bdd81232856e56f3f8a813c3f16977
dv3-B-thomas-060120,3,B,thomas,60120,6,,120,3:2:1:60120,,test,5,125.0,1.1486185119365304,0.45,,,,,,,,,108.82638465338191,0.04024922359499621,,,,,,,,1.0,0.7492991500419279,,1,121,1,exact,0.14968752607658267,190,,,,,,6.491599924629554e-05,0914fe438490bfb0b32a879acb51a7bd110d2a39
dv3-B-thomas-060121,3,B,thomas,60121,6,,121,3:2:1:60121,,test,5,125.0,1.1486185119365304,0.45,,,,,,,,,108.82638465338191,0.04024922359499621,,,,,,,,1.0,0.7492991500419279,,1,125,1,exact,0.14968752607658267,178,,,,,,6.479199873865582e-05,74753489bf51cd456658d9fab525afb880f2a574
dv3-B-thomas-060122,3,B,thomas,60122,6,,122,3:2:1:60122,,test,5,125.0,1.1486185119365304,0.45,,,,,,,,,108.82638465338191,0.04024922359499621,,,,,,,,1.0,0.7492991500419279,,1,129,1,exact,0.14968752607658267,196,,,,,,6.570800178451464e-05,1c04668892ba69e2cd3b4f792e117585d70e832d
dv3-B-thomas-060123,3,B,thomas,60123,6,,123,3:2:1:60123,,test,5,125.0,1.1486185119365304,0.45,,,,,,,,,108.82638465338191,0.04024922359499621,,,,,,,,1.0,0.7492991500419279,,1,140,1,exact,0.14968752607658267,187,,,,,,6.612500146729872e-05,60e67ab39b7c11fc5623f7be2a113309fc736271
dv3-B-thomas-060124,3,B,thomas,60124,6,,124,3:2:1:60124,,test,5,125.0,1.1486185119365304,0.45,,,,,,,,,108.82638465338191,0.04024922359499621,,,,,,,,1.0,0.7492991500419279,,1,137,1,exact,0.14968752607658267,199,,,,,,6.650000068475492e-05,b45c233e6a3929d904e5f66871e77f16d72e9ad1
dv3-B-thomas-060125,3,B,thomas,60125,6,,125,3:2:1:60125,,test,5,125.0,1.1486185119365304,0.45,,,,,,,,,108.82638465338191,0.04024922359499621,,,,,,,,1.0,0.7492991500419279,,1,134,1,exact,0.14968752607658267,184,,,,,,0.00017612499868846498,ae181965acc9826eb2a6473969d498baa19405b7
dv3-B-thomas-060126,3,B,thomas,60126,6,,126,3:2:1:60126,,test,5,125.0,1.1486185119365304,0.45,,,,,,,,,108.82638465338191,0.04024922359499621,,,,,,,,1.0,0.7492991500419279,,1,142,1,exact,0.14968752607658267,168,,,,,,0.0001748750000842847,e5b17c29ccdb5a8f4c0ffb6d025be434f50b3aee
dv3-B-thomas-060127,3,B,thomas,60127,6,,127,3:2:1:60127,,test,5,125.0,1.1486185119365304,0.45,,,,,,,,,108.82638465338191,0.04024922359499621,,,,,,,,1.0,0.7492991500419279,,1,147,1,exact,0.14968752607658267,182,,,,,,0.0002561250003054738,00d45b30f56dc8b93bb882d4d7c843bdde58a9b8
dv3-B-thomas-060128,3,B,thomas,60128,6,,128,3:2:1:60128,,test,5,125.0,1.1486185119365304,0.45,,,,,,,,,108.82638465338191,0.04024922359499621,,,,,,,,1.0,0.7492991500419279,,1,133,1,exact,0.14968752607658267,198,,,,,,0.00020291700275265612,f23443447aff0f3b2df3b2c22928d6b4e688c2b0
dv3-B-thomas-060129,3,B,thomas,60129,6,,129,3:2:1:60129,,test,5,125.0,1.1486185119365304,0.45,,,,,,,,,108.82638465338191,0.04024922359499621,,,,,,,,1.0,0.7492991500419279,,1,138,1,exact,0.14968752607658267,189,,,,,,0.00022633399930782616,c8921142b258d2e6ff5280c791af032a92e0572d
dv3-B-thomas-060130,3,B,thomas,60130,6,,130,3:2:1:60130,,test,5,125.0,1.1486185119365304,0.45,,,,,,,,,108.82638465338191,0.04024922359499621,,,,,,,,1.0,0.7492991500419279,,1,110,1,exact,0.14968752607658267,167,,,,,,0.00015729200094938278,c494188b049fe84b8c2d562d50400c2cf86d9071
dv3-B-thomas-060131,3,B,thomas,60131,6,,131,3:2:1:60131,,test,5,125.0,1.1486185119365304,0.45,,,,,,,,,108.82638465338191,0.04024922359499621,,,,,,,,1.0,0.7492991500419279,,1,117,1,exact,0.14968752607658267,170,,,,,,0.00012716700075543486,4beec9fa413f362f84ce2e2294c11e4041c00193
dv3-B-thomas-060132,3,B,thomas,60132,6,,132,3:2:1:60132,,test,5,125.0,1.1486185119365304,0.45,,,,,,,,,108.82638465338191,0.04024922359499621,,,,,,,,1.0,0.7492991500419279,,1,132,1,exact,0.14968752607658267,175,,,,,,0.00012808400060748681,03f7947ae51cc907efb19283610773314d0934b5
dv3-B-thomas-060133,3,B,thomas,60133,6,,133,3:2:1:60133,,test,5,125.0,1.1486185119365304,0.45,,,,,,,,,108.82638465338191,0.04024922359499621,,,,,,,,1.0,0.7492991500419279,,1,105,1,exact,0.14968752607658267,164,,,,,,0.0001269999993382953,ceae78f9b7fea2bb4f058976e6b8b6e53871d438
dv3-B-thomas-060134,3,B,thomas,60134,6,,134,3:2:1:60134,,test,5,125.0,1.1486185119365304,0.45,,,,,,,,,108.82638465338191,0.04024922359499621,,,,,,,,1.0,0.7492991500419279,,1,125,1,exact,0.14968752607658267,196,,,,,,0.00013629100067191757,aee297f1c61295d883f5efa367da70e7fa8670c6
dv3-B-thomas-060135,3,B,thomas,60135,6,,135,3:2:1:60135,,test,5,125.0,1.1486185119365304,0.45,,,,,,,,,108.82638465338191,0.04024922359499621,,,,,,,,1.0,0.7492991500419279,,1,132,1,exact,0.14968752607658267,194,,,,,,0.00013575000048149377,5863d0af5febc855acc0b130d81bb7bc86eaa093
dv3-B-thomas-060136,3,B,thomas,60136,6,,136,3:2:1:60136,,test,5,125.0,1.1486185119365304,0.45,,,,,,,,,108.82638465338191,0.04024922359499621,,,,,,,,1.0,0.7492991500419279,,1,118,1,exact,0.14968752607658267,180,,,,,,0.00012837499889428727,22a64564c1f2538733ab096fca74e9f61cca3f66
dv3-B-thomas-060137,3,B,thomas,60137,6,,137,3:2:1:60137,,test,5,125.0,1.1486185119365304,0.45,,,,,,,,,108.82638465338191,0.04024922359499621,,,,,,,,1.0,0.7492991500419279,,1,113,1,exact,0.14968752607658267,175,,,,,,0.00012620800043805502,e6391e53d2b1998644fcdff37e574b64a2b16bf4
dv3-B-thomas-060138,3,B,thomas,60138,6,,138,3:2:1:60138,,test,5,125.0,1.1486185119365304,0.45,,,,,,,,,108.82638465338191,0.04024922359499621,,,,,,,,1.0,0.7492991500419279,,1,147,1,exact,0.14968752607658267,191,,,,,,0.00012683299792115577,d1be7240d03155fd004da92d97f8429d0559e056
dv3-B-thomas-060139,3,B,thomas,60139,6,,139,3:2:1:60139,,test,5,125.0,1.1486185119365304,0.45,,,,,,,,,108.82638465338191,0.04024922359499621,,,,,,,,1.0,0.7492991500419279,,1,150,1,exact,0.14968752607658267,188,,,,,,0.0001303329991060309,0eaa663895530220dd5e6548ea9afff1ec04700e
dv3-B-thomas-060140,3,B,thomas,60140,6,,140,3:2:1:60140,,test,5,125.0,1.1486185119365304,0.45,,,,,,,,,108.82638465338191,0.04024922359499621,,,,,,,,1.0,0.7492991500419279,,1,102,1,exact,0.14968752607658267,187,,,,,,0.0001262500009033829,ed0a2c5669a39d52e4c20e0b49b2220498267ed5
dv3-B-thomas-060141,3,B,thomas,60141,6,,141,3:2:1:60141,,test,5,125.0,1.1486185119365304,0.45,,,,,,,,,108.82638465338191,0.04024922359499621,,,,,,,,1.0,0.7492991500419279,,1,112,1,exact,0.14968752607658267,176,,,,,,0.0001325410012213979,e12f41cd1af3be52c0cf5d4fb045d71eacbe3eaf
dv3-B-thomas-060142,3,B,thomas,60142,6,,142,3:2:1:60142,,test,5,125.0,1.1486185119365304,0.45,,,,,,,,,108.82638465338191,0.04024922359499621,,,,,,,,1.0,0.7492991500419279,,1,117,1,exact,0.14968752607658267,164,,,,,,0.00012745799904223531,522afa11276f4c66cba0909a14dcd426264c1bba
dv3-B-thomas-060143,3,B,thomas,60143,6,,143,3:2:1:60143,,test,5,125.0,1.1486185119365304,0.45,,,,,,,,,108.82638465338191,0.04024922359499621,,,,,,,,1.0,0.7492991500419279,,1,113,1,exact,0.14968752607658267,174,,,,,,0.00012854200031142682,170bdf60f71c060db64fd2f8d93a7119c58a2a35
dv3-B-thomas-060144,3,B,thomas,60144,6,,144,3:2:1:60144,,test,5,125.0,1.1486185119365304,0.45,,,,,,,,,108.82638465338191,0.04024922359499621,,,,,,,,1.0,0.7492991500419279,,1,120,1,exact,0.14968752607658267,194,,,,,,0.0001269999993382953,44db5d12c2703386f8bd48c4ad83ce339d9f97a4
dv3-B-thomas-060145,3,B,thomas,60145,6,,145,3:2:1:60145,,test,5,125.0,1.1486185119365304,0.45,,,,,,,,,108.82638465338191,0.04024922359499621,,,,,,,,1.0,0.7492991500419279,,1,124,1,exact,0.14968752607658267,207,,,,,,0.00012924999828101136,856dd9d39e122983ddad7af4a11fc1115822382b
dv3-B-thomas-060146,3,B,thomas,60146,6,,146,3:2:1:60146,,test,5,125.0,1.1486185119365304,0.45,,,,,,,,,108.82638465338191,0.04024922359499621,,,,,,,,1.0,0.7492991500419279,,1,110,1,exact,0.14968752607658267,179,,,,,,0.0001352500003122259,01c44ad2f9a6389d57b7cb4199522261aeeeceda
dv3-B-thomas-060147,3,B,thomas,60147,6,,147,3:2:1:60147,,test,5,125.0,1.1486185119365304,0.45,,,,,,,,,108.82638465338191,0.04024922359499621,,,,,,,,1.0,0.7492991500419279,,1,123,1,exact,0.14968752607658267,181,,,,,,0.00013500000204658136,f57179df2e4235ca0aa1975b1b55e68971a32308
dv3-B-thomas-060148,3,B,thomas,60148,6,,148,3:2:1:60148,,test,5,125.0,1.1486185119365304,0.45,,,,,,,,,108.82638465338191,0.04024922359499621,,,,,,,,1.0,0.7492991500419279,,1,130,1,exact,0.14968752607658267,191,,,,,,0.00013395800124271773,be74c954e4ff280fb8c697908dc3c38e6a63e5e8
dv3-B-thomas-060149,3,B,thomas,60149,6,,149,3:2:1:60149,,test,5,125.0,1.1486185119365304,0.45,,,,,,,,,108.82638465338191,0.04024922359499621,,,,,,,,1.0,0.7492991500419279,,1,132,1,exact,0.14968752607658267,187,,,,,,0.00014954200014472008,c9f50a4ada9f929a6f77f833eb3059019b6dd6ea
dv3-B-thomas-060150,3,B,thomas,60150,6,,150,3:2:1:60150,,test,5,125.0,1.1486185119365304,0.45,,,,,,,,,108.82638465338191,0.04024922359499621,,,,,,,,1.0,0.7492991500419279,,1,117,1,exact,0.14968752607658267,182,,,,,,0.00013675000082002953,39c411c9d573e8292b3d52296f93b4e395138b51
dv3-B-thomas-060151,3,B,thomas,60151,6,,151,3:2:1:60151,,test,5,125.0,1.1486185119365304,0.45,,,,,,,,,108.82638465338191,0.04024922359499621,,,,,,,,1.0,0.7492991500419279,,1,109,1,exact,0.14968752607658267,191,,,,,,0.00013329200010048226,342d1d334223d8b1a1512b85818797cefbcba4b1
dv3-B-thomas-060152,3,B,thomas,60152,6,,152,3:2:1:60152,,test,5,125.0,1.1486185119365304,0.45,,,,,,,,,108.82638465338191,0.04024922359499621,,,,,,,,1.0,0.7492991500419279,,1,140,1,exact,0.14968752607658267,204,,,,,,0.00013670800035470165,e69d4581f9ddaffeff408620c9d73667172115b7
dv3-B-thomas-060153,3,B,thomas,60153,6,,153,3:2:1:60153,,test,5,125.0,1.1486185119365304,0.45,,,,,,,,,108.82638465338191,0.04024922359499621,,,,,,,,1.0,0.7492991500419279,,1,126,1,exact,0.14968752607658267,174,,,,,,0.00013224999929661863,76b8e3424072bb734b7da267d64ca221cdec41ae
dv3-B-thomas-060154,3,B,thomas,60154,6,,154,3:2:1:60154,,test,5,125.0,1.1486185119365304,0.45,,,,,,,,,108.82638465338191,0.04024922359499621,,,,,,,,1.0,0.7492991500419279,,1,146,1,exact,0.14968752607658267,202,,,,,,0.00013195800056564622,63df70bcb94f3b769bcb41632e8026a0419d308d
dv3-B-thomas-060155,3,B,thomas,60155,6,,155,3:2:1:60155,,test,5,125.0,1.1486185119365304,0.45,,,,,,,,,108.82638465338191,0.04024922359499621,,,,,,,,1.0,0.7492991500419279,,1,141,1,exact,0.14968752607658267,181,,,,,,0.00013087499974062666,862755cef0fdfaded6e9fb6f522314fdb0d98482
dv3-B-thomas-060156,3,B,thomas,60156,6,,156,3:2:1:60156,,test,5,125.0,1.1486185119365304,0.45,,,,,,,,,108.82638465338191,0.04024922359499621,,,,,,,,1.0,0.7492991500419279,,1,123,1,exact,0.14968752607658267,199,,,,,,0.0001282500015804544,6d8c95ad85fe83c91b1aa89a75e4010fbebd47cd
dv3-B-thomas-060157,3,B,thomas,60157,6,,157,3:2:1:60157,,test,5,125.0,1.1486185119365304,0.45,,,,,,,,,108.82638465338191,0.04024922359499621,,,,,,,,1.0,0.7492991500419279,,1,107,1,exact,0.14968752607658267,175,,,,,,0.00012445800166460685,596c7396b3fd5d09ef855dd42500dbfbc9bcc93f
dv3-B-thomas-060158,3,B,thomas,60158,6,,158,3:2:1:60158,,test,5,125.0,1.1486185119365304,0.45,,,,,,,,,108.82638465338191,0.04024922359499621,,,,,,,,1.0,0.7492991500419279,,1,158,1,exact,0.14968752607658267,213,,,,,,0.00013466699965647422,c28ec0140f9fe7e5b89aed107215e897e1ef4bb8
dv3-B-thomas-060159,3,B,thomas,60159,6,,159,3:2:1:60159,,test,5,125.0,1.1486185119365304,0.45,,,,,,,,,108.82638465338191,0.04024922359499621,,,,,,,,1.0,0.7492991500419279,,1,141,1,exact,0.14968752607658267,205,,,,,,0.00013466699965647422,49f73ba955b2bd4ecc39d8ce3c5a2698dbe80146
dv3-B-thomas-060160,3,B,thomas,60160,6,,160,3:2:1:60160,,test,5,125.0,1.1486185119365304,0.45,,,,,,,,,108.82638465338191,0.04024922359499621,,,,,,,,1.0,0.7492991500419279,,1,114,1,exact,0.14968752607658267,168,,,,,,0.0001531249981781002,ad82952fad907818fdfa7f48fe3073fdeff5be79
dv3-B-thomas-060161,3,B,thomas,60161,6,,161,3:2:1:60161,,test,5,125.0,1.1486185119365304,0.45,,,,,,,,,108.82638465338191,0.04024922359499621,,,,,,,,1.0,0.7492991500419279,,1,120,1,exact,0.14968752607658267,175,,,,,,0.0001707500014163088,16c15472671f34aaa7a98bfd582916c3bfe4743b
dv3-B-thomas-060162,3,B,thomas,60162,6,,162,3:2:1:60162,,test,5,125.0,1.1486185119365304,0.45,,,,,,,,,108.82638465338191,0.04024922359499621,,,,,,,,1.0,0.7492991500419279,,1,138,1,exact,0.14968752607658267,199,,,,,,0.00015349999739555642,9b8a1d47fd233666fa862a2c9bdb1b15880458e1
dv3-B-thomas-060163,3,B,thomas,60163,6,,163,3:2:1:60163,,test,5,125.0,1.1486185119365304,0.45,,,,,,,,,108.82638465338191,0.04024922359499621,,,,,,,,1.0,0.7492991500419279,,1,115,1,exact,0.14968752607658267,165,,,,,,0.00012991699986741878,883b12c01b984408efa9c6c38ce51022afd84dc2
dv3-B-thomas-060164,3,B,thomas,60164,6,,164,3:2:1:60164,,test,5,125.0,1.1486185119365304,0.45,,,,,,,,,108.82638465338191,0.04024922359499621,,,,,,,,1.0,0.7492991500419279,,1,109,1,exact,0.14968752607658267,173,,,,,,0.00013095800022711046,f9a302d586695d8dc5a447d07c1c5afec731262d
dv3-B-thomas-060165,3,B,thomas,60165,6,,165,3:2:1:60165,,test,5,125.0,1.1486185119365304,0.45,,,,,,,,,108.82638465338191,0.04024922359499621,,,,,,,,1.0,0.7492991500419279,,1,110,1,exact,0.14968752607658267,171,,,,,,0.000142834000143921,9c70a426f8d021d6ee6987c3e757b9e112770d34
dv3-B-thomas-060166,3,B,thomas,60166,6,,166,3:2:1:60166,,test,5,125.0,1.1486185119365304,0.45,,,,,,,,,108.82638465338191,0.04024922359499621,,,,,,,,1.0,0.7492991500419279,,1,130,1,exact,0.14968752607658267,199,,,,,,0.00014124999870546162,bea023a900edbec9fb851637c8aa881ef80526fe
dv3-B-thomas-060167,3,B,thomas,60167,6,,167,3:2:1:60167,,test,5,125.0,1.1486185119365304,0.45,,,,,,,,,108.82638465338191,0.04024922359499621,,,,,,,,1.0,0.7492991500419279,,1,133,1,exact,0.14968752607658267,199,,,,,,0.0001361659997201059,66709457a4a1b98ca07f2f67c85ff76fbe0e003d
dv3-B-thomas-060168,3,B,thomas,60168,6,,168,3:2:1:60168,,test,5,125.0,1.1486185119365304,0.45,,,,,,,,,108.82638465338191,0.04024922359499621,,,,,,,,1.0,0.7492991500419279,,1,109,1,exact,0.14968752607658267,168,,,,,,0.00012854200031142682,e04ca12466615c5b3c5457bf87f872cdd9e44593
dv3-B-thomas-060169,3,B,thomas,60169,6,,169,3:2:1:60169,,test,5,125.0,1.1486185119365304,0.45,,,,,,,,,108.82638465338191,0.04024922359499621,,,,,,,,1.0,0.7492991500419279,,1,124,1,exact,0.14968752607658267,172,,,,,,0.00012262499876669608,25fec8d89ec6625a23b177e3ef348e3b8c0b50f3
dv3-B-thomas-060170,3,B,thomas,60170,6,,170,3:2:1:60170,,test,5,125.0,1.1486185119365304,0.45,,,,,,,,,108.82638465338191,0.04024922359499621,,,,,,,,1.0,0.7492991500419279,,1,136,1,exact,0.14968752607658267,209,,,,,,0.00012775000141118653,c589e077df2e85c0c03a737d6fdaca16d5591744
dv3-B-thomas-060171,3,B,thomas,60171,6,,171,3:2:1:60171,,test,5,125.0,1.1486185119365304,0.45,,,,,,,,,108.82638465338191,0.04024922359499621,,,,,,,,1.0,0.7492991500419279,,1,112,1,exact,0.14968752607658267,159,,,,,,0.0001263330013898667,57744f693af9f20c778df4c27408df16b76c8ccc
dv3-B-thomas-060172,3,B,thomas,60172,6,,172,3:2:1:60172,,test,5,125.0,1.1486185119365304,0.45,,,,,,,,,108.82638465338191,0.04024922359499621,,,,,,,,1.0,0.7492991500419279,,1,97,1,exact,0.14968752607658267,160,,,,,,0.0001294169996981509,da9f20ea0e695074565e2b1184d1b7bc0a748c68
dv3-B-thomas-060173,3,B,thomas,60173,6,,173,3:2:1:60173,,test,5,125.0,1.1486185119365304,0.45,,,,,,,,,108.82638465338191,0.04024922359499621,,,,,,,,1.0,0.7492991500419279,,1,130,1,exact,0.14968752607658267,199,,,,,,0.00013841599866282195,7a4d73cbf5b6502a9e71b0c055af99fca82f85a7
dv3-B-thomas-060174,3,B,thomas,60174,6,,174,3:2:1:60174,,test,5,125.0,1.1486185119365304,0.45,,,,,,,,,108.82638465338191,0.04024922359499621,,,,,,,,1.0,0.7492991500419279,,1,102,1,exact,0.14968752607658267,170,,,,,,0.00012770800094585866,86d165eba53925d891fa6fb9f033255d707ed1a1
dv3-B-thomas-060175,3,B,thomas,60175,6,,175,3:2:1:60175,,test,5,125.0,1.1486185119365304,0.45,,,,,,,,,108.82638465338191,0.04024922359499621,,,,,,,,1.0,0.7492991500419279,,1,130,1,exact,0.14968752607658267,174,,,,,,0.00012758299999404699,a9eefcb44b82ff2b699a25a9d9395374244e1acd
dv3-B-thomas-060176,3,B,thomas,60176,6,,176,3:2:1:60176,,test,5,125.0,1.1486185119365304,0.45,,,,,,,,,108.82638465338191,0.04024922359499621,,,,,,,,1.0,0.7492991500419279,,1,137,1,exact,0.14968752607658267,179,,,,,,0.00012858300033258274,8512d7781203d93ae27bfc26584bc3ed6cc730d3
dv3-B-thomas-060177,3,B,thomas,60177,6,,177,3:2:1:60177,,test,5,125.0,1.1486185119365304,0.45,,,,,,,,,108.82638465338191,0.04024922359499621,,,,,,,,1.0,0.7492991500419279,,1,142,1,exact,0.14968752607658267,212,,,,,,0.00013912500071455725,4010b6f91664953f8770820320197a42ed702258
dv3-B-thomas-060178,3,B,thomas,60178,6,,178,3:2:1:60178,,test,5,125.0,1.1486185119365304,0.45,,,,,,,,,108.82638465338191,0.04024922359499621,,,,,,,,1.0,0.7492991500419279,,1,125,1,exact,0.14968752607658267,185,,,,,,0.00013920800120104104,c3d79edfa419ddfb0c165556481aeeb63489fb77
dv3-B-thomas-060179,3,B,thomas,60179,6,,179,3:2:1:60179,,test,5,125.0,1.1486185119365304,0.45,,,,,,,,,108.82638465338191,0.04024922359499621,,,,,,,,1.0,0.7492991500419279,,1,120,1,exact,0.14968752607658267,187,,,,,,0.0001363749979645945,08ff592c0d5b595a12be68dca9f601867a28676c
dv3-B-thomas-060180,3,B,thomas,60180,6,,180,3:2:1:60180,,test,5,125.0,1.1486185119365304,0.45,,,,,,,,,108.82638465338191,0.04024922359499621,,,,,,,,1.0,0.7492991500419279,,1,90,1,exact,0.14968752607658267,165,,,,,,0.0001332909996563103,71b0354c6ef4c5a6947e24e3af9ffef613fc5692
dv3-B-thomas-060181,3,B,thomas,60181,6,,181,3:2:1:60181,,test,5,125.0,1.1486185119365304,0.45,,,,,,,,,108.82638465338191,0.04024922359499621,,,,,,,,1.0,0.7492991500419279,,1,116,1,exact,0.14968752607658267,183,,,,,,0.00013912500071455725,3c9fbbc6c168bd6a3abfa1ab2e14dbdfdf30f11d
dv3-B-thomas-060182,3,B,thomas,60182,6,,182,3:2:1:60182,,test,5,125.0,1.1486185119365304,0.45,,,,,,,,,108.82638465338191,0.04024922359499621,,,,,,,,1.0,0.7492991500419279,,1,104,1,exact,0.14968752607658267,176,,,,,,0.0001388749988109339,fc47ba92aa88206b36a5fa3f0323bc6a72cec860
dv3-B-thomas-060183,3,B,thomas,60183,6,,183,3:2:1:60183,,test,5,125.0,1.1486185119365304,0.45,,,,,,,,,108.82638465338191,0.04024922359499621,,,,,,,,1.0,0.7492991500419279,,1,114,1,exact,0.14968752607658267,177,,,,,,0.0001409579999744892,27dc4e7b941e37611208e08e87140f41600e6335
dv3-B-thomas-060184,3,B,thomas,60184,6,,184,3:2:1:60184,,test,5,125.0,1.1486185119365304,0.45,,,,,,,,,108.82638465338191,0.04024922359499621,,,,,,,,1.0,0.7492991500419279,,1,143,1,exact,0.14968752607658267,177,,,,,,0.0005136660001880955,71b15d5d9a32b04d40b930ef32789dee7e02f0ef
dv3-B-thomas-060185,3,B,thomas,60185,6,,185,3:2:1:60185,,test,5,125.0,1.1486185119365304,0.45,,,,,,,,,108.82638465338191,0.04024922359499621,,,,,,,,1.0,0.7492991500419279,,1,138,1,exact,0.14968752607658267,185,,,,,,0.00013595800191978924,f6e2a614b70400676fe95197e66890b8ce2bbe2a
dv3-B-thomas-060186,3,B,thomas,60186,6,,186,3:2:1:60186,,test,5,125.0,1.1486185119365304,0.45,,,,,,,,,108.82638465338191,0.04024922359499621,,,,,,,,1.0,0.7492991500419279,,1,130,1,exact,0.14968752607658267,184,,,,,,9.795799996936694e-05,fc891f31ad2e030f90d7a98992811bafb8cce46a
dv3-B-thomas-060187,3,B,thomas,60187,6,,187,3:2:1:60187,,test,5,125.0,1.1486185119365304,0.45,,,,,,,,,108.82638465338191,0.04024922359499621,,,,,,,,1.0,0.7492991500419279,,1,114,1,exact,0.14968752607658267,163,,,,,,0.0011605829968175385,5312f081699bf5ab77edb20a8498b1cfae25bba6
dv3-B-thomas-060188,3,B,thomas,60188,6,,188,3:2:1:60188,,test,5,125.0,1.1486185119365304,0.45,,,,,,,,,108.82638465338191,0.04024922359499621,,,,,,,,1.0,0.7492991500419279,,1,122,1,exact,0.14968752607658267,191,,,,,,9.30419992073439e-05,0e98cd7b15ab4a8541c39dcb755b0d9088ad1a7e
dv3-B-thomas-060189,3,B,thomas,60189,6,,189,3:2:1:60189,,test,5,125.0,1.1486185119365304,0.45,,,,,,,,,108.82638465338191,0.04024922359499621,,,,,,,,1.0,0.7492991500419279,,1,139,1,exact,0.14968752607658267,192,,,,,,7.870799890952185e-05,abb02fee93f13bcbb85c977cb8b83e5925ea0be7
dv3-B-thomas-060190,3,B,thomas,60190,6,,190,3:2:1:60190,,test,5,125.0,1.1486185119365304,0.45,,,,,,,,,108.82638465338191,0.04024922359499621,,,,,,,,1.0,0.7492991500419279,,1,86,1,exact,0.14968752607658267,174,,,,,,7.308299973374233e-05,5cc0cb46f349ba33d8b75ec78910e729958bd5ae
dv3-B-thomas-060191,3,B,thomas,60191,6,,191,3:2:1:60191,,test,5,125.0,1.1486185119365304,0.45,,,,,,,,,108.82638465338191,0.04024922359499621,,,,,,,,1.0,0.7492991500419279,,1,134,1,exact,0.14968752607658267,214,,,,,,7.620799806318246e-05,10cd2024bb51b5c7ba5e936a65605707a6e3164a
dv3-B-thomas-060192,3,B,thomas,60192,6,,192,3:2:1:60192,,test,5,125.0,1.1486185119365304,0.45,,,,,,,,,108.82638465338191,0.04024922359499621,,,,,,,,1.0,0.7492991500419279,,1,116,1,exact,0.14968752607658267,201,,,,,,7.250000271596946e-05,951016d066a8898405bd4fca2cfd620b618772cc
dv3-B-thomas-060193,3,B,thomas,60193,6,,193,3:2:1:60193,,test,5,125.0,1.1486185119365304,0.45,,,,,,,,,108.82638465338191,0.04024922359499621,,,,,,,,1.0,0.7492991500419279,,1,142,1,exact,0.14968752607658267,192,,,,,,7.145799827412702e-05,69e142f776171273ed4174fe1c89add48346c864
dv3-B-thomas-060194,3,B,thomas,60194,6,,194,3:2:1:60194,,test,5,125.0,1.1486185119365304,0.45,,,,,,,,,108.82638465338191,0.04024922359499621,,,,,,,,1.0,0.7492991500419279,,1,109,1,exact,0.14968752607658267,166,,,,,,6.887500057928264e-05,7f120d2359346b3021b97e7c1496d451e868c507
dv3-B-thomas-060195,3,B,thomas,60195,6,,195,3:2:1:60195,,test,5,125.0,1.1486185119365304,0.45,,,,,,,,,108.82638465338191,0.04024922359499621,,,,,,,,1.0,0.7492991500419279,,1,125,1,exact,0.14968752607658267,188,,,,,,7.108300269464962e-05,4fd11f0741e254d06a7b07d375c51492577a7668
dv3-B-thomas-060196,3,B,thomas,60196,6,,196,3:2:1:60196,,test,5,125.0,1.1486185119365304,0.45,,,,,,,,,108.82638465338191,0.04024922359499621,,,,,,,,1.0,0.7492991500419279,,1,125,1,exact,0.14968752607658267,164,,,,,,6.758299787179567e-05,2e469d669ad7677838c2fdcf851f569249afc29e
dv3-B-thomas-060197,3,B,thomas,60197,6,,197,3:2:1:60197,,test,5,125.0,1.1486185119365304,0.45,,,,,,,,,108.82638465338191,0.04024922359499621,,,,,,,,1.0,0.7492991500419279,,1,113,1,exact,0.14968752607658267,175,,,,,,6.704200131935067e-05,e5f5c4ce0143dfb8fea0395bacbf5cbefa46222e
dv3-B-thomas-060198,3,B,thomas,60198,6,,198,3:2:1:60198,,test,5,125.0,1.1486185119365304,0.45,,,,,,,,,108.82638465338191,0.04024922359499621,,,,,,,,1.0,0.7492991500419279,,1,125,1,exact,0.14968752607658267,189,,,,,,6.937500074855052e-05,80cc2a96594d6914dd8b140fac5582d9d234e405
dv3-B-thomas-060199,3,B,thomas,60199,6,,199,3:2:1:60199,,test,5,125.0,1.1486185119365304,0.45,,,,,,,,,108.82638465338191,0.04024922359499621,,,,,,,,1.0,0.7492991500419279,,1,127,1,exact,0.14968752607658267,178,,,,,,6.858300184831023e-05,e7f7c6ae73fed16b1dcf7eb26982ca9394268495
dv3-B-thomas-060200,3,B,thomas,60200,6,,200,3:2:1:60200,,test,5,125.0,1.1486185119365304,0.45,,,,,,,,,108.82638465338191,0.04024922359499621,,,,,,,,1.0,0.7492991500419279,,1,156,1,exact,0.14968752607658267,193,,,,,,6.962499901419505e-05,82a6ce92d39e3e38d0d6653fc03b28b10f752538
dv3-B-thomas-060201,3,B,thomas,60201,6,,201,3:2:1:60201,,test,5,125.0,1.1486185119365304,0.45,,,,,,,,,108.82638465338191,0.04024922359499621,,,,,,,,1.0,0.7492991500419279,,1,134,1,exact,0.14968752607658267,182,,,,,,6.933300028322265e-05,5a0ed5434b12cd183e1d9eb49e00f66c44bf86bb
dv3-B-thomas-060202,3,B,thomas,60202,6,,202,3:2:1:60202,,test,5,125.0,1.1486185119365304,0.45,,,,,,,,,108.82638465338191,0.04024922359499621,,,,,,,,1.0,0.7492991500419279,,1,131,1,exact,0.14968752607658267,202,,,,,,7.029200060060248e-05,fe516cdbd5f6f9d2f315442b7df08554c4a9b35c
dv3-B-thomas-060203,3,B,thomas,60203,6,,203,3:2:1:60203,,test,5,125.0,1.1486185119365304,0.45,,,,,,,,,108.82638465338191,0.04024922359499621,,,,,,,,1.0,0.7492991500419279,,1,109,1,exact,0.14968752607658267,166,,,,,,6.624999878113158e-05,93778cc1efbca1f6dd6296c47c735e66b11d41b2
dv3-B-thomas-060204,3,B,thomas,60204,6,,204,3:2:1:60204,,test,5,125.0,1.1486185119365304,0.45,,,,,,,,,108.82638465338191,0.04024922359499621,,,,,,,,1.0,0.7492991500419279,,1,129,1,exact,0.14968752607658267,178,,,,,,6.845800089649856e-05,f481cfa313161662577690464cc9a5102c9b7395
dv3-B-thomas-060205,3,B,thomas,60205,6,,205,3:2:1:60205,,test,5,125.0,1.1486185119365304,0.45,,,,,,,,,108.82638465338191,0.04024922359499621,,,,,,,,1.0,0.7492991500419279,,1,120,1,exact,0.14968752607658267,161,,,,,,6.70000008540228e-05,56a7634d2cb9e9af971c3289195f2d337d1f4e3c
dv3-B-thomas-060206,3,B,thomas,60206,6,,206,3:2:1:60206,,test,5,125.0,1.1486185119365304,0.45,,,,,,,,,108.82638465338191,0.04024922359499621,,,,,,,,1.0,0.7492991500419279,,1,100,1,exact,0.14968752607658267,168,,,,,,6.6459000663599e-05,51f390a87f4bf38a6c208c229c8b769cc9189568
dv3-B-thomas-060207,3,B,thomas,60207,6,,207,3:2:1:60207,,test,5,125.0,1.1486185119365304,0.45,,,,,,,,,108.82638465338191,0.04024922359499621,,,,,,,,1.0,0.7492991500419279,,1,132,1,exact,0.14968752607658267,192,,,,,,7.650000043213367e-05,012179ab29c71517733c747afac4e12fb6311700
dv3-B-thomas-060208,3,B,thomas,60208,6,,208,3:2:1:60208,,test,5,125.0,1.1486185119365304,0.45,,,,,,,,,108.82638465338191,0.04024922359499621,,,,,,,,1.0,0.7492991500419279,,1,138,1,exact,0.14968752607658267,191,,,,,,7.3666000389494e-05,9c2dd6fe6bd8c3d6f314a0bc9a1f4d34427279d0
dv3-B-thomas-060209,3,B,thomas,60209,6,,209,3:2:1:60209,,test,5,125.0,1.1486185119365304,0.45,,,,,,,,,108.82638465338191,0.04024922359499621,,,,,,,,1.0,0.7492991500419279,,1,131,1,exact,0.14968752607658267,195,,,,,,7.366700083366595e-05,89fee9cc2228f45075630d4d51fdc5a8fd058560
dv3-B-thomas-060210,3,B,thomas,60210,6,,210,3:2:1:60210,,test,5,125.0,1.1486185119365304,0.45,,,,,,,,,108.82638465338191,0.04024922359499621,,,,,,,,1.0,0.7492991500419279,,1,118,1,exact,0.14968752607658267,189,,,,,,7.045899837976322e-05,30f908aa4e34b1539ea9e727105bdc640da263f4
dv3-B-thomas-060211,3,B,thomas,60211,6,,211,3:2:1:60211,,test,5,125.0,1.1486185119365304,0.45,,,,,,,,,108.82638465338191,0.04024922359499621,,,,,,,,1.0,0.7492991500419279,,1,133,1,exact,0.14968752607658267,167,,,,,,6.837499677203596e-05,1573a890b726bd4ca988df59a133a0d03a36e6c2
dv3-B-thomas-060212,3,B,thomas,60212,6,,212,3:2:1:60212,,test,5,125.0,1.1486185119365304,0.45,,,,,,,,,108.82638465338191,0.04024922359499621,,,,,,,,1.0,0.7492991500419279,,1,121,1,exact,0.14968752607658267,188,,,,,,6.912500248290598e-05,5f52648ab664683f17a0f82a2a7ae67813153ff5
dv3-B-thomas-060213,3,B,thomas,60213,6,,213,3:2:1:60213,,test,5,125.0,1.1486185119365304,0.45,,,,,,,,,108.82638465338191,0.04024922359499621,,,,,,,,1.0,0.7492991500419279,,1,96,1,exact,0.14968752607658267,176,,,,,,6.729100277880207e-05,870e5e7b2245b62b065b9085b5b751a0f9a57924
dv3-B-thomas-060214,3,B,thomas,60214,6,,214,3:2:1:60214,,test,5,125.0,1.1486185119365304,0.45,,,,,,,,,108.82638465338191,0.04024922359499621,,,,,,,,1.0,0.7492991500419279,,1,124,1,exact,0.14968752607658267,183,,,,,,6.841600043117069e-05,9e51f8c7856cd1ba6ebbb6821b02c529b5faa6e5
dv3-B-thomas-060215,3,B,thomas,60215,6,,215,3:2:1:60215,,test,5,125.0,1.1486185119365304,0.45,,,,,,,,,108.82638465338191,0.04024922359499621,,,,,,,,1.0,0.7492991500419279,,1,147,1,exact,0.14968752607658267,196,,,,,,7.029200060060248e-05,402a08425acdb5c8bad3f83537baa955cb436532
dv3-B-thomas-060216,3,B,thomas,60216,6,,216,3:2:1:60216,,test,5,125.0,1.1486185119365304,0.45,,,,,,,,,108.82638465338191,0.04024922359499621,,,,,,,,1.0,0.7492991500419279,,1,127,1,exact,0.14968752607658267,178,,,,,,6.783300341339782e-05,2a54143a848a8717f37cb39efdb8076e7ebeb519
dv3-B-thomas-060217,3,B,thomas,60217,6,,217,3:2:1:60217,,test,5,125.0,1.1486185119365304,0.45,,,,,,,,,108.82638465338191,0.04024922359499621,,,,,,,,1.0,0.7492991500419279,,1,141,1,exact,0.14968752607658267,185,,,,,,7.066699981805868e-05,fbfe570e878b21e3f99c5271e5acdf64d67234e4
dv3-B-thomas-060218,3,B,thomas,60218,6,,218,3:2:1:60218,,test,5,125.0,1.1486185119365304,0.45,,,,,,,,,108.82638465338191,0.04024922359499621,,,,,,,,1.0,0.7492991500419279,,1,111,1,exact,0.14968752607658267,179,,,,,,6.70000008540228e-05,2f170ba522237f1ab1db7b00e38606543b12b912
dv3-B-thomas-060219,3,B,thomas,60219,6,,219,3:2:1:60219,,test,5,125.0,1.1486185119365304,0.45,,,,,,,,,108.82638465338191,0.04024922359499621,,,,,,,,1.0,0.7492991500419279,,1,145,1,exact,0.14968752607658267,208,,,,,,7.974999971338548e-05,c402bf97133c24cabb8c705b2094627a41ded600
dv3-B-thomas-060220,3,B,thomas,60220,6,,220,3:2:1:60220,,test,5,125.0,1.1486185119365304,0.45,,,,,,,,,108.82638465338191,0.04024922359499621,,,,,,,,1.0,0.7492991500419279,,1,106,1,exact,0.14968752607658267,188,,,,,,6.762500197510235e-05,b3b320ed8549103f780ee9638443f2537ee81653
dv3-B-thomas-060221,3,B,thomas,60221,6,,221,3:2:1:60221,,test,5,125.0,1.1486185119365304,0.45,,,,,,,,,108.82638465338191,0.04024922359499621,,,,,,,,1.0,0.7492991500419279,,1,133,1,exact,0.14968752607658267,181,,,,,,6.724999911966734e-05,7561c6b6ce62889cf5eefc1cd8e844843e5547f6
dv3-B-thomas-060222,3,B,thomas,60222,6,,222,3:2:1:60222,,test,5,125.0,1.1486185119365304,0.45,,,,,,,,,108.82638465338191,0.04024922359499621,,,,,,,,1.0,0.7492991500419279,,1,130,1,exact,0.14968752607658267,202,,,,,,6.866699914098717e-05,6a2060c5806058be7d65e3240ef98b2acb250f80
dv3-B-thomas-060223,3,B,thomas,60223,6,,223,3:2:1:60223,,test,5,125.0,1.1486185119365304,0.45,,,,,,,,,108.82638465338191,0.04024922359499621,,,,,,,,1.0,0.7492991500419279,,1,110,1,exact,0.14968752607658267,200,,,,,,7.737499981885776e-05,216f54007c05fbe99d70f3c799559d12095c318a
dv3-B-thomas-060224,3,B,thomas,60224,6,,224,3:2:1:60224,,test,5,125.0,1.1486185119365304,0.45,,,,,,,,,108.82638465338191,0.04024922359499621,,,,,,,,1.0,0.7492991500419279,,1,100,1,exact,0.14968752607658267,177,,,,,,6.787500024074689e-05,7773d183e801dba3df664d4061dfc397f65c84cd
dv3-B-thomas-060225,3,B,thomas,60225,6,,225,3:2:1:60225,,test,5,125.0,1.1486185119365304,0.45,,,,,,,,,108.82638465338191,0.04024922359499621,,,,,,,,1.0,0.7492991500419279,,1,130,1,exact,0.14968752607658267,189,,,,,,6.86249986756593e-05,ac7e6b8747ab01e62feba79270ff227828c78aa7
dv3-B-thomas-060226,3,B,thomas,60226,6,,226,3:2:1:60226,,test,5,125.0,1.1486185119365304,0.45,,,,,,,,,108.82638465338191,0.04024922359499621,,,,,,,,1.0,0.7492991500419279,,1,124,1,exact,0.14968752607658267,203,,,,,,6.87079991621431e-05,028412683d03a93f245c9456c0ac345bfb90d54f
dv3-B-thomas-060227,3,B,thomas,60227,6,,227,3:2:1:60227,,test,5,125.0,1.1486185119365304,0.45,,,,,,,,,108.82638465338191,0.04024922359499621,,,,,,,,1.0,0.7492991500419279,,1,108,1,exact,0.14968752607658267,182,,,,,,6.762499833712354e-05,2d5b6c8ec09c0579d3e0d0ab5179db83d47a7507
dv3-B-thomas-060228,3,B,thomas,60228,6,,228,3:2:1:60228,,test,5,125.0,1.1486185119365304,0.45,,,,,,,,,108.82638465338191,0.04024922359499621,,,,,,,,1.0,0.7492991500419279,,1,124,1,exact,0.14968752607658267,179,,,,,,6.866699914098717e-05,273e64253b612845c6b633c58c77a01ab0dc0881
dv3-B-thomas-060229,3,B,thomas,60229,6,,229,3:2:1:60229,,test,5,125.0,1.1486185119365304,0.45,,,,,,,,,108.82638465338191,0.04024922359499621,,,,,,,,1.0,0.7492991500419279,,1,127,1,exact,0.14968752607658267,196,,,,,,7.075000030454248e-05,3ee5ab28b8c95c964c52aa1f37eef230e496c822
dv3-B-thomas-060230,3,B,thomas,60230,6,,230,3:2:1:60230,,test,5,125.0,1.1486185119365304,0.45,,,,,,,,,108.82638465338191,0.04024922359499621,,,,,,,,1.0,0.7492991500419279,,1,123,1,exact,0.14968752607658267,196,,,,,,7.620799806318246e-05,8a1347d2a857164532fde0057efec608673fe738
dv3-B-thomas-060231,3,B,thomas,60231,6,,231,3:2:1:60231,,test,5,125.0,1.1486185119365304,0.45,,,,,,,,,108.82638465338191,0.04024922359499621,,,,,,,,1.0,0.7492991500419279,,1,127,1,exact,0.14968752607658267,163,,,,,,6.750000102329068e-05,90c7132829a1802f3627824127f781451bd261d0
dv3-B-thomas-060232,3,B,thomas,60232,6,,232,3:2:1:60232,,test,5,125.0,1.1486185119365304,0.45,,,,,,,,,108.82638465338191,0.04024922359499621,,,,,,,,1.0,0.7492991500419279,,1,137,1,exact,0.14968752607658267,191,,,,,,6.820799899287522e-05,1cd64efdfc3931b90aa3311863183c464d21c3c5
dv3-B-thomas-060233,3,B,thomas,60233,6,,233,3:2:1:60233,,test,5,125.0,1.1486185119365304,0.45,,,,,,,,,108.82638465338191,0.04024922359499621,,,,,,,,1.0,0.7492991500419279,,1,119,1,exact,0.14968752607658267,185,,,,,,6.929200026206672e-05,a0cf3a963fb6b98a808463a9855fcd47f2ba902e
dv3-B-thomas-060234,3,B,thomas,60234,6,,234,3:2:1:60234,,test,5,125.0,1.1486185119365304,0.45,,,,,,,,,108.82638465338191,0.04024922359499621,,,,,,,,1.0,0.7492991500419279,,1,124,1,exact,0.14968752607658267,195,,,,,,6.854200182715431e-05,64b2e796979c4019881cecbdb76fbeb753388850
dv3-B-thomas-060235,3,B,thomas,60235,6,,235,3:2:1:60235,,test,5,125.0,1.1486185119365304,0.45,,,,,,,,,108.82638465338191,0.04024922359499621,,,,,,,,1.0,0.7492991500419279,,1,135,1,exact,0.14968752607658267,182,,,,,,6.783299977541901e-05,3df15bb4c81b0de8676cf16c384028a69e51a696
dv3-B-thomas-060236,3,B,thomas,60236,6,,236,3:2:1:60236,,test,5,125.0,1.1486185119365304,0.45,,,,,,,,,108.82638465338191,0.04024922359499621,,,,,,,,1.0,0.7492991500419279,,1,66,1,exact,0.14968752607658267,151,,,,,,6.3750001572771e-05,768782266d9b102ef2512867a944cdbd3b884ae6
dv3-B-thomas-060237,3,B,thomas,60237,6,,237,3:2:1:60237,,test,5,125.0,1.1486185119365304,0.45,,,,,,,,,108.82638465338191,0.04024922359499621,,,,,,,,1.0,0.7492991500419279,,1,125,1,exact,0.14968752607658267,183,,,,,,6.791700070607476e-05,a46e3a89149849770abb9ddedca4aa452f04af42
dv3-B-thomas-060238,3,B,thomas,60238,6,,238,3:2:1:60238,,test,5,125.0,1.1486185119365304,0.45,,,,,,,,,108.82638465338191,0.04024922359499621,,,,,,,,1.0,0.7492991500419279,,1,112,1,exact,0.14968752607658267,178,,,,,,6.858399865450338e-05,855657816c51e969237539965810b5048542a483
dv3-B-thomas-060239,3,B,thomas,60239,6,,239,3:2:1:60239,,test,5,125.0,1.1486185119365304,0.45,,,,,,,,,108.82638465338191,0.04024922359499621,,,,,,,,1.0,0.7492991500419279,,1,125,1,exact,0.14968752607658267,191,,,,,,6.812500214437023e-05,7bbf02047fa559d48bb5d1d7ede468f4ddc93625
dv3-B-thomas-060240,3,B,thomas,60240,6,,240,3:2:1:60240,,test,5,125.0,1.1486185119365304,0.45,,,,,,,,,108.82638465338191,0.04024922359499621,,,,,,,,1.0,0.7492991500419279,,1,162,1,exact,0.14968752607658267,188,,,,,,7.012499918346293e-05,11737f5c120eabbde5b0bc96230e85689c2b6e63
dv3-B-thomas-060241,3,B,thomas,60241,6,,241,3:2:1:60241,,test,5,125.0,1.1486185119365304,0.45,,,,,,,,,108.82638465338191,0.04024922359499621,,,,,,,,1.0,0.7492991500419279,,1,114,1,exact,0.14968752607658267,177,,,,,,6.762500197510235e-05,785e52df87367849894fc543033ab09038cec088
dv3-B-thomas-060242,3,B,thomas,60242,6,,242,3:2:1:60242,,test,5,125.0,1.1486185119365304,0.45,,,,,,,,,108.82638465338191,0.04024922359499621,,,,,,,,1.0,0.7492991500419279,,1,129,1,exact,0.14968752607658267,193,,,,,,6.86250023136381e-05,8c592e68f3016c90e7310c9227592f0f1a0100a3
dv3-B-thomas-060243,3,B,thomas,60243,6,,243,3:2:1:60243,,test,5,125.0,1.1486185119365304,0.45,,,,,,,,,108.82638465338191,0.04024922359499621,,,,,,,,1.0,0.7492991500419279,,1,120,1,exact,0.14968752607658267,172,,,,,,6.724999911966734e-05,1a709325416b07e3778b9f4bfe7acd3db50bdcd0
dv3-B-thomas-060244,3,B,thomas,60244,6,,244,3:2:1:60244,,test,5,125.0,1.1486185119365304,0.45,,,,,,,,,108.82638465338191,0.04024922359499621,,,,,,,,1.0,0.7492991500419279,,1,141,1,exact,0.14968752607658267,177,,,,,,6.958400263101794e-05,2477dd3ad032ac1873981cbe94a5f3cd3c58d0fd
dv3-B-thomas-060245,3,B,thomas,60245,6,,245,3:2:1:60245,,test,5,125.0,1.1486185119365304,0.45,,,,,,,,,108.82638465338191,0.04024922359499621,,,,,,,,1.0,0.7492991500419279,,1,97,1,exact,0.14968752607658267,156,,,,,,6.629100244026631e-05,e8b05f98d8e189a02345f117c993442cb912a938
dv3-B-thomas-060246,3,B,thomas,60246,6,,246,3:2:1:60246,,test,5,125.0,1.1486185119365304,0.45,,,,,,,,,108.82638465338191,0.04024922359499621,,,,,,,,1.0,0.7492991500419279,,1,162,1,exact,0.14968752607658267,208,,,,,,7.624999852851033e-05,dc085104aca79867d457b1bf10737c8a8f58f59b
dv3-B-thomas-060247,3,B,thomas,60247,6,,247,3:2:1:60247,,test,5,125.0,1.1486185119365304,0.45,,,,,,,,,108.82638465338191,0.04024922359499621,,,,,,,,1.0,0.7492991500419279,,1,149,1,exact,0.14968752607658267,199,,,,,,7.083300079102628e-05,0da6fbf926171d0382ec1cb191d1c7d401396b42
dv3-B-thomas-060248,3,B,thomas,60248,6,,248,3:2:1:60248,,test,5,125.0,1.1486185119365304,0.45,,,,,,,,,108.82638465338191,0.04024922359499621,,,,,,,,1.0,0.7492991500419279,,1,99,1,exact,0.14968752607658267,174,,,,,,6.758300150977448e-05,5225a86f4c536dd5a3956f5b5806e0c5faabcad6
dv3-B-thomas-060249,3,B,thomas,60249,6,,249,3:2:1:60249,,test,5,125.0,1.1486185119365304,0.45,,,,,,,,,108.82638465338191,0.04024922359499621,,,,,,,,1.0,0.7492991500419279,,1,131,1,exact,0.14968752607658267,157,,,,,,6.729099914082326e-05,c4ef354036d5716c8caf868b54009ff99a973ca5
dv3-B-thomas-060250,3,B,thomas,60250,6,,250,3:2:1:60250,,test,5,125.0,1.1486185119365304,0.45,,,,,,,,,108.82638465338191,0.04024922359499621,,,,,,,,1.0,0.7492991500419279,,1,122,1,exact,0.14968752607658267,172,,,,,,7.212499986053444e-05,7a95193237b875d02fcdd5dddf227c3e1c6199ab
dv3-B-thomas-060251,3,B,thomas,60251,6,,251,3:2:1:60251,,test,5,125.0,1.1486185119365304,0.45,,,,,,,,,108.82638465338191,0.04024922359499621,,,,,,,,1.0,0.7492991500419279,,1,133,1,exact,0.14968752607658267,194,,,,,,6.887500057928264e-05,c5db85fa44ce88eb8c165f3990314568cd7f4ca5
dv3-B-thomas-060252,3,B,thomas,60252,6,,252,3:2:1:60252,,test,5,125.0,1.1486185119365304,0.45,,,,,,,,,108.82638465338191,0.04024922359499621,,,,,,,,1.0,0.7492991500419279,,1,129,1,exact,0.14968752607658267,188,,,,,,6.81669989717193e-05,785cfd5752cc1fe402332670accbe5dcc8a68688
dv3-B-thomas-060253,3,B,thomas,60253,6,,253,3:2:1:60253,,test,5,125.0,1.1486185119365304,0.45,,,,,,,,,108.82638465338191,0.04024922359499621,,,,,,,,1.0,0.7492991500419279,,1,116,1,exact,0.14968752607658267,168,,,,,,6.766699880245142e-05,60c9ed4f89982a92cf378660164a4a7f663a5caa
dv3-B-thomas-060254,3,B,thomas,60254,6,,254,3:2:1:60254,,test,5,125.0,1.1486185119365304,0.45,,,,,,,,,108.82638465338191,0.04024922359499621,,,,,,,,1.0,0.7492991500419279,,1,115,1,exact,0.14968752607658267,148,,,,,,6.600000051548705e-05,1b959bc1944e0688e7d09e9ad2ff6da62b98112f
dv3-B-thomas-060255,3,B,thomas,60255,6,,255,3:2:1:60255,,test,5,125.0,1.1486185119365304,0.45,,,,,,,,,108.82638465338191,0.04024922359499621,,,,,,,,1.0,0.7492991500419279,,1,134,1,exact,0.14968752607658267,190,,,,,,7.612499757669866e-05,165af195e8dd3410b78c2644fe13a2a443f9e860
dv3-B-thomas-060256,3,B,thomas,60256,6,,256,3:2:1:60256,,test,5,125.0,1.1486185119365304,0.45,,,,,,,,,108.82638465338191,0.04024922359499621,,,,,,,,1.0,0.7492991500419279,,1,129,1,exact,0.14968752607658267,186,,,,,,6.86249986756593e-05,0f79aaa80f31859a07aec890c047a1e5d6f2b244
dv3-B-thomas-060257,3,B,thomas,60257,6,,257,3:2:1:60257,,test,5,125.0,1.1486185119365304,0.45,,,,,,,,,108.82638465338191,0.04024922359499621,,,,,,,,1.0,0.7492991500419279,,1,129,1,exact,0.14968752607658267,158,,,,,,6.299999949987978e-05,6c122e864dc86d6952e1540a0e23e5bb503fbad7
dv3-B-thomas-060258,3,B,thomas,60258,6,,258,3:2:1:60258,,test,5,125.0,1.1486185119365304,0.45,,,,,,,,,108.82638465338191,0.04024922359499621,,,,,,,,1.0,0.7492991500419279,,1,117,1,exact,0.14968752607658267,207,,,,,,7.216700032586232e-05,933182224d538048a859b3af775d4712f8e4625c
dv3-B-thomas-060259,3,B,thomas,60259,6,,259,3:2:1:60259,,test,5,125.0,1.1486185119365304,0.45,,,,,,,,,108.82638465338191,0.04024922359499621,,,,,,,,1.0,0.7492991500419279,,1,129,1,exact,0.14968752607658267,184,,,,,,6.358300015563145e-05,1b25d072abd000b3ec1caae3472cb2ec85d4a089
dv3-B-thomas-060260,3,B,thomas,60260,6,,260,3:2:1:60260,,test,5,125.0,1.1486185119365304,0.45,,,,,,,,,108.82638465338191,0.04024922359499621,,,,,,,,1.0,0.7492991500419279,,1,131,1,exact,0.14968752607658267,179,,,,,,6.704200131935067e-05,5c837563829409a3a06d9c88a1f3d80a53b6f8e8
dv3-B-thomas-060261,3,B,thomas,60261,6,,261,3:2:1:60261,,test,5,125.0,1.1486185119365304,0.45,,,,,,,,,108.82638465338191,0.04024922359499621,,,,,,,,1.0,0.7492991500419279,,1,123,1,exact,0.14968752607658267,172,,,,,,6.850000136182643e-05,5bf75ef9893c7efc011b487b9df7aa76b715c50e
dv3-B-thomas-060262,3,B,thomas,60262,6,,262,3:2:1:60262,,test,5,125.0,1.1486185119365304,0.45,,,,,,,,,108.82638465338191,0.04024922359499621,,,,,,,,1.0,0.7492991500419279,,1,130,1,exact,0.14968752607658267,195,,,,,,6.441599907702766e-05,e7235b5e432fe13422f5d5932dc376d990862481
dv3-B-thomas-060263,3,B,thomas,60263,6,,263,3:2:1:60263,,test,5,125.0,1.1486185119365304,0.45,,,,,,,,,108.82638465338191,0.04024922359499621,,,,,,,,1.0,0.7492991500419279,,1,100,1,exact,0.14968752607658267,170,,,,,,6.4208001276711e-05,f0f742d3ebccd4e0f19dd3ca4dd6c40848ede5b4
dv3-B-thomas-060264,3,B,thomas,60264,6,,264,3:2:1:60264,,test,5,125.0,1.1486185119365304,0.45,,,,,,,,,108.82638465338191,0.04024922359499621,,,,,,,,1.0,0.7492991500419279,,1,115,1,exact,0.14968752607658267,162,,,,,,6.216600013431162e-05,cf08267706f6a5fb90ac0c05ed2ac36613b5f76d
dv3-B-thomas-060265,3,B,thomas,60265,6,,265,3:2:1:60265,,test,5,125.0,1.1486185119365304,0.45,,,,,,,,,108.82638465338191,0.04024922359499621,,,,,,,,1.0,0.7492991500419279,,1,96,1,exact,0.14968752607658267,183,,,,,,6.991599730099551e-05,f4718346ea4e25d65813f9e53c28ef6875421fc2
dv3-B-thomas-060266,3,B,thomas,60266,6,,266,3:2:1:60266,,test,5,125.0,1.1486185119365304,0.45,,,,,,,,,108.82638465338191,0.04024922359499621,,,,,,,,1.0,0.7492991500419279,,1,133,1,exact,0.14968752607658267,191,,,,,,6.62079983158037e-05,fd07c84f9901bad0c9e667b0ffb86f02587c93d5
dv3-B-thomas-060267,3,B,thomas,60267,6,,267,3:2:1:60267,,test,5,125.0,1.1486185119365304,0.45,,,,,,,,,108.82638465338191,0.04024922359499621,,,,,,,,1.0,0.7492991500419279,,1,113,1,exact,0.14968752607658267,170,,,,,,6.325000140350312e-05,30d497d16213a867ad95e4dbab0731a68f1fa41f
dv3-B-thomas-060268,3,B,thomas,60268,6,,268,3:2:1:60268,,test,5,125.0,1.1486185119365304,0.45,,,,,,,,,108.82638465338191,0.04024922359499621,,,,,,,,1.0,0.7492991500419279,,1,160,1,exact,0.14968752607658267,212,,,,,,7.187500159488991e-05,7e99261064cf998642b5483c22892b444bbe3279
dv3-B-thomas-060269,3,B,thomas,60269,6,,269,3:2:1:60269,,test,5,125.0,1.1486185119365304,0.45,,,,,,,,,108.82638465338191,0.04024922359499621,,,,,,,,1.0,0.7492991500419279,,1,157,1,exact,0.14968752607658267,191,,,,,,6.508300066343509e-05,8bce34972ef3b72198e0d2d961c70ec257ddd587
dv3-B-thomas-060270,3,B,thomas,60270,6,,270,3:2:1:60270,,test,5,125.0,1.1486185119365304,0.45,,,,,,,,,108.82638465338191,0.04024922359499621,,,,,,,,1.0,0.7492991500419279,,1,125,1,exact,0.14968752607658267,200,,,,,,6.320799730019644e-05,89f6819488dda763d8f4cc9b7053eec8531fcf18
dv3-B-thomas-060271,3,B,thomas,60271,6,,271,3:2:1:60271,,test,5,125.0,1.1486185119365304,0.45,,,,,,,,,108.82638465338191,0.04024922359499621,,,,,,,,1.0,0.7492991500419279,,1,96,1,exact,0.14968752607658267,155,,,,,,6.0375001339707524e-05,60b57d4c4cd5edaf97b083f77866589a5445ec78
dv3-B-thomas-060272,3,B,thomas,60272,6,,272,3:2:1:60272,,test,5,125.0,1.1486185119365304,0.45,,,,,,,,,108.82638465338191,0.04024922359499621,,,,,,,,1.0,0.7492991500419279,,1,125,1,exact,0.14968752607658267,196,,,,,,6.550000034621917e-05,f9029dccd6443dabfe6af254bbe97694d5b8fb28
dv3-B-thomas-060273,3,B,thomas,60273,6,,273,3:2:1:60273,,test,5,125.0,1.1486185119365304,0.45,,,,,,,,,108.82638465338191,0.04024922359499621,,,,,,,,1.0,0.7492991500419279,,1,125,1,exact,0.14968752607658267,187,,,,,,6.974999996600673e-05,4d264f06a1a55c5660bc5876271f3f667d6d1f92
dv3-B-thomas-060274,3,B,thomas,60274,6,,274,3:2:1:60274,,test,5,125.0,1.1486185119365304,0.45,,,,,,,,,108.82638465338191,0.04024922359499621,,,,,,,,1.0,0.7492991500419279,,1,139,1,exact,0.14968752607658267,186,,,,,,6.570799814653583e-05,35e83172945ed31fd2890651e0474ac4166c6054
dv3-B-thomas-060275,3,B,thomas,60275,6,,275,3:2:1:60275,,test,5,125.0,1.1486185119365304,0.45,,,,,,,,,108.82638465338191,0.04024922359499621,,,,,,,,1.0,0.7492991500419279,,1,88,1,exact,0.14968752607658267,160,,,,,,6.0792001022491604e-05,535347202853d07aba3631444354fedfd160b524
dv3-B-thomas-060276,3,B,thomas,60276,6,,276,3:2:1:60276,,test,5,125.0,1.1486185119365304,0.45,,,,,,,,,108.82638465338191,0.04024922359499621,,,,,,,,1.0,0.7492991500419279,,1,129,1,exact,0.14968752607658267,202,,,,,,6.441600271500647e-05,33544298dba4c322799e5a5d4ff2ca69e21e7eb6
dv3-B-thomas-060277,3,B,thomas,60277,6,,277,3:2:1:60277,,test,5,125.0,1.1486185119365304,0.45,,,,,,,,,108.82638465338191,0.04024922359499621,,,,,,,,1.0,0.7492991500419279,,1,150,1,exact,0.14968752607658267,193,,,,,,6.749999738531187e-05,a8bf4f0fc5af24c53f141c8a2b5087e5991a1eac
dv3-B-thomas-060278,3,B,thomas,60278,6,,278,3:2:1:60278,,test,5,125.0,1.1486185119365304,0.45,,,,,,,,,108.82638465338191,0.04024922359499621,,,,,,,,1.0,0.7492991500419279,,1,134,1,exact,0.14968752607658267,186,,,,,,6.341699918266386e-05,a6094fcd7d1c7a8fa742153cc87f5a8b2b85ac61
dv3-B-thomas-060279,3,B,thomas,60279,6,,279,3:2:1:60279,,test,5,125.0,1.1486185119365304,0.45,,,,,,,,,108.82638465338191,0.04024922359499621,,,,,,,,1.0,0.7492991500419279,,1,127,1,exact,0.14968752607658267,192,,,,,,6.416700125555508e-05,47669b62e576242c8b7c733a1ae0a473c44d5606
dv3-B-thomas-060280,3,B,thomas,60280,6,,280,3:2:1:60280,,test,5,125.0,1.1486185119365304,0.45,,,,,,,,,108.82638465338191,0.04024922359499621,,,,,,,,1.0,0.7492991500419279,,1,122,1,exact,0.14968752607658267,185,,,,,,6.416699761757627e-05,cda680b7d72882e4df9321eebcaf7a6c71ca2ae3
dv3-B-thomas-060281,3,B,thomas,60281,6,,281,3:2:1:60281,,test,5,125.0,1.1486185119365304,0.45,,,,,,,,,108.82638465338191,0.04024922359499621,,,,,,,,1.0,0.7492991500419279,,1,117,1,exact,0.14968752607658267,181,,,,,,6.25829998170957e-05,f5696df45ad9c2067cdc6ea5a69e85364e96df14
dv3-B-thomas-060282,3,B,thomas,60282,6,,282,3:2:1:60282,,test,5,125.0,1.1486185119365304,0.45,,,,,,,,,108.82638465338191,0.04024922359499621,,,,,,,,1.0,0.7492991500419279,,1,120,1,exact,0.14968752607658267,180,,,,,,6.391600254573859e-05,fd3b60077e8902da32d61e70f5cdc6e16207f095
dv3-B-thomas-060283,3,B,thomas,60283,6,,283,3:2:1:60283,,test,5,125.0,1.1486185119365304,0.45,,,,,,,,,108.82638465338191,0.04024922359499621,,,,,,,,1.0,0.7492991500419279,,1,120,1,exact,0.14968752607658267,190,,,,,,6.395799937308766e-05,3611619ddab90af062b76571862892be3c8e9ad9
dv3-B-thomas-060284,3,B,thomas,60284,6,,284,3:2:1:60284,,test,5,125.0,1.1486185119365304,0.45,,,,,,,,,108.82638465338191,0.04024922359499621,,,,,,,,1.0,0.7492991500419279,,1,134,1,exact,0.14968752607658267,199,,,,,,6.420899808290415e-05,243eee9ad8b9421cc2f413d362198c4d934d8341
dv3-B-thomas-060285,3,B,thomas,60285,6,,285,3:2:1:60285,,test,5,125.0,1.1486185119365304,0.45,,,,,,,,,108.82638465338191,0.04024922359499621,,,,,,,,1.0,0.7492991500419279,,1,117,1,exact,0.14968752607658267,160,,,,,,6.204099918249995e-05,8d66d8bb94eb46e1f8bc5801ab839007de04bd47
dv3-B-thomas-060286,3,B,thomas,60286,6,,286,3:2:1:60286,,test,5,125.0,1.1486185119365304,0.45,,,,,,,,,108.82638465338191,0.04024922359499621,,,,,,,,1.0,0.7492991500419279,,1,119,1,exact,0.14968752607658267,167,,,,,,6.275000123423524e-05,ddeeccea7262430a2566c8148b54048c37af9bd8
dv3-B-thomas-060287,3,B,thomas,60287,6,,287,3:2:1:60287,,test,5,125.0,1.1486185119365304,0.45,,,,,,,,,108.82638465338191,0.04024922359499621,,,,,,,,1.0,0.7492991500419279,,1,100,1,exact,0.14968752607658267,165,,,,,,6.183300138218328e-05,609f9a86b1f7af4f7868347a7c6534cff23b8124
dv3-B-thomas-060288,3,B,thomas,60288,6,,288,3:2:1:60288,,test,5,125.0,1.1486185119365304,0.45,,,,,,,,,108.82638465338191,0.04024922359499621,,,,,,,,1.0,0.7492991500419279,,1,110,1,exact,0.14968752607658267,173,,,,,,6.199999916134402e-05,a63e8eda07d64b9e9da25ff78ba14a71d3a48728
dv3-B-thomas-060289,3,B,thomas,60289,6,,289,3:2:1:60289,,test,5,125.0,1.1486185119365304,0.45,,,,,,,,,108.82638465338191,0.04024922359499621,,,,,,,,1.0,0.7492991500419279,,1,144,1,exact,0.14968752607658267,188,,,,,,6.445799954235554e-05,d2f8898fd895163a2d4afa0882b34536f3b2da55
dv3-B-thomas-060290,3,B,thomas,60290,6,,290,3:2:1:60290,,test,5,125.0,1.1486185119365304,0.45,,,,,,,,,108.82638465338191,0.04024922359499621,,,,,,,,1.0,0.7492991500419279,,1,106,1,exact,0.14968752607658267,189,,,,,,6.458300049416721e-05,2f1c41e6f73baa894cd8091d81f26b234e3f6f84
dv3-B-thomas-060291,3,B,thomas,60291,6,,291,3:2:1:60291,,test,5,125.0,1.1486185119365304,0.45,,,,,,,,,108.82638465338191,0.04024922359499621,,,,,,,,1.0,0.7492991500419279,,1,107,1,exact,0.14968752607658267,170,,,,,,6.241600203793496e-05,c2a4c575207b592024be178bfb81e6a3017012cb
dv3-B-thomas-060292,3,B,thomas,60292,6,,292,3:2:1:60292,,test,5,125.0,1.1486185119365304,0.45,,,,,,,,,108.82638465338191,0.04024922359499621,,,,,,,,1.0,0.7492991500419279,,1,152,1,exact,0.14968752607658267,203,,,,,,6.658400161541067e-05,de3aa1924be055852399a74c1e0a861c9ea21f4c
dv3-B-thomas-060293,3,B,thomas,60293,6,,293,3:2:1:60293,,test,5,125.0,1.1486185119365304,0.45,,,,,,,,,108.82638465338191,0.04024922359499621,,,,,,,,1.0,0.7492991500419279,,1,131,1,exact,0.14968752607658267,179,,,,,,6.266700074775144e-05,b0f9ed2efe453e6d7e560b1438cf88b169841a24
dv3-B-thomas-060294,3,B,thomas,60294,6,,294,3:2:1:60294,,test,5,125.0,1.1486185119365304,0.45,,,,,,,,,108.82638465338191,0.04024922359499621,,,,,,,,1.0,0.7492991500419279,,1,133,1,exact,0.14968752607658267,200,,,,,,6.54579998808913e-05,dd358ec59288452d4483536488219b8524056558
dv3-B-thomas-060295,3,B,thomas,60295,6,,295,3:2:1:60295,,test,5,125.0,1.1486185119365304,0.45,,,,,,,,,108.82638465338191,0.04024922359499621,,,,,,,,1.0,0.7492991500419279,,1,135,1,exact,0.14968752607658267,193,,,,,,6.495799971162342e-05,f08da54845cba9932fa2abd53f8cb1a6b10f176c
dv3-B-thomas-060296,3,B,thomas,60296,6,,296,3:2:1:60296,,test,5,125.0,1.1486185119365304,0.45,,,,,,,,,108.82638465338191,0.04024922359499621,,,,,,,,1.0,0.7492991500419279,,1,137,1,exact,0.14968752607658267,194,,,,,,6.395899981725961e-05,383f4cc98ba5615f6552b37ec9f1e757152baf40
dv3-B-thomas-060297,3,B,thomas,60297,6,,297,3:2:1:60297,,test,5,125.0,1.1486185119365304,0.45,,,,,,,,,108.82638465338191,0.04024922359499621,,,,,,,,1.0,0.7492991500419279,,1,141,1,exact,0.14968752607658267,199,,,,,,6.704100087517872e-05,a4bb72ac8d92463651cc4bb1c38a2765345d2e6b
dv3-B-thomas-060298,3,B,thomas,60298,6,,298,3:2:1:60298,,test,5,125.0,1.1486185119365304,0.45,,,,,,,,,108.82638465338191,0.04024922359499621,,,,,,,,1.0,0.7492991500419279,,1,132,1,exact,0.14968752607658267,182,,,,,,6.345899964799173e-05,ebd4292b2111bb6a659d2b9f594e5c6db0fec27e
dv3-B-thomas-060299,3,B,thomas,60299,6,,299,3:2:1:60299,,test,5,125.0,1.1486185119365304,0.45,,,,,,,,,108.82638465338191,0.04024922359499621,,,,,,,,1.0,0.7492991500419279,,1,128,1,exact,0.14968752607658267,192,,,,,,6.337499871733598e-05,7feb90388e1a42c663a5fbaa15ac40e7bd509590
dv3-B-thomas-060300,3,B,thomas,60300,6,,300,3:2:1:60300,,test,5,125.0,1.1486185119365304,0.45,,,,,,,,,108.82638465338191,0.04024922359499621,,,,,,,,1.0,0.7492991500419279,,1,125,1,exact,0.14968752607658267,173,,,,,,6.283399852691218e-05,8a656ebf9eae7dca887d07495ddd934a2cc98180
dv3-B-thomas-060301,3,B,thomas,60301,6,,301,3:2:1:60301,,test,5,125.0,1.1486185119365304,0.45,,,,,,,,,108.82638465338191,0.04024922359499621,,,,,,,,1.0,0.7492991500419279,,1,135,1,exact,0.14968752607658267,204,,,,,,6.758399831596762e-05,053589aee21bc9123f7ebd69035d98ddb0f31e0a
dv3-B-thomas-060302,3,B,thomas,60302,6,,302,3:2:1:60302,,test,5,125.0,1.1486185119365304,0.45,,,,,,,,,108.82638465338191,0.04024922359499621,,,,,,,,1.0,0.7492991500419279,,1,109,1,exact,0.14968752607658267,196,,,,,,6.366600064211525e-05,f63c12a02685b16ce06a5ed9ade1eb204e45c8be
dv3-B-thomas-060303,3,B,thomas,60303,6,,303,3:2:1:60303,,test,5,125.0,1.1486185119365304,0.45,,,,,,,,,108.82638465338191,0.04024922359499621,,,,,,,,1.0,0.7492991500419279,,1,106,1,exact,0.14968752607658267,173,,,,,,6.183300138218328e-05,7cb3fb3d1d808c1c53b7e9834b3672b56733ce92
dv3-B-thomas-060304,3,B,thomas,60304,6,,304,3:2:1:60304,,test,5,125.0,1.1486185119365304,0.45,,,,,,,,,108.82638465338191,0.04024922359499621,,,,,,,,1.0,0.7492991500419279,,1,104,1,exact,0.14968752607658267,175,,,,,,0.00022920800256542861,5213b0d2731af9582ee05fd732573569121845f1
dv3-B-thomas-060305,3,B,thomas,60305,6,,305,3:2:1:60305,,test,5,125.0,1.1486185119365304,0.45,,,,,,,,,108.82638465338191,0.04024922359499621,,,,,,,,1.0,0.7492991500419279,,1,134,1,exact,0.14968752607658267,182,,,,,,0.00016104200039990246,0c4e89fbb00c310b46f8424df77f23eaaac0ed2d
dv3-B-thomas-060306,3,B,thomas,60306,6,,306,3:2:1:60306,,test,5,125.0,1.1486185119365304,0.45,,,,,,,,,108.82638465338191,0.04024922359499621,,,,,,,,1.0,0.7492991500419279,,1,121,1,exact,0.14968752607658267,180,,,,,,0.00013458399916999042,6233fdbaeae9674708c539ffb93c0374e044595b
dv3-B-thomas-060307,3,B,thomas,60307,6,,307,3:2:1:60307,,test,5,125.0,1.1486185119365304,0.45,,,,,,,,,108.82638465338191,0.04024922359499621,,,,,,,,1.0,0.7492991500419279,,1,132,1,exact,0.14968752607658267,195,,,,,,0.00013208299787947908,8a2dd34ce9d00828282ea8441b00721c3e49c2b8
dv3-B-thomas-060308,3,B,thomas,60308,6,,308,3:2:1:60308,,test,5,125.0,1.1486185119365304,0.45,,,,,,,,,108.82638465338191,0.04024922359499621,,,,,,,,1.0,0.7492991500419279,,1,126,1,exact,0.14968752607658267,181,,,,,,0.00013745799878961407,0ccb8a68fb8eacf9c3a0bf56dce2af0d393b491d
dv3-B-thomas-060309,3,B,thomas,60309,6,,309,3:2:1:60309,,test,5,125.0,1.1486185119365304,0.45,,,,,,,,,108.82638465338191,0.04024922359499621,,,,,,,,1.0,0.7492991500419279,,1,116,1,exact,0.14968752607658267,188,,,,,,0.00013162500181351788,0d7e218074bcc9cb44de2af030de463d82edcfbb
dv3-B-thomas-060310,3,B,thomas,60310,6,,310,3:2:1:60310,,test,5,125.0,1.1486185119365304,0.45,,,,,,,,,108.82638465338191,0.04024922359499621,,,,,,,,1.0,0.7492991500419279,,1,129,1,exact,0.14968752607658267,201,,,,,,0.00013166699864086695,6f6ea880a6e403844e57622d5dd3ecb130c0a079
dv3-B-thomas-060311,3,B,thomas,60311,6,,311,3:2:1:60311,,test,5,125.0,1.1486185119365304,0.45,,,,,,,,,108.82638465338191,0.04024922359499621,,,,,,,,1.0,0.7492991500419279,,1,105,1,exact,0.14968752607658267,173,,,,,,0.00012837499889428727,becabeab94d0e13aa0b107c2bdb697ed0b4a0e96
dv3-B-thomas-060312,3,B,thomas,60312,6,,312,3:2:1:60312,,test,5,125.0,1.1486185119365304,0.45,,,,,,,,,108.82638465338191,0.04024922359499621,,,,,,,,1.0,0.7492991500419279,,1,129,1,exact,0.14968752607658267,171,,,,,,0.00012920799781568348,fb1574e67221992da1f3af292309663d6e9d3a13
dv3-B-thomas-060313,3,B,thomas,60313,6,,313,3:2:1:60313,,test,5,125.0,1.1486185119365304,0.45,,,,,,,,,108.82638465338191,0.04024922359499621,,,,,,,,1.0,0.7492991500419279,,1,143,1,exact,0.14968752607658267,191,,,,,,0.0001352500003122259,cc6d8785f3ec01f122d03221d9e28c7fadb2747c
dv3-B-thomas-060314,3,B,thomas,60314,6,,314,3:2:1:60314,,test,5,125.0,1.1486185119365304,0.45,,,,,,,,,108.82638465338191,0.04024922359499621,,,,,,,,1.0,0.7492991500419279,,1,107,1,exact,0.14968752607658267,153,,,,,,0.00012445799802662805,5c85149da0b0d58f8d1ed6f20a775338a72c1f9e
dv3-B-thomas-060315,3,B,thomas,60315,6,,315,3:2:1:60315,,test,5,125.0,1.1486185119365304,0.45,,,,,,,,,108.82638465338191,0.04024922359499621,,,,,,,,1.0,0.7492991500419279,,1,116,1,exact,0.14968752607658267,174,,,,,,0.00013691699859919026,3237c5d24f9796dbb15f0506830422b5d84b0931
dv3-B-thomas-060316,3,B,thomas,60316,6,,316,3:2:1:60316,,test,5,125.0,1.1486185119365304,0.45,,,,,,,,,108.82638465338191,0.04024922359499621,,,,,,,,1.0,0.7492991500419279,,1,126,1,exact,0.14968752607658267,183,,,,,,0.00013183299961383455,80ce9ef452eab3632e18fb500b0efc5b80d2e65a
dv3-B-thomas-060317,3,B,thomas,60317,6,,317,3:2:1:60317,,test,5,125.0,1.1486185119365304,0.45,,,,,,,,,108.82638465338191,0.04024922359499621,,,,,,,,1.0,0.7492991500419279,,1,124,1,exact,0.14968752607658267,172,,,,,,0.00012641700232052244,8ef239dc54534af95ac80fd7b0b11321d9e38800
dv3-B-thomas-060318,3,B,thomas,60318,6,,318,3:2:1:60318,,test,5,125.0,1.1486185119365304,0.45,,,,,,,,,108.82638465338191,0.04024922359499621,,,,,,,,1.0,0.7492991500419279,,1,109,1,exact,0.14968752607658267,191,,,,,,0.0001287500017497223,4ee34a55c7b9ffe43b7922b4f4b03bacf1951e27
dv3-B-thomas-060319,3,B,thomas,60319,6,,319,3:2:1:60319,,test,5,125.0,1.1486185119365304,0.45,,,,,,,,,108.82638465338191,0.04024922359499621,,,,,,,,1.0,0.7492991500419279,,1,120,1,exact,0.14968752607658267,154,,,,,,0.00013704199955100194,6ca297ad60b17a4041298051a83d660a6de2213e
dv3-B-thomas-060320,3,B,thomas,60320,6,,320,3:2:1:60320,,test,5,125.0,1.1486185119365304,0.45,,,,,,,,,108.82638465338191,0.04024922359499621,,,,,,,,1.0,0.7492991500419279,,1,110,1,exact,0.14968752607658267,181,,,,,,0.0001347920006082859,e462f6cd9905ecf9c329f743074fae2dc6a295e5
dv3-B-thomas-060321,3,B,thomas,60321,6,,321,3:2:1:60321,,test,5,125.0,1.1486185119365304,0.45,,,,,,,,,108.82638465338191,0.04024922359499621,,,,,,,,1.0,0.7492991500419279,,1,114,1,exact,0.14968752607658267,200,,,,,,0.00013141599993105046,bb372479578715fab9d6dc5708e3dd9e365af066
dv3-B-thomas-060322,3,B,thomas,60322,6,,322,3:2:1:60322,,test,5,125.0,1.1486185119365304,0.45,,,,,,,,,108.82638465338191,0.04024922359499621,,,,,,,,1.0,0.7492991500419279,,1,117,1,exact,0.14968752607658267,183,,,,,,0.00013224999929661863,9340bf0e9c5607e3a4b3c2aae51435367fe73faf
dv3-B-thomas-060323,3,B,thomas,60323,6,,323,3:2:1:60323,,test,5,125.0,1.1486185119365304,0.45,,,,,,,,,108.82638465338191,0.04024922359499621,,,,,,,,1.0,0.7492991500419279,,1,95,1,exact,0.14968752607658267,178,,,,,,0.00013679099720320664,9ac2142c84b1bf485b28c1eedc8e52ac3ad740c9
dv3-B-thomas-060324,3,B,thomas,60324,6,,324,3:2:1:60324,,test,5,125.0,1.1486185119365304,0.45,,,,,,,,,108.82638465338191,0.04024922359499621,,,,,,,,1.0,0.7492991500419279,,1,148,1,exact,0.14968752607658267,196,,,,,,0.00013195800056564622,fafa3412e411a9ee7f28636d3e70d93873427316
dv3-B-thomas-060325,3,B,thomas,60325,6,,325,3:2:1:60325,,test,5,125.0,1.1486185119365304,0.45,,,,,,,,,108.82638465338191,0.04024922359499621,,,,,,,,1.0,0.7492991500419279,,1,147,1,exact,0.14968752607658267,187,,,,,,0.0001314999972237274,647aae639a6cd9b888fe944f3f5d7db0374c63f8
dv3-B-thomas-060326,3,B,thomas,60326,6,,326,3:2:1:60326,,test,5,125.0,1.1486185119365304,0.45,,,,,,,,,108.82638465338191,0.04024922359499621,,,,,,,,1.0,0.7492991500419279,,1,151,1,exact,0.14968752607658267,203,,,,,,0.00013100000069243833,0ab6fa0bfe4e09f46fde2407554eb8eda7b07c9c
dv3-B-thomas-060327,3,B,thomas,60327,6,,327,3:2:1:60327,,test,5,125.0,1.1486185119365304,0.45,,,,,,,,,108.82638465338191,0.04024922359499621,,,,,,,,1.0,0.7492991500419279,,1,111,1,exact,0.14968752607658267,177,,,,,,0.0001253750015166588,9d34cc372546d22016334d7d3fedb5a51a42854f
dv3-B-thomas-060328,3,B,thomas,60328,6,,328,3:2:1:60328,,test,5,125.0,1.1486185119365304,0.45,,,,,,,,,108.82638465338191,0.04024922359499621,,,,,,,,1.0,0.7492991500419279,,1,93,1,exact,0.14968752607658267,165,,,,,,0.00012291600069147535,5caa46aa75ac1d18a89d9672881a78fec2c40f8c
dv3-B-thomas-060329,3,B,thomas,60329,6,,329,3:2:1:60329,,test,5,125.0,1.1486185119365304,0.45,,,,,,,,,108.82638465338191,0.04024922359499621,,,,,,,,1.0,0.7492991500419279,,1,99,1,exact,0.14968752607658267,171,,,,,,0.0001239160010300111,f8b3f1c82467b2c871ce55d113dce7208ba3bc87
dv3-B-thomas-060330,3,B,thomas,60330,6,,330,3:2:1:60330,,test,5,125.0,1.1486185119365304,0.45,,,,,,,,,108.82638465338191,0.04024922359499621,,,,,,,,1.0,0.7492991500419279,,1,125,1,exact,0.14968752607658267,180,,,,,,0.000143291999847861,a7cede55e7f3c9b3f6ec62ebba969790519a1532
dv3-B-thomas-060331,3,B,thomas,60331,6,,331,3:2:1:60331,,test,5,125.0,1.1486185119365304,0.45,,,,,,,,,108.82638465338191,0.04024922359499621,,,,,,,,1.0,0.7492991500419279,,1,111,1,exact,0.14968752607658267,190,,,,,,0.00013249999756226316,02105ef3512a3a08357763a6286a23e438fa8c47
dv3-B-thomas-060332,3,B,thomas,60332,6,,332,3:2:1:60332,,test,5,125.0,1.1486185119365304,0.45,,,,,,,,,108.82638465338191,0.04024922359499621,,,,,,,,1.0,0.7492991500419279,,1,119,1,exact,0.14968752607658267,178,,,,,,0.00012612499995157123,669d813e10d71ade3cb3a1272e84027105ee73dc
dv3-B-thomas-060333,3,B,thomas,60333,6,,333,3:2:1:60333,,test,5,125.0,1.1486185119365304,0.45,,,,,,,,,108.82638465338191,0.04024922359499621,,,,,,,,1.0,0.7492991500419279,,1,109,1,exact,0.14968752607658267,175,,,,,,0.00013116699847159907,003b6f2ec1c8433b8379ff39acb2aa51dda9b05f
dv3-B-thomas-060334,3,B,thomas,60334,6,,334,3:2:1:60334,,test,5,125.0,1.1486185119365304,0.45,,,,,,,,,108.82638465338191,0.04024922359499621,,,,,,,,1.0,0.7492991500419279,,1,113,1,exact,0.14968752607658267,163,,,,,,0.0001269999993382953,b5c29e00c75c710943d7c65a69288235426b3efc
dv3-B-thomas-060335,3,B,thomas,60335,6,,335,3:2:1:60335,,test,5,125.0,1.1486185119365304,0.45,,,,,,,,,108.82638465338191,0.04024922359499621,,,,,,,,1.0,0.7492991500419279,,1,114,1,exact,0.14968752607658267,173,,,,,,0.00012324999988777563,58508e66f3b0c538c13a3ac48f8a22530540f4cf
dv3-B-thomas-060336,3,B,thomas,60336,6,,336,3:2:1:60336,,test,5,125.0,1.1486185119365304,0.45,,,,,,,,,108.82638465338191,0.04024922359499621,,,,,,,,1.0,0.7492991500419279,,1,119,1,exact,0.14968752607658267,176,,,,,,0.0001247910004167352,048ae323b69b801ab32a8495848216f1646afcd7
dv3-B-thomas-060337,3,B,thomas,60337,6,,337,3:2:1:60337,,test,5,125.0,1.1486185119365304,0.45,,,,,,,,,108.82638465338191,0.04024922359499621,,,,,,,,1.0,0.7492991500419279,,1,162,1,exact,0.14968752607658267,189,,,,,,0.00013233299978310242,d4c163691e2f38173499091048ac2bf9b1204a34
dv3-B-thomas-060338,3,B,thomas,60338,6,,338,3:2:1:60338,,test,5,125.0,1.1486185119365304,0.45,,,,,,,,,108.82638465338191,0.04024922359499621,,,,,,,,1.0,0.7492991500419279,,1,112,1,exact,0.14968752607658267,193,,,,,,0.00013337500058696605,b586de37b2584bda301d1638180b1e6ff798e6a3
dv3-B-thomas-060339,3,B,thomas,60339,6,,339,3:2:1:60339,,test,5,125.0,1.1486185119365304,0.45,,,,,,,,,108.82638465338191,0.04024922359499621,,,,,,,,1.0,0.7492991500419279,,1,131,1,exact,0.14968752607658267,195,,,,,,0.00014508399908663705,af7265b235585aab976a1cbb38346164b5cc0d4d
dv3-B-thomas-060340,3,B,thomas,60340,6,,340,3:2:1:60340,,test,5,125.0,1.1486185119365304,0.45,,,,,,,,,108.82638465338191,0.04024922359499621,,,,,,,,1.0,0.7492991500419279,,1,99,1,exact,0.14968752607658267,188,,,,,,0.00012483300088206306,f045fd5c5ef56123cebc1430e962ee1b75e3d653
dv3-B-thomas-060341,3,B,thomas,60341,6,,341,3:2:1:60341,,test,5,125.0,1.1486185119365304,0.45,,,,,,,,,108.82638465338191,0.04024922359499621,,,,,,,,1.0,0.7492991500419279,,1,110,1,exact,0.14968752607658267,152,,,,,,0.00012154199794167653,cff1bcb3967588e32b75dfde493d92a05e3e88b6
dv3-B-thomas-060342,3,B,thomas,60342,6,,342,3:2:1:60342,,test,5,125.0,1.1486185119365304,0.45,,,,,,,,,108.82638465338191,0.04024922359499621,,,,,,,,1.0,0.7492991500419279,,1,84,1,exact,0.14968752607658267,142,,,,,,0.00012137500016251579,9226182ad64813ca7a00c03f4c3ba39877b65428
dv3-B-thomas-060343,3,B,thomas,60343,6,,343,3:2:1:60343,,test,5,125.0,1.1486185119365304,0.45,,,,,,,,,108.82638465338191,0.04024922359499621,,,,,,,,1.0,0.7492991500419279,,1,145,1,exact,0.14968752607658267,204,,,,,,0.00012970799798495136,a645afa0a049633cc0df8a216d675cfff8873855
dv3-B-thomas-060344,3,B,thomas,60344,6,,344,3:2:1:60344,,test,5,125.0,1.1486185119365304,0.45,,,,,,,,,108.82638465338191,0.04024922359499621,,,,,,,,1.0,0.7492991500419279,,1,113,1,exact,0.14968752607658267,164,,,,,,0.00012349999815342017,1310870da66c78bb2e1bb3d894b7ab0e55cf696c
dv3-B-thomas-060345,3,B,thomas,60345,6,,345,3:2:1:60345,,test,5,125.0,1.1486185119365304,0.45,,,,,,,,,108.82638465338191,0.04024922359499621,,,,,,,,1.0,0.7492991500419279,,1,132,1,exact,0.14968752607658267,230,,,,,,0.00013666599988937378,5c1a6d0482b542421ea4bef9d79785a4e87d39a3
dv3-B-thomas-060346,3,B,thomas,60346,6,,346,3:2:1:60346,,test,5,125.0,1.1486185119365304,0.45,,,,,,,,,108.82638465338191,0.04024922359499621,,,,,,,,1.0,0.7492991500419279,,1,149,1,exact,0.14968752607658267,195,,,,,,0.00012883299859822728,71a05edc37beecd59096a9c52126d9601e9ba91f
dv3-B-thomas-060347,3,B,thomas,60347,6,,347,3:2:1:60347,,test,5,125.0,1.1486185119365304,0.45,,,,,,,,,108.82638465338191,0.04024922359499621,,,,,,,,1.0,0.7492991500419279,,1,102,1,exact,0.14968752607658267,162,,,,,,0.00012304199844948016,98ff0fe44d0b1ca9edd76321e3ca95d69942b8b8
dv3-B-thomas-060348,3,B,thomas,60348,6,,348,3:2:1:60348,,test,5,125.0,1.1486185119365304,0.45,,,,,,,,,108.82638465338191,0.04024922359499621,,,,,,,,1.0,0.7492991500419279,,1,135,1,exact,0.14968752607658267,196,,,,,,0.00013041700003668666,755ac5c1b19df00d8a51897861446f3c1a276254
dv3-B-thomas-060349,3,B,thomas,60349,6,,349,3:2:1:60349,,test,5,125.0,1.1486185119365304,0.45,,,,,,,,,108.82638465338191,0.04024922359499621,,,,,,,,1.0,0.7492991500419279,,1,119,1,exact,0.14968752607658267,195,,,,,,0.0001299579998885747,7937a0860226f55cdb1393453e44503ea5b4aad2
dv3-B-thomas-060350,3,B,thomas,60350,6,,350,3:2:1:60350,,test,5,125.0,1.1486185119365304,0.45,,,,,,,,,108.82638465338191,0.04024922359499621,,,,,,,,1.0,0.7492991500419279,,1,107,1,exact,0.14968752607658267,184,,,,,,0.00012745899948640727,fb4f5ef9ef4d834d1d14cff4bd0514cd17bea18f
dv3-B-thomas-060351,3,B,thomas,60351,6,,351,3:2:1:60351,,test,5,125.0,1.1486185119365304,0.45,,,,,,,,,108.82638465338191,0.04024922359499621,,,,,,,,1.0,0.7492991500419279,,1,105,1,exact,0.14968752607658267,172,,,,,,0.00012516700007836334,e6694b7be94f11bdb998272e2acabbe406136567
dv3-B-thomas-060352,3,B,thomas,60352,6,,352,3:2:1:60352,,test,5,125.0,1.1486185119365304,0.45,,,,,,,,,108.82638465338191,0.04024922359499621,,,,,,,,1.0,0.7492991500419279,,1,128,1,exact,0.14968752607658267,205,,,,,,0.00012962500113644637,fd6393a5eabb127d6978d03c549ab935e19e774a
dv3-B-thomas-060353,3,B,thomas,60353,6,,353,3:2:1:60353,,test,5,125.0,1.1486185119365304,0.45,,,,,,,,,108.82638465338191,0.04024922359499621,,,,,,,,1.0,0.7492991500419279,,1,162,1,exact,0.14968752607658267,210,,,,,,0.00013141700037522241,3b6d2d146501d0aaa2c30f22921571460f8372f8
dv3-B-thomas-060354,3,B,thomas,60354,6,,354,3:2:1:60354,,test,5,125.0,1.1486185119365304,0.45,,,,,,,,,108.82638465338191,0.04024922359499621,,,,,,,,1.0,0.7492991500419279,,1,139,1,exact,0.14968752607658267,190,,,,,,0.00012587499804794788,1b3483886c2fcd829c9638b3f0f47464fd090b87
dv3-B-thomas-060355,3,B,thomas,60355,6,,355,3:2:1:60355,,test,5,125.0,1.1486185119365304,0.45,,,,,,,,,108.82638465338191,0.04024922359499621,,,,,,,,1.0,0.7492991500419279,,1,119,1,exact,0.14968752607658267,158,,,,,,0.00012241700096637942,1c6f47c19e68a5f473cc8ffaf67179abfde6c7c8
dv3-B-thomas-060356,3,B,thomas,60356,6,,356,3:2:1:60356,,test,5,125.0,1.1486185119365304,0.45,,,,,,,,,108.82638465338191,0.04024922359499621,,,,,,,,1.0,0.7492991500419279,,1,106,1,exact,0.14968752607658267,173,,,,,,0.00012458399942261167,c5b02cdafbe5412007362c6db9685b49c8398c69
dv3-B-thomas-060357,3,B,thomas,60357,6,,357,3:2:1:60357,,test,5,125.0,1.1486185119365304,0.45,,,,,,,,,108.82638465338191,0.04024922359499621,,,,,,,,1.0,0.7492991500419279,,1,105,1,exact,0.14968752607658267,178,,,,,,0.00012849999984609894,4de8f0d8464432e2c7b0382923e821a70e8ee1e9
dv3-B-thomas-060358,3,B,thomas,60358,6,,358,3:2:1:60358,,test,5,125.0,1.1486185119365304,0.45,,,,,,,,,108.82638465338191,0.04024922359499621,,,,,,,,1.0,0.7492991500419279,,1,140,1,exact,0.14968752607658267,201,,,,,,0.00014437500067288056,ca39cc34ba16be3cdf9cbbf08184008785ab76f6
dv3-B-thomas-060359,3,B,thomas,60359,6,,359,3:2:1:60359,,test,5,125.0,1.1486185119365304,0.45,,,,,,,,,108.82638465338191,0.04024922359499621,,,,,,,,1.0,0.7492991500419279,,1,120,1,exact,0.14968752607658267,188,,,,,,0.00013020799815421924,848bdd16b50626579bd67cbd3d01f01fbbe1561b
dv3-B-thomas-060360,3,B,thomas,60360,6,,360,3:2:1:60360,,test,5,125.0,1.1486185119365304,0.45,,,,,,,,,108.82638465338191,0.04024922359499621,,,,,,,,1.0,0.7492991500419279,,1,123,1,exact,0.14968752607658267,168,,,,,,0.0001229169974976685,b031f9816b6dd849789461af5afb8fcecd9f8865
dv3-B-thomas-060361,3,B,thomas,60361,6,,361,3:2:1:60361,,test,5,125.0,1.1486185119365304,0.45,,,,,,,,,108.82638465338191,0.04024922359499621,,,,,,,,1.0,0.7492991500419279,,1,157,1,exact,0.14968752607658267,184,,,,,,0.0001454580014979001,797d08c9421c9a3dc157387355064b32200b7029
dv3-B-thomas-060362,3,B,thomas,60362,6,,362,3:2:1:60362,,test,5,125.0,1.1486185119365304,0.45,,,,,,,,,108.82638465338191,0.04024922359499621,,,,,,,,1.0,0.7492991500419279,,1,89,1,exact,0.14968752607658267,152,,,,,,0.00012066700219293125,943f8e39397febed84c3c4c1af8ff4ad87b6154b
dv3-B-thomas-060363,3,B,thomas,60363,6,,363,3:2:1:60363,,test,5,125.0,1.1486185119365304,0.45,,,,,,,,,108.82638465338191,0.04024922359499621,,,,,,,,1.0,0.7492991500419279,,1,130,1,exact,0.14968752607658267,179,,,,,,0.0001331249986833427,826abdc17e3d792567d1617f8dfb247ccf63ea05
dv3-B-thomas-060364,3,B,thomas,60364,6,,364,3:2:1:60364,,test,5,125.0,1.1486185119365304,0.45,,,,,,,,,108.82638465338191,0.04024922359499621,,,,,,,,1.0,0.7492991500419279,,1,86,1,exact,0.14968752607658267,167,,,,,,0.00013954200039734133,656e377f64bc0254331c6cd1a6d717b1437efc2e
dv3-B-thomas-060365,3,B,thomas,60365,6,,365,3:2:1:60365,,test,5,125.0,1.1486185119365304,0.45,,,,,,,,,108.82638465338191,0.04024922359499621,,,,,,,,1.0,0.7492991500419279,,1,130,1,exact,0.14968752607658267,187,,,,,,0.00015508299838984385,1da73bf9ee653419b8916616cda1d1f1f986cc5f
dv3-B-thomas-060366,3,B,thomas,60366,6,,366,3:2:1:60366,,test,5,125.0,1.1486185119365304,0.45,,,,,,,,,108.82638465338191,0.04024922359499621,,,,,,,,1.0,0.7492991500419279,,1,109,1,exact,0.14968752607658267,180,,,,,,8.99580008990597e-05,452a5f7ccc7c5b95d5adef722d12b94dd5e1abb2
dv3-B-thomas-060367,3,B,thomas,60367,6,,367,3:2:1:60367,,test,5,125.0,1.1486185119365304,0.45,,,,,,,,,108.82638465338191,0.04024922359499621,,,,,,,,1.0,0.7492991500419279,,1,112,1,exact,0.14968752607658267,171,,,,,,7.045799793559127e-05,4b90a9e60cb81d662b146f3b86a23c9055260c71
dv3-B-thomas-060368,3,B,thomas,60368,6,,368,3:2:1:60368,,test,5,125.0,1.1486185119365304,0.45,,,,,,,,,108.82638465338191,0.04024922359499621,,,,,,,,1.0,0.7492991500419279,,1,163,1,exact,0.14968752607658267,206,,,,,,7.004199869697914e-05,3a3314f72ba2d6438aa2651faf5196e0d73367f0
dv3-B-thomas-060369,3,B,thomas,60369,6,,369,3:2:1:60369,,test,5,125.0,1.1486185119365304,0.45,,,,,,,,,108.82638465338191,0.04024922359499621,,,,,,,,1.0,0.7492991500419279,,1,103,1,exact,0.14968752607658267,187,,,,,,6.783400021959096e-05,ae405da51b217eac9d6271b17b34ea143b4dc30f
dv3-B-thomas-060370,3,B,thomas,60370,6,,370,3:2:1:60370,,test,5,125.0,1.1486185119365304,0.45,,,,,,,,,108.82638465338191,0.04024922359499621,,,,,,,,1.0,0.7492991500419279,,1,109,1,exact,0.14968752607658267,170,,,,,,6.508400110760704e-05,37a3142a319b779b44ff4869a83afd774b6dfd92
dv3-B-thomas-060371,3,B,thomas,60371,6,,371,3:2:1:60371,,test,5,125.0,1.1486185119365304,0.45,,,,,,,,,108.82638465338191,0.04024922359499621,,,,,,,,1.0,0.7492991500419279,,1,126,1,exact,0.14968752607658267,193,,,,,,6.479199873865582e-05,519b21df072749c55f475775eca48d866a6e000a
dv3-B-thomas-060372,3,B,thomas,60372,6,,372,3:2:1:60372,,test,5,125.0,1.1486185119365304,0.45,,,,,,,,,108.82638465338191,0.04024922359499621,,,,,,,,1.0,0.7492991500419279,,1,112,1,exact,0.14968752607658267,194,,,,,,0.0002879170024243649,39ee08c0ca2001774723594c44fb46332043588c
dv3-B-thomas-060373,3,B,thomas,60373,6,,373,3:2:1:60373,,test,5,125.0,1.1486185119365304,0.45,,,,,,,,,108.82638465338191,0.04024922359499621,,,,,,,,1.0,0.7492991500419279,,1,129,1,exact,0.14968752607658267,190,,,,,,0.00018779200036078691,8dac19f1217e378b7e2a17dab14db4d71e06c356
dv3-B-thomas-060374,3,B,thomas,60374,6,,374,3:2:1:60374,,test,5,125.0,1.1486185119365304,0.45,,,,,,,,,108.82638465338191,0.04024922359499621,,,,,,,,1.0,0.7492991500419279,,1,96,1,exact,0.14968752607658267,158,,,,,,0.00014487500084214844,9235ed13b4e8d191c11e39e2e317889eced1cb82
dv3-B-thomas-060375,3,B,thomas,60375,6,,375,3:2:1:60375,,test,5,125.0,1.1486185119365304,0.45,,,,,,,,,108.82638465338191,0.04024922359499621,,,,,,,,1.0,0.7492991500419279,,1,136,1,exact,0.14968752607658267,175,,,,,,0.00014395900143426843,0af566fa25c102ece3d756f7851b10d9ab01836e
dv3-B-thomas-060376,3,B,thomas,60376,6,,376,3:2:1:60376,,test,5,125.0,1.1486185119365304,0.45,,,,,,,,,108.82638465338191,0.04024922359499621,,,,,,,,1.0,0.7492991500419279,,1,136,1,exact,0.14968752607658267,177,,,,,,0.00024845900043146685,6de81796fa810ae023340280a1cf3ea8f9164a7c
dv3-B-thomas-060377,3,B,thomas,60377,6,,377,3:2:1:60377,,test,5,125.0,1.1486185119365304,0.45,,,,,,,,,108.82638465338191,0.04024922359499621,,,,,,,,1.0,0.7492991500419279,,1,101,1,exact,0.14968752607658267,176,,,,,,0.0001147499970102217,f692168f46d5c8c20ed7c42d7b7404c1489786d4
dv3-B-thomas-060378,3,B,thomas,60378,6,,378,3:2:1:60378,,test,5,125.0,1.1486185119365304,0.45,,,,,,,,,108.82638465338191,0.04024922359499621,,,,,,,,1.0,0.7492991500419279,,1,128,1,exact,0.14968752607658267,153,,,,,,8.191699816961773e-05,5a9396c067dd99bc8da2b634de5f317d35d88917
dv3-B-thomas-060379,3,B,thomas,60379,6,,379,3:2:1:60379,,test,5,125.0,1.1486185119365304,0.45,,,,,,,,,108.82638465338191,0.04024922359499621,,,,,,,,1.0,0.7492991500419279,,1,116,1,exact,0.14968752607658267,201,,,,,,7.658300091861747e-05,a92c0ba8f9e585fe37658ee5ec8f2c1a61b87afe
dv3-B-thomas-060380,3,B,thomas,60380,6,,380,3:2:1:60380,,test,5,125.0,1.1486185119365304,0.45,,,,,,,,,108.82638465338191,0.04024922359499621,,,,,,,,1.0,0.7492991500419279,,1,101,1,exact,0.14968752607658267,181,,,,,,7.016599920461886e-05,f6cdaa482fbddcb51ac2f1698f56c7e319ff30ff
dv3-B-thomas-060381,3,B,thomas,60381,6,,381,3:2:1:60381,,test,5,125.0,1.1486185119365304,0.45,,,,,,,,,108.82638465338191,0.04024922359499621,,,,,,,,1.0,0.7492991500419279,,1,132,1,exact,0.14968752607658267,187,,,,,,7.029200060060248e-05,a0cdf7fc0c70407b8a17af835752cf2d7c8f29b1
dv3-B-thomas-060382,3,B,thomas,60382,6,,382,3:2:1:60382,,test,5,125.0,1.1486185119365304,0.45,,,,,,,,,108.82638465338191,0.04024922359499621,,,,,,,,1.0,0.7492991500419279,,1,133,1,exact,0.14968752607658267,210,,,,,,6.895900150993839e-05,0efbecd92f28128a737785f374a63c528d7f84ee
dv3-B-thomas-060383,3,B,thomas,60383,6,,383,3:2:1:60383,,test,5,125.0,1.1486185119365304,0.45,,,,,,,,,108.82638465338191,0.04024922359499621,,,,,,,,1.0,0.7492991500419279,,1,113,1,exact,0.14968752607658267,180,,,,,,0.00020358300025691278,aad0d3f70c7d80ebe06859f23d25b5f1bc946e4e
dv3-B-thomas-060384,3,B,thomas,60384,6,,384,3:2:1:60384,,test,5,125.0,1.1486185119365304,0.45,,,,,,,,,108.82638465338191,0.04024922359499621,,,,,,,,1.0,0.7492991500419279,,1,133,1,exact,0.14968752607658267,191,,,,,,0.00015116600116016343,c23754cbc14d149ecf0ef4dda692e0a108b00ad7
dv3-B-thomas-060385,3,B,thomas,60385,6,,385,3:2:1:60385,,test,5,125.0,1.1486185119365304,0.45,,,,,,,,,108.82638465338191,0.04024922359499621,,,,,,,,1.0,0.7492991500419279,,1,134,1,exact,0.14968752607658267,180,,,,,,0.00012920799781568348,f4ec74f6861431979c365f4dd8981cecf378ba5a
dv3-B-thomas-060386,3,B,thomas,60386,6,,386,3:2:1:60386,,test,5,125.0,1.1486185119365304,0.45,,,,,,,,,108.82638465338191,0.04024922359499621,,,,,,,,1.0,0.7492991500419279,,1,132,1,exact,0.14968752607658267,172,,,,,,0.0001246250030817464,a3512aed0f42dd1c447c8580121c4701a4f13b0a
dv3-B-thomas-060387,3,B,thomas,60387,6,,387,3:2:1:60387,,test,5,125.0,1.1486185119365304,0.45,,,,,,,,,108.82638465338191,0.04024922359499621,,,,,,,,1.0,0.7492991500419279,,1,133,1,exact,0.14968752607658267,179,,,,,,0.00012491600136854686,fe75b09f6a18d0fd27ee63136e4951e443dd16db
dv3-B-thomas-060388,3,B,thomas,60388,6,,388,3:2:1:60388,,test,5,125.0,1.1486185119365304,0.45,,,,,,,,,108.82638465338191,0.04024922359499621,,,,,,,,1.0,0.7492991500419279,,1,104,1,exact,0.14968752607658267,190,,,,,,0.00012779100143234245,21364f3d70e13a026e769c5528b05b8431446a24
dv3-B-thomas-060389,3,B,thomas,60389,6,,389,3:2:1:60389,,test,5,125.0,1.1486185119365304,0.45,,,,,,,,,108.82638465338191,0.04024922359499621,,,,,,,,1.0,0.7492991500419279,,1,115,1,exact,0.14968752607658267,191,,,,,,0.00012412500291247852,15431c83f7ad324d7e5aa15448f59f281412a2a5
dv3-B-thomas-060390,3,B,thomas,60390,6,,390,3:2:1:60390,,test,5,125.0,1.1486185119365304,0.45,,,,,,,,,108.82638465338191,0.04024922359499621,,,,,,,,1.0,0.7492991500419279,,1,109,1,exact,0.14968752607658267,164,,,,,,0.00012287500067031942,3bccf1cdc707f297731b520b72f83dcfd0f46a9c
dv3-B-thomas-060391,3,B,thomas,60391,6,,391,3:2:1:60391,,test,5,125.0,1.1486185119365304,0.45,,,,,,,,,108.82638465338191,0.04024922359499621,,,,,,,,1.0,0.7492991500419279,,1,137,1,exact,0.14968752607658267,191,,,,,,0.00012720900122076273,ea4d98a7652952c59fdc48139dcba9e3f06701c4
dv3-B-thomas-060392,3,B,thomas,60392,6,,392,3:2:1:60392,,test,5,125.0,1.1486185119365304,0.45,,,,,,,,,108.82638465338191,0.04024922359499621,,,,,,,,1.0,0.7492991500419279,,1,124,1,exact,0.14968752607658267,180,,,,,,0.00013366700295591727,905c8a7329eed2b5267aeab6b5d8c734b488e327
dv3-B-thomas-060393,3,B,thomas,60393,6,,393,3:2:1:60393,,test,5,125.0,1.1486185119365304,0.45,,,,,,,,,108.82638465338191,0.04024922359499621,,,,,,,,1.0,0.7492991500419279,,1,133,1,exact,0.14968752607658267,191,,,,,,0.00012683399836532772,ba054aaed5bc0106594e80f3ad2d0fcf7bc2260f
dv3-B-thomas-060394,3,B,thomas,60394,6,,394,3:2:1:60394,,test,5,125.0,1.1486185119365304,0.45,,,,,,,,,108.82638465338191,0.04024922359499621,,,,,,,,1.0,0.7492991500419279,,1,125,1,exact,0.14968752607658267,177,,,,,,0.0001225829983013682,7c3e5096ecc6218bbf6eb13c0cdb76686164456a
dv3-B-thomas-060395,3,B,thomas,60395,6,,395,3:2:1:60395,,test,5,125.0,1.1486185119365304,0.45,,,,,,,,,108.82638465338191,0.04024922359499621,,,,,,,,1.0,0.7492991500419279,,1,103,1,exact,0.14968752607658267,192,,,,,,0.00012258399874554016,4fb11074dc378aee51d43c185541e5585bd96087
dv3-B-thomas-060396,3,B,thomas,60396,6,,396,3:2:1:60396,,test,5,125.0,1.1486185119365304,0.45,,,,,,,,,108.82638465338191,0.04024922359499621,,,,,,,,1.0,0.7492991500419279,,1,117,1,exact,0.14968752607658267,192,,,,,,0.00013358300202526152,382e4e167630e5f6b87a50bb261d6840835f8fa3
dv3-B-thomas-060397,3,B,thomas,60397,6,,397,3:2:1:60397,,test,5,125.0,1.1486185119365304,0.45,,,,,,,,,108.82638465338191,0.04024922359499621,,,,,,,,1.0,0.7492991500419279,,1,121,1,exact,0.14968752607658267,169,,,,,,0.00012620900088222697,24ca9e89f060d065e8e293b5360e07d1b5065910
dv3-B-thomas-060398,3,B,thomas,60398,6,,398,3:2:1:60398,,test,5,125.0,1.1486185119365304,0.45,,,,,,,,,108.82638465338191,0.04024922359499621,,,,,,,,1.0,0.7492991500419279,,1,116,1,exact,0.14968752607658267,170,,,,,,0.00012687499838648364,8bf65353bc258a98c4113b09704314f0a05fdf6f
dv3-B-thomas-060399,3,B,thomas,60399,6,,399,3:2:1:60399,,test,5,125.0,1.1486185119365304,0.45,,,,,,,,,108.82638465338191,0.04024922359499621,,,,,,,,1.0,0.7492991500419279,,1,128,1,exact,0.14968752607658267,189,,,,,,0.00013845800276612863,5fddb213da7f519edc2d0a0c206f6ecb7ca27d5b
dv3-B-thomas-070000,3,B,thomas,70000,7,,0,3:2:1:70000,,test,5,125.0,2.4251012954708617,0.45,,,,,,,,,51.54423868126704,0.04024922359499621,,,,,,,,2.0,0.7492991500419279,,1,130,1,exact,0.14968752607658267,77,,,,,,0.0001239160010300111,de81ccb2b1e7745af4b909b60de1a87282e4f23a
dv3-B-thomas-070001,3,B,thomas,70001,7,,1,3:2:1:70001,,test,5,125.0,2.4251012954708617,0.45,,,,,,,,,51.54423868126704,0.04024922359499621,,,,,,,,2.0,0.7492991500419279,,1,133,1,exact,0.14968752607658267,91,,,,,,0.0001263330013898667,70517c1a6c5e010e1a8735ef73da76cfe4315a89
dv3-B-thomas-070002,3,B,thomas,70002,7,,2,3:2:1:70002,,test,5,125.0,2.4251012954708617,0.45,,,,,,,,,51.54423868126704,0.04024922359499621,,,,,,,,2.0,0.7492991500419279,,1,151,1,exact,0.14968752607658267,84,,,,,,0.0002995409995492082,eb197de141035ba8bc4195cf9c11126aec435f3b
dv3-B-thomas-070003,3,B,thomas,70003,7,,3,3:2:1:70003,,test,5,125.0,2.4251012954708617,0.45,,,,,,,,,51.54423868126704,0.04024922359499621,,,,,,,,2.0,0.7492991500419279,,1,115,1,exact,0.14968752607658267,95,,,,,,0.0003057079993595835,ffe2188f30a575aee2357a7e62a90ad6b5240b1f
dv3-B-thomas-070004,3,B,thomas,70004,7,,4,3:2:1:70004,,test,5,125.0,2.4251012954708617,0.45,,,,,,,,,51.54423868126704,0.04024922359499621,,,,,,,,2.0,0.7492991500419279,,1,176,1,exact,0.14968752607658267,111,,,,,,0.00017174999811686575,83399bc621933a656462e91514d811627b01edc5
dv3-B-thomas-070005,3,B,thomas,70005,7,,5,3:2:1:70005,,test,5,125.0,2.4251012954708617,0.45,,,,,,,,,51.54423868126704,0.04024922359499621,,,,,,,,2.0,0.7492991500419279,,1,155,1,exact,0.14968752607658267,95,,,,,,0.00022304099911707453,3ca7e4d05cee269e412a398c3ab8750a5fb8e811
dv3-B-thomas-070006,3,B,thomas,70006,7,,6,3:2:1:70006,,test,5,125.0,2.4251012954708617,0.45,,,,,,,,,51.54423868126704,0.04024922359499621,,,,,,,,2.0,0.7492991500419279,,1,122,1,exact,0.14968752607658267,88,,,,,,0.00015691700173192658,8e40ac369c284982cfb959e5c7c7dcd2bcfe9627
dv3-B-thomas-070007,3,B,thomas,70007,7,,7,3:2:1:70007,,test,5,125.0,2.4251012954708617,0.45,,,,,,,,,51.54423868126704,0.04024922359499621,,,,,,,,2.0,0.7492991500419279,,1,119,1,exact,0.14968752607658267,86,,,,,,0.00014333400031318888,23a931ed441d21a69d727f7f64c413a7dbf66565
dv3-B-thomas-070008,3,B,thomas,70008,7,,8,3:2:1:70008,,test,5,125.0,2.4251012954708617,0.45,,,,,,,,,51.54423868126704,0.04024922359499621,,,,,,,,2.0,0.7492991500419279,,1,138,1,exact,0.14968752607658267,76,,,,,,0.0001328329999523703,455623d20fe44433866bf8c1538edfacbce0ed77
dv3-B-thomas-070009,3,B,thomas,70009,7,,9,3:2:1:70009,,test,5,125.0,2.4251012954708617,0.45,,,,,,,,,51.54423868126704,0.04024922359499621,,,,,,,,2.0,0.7492991500419279,,1,123,1,exact,0.14968752607658267,81,,,,,,0.00013670800035470165,cf10a36790112491b231d60f8dc86b108df912e0
dv3-B-thomas-070010,3,B,thomas,70010,7,,10,3:2:1:70010,,test,5,125.0,2.4251012954708617,0.45,,,,,,,,,51.54423868126704,0.04024922359499621,,,,,,,,2.0,0.7492991500419279,,1,132,1,exact,0.14968752607658267,80,,,,,,0.0001323750002484303,982d602ebb3d68e9fc0a1ef71de40209e7ebb8cb
dv3-B-thomas-070011,3,B,thomas,70011,7,,11,3:2:1:70011,,test,5,125.0,2.4251012954708617,0.45,,,,,,,,,51.54423868126704,0.04024922359499621,,,,,,,,2.0,0.7492991500419279,,1,126,1,exact,0.14968752607658267,96,,,,,,0.00012566599980345927,ce82589ab87c4bcdf9ed073163d65d4a3a2bc6a3
dv3-B-thomas-070012,3,B,thomas,70012,7,,12,3:2:1:70012,,test,5,125.0,2.4251012954708617,0.45,,,,,,,,,51.54423868126704,0.04024922359499621,,,,,,,,2.0,0.7492991500419279,,1,116,1,exact,0.14968752607658267,88,,,,,,0.00013000000035390258,647909993b3bcff43816ed574f81421c862a0104
dv3-B-thomas-070013,3,B,thomas,70013,7,,13,3:2:1:70013,,test,5,125.0,2.4251012954708617,0.45,,,,,,,,,51.54423868126704,0.04024922359499621,,,,,,,,2.0,0.7492991500419279,,1,111,1,exact,0.14968752607658267,84,,,,,,0.00013158300134819,0da52b957027b734fb7a1e7fe5f9e3f3a7d686a9
dv3-B-thomas-070014,3,B,thomas,70014,7,,14,3:2:1:70014,,test,5,125.0,2.4251012954708617,0.45,,,,,,,,,51.54423868126704,0.04024922359499621,,,,,,,,2.0,0.7492991500419279,,1,119,1,exact,0.14968752607658267,80,,,,,,0.0001299579998885747,2d53d64b56c902330365d57197ea9626c9ce8e79
dv3-B-thomas-070015,3,B,thomas,70015,7,,15,3:2:1:70015,,test,5,125.0,2.4251012954708617,0.45,,,,,,,,,51.54423868126704,0.04024922359499621,,,,,,,,2.0,0.7492991500419279,,1,130,1,exact,0.14968752607658267,85,,,,,,0.00013379200026975013,065bdd020b42d7fd0ffc21932c986eac489149f3
dv3-B-thomas-070016,3,B,thomas,70016,7,,16,3:2:1:70016,,test,5,125.0,2.4251012954708617,0.45,,,,,,,,,51.54423868126704,0.04024922359499621,,,,,,,,2.0,0.7492991500419279,,1,127,1,exact,0.14968752607658267,87,,,,,,0.00013216699881013483,f3e1aea04533478690b68f59209d27518c364cf4
dv3-B-thomas-070017,3,B,thomas,70017,7,,17,3:2:1:70017,,test,5,125.0,2.4251012954708617,0.45,,,,,,,,,51.54423868126704,0.04024922359499621,,,,,,,,2.0,0.7492991500419279,,1,152,1,exact,0.14968752607658267,94,,,,,,0.00013416699948720634,d26307a7317829ea359fdf8b46fab3254af94f9b
dv3-B-thomas-070018,3,B,thomas,70018,7,,18,3:2:1:70018,,test,5,125.0,2.4251012954708617,0.45,,,,,,,,,51.54423868126704,0.04024922359499621,,,,,,,,2.0,0.7492991500419279,,1,148,1,exact,0.14968752607658267,84,,,,,,0.00013008400128455833,cbb90fa7a4cba9de97cab9776fcf438f8fb0f4ba
dv3-B-thomas-070019,3,B,thomas,70019,7,,19,3:2:1:70019,,test,5,125.0,2.4251012954708617,0.45,,,,,,,,,51.54423868126704,0.04024922359499621,,,,,,,,2.0,0.7492991500419279,,1,118,1,exact,0.14968752607658267,82,,,,,,0.00012741599857690744,467f6a65d97c57b79bdc75d7c989b88aecb777c6
dv3-B-thomas-070020,3,B,thomas,70020,7,,20,3:2:1:70020,,test,5,125.0,2.4251012954708617,0.45,,,,,,,,,51.54423868126704,0.04024922359499621,,,,,,,,2.0,0.7492991500419279,,1,119,1,exact,0.14968752607658267,90,,,,,,0.0001372500009892974,9504d056a8bd9cd6a7b9d9e9f00ae7e4706c24f5
dv3-B-thomas-070021,3,B,thomas,70021,7,,21,3:2:1:70021,,test,5,125.0,2.4251012954708617,0.45,,,,,,,,,51.54423868126704,0.04024922359499621,,,,,,,,2.0,0.7492991500419279,,1,142,1,exact,0.14968752607658267,90,,,,,,0.00013508299889508635,2e4f418e0a1920963b629e4dc36e4bd14812cbac
dv3-B-thomas-070022,3,B,thomas,70022,7,,22,3:2:1:70022,,test,5,125.0,2.4251012954708617,0.45,,,,,,,,,51.54423868126704,0.04024922359499621,,,,,,,,2.0,0.7492991500419279,,1,140,1,exact,0.14968752607658267,94,,,,,,0.00013099999705445953,debbc3e2c5540617ffde98aabe4098768328fabc
dv3-B-thomas-070023,3,B,thomas,70023,7,,23,3:2:1:70023,,test,5,125.0,2.4251012954708617,0.45,,,,,,,,,51.54423868126704,0.04024922359499621,,,,,,,,2.0,0.7492991500419279,,1,108,1,exact,0.14968752607658267,78,,,,,,0.0001274999995075632,5fa13753ee6d7b4050b492780837b7e2c0ebf883
dv3-B-thomas-070024,3,B,thomas,70024,7,,24,3:2:1:70024,,test,5,125.0,2.4251012954708617,0.45,,,,,,,,,51.54423868126704,0.04024922359499621,,,,,,,,2.0,0.7492991500419279,,1,136,1,exact,0.14968752607658267,94,,,,,,0.00012333400081843138,dfc3d0af3eb7186d6dd4738410f40d15028199e0
dv3-B-thomas-070025,3,B,thomas,70025,7,,25,3:2:1:70025,,test,5,125.0,2.4251012954708617,0.45,,,,,,,,,51.54423868126704,0.04024922359499621,,,,,,,,2.0,0.7492991500419279,,1,125,1,exact,0.14968752607658267,90,,,,,,0.00012041599984513596,aa61e1b7d8905440f34ba8e8920031ec84161feb
dv3-B-thomas-070026,3,B,thomas,70026,7,,26,3:2:1:70026,,test,5,125.0,2.4251012954708617,0.45,,,,,,,,,51.54423868126704,0.04024922359499621,,,,,,,,2.0,0.7492991500419279,,1,124,1,exact,0.14968752607658267,96,,,,,,0.0001277919982385356,ff7b530eecb014c245c9f219831ef87498a4e4d6
dv3-B-thomas-070027,3,B,thomas,70027,7,,27,3:2:1:70027,,test,5,125.0,2.4251012954708617,0.45,,,,,,,,,51.54423868126704,0.04024922359499621,,,,,,,,2.0,0.7492991500419279,,1,130,1,exact,0.14968752607658267,86,,,,,,0.00012104200141038746,0ffe158ee646ba581416fb9667633a8e6481e5cf
dv3-B-thomas-070028,3,B,thomas,70028,7,,28,3:2:1:70028,,test,5,125.0,2.4251012954708617,0.45,,,,,,,,,51.54423868126704,0.04024922359499621,,,,,,,,2.0,0.7492991500419279,,1,127,1,exact,0.14968752607658267,83,,,,,,0.00012945799971930683,895e1fcef6e54407ecd56417c55ed3a7e9fb5ca1
dv3-B-thomas-070029,3,B,thomas,70029,7,,29,3:2:1:70029,,test,5,125.0,2.4251012954708617,0.45,,,,,,,,,51.54423868126704,0.04024922359499621,,,,,,,,2.0,0.7492991500419279,,1,113,1,exact,0.14968752607658267,89,,,,,,0.00012141700062784366,2d982216326b60181bbf75cb38bb51626e3c8488
dv3-B-thomas-070030,3,B,thomas,70030,7,,30,3:2:1:70030,,test,5,125.0,2.4251012954708617,0.45,,,,,,,,,51.54423868126704,0.04024922359499621,,,,,,,,2.0,0.7492991500419279,,1,118,1,exact,0.14968752607658267,83,,,,,,0.00011833300231955945,d48b69b23a1857d2dfdcfa8e846e11f63085a14e
dv3-B-thomas-070031,3,B,thomas,70031,7,,31,3:2:1:70031,,test,5,125.0,2.4251012954708617,0.45,,,,,,,,,51.54423868126704,0.04024922359499621,,,,,,,,2.0,0.7492991500419279,,1,142,1,exact,0.14968752607658267,80,,,,,,0.00012150000111432746,e3dd33743f5bb2474ddbba6e960a0f60a02a6891
dv3-B-thomas-070032,3,B,thomas,70032,7,,32,3:2:1:70032,,test,5,125.0,2.4251012954708617,0.45,,,,,,,,,51.54423868126704,0.04024922359499621,,,,,,,,2.0,0.7492991500419279,,1,121,1,exact,0.14968752607658267,84,,,,,,0.00012162500206613913,4bb3b37650a032c1714843c26b448da68e2454c5
dv3-B-thomas-070033,3,B,thomas,70033,7,,33,3:2:1:70033,,test,5,125.0,2.4251012954708617,0.45,,,,,,,,,51.54423868126704,0.04024922359499621,,,,,,,,2.0,0.7492991500419279,,1,127,1,exact,0.14968752607658267,87,,,,,,0.0001309159997617826,24c8b9aac65abfc507eadada4057bde570de8c83
dv3-B-thomas-070034,3,B,thomas,70034,7,,34,3:2:1:70034,,test,5,125.0,2.4251012954708617,0.45,,,,,,,,,51.54423868126704,0.04024922359499621,,,,,,,,2.0,0.7492991500419279,,1,146,1,exact,0.14968752607658267,84,,,,,,0.0001247079999302514,105686706ded265c62217a2742f80acfe75f4579
dv3-B-thomas-070035,3,B,thomas,70035,7,,35,3:2:1:70035,,test,5,125.0,2.4251012954708617,0.45,,,,,,,,,51.54423868126704,0.04024922359499621,,,,,,,,2.0,0.7492991500419279,,1,122,1,exact,0.14968752607658267,72,,,,,,0.0001225829983013682,c9a94053a448afb0dae8c0af8bd0faf1b8e50706
dv3-B-thomas-070036,3,B,thomas,70036,7,,36,3:2:1:70036,,test,5,125.0,2.4251012954708617,0.45,,,,,,,,,51.54423868126704,0.04024922359499621,,,,,,,,2.0,0.7492991500419279,,1,142,1,exact,0.14968752607658267,95,,,,,,0.00012612499995157123,441b61e12fce5404bcf3fda88925e8902fceddb2
dv3-B-thomas-070037,3,B,thomas,70037,7,,37,3:2:1:70037,,test,5,125.0,2.4251012954708617,0.45,,,,,,,,,51.54423868126704,0.04024922359499621,,,,,,,,2.0,0.7492991500419279,,1,108,1,exact,0.14968752607658267,91,,,,,,0.00012512499961303547,ff3344b4a6a0141112207be2e6ba1481e898facb
dv3-B-thomas-070038,3,B,thomas,70038,7,,38,3:2:1:70038,,test,5,125.0,2.4251012954708617,0.45,,,,,,,,,51.54423868126704,0.04024922359499621,,,,,,,,2.0,0.7492991500419279,,1,150,1,exact,0.14968752607658267,111,,,,,,0.00013175000276532955,2eb28604a04b7f97909f10391ebc8a53ae370c44
dv3-B-thomas-070039,3,B,thomas,70039,7,,39,3:2:1:70039,,test,5,125.0,2.4251012954708617,0.45,,,,,,,,,51.54423868126704,0.04024922359499621,,,,,,,,2.0,0.7492991500419279,,1,137,1,exact,0.14968752607658267,103,,,,,,0.00013920899800723419,561019ebcc0993ca8707532c3c90f2bb7d330421
dv3-B-thomas-070040,3,B,thomas,70040,7,,40,3:2:1:70040,,test,5,125.0,2.4251012954708617,0.45,,,,,,,,,51.54423868126704,0.04024922359499621,,,,,,,,2.0,0.7492991500419279,,1,99,1,exact,0.14968752607658267,80,,,,,,0.0001222909995703958,495bc59b021899439367c45b54753f5fc9915736
dv3-B-thomas-070041,3,B,thomas,70041,7,,41,3:2:1:70041,,test,5,125.0,2.4251012954708617,0.45,,,,,,,,,51.54423868126704,0.04024922359499621,,,,,,,,2.0,0.7492991500419279,,1,134,1,exact,0.14968752607658267,77,,,,,,0.00012270799925317988,6be6743103584ca3c49f4cf17d890def29f2dfa6
dv3-B-thomas-070042,3,B,thomas,70042,7,,42,3:2:1:70042,,test,5,125.0,2.4251012954708617,0.45,,,,,,,,,51.54423868126704,0.04024922359499621,,,,,,,,2.0,0.7492991500419279,,1,112,1,exact,0.14968752607658267,75,,,,,,0.00012983299893676303,7e9d293211d19b2a7dfbd1b4004131af6d2039a0
dv3-B-thomas-070043,3,B,thomas,70043,7,,43,3:2:1:70043,,test,5,125.0,2.4251012954708617,0.45,,,,,,,,,51.54423868126704,0.04024922359499621,,,,,,,,2.0,0.7492991500419279,,1,86,1,exact,0.14968752607658267,82,,,,,,0.0001305839978158474,45283497b8fbcaa38b3191d432a9d5777ef00e52
dv3-B-thomas-070044,3,B,thomas,70044,7,,44,3:2:1:70044,,test,5,125.0,2.4251012954708617,0.45,,,,,,,,,51.54423868126704,0.04024922359499621,,,,,,,,2.0,0.7492991500419279,,1,134,1,exact,0.14968752607658267,85,,,,,,0.00023724999846308492,6201973efed8143713fd67c5ba0bd90f162108c7
dv3-B-thomas-070045,3,B,thomas,70045,7,,45,3:2:1:70045,,test,5,125.0,2.4251012954708617,0.45,,,,,,,,,51.54423868126704,0.04024922359499621,,,,,,,,2.0,0.7492991500419279,,1,124,1,exact,0.14968752607658267,80,,,,,,0.00015958299991325475,f4bcd9f944039a2d5657789d60b23e5bee2e1159
dv3-B-thomas-070046,3,B,thomas,70046,7,,46,3:2:1:70046,,test,5,125.0,2.4251012954708617,0.45,,,,,,,,,51.54423868126704,0.04024922359499621,,,,,,,,2.0,0.7492991500419279,,1,119,1,exact,0.14968752607658267,87,,,,,,7.370900129899383e-05,fcb1651787698b55df1fbf283965c58c8cbc2a0c
dv3-B-thomas-070047,3,B,thomas,70047,7,,47,3:2:1:70047,,test,5,125.0,2.4251012954708617,0.45,,,,,,,,,51.54423868126704,0.04024922359499621,,,,,,,,2.0,0.7492991500419279,,1,131,1,exact,0.14968752607658267,92,,,,,,6.81670026096981e-05,479e8c1e112ba08ea25903e61b5c72921fafc849
dv3-B-thomas-070048,3,B,thomas,70048,7,,48,3:2:1:70048,,test,5,125.0,2.4251012954708617,0.45,,,,,,,,,51.54423868126704,0.04024922359499621,,,,,,,,2.0,0.7492991500419279,,1,150,1,exact,0.14968752607658267,95,,,,,,6.637499973294325e-05,e46aae5aae4676baec9ea08aa7cb702dc220b3eb
dv3-B-thomas-070049,3,B,thomas,70049,7,,49,3:2:1:70049,,test,5,125.0,2.4251012954708617,0.45,,,,,,,,,51.54423868126704,0.04024922359499621,,,,,,,,2.0,0.7492991500419279,,1,135,1,exact,0.14968752607658267,87,,,,,,6.379200203809887e-05,50be0c0b4c0318617ed93df18fe3319f82abe79e
dv3-B-thomas-070050,3,B,thomas,70050,7,,50,3:2:1:70050,,test,5,125.0,2.4251012954708617,0.45,,,,,,,,,51.54423868126704,0.04024922359499621,,,,,,,,2.0,0.7492991500419279,,1,119,1,exact,0.14968752607658267,90,,,,,,6.341599873849191e-05,60df0075125a74b171e8f17d49180adf6ad4c23e
dv3-B-thomas-070051,3,B,thomas,70051,7,,51,3:2:1:70051,,test,5,125.0,2.4251012954708617,0.45,,,,,,,,,51.54423868126704,0.04024922359499621,,,,,,,,2.0,0.7492991500419279,,1,127,1,exact,0.14968752607658267,89,,,,,,6.29579990345519e-05,021b171e978f63cc58d2e295c15b6219e460e66e
dv3-B-thomas-070052,3,B,thomas,70052,7,,52,3:2:1:70052,,test,5,125.0,2.4251012954708617,0.45,,,,,,,,,51.54423868126704,0.04024922359499621,,,,,,,,2.0,0.7492991500419279,,1,94,1,exact,0.14968752607658267,74,,,,,,0.0002143340025213547,c13533f6b37e71c2f0c0e6c39eb67f2fdd19e6b3
dv3-B-thomas-070053,3,B,thomas,70053,7,,53,3:2:1:70053,,test,5,125.0,2.4251012954708617,0.45,,,,,,,,,51.54423868126704,0.04024922359499621,,,,,,,,2.0,0.7492991500419279,,1,139,1,exact,0.14968752607658267,96,,,,,,0.0001560829987283796,95df91c1a32eab89bad532acc01a37e4d6496e17
dv3-B-thomas-070054,3,B,thomas,70054,7,,54,3:2:1:70054,,test,5,125.0,2.4251012954708617,0.45,,,,,,,,,51.54423868126704,0.04024922359499621,,,,,,,,2.0,0.7492991500419279,,1,115,1,exact,0.14968752607658267,85,,,,,,0.00015141700350795873,13864a8cb54d613ceebecd7f05e4b141ffe98b54
dv3-B-thomas-070055,3,B,thomas,70055,7,,55,3:2:1:70055,,test,5,125.0,2.4251012954708617,0.45,,,,,,,,,51.54423868126704,0.04024922359499621,,,,,,,,2.0,0.7492991500419279,,1,135,1,exact,0.14968752607658267,99,,,,,,0.00013720799688599072,5d5cdcf9b0718630ebc10e090fa4f84af32e2cd1
dv3-B-thomas-070056,3,B,thomas,70056,7,,56,3:2:1:70056,,test,5,125.0,2.4251012954708617,0.45,,,,,,,,,51.54423868126704,0.04024922359499621,,,,,,,,2.0,0.7492991500419279,,1,148,1,exact,0.14968752607658267,92,,,,,,0.00013345800107344985,437a069a61e0cdd9c1c4ec34309c778d4a3a85dc
dv3-B-thomas-070057,3,B,thomas,70057,7,,57,3:2:1:70057,,test,5,125.0,2.4251012954708617,0.45,,,,,,,,,51.54423868126704,0.04024922359499621,,,,,,,,2.0,0.7492991500419279,,1,121,1,exact,0.14968752607658267,72,,,,,,0.00020608399790944532,9f6112c6e71df2a1651983c2f17e47cb7b79119e
dv3-B-thomas-070058,3,B,thomas,70058,7,,58,3:2:1:70058,,test,5,125.0,2.4251012954708617,0.45,,,,,,,,,51.54423868126704,0.04024922359499621,,,,,,,,2.0,0.7492991500419279,,1,118,1,exact,0.14968752607658267,76,,,,,,0.00011837499914690852,bb51aa99a5f627bcf693aa8c3b4f3ef0e5a8794c
dv3-B-thomas-070059,3,B,thomas,70059,7,,59,3:2:1:70059,,test,5,125.0,2.4251012954708617,0.45,,,,,,,,,51.54423868126704,0.04024922359499621,,,,,,,,2.0,0.7492991500419279,,1,140,1,exact,0.14968752607658267,90,,,,,,8.774999878369272e-05,ca68107f756c64ce7efa71b0b1f4bc5468d30ef2
dv3-B-thomas-070060,3,B,thomas,70060,7,,60,3:2:1:70060,,test,5,125.0,2.4251012954708617,0.45,,,,,,,,,51.54423868126704,0.04024922359499621,,,,,,,,2.0,0.7492991500419279,,1,121,1,exact,0.14968752607658267,83,,,,,,7.412500053760596e-05,698cf5f30d7bab1087e60c516a42e7b1efe0bc26
dv3-B-thomas-070061,3,B,thomas,70061,7,,61,3:2:1:70061,,test,5,125.0,2.4251012954708617,0.45,,,,,,,,,51.54423868126704,0.04024922359499621,,,,,,,,2.0,0.7492991500419279,,1,114,1,exact,0.14968752607658267,74,,,,,,6.845800089649856e-05,0d3ab3af97bd313142c9c8c26f35fa999c103484
dv3-B-thomas-070062,3,B,thomas,70062,7,,62,3:2:1:70062,,test,5,125.0,2.4251012954708617,0.45,,,,,,,,,51.54423868126704,0.04024922359499621,,,,,,,,2.0,0.7492991500419279,,1,135,1,exact,0.14968752607658267,88,,,,,,6.820899943704717e-05,872ec41df6bcfaf337b0c852ff8aea3ceac74b47
dv3-B-thomas-070063,3,B,thomas,70063,7,,63,3:2:1:70063,,test,5,125.0,2.4251012954708617,0.45,,,,,,,,,51.54423868126704,0.04024922359499621,,,,,,,,2.0,0.7492991500419279,,1,95,1,exact,0.14968752607658267,82,,,,,,7.108299905667081e-05,f4891a12e2b98e3b32be4aa2767a0e9c8ed29630
dv3-B-thomas-070064,3,B,thomas,70064,7,,64,3:2:1:70064,,test,5,125.0,2.4251012954708617,0.45,,,,,,,,,51.54423868126704,0.04024922359499621,,,,,,,,2.0,0.7492991500419279,,1,85,1,exact,0.14968752607658267,80,,,,,,6.66250016365666e-05,32ef134f905581c2d305f51dee7ee49d4491157f
dv3-B-thomas-070065,3,B,thomas,70065,7,,65,3:2:1:70065,,test,5,125.0,2.4251012954708617,0.45,,,,,,,,,51.54423868126704,0.04024922359499621,,,,,,,,2.0,0.7492991500419279,,1,93,1,exact,0.14968752607658267,68,,,,,,6.341699918266386e-05,f9f59f927444ba3d6ff8035b9677f04f4ce416ab
dv3-B-thomas-070066,3,B,thomas,70066,7,,66,3:2:1:70066,,test,5,125.0,2.4251012954708617,0.45,,,,,,,,,51.54423868126704,0.04024922359499621,,,,,,,,2.0,0.7492991500419279,,1,102,1,exact,0.14968752607658267,73,,,,,,6.516700159409083e-05,f74dcc510aaceadcdb8ff9e677921128d65a00ca
dv3-B-thomas-070067,3,B,thomas,70067,7,,67,3:2:1:70067,,test,5,125.0,2.4251012954708617,0.45,,,,,,,,,51.54423868126704,0.04024922359499621,,,,,,,,2.0,0.7492991500419279,,1,150,1,exact,0.14968752607658267,97,,,,,,6.74580005579628e-05,4ff7962c87043b86ff1616f3834b77d344d6ca61
dv3-B-thomas-070068,3,B,thomas,70068,7,,68,3:2:1:70068,,test,5,125.0,2.4251012954708617,0.45,,,,,,,,,51.54423868126704,0.04024922359499621,,,,,,,,2.0,0.7492991500419279,,1,136,1,exact,0.14968752607658267,83,,,,,,6.312500045169145e-05,eee8d3ae027efaf898e92bfe81003a829aece360
dv3-B-thomas-070069,3,B,thomas,70069,7,,69,3:2:1:70069,,test,5,125.0,2.4251012954708617,0.45,,,,,,,,,51.54423868126704,0.04024922359499621,,,,,,,,2.0,0.7492991500419279,,1,84,1,exact,0.14968752607658267,68,,,,,,6.0792001022491604e-05,47ba744a397a0b3b06d1b53a93c178e180bc8ada
dv3-B-thomas-070070,3,B,thomas,70070,7,,70,3:2:1:70070,,test,5,125.0,2.4251012954708617,0.45,,,,,,,,,51.54423868126704,0.04024922359499621,,,,,,,,2.0,0.7492991500419279,,1,120,1,exact,0.14968752607658267,88,,,,,,6.270800076890737e-05,e6fbd2d768de737bb8696fdacf4ccf4fb811969f
dv3-B-thomas-070071,3,B,thomas,70071,7,,71,3:2:1:70071,,test,5,125.0,2.4251012954708617,0.45,,,,,,,,,51.54423868126704,0.04024922359499621,,,,,,,,2.0,0.7492991500419279,,1,71,1,exact,0.14968752607658267,56,,,,,,5.895799768040888e-05,a1307bca49396e3f4497c668325ae2e47f5a456a
dv3-B-thomas-070072,3,B,thomas,70072,7,,72,3:2:1:70072,,test,5,125.0,2.4251012954708617,0.45,,,,,,,,,51.54423868126704,0.04024922359499621,,,,,,,,2.0,0.7492991500419279,,1,106,1,exact,0.14968752607658267,82,,,,,,6.191700231283903e-05,7aa1b41cbbb1f1ec393659888604287fcc9bfe64
dv3-B-thomas-070073,3,B,thomas,70073,7,,73,3:2:1:70073,,test,5,125.0,2.4251012954708617,0.45,,,,,,,,,51.54423868126704,0.04024922359499621,,,,,,,,2.0,0.7492991500419279,,1,128,1,exact,0.14968752607658267,91,,,,,,6.291700265137479e-05,bd42c87970768b78d89367c2175a4c49a8847607
dv3-B-thomas-070074,3,B,thomas,70074,7,,74,3:2:1:70074,,test,5,125.0,2.4251012954708617,0.45,,,,,,,,,51.54423868126704,0.04024922359499621,,,,,,,,2.0,0.7492991500419279,,1,107,1,exact,0.14968752607658267,94,,,,,,6.245800250326283e-05,5ce2edf186ccb1e4e613ada26744394712be22ff
dv3-B-thomas-070075,3,B,thomas,70075,7,,75,3:2:1:70075,,test,5,125.0,2.4251012954708617,0.45,,,,,,,,,51.54423868126704,0.04024922359499621,,,,,,,,2.0,0.7492991500419279,,1,139,1,exact,0.14968752607658267,93,,,,,,6.308299998636357e-05,e67bf2f1a770e7dd549dc85f505efdc140d1e420
dv3-B-thomas-070076,3,B,thomas,70076,7,,76,3:2:1:70076,,test,5,125.0,2.4251012954708617,0.45,,,,,,,,,51.54423868126704,0.04024922359499621,,,,,,,,2.0,0.7492991500419279,,1,154,1,exact,0.14968752607658267,93,,,,,,6.345799920381978e-05,46e08d1a8bb689eebf31bc7d3d98dc2e2673bd60
dv3-B-thomas-070077,3,B,thomas,70077,7,,77,3:2:1:70077,,test,5,125.0,2.4251012954708617,0.45,,,,,,,,,51.54423868126704,0.04024922359499621,,,,,,,,2.0,0.7492991500419279,,1,129,1,exact,0.14968752607658267,85,,,,,,6.141700214357115e-05,cae15ced1066095c1ed41a5e3df60985321983db
dv3-B-thomas-070078,3,B,thomas,70078,7,,78,3:2:1:70078,,test,5,125.0,2.4251012954708617,0.45,,,,,,,,,51.54423868126704,0.04024922359499621,,,,,,,,2.0,0.7492991500419279,,1,139,1,exact,0.14968752607658267,96,,,,,,6.29579990345519e-05,009bb88a9ac263bf789da5adc14c69cb218536a6
dv3-B-thomas-070079,3,B,thomas,70079,7,,79,3:2:1:70079,,test,5,125.0,2.4251012954708617,0.45,,,,,,,,,51.54423868126704,0.04024922359499621,,,,,,,,2.0,0.7492991500419279,,1,119,1,exact,0.14968752607658267,79,,,,,,5.983300070511177e-05,8393c7be34cf49a499324e82d1d4cd7e44a081d6
dv3-B-thomas-070080,3,B,thomas,70080,7,,80,3:2:1:70080,,test,5,125.0,2.4251012954708617,0.45,,,,,,,,,51.54423868126704,0.04024922359499621,,,,,,,,2.0,0.7492991500419279,,1,136,1,exact,0.14968752607658267,101,,,,,,6.399999983841553e-05,adaa7f45cfc97049717800af05dbbf181f990d16
dv3-B-thomas-070081,3,B,thomas,70081,7,,81,3:2:1:70081,,test,5,125.0,2.4251012954708617,0.45,,,,,,,,,51.54423868126704,0.04024922359499621,,,,,,,,2.0,0.7492991500419279,,1,123,1,exact,0.14968752607658267,71,,,,,,6.049999865354039e-05,ad3c78c5ef7859805b5a91c840472dd7e0a79f61
dv3-B-thomas-070082,3,B,thomas,70082,7,,82,3:2:1:70082,,test,5,125.0,2.4251012954708617,0.45,,,,,,,,,51.54423868126704,0.04024922359499621,,,,,,,,2.0,0.7492991500419279,,1,110,1,exact,0.14968752607658267,79,,,,,,6.125000072643161e-05,369153ba6a6beec3113cca0fdc402273d20b12a6
dv3-B-thomas-070083,3,B,thomas,70083,7,,83,3:2:1:70083,,test,5,125.0,2.4251012954708617,0.45,,,,,,,,,51.54423868126704,0.04024922359499621,,,,,,,,2.0,0.7492991500419279,,1,114,1,exact,0.14968752607658267,82,,,,,,6.104099884396419e-05,979541c76cc8354bb60fb9395bd21693b1dfbc13
dv3-B-thomas-070084,3,B,thomas,70084,7,,84,3:2:1:70084,,test,5,125.0,2.4251012954708617,0.45,,,,,,,,,51.54423868126704,0.04024922359499621,,,,,,,,2.0,0.7492991500419279,,1,132,1,exact,0.14968752607658267,89,,,,,,6.29579990345519e-05,6079b5269e901b2371ea84d5f2e5f7d663dbe2c0
dv3-B-thomas-070085,3,B,thomas,70085,7,,85,3:2:1:70085,,test,5,125.0,2.4251012954708617,0.45,,,,,,,,,51.54423868126704,0.04024922359499621,,,,,,,,2.0,0.7492991500419279,,1,137,1,exact,0.14968752607658267,94,,,,,,6.237499837880023e-05,7b22334ab6089878b51111c9b36a8fd366bd0f34
dv3-B-thomas-070086,3,B,thomas,70086,7,,86,3:2:1:70086,,test,5,125.0,2.4251012954708617,0.45,,,,,,,,,51.54423868126704,0.04024922359499621,,,,,,,,2.0,0.7492991500419279,,1,110,1,exact,0.14968752607658267,86,,,,,,6.149999899207614e-05,2a80ab169f2fe109620379be651db9210d29ca8e
dv3-B-thomas-070087,3,B,thomas,70087,7,,87,3:2:1:70087,,test,5,125.0,2.4251012954708617,0.45,,,,,,,,,51.54423868126704,0.04024922359499621,,,,,,,,2.0,0.7492991500419279,,1,103,1,exact,0.14968752607658267,83,,,,,,6.000000212225132e-05,0e3173f1a3fc6ff1ed21294ed7c99e4df0a92aa8
dv3-B-thomas-070088,3,B,thomas,70088,7,,88,3:2:1:70088,,test,5,125.0,2.4251012954708617,0.45,,,,,,,,,51.54423868126704,0.04024922359499621,,,,,,,,2.0,0.7492991500419279,,1,133,1,exact,0.14968752607658267,89,,,,,,6.149999899207614e-05,c7f562e0fb118124599311b68d9aa336a120fb4f
dv3-B-thomas-070089,3,B,thomas,70089,7,,89,3:2:1:70089,,test,5,125.0,2.4251012954708617,0.45,,,,,,,,,51.54423868126704,0.04024922359499621,,,,,,,,2.0,0.7492991500419279,,1,89,1,exact,0.14968752607658267,79,,,,,,6.008399941492826e-05,d6994a9d9e1279f7e3d5f07a103bde83b8a2d764
dv3-B-thomas-070090,3,B,thomas,70090,7,,90,3:2:1:70090,,test,5,125.0,2.4251012954708617,0.45,,,,,,,,,51.54423868126704,0.04024922359499621,,,,,,,,2.0,0.7492991500419279,,1,85,1,exact,0.14968752607658267,63,,,,,,6.224999742698856e-05,3a2aec0ba6b03ac51f7a007c44b3f94d02aaacae
dv3-B-thomas-070091,3,B,thomas,70091,7,,91,3:2:1:70091,,test,5,125.0,2.4251012954708617,0.45,,,,,,,,,51.54423868126704,0.04024922359499621,,,,,,,,2.0,0.7492991500419279,,1,134,1,exact,0.14968752607658267,90,,,,,,6.20419996266719e-05,45d99805cc2e3f477bf3ca679273049d9025aab7
dv3-B-thomas-070092,3,B,thomas,70092,7,,92,3:2:1:70092,,test,5,125.0,2.4251012954708617,0.45,,,,,,,,,51.54423868126704,0.04024922359499621,,,,,,,,2.0,0.7492991500419279,,1,126,1,exact,0.14968752607658267,84,,,,,,6.24999993306119e-05,1a30e87fcf09e75a937d2117079bb1d1a94ace08
dv3-B-thomas-070093,3,B,thomas,70093,7,,93,3:2:1:70093,,test,5,125.0,2.4251012954708617,0.45,,,,,,,,,51.54423868126704,0.04024922359499621,,,,,,,,2.0,0.7492991500419279,,1,119,1,exact,0.14968752607658267,79,,,,,,6.237499837880023e-05,e6c30ef9eb1b2f2f2b6f8cfb7da1d8ef6baf4f04
dv3-B-thomas-070094,3,B,thomas,70094,7,,94,3:2:1:70094,,test,5,125.0,2.4251012954708617,0.45,,,,,,,,,51.54423868126704,0.04024922359499621,,,,,,,,2.0,0.7492991500419279,,1,97,1,exact,0.14968752607658267,78,,,,,,6.0708000091835856e-05,e43411df23dc0b661a941224edbe0e3eec7df6d6
dv3-B-thomas-070095,3,B,thomas,70095,7,,95,3:2:1:70095,,test,5,125.0,2.4251012954708617,0.45,,,,,,,,,51.54423868126704,0.04024922359499621,,,,,,,,2.0,0.7492991500419279,,1,96,1,exact,0.14968752607658267,87,,,,,,6.062499960535206e-05,2aeb05207aae730fe543e515035bae3be90bf5a2
dv3-B-thomas-070096,3,B,thomas,70096,7,,96,3:2:1:70096,,test,5,125.0,2.4251012954708617,0.45,,,,,,,,,51.54423868126704,0.04024922359499621,,,,,,,,2.0,0.7492991500419279,,1,159,1,exact,0.14968752607658267,97,,,,,,6.35840005998034e-05,84bce3b32d327cacf8b90e1dcb27ef502ec15695
dv3-B-thomas-070097,3,B,thomas,70097,7,,97,3:2:1:70097,,test,5,125.0,2.4251012954708617,0.45,,,,,,,,,51.54423868126704,0.04024922359499621,,,,,,,,2.0,0.7492991500419279,,1,121,1,exact,0.14968752607658267,92,,,,,,6.225000106496736e-05,0bcf1fb64fc39485c70e1b3da62fb5014cc1e29c
dv3-B-thomas-070098,3,B,thomas,70098,7,,98,3:2:1:70098,,test,5,125.0,2.4251012954708617,0.45,,,,,,,,,51.54423868126704,0.04024922359499621,,,,,,,,2.0,0.7492991500419279,,1,102,1,exact,0.14968752607658267,83,,,,,,6.0625003243330866e-05,e4b363ba665ee287bb47f0efc35a27960003033e
dv3-B-thomas-070099,3,B,thomas,70099,7,,99,3:2:1:70099,,test,5,125.0,2.4251012954708617,0.45,,,,,,,,,51.54423868126704,0.04024922359499621,,,,,,,,2.0,0.7492991500419279,,1,120,1,exact,0.14968752607658267,95,,,,,,6.116700023994781e-05,5017162e8aa1311288cac6cc9ef34d25649937cf
dv3-B-thomas-070100,3,B,thomas,70100,7,,100,3:2:1:70100,,test,5,125.0,2.4251012954708617,0.45,,,,,,,,,51.54423868126704,0.04024922359499621,,,,,,,,2.0,0.7492991500419279,,1,116,1,exact,0.14968752607658267,93,,,,,,6.237499837880023e-05,f654ed7da6f4b250e83e6f8d1f9442808f11b07b
dv3-B-thomas-070101,3,B,thomas,70101,7,,101,3:2:1:70101,,test,5,125.0,2.4251012954708617,0.45,,,,,,,,,51.54423868126704,0.04024922359499621,,,,,,,,2.0,0.7492991500419279,,1,126,1,exact,0.14968752607658267,100,,,,,,6.270800076890737e-05,4ee26ff9c6e0a4fdbce70e2749e6abca36d2982e
dv3-B-thomas-070102,3,B,thomas,70102,7,,102,3:2:1:70102,,test,5,125.0,2.4251012954708617,0.45,,,,,,,,,51.54423868126704,0.04024922359499621,,,,,,,,2.0,0.7492991500419279,,1,140,1,exact,0.14968752607658267,86,,,,,,6.1166996601969e-05,c6470f46615e64f34969b66a293d9ab43c3242ca
dv3-B-thomas-070103,3,B,thomas,70103,7,,103,3:2:1:70103,,test,5,125.0,2.4251012954708617,0.45,,,,,,,,,51.54423868126704,0.04024922359499621,,,,,,,,2.0,0.7492991500419279,,1,126,1,exact,0.14968752607658267,94,,,,,,6.220800059963949e-05,762231102a7905250f6f8c3894e472f6d61723b8
dv3-B-thomas-070104,3,B,thomas,70104,7,,104,3:2:1:70104,,test,5,125.0,2.4251012954708617,0.45,,,,,,,,,51.54423868126704,0.04024922359499621,,,,,,,,2.0,0.7492991500419279,,1,102,1,exact,0.14968752607658267,87,,,,,,5.9875001170439646e-05,113ad662574a7390bfa6058adbe748cfce91a4d1
dv3-B-thomas-070105,3,B,thomas,70105,7,,105,3:2:1:70105,,test,5,125.0,2.4251012954708617,0.45,,,,,,,,,51.54423868126704,0.04024922359499621,,,,,,,,2.0,0.7492991500419279,,1,137,1,exact,0.14968752607658267,89,,,,,,0.00013374999980442226,82b91e1a35029500f8ab78ea0a536fc13d48e870
dv3-B-thomas-070106,3,B,thomas,70106,7,,106,3:2:1:70106,,test,5,125.0,2.4251012954708617,0.45,,,,,,,,,51.54423868126704,0.04024922359499621,,,,,,,,2.0,0.7492991500419279,,1,118,1,exact,0.14968752607658267,84,,,,,,7.76250017224811e-05,5364a23bea74fd0da7f74803f22b598e9da3d9bd
dv3-B-thomas-070107,3,B,thomas,70107,7,,107,3:2:1:70107,,test,5,125.0,2.4251012954708617,0.45,,,,,,,,,51.54423868126704,0.04024922359499621,,,,,,,,2.0,0.7492991500419279,,1,136,1,exact,0.14968752607658267,89,,,,,,6.837500041001476e-05,0078bc46843be33e8f1c76622d117a399693c4aa
dv3-B-thomas-070108,3,B,thomas,70108,7,,108,3:2:1:70108,,test,5,125.0,2.4251012954708617,0.45,,,,,,,,,51.54423868126704,0.04024922359499621,,,,,,,,2.0,0.7492991500419279,,1,110,1,exact,0.14968752607658267,86,,,,,,6.470799780800007e-05,05e5f79eb7442a85ceb56244726b0e908e2b6ef2
dv3-B-thomas-070109,3,B,thomas,70109,7,,109,3:2:1:70109,,test,5,125.0,2.4251012954708617,0.45,,,,,,,,,51.54423868126704,0.04024922359499621,,,,,,,,2.0,0.7492991500419279,,1,138,1,exact,0.14968752607658267,84,,,,,,6.38330020592548e-05,d64dd66d4d9fc347de4d29940f3e3d18513d98f9
dv3-B-thomas-070110,3,B,thomas,70110,7,,110,3:2:1:70110,,test,5,125.0,2.4251012954708617,0.45,,,,,,,,,51.54423868126704,0.04024922359499621,,,,,,,,2.0,0.7492991500419279,,1,110,1,exact,0.14968752607658267,72,,,,,,6.175000089569949e-05,6cbb5ef6aa8047ef94756281c2eacf8c8b80497f
dv3-B-thomas-070111,3,B,thomas,70111,7,,111,3:2:1:70111,,test,5,125.0,2.4251012954708617,0.45,,,,,,,,,51.54423868126704,0.04024922359499621,,,,,,,,2.0,0.7492991500419279,,1,99,1,exact,0.14968752607658267,81,,,,,,6.091699833632447e-05,7e038183bbf217438c8460f2530d763d2fb85978
dv3-B-thomas-070112,3,B,thomas,70112,7,,112,3:2:1:70112,,test,5,125.0,2.4251012954708617,0.45,,,,,,,,,51.54423868126704,0.04024922359499621,,,,,,,,2.0,0.7492991500419279,,1,159,1,exact,0.14968752607658267,93,,,,,,6.291699901339598e-05,4ffd711bfdc161b68e01eb4c124b353aa83966ef
dv3-B-thomas-070113,3,B,thomas,70113,7,,113,3:2:1:70113,,test,5,125.0,2.4251012954708617,0.45,,,,,,,,,51.54423868126704,0.04024922359499621,,,,,,,,2.0,0.7492991500419279,,1,139,1,exact,0.14968752607658267,81,,,,,,6.145799852674827e-05,d9291ab381a8774332da953739c5ac53caa19193
dv3-B-thomas-070114,3,B,thomas,70114,7,,114,3:2:1:70114,,test,5,125.0,2.4251012954708617,0.45,,,,,,,,,51.54423868126704,0.04024922359499621,,,,,,,,2.0,0.7492991500419279,,1,101,1,exact,0.14968752607658267,84,,,,,,6.075000055716373e-05,bb474b0b29df0dd49b69b30409ccef6550432b03
dv3-B-thomas-070115,3,B,thomas,70115,7,,115,3:2:1:70115,,test,5,125.0,2.4251012954708617,0.45,,,,,,,,,51.54423868126704,0.04024922359499621,,,,,,,,2.0,0.7492991500419279,,1,101,1,exact,0.14968752607658267,80,,,,,,5.937500100117177e-05,c471c727fa6e2bfd9c93b9a21546f471be7d057a
dv3-B-thomas-070116,3,B,thomas,70116,7,,116,3:2:1:70116,,test,5,125.0,2.4251012954708617,0.45,,,,,,,,,51.54423868126704,0.04024922359499621,,,,,,,,2.0,0.7492991500419279,,1,124,1,exact,0.14968752607658267,95,,,,,,6.370800110744312e-05,d9209189245afc6375c7122d60c4f199cf55739c
dv3-B-thomas-070117,3,B,thomas,70117,7,,117,3:2:1:70117,,test,5,125.0,2.4251012954708617,0.45,,,,,,,,,51.54423868126704,0.04024922359499621,,,,,,,,2.0,0.7492991500419279,,1,162,1,exact,0.14968752607658267,100,,,,,,6.308400043053553e-05,50ae7f12cdcde9e8f0c7a57912bf5937d286f0c9
dv3-B-thomas-070118,3,B,thomas,70118,7,,118,3:2:1:70118,,test,5,125.0,2.4251012954708617,0.45,,,,,,,,,51.54423868126704,0.04024922359499621,,,,,,,,2.0,0.7492991500419279,,1,126,1,exact,0.14968752607658267,86,,,,,,6.0291000409051776e-05,92e73f0de9ff35b78868707fc24e01faee34ae78
dv3-B-thomas-070119,3,B,thomas,70119,7,,119,3:2:1:70119,,test,5,125.0,2.4251012954708617,0.45,,,,,,,,,51.54423868126704,0.04024922359499621,,,,,,,,2.0,0.7492991500419279,,1,122,1,exact,0.14968752607658267,81,,,,,,6.104200292611495e-05,3a41823ddb4c09270fe29f3562c47f83bbae0847
dv3-B-thomas-070120,3,B,thomas,70120,7,,120,3:2:1:70120,,test,5,125.0,2.4251012954708617,0.45,,,,,,,,,51.54423868126704,0.04024922359499621,,,,,,,,2.0,0.7492991500419279,,1,109,1,exact,0.14968752607658267,82,,,,,,6.0041998949600384e-05,760c54ca9b6f3c815e8a89fd6f25290c977b2dc3
dv3-B-thomas-070121,3,B,thomas,70121,7,,121,3:2:1:70121,,test,5,125.0,2.4251012954708617,0.45,,,,,,,,,51.54423868126704,0.04024922359499621,,,,,,,,2.0,0.7492991500419279,,1,99,1,exact,0.14968752607658267,66,,,,,,6.12499970884528e-05,02b63ef306f6fbdce49c06c4e7fe0a51419e5d7a
dv3-B-thomas-070122,3,B,thomas,70122,7,,122,3:2:1:70122,,test,5,125.0,2.4251012954708617,0.45,,,,,,,,,51.54423868126704,0.04024922359499621,,,,,,,,2.0,0.7492991500419279,,1,137,1,exact,0.14968752607658267,84,,,,,,6.145899897092022e-05,8115501664a15bbe4e028d0c1a680fa68f559b28
dv3-B-thomas-070123,3,B,thomas,70123,7,,123,3:2:1:70123,,test,5,125.0,2.4251012954708617,0.45,,,,,,,,,51.54423868126704,0.04024922359499621,,,,,,,,2.0,0.7492991500419279,,1,112,1,exact,0.14968752607658267,69,,,,,,6.137500167824328e-05,68eff37bd4fbd5a01748664a7a3113a9240492f2
dv3-B-thomas-070124,3,B,thomas,70124,7,,124,3:2:1:70124,,test,5,125.0,2.4251012954708617,0.45,,,,,,,,,51.54423868126704,0.04024922359499621,,,,,,,,2.0,0.7492991500419279,,1,114,1,exact,0.14968752607658267,81,,,,,,6.0374997701728716e-05,f5a1b37d36aef6aae35e948966c11cd844080f63
dv3-B-thomas-070125,3,B,thomas,70125,7,,125,3:2:1:70125,,test,5,125.0,2.4251012954708617,0.45,,,,,,,,,51.54423868126704,0.04024922359499621,,,,,,,,2.0,0.7492991500419279,,1,115,1,exact,0.14968752607658267,78,,,,,,5.937500100117177e-05,3a5ed487f507ceb6881260c4f580da235f2dab41
dv3-B-thomas-070126,3,B,thomas,70126,7,,126,3:2:1:70126,,test,5,125.0,2.4251012954708617,0.45,,,,,,,,,51.54423868126704,0.04024922359499621,,,,,,,,2.0,0.7492991500419279,,1,142,1,exact,0.14968752607658267,90,,,,,,6.179200136102736e-05,8bbf25d5dca4ddb7390477c9f3684ec196c5edd3
dv3-B-thomas-070127,3,B,thomas,70127,7,,127,3:2:1:70127,,test,5,125.0,2.4251012954708617,0.45,,,,,,,,,51.54423868126704,0.04024922359499621,,,,,,,,2.0,0.7492991500419279,,1,93,1,exact,0.14968752607658267,82,,,,,,5.945799784967676e-05,2048bf5f5e3b4824ede4d90964f1f7179928549c
dv3-B-thomas-070128,3,B,thomas,70128,7,,128,3:2:1:70128,,test,5,125.0,2.4251012954708617,0.45,,,,,,,,,51.54423868126704,0.04024922359499621,,,,,,,,2.0,0.7492991500419279,,1,146,1,exact,0.14968752607658267,84,,,,,,6.012499943608418e-05,b941887ce090b267df8ca97633a95b4c6a639494
dv3-B-thomas-070129,3,B,thomas,70129,7,,129,3:2:1:70129,,test,5,125.0,2.4251012954708617,0.45,,,,,,,,,51.54423868126704,0.04024922359499621,,,,,,,,2.0,0.7492991500419279,,1,149,1,exact,0.14968752607658267,88,,,,,,6.179200136102736e-05,35a16c2c6d6af248db77caab01ef287020234169
dv3-B-thomas-070130,3,B,thomas,70130,7,,130,3:2:1:70130,,test,5,125.0,2.4251012954708617,0.45,,,,,,,,,51.54423868126704,0.04024922359499621,,,,,,,,2.0,0.7492991500419279,,1,98,1,exact,0.14968752607658267,88,,,,,,6.0374997701728716e-05,acf70bccce5af35b93b19528562e93a22e674e0a
dv3-B-thomas-070131,3,B,thomas,70131,7,,131,3:2:1:70131,,test,5,125.0,2.4251012954708617,0.45,,,,,,,,,51.54423868126704,0.04024922359499621,,,,,,,,2.0,0.7492991500419279,,1,106,1,exact,0.14968752607658267,76,,,,,,5.96249992668163e-05,1ccb3997b46b530f227a44fff067d467936bb8ff
dv3-B-thomas-070132,3,B,thomas,70132,7,,132,3:2:1:70132,,test,5,125.0,2.4251012954708617,0.45,,,,,,,,,51.54423868126704,0.04024922359499621,,,,,,,,2.0,0.7492991500419279,,1,125,1,exact,0.14968752607658267,88,,,,,,6.112499977461994e-05,1b7458ea548b778ef950db0f4bd5607c371cc5d3
dv3-B-thomas-070133,3,B,thomas,70133,7,,133,3:2:1:70133,,test,5,125.0,2.4251012954708617,0.45,,,,,,,,,51.54423868126704,0.04024922359499621,,,,,,,,2.0,0.7492991500419279,,1,122,1,exact,0.14968752607658267,83,,,,,,5.941600102232769e-05,b42a75b2ad79eea6d7aa8eea9f7459a222c326b8
dv3-B-thomas-070134,3,B,thomas,70134,7,,134,3:2:1:70134,,test,5,125.0,2.4251012954708617,0.45,,,,,,,,,51.54423868126704,0.04024922359499621,,,,,,,,2.0,0.7492991500419279,,1,110,1,exact,0.14968752607658267,75,,,,,,6.075000055716373e-05,2ba294b582200f455b69e390c5a42b186b7f4d19
dv3-B-thomas-070135,3,B,thomas,70135,7,,135,3:2:1:70135,,test,5,125.0,2.4251012954708617,0.45,,,,,,,,,51.54423868126704,0.04024922359499621,,,,,,,,2.0,0.7492991500419279,,1,100,1,exact,0.14968752607658267,69,,,,,,5.929100007051602e-05,ad21b432a4d80901bc0e9cb7f977ed27d94ba112
dv3-B-thomas-070136,3,B,thomas,70136,7,,136,3:2:1:70136,,test,5,125.0,2.4251012954708617,0.45,,,,,,,,,51.54423868126704,0.04024922359499621,,,,,,,,2.0,0.7492991500419279,,1,126,1,exact,0.14968752607658267,80,,,,,,7.108299905667081e-05,44ee385a45075b091fcef28615128cb78da5d1b7
dv3-B-thomas-070137,3,B,thomas,70137,7,,137,3:2:1:70137,,test,5,125.0,2.4251012954708617,0.45,,,,,,,,,51.54423868126704,0.04024922359499621,,,,,,,,2.0,0.7492991500419279,,1,90,1,exact,0.14968752607658267,75,,,,,,5.9458001487655565e-05,75b4a32814fc59fd0fbfac44f207af727e263a1a
dv3-B-thomas-070138,3,B,thomas,70138,7,,138,3:2:1:70138,,test,5,125.0,2.4251012954708617,0.45,,,,,,,,,51.54423868126704,0.04024922359499621,,,,,,,,2.0,0.7492991500419279,,1,121,1,exact,0.14968752607658267,88,,,,,,6.0375001339707524e-05,c9ba4b615686e75e63a993680e255fcbaa6f6389
dv3-B-thomas-070139,3,B,thomas,70139,7,,139,3:2:1:70139,,test,5,125.0,2.4251012954708617,0.45,,,,,,,,,51.54423868126704,0.04024922359499621,,,,,,,,2.0,0.7492991500419279,,1,101,1,exact,0.14968752607658267,76,,,,,,5.97079997533001e-05,cd3f9d010428dd49327f7030da5431f3e1b1bcdc
dv3-B-thomas-070140,3,B,thomas,70140,7,,140,3:2:1:70140,,test,5,125.0,2.4251012954708617,0.45,,,,,,,,,51.54423868126704,0.04024922359499621,,,,,,,,2.0,0.7492991500419279,,1,148,1,exact,0.14968752607658267,89,,,,,,6.125000072643161e-05,5d1b445c19968ead63a26584e9501c0d05d24559
dv3-B-thomas-070141,3,B,thomas,70141,7,,141,3:2:1:70141,,test,5,125.0,2.4251012954708617,0.45,,,,,,,,,51.54423868126704,0.04024922359499621,,,,,,,,2.0,0.7492991500419279,,1,133,1,exact,0.14968752607658267,75,,,,,,5.945899829384871e-05,e5a622a7076a51a266f81d96ced716da058b392d
dv3-B-thomas-070142,3,B,thomas,70142,7,,142,3:2:1:70142,,test,5,125.0,2.4251012954708617,0.45,,,,,,,,,51.54423868126704,0.04024922359499621,,,,,,,,2.0,0.7492991500419279,,1,112,1,exact,0.14968752607658267,88,,,,,,6.095799835748039e-05,b74c7821b254a7795a05a2dd748ba0149656caab
dv3-B-thomas-070143,3,B,thomas,70143,7,,143,3:2:1:70143,,test,5,125.0,2.4251012954708617,0.45,,,,,,,,,51.54423868126704,0.04024922359499621,,,,,,,,2.0,0.7492991500419279,,1,93,1,exact,0.14968752607658267,70,,,,,,5.845800114911981e-05,7215bf776b43fbe44ff46691c37f77bec40c4963
dv3-B-thomas-070144,3,B,thomas,70144,7,,144,3:2:1:70144,,test,5,125.0,2.4251012954708617,0.45,,,,,,,,,51.54423868126704,0.04024922359499621,,,,,,,,2.0,0.7492991500419279,,1,65,1,exact,0.14968752607658267,54,,,,,,6.187499820953235e-05,8d3a6aeae795d9ad4ade2ea5619cac4d354addad
dv3-B-thomas-070145,3,B,thomas,70145,7,,145,3:2:1:70145,,test,5,125.0,2.4251012954708617,0.45,,,,,,,,,51.54423868126704,0.04024922359499621,,,,,,,,2.0,0.7492991500419279,,1,140,1,exact,0.14968752607658267,96,,,,,,6.254199979593977e-05,20e86ba8d713d43aabcdb6189e87c44459e9190d
dv3-B-thomas-070146,3,B,thomas,70146,7,,146,3:2:1:70146,,test,5,125.0,2.4251012954708617,0.45,,,,,,,,,51.54423868126704,0.04024922359499621,,,,,,,,2.0,0.7492991500419279,,1,111,1,exact,0.14968752607658267,72,,,,,,5.9250000049360096e-05,9a69c4f74ef4641730d670ae38919cfeb9b6d077
dv3-B-thomas-070147,3,B,thomas,70147,7,,147,3:2:1:70147,,test,5,125.0,2.4251012954708617,0.45,,,,,,,,,51.54423868126704,0.04024922359499621,,,,,,,,2.0,0.7492991500419279,,1,126,1,exact,0.14968752607658267,82,,,,,,6.3292001868831e-05,13eb55fdd8a9e210ce49bbeb9bb983a415351690
dv3-B-thomas-070148,3,B,thomas,70148,7,,148,3:2:1:70148,,test,5,125.0,2.4251012954708617,0.45,,,,,,,,,51.54423868126704,0.04024922359499621,,,,,,,,2.0,0.7492991500419279,,1,136,1,exact,0.14968752607658267,85,,,,,,6.799999755457975e-05,c25e2638099dbdb2062731db8dab3feea38cf68b
dv3-B-thomas-070149,3,B,thomas,70149,7,,149,3:2:1:70149,,test,5,125.0,2.4251012954708617,0.45,,,,,,,,,51.54423868126704,0.04024922359499621,,,,,,,,2.0,0.7492991500419279,,1,123,1,exact,0.14968752607658267,85,,,,,,6.20420032646507e-05,c4db736d77f53a3fe79e622e801f5db0c7a5184f
dv3-B-thomas-070150,3,B,thomas,70150,7,,150,3:2:1:70150,,test,5,125.0,2.4251012954708617,0.45,,,,,,,,,51.54423868126704,0.04024922359499621,,,,,,,,2.0,0.7492991500419279,,1,119,1,exact,0.14968752607658267,85,,,,,,6.008399941492826e-05,1c462fc355f86bfc5c096b72f9b0e8dd6fe4177d
dv3-B-thomas-070151,3,B,thomas,70151,7,,151,3:2:1:70151,,test,5,125.0,2.4251012954708617,0.45,,,,,,,,,51.54423868126704,0.04024922359499621,,,,,,,,2.0,0.7492991500419279,,1,108,1,exact,0.14968752607658267,68,,,,,,5.850000161444768e-05,78f6757c2ab235815620aa28f805a5bf28cddbb3
dv3-B-thomas-070152,3,B,thomas,70152,7,,152,3:2:1:70152,,test,5,125.0,2.4251012954708617,0.45,,,,,,,,,51.54423868126704,0.04024922359499621,,,,,,,,2.0,0.7492991500419279,,1,105,1,exact,0.14968752607658267,78,,,,,,5.983300070511177e-05,f68621c9436db21095dc047ef6b312d5c8a928d9
dv3-B-thomas-070153,3,B,thomas,70153,7,,153,3:2:1:70153,,test,5,125.0,2.4251012954708617,0.45,,,,,,,,,51.54423868126704,0.04024922359499621,,,,,,,,2.0,0.7492991500419279,,1,145,1,exact,0.14968752607658267,102,,,,,,6.187499820953235e-05,fade58580805eda1755bbdc86492a683ebdf6322
dv3-B-thomas-070154,3,B,thomas,70154,7,,154,3:2:1:70154,,test,5,125.0,2.4251012954708617,0.45,,,,,,,,,51.54423868126704,0.04024922359499621,,,,,,,,2.0,0.7492991500419279,,1,101,1,exact,0.14968752607658267,85,,,,,,0.00022950000129640102,d3ff12ae1dbb392fe3f0da6754064f120c8936b6
dv3-B-thomas-070155,3,B,thomas,70155,7,,155,3:2:1:70155,,test,5,125.0,2.4251012954708617,0.45,,,,,,,,,51.54423868126704,0.04024922359499621,,,,,,,,2.0,0.7492991500419279,,1,94,1,exact,0.14968752607658267,80,,,,,,0.00020383299852255732,281a51ba0984f41ac54c43637d6b6a3e509f1a46
dv3-B-thomas-070156,3,B,thomas,70156,7,,156,3:2:1:70156,,test,5,125.0,2.4251012954708617,0.45,,,,,,,,,51.54423868126704,0.04024922359499621,,,,,,,,2.0,0.7492991500419279,,1,131,1,exact,0.14968752607658267,86,,,,,,0.00014433300020755269,9116b30b58196fd675abea262875ed2e16138b34
dv3-B-thomas-070157,3,B,thomas,70157,7,,157,3:2:1:70157,,test,5,125.0,2.4251012954708617,0.45,,,,,,,,,51.54423868126704,0.04024922359499621,,,,,,,,2.0,0.7492991500419279,,1,92,1,exact,0.14968752607658267,67,,,,,,0.0001329159968008753,54de3b7528e6ff5b1714311043eb7163c8b683e8
dv3-B-thomas-070158,3,B,thomas,70158,7,,158,3:2:1:70158,,test,5,125.0,2.4251012954708617,0.45,,,,,,,,,51.54423868126704,0.04024922359499621,,,,,,,,2.0,0.7492991500419279,,1,141,1,exact,0.14968752607658267,87,,,,,,0.0001309590006712824,6006e7bbcf830a54858685bfd062912988c43ab9
dv3-B-thomas-070159,3,B,thomas,70159,7,,159,3:2:1:70159,,test,5,125.0,2.4251012954708617,0.45,,,,,,,,,51.54423868126704,0.04024922359499621,,,,,,,,2.0,0.7492991500419279,,1,133,1,exact,0.14968752607658267,80,,,,,,0.00012433300071279518,ce054e336f2091a0e9d2d3db90b3ffbdc85e55f4
dv3-B-thomas-070160,3,B,thomas,70160,7,,160,3:2:1:70160,,test,5,125.0,2.4251012954708617,0.45,,,,,,,,,51.54423868126704,0.04024922359499621,,,,,,,,2.0,0.7492991500419279,,1,103,1,exact,0.14968752607658267,73,,,,,,0.00012304200208745897,1c8e6492a8cff975db270526e7518a54217a79ee
dv3-B-thomas-070161,3,B,thomas,70161,7,,161,3:2:1:70161,,test,5,125.0,2.4251012954708617,0.45,,,,,,,,,51.54423868126704,0.04024922359499621,,,,,,,,2.0,0.7492991500419279,,1,136,1,exact,0.14968752607658267,92,,,,,,0.00012854200031142682,35084ed4c3124cbff3d179aac307e82ca23d6f37
dv3-B-thomas-070162,3,B,thomas,70162,7,,162,3:2:1:70162,,test,5,125.0,2.4251012954708617,0.45,,,,,,,,,51.54423868126704,0.04024922359499621,,,,,,,,2.0,0.7492991500419279,,1,118,1,exact,0.14968752607658267,84,,,,,,0.00012487500134739093,125a58c95ad1462ffc677e0c12d5ce0b53716bc9
dv3-B-thomas-070163,3,B,thomas,70163,7,,163,3:2:1:70163,,test,5,125.0,2.4251012954708617,0.45,,,,,,,,,51.54423868126704,0.04024922359499621,,,,,,,,2.0,0.7492991500419279,,1,173,1,exact,0.14968752607658267,98,,,,,,0.00013566599955083802,d8704501db6ec738e7badd071d76ae9d658396e3
dv3-B-thomas-070164,3,B,thomas,70164,7,,164,3:2:1:70164,,test,5,125.0,2.4251012954708617,0.45,,,,,,,,,51.54423868126704,0.04024922359499621,,,,,,,,2.0,0.7492991500419279,,1,128,1,exact,0.14968752607658267,95,,,,,,0.0001266250001208391,35391f49d11b274f71351900cbc65c71b593b1da
dv3-B-thomas-070165,3,B,thomas,70165,7,,165,3:2:1:70165,,test,5,125.0,2.4251012954708617,0.45,,,,,,,,,51.54423868126704,0.04024922359499621,,,,,,,,2.0,0.7492991500419279,,1,140,1,exact,0.14968752607658267,92,,,,,,0.0001261670004168991,27563ef9a8ffa20ae05f2405477cf09ced0684da
dv3-B-thomas-070166,3,B,thomas,70166,7,,166,3:2:1:70166,,test,5,125.0,2.4251012954708617,0.45,,,,,,,,,51.54423868126704,0.04024922359499621,,,,,,,,2.0,0.7492991500419279,,1,127,1,exact,0.14968752607658267,86,,,,,,0.00012799999967683107,3c7403b4afc1d889f755fce1c4a21df729feba2f
dv3-B-thomas-070167,3,B,thomas,70167,7,,167,3:2:1:70167,,test,5,125.0,2.4251012954708617,0.45,,,,,,,,,51.54423868126704,0.04024922359499621,,,,,,,,2.0,0.7492991500419279,,1,90,1,exact,0.14968752607658267,83,,,,,,0.00013008399764657952,f88870b7bc9b425589cbbebfcd12aedc4b1f4f7d
dv3-B-thomas-070168,3,B,thomas,70168,7,,168,3:2:1:70168,,test,5,125.0,2.4251012954708617,0.45,,,,,,,,,51.54423868126704,0.04024922359499621,,,,,,,,2.0,0.7492991500419279,,1,120,1,exact,0.14968752607658267,90,,,,,,0.00013745799878961407,875a675b95d7f607b5e3eba1c72e3cdcfa8a371c
dv3-B-thomas-070169,3,B,thomas,70169,7,,169,3:2:1:70169,,test,5,125.0,2.4251012954708617,0.45,,,,,,,,,51.54423868126704,0.04024922359499621,,,,,,,,2.0,0.7492991500419279,,1,132,1,exact,0.14968752607658267,104,,,,,,0.0001401249974151142,fa1a0e270dffdfe03db9037dd3242912019b36d9
dv3-B-thomas-070170,3,B,thomas,70170,7,,170,3:2:1:70170,,test,5,125.0,2.4251012954708617,0.45,,,,,,,,,51.54423868126704,0.04024922359499621,,,,,,,,2.0,0.7492991500419279,,1,151,1,exact,0.14968752607658267,88,,,,,,0.0001388749988109339,c966844c462d2dfd2028507aaac4e9b7eb894e97
dv3-B-thomas-070171,3,B,thomas,70171,7,,171,3:2:1:70171,,test,5,125.0,2.4251012954708617,0.45,,,,,,,,,51.54423868126704,0.04024922359499621,,,,,,,,2.0,0.7492991500419279,,1,122,1,exact,0.14968752607658267,77,,,,,,0.00013441700139082968,2b0a93ce06f3bc8b54e8030b925fd00d88716601
dv3-B-thomas-070172,3,B,thomas,70172,7,,172,3:2:1:70172,,test,5,125.0,2.4251012954708617,0.45,,,,,,,,,51.54423868126704,0.04024922359499621,,,,,,,,2.0,0.7492991500419279,,1,139,1,exact,0.14968752607658267,80,,,,,,0.0001352500003122259,ff0257d1ea372faed9814b97b9087af96e65a827
dv3-B-thomas-070173,3,B,thomas,70173,7,,173,3:2:1:70173,,test,5,125.0,2.4251012954708617,0.45,,,,,,,,,51.54423868126704,0.04024922359499621,,,,,,,,2.0,0.7492991500419279,,1,170,1,exact,0.14968752607658267,99,,,,,,0.00014187499982654117,59ba493773c57ee99619aefa624813db0210e401
dv3-B-thomas-070174,3,B,thomas,70174,7,,174,3:2:1:70174,,test,5,125.0,2.4251012954708617,0.45,,,,,,,,,51.54423868126704,0.04024922359499621,,,,,,,,2.0,0.7492991500419279,,1,159,1,exact,0.14968752607658267,99,,,,,,0.0001377080006932374,c6f200e301b59c375c7560da74677b9a6dae0a72
dv3-B-thomas-070175,3,B,thomas,70175,7,,175,3:2:1:70175,,test,5,125.0,2.4251012954708617,0.45,,,,,,,,,51.54423868126704,0.04024922359499621,,,,,,,,2.0,0.7492991500419279,,1,160,1,exact,0.14968752607658267,101,,,,,,0.00016779100042185746,05fdbbb60e90094802bfd39f8b9a16356c0cb1f6
dv3-B-thomas-070176,3,B,thomas,70176,7,,176,3:2:1:70176,,test,5,125.0,2.4251012954708617,0.45,,,,,,,,,51.54423868126704,0.04024922359499621,,,,,,,,2.0,0.7492991500419279,,1,110,1,exact,0.14968752607658267,76,,,,,,0.00013349999790079892,0a242514d41c113105111bbd6bf4468996e7ede0
dv3-B-thomas-070177,3,B,thomas,70177,7,,177,3:2:1:70177,,test,5,125.0,2.4251012954708617,0.45,,,,,,,,,51.54423868126704,0.04024922359499621,,,,,,,,2.0,0.7492991500419279,,1,122,1,exact,0.14968752607658267,87,,,,,,0.00013258299804874696,007316cab6da188681e61b4c8b1a88af7b175975
dv3-B-thomas-070178,3,B,thomas,70178,7,,178,3:2:1:70178,,test,5,125.0,2.4251012954708617,0.45,,,,,,,,,51.54423868126704,0.04024922359499621,,,,,,,,2.0,0.7492991500419279,,1,151,1,exact,0.14968752607658267,107,,,,,,0.00013666599988937378,19825a2f092fc78ce3e8097c01eda1ada7054641
dv3-B-thomas-070179,3,B,thomas,70179,7,,179,3:2:1:70179,,test,5,125.0,2.4251012954708617,0.45,,,,,,,,,51.54423868126704,0.04024922359499621,,,,,,,,2.0,0.7492991500419279,,1,110,1,exact,0.14968752607658267,81,,,,,,0.00012837499889428727,9aca4604d6f1bd75074b9256505813fe8137c632
dv3-B-thomas-070180,3,B,thomas,70180,7,,180,3:2:1:70180,,test,5,125.0,2.4251012954708617,0.45,,,,,,,,,51.54423868126704,0.04024922359499621,,,,,,,,2.0,0.7492991500419279,,1,150,1,exact,0.14968752607658267,95,,,,,,0.00012675000107265078,447d0ef6ec6b57bd9bbfa76e6ab5658b741d99b6
dv3-B-thomas-070181,3,B,thomas,70181,7,,181,3:2:1:70181,,test,5,125.0,2.4251012954708617,0.45,,,,,,,,,51.54423868126704,0.04024922359499621,,,,,,,,2.0,0.7492991500419279,,1,157,1,exact,0.14968752607658267,103,,,,,,0.00012900000001536682,f5965e067868554d764087c1ce64db3fac245b49
dv3-B-thomas-070182,3,B,thomas,70182,7,,182,3:2:1:70182,,test,5,125.0,2.4251012954708617,0.45,,,,,,,,,51.54423868126704,0.04024922359499621,,,,,,,,2.0,0.7492991500419279,,1,126,1,exact,0.14968752607658267,109,,,,,,0.0001712080011202488,07a7813be4ec1772b0694ffbb1f12e5cf3d197eb
dv3-B-thomas-070183,3,B,thomas,70183,7,,183,3:2:1:70183,,test,5,125.0,2.4251012954708617,0.45,,,,,,,,,51.54423868126704,0.04024922359499621,,,,,,,,2.0,0.7492991500419279,,1,113,1,exact,0.14968752607658267,80,,,,,,0.00014370799908647314,3f66bccd0b8197f7460973e7af4f8a80f86fccdf
dv3-B-thomas-070184,3,B,thomas,70184,7,,184,3:2:1:70184,,test,5,125.0,2.4251012954708617,0.45,,,,,,,,,51.54423868126704,0.04024922359499621,,,,,,,,2.0,0.7492991500419279,,1,121,1,exact,0.14968752607658267,78,,,,,,0.00012600000263773836,a149930142b1483dd5aa4714c84685b3bcfa98df
dv3-B-thomas-070185,3,B,thomas,70185,7,,185,3:2:1:70185,,test,5,125.0,2.4251012954708617,0.45,,,,,,,,,51.54423868126704,0.04024922359499621,,,,,,,,2.0,0.7492991500419279,,1,136,1,exact,0.14968752607658267,92,,,,,,0.00012654099919018336,2a94e818ad15cddc1b5e729200bce8293f5a9296
dv3-B-thomas-070186,3,B,thomas,70186,7,,186,3:2:1:70186,,test,5,125.0,2.4251012954708617,0.45,,,,,,,,,51.54423868126704,0.04024922359499621,,,,,,,,2.0,0.7492991500419279,,1,110,1,exact,0.14968752607658267,84,,,,,,0.00012483300088206306,1d8aefc6c7ec88f7d39ade554ee382d29acc0f02
dv3-B-thomas-070187,3,B,thomas,70187,7,,187,3:2:1:70187,,test,5,125.0,2.4251012954708617,0.45,,,,,,,,,51.54423868126704,0.04024922359499621,,,,,,,,2.0,0.7492991500419279,,1,139,1,exact,0.14968752607658267,85,,,,,,0.00012541599789983593,7e5f3be1108c0eaf22e0733477c5f44b6d14f96a
dv3-B-thomas-070188,3,B,thomas,70188,7,,188,3:2:1:70188,,test,5,125.0,2.4251012954708617,0.45,,,,,,,,,51.54423868126704,0.04024922359499621,,,,,,,,2.0,0.7492991500419279,,1,136,1,exact,0.14968752607658267,104,,,,,,0.00012550000246847048,ba2b99e069871be31ce8d81b2a685f2f12b4da15
dv3-B-thomas-070189,3,B,thomas,70189,7,,189,3:2:1:70189,,test,5,125.0,2.4251012954708617,0.45,,,,,,,,,51.54423868126704,0.04024922359499621,,,,,,,,2.0,0.7492991500419279,,1,89,1,exact,0.14968752607658267,83,,,,,,0.0001187919988296926,c5551daf3aa91ba54b35d3ca282337e58606d3e4
dv3-B-thomas-070190,3,B,thomas,70190,7,,190,3:2:1:70190,,test,5,125.0,2.4251012954708617,0.45,,,,,,,,,51.54423868126704,0.04024922359499621,,,,,,,,2.0,0.7492991500419279,,1,133,1,exact,0.14968752607658267,96,,,,,,0.00012195900126243941,86f688fe9e0f2e401a8e7db244423b1fe7953137
dv3-B-thomas-070191,3,B,thomas,70191,7,,191,3:2:1:70191,,test,5,125.0,2.4251012954708617,0.45,,,,,,,,,51.54423868126704,0.04024922359499621,,,,,,,,2.0,0.7492991500419279,,1,143,1,exact,0.14968752607658267,97,,,,,,0.00012504199912655167,84455f79b49e00c73d18aba55d26c386e2740ee0
dv3-B-thomas-070192,3,B,thomas,70192,7,,192,3:2:1:70192,,test,5,125.0,2.4251012954708617,0.45,,,,,,,,,51.54423868126704,0.04024922359499621,,,,,,,,2.0,0.7492991500419279,,1,84,1,exact,0.14968752607658267,79,,,,,,0.00011654199988697655,135a1ee1028ff8e16fdf7000c6e8d55301f1527d
dv3-B-thomas-070193,3,B,thomas,70193,7,,193,3:2:1:70193,,test,5,125.0,2.4251012954708617,0.45,,,,,,,,,51.54423868126704,0.04024922359499621,,,,,,,,2.0,0.7492991500419279,,1,108,1,exact,0.14968752607658267,73,,,,,,0.00011799999992945231,ce456035490bd3532e0d558eb0fee8acc2c0ccc9
dv3-B-thomas-070194,3,B,thomas,70194,7,,194,3:2:1:70194,,test,5,125.0,2.4251012954708617,0.45,,,,,,,,,51.54423868126704,0.04024922359499621,,,,,,,,2.0,0.7492991500419279,,1,130,1,exact,0.14968752607658267,75,,,,,,0.00011762500071199611,a056151016e762ace1e3c6a24ea81e18edc754fa
dv3-B-thomas-070195,3,B,thomas,70195,7,,195,3:2:1:70195,,test,5,125.0,2.4251012954708617,0.45,,,,,,,,,51.54423868126704,0.04024922359499621,,,,,,,,2.0,0.7492991500419279,,1,156,1,exact,0.14968752607658267,85,,,,,,0.00012141600018367171,8afe47b780fa1ea48c2dc91c7ad1c45a6da7a1cc
dv3-B-thomas-070196,3,B,thomas,70196,7,,196,3:2:1:70196,,test,5,125.0,2.4251012954708617,0.45,,,,,,,,,51.54423868126704,0.04024922359499621,,,,,,,,2.0,0.7492991500419279,,1,147,1,exact,0.14968752607658267,100,,,,,,0.00012083399997209199,786fc315bbb820a4e084b58f0b6e38db5a973714
dv3-B-thomas-070197,3,B,thomas,70197,7,,197,3:2:1:70197,,test,5,125.0,2.4251012954708617,0.45,,,,,,,,,51.54423868126704,0.04024922359499621,,,,,,,,2.0,0.7492991500419279,,1,104,1,exact,0.14968752607658267,66,,,,,,0.00011675000132527202,cd0ab726a99a8be5fbbbe1d70584a35811add0c3
dv3-B-thomas-070198,3,B,thomas,70198,7,,198,3:2:1:70198,,test,5,125.0,2.4251012954708617,0.45,,,,,,,,,51.54423868126704,0.04024922359499621,,,,,,,,2.0,0.7492991500419279,,1,134,1,exact,0.14968752607658267,86,,,,,,0.00012570800026878715,b7194e886cbd547fd3b3c5c49153c85d30d95317
dv3-B-thomas-070199,3,B,thomas,70199,7,,199,3:2:1:70199,,test,5,125.0,2.4251012954708617,0.45,,,,,,,,,51.54423868126704,0.04024922359499621,,,,,,,,2.0,0.7492991500419279,,1,125,1,exact,0.14968752607658267,76,,,,,,0.00014058399756322615,63d85ad6846cf32809ddbce36aa070d535cc2dd0
