case_id,dv,set,family,index,cell_id,level_id,rep,spawn_key,r_seed,split,shard,nbar,mu,s,mu1,mu2,s2,rho,tau,gamma,sigma2,sp,kappa,sigma,sigma1,lam_p,R,beta,mu_log,s_abs,grid_M,delta_tilde,tau_K,tau_K2,prior_tries,n,pattern_tries,sampler,buffer,n_parents,pad_P,min_eig,cftp_start,mh_steps,burnin,wall_s,sha1
dv3-B-thomas-330000,3,B,thomas,330000,33,,0,3:2:1:330000,,test,24,500.0,1.0772389490309358,0.2,,,,,,,,,464.14957466009815,0.00894427190999916,,,,,,,,4.0,0.3330218444630791,,1,501,1,exact,0.03326389468368504,505,,,,,,0.0001945410003827419,8dc268e37e424aca0b40a7bba568f70c62d94350
dv3-B-thomas-330001,3,B,thomas,330001,33,,1,3:2:1:330001,,test,24,500.0,1.0772389490309358,0.2,,,,,,,,,464.14957466009815,0.00894427190999916,,,,,,,,4.0,0.3330218444630791,,1,519,1,exact,0.03326389468368504,529,,,,,,0.00011900000026798807,be9c1d0e41f081b4f2baf3c5686d971270229e6c
dv3-B-thomas-330002,3,B,thomas,330002,33,,2,3:2:1:330002,,test,24,500.0,1.0772389490309358,0.2,,,,,,,,,464.14957466009815,0.00894427190999916,,,,,,,,4.0,0.3330218444630791,,1,541,1,exact,0.03326389468368504,547,,,,,,0.00010729100176831707,263d93899a0b29e881bdf27a6a6a27215c4e086a
dv3-B-thomas-330003,3,B,thomas,330003,33,,3,3:2:1:330003,,test,24,500.0,1.0772389490309358,0.2,,,,,,,,,464.14957466009815,0.00894427190999916,,,,,,,,4.0,0.3330218444630791,,1,483,1,exact,0.03326389468368504,536,,,,,,0.00010070900316350162,8f0a955754693d310626c5c04815184a137174f9
dv3-B-thomas-330004,3,B,thomas,330004,33,,4,3:2:1:330004,,test,24,500.0,1.0772389490309358,0.2,,,,,,,,,464.14957466009815,0.00894427190999916,,,,,,,,4.0,0.3330218444630791,,1,479,1,exact,0.03326389468368504,504,,,,,,9.604200022295117e-05,364b9350e8b13998ec7d3155715611f92b6f3d3f
dv3-B-thomas-330005,3,B,thomas,330005,33,,5,3:2:1:330005,,test,24,500.0,1.0772389490309358,0.2,,,,,,,,,464.14957466009815,0.00894427190999916,,,,,,,,4.0,0.3330218444630791,,1,458,1,exact,0.03326389468368504,500,,,,,,9.558300007483922e-05,3b52ba230509af6128b56a6d4a2aaef867025bca
dv3-B-thomas-330006,3,B,thomas,330006,33,,6,3:2:1:330006,,test,24,500.0,1.0772389490309358,0.2,,,,,,,,,464.14957466009815,0.00894427190999916,,,,,,,,4.0,0.3330218444630791,,1,506,1,exact,0.03326389468368504,515,,,,,,9.32079965423327e-05,ce6397e013c4f4766dd1bbcfc3c003741a7e3039
dv3-B-thomas-330007,3,B,thomas,330007,33,,7,3:2:1:330007,,test,24,500.0,1.0772389490309358,0.2,,,,,,,,,464.14957466009815,0.00894427190999916,,,,,,,,4.0,0.3330218444630791,,1,507,1,exact,0.03326389468368504,530,,,,,,9.416700049769133e-05,b1f5ecf907e566cde3b82544f307267e4059c93e
dv3-B-thomas-330008,3,B,thomas,330008,33,,8,3:2:1:330008,,test,24,500.0,1.0772389490309358,0.2,,,,,,,,,464.14957466009815,0.00894427190999916,,,,,,,,4.0,0.3330218444630791,,1,563,1,exact,0.03326389468368504,562,,,,,,9.670800136518665e-05,e759dbe5d4cdf1f9a410c38a928ff083c3b405c3
dv3-B-thomas-330009,3,B,thomas,330009,33,,9,3:2:1:330009,,test,24,500.0,1.0772389490309358,0.2,,,,,,,,,464.14957466009815,0.00894427190999916,,,,,,,,4.0,0.3330218444630791,,1,536,1,exact,0.03326389468368504,567,,,,,,0.00010683300206437707,070632c0bac33d6b36bd06e7ab9c7b227e37848d
dv3-B-thomas-330010,3,B,thomas,330010,33,,10,3:2:1:330010,,test,24,500.0,1.0772389490309358,0.2,,,,,,,,,464.14957466009815,0.00894427190999916,,,,,,,,4.0,0.3330218444630791,,1,499,1,exact,0.03326389468368504,525,,,,,,0.00014000000010128133,732ae68922cc3888b4baa9f1fd07cfda6019a7bb
dv3-B-thomas-330011,3,B,thomas,330011,33,,11,3:2:1:330011,,test,24,500.0,1.0772389490309358,0.2,,,,,,,,,464.14957466009815,0.00894427190999916,,,,,,,,4.0,0.3330218444630791,,1,595,1,exact,0.03326389468368504,551,,,,,,0.00010329100041417405,3518cea2bf5d181fdbc2657ac7eb9d5a00fb7512
dv3-B-thomas-330012,3,B,thomas,330012,33,,12,3:2:1:330012,,test,24,500.0,1.0772389490309358,0.2,,,,,,,,,464.14957466009815,0.00894427190999916,,,,,,,,4.0,0.3330218444630791,,1,476,1,exact,0.03326389468368504,513,,,,,,9.270900045521557e-05,5147f8b5c17fe7eb7340f7a2b96f8ca30819e51d
dv3-B-thomas-330013,3,B,thomas,330013,33,,13,3:2:1:330013,,test,24,500.0,1.0772389490309358,0.2,,,,,,,,,464.14957466009815,0.00894427190999916,,,,,,,,4.0,0.3330218444630791,,1,510,1,exact,0.03326389468368504,530,,,,,,9.316599971498363e-05,bab8d29eba84efde93f4471d748a25b4c88a1bd1
dv3-B-thomas-330014,3,B,thomas,330014,33,,14,3:2:1:330014,,test,24,500.0,1.0772389490309358,0.2,,,,,,,,,464.14957466009815,0.00894427190999916,,,,,,,,4.0,0.3330218444630791,,1,431,1,exact,0.03326389468368504,513,,,,,,8.841700037010014e-05,ff67a7cc5cd6c1c3b0ed8dd40bdcda4f2325dfe4
dv3-B-thomas-330015,3,B,thomas,330015,33,,15,3:2:1:330015,,test,24,500.0,1.0772389490309358,0.2,,,,,,,,,464.14957466009815,0.00894427190999916,,,,,,,,4.0,0.3330218444630791,,1,491,1,exact,0.03326389468368504,530,,,,,,9.024999963003211e-05,71cc8d717a4858602d09f077e988387fd30b35f9
dv3-B-thomas-330016,3,B,thomas,330016,33,,16,3:2:1:330016,,test,24,500.0,1.0772389490309358,0.2,,,,,,,,,464.14957466009815,0.00894427190999916,,,,,,,,4.0,0.3330218444630791,,1,496,1,exact,0.03326389468368504,508,,,,,,9.316599971498363e-05,fd1849753872dfd93280ad8a604d96be71026f5e
dv3-B-thomas-330017,3,B,thomas,330017,33,,17,3:2:1:330017,,test,24,500.0,1.0772389490309358,0.2,,,,,,,,,464.14957466009815,0.00894427190999916,,,,,,,,4.0,0.3330218444630791,,1,533,1,exact,0.03326389468368504,557,,,,,,0.00033233299836865626,04af2ee6fcce64eefa7ba269930345a91a0496fd
dv3-B-thomas-330018,3,B,thomas,330018,33,,18,3:2:1:330018,,test,24,500.0,1.0772389490309358,0.2,,,,,,,,,464.14957466009815,0.00894427190999916,,,,,,,,4.0,0.3330218444630791,,1,504,1,exact,0.03326389468368504,524,,,,,,0.00023754200083203614,38f8df54241e0543f56302e81a3867e8f8c50d4e
dv3-B-thomas-330019,3,B,thomas,330019,33,,19,3:2:1:330019,,test,24,500.0,1.0772389490309358,0.2,,,,,,,,,464.14957466009815,0.00894427190999916,,,,,,,,4.0,0.3330218444630791,,1,520,1,exact,0.03326389468368504,540,,,,,,0.00012370799959171563,055073a5aa5ae69a49c41ca725a38875e95b0531
dv3-B-thomas-330020,3,B,thomas,330020,33,,20,3:2:1:330020,,test,24,500.0,1.0772389490309358,0.2,,,,,,,,,464.14957466009815,0.00894427190999916,,,,,,,,4.0,0.3330218444630791,,1,475,1,exact,0.03326389468368504,514,,,,,,0.00011133299994980916,2de83872a69a3dc01df896e1cb7dbf9d376f81f1
dv3-B-thomas-330021,3,B,thomas,330021,33,,21,3:2:1:330021,,test,24,500.0,1.0772389490309358,0.2,,,,,,,,,464.14957466009815,0.00894427190999916,,,,,,,,4.0,0.3330218444630791,,1,505,1,exact,0.03326389468368504,534,,,,,,0.000206666998565197,ece1184f2c186b35f8d9479a489f75b16c5fc50c
dv3-B-thomas-330022,3,B,thomas,330022,33,,22,3:2:1:330022,,test,24,500.0,1.0772389490309358,0.2,,,,,,,,,464.14957466009815,0.00894427190999916,,,,,,,,4.0,0.3330218444630791,,1,467,1,exact,0.03326389468368504,512,,,,,,0.00023520800095866434,a34779b2c5e9e61e0b779818e3135ef03e703628
dv3-B-thomas-330023,3,B,thomas,330023,33,,23,3:2:1:330023,,test,24,500.0,1.0772389490309358,0.2,,,,,,,,,464.14957466009815,0.00894427190999916,,,,,,,,4.0,0.3330218444630791,,1,488,1,exact,0.03326389468368504,517,,,,,,0.0001872079992608633,18103237f422dcd3e7c9cb417efb73832d581911
dv3-B-thomas-330024,3,B,thomas,330024,33,,24,3:2:1:330024,,test,24,500.0,1.0772389490309358,0.2,,,,,,,,,464.14957466009815,0.00894427190999916,,,,,,,,4.0,0.3330218444630791,,1,504,1,exact,0.03326389468368504,524,,,,,,0.00018033399828709662,f3b36a1409783e801b74d9eed5ef876bc6d1e95b
dv3-B-thomas-330025,3,B,thomas,330025,33,,25,3:2:1:330025,,test,24,500.0,1.0772389490309358,0.2,,,,,,,,,464.14957466009815,0.00894427190999916,,,,,,,,4.0,0.3330218444630791,,1,478,1,exact,0.03326389468368504,507,,,,,,0.00017483300325693563,d518e2808835e5e0fdaa98c63594c22823c28e26
dv3-B-thomas-330026,3,B,thomas,330026,33,,26,3:2:1:330026,,test,24,500.0,1.0772389490309358,0.2,,,,,,,,,464.14957466009815,0.00894427190999916,,,,,,,,4.0,0.3330218444630791,,1,487,1,exact,0.03326389468368504,550,,,,,,0.0002652080002008006,41882aa8e98e2287a062e01b0c78d3e94b3c2446
dv3-B-thomas-330027,3,B,thomas,330027,33,,27,3:2:1:330027,,test,24,500.0,1.0772389490309358,0.2,,,,,,,,,464.14957466009815,0.00894427190999916,,,,,,,,4.0,0.3330218444630791,,1,469,1,exact,0.03326389468368504,514,,,,,,0.00011291699775028974,f51817b7fee3399d96163df760e841803e00ba7c
dv3-B-thomas-330028,3,B,thomas,330028,33,,28,3:2:1:330028,,test,24,500.0,1.0772389490309358,0.2,,,,,,,,,464.14957466009815,0.00894427190999916,,,,,,,,4.0,0.3330218444630791,,1,493,1,exact,0.03326389468368504,541,,,,,,0.00010024999937741086,ea4b48fcd660ad867b905200b7f0d3022282a45f
dv3-B-thomas-330029,3,B,thomas,330029,33,,29,3:2:1:330029,,test,24,500.0,1.0772389490309358,0.2,,,,,,,,,464.14957466009815,0.00894427190999916,,,,,,,,4.0,0.3330218444630791,,1,534,1,exact,0.03326389468368504,563,,,,,,9.766599760041572e-05,4e442e04afe4f1aefdf6789c1a09eeee53e4e98d
dv3-B-thomas-330030,3,B,thomas,330030,33,,30,3:2:1:330030,,test,24,500.0,1.0772389490309358,0.2,,,,,,,,,464.14957466009815,0.00894427190999916,,,,,,,,4.0,0.3330218444630791,,1,502,1,exact,0.03326389468368504,531,,,,,,9.36659998842515e-05,a98a3cec866ab0015b2fdd83834ee62ece040949
dv3-B-thomas-330031,3,B,thomas,330031,33,,31,3:2:1:330031,,test,24,500.0,1.0772389490309358,0.2,,,,,,,,,464.14957466009815,0.00894427190999916,,,,,,,,4.0,0.3330218444630791,,1,488,1,exact,0.03326389468368504,538,,,,,,0.0001494999996793922,4d2065f0d3cb6a3b46822182ff4116cd5cd139a8
dv3-B-thomas-330032,3,B,thomas,330032,33,,32,3:2:1:330032,,test,24,500.0,1.0772389490309358,0.2,,,,,,,,,464.14957466009815,0.00894427190999916,,,,,,,,4.0,0.3330218444630791,,1,472,1,exact,0.03326389468368504,519,,,,,,0.0002399160002823919,1c461e38f06e9ab00c86a7833c8b92bfeb2036a3
dv3-B-thomas-330033,3,B,thomas,330033,33,,33,3:2:1:330033,,test,24,500.0,1.0772389490309358,0.2,,,,,,,,,464.14957466009815,0.00894427190999916,,,,,,,,4.0,0.3330218444630791,,1,562,1,exact,0.03326389468368504,559,,,,,,0.00022354199973051436,3457ab123ed443b5d170bfb374950a7ec83408ee
dv3-B-thomas-330034,3,B,thomas,330034,33,,34,3:2:1:330034,,test,24,500.0,1.0772389490309358,0.2,,,,,,,,,464.14957466009815,0.00894427190999916,,,,,,,,4.0,0.3330218444630791,,1,497,1,exact,0.03326389468368504,531,,,,,,0.0002258749991597142,2dcf1c590e6d2d4274ad233df6504b63f906bbc9
dv3-B-thomas-330035,3,B,thomas,330035,33,,35,3:2:1:330035,,test,24,500.0,1.0772389490309358,0.2,,,,,,,,,464.14957466009815,0.00894427190999916,,,,,,,,4.0,0.3330218444630791,,1,522,1,exact,0.03326389468368504,524,,,,,,0.00018987499788636342,0c96d66432e7190fba4adbcb4e1b626569ee12dd
dv3-B-thomas-330036,3,B,thomas,330036,33,,36,3:2:1:330036,,test,24,500.0,1.0772389490309358,0.2,,,,,,,,,464.14957466009815,0.00894427190999916,,,,,,,,4.0,0.3330218444630791,,1,530,1,exact,0.03326389468368504,549,,,,,,0.00018529199951444753,325d161b1a15172ad0cb7ecd943db1b966eb176a
dv3-B-thomas-330037,3,B,thomas,330037,33,,37,3:2:1:330037,,test,24,500.0,1.0772389490309358,0.2,,,,,,,,,464.14957466009815,0.00894427190999916,,,,,,,,4.0,0.3330218444630791,,1,474,1,exact,0.03326389468368504,510,,,,,,0.0001752499993017409,8c9666776d495822e6613cec0702adc95a131407
dv3-B-thomas-330038,3,B,thomas,330038,33,,38,3:2:1:330038,,test,24,500.0,1.0772389490309358,0.2,,,,,,,,,464.14957466009815,0.00894427190999916,,,,,,,,4.0,0.3330218444630791,,1,473,1,exact,0.03326389468368504,553,,,,,,0.00018087499847752042,ab375a8116b9eed0b54c54890454d5a1dca094bb
dv3-B-thomas-330039,3,B,thomas,330039,33,,39,3:2:1:330039,,test,24,500.0,1.0772389490309358,0.2,,,,,,,,,464.14957466009815,0.00894427190999916,,,,,,,,4.0,0.3330218444630791,,1,500,1,exact,0.03326389468368504,500,,,,,,0.0001843330028350465,dbcc31aa7f4519ca7c7881e97d86366a62f5cd93
dv3-B-thomas-330040,3,B,thomas,330040,33,,40,3:2:1:330040,,test,24,500.0,1.0772389490309358,0.2,,,,,,,,,464.14957466009815,0.00894427190999916,,,,,,,,4.0,0.3330218444630791,,1,513,1,exact,0.03326389468368504,510,,,,,,0.00018029200145974755,e5363f5ca155ea1bb4d3c19eac455341ef2646fb
dv3-B-thomas-330041,3,B,thomas,330041,33,,41,3:2:1:330041,,test,24,500.0,1.0772389490309358,0.2,,,,,,,,,464.14957466009815,0.00894427190999916,,,,,,,,4.0,0.3330218444630791,,1,528,1,exact,0.03326389468368504,563,,,,,,0.00018304200057173148,ef9ef1d8c55cabc80ffce9e8e8d07e6eb2253fd0
dv3-B-thomas-330042,3,B,thomas,330042,33,,42,3:2:1:330042,,test,24,500.0,1.0772389490309358,0.2,,,,,,,,,464.14957466009815,0.00894427190999916,,,,,,,,4.0,0.3330218444630791,,1,523,1,exact,0.03326389468368504,515,,,,,,0.000179749997187173,79e3940f2d5de8d10480082c262c57ead5ceece5
dv3-B-thomas-330043,3,B,thomas,330043,33,,43,3:2:1:330043,,test,24,500.0,1.0772389490309358,0.2,,,,,,,,,464.14957466009815,0.00894427190999916,,,,,,,,4.0,0.3330218444630791,,1,568,1,exact,0.03326389468368504,543,,,,,,0.00018733300021267496,11aa591cce6ced4693f0cf85473e852b41c35958
dv3-B-thomas-330044,3,B,thomas,330044,33,,44,3:2:1:330044,,test,24,500.0,1.0772389490309358,0.2,,,,,,,,,464.14957466009815,0.00894427190999916,,,,,,,,4.0,0.3330218444630791,,1,478,1,exact,0.03326389468368504,504,,,,,,0.00017933399794856086,c502e626d242395286add38bca27b902b8a6b60e
dv3-B-thomas-330045,3,B,thomas,330045,33,,45,3:2:1:330045,,test,24,500.0,1.0772389490309358,0.2,,,,,,,,,464.14957466009815,0.00894427190999916,,,,,,,,4.0,0.3330218444630791,,1,455,1,exact,0.03326389468368504,496,,,,,,0.00016908299949136563,5437403c483d708dfa16c03369d5205669b87972
dv3-B-thomas-330046,3,B,thomas,330046,33,,46,3:2:1:330046,,test,24,500.0,1.0772389490309358,0.2,,,,,,,,,464.14957466009815,0.00894427190999916,,,,,,,,4.0,0.3330218444630791,,1,479,1,exact,0.03326389468368504,548,,,,,,0.0001786659995559603,0fb7dbc2cfcc58ea652be21a30e95593fa1ae7d6
dv3-B-thomas-330047,3,B,thomas,330047,33,,47,3:2:1:330047,,test,24,500.0,1.0772389490309358,0.2,,,,,,,,,464.14957466009815,0.00894427190999916,,,,,,,,4.0,0.3330218444630791,,1,548,1,exact,0.03326389468368504,543,,,,,,0.00019283300207462162,dd377745d8d1f5a745c3f5f83036d37caf2b96ad
dv3-B-thomas-330048,3,B,thomas,330048,33,,48,3:2:1:330048,,test,24,500.0,1.0772389490309358,0.2,,,,,,,,,464.14957466009815,0.00894427190999916,,,,,,,,4.0,0.3330218444630791,,1,508,1,exact,0.03326389468368504,533,,,,,,0.0001759590013534762,e83835ed02b044b874559bf3090543f436bce9f5
dv3-B-thomas-330049,3,B,thomas,330049,33,,49,3:2:1:330049,,test,24,500.0,1.0772389490309358,0.2,,,,,,,,,464.14957466009815,0.00894427190999916,,,,,,,,4.0,0.3330218444630791,,1,491,1,exact,0.03326389468368504,536,,,,,,0.00017241699970327318,f1187d5da43a743b97aa7c3790547447e3454ffa
dv3-B-thomas-330050,3,B,thomas,330050,33,,50,3:2:1:330050,,test,24,500.0,1.0772389490309358,0.2,,,,,,,,,464.14957466009815,0.00894427190999916,,,,,,,,4.0,0.3330218444630791,,1,476,1,exact,0.03326389468368504,485,,,,,,0.00025745899984030984,16626a46914ad02eedcfb4e0ad6e12b4244aed7d
dv3-B-thomas-330051,3,B,thomas,330051,33,,51,3:2:1:330051,,test,24,500.0,1.0772389490309358,0.2,,,,,,,,,464.14957466009815,0.00894427190999916,,,,,,,,4.0,0.3330218444630791,,1,532,1,exact,0.03326389468368504,546,,,,,,0.00021562500114669092,676f2716849cd56e4a7d44a4317c21bda06d1855
dv3-B-thomas-330052,3,B,thomas,330052,33,,52,3:2:1:330052,,test,24,500.0,1.0772389490309358,0.2,,,,,,,,,464.14957466009815,0.00894427190999916,,,,,,,,4.0,0.3330218444630791,,1,506,1,exact,0.03326389468368504,550,,,,,,0.0001985830022022128,b77f89501cf2fdda62097a0161a011bdeac5dc30
dv3-B-thomas-330053,3,B,thomas,330053,33,,53,3:2:1:330053,,test,24,500.0,1.0772389490309358,0.2,,,,,,,,,464.14957466009815,0.00894427190999916,,,,,,,,4.0,0.3330218444630791,,1,499,1,exact,0.03326389468368504,509,,,,,,0.00018220800120616332,1c34683f421ba53ce7e1a9884cfbdc40ead97f69
dv3-B-thomas-330054,3,B,thomas,330054,33,,54,3:2:1:330054,,test,24,500.0,1.0772389490309358,0.2,,,,,,,,,464.14957466009815,0.00894427190999916,,,,,,,,4.0,0.3330218444630791,,1,501,1,exact,0.03326389468368504,538,,,,,,0.00017712499902700074,c9e1a70d188f560d5550783177748ff2350d4b73
dv3-B-thomas-330055,3,B,thomas,330055,33,,55,3:2:1:330055,,test,24,500.0,1.0772389490309358,0.2,,,,,,,,,464.14957466009815,0.00894427190999916,,,,,,,,4.0,0.3330218444630791,,1,558,1,exact,0.03326389468368504,568,,,,,,0.0001808340020943433,d34f867099c33b9f091933430b3225a0f2968130
dv3-B-thomas-330056,3,B,thomas,330056,33,,56,3:2:1:330056,,test,24,500.0,1.0772389490309358,0.2,,,,,,,,,464.14957466009815,0.00894427190999916,,,,,,,,4.0,0.3330218444630791,,1,462,1,exact,0.03326389468368504,513,,,,,,0.00017091699919546954,c4467740108856f0c2caabb2c0008f7b0feb3b99
dv3-B-thomas-330057,3,B,thomas,330057,33,,57,3:2:1:330057,,test,24,500.0,1.0772389490309358,0.2,,,,,,,,,464.14957466009815,0.00894427190999916,,,,,,,,4.0,0.3330218444630791,,1,525,1,exact,0.03326389468368504,539,,,,,,0.0001874999979918357,cf390c02205539cb9b8cb84c44172ade3a1de9f8
dv3-B-thomas-330058,3,B,thomas,330058,33,,58,3:2:1:330058,,test,24,500.0,1.0772389490309358,0.2,,,,,,,,,464.14957466009815,0.00894427190999916,,,,,,,,4.0,0.3330218444630791,,1,542,1,exact,0.03326389468368504,578,,,,,,0.0001993750011024531,9a80006bad24c21c81cf889c4ea466dc11afa780
dv3-B-thomas-330059,3,B,thomas,330059,33,,59,3:2:1:330059,,test,24,500.0,1.0772389490309358,0.2,,,,,,,,,464.14957466009815,0.00894427190999916,,,,,,,,4.0,0.3330218444630791,,1,509,1,exact,0.03326389468368504,533,,,,,,0.0002460830000927672,724f2f0891972f7835c280c4443f6c12f27ce497
dv3-B-thomas-330060,3,B,thomas,330060,33,,60,3:2:1:330060,,test,24,500.0,1.0772389490309358,0.2,,,,,,,,,464.14957466009815,0.00894427190999916,,,,,,,,4.0,0.3330218444630791,,1,539,1,exact,0.03326389468368504,575,,,,,,0.00019195800268789753,c59311845b4695a79b478c45d10b66a59efd1677
dv3-B-thomas-330061,3,B,thomas,330061,33,,61,3:2:1:330061,,test,24,500.0,1.0772389490309358,0.2,,,,,,,,,464.14957466009815,0.00894427190999916,,,,,,,,4.0,0.3330218444630791,,1,510,1,exact,0.03326389468368504,531,,,,,,0.00019216699729440734,f5accb12f08db49dc939f933d7ccf15c2eb8f8fc
dv3-B-thomas-330062,3,B,thomas,330062,33,,62,3:2:1:330062,,test,24,500.0,1.0772389490309358,0.2,,,,,,,,,464.14957466009815,0.00894427190999916,,,,,,,,4.0,0.3330218444630791,,1,536,1,exact,0.03326389468368504,572,,,,,,0.0002247080010420177,8779a4bbca18c708dc564038ec4e15fd280e7e47
dv3-B-thomas-330063,3,B,thomas,330063,33,,63,3:2:1:330063,,test,24,500.0,1.0772389490309358,0.2,,,,,,,,,464.14957466009815,0.00894427190999916,,,,,,,,4.0,0.3330218444630791,,1,459,1,exact,0.03326389468368504,477,,,,,,0.00019949999841628596,f3be0a7041a9872636e173f09c57a3b39a8e3b6d
dv3-B-thomas-330064,3,B,thomas,330064,33,,64,3:2:1:330064,,test,24,500.0,1.0772389490309358,0.2,,,,,,,,,464.14957466009815,0.00894427190999916,,,,,,,,4.0,0.3330218444630791,,1,573,1,exact,0.03326389468368504,583,,,,,,0.00020700000095530413,2ac4e63a722bf95af4b6211a8befd31276b180c1
dv3-B-thomas-330065,3,B,thomas,330065,33,,65,3:2:1:330065,,test,24,500.0,1.0772389490309358,0.2,,,,,,,,,464.14957466009815,0.00894427190999916,,,,,,,,4.0,0.3330218444630791,,1,514,1,exact,0.03326389468368504,580,,,,,,0.00018383299902779981,03b7f96e4a09d7f8a8ef336c65e0994ed396caa2
dv3-B-thomas-330066,3,B,thomas,330066,33,,66,3:2:1:330066,,test,24,500.0,1.0772389490309358,0.2,,,,,,,,,464.14957466009815,0.00894427190999916,,,,,,,,4.0,0.3330218444630791,,1,499,1,exact,0.03326389468368504,522,,,,,,0.00022075000015320256,8129a366d04d5348b930fa7f2f9b56575d2e3e63
dv3-B-thomas-330067,3,B,thomas,330067,33,,67,3:2:1:330067,,test,24,500.0,1.0772389490309358,0.2,,,,,,,,,464.14957466009815,0.00894427190999916,,,,,,,,4.0,0.3330218444630791,,1,500,1,exact,0.03326389468368504,523,,,,,,0.00021058300262666307,ed3b62e747d270303be06e0451dcfaaee68d720c
dv3-B-thomas-330068,3,B,thomas,330068,33,,68,3:2:1:330068,,test,24,500.0,1.0772389490309358,0.2,,,,,,,,,464.14957466009815,0.00894427190999916,,,,,,,,4.0,0.3330218444630791,,1,448,1,exact,0.03326389468368504,488,,,,,,0.00017608399866730906,af580b0b4adcb8f0f4df220c4d6a92b114df6067
dv3-B-thomas-330069,3,B,thomas,330069,33,,69,3:2:1:330069,,test,24,500.0,1.0772389490309358,0.2,,,,,,,,,464.14957466009815,0.00894427190999916,,,,,,,,4.0,0.3330218444630791,,1,509,1,exact,0.03326389468368504,532,,,,,,0.00018141699911211617,b8a17d94b21b54f91790eb798db62e2a2dbef519
dv3-B-thomas-330070,3,B,thomas,330070,33,,70,3:2:1:330070,,test,24,500.0,1.0772389490309358,0.2,,,,,,,,,464.14957466009815,0.00894427190999916,,,,,,,,4.0,0.3330218444630791,,1,513,1,exact,0.03326389468368504,568,,,,,,0.0001837089985201601,0c6b5a3659f4be2a894f9d501c9b9f89a483e5e9
dv3-B-thomas-330071,3,B,thomas,330071,33,,71,3:2:1:330071,,test,24,500.0,1.0772389490309358,0.2,,,,,,,,,464.14957466009815,0.00894427190999916,,,,,,,,4.0,0.3330218444630791,,1,521,1,exact,0.03326389468368504,543,,,,,,0.00017762499919626862,84bcf6fdca380f6e25b78319f7d4ea87f426d080
dv3-B-thomas-330072,3,B,thomas,330072,33,,72,3:2:1:330072,,test,24,500.0,1.0772389490309358,0.2,,,,,,,,,464.14957466009815,0.00894427190999916,,,,,,,,4.0,0.3330218444630791,,1,475,1,exact,0.03326389468368504,524,,,,,,0.00017070900139515288,d461dac371823cb10122004dc2ec52107de5f3d2
dv3-B-thomas-330073,3,B,thomas,330073,33,,73,3:2:1:330073,,test,24,500.0,1.0772389490309358,0.2,,,,,,,,,464.14957466009815,0.00894427190999916,,,,,,,,4.0,0.3330218444630791,,1,476,1,exact,0.03326389468368504,524,,,,,,0.0001898340015031863,b5944c273df982c24605479e76046ff2e931b791
dv3-B-thomas-330074,3,B,thomas,330074,33,,74,3:2:1:330074,,test,24,500.0,1.0772389490309358,0.2,,,,,,,,,464.14957466009815,0.00894427190999916,,,,,,,,4.0,0.3330218444630791,,1,476,1,exact,0.03326389468368504,519,,,,,,0.00017787500109989196,807e503872e46266fce85fd5b6eee22c6a2f89d5
dv3-B-thomas-330075,3,B,thomas,330075,33,,75,3:2:1:330075,,test,24,500.0,1.0772389490309358,0.2,,,,,,,,,464.14957466009815,0.00894427190999916,,,,,,,,4.0,0.3330218444630791,,1,491,1,exact,0.03326389468368504,515,,,,,,0.00017016700076055713,319fa2dab62c58321bf67d348ecf85481866604c
dv3-B-thomas-330076,3,B,thomas,330076,33,,76,3:2:1:330076,,test,24,500.0,1.0772389490309358,0.2,,,,,,,,,464.14957466009815,0.00894427190999916,,,,,,,,4.0,0.3330218444630791,,1,485,1,exact,0.03326389468368504,505,,,,,,0.00016904100266401656,4bab2158296a9c5045ad6a32d2779fa34146ea74
dv3-B-thomas-330077,3,B,thomas,330077,33,,77,3:2:1:330077,,test,24,500.0,1.0772389490309358,0.2,,,,,,,,,464.14957466009815,0.00894427190999916,,,,,,,,4.0,0.3330218444630791,,1,530,1,exact,0.03326389468368504,520,,,,,,0.00016979200154310092,6f525d4493212134596b15443dcb666bd6117740
dv3-B-thomas-330078,3,B,thomas,330078,33,,78,3:2:1:330078,,test,24,500.0,1.0772389490309358,0.2,,,,,,,,,464.14957466009815,0.00894427190999916,,,,,,,,4.0,0.3330218444630791,,1,504,1,exact,0.03326389468368504,537,,,,,,0.00017095899966079742,e778c9a17ae16353873bfe5149b24076b4956b58
dv3-B-thomas-330079,3,B,thomas,330079,33,,79,3:2:1:330079,,test,24,500.0,1.0772389490309358,0.2,,,,,,,,,464.14957466009815,0.00894427190999916,,,,,,,,4.0,0.3330218444630791,,1,549,1,exact,0.03326389468368504,526,,,,,,0.0001728329989418853,5d4ed00f6ba60ba0b5609bf93a5f0a87371b8669
dv3-B-thomas-330080,3,B,thomas,330080,33,,80,3:2:1:330080,,test,24,500.0,1.0772389490309358,0.2,,,,,,,,,464.14957466009815,0.00894427190999916,,,,,,,,4.0,0.3330218444630791,,1,519,1,exact,0.03326389468368504,553,,,,,,0.00017512499834992923,31c9fea6ac79a796381af125ae9200587b73b5f8
dv3-B-thomas-330081,3,B,thomas,330081,33,,81,3:2:1:330081,,test,24,500.0,1.0772389490309358,0.2,,,,,,,,,464.14957466009815,0.00894427190999916,,,,,,,,4.0,0.3330218444630791,,1,496,1,exact,0.03326389468368504,525,,,,,,0.00017354100054944865,ed6bdb37c58ffe3813c9f7ddeba06ccd1ba8d5ab
dv3-B-thomas-330082,3,B,thomas,330082,33,,82,3:2:1:330082,,test,24,500.0,1.0772389490309358,0.2,,,,,,,,,464.14957466009815,0.00894427190999916,,,,,,,,4.0,0.3330218444630791,,1,568,1,exact,0.03326389468368504,534,,,,,,0.00022629099839832634,0e387fac1200473fc6c57f0429811cef520c0c44
dv3-B-thomas-330083,3,B,thomas,330083,33,,83,3:2:1:330083,,test,24,500.0,1.0772389490309358,0.2,,,,,,,,,464.14957466009815,0.00894427190999916,,,,,,,,4.0,0.3330218444630791,,1,553,1,exact,0.03326389468368504,565,,,,,,0.00023862499801907688,295aaf3da653f54d297f11d2cb5621c4b686d483
dv3-B-thomas-330084,3,B,thomas,330084,33,,84,3:2:1:330084,,test,24,500.0,1.0772389490309358,0.2,,,,,,,,,464.14957466009815,0.00894427190999916,,,,,,,,4.0,0.3330218444630791,,1,544,1,exact,0.03326389468368504,568,,,,,,0.00019987500127172098,c71be0d23e61b273a9fd6db475531fed15ddd652
dv3-B-thomas-330085,3,B,thomas,330085,33,,85,3:2:1:330085,,test,24,500.0,1.0772389490309358,0.2,,,,,,,,,464.14957466009815,0.00894427190999916,,,,,,,,4.0,0.3330218444630791,,1,470,1,exact,0.03326389468368504,506,,,,,,0.00017549999756738544,2bd6ac07baf86f259814c8e1c7d16d09552ae48e
dv3-B-thomas-330086,3,B,thomas,330086,33,,86,3:2:1:330086,,test,24,500.0,1.0772389490309358,0.2,,,,,,,,,464.14957466009815,0.00894427190999916,,,,,,,,4.0,0.3330218444630791,,1,535,1,exact,0.03326389468368504,546,,,,,,0.00017816599938669242,ee8fc0e252b165bd3b272c0be139d918998a1973
dv3-B-thomas-330087,3,B,thomas,330087,33,,87,3:2:1:330087,,test,24,500.0,1.0772389490309358,0.2,,,,,,,,,464.14957466009815,0.00894427190999916,,,,,,,,4.0,0.3330218444630791,,1,501,1,exact,0.03326389468368504,539,,,,,,0.0001920830000017304,d61cb97095b5cdb179db1bd69e534d31fc1ad838
dv3-B-thomas-330088,3,B,thomas,330088,33,,88,3:2:1:330088,,test,24,500.0,1.0772389490309358,0.2,,,,,,,,,464.14957466009815,0.00894427190999916,,,,,,,,4.0,0.3330218444630791,,1,471,1,exact,0.03326389468368504,511,,,,,,0.00019016699661733583,523ef81d0ec292107d88206882a28a137e1537c5
dv3-B-thomas-330089,3,B,thomas,330089,33,,89,3:2:1:330089,,test,24,500.0,1.0772389490309358,0.2,,,,,,,,,464.14957466009815,0.00894427190999916,,,,,,,,4.0,0.3330218444630791,,1,449,1,exact,0.03326389468368504,505,,,,,,0.0001739170002110768,cf74ec36e7f94ef29a00ea80930cf06a80d1be8b
dv3-B-thomas-330090,3,B,thomas,330090,33,,90,3:2:1:330090,,test,24,500.0,1.0772389490309358,0.2,,,,,,,,,464.14957466009815,0.00894427190999916,,,,,,,,4.0,0.3330218444630791,,1,490,1,exact,0.03326389468368504,529,,,,,,0.0001842499987105839,9e8901f9a1895df20404c8f33642ff3afe378305
dv3-B-thomas-330091,3,B,thomas,330091,33,,91,3:2:1:330091,,test,24,500.0,1.0772389490309358,0.2,,,,,,,,,464.14957466009815,0.00894427190999916,,,,,,,,4.0,0.3330218444630791,,1,507,1,exact,0.03326389468368504,522,,,,,,0.00019954199888161384,b07da9b09c37570405a9830ff35f2208e137021e
dv3-B-thomas-330092,3,B,thomas,330092,33,,92,3:2:1:330092,,test,24,500.0,1.0772389490309358,0.2,,,,,,,,,464.14957466009815,0.00894427190999916,,,,,,,,4.0,0.3330218444630791,,1,491,1,exact,0.03326389468368504,521,,,,,,0.00019700000120792538,efccd20aeb18249f581a1f17ab66c8ef91a00356
dv3-B-thomas-330093,3,B,thomas,330093,33,,93,3:2:1:330093,,test,24,500.0,1.0772389490309358,0.2,,,,,,,,,464.14957466009815,0.00894427190999916,,,,,,,,4.0,0.3330218444630791,,1,507,1,exact,0.03326389468368504,493,,,,,,0.00017379199925926514,d848307942bc86f8404fe337523a9f2e7252f47e
dv3-B-thomas-330094,3,B,thomas,330094,33,,94,3:2:1:330094,,test,24,500.0,1.0772389490309358,0.2,,,,,,,,,464.14957466009815,0.00894427190999916,,,,,,,,4.0,0.3330218444630791,,1,494,1,exact,0.03326389468368504,487,,,,,,0.00018312500105821528,c5af1638d0f20d5f9456271332ea54d9a3e6bb6f
dv3-B-thomas-330095,3,B,thomas,330095,33,,95,3:2:1:330095,,test,24,500.0,1.0772389490309358,0.2,,,,,,,,,464.14957466009815,0.00894427190999916,,,,,,,,4.0,0.3330218444630791,,1,479,1,exact,0.03326389468368504,496,,,,,,0.00016870800027390942,29d6fa2046308b5fe5cf41600e72e399ee300b24
dv3-B-thomas-330096,3,B,thomas,330096,33,,96,3:2:1:330096,,test,24,500.0,1.0772389490309358,0.2,,,,,,,,,464.14957466009815,0.00894427190999916,,,,,,,,4.0,0.3330218444630791,,1,480,1,exact,0.03326389468368504,501,,,,,,0.00019770799917750992,095dc07408aeacf9653cc5a692ede3ab9c1f1589
dv3-B-thomas-330097,3,B,thomas,330097,33,,97,3:2:1:330097,,test,24,500.0,1.0772389490309358,0.2,,,,,,,,,464.14957466009815,0.00894427190999916,,,,,,,,4.0,0.3330218444630791,,1,491,1,exact,0.03326389468368504,510,,,,,,0.00020374999803607352,7a414f695c56660a71ba4294489bfe184be43c11
dv3-B-thomas-330098,3,B,thomas,330098,33,,98,3:2:1:330098,,test,24,500.0,1.0772389490309358,0.2,,,,,,,,,464.14957466009815,0.00894427190999916,,,,,,,,4.0,0.3330218444630791,,1,507,1,exact,0.03326389468368504,533,,,,,,0.00018637500033946708,dc9b29a25d661628cf4c3cfab093fc7c7bd5ff13
dv3-B-thomas-330099,3,B,thomas,330099,33,,99,3:2:1:330099,,test,24,500.0,1.0772389490309358,0.2,,,,,,,,,464.14957466009815,0.00894427190999916,,,,,,,,4.0,0.3330218444630791,,1,496,1,exact,0.03326389468368504,536,,,,,,0.00017841599765233696,d898729120a32fd6a5be856d062b683e250c0b22
dv3-B-thomas-330100,3,B,thomas,330100,33,,100,3:2:1:330100,,test,24,500.0,1.0772389490309358,0.2,,,,,,,,,464.14957466009815,0.00894427190999916,,,,,,,,4.0,0.3330218444630791,,1,503,1,exact,0.03326389468368504,543,,,,,,0.0002157500020985026,01fef66d59dd7ad760d3b5a00642b4f64f6d398d
dv3-B-thomas-330101,3,B,thomas,330101,33,,101,3:2:1:330101,,test,24,500.0,1.0772389490309358,0.2,,,,,,,,,464.14957466009815,0.00894427190999916,,,,,,,,4.0,0.3330218444630791,,1,488,1,exact,0.03326389468368504,515,,,,,,0.00018008299957728013,8fd1079cd142eb42432b7e15a2400b38a7f07731
dv3-B-thomas-330102,3,B,thomas,330102,33,,102,3:2:1:330102,,test,24,500.0,1.0772389490309358,0.2,,,,,,,,,464.14957466009815,0.00894427190999916,,,,,,,,4.0,0.3330218444630791,,1,498,1,exact,0.03326389468368504,521,,,,,,0.00018158400052925572,aca6979f3b151b65d52ad1830e21ef49aadc40d9
dv3-B-thomas-330103,3,B,thomas,330103,33,,103,3:2:1:330103,,test,24,500.0,1.0772389490309358,0.2,,,,,,,,,464.14957466009815,0.00894427190999916,,,,,,,,4.0,0.3330218444630791,,1,504,1,exact,0.03326389468368504,529,,,,,,0.00018104199989465997,8c8d3bdadd02b68ca9cd1cf81672ca59e0b26eb9
dv3-B-thomas-330104,3,B,thomas,330104,33,,104,3:2:1:330104,,test,24,500.0,1.0772389490309358,0.2,,,,,,,,,464.14957466009815,0.00894427190999916,,,,,,,,4.0,0.3330218444630791,,1,447,1,exact,0.03326389468368504,520,,,,,,0.00018087499847752042,b5f81d8271e2ac745e6922a974c90a5014096c79
dv3-B-thomas-330105,3,B,thomas,330105,33,,105,3:2:1:330105,,test,24,500.0,1.0772389490309358,0.2,,,,,,,,,464.14957466009815,0.00894427190999916,,,,,,,,4.0,0.3330218444630791,,1,489,1,exact,0.03326389468368504,520,,,,,,0.0001846249979280401,2925ffb78d025616c14e171ae4f5a24a67e8b98e
dv3-B-thomas-330106,3,B,thomas,330106,33,,106,3:2:1:330106,,test,24,500.0,1.0772389490309358,0.2,,,,,,,,,464.14957466009815,0.00894427190999916,,,,,,,,4.0,0.3330218444630791,,1,535,1,exact,0.03326389468368504,537,,,,,,0.00018075000116368756,305a1434bfcacfd0b620a3c9031569bc2d5cd0c9
dv3-B-thomas-330107,3,B,thomas,330107,33,,107,3:2:1:330107,,test,24,500.0,1.0772389490309358,0.2,,,,,,,,,464.14957466009815,0.00894427190999916,,,,,,,,4.0,0.3330218444630791,,1,543,1,exact,0.03326389468368504,552,,,,,,0.00018170800103689544,e8c06aad1aaaddf0e31564b08c489b504d0f5ab0
dv3-B-thomas-330108,3,B,thomas,330108,33,,108,3:2:1:330108,,test,24,500.0,1.0772389490309358,0.2,,,,,,,,,464.14957466009815,0.00894427190999916,,,,,,,,4.0,0.3330218444630791,,1,492,1,exact,0.03326389468368504,491,,,,,,0.00016916700042202137,f33216343fff09bbde8c206062ad25941c5b0922
dv3-B-thomas-330109,3,B,thomas,330109,33,,109,3:2:1:330109,,test,24,500.0,1.0772389490309358,0.2,,,,,,,,,464.14957466009815,0.00894427190999916,,,,,,,,4.0,0.3330218444630791,,1,512,1,exact,0.03326389468368504,498,,,,,,0.00016870900071808137,90a2949d84929eaf10d4a1eb880549f96521ee24
dv3-B-thomas-330110,3,B,thomas,330110,33,,110,3:2:1:330110,,test,24,500.0,1.0772389490309358,0.2,,,,,,,,,464.14957466009815,0.00894427190999916,,,,,,,,4.0,0.3330218444630791,,1,540,1,exact,0.03326389468368504,553,,,,,,0.0001772089999576565,dc34d2d859ea6354ab316c7002e285eb1ebdb49c
dv3-B-thomas-330111,3,B,thomas,330111,33,,111,3:2:1:330111,,test,24,500.0,1.0772389490309358,0.2,,,,,,,,,464.14957466009815,0.00894427190999916,,,,,,,,4.0,0.3330218444630791,,1,507,1,exact,0.03326389468368504,538,,,,,,0.0001830000001064036,2b00ad36fc2f656c3017791aef2d2b158257b463
dv3-B-thomas-330112,3,B,thomas,330112,33,,112,3:2:1:330112,,test,24,500.0,1.0772389490309358,0.2,,,,,,,,,464.14957466009815,0.00894427190999916,,,,,,,,4.0,0.3330218444630791,,1,519,1,exact,0.03326389468368504,549,,,,,,0.00017054099953384139,773b6b3b0d9b9874db6e87f2be5ccdc2c88669d0
dv3-B-thomas-330113,3,B,thomas,330113,33,,113,3:2:1:330113,,test,24,500.0,1.0772389490309358,0.2,,,,,,,,,464.14957466009815,0.00894427190999916,,,,,,,,4.0,0.3330218444630791,,1,488,1,exact,0.03326389468368504,521,,,,,,0.0001658750006754417,06719c1dc4ef75a74a9f255fc56b74249d510cc5
dv3-B-thomas-330114,3,B,thomas,330114,33,,114,3:2:1:330114,,test,24,500.0,1.0772389490309358,0.2,,,,,,,,,464.14957466009815,0.00894427190999916,,,,,,,,4.0,0.3330218444630791,,1,481,1,exact,0.03326389468368504,502,,,,,,0.000167958001838997,f19ee18383f6c4b3aed36d70370608cce45502ed
dv3-B-thomas-330115,3,B,thomas,330115,33,,115,3:2:1:330115,,test,24,500.0,1.0772389490309358,0.2,,,,,,,,,464.14957466009815,0.00894427190999916,,,,,,,,4.0,0.3330218444630791,,1,541,1,exact,0.03326389468368504,555,,,,,,0.00021212499996181577,92c6afd78e201967b966a8b7629409a5dabf7b36
dv3-B-thomas-330116,3,B,thomas,330116,33,,116,3:2:1:330116,,test,24,500.0,1.0772389490309358,0.2,,,,,,,,,464.14957466009815,0.00894427190999916,,,,,,,,4.0,0.3330218444630791,,1,539,1,exact,0.03326389468368504,534,,,,,,0.00019912499919882976,32ce67f2b5b4ed38c4ab613cfec5b37e474f5564
dv3-B-thomas-330117,3,B,thomas,330117,33,,117,3:2:1:330117,,test,24,500.0,1.0772389490309358,0.2,,,,,,,,,464.14957466009815,0.00894427190999916,,,,,,,,4.0,0.3330218444630791,,1,487,1,exact,0.03326389468368504,547,,,,,,0.0002900830004364252,02f91b5f0876d2b3767ffd08626129092e8c129a
dv3-B-thomas-330118,3,B,thomas,330118,33,,118,3:2:1:330118,,test,24,500.0,1.0772389490309358,0.2,,,,,,,,,464.14957466009815,0.00894427190999916,,,,,,,,4.0,0.3330218444630791,,1,509,1,exact,0.03326389468368504,543,,,,,,0.00017833400124800391,2352a6ff9c000718d70e02cf266fba7ac447dd01
dv3-B-thomas-330119,3,B,thomas,330119,33,,119,3:2:1:330119,,test,24,500.0,1.0772389490309358,0.2,,,,,,,,,464.14957466009815,0.00894427190999916,,,,,,,,4.0,0.3330218444630791,,1,542,1,exact,0.03326389468368504,541,,,,,,0.00017424999896320514,349b753354355998ef5a217c52fbf766e22d3231
dv3-B-thomas-330120,3,B,thomas,330120,33,,120,3:2:1:330120,,test,24,500.0,1.0772389490309358,0.2,,,,,,,,,464.14957466009815,0.00894427190999916,,,,,,,,4.0,0.3330218444630791,,1,497,1,exact,0.03326389468368504,516,,,,,,0.00016599999798927456,91cabc29dff217dce33bc95b5d1ff9ec161cb53e
dv3-B-thomas-330121,3,B,thomas,330121,33,,121,3:2:1:330121,,test,24,500.0,1.0772389490309358,0.2,,,,,,,,,464.14957466009815,0.00894427190999916,,,,,,,,4.0,0.3330218444630791,,1,459,1,exact,0.03326389468368504,539,,,,,,0.00016483299987157807,2b20d28a71ba0fe2ba8f42e60eaac5bf34f56bf6
dv3-B-thomas-330122,3,B,thomas,330122,33,,122,3:2:1:330122,,test,24,500.0,1.0772389490309358,0.2,,,,,,,,,464.14957466009815,0.00894427190999916,,,,,,,,4.0,0.3330218444630791,,1,496,1,exact,0.03326389468368504,564,,,,,,0.00016716699974494986,13b27ac37405c18bd2b042cfb358e3fd522cf9e3
dv3-B-thomas-330123,3,B,thomas,330123,33,,123,3:2:1:330123,,test,24,500.0,1.0772389490309358,0.2,,,,,,,,,464.14957466009815,0.00894427190999916,,,,,,,,4.0,0.3330218444630791,,1,458,1,exact,0.03326389468368504,527,,,,,,0.00016437500016763806,58e32785d05b5125d3a7c7d2ad8912df61ccea2e
dv3-B-thomas-330124,3,B,thomas,330124,33,,124,3:2:1:330124,,test,24,500.0,1.0772389490309358,0.2,,,,,,,,,464.14957466009815,0.00894427190999916,,,,,,,,4.0,0.3330218444630791,,1,524,1,exact,0.03326389468368504,551,,,,,,0.00017474999913247302,23978c363e4ccdeb8bb21a0fb065f074cafb0d6d
dv3-B-thomas-330125,3,B,thomas,330125,33,,125,3:2:1:330125,,test,24,500.0,1.0772389490309358,0.2,,,,,,,,,464.14957466009815,0.00894427190999916,,,,,,,,4.0,0.3330218444630791,,1,533,1,exact,0.03326389468368504,528,,,,,,0.00017358400145894848,d5cd3870930ce0ceb368aae670bbdc79fda3377c
dv3-B-thomas-330126,3,B,thomas,330126,33,,126,3:2:1:330126,,test,24,500.0,1.0772389490309358,0.2,,,,,,,,,464.14957466009815,0.00894427190999916,,,,,,,,4.0,0.3330218444630791,,1,457,1,exact,0.03326389468368504,543,,,,,,0.00016524999955436215,622563f23d14aa83877b5dae980e3edcd94556fe
dv3-B-thomas-330127,3,B,thomas,330127,33,,127,3:2:1:330127,,test,24,500.0,1.0772389490309358,0.2,,,,,,,,,464.14957466009815,0.00894427190999916,,,,,,,,4.0,0.3330218444630791,,1,539,1,exact,0.03326389468368504,554,,,,,,0.00017695899805403315,173026c840fe6d13359aa0d453e9e29a54b09ea5
dv3-B-thomas-330128,3,B,thomas,330128,33,,128,3:2:1:330128,,test,24,500.0,1.0772389490309358,0.2,,,,,,,,,464.14957466009815,0.00894427190999916,,,,,,,,4.0,0.3330218444630791,,1,523,1,exact,0.03326389468368504,546,,,,,,0.00017433300308766775,2193652c515e3a842a08b82bd86ba6a706464aaa
dv3-B-thomas-330129,3,B,thomas,330129,33,,129,3:2:1:330129,,test,24,500.0,1.0772389490309358,0.2,,,,,,,,,464.14957466009815,0.00894427190999916,,,,,,,,4.0,0.3330218444630791,,1,462,1,exact,0.03326389468368504,512,,,,,,0.00016187499932129867,e985a33180fbb046bbefa71742ce8ca02f88d381
dv3-B-thomas-330130,3,B,thomas,330130,33,,130,3:2:1:330130,,test,24,500.0,1.0772389490309358,0.2,,,,,,,,,464.14957466009815,0.00894427190999916,,,,,,,,4.0,0.3330218444630791,,1,478,1,exact,0.03326389468368504,523,,,,,,0.00016224999853875488,b9e1e7870345e71eb5fc6b0e6b95e1ca4894ce85
dv3-B-thomas-330131,3,B,thomas,330131,33,,131,3:2:1:330131,,test,24,500.0,1.0772389490309358,0.2,,,,,,,,,464.14957466009815,0.00894427190999916,,,,,,,,4.0,0.3330218444630791,,1,501,1,exact,0.03326389468368504,524,,,,,,0.00017291699987254106,aef02b88779195eddd7a242152634924b185a6f7
dv3-B-thomas-330132,3,B,thomas,330132,33,,132,3:2:1:330132,,test,24,500.0,1.0772389490309358,0.2,,,,,,,,,464.14957466009815,0.00894427190999916,,,,,,,,4.0,0.3330218444630791,,1,457,1,exact,0.03326389468368504,524,,,,,,0.00015962500037858263,9e7001a41acae39e7e1ba676441f100f7f92655c
dv3-B-thomas-330133,3,B,thomas,330133,33,,133,3:2:1:330133,,test,24,500.0,1.0772389490309358,0.2,,,,,,,,,464.14957466009815,0.00894427190999916,,,,,,,,4.0,0.3330218444630791,,1,507,1,exact,0.03326389468368504,546,,,,,,0.00018141599866794422,3e6a6fd7c0e0c00eb3b1d99f0f801b525e4966cb
dv3-B-thomas-330134,3,B,thomas,330134,33,,134,3:2:1:330134,,test,24,500.0,1.0772389490309358,0.2,,,,,,,,,464.14957466009815,0.00894427190999916,,,,,,,,4.0,0.3330218444630791,,1,480,1,exact,0.03326389468368504,544,,,,,,0.00016483400031575002,aab60a8f21c40e7bb6ec1dd7a48a63f554c8812e
dv3-B-thomas-330135,3,B,thomas,330135,33,,135,3:2:1:330135,,test,24,500.0,1.0772389490309358,0.2,,,,,,,,,464.14957466009815,0.00894427190999916,,,,,,,,4.0,0.3330218444630791,,1,456,1,exact,0.03326389468368504,538,,,,,,0.00016816700008348562,640dcf520c5b1f77b68bd4d5bf0e990137644398
dv3-B-thomas-330136,3,B,thomas,330136,33,,136,3:2:1:330136,,test,24,500.0,1.0772389490309358,0.2,,,,,,,,,464.14957466009815,0.00894427190999916,,,,,,,,4.0,0.3330218444630791,,1,534,1,exact,0.03326389468368504,536,,,,,,0.0001686670002527535,d6093b329c7c12d6d739a5e3a5a63ba269d20658
dv3-B-thomas-330137,3,B,thomas,330137,33,,137,3:2:1:330137,,test,24,500.0,1.0772389490309358,0.2,,,,,,,,,464.14957466009815,0.00894427190999916,,,,,,,,4.0,0.3330218444630791,,1,516,1,exact,0.03326389468368504,546,,,,,,0.00017608300186111592,2bf4f0d9cfcf1da9bf73e6552afbaaa07f6183b4
dv3-B-thomas-330138,3,B,thomas,330138,33,,138,3:2:1:330138,,test,24,500.0,1.0772389490309358,0.2,,,,,,,,,464.14957466009815,0.00894427190999916,,,,,,,,4.0,0.3330218444630791,,1,487,1,exact,0.03326389468368504,533,,,,,,0.00016491600035806186,3c386a49999d6c1c66cc85a6e04f757b57af0cb5
dv3-B-thomas-330139,3,B,thomas,330139,33,,139,3:2:1:330139,,test,24,500.0,1.0772389490309358,0.2,,,,,,,,,464.14957466009815,0.00894427190999916,,,,,,,,4.0,0.3330218444630791,,1,494,1,exact,0.03326389468368504,540,,,,,,0.00017033299809554592,dd87bd9e18cc27351de4847ef79cb5c8ede53d46
dv3-B-thomas-330140,3,B,thomas,330140,33,,140,3:2:1:330140,,test,24,500.0,1.0772389490309358,0.2,,,,,,,,,464.14957466009815,0.00894427190999916,,,,,,,,4.0,0.3330218444630791,,1,482,1,exact,0.03326389468368504,528,,,,,,0.00016445800065412186,1e5953194cab8cd8949e3efea13ad6f759b62941
dv3-B-thomas-330141,3,B,thomas,330141,33,,141,3:2:1:330141,,test,24,500.0,1.0772389490309358,0.2,,,,,,,,,464.14957466009815,0.00894427190999916,,,,,,,,4.0,0.3330218444630791,,1,522,1,exact,0.03326389468368504,537,,,,,,0.0001871250024123583,1302042603e088ed30b831a9a744db55e7678ad3
dv3-B-thomas-330142,3,B,thomas,330142,33,,142,3:2:1:330142,,test,24,500.0,1.0772389490309358,0.2,,,,,,,,,464.14957466009815,0.00894427190999916,,,,,,,,4.0,0.3330218444630791,,1,524,1,exact,0.03326389468368504,497,,,,,,0.00018970900055137463,ad99eaf976b02dbbd5b3d123eb6479480f4647cb
dv3-B-thomas-330143,3,B,thomas,330143,33,,143,3:2:1:330143,,test,24,500.0,1.0772389490309358,0.2,,,,,,,,,464.14957466009815,0.00894427190999916,,,,,,,,4.0,0.3330218444630791,,1,478,1,exact,0.03326389468368504,495,,,,,,0.0001722920023894403,d3e2bd89d15cce6f4b8468f9b2038acfb2400055
dv3-B-thomas-330144,3,B,thomas,330144,33,,144,3:2:1:330144,,test,24,500.0,1.0772389490309358,0.2,,,,,,,,,464.14957466009815,0.00894427190999916,,,,,,,,4.0,0.3330218444630791,,1,462,1,exact,0.03326389468368504,490,,,,,,0.0001810829999158159,af39851c5233af243d7e3c762091385c075ad419
dv3-B-thomas-330145,3,B,thomas,330145,33,,145,3:2:1:330145,,test,24,500.0,1.0772389490309358,0.2,,,,,,,,,464.14957466009815,0.00894427190999916,,,,,,,,4.0,0.3330218444630791,,1,515,1,exact,0.03326389468368504,531,,,,,,0.0002022500011662487,b7ee3164626e832705b58d724f1dfc0520af6be8
dv3-B-thomas-330146,3,B,thomas,330146,33,,146,3:2:1:330146,,test,24,500.0,1.0772389490309358,0.2,,,,,,,,,464.14957466009815,0.00894427190999916,,,,,,,,4.0,0.3330218444630791,,1,489,1,exact,0.03326389468368504,511,,,,,,0.00013945799946668558,4d62e399a1b8a3638daf38410f62922fbfff55bc
dv3-B-thomas-330147,3,B,thomas,330147,33,,147,3:2:1:330147,,test,24,500.0,1.0772389490309358,0.2,,,,,,,,,464.14957466009815,0.00894427190999916,,,,,,,,4.0,0.3330218444630791,,1,457,1,exact,0.03326389468368504,508,,,,,,0.00011250000170548446,2406ecac04ce534549e3df2d241d74f2d4b252e2
dv3-B-thomas-330148,3,B,thomas,330148,33,,148,3:2:1:330148,,test,24,500.0,1.0772389490309358,0.2,,,,,,,,,464.14957466009815,0.00894427190999916,,,,,,,,4.0,0.3330218444630791,,1,486,1,exact,0.03326389468368504,528,,,,,,0.00010299999848939478,173b1167e1614c2ebf1938152ae2349cb572a904
dv3-B-thomas-330149,3,B,thomas,330149,33,,149,3:2:1:330149,,test,24,500.0,1.0772389490309358,0.2,,,,,,,,,464.14957466009815,0.00894427190999916,,,,,,,,4.0,0.3330218444630791,,1,495,1,exact,0.03326389468368504,528,,,,,,9.812500138650648e-05,434e2d5e34cfde13e865cb76a0ec5eb9679f1d33
dv3-B-thomas-330150,3,B,thomas,330150,33,,150,3:2:1:330150,,test,24,500.0,1.0772389490309358,0.2,,,,,,,,,464.14957466009815,0.00894427190999916,,,,,,,,4.0,0.3330218444630791,,1,466,1,exact,0.03326389468368504,528,,,,,,9.579100151313469e-05,b9f82b335015f0d5e923394b42a7ba3f84a9ad98
dv3-B-thomas-330151,3,B,thomas,330151,33,,151,3:2:1:330151,,test,24,500.0,1.0772389490309358,0.2,,,,,,,,,464.14957466009815,0.00894427190999916,,,,,,,,4.0,0.3330218444630791,,1,496,1,exact,0.03326389468368504,550,,,,,,9.670800136518665e-05,c7aa210d6c2006826a03cda8867e4d983038529c
dv3-B-thomas-330152,3,B,thomas,330152,33,,152,3:2:1:330152,,test,24,500.0,1.0772389490309358,0.2,,,,,,,,,464.14957466009815,0.00894427190999916,,,,,,,,4.0,0.3330218444630791,,1,537,1,exact,0.03326389468368504,541,,,,,,9.549999958835542e-05,99b615bb1f825d16c0b939d6e1df5a95f26a65e6
dv3-B-thomas-330153,3,B,thomas,330153,33,,153,3:2:1:330153,,test,24,500.0,1.0772389490309358,0.2,,,,,,,,,464.14957466009815,0.00894427190999916,,,,,,,,4.0,0.3330218444630791,,1,521,1,exact,0.03326389468368504,551,,,,,,9.295799827668816e-05,9aeffa48eebb0cdfbb760148e8d999bcb179a4d7
dv3-B-thomas-330154,3,B,thomas,330154,33,,154,3:2:1:330154,,test,24,500.0,1.0772389490309358,0.2,,,,,,,,,464.14957466009815,0.00894427190999916,,,,,,,,4.0,0.3330218444630791,,1,527,1,exact,0.03326389468368504,565,,,,,,9.629200212657452e-05,369735e302bbeae4f094e6fd1b715ac0d1c1a992
dv3-B-thomas-330155,3,B,thomas,330155,33,,155,3:2:1:330155,,test,24,500.0,1.0772389490309358,0.2,,,,,,,,,464.14957466009815,0.00894427190999916,,,,,,,,4.0,0.3330218444630791,,1,463,1,exact,0.03326389468368504,536,,,,,,9.054200199898332e-05,157cafda68b031b91966bc8b188ed77422e2c420
dv3-B-thomas-330156,3,B,thomas,330156,33,,156,3:2:1:330156,,test,24,500.0,1.0772389490309358,0.2,,,,,,,,,464.14957466009815,0.00894427190999916,,,,,,,,4.0,0.3330218444630791,,1,467,1,exact,0.03326389468368504,488,,,,,,8.795900066616014e-05,009615c01464bce0f80d2654433578b456ba01de
dv3-B-thomas-330157,3,B,thomas,330157,33,,157,3:2:1:330157,,test,24,500.0,1.0772389490309358,0.2,,,,,,,,,464.14957466009815,0.00894427190999916,,,,,,,,4.0,0.3330218444630791,,1,503,1,exact,0.03326389468368504,518,,,,,,9.154100189334713e-05,c543cb77a25172195527e985804c2ad21caf6cc2
dv3-B-thomas-330158,3,B,thomas,330158,33,,158,3:2:1:330158,,test,24,500.0,1.0772389490309358,0.2,,,,,,,,,464.14957466009815,0.00894427190999916,,,,,,,,4.0,0.3330218444630791,,1,466,1,exact,0.03326389468368504,472,,,,,,8.666699795867316e-05,6975d0caae6891d449d7e9db1014ecc4f5f5e4f8
dv3-B-thomas-330159,3,B,thomas,330159,33,,159,3:2:1:330159,,test,24,500.0,1.0772389490309358,0.2,,,,,,,,,464.14957466009815,0.00894427190999916,,,,,,,,4.0,0.3330218444630791,,1,493,1,exact,0.03326389468368504,539,,,,,,9.058299838216044e-05,81ab0d964dd02c29ba0533dcc7dc8a0496d46827
dv3-B-thomas-330160,3,B,thomas,330160,33,,160,3:2:1:330160,,test,24,500.0,1.0772389490309358,0.2,,,,,,,,,464.14957466009815,0.00894427190999916,,,,,,,,4.0,0.3330218444630791,,1,486,1,exact,0.03326389468368504,535,,,,,,9.137499728240073e-05,79ff8d1486fd56ce5ce813b73f336a0668ba006d
dv3-B-thomas-330161,3,B,thomas,330161,33,,161,3:2:1:330161,,test,24,500.0,1.0772389490309358,0.2,,,,,,,,,464.14957466009815,0.00894427190999916,,,,,,,,4.0,0.3330218444630791,,1,480,1,exact,0.03326389468368504,527,,,,,,0.0002449159983370919,ff7165abaf06e7486eb2c64120309cc655a8c56c
dv3-B-thomas-330162,3,B,thomas,330162,33,,162,3:2:1:330162,,test,24,500.0,1.0772389490309358,0.2,,,,,,,,,464.14957466009815,0.00894427190999916,,,,,,,,4.0,0.3330218444630791,,1,533,1,exact,0.03326389468368504,558,,,,,,0.00019637500008684583,1bc43607c15a476aaf5451b3d848188ce615e3d7
dv3-B-thomas-330163,3,B,thomas,330163,33,,163,3:2:1:330163,,test,24,500.0,1.0772389490309358,0.2,,,,,,,,,464.14957466009815,0.00894427190999916,,,,,,,,4.0,0.3330218444630791,,1,511,1,exact,0.03326389468368504,533,,,,,,0.0001833749993238598,9cf56dcef1f731164f0b8c2b955a43e7e2dbc2a1
dv3-B-thomas-330164,3,B,thomas,330164,33,,164,3:2:1:330164,,test,24,500.0,1.0772389490309358,0.2,,,,,,,,,464.14957466009815,0.00894427190999916,,,,,,,,4.0,0.3330218444630791,,1,511,1,exact,0.03326389468368504,533,,,,,,0.0001723749992379453,576a53ae11c86f03615b72b9fbbac4434558ee80
dv3-B-thomas-330165,3,B,thomas,330165,33,,165,3:2:1:330165,,test,24,500.0,1.0772389490309358,0.2,,,,,,,,,464.14957466009815,0.00894427190999916,,,,,,,,4.0,0.3330218444630791,,1,492,1,exact,0.03326389468368504,517,,,,,,0.0002243330018245615,981e4479c208bf32803bbdb26c8d0415f9a938de
dv3-B-thomas-330166,3,B,thomas,330166,33,,166,3:2:1:330166,,test,24,500.0,1.0772389490309358,0.2,,,,,,,,,464.14957466009815,0.00894427190999916,,,,,,,,4.0,0.3330218444630791,,1,460,1,exact,0.03326389468368504,517,,,,,,0.0002034169992839452,7892cc68be8c399167882960d04402d3f85c1301
dv3-B-thomas-330167,3,B,thomas,330167,33,,167,3:2:1:330167,,test,24,500.0,1.0772389490309358,0.2,,,,,,,,,464.14957466009815,0.00894427190999916,,,,,,,,4.0,0.3330218444630791,,1,526,1,exact,0.03326389468368504,579,,,,,,0.0001920000031532254,aecdd1e73f72901cb355bf12de688b5a7bc336bb
dv3-B-thomas-330168,3,B,thomas,330168,33,,168,3:2:1:330168,,test,24,500.0,1.0772389490309358,0.2,,,,,,,,,464.14957466009815,0.00894427190999916,,,,,,,,4.0,0.3330218444630791,,1,558,1,exact,0.03326389468368504,566,,,,,,0.00019025000074179843,a4fea39361c485c4799184300bced52ca508bd20
dv3-B-thomas-330169,3,B,thomas,330169,33,,169,3:2:1:330169,,test,24,500.0,1.0772389490309358,0.2,,,,,,,,,464.14957466009815,0.00894427190999916,,,,,,,,4.0,0.3330218444630791,,1,436,1,exact,0.03326389468368504,491,,,,,,0.00020312500055297278,82b757bf9045bedfc3f240afaeb645fc0666ffab
dv3-B-thomas-330170,3,B,thomas,330170,33,,170,3:2:1:330170,,test,24,500.0,1.0772389490309358,0.2,,,,,,,,,464.14957466009815,0.00894427190999916,,,,,,,,4.0,0.3330218444630791,,1,429,1,exact,0.03326389468368504,494,,,,,,0.00017133299843408167,b3f9d138de7e5956570deff29d1c422c005fcd9a
dv3-B-thomas-330171,3,B,thomas,330171,33,,171,3:2:1:330171,,test,24,500.0,1.0772389490309358,0.2,,,,,,,,,464.14957466009815,0.00894427190999916,,,,,,,,4.0,0.3330218444630791,,1,506,1,exact,0.03326389468368504,541,,,,,,0.00019291600256110542,45c1134466c82f40db834b557b6edd4eb7ec517d
dv3-B-thomas-330172,3,B,thomas,330172,33,,172,3:2:1:330172,,test,24,500.0,1.0772389490309358,0.2,,,,,,,,,464.14957466009815,0.00894427190999916,,,,,,,,4.0,0.3330218444630791,,1,472,1,exact,0.03326389468368504,515,,,,,,0.00022004099810146727,f92588a302d835f98c6e484221b3ee2138377351
dv3-B-thomas-330173,3,B,thomas,330173,33,,173,3:2:1:330173,,test,24,500.0,1.0772389490309358,0.2,,,,,,,,,464.14957466009815,0.00894427190999916,,,,,,,,4.0,0.3330218444630791,,1,473,1,exact,0.03326389468368504,461,,,,,,0.00022437499865191057,6f1d7f5e3491ce39f37f7465dfd9c21a0fd279d3
dv3-B-thomas-330174,3,B,thomas,330174,33,,174,3:2:1:330174,,test,24,500.0,1.0772389490309358,0.2,,,,,,,,,464.14957466009815,0.00894427190999916,,,,,,,,4.0,0.3330218444630791,,1,494,1,exact,0.03326389468368504,535,,,,,,0.00019166700076311827,d893c93390a8bb687503d632e6ac8fc28e9145bd
dv3-B-thomas-330175,3,B,thomas,330175,33,,175,3:2:1:330175,,test,24,500.0,1.0772389490309358,0.2,,,,,,,,,464.14957466009815,0.00894427190999916,,,,,,,,4.0,0.3330218444630791,,1,499,1,exact,0.03326389468368504,543,,,,,,0.0002086669992422685,365e85efcdd9ddafb4904cd82f94cdbbe5703705
dv3-B-thomas-330176,3,B,thomas,330176,33,,176,3:2:1:330176,,test,24,500.0,1.0772389490309358,0.2,,,,,,,,,464.14957466009815,0.00894427190999916,,,,,,,,4.0,0.3330218444630791,,1,477,1,exact,0.03326389468368504,559,,,,,,0.00018179199832957238,966182884e2e3985f6bc2283561a65dfaae0c0b3
dv3-B-thomas-330177,3,B,thomas,330177,33,,177,3:2:1:330177,,test,24,500.0,1.0772389490309358,0.2,,,,,,,,,464.14957466009815,0.00894427190999916,,,,,,,,4.0,0.3330218444630791,,1,491,1,exact,0.03326389468368504,488,,,,,,0.0001820840006985236,9aad254e5be434c6ad619a64d894fb354d4b5882
dv3-B-thomas-330178,3,B,thomas,330178,33,,178,3:2:1:330178,,test,24,500.0,1.0772389490309358,0.2,,,,,,,,,464.14957466009815,0.00894427190999916,,,,,,,,4.0,0.3330218444630791,,1,476,1,exact,0.03326389468368504,513,,,,,,0.0001099580003938172,b00872ba0ecdbad583c00b43048f8fcde6af65c4
dv3-B-thomas-330179,3,B,thomas,330179,33,,179,3:2:1:330179,,test,24,500.0,1.0772389490309358,0.2,,,,,,,,,464.14957466009815,0.00894427190999916,,,,,,,,4.0,0.3330218444630791,,1,563,1,exact,0.03326389468368504,537,,,,,,0.00010474999726284295,b8d1b3a9108d66d283b12bb3f30a37cd7d423d57
dv3-B-thomas-330180,3,B,thomas,330180,33,,180,3:2:1:330180,,test,24,500.0,1.0772389490309358,0.2,,,,,,,,,464.14957466009815,0.00894427190999916,,,,,,,,4.0,0.3330218444630791,,1,568,1,exact,0.03326389468368504,562,,,,,,0.00010299999848939478,93c9bdf73d2d1e821bc99544ab635476ffb2058b
dv3-B-thomas-330181,3,B,thomas,330181,33,,181,3:2:1:330181,,test,24,500.0,1.0772389490309358,0.2,,,,,,,,,464.14957466009815,0.00894427190999916,,,,,,,,4.0,0.3330218444630791,,1,484,1,exact,0.03326389468368504,512,,,,,,9.60830002441071e-05,c3d57f408f5b41967b956b2627cd5442c9adcd37
dv3-B-thomas-330182,3,B,thomas,330182,33,,182,3:2:1:330182,,test,24,500.0,1.0772389490309358,0.2,,,,,,,,,464.14957466009815,0.00894427190999916,,,,,,,,4.0,0.3330218444630791,,1,516,1,exact,0.03326389468368504,536,,,,,,9.666700134403072e-05,ea3ab0b28a902a7fd4ee62f6d26751280cdea920
dv3-B-thomas-330183,3,B,thomas,330183,33,,183,3:2:1:330183,,test,24,500.0,1.0772389490309358,0.2,,,,,,,,,464.14957466009815,0.00894427190999916,,,,,,,,4.0,0.3330218444630791,,1,463,1,exact,0.03326389468368504,483,,,,,,9.195899838232435e-05,3239ba978386666b60c100d5f56128eca090b5ba
dv3-B-thomas-330184,3,B,thomas,330184,33,,184,3:2:1:330184,,test,24,500.0,1.0772389490309358,0.2,,,,,,,,,464.14957466009815,0.00894427190999916,,,,,,,,4.0,0.3330218444630791,,1,473,1,exact,0.03326389468368504,503,,,,,,9.325000064563937e-05,13a08654f02f3213ab6bdfb3aa1541990856bf47
dv3-B-thomas-330185,3,B,thomas,330185,33,,185,3:2:1:330185,,test,24,500.0,1.0772389490309358,0.2,,,,,,,,,464.14957466009815,0.00894427190999916,,,,,,,,4.0,0.3330218444630791,,1,484,1,exact,0.03326389468368504,528,,,,,,9.387499812874012e-05,b6c0722dab8b1135988282a886d9e18908343be5
dv3-B-thomas-330186,3,B,thomas,330186,33,,186,3:2:1:330186,,test,24,500.0,1.0772389490309358,0.2,,,,,,,,,464.14957466009815,0.00894427190999916,,,,,,,,4.0,0.3330218444630791,,1,549,1,exact,0.03326389468368504,553,,,,,,0.0001686670002527535,e8b795faf42be105eb6fc6c4ff2251ad4d77e264
dv3-B-thomas-330187,3,B,thomas,330187,33,,187,3:2:1:330187,,test,24,500.0,1.0772389490309358,0.2,,,,,,,,,464.14957466009815,0.00894427190999916,,,,,,,,4.0,0.3330218444630791,,1,442,1,exact,0.03326389468368504,503,,,,,,0.00021579199892585166,b232a4dbb9062cbbc7ad9e6dcd8672c74ba2de32
dv3-B-thomas-330188,3,B,thomas,330188,33,,188,3:2:1:330188,,test,24,500.0,1.0772389490309358,0.2,,,,,,,,,464.14957466009815,0.00894427190999916,,,,,,,,4.0,0.3330218444630791,,1,483,1,exact,0.03326389468368504,517,,,,,,0.00018312500105821528,275d58bc2c0004c83c81241412dc8aefb91e48e8
dv3-B-thomas-330189,3,B,thomas,330189,33,,189,3:2:1:330189,,test,24,500.0,1.0772389490309358,0.2,,,,,,,,,464.14957466009815,0.00894427190999916,,,,,,,,4.0,0.3330218444630791,,1,484,1,exact,0.03326389468368504,548,,,,,,0.00017300000035902485,de180bfc0929186ab51e1007dea873a6ba085bed
dv3-B-thomas-330190,3,B,thomas,330190,33,,190,3:2:1:330190,,test,24,500.0,1.0772389490309358,0.2,,,,,,,,,464.14957466009815,0.00894427190999916,,,,,,,,4.0,0.3330218444630791,,1,454,1,exact,0.03326389468368504,504,,,,,,0.00017483299961895682,23c683f4a02aaa95c81fd661301ca5e2b4630f80
dv3-B-thomas-330191,3,B,thomas,330191,33,,191,3:2:1:330191,,test,24,500.0,1.0772389490309358,0.2,,,,,,,,,464.14957466009815,0.00894427190999916,,,,,,,,4.0,0.3330218444630791,,1,502,1,exact,0.03326389468368504,517,,,,,,0.00017904200285556726,b7daa71e493ea60d7516dc030d057ac1c7422a6c
dv3-B-thomas-330192,3,B,thomas,330192,33,,192,3:2:1:330192,,test,24,500.0,1.0772389490309358,0.2,,,,,,,,,464.14957466009815,0.00894427190999916,,,,,,,,4.0,0.3330218444630791,,1,567,1,exact,0.03326389468368504,528,,,,,,0.00018141699911211617,5414ef469c6100aab06d0d150385bd1586713536
dv3-B-thomas-330193,3,B,thomas,330193,33,,193,3:2:1:330193,,test,24,500.0,1.0772389490309358,0.2,,,,,,,,,464.14957466009815,0.00894427190999916,,,,,,,,4.0,0.3330218444630791,,1,549,1,exact,0.03326389468368504,550,,,,,,0.00017616699915379286,632b9364f7e14637b171edfb5c37461c7789d9b0
dv3-B-thomas-330194,3,B,thomas,330194,33,,194,3:2:1:330194,,test,24,500.0,1.0772389490309358,0.2,,,,,,,,,464.14957466009815,0.00894427190999916,,,,,,,,4.0,0.3330218444630791,,1,534,1,exact,0.03326389468368504,540,,,,,,0.00018437499966239557,792446eda6ebe30f2ef464c57a3b81a1eddc4b0e
dv3-B-thomas-330195,3,B,thomas,330195,33,,195,3:2:1:330195,,test,24,500.0,1.0772389490309358,0.2,,,,,,,,,464.14957466009815,0.00894427190999916,,,,,,,,4.0,0.3330218444630791,,1,468,1,exact,0.03326389468368504,483,,,,,,0.00017012500029522926,2dedeff5dd248a6fccda845a8f3b98b2a90adadd
dv3-B-thomas-330196,3,B,thomas,330196,33,,196,3:2:1:330196,,test,24,500.0,1.0772389490309358,0.2,,,,,,,,,464.14957466009815,0.00894427190999916,,,,,,,,4.0,0.3330218444630791,,1,506,1,exact,0.03326389468368504,521,,,,,,0.00017087500236812048,183cd7c0ba5ee45b30a128d3fdc29efe29afab77
dv3-B-thomas-330197,3,B,thomas,330197,33,,197,3:2:1:330197,,test,24,500.0,1.0772389490309358,0.2,,,,,,,,,464.14957466009815,0.00894427190999916,,,,,,,,4.0,0.3330218444630791,,1,482,1,exact,0.03326389468368504,482,,,,,,0.00016354200124624185,41327422d41ccba42f6b5b77befc7db4c11c68cf
dv3-B-thomas-330198,3,B,thomas,330198,33,,198,3:2:1:330198,,test,24,500.0,1.0772389490309358,0.2,,,,,,,,,464.14957466009815,0.00894427190999916,,,,,,,,4.0,0.3330218444630791,,1,466,1,exact,0.03326389468368504,510,,,,,,0.00016645800133119337,3da6ced940154d18d2e2d1d2b45dbf360aa6a159
dv3-B-thomas-330199,3,B,thomas,330199,33,,199,3:2:1:330199,,test,24,500.0,1.0772389490309358,0.2,,,,,,,,,464.14957466009815,0.00894427190999916,,,,,,,,4.0,0.3330218444630791,,1,458,1,exact,0.03326389468368504,493,,,,,,0.00016620899987174198,bf38f15bffd9e62424b67c33f018e01c89b66b30
dv3-B-thomas-330200,3,B,thomas,330200,33,,200,3:2:1:330200,,test,24,500.0,1.0772389490309358,0.2,,,,,,,,,464.14957466009815,0.00894427190999916,,,,,,,,4.0,0.3330218444630791,,1,493,1,exact,0.03326389468368504,528,,,,,,0.00017958300304599106,d2a4dbfc05a737f4cdc652f600e6c184e8ee76aa
dv3-B-thomas-330201,3,B,thomas,330201,33,,201,3:2:1:330201,,test,24,500.0,1.0772389490309358,0.2,,,,,,,,,464.14957466009815,0.00894427190999916,,,,,,,,4.0,0.3330218444630791,,1,551,1,exact,0.03326389468368504,538,,,,,,0.00017925000065588392,cee4de0e11cef344e3c8cfddb97bb6373c206c4e
dv3-B-thomas-330202,3,B,thomas,330202,33,,202,3:2:1:330202,,test,24,500.0,1.0772389490309358,0.2,,,,,,,,,464.14957466009815,0.00894427190999916,,,,,,,,4.0,0.3330218444630791,,1,509,1,exact,0.03326389468368504,532,,,,,,0.0001683750015217811,234e50a57bf5c50d24c6afc95e61d36cc82126df
dv3-B-thomas-330203,3,B,thomas,330203,33,,203,3:2:1:330203,,test,24,500.0,1.0772389490309358,0.2,,,,,,,,,464.14957466009815,0.00894427190999916,,,,,,,,4.0,0.3330218444630791,,1,541,1,exact,0.03326389468368504,517,,,,,,0.0001799159981601406,bd5720ccc06399f950cc9ec14cce114fee7ac206
dv3-B-thomas-330204,3,B,thomas,330204,33,,204,3:2:1:330204,,test,24,500.0,1.0772389490309358,0.2,,,,,,,,,464.14957466009815,0.00894427190999916,,,,,,,,4.0,0.3330218444630791,,1,538,1,exact,0.03326389468368504,556,,,,,,0.000179667000338668,b70f18f054ab903fc6a874a489d454d9cbc45631
dv3-B-thomas-330205,3,B,thomas,330205,33,,205,3:2:1:330205,,test,24,500.0,1.0772389490309358,0.2,,,,,,,,,464.14957466009815,0.00894427190999916,,,,,,,,4.0,0.3330218444630791,,1,480,1,exact,0.03326389468368504,507,,,,,,0.00016937500186031684,39c06d70ca8f53b4e9321096ba8a6ccb07791f45
dv3-B-thomas-330206,3,B,thomas,330206,33,,206,3:2:1:330206,,test,24,500.0,1.0772389490309358,0.2,,,,,,,,,464.14957466009815,0.00894427190999916,,,,,,,,4.0,0.3330218444630791,,1,507,1,exact,0.03326389468368504,549,,,,,,0.0001872909997473471,ecf07a1825bc1749e1bcb0a3217eb8286cce710a
dv3-B-thomas-330207,3,B,thomas,330207,33,,207,3:2:1:330207,,test,24,500.0,1.0772389490309358,0.2,,,,,,,,,464.14957466009815,0.00894427190999916,,,,,,,,4.0,0.3330218444630791,,1,491,1,exact,0.03326389468368504,528,,,,,,0.0001767089997883886,04fbab840b985085fd06d2c70c2608ad8bb14090
dv3-B-thomas-330208,3,B,thomas,330208,33,,208,3:2:1:330208,,test,24,500.0,1.0772389490309358,0.2,,,,,,,,,464.14957466009815,0.00894427190999916,,,,,,,,4.0,0.3330218444630791,,1,458,1,exact,0.03326389468368504,542,,,,,,0.00019504200099618174,2262a8f3df9bae92c9cc91de9ea6e836790004f6
dv3-B-thomas-330209,3,B,thomas,330209,33,,209,3:2:1:330209,,test,24,500.0,1.0772389490309358,0.2,,,,,,,,,464.14957466009815,0.00894427190999916,,,,,,,,4.0,0.3330218444630791,,1,530,1,exact,0.03326389468368504,563,,,,,,0.00019233399871154688,33b828c049d51805be3d5df13ec39ba47c17b4fd
dv3-B-thomas-330210,3,B,thomas,330210,33,,210,3:2:1:330210,,test,24,500.0,1.0772389490309358,0.2,,,,,,,,,464.14957466009815,0.00894427190999916,,,,,,,,4.0,0.3330218444630791,,1,532,1,exact,0.03326389468368504,552,,,,,,0.00019854199854307808,7f22933a052629c9460aa35f1f167bb204d973fa
dv3-B-thomas-330211,3,B,thomas,330211,33,,211,3:2:1:330211,,test,24,500.0,1.0772389490309358,0.2,,,,,,,,,464.14957466009815,0.00894427190999916,,,,,,,,4.0,0.3330218444630791,,1,559,1,exact,0.03326389468368504,566,,,,,,0.00023725000210106373,83897a65ea4e9d3f7111efa1cdac4cf6d289aa0a
dv3-B-thomas-330212,3,B,thomas,330212,33,,212,3:2:1:330212,,test,24,500.0,1.0772389490309358,0.2,,,,,,,,,464.14957466009815,0.00894427190999916,,,,,,,,4.0,0.3330218444630791,,1,528,1,exact,0.03326389468368504,550,,,,,,0.000143291999847861,39ee5ca3c6da33369a027a28b75074a1922c41dd
dv3-B-thomas-330213,3,B,thomas,330213,33,,213,3:2:1:330213,,test,24,500.0,1.0772389490309358,0.2,,,,,,,,,464.14957466009815,0.00894427190999916,,,,,,,,4.0,0.3330218444630791,,1,469,1,exact,0.03326389468368504,534,,,,,,0.00010791699969558977,2bc4920ff5a5c64f84cc408d9633ebd1ce7c3236
dv3-B-thomas-330214,3,B,thomas,330214,33,,214,3:2:1:330214,,test,24,500.0,1.0772389490309358,0.2,,,,,,,,,464.14957466009815,0.00894427190999916,,,,,,,,4.0,0.3330218444630791,,1,579,1,exact,0.03326389468368504,578,,,,,,0.00010762499732663855,d486143aa71e0fbaba6dc8e0504c74869888a01b
dv3-B-thomas-330215,3,B,thomas,330215,33,,215,3:2:1:330215,,test,24,500.0,1.0772389490309358,0.2,,,,,,,,,464.14957466009815,0.00894427190999916,,,,,,,,4.0,0.3330218444630791,,1,495,1,exact,0.03326389468368504,530,,,,,,9.812500138650648e-05,4904267a0f081cd4848de6ed79b35167f1ab3ae9
dv3-B-thomas-330216,3,B,thomas,330216,33,,216,3:2:1:330216,,test,24,500.0,1.0772389490309358,0.2,,,,,,,,,464.14957466009815,0.00894427190999916,,,,,,,,4.0,0.3330218444630791,,1,480,1,exact,0.03326389468368504,532,,,,,,0.00017504199786344543,bc86186abe3d7c1bc87b4947d333db2dd2d857a8
dv3-B-thomas-330217,3,B,thomas,330217,33,,217,3:2:1:330217,,test,24,500.0,1.0772389490309358,0.2,,,,,,,,,464.14957466009815,0.00894427190999916,,,,,,,,4.0,0.3330218444630791,,1,493,1,exact,0.03326389468368504,506,,,,,,0.00021783400006825104,4732772715b5d49a8fea7a4f9369deecb0f0f21d
dv3-B-thomas-330218,3,B,thomas,330218,33,,218,3:2:1:330218,,test,24,500.0,1.0772389490309358,0.2,,,,,,,,,464.14957466009815,0.00894427190999916,,,,,,,,4.0,0.3330218444630791,,1,439,1,exact,0.03326389468368504,481,,,,,,0.00018249999993713573,d07100c0cefdda753f00ce05e8325f1c376cbe1b
dv3-B-thomas-330219,3,B,thomas,330219,33,,219,3:2:1:330219,,test,24,500.0,1.0772389490309358,0.2,,,,,,,,,464.14957466009815,0.00894427190999916,,,,,,,,4.0,0.3330218444630791,,1,534,1,exact,0.03326389468368504,509,,,,,,0.00018541600002208725,ca7250aa4db63adf95d27207640e4caaf6063cbc
dv3-B-thomas-330220,3,B,thomas,330220,33,,220,3:2:1:330220,,test,24,500.0,1.0772389490309358,0.2,,,,,,,,,464.14957466009815,0.00894427190999916,,,,,,,,4.0,0.3330218444630791,,1,562,1,exact,0.03326389468368504,555,,,,,,0.00013112500164425,5c0710986a020647f39805ea3c95d532af256991
dv3-B-thomas-330221,3,B,thomas,330221,33,,221,3:2:1:330221,,test,24,500.0,1.0772389490309358,0.2,,,,,,,,,464.14957466009815,0.00894427190999916,,,,,,,,4.0,0.3330218444630791,,1,471,1,exact,0.03326389468368504,492,,,,,,9.633299850975163e-05,83d1badf6eaa959adf08574e85b4b8d36e04fee0
dv3-B-thomas-330222,3,B,thomas,330222,33,,222,3:2:1:330222,,test,24,500.0,1.0772389490309358,0.2,,,,,,,,,464.14957466009815,0.00894427190999916,,,,,,,,4.0,0.3330218444630791,,1,517,1,exact,0.03326389468368504,525,,,,,,9.862499791779555e-05,b8ffd183c06a861227d8d6fedfa282d40b42f8b7
dv3-B-thomas-330223,3,B,thomas,330223,33,,223,3:2:1:330223,,test,24,500.0,1.0772389490309358,0.2,,,,,,,,,464.14957466009815,0.00894427190999916,,,,,,,,4.0,0.3330218444630791,,1,510,1,exact,0.03326389468368504,534,,,,,,9.912500172504224e-05,c3697b450e6ae138784c65e2c56b31ea0b7e1b8a
dv3-B-thomas-330224,3,B,thomas,330224,33,,224,3:2:1:330224,,test,24,500.0,1.0772389490309358,0.2,,,,,,,,,464.14957466009815,0.00894427190999916,,,,,,,,4.0,0.3330218444630791,,1,520,1,exact,0.03326389468368504,574,,,,,,9.899999713525176e-05,fc9498c75dff88bd7c6dbc06fe0596aac843967e
dv3-B-thomas-330225,3,B,thomas,330225,33,,225,3:2:1:330225,,test,24,500.0,1.0772389490309358,0.2,,,,,,,,,464.14957466009815,0.00894427190999916,,,,,,,,4.0,0.3330218444630791,,1,501,1,exact,0.03326389468368504,549,,,,,,9.604099977877922e-05,dd58071be79392bbeb3224aa47f086a6693fa24e
dv3-B-thomas-330226,3,B,thomas,330226,33,,226,3:2:1:330226,,test,24,500.0,1.0772389490309358,0.2,,,,,,,,,464.14957466009815,0.00894427190999916,,,,,,,,4.0,0.3330218444630791,,1,532,1,exact,0.03326389468368504,535,,,,,,9.479099753662013e-05,9ff8d5f339eb6367c72c0a54e7c10d7f35432586
dv3-B-thomas-330227,3,B,thomas,330227,33,,227,3:2:1:330227,,test,24,500.0,1.0772389490309358,0.2,,,,,,,,,464.14957466009815,0.00894427190999916,,,,,,,,4.0,0.3330218444630791,,1,518,1,exact,0.03326389468368504,523,,,,,,9.395799861522391e-05,af687d1e89d973a0dfd6332497f5ad8189e93292
dv3-B-thomas-330228,3,B,thomas,330228,33,,228,3:2:1:330228,,test,24,500.0,1.0772389490309358,0.2,,,,,,,,,464.14957466009815,0.00894427190999916,,,,,,,,4.0,0.3330218444630791,,1,495,1,exact,0.03326389468368504,521,,,,,,9.32080001803115e-05,e81f7dc2ccb689596e083c8b69d351a7b87d7d6f
dv3-B-thomas-330229,3,B,thomas,330229,33,,229,3:2:1:330229,,test,24,500.0,1.0772389490309358,0.2,,,,,,,,,464.14957466009815,0.00894427190999916,,,,,,,,4.0,0.3330218444630791,,1,467,1,exact,0.03326389468368504,523,,,,,,0.00010454199946252629,8098c079c3c9767e33088e0950e0b35a0e9f15b0
dv3-B-thomas-330230,3,B,thomas,330230,33,,230,3:2:1:330230,,test,24,500.0,1.0772389490309358,0.2,,,,,,,,,464.14957466009815,0.00894427190999916,,,,,,,,4.0,0.3330218444630791,,1,519,1,exact,0.03326389468368504,556,,,,,,0.00011670800085994415,0c838edca5f109c7d8f4ace7b0e97837ba0b815f
dv3-B-thomas-330231,3,B,thomas,330231,33,,231,3:2:1:330231,,test,24,500.0,1.0772389490309358,0.2,,,,,,,,,464.14957466009815,0.00894427190999916,,,,,,,,4.0,0.3330218444630791,,1,488,1,exact,0.03326389468368504,533,,,,,,0.00011812500088126399,8df6aac4a66003d47eb567ccf25ff7946c54549a
dv3-B-thomas-330232,3,B,thomas,330232,33,,232,3:2:1:330232,,test,24,500.0,1.0772389490309358,0.2,,,,,,,,,464.14957466009815,0.00894427190999916,,,,,,,,4.0,0.3330218444630791,,1,486,1,exact,0.03326389468368504,518,,,,,,0.00010270900020259432,850a165f7b736047bd53be86dc880d2fc9289e5e
dv3-B-thomas-330233,3,B,thomas,330233,33,,233,3:2:1:330233,,test,24,500.0,1.0772389490309358,0.2,,,,,,,,,464.14957466009815,0.00894427190999916,,,,,,,,4.0,0.3330218444630791,,1,526,1,exact,0.03326389468368504,548,,,,,,0.0001022910000756383,4bc7d45353e90633cbfd55615a5d1a617e7f75b4
dv3-B-thomas-330234,3,B,thomas,330234,33,,234,3:2:1:330234,,test,24,500.0,1.0772389490309358,0.2,,,,,,,,,464.14957466009815,0.00894427190999916,,,,,,,,4.0,0.3330218444630791,,1,484,1,exact,0.03326389468368504,529,,,,,,9.787499948288314e-05,f7ed90f20538dc02d05336d4e4d0d724ba4de351
dv3-B-thomas-330235,3,B,thomas,330235,33,,235,3:2:1:330235,,test,24,500.0,1.0772389490309358,0.2,,,,,,,,,464.14957466009815,0.00894427190999916,,,,,,,,4.0,0.3330218444630791,,1,459,1,exact,0.03326389468368504,492,,,,,,9.458299973630346e-05,c7c55b721d736e7a701598059a6f6185a99dbed7
dv3-B-thomas-330236,3,B,thomas,330236,33,,236,3:2:1:330236,,test,24,500.0,1.0772389490309358,0.2,,,,,,,,,464.14957466009815,0.00894427190999916,,,,,,,,4.0,0.3330218444630791,,1,497,1,exact,0.03326389468368504,510,,,,,,9.029099965118803e-05,0ff29ef66bed4eb48f60abe78cc07e378240afff
dv3-B-thomas-330237,3,B,thomas,330237,33,,237,3:2:1:330237,,test,24,500.0,1.0772389490309358,0.2,,,,,,,,,464.14957466009815,0.00894427190999916,,,,,,,,4.0,0.3330218444630791,,1,459,1,exact,0.03326389468368504,509,,,,,,8.754200098337606e-05,27f79346282ca88c9b86cf9d542bc2c902d3dc98
dv3-B-thomas-330238,3,B,thomas,330238,33,,238,3:2:1:330238,,test,24,500.0,1.0772389490309358,0.2,,,,,,,,,464.14957466009815,0.00894427190999916,,,,,,,,4.0,0.3330218444630791,,1,473,1,exact,0.03326389468368504,512,,,,,,8.750000051804818e-05,1aced0416a6b60c69c8dd8066b0183a0c9d1eb15
dv3-B-thomas-330239,3,B,thomas,330239,33,,239,3:2:1:330239,,test,24,500.0,1.0772389490309358,0.2,,,,,,,,,464.14957466009815,0.00894427190999916,,,,,,,,4.0,0.3330218444630791,,1,529,1,exact,0.03326389468368504,547,,,,,,9.054200199898332e-05,bbd65b65fa02ebef21c61933141366b3773d7b5c
dv3-B-thomas-330240,3,B,thomas,330240,33,,240,3:2:1:330240,,test,24,500.0,1.0772389490309358,0.2,,,,,,,,,464.14957466009815,0.00894427190999916,,,,,,,,4.0,0.3330218444630791,,1,515,1,exact,0.03326389468368504,543,,,,,,9.004199819173664e-05,bd36158713f82d4ba71a4a914cc067044c2a135f
dv3-B-thomas-330241,3,B,thomas,330241,33,,241,3:2:1:330241,,test,24,500.0,1.0772389490309358,0.2,,,,,,,,,464.14957466009815,0.00894427190999916,,,,,,,,4.0,0.3330218444630791,,1,545,1,exact,0.03326389468368504,549,,,,,,9.058300202013925e-05,9bcc44913c6047869792774b9f3a137db4504ca4
dv3-B-thomas-330242,3,B,thomas,330242,33,,242,3:2:1:330242,,test,24,500.0,1.0772389490309358,0.2,,,,,,,,,464.14957466009815,0.00894427190999916,,,,,,,,4.0,0.3330218444630791,,1,516,1,exact,0.03326389468368504,531,,,,,,8.94170007086359e-05,b44a9d50158420535e0038fd713b28267bb6334b
dv3-B-thomas-330243,3,B,thomas,330243,33,,243,3:2:1:330243,,test,24,500.0,1.0772389490309358,0.2,,,,,,,,,464.14957466009815,0.00894427190999916,,,,,,,,4.0,0.3330218444630791,,1,502,1,exact,0.03326389468368504,517,,,,,,8.720900223124772e-05,bcfa967202fcc178bffd280c2c76a2442847d930
dv3-B-thomas-330244,3,B,thomas,330244,33,,244,3:2:1:330244,,test,24,500.0,1.0772389490309358,0.2,,,,,,,,,464.14957466009815,0.00894427190999916,,,,,,,,4.0,0.3330218444630791,,1,464,1,exact,0.03326389468368504,491,,,,,,8.487500235787593e-05,deced45854018b66c942e596fcfe2b7bb0e96d25
dv3-B-thomas-330245,3,B,thomas,330245,33,,245,3:2:1:330245,,test,24,500.0,1.0772389490309358,0.2,,,,,,,,,464.14957466009815,0.00894427190999916,,,,,,,,4.0,0.3330218444630791,,1,478,1,exact,0.03326389468368504,516,,,,,,8.658300066599622e-05,23578d2785f28f67e8bd98b2e084dcd443a6c286
dv3-B-thomas-330246,3,B,thomas,330246,33,,246,3:2:1:330246,,test,24,500.0,1.0772389490309358,0.2,,,,,,,,,464.14957466009815,0.00894427190999916,,,,,,,,4.0,0.3330218444630791,,1,421,1,exact,0.03326389468368504,496,,,,,,8.350000280188397e-05,cd41ee6b6516b097a1c08c5b9d0c6252d7ec4469
dv3-B-thomas-330247,3,B,thomas,330247,33,,247,3:2:1:330247,,test,24,500.0,1.0772389490309358,0.2,,,,,,,,,464.14957466009815,0.00894427190999916,,,,,,,,4.0,0.3330218444630791,,1,527,1,exact,0.03326389468368504,558,,,,,,9.09589980437886e-05,b9f4a526b65cb1aeea20ab189aedf11266de0544
dv3-B-thomas-330248,3,B,thomas,330248,33,,248,3:2:1:330248,,test,24,500.0,1.0772389490309358,0.2,,,,,,,,,464.14957466009815,0.00894427190999916,,,,,,,,4.0,0.3330218444630791,,1,477,1,exact,0.03326389468368504,532,,,,,,8.658300066599622e-05,88ae46041ec43333b4a1ac5db7f4b0bcb1986e9f
dv3-B-thomas-330249,3,B,thomas,330249,33,,249,3:2:1:330249,,test,24,500.0,1.0772389490309358,0.2,,,,,,,,,464.14957466009815,0.00894427190999916,,,,,,,,4.0,0.3330218444630791,,1,485,1,exact,0.03326389468368504,538,,,,,,8.845800039125606e-05,44fffd26466eb1c0935c6953295a5c2acdf37104
dv3-B-thomas-330250,3,B,thomas,330250,33,,250,3:2:1:330250,,test,24,500.0,1.0772389490309358,0.2,,,,,,,,,464.14957466009815,0.00894427190999916,,,,,,,,4.0,0.3330218444630791,,1,515,1,exact,0.03326389468368504,515,,,,,,0.00014916699728928506,958050773cf1dc2a50a6290962c316242ef14291
dv3-B-thomas-330251,3,B,thomas,330251,33,,251,3:2:1:330251,,test,24,500.0,1.0772389490309358,0.2,,,,,,,,,464.14957466009815,0.00894427190999916,,,,,,,,4.0,0.3330218444630791,,1,515,1,exact,0.03326389468368504,499,,,,,,0.00023149999833549373,94e3d3e5f368ffb42a5640c9b2f22e0f367f6f45
dv3-B-thomas-330252,3,B,thomas,330252,33,,252,3:2:1:330252,,test,24,500.0,1.0772389490309358,0.2,,,,,,,,,464.14957466009815,0.00894427190999916,,,,,,,,4.0,0.3330218444630791,,1,525,1,exact,0.03326389468368504,524,,,,,,0.0001834170034271665,8639249573939c465375685233cc34e3d38e3411
dv3-B-thomas-330253,3,B,thomas,330253,33,,253,3:2:1:330253,,test,24,500.0,1.0772389490309358,0.2,,,,,,,,,464.14957466009815,0.00894427190999916,,,,,,,,4.0,0.3330218444630791,,1,494,1,exact,0.03326389468368504,518,,,,,,0.00017745799777912907,c0d522827c0b8041dd0004123a82f1a1cb5dad20
dv3-B-thomas-330254,3,B,thomas,330254,33,,254,3:2:1:330254,,test,24,500.0,1.0772389490309358,0.2,,,,,,,,,464.14957466009815,0.00894427190999916,,,,,,,,4.0,0.3330218444630791,,1,483,1,exact,0.03326389468368504,513,,,,,,0.0001786659995559603,f995c547fbd2af79168600e55338cde3cb0930a4
dv3-B-thomas-330255,3,B,thomas,330255,33,,255,3:2:1:330255,,test,24,500.0,1.0772389490309358,0.2,,,,,,,,,464.14957466009815,0.00894427190999916,,,,,,,,4.0,0.3330218444630791,,1,479,1,exact,0.03326389468368504,535,,,,,,0.00017683300029602833,17cc62beeadda8a71c92e0f0f117a1366075e6c8
dv3-B-thomas-330256,3,B,thomas,330256,33,,256,3:2:1:330256,,test,24,500.0,1.0772389490309358,0.2,,,,,,,,,464.14957466009815,0.00894427190999916,,,,,,,,4.0,0.3330218444630791,,1,478,1,exact,0.03326389468368504,520,,,,,,0.00017695800124784,916fa9078b3ad82429cfac09f309a94a5671f8e6
dv3-B-thomas-330257,3,B,thomas,330257,33,,257,3:2:1:330257,,test,24,500.0,1.0772389490309358,0.2,,,,,,,,,464.14957466009815,0.00894427190999916,,,,,,,,4.0,0.3330218444630791,,1,513,1,exact,0.03326389468368504,520,,,,,,0.00017412499801139347,155e23373878181bac5e0b0bf0eb9694560b75a5
dv3-B-thomas-330258,3,B,thomas,330258,33,,258,3:2:1:330258,,test,24,500.0,1.0772389490309358,0.2,,,,,,,,,464.14957466009815,0.00894427190999916,,,,,,,,4.0,0.3330218444630791,,1,482,1,exact,0.03326389468368504,530,,,,,,0.0001716250008030329,876a41ff073ca33a979988af6cc6f95da3fb8990
dv3-B-thomas-330259,3,B,thomas,330259,33,,259,3:2:1:330259,,test,24,500.0,1.0772389490309358,0.2,,,,,,,,,464.14957466009815,0.00894427190999916,,,,,,,,4.0,0.3330218444630791,,1,447,1,exact,0.03326389468368504,496,,,,,,0.00017691700122668408,ec826a2a12ee6c7f5b29ed9db7520ba560d022ba
dv3-B-thomas-330260,3,B,thomas,330260,33,,260,3:2:1:330260,,test,24,500.0,1.0772389490309358,0.2,,,,,,,,,464.14957466009815,0.00894427190999916,,,,,,,,4.0,0.3330218444630791,,1,495,1,exact,0.03326389468368504,532,,,,,,0.00017312499767285772,8ae928840856785d630b820dc4cc35072510c5e6
dv3-B-thomas-330261,3,B,thomas,330261,33,,261,3:2:1:330261,,test,24,500.0,1.0772389490309358,0.2,,,,,,,,,464.14957466009815,0.00894427190999916,,,,,,,,4.0,0.3330218444630791,,1,498,1,exact,0.03326389468368504,541,,,,,,0.00017287499940721318,4730cc2e2eb444c2a0ca7aaf9bd9cd7b782312b2
dv3-B-thomas-330262,3,B,thomas,330262,33,,262,3:2:1:330262,,test,24,500.0,1.0772389490309358,0.2,,,,,,,,,464.14957466009815,0.00894427190999916,,,,,,,,4.0,0.3330218444630791,,1,477,1,exact,0.03326389468368504,531,,,,,,0.00016891699851839803,d63f7cc944d9c83f2651c04d56c0126cd6431092
dv3-B-thomas-330263,3,B,thomas,330263,33,,263,3:2:1:330263,,test,24,500.0,1.0772389490309358,0.2,,,,,,,,,464.14957466009815,0.00894427190999916,,,,,,,,4.0,0.3330218444630791,,1,509,1,exact,0.03326389468368504,527,,,,,,0.00018066700067720376,aceb6b0aeb148751737cebcee82bffa36632a919
dv3-B-thomas-330264,3,B,thomas,330264,33,,264,3:2:1:330264,,test,24,500.0,1.0772389490309358,0.2,,,,,,,,,464.14957466009815,0.00894427190999916,,,,,,,,4.0,0.3330218444630791,,1,460,1,exact,0.03326389468368504,471,,,,,,0.0007163749978644773,c9f07850b41eda1ac84c0474c699434cca535762
dv3-B-thomas-330265,3,B,thomas,330265,33,,265,3:2:1:330265,,test,24,500.0,1.0772389490309358,0.2,,,,,,,,,464.14957466009815,0.00894427190999916,,,,,,,,4.0,0.3330218444630791,,1,544,1,exact,0.03326389468368504,531,,,,,,0.000143374996696366,d80b50be484a1372713022ee292397dcfeaac3b0
dv3-B-thomas-330266,3,B,thomas,330266,33,,266,3:2:1:330266,,test,24,500.0,1.0772389490309358,0.2,,,,,,,,,464.14957466009815,0.00894427190999916,,,,,,,,4.0,0.3330218444630791,,1,456,1,exact,0.03326389468368504,492,,,,,,0.00010449999899719842,8bdd8b5e6d46077cbb12206c546ad8e1a7315110
dv3-B-thomas-330267,3,B,thomas,330267,33,,267,3:2:1:330267,,test,24,500.0,1.0772389490309358,0.2,,,,,,,,,464.14957466009815,0.00894427190999916,,,,,,,,4.0,0.3330218444630791,,1,487,1,exact,0.03326389468368504,529,,,,,,0.00010112500240211375,f744effd90a42a461b1408d6ceb9b611b674531f
dv3-B-thomas-330268,3,B,thomas,330268,33,,268,3:2:1:330268,,test,24,500.0,1.0772389490309358,0.2,,,,,,,,,464.14957466009815,0.00894427190999916,,,,,,,,4.0,0.3330218444630791,,1,492,1,exact,0.03326389468368504,519,,,,,,9.545799912302755e-05,113e7412aa5c869496153deb8c24d15e969caa09
dv3-B-thomas-330269,3,B,thomas,330269,33,,269,3:2:1:330269,,test,24,500.0,1.0772389490309358,0.2,,,,,,,,,464.14957466009815,0.00894427190999916,,,,,,,,4.0,0.3330218444630791,,1,509,1,exact,0.03326389468368504,514,,,,,,9.454099927097559e-05,b53dc2e502851aa59420f384eb63d815b9242df0
dv3-B-thomas-330270,3,B,thomas,330270,33,,270,3:2:1:330270,,test,24,500.0,1.0772389490309358,0.2,,,,,,,,,464.14957466009815,0.00894427190999916,,,,,,,,4.0,0.3330218444630791,,1,540,1,exact,0.03326389468368504,541,,,,,,9.441599831916392e-05,4ae60b69500ba092f8cc40c43bc611892eea1305
dv3-B-thomas-330271,3,B,thomas,330271,33,,271,3:2:1:330271,,test,24,500.0,1.0772389490309358,0.2,,,,,,,,,464.14957466009815,0.00894427190999916,,,,,,,,4.0,0.3330218444630791,,1,500,1,exact,0.03326389468368504,512,,,,,,9.237499762093648e-05,baf329e16f38a0dafc46f0287b3f1a36ff9f5860
dv3-B-thomas-330272,3,B,thomas,330272,33,,272,3:2:1:330272,,test,24,500.0,1.0772389490309358,0.2,,,,,,,,,464.14957466009815,0.00894427190999916,,,,,,,,4.0,0.3330218444630791,,1,501,1,exact,0.03326389468368504,544,,,,,,9.383299766341224e-05,eeedad175de30999316aa2c1608865695f838ddb
dv3-B-thomas-330273,3,B,thomas,330273,33,,273,3:2:1:330273,,test,24,500.0,1.0772389490309358,0.2,,,,,,,,,464.14957466009815,0.00894427190999916,,,,,,,,4.0,0.3330218444630791,,1,544,1,exact,0.03326389468368504,555,,,,,,9.404099910170771e-05,99d62d22c02add880ab6e67059f87fad355f251c
dv3-B-thomas-330274,3,B,thomas,330274,33,,274,3:2:1:330274,,test,24,500.0,1.0772389490309358,0.2,,,,,,,,,464.14957466009815,0.00894427190999916,,,,,,,,4.0,0.3330218444630791,,1,477,1,exact,0.03326389468368504,522,,,,,,0.0001524580002296716,4d2e7176576a5c11a3f5e2dd721fe17a5a2bf601
dv3-B-thomas-330275,3,B,thomas,330275,33,,275,3:2:1:330275,,test,24,500.0,1.0772389490309358,0.2,,,,,,,,,464.14957466009815,0.00894427190999916,,,,,,,,4.0,0.3330218444630791,,1,517,1,exact,0.03326389468368504,552,,,,,,0.0002287500028614886,6ce991542849746d96f4baa479f9f411c7057d02
dv3-B-thomas-330276,3,B,thomas,330276,33,,276,3:2:1:330276,,test,24,500.0,1.0772389490309358,0.2,,,,,,,,,464.14957466009815,0.00894427190999916,,,,,,,,4.0,0.3330218444630791,,1,537,1,exact,0.03326389468368504,541,,,,,,0.0001909159982460551,336a53712b9226b334e48b440238d1f1fd74097b
dv3-B-thomas-330277,3,B,thomas,330277,33,,277,3:2:1:330277,,test,24,500.0,1.0772389490309358,0.2,,,,,,,,,464.14957466009815,0.00894427190999916,,,,,,,,4.0,0.3330218444630791,,1,482,1,exact,0.03326389468368504,538,,,,,,0.00019279099797131494,2d7b80c096d301e9d9d4a8599ecafab25f655b63
dv3-B-thomas-330278,3,B,thomas,330278,33,,278,3:2:1:330278,,test,24,500.0,1.0772389490309358,0.2,,,,,,,,,464.14957466009815,0.00894427190999916,,,,,,,,4.0,0.3330218444630791,,1,432,1,exact,0.03326389468368504,509,,,,,,0.00019762499869102612,77bf2c813220c2c41ad3ba768ae65acd179624a0
dv3-B-thomas-330279,3,B,thomas,330279,33,,279,3:2:1:330279,,test,24,500.0,1.0772389490309358,0.2,,,,,,,,,464.14957466009815,0.00894427190999916,,,,,,,,4.0,0.3330218444630791,,1,472,1,exact,0.03326389468368504,519,,,,,,0.00021120800010976382,bf4b4cace303f2ee5a31ba814d6cd4f72c962df6
dv3-B-thomas-330280,3,B,thomas,330280,33,,280,3:2:1:330280,,test,24,500.0,1.0772389490309358,0.2,,,,,,,,,464.14957466009815,0.00894427190999916,,,,,,,,4.0,0.3330218444630791,,1,510,1,exact,0.03326389468368504,520,,,,,,0.00018629199985298328,c46681cb1812e5399e6fe6be50a4b2f3a2d3f817
dv3-B-thomas-330281,3,B,thomas,330281,33,,281,3:2:1:330281,,test,24,500.0,1.0772389490309358,0.2,,,,,,,,,464.14957466009815,0.00894427190999916,,,,,,,,4.0,0.3330218444630791,,1,486,1,exact,0.03326389468368504,532,,,,,,0.00018699999782256782,ffd239f88ff772265eba77dd945ed3a6ca456553
dv3-B-thomas-330282,3,B,thomas,330282,33,,282,3:2:1:330282,,test,24,500.0,1.0772389490309358,0.2,,,,,,,,,464.14957466009815,0.00894427190999916,,,,,,,,4.0,0.3330218444630791,,1,494,1,exact,0.03326389468368504,513,,,,,,0.00020045799828949384,d8a404e0925666a2e7fdbc16291da4eb8cc51e23
dv3-B-thomas-330283,3,B,thomas,330283,33,,283,3:2:1:330283,,test,24,500.0,1.0772389490309358,0.2,,,,,,,,,464.14957466009815,0.00894427190999916,,,,,,,,4.0,0.3330218444630791,,1,553,1,exact,0.03326389468368504,566,,,,,,0.0002424160011287313,14f2d3d9c38bdf4aa3ca3db8b54f7f58e475e5e2
dv3-B-thomas-330284,3,B,thomas,330284,33,,284,3:2:1:330284,,test,24,500.0,1.0772389490309358,0.2,,,,,,,,,464.14957466009815,0.00894427190999916,,,,,,,,4.0,0.3330218444630791,,1,552,1,exact,0.03326389468368504,549,,,,,,0.00020199999926262535,67830ea824c2f655f27456e199ceea8b4121b444
dv3-B-thomas-330285,3,B,thomas,330285,33,,285,3:2:1:330285,,test,24,500.0,1.0772389490309358,0.2,,,,,,,,,464.14957466009815,0.00894427190999916,,,,,,,,4.0,0.3330218444630791,,1,450,1,exact,0.03326389468368504,463,,,,,,0.00019516600150382146,b6778f23b3936108a23f81d5698b6954ffca0945
dv3-B-thomas-330286,3,B,thomas,330286,33,,286,3:2:1:330286,,test,24,500.0,1.0772389490309358,0.2,,,,,,,,,464.14957466009815,0.00894427190999916,,,,,,,,4.0,0.3330218444630791,,1,488,1,exact,0.03326389468368504,537,,,,,,0.00017041699902620167,05e8816eacd531f68e9a16fccb1033df8a54a626
dv3-B-thomas-330287,3,B,thomas,330287,33,,287,3:2:1:330287,,test,24,500.0,1.0772389490309358,0.2,,,,,,,,,464.14957466009815,0.00894427190999916,,,,,,,,4.0,0.3330218444630791,,1,471,1,exact,0.03326389468368504,497,,,,,,0.00020275000133551657,4969e83243dd4a43f890c819fd34af6910f9edd1
dv3-B-thomas-330288,3,B,thomas,330288,33,,288,3:2:1:330288,,test,24,500.0,1.0772389490309358,0.2,,,,,,,,,464.14957466009815,0.00894427190999916,,,,,,,,4.0,0.3330218444630791,,1,493,1,exact,0.03326389468368504,504,,,,,,0.00018450000061420724,52172590808d64f506e8e11bb648cd6e7e1f05e7
dv3-B-thomas-330289,3,B,thomas,330289,33,,289,3:2:1:330289,,test,24,500.0,1.0772389490309358,0.2,,,,,,,,,464.14957466009815,0.00894427190999916,,,,,,,,4.0,0.3330218444630791,,1,573,1,exact,0.03326389468368504,560,,,,,,0.00019637500008684583,1a52797bb4d85c98c5550cd07bc890cd1321ee57
dv3-B-thomas-330290,3,B,thomas,330290,33,,290,3:2:1:330290,,test,24,500.0,1.0772389490309358,0.2,,,,,,,,,464.14957466009815,0.00894427190999916,,,,,,,,4.0,0.3330218444630791,,1,505,1,exact,0.03326389468368504,514,,,,,,0.00017591600044397637,90fadbba9c9b0bfa1379e52e832de4d111081f50
dv3-B-thomas-330291,3,B,thomas,330291,33,,291,3:2:1:330291,,test,24,500.0,1.0772389490309358,0.2,,,,,,,,,464.14957466009815,0.00894427190999916,,,,,,,,4.0,0.3330218444630791,,1,515,1,exact,0.03326389468368504,505,,,,,,0.00017429200306651182,6a30dcd94e38e18f81b77ad969e643850e8d9983
dv3-B-thomas-330292,3,B,thomas,330292,33,,292,3:2:1:330292,,test,24,500.0,1.0772389490309358,0.2,,,,,,,,,464.14957466009815,0.00894427190999916,,,,,,,,4.0,0.3330218444630791,,1,518,1,exact,0.03326389468368504,530,,,,,,0.00017825000031734817,434c1f199ba1adf0541062b77d7df90fab55a16c
dv3-B-thomas-330293,3,B,thomas,330293,33,,293,3:2:1:330293,,test,24,500.0,1.0772389490309358,0.2,,,,,,,,,464.14957466009815,0.00894427190999916,,,,,,,,4.0,0.3330218444630791,,1,487,1,exact,0.03326389468368504,541,,,,,,0.00017270800162805244,8487f2b6ec12cb149d0bc6816ec7b2f7114bbf20
dv3-B-thomas-330294,3,B,thomas,330294,33,,294,3:2:1:330294,,test,24,500.0,1.0772389490309358,0.2,,,,,,,,,464.14957466009815,0.00894427190999916,,,,,,,,4.0,0.3330218444630791,,1,483,1,exact,0.03326389468368504,533,,,,,,0.0001822079975681845,590f57c4f016bac4396c830706c2789a50fe6ea3
dv3-B-thomas-330295,3,B,thomas,330295,33,,295,3:2:1:330295,,test,24,500.0,1.0772389490309358,0.2,,,,,,,,,464.14957466009815,0.00894427190999916,,,,,,,,4.0,0.3330218444630791,,1,496,1,exact,0.03326389468368504,523,,,,,,0.00018195799930253997,8dc4a4dd612025ed2cc7b3ac5baf668e83399680
dv3-B-thomas-330296,3,B,thomas,330296,33,,296,3:2:1:330296,,test,24,500.0,1.0772389490309358,0.2,,,,,,,,,464.14957466009815,0.00894427190999916,,,,,,,,4.0,0.3330218444630791,,1,488,1,exact,0.03326389468368504,515,,,,,,0.00017520899928058498,4bfa9f2bd4078578f80458c4420c387a4047a220
dv3-B-thomas-330297,3,B,thomas,330297,33,,297,3:2:1:330297,,test,24,500.0,1.0772389490309358,0.2,,,,,,,,,464.14957466009815,0.00894427190999916,,,,,,,,4.0,0.3330218444630791,,1,556,1,exact,0.03326389468368504,532,,,,,,0.00019058399993809871,8c5b062ebd56808e5594d261d2181ecdabd97b73
dv3-B-thomas-330298,3,B,thomas,330298,33,,298,3:2:1:330298,,test,24,500.0,1.0772389490309358,0.2,,,,,,,,,464.14957466009815,0.00894427190999916,,,,,,,,4.0,0.3330218444630791,,1,490,1,exact,0.03326389468368504,531,,,,,,0.0001773329968273174,14f07ca8c9e3174fd8f516e32d0afde8e37b8a0f
dv3-B-thomas-330299,3,B,thomas,330299,33,,299,3:2:1:330299,,test,24,500.0,1.0772389490309358,0.2,,,,,,,,,464.14957466009815,0.00894427190999916,,,,,,,,4.0,0.3330218444630791,,1,474,1,exact,0.03326389468368504,527,,,,,,0.00017933400158653967,5e5ef4b2a93470aff0c7b1bc55b69d83d213d293
dv3-B-thomas-330300,3,B,thomas,330300,33,,300,3:2:1:330300,,test,24,500.0,1.0772389490309358,0.2,,,,,,,,,464.14957466009815,0.00894427190999916,,,,,,,,4.0,0.3330218444630791,,1,497,1,exact,0.03326389468368504,511,,,,,,0.000182333002157975,21adbac795c0e8582b1719dbadfebea7efae5147
dv3-B-thomas-330301,3,B,thomas,330301,33,,301,3:2:1:330301,,test,24,500.0,1.0772389490309358,0.2,,,,,,,,,464.14957466009815,0.00894427190999916,,,,,,,,4.0,0.3330218444630791,,1,523,1,exact,0.03326389468368504,589,,,,,,0.00018395900042378344,1a5f47b6b298f59b77bacd3712bd3861ac837455
dv3-B-thomas-330302,3,B,thomas,330302,33,,302,3:2:1:330302,,test,24,500.0,1.0772389490309358,0.2,,,,,,,,,464.14957466009815,0.00894427190999916,,,,,,,,4.0,0.3330218444630791,,1,475,1,exact,0.03326389468368504,518,,,,,,0.00017187499906867743,e24e2cfdae609ba8b58c00e4960628b01e0aa4ec
dv3-B-thomas-330303,3,B,thomas,330303,33,,303,3:2:1:330303,,test,24,500.0,1.0772389490309358,0.2,,,,,,,,,464.14957466009815,0.00894427190999916,,,,,,,,4.0,0.3330218444630791,,1,514,1,exact,0.03326389468368504,538,,,,,,0.00018266700135427527,50ef81de485c3bc778f58a9eb29e87f78a20d759
dv3-B-thomas-330304,3,B,thomas,330304,33,,304,3:2:1:330304,,test,24,500.0,1.0772389490309358,0.2,,,,,,,,,464.14957466009815,0.00894427190999916,,,,,,,,4.0,0.3330218444630791,,1,476,1,exact,0.03326389468368504,516,,,,,,0.00017120900156442076,1f0d89d5a6b8275d85bd425f194558b8c4ff372f
dv3-B-thomas-330305,3,B,thomas,330305,33,,305,3:2:1:330305,,test,24,500.0,1.0772389490309358,0.2,,,,,,,,,464.14957466009815,0.00894427190999916,,,,,,,,4.0,0.3330218444630791,,1,470,1,exact,0.03326389468368504,506,,,,,,0.00018024999735644087,e281eb81f96948fa7ab96f02b079f81b0dbb4b4d
dv3-B-thomas-330306,3,B,thomas,330306,33,,306,3:2:1:330306,,test,24,500.0,1.0772389490309358,0.2,,,,,,,,,464.14957466009815,0.00894427190999916,,,,,,,,4.0,0.3330218444630791,,1,467,1,exact,0.03326389468368504,513,,,,,,0.00017179099813802168,4674022616d2e64fc592b4eac9f58599b0f64408
dv3-B-thomas-330307,3,B,thomas,330307,33,,307,3:2:1:330307,,test,24,500.0,1.0772389490309358,0.2,,,,,,,,,464.14957466009815,0.00894427190999916,,,,,,,,4.0,0.3330218444630791,,1,528,1,exact,0.03326389468368504,548,,,,,,0.00018620799892232753,0048c148a021d641d130c99dd76d88a6ba20db0e
dv3-B-thomas-330308,3,B,thomas,330308,33,,308,3:2:1:330308,,test,24,500.0,1.0772389490309358,0.2,,,,,,,,,464.14957466009815,0.00894427190999916,,,,,,,,4.0,0.3330218444630791,,1,459,1,exact,0.03326389468368504,516,,,,,,0.00017691699758870527,c471cf11c1d428cc6dfeb66eaa18a74acf2724c6
dv3-B-thomas-330309,3,B,thomas,330309,33,,309,3:2:1:330309,,test,24,500.0,1.0772389490309358,0.2,,,,,,,,,464.14957466009815,0.00894427190999916,,,,,,,,4.0,0.3330218444630791,,1,530,1,exact,0.03326389468368504,562,,,,,,0.00018316699788556434,4046fedc1fcf5e669caaf6bb82255ae194f8687b
dv3-B-thomas-330310,3,B,thomas,330310,33,,310,3:2:1:330310,,test,24,500.0,1.0772389490309358,0.2,,,,,,,,,464.14957466009815,0.00894427190999916,,,,,,,,4.0,0.3330218444630791,,1,521,1,exact,0.03326389468368504,552,,,,,,0.00017458399815950543,3476afe32f495b94dd40c5453a4971cccfcf4d31
dv3-B-thomas-330311,3,B,thomas,330311,33,,311,3:2:1:330311,,test,24,500.0,1.0772389490309358,0.2,,,,,,,,,464.14957466009815,0.00894427190999916,,,,,,,,4.0,0.3330218444630791,,1,521,1,exact,0.03326389468368504,543,,,,,,0.0001782079998520203,7864f31363a4e3c646329cc074939048656ed558
dv3-B-thomas-330312,3,B,thomas,330312,33,,312,3:2:1:330312,,test,24,500.0,1.0772389490309358,0.2,,,,,,,,,464.14957466009815,0.00894427190999916,,,,,,,,4.0,0.3330218444630791,,1,556,1,exact,0.03326389468368504,528,,,,,,0.00017320900224149227,1964fb8a9ee7003fa56b811dc68b5f25b5a67a27
dv3-B-thomas-330313,3,B,thomas,330313,33,,313,3:2:1:330313,,test,24,500.0,1.0772389490309358,0.2,,,,,,,,,464.14957466009815,0.00894427190999916,,,,,,,,4.0,0.3330218444630791,,1,467,1,exact,0.03326389468368504,500,,,,,,0.0001753329997882247,ef8f960ba5163b8839325ed784995ba7dc440bad
dv3-B-thomas-330314,3,B,thomas,330314,33,,314,3:2:1:330314,,test,24,500.0,1.0772389490309358,0.2,,,,,,,,,464.14957466009815,0.00894427190999916,,,,,,,,4.0,0.3330218444630791,,1,485,1,exact,0.03326389468368504,524,,,,,,0.0001691249999566935,2addbb2d5077d6ffaaa80f7f2d0c99318eb69420
dv3-B-thomas-330315,3,B,thomas,330315,33,,315,3:2:1:330315,,test,24,500.0,1.0772389490309358,0.2,,,,,,,,,464.14957466009815,0.00894427190999916,,,,,,,,4.0,0.3330218444630791,,1,510,1,exact,0.03326389468368504,557,,,,,,0.00017799999841372482,dba01ab025a0655f87f3034a5b85f27c3a458551
dv3-B-thomas-330316,3,B,thomas,330316,33,,316,3:2:1:330316,,test,24,500.0,1.0772389490309358,0.2,,,,,,,,,464.14957466009815,0.00894427190999916,,,,,,,,4.0,0.3330218444630791,,1,572,1,exact,0.03326389468368504,564,,,,,,0.00019412500114412978,af9411d669e0e8bebdc5ffc8a0ca45e5219f2b92
dv3-B-thomas-330317,3,B,thomas,330317,33,,317,3:2:1:330317,,test,24,500.0,1.0772389490309358,0.2,,,,,,,,,464.14957466009815,0.00894427190999916,,,,,,,,4.0,0.3330218444630791,,1,542,1,exact,0.03326389468368504,558,,,,,,0.0001734590005071368,efe148a4c4c1a3a69bd2e913d659e177771eb984
dv3-B-thomas-330318,3,B,thomas,330318,33,,318,3:2:1:330318,,test,24,500.0,1.0772389490309358,0.2,,,,,,,,,464.14957466009815,0.00894427190999916,,,,,,,,4.0,0.3330218444630791,,1,508,1,exact,0.03326389468368504,544,,,,,,0.0001830000001064036,6fea5d22c90ea86ddaa18dad7b4f6962227af07c
dv3-B-thomas-330319,3,B,thomas,330319,33,,319,3:2:1:330319,,test,24,500.0,1.0772389490309358,0.2,,,,,,,,,464.14957466009815,0.00894427190999916,,,,,,,,4.0,0.3330218444630791,,1,507,1,exact,0.03326389468368504,508,,,,,,0.0002002079963858705,3a24a55adda22a038d7a2e7c9f5bd4589e2afa91
dv3-B-thomas-330320,3,B,thomas,330320,33,,320,3:2:1:330320,,test,24,500.0,1.0772389490309358,0.2,,,,,,,,,464.14957466009815,0.00894427190999916,,,,,,,,4.0,0.3330218444630791,,1,495,1,exact,0.03326389468368504,527,,,,,,0.0001188749993161764,7e1b7e2a0a172797f78e19187d48cd4cab5a343a
dv3-B-thomas-330321,3,B,thomas,330321,33,,321,3:2:1:330321,,test,24,500.0,1.0772389490309358,0.2,,,,,,,,,464.14957466009815,0.00894427190999916,,,,,,,,4.0,0.3330218444630791,,1,467,1,exact,0.03326389468368504,544,,,,,,0.00010270799975842237,ab01182d9dc7711446e0fcb4926a7f2bbbae479c
dv3-B-thomas-330322,3,B,thomas,330322,33,,322,3:2:1:330322,,test,24,500.0,1.0772389490309358,0.2,,,,,,,,,464.14957466009815,0.00894427190999916,,,,,,,,4.0,0.3330218444630791,,1,475,1,exact,0.03326389468368504,553,,,,,,0.00010929100244538859,999a06e917aeb52298313fb481b2fe334cb011f2
dv3-B-thomas-330323,3,B,thomas,330323,33,,323,3:2:1:330323,,test,24,500.0,1.0772389490309358,0.2,,,,,,,,,464.14957466009815,0.00894427190999916,,,,,,,,4.0,0.3330218444630791,,1,545,1,exact,0.03326389468368504,564,,,,,,0.00010029099939856678,e4e54cbc62e89fa245d58f5868eb8cb59480cfaa
dv3-B-thomas-330324,3,B,thomas,330324,33,,324,3:2:1:330324,,test,24,500.0,1.0772389490309358,0.2,,,,,,,,,464.14957466009815,0.00894427190999916,,,,,,,,4.0,0.3330218444630791,,1,494,1,exact,0.03326389468368504,499,,,,,,9.4374998298008e-05,b2b5c516faab82da8119005deaa3724bc63b146d
dv3-B-thomas-330325,3,B,thomas,330325,33,,325,3:2:1:330325,,test,24,500.0,1.0772389490309358,0.2,,,,,,,,,464.14957466009815,0.00894427190999916,,,,,,,,4.0,0.3330218444630791,,1,482,1,exact,0.03326389468368504,524,,,,,,9.974999920814298e-05,f91bbc5ea97ac4b2fdb58185891116c887cc6967
dv3-B-thomas-330326,3,B,thomas,330326,33,,326,3:2:1:330326,,test,24,500.0,1.0772389490309358,0.2,,,,,,,,,464.14957466009815,0.00894427190999916,,,,,,,,4.0,0.3330218444630791,,1,486,1,exact,0.03326389468368504,548,,,,,,9.783399946172722e-05,93c6e71034f559d0b90ae9e037eb4a5fc64c1a2d
dv3-B-thomas-330327,3,B,thomas,330327,33,,327,3:2:1:330327,,test,24,500.0,1.0772389490309358,0.2,,,,,,,,,464.14957466009815,0.00894427190999916,,,,,,,,4.0,0.3330218444630791,,1,500,1,exact,0.03326389468368504,515,,,,,,9.325000064563937e-05,66083faff7b10feff618da42a6d101ceb52db729
dv3-B-thomas-330328,3,B,thomas,330328,33,,328,3:2:1:330328,,test,24,500.0,1.0772389490309358,0.2,,,,,,,,,464.14957466009815,0.00894427190999916,,,,,,,,4.0,0.3330218444630791,,1,502,1,exact,0.03326389468368504,511,,,,,,0.000112749999971129,8b779acf6fef2a16b9ee766342d110596e98459f
dv3-B-thomas-330329,3,B,thomas,330329,33,,329,3:2:1:330329,,test,24,500.0,1.0772389490309358,0.2,,,,,,,,,464.14957466009815,0.00894427190999916,,,,,,,,4.0,0.3330218444630791,,1,513,1,exact,0.03326389468368504,547,,,,,,9.783299901755527e-05,27a9087fa7289ad0133b309715cf6b96ae2e0dde
dv3-B-thomas-330330,3,B,thomas,330330,33,,330,3:2:1:330330,,test,24,500.0,1.0772389490309358,0.2,,,,,,,,,464.14957466009815,0.00894427190999916,,,,,,,,4.0,0.3330218444630791,,1,519,1,exact,0.03326389468368504,548,,,,,,9.579200195730664e-05,6be3b1a8f2e3d35bdbc55e12074900fa5c057cb5
dv3-B-thomas-330331,3,B,thomas,330331,33,,331,3:2:1:330331,,test,24,500.0,1.0772389490309358,0.2,,,,,,,,,464.14957466009815,0.00894427190999916,,,,,,,,4.0,0.3330218444630791,,1,523,1,exact,0.03326389468368504,551,,,,,,0.00010145900159841403,eac3ca3e25935acb6d8765985ad4a5093a7ce6d1
dv3-B-thomas-330332,3,B,thomas,330332,33,,332,3:2:1:330332,,test,24,500.0,1.0772389490309358,0.2,,,,,,,,,464.14957466009815,0.00894427190999916,,,,,,,,4.0,0.3330218444630791,,1,467,1,exact,0.03326389468368504,536,,,,,,9.262499952455983e-05,9d1b2321ac500828f69f5f876eb5de2888db6beb
dv3-B-thomas-330333,3,B,thomas,330333,33,,333,3:2:1:330333,,test,24,500.0,1.0772389490309358,0.2,,,,,,,,,464.14957466009815,0.00894427190999916,,,,,,,,4.0,0.3330218444630791,,1,532,1,exact,0.03326389468368504,557,,,,,,0.00010591699901851825,fa55e4524e261d7abfe62173551b47beb7c24991
dv3-B-thomas-330334,3,B,thomas,330334,33,,334,3:2:1:330334,,test,24,500.0,1.0772389490309358,0.2,,,,,,,,,464.14957466009815,0.00894427190999916,,,,,,,,4.0,0.3330218444630791,,1,485,1,exact,0.03326389468368504,524,,,,,,9.974999920814298e-05,08be13485ebe1439fed81e71df17d9d1f6a5b693
dv3-B-thomas-330335,3,B,thomas,330335,33,,335,3:2:1:330335,,test,24,500.0,1.0772389490309358,0.2,,,,,,,,,464.14957466009815,0.00894427190999916,,,,,,,,4.0,0.3330218444630791,,1,515,1,exact,0.03326389468368504,531,,,,,,9.641699944040738e-05,daec43c38cccfdd25bdea5c2a3088ab2c13ecbc0
dv3-B-thomas-330336,3,B,thomas,330336,33,,336,3:2:1:330336,,test,24,500.0,1.0772389490309358,0.2,,,,,,,,,464.14957466009815,0.00894427190999916,,,,,,,,4.0,0.3330218444630791,,1,537,1,exact,0.03326389468368504,579,,,,,,0.00010254199878545478,be68f407eee8c4b3863c011846d08b2f1501b656
dv3-B-thomas-330337,3,B,thomas,330337,33,,337,3:2:1:330337,,test,24,500.0,1.0772389490309358,0.2,,,,,,,,,464.14957466009815,0.00894427190999916,,,,,,,,4.0,0.3330218444630791,,1,476,1,exact,0.03326389468368504,517,,,,,,9.362499986309558e-05,42be3f6e1d5d02159672f6975dd3c0272a4f83cf
dv3-B-thomas-330338,3,B,thomas,330338,33,,338,3:2:1:330338,,test,24,500.0,1.0772389490309358,0.2,,,,,,,,,464.14957466009815,0.00894427190999916,,,,,,,,4.0,0.3330218444630791,,1,464,1,exact,0.03326389468368504,524,,,,,,9.233300079358742e-05,614134b91de8d4558bb28e18e25d4b7c722b75c6
dv3-B-thomas-330339,3,B,thomas,330339,33,,339,3:2:1:330339,,test,24,500.0,1.0772389490309358,0.2,,,,,,,,,464.14957466009815,0.00894427190999916,,,,,,,,4.0,0.3330218444630791,,1,588,1,exact,0.03326389468368504,591,,,,,,0.00010104199827765115,b0e9e43a90eba6e36dd8ebe59a44b04d98e478a9
dv3-B-thomas-330340,3,B,thomas,330340,33,,340,3:2:1:330340,,test,24,500.0,1.0772389490309358,0.2,,,,,,,,,464.14957466009815,0.00894427190999916,,,,,,,,4.0,0.3330218444630791,,1,525,1,exact,0.03326389468368504,580,,,,,,9.862500155577436e-05,22b6594b159678d6c30559d09284f6b616cb82d7
dv3-B-thomas-330341,3,B,thomas,330341,33,,341,3:2:1:330341,,test,24,500.0,1.0772389490309358,0.2,,,,,,,,,464.14957466009815,0.00894427190999916,,,,,,,,4.0,0.3330218444630791,,1,493,1,exact,0.03326389468368504,559,,,,,,9.420800051884726e-05,888ff56742ad7d4b59fd5aa78da7fa901eafc289
dv3-B-thomas-330342,3,B,thomas,330342,33,,342,3:2:1:330342,,test,24,500.0,1.0772389490309358,0.2,,,,,,,,,464.14957466009815,0.00894427190999916,,,,,,,,4.0,0.3330218444630791,,1,542,1,exact,0.03326389468368504,545,,,,,,9.674999819253571e-05,57cb548bc21a3abff221be9c060d39375d512598
dv3-B-thomas-330343,3,B,thomas,330343,33,,343,3:2:1:330343,,test,24,500.0,1.0772389490309358,0.2,,,,,,,,,464.14957466009815,0.00894427190999916,,,,,,,,4.0,0.3330218444630791,,1,492,1,exact,0.03326389468368504,532,,,,,,9.433299783268012e-05,eb3b76896f698f3ecb169f471df936e2fd127a5d
dv3-B-thomas-330344,3,B,thomas,330344,33,,344,3:2:1:330344,,test,24,500.0,1.0772389490309358,0.2,,,,,,,,,464.14957466009815,0.00894427190999916,,,,,,,,4.0,0.3330218444630791,,1,533,1,exact,0.03326389468368504,549,,,,,,9.687500278232619e-05,6cbd9804170fcf55089cca9ffda3d7684fb0524f
dv3-B-thomas-330345,3,B,thomas,330345,33,,345,3:2:1:330345,,test,24,500.0,1.0772389490309358,0.2,,,,,,,,,464.14957466009815,0.00894427190999916,,,,,,,,4.0,0.3330218444630791,,1,493,1,exact,0.03326389468368504,510,,,,,,9.229200077243149e-05,32ba56e5f095ea9b8cd6d63df7e0644a6d2d361d
dv3-B-thomas-330346,3,B,thomas,330346,33,,346,3:2:1:330346,,test,24,500.0,1.0772389490309358,0.2,,,,,,,,,464.14957466009815,0.00894427190999916,,,,,,,,4.0,0.3330218444630791,,1,461,1,exact,0.03326389468368504,532,,,,,,9.249999857274815e-05,92062ad1c495935b1e7a0e1b3920f5e24f157232
dv3-B-thomas-330347,3,B,thomas,330347,33,,347,3:2:1:330347,,test,24,500.0,1.0772389490309358,0.2,,,,,,,,,464.14957466009815,0.00894427190999916,,,,,,,,4.0,0.3330218444630791,,1,499,1,exact,0.03326389468368504,511,,,,,,9.229100032825954e-05,6f8db0c2bb3656717526e8057e98dcfeb97e5d29
dv3-B-thomas-330348,3,B,thomas,330348,33,,348,3:2:1:330348,,test,24,500.0,1.0772389490309358,0.2,,,,,,,,,464.14957466009815,0.00894427190999916,,,,,,,,4.0,0.3330218444630791,,1,494,1,exact,0.03326389468368504,534,,,,,,9.450000288779847e-05,c59cba7e1b3985413b79dce3d4feef19b307dfd9
dv3-B-thomas-330349,3,B,thomas,330349,33,,349,3:2:1:330349,,test,24,500.0,1.0772389490309358,0.2,,,,,,,,,464.14957466009815,0.00894427190999916,,,,,,,,4.0,0.3330218444630791,,1,540,1,exact,0.03326389468368504,542,,,,,,9.712500104797073e-05,e88869274ef601605c19cee0b8dd16fefe13eb1f
dv3-B-thomas-330350,3,B,thomas,330350,33,,350,3:2:1:330350,,test,24,500.0,1.0772389490309358,0.2,,,,,,,,,464.14957466009815,0.00894427190999916,,,,,,,,4.0,0.3330218444630791,,1,528,1,exact,0.03326389468368504,542,,,,,,9.508400034974329e-05,b7a0a82ece1256b9ff61ee06226e5c96bc5778e3
dv3-B-thomas-330351,3,B,thomas,330351,33,,351,3:2:1:330351,,test,24,500.0,1.0772389490309358,0.2,,,,,,,,,464.14957466009815,0.00894427190999916,,,,,,,,4.0,0.3330218444630791,,1,542,1,exact,0.03326389468368504,542,,,,,,9.670800136518665e-05,b8a554d677d00b17a0482d6291f12af992bb3dfd
dv3-B-thomas-330352,3,B,thomas,330352,33,,352,3:2:1:330352,,test,24,500.0,1.0772389490309358,0.2,,,,,,,,,464.14957466009815,0.00894427190999916,,,,,,,,4.0,0.3330218444630791,,1,508,1,exact,0.03326389468368504,528,,,,,,9.395800225320272e-05,b2fa7210b12ff22696958ff7e6642645de0791a5
dv3-B-thomas-330353,3,B,thomas,330353,33,,353,3:2:1:330353,,test,24,500.0,1.0772389490309358,0.2,,,,,,,,,464.14957466009815,0.00894427190999916,,,,,,,,4.0,0.3330218444630791,,1,541,1,exact,0.03326389468368504,543,,,,,,9.841700011747889e-05,8d26ed1ad808e0561eb8f7b988a092fe7038a9bd
dv3-B-thomas-330354,3,B,thomas,330354,33,,354,3:2:1:330354,,test,24,500.0,1.0772389490309358,0.2,,,,,,,,,464.14957466009815,0.00894427190999916,,,,,,,,4.0,0.3330218444630791,,1,531,1,exact,0.03326389468368504,555,,,,,,9.67090018093586e-05,fbd29f63dc111737f27d89a0b13ac53580553524
dv3-B-thomas-330355,3,B,thomas,330355,33,,355,3:2:1:330355,,test,24,500.0,1.0772389490309358,0.2,,,,,,,,,464.14957466009815,0.00894427190999916,,,,,,,,4.0,0.3330218444630791,,1,541,1,exact,0.03326389468368504,560,,,,,,9.56250005401671e-05,cfc8c1c97a251cb148d2ecf3d21bd746a4fc4a04
dv3-B-thomas-330356,3,B,thomas,330356,33,,356,3:2:1:330356,,test,24,500.0,1.0772389490309358,0.2,,,,,,,,,464.14957466009815,0.00894427190999916,,,,,,,,4.0,0.3330218444630791,,1,454,1,exact,0.03326389468368504,490,,,,,,9.195899838232435e-05,14b3a7b802e56c7aa74384782a6aecb5aa90c165
dv3-B-thomas-330357,3,B,thomas,330357,33,,357,3:2:1:330357,,test,24,500.0,1.0772389490309358,0.2,,,,,,,,,464.14957466009815,0.00894427190999916,,,,,,,,4.0,0.3330218444630791,,1,487,1,exact,0.03326389468368504,562,,,,,,9.529200178803876e-05,f7ca60540322d2e39cccc783293461afa7c54df4
dv3-B-thomas-330358,3,B,thomas,330358,33,,358,3:2:1:330358,,test,24,500.0,1.0772389490309358,0.2,,,,,,,,,464.14957466009815,0.00894427190999916,,,,,,,,4.0,0.3330218444630791,,1,527,1,exact,0.03326389468368504,545,,,,,,9.625000166124664e-05,4471f51dd0662a7c13bfa42cd7223127f06f863a
dv3-B-thomas-330359,3,B,thomas,330359,33,,359,3:2:1:330359,,test,24,500.0,1.0772389490309358,0.2,,,,,,,,,464.14957466009815,0.00894427190999916,,,,,,,,4.0,0.3330218444630791,,1,471,1,exact,0.03326389468368504,493,,,,,,9.170799967250787e-05,414e09a1416d914181b75f25cb182def331e43c7
dv3-B-thomas-330360,3,B,thomas,330360,33,,360,3:2:1:330360,,test,24,500.0,1.0772389490309358,0.2,,,,,,,,,464.14957466009815,0.00894427190999916,,,,,,,,4.0,0.3330218444630791,,1,538,1,exact,0.03326389468368504,534,,,,,,9.491700257058255e-05,fae268a1502ea97ad2dcdd8052cf2cd8a16876d7
dv3-B-thomas-330361,3,B,thomas,330361,33,,361,3:2:1:330361,,test,24,500.0,1.0772389490309358,0.2,,,,,,,,,464.14957466009815,0.00894427190999916,,,,,,,,4.0,0.3330218444630791,,1,463,1,exact,0.03326389468368504,490,,,,,,8.98749967745971e-05,0c818c7b30e5758a1534cc65df8da2ae5652cc93
dv3-B-thomas-330362,3,B,thomas,330362,33,,362,3:2:1:330362,,test,24,500.0,1.0772389490309358,0.2,,,,,,,,,464.14957466009815,0.00894427190999916,,,,,,,,4.0,0.3330218444630791,,1,524,1,exact,0.03326389468368504,541,,,,,,9.616700117476285e-05,23551348705c50c7abc9ab5f1337e6c43e9214f8
dv3-B-thomas-330363,3,B,thomas,330363,33,,363,3:2:1:330363,,test,24,500.0,1.0772389490309358,0.2,,,,,,,,,464.14957466009815,0.00894427190999916,,,,,,,,4.0,0.3330218444630791,,1,495,1,exact,0.03326389468368504,512,,,,,,9.26669999898877e-05,40218de093c0f7df8f474dd1093edcac3cf7d0ec
dv3-B-thomas-330364,3,B,thomas,330364,33,,364,3:2:1:330364,,test,24,500.0,1.0772389490309358,0.2,,,,,,,,,464.14957466009815,0.00894427190999916,,,,,,,,4.0,0.3330218444630791,,1,505,1,exact,0.03326389468368504,523,,,,,,9.287500142818317e-05,b2791784fd1032d71861613e2a9a51199c58c2b0
dv3-B-thomas-330365,3,B,thomas,330365,33,,365,3:2:1:330365,,test,24,500.0,1.0772389490309358,0.2,,,,,,,,,464.14957466009815,0.00894427190999916,,,,,,,,4.0,0.3330218444630791,,1,538,1,exact,0.03326389468368504,543,,,,,,9.42919978115242e-05,576f527c1c4578a3a031a900331425da8173ae81
dv3-B-thomas-330366,3,B,thomas,330366,33,,366,3:2:1:330366,,test,24,500.0,1.0772389490309358,0.2,,,,,,,,,464.14957466009815,0.00894427190999916,,,,,,,,4.0,0.3330218444630791,,1,490,1,exact,0.03326389468368504,548,,,,,,9.787499948288314e-05,ddec459331ff742a40281ac43817faad32449247
dv3-B-thomas-330367,3,B,thomas,330367,33,,367,3:2:1:330367,,test,24,500.0,1.0772389490309358,0.2,,,,,,,,,464.14957466009815,0.00894427190999916,,,,,,,,4.0,0.3330218444630791,,1,500,1,exact,0.03326389468368504,525,,,,,,9.250000221072696e-05,cda95ce00e4f5a11d17f19bcb5f96f787e5511b9
dv3-B-thomas-330368,3,B,thomas,330368,33,,368,3:2:1:330368,,test,24,500.0,1.0772389490309358,0.2,,,,,,,,,464.14957466009815,0.00894427190999916,,,,,,,,4.0,0.3330218444630791,,1,560,1,exact,0.03326389468368504,557,,,,,,0.00010199999815085903,49bd0df6809fa71707368d01502cd61f68faae78
dv3-B-thomas-330369,3,B,thomas,330369,33,,369,3:2:1:330369,,test,24,500.0,1.0772389490309358,0.2,,,,,,,,,464.14957466009815,0.00894427190999916,,,,,,,,4.0,0.3330218444630791,,1,463,1,exact,0.03326389468368504,514,,,,,,9.445799878449179e-05,ace555579872725e1b1fcb2a07e92686a393d78d
dv3-B-thomas-330370,3,B,thomas,330370,33,,370,3:2:1:330370,,test,24,500.0,1.0772389490309358,0.2,,,,,,,,,464.14957466009815,0.00894427190999916,,,,,,,,4.0,0.3330218444630791,,1,459,1,exact,0.03326389468368504,508,,,,,,8.97919999260921e-05,84639de79495def691062e4f26362b84b1865f56
dv3-B-thomas-330371,3,B,thomas,330371,33,,371,3:2:1:330371,,test,24,500.0,1.0772389490309358,0.2,,,,,,,,,464.14957466009815,0.00894427190999916,,,,,,,,4.0,0.3330218444630791,,1,457,1,exact,0.03326389468368504,499,,,,,,9.537500227452256e-05,6d9c4c340b0afaf98c0031ef410c309d211324af
dv3-B-thomas-330372,3,B,thomas,330372,33,,372,3:2:1:330372,,test,24,500.0,1.0772389490309358,0.2,,,,,,,,,464.14957466009815,0.00894427190999916,,,,,,,,4.0,0.3330218444630791,,1,529,1,exact,0.03326389468368504,539,,,,,,9.820899867918342e-05,8c69e9908ba6c7cf093c096a858173a20b33efd5
dv3-B-thomas-330373,3,B,thomas,330373,33,,373,3:2:1:330373,,test,24,500.0,1.0772389490309358,0.2,,,,,,,,,464.14957466009815,0.00894427190999916,,,,,,,,4.0,0.3330218444630791,,1,494,1,exact,0.03326389468368504,496,,,,,,9.1125002654735e-05,9eb67388e57c24a45b6245011b7a05e946d81657
dv3-B-thomas-330374,3,B,thomas,330374,33,,374,3:2:1:330374,,test,24,500.0,1.0772389490309358,0.2,,,,,,,,,464.14957466009815,0.00894427190999916,,,,,,,,4.0,0.3330218444630791,,1,516,1,exact,0.03326389468368504,538,,,,,,9.983400013879873e-05,09c187659a46118f6db614967310bcaa36c71f7a
dv3-B-thomas-330375,3,B,thomas,330375,33,,375,3:2:1:330375,,test,24,500.0,1.0772389490309358,0.2,,,,,,,,,464.14957466009815,0.00894427190999916,,,,,,,,4.0,0.3330218444630791,,1,517,1,exact,0.03326389468368504,501,,,,,,9.354100257041864e-05,46b21d4c9ab9b2b11fe1b11ddc2d400a14ef70af
dv3-B-thomas-330376,3,B,thomas,330376,33,,376,3:2:1:330376,,test,24,500.0,1.0772389490309358,0.2,,,,,,,,,464.14957466009815,0.00894427190999916,,,,,,,,4.0,0.3330218444630791,,1,452,1,exact,0.03326389468368504,512,,,,,,9.408299956703559e-05,d9a60ea67fe8077a2cd24c008e91f4ee6b9dcd68
dv3-B-thomas-330377,3,B,thomas,330377,33,,377,3:2:1:330377,,test,24,500.0,1.0772389490309358,0.2,,,,,,,,,464.14957466009815,0.00894427190999916,,,,,,,,4.0,0.3330218444630791,,1,542,1,exact,0.03326389468368504,542,,,,,,9.495800259173848e-05,26c7565315249e2fd31be297ca3479fcbd1c0442
dv3-B-thomas-330378,3,B,thomas,330378,33,,378,3:2:1:330378,,test,24,500.0,1.0772389490309358,0.2,,,,,,,,,464.14957466009815,0.00894427190999916,,,,,,,,4.0,0.3330218444630791,,1,462,1,exact,0.03326389468368504,506,,,,,,9.56250005401671e-05,978c575dda795bf7311a5b7ae3e262ccc056b9c1
dv3-B-thomas-330379,3,B,thomas,330379,33,,379,3:2:1:330379,,test,24,500.0,1.0772389490309358,0.2,,,,,,,,,464.14957466009815,0.00894427190999916,,,,,,,,4.0,0.3330218444630791,,1,503,1,exact,0.03326389468368504,538,,,,,,9.841700011747889e-05,999b3716acf6aa6119883b43fa39b0859af7099f
dv3-B-thomas-330380,3,B,thomas,330380,33,,380,3:2:1:330380,,test,24,500.0,1.0772389490309358,0.2,,,,,,,,,464.14957466009815,0.00894427190999916,,,,,,,,4.0,0.3330218444630791,,1,504,1,exact,0.03326389468368504,513,,,,,,9.229200077243149e-05,167eec159881f2a57af1bf87301c142f77b86e92
dv3-B-thomas-330381,3,B,thomas,330381,33,,381,3:2:1:330381,,test,24,500.0,1.0772389490309358,0.2,,,,,,,,,464.14957466009815,0.00894427190999916,,,,,,,,4.0,0.3330218444630791,,1,457,1,exact,0.03326389468368504,499,,,,,,8.97919999260921e-05,5e306174fca41b6ea41817c763f3feedb4156946
dv3-B-thomas-330382,3,B,thomas,330382,33,,382,3:2:1:330382,,test,24,500.0,1.0772389490309358,0.2,,,,,,,,,464.14957466009815,0.00894427190999916,,,,,,,,4.0,0.3330218444630791,,1,472,1,exact,0.03326389468368504,527,,,,,,9.666700134403072e-05,c34d3f680407a50e3302e19ab54d74667bb72c98
dv3-B-thomas-330383,3,B,thomas,330383,33,,383,3:2:1:330383,,test,24,500.0,1.0772389490309358,0.2,,,,,,,,,464.14957466009815,0.00894427190999916,,,,,,,,4.0,0.3330218444630791,,1,529,1,exact,0.03326389468368504,494,,,,,,9.733299884828739e-05,20c339de2da42e266541ad29541cf041f4ca9fdf
dv3-B-thomas-330384,3,B,thomas,330384,33,,384,3:2:1:330384,,test,24,500.0,1.0772389490309358,0.2,,,,,,,,,464.14957466009815,0.00894427190999916,,,,,,,,4.0,0.3330218444630791,,1,446,1,exact,0.03326389468368504,536,,,,,,9.16660028451588e-05,0fc1732ce594a634a03e7643e538c237de7d1374
dv3-B-thomas-330385,3,B,thomas,330385,33,,385,3:2:1:330385,,test,24,500.0,1.0772389490309358,0.2,,,,,,,,,464.14957466009815,0.00894427190999916,,,,,,,,4.0,0.3330218444630791,,1,519,1,exact,0.03326389468368504,553,,,,,,0.00011329200060572475,72000e8dd950f7318870d8e9b766a2e39196ad03
dv3-B-thomas-330386,3,B,thomas,330386,33,,386,3:2:1:330386,,test,24,500.0,1.0772389490309358,0.2,,,,,,,,,464.14957466009815,0.00894427190999916,,,,,,,,4.0,0.3330218444630791,,1,543,1,exact,0.03326389468368504,556,,,,,,0.00010104200191562995,ef198788a147a34014c6df536447ed3c0ce7ab10
dv3-B-thomas-330387,3,B,thomas,330387,33,,387,3:2:1:330387,,test,24,500.0,1.0772389490309358,0.2,,,,,,,,,464.14957466009815,0.00894427190999916,,,,,,,,4.0,0.3330218444630791,,1,490,1,exact,0.03326389468368504,535,,,,,,9.383299766341224e-05,00ec0e6e6a92cbe28569c36beb661118b9be17e3
dv3-B-thomas-330388,3,B,thomas,330388,33,,388,3:2:1:330388,,test,24,500.0,1.0772389490309358,0.2,,,,,,,,,464.14957466009815,0.00894427190999916,,,,,,,,4.0,0.3330218444630791,,1,556,1,exact,0.03326389468368504,547,,,,,,0.00010012499842559919,e2885abe3b0b74de83dea5f14e03ee1f664894c3
dv3-B-thomas-330389,3,B,thomas,330389,33,,389,3:2:1:330389,,test,24,500.0,1.0772389490309358,0.2,,,,,,,,,464.14957466009815,0.00894427190999916,,,,,,,,4.0,0.3330218444630791,,1,481,1,exact,0.03326389468368504,508,,,,,,9.183299698634073e-05,a89d14c48fd1720df8c033cb98d355ed445c55b2
dv3-B-thomas-330390,3,B,thomas,330390,33,,390,3:2:1:330390,,test,24,500.0,1.0772389490309358,0.2,,,,,,,,,464.14957466009815,0.00894427190999916,,,,,,,,4.0,0.3330218444630791,,1,467,1,exact,0.03326389468368504,504,,,,,,9.662500087870285e-05,e6a3cc17e496c6f0c81e90aa8dcbdf0e9b11b0c5
dv3-B-thomas-330391,3,B,thomas,330391,33,,391,3:2:1:330391,,test,24,500.0,1.0772389490309358,0.2,,,,,,,,,464.14957466009815,0.00894427190999916,,,,,,,,4.0,0.3330218444630791,,1,460,1,exact,0.03326389468368504,494,,,,,,9.070900341612287e-05,e9777808d86fcb1cd958d7bdbd08d841103f0072
dv3-B-thomas-330392,3,B,thomas,330392,33,,392,3:2:1:330392,,test,24,500.0,1.0772389490309358,0.2,,,,,,,,,464.14957466009815,0.00894427190999916,,,,,,,,4.0,0.3330218444630791,,1,452,1,exact,0.03326389468368504,492,,,,,,9.691599916550331e-05,e9820198cc8ab9194ee927c08f7a760031e4ad7c
dv3-B-thomas-330393,3,B,thomas,330393,33,,393,3:2:1:330393,,test,24,500.0,1.0772389490309358,0.2,,,,,,,,,464.14957466009815,0.00894427190999916,,,,,,,,4.0,0.3330218444630791,,1,463,1,exact,0.03326389468368504,518,,,,,,9.641699944040738e-05,d2af277825e047a2343ab200fd97baab82cd4e50
dv3-B-thomas-330394,3,B,thomas,330394,33,,394,3:2:1:330394,,test,24,500.0,1.0772389490309358,0.2,,,,,,,,,464.14957466009815,0.00894427190999916,,,,,,,,4.0,0.3330218444630791,,1,494,1,exact,0.03326389468368504,508,,,,,,9.241700172424316e-05,83a61beaee362432ec0473257c02fe83b947904e
dv3-B-thomas-330395,3,B,thomas,330395,33,,395,3:2:1:330395,,test,24,500.0,1.0772389490309358,0.2,,,,,,,,,464.14957466009815,0.00894427190999916,,,,,,,,4.0,0.3330218444630791,,1,525,1,exact,0.03326389468368504,538,,,,,,9.89580003079027e-05,7ed3d0884558b05da6e1cf494bff40e8609d6be2
dv3-B-thomas-330396,3,B,thomas,330396,33,,396,3:2:1:330396,,test,24,500.0,1.0772389490309358,0.2,,,,,,,,,464.14957466009815,0.00894427190999916,,,,,,,,4.0,0.3330218444630791,,1,502,1,exact,0.03326389468368504,524,,,,,,9.641599899623543e-05,2bb3eddf046969c396c41cf30de4cd64b6dfd323
dv3-B-thomas-330397,3,B,thomas,330397,33,,397,3:2:1:330397,,test,24,500.0,1.0772389490309358,0.2,,,,,,,,,464.14957466009815,0.00894427190999916,,,,,,,,4.0,0.3330218444630791,,1,484,1,exact,0.03326389468368504,520,,,,,,9.070799933397211e-05,b651ffaee1d9661a51e05146d6901160b4c5aa15
dv3-B-thomas-330398,3,B,thomas,330398,33,,398,3:2:1:330398,,test,24,500.0,1.0772389490309358,0.2,,,,,,,,,464.14957466009815,0.00894427190999916,,,,,,,,4.0,0.3330218444630791,,1,547,1,exact,0.03326389468368504,549,,,,,,9.070799933397211e-05,d358f5212e77e65b7b908fd25e9c894fb589aafe
dv3-B-thomas-330399,3,B,thomas,330399,33,,399,3:2:1:330399,,test,24,500.0,1.0772389490309358,0.2,,,,,,,,,464.14957466009815,0.00894427190999916,,,,,,,,4.0,0.3330218444630791,,1,506,1,exact,0.03326389468368504,514,,,,,,8.966699897428043e-05,07ee2fb9cc272f9a88d83b09cb2d369bef5d74e3
dv3-B-thomas-340000,3,B,thomas,340000,34,,0,3:2:1:340000,,test,24,500.0,2.520223039816149,0.2,,,,,,,,,198.39513888281695,0.00894427190999916,,,,,,,,7.999999999999999,0.3330218444630791,,1,542,1,exact,0.03326389468368504,240,,,,,,8.150000212481245e-05,2fda181df0389967d1dd9fe5dba2a14488251ea3
dv3-B-thomas-340001,3,B,thomas,340001,34,,1,3:2:1:340001,,test,24,500.0,2.520223039816149,0.2,,,,,,,,,198.39513888281695,0.00894427190999916,,,,,,,,7.999999999999999,0.3330218444630791,,1,527,1,exact,0.03326389468368504,226,,,,,,8.195900227292441e-05,0717ce9d5e67c83d39cc12f52154bc6b83172e59
dv3-B-thomas-340002,3,B,thomas,340002,34,,2,3:2:1:340002,,test,24,500.0,2.520223039816149,0.2,,,,,,,,,198.39513888281695,0.00894427190999916,,,,,,,,7.999999999999999,0.3330218444630791,,1,538,1,exact,0.03326389468368504,254,,,,,,9.008400229504332e-05,3e1de42262862893152fcfdfec9ae91b896e8155
dv3-B-thomas-340003,3,B,thomas,340003,34,,3,3:2:1:340003,,test,24,500.0,2.520223039816149,0.2,,,,,,,,,198.39513888281695,0.00894427190999916,,,,,,,,7.999999999999999,0.3330218444630791,,1,497,1,exact,0.03326389468368504,232,,,,,,7.779199950164184e-05,e198255f39223cdb9200d6cbf3c77aa648629ec1
dv3-B-thomas-340004,3,B,thomas,340004,34,,4,3:2:1:340004,,test,24,500.0,2.520223039816149,0.2,,,,,,,,,198.39513888281695,0.00894427190999916,,,,,,,,7.999999999999999,0.3330218444630791,,1,539,1,exact,0.03326389468368504,243,,,,,,8.629100193502381e-05,2fc23246434cab173c9cff430b85f84e497a3f14
dv3-B-thomas-340005,3,B,thomas,340005,34,,5,3:2:1:340005,,test,24,500.0,2.520223039816149,0.2,,,,,,,,,198.39513888281695,0.00894427190999916,,,,,,,,7.999999999999999,0.3330218444630791,,1,513,1,exact,0.03326389468368504,220,,,,,,0.0001392499980283901,d4ede038a34e0d78dba249106b1482995ae2678c
dv3-B-thomas-340006,3,B,thomas,340006,34,,6,3:2:1:340006,,test,24,500.0,2.520223039816149,0.2,,,,,,,,,198.39513888281695,0.00894427190999916,,,,,,,,7.999999999999999,0.3330218444630791,,1,414,1,exact,0.03326389468368504,203,,,,,,0.00019337499907123856,21e0f6834c53a21008559b9de1cecef3f6e47f97
dv3-B-thomas-340007,3,B,thomas,340007,34,,7,3:2:1:340007,,test,24,500.0,2.520223039816149,0.2,,,,,,,,,198.39513888281695,0.00894427190999916,,,,,,,,7.999999999999999,0.3330218444630791,,1,568,1,exact,0.03326389468368504,232,,,,,,0.00018816699957824312,83a046abde0432e84bb1bc0c6c9b1f0dac4e7e06
dv3-B-thomas-340008,3,B,thomas,340008,34,,8,3:2:1:340008,,test,24,500.0,2.520223039816149,0.2,,,,,,,,,198.39513888281695,0.00894427190999916,,,,,,,,7.999999999999999,0.3330218444630791,,1,446,1,exact,0.03326389468368504,206,,,,,,0.00016412500190199353,a96ca7f3734474db96583b645a40db7aa8a57c2b
dv3-B-thomas-340009,3,B,thomas,340009,34,,9,3:2:1:340009,,test,24,500.0,2.520223039816149,0.2,,,,,,,,,198.39513888281695,0.00894427190999916,,,,,,,,7.999999999999999,0.3330218444630791,,1,526,1,exact,0.03326389468368504,236,,,,,,0.00017474999913247302,1778c75ce0cb97380de9baf5726a560cab0908e4
dv3-B-thomas-340010,3,B,thomas,340010,34,,10,3:2:1:340010,,test,24,500.0,2.520223039816149,0.2,,,,,,,,,198.39513888281695,0.00894427190999916,,,,,,,,7.999999999999999,0.3330218444630791,,1,497,1,exact,0.03326389468368504,227,,,,,,0.00016200000027311035,dd46ed295f2f55a848c21c6d19341ec702ff076d
dv3-B-thomas-340011,3,B,thomas,340011,34,,11,3:2:1:340011,,test,24,500.0,2.520223039816149,0.2,,,,,,,,,198.39513888281695,0.00894427190999916,,,,,,,,7.999999999999999,0.3330218444630791,,1,530,1,exact,0.03326389468368504,237,,,,,,0.00016816599963931367,c3e8513fe72e5e0b5be14a2d307601bf8fcae597
dv3-B-thomas-340012,3,B,thomas,340012,34,,12,3:2:1:340012,,test,24,500.0,2.520223039816149,0.2,,,,,,,,,198.39513888281695,0.00894427190999916,,,,,,,,7.999999999999999,0.3330218444630791,,1,529,1,exact,0.03326389468368504,237,,,,,,0.0001658750006754417,fe6adedbda5b2d6d55611239f1639e2034625729
dv3-B-thomas-340013,3,B,thomas,340013,34,,13,3:2:1:340013,,test,24,500.0,2.520223039816149,0.2,,,,,,,,,198.39513888281695,0.00894427190999916,,,,,,,,7.999999999999999,0.3330218444630791,,1,463,1,exact,0.03326389468368504,205,,,,,,0.00016237499949056655,b252a57cea0438cc291a3715e26ae86a42b4974a
dv3-B-thomas-340014,3,B,thomas,340014,34,,14,3:2:1:340014,,test,24,500.0,2.520223039816149,0.2,,,,,,,,,198.39513888281695,0.00894427190999916,,,,,,,,7.999999999999999,0.3330218444630791,,1,527,1,exact,0.03326389468368504,227,,,,,,0.00017179199858219363,97fc70f9291487b8e064585746620e544bb7996e
dv3-B-thomas-340015,3,B,thomas,340015,34,,15,3:2:1:340015,,test,24,500.0,2.520223039816149,0.2,,,,,,,,,198.39513888281695,0.00894427190999916,,,,,,,,7.999999999999999,0.3330218444630791,,1,479,1,exact,0.03326389468368504,212,,,,,,0.00016412499826401472,d9ee6974ce7e53576e615918041deaa196d6cd17
dv3-B-thomas-340016,3,B,thomas,340016,34,,16,3:2:1:340016,,test,24,500.0,2.520223039816149,0.2,,,,,,,,,198.39513888281695,0.00894427190999916,,,,,,,,7.999999999999999,0.3330218444630791,,1,507,1,exact,0.03326389468368504,222,,,,,,0.00017608400230528787,336a2b782b91cf48207333df0ef4308a2a02bda1
dv3-B-thomas-340017,3,B,thomas,340017,34,,17,3:2:1:340017,,test,24,500.0,2.520223039816149,0.2,,,,,,,,,198.39513888281695,0.00894427190999916,,,,,,,,7.999999999999999,0.3330218444630791,,1,479,1,exact,0.03326389468368504,215,,,,,,0.00015545900168945082,d5c81311b93fb42a4b2c29026267e67331aa2fc4
dv3-B-thomas-340018,3,B,thomas,340018,34,,18,3:2:1:340018,,test,24,500.0,2.520223039816149,0.2,,,,,,,,,198.39513888281695,0.00894427190999916,,,,,,,,7.999999999999999,0.3330218444630791,,1,547,1,exact,0.03326389468368504,222,,,,,,0.00016629200035822578,34b619d5c8b6644f1bd89eb8b92c8f9dedf6bc28
dv3-B-thomas-340019,3,B,thomas,340019,34,,19,3:2:1:340019,,test,24,500.0,2.520223039816149,0.2,,,,,,,,,198.39513888281695,0.00894427190999916,,,,,,,,7.999999999999999,0.3330218444630791,,1,487,1,exact,0.03326389468368504,213,,,,,,0.00016187499932129867,6e9f557f77226fb2075bd3c13663bea50bfe7c77
dv3-B-thomas-340020,3,B,thomas,340020,34,,20,3:2:1:340020,,test,24,500.0,2.520223039816149,0.2,,,,,,,,,198.39513888281695,0.00894427190999916,,,,,,,,7.999999999999999,0.3330218444630791,,1,426,1,exact,0.03326389468368504,207,,,,,,0.00015629100016667508,a7bf769f1601e86b8ca994c62f3ae33c2b35eaa1
dv3-B-thomas-340021,3,B,thomas,340021,34,,21,3:2:1:340021,,test,24,500.0,2.520223039816149,0.2,,,,,,,,,198.39513888281695,0.00894427190999916,,,,,,,,7.999999999999999,0.3330218444630791,,1,510,1,exact,0.03326389468368504,239,,,,,,0.00018112500038114376,70e6ca251d960fbbc6f39b627b062b2e09dc52c5
dv3-B-thomas-340022,3,B,thomas,340022,34,,22,3:2:1:340022,,test,24,500.0,2.520223039816149,0.2,,,,,,,,,198.39513888281695,0.00894427190999916,,,,,,,,7.999999999999999,0.3330218444630791,,1,458,1,exact,0.03326389468368504,220,,,,,,0.0001835410002968274,1ca23c2bc8ac3581be725f3a893c9754e897ea7c
dv3-B-thomas-340023,3,B,thomas,340023,34,,23,3:2:1:340023,,test,24,500.0,2.520223039816149,0.2,,,,,,,,,198.39513888281695,0.00894427190999916,,,,,,,,7.999999999999999,0.3330218444630791,,1,510,1,exact,0.03326389468368504,225,,,,,,0.0001646250020712614,7ca9eec85a4570766638ad2716ec1439fd2fdb15
dv3-B-thomas-340024,3,B,thomas,340024,34,,24,3:2:1:340024,,test,24,500.0,2.520223039816149,0.2,,,,,,,,,198.39513888281695,0.00894427190999916,,,,,,,,7.999999999999999,0.3330218444630791,,1,464,1,exact,0.03326389468368504,208,,,,,,0.0001539170007163193,9e2cd31231d712e1fc78f54a4a8fcb7d8f2defdf
dv3-B-thomas-340025,3,B,thomas,340025,34,,25,3:2:1:340025,,test,24,500.0,2.520223039816149,0.2,,,,,,,,,198.39513888281695,0.00894427190999916,,,,,,,,7.999999999999999,0.3330218444630791,,1,596,1,exact,0.03326389468368504,251,,,,,,0.00016016600056900643,6c45ad2f6d893150f6cc88d67f3b2a1b32c9cf23
dv3-B-thomas-340026,3,B,thomas,340026,34,,26,3:2:1:340026,,test,24,500.0,2.520223039816149,0.2,,,,,,,,,198.39513888281695,0.00894427190999916,,,,,,,,7.999999999999999,0.3330218444630791,,1,547,1,exact,0.03326389468368504,248,,,,,,0.0001559999982418958,970d4b9e360ac00d809d7e71dab5465be45c1fc4
dv3-B-thomas-340027,3,B,thomas,340027,34,,27,3:2:1:340027,,test,24,500.0,2.520223039816149,0.2,,,,,,,,,198.39513888281695,0.00894427190999916,,,,,,,,7.999999999999999,0.3330218444630791,,1,531,1,exact,0.03326389468368504,224,,,,,,0.00015195900050457567,e0b824560246ae7560888b3342a3f65946d2b482
dv3-B-thomas-340028,3,B,thomas,340028,34,,28,3:2:1:340028,,test,24,500.0,2.520223039816149,0.2,,,,,,,,,198.39513888281695,0.00894427190999916,,,,,,,,7.999999999999999,0.3330218444630791,,1,486,1,exact,0.03326389468368504,215,,,,,,0.00014791600187891163,d4a380d33f42e0d00c360aea67a96c0946217306
dv3-B-thomas-340029,3,B,thomas,340029,34,,29,3:2:1:340029,,test,24,500.0,2.520223039816149,0.2,,,,,,,,,198.39513888281695,0.00894427190999916,,,,,,,,7.999999999999999,0.3330218444630791,,1,447,1,exact,0.03326389468368504,204,,,,,,0.00014520800323225558,c5d6e580c0fa6c2f248205198fbf577ce873e8c1
dv3-B-thomas-340030,3,B,thomas,340030,34,,30,3:2:1:340030,,test,24,500.0,2.520223039816149,0.2,,,,,,,,,198.39513888281695,0.00894427190999916,,,,,,,,7.999999999999999,0.3330218444630791,,1,491,1,exact,0.03326389468368504,224,,,,,,0.0001511250011390075,023703dee3b9f275bdbc26fb9ec2879a0d04db34
dv3-B-thomas-340031,3,B,thomas,340031,34,,31,3:2:1:340031,,test,24,500.0,2.520223039816149,0.2,,,,,,,,,198.39513888281695,0.00894427190999916,,,,,,,,7.999999999999999,0.3330218444630791,,1,442,1,exact,0.03326389468368504,223,,,,,,0.00014791600187891163,aed2fd99cd655d2b2243738f321e4b03797b1e49
dv3-B-thomas-340032,3,B,thomas,340032,34,,32,3:2:1:340032,,test,24,500.0,2.520223039816149,0.2,,,,,,,,,198.39513888281695,0.00894427190999916,,,,,,,,7.999999999999999,0.3330218444630791,,1,440,1,exact,0.03326389468368504,215,,,,,,0.00014591600120184012,c9735865f3962bf5e425564d02cfa4cf2b28184c
dv3-B-thomas-340033,3,B,thomas,340033,34,,33,3:2:1:340033,,test,24,500.0,2.520223039816149,0.2,,,,,,,,,198.39513888281695,0.00894427190999916,,,,,,,,7.999999999999999,0.3330218444630791,,1,449,1,exact,0.03326389468368504,216,,,,,,0.00014679200103273615,255df0817bea7dbb34523f74fe870b05b14b535e
dv3-B-thomas-340034,3,B,thomas,340034,34,,34,3:2:1:340034,,test,24,500.0,2.520223039816149,0.2,,,,,,,,,198.39513888281695,0.00894427190999916,,,,,,,,7.999999999999999,0.3330218444630791,,1,505,1,exact,0.03326389468368504,215,,,,,,0.00014979100160417147,2084b2a6381bb9e5311a0fbc080286c04d36f07a
dv3-B-thomas-340035,3,B,thomas,340035,34,,35,3:2:1:340035,,test,24,500.0,2.520223039816149,0.2,,,,,,,,,198.39513888281695,0.00894427190999916,,,,,,,,7.999999999999999,0.3330218444630791,,1,493,1,exact,0.03326389468368504,238,,,,,,0.00014970899792388082,28b2b42b047ef195a3e4d574c077a3d5b405256f
dv3-B-thomas-340036,3,B,thomas,340036,34,,36,3:2:1:340036,,test,24,500.0,2.520223039816149,0.2,,,,,,,,,198.39513888281695,0.00894427190999916,,,,,,,,7.999999999999999,0.3330218444630791,,1,537,1,exact,0.03326389468368504,227,,,,,,0.00015004199667600915,4ad1128e91a3b5eaf4ed43b8b16f1c8fe1f5a8bf
dv3-B-thomas-340037,3,B,thomas,340037,34,,37,3:2:1:340037,,test,24,500.0,2.520223039816149,0.2,,,,,,,,,198.39513888281695,0.00894427190999916,,,,,,,,7.999999999999999,0.3330218444630791,,1,480,1,exact,0.03326389468368504,211,,,,,,0.00014483300037682056,c647a2eaba96425ab690dd8b30965b22daa70612
dv3-B-thomas-340038,3,B,thomas,340038,34,,38,3:2:1:340038,,test,24,500.0,2.520223039816149,0.2,,,,,,,,,198.39513888281695,0.00894427190999916,,,,,,,,7.999999999999999,0.3330218444630791,,1,525,1,exact,0.03326389468368504,242,,,,,,0.00015100000018719584,1776a0d8a957c7fdda67e864be3fd3f878c11261
dv3-B-thomas-340039,3,B,thomas,340039,34,,39,3:2:1:340039,,test,24,500.0,2.520223039816149,0.2,,,,,,,,,198.39513888281695,0.00894427190999916,,,,,,,,7.999999999999999,0.3330218444630791,,1,519,1,exact,0.03326389468368504,225,,,,,,0.000149125000461936,f042b0c16b4ef86dd09e524c01e7a133102804ed
dv3-B-thomas-340040,3,B,thomas,340040,34,,40,3:2:1:340040,,test,24,500.0,2.520223039816149,0.2,,,,,,,,,198.39513888281695,0.00894427190999916,,,,,,,,7.999999999999999,0.3330218444630791,,1,453,1,exact,0.03326389468368504,223,,,,,,0.00014591700164601207,ecf314dbb33ec99bcac4edcde28f2ca1b1e1c478
dv3-B-thomas-340041,3,B,thomas,340041,34,,41,3:2:1:340041,,test,24,500.0,2.520223039816149,0.2,,,,,,,,,198.39513888281695,0.00894427190999916,,,,,,,,7.999999999999999,0.3330218444630791,,1,483,1,exact,0.03326389468368504,208,,,,,,0.00014799999917158857,f490028745c16566026d937e3824a9f7c301d944
dv3-B-thomas-340042,3,B,thomas,340042,34,,42,3:2:1:340042,,test,24,500.0,2.520223039816149,0.2,,,,,,,,,198.39513888281695,0.00894427190999916,,,,,,,,7.999999999999999,0.3330218444630791,,1,442,1,exact,0.03326389468368504,205,,,,,,0.00014354200175148435,2c5074930ad5c41fb05080c440c868c40616cad6
dv3-B-thomas-340043,3,B,thomas,340043,34,,43,3:2:1:340043,,test,24,500.0,2.520223039816149,0.2,,,,,,,,,198.39513888281695,0.00894427190999916,,,,,,,,7.999999999999999,0.3330218444630791,,1,500,1,exact,0.03326389468368504,225,,,,,,0.00014695799836772494,b8c5ddb4d2c17bf59bb8695f40eca177af1b09b0
dv3-B-thomas-340044,3,B,thomas,340044,34,,44,3:2:1:340044,,test,24,500.0,2.520223039816149,0.2,,,,,,,,,198.39513888281695,0.00894427190999916,,,,,,,,7.999999999999999,0.3330218444630791,,1,494,1,exact,0.03326389468368504,232,,,,,,0.00014887500219629146,a592430d1305fe816d0b0534c2c610d141ea6c3f
dv3-B-thomas-340045,3,B,thomas,340045,34,,45,3:2:1:340045,,test,24,500.0,2.520223039816149,0.2,,,,,,,,,198.39513888281695,0.00894427190999916,,,,,,,,7.999999999999999,0.3330218444630791,,1,590,1,exact,0.03326389468368504,250,,,,,,0.00015412499851663597,488b07f202a2fd5d42ce9d8c9c487a4fa4d93326
dv3-B-thomas-340046,3,B,thomas,340046,34,,46,3:2:1:340046,,test,24,500.0,2.520223039816149,0.2,,,,,,,,,198.39513888281695,0.00894427190999916,,,,,,,,7.999999999999999,0.3330218444630791,,1,461,1,exact,0.03326389468368504,207,,,,,,0.00014358400221681222,435c111eadae8623e08d3bc4978dc8202d0bdf90
dv3-B-thomas-340047,3,B,thomas,340047,34,,47,3:2:1:340047,,test,24,500.0,2.520223039816149,0.2,,,,,,,,,198.39513888281695,0.00894427190999916,,,,,,,,7.999999999999999,0.3330218444630791,,1,485,1,exact,0.03326389468368504,230,,,,,,0.00015424999946844764,8422ae03b4b0bf60b1101357ec51804ab4ff06fe
dv3-B-thomas-340048,3,B,thomas,340048,34,,48,3:2:1:340048,,test,24,500.0,2.520223039816149,0.2,,,,,,,,,198.39513888281695,0.00894427190999916,,,,,,,,7.999999999999999,0.3330218444630791,,1,483,1,exact,0.03326389468368504,234,,,,,,0.0001497919984103646,c9fcd3f67a73c0b1af435b967b94266974d87af4
dv3-B-thomas-340049,3,B,thomas,340049,34,,49,3:2:1:340049,,test,24,500.0,2.520223039816149,0.2,,,,,,,,,198.39513888281695,0.00894427190999916,,,,,,,,7.999999999999999,0.3330218444630791,,1,456,1,exact,0.03326389468368504,209,,,,,,0.00014800000280956738,b02177bc76c16cc1e3a954ff4dcf57a02d6f178d
dv3-B-thomas-340050,3,B,thomas,340050,34,,50,3:2:1:340050,,test,24,500.0,2.520223039816149,0.2,,,,,,,,,198.39513888281695,0.00894427190999916,,,,,,,,7.999999999999999,0.3330218444630791,,1,490,1,exact,0.03326389468368504,216,,,,,,0.00014754199946764857,ec5c88d52c7076e893047763f721bec24f9e8cbe
dv3-B-thomas-340051,3,B,thomas,340051,34,,51,3:2:1:340051,,test,24,500.0,2.520223039816149,0.2,,,,,,,,,198.39513888281695,0.00894427190999916,,,,,,,,7.999999999999999,0.3330218444630791,,1,488,1,exact,0.03326389468368504,223,,,,,,0.00014841699885437265,31c6979ecbd1bb57e57fe24ff35e0304a6cd0a31
dv3-B-thomas-340052,3,B,thomas,340052,34,,52,3:2:1:340052,,test,24,500.0,2.520223039816149,0.2,,,,,,,,,198.39513888281695,0.00894427190999916,,,,,,,,7.999999999999999,0.3330218444630791,,1,535,1,exact,0.03326389468368504,227,,,,,,0.00014962499699322507,cdd15184d95e5d5ba4896860a8b2a177819367e2
dv3-B-thomas-340053,3,B,thomas,340053,34,,53,3:2:1:340053,,test,24,500.0,2.520223039816149,0.2,,,,,,,,,198.39513888281695,0.00894427190999916,,,,,,,,7.999999999999999,0.3330218444630791,,1,455,1,exact,0.03326389468368504,191,,,,,,0.0001442499997210689,84b8ceb7763eb85bd09223dd7d9c1e1487b523c0
dv3-B-thomas-340054,3,B,thomas,340054,34,,54,3:2:1:340054,,test,24,500.0,2.520223039816149,0.2,,,,,,,,,198.39513888281695,0.00894427190999916,,,,,,,,7.999999999999999,0.3330218444630791,,1,570,1,exact,0.03326389468368504,235,,,,,,0.00015233299927785993,dfcc84bd2a20608c93582b4bd780dc31533b9687
dv3-B-thomas-340055,3,B,thomas,340055,34,,55,3:2:1:340055,,test,24,500.0,2.520223039816149,0.2,,,,,,,,,198.39513888281695,0.00894427190999916,,,,,,,,7.999999999999999,0.3330218444630791,,1,487,1,exact,0.03326389468368504,225,,,,,,0.00014916600048309192,2c1f7fc386f21fca3cc9153e645fb43ef40910ef
dv3-B-thomas-340056,3,B,thomas,340056,34,,56,3:2:1:340056,,test,24,500.0,2.520223039816149,0.2,,,,,,,,,198.39513888281695,0.00894427190999916,,,,,,,,7.999999999999999,0.3330218444630791,,1,539,1,exact,0.03326389468368504,228,,,,,,0.00015133399938349612,970467eaca95d84ccc593d3c17cc8fe5d1928568
dv3-B-thomas-340057,3,B,thomas,340057,34,,57,3:2:1:340057,,test,24,500.0,2.520223039816149,0.2,,,,,,,,,198.39513888281695,0.00894427190999916,,,,,,,,7.999999999999999,0.3330218444630791,,1,493,1,exact,0.03326389468368504,233,,,,,,0.000165374996868195,c7f282fc7938a59190134596135a72ddfbd8ce3b
dv3-B-thomas-340058,3,B,thomas,340058,34,,58,3:2:1:340058,,test,24,500.0,2.520223039816149,0.2,,,,,,,,,198.39513888281695,0.00894427190999916,,,,,,,,7.999999999999999,0.3330218444630791,,1,502,1,exact,0.03326389468368504,244,,,,,,0.0001508329987700563,4d6b8f32a1513eb5e01b1ff5834cfbff276c7f21
dv3-B-thomas-340059,3,B,thomas,340059,34,,59,3:2:1:340059,,test,24,500.0,2.520223039816149,0.2,,,,,,,,,198.39513888281695,0.00894427190999916,,,,,,,,7.999999999999999,0.3330218444630791,,1,429,1,exact,0.03326389468368504,205,,,,,,0.00010195799768553115,2ac3db8cd6f2f87fece968c6f518c7b78b9e013e
dv3-B-thomas-340060,3,B,thomas,340060,34,,60,3:2:1:340060,,test,24,500.0,2.520223039816149,0.2,,,,,,,,,198.39513888281695,0.00894427190999916,,,,,,,,7.999999999999999,0.3330218444630791,,1,541,1,exact,0.03326389468368504,247,,,,,,9.304099876317196e-05,1a885535361cc39a1731e1351e6d491dcbffda7a
dv3-B-thomas-340061,3,B,thomas,340061,34,,61,3:2:1:340061,,test,24,500.0,2.520223039816149,0.2,,,,,,,,,198.39513888281695,0.00894427190999916,,,,,,,,7.999999999999999,0.3330218444630791,,1,512,1,exact,0.03326389468368504,217,,,,,,9.112499901675619e-05,b6cc7d555b426d63cec42cc02669d5df0b078940
dv3-B-thomas-340062,3,B,thomas,340062,34,,62,3:2:1:340062,,test,24,500.0,2.520223039816149,0.2,,,,,,,,,198.39513888281695,0.00894427190999916,,,,,,,,7.999999999999999,0.3330218444630791,,1,379,1,exact,0.03326389468368504,194,,,,,,7.850000110920519e-05,fec5acbcfdf7d967878411362d4f692d8a29dfda
dv3-B-thomas-340063,3,B,thomas,340063,34,,63,3:2:1:340063,,test,24,500.0,2.520223039816149,0.2,,,,,,,,,198.39513888281695,0.00894427190999916,,,,,,,,7.999999999999999,0.3330218444630791,,1,499,1,exact,0.03326389468368504,223,,,,,,8.37500010675285e-05,21b132eca88107090e7646566fad6dca824dca9f
dv3-B-thomas-340064,3,B,thomas,340064,34,,64,3:2:1:340064,,test,24,500.0,2.520223039816149,0.2,,,,,,,,,198.39513888281695,0.00894427190999916,,,,,,,,7.999999999999999,0.3330218444630791,,1,507,1,exact,0.03326389468368504,223,,,,,,8.295899897348136e-05,5c140e9be512d0fd2caa1639b44e7bedb73bb57f
dv3-B-thomas-340065,3,B,thomas,340065,34,,65,3:2:1:340065,,test,24,500.0,2.520223039816149,0.2,,,,,,,,,198.39513888281695,0.00894427190999916,,,,,,,,7.999999999999999,0.3330218444630791,,1,511,1,exact,0.03326389468368504,222,,,,,,8.620800144854002e-05,a5279d79583008058028558da1ea98c5e35ca31d
dv3-B-thomas-340066,3,B,thomas,340066,34,,66,3:2:1:340066,,test,24,500.0,2.520223039816149,0.2,,,,,,,,,198.39513888281695,0.00894427190999916,,,,,,,,7.999999999999999,0.3330218444630791,,1,521,1,exact,0.03326389468368504,255,,,,,,8.94170007086359e-05,3659fa2c9946bcc9d5cfd2f14608b011abd8afda
dv3-B-thomas-340067,3,B,thomas,340067,34,,67,3:2:1:340067,,test,24,500.0,2.520223039816149,0.2,,,,,,,,,198.39513888281695,0.00894427190999916,,,,,,,,7.999999999999999,0.3330218444630791,,1,500,1,exact,0.03326389468368504,223,,,,,,8.595799954491667e-05,978db43a4fad0a6affeeea851fa45fe9f6c8c107
dv3-B-thomas-340068,3,B,thomas,340068,34,,68,3:2:1:340068,,test,24,500.0,2.520223039816149,0.2,,,,,,,,,198.39513888281695,0.00894427190999916,,,,,,,,7.999999999999999,0.3330218444630791,,1,518,1,exact,0.03326389468368504,229,,,,,,8.604200047557242e-05,1922b09c99dcbbfd983f6765204c79f1ca216aa6
dv3-B-thomas-340069,3,B,thomas,340069,34,,69,3:2:1:340069,,test,24,500.0,2.520223039816149,0.2,,,,,,,,,198.39513888281695,0.00894427190999916,,,,,,,,7.999999999999999,0.3330218444630791,,1,439,1,exact,0.03326389468368504,197,,,,,,8.170799992512912e-05,001325675882f03e5f028349d4be4017ab93210b
dv3-B-thomas-340070,3,B,thomas,340070,34,,70,3:2:1:340070,,test,24,500.0,2.520223039816149,0.2,,,,,,,,,198.39513888281695,0.00894427190999916,,,,,,,,7.999999999999999,0.3330218444630791,,1,447,1,exact,0.03326389468368504,204,,,,,,8.229100058088079e-05,8e237a38c19393f8cac1d8ed1833b07ec7a6904b
dv3-B-thomas-340071,3,B,thomas,340071,34,,71,3:2:1:340071,,test,24,500.0,2.520223039816149,0.2,,,,,,,,,198.39513888281695,0.00894427190999916,,,,,,,,7.999999999999999,0.3330218444630791,,1,505,1,exact,0.03326389468368504,222,,,,,,8.416700075031258e-05,83c3e46a1202f996f185b2377b34362b79feb494
dv3-B-thomas-340072,3,B,thomas,340072,34,,72,3:2:1:340072,,test,24,500.0,2.520223039816149,0.2,,,,,,,,,198.39513888281695,0.00894427190999916,,,,,,,,7.999999999999999,0.3330218444630791,,1,518,1,exact,0.03326389468368504,237,,,,,,8.458299998892471e-05,0252e36e8265f949626d8b72ca7e3f6db0540846
dv3-B-thomas-340073,3,B,thomas,340073,34,,73,3:2:1:340073,,test,24,500.0,2.520223039816149,0.2,,,,,,,,,198.39513888281695,0.00894427190999916,,,,,,,,7.999999999999999,0.3330218444630791,,1,545,1,exact,0.03326389468368504,246,,,,,,9.804200090002269e-05,eff290fbab7e41e18980b6e666f4d6b58b5af033
dv3-B-thomas-340074,3,B,thomas,340074,34,,74,3:2:1:340074,,test,24,500.0,2.520223039816149,0.2,,,,,,,,,198.39513888281695,0.00894427190999916,,,,,,,,7.999999999999999,0.3330218444630791,,1,549,1,exact,0.03326389468368504,239,,,,,,8.933299977798015e-05,09dd44229ac89d9c3f88456161bd9343347ebe03
dv3-B-thomas-340075,3,B,thomas,340075,34,,75,3:2:1:340075,,test,24,500.0,2.520223039816149,0.2,,,,,,,,,198.39513888281695,0.00894427190999916,,,,,,,,7.999999999999999,0.3330218444630791,,1,483,1,exact,0.03326389468368504,223,,,,,,8.733299910090864e-05,9525730b92b2d6d33c6d33f2afdb21f511a27ea5
dv3-B-thomas-340076,3,B,thomas,340076,34,,76,3:2:1:340076,,test,24,500.0,2.520223039816149,0.2,,,,,,,,,198.39513888281695,0.00894427190999916,,,,,,,,7.999999999999999,0.3330218444630791,,1,568,1,exact,0.03326389468368504,239,,,,,,8.974999946076423e-05,3b74f0f760fa04bbb921ce8f970294b4b03d3d10
dv3-B-thomas-340077,3,B,thomas,340077,34,,77,3:2:1:340077,,test,24,500.0,2.520223039816149,0.2,,,,,,,,,198.39513888281695,0.00894427190999916,,,,,,,,7.999999999999999,0.3330218444630791,,1,543,1,exact,0.03326389468368504,245,,,,,,8.741700003156438e-05,3db7432c6a7f06b4ddc2c28fe375a3daa319a918
dv3-B-thomas-340078,3,B,thomas,340078,34,,78,3:2:1:340078,,test,24,500.0,2.520223039816149,0.2,,,,,,,,,198.39513888281695,0.00894427190999916,,,,,,,,7.999999999999999,0.3330218444630791,,1,502,1,exact,0.03326389468368504,224,,,,,,8.449999950244091e-05,1f701d89d1036c2df877488de7a347343ed13629
dv3-B-thomas-340079,3,B,thomas,340079,34,,79,3:2:1:340079,,test,24,500.0,2.520223039816149,0.2,,,,,,,,,198.39513888281695,0.00894427190999916,,,,,,,,7.999999999999999,0.3330218444630791,,1,508,1,exact,0.03326389468368504,234,,,,,,8.55409998621326e-05,9e8956a472122b16366185510922bf3cb7424bb1
dv3-B-thomas-340080,3,B,thomas,340080,34,,80,3:2:1:340080,,test,24,500.0,2.520223039816149,0.2,,,,,,,,,198.39513888281695,0.00894427190999916,,,,,,,,7.999999999999999,0.3330218444630791,,1,556,1,exact,0.03326389468368504,255,,,,,,8.845800039125606e-05,16ab13e0fe2b792c9d4414e116b4880019d6d544
dv3-B-thomas-340081,3,B,thomas,340081,34,,81,3:2:1:340081,,test,24,500.0,2.520223039816149,0.2,,,,,,,,,198.39513888281695,0.00894427190999916,,,,,,,,7.999999999999999,0.3330218444630791,,1,456,1,exact,0.03326389468368504,213,,,,,,8.204099867725745e-05,d39a88db5da66371e3a5490439801c1337e51e40
dv3-B-thomas-340082,3,B,thomas,340082,34,,82,3:2:1:340082,,test,24,500.0,2.520223039816149,0.2,,,,,,,,,198.39513888281695,0.00894427190999916,,,,,,,,7.999999999999999,0.3330218444630791,,1,481,1,exact,0.03326389468368504,224,,,,,,8.254100248450413e-05,1ff769cc0ddce477d90ca72642ea05ffb644fbc2
dv3-B-thomas-340083,3,B,thomas,340083,34,,83,3:2:1:340083,,test,24,500.0,2.520223039816149,0.2,,,,,,,,,198.39513888281695,0.00894427190999916,,,,,,,,7.999999999999999,0.3330218444630791,,1,506,1,exact,0.03326389468368504,203,,,,,,8.312499994644895e-05,7121ab4f9f1404c4763d583bf746098a3a30a6bd
dv3-B-thomas-340084,3,B,thomas,340084,34,,84,3:2:1:340084,,test,24,500.0,2.520223039816149,0.2,,,,,,,,,198.39513888281695,0.00894427190999916,,,,,,,,7.999999999999999,0.3330218444630791,,1,455,1,exact,0.03326389468368504,201,,,,,,8.012500256882049e-05,c277e89131f7f8fa41f818c8474e04a2d38d75c9
dv3-B-thomas-340085,3,B,thomas,340085,34,,85,3:2:1:340085,,test,24,500.0,2.520223039816149,0.2,,,,,,,,,198.39513888281695,0.00894427190999916,,,,,,,,7.999999999999999,0.3330218444630791,,1,524,1,exact,0.03326389468368504,253,,,,,,8.658299702801742e-05,b157252e67f8aa2415e15609229cc7c03acdc629
dv3-B-thomas-340086,3,B,thomas,340086,34,,86,3:2:1:340086,,test,24,500.0,2.520223039816149,0.2,,,,,,,,,198.39513888281695,0.00894427190999916,,,,,,,,7.999999999999999,0.3330218444630791,,1,479,1,exact,0.03326389468368504,213,,,,,,8.370800060220063e-05,1074806d19394fcd8897a8ea5ec795d47ea0f034
dv3-B-thomas-340087,3,B,thomas,340087,34,,87,3:2:1:340087,,test,24,500.0,2.520223039816149,0.2,,,,,,,,,198.39513888281695,0.00894427190999916,,,,,,,,7.999999999999999,0.3330218444630791,,1,549,1,exact,0.03326389468368504,258,,,,,,8.804199751466513e-05,dbc0e64c556506be20aafbef88d16f014d66737d
dv3-B-thomas-340088,3,B,thomas,340088,34,,88,3:2:1:340088,,test,24,500.0,2.520223039816149,0.2,,,,,,,,,198.39513888281695,0.00894427190999916,,,,,,,,7.999999999999999,0.3330218444630791,,1,426,1,exact,0.03326389468368504,194,,,,,,7.983300019986928e-05,46e549c2efc93874d850faf315dc263901938fd3
dv3-B-thomas-340089,3,B,thomas,340089,34,,89,3:2:1:340089,,test,24,500.0,2.520223039816149,0.2,,,,,,,,,198.39513888281695,0.00894427190999916,,,,,,,,7.999999999999999,0.3330218444630791,,1,495,1,exact,0.03326389468368504,227,,,,,,8.404199979850091e-05,0948022c61d8f43bdaab0c23e78799dae1c51f90
dv3-B-thomas-340090,3,B,thomas,340090,34,,90,3:2:1:340090,,test,24,500.0,2.520223039816149,0.2,,,,,,,,,198.39513888281695,0.00894427190999916,,,,,,,,7.999999999999999,0.3330218444630791,,1,527,1,exact,0.03326389468368504,241,,,,,,8.466700091958046e-05,60990faa61b5445815e949fad14770160d6c557d
dv3-B-thomas-340091,3,B,thomas,340091,34,,91,3:2:1:340091,,test,24,500.0,2.520223039816149,0.2,,,,,,,,,198.39513888281695,0.00894427190999916,,,,,,,,7.999999999999999,0.3330218444630791,,1,487,1,exact,0.03326389468368504,213,,,,,,8.24999988253694e-05,5662c438ac018ac1ab207324a89d778bf7cd3141
dv3-B-thomas-340092,3,B,thomas,340092,34,,92,3:2:1:340092,,test,24,500.0,2.520223039816149,0.2,,,,,,,,,198.39513888281695,0.00894427190999916,,,,,,,,7.999999999999999,0.3330218444630791,,1,497,1,exact,0.03326389468368504,233,,,,,,8.279199755634181e-05,8cac0975c35da675097bab5bdb5e64a3d5b7e294
dv3-B-thomas-340093,3,B,thomas,340093,34,,93,3:2:1:340093,,test,24,500.0,2.520223039816149,0.2,,,,,,,,,198.39513888281695,0.00894427190999916,,,,,,,,7.999999999999999,0.3330218444630791,,1,519,1,exact,0.03326389468368504,228,,,,,,8.404199979850091e-05,cb6b26fd2ce4a11f5f6e20f37b829a5a3bff5473
dv3-B-thomas-340094,3,B,thomas,340094,34,,94,3:2:1:340094,,test,24,500.0,2.520223039816149,0.2,,,,,,,,,198.39513888281695,0.00894427190999916,,,,,,,,7.999999999999999,0.3330218444630791,,1,502,1,exact,0.03326389468368504,236,,,,,,8.545899981982075e-05,b1fab439688b5122fd8f1736ac18ec0ff2773c07
dv3-B-thomas-340095,3,B,thomas,340095,34,,95,3:2:1:340095,,test,24,500.0,2.520223039816149,0.2,,,,,,,,,198.39513888281695,0.00894427190999916,,,,,,,,7.999999999999999,0.3330218444630791,,1,542,1,exact,0.03326389468368504,224,,,,,,8.470800094073638e-05,0b4bd172ea15c92d455ef13fdb49beed61a07d08
dv3-B-thomas-340096,3,B,thomas,340096,34,,96,3:2:1:340096,,test,24,500.0,2.520223039816149,0.2,,,,,,,,,198.39513888281695,0.00894427190999916,,,,,,,,7.999999999999999,0.3330218444630791,,1,487,1,exact,0.03326389468368504,215,,,,,,8.216700007324107e-05,e84624d440e28e015ceade6e0d9eb20736363a67
dv3-B-thomas-340097,3,B,thomas,340097,34,,97,3:2:1:340097,,test,24,500.0,2.520223039816149,0.2,,,,,,,,,198.39513888281695,0.00894427190999916,,,,,,,,7.999999999999999,0.3330218444630791,,1,526,1,exact,0.03326389468368504,234,,,,,,8.487500235787593e-05,f2f6d97496a67720f8eefedcf2bc30ae61d8e39e
dv3-B-thomas-340098,3,B,thomas,340098,34,,98,3:2:1:340098,,test,24,500.0,2.520223039816149,0.2,,,,,,,,,198.39513888281695,0.00894427190999916,,,,,,,,7.999999999999999,0.3330218444630791,,1,578,1,exact,0.03326389468368504,253,,,,,,0.0002272079982503783,f02cfa1fae1a3628bdb29985511061be9deaeaa0
dv3-B-thomas-340099,3,B,thomas,340099,34,,99,3:2:1:340099,,test,24,500.0,2.520223039816149,0.2,,,,,,,,,198.39513888281695,0.00894427190999916,,,,,,,,7.999999999999999,0.3330218444630791,,1,533,1,exact,0.03326389468368504,242,,,,,,0.00021491699953912757,315a7374f59015a1f29bfb83f328bab2c2b7477b
