case_id,dv,set,family,index,cell_id,level_id,rep,spawn_key,r_seed,split,shard,nbar,mu,s,mu1,mu2,s2,rho,tau,gamma,sigma2,sp,kappa,sigma,sigma1,lam_p,R,beta,mu_log,s_abs,grid_M,delta_tilde,tau_K,tau_K2,prior_tries,n,pattern_tries,sampler,buffer,n_parents,pad_P,min_eig,cftp_start,mh_steps,burnin,wall_s,sha1
dv3-B-thomas-360300,3,B,thomas,360300,36,,300,3:2:1:360300,,test,27,500.0,0.5135661393936054,0.45,,,,,,,,,973.5844356685516,0.020124611797498106,,,,,,,,0.9999999999999997,0.7492991500419279,,1,495,1,exact,0.07484376303829134,1242,,,,,,0.0002467499980411958,3339f8869219317891099d46c60e5ad8db0f6258
dv3-B-thomas-360301,3,B,thomas,360301,36,,301,3:2:1:360301,,test,27,500.0,0.5135661393936054,0.45,,,,,,,,,973.5844356685516,0.020124611797498106,,,,,,,,0.9999999999999997,0.7492991500419279,,1,498,1,exact,0.07484376303829134,1306,,,,,,0.00014675000056740828,03529d61dbea703d8bedb6990de28e8d57bf1e91
dv3-B-thomas-360302,3,B,thomas,360302,36,,302,3:2:1:360302,,test,27,500.0,0.5135661393936054,0.45,,,,,,,,,973.5844356685516,0.020124611797498106,,,,,,,,0.9999999999999997,0.7492991500419279,,1,526,1,exact,0.07484376303829134,1309,,,,,,0.000137416001962265,5952302314eb06f0decd7f2284cbf9796c06c223
dv3-B-thomas-360303,3,B,thomas,360303,36,,303,3:2:1:360303,,test,27,500.0,0.5135661393936054,0.45,,,,,,,,,973.5844356685516,0.020124611797498106,,,,,,,,0.9999999999999997,0.7492991500419279,,1,512,1,exact,0.07484376303829134,1283,,,,,,0.00012758299999404699,0140ef72d81ac8b0b8c20831f7eda63c76523410
dv3-B-thomas-360304,3,B,thomas,360304,36,,304,3:2:1:360304,,test,27,500.0,0.5135661393936054,0.45,,,,,,,,,973.5844356685516,0.020124611797498106,,,,,,,,0.9999999999999997,0.7492991500419279,,1,513,1,exact,0.07484376303829134,1252,,,,,,0.00012520800009951927,c32e5209ba0282a904bdb9574bb808e761563c72
dv3-B-thomas-360305,3,B,thomas,360305,36,,305,3:2:1:360305,,test,27,500.0,0.5135661393936054,0.45,,,,,,,,,973.5844356685516,0.020124611797498106,,,,,,,,0.9999999999999997,0.7492991500419279,,1,457,1,exact,0.07484376303829134,1289,,,,,,0.0001239160010300111,0c57226af8741a14d5190a370225d66012764b2d
dv3-B-thomas-360306,3,B,thomas,360306,36,,306,3:2:1:360306,,test,27,500.0,0.5135661393936054,0.45,,,,,,,,,973.5844356685516,0.020124611797498106,,,,,,,,0.9999999999999997,0.7492991500419279,,1,503,1,exact,0.07484376303829134,1284,,,,,,0.00012308299847063608,1f14a9029aa9dfa5159c65f63dd543c83b7ee52f
dv3-B-thomas-360307,3,B,thomas,360307,36,,307,3:2:1:360307,,test,27,500.0,0.5135661393936054,0.45,,,,,,,,,973.5844356685516,0.020124611797498106,,,,,,,,0.9999999999999997,0.7492991500419279,,1,502,1,exact,0.07484376303829134,1300,,,,,,0.00012312499893596396,6ddd7c513dc8c14a35128c7509555c0a4fe33ccb
dv3-B-thomas-360308,3,B,thomas,360308,36,,308,3:2:1:360308,,test,27,500.0,0.5135661393936054,0.45,,,,,,,,,973.5844356685516,0.020124611797498106,,,,,,,,0.9999999999999997,0.7492991500419279,,1,499,1,exact,0.07484376303829134,1277,,,,,,0.00012304199844948016,a7b1591a40d0b1fc9f57ad69e9309162fed4f406
dv3-B-thomas-360309,3,B,thomas,360309,36,,309,3:2:1:360309,,test,27,500.0,0.5135661393936054,0.45,,,,,,,,,973.5844356685516,0.020124611797498106,,,,,,,,0.9999999999999997,0.7492991500419279,,1,489,1,exact,0.07484376303829134,1235,,,,,,0.00011900000026798807,a607e39b2ec919e4b65135267d5420da7472aae6
dv3-B-thomas-360310,3,B,thomas,360310,36,,310,3:2:1:360310,,test,27,500.0,0.5135661393936054,0.45,,,,,,,,,973.5844356685516,0.020124611797498106,,,,,,,,0.9999999999999997,0.7492991500419279,,1,511,1,exact,0.07484376303829134,1298,,,,,,0.00011933399946428835,2f7ca08a01d14370632d6440ed29d764f29c8363
dv3-B-thomas-360311,3,B,thomas,360311,36,,311,3:2:1:360311,,test,27,500.0,0.5135661393936054,0.45,,,,,,,,,973.5844356685516,0.020124611797498106,,,,,,,,0.9999999999999997,0.7492991500419279,,1,554,1,exact,0.07484376303829134,1281,,,,,,0.00012133400014135987,1d2f9b2259604b8076ff050028bcc996b77524be
dv3-B-thomas-360312,3,B,thomas,360312,36,,312,3:2:1:360312,,test,27,500.0,0.5135661393936054,0.45,,,,,,,,,973.5844356685516,0.020124611797498106,,,,,,,,0.9999999999999997,0.7492991500419279,,1,552,1,exact,0.07484376303829134,1337,,,,,,0.0001242079997609835,dc51be0d62fbeef882ec0d1440ba870251444d28
dv3-B-thomas-360313,3,B,thomas,360313,36,,313,3:2:1:360313,,test,27,500.0,0.5135661393936054,0.45,,,,,,,,,973.5844356685516,0.020124611797498106,,,,,,,,0.9999999999999997,0.7492991500419279,,1,502,1,exact,0.07484376303829134,1290,,,,,,0.00011920799806830473,49f66f8f3d40eeb0472521012ae2a7c9a1ce183e
dv3-B-thomas-360314,3,B,thomas,360314,36,,314,3:2:1:360314,,test,27,500.0,0.5135661393936054,0.45,,,,,,,,,973.5844356685516,0.020124611797498106,,,,,,,,0.9999999999999997,0.7492991500419279,,1,548,1,exact,0.07484376303829134,1336,,,,,,0.00012112500189687125,3b139da24f397bc52785cf97f661e9271b4d46ba
dv3-B-thomas-360315,3,B,thomas,360315,36,,315,3:2:1:360315,,test,27,500.0,0.5135661393936054,0.45,,,,,,,,,973.5844356685516,0.020124611797498106,,,,,,,,0.9999999999999997,0.7492991500419279,,1,537,1,exact,0.07484376303829134,1319,,,,,,0.00012054200124111958,39450faf42658fd192c5d657e80367a38aac70cc
dv3-B-thomas-360316,3,B,thomas,360316,36,,316,3:2:1:360316,,test,27,500.0,0.5135661393936054,0.45,,,,,,,,,973.5844356685516,0.020124611797498106,,,,,,,,0.9999999999999997,0.7492991500419279,,1,528,1,exact,0.07484376303829134,1298,,,,,,0.00012016699838568456,090540f2143a0813fe6cc64f80e023223bf64f4e
dv3-B-thomas-360317,3,B,thomas,360317,36,,317,3:2:1:360317,,test,27,500.0,0.5135661393936054,0.45,,,,,,,,,973.5844356685516,0.020124611797498106,,,,,,,,0.9999999999999997,0.7492991500419279,,1,536,1,exact,0.07484376303829134,1279,,,,,,0.00012162500206613913,7d2afacfc16c5afddf2bdddeccdcbd1b7ad9bed0
dv3-B-thomas-360318,3,B,thomas,360318,36,,318,3:2:1:360318,,test,27,500.0,0.5135661393936054,0.45,,,,,,,,,973.5844356685516,0.020124611797498106,,,,,,,,0.9999999999999997,0.7492991500419279,,1,511,1,exact,0.07484376303829134,1287,,,,,,0.0001205000007757917,21996e4aff7c3facf1f902311820ae025f0acc38
dv3-B-thomas-360319,3,B,thomas,360319,36,,319,3:2:1:360319,,test,27,500.0,0.5135661393936054,0.45,,,,,,,,,973.5844356685516,0.020124611797498106,,,,,,,,0.9999999999999997,0.7492991500419279,,1,470,1,exact,0.07484376303829134,1261,,,,,,0.00012387500100885518,26474ff58412584601fb55581eee8a0b35597361
dv3-B-thomas-360320,3,B,thomas,360320,36,,320,3:2:1:360320,,test,27,500.0,0.5135661393936054,0.45,,,,,,,,,973.5844356685516,0.020124611797498106,,,,,,,,0.9999999999999997,0.7492991500419279,,1,510,1,exact,0.07484376303829134,1295,,,,,,0.00011833299868158065,7779c4a125fa11654c9269beeb14bc0b1d301107
dv3-B-thomas-360321,3,B,thomas,360321,36,,321,3:2:1:360321,,test,27,500.0,0.5135661393936054,0.45,,,,,,,,,973.5844356685516,0.020124611797498106,,,,,,,,0.9999999999999997,0.7492991500419279,,1,543,1,exact,0.07484376303829134,1311,,,,,,0.00012150000111432746,b47677444a29c28fe15b1b5c34250c87ebf43ff1
dv3-B-thomas-360322,3,B,thomas,360322,36,,322,3:2:1:360322,,test,27,500.0,0.5135661393936054,0.45,,,,,,,,,973.5844356685516,0.020124611797498106,,,,,,,,0.9999999999999997,0.7492991500419279,,1,478,1,exact,0.07484376303829134,1234,,,,,,0.0009232500015059486,0e96c02535538462651eea4c4d4c16f4ebca4e26
dv3-B-thomas-360323,3,B,thomas,360323,36,,323,3:2:1:360323,,test,27,500.0,0.5135661393936054,0.45,,,,,,,,,973.5844356685516,0.020124611797498106,,,,,,,,0.9999999999999997,0.7492991500419279,,1,523,1,exact,0.07484376303829134,1331,,,,,,0.0003040000010514632,f2129f5798ee426b92e203956054e13a90c6364f
dv3-B-thomas-360324,3,B,thomas,360324,36,,324,3:2:1:360324,,test,27,500.0,0.5135661393936054,0.45,,,,,,,,,973.5844356685516,0.020124611797498106,,,,,,,,0.9999999999999997,0.7492991500419279,,1,498,1,exact,0.07484376303829134,1274,,,,,,0.00022399999943445437,77cb6d5c153abac5e0eed19c7e5057f5a037b7b6
dv3-B-thomas-360325,3,B,thomas,360325,36,,325,3:2:1:360325,,test,27,500.0,0.5135661393936054,0.45,,,,,,,,,973.5844356685516,0.020124611797498106,,,,,,,,0.9999999999999997,0.7492991500419279,,1,515,1,exact,0.07484376303829134,1259,,,,,,0.0002112910005962476,c28dc17decd0a4affdd8bfbc063e02ff273c9bdb
dv3-B-thomas-360326,3,B,thomas,360326,36,,326,3:2:1:360326,,test,27,500.0,0.5135661393936054,0.45,,,,,,,,,973.5844356685516,0.020124611797498106,,,,,,,,0.9999999999999997,0.7492991500419279,,1,479,1,exact,0.07484376303829134,1317,,,,,,0.0002119169985235203,fb0e2e1632a2fce602b573727623f4f0e3167733
dv3-B-thomas-360327,3,B,thomas,360327,36,,327,3:2:1:360327,,test,27,500.0,0.5135661393936054,0.45,,,,,,,,,973.5844356685516,0.020124611797498106,,,,,,,,0.9999999999999997,0.7492991500419279,,1,492,1,exact,0.07484376303829134,1244,,,,,,0.00020808300178032368,6007afc61724665c436fca06a6544653acc9ecca
dv3-B-thomas-360328,3,B,thomas,360328,36,,328,3:2:1:360328,,test,27,500.0,0.5135661393936054,0.45,,,,,,,,,973.5844356685516,0.020124611797498106,,,,,,,,0.9999999999999997,0.7492991500419279,,1,546,1,exact,0.07484376303829134,1394,,,,,,0.00022454099962487817,32e6b67e4ca727731bd6bfd756b0d1e84acf639a
dv3-B-thomas-360329,3,B,thomas,360329,36,,329,3:2:1:360329,,test,27,500.0,0.5135661393936054,0.45,,,,,,,,,973.5844356685516,0.020124611797498106,,,,,,,,0.9999999999999997,0.7492991500419279,,1,503,1,exact,0.07484376303829134,1258,,,,,,0.00020908299848088063,09a3aae588f3434f4d4e31702b970711b03ee5ce
dv3-B-thomas-360330,3,B,thomas,360330,36,,330,3:2:1:360330,,test,27,500.0,0.5135661393936054,0.45,,,,,,,,,973.5844356685516,0.020124611797498106,,,,,,,,0.9999999999999997,0.7492991500419279,,1,520,1,exact,0.07484376303829134,1351,,,,,,0.000212875002034707,550cca08bcbc80c57c3f2134de462efd94db1144
dv3-B-thomas-360331,3,B,thomas,360331,36,,331,3:2:1:360331,,test,27,500.0,0.5135661393936054,0.45,,,,,,,,,973.5844356685516,0.020124611797498106,,,,,,,,0.9999999999999997,0.7492991500419279,,1,523,1,exact,0.07484376303829134,1353,,,,,,0.00021004099835408852,ab4afdb1c3927b8b2d8be53d54c73b4afaa3655b
dv3-B-thomas-360332,3,B,thomas,360332,36,,332,3:2:1:360332,,test,27,500.0,0.5135661393936054,0.45,,,,,,,,,973.5844356685516,0.020124611797498106,,,,,,,,0.9999999999999997,0.7492991500419279,,1,542,1,exact,0.07484376303829134,1307,,,,,,0.0002096659991366323,72893ab8a6600276470e89df4dbf7e687764392b
dv3-B-thomas-360333,3,B,thomas,360333,36,,333,3:2:1:360333,,test,27,500.0,0.5135661393936054,0.45,,,,,,,,,973.5844356685516,0.020124611797498106,,,,,,,,0.9999999999999997,0.7492991500419279,,1,504,1,exact,0.07484376303829134,1330,,,,,,0.00021212499996181577,bda6cb1bb9612aaf45bf2f90c1e8983c47ccf701
dv3-B-thomas-360334,3,B,thomas,360334,36,,334,3:2:1:360334,,test,27,500.0,0.5135661393936054,0.45,,,,,,,,,973.5844356685516,0.020124611797498106,,,,,,,,0.9999999999999997,0.7492991500419279,,1,512,1,exact,0.07484376303829134,1254,,,,,,0.000207500001124572,6edbe70d355c38fa981eeecf1f4aa35869e832eb
dv3-B-thomas-360335,3,B,thomas,360335,36,,335,3:2:1:360335,,test,27,500.0,0.5135661393936054,0.45,,,,,,,,,973.5844356685516,0.020124611797498106,,,,,,,,0.9999999999999997,0.7492991500419279,,1,456,1,exact,0.07484376303829134,1270,,,,,,0.0002013750017795246,ed499e08519e118bde5301fc5a294b9663db839e
dv3-B-thomas-360336,3,B,thomas,360336,36,,336,3:2:1:360336,,test,27,500.0,0.5135661393936054,0.45,,,,,,,,,973.5844356685516,0.020124611797498106,,,,,,,,0.9999999999999997,0.7492991500419279,,1,474,1,exact,0.07484376303829134,1299,,,,,,0.00020762499843840487,2f08bb2bbfeef3781abacdb77fdfaf9eb5e85a89
dv3-B-thomas-360337,3,B,thomas,360337,36,,337,3:2:1:360337,,test,27,500.0,0.5135661393936054,0.45,,,,,,,,,973.5844356685516,0.020124611797498106,,,,,,,,0.9999999999999997,0.7492991500419279,,1,512,1,exact,0.07484376303829134,1255,,,,,,0.00020679199951700866,894c38165d5945cc1416b4a5724800010ca941b4
dv3-B-thomas-360338,3,B,thomas,360338,36,,338,3:2:1:360338,,test,27,500.0,0.5135661393936054,0.45,,,,,,,,,973.5844356685516,0.020124611797498106,,,,,,,,0.9999999999999997,0.7492991500419279,,1,474,1,exact,0.07484376303829134,1227,,,,,,0.00020020900046802126,3bc7b605cd3831bd7459a149661356840319c99b
dv3-B-thomas-360339,3,B,thomas,360339,36,,339,3:2:1:360339,,test,27,500.0,0.5135661393936054,0.45,,,,,,,,,973.5844356685516,0.020124611797498106,,,,,,,,0.9999999999999997,0.7492991500419279,,1,548,1,exact,0.07484376303829134,1360,,,,,,0.00021491699953912757,3e71e7a5b0756614f7ae6e1bd3f691e8220cb3a7
dv3-B-thomas-360340,3,B,thomas,360340,36,,340,3:2:1:360340,,test,27,500.0,0.5135661393936054,0.45,,,,,,,,,973.5844356685516,0.020124611797498106,,,,,,,,0.9999999999999997,0.7492991500419279,,1,525,1,exact,0.07484376303829134,1229,,,,,,0.00020416599727468565,f69ec54819085add3034dc103364f8daaddb0259
dv3-B-thomas-360341,3,B,thomas,360341,36,,341,3:2:1:360341,,test,27,500.0,0.5135661393936054,0.45,,,,,,,,,973.5844356685516,0.020124611797498106,,,,,,,,0.9999999999999997,0.7492991500419279,,1,548,1,exact,0.07484376303829134,1336,,,,,,0.0002124579987139441,57612ddd6848bb4bd44c83457081226195443f40
dv3-B-thomas-360342,3,B,thomas,360342,36,,342,3:2:1:360342,,test,27,500.0,0.5135661393936054,0.45,,,,,,,,,973.5844356685516,0.020124611797498106,,,,,,,,0.9999999999999997,0.7492991500419279,,1,491,1,exact,0.07484376303829134,1322,,,,,,0.00020979100008844398,a5fb7e51a02c5cd40ccf3cb111edc444d776c302
dv3-B-thomas-360343,3,B,thomas,360343,36,,343,3:2:1:360343,,test,27,500.0,0.5135661393936054,0.45,,,,,,,,,973.5844356685516,0.020124611797498106,,,,,,,,0.9999999999999997,0.7492991500419279,,1,499,1,exact,0.07484376303829134,1319,,,,,,0.000206666998565197,50f3d89e0494167a3a3320a2c6dd4d6a05d7dc78
dv3-B-thomas-360344,3,B,thomas,360344,36,,344,3:2:1:360344,,test,27,500.0,0.5135661393936054,0.45,,,,,,,,,973.5844356685516,0.020124611797498106,,,,,,,,0.9999999999999997,0.7492991500419279,,1,494,1,exact,0.07484376303829134,1301,,,,,,0.0002123340018442832,146c0b2fc13b901c6f365465481403fe35e97308
dv3-B-thomas-360345,3,B,thomas,360345,36,,345,3:2:1:360345,,test,27,500.0,0.5135661393936054,0.45,,,,,,,,,973.5844356685516,0.020124611797498106,,,,,,,,0.9999999999999997,0.7492991500419279,,1,553,1,exact,0.07484376303829134,1307,,,,,,0.00020945800133631565,f027ff61be4a381a0b6b39e4aa9862bb6c73af16
dv3-B-thomas-360346,3,B,thomas,360346,36,,346,3:2:1:360346,,test,27,500.0,0.5135661393936054,0.45,,,,,,,,,973.5844356685516,0.020124611797498106,,,,,,,,0.9999999999999997,0.7492991500419279,,1,509,1,exact,0.07484376303829134,1304,,,,,,0.00020695799685199745,e6959e038f9cb2db62698a54a844aa758a6c45a4
dv3-B-thomas-360347,3,B,thomas,360347,36,,347,3:2:1:360347,,test,27,500.0,0.5135661393936054,0.45,,,,,,,,,973.5844356685516,0.020124611797498106,,,,,,,,0.9999999999999997,0.7492991500419279,,1,509,1,exact,0.07484376303829134,1245,,,,,,0.00020808400222449563,0f7d3242d34b7848a953737a9ded468e0a1cbaf9
dv3-B-thomas-360348,3,B,thomas,360348,36,,348,3:2:1:360348,,test,27,500.0,0.5135661393936054,0.45,,,,,,,,,973.5844356685516,0.020124611797498106,,,,,,,,0.9999999999999997,0.7492991500419279,,1,481,1,exact,0.07484376303829134,1255,,,,,,0.00021979099983582273,99ff8d6eeba14b44c491b8242c0cbf5cba20355b
dv3-B-thomas-360349,3,B,thomas,360349,36,,349,3:2:1:360349,,test,27,500.0,0.5135661393936054,0.45,,,,,,,,,973.5844356685516,0.020124611797498106,,,,,,,,0.9999999999999997,0.7492991500419279,,1,484,1,exact,0.07484376303829134,1250,,,,,,0.00021262500013108365,50d574b692d7c2b2d27a752da7f138c3de3c8b34
dv3-B-thomas-360350,3,B,thomas,360350,36,,350,3:2:1:360350,,test,27,500.0,0.5135661393936054,0.45,,,,,,,,,973.5844356685516,0.020124611797498106,,,,,,,,0.9999999999999997,0.7492991500419279,,1,486,1,exact,0.07484376303829134,1327,,,,,,0.00022699999681208283,59836d52805d5fb411441838bacadf4b4ef99b09
dv3-B-thomas-360351,3,B,thomas,360351,36,,351,3:2:1:360351,,test,27,500.0,0.5135661393936054,0.45,,,,,,,,,973.5844356685516,0.020124611797498106,,,,,,,,0.9999999999999997,0.7492991500419279,,1,490,1,exact,0.07484376303829134,1252,,,,,,0.00021695900068152696,04aec9a5d1a6090153910e5a8f9bcf6c8bb48cd6
dv3-B-thomas-360352,3,B,thomas,360352,36,,352,3:2:1:360352,,test,27,500.0,0.5135661393936054,0.45,,,,,,,,,973.5844356685516,0.020124611797498106,,,,,,,,0.9999999999999997,0.7492991500419279,,1,490,1,exact,0.07484376303829134,1314,,,,,,0.000207124998269137,425f0647de406ed506da791bb1de74caec8f1336
dv3-B-thomas-360353,3,B,thomas,360353,36,,353,3:2:1:360353,,test,27,500.0,0.5135661393936054,0.45,,,,,,,,,973.5844356685516,0.020124611797498106,,,,,,,,0.9999999999999997,0.7492991500419279,,1,476,1,exact,0.07484376303829134,1301,,,,,,0.00020729199968627654,b1c60030a3285a0186724818bb0d47d4aaf19b9b
dv3-B-thomas-360354,3,B,thomas,360354,36,,354,3:2:1:360354,,test,27,500.0,0.5135661393936054,0.45,,,,,,,,,973.5844356685516,0.020124611797498106,,,,,,,,0.9999999999999997,0.7492991500419279,,1,468,1,exact,0.07484376303829134,1226,,,,,,0.0003023749995918479,fe4b583e9ee77b24ce53bffa75859f862d307cb7
dv3-B-thomas-360355,3,B,thomas,360355,36,,355,3:2:1:360355,,test,27,500.0,0.5135661393936054,0.45,,,,,,,,,973.5844356685516,0.020124611797498106,,,,,,,,0.9999999999999997,0.7492991500419279,,1,534,1,exact,0.07484376303829134,1287,,,,,,0.0002715419977903366,cabd2c07ba28188620cc1908cc346d238b8d59f8
dv3-B-thomas-360356,3,B,thomas,360356,36,,356,3:2:1:360356,,test,27,500.0,0.5135661393936054,0.45,,,,,,,,,973.5844356685516,0.020124611797498106,,,,,,,,0.9999999999999997,0.7492991500419279,,1,476,1,exact,0.07484376303829134,1284,,,,,,0.00022570799774257466,49775c89099dd848fee751cb948da70de54c1ce6
dv3-B-thomas-360357,3,B,thomas,360357,36,,357,3:2:1:360357,,test,27,500.0,0.5135661393936054,0.45,,,,,,,,,973.5844356685516,0.020124611797498106,,,,,,,,0.9999999999999997,0.7492991500419279,,1,527,1,exact,0.07484376303829134,1313,,,,,,0.00022083299700170755,2029aa4fa045d6e0034c240130faa9cbd8c4155d
dv3-B-thomas-360358,3,B,thomas,360358,36,,358,3:2:1:360358,,test,27,500.0,0.5135661393936054,0.45,,,,,,,,,973.5844356685516,0.020124611797498106,,,,,,,,0.9999999999999997,0.7492991500419279,,1,427,1,exact,0.07484376303829134,1238,,,,,,0.00020995799786760472,b03bd7bf194271f36c4d29f7e97d77ba3419f4a8
dv3-B-thomas-360359,3,B,thomas,360359,36,,359,3:2:1:360359,,test,27,500.0,0.5135661393936054,0.45,,,,,,,,,973.5844356685516,0.020124611797498106,,,,,,,,0.9999999999999997,0.7492991500419279,,1,533,1,exact,0.07484376303829134,1316,,,,,,0.00021233300140011124,53839f76461e51422320960e59935bb3c65a677b
dv3-B-thomas-360360,3,B,thomas,360360,36,,360,3:2:1:360360,,test,27,500.0,0.5135661393936054,0.45,,,,,,,,,973.5844356685516,0.020124611797498106,,,,,,,,0.9999999999999997,0.7492991500419279,,1,475,1,exact,0.07484376303829134,1236,,,,,,0.0002054169999610167,61608761f4014a6275a1a315d5099fe294ccd99a
dv3-B-thomas-360361,3,B,thomas,360361,36,,361,3:2:1:360361,,test,27,500.0,0.5135661393936054,0.45,,,,,,,,,973.5844356685516,0.020124611797498106,,,,,,,,0.9999999999999997,0.7492991500419279,,1,511,1,exact,0.07484376303829134,1250,,,,,,0.00020620799841708504,08a31c2c570401ed1e59b9e7ef62b8e74c410c2d
dv3-B-thomas-360362,3,B,thomas,360362,36,,362,3:2:1:360362,,test,27,500.0,0.5135661393936054,0.45,,,,,,,,,973.5844356685516,0.020124611797498106,,,,,,,,0.9999999999999997,0.7492991500419279,,1,531,1,exact,0.07484376303829134,1258,,,,,,0.0001969580007425975,4f9d913875bccadbf4a9a1b86c1c25ef1272e1be
dv3-B-thomas-360363,3,B,thomas,360363,36,,363,3:2:1:360363,,test,27,500.0,0.5135661393936054,0.45,,,,,,,,,973.5844356685516,0.020124611797498106,,,,,,,,0.9999999999999997,0.7492991500419279,,1,520,1,exact,0.07484376303829134,1262,,,,,,0.00013541700172936544,718b8846763d2b4d7a40b16a14b9fa7e9ecdd308
dv3-B-thomas-360364,3,B,thomas,360364,36,,364,3:2:1:360364,,test,27,500.0,0.5135661393936054,0.45,,,,,,,,,973.5844356685516,0.020124611797498106,,,,,,,,0.9999999999999997,0.7492991500419279,,1,499,1,exact,0.07484376303829134,1292,,,,,,0.00012254100147401914,71343dd467b2ded7311ad0f815e73457699c2380
dv3-B-thomas-360365,3,B,thomas,360365,36,,365,3:2:1:360365,,test,27,500.0,0.5135661393936054,0.45,,,,,,,,,973.5844356685516,0.020124611797498106,,,,,,,,0.9999999999999997,0.7492991500419279,,1,500,1,exact,0.07484376303829134,1295,,,,,,0.00012074999904143624,c730dcd23eccf0312fdc6b54acec0e253919918e
dv3-B-thomas-360366,3,B,thomas,360366,36,,366,3:2:1:360366,,test,27,500.0,0.5135661393936054,0.45,,,,,,,,,973.5844356685516,0.020124611797498106,,,,,,,,0.9999999999999997,0.7492991500419279,,1,498,1,exact,0.07484376303829134,1271,,,,,,0.00011900000026798807,8e9c97bb9be3f7e9ffc3da842d59806c11dd713e
dv3-B-thomas-360367,3,B,thomas,360367,36,,367,3:2:1:360367,,test,27,500.0,0.5135661393936054,0.45,,,,,,,,,973.5844356685516,0.020124611797498106,,,,,,,,0.9999999999999997,0.7492991500419279,,1,450,1,exact,0.07484376303829134,1259,,,,,,0.00011541699859662913,0b9c74c2ed014b7615eadbed59b1bd004ec89423
dv3-B-thomas-360368,3,B,thomas,360368,36,,368,3:2:1:360368,,test,27,500.0,0.5135661393936054,0.45,,,,,,,,,973.5844356685516,0.020124611797498106,,,,,,,,0.9999999999999997,0.7492991500419279,,1,474,1,exact,0.07484376303829134,1271,,,,,,0.00011658299990813248,ceff012440482aa139277bb1da5e8b1031a2039f
dv3-B-thomas-360369,3,B,thomas,360369,36,,369,3:2:1:360369,,test,27,500.0,0.5135661393936054,0.45,,,,,,,,,973.5844356685516,0.020124611797498106,,,,,,,,0.9999999999999997,0.7492991500419279,,1,484,1,exact,0.07484376303829134,1254,,,,,,0.00011550000272109173,dbee8a29c9a477302581d675e1288f9c5f50dfad
dv3-B-thomas-360370,3,B,thomas,360370,36,,370,3:2:1:360370,,test,27,500.0,0.5135661393936054,0.45,,,,,,,,,973.5844356685516,0.020124611797498106,,,,,,,,0.9999999999999997,0.7492991500419279,,1,493,1,exact,0.07484376303829134,1272,,,,,,0.00011545799861778505,3f6bda5b1b51a7a0c205fdc29193dca5152cef84
dv3-B-thomas-360371,3,B,thomas,360371,36,,371,3:2:1:360371,,test,27,500.0,0.5135661393936054,0.45,,,,,,,,,973.5844356685516,0.020124611797498106,,,,,,,,0.9999999999999997,0.7492991500419279,,1,457,1,exact,0.07484376303829134,1292,,,,,,0.00011758400069084018,c45d1b30062c4ec82949f35fd6da18fe6a8dd2a7
dv3-B-thomas-360372,3,B,thomas,360372,36,,372,3:2:1:360372,,test,27,500.0,0.5135661393936054,0.45,,,,,,,,,973.5844356685516,0.020124611797498106,,,,,,,,0.9999999999999997,0.7492991500419279,,1,510,1,exact,0.07484376303829134,1296,,,,,,0.00011704099961207248,bcad20908ea0695ff8e547e418ff5cfc10f0374b
dv3-B-thomas-360373,3,B,thomas,360373,36,,373,3:2:1:360373,,test,27,500.0,0.5135661393936054,0.45,,,,,,,,,973.5844356685516,0.020124611797498106,,,,,,,,0.9999999999999997,0.7492991500419279,,1,542,1,exact,0.07484376303829134,1326,,,,,,0.00012333399718045257,4a48bac0586038a4ec5860e1730a84aa76678951
dv3-B-thomas-360374,3,B,thomas,360374,36,,374,3:2:1:360374,,test,27,500.0,0.5135661393936054,0.45,,,,,,,,,973.5844356685516,0.020124611797498106,,,,,,,,0.9999999999999997,0.7492991500419279,,1,492,1,exact,0.07484376303829134,1305,,,,,,0.00011691699910443276,6aa39536208299f0947c60659952cbc5ae9bbecb
dv3-B-thomas-360375,3,B,thomas,360375,36,,375,3:2:1:360375,,test,27,500.0,0.5135661393936054,0.45,,,,,,,,,973.5844356685516,0.020124611797498106,,,,,,,,0.9999999999999997,0.7492991500419279,,1,513,1,exact,0.07484376303829134,1266,,,,,,0.00011529199764481746,ea9ddaa1a476bc9c5f3b4aeb70f0cda1a7fba4ab
dv3-B-thomas-360376,3,B,thomas,360376,36,,376,3:2:1:360376,,test,27,500.0,0.5135661393936054,0.45,,,,,,,,,973.5844356685516,0.020124611797498106,,,,,,,,0.9999999999999997,0.7492991500419279,,1,487,1,exact,0.07484376303829134,1326,,,,,,0.00011683299817377701,ded33c032cc3a95886e68f65d9d5efc14b23c2fa
dv3-B-thomas-360377,3,B,thomas,360377,36,,377,3:2:1:360377,,test,27,500.0,0.5135661393936054,0.45,,,,,,,,,973.5844356685516,0.020124611797498106,,,,,,,,0.9999999999999997,0.7492991500419279,,1,486,1,exact,0.07484376303829134,1256,,,,,,0.00011533300130395219,8cfd610fff9690952e61e2591aa442a9a148baba
dv3-B-thomas-360378,3,B,thomas,360378,36,,378,3:2:1:360378,,test,27,500.0,0.5135661393936054,0.45,,,,,,,,,973.5844356685516,0.020124611797498106,,,,,,,,0.9999999999999997,0.7492991500419279,,1,483,1,exact,0.07484376303829134,1249,,,,,,0.00011850000009872019,904867b4574411e8dd914cbde71c233984d601f8
dv3-B-thomas-360379,3,B,thomas,360379,36,,379,3:2:1:360379,,test,27,500.0,0.5135661393936054,0.45,,,,,,,,,973.5844356685516,0.020124611797498106,,,,,,,,0.9999999999999997,0.7492991500419279,,1,496,1,exact,0.07484376303829134,1273,,,,,,0.0001177079975605011,b0be34e4abb0c61901ec39b7f8f79e9a2634471c
dv3-B-thomas-360380,3,B,thomas,360380,36,,380,3:2:1:360380,,test,27,500.0,0.5135661393936054,0.45,,,,,,,,,973.5844356685516,0.020124611797498106,,,,,,,,0.9999999999999997,0.7492991500419279,,1,459,1,exact,0.07484376303829134,1269,,,,,,0.00011516599988681264,1c48fc9a0ca85f82d4158b397e66338ede3a0992
dv3-B-thomas-360381,3,B,thomas,360381,36,,381,3:2:1:360381,,test,27,500.0,0.5135661393936054,0.45,,,,,,,,,973.5844356685516,0.020124611797498106,,,,,,,,0.9999999999999997,0.7492991500419279,,1,517,1,exact,0.07484376303829134,1317,,,,,,0.00012925000191899016,fc359e4f8e36130e25dc9301372baefc36d641e8
dv3-B-thomas-360382,3,B,thomas,360382,36,,382,3:2:1:360382,,test,27,500.0,0.5135661393936054,0.45,,,,,,,,,973.5844356685516,0.020124611797498106,,,,,,,,0.9999999999999997,0.7492991500419279,,1,521,1,exact,0.07484376303829134,1277,,,,,,0.00011783300215029158,7f3089deda1e6961e22cf5e312a47ed827a40eea
dv3-B-thomas-360383,3,B,thomas,360383,36,,383,3:2:1:360383,,test,27,500.0,0.5135661393936054,0.45,,,,,,,,,973.5844356685516,0.020124611797498106,,,,,,,,0.9999999999999997,0.7492991500419279,,1,497,1,exact,0.07484376303829134,1266,,,,,,0.00011670800085994415,7b27f4b8ff98663e9fad170ef5baaa79616b852c
dv3-B-thomas-360384,3,B,thomas,360384,36,,384,3:2:1:360384,,test,27,500.0,0.5135661393936054,0.45,,,,,,,,,973.5844356685516,0.020124611797498106,,,,,,,,0.9999999999999997,0.7492991500419279,,1,495,1,exact,0.07484376303829134,1257,,,,,,0.00011916699804714881,9f6e5a2331ec32d2b26fe2a915b18ca135d00262
dv3-B-thomas-360385,3,B,thomas,360385,36,,385,3:2:1:360385,,test,27,500.0,0.5135661393936054,0.45,,,,,,,,,973.5844356685516,0.020124611797498106,,,,,,,,0.9999999999999997,0.7492991500419279,,1,465,1,exact,0.07484376303829134,1279,,,,,,0.00011375000030966476,9334726c05c116ba63bd0f874204155d11fb19b6
dv3-B-thomas-360386,3,B,thomas,360386,36,,386,3:2:1:360386,,test,27,500.0,0.5135661393936054,0.45,,,,,,,,,973.5844356685516,0.020124611797498106,,,,,,,,0.9999999999999997,0.7492991500419279,,1,507,1,exact,0.07484376303829134,1308,,,,,,0.00012216700270073488,8f0f7a86da5b6e3a63cb23b062dc69a2a62b6cdc
dv3-B-thomas-360387,3,B,thomas,360387,36,,387,3:2:1:360387,,test,27,500.0,0.5135661393936054,0.45,,,,,,,,,973.5844356685516,0.020124611797498106,,,,,,,,0.9999999999999997,0.7492991500419279,,1,509,1,exact,0.07484376303829134,1250,,,,,,0.00011816699770861305,778e29ee9c4a4c3f290f55efa4e75816d915c27b
dv3-B-thomas-360388,3,B,thomas,360388,36,,388,3:2:1:360388,,test,27,500.0,0.5135661393936054,0.45,,,,,,,,,973.5844356685516,0.020124611797498106,,,,,,,,0.9999999999999997,0.7492991500419279,,1,477,1,exact,0.07484376303829134,1286,,,,,,0.00040958299723570235,5d53cc505ad649d44bd6520f533b7dca180f67f2
dv3-B-thomas-360389,3,B,thomas,360389,36,,389,3:2:1:360389,,test,27,500.0,0.5135661393936054,0.45,,,,,,,,,973.5844356685516,0.020124611797498106,,,,,,,,0.9999999999999997,0.7492991500419279,,1,452,1,exact,0.07484376303829134,1231,,,,,,0.00011908399756066501,d166b0d80b21faaf28c2698264ca5ff9d2bae59c
dv3-B-thomas-360390,3,B,thomas,360390,36,,390,3:2:1:360390,,test,27,500.0,0.5135661393936054,0.45,,,,,,,,,973.5844356685516,0.020124611797498106,,,,,,,,0.9999999999999997,0.7492991500419279,,1,503,1,exact,0.07484376303829134,1311,,,,,,0.00012237499686307274,e8d6cef63bfea6701c2006bcb6cd2f3b844e57c1
dv3-B-thomas-360391,3,B,thomas,360391,36,,391,3:2:1:360391,,test,27,500.0,0.5135661393936054,0.45,,,,,,,,,973.5844356685516,0.020124611797498106,,,,,,,,0.9999999999999997,0.7492991500419279,,1,505,1,exact,0.07484376303829134,1335,,,,,,0.00011925000217161141,9ffc1c67eeb1318798761b86895f516d532940f2
dv3-B-thomas-360392,3,B,thomas,360392,36,,392,3:2:1:360392,,test,27,500.0,0.5135661393936054,0.45,,,,,,,,,973.5844356685516,0.020124611797498106,,,,,,,,0.9999999999999997,0.7492991500419279,,1,543,1,exact,0.07484376303829134,1345,,,,,,0.00011262499901931733,562910534d643f4cb7d36777cd6e427d47ef92fa
dv3-B-thomas-360393,3,B,thomas,360393,36,,393,3:2:1:360393,,test,27,500.0,0.5135661393936054,0.45,,,,,,,,,973.5844356685516,0.020124611797498106,,,,,,,,0.9999999999999997,0.7492991500419279,,1,523,1,exact,0.07484376303829134,1293,,,,,,0.00011362499935785308,6c3e4b0b64821fcfecd01620b3a88e7f84d29d5b
dv3-B-thomas-360394,3,B,thomas,360394,36,,394,3:2:1:360394,,test,27,500.0,0.5135661393936054,0.45,,,,,,,,,973.5844356685516,0.020124611797498106,,,,,,,,0.9999999999999997,0.7492991500419279,,1,527,1,exact,0.07484376303829134,1283,,,,,,0.0001139169980888255,514b4849ea42aea66083a2eab11897b1f705b015
dv3-B-thomas-360395,3,B,thomas,360395,36,,395,3:2:1:360395,,test,27,500.0,0.5135661393936054,0.45,,,,,,,,,973.5844356685516,0.020124611797498106,,,,,,,,0.9999999999999997,0.7492991500419279,,1,539,1,exact,0.07484376303829134,1334,,,,,,0.00011449999874457717,9c6388e65143550bf885068272b2363d76120e16
dv3-B-thomas-360396,3,B,thomas,360396,36,,396,3:2:1:360396,,test,27,500.0,0.5135661393936054,0.45,,,,,,,,,973.5844356685516,0.020124611797498106,,,,,,,,0.9999999999999997,0.7492991500419279,,1,436,1,exact,0.07484376303829134,1195,,,,,,0.00010333300087950192,1770a12135891648de7d2f24f5093799d9757248
dv3-B-thomas-360397,3,B,thomas,360397,36,,397,3:2:1:360397,,test,27,500.0,0.5135661393936054,0.45,,,,,,,,,973.5844356685516,0.020124611797498106,,,,,,,,0.9999999999999997,0.7492991500419279,,1,483,1,exact,0.07484376303829134,1279,,,,,,0.00010820800162036903,efd353252d62a50ecf1850a64fbefb372d03d6ab
dv3-B-thomas-360398,3,B,thomas,360398,36,,398,3:2:1:360398,,test,27,500.0,0.5135661393936054,0.45,,,,,,,,,973.5844356685516,0.020124611797498106,,,,,,,,0.9999999999999997,0.7492991500419279,,1,519,1,exact,0.07484376303829134,1307,,,,,,0.00011137500041513704,f1948f5a778ccbe4c8b84ee0636880b5236448bc
dv3-B-thomas-360399,3,B,thomas,360399,36,,399,3:2:1:360399,,test,27,500.0,0.5135661393936054,0.45,,,,,,,,,973.5844356685516,0.020124611797498106,,,,,,,,0.9999999999999997,0.7492991500419279,,1,477,1,exact,0.07484376303829134,1271,,,,,,0.00010754200047813356,fdc5291847c07386e664e35cc6daec6cb2d15be7
dv3-B-thomas-370000,3,B,thomas,370000,37,,0,3:2:1:370000,,test,27,500.0,1.0548822289818651,0.45,,,,,,,,,473.9865610235772,0.020124611797498106,,,,,,,,1.9999999999999996,0.7492991500419279,,1,444,1,exact,0.07484376303829134,595,,,,,,9.10420021682512e-05,581496739b0be0b96d5d00a10e9684a95fbbe9e6
dv3-B-thomas-370001,3,B,thomas,370001,37,,1,3:2:1:370001,,test,27,500.0,1.0548822289818651,0.45,,,,,,,,,473.9865610235772,0.020124611797498106,,,,,,,,1.9999999999999996,0.7492991500419279,,1,505,1,exact,0.07484376303829134,623,,,,,,9.466599658480845e-05,80da1de700e5c99d9f3351eb080750b55dd0742a
dv3-B-thomas-370002,3,B,thomas,370002,37,,2,3:2:1:370002,,test,27,500.0,1.0548822289818651,0.45,,,,,,,,,473.9865610235772,0.020124611797498106,,,,,,,,1.9999999999999996,0.7492991500419279,,1,492,1,exact,0.07484376303829134,624,,,,,,9.349999891128391e-05,d5a408b31229a6723f518ad6e9957e019a617219
dv3-B-thomas-370003,3,B,thomas,370003,37,,3,3:2:1:370003,,test,27,500.0,1.0548822289818651,0.45,,,,,,,,,473.9865610235772,0.020124611797498106,,,,,,,,1.9999999999999996,0.7492991500419279,,1,553,1,exact,0.07484376303829134,637,,,,,,9.858300109044649e-05,7e5c02a84196f95fd3d4aa9211989b2b84701b54
dv3-B-thomas-370004,3,B,thomas,370004,37,,4,3:2:1:370004,,test,27,500.0,1.0548822289818651,0.45,,,,,,,,,473.9865610235772,0.020124611797498106,,,,,,,,1.9999999999999996,0.7492991500419279,,1,528,1,exact,0.07484376303829134,642,,,,,,9.574999785399996e-05,42b84e85753eef36cc0d5242397731863a686011
dv3-B-thomas-370005,3,B,thomas,370005,37,,5,3:2:1:370005,,test,27,500.0,1.0548822289818651,0.45,,,,,,,,,473.9865610235772,0.020124611797498106,,,,,,,,1.9999999999999996,0.7492991500419279,,1,603,1,exact,0.07484376303829134,693,,,,,,0.00010133300020243041,d1140fd12fd2ec307a88d2eee9501db86fa7ac8c
dv3-B-thomas-370006,3,B,thomas,370006,37,,6,3:2:1:370006,,test,27,500.0,1.0548822289818651,0.45,,,,,,,,,473.9865610235772,0.020124611797498106,,,,,,,,1.9999999999999996,0.7492991500419279,,1,471,1,exact,0.07484376303829134,625,,,,,,9.61660007305909e-05,b6c696ba61381c765e9e87e794b76a4145c311cd
dv3-B-thomas-370007,3,B,thomas,370007,37,,7,3:2:1:370007,,test,27,500.0,1.0548822289818651,0.45,,,,,,,,,473.9865610235772,0.020124611797498106,,,,,,,,1.9999999999999996,0.7492991500419279,,1,503,1,exact,0.07484376303829134,631,,,,,,9.974999920814298e-05,ee3947a8b1335608998687e4735d6fbf70d605a7
dv3-B-thomas-370008,3,B,thomas,370008,37,,8,3:2:1:370008,,test,27,500.0,1.0548822289818651,0.45,,,,,,,,,473.9865610235772,0.020124611797498106,,,,,,,,1.9999999999999996,0.7492991500419279,,1,558,1,exact,0.07484376303829134,662,,,,,,9.825000233831815e-05,040c1c8ef4a16e0e052f81fe4ddae1331419439e
dv3-B-thomas-370009,3,B,thomas,370009,37,,9,3:2:1:370009,,test,27,500.0,1.0548822289818651,0.45,,,,,,,,,473.9865610235772,0.020124611797498106,,,,,,,,1.9999999999999996,0.7492991500419279,,1,499,1,exact,0.07484376303829134,581,,,,,,9.283400140702724e-05,fa8617a51793ea093332767a40132d274e8da306
dv3-B-thomas-370010,3,B,thomas,370010,37,,10,3:2:1:370010,,test,27,500.0,1.0548822289818651,0.45,,,,,,,,,473.9865610235772,0.020124611797498106,,,,,,,,1.9999999999999996,0.7492991500419279,,1,558,1,exact,0.07484376303829134,644,,,,,,9.775000216905028e-05,a235351afca47bc21e1be22f46fb2bac67b3ae53
dv3-B-thomas-370011,3,B,thomas,370011,37,,11,3:2:1:370011,,test,27,500.0,1.0548822289818651,0.45,,,,,,,,,473.9865610235772,0.020124611797498106,,,,,,,,1.9999999999999996,0.7492991500419279,,1,501,1,exact,0.07484376303829134,632,,,,,,0.00010716699762269855,48419185640f0621385a5ce1d20f4b5e87e65f2d
dv3-B-thomas-370012,3,B,thomas,370012,37,,12,3:2:1:370012,,test,27,500.0,1.0548822289818651,0.45,,,,,,,,,473.9865610235772,0.020124611797498106,,,,,,,,1.9999999999999996,0.7492991500419279,,1,515,1,exact,0.07484376303829134,629,,,,,,9.804100045585074e-05,ea4d19281e8c0f1fbc50ee2b9960c434b07d8612
dv3-B-thomas-370013,3,B,thomas,370013,37,,13,3:2:1:370013,,test,27,500.0,1.0548822289818651,0.45,,,,,,,,,473.9865610235772,0.020124611797498106,,,,,,,,1.9999999999999996,0.7492991500419279,,1,476,1,exact,0.07484376303829134,637,,,,,,9.429099736735225e-05,b8c015274c14a74043672ecda488f8b6bf50c293
dv3-B-thomas-370014,3,B,thomas,370014,37,,14,3:2:1:370014,,test,27,500.0,1.0548822289818651,0.45,,,,,,,,,473.9865610235772,0.020124611797498106,,,,,,,,1.9999999999999996,0.7492991500419279,,1,523,1,exact,0.07484376303829134,651,,,,,,9.499999941908754e-05,77147d91bff6d86bd818d1dd28cc66e97cbb027c
dv3-B-thomas-370015,3,B,thomas,370015,37,,15,3:2:1:370015,,test,27,500.0,1.0548822289818651,0.45,,,,,,,,,473.9865610235772,0.020124611797498106,,,,,,,,1.9999999999999996,0.7492991500419279,,1,494,1,exact,0.07484376303829134,627,,,,,,9.745799980009906e-05,de06aa8cb175ce090afff77ce0f6abb03a5ce50d
dv3-B-thomas-370016,3,B,thomas,370016,37,,16,3:2:1:370016,,test,27,500.0,1.0548822289818651,0.45,,,,,,,,,473.9865610235772,0.020124611797498106,,,,,,,,1.9999999999999996,0.7492991500419279,,1,541,1,exact,0.07484376303829134,628,,,,,,9.404199954587966e-05,618276f1452c6191ca3c1e1365891af629b165fc
dv3-B-thomas-370017,3,B,thomas,370017,37,,17,3:2:1:370017,,test,27,500.0,1.0548822289818651,0.45,,,,,,,,,473.9865610235772,0.020124611797498106,,,,,,,,1.9999999999999996,0.7492991500419279,,1,518,1,exact,0.07484376303829134,654,,,,,,9.77080017037224e-05,02b8e7dad81cf787d219e6ece288649169db6cca
dv3-B-thomas-370018,3,B,thomas,370018,37,,18,3:2:1:370018,,test,27,500.0,1.0548822289818651,0.45,,,,,,,,,473.9865610235772,0.020124611797498106,,,,,,,,1.9999999999999996,0.7492991500419279,,1,500,1,exact,0.07484376303829134,646,,,,,,9.712500104797073e-05,8f99338280f7953bbc48daeafca4174663762a12
dv3-B-thomas-370019,3,B,thomas,370019,37,,19,3:2:1:370019,,test,27,500.0,1.0548822289818651,0.45,,,,,,,,,473.9865610235772,0.020124611797498106,,,,,,,,1.9999999999999996,0.7492991500419279,,1,459,1,exact,0.07484376303829134,610,,,,,,9.458299973630346e-05,474eca4c88f3aa1108a02522407a917b06c7c6a2
dv3-B-thomas-370020,3,B,thomas,370020,37,,20,3:2:1:370020,,test,27,500.0,1.0548822289818651,0.45,,,,,,,,,473.9865610235772,0.020124611797498106,,,,,,,,1.9999999999999996,0.7492991500419279,,1,495,1,exact,0.07484376303829134,621,,,,,,9.295799827668816e-05,7479e0f822fd35c8f391299d46fe04fc5766525b
dv3-B-thomas-370021,3,B,thomas,370021,37,,21,3:2:1:370021,,test,27,500.0,1.0548822289818651,0.45,,,,,,,,,473.9865610235772,0.020124611797498106,,,,,,,,1.9999999999999996,0.7492991500419279,,1,510,1,exact,0.07484376303829134,640,,,,,,9.970799874281511e-05,5e1e1469e221d8e80012bbefeca90af0fd692585
dv3-B-thomas-370022,3,B,thomas,370022,37,,22,3:2:1:370022,,test,27,500.0,1.0548822289818651,0.45,,,,,,,,,473.9865610235772,0.020124611797498106,,,,,,,,1.9999999999999996,0.7492991500419279,,1,501,1,exact,0.07484376303829134,614,,,,,,9.42919978115242e-05,88787fd7b0ad4613528aa5f57a00b687b6bce1f7
dv3-B-thomas-370023,3,B,thomas,370023,37,,23,3:2:1:370023,,test,27,500.0,1.0548822289818651,0.45,,,,,,,,,473.9865610235772,0.020124611797498106,,,,,,,,1.9999999999999996,0.7492991500419279,,1,475,1,exact,0.07484376303829134,622,,,,,,9.583300197846256e-05,141398a50685e147246f3c938dbc9550af6b345c
dv3-B-thomas-370024,3,B,thomas,370024,37,,24,3:2:1:370024,,test,27,500.0,1.0548822289818651,0.45,,,,,,,,,473.9865610235772,0.020124611797498106,,,,,,,,1.9999999999999996,0.7492991500419279,,1,489,1,exact,0.07484376303829134,638,,,,,,9.77080017037224e-05,ce92374231897f4b06fd45f46c35c193d8d4e3cf
dv3-B-thomas-370025,3,B,thomas,370025,37,,25,3:2:1:370025,,test,27,500.0,1.0548822289818651,0.45,,,,,,,,,473.9865610235772,0.020124611797498106,,,,,,,,1.9999999999999996,0.7492991500419279,,1,519,1,exact,0.07484376303829134,675,,,,,,9.779099855222739e-05,867e2654819ef715753b2e9610203bc43257beb5
dv3-B-thomas-370026,3,B,thomas,370026,37,,26,3:2:1:370026,,test,27,500.0,1.0548822289818651,0.45,,,,,,,,,473.9865610235772,0.020124611797498106,,,,,,,,1.9999999999999996,0.7492991500419279,,1,483,1,exact,0.07484376303829134,598,,,,,,9.199999840348028e-05,17ed53d415000f1a1bc43e5f474ce8454b872d49
dv3-B-thomas-370027,3,B,thomas,370027,37,,27,3:2:1:370027,,test,27,500.0,1.0548822289818651,0.45,,,,,,,,,473.9865610235772,0.020124611797498106,,,,,,,,1.9999999999999996,0.7492991500419279,,1,527,1,exact,0.07484376303829134,607,,,,,,9.245899855159223e-05,940764cc1dce2dbc8f68b0a4bbf68a1fa1d94b51
dv3-B-thomas-370028,3,B,thomas,370028,37,,28,3:2:1:370028,,test,27,500.0,1.0548822289818651,0.45,,,,,,,,,473.9865610235772,0.020124611797498106,,,,,,,,1.9999999999999996,0.7492991500419279,,1,544,1,exact,0.07484376303829134,672,,,,,,0.0001024999983201269,7faabce68bf5e375d74da6736b570b28d255d8e9
dv3-B-thomas-370029,3,B,thomas,370029,37,,29,3:2:1:370029,,test,27,500.0,1.0548822289818651,0.45,,,,,,,,,473.9865610235772,0.020124611797498106,,,,,,,,1.9999999999999996,0.7492991500419279,,1,465,1,exact,0.07484376303829134,610,,,,,,9.329199747298844e-05,5b92526cb94f68fa7bb8765fceb995a9308765d1
dv3-B-thomas-370030,3,B,thomas,370030,37,,30,3:2:1:370030,,test,27,500.0,1.0548822289818651,0.45,,,,,,,,,473.9865610235772,0.020124611797498106,,,,,,,,1.9999999999999996,0.7492991500419279,,1,511,1,exact,0.07484376303829134,628,,,,,,9.404199954587966e-05,6cabda8aa62620877c529eec34580e61f419cad9
dv3-B-thomas-370031,3,B,thomas,370031,37,,31,3:2:1:370031,,test,27,500.0,1.0548822289818651,0.45,,,,,,,,,473.9865610235772,0.020124611797498106,,,,,,,,1.9999999999999996,0.7492991500419279,,1,552,1,exact,0.07484376303829134,649,,,,,,0.00010383400149294175,794f6ac6a84d14a9de535f7d95b7874976aebc18
dv3-B-thomas-370032,3,B,thomas,370032,37,,32,3:2:1:370032,,test,27,500.0,1.0548822289818651,0.45,,,,,,,,,473.9865610235772,0.020124611797498106,,,,,,,,1.9999999999999996,0.7492991500419279,,1,541,1,exact,0.07484376303829134,616,,,,,,9.449999924981967e-05,6a023d5331068d0d4c36c2294735b4df235418f0
dv3-B-thomas-370033,3,B,thomas,370033,37,,33,3:2:1:370033,,test,27,500.0,1.0548822289818651,0.45,,,,,,,,,473.9865610235772,0.020124611797498106,,,,,,,,1.9999999999999996,0.7492991500419279,,1,538,1,exact,0.07484376303829134,639,,,,,,9.554100324749015e-05,239427b5e95add6cf2374f30f9e87910484b249f
dv3-B-thomas-370034,3,B,thomas,370034,37,,34,3:2:1:370034,,test,27,500.0,1.0548822289818651,0.45,,,,,,,,,473.9865610235772,0.020124611797498106,,,,,,,,1.9999999999999996,0.7492991500419279,,1,522,1,exact,0.07484376303829134,636,,,,,,0.00010266699973726645,4e09ead93fccf5c4500a58b08836a7f0f253f364
dv3-B-thomas-370035,3,B,thomas,370035,37,,35,3:2:1:370035,,test,27,500.0,1.0548822289818651,0.45,,,,,,,,,473.9865610235772,0.020124611797498106,,,,,,,,1.9999999999999996,0.7492991500419279,,1,543,1,exact,0.07484376303829134,665,,,,,,9.633299850975163e-05,308c6d35bf96c7682ad0a2eb9f3972e2d5bc3952
dv3-B-thomas-370036,3,B,thomas,370036,37,,36,3:2:1:370036,,test,27,500.0,1.0548822289818651,0.45,,,,,,,,,473.9865610235772,0.020124611797498106,,,,,,,,1.9999999999999996,0.7492991500419279,,1,468,1,exact,0.07484376303829134,620,,,,,,9.187500108964741e-05,8255b418fc3f9d70fe2a6c4e81d54a6a08ba59e7
dv3-B-thomas-370037,3,B,thomas,370037,37,,37,3:2:1:370037,,test,27,500.0,1.0548822289818651,0.45,,,,,,,,,473.9865610235772,0.020124611797498106,,,,,,,,1.9999999999999996,0.7492991500419279,,1,505,1,exact,0.07484376303829134,595,,,,,,9.708299694466405e-05,639f9d3e13fd6c6a4b0593924edb5b2f1de68e92
dv3-B-thomas-370038,3,B,thomas,370038,37,,38,3:2:1:370038,,test,27,500.0,1.0548822289818651,0.45,,,,,,,,,473.9865610235772,0.020124611797498106,,,,,,,,1.9999999999999996,0.7492991500419279,,1,552,1,exact,0.07484376303829134,642,,,,,,9.841599967330694e-05,57760cb4a3a9d7ed7f5f100e1c0f3ce659642c76
dv3-B-thomas-370039,3,B,thomas,370039,37,,39,3:2:1:370039,,test,27,500.0,1.0548822289818651,0.45,,,,,,,,,473.9865610235772,0.020124611797498106,,,,,,,,1.9999999999999996,0.7492991500419279,,1,539,1,exact,0.07484376303829134,643,,,,,,9.512500037089922e-05,6f000fa12c01e8759c4e4da3a6f2c79509486628
dv3-B-thomas-370040,3,B,thomas,370040,37,,40,3:2:1:370040,,test,27,500.0,1.0548822289818651,0.45,,,,,,,,,473.9865610235772,0.020124611797498106,,,,,,,,1.9999999999999996,0.7492991500419279,,1,538,1,exact,0.07484376303829134,672,,,,,,0.00010999999722116627,faf7aafbacbc97e296fa00f69c3d13565ea14fc9
dv3-B-thomas-370041,3,B,thomas,370041,37,,41,3:2:1:370041,,test,27,500.0,1.0548822289818651,0.45,,,,,,,,,473.9865610235772,0.020124611797498106,,,,,,,,1.9999999999999996,0.7492991500419279,,1,484,1,exact,0.07484376303829134,609,,,,,,9.175000013783574e-05,24e86011b88279aa617902fa0ed4211059b02cb6
dv3-B-thomas-370042,3,B,thomas,370042,37,,42,3:2:1:370042,,test,27,500.0,1.0548822289818651,0.45,,,,,,,,,473.9865610235772,0.020124611797498106,,,,,,,,1.9999999999999996,0.7492991500419279,,1,477,1,exact,0.07484376303829134,585,,,,,,9.533300180919468e-05,a44c29959f2b0dc0a0ee3a57efd3242a7f73b799
dv3-B-thomas-370043,3,B,thomas,370043,37,,43,3:2:1:370043,,test,27,500.0,1.0548822289818651,0.45,,,,,,,,,473.9865610235772,0.020124611797498106,,,,,,,,1.9999999999999996,0.7492991500419279,,1,548,1,exact,0.07484376303829134,675,,,,,,0.00010441699851071462,09d39193cff8fe5c190b180708f0b3a315c2a1c8
dv3-B-thomas-370044,3,B,thomas,370044,37,,44,3:2:1:370044,,test,27,500.0,1.0548822289818651,0.45,,,,,,,,,473.9865610235772,0.020124611797498106,,,,,,,,1.9999999999999996,0.7492991500419279,,1,503,1,exact,0.07484376303829134,642,,,,,,9.76250012172386e-05,7d471e02ee2d148348d995255cb98378e3303a04
dv3-B-thomas-370045,3,B,thomas,370045,37,,45,3:2:1:370045,,test,27,500.0,1.0548822289818651,0.45,,,,,,,,,473.9865610235772,0.020124611797498106,,,,,,,,1.9999999999999996,0.7492991500419279,,1,527,1,exact,0.07484376303829134,650,,,,,,9.679199865786359e-05,b90584ee23a0fe3bdb22a0c79dc055f8ea15755b
dv3-B-thomas-370046,3,B,thomas,370046,37,,46,3:2:1:370046,,test,27,500.0,1.0548822289818651,0.45,,,,,,,,,473.9865610235772,0.020124611797498106,,,,,,,,1.9999999999999996,0.7492991500419279,,1,532,1,exact,0.07484376303829134,600,,,,,,9.320899698650464e-05,1d2b8ae5a3f449bfca2cee00d7d78e2012125d77
dv3-B-thomas-370047,3,B,thomas,370047,37,,47,3:2:1:370047,,test,27,500.0,1.0548822289818651,0.45,,,,,,,,,473.9865610235772,0.020124611797498106,,,,,,,,1.9999999999999996,0.7492991500419279,,1,510,1,exact,0.07484376303829134,632,,,,,,9.804100045585074e-05,fcca9461ba084473bb8f63e95b3ecd7849ca49c5
dv3-B-thomas-370048,3,B,thomas,370048,37,,48,3:2:1:370048,,test,27,500.0,1.0548822289818651,0.45,,,,,,,,,473.9865610235772,0.020124611797498106,,,,,,,,1.9999999999999996,0.7492991500419279,,1,486,1,exact,0.07484376303829134,643,,,,,,9.94160000118427e-05,2956ba968eb17281e800962a5a13dcd8721b9a06
dv3-B-thomas-370049,3,B,thomas,370049,37,,49,3:2:1:370049,,test,27,500.0,1.0548822289818651,0.45,,,,,,,,,473.9865610235772,0.020124611797498106,,,,,,,,1.9999999999999996,0.7492991500419279,,1,509,1,exact,0.07484376303829134,614,,,,,,9.362499986309558e-05,22f4d3d681061e6d20dc8588d1eafeaefe9ebb81
dv3-B-thomas-370050,3,B,thomas,370050,37,,50,3:2:1:370050,,test,27,500.0,1.0548822289818651,0.45,,,,,,,,,473.9865610235772,0.020124611797498106,,,,,,,,1.9999999999999996,0.7492991500419279,,1,482,1,exact,0.07484376303829134,654,,,,,,0.0004298750027373899,2671461e51145a1cf5c491602309b876fdc314ac
dv3-B-thomas-370051,3,B,thomas,370051,37,,51,3:2:1:370051,,test,27,500.0,1.0548822289818651,0.45,,,,,,,,,473.9865610235772,0.020124611797498106,,,,,,,,1.9999999999999996,0.7492991500419279,,1,494,1,exact,0.07484376303829134,605,,,,,,0.00022762500157114118,7436c2608e942cb867ac6efffa7d69cee6175afc
dv3-B-thomas-370052,3,B,thomas,370052,37,,52,3:2:1:370052,,test,27,500.0,1.0548822289818651,0.45,,,,,,,,,473.9865610235772,0.020124611797498106,,,,,,,,1.9999999999999996,0.7492991500419279,,1,471,1,exact,0.07484376303829134,623,,,,,,0.0001831660010793712,4b7a4c48278ecc77529fe541e14481b9d7055420
dv3-B-thomas-370053,3,B,thomas,370053,37,,53,3:2:1:370053,,test,27,500.0,1.0548822289818651,0.45,,,,,,,,,473.9865610235772,0.020124611797498106,,,,,,,,1.9999999999999996,0.7492991500419279,,1,479,1,exact,0.07484376303829134,638,,,,,,0.00017754199870978482,1f52f9e23e8c5cd63fa3f19f722cdd802e407f6e
dv3-B-thomas-370054,3,B,thomas,370054,37,,54,3:2:1:370054,,test,27,500.0,1.0548822289818651,0.45,,,,,,,,,473.9865610235772,0.020124611797498106,,,,,,,,1.9999999999999996,0.7492991500419279,,1,499,1,exact,0.07484376303829134,625,,,,,,0.00017720799951348454,8671f36a77b20fd165f9a5b8b0403d11f0ca616d
dv3-B-thomas-370055,3,B,thomas,370055,37,,55,3:2:1:370055,,test,27,500.0,1.0548822289818651,0.45,,,,,,,,,473.9865610235772,0.020124611797498106,,,,,,,,1.9999999999999996,0.7492991500419279,,1,448,1,exact,0.07484376303829134,623,,,,,,0.0013914170012867544,21e5ba3f31fe084b1d2e5defebeb7e3471497608
dv3-B-thomas-370056,3,B,thomas,370056,37,,56,3:2:1:370056,,test,27,500.0,1.0548822289818651,0.45,,,,,,,,,473.9865610235772,0.020124611797498106,,,,,,,,1.9999999999999996,0.7492991500419279,,1,516,1,exact,0.07484376303829134,647,,,,,,0.00016104200039990246,e7b32add00aa5094053765b2db7b570cd15661b4
dv3-B-thomas-370057,3,B,thomas,370057,37,,57,3:2:1:370057,,test,27,500.0,1.0548822289818651,0.45,,,,,,,,,473.9865610235772,0.020124611797498106,,,,,,,,1.9999999999999996,0.7492991500419279,,1,461,1,exact,0.07484376303829134,622,,,,,,0.00012020799840684049,e3e4fd2574045ed88797d7e85f125966f5e65f20
dv3-B-thomas-370058,3,B,thomas,370058,37,,58,3:2:1:370058,,test,27,500.0,1.0548822289818651,0.45,,,,,,,,,473.9865610235772,0.020124611797498106,,,,,,,,1.9999999999999996,0.7492991500419279,,1,583,1,exact,0.07484376303829134,671,,,,,,0.0001144580019172281,5b77774adbb1dc6d1c20af389a20a244cbf33538
dv3-B-thomas-370059,3,B,thomas,370059,37,,59,3:2:1:370059,,test,27,500.0,1.0548822289818651,0.45,,,,,,,,,473.9865610235772,0.020124611797498106,,,,,,,,1.9999999999999996,0.7492991500419279,,1,535,1,exact,0.07484376303829134,648,,,,,,0.00010783299876493402,c2672ffeffda3be4508b96d024491921ebaa3df5
dv3-B-thomas-370060,3,B,thomas,370060,37,,60,3:2:1:370060,,test,27,500.0,1.0548822289818651,0.45,,,,,,,,,473.9865610235772,0.020124611797498106,,,,,,,,1.9999999999999996,0.7492991500419279,,1,493,1,exact,0.07484376303829134,594,,,,,,9.933300316333771e-05,4a7f22aea8b6f878bf0463e2ec0d718ee479c10f
dv3-B-thomas-370061,3,B,thomas,370061,37,,61,3:2:1:370061,,test,27,500.0,1.0548822289818651,0.45,,,,,,,,,473.9865610235772,0.020124611797498106,,,,,,,,1.9999999999999996,0.7492991500419279,,1,488,1,exact,0.07484376303829134,616,,,,,,9.912500172504224e-05,4762d3a8884a3711026ca004af10eedec420ad4b
dv3-B-thomas-370062,3,B,thomas,370062,37,,62,3:2:1:370062,,test,27,500.0,1.0548822289818651,0.45,,,,,,,,,473.9865610235772,0.020124611797498106,,,,,,,,1.9999999999999996,0.7492991500419279,,1,461,1,exact,0.07484376303829134,606,,,,,,9.691699960967526e-05,70beac1b7174dc362d223752be13b46ad9a83a22
dv3-B-thomas-370063,3,B,thomas,370063,37,,63,3:2:1:370063,,test,27,500.0,1.0548822289818651,0.45,,,,,,,,,473.9865610235772,0.020124611797498106,,,,,,,,1.9999999999999996,0.7492991500419279,,1,547,1,exact,0.07484376303829134,671,,,,,,0.00010570799713605084,a035dcae2d0b02ee2a184f39c33043cd8b5fb189
dv3-B-thomas-370064,3,B,thomas,370064,37,,64,3:2:1:370064,,test,27,500.0,1.0548822289818651,0.45,,,,,,,,,473.9865610235772,0.020124611797498106,,,,,,,,1.9999999999999996,0.7492991500419279,,1,512,1,exact,0.07484376303829134,605,,,,,,0.00010045900125987828,e44fc6c8ebb38451c9ba0980afd87c230c4de332
dv3-B-thomas-370065,3,B,thomas,370065,37,,65,3:2:1:370065,,test,27,500.0,1.0548822289818651,0.45,,,,,,,,,473.9865610235772,0.020124611797498106,,,,,,,,1.9999999999999996,0.7492991500419279,,1,481,1,exact,0.07484376303829134,598,,,,,,0.00010162499893340282,53e68db8fa6bece6a57ac8b0c15de778e99481c9
dv3-B-thomas-370066,3,B,thomas,370066,37,,66,3:2:1:370066,,test,27,500.0,1.0548822289818651,0.45,,,,,,,,,473.9865610235772,0.020124611797498106,,,,,,,,1.9999999999999996,0.7492991500419279,,1,493,1,exact,0.07484376303829134,600,,,,,,9.70840010268148e-05,f2f1c34cb6bc40aa91399538f35fd797ffafbf94
dv3-B-thomas-370067,3,B,thomas,370067,37,,67,3:2:1:370067,,test,27,500.0,1.0548822289818651,0.45,,,,,,,,,473.9865610235772,0.020124611797498106,,,,,,,,1.9999999999999996,0.7492991500419279,,1,527,1,exact,0.07484376303829134,614,,,,,,9.870800204225816e-05,53163038193fb6cc418eac0e250e2460f7835c14
dv3-B-thomas-370068,3,B,thomas,370068,37,,68,3:2:1:370068,,test,27,500.0,1.0548822289818651,0.45,,,,,,,,,473.9865610235772,0.020124611797498106,,,,,,,,1.9999999999999996,0.7492991500419279,,1,442,1,exact,0.07484376303829134,563,,,,,,9.724999836180359e-05,129dbdf93da01bac7da9958b75213be3f2efabb6
dv3-B-thomas-370069,3,B,thomas,370069,37,,69,3:2:1:370069,,test,27,500.0,1.0548822289818651,0.45,,,,,,,,,473.9865610235772,0.020124611797498106,,,,,,,,1.9999999999999996,0.7492991500419279,,1,505,1,exact,0.07484376303829134,618,,,,,,0.00010000000111176632,d8ebba7fb29322965630f6b61c3857a8bdff0b2d
dv3-B-thomas-370070,3,B,thomas,370070,37,,70,3:2:1:370070,,test,27,500.0,1.0548822289818651,0.45,,,,,,,,,473.9865610235772,0.020124611797498106,,,,,,,,1.9999999999999996,0.7492991500419279,,1,488,1,exact,0.07484376303829134,610,,,,,,0.0001004170007945504,140b13ffbe7a639c6c0846cf6950fc04e12a50c5
dv3-B-thomas-370071,3,B,thomas,370071,37,,71,3:2:1:370071,,test,27,500.0,1.0548822289818651,0.45,,,,,,,,,473.9865610235772,0.020124611797498106,,,,,,,,1.9999999999999996,0.7492991500419279,,1,505,1,exact,0.07484376303829134,634,,,,,,0.00022691699996357784,49d53567acac663f5792fb9d875cf8e56fcf6746
dv3-B-thomas-370072,3,B,thomas,370072,37,,72,3:2:1:370072,,test,27,500.0,1.0548822289818651,0.45,,,,,,,,,473.9865610235772,0.020124611797498106,,,,,,,,1.9999999999999996,0.7492991500419279,,1,480,1,exact,0.07484376303829134,614,,,,,,0.00026287500077160075,fe65fde63f1c5ea7f2a69610a0c3c1206749d32f
dv3-B-thomas-370073,3,B,thomas,370073,37,,73,3:2:1:370073,,test,27,500.0,1.0548822289818651,0.45,,,,,,,,,473.9865610235772,0.020124611797498106,,,,,,,,1.9999999999999996,0.7492991500419279,,1,487,1,exact,0.07484376303829134,615,,,,,,0.00020958399909432046,572f023b533a2a2498575f498b8ad5aa828ce0e9
dv3-B-thomas-370074,3,B,thomas,370074,37,,74,3:2:1:370074,,test,27,500.0,1.0548822289818651,0.45,,,,,,,,,473.9865610235772,0.020124611797498106,,,,,,,,1.9999999999999996,0.7492991500419279,,1,469,1,exact,0.07484376303829134,601,,,,,,0.00019249999968451448,1b7e3120e5997bbc04b07df54b6c469f99bfc540
dv3-B-thomas-370075,3,B,thomas,370075,37,,75,3:2:1:370075,,test,27,500.0,1.0548822289818651,0.45,,,,,,,,,473.9865610235772,0.020124611797498106,,,,,,,,1.9999999999999996,0.7492991500419279,,1,491,1,exact,0.07484376303829134,652,,,,,,0.0001902090007206425,a34f42087917f20af48e83f8ff7edfac6ae6ea2d
dv3-B-thomas-370076,3,B,thomas,370076,37,,76,3:2:1:370076,,test,27,500.0,1.0548822289818651,0.45,,,,,,,,,473.9865610235772,0.020124611797498106,,,,,,,,1.9999999999999996,0.7492991500419279,,1,475,1,exact,0.07484376303829134,605,,,,,,0.00018208300025435165,cc04d2371da498d92c0d417b619023380e9b34c2
dv3-B-thomas-370077,3,B,thomas,370077,37,,77,3:2:1:370077,,test,27,500.0,1.0548822289818651,0.45,,,,,,,,,473.9865610235772,0.020124611797498106,,,,,,,,1.9999999999999996,0.7492991500419279,,1,454,1,exact,0.07484376303829134,584,,,,,,0.000194958000065526,166e2003ec3f565a03569103087880216adb08b5
dv3-B-thomas-370078,3,B,thomas,370078,37,,78,3:2:1:370078,,test,27,500.0,1.0548822289818651,0.45,,,,,,,,,473.9865610235772,0.020124611797498106,,,,,,,,1.9999999999999996,0.7492991500419279,,1,420,1,exact,0.07484376303829134,605,,,,,,0.00019645800057332963,194600e639e6c6e5fe8ffd41f3ea87602d4e38bb
dv3-B-thomas-370079,3,B,thomas,370079,37,,79,3:2:1:370079,,test,27,500.0,1.0548822289818651,0.45,,,,,,,,,473.9865610235772,0.020124611797498106,,,,,,,,1.9999999999999996,0.7492991500419279,,1,539,1,exact,0.07484376303829134,643,,,,,,0.00019874999998137355,3aaad682f7513cab0a6897e2dc6dd732b9b688e0
dv3-B-thomas-370080,3,B,thomas,370080,37,,80,3:2:1:370080,,test,27,500.0,1.0548822289818651,0.45,,,,,,,,,473.9865610235772,0.020124611797498106,,,,,,,,1.9999999999999996,0.7492991500419279,,1,481,1,exact,0.07484376303829134,600,,,,,,0.00017887500143842772,4893d657d12387d87217ca7b9a999b2a4a2ee50b
dv3-B-thomas-370081,3,B,thomas,370081,37,,81,3:2:1:370081,,test,27,500.0,1.0548822289818651,0.45,,,,,,,,,473.9865610235772,0.020124611797498106,,,,,,,,1.9999999999999996,0.7492991500419279,,1,498,1,exact,0.07484376303829134,628,,,,,,0.00018041699877358042,0f225a064a727cf9f4247f4124c86a17a6e4744d
dv3-B-thomas-370082,3,B,thomas,370082,37,,82,3:2:1:370082,,test,27,500.0,1.0548822289818651,0.45,,,,,,,,,473.9865610235772,0.020124611797498106,,,,,,,,1.9999999999999996,0.7492991500419279,,1,507,1,exact,0.07484376303829134,630,,,,,,0.0001821249970817007,4600f30b8cad4eeed046a6d77d5c64cc1f701de7
dv3-B-thomas-370083,3,B,thomas,370083,37,,83,3:2:1:370083,,test,27,500.0,1.0548822289818651,0.45,,,,,,,,,473.9865610235772,0.020124611797498106,,,,,,,,1.9999999999999996,0.7492991500419279,,1,459,1,exact,0.07484376303829134,592,,,,,,0.00017166700126836076,23af5916ee0cf0debab0de6496694479b44ecaaa
dv3-B-thomas-370084,3,B,thomas,370084,37,,84,3:2:1:370084,,test,27,500.0,1.0548822289818651,0.45,,,,,,,,,473.9865610235772,0.020124611797498106,,,,,,,,1.9999999999999996,0.7492991500419279,,1,507,1,exact,0.07484376303829134,647,,,,,,0.0001782079998520203,0641487eda02c617654b897487de54ea865bb45a
dv3-B-thomas-370085,3,B,thomas,370085,37,,85,3:2:1:370085,,test,27,500.0,1.0548822289818651,0.45,,,,,,,,,473.9865610235772,0.020124611797498106,,,,,,,,1.9999999999999996,0.7492991500419279,,1,472,1,exact,0.07484376303829134,614,,,,,,0.00017374999879393727,91d0a64a1ac7283923b062bed69a650943d55593
dv3-B-thomas-370086,3,B,thomas,370086,37,,86,3:2:1:370086,,test,27,500.0,1.0548822289818651,0.45,,,,,,,,,473.9865610235772,0.020124611797498106,,,,,,,,1.9999999999999996,0.7492991500419279,,1,417,1,exact,0.07484376303829134,566,,,,,,0.00016837499788380228,8987796b5a6627641fba43d1cf4ec825d0c25409
dv3-B-thomas-370087,3,B,thomas,370087,37,,87,3:2:1:370087,,test,27,500.0,1.0548822289818651,0.45,,,,,,,,,473.9865610235772,0.020124611797498106,,,,,,,,1.9999999999999996,0.7492991500419279,,1,512,1,exact,0.07484376303829134,635,,,,,,0.00018825000006472692,1106a77c29431fe0882751127c2b5719c39fcfea
dv3-B-thomas-370088,3,B,thomas,370088,37,,88,3:2:1:370088,,test,27,500.0,1.0548822289818651,0.45,,,,,,,,,473.9865610235772,0.020124611797498106,,,,,,,,1.9999999999999996,0.7492991500419279,,1,516,1,exact,0.07484376303829134,629,,,,,,0.0001928329984366428,5d72c291243233b12b47176a18a607a7cf26351a
dv3-B-thomas-370089,3,B,thomas,370089,37,,89,3:2:1:370089,,test,27,500.0,1.0548822289818651,0.45,,,,,,,,,473.9865610235772,0.020124611797498106,,,,,,,,1.9999999999999996,0.7492991500419279,,1,468,1,exact,0.07484376303829134,571,,,,,,0.00017458400179748423,b80a93dba4e3a55997ec800f7131e254ec2004f9
dv3-B-thomas-370090,3,B,thomas,370090,37,,90,3:2:1:370090,,test,27,500.0,1.0548822289818651,0.45,,,,,,,,,473.9865610235772,0.020124611797498106,,,,,,,,1.9999999999999996,0.7492991500419279,,1,524,1,exact,0.07484376303829134,648,,,,,,0.00019237500237068161,942916856a933669e53cdbbd8d2bf70ca1963f73
dv3-B-thomas-370091,3,B,thomas,370091,37,,91,3:2:1:370091,,test,27,500.0,1.0548822289818651,0.45,,,,,,,,,473.9865610235772,0.020124611797498106,,,,,,,,1.9999999999999996,0.7492991500419279,,1,598,1,exact,0.07484376303829134,669,,,,,,0.00035275000118417665,253f32733e5957718a3c90ca9e974e2590116f5a
dv3-B-thomas-370092,3,B,thomas,370092,37,,92,3:2:1:370092,,test,27,500.0,1.0548822289818651,0.45,,,,,,,,,473.9865610235772,0.020124611797498106,,,,,,,,1.9999999999999996,0.7492991500419279,,1,473,1,exact,0.07484376303829134,613,,,,,,0.00012458399942261167,ff94ba3bdd4730530116afdecb04ea6b13487797
dv3-B-thomas-370093,3,B,thomas,370093,37,,93,3:2:1:370093,,test,27,500.0,1.0548822289818651,0.45,,,,,,,,,473.9865610235772,0.020124611797498106,,,,,,,,1.9999999999999996,0.7492991500419279,,1,553,1,exact,0.07484376303829134,675,,,,,,0.00011454199920990504,fd7cd325b72ee085e4350982eef8c5f2657ebcc4
dv3-B-thomas-370094,3,B,thomas,370094,37,,94,3:2:1:370094,,test,27,500.0,1.0548822289818651,0.45,,,,,,,,,473.9865610235772,0.020124611797498106,,,,,,,,1.9999999999999996,0.7492991500419279,,1,496,1,exact,0.07484376303829134,629,,,,,,0.0001061670009221416,175a77702abb117acf65e75af99b30cea564e48d
dv3-B-thomas-370095,3,B,thomas,370095,37,,95,3:2:1:370095,,test,27,500.0,1.0548822289818651,0.45,,,,,,,,,473.9865610235772,0.020124611797498106,,,,,,,,1.9999999999999996,0.7492991500419279,,1,519,1,exact,0.07484376303829134,628,,,,,,0.00010458299948368222,5326dbe89f76730f98535c051e5963763294c5b1
dv3-B-thomas-370096,3,B,thomas,370096,37,,96,3:2:1:370096,,test,27,500.0,1.0548822289818651,0.45,,,,,,,,,473.9865610235772,0.020124611797498106,,,,,,,,1.9999999999999996,0.7492991500419279,,1,494,1,exact,0.07484376303829134,614,,,,,,9.974999920814298e-05,6b73823456e5a8407c1e71a29abbdecbb880c1a7
dv3-B-thomas-370097,3,B,thomas,370097,37,,97,3:2:1:370097,,test,27,500.0,1.0548822289818651,0.45,,,,,,,,,473.9865610235772,0.020124611797498106,,,,,,,,1.9999999999999996,0.7492991500419279,,1,484,1,exact,0.07484376303829134,606,,,,,,9.883300299406983e-05,78a529932b9120795dc957a0135b8c358d4b7b02
dv3-B-thomas-370098,3,B,thomas,370098,37,,98,3:2:1:370098,,test,27,500.0,1.0548822289818651,0.45,,,,,,,,,473.9865610235772,0.020124611797498106,,,,,,,,1.9999999999999996,0.7492991500419279,,1,505,1,exact,0.07484376303829134,646,,,,,,0.0001026659992930945,58863e992ba8c6ef23caf15794c926be09f85a88
dv3-B-thomas-370099,3,B,thomas,370099,37,,99,3:2:1:370099,,test,27,500.0,1.0548822289818651,0.45,,,,,,,,,473.9865610235772,0.020124611797498106,,,,,,,,1.9999999999999996,0.7492991500419279,,1,523,1,exact,0.07484376303829134,666,,,,,,0.00010379200102761388,44ba54acd2d381c818b00fe774212e04f3f0ee54
dv3-B-thomas-370100,3,B,thomas,370100,37,,100,3:2:1:370100,,test,27,500.0,1.0548822289818651,0.45,,,,,,,,,473.9865610235772,0.020124611797498106,,,,,,,,1.9999999999999996,0.7492991500419279,,1,458,1,exact,0.07484376303829134,592,,,,,,9.604200022295117e-05,3050f976d5e96027ff28a5f837f002663020daf1
dv3-B-thomas-370101,3,B,thomas,370101,37,,101,3:2:1:370101,,test,27,500.0,1.0548822289818651,0.45,,,,,,,,,473.9865610235772,0.020124611797498106,,,,,,,,1.9999999999999996,0.7492991500419279,,1,506,1,exact,0.07484376303829134,638,,,,,,0.00010091700096381828,52b8063e9a2f5a74d6525b6f286eec1ad41738e7
dv3-B-thomas-370102,3,B,thomas,370102,37,,102,3:2:1:370102,,test,27,500.0,1.0548822289818651,0.45,,,,,,,,,473.9865610235772,0.020124611797498106,,,,,,,,1.9999999999999996,0.7492991500419279,,1,527,1,exact,0.07484376303829134,615,,,,,,9.991700062528253e-05,dd42eb3d447085708ddd3bbe766f8781ddb48be6
dv3-B-thomas-370103,3,B,thomas,370103,37,,103,3:2:1:370103,,test,27,500.0,1.0548822289818651,0.45,,,,,,,,,473.9865610235772,0.020124611797498106,,,,,,,,1.9999999999999996,0.7492991500419279,,1,475,1,exact,0.07484376303829134,600,,,,,,9.708300058264285e-05,a9b21487fa5e3e9d6bc1dc497132845a62b8ea76
dv3-B-thomas-370104,3,B,thomas,370104,37,,104,3:2:1:370104,,test,27,500.0,1.0548822289818651,0.45,,,,,,,,,473.9865610235772,0.020124611797498106,,,,,,,,1.9999999999999996,0.7492991500419279,,1,513,1,exact,0.07484376303829134,646,,,,,,0.00010066699906019494,333f5ece8d19cf10cd544ff359ea27729a790bef
dv3-B-thomas-370105,3,B,thomas,370105,37,,105,3:2:1:370105,,test,27,500.0,1.0548822289818651,0.45,,,,,,,,,473.9865610235772,0.020124611797498106,,,,,,,,1.9999999999999996,0.7492991500419279,,1,532,1,exact,0.07484376303829134,660,,,,,,0.0001024999983201269,8a6953ad65c5e6b303da6b7fb388cac89d1e639f
dv3-B-thomas-370106,3,B,thomas,370106,37,,106,3:2:1:370106,,test,27,500.0,1.0548822289818651,0.45,,,,,,,,,473.9865610235772,0.020124611797498106,,,,,,,,1.9999999999999996,0.7492991500419279,,1,536,1,exact,0.07484376303829134,659,,,,,,0.0001094170002033934,6d2c3d916bcd3e6c62454b2d4ed4a7a8d696215d
dv3-B-thomas-370107,3,B,thomas,370107,37,,107,3:2:1:370107,,test,27,500.0,1.0548822289818651,0.45,,,,,,,,,473.9865610235772,0.020124611797498106,,,,,,,,1.9999999999999996,0.7492991500419279,,1,490,1,exact,0.07484376303829134,622,,,,,,0.0003050420018553268,6413dfabbb83fcae7c8ae39db957171f7e28ebb4
dv3-B-thomas-370108,3,B,thomas,370108,37,,108,3:2:1:370108,,test,27,500.0,1.0548822289818651,0.45,,,,,,,,,473.9865610235772,0.020124611797498106,,,,,,,,1.9999999999999996,0.7492991500419279,,1,501,1,exact,0.07484376303829134,600,,,,,,0.0002489580001565628,1a39ff88c864b4afd44cc2e417c79f77480bc307
dv3-B-thomas-370109,3,B,thomas,370109,37,,109,3:2:1:370109,,test,27,500.0,1.0548822289818651,0.45,,,,,,,,,473.9865610235772,0.020124611797498106,,,,,,,,1.9999999999999996,0.7492991500419279,,1,518,1,exact,0.07484376303829134,695,,,,,,0.00021558300068136305,0c68f25f868f10fceb2265d43bb5356f17822f88
dv3-B-thomas-370110,3,B,thomas,370110,37,,110,3:2:1:370110,,test,27,500.0,1.0548822289818651,0.45,,,,,,,,,473.9865610235772,0.020124611797498106,,,,,,,,1.9999999999999996,0.7492991500419279,,1,523,1,exact,0.07484376303829134,651,,,,,,0.0001969580007425975,81e99009f828dd5b906d8a6094c2c30fb161639b
dv3-B-thomas-370111,3,B,thomas,370111,37,,111,3:2:1:370111,,test,27,500.0,1.0548822289818651,0.45,,,,,,,,,473.9865610235772,0.020124611797498106,,,,,,,,1.9999999999999996,0.7492991500419279,,1,517,1,exact,0.07484376303829134,629,,,,,,0.00018737499704002403,2d8c89ab402fd59adf0725facd28d5c83b0e9814
dv3-B-thomas-370112,3,B,thomas,370112,37,,112,3:2:1:370112,,test,27,500.0,1.0548822289818651,0.45,,,,,,,,,473.9865610235772,0.020124611797498106,,,,,,,,1.9999999999999996,0.7492991500419279,,1,511,1,exact,0.07484376303829134,646,,,,,,0.00018362500122748315,1553aeb29797e803fe884259aef261612c734825
dv3-B-thomas-370113,3,B,thomas,370113,37,,113,3:2:1:370113,,test,27,500.0,1.0548822289818651,0.45,,,,,,,,,473.9865610235772,0.020124611797498106,,,,,,,,1.9999999999999996,0.7492991500419279,,1,566,1,exact,0.07484376303829134,636,,,,,,0.00018525000268709846,801b86edeef5ecb8bde95a5fc2cc0d35e28ed8c8
dv3-B-thomas-370114,3,B,thomas,370114,37,,114,3:2:1:370114,,test,27,500.0,1.0548822289818651,0.45,,,,,,,,,473.9865610235772,0.020124611797498106,,,,,,,,1.9999999999999996,0.7492991500419279,,1,482,1,exact,0.07484376303829134,606,,,,,,0.0001747090027492959,3158f1f31625a037979d9e9b7cbb486f7e5ae1e5
dv3-B-thomas-370115,3,B,thomas,370115,37,,115,3:2:1:370115,,test,27,500.0,1.0548822289818651,0.45,,,,,,,,,473.9865610235772,0.020124611797498106,,,,,,,,1.9999999999999996,0.7492991500419279,,1,527,1,exact,0.07484376303829134,631,,,,,,0.0001841669982241001,d09fca1f426e98f12ea70e9f5de446d2692fd581
dv3-B-thomas-370116,3,B,thomas,370116,37,,116,3:2:1:370116,,test,27,500.0,1.0548822289818651,0.45,,,,,,,,,473.9865610235772,0.020124611797498106,,,,,,,,1.9999999999999996,0.7492991500419279,,1,445,1,exact,0.07484376303829134,623,,,,,,0.00017791699792724103,679b196c48387d17a4d5dced839a627fd3a61405
dv3-B-thomas-370117,3,B,thomas,370117,37,,117,3:2:1:370117,,test,27,500.0,1.0548822289818651,0.45,,,,,,,,,473.9865610235772,0.020124611797498106,,,,,,,,1.9999999999999996,0.7492991500419279,,1,492,1,exact,0.07484376303829134,615,,,,,,0.00019270800112280995,f7a047c77c5230fa9acde41d8c657a8c1aae7f6a
dv3-B-thomas-370118,3,B,thomas,370118,37,,118,3:2:1:370118,,test,27,500.0,1.0548822289818651,0.45,,,,,,,,,473.9865610235772,0.020124611797498106,,,,,,,,1.9999999999999996,0.7492991500419279,,1,481,1,exact,0.07484376303829134,613,,,,,,0.0001747089991113171,ab4dd6f8bfc98868bdcbb70398f4f5e50c1f4866
dv3-B-thomas-370119,3,B,thomas,370119,37,,119,3:2:1:370119,,test,27,500.0,1.0548822289818651,0.45,,,,,,,,,473.9865610235772,0.020124611797498106,,,,,,,,1.9999999999999996,0.7492991500419279,,1,511,1,exact,0.07484376303829134,684,,,,,,0.00019479099864838645,775208a1737d6f89fe9cea1857fc02551cc366d7
dv3-B-thomas-370120,3,B,thomas,370120,37,,120,3:2:1:370120,,test,27,500.0,1.0548822289818651,0.45,,,,,,,,,473.9865610235772,0.020124611797498106,,,,,,,,1.9999999999999996,0.7492991500419279,,1,429,1,exact,0.07484376303829134,622,,,,,,0.00018783300038194284,a158293b182a2626533e56f5edee30f8f3e7b717
dv3-B-thomas-370121,3,B,thomas,370121,37,,121,3:2:1:370121,,test,27,500.0,1.0548822289818651,0.45,,,,,,,,,473.9865610235772,0.020124611797498106,,,,,,,,1.9999999999999996,0.7492991500419279,,1,480,1,exact,0.07484376303829134,623,,,,,,0.00023979199977475218,e136b6e8abc90b03bfe4cda6e43109f305389de4
dv3-B-thomas-370122,3,B,thomas,370122,37,,122,3:2:1:370122,,test,27,500.0,1.0548822289818651,0.45,,,,,,,,,473.9865610235772,0.020124611797498106,,,,,,,,1.9999999999999996,0.7492991500419279,,1,456,1,exact,0.07484376303829134,574,,,,,,0.00019970900029875338,d6d45d0b9e37ab6acf76dd26e84f11f1f2beef06
dv3-B-thomas-370123,3,B,thomas,370123,37,,123,3:2:1:370123,,test,27,500.0,1.0548822289818651,0.45,,,,,,,,,473.9865610235772,0.020124611797498106,,,,,,,,1.9999999999999996,0.7492991500419279,,1,456,1,exact,0.07484376303829134,603,,,,,,0.00018795899813994765,4010ea5e8a395cae63a53bb993275fc5c272a6ee
dv3-B-thomas-370124,3,B,thomas,370124,37,,124,3:2:1:370124,,test,27,500.0,1.0548822289818651,0.45,,,,,,,,,473.9865610235772,0.020124611797498106,,,,,,,,1.9999999999999996,0.7492991500419279,,1,506,1,exact,0.07484376303829134,639,,,,,,0.00018350000027567148,52b8f4462a4ce9eef61198af9be2ea9ddad31fcd
dv3-B-thomas-370125,3,B,thomas,370125,37,,125,3:2:1:370125,,test,27,500.0,1.0548822289818651,0.45,,,,,,,,,473.9865610235772,0.020124611797498106,,,,,,,,1.9999999999999996,0.7492991500419279,,1,510,1,exact,0.07484376303829134,625,,,,,,0.00017749999824445695,2561bb8067e7d655f12c525274fae6761db5df16
dv3-B-thomas-370126,3,B,thomas,370126,37,,126,3:2:1:370126,,test,27,500.0,1.0548822289818651,0.45,,,,,,,,,473.9865610235772,0.020124611797498106,,,,,,,,1.9999999999999996,0.7492991500419279,,1,506,1,exact,0.07484376303829134,657,,,,,,0.00020095799845876172,1921d0c5e6b3843244b0ac70bae3c79213ff2f7f
dv3-B-thomas-370127,3,B,thomas,370127,37,,127,3:2:1:370127,,test,27,500.0,1.0548822289818651,0.45,,,,,,,,,473.9865610235772,0.020124611797498106,,,,,,,,1.9999999999999996,0.7492991500419279,,1,520,1,exact,0.07484376303829134,620,,,,,,0.00018737500067800283,4bc0fac73ec7d836d19350ce8b1f94a6b1642cc5
dv3-B-thomas-370128,3,B,thomas,370128,37,,128,3:2:1:370128,,test,27,500.0,1.0548822289818651,0.45,,,,,,,,,473.9865610235772,0.020124611797498106,,,,,,,,1.9999999999999996,0.7492991500419279,,1,494,1,exact,0.07484376303829134,626,,,,,,0.00017633300012676045,35edaca666255b411d793ad97edf7db8dff7353c
dv3-B-thomas-370129,3,B,thomas,370129,37,,129,3:2:1:370129,,test,27,500.0,1.0548822289818651,0.45,,,,,,,,,473.9865610235772,0.020124611797498106,,,,,,,,1.9999999999999996,0.7492991500419279,,1,482,1,exact,0.07484376303829134,608,,,,,,0.00017350000052829273,f39433a67bd440d7060a5cb69fcda81c379d4377
dv3-B-thomas-370130,3,B,thomas,370130,37,,130,3:2:1:370130,,test,27,500.0,1.0548822289818651,0.45,,,,,,,,,473.9865610235772,0.020124611797498106,,,,,,,,1.9999999999999996,0.7492991500419279,,1,501,1,exact,0.07484376303829134,618,,,,,,0.00018062500021187589,7940cf67c40bffe13ed818e6d05ba42651982344
dv3-B-thomas-370131,3,B,thomas,370131,37,,131,3:2:1:370131,,test,27,500.0,1.0548822289818651,0.45,,,,,,,,,473.9865610235772,0.020124611797498106,,,,,,,,1.9999999999999996,0.7492991500419279,,1,483,1,exact,0.07484376303829134,606,,,,,,0.00017662499885773286,9b4b6351caccc597837dd05bc867583812a9cead
dv3-B-thomas-370132,3,B,thomas,370132,37,,132,3:2:1:370132,,test,27,500.0,1.0548822289818651,0.45,,,,,,,,,473.9865610235772,0.020124611797498106,,,,,,,,1.9999999999999996,0.7492991500419279,,1,483,1,exact,0.07484376303829134,617,,,,,,0.00017500000103609636,e3fd85f4c695bac4d76ab07175c96a957bd244af
dv3-B-thomas-370133,3,B,thomas,370133,37,,133,3:2:1:370133,,test,27,500.0,1.0548822289818651,0.45,,,,,,,,,473.9865610235772,0.020124611797498106,,,,,,,,1.9999999999999996,0.7492991500419279,,1,426,1,exact,0.07484376303829134,582,,,,,,0.00017379199925926514,32dce68164f946d3faed17d9022c92e796d4d84e
dv3-B-thomas-370134,3,B,thomas,370134,37,,134,3:2:1:370134,,test,27,500.0,1.0548822289818651,0.45,,,,,,,,,473.9865610235772,0.020124611797498106,,,,,,,,1.9999999999999996,0.7492991500419279,,1,553,1,exact,0.07484376303829134,678,,,,,,0.00018162500055041164,7b283a148aff28eee81be27d1fdac91a8aa22c9b
dv3-B-thomas-370135,3,B,thomas,370135,37,,135,3:2:1:370135,,test,27,500.0,1.0548822289818651,0.45,,,,,,,,,473.9865610235772,0.020124611797498106,,,,,,,,1.9999999999999996,0.7492991500419279,,1,508,1,exact,0.07484376303829134,631,,,,,,0.00018041599832940847,c2e14b3c30243eaefde127974d82e637de0334c6
dv3-B-thomas-370136,3,B,thomas,370136,37,,136,3:2:1:370136,,test,27,500.0,1.0548822289818651,0.45,,,,,,,,,473.9865610235772,0.020124611797498106,,,,,,,,1.9999999999999996,0.7492991500419279,,1,500,1,exact,0.07484376303829134,680,,,,,,0.0001854999973147642,580116506f0be9588e10123bf1974e621571b40c
dv3-B-thomas-370137,3,B,thomas,370137,37,,137,3:2:1:370137,,test,27,500.0,1.0548822289818651,0.45,,,,,,,,,473.9865610235772,0.020124611797498106,,,,,,,,1.9999999999999996,0.7492991500419279,,1,529,1,exact,0.07484376303829134,641,,,,,,0.00017987499813898467,39e6972edd32193f07276838d9fee5ec81aa985d
dv3-B-thomas-370138,3,B,thomas,370138,37,,138,3:2:1:370138,,test,27,500.0,1.0548822289818651,0.45,,,,,,,,,473.9865610235772,0.020124611797498106,,,,,,,,1.9999999999999996,0.7492991500419279,,1,448,1,exact,0.07484376303829134,587,,,,,,0.0001747089991113171,c6f5a30571dafdaef7863fe48d9cad0087365a29
dv3-B-thomas-370139,3,B,thomas,370139,37,,139,3:2:1:370139,,test,27,500.0,1.0548822289818651,0.45,,,,,,,,,473.9865610235772,0.020124611797498106,,,,,,,,1.9999999999999996,0.7492991500419279,,1,516,1,exact,0.07484376303829134,604,,,,,,0.0001883750010165386,a9f812fd6d5220a02157744d9bf3c30d615a289c
dv3-B-thomas-370140,3,B,thomas,370140,37,,140,3:2:1:370140,,test,27,500.0,1.0548822289818651,0.45,,,,,,,,,473.9865610235772,0.020124611797498106,,,,,,,,1.9999999999999996,0.7492991500419279,,1,479,1,exact,0.07484376303829134,598,,,,,,0.0001748750000842847,47b99ff2ae5cc01023f58831924f66799f4659be
dv3-B-thomas-370141,3,B,thomas,370141,37,,141,3:2:1:370141,,test,27,500.0,1.0548822289818651,0.45,,,,,,,,,473.9865610235772,0.020124611797498106,,,,,,,,1.9999999999999996,0.7492991500419279,,1,440,1,exact,0.07484376303829134,601,,,,,,0.00017945799845620058,838ef2ae3a89321b0c96ef931d8f9c2074c9f193
dv3-B-thomas-370142,3,B,thomas,370142,37,,142,3:2:1:370142,,test,27,500.0,1.0548822289818651,0.45,,,,,,,,,473.9865610235772,0.020124611797498106,,,,,,,,1.9999999999999996,0.7492991500419279,,1,479,1,exact,0.07484376303829134,598,,,,,,0.00018383299902779981,fbd0a0392697061da59064f90201bf381ebac02f
dv3-B-thomas-370143,3,B,thomas,370143,37,,143,3:2:1:370143,,test,27,500.0,1.0548822289818651,0.45,,,,,,,,,473.9865610235772,0.020124611797498106,,,,,,,,1.9999999999999996,0.7492991500419279,,1,538,1,exact,0.07484376303829134,638,,,,,,0.0001966659983736463,61f30cc494f6ea5cb4b9c731b3e016f76b7e6768
dv3-B-thomas-370144,3,B,thomas,370144,37,,144,3:2:1:370144,,test,27,500.0,1.0548822289818651,0.45,,,,,,,,,473.9865610235772,0.020124611797498106,,,,,,,,1.9999999999999996,0.7492991500419279,,1,526,1,exact,0.07484376303829134,613,,,,,,0.00017908299923874438,53e17db950de48063fd993bc2046f4024ea5dc01
dv3-B-thomas-370145,3,B,thomas,370145,37,,145,3:2:1:370145,,test,27,500.0,1.0548822289818651,0.45,,,,,,,,,473.9865610235772,0.020124611797498106,,,,,,,,1.9999999999999996,0.7492991500419279,,1,492,1,exact,0.07484376303829134,642,,,,,,0.00017987499813898467,91fdcade6c450ca0e8c2e90f4b107404e21a38c2
dv3-B-thomas-370146,3,B,thomas,370146,37,,146,3:2:1:370146,,test,27,500.0,1.0548822289818651,0.45,,,,,,,,,473.9865610235772,0.020124611797498106,,,,,,,,1.9999999999999996,0.7492991500419279,,1,548,1,exact,0.07484376303829134,640,,,,,,0.0001795410025806632,fdc37bbdb74636fa5d74f1ad5183b88c09e860b1
dv3-B-thomas-370147,3,B,thomas,370147,37,,147,3:2:1:370147,,test,27,500.0,1.0548822289818651,0.45,,,,,,,,,473.9865610235772,0.020124611797498106,,,,,,,,1.9999999999999996,0.7492991500419279,,1,507,1,exact,0.07484376303829134,612,,,,,,0.00017729199680616148,3c01e1dcdbc259ea59069f4aa2c2bc1078a4f07f
dv3-B-thomas-370148,3,B,thomas,370148,37,,148,3:2:1:370148,,test,27,500.0,1.0548822289818651,0.45,,,,,,,,,473.9865610235772,0.020124611797498106,,,,,,,,1.9999999999999996,0.7492991500419279,,1,530,1,exact,0.07484376303829134,653,,,,,,0.00018591600019135512,bbd4fe3103e9c80410d608dd426ddb13e83db489
dv3-B-thomas-370149,3,B,thomas,370149,37,,149,3:2:1:370149,,test,27,500.0,1.0548822289818651,0.45,,,,,,,,,473.9865610235772,0.020124611797498106,,,,,,,,1.9999999999999996,0.7492991500419279,,1,472,1,exact,0.07484376303829134,612,,,,,,0.00016966699695331044,aead36d46b6bc455ca3278c6dd4921446333c26a
dv3-B-thomas-370150,3,B,thomas,370150,37,,150,3:2:1:370150,,test,27,500.0,1.0548822289818651,0.45,,,,,,,,,473.9865610235772,0.020124611797498106,,,,,,,,1.9999999999999996,0.7492991500419279,,1,526,1,exact,0.07484376303829134,649,,,,,,0.0001919999995152466,77718094c85e837a3539193bc1ec0b25b19d2b7e
dv3-B-thomas-370151,3,B,thomas,370151,37,,151,3:2:1:370151,,test,27,500.0,1.0548822289818651,0.45,,,,,,,,,473.9865610235772,0.020124611797498106,,,,,,,,1.9999999999999996,0.7492991500419279,,1,500,1,exact,0.07484376303829134,641,,,,,,0.0001785829990694765,f686a0903dbf0e16086ce9a5b9e3a0a237aa9255
dv3-B-thomas-370152,3,B,thomas,370152,37,,152,3:2:1:370152,,test,27,500.0,1.0548822289818651,0.45,,,,,,,,,473.9865610235772,0.020124611797498106,,,,,,,,1.9999999999999996,0.7492991500419279,,1,527,1,exact,0.07484376303829134,659,,,,,,0.00017970899716601707,31510e6215f81facd4a3b2b6417b397aa6f91120
dv3-B-thomas-370153,3,B,thomas,370153,37,,153,3:2:1:370153,,test,27,500.0,1.0548822289818651,0.45,,,,,,,,,473.9865610235772,0.020124611797498106,,,,,,,,1.9999999999999996,0.7492991500419279,,1,489,1,exact,0.07484376303829134,639,,,,,,0.00018375000217929482,bb2582aa9f7ce1ec0f2bd3c4d022b42a1ea9dbff
dv3-B-thomas-370154,3,B,thomas,370154,37,,154,3:2:1:370154,,test,27,500.0,1.0548822289818651,0.45,,,,,,,,,473.9865610235772,0.020124611797498106,,,,,,,,1.9999999999999996,0.7492991500419279,,1,540,1,exact,0.07484376303829134,654,,,,,,0.00017950000255950727,5e68e0218dfa1d2fb57d339b0758f3bbec5fb7b4
dv3-B-thomas-370155,3,B,thomas,370155,37,,155,3:2:1:370155,,test,27,500.0,1.0548822289818651,0.45,,,,,,,,,473.9865610235772,0.020124611797498106,,,,,,,,1.9999999999999996,0.7492991500419279,,1,537,1,exact,0.07484376303829134,645,,,,,,0.00018199999976786785,ae44807d0629df28f3cda5b1a826c25a5fccaadb
dv3-B-thomas-370156,3,B,thomas,370156,37,,156,3:2:1:370156,,test,27,500.0,1.0548822289818651,0.45,,,,,,,,,473.9865610235772,0.020124611797498106,,,,,,,,1.9999999999999996,0.7492991500419279,,1,499,1,exact,0.07484376303829134,656,,,,,,0.0001768750007613562,95144bdbd2c826cab947f86d43e6275a1b75ccae
dv3-B-thomas-370157,3,B,thomas,370157,37,,157,3:2:1:370157,,test,27,500.0,1.0548822289818651,0.45,,,,,,,,,473.9865610235772,0.020124611797498106,,,,,,,,1.9999999999999996,0.7492991500419279,,1,482,1,exact,0.07484376303829134,625,,,,,,0.0001788749978004489,0ebc4304713f453ddd658b4cad29c21be85ffc41
dv3-B-thomas-370158,3,B,thomas,370158,37,,158,3:2:1:370158,,test,27,500.0,1.0548822289818651,0.45,,,,,,,,,473.9865610235772,0.020124611797498106,,,,,,,,1.9999999999999996,0.7492991500419279,,1,465,1,exact,0.07484376303829134,599,,,,,,0.00018312500105821528,a92c3bd37fd7aba838da162ea15ac1030a721a99
dv3-B-thomas-370159,3,B,thomas,370159,37,,159,3:2:1:370159,,test,27,500.0,1.0548822289818651,0.45,,,,,,,,,473.9865610235772,0.020124611797498106,,,,,,,,1.9999999999999996,0.7492991500419279,,1,498,1,exact,0.07484376303829134,600,,,,,,0.00017433299944968894,4f3881ff6663a4e7df63a18da58e5bc3c1720583
dv3-B-thomas-370160,3,B,thomas,370160,37,,160,3:2:1:370160,,test,27,500.0,1.0548822289818651,0.45,,,,,,,,,473.9865610235772,0.020124611797498106,,,,,,,,1.9999999999999996,0.7492991500419279,,1,511,1,exact,0.07484376303829134,654,,,,,,0.0001809999994293321,77f7192bdd263c30daec210b2a3c3f28150c1b73
dv3-B-thomas-370161,3,B,thomas,370161,37,,161,3:2:1:370161,,test,27,500.0,1.0548822289818651,0.45,,,,,,,,,473.9865610235772,0.020124611797498106,,,,,,,,1.9999999999999996,0.7492991500419279,,1,527,1,exact,0.07484376303829134,615,,,,,,0.00017333399955532514,78f2da247c43afac9fb0cf3e56a4d43139d27da7
dv3-B-thomas-370162,3,B,thomas,370162,37,,162,3:2:1:370162,,test,27,500.0,1.0548822289818651,0.45,,,,,,,,,473.9865610235772,0.020124611797498106,,,,,,,,1.9999999999999996,0.7492991500419279,,1,485,1,exact,0.07484376303829134,622,,,,,,0.00017570899944985285,9e0f02844dcd9c9c3d20a2583e7dd5101bb70440
dv3-B-thomas-370163,3,B,thomas,370163,37,,163,3:2:1:370163,,test,27,500.0,1.0548822289818651,0.45,,,,,,,,,473.9865610235772,0.020124611797498106,,,,,,,,1.9999999999999996,0.7492991500419279,,1,508,1,exact,0.07484376303829134,639,,,,,,0.00017712500266497955,6fe316e9e0c1911579217d687ace21e48a57cbca
dv3-B-thomas-370164,3,B,thomas,370164,37,,164,3:2:1:370164,,test,27,500.0,1.0548822289818651,0.45,,,,,,,,,473.9865610235772,0.020124611797498106,,,,,,,,1.9999999999999996,0.7492991500419279,,1,533,1,exact,0.07484376303829134,641,,,,,,0.0001776669996615965,78320ae2724b8725cdcc70fd9e68ef6b08eb7d85
dv3-B-thomas-370165,3,B,thomas,370165,37,,165,3:2:1:370165,,test,27,500.0,1.0548822289818651,0.45,,,,,,,,,473.9865610235772,0.020124611797498106,,,,,,,,1.9999999999999996,0.7492991500419279,,1,514,1,exact,0.07484376303829134,614,,,,,,0.00017337499957648106,2e2b4110666348d757f16d4bc4b011ebb5d20a58
dv3-B-thomas-370166,3,B,thomas,370166,37,,166,3:2:1:370166,,test,27,500.0,1.0548822289818651,0.45,,,,,,,,,473.9865610235772,0.020124611797498106,,,,,,,,1.9999999999999996,0.7492991500419279,,1,497,1,exact,0.07484376303829134,628,,,,,,0.0001802909973775968,cda9135b8855d30e22465ad87f79f0f174fe1d5d
dv3-B-thomas-370167,3,B,thomas,370167,37,,167,3:2:1:370167,,test,27,500.0,1.0548822289818651,0.45,,,,,,,,,473.9865610235772,0.020124611797498106,,,,,,,,1.9999999999999996,0.7492991500419279,,1,493,1,exact,0.07484376303829134,660,,,,,,0.00017574999947100878,6eeb5a939281afd9ada5da3ebfc1decf27bef23a
dv3-B-thomas-370168,3,B,thomas,370168,37,,168,3:2:1:370168,,test,27,500.0,1.0548822289818651,0.45,,,,,,,,,473.9865610235772,0.020124611797498106,,,,,,,,1.9999999999999996,0.7492991500419279,,1,496,1,exact,0.07484376303829134,635,,,,,,0.00017862500317278318,f1a571b49f897c2c6ca91595b99e29fddf330329
dv3-B-thomas-370169,3,B,thomas,370169,37,,169,3:2:1:370169,,test,27,500.0,1.0548822289818651,0.45,,,,,,,,,473.9865610235772,0.020124611797498106,,,,,,,,1.9999999999999996,0.7492991500419279,,1,505,1,exact,0.07484376303829134,597,,,,,,0.00017629200010560453,17f72a955fab7a8caccb71f21b1c8e9eb32b7907
dv3-B-thomas-370170,3,B,thomas,370170,37,,170,3:2:1:370170,,test,27,500.0,1.0548822289818651,0.45,,,,,,,,,473.9865610235772,0.020124611797498106,,,,,,,,1.9999999999999996,0.7492991500419279,,1,483,1,exact,0.07484376303829134,598,,,,,,0.00017312500131083652,adccec1073cf14791feed8d134b82cbfad05c880
dv3-B-thomas-370171,3,B,thomas,370171,37,,171,3:2:1:370171,,test,27,500.0,1.0548822289818651,0.45,,,,,,,,,473.9865610235772,0.020124611797498106,,,,,,,,1.9999999999999996,0.7492991500419279,,1,498,1,exact,0.07484376303829134,625,,,,,,0.00017491600010544062,7b1821e73eb65ad5da40d666a88055529465cf3f
dv3-B-thomas-370172,3,B,thomas,370172,37,,172,3:2:1:370172,,test,27,500.0,1.0548822289818651,0.45,,,,,,,,,473.9865610235772,0.020124611797498106,,,,,,,,1.9999999999999996,0.7492991500419279,,1,425,1,exact,0.07484376303829134,571,,,,,,0.00016679200052749366,25775d6f602dd6cb18c243edc9d88720e5b5b4e7
dv3-B-thomas-370173,3,B,thomas,370173,37,,173,3:2:1:370173,,test,27,500.0,1.0548822289818651,0.45,,,,,,,,,473.9865610235772,0.020124611797498106,,,,,,,,1.9999999999999996,0.7492991500419279,,1,532,1,exact,0.07484376303829134,652,,,,,,0.00018412500139675103,b732abf81c743f6c62624f5a27266e1d99099a2d
dv3-B-thomas-370174,3,B,thomas,370174,37,,174,3:2:1:370174,,test,27,500.0,1.0548822289818651,0.45,,,,,,,,,473.9865610235772,0.020124611797498106,,,,,,,,1.9999999999999996,0.7492991500419279,,1,510,1,exact,0.07484376303829134,614,,,,,,0.0001778330006345641,d12b9603141391df1be74db6c55e1bac5e46d52f
dv3-B-thomas-370175,3,B,thomas,370175,37,,175,3:2:1:370175,,test,27,500.0,1.0548822289818651,0.45,,,,,,,,,473.9865610235772,0.020124611797498106,,,,,,,,1.9999999999999996,0.7492991500419279,,1,516,1,exact,0.07484376303829134,648,,,,,,0.00017891600145958364,7876993f844e05f66835816304b05ec352244f0a
dv3-B-thomas-370176,3,B,thomas,370176,37,,176,3:2:1:370176,,test,27,500.0,1.0548822289818651,0.45,,,,,,,,,473.9865610235772,0.020124611797498106,,,,,,,,1.9999999999999996,0.7492991500419279,,1,462,1,exact,0.07484376303829134,613,,,,,,0.00017674999980954453,0838e273fbfccb6fbe3bd8cd2fbe8eb960150105
dv3-B-thomas-370177,3,B,thomas,370177,37,,177,3:2:1:370177,,test,27,500.0,1.0548822289818651,0.45,,,,,,,,,473.9865610235772,0.020124611797498106,,,,,,,,1.9999999999999996,0.7492991500419279,,1,491,1,exact,0.07484376303829134,622,,,,,,0.00018108400035998784,d7932a1e4d6f7e34c90b9ebaacc02d7d180226fc
dv3-B-thomas-370178,3,B,thomas,370178,37,,178,3:2:1:370178,,test,27,500.0,1.0548822289818651,0.45,,,,,,,,,473.9865610235772,0.020124611797498106,,,,,,,,1.9999999999999996,0.7492991500419279,,1,511,1,exact,0.07484376303829134,628,,,,,,0.00017729099999996834,cff6d5e2e3b555c04819d5f0d038b9976d952918
dv3-B-thomas-370179,3,B,thomas,370179,37,,179,3:2:1:370179,,test,27,500.0,1.0548822289818651,0.45,,,,,,,,,473.9865610235772,0.020124611797498106,,,,,,,,1.9999999999999996,0.7492991500419279,,1,483,1,exact,0.07484376303829134,616,,,,,,0.00017491700054961257,451f8868c936c73f39ebe74928fdf2adfd9df2c0
dv3-B-thomas-370180,3,B,thomas,370180,37,,180,3:2:1:370180,,test,27,500.0,1.0548822289818651,0.45,,,,,,,,,473.9865610235772,0.020124611797498106,,,,,,,,1.9999999999999996,0.7492991500419279,,1,538,1,exact,0.07484376303829134,649,,,,,,0.00018416600141790695,21e95c52065ad7031c4f7796d4cf5c45a2b91aea
dv3-B-thomas-370181,3,B,thomas,370181,37,,181,3:2:1:370181,,test,27,500.0,1.0548822289818651,0.45,,,,,,,,,473.9865610235772,0.020124611797498106,,,,,,,,1.9999999999999996,0.7492991500419279,,1,479,1,exact,0.07484376303829134,586,,,,,,0.00017220900190295652,0945d7c5fb89f48fa81973a96e96f42300e085b8
dv3-B-thomas-370182,3,B,thomas,370182,37,,182,3:2:1:370182,,test,27,500.0,1.0548822289818651,0.45,,,,,,,,,473.9865610235772,0.020124611797498106,,,,,,,,1.9999999999999996,0.7492991500419279,,1,460,1,exact,0.07484376303829134,599,,,,,,0.0001736249978421256,bd4b7e75222e3b24983aa04ff6b1627d54e2cdb1
dv3-B-thomas-370183,3,B,thomas,370183,37,,183,3:2:1:370183,,test,27,500.0,1.0548822289818651,0.45,,,,,,,,,473.9865610235772,0.020124611797498106,,,,,,,,1.9999999999999996,0.7492991500419279,,1,520,1,exact,0.07484376303829134,603,,,,,,0.00017541699708090164,21c2992ddd6ab6efd3178b3d2a2af36c188d20c9
dv3-B-thomas-370184,3,B,thomas,370184,37,,184,3:2:1:370184,,test,27,500.0,1.0548822289818651,0.45,,,,,,,,,473.9865610235772,0.020124611797498106,,,,,,,,1.9999999999999996,0.7492991500419279,,1,467,1,exact,0.07484376303829134,581,,,,,,0.00016950000281212851,1aa675b2e3ff3fd0c0324f3399acf226a867461f
dv3-B-thomas-370185,3,B,thomas,370185,37,,185,3:2:1:370185,,test,27,500.0,1.0548822289818651,0.45,,,,,,,,,473.9865610235772,0.020124611797498106,,,,,,,,1.9999999999999996,0.7492991500419279,,1,560,1,exact,0.07484376303829134,649,,,,,,0.00018429200281389058,7f29677c0030debcdb5602c3639c4dd5f0ae1052
dv3-B-thomas-370186,3,B,thomas,370186,37,,186,3:2:1:370186,,test,27,500.0,1.0548822289818651,0.45,,,,,,,,,473.9865610235772,0.020124611797498106,,,,,,,,1.9999999999999996,0.7492991500419279,,1,513,1,exact,0.07484376303829134,614,,,,,,0.00018829199689207599,c01aad887a7ad8764dd6cd563662cdda65d11d3b
dv3-B-thomas-370187,3,B,thomas,370187,37,,187,3:2:1:370187,,test,27,500.0,1.0548822289818651,0.45,,,,,,,,,473.9865610235772,0.020124611797498106,,,,,,,,1.9999999999999996,0.7492991500419279,,1,502,1,exact,0.07484376303829134,585,,,,,,0.00017429199942853302,8cbfc4b993dcbd37b1e12ccd933f33ca39cd62e2
dv3-B-thomas-370188,3,B,thomas,370188,37,,188,3:2:1:370188,,test,27,500.0,1.0548822289818651,0.45,,,,,,,,,473.9865610235772,0.020124611797498106,,,,,,,,1.9999999999999996,0.7492991500419279,,1,498,1,exact,0.07484376303829134,628,,,,,,0.00017462499818066135,ca379e4385539dda5de9efcbd7e32258b04f4359
dv3-B-thomas-370189,3,B,thomas,370189,37,,189,3:2:1:370189,,test,27,500.0,1.0548822289818651,0.45,,,,,,,,,473.9865610235772,0.020124611797498106,,,,,,,,1.9999999999999996,0.7492991500419279,,1,518,1,exact,0.07484376303829134,634,,,,,,0.00017920800019055605,23cb79511941bef6d7c0b24b923410db8f43896e
dv3-B-thomas-370190,3,B,thomas,370190,37,,190,3:2:1:370190,,test,27,500.0,1.0548822289818651,0.45,,,,,,,,,473.9865610235772,0.020124611797498106,,,,,,,,1.9999999999999996,0.7492991500419279,,1,460,1,exact,0.07484376303829134,618,,,,,,0.00018654100131243467,8d2ee221a69e41a78f165e168e78de30a40f2f3c
dv3-B-thomas-370191,3,B,thomas,370191,37,,191,3:2:1:370191,,test,27,500.0,1.0548822289818651,0.45,,,,,,,,,473.9865610235772,0.020124611797498106,,,,,,,,1.9999999999999996,0.7492991500419279,,1,526,1,exact,0.07484376303829134,624,,,,,,0.0001414580001437571,092e3bd8d6261bb41f11a4c154518497233d42f0
dv3-B-thomas-370192,3,B,thomas,370192,37,,192,3:2:1:370192,,test,27,500.0,1.0548822289818651,0.45,,,,,,,,,473.9865610235772,0.020124611797498106,,,,,,,,1.9999999999999996,0.7492991500419279,,1,575,1,exact,0.07484376303829134,673,,,,,,0.00011287500092294067,d22279df3fb943e1ebea6860a980ed5150f994aa
dv3-B-thomas-370193,3,B,thomas,370193,37,,193,3:2:1:370193,,test,27,500.0,1.0548822289818651,0.45,,,,,,,,,473.9865610235772,0.020124611797498106,,,,,,,,1.9999999999999996,0.7492991500419279,,1,446,1,exact,0.07484376303829134,598,,,,,,0.00010600000314298086,4977e70f2efbd9d9de3a88fb813944ffec796d8f
dv3-B-thomas-370194,3,B,thomas,370194,37,,194,3:2:1:370194,,test,27,500.0,1.0548822289818651,0.45,,,,,,,,,473.9865610235772,0.020124611797498106,,,,,,,,1.9999999999999996,0.7492991500419279,,1,431,1,exact,0.07484376303829134,641,,,,,,0.00010358399958931841,62d57446fb177f049adabd2c12f3a3f008a2287d
dv3-B-thomas-370195,3,B,thomas,370195,37,,195,3:2:1:370195,,test,27,500.0,1.0548822289818651,0.45,,,,,,,,,473.9865610235772,0.020124611797498106,,,,,,,,1.9999999999999996,0.7492991500419279,,1,477,1,exact,0.07484376303829134,594,,,,,,9.845800013863482e-05,862316d7366310bd4f8945ce74c83755e70af1e5
dv3-B-thomas-370196,3,B,thomas,370196,37,,196,3:2:1:370196,,test,27,500.0,1.0548822289818651,0.45,,,,,,,,,473.9865610235772,0.020124611797498106,,,,,,,,1.9999999999999996,0.7492991500419279,,1,489,1,exact,0.07484376303829134,615,,,,,,0.00010062499859486707,11eeece91e112dcacb37cc1cc1924909a8e102e7
dv3-B-thomas-370197,3,B,thomas,370197,37,,197,3:2:1:370197,,test,27,500.0,1.0548822289818651,0.45,,,,,,,,,473.9865610235772,0.020124611797498106,,,,,,,,1.9999999999999996,0.7492991500419279,,1,497,1,exact,0.07484376303829134,630,,,,,,0.00010074999954667874,6b569a9ec8c51fc3e0430cb874ab75ce5be795e2
dv3-B-thomas-370198,3,B,thomas,370198,37,,198,3:2:1:370198,,test,27,500.0,1.0548822289818651,0.45,,,,,,,,,473.9865610235772,0.020124611797498106,,,,,,,,1.9999999999999996,0.7492991500419279,,1,478,1,exact,0.07484376303829134,626,,,,,,0.00010116699922946282,e68156ce98147fc97cd74e6e9b2072b12e087e88
dv3-B-thomas-370199,3,B,thomas,370199,37,,199,3:2:1:370199,,test,27,500.0,1.0548822289818651,0.45,,,,,,,,,473.9865610235772,0.020124611797498106,,,,,,,,1.9999999999999996,0.7492991500419279,,1,497,1,exact,0.07484376303829134,610,,,,,,9.858300109044649e-05,659e04785ece716778f89d27b4769a65af8cdfe8
dv3-B-thomas-370200,3,B,thomas,370200,37,,200,3:2:1:370200,,test,27,500.0,1.0548822289818651,0.45,,,,,,,,,473.9865610235772,0.020124611797498106,,,,,,,,1.9999999999999996,0.7492991500419279,,1,477,1,exact,0.07484376303829134,584,,,,,,9.508400034974329e-05,a0510c3ca09bc4225294bfaefe3acb075dd5a54d
dv3-B-thomas-370201,3,B,thomas,370201,37,,201,3:2:1:370201,,test,27,500.0,1.0548822289818651,0.45,,,,,,,,,473.9865610235772,0.020124611797498106,,,,,,,,1.9999999999999996,0.7492991500419279,,1,455,1,exact,0.07484376303829134,619,,,,,,9.829199916566722e-05,dc66e90113904fcf3b385d561c9800b222b9fa97
dv3-B-thomas-370202,3,B,thomas,370202,37,,202,3:2:1:370202,,test,27,500.0,1.0548822289818651,0.45,,,,,,,,,473.9865610235772,0.020124611797498106,,,,,,,,1.9999999999999996,0.7492991500419279,,1,508,1,exact,0.07484376303829134,632,,,,,,9.975000284612179e-05,e7910c93d967303aa0e8f5c0a55b9801a2399a4f
dv3-B-thomas-370203,3,B,thomas,370203,37,,203,3:2:1:370203,,test,27,500.0,1.0548822289818651,0.45,,,,,,,,,473.9865610235772,0.020124611797498106,,,,,,,,1.9999999999999996,0.7492991500419279,,1,476,1,exact,0.07484376303829134,607,,,,,,9.766700168256648e-05,44c9f6f45f93ceb7fb2af4054f2cac24ef3d15cb
dv3-B-thomas-370204,3,B,thomas,370204,37,,204,3:2:1:370204,,test,27,500.0,1.0548822289818651,0.45,,,,,,,,,473.9865610235772,0.020124611797498106,,,,,,,,1.9999999999999996,0.7492991500419279,,1,517,1,exact,0.07484376303829134,658,,,,,,0.00010225000005448237,45566d4043dcec47e6704f84197c24f4a5f84ff2
dv3-B-thomas-370205,3,B,thomas,370205,37,,205,3:2:1:370205,,test,27,500.0,1.0548822289818651,0.45,,,,,,,,,473.9865610235772,0.020124611797498106,,,,,,,,1.9999999999999996,0.7492991500419279,,1,544,1,exact,0.07484376303829134,627,,,,,,0.00010054199810838327,0464bc3f8b2024bc23483a3f6cfb1caaa1ee35ff
dv3-B-thomas-370206,3,B,thomas,370206,37,,206,3:2:1:370206,,test,27,500.0,1.0548822289818651,0.45,,,,,,,,,473.9865610235772,0.020124611797498106,,,,,,,,1.9999999999999996,0.7492991500419279,,1,538,1,exact,0.07484376303829134,674,,,,,,0.00010308300261385739,cd401b88007c64d636fddf789b44389b25a78a83
dv3-B-thomas-370207,3,B,thomas,370207,37,,207,3:2:1:370207,,test,27,500.0,1.0548822289818651,0.45,,,,,,,,,473.9865610235772,0.020124611797498106,,,,,,,,1.9999999999999996,0.7492991500419279,,1,466,1,exact,0.07484376303829134,623,,,,,,9.945800047717057e-05,1ad4983aafb360bc15df0e17f17f02208f9202bc
dv3-B-thomas-370208,3,B,thomas,370208,37,,208,3:2:1:370208,,test,27,500.0,1.0548822289818651,0.45,,,,,,,,,473.9865610235772,0.020124611797498106,,,,,,,,1.9999999999999996,0.7492991500419279,,1,498,1,exact,0.07484376303829134,605,,,,,,9.962499825633131e-05,c45905f2cdde8c06123172f822978999c83ecb2e
dv3-B-thomas-370209,3,B,thomas,370209,37,,209,3:2:1:370209,,test,27,500.0,1.0548822289818651,0.45,,,,,,,,,473.9865610235772,0.020124611797498106,,,,,,,,1.9999999999999996,0.7492991500419279,,1,495,1,exact,0.07484376303829134,632,,,,,,9.91669985523913e-05,ded6c1a50f2219a0647dede9f108252b7d3549ea
dv3-B-thomas-370210,3,B,thomas,370210,37,,210,3:2:1:370210,,test,27,500.0,1.0548822289818651,0.45,,,,,,,,,473.9865610235772,0.020124611797498106,,,,,,,,1.9999999999999996,0.7492991500419279,,1,533,1,exact,0.07484376303829134,646,,,,,,0.00010133300020243041,1b807058a083df9e106fd6862edb0f1022f2bc74
dv3-B-thomas-370211,3,B,thomas,370211,37,,211,3:2:1:370211,,test,27,500.0,1.0548822289818651,0.45,,,,,,,,,473.9865610235772,0.020124611797498106,,,,,,,,1.9999999999999996,0.7492991500419279,,1,514,1,exact,0.07484376303829134,640,,,,,,0.00010079200001200661,8de02b6e289cb9a32784a4d5c3f53b57e0b3fff3
dv3-B-thomas-370212,3,B,thomas,370212,37,,212,3:2:1:370212,,test,27,500.0,1.0548822289818651,0.45,,,,,,,,,473.9865610235772,0.020124611797498106,,,,,,,,1.9999999999999996,0.7492991500419279,,1,523,1,exact,0.07484376303829134,641,,,,,,9.858400153461844e-05,22d0da421919e5fc8c4334343f8a702573f16641
dv3-B-thomas-370213,3,B,thomas,370213,37,,213,3:2:1:370213,,test,27,500.0,1.0548822289818651,0.45,,,,,,,,,473.9865610235772,0.020124611797498106,,,,,,,,1.9999999999999996,0.7492991500419279,,1,557,1,exact,0.07484376303829134,663,,,,,,0.00010229200051981024,97404fc6968e0fc619ac38e5989f742d84da0474
dv3-B-thomas-370214,3,B,thomas,370214,37,,214,3:2:1:370214,,test,27,500.0,1.0548822289818651,0.45,,,,,,,,,473.9865610235772,0.020124611797498106,,,,,,,,1.9999999999999996,0.7492991500419279,,1,491,1,exact,0.07484376303829134,636,,,,,,9.929199950420298e-05,19bd6d6630ef8a514be661cb92d69a0e2326b6ac
dv3-B-thomas-370215,3,B,thomas,370215,37,,215,3:2:1:370215,,test,27,500.0,1.0548822289818651,0.45,,,,,,,,,473.9865610235772,0.020124611797498106,,,,,,,,1.9999999999999996,0.7492991500419279,,1,518,1,exact,0.07484376303829134,631,,,,,,9.966699872165918e-05,b79600031c0c2a4d01b5f9c3828ef787d98ddabb
dv3-B-thomas-370216,3,B,thomas,370216,37,,216,3:2:1:370216,,test,27,500.0,1.0548822289818651,0.45,,,,,,,,,473.9865610235772,0.020124611797498106,,,,,,,,1.9999999999999996,0.7492991500419279,,1,494,1,exact,0.07484376303829134,620,,,,,,9.770900214789435e-05,6d3654279383981194d752cc9e06a3b18c8beab2
dv3-B-thomas-370217,3,B,thomas,370217,37,,217,3:2:1:370217,,test,27,500.0,1.0548822289818651,0.45,,,,,,,,,473.9865610235772,0.020124611797498106,,,,,,,,1.9999999999999996,0.7492991500419279,,1,493,1,exact,0.07484376303829134,630,,,,,,9.949999730451964e-05,31389a86d4ac7c41f96244bdd8abec550d172872
dv3-B-thomas-370218,3,B,thomas,370218,37,,218,3:2:1:370218,,test,27,500.0,1.0548822289818651,0.45,,,,,,,,,473.9865610235772,0.020124611797498106,,,,,,,,1.9999999999999996,0.7492991500419279,,1,448,1,exact,0.07484376303829134,603,,,,,,9.604099977877922e-05,62f35e5f0706c9cf327111c46828642befd0d7e0
dv3-B-thomas-370219,3,B,thomas,370219,37,,219,3:2:1:370219,,test,27,500.0,1.0548822289818651,0.45,,,,,,,,,473.9865610235772,0.020124611797498106,,,,,,,,1.9999999999999996,0.7492991500419279,,1,505,1,exact,0.07484376303829134,625,,,,,,9.945799683919176e-05,a06d77530dfeefa1ac3ecbb980f4c2c861ea205c
dv3-B-thomas-370220,3,B,thomas,370220,37,,220,3:2:1:370220,,test,27,500.0,1.0548822289818651,0.45,,,,,,,,,473.9865610235772,0.020124611797498106,,,,,,,,1.9999999999999996,0.7492991500419279,,1,504,1,exact,0.07484376303829134,636,,,,,,0.000101041001471458,ea903892738b617bb86688db8246a0d78dd73c69
dv3-B-thomas-370221,3,B,thomas,370221,37,,221,3:2:1:370221,,test,27,500.0,1.0548822289818651,0.45,,,,,,,,,473.9865610235772,0.020124611797498106,,,,,,,,1.9999999999999996,0.7492991500419279,,1,511,1,exact,0.07484376303829134,647,,,,,,0.00010045800081570633,25d2a1d5df4858b7ebce348b8b9ba849283cf33c
dv3-B-thomas-370222,3,B,thomas,370222,37,,222,3:2:1:370222,,test,27,500.0,1.0548822289818651,0.45,,,,,,,,,473.9865610235772,0.020124611797498106,,,,,,,,1.9999999999999996,0.7492991500419279,,1,495,1,exact,0.07484376303829134,634,,,,,,0.00010000000111176632,38c0fb138120d3124a9a749a981de4382263a10d
dv3-B-thomas-370223,3,B,thomas,370223,37,,223,3:2:1:370223,,test,27,500.0,1.0548822289818651,0.45,,,,,,,,,473.9865610235772,0.020124611797498106,,,,,,,,1.9999999999999996,0.7492991500419279,,1,446,1,exact,0.07484376303829134,590,,,,,,9.48330016399268e-05,1f22311435f2d00774ef415d0157076893a13eaf
dv3-B-thomas-370224,3,B,thomas,370224,37,,224,3:2:1:370224,,test,27,500.0,1.0548822289818651,0.45,,,,,,,,,473.9865610235772,0.020124611797498106,,,,,,,,1.9999999999999996,0.7492991500419279,,1,539,1,exact,0.07484376303829134,641,,,,,,0.00010108299829880707,9017b07faf010116b98f81b4b820b256930f6344
dv3-B-thomas-370225,3,B,thomas,370225,37,,225,3:2:1:370225,,test,27,500.0,1.0548822289818651,0.45,,,,,,,,,473.9865610235772,0.020124611797498106,,,,,,,,1.9999999999999996,0.7492991500419279,,1,518,1,exact,0.07484376303829134,633,,,,,,0.00010079200001200661,f598344c8600054eb35baedb14eef7dbcd83aecf
dv3-B-thomas-370226,3,B,thomas,370226,37,,226,3:2:1:370226,,test,27,500.0,1.0548822289818651,0.45,,,,,,,,,473.9865610235772,0.020124611797498106,,,,,,,,1.9999999999999996,0.7492991500419279,,1,550,1,exact,0.07484376303829134,646,,,,,,0.00010174999988521449,2d09691713ad7daf0e1b2ef30b2ceebdf1c8251c
dv3-B-thomas-370227,3,B,thomas,370227,37,,227,3:2:1:370227,,test,27,500.0,1.0548822289818651,0.45,,,,,,,,,473.9865610235772,0.020124611797498106,,,,,,,,1.9999999999999996,0.7492991500419279,,1,494,1,exact,0.07484376303829134,638,,,,,,9.912499808706343e-05,ea7518e2e5be1b4790eebcc4a31b1ad89610ed09
dv3-B-thomas-370228,3,B,thomas,370228,37,,228,3:2:1:370228,,test,27,500.0,1.0548822289818651,0.45,,,,,,,,,473.9865610235772,0.020124611797498106,,,,,,,,1.9999999999999996,0.7492991500419279,,1,506,1,exact,0.07484376303829134,637,,,,,,9.900000077323057e-05,5f072b429d798b316ee1f5e6d6365f28a78b4e97
dv3-B-thomas-370229,3,B,thomas,370229,37,,229,3:2:1:370229,,test,27,500.0,1.0548822289818651,0.45,,,,,,,,,473.9865610235772,0.020124611797498106,,,,,,,,1.9999999999999996,0.7492991500419279,,1,481,1,exact,0.07484376303829134,606,,,,,,9.674999819253571e-05,6f3ff8ee8693ebd157b259fea0fe54a78e9886e5
dv3-B-thomas-370230,3,B,thomas,370230,37,,230,3:2:1:370230,,test,27,500.0,1.0548822289818651,0.45,,,,,,,,,473.9865610235772,0.020124611797498106,,,,,,,,1.9999999999999996,0.7492991500419279,,1,497,1,exact,0.07484376303829134,591,,,,,,9.824999870033935e-05,c34cfa74ea26b535b3d42cbbf07db51fc9882876
dv3-B-thomas-370231,3,B,thomas,370231,37,,231,3:2:1:370231,,test,27,500.0,1.0548822289818651,0.45,,,,,,,,,473.9865610235772,0.020124611797498106,,,,,,,,1.9999999999999996,0.7492991500419279,,1,534,1,exact,0.07484376303829134,662,,,,,,0.00010316599946236238,dc71c1a6c6f7858e11e215071f03e18eaf1a0420
dv3-B-thomas-370232,3,B,thomas,370232,37,,232,3:2:1:370232,,test,27,500.0,1.0548822289818651,0.45,,,,,,,,,473.9865610235772,0.020124611797498106,,,,,,,,1.9999999999999996,0.7492991500419279,,1,545,1,exact,0.07484376303829134,638,,,,,,0.00010091700096381828,b9155d3e4acbb2b067c8ea64b12635098646d3c3
dv3-B-thomas-370233,3,B,thomas,370233,37,,233,3:2:1:370233,,test,27,500.0,1.0548822289818651,0.45,,,,,,,,,473.9865610235772,0.020124611797498106,,,,,,,,1.9999999999999996,0.7492991500419279,,1,443,1,exact,0.07484376303829134,601,,,,,,0.00010470800043549389,817e09287469b2f8f0a1d4cf98ce689c4b20e9d3
dv3-B-thomas-370234,3,B,thomas,370234,37,,234,3:2:1:370234,,test,27,500.0,1.0548822289818651,0.45,,,,,,,,,473.9865610235772,0.020124611797498106,,,,,,,,1.9999999999999996,0.7492991500419279,,1,532,1,exact,0.07484376303829134,633,,,,,,0.00010341600136598572,0f8d054744793b351416d8302a204c3ecc93fd2f
dv3-B-thomas-370235,3,B,thomas,370235,37,,235,3:2:1:370235,,test,27,500.0,1.0548822289818651,0.45,,,,,,,,,473.9865610235772,0.020124611797498106,,,,,,,,1.9999999999999996,0.7492991500419279,,1,443,1,exact,0.07484376303829134,605,,,,,,9.687500278232619e-05,0233bb6998da9e27e3cf6cb92609193d5e74ad98
dv3-B-thomas-370236,3,B,thomas,370236,37,,236,3:2:1:370236,,test,27,500.0,1.0548822289818651,0.45,,,,,,,,,473.9865610235772,0.020124611797498106,,,,,,,,1.9999999999999996,0.7492991500419279,,1,511,1,exact,0.07484376303829134,627,,,,,,0.00010412499977974221,8f0fcba7546f3e654b750b76cf9c7d553b3277f7
dv3-B-thomas-370237,3,B,thomas,370237,37,,237,3:2:1:370237,,test,27,500.0,1.0548822289818651,0.45,,,,,,,,,473.9865610235772,0.020124611797498106,,,,,,,,1.9999999999999996,0.7492991500419279,,1,515,1,exact,0.07484376303829134,669,,,,,,0.00010137500066775829,0efa6f7f93b35a4e6a65d6775eef14454427bdee
dv3-B-thomas-370238,3,B,thomas,370238,37,,238,3:2:1:370238,,test,27,500.0,1.0548822289818651,0.45,,,,,,,,,473.9865610235772,0.020124611797498106,,,,,,,,1.9999999999999996,0.7492991500419279,,1,438,1,exact,0.07484376303829134,602,,,,,,9.604200022295117e-05,bfc523bc3248c8ef8b72f590d5d0db8d9fa5488e
dv3-B-thomas-370239,3,B,thomas,370239,37,,239,3:2:1:370239,,test,27,500.0,1.0548822289818651,0.45,,,,,,,,,473.9865610235772,0.020124611797498106,,,,,,,,1.9999999999999996,0.7492991500419279,,1,525,1,exact,0.07484376303829134,626,,,,,,0.00010162499893340282,eec44dec6c908afdc6be49018041d8a401e0d9e9
dv3-B-thomas-370240,3,B,thomas,370240,37,,240,3:2:1:370240,,test,27,500.0,1.0548822289818651,0.45,,,,,,,,,473.9865610235772,0.020124611797498106,,,,,,,,1.9999999999999996,0.7492991500419279,,1,502,1,exact,0.07484376303829134,603,,,,,,0.00010020800255006179,e8042ed53bb1cb8bc5960c90ac3e3d4f588f3845
dv3-B-thomas-370241,3,B,thomas,370241,37,,241,3:2:1:370241,,test,27,500.0,1.0548822289818651,0.45,,,,,,,,,473.9865610235772,0.020124611797498106,,,,,,,,1.9999999999999996,0.7492991500419279,,1,488,1,exact,0.07484376303829134,644,,,,,,0.00010062500223284587,9dbc3554c2be5bb01ca8af09621de2c399480a9c
dv3-B-thomas-370242,3,B,thomas,370242,37,,242,3:2:1:370242,,test,27,500.0,1.0548822289818651,0.45,,,,,,,,,473.9865610235772,0.020124611797498106,,,,,,,,1.9999999999999996,0.7492991500419279,,1,446,1,exact,0.07484376303829134,593,,,,,,9.858300109044649e-05,bee3efea1684c820ea6c53697019182b9018c8f3
dv3-B-thomas-370243,3,B,thomas,370243,37,,243,3:2:1:370243,,test,27,500.0,1.0548822289818651,0.45,,,,,,,,,473.9865610235772,0.020124611797498106,,,,,,,,1.9999999999999996,0.7492991500419279,,1,478,1,exact,0.07484376303829134,633,,,,,,0.0001012090033327695,03665f4fec68b96c4f20111346cfeb4d16e1a7d4
dv3-B-thomas-370244,3,B,thomas,370244,37,,244,3:2:1:370244,,test,27,500.0,1.0548822289818651,0.45,,,,,,,,,473.9865610235772,0.020124611797498106,,,,,,,,1.9999999999999996,0.7492991500419279,,1,459,1,exact,0.07484376303829134,611,,,,,,9.775000216905028e-05,821a5059a0b8617818e1e4baeea186de231b4248
dv3-B-thomas-370245,3,B,thomas,370245,37,,245,3:2:1:370245,,test,27,500.0,1.0548822289818651,0.45,,,,,,,,,473.9865610235772,0.020124611797498106,,,,,,,,1.9999999999999996,0.7492991500419279,,1,509,1,exact,0.07484376303829134,632,,,,,,0.00010024999937741086,9467857d12f88943d51c1960ad65c91487fe1b41
dv3-B-thomas-370246,3,B,thomas,370246,37,,246,3:2:1:370246,,test,27,500.0,1.0548822289818651,0.45,,,,,,,,,473.9865610235772,0.020124611797498106,,,,,,,,1.9999999999999996,0.7492991500419279,,1,496,1,exact,0.07484376303829134,645,,,,,,0.00010354199912399054,d81093923aa00275e25f4058d0711720a75977d8
dv3-B-thomas-370247,3,B,thomas,370247,37,,247,3:2:1:370247,,test,27,500.0,1.0548822289818651,0.45,,,,,,,,,473.9865610235772,0.020124611797498106,,,,,,,,1.9999999999999996,0.7492991500419279,,1,450,1,exact,0.07484376303829134,604,,,,,,9.629099804442376e-05,1a28706142f013aab9deea1f02de2d86c114f974
dv3-B-thomas-370248,3,B,thomas,370248,37,,248,3:2:1:370248,,test,27,500.0,1.0548822289818651,0.45,,,,,,,,,473.9865610235772,0.020124611797498106,,,,,,,,1.9999999999999996,0.7492991500419279,,1,513,1,exact,0.07484376303829134,642,,,,,,0.00010237500100629404,d3169425726901162941c25a551477223d34a279
dv3-B-thomas-370249,3,B,thomas,370249,37,,249,3:2:1:370249,,test,27,500.0,1.0548822289818651,0.45,,,,,,,,,473.9865610235772,0.020124611797498106,,,,,,,,1.9999999999999996,0.7492991500419279,,1,544,1,exact,0.07484376303829134,678,,,,,,0.00010437500168336555,b0401e132e419cfe15c08eafb378734119064f4a
dv3-B-thomas-370250,3,B,thomas,370250,37,,250,3:2:1:370250,,test,27,500.0,1.0548822289818651,0.45,,,,,,,,,473.9865610235772,0.020124611797498106,,,,,,,,1.9999999999999996,0.7492991500419279,,1,512,1,exact,0.07484376303829134,629,,,,,,0.0001004999976430554,4a3febb17c6e83f7ba68e5a5a1ee89cc1f48d99e
dv3-B-thomas-370251,3,B,thomas,370251,37,,251,3:2:1:370251,,test,27,500.0,1.0548822289818651,0.45,,,,,,,,,473.9865610235772,0.020124611797498106,,,,,,,,1.9999999999999996,0.7492991500419279,,1,497,1,exact,0.07484376303829134,659,,,,,,0.00010091700096381828,51f04926f0ffbfd773ba6dcdab198699da41bab0
dv3-B-thomas-370252,3,B,thomas,370252,37,,252,3:2:1:370252,,test,27,500.0,1.0548822289818651,0.45,,,,,,,,,473.9865610235772,0.020124611797498106,,,,,,,,1.9999999999999996,0.7492991500419279,,1,482,1,exact,0.07484376303829134,590,,,,,,9.691699960967526e-05,ce161e66ff81ba5b720e5fdc6d477456485d5cdd
dv3-B-thomas-370253,3,B,thomas,370253,37,,253,3:2:1:370253,,test,27,500.0,1.0548822289818651,0.45,,,,,,,,,473.9865610235772,0.020124611797498106,,,,,,,,1.9999999999999996,0.7492991500419279,,1,506,1,exact,0.07484376303829134,620,,,,,,9.724999836180359e-05,73aa1944c375abeea6c2d84cd416804044a2c146
dv3-B-thomas-370254,3,B,thomas,370254,37,,254,3:2:1:370254,,test,27,500.0,1.0548822289818651,0.45,,,,,,,,,473.9865610235772,0.020124611797498106,,,,,,,,1.9999999999999996,0.7492991500419279,,1,530,1,exact,0.07484376303829134,662,,,,,,0.00010162499893340282,e510d77aeec2aa2325aa25b5e44ff0f539663477
dv3-B-thomas-370255,3,B,thomas,370255,37,,255,3:2:1:370255,,test,27,500.0,1.0548822289818651,0.45,,,,,,,,,473.9865610235772,0.020124611797498106,,,,,,,,1.9999999999999996,0.7492991500419279,,1,504,1,exact,0.07484376303829134,658,,,,,,9.987500015995465e-05,cb8dc0a83dd239235796512179d07f869e2f9eaf
dv3-B-thomas-370256,3,B,thomas,370256,37,,256,3:2:1:370256,,test,27,500.0,1.0548822289818651,0.45,,,,,,,,,473.9865610235772,0.020124611797498106,,,,,,,,1.9999999999999996,0.7492991500419279,,1,530,1,exact,0.07484376303829134,634,,,,,,0.00010112500240211375,72df9a6791901ee90e590f41e3c49e40cee25711
dv3-B-thomas-370257,3,B,thomas,370257,37,,257,3:2:1:370257,,test,27,500.0,1.0548822289818651,0.45,,,,,,,,,473.9865610235772,0.020124611797498106,,,,,,,,1.9999999999999996,0.7492991500419279,,1,516,1,exact,0.07484376303829134,634,,,,,,0.00010024999937741086,8d3170abe139721ce1a5c8fb470036008403d769
dv3-B-thomas-370258,3,B,thomas,370258,37,,258,3:2:1:370258,,test,27,500.0,1.0548822289818651,0.45,,,,,,,,,473.9865610235772,0.020124611797498106,,,,,,,,1.9999999999999996,0.7492991500419279,,1,493,1,exact,0.07484376303829134,624,,,,,,9.845800013863482e-05,385d0d9887df6015d2f9597c773547f8d663d062
dv3-B-thomas-370259,3,B,thomas,370259,37,,259,3:2:1:370259,,test,27,500.0,1.0548822289818651,0.45,,,,,,,,,473.9865610235772,0.020124611797498106,,,,,,,,1.9999999999999996,0.7492991500419279,,1,515,1,exact,0.07484376303829134,634,,,,,,9.920900265569799e-05,b23becd34421464aa9bc42de36ce126aaa0000f0
dv3-B-thomas-370260,3,B,thomas,370260,37,,260,3:2:1:370260,,test,27,500.0,1.0548822289818651,0.45,,,,,,,,,473.9865610235772,0.020124611797498106,,,,,,,,1.9999999999999996,0.7492991500419279,,1,476,1,exact,0.07484376303829134,607,,,,,,9.829200280364603e-05,04cc339f8817d602581ae6ae49c1325602c9159a
dv3-B-thomas-370261,3,B,thomas,370261,37,,261,3:2:1:370261,,test,27,500.0,1.0548822289818651,0.45,,,,,,,,,473.9865610235772,0.020124611797498106,,,,,,,,1.9999999999999996,0.7492991500419279,,1,502,1,exact,0.07484376303829134,640,,,,,,0.00010087500049849041,e99f78915fd335d32c724693d9af31a22b2b8ee5
dv3-B-thomas-370262,3,B,thomas,370262,37,,262,3:2:1:370262,,test,27,500.0,1.0548822289818651,0.45,,,,,,,,,473.9865610235772,0.020124611797498106,,,,,,,,1.9999999999999996,0.7492991500419279,,1,508,1,exact,0.07484376303829134,638,,,,,,0.00010029199984273873,ea00aba46860d12ffface6b04fb547f886d5ed34
dv3-B-thomas-370263,3,B,thomas,370263,37,,263,3:2:1:370263,,test,27,500.0,1.0548822289818651,0.45,,,,,,,,,473.9865610235772,0.020124611797498106,,,,,,,,1.9999999999999996,0.7492991500419279,,1,517,1,exact,0.07484376303829134,656,,,,,,0.00010145799751626328,6537e50a9300c64ebd04b29954645fb46a3cac55
dv3-B-thomas-370264,3,B,thomas,370264,37,,264,3:2:1:370264,,test,27,500.0,1.0548822289818651,0.45,,,,,,,,,473.9865610235772,0.020124611797498106,,,,,,,,1.9999999999999996,0.7492991500419279,,1,524,1,exact,0.07484376303829134,604,,,,,,9.987500015995465e-05,5933efb95ff6e53a1e16e66c5554f2da77c7482b
dv3-B-thomas-370265,3,B,thomas,370265,37,,265,3:2:1:370265,,test,27,500.0,1.0548822289818651,0.45,,,,,,,,,473.9865610235772,0.020124611797498106,,,,,,,,1.9999999999999996,0.7492991500419279,,1,431,1,exact,0.07484376303829134,605,,,,,,9.849999696598388e-05,d27ccc829ed634fe4e41acc517d9ce6e9e6c7b9e
dv3-B-thomas-370266,3,B,thomas,370266,37,,266,3:2:1:370266,,test,27,500.0,1.0548822289818651,0.45,,,,,,,,,473.9865610235772,0.020124611797498106,,,,,,,,1.9999999999999996,0.7492991500419279,,1,524,1,exact,0.07484376303829134,637,,,,,,0.00010208400271949358,51bd6b0435791f63e8696d9f1fdc29e6fc9d68b8
dv3-B-thomas-370267,3,B,thomas,370267,37,,267,3:2:1:370267,,test,27,500.0,1.0548822289818651,0.45,,,,,,,,,473.9865610235772,0.020124611797498106,,,,,,,,1.9999999999999996,0.7492991500419279,,1,488,1,exact,0.07484376303829134,622,,,,,,0.00010045900125987828,c466512e4caa9b43ff00e1969663fa13819234ad
dv3-B-thomas-370268,3,B,thomas,370268,37,,268,3:2:1:370268,,test,27,500.0,1.0548822289818651,0.45,,,,,,,,,473.9865610235772,0.020124611797498106,,,,,,,,1.9999999999999996,0.7492991500419279,,1,507,1,exact,0.07484376303829134,613,,,,,,9.958299779100344e-05,b2781f190ca93c1cfaa97973d00d7cb07be83c54
dv3-B-thomas-370269,3,B,thomas,370269,37,,269,3:2:1:370269,,test,27,500.0,1.0548822289818651,0.45,,,,,,,,,473.9865610235772,0.020124611797498106,,,,,,,,1.9999999999999996,0.7492991500419279,,1,510,1,exact,0.07484376303829134,655,,,,,,0.00010154200208489783,0ef63cc54c6fa4317aef64f7a593d4b136e1bab2
dv3-B-thomas-370270,3,B,thomas,370270,37,,270,3:2:1:370270,,test,27,500.0,1.0548822289818651,0.45,,,,,,,,,473.9865610235772,0.020124611797498106,,,,,,,,1.9999999999999996,0.7492991500419279,,1,527,1,exact,0.07484376303829134,634,,,,,,0.00010058299812953919,b7f4bb608402ba561566a9a12fd9c7d693de1c51
dv3-B-thomas-370271,3,B,thomas,370271,37,,271,3:2:1:370271,,test,27,500.0,1.0548822289818651,0.45,,,,,,,,,473.9865610235772,0.020124611797498106,,,,,,,,1.9999999999999996,0.7492991500419279,,1,477,1,exact,0.07484376303829134,602,,,,,,9.783299901755527e-05,5120a17b560f4a896e2cff4393d29de4eeef4ee2
dv3-B-thomas-370272,3,B,thomas,370272,37,,272,3:2:1:370272,,test,27,500.0,1.0548822289818651,0.45,,,,,,,,,473.9865610235772,0.020124611797498106,,,,,,,,1.9999999999999996,0.7492991500419279,,1,503,1,exact,0.07484376303829134,641,,,,,,9.67090018093586e-05,6a0c0777d844a6226e7db0c9e0115e16ab1d5c5a
dv3-B-thomas-370273,3,B,thomas,370273,37,,273,3:2:1:370273,,test,27,500.0,1.0548822289818651,0.45,,,,,,,,,473.9865610235772,0.020124611797498106,,,,,,,,1.9999999999999996,0.7492991500419279,,1,532,1,exact,0.07484376303829134,614,,,,,,9.858299745246768e-05,9769804924d46fd6d0601344a7c591ca793ca83c
dv3-B-thomas-370274,3,B,thomas,370274,37,,274,3:2:1:370274,,test,27,500.0,1.0548822289818651,0.45,,,,,,,,,473.9865610235772,0.020124611797498106,,,,,,,,1.9999999999999996,0.7492991500419279,,1,467,1,exact,0.07484376303829134,626,,,,,,0.0004537919994618278,e82db26a7e3f9594f6d0563f7b9fd7ead63fc505
dv3-B-thomas-370275,3,B,thomas,370275,37,,275,3:2:1:370275,,test,27,500.0,1.0548822289818651,0.45,,,,,,,,,473.9865610235772,0.020124611797498106,,,,,,,,1.9999999999999996,0.7492991500419279,,1,492,1,exact,0.07484376303829134,662,,,,,,0.0002553330014052335,85c9f0ce9cc08c536b85c3d3e9a0e54a30bc7fda
dv3-B-thomas-370276,3,B,thomas,370276,37,,276,3:2:1:370276,,test,27,500.0,1.0548822289818651,0.45,,,,,,,,,473.9865610235772,0.020124611797498106,,,,,,,,1.9999999999999996,0.7492991500419279,,1,505,1,exact,0.07484376303829134,629,,,,,,0.000203957999474369,7a2a0112d69786529dfd8f0e9526f7ab50a990ed
dv3-B-thomas-370277,3,B,thomas,370277,37,,277,3:2:1:370277,,test,27,500.0,1.0548822289818651,0.45,,,,,,,,,473.9865610235772,0.020124611797498106,,,,,,,,1.9999999999999996,0.7492991500419279,,1,519,1,exact,0.07484376303829134,639,,,,,,0.00019137499839416705,816c17a43f6d7565143cc88e23fc2afd5c9db056
dv3-B-thomas-370278,3,B,thomas,370278,37,,278,3:2:1:370278,,test,27,500.0,1.0548822289818651,0.45,,,,,,,,,473.9865610235772,0.020124611797498106,,,,,,,,1.9999999999999996,0.7492991500419279,,1,475,1,exact,0.07484376303829134,616,,,,,,0.0001824589999159798,e2dd1dd0f80eaaaefedfaf5f33307cebbae50215
dv3-B-thomas-370279,3,B,thomas,370279,37,,279,3:2:1:370279,,test,27,500.0,1.0548822289818651,0.45,,,,,,,,,473.9865610235772,0.020124611797498106,,,,,,,,1.9999999999999996,0.7492991500419279,,1,484,1,exact,0.07484376303829134,624,,,,,,0.00017891699826577678,8511d508ecd9020d5bc4d64da23d9e21164a3988
dv3-B-thomas-370280,3,B,thomas,370280,37,,280,3:2:1:370280,,test,27,500.0,1.0548822289818651,0.45,,,,,,,,,473.9865610235772,0.020124611797498106,,,,,,,,1.9999999999999996,0.7492991500419279,,1,494,1,exact,0.07484376303829134,657,,,,,,0.00018354200074099936,55b420c31b3ee7d06eab14d7b68ea7b2f43699ac
dv3-B-thomas-370281,3,B,thomas,370281,37,,281,3:2:1:370281,,test,27,500.0,1.0548822289818651,0.45,,,,,,,,,473.9865610235772,0.020124611797498106,,,,,,,,1.9999999999999996,0.7492991500419279,,1,452,1,exact,0.07484376303829134,636,,,,,,0.00017925000065588392,6930e96ec9373e85fc1725eef8d2d4749e64f871
dv3-B-thomas-370282,3,B,thomas,370282,37,,282,3:2:1:370282,,test,27,500.0,1.0548822289818651,0.45,,,,,,,,,473.9865610235772,0.020124611797498106,,,,,,,,1.9999999999999996,0.7492991500419279,,1,539,1,exact,0.07484376303829134,631,,,,,,0.00019466699814074673,d3c8ef2ed816ef3a3888491b4aef8bea3c5f407e
dv3-B-thomas-370283,3,B,thomas,370283,37,,283,3:2:1:370283,,test,27,500.0,1.0548822289818651,0.45,,,,,,,,,473.9865610235772,0.020124611797498106,,,,,,,,1.9999999999999996,0.7492991500419279,,1,524,1,exact,0.07484376303829134,630,,,,,,0.00018816600277204998,ee500f22da6b9a0c016d771f2322a4f2e4d9e1ce
dv3-B-thomas-370284,3,B,thomas,370284,37,,284,3:2:1:370284,,test,27,500.0,1.0548822289818651,0.45,,,,,,,,,473.9865610235772,0.020124611797498106,,,,,,,,1.9999999999999996,0.7492991500419279,,1,461,1,exact,0.07484376303829134,600,,,,,,0.000216500000533415,8dea6787ed918dcc56136079913c181a7a276b57
dv3-B-thomas-370285,3,B,thomas,370285,37,,285,3:2:1:370285,,test,27,500.0,1.0548822289818651,0.45,,,,,,,,,473.9865610235772,0.020124611797498106,,,,,,,,1.9999999999999996,0.7492991500419279,,1,434,1,exact,0.07484376303829134,589,,,,,,0.00013254199802759103,3a6a8ed632f2c9a7dc719f063daf0e6c426f389e
dv3-B-thomas-370286,3,B,thomas,370286,37,,286,3:2:1:370286,,test,27,500.0,1.0548822289818651,0.45,,,,,,,,,473.9865610235772,0.020124611797498106,,,,,,,,1.9999999999999996,0.7492991500419279,,1,505,1,exact,0.07484376303829134,641,,,,,,0.00011116699897684157,01068479739292c152e98f97126d5097b19132e2
dv3-B-thomas-370287,3,B,thomas,370287,37,,287,3:2:1:370287,,test,27,500.0,1.0548822289818651,0.45,,,,,,,,,473.9865610235772,0.020124611797498106,,,,,,,,1.9999999999999996,0.7492991500419279,,1,475,1,exact,0.07484376303829134,589,,,,,,9.708300058264285e-05,6d582f127916d23dd9d593a6e2f5845527916263
dv3-B-thomas-370288,3,B,thomas,370288,37,,288,3:2:1:370288,,test,27,500.0,1.0548822289818651,0.45,,,,,,,,,473.9865610235772,0.020124611797498106,,,,,,,,1.9999999999999996,0.7492991500419279,,1,501,1,exact,0.07484376303829134,651,,,,,,0.0001049169986799825,eb716e4e03f9806082a185d9a8d2a67265628ddd
dv3-B-thomas-370289,3,B,thomas,370289,37,,289,3:2:1:370289,,test,27,500.0,1.0548822289818651,0.45,,,,,,,,,473.9865610235772,0.020124611797498106,,,,,,,,1.9999999999999996,0.7492991500419279,,1,515,1,exact,0.07484376303829134,618,,,,,,0.00010216699956799857,571de65d355e1777012e9696454bbbadbc7e65e0
dv3-B-thomas-370290,3,B,thomas,370290,37,,290,3:2:1:370290,,test,27,500.0,1.0548822289818651,0.45,,,,,,,,,473.9865610235772,0.020124611797498106,,,,,,,,1.9999999999999996,0.7492991500419279,,1,528,1,exact,0.07484376303829134,629,,,,,,0.00010437500168336555,670c0895e0bedad4b08f4ff0b6a10388b0d1c579
dv3-B-thomas-370291,3,B,thomas,370291,37,,291,3:2:1:370291,,test,27,500.0,1.0548822289818651,0.45,,,,,,,,,473.9865610235772,0.020124611797498106,,,,,,,,1.9999999999999996,0.7492991500419279,,1,502,1,exact,0.07484376303829134,619,,,,,,0.00014454099800786935,34d27ab405a054194827c6eed88e3e4a15f193a0
dv3-B-thomas-370292,3,B,thomas,370292,37,,292,3:2:1:370292,,test,27,500.0,1.0548822289818651,0.45,,,,,,,,,473.9865610235772,0.020124611797498106,,,,,,,,1.9999999999999996,0.7492991500419279,,1,447,1,exact,0.07484376303829134,592,,,,,,0.0002208340010838583,d9030da799ab61b712578a9c3ac8533bd7b3f00e
dv3-B-thomas-370293,3,B,thomas,370293,37,,293,3:2:1:370293,,test,27,500.0,1.0548822289818651,0.45,,,,,,,,,473.9865610235772,0.020124611797498106,,,,,,,,1.9999999999999996,0.7492991500419279,,1,504,1,exact,0.07484376303829134,608,,,,,,0.00019725000311154872,d9df1b4f2009dc7cf9f45f9ed0ad475206f19c99
dv3-B-thomas-370294,3,B,thomas,370294,37,,294,3:2:1:370294,,test,27,500.0,1.0548822289818651,0.45,,,,,,,,,473.9865610235772,0.020124611797498106,,,,,,,,1.9999999999999996,0.7492991500419279,,1,475,1,exact,0.07484376303829134,596,,,,,,0.00018500000078347512,03bc90829d895aa5a1c018e7b4cfc2560c7063dd
dv3-B-thomas-370295,3,B,thomas,370295,37,,295,3:2:1:370295,,test,27,500.0,1.0548822289818651,0.45,,,,,,,,,473.9865610235772,0.020124611797498106,,,,,,,,1.9999999999999996,0.7492991500419279,,1,482,1,exact,0.07484376303829134,584,,,,,,0.0001846250015660189,d7b25a26f442ef6b965f2abf57c3090995a8ab8b
dv3-B-thomas-370296,3,B,thomas,370296,37,,296,3:2:1:370296,,test,27,500.0,1.0548822289818651,0.45,,,,,,,,,473.9865610235772,0.020124611797498106,,,,,,,,1.9999999999999996,0.7492991500419279,,1,505,1,exact,0.07484376303829134,622,,,,,,0.00018004099911195226,356aa151581f08b9589bebb83b72df5aba9ab6e3
dv3-B-thomas-370297,3,B,thomas,370297,37,,297,3:2:1:370297,,test,27,500.0,1.0548822289818651,0.45,,,,,,,,,473.9865610235772,0.020124611797498106,,,,,,,,1.9999999999999996,0.7492991500419279,,1,468,1,exact,0.07484376303829134,621,,,,,,0.00019470799816190265,6cb2d1d24f69fc824bce545e7f129911f958ab87
dv3-B-thomas-370298,3,B,thomas,370298,37,,298,3:2:1:370298,,test,27,500.0,1.0548822289818651,0.45,,,,,,,,,473.9865610235772,0.020124611797498106,,,,,,,,1.9999999999999996,0.7492991500419279,,1,519,1,exact,0.07484376303829134,603,,,,,,0.00017929100067703985,57d7a505c6fb480c80396dd4e5f8d952d9de4bea
dv3-B-thomas-370299,3,B,thomas,370299,37,,299,3:2:1:370299,,test,27,500.0,1.0548822289818651,0.45,,,,,,,,,473.9865610235772,0.020124611797498106,,,,,,,,1.9999999999999996,0.7492991500419279,,1,501,1,exact,0.07484376303829134,623,,,,,,0.00018075000116368756,1d9d9393c8d118718a98325c85d51f91484f9d4c
dv3-B-thomas-370300,3,B,thomas,370300,37,,300,3:2:1:370300,,test,27,500.0,1.0548822289818651,0.45,,,,,,,,,473.9865610235772,0.020124611797498106,,,,,,,,1.9999999999999996,0.7492991500419279,,1,463,1,exact,0.07484376303829134,649,,,,,,0.00011941600314457901,3494a923fe18ccabe285657bc66edb837c2dc1f3
dv3-B-thomas-370301,3,B,thomas,370301,37,,301,3:2:1:370301,,test,27,500.0,1.0548822289818651,0.45,,,,,,,,,473.9865610235772,0.020124611797498106,,,,,,,,1.9999999999999996,0.7492991500419279,,1,524,1,exact,0.07484376303829134,614,,,,,,0.00010062499859486707,2e5e0a9f5b24dbec3b7208b447ada4dfdd0a80d2
dv3-B-thomas-370302,3,B,thomas,370302,37,,302,3:2:1:370302,,test,27,500.0,1.0548822289818651,0.45,,,,,,,,,473.9865610235772,0.020124611797498106,,,,,,,,1.9999999999999996,0.7492991500419279,,1,479,1,exact,0.07484376303829134,629,,,,,,0.00010454099901835434,8c6efc62a0b29bc1f043e46d2f5df78eaa3735cd
dv3-B-thomas-370303,3,B,thomas,370303,37,,303,3:2:1:370303,,test,27,500.0,1.0548822289818651,0.45,,,,,,,,,473.9865610235772,0.020124611797498106,,,,,,,,1.9999999999999996,0.7492991500419279,,1,459,1,exact,0.07484376303829134,598,,,,,,9.733400293043815e-05,4c6b193cd0602938d6642a9fa8ef466a72b0d90f
dv3-B-thomas-370304,3,B,thomas,370304,37,,304,3:2:1:370304,,test,27,500.0,1.0548822289818651,0.45,,,,,,,,,473.9865610235772,0.020124611797498106,,,,,,,,1.9999999999999996,0.7492991500419279,,1,490,1,exact,0.07484376303829134,644,,,,,,9.63749989750795e-05,9e65a95a4c80da23daf288cfcca3b79492c0efef
dv3-B-thomas-370305,3,B,thomas,370305,37,,305,3:2:1:370305,,test,27,500.0,1.0548822289818651,0.45,,,,,,,,,473.9865610235772,0.020124611797498106,,,,,,,,1.9999999999999996,0.7492991500419279,,1,470,1,exact,0.07484376303829134,629,,,,,,9.774999853107147e-05,7b22340285e955c31cf6a3e2ebebfd89a5cb8986
dv3-B-thomas-370306,3,B,thomas,370306,37,,306,3:2:1:370306,,test,27,500.0,1.0548822289818651,0.45,,,,,,,,,473.9865610235772,0.020124611797498106,,,,,,,,1.9999999999999996,0.7492991500419279,,1,530,1,exact,0.07484376303829134,633,,,,,,9.708300058264285e-05,540ac8c4c5d9916b2301282871a02277b993e88e
dv3-B-thomas-370307,3,B,thomas,370307,37,,307,3:2:1:370307,,test,27,500.0,1.0548822289818651,0.45,,,,,,,,,473.9865610235772,0.020124611797498106,,,,,,,,1.9999999999999996,0.7492991500419279,,1,496,1,exact,0.07484376303829134,614,,,,,,9.704100011731498e-05,23e71c3bcc97d095558603af9ec9241bcd3c9de9
dv3-B-thomas-370308,3,B,thomas,370308,37,,308,3:2:1:370308,,test,27,500.0,1.0548822289818651,0.45,,,,,,,,,473.9865610235772,0.020124611797498106,,,,,,,,1.9999999999999996,0.7492991500419279,,1,543,1,exact,0.07484376303829134,639,,,,,,9.837499965215102e-05,77d6b37e1e29498159b0a85c5dfd644241c089e2
dv3-B-thomas-370309,3,B,thomas,370309,37,,309,3:2:1:370309,,test,27,500.0,1.0548822289818651,0.45,,,,,,,,,473.9865610235772,0.020124611797498106,,,,,,,,1.9999999999999996,0.7492991500419279,,1,525,1,exact,0.07484376303829134,672,,,,,,0.00012070800221408717,819e0c5c126b6378cc7eca6d94335f949a10d554
dv3-B-thomas-370310,3,B,thomas,370310,37,,310,3:2:1:370310,,test,27,500.0,1.0548822289818651,0.45,,,,,,,,,473.9865610235772,0.020124611797498106,,,,,,,,1.9999999999999996,0.7492991500419279,,1,511,1,exact,0.07484376303829134,610,,,,,,9.304099876317196e-05,9d39985f929edcc30edacf7924b3219cf1267961
dv3-B-thomas-370311,3,B,thomas,370311,37,,311,3:2:1:370311,,test,27,500.0,1.0548822289818651,0.45,,,,,,,,,473.9865610235772,0.020124611797498106,,,,,,,,1.9999999999999996,0.7492991500419279,,1,490,1,exact,0.07484376303829134,614,,,,,,9.720800153445452e-05,1b5e7b711ac15eaefabcfb7082ec4f4e9c36bafd
dv3-B-thomas-370312,3,B,thomas,370312,37,,312,3:2:1:370312,,test,27,500.0,1.0548822289818651,0.45,,,,,,,,,473.9865610235772,0.020124611797498106,,,,,,,,1.9999999999999996,0.7492991500419279,,1,517,1,exact,0.07484376303829134,697,,,,,,9.854200106929056e-05,1d1f71e5e1be2ea92730bcb8e4a49fd6206cfded
dv3-B-thomas-370313,3,B,thomas,370313,37,,313,3:2:1:370313,,test,27,500.0,1.0548822289818651,0.45,,,,,,,,,473.9865610235772,0.020124611797498106,,,,,,,,1.9999999999999996,0.7492991500419279,,1,514,1,exact,0.07484376303829134,624,,,,,,9.750000026542693e-05,d66f32e58e6a09a5b60ecec9f49f48e1fad513ea
dv3-B-thomas-370314,3,B,thomas,370314,37,,314,3:2:1:370314,,test,27,500.0,1.0548822289818651,0.45,,,,,,,,,473.9865610235772,0.020124611797498106,,,,,,,,1.9999999999999996,0.7492991500419279,,1,526,1,exact,0.07484376303829134,674,,,,,,9.604200022295117e-05,2219b97be90223b7e3f6f83364d3b43295a901cc
dv3-B-thomas-370315,3,B,thomas,370315,37,,315,3:2:1:370315,,test,27,500.0,1.0548822289818651,0.45,,,,,,,,,473.9865610235772,0.020124611797498106,,,,,,,,1.9999999999999996,0.7492991500419279,,1,510,1,exact,0.07484376303829134,616,,,,,,9.408299956703559e-05,fc351839431c1311fd54e0e29fb68e65ea3a9a23
dv3-B-thomas-370316,3,B,thomas,370316,37,,316,3:2:1:370316,,test,27,500.0,1.0548822289818651,0.45,,,,,,,,,473.9865610235772,0.020124611797498106,,,,,,,,1.9999999999999996,0.7492991500419279,,1,474,1,exact,0.07484376303829134,613,,,,,,9.449999924981967e-05,42fbb09578a7df988e9c3bfbbb2746ded2b4d0b0
dv3-B-thomas-370317,3,B,thomas,370317,37,,317,3:2:1:370317,,test,27,500.0,1.0548822289818651,0.45,,,,,,,,,473.9865610235772,0.020124611797498106,,,,,,,,1.9999999999999996,0.7492991500419279,,1,498,1,exact,0.07484376303829134,645,,,,,,9.995800064643845e-05,99c41de87ead7eb361f66eeb7773691ac7cbd6b5
dv3-B-thomas-370318,3,B,thomas,370318,37,,318,3:2:1:370318,,test,27,500.0,1.0548822289818651,0.45,,,,,,,,,473.9865610235772,0.020124611797498106,,,,,,,,1.9999999999999996,0.7492991500419279,,1,469,1,exact,0.07484376303829134,614,,,,,,9.116599903791212e-05,92c23585ff928725fc87999c131815d1bc4eed9b
dv3-B-thomas-370319,3,B,thomas,370319,37,,319,3:2:1:370319,,test,27,500.0,1.0548822289818651,0.45,,,,,,,,,473.9865610235772,0.020124611797498106,,,,,,,,1.9999999999999996,0.7492991500419279,,1,443,1,exact,0.07484376303829134,599,,,,,,9.062499884748831e-05,d53df0f962208ba41f588bac84bc890f9a0502b2
dv3-B-thomas-370320,3,B,thomas,370320,37,,320,3:2:1:370320,,test,27,500.0,1.0548822289818651,0.45,,,,,,,,,473.9865610235772,0.020124611797498106,,,,,,,,1.9999999999999996,0.7492991500419279,,1,474,1,exact,0.07484376303829134,624,,,,,,9.612500070943497e-05,28c60fd98137638a00dcd0d1d7bfcd8aaacec342
dv3-B-thomas-370321,3,B,thomas,370321,37,,321,3:2:1:370321,,test,27,500.0,1.0548822289818651,0.45,,,,,,,,,473.9865610235772,0.020124611797498106,,,,,,,,1.9999999999999996,0.7492991500419279,,1,456,1,exact,0.07484376303829134,625,,,,,,9.141700138570741e-05,fe170d1d85dac0a8350426423c6015ba2dabfe82
dv3-B-thomas-370322,3,B,thomas,370322,37,,322,3:2:1:370322,,test,27,500.0,1.0548822289818651,0.45,,,,,,,,,473.9865610235772,0.020124611797498106,,,,,,,,1.9999999999999996,0.7492991500419279,,1,522,1,exact,0.07484376303829134,623,,,,,,0.00010370800009695813,58444a03fc8c98f1b61491e2190df18e8856db56
dv3-B-thomas-370323,3,B,thomas,370323,37,,323,3:2:1:370323,,test,27,500.0,1.0548822289818651,0.45,,,,,,,,,473.9865610235772,0.020124611797498106,,,,,,,,1.9999999999999996,0.7492991500419279,,1,505,1,exact,0.07484376303829134,615,,,,,,9.295800191466697e-05,6900053327f8d690558d90c14fcf4b616ef0b23e
dv3-B-thomas-370324,3,B,thomas,370324,37,,324,3:2:1:370324,,test,27,500.0,1.0548822289818651,0.45,,,,,,,,,473.9865610235772,0.020124611797498106,,,,,,,,1.9999999999999996,0.7492991500419279,,1,488,1,exact,0.07484376303829134,616,,,,,,9.424999734619632e-05,e46f010d17245dabd1e6068ab5d1e443b85074c7
dv3-B-thomas-370325,3,B,thomas,370325,37,,325,3:2:1:370325,,test,27,500.0,1.0548822289818651,0.45,,,,,,,,,473.9865610235772,0.020124611797498106,,,,,,,,1.9999999999999996,0.7492991500419279,,1,518,1,exact,0.07484376303829134,607,,,,,,9.237500125891529e-05,63c7d277e7fe0e90cd03c02a26f77c2417e898c3
dv3-B-thomas-370326,3,B,thomas,370326,37,,326,3:2:1:370326,,test,27,500.0,1.0548822289818651,0.45,,,,,,,,,473.9865610235772,0.020124611797498106,,,,,,,,1.9999999999999996,0.7492991500419279,,1,547,1,exact,0.07484376303829134,688,,,,,,0.00010570899758022279,4d43c4f02f7fb25a057384fa388c454a1d89a337
dv3-B-thomas-370327,3,B,thomas,370327,37,,327,3:2:1:370327,,test,27,500.0,1.0548822289818651,0.45,,,,,,,,,473.9865610235772,0.020124611797498106,,,,,,,,1.9999999999999996,0.7492991500419279,,1,562,1,exact,0.07484376303829134,641,,,,,,9.579200195730664e-05,f80a933e1a3fb875a6b1b09af3805a88e6f4caaf
dv3-B-thomas-370328,3,B,thomas,370328,37,,328,3:2:1:370328,,test,27,500.0,1.0548822289818651,0.45,,,,,,,,,473.9865610235772,0.020124611797498106,,,,,,,,1.9999999999999996,0.7492991500419279,,1,493,1,exact,0.07484376303829134,628,,,,,,9.27500004763715e-05,bf28949f5b2b2eb1d323ca8795aa62cb209bebe6
dv3-B-thomas-370329,3,B,thomas,370329,37,,329,3:2:1:370329,,test,27,500.0,1.0548822289818651,0.45,,,,,,,,,473.9865610235772,0.020124611797498106,,,,,,,,1.9999999999999996,0.7492991500419279,,1,457,1,exact,0.07484376303829134,599,,,,,,9.59999997576233e-05,46da1ca6e2279f816772acb3c0ad6b3dc5a87088
dv3-B-thomas-370330,3,B,thomas,370330,37,,330,3:2:1:370330,,test,27,500.0,1.0548822289818651,0.45,,,,,,,,,473.9865610235772,0.020124611797498106,,,,,,,,1.9999999999999996,0.7492991500419279,,1,544,1,exact,0.07484376303829134,638,,,,,,9.441599831916392e-05,c0457d66149b4ba0b5d6664ccb3f751570886d7e
dv3-B-thomas-370331,3,B,thomas,370331,37,,331,3:2:1:370331,,test,27,500.0,1.0548822289818651,0.45,,,,,,,,,473.9865610235772,0.020124611797498106,,,,,,,,1.9999999999999996,0.7492991500419279,,1,521,1,exact,0.07484376303829134,637,,,,,,0.00010179200035054237,8cb7b3b0b8512a80c3ec2282d399ffcc51931d53
dv3-B-thomas-370332,3,B,thomas,370332,37,,332,3:2:1:370332,,test,27,500.0,1.0548822289818651,0.45,,,,,,,,,473.9865610235772,0.020124611797498106,,,,,,,,1.9999999999999996,0.7492991500419279,,1,516,1,exact,0.07484376303829134,662,,,,,,9.59999997576233e-05,eaa9b84ab60c8d4be53dd2580f8e8981c92667c6
dv3-B-thomas-370333,3,B,thomas,370333,37,,333,3:2:1:370333,,test,27,500.0,1.0548822289818651,0.45,,,,,,,,,473.9865610235772,0.020124611797498106,,,,,,,,1.9999999999999996,0.7492991500419279,,1,517,1,exact,0.07484376303829134,616,,,,,,9.358299939776771e-05,9712896dc91d2802e573d07f4e5cd67b6e3b140f
dv3-B-thomas-370334,3,B,thomas,370334,37,,334,3:2:1:370334,,test,27,500.0,1.0548822289818651,0.45,,,,,,,,,473.9865610235772,0.020124611797498106,,,,,,,,1.9999999999999996,0.7492991500419279,,1,479,1,exact,0.07484376303829134,660,,,,,,9.712500104797073e-05,2765ae612d5c4a8b0d780594f2c74f1b0645866b
dv3-B-thomas-370335,3,B,thomas,370335,37,,335,3:2:1:370335,,test,27,500.0,1.0548822289818651,0.45,,,,,,,,,473.9865610235772,0.020124611797498106,,,,,,,,1.9999999999999996,0.7492991500419279,,1,477,1,exact,0.07484376303829134,606,,,,,,9.299999874201603e-05,b2e75ede687ae716efab33ada36602abdba5fd5a
dv3-B-thomas-370336,3,B,thomas,370336,37,,336,3:2:1:370336,,test,27,500.0,1.0548822289818651,0.45,,,,,,,,,473.9865610235772,0.020124611797498106,,,,,,,,1.9999999999999996,0.7492991500419279,,1,520,1,exact,0.07484376303829134,621,,,,,,9.59169992711395e-05,4fa0c5e8595f8dcbd2ba910ca86ae63b866fdfc5
dv3-B-thomas-370337,3,B,thomas,370337,37,,337,3:2:1:370337,,test,27,500.0,1.0548822289818651,0.45,,,,,,,,,473.9865610235772,0.020124611797498106,,,,,,,,1.9999999999999996,0.7492991500419279,,1,522,1,exact,0.07484376303829134,627,,,,,,9.658400085754693e-05,588a343777f0c33fb1fb01ce72e790a8b264ca03
dv3-B-thomas-370338,3,B,thomas,370338,37,,338,3:2:1:370338,,test,27,500.0,1.0548822289818651,0.45,,,,,,,,,473.9865610235772,0.020124611797498106,,,,,,,,1.9999999999999996,0.7492991500419279,,1,517,1,exact,0.07484376303829134,626,,,,,,9.483399844611995e-05,e5fbe054289c3404184149adc15a756c24dd306e
dv3-B-thomas-370339,3,B,thomas,370339,37,,339,3:2:1:370339,,test,27,500.0,1.0548822289818651,0.45,,,,,,,,,473.9865610235772,0.020124611797498106,,,,,,,,1.9999999999999996,0.7492991500419279,,1,461,1,exact,0.07484376303829134,602,,,,,,0.0002626669993333053,42a509fdd1e8812fa02f0fc48001a1b30378c60f
dv3-B-thomas-370340,3,B,thomas,370340,37,,340,3:2:1:370340,,test,27,500.0,1.0548822289818651,0.45,,,,,,,,,473.9865610235772,0.020124611797498106,,,,,,,,1.9999999999999996,0.7492991500419279,,1,492,1,exact,0.07484376303829134,632,,,,,,0.0002182080024795141,297a9119e240f193d437849e05dba329ce82dd9f
dv3-B-thomas-370341,3,B,thomas,370341,37,,341,3:2:1:370341,,test,27,500.0,1.0548822289818651,0.45,,,,,,,,,473.9865610235772,0.020124611797498106,,,,,,,,1.9999999999999996,0.7492991500419279,,1,459,1,exact,0.07484376303829134,606,,,,,,0.00018400000044493936,62ac712f216755aac123fabe711f90cee3109357
dv3-B-thomas-370342,3,B,thomas,370342,37,,342,3:2:1:370342,,test,27,500.0,1.0548822289818651,0.45,,,,,,,,,473.9865610235772,0.020124611797498106,,,,,,,,1.9999999999999996,0.7492991500419279,,1,503,1,exact,0.07484376303829134,653,,,,,,0.00018483300300431438,0009712ebbe811dc6802f16b6fda4b8712b6e5e6
dv3-B-thomas-370343,3,B,thomas,370343,37,,343,3:2:1:370343,,test,27,500.0,1.0548822289818651,0.45,,,,,,,,,473.9865610235772,0.020124611797498106,,,,,,,,1.9999999999999996,0.7492991500419279,,1,547,1,exact,0.07484376303829134,627,,,,,,0.00018558399824541993,23810de7b2b11b7925684dde78f896d3d21304e2
dv3-B-thomas-370344,3,B,thomas,370344,37,,344,3:2:1:370344,,test,27,500.0,1.0548822289818651,0.45,,,,,,,,,473.9865610235772,0.020124611797498106,,,,,,,,1.9999999999999996,0.7492991500419279,,1,493,1,exact,0.07484376303829134,624,,,,,,0.00018941600137623027,53034fac7e0e04ebdf61df66f80da8b05f01e070
dv3-B-thomas-370345,3,B,thomas,370345,37,,345,3:2:1:370345,,test,27,500.0,1.0548822289818651,0.45,,,,,,,,,473.9865610235772,0.020124611797498106,,,,,,,,1.9999999999999996,0.7492991500419279,,1,497,1,exact,0.07484376303829134,618,,,,,,0.00018708300194703043,9fa801778c4c0ecab019cf5ad75f465c556efb84
dv3-B-thomas-370346,3,B,thomas,370346,37,,346,3:2:1:370346,,test,27,500.0,1.0548822289818651,0.45,,,,,,,,,473.9865610235772,0.020124611797498106,,,,,,,,1.9999999999999996,0.7492991500419279,,1,480,1,exact,0.07484376303829134,644,,,,,,0.0001809999994293321,396e5c9647bbffb4612d14daf74dc8014d0fc42c
dv3-B-thomas-370347,3,B,thomas,370347,37,,347,3:2:1:370347,,test,27,500.0,1.0548822289818651,0.45,,,,,,,,,473.9865610235772,0.020124611797498106,,,,,,,,1.9999999999999996,0.7492991500419279,,1,454,1,exact,0.07484376303829134,609,,,,,,0.0001842499987105839,be3bfff7c9e283a5eae93ef7247d9fff995eea2a
dv3-B-thomas-370348,3,B,thomas,370348,37,,348,3:2:1:370348,,test,27,500.0,1.0548822289818651,0.45,,,,,,,,,473.9865610235772,0.020124611797498106,,,,,,,,1.9999999999999996,0.7492991500419279,,1,476,1,exact,0.07484376303829134,609,,,,,,0.00017920800019055605,415d8d5bedc1932f465b5f8ad20b01560bb61d68
dv3-B-thomas-370349,3,B,thomas,370349,37,,349,3:2:1:370349,,test,27,500.0,1.0548822289818651,0.45,,,,,,,,,473.9865610235772,0.020124611797498106,,,,,,,,1.9999999999999996,0.7492991500419279,,1,455,1,exact,0.07484376303829134,585,,,,,,0.00017595800090930425,ae0577d75f0a7d39de24e6c4b693cd24b089096c
dv3-B-thomas-370350,3,B,thomas,370350,37,,350,3:2:1:370350,,test,27,500.0,1.0548822289818651,0.45,,,,,,,,,473.9865610235772,0.020124611797498106,,,,,,,,1.9999999999999996,0.7492991500419279,,1,493,1,exact,0.07484376303829134,636,,,,,,0.00018220899801235646,d5551a65238fb707a211e1242326ed7dccc8dfeb
dv3-B-thomas-370351,3,B,thomas,370351,37,,351,3:2:1:370351,,test,27,500.0,1.0548822289818651,0.45,,,,,,,,,473.9865610235772,0.020124611797498106,,,,,,,,1.9999999999999996,0.7492991500419279,,1,543,1,exact,0.07484376303829134,651,,,,,,0.00018470900249667466,38d17ddc2dff5c22d6776629042ba4df60ea997d
dv3-B-thomas-370352,3,B,thomas,370352,37,,352,3:2:1:370352,,test,27,500.0,1.0548822289818651,0.45,,,,,,,,,473.9865610235772,0.020124611797498106,,,,,,,,1.9999999999999996,0.7492991500419279,,1,522,1,exact,0.07484376303829134,640,,,,,,0.00018249999993713573,a242e95bd85556be2496a1ef980bee1072f74370
dv3-B-thomas-370353,3,B,thomas,370353,37,,353,3:2:1:370353,,test,27,500.0,1.0548822289818651,0.45,,,,,,,,,473.9865610235772,0.020124611797498106,,,,,,,,1.9999999999999996,0.7492991500419279,,1,532,1,exact,0.07484376303829134,633,,,,,,0.00018316700152354315,67b20981756419d028acec964d8082e293baf0fa
dv3-B-thomas-370354,3,B,thomas,370354,37,,354,3:2:1:370354,,test,27,500.0,1.0548822289818651,0.45,,,,,,,,,473.9865610235772,0.020124611797498106,,,,,,,,1.9999999999999996,0.7492991500419279,,1,518,1,exact,0.07484376303829134,613,,,,,,0.00018204200023319572,f02447e8ae3faf0ba4b9e885d28b3c6c5c5111f5
dv3-B-thomas-370355,3,B,thomas,370355,37,,355,3:2:1:370355,,test,27,500.0,1.0548822289818651,0.45,,,,,,,,,473.9865610235772,0.020124611797498106,,,,,,,,1.9999999999999996,0.7492991500419279,,1,436,1,exact,0.07484376303829134,576,,,,,,0.00017370900241076015,9e2ffb235d32485aaa7cbfab0bda912bff317c4c
dv3-B-thomas-370356,3,B,thomas,370356,37,,356,3:2:1:370356,,test,27,500.0,1.0548822289818651,0.45,,,,,,,,,473.9865610235772,0.020124611797498106,,,,,,,,1.9999999999999996,0.7492991500419279,,1,515,1,exact,0.07484376303829134,606,,,,,,0.00017899999875226058,5c3669ac84fc46ed20f78090e3b6a19eebbb6aff
dv3-B-thomas-370357,3,B,thomas,370357,37,,357,3:2:1:370357,,test,27,500.0,1.0548822289818651,0.45,,,,,,,,,473.9865610235772,0.020124611797498106,,,,,,,,1.9999999999999996,0.7492991500419279,,1,496,1,exact,0.07484376303829134,622,,,,,,0.00019520800196914934,03a64eda51da9a53384d30f56d31117e35a9c39e
dv3-B-thomas-370358,3,B,thomas,370358,37,,358,3:2:1:370358,,test,27,500.0,1.0548822289818651,0.45,,,,,,,,,473.9865610235772,0.020124611797498106,,,,,,,,1.9999999999999996,0.7492991500419279,,1,459,1,exact,0.07484376303829134,603,,,,,,0.0001789170019037556,60b35fd37dd9a82e08769d08931f6c7dac9d9b05
dv3-B-thomas-370359,3,B,thomas,370359,37,,359,3:2:1:370359,,test,27,500.0,1.0548822289818651,0.45,,,,,,,,,473.9865610235772,0.020124611797498106,,,,,,,,1.9999999999999996,0.7492991500419279,,1,568,1,exact,0.07484376303829134,637,,,,,,0.0001920830000017304,719c40143615b130cf9db3ea80e38c56ad235c47
dv3-B-thomas-370360,3,B,thomas,370360,37,,360,3:2:1:370360,,test,27,500.0,1.0548822289818651,0.45,,,,,,,,,473.9865610235772,0.020124611797498106,,,,,,,,1.9999999999999996,0.7492991500419279,,1,528,1,exact,0.07484376303829134,647,,,,,,0.00018695800099521875,01838963ff4b4d0014bf4758e5319c9b67b56344
dv3-B-thomas-370361,3,B,thomas,370361,37,,361,3:2:1:370361,,test,27,500.0,1.0548822289818651,0.45,,,,,,,,,473.9865610235772,0.020124611797498106,,,,,,,,1.9999999999999996,0.7492991500419279,,1,493,1,exact,0.07484376303829134,596,,,,,,0.00019204099953640252,6ee63a244e396401744f8745d6d2329076d81b75
dv3-B-thomas-370362,3,B,thomas,370362,37,,362,3:2:1:370362,,test,27,500.0,1.0548822289818651,0.45,,,,,,,,,473.9865610235772,0.020124611797498106,,,,,,,,1.9999999999999996,0.7492991500419279,,1,481,1,exact,0.07484376303829134,581,,,,,,0.0001784169980965089,c3bd99b4f00bbcf3b50f69d6107d84dbac0ac21e
dv3-B-thomas-370363,3,B,thomas,370363,37,,363,3:2:1:370363,,test,27,500.0,1.0548822289818651,0.45,,,,,,,,,473.9865610235772,0.020124611797498106,,,,,,,,1.9999999999999996,0.7492991500419279,,1,499,1,exact,0.07484376303829134,627,,,,,,0.00018700000146054663,4849d0b8bda28463ca36398064be1eeb970fcfc5
dv3-B-thomas-370364,3,B,thomas,370364,37,,364,3:2:1:370364,,test,27,500.0,1.0548822289818651,0.45,,,,,,,,,473.9865610235772,0.020124611797498106,,,,,,,,1.9999999999999996,0.7492991500419279,,1,466,1,exact,0.07484376303829134,596,,,,,,0.00018374999854131602,fa83d19cdac7e06ab8d47bcb3d3820087ad9320e
dv3-B-thomas-370365,3,B,thomas,370365,37,,365,3:2:1:370365,,test,27,500.0,1.0548822289818651,0.45,,,,,,,,,473.9865610235772,0.020124611797498106,,,,,,,,1.9999999999999996,0.7492991500419279,,1,536,1,exact,0.07484376303829134,634,,,,,,0.00018845799786504358,26325277224c408772a558a93ac8e95ff81a0193
dv3-B-thomas-370366,3,B,thomas,370366,37,,366,3:2:1:370366,,test,27,500.0,1.0548822289818651,0.45,,,,,,,,,473.9865610235772,0.020124611797498106,,,,,,,,1.9999999999999996,0.7492991500419279,,1,508,1,exact,0.07484376303829134,628,,,,,,0.00018774999989545904,a09910562899d082827c6e5571d589ad0699072a
dv3-B-thomas-370367,3,B,thomas,370367,37,,367,3:2:1:370367,,test,27,500.0,1.0548822289818651,0.45,,,,,,,,,473.9865610235772,0.020124611797498106,,,,,,,,1.9999999999999996,0.7492991500419279,,1,538,1,exact,0.07484376303829134,639,,,,,,0.00018504199761082418,7fee75ddb8f50057436a040072b01466a318f0e2
dv3-B-thomas-370368,3,B,thomas,370368,37,,368,3:2:1:370368,,test,27,500.0,1.0548822289818651,0.45,,,,,,,,,473.9865610235772,0.020124611797498106,,,,,,,,1.9999999999999996,0.7492991500419279,,1,516,1,exact,0.07484376303829134,656,,,,,,0.00019887500093318522,4cb4edc93ef2e142c66857c84ce788a09505add9
dv3-B-thomas-370369,3,B,thomas,370369,37,,369,3:2:1:370369,,test,27,500.0,1.0548822289818651,0.45,,,,,,,,,473.9865610235772,0.020124611797498106,,,,,,,,1.9999999999999996,0.7492991500419279,,1,538,1,exact,0.07484376303829134,640,,,,,,0.00019350000002305023,1d49fce4a8e97c44b24554d2087647d763306c4a
dv3-B-thomas-370370,3,B,thomas,370370,37,,370,3:2:1:370370,,test,27,500.0,1.0548822289818651,0.45,,,,,,,,,473.9865610235772,0.020124611797498106,,,,,,,,1.9999999999999996,0.7492991500419279,,1,544,1,exact,0.07484376303829134,665,,,,,,0.00018695800099521875,157022db2e826fb4ad4c2bf42632acaa3d6585c5
dv3-B-thomas-370371,3,B,thomas,370371,37,,371,3:2:1:370371,,test,27,500.0,1.0548822289818651,0.45,,,,,,,,,473.9865610235772,0.020124611797498106,,,,,,,,1.9999999999999996,0.7492991500419279,,1,505,1,exact,0.07484376303829134,625,,,,,,0.00018691700097406283,5e51c1e813d778a88f5652ba161a1056fb66ed7d
dv3-B-thomas-370372,3,B,thomas,370372,37,,372,3:2:1:370372,,test,27,500.0,1.0548822289818651,0.45,,,,,,,,,473.9865610235772,0.020124611797498106,,,,,,,,1.9999999999999996,0.7492991500419279,,1,489,1,exact,0.07484376303829134,569,,,,,,0.00018491599985281937,4d5804b72d92ea40f4946c71d9b2e173c0aa4ce9
dv3-B-thomas-370373,3,B,thomas,370373,37,,373,3:2:1:370373,,test,27,500.0,1.0548822289818651,0.45,,,,,,,,,473.9865610235772,0.020124611797498106,,,,,,,,1.9999999999999996,0.7492991500419279,,1,584,1,exact,0.07484376303829134,664,,,,,,0.0001937079978233669,cb2b4247a179884c506de8912e6007ebcee05360
dv3-B-thomas-370374,3,B,thomas,370374,37,,374,3:2:1:370374,,test,27,500.0,1.0548822289818651,0.45,,,,,,,,,473.9865610235772,0.020124611797498106,,,,,,,,1.9999999999999996,0.7492991500419279,,1,488,1,exact,0.07484376303829134,632,,,,,,0.00018037500194623135,f221ab44880eb64f3de11a496a4f77d408413bed
dv3-B-thomas-370375,3,B,thomas,370375,37,,375,3:2:1:370375,,test,27,500.0,1.0548822289818651,0.45,,,,,,,,,473.9865610235772,0.020124611797498106,,,,,,,,1.9999999999999996,0.7492991500419279,,1,462,1,exact,0.07484376303829134,597,,,,,,0.00018450000061420724,847a016e6ad6585ac4c4241e18fffa792c04e6d6
dv3-B-thomas-370376,3,B,thomas,370376,37,,376,3:2:1:370376,,test,27,500.0,1.0548822289818651,0.45,,,,,,,,,473.9865610235772,0.020124611797498106,,,,,,,,1.9999999999999996,0.7492991500419279,,1,527,1,exact,0.07484376303829134,654,,,,,,0.0001920830000017304,e0609183273c53e09f0246bea44c514d54075248
dv3-B-thomas-370377,3,B,thomas,370377,37,,377,3:2:1:370377,,test,27,500.0,1.0548822289818651,0.45,,,,,,,,,473.9865610235772,0.020124611797498106,,,,,,,,1.9999999999999996,0.7492991500419279,,1,549,1,exact,0.07484376303829134,650,,,,,,0.0001883750010165386,0bcc2b3cfad76c4b2696eaf07bacdd4d3442a835
dv3-B-thomas-370378,3,B,thomas,370378,37,,378,3:2:1:370378,,test,27,500.0,1.0548822289818651,0.45,,,,,,,,,473.9865610235772,0.020124611797498106,,,,,,,,1.9999999999999996,0.7492991500419279,,1,476,1,exact,0.07484376303829134,594,,,,,,0.0001756249985191971,1a5b8fc67476a2cf48c97921580dbdc666aaff5d
dv3-B-thomas-370379,3,B,thomas,370379,37,,379,3:2:1:370379,,test,27,500.0,1.0548822289818651,0.45,,,,,,,,,473.9865610235772,0.020124611797498106,,,,,,,,1.9999999999999996,0.7492991500419279,,1,502,1,exact,0.07484376303829134,627,,,,,,0.0001814579991332721,8b57dda0ba391097c0c329205df67ac2ca010fa2
dv3-B-thomas-370380,3,B,thomas,370380,37,,380,3:2:1:370380,,test,27,500.0,1.0548822289818651,0.45,,,,,,,,,473.9865610235772,0.020124611797498106,,,,,,,,1.9999999999999996,0.7492991500419279,,1,534,1,exact,0.07484376303829134,629,,,,,,0.0001906670004245825,35770c7b4124b70a32a4460a1c245a3d39bfb00d
dv3-B-thomas-370381,3,B,thomas,370381,37,,381,3:2:1:370381,,test,27,500.0,1.0548822289818651,0.45,,,,,,,,,473.9865610235772,0.020124611797498106,,,,,,,,1.9999999999999996,0.7492991500419279,,1,457,1,exact,0.07484376303829134,593,,,,,,0.00017983400175580755,aa1b08a2d35a55e64972dcb8154b87269eb4810e
dv3-B-thomas-370382,3,B,thomas,370382,37,,382,3:2:1:370382,,test,27,500.0,1.0548822289818651,0.45,,,,,,,,,473.9865610235772,0.020124611797498106,,,,,,,,1.9999999999999996,0.7492991500419279,,1,534,1,exact,0.07484376303829134,686,,,,,,0.0001915420034492854,771b08b5c2f95bf6069cbbc764cc027b89722c05
dv3-B-thomas-370383,3,B,thomas,370383,37,,383,3:2:1:370383,,test,27,500.0,1.0548822289818651,0.45,,,,,,,,,473.9865610235772,0.020124611797498106,,,,,,,,1.9999999999999996,0.7492991500419279,,1,494,1,exact,0.07484376303829134,642,,,,,,0.00018108400035998784,493e3158a2db8c2b07e1de3be25eeed8571dcfa8
dv3-B-thomas-370384,3,B,thomas,370384,37,,384,3:2:1:370384,,test,27,500.0,1.0548822289818651,0.45,,,,,,,,,473.9865610235772,0.020124611797498106,,,,,,,,1.9999999999999996,0.7492991500419279,,1,517,1,exact,0.07484376303829134,638,,,,,,0.0003939580019505229,f1d513b5e122ee042062f275a51b35479859092d
dv3-B-thomas-370385,3,B,thomas,370385,37,,385,3:2:1:370385,,test,27,500.0,1.0548822289818651,0.45,,,,,,,,,473.9865610235772,0.020124611797498106,,,,,,,,1.9999999999999996,0.7492991500419279,,1,501,1,exact,0.07484376303829134,660,,,,,,0.0002468329985276796,a77d88a2336650754691b760b90e01ea120ce0c3
dv3-B-thomas-370386,3,B,thomas,370386,37,,386,3:2:1:370386,,test,27,500.0,1.0548822289818651,0.45,,,,,,,,,473.9865610235772,0.020124611797498106,,,,,,,,1.9999999999999996,0.7492991500419279,,1,506,1,exact,0.07484376303829134,605,,,,,,0.0001993749974644743,5cb031617edde7129d10ef12fae05db51fc502dd
dv3-B-thomas-370387,3,B,thomas,370387,37,,387,3:2:1:370387,,test,27,500.0,1.0548822289818651,0.45,,,,,,,,,473.9865610235772,0.020124611797498106,,,,,,,,1.9999999999999996,0.7492991500419279,,1,474,1,exact,0.07484376303829134,655,,,,,,0.00020295800277381204,5eb3f458da6aa8e40f57df2d8983af21a7ac35df
dv3-B-thomas-370388,3,B,thomas,370388,37,,388,3:2:1:370388,,test,27,500.0,1.0548822289818651,0.45,,,,,,,,,473.9865610235772,0.020124611797498106,,,,,,,,1.9999999999999996,0.7492991500419279,,1,486,1,exact,0.07484376303829134,648,,,,,,0.00019391599926166236,9d22483e51ce9244b8fd25a5e0d96ea993c6dfb4
dv3-B-thomas-370389,3,B,thomas,370389,37,,389,3:2:1:370389,,test,27,500.0,1.0548822289818651,0.45,,,,,,,,,473.9865610235772,0.020124611797498106,,,,,,,,1.9999999999999996,0.7492991500419279,,1,525,1,exact,0.07484376303829134,660,,,,,,0.0001861669989011716,c710871ab24bf60032bf1141dc08c9aa51b24dad
dv3-B-thomas-370390,3,B,thomas,370390,37,,390,3:2:1:370390,,test,27,500.0,1.0548822289818651,0.45,,,,,,,,,473.9865610235772,0.020124611797498106,,,,,,,,1.9999999999999996,0.7492991500419279,,1,500,1,exact,0.07484376303829134,637,,,,,,0.00018445800014887936,2b392a37734ada10782594950e00d9428dceb691
dv3-B-thomas-370391,3,B,thomas,370391,37,,391,3:2:1:370391,,test,27,500.0,1.0548822289818651,0.45,,,,,,,,,473.9865610235772,0.020124611797498106,,,,,,,,1.9999999999999996,0.7492991500419279,,1,516,1,exact,0.07484376303829134,594,,,,,,0.00017987500177696347,36a62a55a84eb72df50eff579a7008b7e45e99d0
dv3-B-thomas-370392,3,B,thomas,370392,37,,392,3:2:1:370392,,test,27,500.0,1.0548822289818651,0.45,,,,,,,,,473.9865610235772,0.020124611797498106,,,,,,,,1.9999999999999996,0.7492991500419279,,1,467,1,exact,0.07484376303829134,593,,,,,,0.0001760419982019812,4ce8ebba7202d2e65451f412c6e6f094505c4a5b
dv3-B-thomas-370393,3,B,thomas,370393,37,,393,3:2:1:370393,,test,27,500.0,1.0548822289818651,0.45,,,,,,,,,473.9865610235772,0.020124611797498106,,,,,,,,1.9999999999999996,0.7492991500419279,,1,481,1,exact,0.07484376303829134,605,,,,,,0.00018033399828709662,72471633aa703631c6e76176c2efa63aab6eb31a
dv3-B-thomas-370394,3,B,thomas,370394,37,,394,3:2:1:370394,,test,27,500.0,1.0548822289818651,0.45,,,,,,,,,473.9865610235772,0.020124611797498106,,,,,,,,1.9999999999999996,0.7492991500419279,,1,473,1,exact,0.07484376303829134,639,,,,,,0.00018191699928138405,9c7a43f5238b42235a95e44d43b7ca96fc9aa459
dv3-B-thomas-370395,3,B,thomas,370395,37,,395,3:2:1:370395,,test,27,500.0,1.0548822289818651,0.45,,,,,,,,,473.9865610235772,0.020124611797498106,,,,,,,,1.9999999999999996,0.7492991500419279,,1,440,1,exact,0.07484376303829134,634,,,,,,0.000179291997483233,59ae7cdf4d763fdae6ae870370ba4d5c2ef670d7
dv3-B-thomas-370396,3,B,thomas,370396,37,,396,3:2:1:370396,,test,27,500.0,1.0548822289818651,0.45,,,,,,,,,473.9865610235772,0.020124611797498106,,,,,,,,1.9999999999999996,0.7492991500419279,,1,453,1,exact,0.07484376303829134,622,,,,,,0.00018249999993713573,6d35664d1919696bb1d28adddd42b667e9cddbf3
dv3-B-thomas-370397,3,B,thomas,370397,37,,397,3:2:1:370397,,test,27,500.0,1.0548822289818651,0.45,,,,,,,,,473.9865610235772,0.020124611797498106,,,,,,,,1.9999999999999996,0.7492991500419279,,1,524,1,exact,0.07484376303829134,656,,,,,,0.00018524999904911965,96867d6e7fdfd58f502840fe50be56277614ca74
dv3-B-thomas-370398,3,B,thomas,370398,37,,398,3:2:1:370398,,test,27,500.0,1.0548822289818651,0.45,,,,,,,,,473.9865610235772,0.020124611797498106,,,,,,,,1.9999999999999996,0.7492991500419279,,1,481,1,exact,0.07484376303829134,625,,,,,,0.0001824589999159798,9a156da0128f6f6017775828c5502600e264f54d
dv3-B-thomas-370399,3,B,thomas,370399,37,,399,3:2:1:370399,,test,27,500.0,1.0548822289818651,0.45,,,,,,,,,473.9865610235772,0.020124611797498106,,,,,,,,1.9999999999999996,0.7492991500419279,,1,462,1,exact,0.07484376303829134,608,,,,,,0.00018304200057173148,7a644adff7b1fc3441ace8216b124995a735f529
