case_id,dv,set,family,index,cell_id,level_id,rep,spawn_key,r_seed,split,shard,nbar,mu,s,mu1,mu2,s2,rho,tau,gamma,sigma2,sp,kappa,sigma,sigma1,lam_p,R,beta,mu_log,s_abs,grid_M,delta_tilde,tau_K,tau_K2,prior_tries,n,pattern_tries,sampler,buffer,n_parents,pad_P,min_eig,cftp_start,mh_steps,burnin,wall_s,sha1
dv3-train-nested-002500,3,train,nested,2500,,,,3:0:2:2500,,train,5,261.9276582091394,,,2.2247772021613277,0.0649194559207479,0.10789513586392652,8.787652951056604,,,,,1813.510035206734,0.006666704202504087,0.0585846828589565,,,,,,,0.39693861255918994,0.17965718576999662,1.5889542553362965,1,262,1,exact,0.2426709841804214,4543,,,,,,0.001457624999602558,74970a2655d636428688498bdcfa83238e5f874a
dv3-train-nested-002501,3,train,nested,2501,,,,3:0:2:2501,,train,5,252.64111998149025,,,4.241423258432103,0.09935438231821915,0.13249729338985636,6.71911333076509,,,,,599.5223756318516,0.008335947826434348,0.056010178165157305,,,,,,,0.5343446533763978,0.2206224651552785,1.4987149554738677,4,265,1,exact,0.2393043033379376,2835,,,,,,0.0006849589990451932,bbe99140645f27363dcf480404231a8b8e62a5f2
dv3-train-nested-002502,3,train,nested,2502,,,,3:0:2:2502,,train,5,225.61063045256472,,,1.8841901488136439,5.227710227776206,0.09912103865012792,8.539711937066786,,,,,22.904632272751133,0.006599120590710457,0.05635458888263331,,,,,,,12.006780632979773,0.16504735558180875,1.4190874904056898,2,215,1,exact,0.2341258833519529,47,,,,,,0.0002177500027755741,e80047888ada407335586474050b25eaf95d2352
dv3-train-nested-002503,3,train,nested,2503,,,,3:0:2:2503,,train,5,269.9642767641282,,,5.063845636595836,0.04086739170623163,0.056662380441434505,3.819637667236237,,,,,1304.5145299046094,0.003448590804964328,0.013172367337526282,,,,,,,0.7613768898912123,0.09434905223137607,0.3725250420575739,1,257,1,exact,0.0618136173359914,7339,,,,,,0.0009244169996236451,31e6493730c1465c6b6c3980adf3a8043d60d9a9
dv3-train-nested-002504,3,train,nested,2504,,,,3:0:2:2504,,train,5,788.0629298448453,,,3.268109841121072,6.264572787553614,0.07831516039969155,6.1458281330546605,,,,,38.49220539958923,0.0027897506810914156,0.017145328220060024,,,,,,,38.279148386041,0.13040329582863586,0.8119760298154787,1,751,1,exact,0.07413888707224192,121,,,,,,0.0002482090021658223,3a6091c159c60925edce2de897b62941d86dab17
dv3-train-nested-002505,3,train,nested,2505,,,,3:0:2:2505,,train,5,404.5448938530604,,,2.4340796130200086,1.147160544052119,0.251819030314255,3.162813006670172,,,,,144.87976863323837,0.012520024689395453,0.03959849693145162,,,,,,,4.394459505014719,0.41930618973078615,1.3908953329156641,1,368,1,exact,0.19382964110550857,388,,,,,,0.00027879200206371024,2f376b4bb089da2654bccb68d9071aa76531a2c8
dv3-train-nested-002506,3,train,nested,2506,,,,3:0:2:2506,,train,5,212.62555033967197,,,1.622941069735095,7.842611709940872,0.13120961420641136,10.431941906764653,,,,,16.705211814943723,0.008998247474556426,0.09386919491726439,,,,,,,13.45053489720818,0.21847833867154068,2.2896009952844163,3,308,1,exact,0.38256571407184414,41,,,,,,0.00022054100190871395,daa0c4bd9f60ceea80d958def7fa23b258f2ffce
dv3-train-nested-002507,3,train,nested,2507,,,,3:0:2:2507,,train,5,243.76775603853056,,,5.699360225604287,0.0886375760826273,0.11284933039587133,3.7338913621264354,,,,,482.5388458574767,0.007227878720119302,0.026988113919550936,,,,,,,0.877052598615095,0.1879064607742824,0.7263488865379644,1,243,1,exact,0.12724984069316383,2703,,,,,,0.0005284580001898576,0c26233e3056534e98f50b398de20f8bd88d6dfa
dv3-train-nested-002508,3,train,nested,2508,,,,3:0:2:2508,,train,5,302.0517488698263,,,1.5863509934585038,2.3547980271401676,0.05050798899233592,5.721229761821757,,,,,80.85900752314984,0.0029061591898230693,0.016626804449407548,,,,,,,10.693027688708385,0.08410131827174301,0.488457603813709,2,304,1,exact,0.07264341378410505,121,,,,,,0.00021908299822825938,04d651866f6d02334be42744e5134c5a33fa3b05
dv3-train-nested-002509,3,train,nested,2509,,,,3:0:2:2509,,train,5,384.05584672234505,,,1.9490621994987385,13.03984060355353,0.09649262754886602,3.8062815881715752,,,,,15.111111133101685,0.004923760751379866,0.018741219892539025,,,,,,,37.31585656331146,0.1606707640170614,0.6323120200704808,1,449,1,exact,0.08801045314272393,36,,,,,,0.00021933300013188273,9542cc357d644e2ab4fdf06fdecac7edafbc7e8c
dv3-train-nested-002510,3,train,nested,2510,,,,3:0:2:2510,,train,5,345.5472159524827,,,4.746454068896199,2.0763858363056045,0.05544446853103512,5.483475027336161,,,,,35.061464943408055,0.0029826653276279554,0.016355370838949324,,,,,,,16.916191481523093,0.09232109587740231,0.5145896922524807,1,408,1,exact,0.07191847529983907,201,,,,,,0.00028695799846900627,7da47f00980547b61898dccad58fd6de443ec4e3
dv3-train-nested-002511,3,train,nested,2511,,,,3:0:2:2511,,train,5,409.0102976275171,,,4.448887636595014,0.19140180184434583,0.1759282890798094,5.013544838047544,,,,,480.3267606528408,0.008698984519476016,0.04361274893387447,,,,,,,1.1060826215340018,0.2929398166129595,1.4975968133271136,1,386,1,exact,0.19454819909577387,2269,,,,,,0.0003807499997492414,8516e1d58b68a9487b8a420c278bab1bf3458b42
dv3-train-nested-002512,3,train,nested,2512,,,,3:0:2:2512,,train,5,194.45709631279357,,,5.736608220557241,0.6795005429836224,0.07925766499429515,3.5113647156557,,,,,49.886013215099084,0.005683676816427583,0.019957462228394136,,,,,,,6.3266536233759965,0.13197266892118495,0.48183006648697635,2,210,1,exact,0.0953598188135533,321,,,,,,0.0001465419991291128,c386d8af6526e16afbdc19cdbfa6d3a7133e8a51
dv3-train-nested-002513,3,train,nested,2513,,,,3:0:2:2513,,train,5,757.1989960644286,,,1.5527126679792471,0.1817919172380173,0.07735514710158203,5.625352298214203,,,,,2682.5286148929945,0.002811151177246752,0.01581371573555258,,,,,,,2.166259899435708,0.12880476883240827,0.7359317528987787,1,796,1,exact,0.06926618708811876,4402,,,,,,0.0005205420020502061,43c6e9f00ef2c3eaf4c483016a09ee55faa2a117
dv3-train-nested-002514,3,train,nested,2514,,,,3:0:2:2514,,train,5,306.9829420827933,,,3.6744732259817647,3.871093191616833,0.2155573121725039,5.20108417930536,,,,,21.5816939850749,0.01230284741257247,0.06398814503793855,,,,,,,10.154520501589717,0.3589264684359549,1.900998619302674,1,130,1,exact,0.28372745861522536,45,,,,,,0.00011720800102921203,99ce385f2533b50702556678157ec9fd3df36e12
dv3-train-nested-002515,3,train,nested,2515,,,,3:0:2:2515,,train,5,760.4833902013519,,,3.592349739131299,0.21324415061588115,0.09011434547522323,3.0065300621397837,,,,,992.73651028834,0.0032677518270073738,0.009824594103509872,,,,,,,3.791973631216091,0.15005022771370982,0.4754301392638027,1,826,1,exact,0.048690650348882224,3679,,,,,,0.0003806249987974297,f52529ee4a05deadb4421b844a4133aa732b9fd1
dv3-train-nested-002516,3,train,nested,2516,,,,3:0:2:2516,,train,5,452.74751058764514,,,3.776655795455704,0.16381748712499453,0.08282538896097243,3.1864950694899035,,,,,731.7932617237892,0.0038925611923950913,0.012403627047254697,,,,,,,2.436816269143373,0.13791331900077494,0.46059230641569615,1,509,1,exact,0.06060579271334655,3037,,,,,,0.0003132919991912786,c7bf61c5de7da87090c721e67f535fe0f789a66a
dv3-train-nested-002517,3,train,nested,2517,,,,3:0:2:2517,,train,5,626.990079329215,,,2.003394137060493,2.4164222665093056,0.23623833684118392,7.931725807752937,,,,,129.5154091174662,0.009434525048710306,0.07483206581274707,,,,,,,8.130914157108638,0.3933626333387062,3.144743576096394,1,677,1,exact,0.31338884058690897,306,,,,,,0.000167124999279622,70ff079ef9f63746012b7c3041db52220c6c4b02
dv3-train-nested-002518,3,train,nested,2518,,,,3:0:2:2518,,train,5,754.3973570835961,,,3.0982395013683943,0.7617268657908524,0.05834204949873787,7.933729259498808,,,,,319.65823581538905,0.002124132492249949,0.016852292104815546,,,,,,,7.545613661471943,0.09714588466912971,0.7768273565787055,2,833,1,exact,0.07057363591149325,1053,,,,,,0.00032104099955176935,aea1aedbd72ff2109170f2f48c37cc2840d4a7b9
dv3-train-nested-002519,3,train,nested,2519,,,,3:0:2:2519,,train,5,168.96813396945103,,,2.235104433681823,3.055723498943824,0.1202215301298118,9.690105124293396,,,,,24.73961483128032,0.009248682000154879,0.08962070084266088,,,,,,,6.6526638406625755,0.2001819785400178,1.9500862558489276,1,161,1,exact,0.36769686469926083,55,,,,,,0.00022779199935030192,dd90dcd5984f14a7ece296b5be30ccec95087793
dv3-train-nested-002520,3,train,nested,2520,,,,3:0:2:2520,,train,5,525.4638796497806,,,5.670693227472752,3.5826644723343004,0.06147290134674689,11.750262458095792,,,,,25.864290974746634,0.0026817128749917294,0.031510830118407454,,,,,,,22.52353488437161,0.10235909495495274,1.207093981332127,2,350,1,exact,0.12716263107210368,106,,,,,,0.00019633299962151796,6143ae4770a9f089462e2e7e786166de82dc5cfd
dv3-train-nested-002521,3,train,nested,2521,,,,3:0:2:2521,,train,5,539.5840578351304,,,2.387103957518958,2.4441008561154587,0.2510577130003015,4.1323312099786005,,,,,92.4844363104549,0.010807967085077214,0.04466209970208601,,,,,,,8.666919505098235,0.41803851325021374,1.77733542724478,1,542,1,exact,0.20629409283078765,266,,,,,,0.00015666599938413128,8b297c2cd855249bd23673bd88d78a15924726f1
dv3-train-nested-002522,3,train,nested,2522,,,,3:0:2:2522,,train,5,449.76360096239836,,,1.5229390330635235,0.03737230058680867,0.08115787937157583,11.259703795404976,,,,,7902.271637910097,0.0038268244305294965,0.04308890956478146,,,,,,,0.3777814476357557,0.1351367334051713,1.5275887041566527,1,449,1,exact,0.17448038815581496,12774,,,,,,0.0017735000001266599,641f866cb5819fa568793c72d9dc89f96d88e447
dv3-train-nested-002523,3,train,nested,2523,,,,3:0:2:2523,,train,5,409.98655562174315,,,2.25567641652668,7.7001767827231085,0.13493901928214488,11.928816199617104,,,,,23.604354073283645,0.006664272419921146,0.07949688080141686,,,,,,,18.9628150024281,0.2246882054568944,2.689665692043582,2,422,1,exact,0.3204347492360289,68,,,,,,0.00013349999790079892,00454a1266c5b4d262909f4097bc0559a74bf5d3
dv3-train-nested-002524,3,train,nested,2524,,,,3:0:2:2524,,train,5,185.3433695340102,,,3.0036889705061727,1.196671493374177,0.36995862715104044,3.3503768850107307,,,,,51.564065193353784,0.027174692101630635,0.09104546027458696,,,,,,,2.2764600170454234,0.6160215219443402,2.153876352557494,1,201,1,exact,0.43966269560023574,242,,,,,,0.0001480410028307233,edf10d1fd4c52dbb0e15fb45be3948618ca1afd4
dv3-train-nested-002525,3,train,nested,2525,,,,3:0:2:2525,,train,5,382.237765012507,,,3.162290697801022,0.19981532978015148,0.1047790039829434,4.938310861087656,,,,,604.9270409065452,0.00535929260610757,0.026465852884487783,,,,,,,1.5771050423316497,0.1744684858370206,0.8790669437593998,2,390,1,exact,0.11835824073154963,2166,,,,,,0.0003086670003540348,d5a7d220d174a0d75d7ebb10b2077e08cec45507
dv3-train-nested-002526,3,train,nested,2526,,,,3:0:2:2526,,train,5,369.7632915149989,,,1.6027936842388422,12.14105839172246,0.09257162092660795,3.9851093414801504,,,,,19.00157603456473,0.004814109576173339,0.01918475304291742,,,,,,,32.289190914828374,0.15414185972957975,0.6333166709979403,1,340,1,exact,0.08925216571258461,29,,,,,,0.00011837500278488733,2f905da3fadda8c4c97d0c58f8b546624f33315f
dv3-train-nested-002527,3,train,nested,2527,,,,3:0:2:2527,,train,5,163.98410291704758,,,1.7750421597728558,0.05223006254744002,0.1024571100951488,3.361867322843719,,,,,1768.7747497041855,0.008000943946775434,0.026898112006568588,,,,,,,0.3008185410436738,0.17060227891121604,0.5983776594661602,2,191,1,exact,0.12979016441732663,3681,,,,,,0.0004565839990391396,338d63b62d40c4116b0d86ba38bdd109f8391547
dv3-train-nested-002528,3,train,nested,2528,,,,3:0:2:2528,,train,5,222.04955474342273,,,4.637171911634066,0.24495515522070313,0.09184865613465504,3.732635201797149,,,,,195.4835090184657,0.006163790271899019,0.023007180545385097,,,,,,,2.206409998129975,0.1529380443870896,0.5909935587285583,1,241,1,exact,0.10848732136622619,1081,,,,,,0.00019091699869022705,9cf5deb4c95fe8da46f940f703e1d6c0a9d5e6d8
dv3-train-nested-002529,3,train,nested,2529,,,,3:0:2:2529,,train,5,702.9109258787445,,,1.6824795124463767,0.03432113730323966,0.4337706092433122,3.8270625669669185,,,,,12172.75381266632,0.016361004928026356,0.06261458951801095,,,,,,,0.1014849721945465,0.7222754418204068,2.8569995535826274,1,690,1,exact,0.29371153769347486,25749,,,,,,0.0037856660019315314,5b37ec8f9a66e76511ca90e6d9b36a6c64839dd0
dv3-train-nested-002530,3,train,nested,2530,,,,3:0:2:2530,,train,5,153.16863165437303,,,2.519372296388016,0.7548326606261246,0.08247753647978123,4.986473187829842,,,,,80.54281418097662,0.006664242075813468,0.03323106442825135,,,,,,,3.0392586253189044,0.1373341066263382,0.6984477670599722,1,159,1,exact,0.1483713025809243,244,,,,,,0.00013466699965647422,ba42dff25ed5395048f411616a6576eb5d1fb374
dv3-train-nested-002531,3,train,nested,2531,,,,3:0:2:2531,,train,5,666.8241488709492,,,1.502588564725825,0.5904137853527975,0.19599376894352993,5.429369201367898,,,,,751.6484233442311,0.007589909626948135,0.041208421569717914,,,,,,,2.976019725765947,0.3263510321842244,1.80168382122257,1,670,1,exact,0.18148179818312726,1220,,,,,,0.0002821670022967737,d447f67b03e44df03691aa1e25d58d87e803faa0
dv3-train-nested-002532,3,train,nested,2532,,,,3:0:2:2532,,train,5,434.606479017022,,,1.9616334079827393,0.04064467193761956,0.3986099781547565,3.8460936473749676,,,,,5450.981707949903,0.019120536227702396,0.07353937291976911,,,,,,,0.103440009593468,0.6637291507324233,2.637639631544889,1,441,1,exact,0.3446037296602722,14146,,,,,,0.0033526669976708945,11be8869e7961780d450aa760186d65cbff0506d
dv3-train-nested-002533,3,train,nested,2533,,,,3:0:2:2533,,train,5,186.92388077321306,,,2.0969521473880937,0.4353130056448855,0.15428431671414147,4.006660443922797,,,,,204.77391167170248,0.011284683604293085,0.04521389541950524,,,,,,,1.5737817179537474,0.25690023861934624,1.0608868816141777,2,194,1,exact,0.21011914679432647,513,,,,,,0.00017645799744059332,2b1ee69113677a744d5e7e319a39c176da25c624
dv3-train-nested-002534,3,train,nested,2534,,,,3:0:2:2534,,train,5,244.97084867635502,,,1.7661165593671653,3.252966391353263,0.3852476249823714,3.314511546926153,,,,,42.63983032939752,0.02461403232612386,0.08158349436135114,,,,,,,5.464303044106591,0.6414793732332496,2.220851877202573,1,220,1,exact,0.3949503524653391,104,,,,,,0.00012695800251094624,0b0657fe376e6d25b637e248714b99b05c4e3b1e
dv3-train-nested-002535,3,train,nested,2535,,,,3:0:2:2535,,train,5,387.8542532481519,,,3.3790192422887904,0.6285428805899254,0.08078172743991789,10.200220076405326,,,,,182.6177475656696,0.004101841330360137,0.0418396842881686,,,,,,,4.0329648971416105,0.1345103993547759,1.3786134134365344,1,388,1,exact,0.17085729114229284,656,,,,,,0.00017204200048581697,cd90ed86248a4ef8cfcb4496087b56c55b3c7ddc
dv3-train-nested-002536,3,train,nested,2536,,,,3:0:2:2536,,train,5,197.07526303066211,,,2.170981773901245,0.09794964459964318,0.17565847672813137,6.020447732227595,,,,,926.7723599344921,0.012512758276870303,0.07533240719189589,,,,,,,0.32910277453705367,0.2924905495778858,1.7850502198741922,3,194,1,exact,0.32669761854592355,2498,,,,,,0.000441542000771733,57eef3796d8872dce97c20a39fbe2d2044c98810
dv3-train-nested-002537,3,train,nested,2537,,,,3:0:2:2537,,train,5,385.3141450600882,,,2.4898153935559995,2.5769561421915235,0.07325297992887497,6.7698376808929,,,,,60.05383930310469,0.0037317953588670723,0.025263648837839547,,,,,,,11.705127926230247,0.12197421244165427,0.8347056586599912,2,289,1,exact,0.10783453497066216,115,,,,,,0.00011545799861778505,c374fbf6170e1e50217c9c59b1943543562852ef
dv3-train-nested-002538,3,train,nested,2538,,,,3:0:2:2538,,train,5,628.8941352703077,,,1.9888137655311593,3.1609341243852973,0.1776323545384784,3.0309454301615766,,,,,100.03868687808975,0.0070832619029137485,0.02146898029527402,,,,,,,15.33431159461085,0.29577727172361834,0.9440175514507827,2,589,1,exact,0.10618625943178364,224,,,,,,0.00013654199938173406,32a5d905c34c9a9161fe9c1107f2fc4af8e5d5c6
dv3-train-nested-002539,3,train,nested,2539,,,,3:0:2:2539,,train,5,161.19109671192604,,,1.651616539557673,0.22564518963000205,0.07260668685579519,7.036765612339222,,,,,432.5195548008162,0.005718815619507226,0.04024196509465688,,,,,,,1.1939171824633994,0.12089806388535057,0.8592788559233256,4,191,1,exact,0.1709289011603898,886,,,,,,0.0001935420004883781,332d3705bb583a54d449269a6e07cee2ef188a9a
dv3-train-nested-002540,3,train,nested,2540,,,,3:0:2:2540,,train,5,289.45595394024105,,,2.8561289641147782,0.3695338723149933,0.06293764282661511,5.489975316032489,,,,,274.25238986793636,0.003699297252077328,0.020309050600571348,,,,,,,2.983689847427387,0.10479804950138921,0.5848053151014877,1,285,1,exact,0.0892874414525549,793,,,,,,0.0001687500007392373,04b58718cffd2a7ebe23ac9605cf1bfea617e929
dv3-train-nested-002541,3,train,nested,2541,,,,3:0:2:2541,,train,5,276.5685488790591,,,2.115592544908624,4.803483218434512,0.0657624001295981,7.104322347571808,,,,,27.21538518051899,0.003954360503983485,0.028093051698805188,,,,,,,15.278587216714232,0.10950157893738895,0.7856034014629069,3,308,1,exact,0.11918485429836462,66,,,,,,0.00010883399954764172,69d062e750a87261a4cb4926719a3f0b3117bc4b
dv3-train-nested-002542,3,train,nested,2542,,,,3:0:2:2542,,train,5,236.4246214079719,,,2.233664660349618,0.14424560056987987,0.13435629040518118,5.750480294717548,,,,,733.7906149500552,0.00873799221160076,0.050247652028205574,,,,,,,0.6888865770731887,0.22371789822975266,1.3057925919675384,3,265,1,exact,0.21936858333306364,1930,,,,,,0.00030133299878798425,88fbd458037de6510bb3a917e005b5aa33efb93c
dv3-train-nested-002543,3,train,nested,2543,,,,3:0:2:2543,,train,5,108.3950114480232,,,3.403537766548041,0.15852215534083375,0.10020713710338891,8.576335114202154,,,,,200.90407834089643,0.009624850818178047,0.08254594604089771,,,,,,,0.5866047319486404,0.1668558281326761,1.4407063456114295,1,117,1,exact,0.3427847129964894,807,,,,,,0.00019783400057349354,0b44a785675c89b97f0b37d893a2136e72985a22
dv3-train-nested-002544,3,train,nested,2544,,,,3:0:2:2544,,train,5,679.3721881055869,,,4.619204950869121,0.08646414789019205,0.08969218283499397,4.231374676670967,,,,,1701.0005970861334,0.0034411270822891525,0.014560697995204971,,,,,,,1.3955966322037832,0.14934728080814708,0.6493521472723446,1,727,1,exact,0.06694908423149012,8355,,,,,,0.000669291999656707,151377a7a2289cd8c0bf98075c4b32874bcb80d6
dv3-train-nested-002545,3,train,nested,2545,,,,3:0:2:2545,,train,5,104.77315491581527,,,5.750146139995255,0.9082950627031763,0.15074441910751782,3.8518038972361976,,,,,20.06061234612249,0.014727065954829796,0.05672577003966793,,,,,,,3.482649596744766,0.251005922468505,0.9988772173566229,3,92,1,exact,0.2657342749960981,141,,,,,,0.00010866700176848099,b1e41365d3983fd31950db3b0bd59ea6600cf3d6
dv3-train-nested-002546,3,train,nested,2546,,,,3:0:2:2546,,train,5,108.3610255197855,,,1.8040128733200511,0.05456021787777243,0.0786510687324069,8.445139795640735,,,,,1100.924098518789,0.007555584640291501,0.06380796852505764,,,,,,,0.25706806867114523,0.13096261989129276,1.1137243698410924,2,98,1,exact,0.26540223068262636,2232,,,,,,0.0003985840012319386,a1b901183d6023cf307869a51e008bdf2bd36de9
dv3-train-nested-002547,3,train,nested,2547,,,,3:0:2:2547,,train,5,156.4936878695285,,,2.496012459036484,0.11781691683392957,0.12084829431095832,3.194842960330193,,,,,532.1602392800995,0.009660333340401872,0.03086324796702598,,,,,,,0.6065545729550115,0.20122560935826184,0.6736407559750458,7,137,1,exact,0.15070786693202784,1489,,,,,,0.00022412500038626604,e7f94f88f1ffcd4290b0045170c3cab1877c28bd
dv3-train-nested-002548,3,train,nested,2548,,,,3:0:2:2548,,train,5,249.46341478632868,,,5.239906337057401,0.2258311049506742,0.11737212882271258,10.168276939521009,,,,,210.81406344426816,0.00743124449373966,0.07556295201763547,,,,,,,1.1781868986653532,0.19543741414548935,1.9968487802852493,1,257,1,exact,0.3086567850229524,1192,,,,,,0.00023091700131772086,47e498df4308db7e1180dff7a48b63d3849bace0
dv3-train-nested-002549,3,train,nested,2549,,,,3:0:2:2549,,train,5,713.6840026794088,,,5.576208341579728,2.828255405081664,0.4598959063702996,3.328087129504033,,,,,45.25310096561112,0.01721498159781615,0.057292958690340706,,,,,,,11.468773949991444,0.7657769150022834,2.6611341615621997,1,921,1,exact,0.27709625822900286,388,,,,,,0.00017099999968195334,4f1def116a6211126ed2a0cf837bbc6f761e3030
dv3-train-nested-002550,3,train,nested,2550,,,,3:0:2:2550,,train,5,184.8586191776808,,,1.6302080912190435,0.05110535104410302,0.1048494451850257,4.936757418276148,,,,,2218.861959135101,0.007711631779210334,0.03807045539303071,,,,,,,0.27662784725210743,0.17458577813223883,0.879392113816852,4,200,1,exact,0.1702643369321335,4046,,,,,,0.0005313340006978251,b8034556b0d22b9d18e20adf4999d2fcda2af379
dv3-train-nested-002551,3,train,nested,2551,,,,3:0:2:2551,,train,5,104.11521192811594,,,3.9691818280036584,0.07781948720066077,0.07855862624385732,4.841423386968752,,,,,337.07366911785846,0.007699043733494826,0.03727433038863706,,,,,,,0.44120945151892305,0.13080869305107506,0.646668493731309,1,89,1,exact,0.16725671976677436,1463,,,,,,0.00021754100089310668,8446f081d4ef7b6c5dadb89a1f2f3b6c67177689
dv3-train-nested-002552,3,train,nested,2552,,,,3:0:2:2552,,train,5,385.7984709706716,,,2.621929644758981,7.272576774510759,0.07962735788899174,11.621510248774676,,,,,20.232574745690368,0.004053984226920062,0.04711341924152238,,,,,,,20.05526392060725,0.1325882479695687,1.5465695952228051,2,379,1,exact,0.1902924170170996,55,,,,,,0.00011550000272109173,a581c3629afe255e3469d1db86237ad19165693b
dv3-train-nested-002553,3,train,nested,2553,,,,3:0:2:2553,,train,5,248.87579460378078,,,1.8483016820813705,0.07861247234101693,0.15656600788184877,3.9489553124338643,,,,,1712.8461110173494,0.009924443148749322,0.0391911824952015,,,,,,,0.37372418912308697,0.26069950362517125,1.061986493112626,2,241,1,exact,0.18266182146332288,3602,,,,,,0.00047362499753944576,081a758703d7aafdcac0aebee6f0e4c23901cfaa
dv3-train-nested-002554,3,train,nested,2554,,,,3:0:2:2554,,train,5,108.24875690242644,,,4.056608180789974,0.49531547283685073,0.16392896233631557,3.6447891884888888,,,,,53.87384355120189,0.015755936830732398,0.05742706821516733,,,,,,,1.611194121956204,0.2729596269907922,1.0316461428329848,2,108,1,exact,0.27216880222088735,212,,,,,,0.00012133299969718792,e0d09a74d2163e7c45c76c7f94273bf78224b7cb
dv3-train-nested-002555,3,train,nested,2555,,,,3:0:2:2555,,train,5,184.09951757389732,,,1.763430708268206,0.3866456467997515,0.23099802259579363,4.409574593877181,,,,,270.010794215007,0.017024796797091936,0.07507211142237821,,,,,,,0.9436748169101183,0.38463693776087604,1.7391523257926342,5,194,1,exact,0.34250991992770824,680,,,,,,0.00019195799904991873,69273d627643fc0a9d09559a4e5fd9bff0258b51
dv3-train-nested-002556,3,train,nested,2556,,,,3:0:2:2556,,train,5,707.2724844649395,,,5.28093688640641,6.813083289754627,0.3317632984530966,6.898827271715544,,,,,19.657672136874954,0.012474839273157222,0.08606176138792516,,,,,,,18.46560828517697,0.5524221278800261,3.85089410813912,1,806,1,exact,0.36645924227932847,148,,,,,,0.0001425420014129486,c761b2bc68ef5a4f1da53f2b3bbfcf3f0b29f311
dv3-train-nested-002557,3,train,nested,2557,,,,3:0:2:2557,,train,5,144.5556405472901,,,5.633405860393901,0.0762385642673548,0.07124454594310252,3.1850368545650856,,,,,336.5807642403899,0.005925624151436645,0.018873331308626676,,,,,,,0.9404187613332817,0.1186299504895329,0.39602614606692105,2,110,1,exact,0.09222772417805665,1818,,,,,,0.000216958000237355,ae3ab117a56ee0123b4eb4a4a89ef6fb16b4771d
dv3-train-nested-002558,3,train,nested,2558,,,,3:0:2:2558,,train,5,238.02582882583044,,,2.534834746198675,0.15411957657323386,0.2167776732928097,4.0981644604790235,,,,,609.2795860967684,0.014050847091396864,0.05758268218958769,,,,,,,0.5341055924239716,0.3609585029919312,1.5226696330391973,1,257,1,exact,0.26640627630735375,2008,,,,,,0.00031591700098942965,78c2957a57daa22435d07519dca5e6573ff8d97f
dv3-train-nested-002559,3,train,nested,2559,,,,3:0:2:2559,,train,5,195.8899492418935,,,4.615126126251559,0.03396334965654327,0.12317589382210602,10.217939183946552,,,,,1249.735375041607,0.008800749214626008,0.08992552024821393,,,,,,,0.16115105565422239,0.20510131677013066,2.1057251985632175,2,178,1,exact,0.36716462367984143,6421,,,,,,0.0009206659997289535,a3a0989eab21dc5f88f2061ecf04d76be63fbf75
dv3-train-nested-002560,3,train,nested,2560,,,,3:0:2:2560,,train,5,406.98588917695054,,,1.5853432562656886,4.549277783713588,0.16626907021764337,3.1102433073684765,,,,,56.430459436535756,0.008241794701421647,0.02563398681080165,,,,,,,15.154047540637542,0.27685616220520404,0.9045028284881339,1,407,1,exact,0.1259845899016532,96,,,,,,0.0001160829997388646,60bc9a9884cdc4f8fac374a9e4acc9c8cbfa74ba
dv3-train-nested-002561,3,train,nested,2561,,,,3:0:2:2561,,train,5,424.0853035193613,,,2.4236785880527303,0.03649191464654442,0.06619114611836678,3.514890272777334,,,,,4794.921990597596,0.003214202909363175,0.01129757054085323,,,,,,,0.5604325133374102,0.11021548783731841,0.4027686779604073,1,407,1,exact,0.053969524694552864,12189,,,,,,0.000925374999496853,8281c87712e67556a2d603cc3c400a4bb2edfdd0
dv3-train-nested-002562,3,train,nested,2562,,,,3:0:2:2562,,train,5,315.60976079552347,,,2.090898858481512,0.10145907827116248,0.0536429281197959,10.29768457736182,,,,,1487.7381097995342,0.003019515497330283,0.03109401816796306,,,,,,,1.0364482505042243,0.08932133432427401,0.9241297122699352,3,276,1,exact,0.1268687940783733,3274,,,,,,0.00041008300104294904,a701d4737b7e9c26433bbdebd81d63afa3ada4cf
dv3-train-nested-002563,3,train,nested,2563,,,,3:0:2:2563,,train,5,115.1256494147413,,,2.339127968594033,2.6700432921627657,0.18469055848155413,4.89104309309592,,,,,18.43316065361084,0.017213082411286103,0.08418992783861176,,,,,,,4.480424226745371,0.3075299522022166,1.535258471932851,2,122,1,exact,0.3771194667942015,54,,,,,,0.00010008400204242207,01900a01f156314406a2f8f07cae2aa7a3ab44ea
dv3-train-nested-002564,3,train,nested,2564,,,,3:0:2:2564,,train,5,281.70810671944383,,,2.7223851135543797,0.03430132453182491,0.08457662726478105,7.490746379843815,,,,,3016.747024799641,0.005039073464719694,0.03774642131361608,,,,,,,0.28647158878776724,0.14082932205091864,1.0642754410002206,1,283,1,exact,0.15911996041900867,8830,,,,,,0.0009107080004469026,76922da938b5ba21227e153a1c1ccbfafad4daa3
dv3-train-nested-002565,3,train,nested,2565,,,,3:0:2:2565,,train,5,372.88094938815493,,,1.5543596334634886,1.750067875867369,0.13618039263983098,9.914150171191281,,,,,137.07674825712814,0.00705227898036816,0.06991735286050567,,,,,,,6.440725240909416,0.22675522768311415,2.2594923779784324,1,413,1,exact,0.28625132969566425,251,,,,,,0.0001479579987062607,08aa1f015f4591e0465d2d2b1154c8c05f6a02b3
dv3-train-nested-002566,3,train,nested,2566,,,,3:0:2:2566,,train,5,122.12847611443061,,,3.371959951987983,0.2327034774765152,0.06507010859035399,11.806189674524985,,,,,155.64373956630328,0.005888071328457515,0.06951568692090172,,,,,,,1.073457241000672,0.10834883791086265,1.2837673761689143,1,126,1,exact,0.28042781999468175,601,,,,,,0.00016475000302307308,94143e4064c52a85772dd1361bbec328aef81803
dv3-train-nested-002567,3,train,nested,2567,,,,3:0:2:2567,,train,5,290.36364180639083,,,2.8394303702580714,2.184028539901784,0.24778497326271773,3.0896583806838276,,,,,46.822295591145604,0.0145413205435643,0.04492771288363335,,,,,,,6.959253293644829,0.41258904413092495,1.3398659381314837,3,282,1,exact,0.221166315689863,148,,,,,,0.00011604199971770868,87b31b6714ab58742f2fb1b6a305fd3a86bdabe6
dv3-train-nested-002568,3,train,nested,2568,,,,3:0:2:2568,,train,5,174.94416721452677,,,2.139985287569692,2.5682714264168074,0.10510893173366698,3.3139907288181627,,,,,31.830815090966407,0.007946756183764335,0.02633547631717341,,,,,,,8.514433650855915,0.1750178515774482,0.6058382555879004,1,208,1,exact,0.127496187829212,89,,,,,,0.00010404199929325841,c5378572672eb82a09721746bf9d9fd29f7d6db0
dv3-train-nested-002569,3,train,nested,2569,,,,3:0:2:2569,,train,5,315.3218520220252,,,3.4543042519066223,2.152502339829593,0.0663801352436338,8.925317321856067,,,,,42.408200969248504,0.0037381876517507797,0.03336451100051969,,,,,,,9.682354317721847,0.11053017537271785,0.9926895242915784,1,284,1,exact,0.13798554794268814,138,,,,,,0.0001168750022770837,4335b935c55528664e716723b1e084258d0a7fdd
dv3-train-nested-002570,3,train,nested,2570,,,,3:0:2:2570,,train,5,119.20910029952583,,,1.82101156509791,0.7492654090320927,0.11170815427367138,3.8451096999786905,,,,,87.36973593081395,0.010231284730776365,0.03934041216155207,,,,,,,2.3375314464807873,0.18600627788892116,0.7390062100271197,2,127,1,exact,0.18435795795458154,186,,,,,,0.00011637500210781582,bed9f70ea2c11fe2b9e1452bdfdc169e498d1784
dv3-train-nested-002571,3,train,nested,2571,,,,3:0:2:2571,,train,5,412.90428137160944,,,1.98257790835442,0.04092319720649698,0.0501807519762667,6.413124878518849,,,,,5089.200568248525,0.002469519569560221,0.01583733738953581,,,,,,,0.5502317846884591,0.08355643289840319,0.5423332007607957,1,382,1,exact,0.06808350282775719,10439,,,,,,0.0009027909982251003,9ae6e8113dbf535fb9be72ce00455c6ef9b7356e
dv3-train-nested-002572,3,train,nested,2572,,,,3:0:2:2572,,train,5,456.76319081033415,,,1.8771933545059643,0.24927524336476414,0.10429414740996606,4.103419491191534,,,,,976.1193928902911,0.0048799389527971184,0.0200244366147325,,,,,,,2.067505694590432,0.1736611466858558,0.7334598939224646,3,445,1,exact,0.09261978329562233,1860,,,,,,0.0002888329981942661,4b48bec25485aa0c6d6f77d67241cc79466f7581
dv3-train-nested-002573,3,train,nested,2573,,,,3:0:2:2573,,train,5,241.76698591489165,,,4.627395999773393,0.06976687807404974,0.11022826271260225,9.793200496993068,,,,,748.8779437944356,0.007089154877341195,0.06942551506803862,,,,,,,0.413226631339492,0.18354209680255823,1.8068111475304942,4,255,1,exact,0.2845593189060678,3913,,,,,,0.0005190000010770746,1b5d7c6a7e38de83f61a3a024b98ae9819598b44
dv3-train-nested-002574,3,train,nested,2574,,,,3:0:2:2574,,train,5,221.52161088707797,,,2.7763682040748194,0.15506127253730792,0.062576005033982,4.426342426671633,,,,,514.5596117833225,0.0042043589109704484,0.018609932224583438,,,,,,,1.3961897342264096,0.10419588307773804,0.47283016336645617,1,199,1,exact,0.0848467248371103,1488,,,,,,0.0004567910000332631,253b7a2e250fa1eb6d3b00ffbc13d8cb1ee7ec61
dv3-train-nested-002575,3,train,nested,2575,,,,3:0:2:2575,,train,5,627.9482203338443,,,5.342569969289022,0.15517803754233128,0.2308018179032838,6.279375640785485,,,,,757.4314955992244,0.0092103749023455,0.05783540380429033,,,,,,,0.8189626459398306,0.3843102355179164,2.4436377261516116,1,672,1,exact,0.24934435629019208,4704,,,,,,0.0010871670019696467,8e6f0611912f157cf41b5ff6df6e32fe74be0db6
dv3-train-nested-002576,3,train,nested,2576,,,,3:0:2:2576,,train,5,541.1577393662617,,,4.113855557777919,1.3719389971063924,0.05429246959180617,5.810137770948021,,,,,95.8826511683849,0.0023338753647804194,0.013560137409595805,,,,,,,14.6004122026076,0.09040289181959463,0.532976234151471,3,558,1,exact,0.05911009552794835,419,,,,,,0.0003326250007376075,fa67077b36b72e24873ad91a36bd90bc3e02424b
dv3-train-nested-002577,3,train,nested,2577,,,,3:0:2:2577,,train,5,715.6542119208004,,,1.8251547151737912,0.9559900929610466,0.05476432072156711,3.356801963807677,,,,,410.1570258185399,0.0020471331421829716,0.00687182055185558,,,,,,,11.191828313172259,0.0911885754873195,0.3193959676265269,1,685,1,exact,0.03316973582114521,712,,,,,,0.00037974999941070564,dfe7e48ecc490f03b54b55bc144469e73ec65985
dv3-train-nested-002578,3,train,nested,2578,,,,3:0:2:2578,,train,5,767.801397161727,,,3.008749938953154,4.737991241168779,0.38511477625254914,4.151387708950185,,,,,53.86027296052767,0.01389842964904061,0.05769777001873603,,,,,,,14.06577701356333,0.6412581655880496,2.7382564584449813,1,751,1,exact,0.2662674468604378,199,,,,,,0.00029404099768726155,348b7eb73fe5c700a0c02614a6ade4500e5c6937
dv3-train-nested-002579,3,train,nested,2579,,,,3:0:2:2579,,train,5,271.81310768435986,,,3.0971357540774274,0.040944472626686865,0.14337733694100743,7.2725866321961075,,,,,2143.4574782873715,0.008696516227135416,0.06324616766014156,,,,,,,0.20785889345943526,0.2387389260114933,1.7525862823488476,2,275,1,exact,0.26755602738470985,7341,,,,,,0.00153899999713758,b8a1594f81d6bc816122ca5f09fb780a17638e4c
dv3-train-nested-002580,3,train,nested,2580,,,,3:0:2:2580,,train,5,116.14032392078089,,,2.3245442966607466,0.12311881265048655,0.058378328619719345,7.570571890524011,,,,,405.8081714934117,0.00541701627547268,0.04100991114560454,,,,,,,0.680438174538044,0.09720629336805346,0.7422994798645863,4,114,1,exact,0.17266250844804054,1023,,,,,,0.0002840829984052107,bdf17293a2d17eeaaf632e21e95d90a84c387f3e
dv3-train-nested-002581,3,train,nested,2581,,,,3:0:2:2581,,train,5,190.4548355857527,,,2.9885915927873894,2.5873359656252566,0.14208864982482383,7.79959735929904,,,,,24.630464819392916,0.010295877947804049,0.08030370245335768,,,,,,,6.1793745309379595,0.23659312120965695,1.8604362693792786,2,189,1,exact,0.33694133308728785,76,,,,,,0.00014150000060908496,ff5d9a3b3a88ceff2afddf25d074690bb421cf2f
dv3-train-nested-002582,3,train,nested,2582,,,,3:0:2:2582,,train,5,707.2656062123689,,,3.99510815919059,0.11863250192990203,0.2636930480567659,5.7350389698962,,,,,1492.2799643552887,0.00991533542983187,0.05686483508967827,,,,,,,0.5835242741967585,0.43907772617977764,2.556121519330919,1,713,1,exact,0.24835655506359963,7118,,,,,,0.0008730000008654315,eea8ee87aee999201f0f17ce52e73e453bf009d9
dv3-train-nested-002583,3,train,nested,2583,,,,3:0:2:2583,,train,5,564.5001926995009,,,1.649721963676854,11.536832547648002,0.12195895658595468,10.727140973624273,,,,,29.659699662218276,0.005133122786163464,0.05506373176209848,,,,,,,29.215445465401103,0.20307498335523608,2.1878589748641595,1,517,1,exact,0.22387309443756392,54,,,,,,0.00013466700329445302,f3f47a1c44bb37d467394d1fb8e2780927392cf0
dv3-train-nested-002584,3,train,nested,2584,,,,3:0:2:2584,,train,5,640.5506953779048,,,2.886192783445897,0.06270484512760324,0.06808863526183691,4.650590694519176,,,,,3539.3790099149683,0.00269028243410785,0.012511402453690364,,,,,,,0.9978998612455875,0.11337501450935386,0.5393123695193343,1,656,1,exact,0.05653531670442405,10296,,,,,,0.0008733340000617318,9815de06d7996e175d8795a7b877d8f0916461c2
dv3-train-nested-002585,3,train,nested,2585,,,,3:0:2:2585,,train,5,322.3486066323213,,,5.756406439151584,0.4924856983133782,0.12752547685935928,4.279904556615524,,,,,113.70530403416777,0.007102873131027039,0.030399619078544594,,,,,,,4.0010210392624685,0.21234384759868768,0.9332888470518487,1,282,1,exact,0.13947238677307014,628,,,,,,0.00016041600247262977,314a81c2792fce8df52aebc4ab84da7ef3284818
dv3-train-nested-002586,3,train,nested,2586,,,,3:0:2:2586,,train,5,631.5215178193274,,,2.0400984293067728,0.8495062766783567,0.17903978305204296,5.615900587838871,,,,,364.39334714997307,0.007124517646733234,0.04001058284035758,,,,,,,4.325663440857869,0.29812079392130436,1.7005521769092937,1,610,1,exact,0.1752962157551008,797,,,,,,0.0002087499997287523,0b26184b527a5ab7e000731f15559db55df8d9de
dv3-train-nested-002587,3,train,nested,2587,,,,3:0:2:2587,,train,5,252.71486468453003,,,4.707169994454543,0.12184208235778403,0.06636479372107687,3.403054582399066,,,,,440.62952310579055,0.00417467196003922,0.014206636543624356,,,,,,,1.807168463924859,0.11050463006202395,0.3919532478010682,2,249,1,exact,0.06836038934937153,2248,,,,,,0.00025770800129976124,3b8341f3a0ff1ca6b42db27da55dedc98a3fa65c
dv3-train-nested-002588,3,train,nested,2588,,,,3:0:2:2588,,train,5,101.50293436441117,,,2.3630761319013964,0.9738054097455415,0.10738214273301083,3.361319025152106,,,,,44.10915123849524,0.01065841845799303,0.03582634474088434,,,,,,,3.08689670813171,0.17880299617672446,0.6270472349229951,1,114,1,exact,0.1728776006591285,125,,,,,,0.00011020800229744054,f0993c337ff880308ea02096ab2bd1bf4b155125
dv3-train-nested-002589,3,train,nested,2589,,,,3:0:2:2589,,train,5,467.0232602762944,,,3.230227517481678,0.09299046644912368,0.15107494663170606,5.0353271452691,,,,,1554.772937547172,0.006990740703797925,0.035200666431371305,,,,,,,0.6416340574585273,0.25155628689725995,1.2914057822041036,1,438,1,exact,0.1569105386802668,5498,,,,,,0.0005834170005982742,ec7d2cd7f2cbbf2e83c7daaaff5dcfbcfbc87ad0
dv3-train-nested-002590,3,train,nested,2590,,,,3:0:2:2590,,train,5,100.98503036233812,,,4.116996302545472,0.3619891026513998,0.14278828153590029,5.310185860284527,,,,,67.7611903752967,0.014209018073826216,0.07545252686415926,,,,,,,1.047902009981999,0.23775808442399465,1.2847315649278854,2,88,1,exact,0.3334527637357933,320,,,,,,0.00013462499919114634,5b66a1585d6b70a4fc5daf43f489ecd8841aa705
dv3-train-nested-002591,3,train,nested,2591,,,,3:0:2:2591,,train,5,470.05350693113047,,,3.7262646114654423,1.0110342440810054,0.31122549326084814,3.3889559528946673,,,,,124.76930031036225,0.014354944420639136,0.048648274347797095,,,,,,,4.025544354637031,0.5182244390482962,1.831102071450522,1,424,1,exact,0.23431000923658507,546,,,,,,0.00016945799870882183,94696cefb08877e08d11d74fa446da782ea040e9
dv3-train-nested-002592,3,train,nested,2592,,,,3:0:2:2592,,train,5,444.99319687963236,,,1.6045493302585934,0.25388170339222155,0.30067010921364234,6.463063069705217,,,,,1092.3678114119089,0.01425323906899401,0.09211958305049475,,,,,,,0.7467070435239002,0.500648571726213,3.2742257455832897,1,445,1,exact,0.3956022790668234,2177,,,,,,0.0004655410011764616,329473a8a6218bfba095d5cd4618705d63a15d6e
dv3-train-nested-002593,3,train,nested,2593,,,,3:0:2:2593,,train,5,724.1453256709993,,,2.27014919904983,2.2996323308894704,0.1073397832628523,8.776655683477422,,,,,138.7116459043164,0.003988851314809217,0.0350087745626667,,,,,,,12.660826604807196,0.17873246303231108,1.5788227184330246,2,705,1,exact,0.14503281353196598,319,,,,,,0.00015020800128695555,8c4534b33c7e90ba7e663de62eff3dbf2951e468
dv3-train-nested-002594,3,train,nested,2594,,,,3:0:2:2594,,train,5,192.33631946228155,,,4.009115780263008,0.17606804210964297,0.1256295959590083,9.701423219263708,,,,,272.4784547802564,0.00905860478660371,0.0878813588108906,,,,,,,0.7452118080927015,0.20918699882710165,2.040164374136705,1,171,1,exact,0.3605213227185549,1155,,,,,,0.00024183300047297962,1d92ac47f6e2833fc7b493be38c6c069ae924cad
dv3-train-nested-002595,3,train,nested,2595,,,,3:0:2:2595,,train,5,157.19107466999768,,,2.454195958933422,0.9418105877098885,0.06149595802688612,7.61203105171756,,,,,68.00722875522531,0.004904927925271601,0.03733646367360402,,,,,,,3.6932521607756206,0.10239748684568854,0.7861501064593595,1,195,1,exact,0.1570964317248075,202,,,,,,0.00011654199988697655,00089dd16be165e079f4289eadfd2f222c92ad89
dv3-train-nested-002596,3,train,nested,2596,,,,3:0:2:2596,,train,5,169.75619451134108,,,4.996096138307893,0.04103430839123865,0.06983750744894873,3.509082588011882,,,,,828.0331540995381,0.005360137311525999,0.018809164509228704,,,,,,,0.5071807562064395,0.11628707771676465,0.42430700113874453,1,163,1,exact,0.08988603191334073,4366,,,,,,0.0003790420014411211,da92ce5540f5f384c6229d448d74f4851498bc6d
dv3-train-nested-002597,3,train,nested,2597,,,,3:0:2:2597,,train,5,121.50899160704157,,,2.4044319920276385,0.6478441658748506,0.06776753654969712,6.347481746376614,,,,,78.0055254777051,0.00614776828705994,0.03902284698306599,,,,,,,2.4549989094542957,0.11284035008249631,0.7250861752259886,1,131,1,exact,0.1679902628477744,204,,,,,,0.00011795799946412444,d61be3fec39f819d9f8dd994ef84763dd144f752
dv3-train-nested-002598,3,train,nested,2598,,,,3:0:2:2598,,train,5,369.32981336721343,,,2.748264225737828,0.060738648967773236,0.07290783139254282,7.017755864045009,,,,,2212.538081548759,0.0037937350523846083,0.026623506410505184,,,,,,,0.622501022785352,0.12139950243073895,0.8605580566680556,2,361,1,exact,0.1131222224425732,6331,,,,,,0.0006106660002842546,e80d30cac4d0d92f2fbb77b0cd0e3435ebf8ae84
dv3-train-nested-002599,3,train,nested,2599,,,,3:0:2:2599,,train,5,553.3192572456047,,,3.367473661352513,0.27833228227903944,0.2711840332972285,3.511231613827317,,,,,590.3478650003527,0.011528590762194025,0.040479552347093224,,,,,,,1.3963425968104293,0.45155103478790043,1.6485476756104067,1,568,1,exact,0.19341914160137752,2406,,,,,,0.00032654199821990915,ddb121487299fe0886eb84bb7f784177d1269cc7
dv3-train-nested-002600,3,train,nested,2600,,,,3:0:2:2600,,train,5,712.1209751680321,,,2.3643341576586163,1.724289200255106,0.10283726506673432,6.706474405192491,,,,,174.67663348813494,0.0038536620769377343,0.02584448608524385,,,,,,,10.84114497523582,0.17123527846031217,1.1610812447770371,1,692,1,exact,0.11044790260265862,413,,,,,,0.00015670799984945916,28c1f0491ce7430141d82df611ef6919b9d580d0
dv3-train-nested-002601,3,train,nested,2601,,,,3:0:2:2601,,train,5,279.2933135565014,,,5.772248481122659,0.2883038881857096,0.0867288161678117,6.792530062573306,,,,,167.82823255615983,0.005189591207421024,0.035250454288873405,,,,,,,2.1839201547960214,0.14441295164151982,0.9915026084236791,1,297,1,exact,0.15039719587329672,1111,,,,,,0.0001896659996418748,e6f4deb6cf29901d1e791cc23da5b1bd39c03651
dv3-train-nested-002602,3,train,nested,2602,,,,3:0:2:2602,,train,5,216.53901629619475,,,2.3347630926532497,0.15121332883663616,0.1500287838184599,4.2955938479843265,,,,,613.3427921265059,0.010195452578954725,0.04379552337557385,,,,,,,0.6697022337983862,0.24981431154888034,1.1017951532702255,3,228,1,exact,0.20079332964073304,1676,,,,,,0.00026745800278149545,4b6cb767dc6b1a07ea206f94a47b0fc505d9ae29
dv3-train-nested-002603,3,train,nested,2603,,,,3:0:2:2603,,train,5,191.7610161781832,,,1.669003740788968,0.4611978064607969,0.08163173114417796,7.592179794408687,,,,,249.12412097390958,0.005894932619291639,0.04475538832158666,,,,,,,2.1958942215933996,0.1359257483617416,1.0408859228617677,1,189,1,exact,0.18836937857274746,437,,,,,,0.0004019999978481792,4ce9fc8d0e136ef295643201dc1e6a1257de4663
dv3-train-nested-002604,3,train,nested,2604,,,,3:0:2:2604,,train,5,407.1059734039154,,,1.8727391235778548,0.04229247946889838,0.2524340657292902,4.6762945929294455,,,,,5140.046455445673,0.012511063396202223,0.058505418111457964,,,,,,,0.1552128953571259,0.42033029087241186,2.0100285536865408,1,390,1,exact,0.2641114654660467,11296,,,,,,0.002485334000084549,f5ab36f085789e047e118bbcb5d0b868c516067b
dv3-train-nested-002605,3,train,nested,2605,,,,3:0:2:2605,,train,5,189.0491177814938,,,2.638318570141362,0.033344465153654385,0.09646738015118705,9.590893677274881,,,,,2148.9369082198923,0.00701605777517313,0.06729026415530323,,,,,,,0.189891641164592,0.16062872434234668,1.5489244031965848,1,178,1,exact,0.2763464362330185,6488,,,,,,0.0019007500013685785,bb772ea7cee1dc559cfaf1e4871b450b9bdb08f2
dv3-train-nested-002606,3,train,nested,2606,,,,3:0:2:2606,,train,5,190.92132394345634,,,1.6094717482869685,0.12993930019533753,0.05582213202849789,3.600890706654546,,,,,912.9154479756694,0.004039979867850353,0.014547525961213798,,,,,,,1.1384697581256953,0.09294994684995944,0.34736943292357647,5,228,1,exact,0.06912724060179314,1650,,,,,,0.0003125000002910383,a994829375b57e1ad6a9c1aa922ba0918bc45d6f
dv3-train-nested-002607,3,train,nested,2607,,,,3:0:2:2607,,train,5,597.9357350610856,,,5.356110622177445,1.7312866125092183,0.14700640358455716,4.549208069866099,,,,,64.48162899685249,0.006011861935269455,0.02734921083084863,,,,,,,13.497520639131327,0.2447817183480651,1.1401493649401224,1,655,1,exact,0.1240703795896797,438,,,,,,0.0001835410002968274,b162bc29687c02dcdfbc3d4b8e65c48afee7d9a7
dv3-train-nested-002608,3,train,nested,2608,,,,3:0:2:2608,,train,5,112.74033941633212,,,1.7594045348642795,0.09948363461058936,0.09049259376088896,5.729639701898454,,,,,644.1128853423098,0.008522624760092318,0.04883156918980773,,,,,,,0.4293559603379221,0.15068005242249682,0.8763929462374594,2,103,1,exact,0.21330119280970072,1253,,,,,,0.0002534590021241456,476c147cf9f3ef60f7df1a3ba18c88cd0621dbfd
dv3-train-nested-002609,3,train,nested,2609,,,,3:0:2:2609,,train,5,307.21722434545956,,,5.512753847786681,0.19264987307321327,0.20815666104597264,4.906225934638974,,,,,289.2732219278168,0.011875927356414849,0.058265982793931005,,,,,,,0.8819639760913984,0.34660357599402886,1.7354788522935083,2,365,1,exact,0.26085892017048734,2116,,,,,,0.00031229199885274284,10ba65ebe7edb18f84b361d26d9a8dbe79057be5
dv3-train-nested-002610,3,train,nested,2610,,,,3:0:2:2610,,train,5,163.27445003278442,,,3.7973767957636264,0.08618993157212851,0.23185438838003455,4.242878439810143,,,,,498.859217769009,0.018144967954965518,0.07698689332716914,,,,,,,0.2478990739570054,0.386062880325891,1.6828984207056312,2,162,1,exact,0.35379696040034175,2434,,,,,,0.00040320900006918237,f0a93381ee0580e68da3d919cb74ffc04a8bcd02
dv3-train-nested-002611,3,train,nested,2611,,,,3:0:2:2611,,train,5,153.8143868206484,,,4.417753826769155,0.1240042514961526,0.12657681709416232,7.403450101166584,,,,,280.7752816227011,0.01020600299478441,0.0755596339042431,,,,,,,0.4900906488160991,0.21076422547481868,1.5745522777606187,6,157,1,exact,0.31896381751308933,1475,,,,,,0.00026770900149131194,16c9bc3e370df36d2fa0c57101cc4737d7a6acdd
dv3-train-nested-002612,3,train,nested,2612,,,,3:0:2:2612,,train,5,491.9030012185931,,,1.5724307367292452,0.05412729468576569,0.11264407056491268,6.42802474825782,,,,,5779.518077236526,0.0050788875787732305,0.03264721504997356,,,,,,,0.4453390449494222,0.18756468073678229,1.220172793593615,1,503,1,exact,0.1403039976083022,9817,,,,,,0.0011250829993514344,894797f543c5e931f3e13fab983e3ffea0770419
dv3-train-nested-002613,3,train,nested,2613,,,,3:0:2:2613,,train,5,672.0531438426111,,,2.4931970257092537,0.12835106513012398,0.1241871413347767,9.565439331255089,,,,,2100.1365818370377,0.004790433565121571,0.04582260163757841,,,,,,,1.0551491683984646,0.2067851543295221,1.9887704483375628,1,696,1,exact,0.18823071229778993,5824,,,,,,0.0007030840024526697,08dc9e8d925729ff9d0126562e50a281937c7f93
dv3-train-nested-002614,3,train,nested,2614,,,,3:0:2:2614,,train,5,112.75877568024066,,,3.770191386230114,0.22760108748048535,0.07442013259275644,6.423026842708397,,,,,131.4052213281406,0.007008341625518925,0.04501476638357866,,,,,,,1.0707153763285304,0.12391764910613329,0.8055149883629787,12,103,1,exact,0.19347479631047537,614,,,,,,0.0001516250013082754,0a4f664fc7c20754d52347b16799a5e76dfed544
dv3-train-nested-002615,3,train,nested,2615,,,,3:0:2:2615,,train,5,179.27574960645023,,,3.9406306853155053,2.533123478199268,0.1458337230866216,6.516855025312065,,,,,17.959715473698044,0.010891738098121212,0.0709798781591241,,,,,,,6.224094314929345,0.2428290772361232,1.6010043410745298,3,137,1,exact,0.3044818905515966,74,,,,,,0.00010937499973806553,9583c2ff1d6186e2976228d0719bebdbf5f34df1
dv3-train-nested-002616,3,train,nested,2616,,,,3:0:2:2616,,train,5,192.6861514588428,,,1.8775229487808982,0.3337670339400893,0.0731413854640688,4.866935127687107,,,,,307.48349528727323,0.005269118081884853,0.0256444558846567,,,,,,,1.9644562265210015,0.12178839546914616,0.6051186989625963,1,182,1,exact,0.11496809120592158,616,,,,,,0.0001551669993204996,2084fc52bf5c311bb43d14f7a02b3f650606ef3e
dv3-train-nested-002617,3,train,nested,2617,,,,3:0:2:2617,,train,5,267.18404234891574,,,2.4135789637728364,0.11201583064781569,0.09712554734121087,8.509752296367369,,,,,988.2563203144473,0.005941939439425342,0.05056443278952564,,,,,,,0.7344034435429034,0.16172464460028074,1.3857063977881472,4,264,1,exact,0.21014812985276374,2539,,,,,,0.00037312499989639036,ec48adaf72b19f94f53a2f2a3a541a4a39bb6b36
dv3-train-nested-002618,3,train,nested,2618,,,,3:0:2:2618,,train,5,602.5836852480469,,,2.3847547234732374,0.11474421636376395,0.3704488273204075,6.243652672161685,,,,,2202.129461023451,0.015091052840754075,0.09422329239490737,,,,,,,0.3407993164430155,0.616837758767134,3.9004051219370113,2,602,1,exact,0.4065418520282186,6509,,,,,,0.0011474589991848916,e4e26473d18a083b6d8a56a91f14dacef1e3b3de
dv3-train-nested-002619,3,train,nested,2619,,,,3:0:2:2619,,train,5,195.10970775144904,,,4.302963549647675,0.03963333382807142,0.15806565992861105,7.714187680498702,,,,,1144.064753195319,0.011316134212217301,0.08729478313075659,,,,,,,0.1540878346047359,0.26319658807849927,2.0473360610439246,3,196,1,exact,0.3667356272444274,5810,,,,,,0.0008727089989406522,563eeb360b218f02574746b52f27391a2ad9878f
dv3-train-nested-002620,3,train,nested,2620,,,,3:0:2:2620,,train,5,493.62121185843336,,,2.739521027479067,0.1907987949244937,0.21421356363457816,8.40767324878682,,,,,944.3729702469606,0.00964162107290418,0.08106359956959575,,,,,,,0.8303507003682207,0.3566889803529819,3.0200620151131425,2,483,1,exact,0.33733421088635207,3097,,,,,,0.0005444159978651442,f1e779ed6cbef5857c9f548a621cd41918730a2b
dv3-train-nested-002621,3,train,nested,2621,,,,3:0:2:2621,,train,5,283.1273678737825,,,5.749406967102748,0.7618274356239352,0.381426053424563,3.2936198771319063,,,,,64.64012562046632,0.02266832489652651,0.07466084546048378,,,,,,,2.5493256578963677,0.6351160391886045,2.1861218001070104,1,267,1,exact,0.3619687890734456,453,,,,,,0.00016729100025258958,9171f6845e82156a03e5e160269c4037f4b762bf
dv3-train-nested-002622,3,train,nested,2622,,,,3:0:2:2622,,train,5,575.9791373072965,,,1.7137938577649248,0.18992525415844536,0.1103564007286126,6.019159958094715,,,,,1769.560660261935,0.0045982666389461305,0.027677702429787315,,,,,,,1.5846805854823107,0.18375546059474626,1.1212138232168758,1,626,1,exact,0.12003486105067732,3348,,,,,,0.00045083299846737646,c5c2bd808ca0a35a99f236fe8539a060b64e6d5d
dv3-train-nested-002623,3,train,nested,2623,,,,3:0:2:2623,,train,5,279.37428117459405,,,1.9628406631068207,5.359329687129396,0.14432336127516573,6.870386676552082,,,,,26.557727012308643,0.008634623856218262,0.05932320469880071,,,,,,,12.584947814998067,0.24031415985483506,1.6684486708403499,1,360,1,exact,0.2527362847118863,72,,,,,,0.00012487499770941213,339c9897b68dd05a9a3b25f1040496b06db60c09
dv3-train-nested-002624,3,train,nested,2624,,,,3:0:2:2624,,train,5,415.1377880682614,,,1.5243044484963633,1.3643704153532255,0.0575046529834553,8.491907117890204,,,,,199.61274006791086,0.0028223239002804555,0.023966912417783242,,,,,,,7.968744418275721,0.09575152800879794,0.8187314820115746,1,412,1,exact,0.09962961149964693,296,,,,,,0.0001479579987062607,0d04f4faadb14f62a25f5eab19732e23b86e1df9
dv3-train-nested-002625,3,train,nested,2625,,,,3:0:2:2625,,train,5,788.9704854392869,,,4.991960177263253,1.6321832578150521,0.07410199649405924,5.609087300609848,,,,,96.83240670838401,0.0026381502768630938,0.014797615215053133,,,,,,,19.4478127957284,0.12338791775424114,0.7030064956331376,1,833,1,exact,0.06484389930097573,511,,,,,,0.00017587500042282045,654aae6ed08edb0d91418e6259f29df0ad3a9bf8
dv3-train-nested-002626,3,train,nested,2626,,,,3:0:2:2626,,train,5,299.4766308795002,,,2.949452178501991,0.2169218893951211,0.07189023140996384,11.25407408210517,,,,,468.0779694544806,0.004154209669231553,0.04675178337012951,,,,,,,1.6558385504096358,0.1197050873151187,1.3524777643388926,1,295,1,exact,0.1893202273218759,1438,,,,,,0.00026941699979943223,c6a97a61612b73e157a7447dd3ebcc3a5de0d3ec
dv3-train-nested-002627,3,train,nested,2627,,,,3:0:2:2627,,train,5,108.89646669939128,,,1.520815555569469,0.4542163286795259,0.15234107347679324,5.306499174810817,,,,,157.6429306452379,0.014598563295915589,0.07746726408319955,,,,,,,1.0874898983139074,0.2536645263836357,1.3697633926889976,1,73,1,exact,0.34239432977004614,252,,,,,,0.00014720899707754143,c155f63b623acef36115992be42da88e8bcdd67b
dv3-train-nested-002628,3,train,nested,2628,,,,3:0:2:2628,,train,5,585.4360305951188,,,2.8996990377496275,8.526306075620223,0.22578150783303053,10.635445319869742,,,,,23.67912249980958,0.00933143951321351,0.09924401469845422,,,,,,,20.768521136827886,0.37595087092105484,4.016040468757612,1,548,1,exact,0.40379390412903066,73,,,,,,0.00013662499986821786,7a306f93bed926cd8feac10eb30df1d31973c9f4
dv3-train-nested-002629,3,train,nested,2629,,,,3:0:2:2629,,train,5,294.6820360385899,,,2.2028811383057643,0.053909976129314606,0.133071724842193,5.037110484743897,,,,,2481.3810310421436,0.007751914164468761,0.03904724811468032,,,,,,,0.31555025903864126,0.22157895626415228,1.1378997837872102,2,312,1,exact,0.17404685602167108,6298,,,,,,0.0013723750016652048,8cef8d2c89ae0abec0b637ce55238b27ee68c2ab
dv3-train-nested-002630,3,train,nested,2630,,,,3:0:2:2630,,train,5,136.53703403102472,,,2.336041766248753,0.40854120712048003,0.08168190350775081,9.867553383805367,,,,,143.06519575904434,0.006990377310027171,0.06897792127963487,,,,,,,1.5833024686939638,0.13600929082703211,1.348953076583679,3,128,1,exact,0.2825273548269726,394,,,,,,0.0003496249992167577,f7e3df303a5773a734da04cbdc1ba0c2d9be5cf5
dv3-train-nested-002631,3,train,nested,2631,,,,3:0:2:2631,,train,5,169.47220333256848,,,1.781479601428906,3.5492347728786693,0.07072015062464454,4.351429681593632,,,,,26.802968388339295,0.005432427500701895,0.023638826269659737,,,,,,,10.397388603124654,0.1177567750086295,0.5257670589079241,4,183,1,exact,0.10811647202484051,58,,,,,,0.00023262499962584116,ba4ba63b174ecef1f2b08b41c738394e6cda175a
dv3-train-nested-002632,3,train,nested,2632,,,,3:0:2:2632,,train,5,127.40843016990088,,,2.747389564557135,0.06231409791802555,0.22733356495298032,4.241303576023923,,,,,744.2033282783325,0.020140232514129032,0.08542084018412875,,,,,,,0.14511112307236101,0.3785352155450435,1.6495041111790456,2,136,1,exact,0.3925833695872062,2732,,,,,,0.0007737079977232497,95eff276adefdbe26173ad6d4bf779705dd98762
dv3-train-nested-002633,3,train,nested,2633,,,,3:0:2:2633,,train,5,253.5049748003241,,,3.530449799159274,0.767326855948017,0.27318709777109784,4.980479688774714,,,,,93.5784930934619,0.017158010971998715,0.08545512514581328,,,,,,,2.023047538320039,0.4548863559162326,2.310767972560854,1,205,1,exact,0.38161994484645057,398,,,,,,0.0003002499979629647,b39e1b3a3c6961e95bd46d27897b2a44d53b6f45
dv3-train-nested-002634,3,train,nested,2634,,,,3:0:2:2634,,train,5,148.5770878519108,,,1.9124115754753923,0.6813468236883296,0.20565209335417564,5.8120970553888895,,,,,114.02556750981319,0.016871636645544485,0.09805958966716039,,,,,,,1.4464872588073632,0.3424331972325045,2.019498791592612,3,147,1,exact,0.42743112535058714,271,,,,,,0.0002714160000323318,3fde5f6fc97cfd2f7daff27a264f6e2d393e5d29
dv3-train-nested-002635,3,train,nested,2635,,,,3:0:2:2635,,train,5,131.34476912179494,,,2.920526439766901,1.6187059998682787,0.17306651001479328,5.744060220277744,,,,,27.783289398814176,0.015101032604439877,0.08674124066828032,,,,,,,3.32644094871216,0.28817464189957204,1.6801898330104015,1,56,1,exact,0.3787530932175288,51,,,,,,0.0002100829988194164,9e9e8e0c2db6f6cf59aa3871167f31c5b127d77c
dv3-train-nested-002636,3,train,nested,2636,,,,3:0:2:2636,,train,5,799.8767743485057,,,5.980469897311428,0.31777462612193597,0.3936434785840722,5.230970799199901,,,,,420.8899554648718,0.013918470640497418,0.07280711348996313,,,,,,,1.269969520349411,0.6554593864946515,3.4907785169629033,2,895,1,exact,0.3225338770919563,3505,,,,,,0.000842625002405839,53fa777876854fecab6e32ad47d4b70343ab0938
dv3-train-nested-002637,3,train,nested,2637,,,,3:0:2:2637,,train,5,679.3387363343907,,,1.6805875524268719,0.6928217700759229,0.13512013744861565,3.780237072653245,,,,,583.4500894229686,0.005184141999209438,0.019597285775310225,,,,,,,4.984913909419446,0.22498978698621372,0.8797702635041202,1,596,1,exact,0.09216253842656791,976,,,,,,0.000377333999495022,5065600bbaf770c0057b6a6d89ece8d9dcd5e11a
dv3-train-nested-002638,3,train,nested,2638,,,,3:0:2:2638,,train,5,785.5287846256437,,,5.12387466725376,0.03045568842919669,0.24568260801377304,5.027032350133134,,,,,5033.791056373063,0.008765836415449903,0.044066143236441736,,,,,,,0.19499279393251495,0.40908837636623174,2.096794604780482,1,780,1,exact,0.19648300328464408,29897,,,,,,0.004318541999964509,0ab4d2442975050d6b7ce58f401944a44fe392e6
dv3-train-nested-002639,3,train,nested,2639,,,,3:0:2:2639,,train,5,688.7538969597517,,,1.5011649254699722,0.1866923616805385,0.2486018832133027,8.031266475534704,,,,,2457.5881872606515,0.00947266938096914,0.07607753203320153,,,,,,,0.8062090974484143,0.4139492884234452,3.350209032520515,2,663,1,exact,0.31816260939335456,4207,,,,,,0.00111316699985764,092370b72509ed664bfb56afe43c097428944264
dv3-train-nested-002640,3,train,nested,2640,,,,3:0:2:2640,,train,5,400.58042448437135,,,2.0506412625305868,3.7461395216778888,0.051629614891626846,5.237692276134882,,,,,52.14540949162306,0.0025796098371486053,0.01351120251947481,,,,,,,19.239080745282248,0.08596894790064014,0.4584121974284666,1,277,1,exact,0.05984199641865645,74,,,,,,0.00013287500041769817,3efcdf75ac8cf465db83c351d99398b965615583
dv3-train-nested-002641,3,train,nested,2641,,,,3:0:2:2641,,train,5,100.61613297742744,,,1.7793428979672608,1.6239954136761887,0.16898350066603218,4.58509568945313,,,,,34.81955161493852,0.016846531244969654,0.07724295779354783,,,,,,,2.9725409433846193,0.28137598537814995,1.320463128296379,1,117,1,exact,0.349920360842348,95,,,,,,0.00011258300219196826,e09fc359c775bd7eae464d7f9cfb108c22276961
dv3-train-nested-002642,3,train,nested,2642,,,,3:0:2:2642,,train,5,646.4020756992638,,,3.855594631789816,7.178839020239943,0.10697113842308233,6.176035054406374,,,,,23.353778709394224,0.00420741398883082,0.025985136283418895,,,,,,,35.44716552348176,0.17811862910985113,1.1143937474729286,1,790,1,exact,0.1122865922004461,121,,,,,,0.00013045800005784258,cb6f2ad088f28584e2e709927b0822dd2ab10e4f
dv3-train-nested-002643,3,train,nested,2643,,,,3:0:2:2643,,train,5,324.9134567158403,,,1.5541324137971508,0.6553283232303685,0.10959851592380526,4.249071312757651,,,,,319.0220795422634,0.006080241427503043,0.025835379424243805,,,,,,,3.5559909664513984,0.18249349961680886,0.7966130153184657,1,327,1,exact,0.1186947200911996,558,,,,,,0.00015999999959603883,06654e00fd09908bb05403d33e060a5185e2ec64
dv3-train-nested-002644,3,train,nested,2644,,,,3:0:2:2644,,train,5,198.28826976810564,,,5.883875883200698,1.2180350118182677,0.08807813839478204,8.7970191592573,,,,,27.667743969609635,0.006254889118457032,0.05502437941409651,,,,,,,5.370849439593673,0.14665972052552328,1.2984773775725778,2,140,1,exact,0.22789860988923216,135,,,,,,0.00010975000259350054,fc895516cff1598a6aa5fa0b2c90709573f459f3
dv3-train-nested-002645,3,train,nested,2645,,,,3:0:2:2645,,train,5,284.6263492281268,,,3.730109713875823,1.1732711178089246,0.1675978141686658,6.582807339439944,,,,,65.03619380355092,0.009934151961091585,0.0653946084405854,,,,,,,4.146046021995933,0.27906866601214725,1.858131146892033,3,273,1,exact,0.28014890176277774,297,,,,,,0.00013616700016427785,816493eb271dac6bdaa8208b9c7f4a0613ad450a
dv3-train-nested-002646,3,train,nested,2646,,,,3:0:2:2646,,train,5,423.7310969263029,,,4.866450770361536,0.03915927896643369,0.33810788965032734,4.162243654429135,,,,,2223.5316537684985,0.016425179953115387,0.06836560103271115,,,,,,,0.14426795171180437,0.5629865651943561,2.4099686820538273,1,408,1,exact,0.31533831230095094,13321,,,,,,0.0014909580022504088,1e6c032398ca0724051fbb760f017f59483fecf7
dv3-train-nested-002647,3,train,nested,2647,,,,3:0:2:2647,,train,5,142.47673503758244,,,1.6442937096826915,0.7001892601021165,0.14524471006970519,4.842715581854444,,,,,123.75111310448396,0.01216825624719,0.058927404132264695,,,,,,,1.8971297822885769,0.2418483062295919,1.1959122217676794,8,130,1,exact,0.26440593299555026,227,,,,,,0.0001297919989156071,fe29b75a570d36dd2621ae13e75a761117b12b91
dv3-train-nested-002648,3,train,nested,2648,,,,3:0:2:2648,,train,5,177.54781080995744,,,2.044370167775,5.444888365753604,0.36106484566712194,3.1218493694645755,,,,,15.950224744003298,0.027097395206584864,0.08459398613980937,,,,,,,7.699816303585944,0.6012124043742096,1.9708347381792424,3,261,1,exact,0.4153820885105572,65,,,,,,0.00011520800035214052,6e24fa8a96244d70ed2983611a134542f5f906e9
dv3-train-nested-002649,3,train,nested,2649,,,,3:0:2:2649,,train,5,418.0633224643955,,,1.940030762073818,0.07559148475598286,0.11539586708369398,11.09810462836164,,,,,2850.7594691182762,0.005643768885804497,0.06263513759295031,,,,,,,0.527788168363666,0.1921467224981404,2.1411036661920435,1,438,1,exact,0.25393037880337577,5990,,,,,,0.0008643749970360659,2128fd14c710debbb848ef370d09d737470386b3
dv3-train-nested-002650,3,train,nested,2650,,,,3:0:2:2650,,train,5,228.32018556824943,,,2.8231219654520716,0.6557604857031565,0.46214562388632335,3.0478376461130914,,,,,123.33019662942482,0.030584873644346644,0.09321772929485181,,,,,,,1.221610340339335,0.7695229403858191,2.468395740386822,3,248,1,exact,0.4604239212732029,512,,,,,,0.00017958300304599106,8632a6197aeba7b1382c0baf4808952bde3eee87
dv3-train-nested-002651,3,train,nested,2651,,,,3:0:2:2651,,train,5,443.2795068708286,,,4.673184583374175,1.9120078212495315,0.06535871120167133,3.2684132057647712,,,,,49.61066565390698,0.003104306918603971,0.010146157727512163,,,,,,,20.6626872734501,0.10882939278055147,0.3719756945696639,3,443,1,exact,0.04927869645885357,227,,,,,,0.0001234579976880923,6ea500d63a32fd0de9edea1ed806f108b6803353
dv3-train-nested-002652,3,train,nested,2652,,,,3:0:2:2652,,train,5,184.90281907036433,,,5.7178892835342605,0.3105273774312835,0.06454620344344342,11.01094842672984,,,,,104.13767931789737,0.004746778167796517,0.052266529598734617,,,,,,,1.8441132229404467,0.10747647861912336,1.1882883778738866,1,219,1,exact,0.21203343147408765,748,,,,,,0.00016524999955436215,74f53ea27e492f84568d6cd3793b68edf5e2f817
dv3-train-nested-002653,3,train,nested,2653,,,,3:0:2:2653,,train,5,192.36649975656644,,,1.7924160292795652,0.17147957454099577,0.1140267540912781,9.582245989249552,,,,,625.861485178316,0.008221329233065613,0.07877879906984307,,,,,,,0.7581822813740531,0.18986699982807692,1.829232697166281,2,173,1,exact,0.32355491139527676,1289,,,,,,0.00027562499963096343,7922e5ba515818d82cfdf5e8ba42cf08210083b3
dv3-train-nested-002654,3,train,nested,2654,,,,3:0:2:2654,,train,5,190.44942443425217,,,2.5662556807128407,0.045801374117766684,0.05554617415528417,3.9687574810441517,,,,,1620.3216429541735,0.004024985491346379,0.015974191279875115,,,,,,,0.49835216775479846,0.09249044685030074,0.3785451732164783,1,202,1,exact,0.07437726810771504,4615,,,,,,0.0004329590010456741,526ae02cea0113a85d4c3464ef84503bd5476351
dv3-train-nested-002655,3,train,nested,2655,,,,3:0:2:2655,,train,5,571.2432457244935,,,2.623604746996146,1.2575976631206764,0.4506783572017201,3.543455953132442,,,,,173.13343611139723,0.018856286297915255,0.06681641993631751,,,,,,,3.3810487930643296,0.7504286888745362,2.7629720508838576,1,618,1,exact,0.3186182068387133,640,,,,,,0.0001967919997696299,357582a0f5a7ae8464faebebf7259e1e88c00b1e
dv3-train-nested-002656,3,train,nested,2656,,,,3:0:2:2656,,train,5,159.5099652154183,,,2.2339604142695455,0.46781663569146703,0.18575312860217805,6.577231121010664,,,,,152.62886890571002,0.01470761412657604,0.09673537734913201,,,,,,,1.1735020501670954,0.30929924750942434,2.0577111799595182,1,192,1,exact,0.41445832248665515,474,,,,,,0.00016675000006216578,1c655e477ccaf192d3c2476ba482f9984b52dcfd
dv3-train-nested-002657,3,train,nested,2657,,,,3:0:2:2657,,train,5,203.30777180528634,,,1.8115922285080384,0.04165716412235951,0.12805286225500126,3.560652597498825,,,,,2694.0387016725017,0.008980743652336146,0.03197730821316178,,,,,,,0.22203995975182259,0.2132220018846856,0.7885826835511404,1,204,1,exact,0.15232367009993558,5543,,,,,,0.0006506249992526136,ca799ece49df8bcddbe96f48567dd7ee4703ecc8
dv3-train-nested-002658,3,train,nested,2658,,,,3:0:2:2658,,train,5,257.33274568873986,,,2.721943338049782,4.632775036158074,0.067341057884349,11.200769773747549,,,,,20.406793122630173,0.004197903081594078,0.04701974594944064,,,,,,,13.199078502834706,0.1121302165237044,1.2609402742783122,3,237,1,exact,0.19047928109270126,52,,,,,,0.0001111249985115137,a46fa5a62c4b12c2ac7aadf7ab7e0979fafc6208
dv3-train-nested-002659,3,train,nested,2659,,,,3:0:2:2659,,train,5,180.88186992902283,,,4.794663812742925,0.11251811823491355,0.2227198239460092,3.5344249336734634,,,,,335.2852263011274,0.01656003899522683,0.05853021472733456,,,,,,,0.44957308879767816,0.3708528328449611,1.3622045793868207,1,191,1,exact,0.2792618914912556,2055,,,,,,0.00030124999830150045,e5b3e9880fac0b239aaae317e697dc4ad776a33c
dv3-train-nested-002660,3,train,nested,2660,,,,3:0:2:2660,,train,5,503.16038771741125,,,2.368857802221421,0.2942734638179665,0.17135388589025957,5.73781629024601,,,,,721.7991232042147,0.007639074334125757,0.04383160515674696,,,,,,,1.6173591528191822,0.28532293567545114,1.6618079734939462,1,504,1,exact,0.19142030554416123,1880,,,,,,0.00034683400008361787,a13319a13333ac6c501d0f724d6d140d2a28f38a
dv3-train-nested-002661,3,train,nested,2661,,,,3:0:2:2661,,train,5,255.2491764322093,,,2.1596438191788265,1.096942396362324,0.10588267276618171,3.293935051706828,,,,,107.7453153698935,0.006627392939893876,0.0218302019061508,,,,,,,5.600760498093214,0.17630621490637233,0.6069137066465259,1,275,1,exact,0.10583426436885876,290,,,,,,0.000273541001661215,db45030ea6f44d94119d3fece24a29a7eb376f46
dv3-train-nested-002662,3,train,nested,2662,,,,3:0:2:2662,,train,5,147.70397670370778,,,3.370542085185611,0.48006356920985627,0.05172329356372396,10.253969819619606,,,,,91.28379442831238,0.004255886893243732,0.043639735759035875,,,,,,,2.2959297048186023,0.0861249331214833,0.887312116560309,2,165,1,exact,0.17812461022499237,355,,,,,,0.00025587499840185046,11b2712ffbcddb8243df41285bd38d759d88b123
dv3-train-nested-002663,3,train,nested,2663,,,,3:0:2:2663,,train,5,499.1966672867033,,,4.896452001607878,0.08659949108837887,0.11518510210399771,5.039594045796536,,,,,1177.2666349789943,0.005155377514234671,0.025981009824570394,,,,,,,0.8741471661012146,0.19179577578670703,0.9854180297297529,1,510,1,exact,0.11579673781054955,6239,,,,,,0.0009888339991448447,4b66a6fa888c349be3eb75dd50c73537c54cf5c1
dv3-train-nested-002664,3,train,nested,2664,,,,3:0:2:2664,,train,5,111.6971270614431,,,3.0240429531395607,0.3915996076051197,0.08569115834894336,4.014504638748542,,,,,94.32173903575996,0.008108023749128553,0.03254969895195992,,,,,,,1.7769659795889345,0.1426851380377145,0.5903139121510711,2,130,1,exact,0.1512067409864337,348,,,,,,0.00025029099924722686,b1d8cd7c7814ddc5c805a2af4d2d1a2a92841c3f
dv3-train-nested-002665,3,train,nested,2665,,,,3:0:2:2665,,train,5,593.0001374615097,,,1.9765449690422559,3.9369824502730277,0.1038193316612208,6.096674245266069,,,,,76.20520147131236,0.004263348470654358,0.025992246819632907,,,,,,,17.035388668845457,0.17287052660371946,1.0680186369190707,1,573,1,exact,0.11252105766185358,153,,,,,,0.00024670899802003987,5e8eeca8356401938f1b1cab271bc1efe96e95ab
dv3-train-nested-002666,3,train,nested,2666,,,,3:0:2:2666,,train,5,675.3895326883949,,,4.5633282180674355,0.15559774065122814,0.08532045872848627,4.202910507593232,,,,,951.1945043702347,0.00328303882725372,0.013798318383901218,,,,,,,2.517603279483056,0.14206788268098255,0.6137670712273906,1,696,1,exact,0.06352584906224248,4469,,,,,,0.0007035829985397868,934342d9ebef0b623401db83fa53a42102473786
dv3-train-nested-002667,3,train,nested,2667,,,,3:0:2:2667,,train,5,500.49857177244394,,,3.1761312694066226,1.0323253173170348,0.22557245445702825,5.182258070201893,,,,,152.64684085205,0.010082881053015554,0.05225209170787562,,,,,,,4.2465868153282,0.3756027742167173,1.9823785920014587,1,494,1,exact,0.23182479131818506,575,,,,,,0.00031149999995250255,dbe53bbe2accebbf6805ead69548eff95bd2e0a3
dv3-train-nested-002668,3,train,nested,2668,,,,3:0:2:2668,,train,5,138.3463620519201,,,5.388881317701362,1.6106883880755332,0.06553818182073744,9.595955841827681,,,,,15.938872504567286,0.005571992422809181,0.053468593240275336,,,,,,,5.93601908400903,0.1091282309634931,1.0528604884068902,1,207,1,exact,0.2195729113919696,128,,,,,,0.00019058299949392676,b7a2c03edb64a9fa75dcebb6996e1768f688fedb
dv3-train-nested-002669,3,train,nested,2669,,,,3:0:2:2669,,train,5,203.66496330018686,,,4.624259893554953,1.8887607683871677,0.13524426180928992,4.209661627188634,,,,,23.318313428509615,0.009476777542416017,0.03989402676971172,,,,,,,8.392040776879776,0.22519646760388645,0.9743814494257858,1,222,1,exact,0.18361083513700943,127,,,,,,0.00014041599933989346,366536934f7a2fd4188387381349818fffdba093
dv3-train-nested-002670,3,train,nested,2670,,,,3:0:2:2670,,train,5,655.566267162168,,,2.44645164575436,0.09992322463175347,0.0641739692139696,11.340109286162908,,,,,2681.7205581564463,0.0025064012726975448,0.02842286434736796,,,,,,,1.1913540024345086,0.10685666797076505,1.2164686168247922,1,686,1,exact,0.11502644872406122,6622,,,,,,0.0007523329986725003,99c3a448e18e669e0e8e7433adf0f312c28fad7b
dv3-train-nested-002671,3,train,nested,2671,,,,3:0:2:2671,,train,5,535.6368431024281,,,5.258945090151284,0.19719726458559497,0.05402992483010893,6.244007329333803,,,,,516.5007055933177,0.00233452829712555,0.014576811797789095,,,,,,,3.272531528584103,0.08996572611562195,0.5689052067949969,2,486,1,exact,0.0628935526041352,2686,,,,,,0.0002968340013467241,9105c3bc9f3062b6f381b5c6c9773cc804163662
dv3-train-nested-002672,3,train,nested,2672,,,,3:0:2:2672,,train,5,163.64436558958363,,,2.9042095036795743,0.040279640883446544,0.0724274153890271,3.4665230327771854,,,,,1398.9027522114905,0.005661773078737255,0.01962666678380049,,,,,,,0.3583290501121071,0.12059955731273701,0.4351084607892694,2,149,1,exact,0.09404812474023247,4515,,,,,,0.00043104200085508637,7c19e68ba1b7c8cec0094372390fd68512446c87
dv3-train-nested-002673,3,train,nested,2673,,,,3:0:2:2673,,train,5,220.68178392107058,,,5.062840335476224,0.260910922306033,0.09837068649225168,3.3970992855510644,,,,,167.0628917694926,0.006621897578261088,0.022495243532103068,,,,,,,2.4957817986517172,0.16379793728374475,0.5800455598814463,2,227,1,exact,0.10828712779878362,911,,,,,,0.00017170799765153788,61d8b6dfdf691f8ec9f4df86de9a40e611b2120e
dv3-train-nested-002674,3,train,nested,2674,,,,3:0:2:2674,,train,5,263.97990627783315,,,4.385758582575817,1.3194123103360593,0.1095913624147078,10.365987848018957,,,,,45.61898483147378,0.006745138798897604,0.06992002682257374,,,,,,,5.165428471516046,0.18248158824283875,1.9003834816421499,2,333,1,exact,0.28511901480644203,274,,,,,,0.00013875000149710104,2ac78d9863730124a3b0ef2ee3f866aa83e242be
dv3-train-nested-002675,3,train,nested,2675,,,,3:0:2:2675,,train,5,110.61906148269853,,,1.5538569759723448,0.5706193232490854,0.06328712780125882,8.358833066824708,,,,,124.75916323318229,0.006017282503426756,0.05029745996206932,,,,,,,2.047297095498272,0.10537998015572911,0.8871347785551132,5,124,1,exact,0.20943545560337098,216,,,,,,0.00012529200103017502,a6abc383523303ce84d32aacc76a8a05f3168cd7
dv3-train-nested-002676,3,train,nested,2676,,,,3:0:2:2676,,train,5,156.65542989367464,,,1.6770293331997703,0.08480784473156612,0.10896971438637329,4.734008463990193,,,,,1101.4600942739778,0.008706289140942475,0.041215646483167584,,,,,,,0.38998005696742655,0.18144647637782477,0.8779241612563398,4,155,1,exact,0.18566050157192251,1976,,,,,,0.0003098330016655382,9ba9a3b0cfdd14f19c0b5430f4901df305f67c0b
dv3-train-nested-002677,3,train,nested,2677,,,,3:0:2:2677,,train,5,247.58347493964985,,,5.175384009432866,0.16117336844215616,0.08912140080774152,3.296198411297034,,,,,296.81496383082106,0.005663973034153534,0.018669578916806123,,,,,,,1.976724879916809,0.14839686639063712,0.5111604102747781,1,235,1,exact,0.0904968808553112,1619,,,,,,0.00020995800150558352,af6d1b3e6bf03f63f87623670ffb0efd176a5430
dv3-train-nested-002678,3,train,nested,2678,,,,3:0:2:2678,,train,5,234.17447557244344,,,2.0520275404075474,2.004726998586804,0.12105502140175317,11.515820642361273,,,,,56.9247499872328,0.007910665678071315,0.0910978071103525,,,,,,,5.957368515846822,0.20156983254364677,2.3299774674048663,2,299,1,exact,0.3682141424999383,171,,,,,,0.00013187500007916242,477b009b4273c151d23cc9538049b48b8c9d9a01
dv3-train-nested-002679,3,train,nested,2679,,,,3:0:2:2679,,train,5,714.3024742682488,,,4.105787686119175,0.10723438845834915,0.05214994346686011,6.219246765269114,,,,,1622.3762766886048,0.0019512493200273219,0.01213530102181348,,,,,,,1.9174501516370466,0.08683535180989527,0.5469871115440814,1,707,1,exact,0.05238811294450729,7039,,,,,,0.000561083998036338,921275ac85994cb9690d394b2a38cd7aecfa3e92
dv3-train-nested-002680,3,train,nested,2680,,,,3:0:2:2680,,train,5,421.0655124371145,,,1.6456707098517704,1.0276978683908207,0.08637554497646882,5.449760139425643,,,,,248.96670784724893,0.0042093589805893596,0.022939996784949252,,,,,,,6.15655076445558,0.14382471652283646,0.7968964737952454,1,452,1,exact,0.10096890166153932,462,,,,,,0.00015741700190119445,dea162384b4778ad3aee7f73329cd397bdaf2317
dv3-train-nested-002681,3,train,nested,2681,,,,3:0:2:2681,,train,5,275.9780858556708,,,5.53466716059731,0.07923319677403563,0.08278191555731805,6.459456967975746,,,,,629.3263424114347,0.004983083592258469,0.03218801403201958,,,,,,,0.7264660774889962,0.13784093103542458,0.9009840875295204,2,309,1,exact,0.13823992484717254,3907,,,,,,0.00038229100027820095,a1ca01f8eca5f918fc46e33cbbb9b75cacb8de37
dv3-train-nested-002682,3,train,nested,2682,,,,3:0:2:2682,,train,5,350.99941040430974,,,5.738350528072647,0.08827274086311646,0.08589860254813111,4.067590083272753,,,,,692.9353249523282,0.004584932064283633,0.01864962419715938,,,,,,,1.2615077601822648,0.14303055528689784,0.5991134766257927,2,337,1,exact,0.08640969776855406,4221,,,,,,0.0003732920013135299,e8ec786858267e584e3a40187d9934da12b09a97
dv3-train-nested-002683,3,train,nested,2683,,,,3:0:2:2683,,train,5,196.89464114475334,,,3.430327425556561,0.040819759079748684,0.1855075252098922,5.101436357807021,,,,,1406.1378009991831,0.013220399638656722,0.0674430273813822,,,,,,,0.14777107070873155,0.3088902910358972,1.6057736250129102,2,200,1,exact,0.2999886148608759,5672,,,,,,0.0007450830016750842,eabfe6f863b2d6017a122f1322526709b3229815
dv3-train-nested-002684,3,train,nested,2684,,,,3:0:2:2684,,train,5,156.39377817042939,,,2.8250891253974983,0.21036484420973509,0.060943847535759404,9.617811480996199,,,,,263.15653236529425,0.004873266176673566,0.04687015538396147,,,,,,,1.2095003888948366,0.10147816257517636,0.9812591887345807,1,168,1,exact,0.19243463779788458,797,,,,,,0.00018970800010720268,62dd92988ad03f11a02e74bf5fe8ddbd7b6bc6bf
dv3-train-nested-002685,3,train,nested,2685,,,,3:0:2:2685,,train,5,356.3261252266042,,,2.360425494969277,0.04598827195734309,0.0787146931004261,9.233638192039441,,,,,3282.5418935330636,0.004169960814597984,0.038503909436979844,,,,,,,0.4270397467872627,0.13106856141324552,1.2173163259325908,1,342,1,exact,0.1587048269638147,8287,,,,,,0.0009627500003261957,783eb9b24a69056eb18e5cfba62ce49325a31ed0
dv3-train-nested-002686,3,train,nested,2686,,,,3:0:2:2686,,train,5,159.74193828990383,,,1.7884652899744071,1.572864844213734,0.09192298656479106,3.0512281869417563,,,,,56.78675189155821,0.0072730178118268745,0.022191636951575614,,,,,,,5.738540463101506,0.15306181267180777,0.491468906683861,6,187,1,exact,0.1095795368033541,126,,,,,,0.00012020899885101244,bde04668ef9a69ca4b8764a67145ec683dd2cb77
dv3-train-nested-002687,3,train,nested,2687,,,,3:0:2:2687,,train,5,146.97102938828814,,,1.8369118061712741,0.42438084966234696,0.13302852043388724,3.5338055600483815,,,,,188.5331190949986,0.010973088776256367,0.03877676212843924,,,,,,,1.4852855978635386,0.22150701620543767,0.8135003642238448,3,151,1,exact,0.18502051566352518,386,,,,,,0.00014850000297883525,b7f8c5005022ed06c6ea7877dd226c0207bf8b66
dv3-train-nested-002688,3,train,nested,2688,,,,3:0:2:2688,,train,5,180.91839380651916,,,2.6331522195816555,0.5346083378772746,0.07689406346820425,4.751544017230935,,,,,128.520092567418,0.005716779613054708,0.027163529968237874,,,,,,,2.8050358822495673,0.12803701422221223,0.6217007345632063,1,210,1,exact,0.12228241337971346,396,,,,,,0.00014829199790256098,08a77b347b9b8f445badd92cd2c97a8c4801b89e
dv3-train-nested-002689,3,train,nested,2689,,,,3:0:2:2689,,train,5,345.6932397457248,,,4.33604743560943,0.39566385411885635,0.2726577667334708,5.335869665081254,,,,,201.49788174349402,0.014664674571038804,0.0782487921918944,,,,,,,1.2939450020474834,0.45400496192382206,2.464686901833215,1,375,1,exact,0.34554671461218706,1155,,,,,,0.00026154199804295786,a46255d49fbd0c10174b79eb9cb77fed319d7459
dv3-train-nested-002690,3,train,nested,2690,,,,3:0:2:2690,,train,5,188.07398225427696,,,3.9312417413394405,0.08692157937559918,0.07822619820186773,6.952203421705759,,,,,550.3910472917248,0.0057041096301004,0.039656130488168774,,,,,,,0.6038557603132242,0.13025516405260196,0.9148803423279184,2,191,1,exact,0.16869548078407118,2277,,,,,,0.00030954099929658696,00f24aaa36f538237fefca689371e01f0993f334
dv3-train-nested-002691,3,train,nested,2691,,,,3:0:2:2691,,train,5,197.9257627771694,,,2.733797724012558,2.238302247283885,0.13285735256005893,8.399699326311788,,,,,32.345749508555166,0.009443531436388361,0.07932282464423551,,,,,,,5.790912846098834,0.22122200300016204,1.8713204248029305,1,208,1,exact,0.33012354161766927,99,,,,,,0.00012445800166460685,2dc8b4cec8ce8044574a6a928a0c7b5ddf04b49f
dv3-train-nested-002692,3,train,nested,2692,,,,3:0:2:2692,,train,5,669.668095488114,,,1.6308456954641282,4.623261149011487,0.06442189749046609,7.971165776512775,,,,,88.81745228606704,0.0024894517202792865,0.019843832354971103,,,,,,,21.41325291370544,0.10726949563043212,0.8617652598671389,1,583,1,exact,0.08305785165022102,131,,,,,,0.00013287500041769817,50f86281cfde525d4460577c56c116089c2e3a6d
dv3-train-nested-002693,3,train,nested,2693,,,,3:0:2:2693,,train,5,439.9787262195487,,,3.0703509108886395,0.8961528569012095,0.05504210016904653,8.004583797783285,,,,,159.90482576718614,0.002624092604785564,0.02100476914814946,,,,,,,6.661671850963286,0.09165110860708717,0.739331728350049,1,399,1,exact,0.08787612639171857,494,,,,,,0.00015658399934181944,3c64a15f30917d144de8f934417b12af550d0164
dv3-train-nested-002694,3,train,nested,2694,,,,3:0:2:2694,,train,5,620.1036939816194,,,4.2683597473898995,0.07551102901092299,0.1730395224984039,9.185918174121156,,,,,1923.9461588177003,0.00694885338887576,0.06383159863417723,,,,,,,0.4656469151238409,0.28812970473714467,2.662372927442375,1,594,1,exact,0.2632336679217389,8807,,,,,,0.0010814999986905605,c5262220acfe201d30b3b45fb15ff652a9c3a505
dv3-train-nested-002695,3,train,nested,2695,,,,3:0:2:2695,,train,5,430.8586211369748,,,2.6433475185915487,1.3570958279268235,0.15713802204670224,8.133389872063468,,,,,120.10746718120387,0.0075703139152638365,0.06157231452674802,,,,,,,5.580162225841934,0.26165196968636384,2.1441421974759804,1,575,1,exact,0.2571425750235789,427,,,,,,0.00018033399828709662,5ccb00c240c4601ca39bfbef63e49080529a7aa3
dv3-train-nested-002696,3,train,nested,2696,,,,3:0:2:2696,,train,5,742.8310032843416,,,2.1231766821361804,14.657331819795338,0.38722338625864317,3.6357847317673784,,,,,23.869810204429367,0.014207464115882848,0.05165528110965977,,,,,,,32.54854865399163,0.6447692315554633,2.431295645286282,1,831,1,exact,0.2449446352711604,73,,,,,,0.000143749999551801,15edd825fa37abdb5c2cb7ceddccd0d7acf8eef6
dv3-train-nested-002697,3,train,nested,2697,,,,3:0:2:2697,,train,5,146.11476488428593,,,2.6960165882131335,0.16235226483080378,0.058176268817281454,4.219562944641584,,,,,333.82064511751827,0.004812811055410478,0.020307959188971405,,,,,,,1.1617164782825333,0.0968698417275549,0.42007025166039547,1,142,1,exact,0.09342455866620074,946,,,,,,0.0002763330012385268,148868e51402ee483bf336ad4f9454bce082fc90
dv3-train-nested-002698,3,train,nested,2698,,,,3:0:2:2698,,train,5,381.4923650771931,,,1.743382853619393,6.92571526164231,0.10764011999939521,3.0611756108296966,,,,,31.595733936756115,0.005511010619532822,0.016870171299537332,,,,,,,24.305736710361625,0.1792325565021288,0.5771955148506432,1,446,1,exact,0.0832359845210045,67,,,,,,0.000274041998636676,e03ab6d3b5ac4e5f5e8cac05d861031cb2eb8f68
dv3-train-nested-002699,3,train,nested,2699,,,,3:0:2:2699,,train,5,396.65229265075226,,,1.502388588796936,1.8819177293461502,0.08220256311513985,11.156779341897382,,,,,140.29011099498425,0.004127436256745354,0.04604889556425482,,,,,,,8.481710120847739,0.13687624594098272,1.5332200206107665,1,372,1,exact,0.1866066052219941,204,,,,,,0.00029637500119861215,81af1dfcdd1c4bc4095a5faad51eff3288e8cd03
dv3-train-nested-002700,3,train,nested,2700,,,,3:0:2:2700,,train,5,132.69158103341107,,,3.560731805249328,0.2015387309548029,0.058349529440415965,8.481195075818452,,,,,184.90369308261523,0.0050654224827266945,0.04296083621744172,,,,,,,1.1124472453517433,0.09715833958900029,0.8297269293470253,1,154,1,exact,0.1786104478406856,793,,,,,,0.00031916700027068146,b36578549033e73de4d8c73427e6ff52e5418455
dv3-train-nested-002701,3,train,nested,2701,,,,3:0:2:2701,,train,5,249.2757312493556,,,2.0327161640961817,0.05038432248020041,0.11003317209285123,5.612265722152955,,,,,2433.9286076394146,0.006969211325915868,0.039113065834877773,,,,,,,0.3166056977585557,0.18321724961242358,1.0444592799294767,3,258,1,exact,0.17138074844832932,5492,,,,,,0.001196125002024928,a26e286710059a3316b9c7599a306bfdd335fe48
dv3-train-nested-002702,3,train,nested,2702,,,,3:0:2:2702,,train,5,382.50826605036866,,,3.992165264455879,0.11050407764593428,0.15295545462296,4.704488868489997,,,,,867.0696985642007,0.00782068073230013,0.03679230544912016,,,,,,,0.7178255603443353,0.2546875380961347,1.2249442129440031,2,366,1,exact,0.16591643107410853,3913,,,,,,0.00047375000212923624,e5cee74ba6e320cefd1fec9b4dfd4ba78bdb2333
dv3-train-nested-002703,3,train,nested,2703,,,,3:0:2:2703,,train,5,359.62067242981595,,,2.1254967828294093,7.999378616054515,0.1102739675550276,4.261242924397945,,,,,21.150855785752672,0.005815012812792539,0.0247791822037956,,,,,,,24.679522563631973,0.18361820035718515,0.8036981689028776,1,287,1,exact,0.1137803156259373,40,,,,,,0.00012191700079711154,da95c60ffdb3cb39604550163f35b2332bfa4d5b
dv3-train-nested-002704,3,train,nested,2704,,,,3:0:2:2704,,train,5,519.9026941189445,,,1.6022799623253252,0.15109049149548223,0.05037863345894847,11.645684136286386,,,,,2147.5660631978335,0.002209455957611629,0.02573062619538119,,,,,,,1.6736105123860308,0.08388592718014204,0.9805039853929249,1,511,1,exact,0.10390962613196633,3613,,,,,,0.0004588330011756625,c1a179d68993e440f2bc4cbe133c0cceefde417b
dv3-train-nested-002705,3,train,nested,2705,,,,3:0:2:2705,,train,5,699.6045909713424,,,2.5947503660639457,0.5777155576329815,0.11506472602592495,4.371672243495565,,,,,466.70559332352605,0.004350266694655348,0.019017940160827983,,,,,,,5.036369812309493,0.19159533646896193,0.8592259048611359,1,625,1,exact,0.08690674653108096,1236,,,,,,0.00022437499865191057,24472c0213828050c0a88eed8cce4c587ef9090c
dv3-train-nested-002706,3,train,nested,2706,,,,3:0:2:2706,,train,5,287.93404279591545,,,2.3194302863481773,4.476409045373728,0.28116375922201836,3.588072275833496,,,,,27.7320469454507,0.016569630878568196,0.05945303317618515,,,,,,,9.870309407287287,0.46816836846144805,1.7438415588624303,2,403,1,exact,0.2827295408878867,112,,,,,,0.00012324999988777563,c422b41897a427f937661a548e30f50645397e81
dv3-train-nested-002707,3,train,nested,2707,,,,3:0:2:2707,,train,5,568.2336112306191,,,4.006910376959844,2.210528412848034,0.24193188074501154,3.3748765312558175,,,,,64.15362316028121,0.010149149320993972,0.034252125855633475,,,,,,,11.487954809869393,0.40284300580062715,1.41797256618505,1,452,1,exact,0.16512907435713156,235,,,,,,0.000134292000439018,f343118b2286bf51ab7e9810d4e7bebfbfc0f89b
dv3-train-nested-002708,3,train,nested,2708,,,,3:0:2:2708,,train,5,129.82496387598147,,,3.69034024563528,0.10135058407146245,0.05644431945898374,7.258028375361335,,,,,347.10873679245185,0.004953830423142425,0.03595504177789597,,,,,,,0.6601815860115505,0.09398595687847015,0.6885969237405188,3,132,1,exact,0.1521407701170614,1402,,,,,,0.00021141700199223123,9165a7d56d88ea65abe51bd6a1632dd802197ecf
dv3-train-nested-002709,3,train,nested,2709,,,,3:0:2:2709,,train,5,499.95880673229857,,,2.3427862880661983,0.8640645844262383,0.05093433885492711,7.7541137434777045,,,,,246.9763365389063,0.002277946719374324,0.017663457963610393,,,,,,,6.940295018193231,0.0848112373598765,0.663082219463956,1,493,1,exact,0.07416241275916327,592,,,,,,0.0001671659993007779,dc24968c7840cbeec41141c7d9c309c07659f0f4
dv3-train-nested-002710,3,train,nested,2710,,,,3:0:2:2710,,train,5,490.2592397509916,,,1.6372173863489423,11.34376783023131,0.05930405951562626,4.688031424054445,,,,,26.39745815475023,0.0026783759042860017,0.012556310404723018,,,,,,,40.21674341805871,0.09874773642021037,0.4733472372737556,3,595,1,exact,0.0566580495339505,49,,,,,,0.00012024999887216836,3f854e9fcb42723ad14bafc85283ca2f7100b739
dv3-train-nested-002711,3,train,nested,2711,,,,3:0:2:2711,,train,5,566.0995807683489,,,4.744481052307355,0.7825253055740853,0.358196558922726,4.704543810386082,,,,,152.47748706837453,0.015054800083351867,0.0708259665487329,,,,,,,2.7409982366547907,0.596436393663871,2.868650259945916,1,505,1,exact,0.3193919868882954,849,,,,,,0.00021750000087195076,6029fe18d99113fe4a85bcf9ec7eb41996abe904
dv3-train-nested-002712,3,train,nested,2712,,,,3:0:2:2712,,train,5,150.73109592595213,,,4.604309343713323,0.14140239987311418,0.10211836880242386,3.836598455095176,,,,,231.51630481446756,0.008317684452605537,0.03191161532083557,,,,,,,0.9343471947251792,0.17003823766072074,0.6741643595337092,2,145,1,exact,0.14961342905576594,1225,,,,,,0.00018475000251783058,345467b64a0866beec2d9185cf506c97212472d6
dv3-train-nested-002713,3,train,nested,2713,,,,3:0:2:2713,,train,5,737.0186007860283,,,1.5702442051459233,0.39113503366669006,0.27701651403839084,4.319902314644324,,,,,1200.0090800008718,0.010203905678788386,0.04407987576021031,,,,,,,1.6980097057642112,0.4612627522589868,2.0453014601355175,1,686,1,exact,0.20188227806450923,2121,,,,,,0.0003828750013781246,c39135b1df1c7bd0df559897ae266b8245f6cd5f
dv3-train-nested-002714,3,train,nested,2714,,,,3:0:2:2714,,train,5,541.3501865166643,,,1.8965249579721801,0.03249689783663303,0.33320875317036625,5.837688717893837,,,,,8783.706653142624,0.014321128980115507,0.08360229307472276,,,,,,,0.10113927039402065,0.5548289678601911,3.286096501273845,3,555,1,exact,0.36417882093417786,20383,,,,,,0.003101750000496395,111d86c85e1750e2ad3660d4ff2c33e029bffcff
dv3-train-nested-002715,3,train,nested,2715,,,,3:0:2:2715,,train,5,727.1250874335118,,,4.808646688788992,1.2118246122858785,0.1478586925378949,7.579551247556573,,,,,124.78043387391297,0.0054833036561900165,0.041560981068006556,,,,,,,7.400712380286896,0.24620087254434533,1.8822631882097052,1,829,1,exact,0.1749584704357579,749,,,,,,0.00019699999756994657,92f89e558fe80bb8681b5b2e1fbcb6bca4f55109
dv3-train-nested-002716,3,train,nested,2716,,,,3:0:2:2716,,train,5,214.99287397564166,,,1.6367602808284352,7.577185522449053,0.17421372462192034,6.956850797981662,,,,,17.335288231095696,0.011881474308223863,0.08265764402236579,,,,,,,12.401256436285252,0.29008487952187423,2.0388194931745924,1,280,1,exact,0.3515925395919082,41,,,,,,0.00010754100003396161,f5a63b485a003dddfbe03690158fcb9fe15a668f
dv3-train-nested-002717,3,train,nested,2717,,,,3:0:2:2717,,train,5,392.8473132413384,,,5.632304631855988,0.31728493788373757,0.18360715450414716,3.3526722865747622,,,,,219.83062528140567,0.009263555470751824,0.031057665701937666,,,,,,,2.5865575844166515,0.3057259662479431,1.0696220191297106,1,413,1,exact,0.14995528625493684,1490,,,,,,0.00022687499949824996,a329e0982ea59ce82df593f9d2389ba69cb755de
dv3-train-nested-002718,3,train,nested,2718,,,,3:0:2:2718,,train,5,386.9609970735815,,,5.716787551504574,0.3222934959825818,0.13955114150980483,10.709813960143714,,,,,210.02142405306736,0.0070941406820401965,0.07597692691173755,,,,,,,1.738754792724782,0.23236789271261682,2.49944172142788,2,407,1,exact,0.30894266984566254,1384,,,,,,0.00026233399694319814,3002931a995a0bc2e942f5cd0186d98229cc001c
dv3-train-nested-002719,3,train,nested,2719,,,,3:0:2:2719,,train,5,378.6056717391977,,,3.6896205768146975,0.44696153146039524,0.15437998663161936,3.2750997982966084,,,,,229.58063966543125,0.007934095820235128,0.025984955620518033,,,,,,,3.142444197982945,0.25705953948123683,0.8802658038527167,1,387,1,exact,0.12614551147918027,965,,,,,,0.00019008299932465889,8ed983afde273415d038b7368796688a7b3f8c9b
dv3-train-nested-002720,3,train,nested,2720,,,,3:0:2:2720,,train,5,455.3132770256828,,,4.568391619189664,6.235946074101064,0.08252791024155084,3.7496485575193788,,,,,15.98249721883899,0.003867636862180971,0.014502278981285654,,,,,,,39.67720811588349,0.13741798444162348,0.5332785355150694,1,541,1,exact,0.06831801985828587,91,,,,,,0.00011641600212897174,7c52b24b9ff0bdc474ba360ed2f5b454fee317e9
dv3-train-nested-002721,3,train,nested,2721,,,,3:0:2:2721,,train,5,411.9645391451804,,,2.0178639940891445,0.040866560562803536,0.15187388662954135,8.704716349571774,,,,,4995.740322590552,0.007482611375478946,0.06513400957762332,,,,,,,0.22951949584246148,0.25288660925573214,2.2157844283413497,2,407,1,exact,0.2700624104426737,11232,,,,,,0.002262209000036819,82994435ee6420f560cb61aa1acd75f0a9b7d4f7
dv3-train-nested-002722,3,train,nested,2722,,,,3:0:2:2722,,train,5,454.24250163771956,,,4.718946695774755,1.4381260644630949,0.3159318426687605,3.4437925955919018,,,,,66.9338394759577,0.014823457652773786,0.05104891370569248,,,,,,,5.950780332001373,0.5260610248508497,1.8864776789827273,1,487,1,exact,0.24498043501819464,404,,,,,,0.00034183300158474594,066a0e1c2b6026b3eae49a0cc95a4c355c038b0b
dv3-train-nested-002723,3,train,nested,2723,,,,3:0:2:2723,,train,5,408.63145316761404,,,2.22378514731927,8.788296110988364,0.1688933157394228,4.099658840558105,,,,,20.909049237557603,0.008355002147825466,0.03425265841821462,,,,,,,23.85220313147374,0.2812258176251388,1.1867330519263064,1,280,1,exact,0.158458592051803,39,,,,,,0.00022095799795351923,f61a17640ff05fff8510a8794274a3cc4ccad6f7
dv3-train-nested-002724,3,train,nested,2724,,,,3:0:2:2724,,train,5,167.78349631795675,,,3.3606577086049,0.07208727533699535,0.12218805469602001,6.332103417618331,,,,,692.5742628302601,0.009433093314152286,0.05973132241325632,,,,,,,0.32313766395330656,0.20345645673112087,1.3042738567661447,2,131,1,exact,0.25722360229714275,2574,,,,,,0.0007206670015875716,af0497eb4d5f69f21ce68017094342dfe975eedd
dv3-train-nested-002725,3,train,nested,2725,,,,3:0:2:2725,,train,5,258.7210581717588,,,2.698962587922482,6.003259630552358,0.12054552828174808,6.294536317841528,,,,,15.967899407173508,0.007494371459363814,0.047173593330360544,,,,,,,14.806452025245067,0.20072147085082004,1.2792933375436049,1,221,1,exact,0.20331106227929557,43,,,,,,0.00022145900220493786,9871240659010d87303bc029d951c1d85b27ca46
dv3-train-nested-002726,3,train,nested,2726,,,,3:0:2:2726,,train,5,424.44256092324764,,,3.293770652471387,3.262192477277296,0.4476190423128615,3.6038228990595074,,,,,39.50171840099827,0.021726966292926458,0.07830013865354242,,,,,,,7.275127147539246,0.7453345954391308,2.7875453572771667,1,349,1,exact,0.3720024522883232,156,,,,,,0.00033841700133052655,5867674636cc2340fccb0971ecd4105acc6e393c
dv3-train-nested-002727,3,train,nested,2727,,,,3:0:2:2727,,train,5,244.27906792188736,,,3.315915564738552,1.7358041529949901,0.11451801865292816,6.582448962920912,,,,,42.440654015891184,0.007327076034258065,0.04823010404294467,,,,,,,6.256322745331123,0.19068500898027715,1.2695760691889046,5,164,1,exact,0.20661806859254686,113,,,,,,0.0002447500010021031,e4f6e854d52404c38df1d809cd10ce8e440e21ac
dv3-train-nested-002728,3,train,nested,2728,,,,3:0:2:2728,,train,5,178.0100743837745,,,4.067384121111422,0.3886901812821895,0.16606546772222303,3.8182731573838735,,,,,112.59674160086605,0.012446780826211307,0.04752520912456291,,,,,,,1.6345587229979324,0.2765171418123932,1.0914272018327238,3,194,1,exact,0.22303681929251173,541,,,,,,0.0002890840005420614,975f02b4ec5fc76524a9b3b4325cd711eb36b755
dv3-train-nested-002729,3,train,nested,2729,,,,3:0:2:2729,,train,5,703.998288640881,,,3.276841116825061,0.3038050866833676,0.08834873063707574,3.3479012722493295,,,,,707.1656840617942,0.003329772117952453,0.011147748309993362,,,,,,,4.408959549356213,0.14711028616365354,0.5140119063845516,2,796,1,exact,0.05384213714005186,2558,,,,,,0.0005202499996812548,23e1d5f3a2c57de77dcc777ad21426bcfd620a99
dv3-train-nested-002730,3,train,nested,2730,,,,3:0:2:2730,,train,5,215.76267326912816,,,1.8815140987760979,0.03607574921222349,0.19050657774590446,4.862641799915673,,,,,3178.728810496975,0.012969457737043387,0.06306582731438691,,,,,,,0.12309793915600849,0.3172142595164504,1.5747790422851689,5,224,1,exact,0.28277647858259114,7344,,,,,,0.001719166997645516,c01737f931dbc5e913c9d712ac585b26376987df
dv3-train-nested-002731,3,train,nested,2731,,,,3:0:2:2731,,train,5,681.5353761817414,,,2.215006152581045,0.9559729566179045,0.10492672214753673,4.8245753311259625,,,,,321.8606320999049,0.004019221160428002,0.019391035260940406,,,,,,,7.272181657771571,0.17471445271518846,0.8608393514031876,2,624,1,exact,0.08706312955981381,713,,,,,,0.0003338329988764599,4df44e9c7ac7b49547293bcf82cfbb5720e8b51f
dv3-train-nested-002732,3,train,nested,2732,,,,3:0:2:2732,,train,5,274.69976268505764,,,1.5473892891504195,0.2590566664880428,0.058461505403149844,7.62715430067338,,,,,685.2734800985372,0.0035272874427956283,0.026903165589029887,,,,,,,2.050942629405424,0.09734479179722612,0.7488180184128734,2,273,1,exact,0.11317135648524387,1168,,,,,,0.0003798750003625173,e6125c31abfc0fa42dfc45d2e1a9d9831d82ec97
dv3-train-nested-002733,3,train,nested,2733,,,,3:0:2:2733,,train,5,154.22662018348987,,,1.7061586744009527,0.10983588509017446,0.23629273303121093,4.485377621435041,,,,,822.9921044353886,0.019027016502735777,0.08534335402404628,,,,,,,0.2444006386525191,0.393453208936379,1.8081138859142356,2,170,1,exact,0.3881551285822201,1865,,,,,,0.0006392080031218939,ec08ce3a4ea1aacad3cfbe5ea5586897f7100318
dv3-train-nested-002734,3,train,nested,2734,,,,3:0:2:2734,,train,5,184.69521406997572,,,1.5697238924998627,0.7394965241893681,0.10983004897290714,4.137474268285904,,,,,159.10954587739363,0.0080815256616376,0.03343710447351778,,,,,,,2.8680409136910465,0.1828790274321392,0.7784439371178961,1,184,1,exact,0.15440846992617988,289,,,,,,0.000247042000410147,627184bdff603d1fc95b7a0242181362a340f10a
dv3-train-nested-002735,3,train,nested,2735,,,,3:0:2:2735,,train,5,182.54684842864418,,,1.5670985194437628,0.035786267306349366,0.09044152948255746,3.337782705179739,,,,,3255.0797821513584,0.006693923248042034,0.022342861247115285,,,,,,,0.24665324426726354,0.15059502482171616,0.5247279025710452,4,170,1,exact,0.10798828022211396,5376,,,,,,0.0009808329996303655,eb1e5ed883c614827246921774e7d63fe2fef720
dv3-train-nested-002736,3,train,nested,2736,,,,3:0:2:2736,,train,5,514.3573814740222,,,4.936088069618382,1.7528193772072436,0.09805818594371915,5.361129860213659,,,,,59.44904895151081,0.004323658320425089,0.023179693726992183,,,,,,,14.199533127899976,0.16327758973840462,0.8904500708673337,2,376,1,exact,0.10228541966963607,263,,,,,,0.00024774999837973155,ea678ed3ab31c36effe681df3f087aa9f62823e9
dv3-train-nested-002737,3,train,nested,2737,,,,3:0:2:2737,,train,5,189.536366411201,,,5.330158251212369,0.09795251712680736,0.05931276629503475,4.2326062037849415,,,,,363.0252611327202,0.004308259996136608,0.018235167987166297,,,,,,,1.2597698800452937,0.0987622341589001,0.42953006249281683,3,166,1,exact,0.0838393803085864,1932,,,,,,0.000399791999370791,51084417cdd7b8f500e5f67dec1c77db19fb2930
dv3-train-nested-002738,3,train,nested,2738,,,,3:0:2:2738,,train,5,115.18003033534403,,,4.701594483168598,0.0685447818296541,0.05188238184191917,6.708483810657505,,,,,357.40252960835494,0.0048342745499294505,0.03243065255447532,,,,,,,0.4980654091687538,0.08638983248066842,0.5859482654536214,1,116,1,exact,0.13858887823058555,1776,,,,,,0.0004794999986188486,044e88dbe4f6094ab0a8ad18c52643a2a4f9633c
dv3-train-nested-002739,3,train,nested,2739,,,,3:0:2:2739,,train,5,720.3847367321024,,,4.269898032482827,6.426120697767139,0.06373331037207056,5.634194253328679,,,,,26.25415955313751,0.0023745658926690562,0.013378765506626282,,,,,,,48.129505580405876,0.10612292286922413,0.6072618937354605,1,696,1,exact,0.05858689917482596,112,,,,,,0.0002646249995450489,6f1cc238d7b472c3530530333603f2b5477902ca
dv3-train-nested-002740,3,train,nested,2740,,,,3:0:2:2740,,train,5,359.42945989107216,,,5.877092201955166,0.07579059827631693,0.09549473031946627,5.268337481246633,,,,,806.9299421830092,0.005037007197784178,0.02653665381339546,,,,,,,0.8010146225543737,0.15900915613746489,0.8526713817161407,3,333,1,exact,0.11742296580676634,4932,,,,,,0.0009615829985705204,c80bce26e35727f74f80b6e4c979ccbf407803fb
dv3-train-nested-002741,3,train,nested,2741,,,,3:0:2:2741,,train,5,523.3209972653631,,,3.3868397138202138,9.154123963651495,0.244253199097208,3.0604520747819164,,,,,16.87938921140904,0.010677170562480109,0.03267696880074265,,,,,,,32.49135983838781,0.4067082543967994,1.30947217570081,1,379,1,exact,0.1612347590045685,52,,,,,,0.0002427910003461875,46223d62ceee90a39c288b472947f29da0e4d0e3
dv3-train-nested-002742,3,train,nested,2742,,,,3:0:2:2742,,train,5,137.88514585374293,,,5.320724351633762,0.4982676205945731,0.0878783414075412,4.80647959095943,,,,,52.00966503361394,0.00748381615366765,0.03597080960509606,,,,,,,2.9113292685701437,0.14632703671947772,0.7183785158785404,1,125,1,exact,0.16160846956614933,263,,,,,,0.00023483399854740128,160bec85731ca1bf01d1e5719bd2cb03bf3379fe
dv3-train-nested-002743,3,train,nested,2743,,,,3:0:2:2743,,train,5,526.6000727093108,,,2.062767316710124,12.186066394425726,0.161308000982504,9.776651717034348,,,,,20.94918505262234,0.007029354595669443,0.06872355167739494,,,,,,,27.843172438933188,0.26859544006922825,2.6396649047075638,1,548,1,exact,0.28172630725070547,46,,,,,,0.00022950000129640102,0fc8d38105afd3821a3630dff5351720e669a3ef
dv3-train-nested-002744,3,train,nested,2744,,,,3:0:2:2744,,train,5,282.4272684343303,,,1.8003342316672066,0.033768359668450036,0.13016077248630384,7.765727840429653,,,,,4645.618275748058,0.007745095989318093,0.060146307551047565,,,,,,,0.18450839554412723,0.2167319026506405,1.6969779816754302,1,283,1,exact,0.25248924898734404,9503,,,,,,0.0020525830004771706,4f22b3cec2ce2654ce4090f2460181c9eb281943
dv3-train-nested-002745,3,train,nested,2745,,,,3:0:2:2745,,train,5,242.20047193344269,,,2.2993327626008986,1.0158301230527704,0.17941426209943542,4.143079948307297,,,,,103.69362817532101,0.011528411520368506,0.047763130605873595,,,,,,,3.4207184320252892,0.2987443424366814,1.2732647705662736,1,204,1,exact,0.22050622261558434,276,,,,,,0.0002556250001362059,f6a19a6ae4b3515e1edfdf07356210fd17a27075
dv3-train-nested-002746,3,train,nested,2746,,,,3:0:2:2746,,train,5,128.1546252122555,,,5.8431849069775215,0.3794753594513601,0.1333399085890888,7.2427587678121075,,,,,57.796438064718664,0.011778582023693623,0.08530942822450106,,,,,,,1.230913236682265,0.22202551149438357,1.6233322744930159,4,148,1,exact,0.36107191065312605,443,,,,,,0.0003200410028512124,04bfd7631bf9fb3a560c18515c2901507ee2e899
dv3-train-nested-002747,3,train,nested,2747,,,,3:0:2:2747,,train,5,211.45916044569856,,,2.1149199451060348,5.449826389739021,0.16516621374616902,4.040098198754602,,,,,18.34635966019874,0.011358159455277747,0.045888079556435174,,,,,,,11.928479782398203,0.27501978572366187,1.1446372860906957,2,179,1,exact,0.21289970661489646,41,,,,,,0.0002185829980589915,1ed41ffd0d7b5771c21500f69ecdba68685fe72e
dv3-train-nested-002748,3,train,nested,2748,,,,3:0:2:2748,,train,5,120.27782215267113,,,4.680102801808736,0.5280928699001741,0.15097173551998078,5.2035456696427085,,,,,48.66535089986599,0.013765844824914022,0.07163120222765484,,,,,,,1.578656973448123,0.25138442912328074,1.3320264692563528,7,111,1,exact,0.31759302579773807,290,,,,,,0.00025654099954408593,24da24ba2134549ee55acfc0d729651e0836450a
dv3-train-nested-002749,3,train,nested,2749,,,,3:0:2:2749,,train,5,218.74425558689276,,,3.833754424250984,0.09118700076583396,0.1281122347038593,8.511839248856099,,,,,625.7191334258526,0.008662081754054194,0.07373024745095877,,,,,,,0.4331736978776422,0.21332086349683055,1.8282407880961622,2,200,1,exact,0.30641843058853474,2727,,,,,,0.0007200410000223201,2bff40dae2820908171d66c05e6533c4b0fce412
dv3-train-nested-002750,3,train,nested,2750,,,,3:0:2:2750,,train,5,508.3783945374183,,,2.8994422545431315,0.1674085127610314,0.2839155478527179,3.4696035088088886,,,,,1047.3578288811202,0.012592026629967177,0.04368933977834908,,,,,,,0.745965285156152,0.4727503970882885,1.7070249311359575,1,517,1,exact,0.20931132949649972,3694,,,,,,0.00077479200263042,fbc594afa49a5913fc0582f5d064d29efef93a61
dv3-train-nested-002751,3,train,nested,2751,,,,3:0:2:2751,,train,5,120.97489792601964,,,3.6607155842869696,1.6435830924865453,0.12619511617241272,3.9531578706712365,,,,,20.106552454197782,0.011473473465750263,0.04535645193506824,,,,,,,5.184274232680252,0.21012865174984713,0.8568369618268954,3,109,1,exact,0.2113514294328605,86,,,,,,0.00020641700029955246,a05cf80657d445e15ddadb217e7aec53ad563200
dv3-train-nested-002752,3,train,nested,2752,,,,3:0:2:2752,,train,5,164.04827519845705,,,5.481705739719285,0.6020476342497885,0.13012918461787526,5.381295710276955,,,,,49.70786334171753,0.010159886919596203,0.054673355897321994,,,,,,,2.578744014333054,0.21667930539960678,1.1859771807502082,1,139,1,exact,0.24111589884166987,271,,,,,,0.00023587499890709296,6ff25f97cfacaaa6ab32d1683e9ba62980698bde
dv3-train-nested-002753,3,train,nested,2753,,,,3:0:2:2753,,train,5,669.3505278946452,,,1.8394530066995922,0.2747569652470923,0.28755040113540287,3.1510807698808296,,,,,1324.3909432154567,0.01111442942949919,0.03502246484349246,,,,,,,1.2664598789791426,0.47880282481105063,1.5828985329395953,1,649,1,exact,0.1715838703889817,2900,,,,,,0.0007087919984769542,0473cf480b46d4d98cf2c94ab39fc737436769df
dv3-train-nested-002754,3,train,nested,2754,,,,3:0:2:2754,,train,5,146.67144378875926,,,2.504362323617277,0.6356628796245319,0.07827132188023561,7.889587621938504,,,,,92.13434539903109,0.006462936440679335,0.050989903343758976,,,,,,,2.3938269843736464,0.1303302999055971,1.0364790506841475,4,149,1,exact,0.21366805829457006,244,,,,,,0.0002352920018893201,7ef6fa1b38880f43573e601f2592bccb658efd2c
dv3-train-nested-002755,3,train,nested,2755,,,,3:0:2:2755,,train,5,750.3372245802948,,,4.429368079745721,0.6762020638548958,0.4393469736500964,3.0719018795964743,,,,,250.51759224931416,0.016039077760377374,0.04927047311909727,,,,,,,3.000003368221437,0.7315606976211345,2.3633578881321426,1,816,1,exact,0.24288729637847273,1526,,,,,,0.0004728339990833774,777b809bd6f948890b6251a33556f4f6e969fceb
dv3-train-nested-002756,3,train,nested,2756,,,,3:0:2:2756,,train,5,140.93307127750825,,,1.8975872507919376,0.09189520033435805,0.13976031298144884,4.311221342052931,,,,,808.1990463890836,0.01177273603111328,0.050754870831691085,,,,,,,0.33114849302812477,0.23271618605909652,1.0299270021773612,1,152,1,exact,0.23254120071886117,1805,,,,,,0.000393000002077315,dae0316211a1b5a8d9e86682f67b7325e70c81b6
dv3-train-nested-002757,3,train,nested,2757,,,,3:0:2:2757,,train,5,690.5326434958787,,,3.1312089635342777,14.112829860169345,0.14865252233272053,6.378040048037767,,,,,15.626368312093403,0.0056569218081318675,0.03608007384088327,,,,,,,44.71897946386457,0.2475226858566582,1.597996086110098,2,737,1,exact,0.1552205748720793,57,,,,,,0.00014075000217417255,fd4d661c76c4996e551b423349fb5d67d77beded
dv3-train-nested-002758,3,train,nested,2758,,,,3:0:2:2758,,train,5,156.43007149624094,,,2.398238705660197,0.7098772529337313,0.12437451517006515,8.272207400989185,,,,,91.8849907439066,0.009944232710432148,0.08226075542439555,,,,,,,2.142568577293022,0.20709715223068154,1.725622842049634,1,132,1,exact,0.3429118709146696,231,,,,,,0.00013604199921246618,560e35a88968af7dd61ef43c97055484c8070f36
dv3-train-nested-002759,3,train,nested,2759,,,,3:0:2:2759,,train,5,245.07784763558712,,,1.654417329679915,4.170750413450712,0.053614291955037,3.943349519416082,,,,,35.517695975329694,0.0034247474121720076,0.013504976061909956,,,,,,,15.985690862617005,0.08927365198224223,0.36318037394946784,2,200,1,exact,0.06296192069431683,55,,,,,,0.0002234170024166815,39588e8a1b59e275af6ffee7a2456a734ca12241
dv3-train-nested-002760,3,train,nested,2760,,,,3:0:2:2760,,train,5,171.64874398852308,,,5.412041628014203,1.9117053958269985,0.2018891839872401,4.916100751678131,,,,,16.590464115688434,0.015409648688618199,0.07575538550121186,,,,,,,5.459954950684166,0.33616754214288314,1.6864774305007093,3,114,1,exact,0.33904426504910873,97,,,,,,0.00021358400044846348,f56d18672e4e31311b17d8b7729316a8219e7f5e
dv3-train-nested-002761,3,train,nested,2761,,,,3:0:2:2761,,train,5,134.57897096476793,,,3.685489597850762,0.14470024561973674,0.0776565098398378,4.240070703612216,,,,,252.35548296579202,0.006694054845724248,0.028383265839728774,,,,,,,0.9289699901018554,0.12930657070714016,0.5633108272039365,1,151,1,exact,0.13045313389481533,974,,,,,,0.0003360410009918269,43ead1eac4ddf9694fc33d25cc48fdcde1c58b68
dv3-train-nested-002762,3,train,nested,2762,,,,3:0:2:2762,,train,5,155.9396626916716,,,2.948851557081665,0.34640550826338573,0.0647984972523634,11.223986867426984,,,,,152.65776164549155,0.005189035465621452,0.05824166592074804,,,,,,,1.701459553406797,0.10789657536708912,1.2158267615722111,2,200,1,exact,0.2358998241399246,545,,,,,,0.00029095900026732124,af03d282552a98641b8ebf02e8c0c08e148420db
dv3-train-nested-002763,3,train,nested,2763,,,,3:0:2:2763,,train,5,467.2821495390082,,,3.987950378662503,1.5485758061475834,0.2667394702792243,4.19625945319215,,,,,75.66533780953472,0.012339503595143582,0.051779758608819774,,,,,,,5.94362829242905,0.44415035191745966,1.9159615259039733,1,404,1,exact,0.23846059317179502,319,,,,,,0.0002736249989538919,bb05732daa21a6c6e7279f141287ee14612f39c7
dv3-train-nested-002764,3,train,nested,2764,,,,3:0:2:2764,,train,5,250.77775503320967,,,4.003880511087006,2.843203720753924,0.08828069071746764,3.99804603026873,,,,,22.029260735868952,0.0055746963591272085,0.02228789264856208,,,,,,,15.353225676930698,0.14699699226602847,0.605805477993031,1,252,1,exact,0.10362142784707269,100,,,,,,0.0003184159977536183,bffea97b81d7a5d7a1b6bb5529176d77c87d281d
dv3-train-nested-002765,3,train,nested,2765,,,,3:0:2:2765,,train,5,110.53596565799357,,,5.27404278324298,1.3567244239474106,0.056812655088907926,11.4579138969111,,,,,15.447859750161975,0.0054037255223537885,0.06191542175767067,,,,,,,4.4554962340706235,0.09459927593276427,1.0880306465998766,1,95,1,exact,0.2503610185212299,67,,,,,,0.00023533400235464796,eead19aba7353b96c31a74d07dd205f6881b3e27
dv3-train-nested-002766,3,train,nested,2766,,,,3:0:2:2766,,train,5,285.61844338747704,,,2.0411008284302072,0.07803154816165542,0.0508070854457624,4.28305364687206,,,,,1793.2942892022393,0.0030062919802638336,0.012876109829631239,,,,,,,0.9796235948150278,0.08459934653470527,0.3720885515509856,2,307,1,exact,0.05906691415963091,3933,,,,,,0.0007437919994117692,c3d56eac07bd5b9debd20b3ca750bdc6aab21072
dv3-train-nested-002767,3,train,nested,2767,,,,3:0:2:2767,,train,5,261.8119208553059,,,1.6589269440052385,2.139780240584679,0.16358156652169434,9.042003515962827,,,,,73.75525744915453,0.010109732264382191,0.0914122346799866,,,,,,,5.798546399669046,0.27238117501607256,2.4778877572986415,1,268,1,exact,0.37756186870199415,170,,,,,,0.0001948749995790422,f75978e8d1a60c1f954666dfb3c714c50e772db2
dv3-train-nested-002768,3,train,nested,2768,,,,3:0:2:2768,,train,5,110.03879962664449,,,1.9983516067816491,0.22737246631560096,0.05107268175902738,7.0602496551519565,,,,,242.17876910903527,0.004868730555909114,0.034374453228385116,,,,,,,1.1504934895711503,0.08504159340533575,0.606407537346851,2,100,1,exact,0.14594604743555728,507,,,,,,0.00017291699987254106,eb80583d159bca1496a58c4051d1d2ea78fd0de2
dv3-train-nested-002769,3,train,nested,2769,,,,3:0:2:2769,,train,5,102.40720172048113,,,2.4650773497311866,0.2961604120016152,0.05105709948706412,9.303138754882895,,,,,140.27263086024453,0.005045345244719969,0.046937546877918464,,,,,,,1.322454819607256,0.0850156472205851,0.7954684313760012,10,102,1,exact,0.19332523276575656,376,,,,,,0.00014925000141374767,061b0192e087a7ed3bf4461c46359227595daa99
dv3-train-nested-002770,3,train,nested,2770,,,,3:0:2:2770,,train,5,188.50014675801808,,,2.7775950218411247,0.06311176628803718,0.14825306652783252,8.006585247867879,,,,,1075.306900377703,0.010798112278051764,0.08645600647027027,,,,,,,0.24055328301018353,0.24685754831203177,1.991842256730237,2,202,1,exact,0.36168967090347404,3507,,,,,,0.0006497080030385405,6c965f4ba6792deda65edba0b3e975dc43c5a85d
dv3-train-nested-002771,3,train,nested,2771,,,,3:0:2:2771,,train,5,115.70259667518816,,,2.060799472444372,0.44662318540673634,0.06739198615834623,4.643561251407948,,,,,125.70892327462722,0.006265225445148093,0.029092958108424796,,,,,,,1.9377810960816508,0.11221501766241378,0.5330232367712854,1,108,1,exact,0.1314976675315055,295,,,,,,0.00016016600056900643,9350cc7a7aebaf220014dfe98b5993be26e68e4b
dv3-train-nested-002772,3,train,nested,2772,,,,3:0:2:2772,,train,5,643.5200608835539,,,2.702699803093556,0.3327393487659757,0.07741832387176623,7.755534182539437,,,,,715.5831700089035,0.0030518467357241686,0.02366870167878019,,,,,,,3.3387058472489355,0.12890996505507807,1.0080422188202944,1,660,1,exact,0.09937416005395835,2091,,,,,,0.00031399999716086313,b2290bec566efd50e782e02e280fc720c18a3c89
dv3-train-nested-002773,3,train,nested,2773,,,,3:0:2:2773,,train,5,186.23324467076833,,,1.7570767965176657,0.15816784193509456,0.05225480472453986,3.953453202052647,,,,,670.1133610253851,0.0038291080739616683,0.015138199576009401,,,,,,,1.3445561391766874,0.08700995725712142,0.35482349291801946,1,173,1,exact,0.07053972983495205,1270,,,,,,0.0002206249992013909,9aeb7315ce70b2230380c0a12c4a68287a3b76b4
dv3-train-nested-002774,3,train,nested,2774,,,,3:0:2:2774,,train,5,758.1943201764642,,,1.6995326895546432,4.109914268639045,0.3597537507816001,4.579929666301867,,,,,108.54710410707351,0.01306517006675818,0.05983755998402493,,,,,,,11.439535455307805,0.5990292881889967,2.8081478283615238,1,809,1,exact,0.2711264548935876,234,,,,,,0.00017012500029522926,c89b7cf9c1e137fb82f0c1cc445bd2141064d93c
dv3-train-nested-002775,3,train,nested,2775,,,,3:0:2:2775,,train,5,181.44326505012768,,,2.7089669418253832,3.2532202956931857,0.0686959641483864,5.091621711054469,,,,,20.5884510443456,0.005099889861386452,0.025966709942221826,,,,,,,11.593909605936267,0.11438628343932596,0.5935381973717583,2,227,1,exact,0.11553719681667339,67,,,,,,0.00010487499821465462,26fd2b8afda5fd7922128ee92c39d41b3a3e4d51
dv3-train-nested-002776,3,train,nested,2776,,,,3:0:2:2776,,train,5,136.90166795625805,,,2.0266462328378188,0.21433592410436397,0.08117471172840977,11.414938071776952,,,,,315.1634354922706,0.006937713884241085,0.07919357434831911,,,,,,,0.9293693013961435,0.1351647611177688,1.548806582693424,1,135,1,exact,0.32032368085042623,745,,,,,,0.0002045419969363138,305bf26b533949f9a3e5355e7934177f8f682a1e
dv3-train-nested-002777,3,train,nested,2777,,,,3:0:2:2777,,train,5,158.33162553507486,,,4.266646434242391,0.4162606885015253,0.07543002473962447,6.6851940356639155,,,,,89.14882363505079,0.005994602836973776,0.04007508313191107,,,,,,,2.0681131197979843,0.12559922983342714,0.8489970898925807,1,143,1,exact,0.171333921598049,374,,,,,,0.0001347920006082859,f51c41c1796e94e558284e9001a5a4f826e09250
dv3-train-nested-002778,3,train,nested,2778,,,,3:0:2:2778,,train,5,116.77930336558259,,,3.3068973586036625,0.507305992121453,0.30290813060637467,3.249356551074607,,,,,69.61056726021373,0.02803031579615072,0.09108049026091238,,,,,,,0.9851681009674033,0.5043751217869907,1.714750650571595,1,108,1,exact,0.44297505132213194,335,,,,,,0.00014904099953128025,fd8becde545365ea6ce32d58c767435d2e428d6e
dv3-train-nested-002779,3,train,nested,2779,,,,3:0:2:2779,,train,5,174.58999886403433,,,5.306295923210643,0.12322321393572556,0.15388559114159278,3.0270672083153203,,,,,267.0148184648989,0.01164630812801355,0.035254157432246004,,,,,,,0.8460819294820328,0.25623631699132243,0.8168730148233544,3,176,1,exact,0.17442360459415168,1586,,,,,,0.00021862499852431938,70eeca43a4c1a57840246e635c12eb9eee78b0c8
dv3-train-nested-002780,3,train,nested,2780,,,,3:0:2:2780,,train,5,147.0082681523786,,,5.2009833540930615,0.27750649574965686,0.11042470934854683,8.31914597748101,,,,,101.85518553510305,0.009107420399854104,0.07576595978467476,,,,,,,1.0803821971828906,0.18386920190776238,1.5406460641620952,1,178,1,exact,0.31564550008261033,696,,,,,,0.00017620799917494878,3ea3761a6128956f3ec4e0d7cd26a41a46e3378e
dv3-train-nested-002781,3,train,nested,2781,,,,3:0:2:2781,,train,5,216.47344344240204,,,4.810711063253352,0.2761516577520899,0.12813485957578763,3.226179173993845,,,,,162.9474983666334,0.00870893370377697,0.02809658054281834,,,,,,,2.101533625781887,0.21335853637973212,0.7206413812523991,2,181,1,exact,0.13688031423876185,735,,,,,,0.00015729100050521083,335de18fd0ce8935f2045c1ba26a56a47e4000f3
dv3-train-nested-002782,3,train,nested,2782,,,,3:0:2:2782,,train,5,445.71627838482175,,,1.5310504186113785,1.4385405717986939,0.3626346009465592,3.749450791615868,,,,,202.37035244556412,0.017176710354241616,0.06440323023506771,,,,,,,3.5466601500220363,0.603826218366779,2.343155497549464,1,515,1,exact,0.30339714393413636,433,,,,,,0.00017266599752474576,f8f04880a311f75388d11020beb5904192b04c07
dv3-train-nested-002783,3,train,nested,2783,,,,3:0:2:2783,,train,5,118.08610330528013,,,1.716437819139056,0.5991358160379524,0.08840307467835597,8.409658523336693,,,,,114.82737436606008,0.008135195129240687,0.0684142130576261,,,,,,,1.9173296769976131,0.14720077492796713,1.2466294185954732,3,114,1,exact,0.28468851099883363,211,,,,,,0.0001230830021086149,78fc50fe763d7a1864ecb7f1a4d78318ceba5fdf
dv3-train-nested-002784,3,train,nested,2784,,,,3:0:2:2784,,train,5,237.9483544062643,,,4.106163027058702,0.6060347060671737,0.08429461424021822,3.7618377590393797,,,,,95.62006215744691,0.005464601219326865,0.020556943204956435,,,,,,,4.923556332598027,0.140359739562906,0.5463478896766961,6,228,1,exact,0.09677455269092694,421,,,,,,0.00013125000259606168,3821abce256ad175b5ff11b04f22acac4673db8e
dv3-train-nested-002785,3,train,nested,2785,,,,3:0:2:2785,,train,5,199.8709041655885,,,5.824854954358755,0.07329616486918407,0.1261817307513589,4.081255760964274,,,,,468.1480410099402,0.00892527675272071,0.03642633716524191,,,,,,,0.5490205994903046,0.21010636356180584,0.8828630542205801,3,223,1,exact,0.16866339980292427,3321,,,,,,0.00036787499993806705,696057535b4172217ab7bb089674348e892ec5db
dv3-train-nested-002786,3,train,nested,2786,,,,3:0:2:2786,,train,5,153.61468566706293,,,2.0037760540571137,1.7521002432454493,0.060273008018697866,11.241975511484936,,,,,43.75468930208462,0.004863024951653484,0.05467000741822868,,,,,,,5.216884088903511,0.10036114150862359,1.1327123792361977,1,207,1,exact,0.22140432881275843,120,,,,,,0.00011254199853283353,cd835ff107cba21195df4f61f51ae9a6cdb4da89
dv3-train-nested-002787,3,train,nested,2787,,,,3:0:2:2787,,train,5,205.1407832171631,,,4.81093558465473,0.11838128352228917,0.06273504813767232,11.113888185789273,,,,,360.1964455760453,0.004380102068866244,0.0486799646357237,,,,,,,0.9044300328812751,0.10446070721643845,1.1656547035067053,1,195,1,exact,0.19733126279374807,1889,,,,,,0.00026129099933314137,d88d6d302040e67ac162814d6cad0d6e15b3eacb
dv3-train-nested-002788,3,train,nested,2788,,,,3:0:2:2788,,train,5,199.82435064960856,,,3.2385005281634553,3.693718722611406,0.10566236159282803,3.171942740929392,,,,,16.70477449886119,0.007474740294031105,0.02370944821598439,,,,,,,14.694408569948173,0.17593937273984198,0.5851464427066029,1,217,1,exact,0.11597451115430524,68,,,,,,0.00010470800043549389,364a320fc43681d9ac6d24c2e5815122ba17b70f
dv3-train-nested-002789,3,train,nested,2789,,,,3:0:2:2789,,train,5,160.45649578186462,,,2.2823851522841525,0.31706087754037154,0.051345257856594134,4.715636215572286,,,,,221.73064108570117,0.004053420760833492,0.019114457736738984,,,,,,,2.064240728596946,0.0854954623791769,0.41213091779079886,3,158,1,exact,0.08616172206550621,530,,,,,,0.00013716600005864166,acef27650af8bc74ac278eaaf07bee501fff3bf8
dv3-train-nested-002790,3,train,nested,2790,,,,3:0:2:2790,,train,5,229.53117495085397,,,2.1915514357123214,0.1380120978113157,0.24234121350751645,3.757088319255418,,,,,758.8795582770488,0.015995817420206934,0.06009769878640181,,,,,,,0.42256261592992184,0.40352458955846987,1.568860461283341,1,231,1,exact,0.2829930412086669,2027,,,,,,0.0003333749991725199,61c6a8b748e4820966ef5359e955d28fdde945ca
dv3-train-nested-002791,3,train,nested,2791,,,,3:0:2:2791,,train,5,268.29285183803415,,,2.5919386477129467,0.13272822574169468,0.06634960716340134,4.114967488181707,,,,,779.8679910884974,0.004050734743293973,0.01666864177190277,,,,,,,1.3459047389116086,0.11047934278478319,0.4678504384532259,2,290,1,exact,0.07705570282837995,2247,,,,,,0.0002626250025059562,279fcb047732513a59508d8831276c2e27b6d657
dv3-train-nested-002792,3,train,nested,2792,,,,3:0:2:2792,,train,5,230.01619566652147,,,2.2720228050665177,0.25524183224732827,0.06263312777301526,5.5186201654693825,,,,,396.6375953095531,0.004129760746187155,0.02279058093247232,,,,,,,1.9230074088877513,0.10429099867730623,0.5849151017422181,1,221,1,exact,0.10011719449703423,934,,,,,,0.00017837499763118103,8a97630b450ec2cefaf10045e9436471d9d03cdd
dv3-train-nested-002793,3,train,nested,2793,,,,3:0:2:2793,,train,5,573.3195218029132,,,5.613108554574517,0.135115585199865,0.11712206417030123,3.9425245802048443,,,,,755.9408977505965,0.004891480796311722,0.01928478327305893,,,,,,,1.8815883472969785,0.19502102918658412,0.7932227158142335,1,625,1,exact,0.08991192463071929,4962,,,,,,0.00044983400221099146,7f487e93eaab2206b8785c163aff834d7c998766
dv3-train-nested-002794,3,train,nested,2794,,,,3:0:2:2794,,train,5,121.55086633472152,,,3.227494863826946,1.6804303944316357,0.1518790895396293,3.2842285486003213,,,,,22.411553967578076,0.013775867461624895,0.04524309719920272,,,,,,,4.885967079190459,0.25289527266930245,0.8682140810313685,4,133,1,exact,0.21949250252814412,97,,,,,,0.00010712499715737067,94e818a5607b283f6608a1c24a390b5d60b86f57
dv3-train-nested-002795,3,train,nested,2795,,,,3:0:2:2795,,train,5,458.30898619410914,,,1.792968485651766,0.19217699168662575,0.06180196796054869,11.325621496215849,,,,,1330.1000989135177,0.0028868426853117294,0.03269528757296001,,,,,,,1.910732179966315,0.1029070268083502,1.1700203219554677,1,455,1,exact,0.132330529018144,2486,,,,,,0.0003427500014367979,eeae471654dd4f0fb0e599e264e413a5911d4b99
dv3-train-nested-002796,3,train,nested,2796,,,,3:0:2:2796,,train,5,164.10224799140303,,,1.8798536000896613,1.202749214914987,0.16547341019205,7.489659865342336,,,,,72.57974196088263,0.01291727638426503,0.09674600650476416,,,,,,,2.8232644772742135,0.2755313013587608,2.081948587698036,2,169,1,exact,0.4078395569134894,171,,,,,,0.00012837500253226608,b7ffa59f585a1965aefa1df335635ca2276360aa
dv3-train-nested-002797,3,train,nested,2797,,,,3:0:2:2797,,train,5,527.1494900498329,,,2.6772374465244098,0.04725284870562126,0.3274396462327609,5.022309880032195,,,,,4166.955899530381,0.01426147244196165,0.07162553394907087,,,,,,,0.15885630274225152,0.5452227746938607,2.7920302273795983,1,532,1,exact,0.3194151926546873,13530,,,,,,0.0017310419971181545,81485120715761ee7d13b0bba2399bf300eaa2bf
dv3-train-nested-002798,3,train,nested,2798,,,,3:0:2:2798,,train,5,164.3293586027743,,,2.1815801833158552,2.1437979162478444,0.2529180337108678,3.908588262323395,,,,,35.13663245214914,0.01972977882267623,0.077115581924549,,,,,,,4.034271640538243,0.42113615042184205,1.6990671159237907,3,178,1,exact,0.36016949315883307,96,,,,,,0.0001187089983432088,32f224cc6b6d7f94e72f6d4d9f905bc198b7a13a
dv3-train-nested-002799,3,train,nested,2799,,,,3:0:2:2799,,train,5,197.06660129137532,,,1.603271236014154,0.05191701726517273,0.21621962368780312,3.031298784450536,,,,,2367.5343680750557,0.015402406952718216,0.046689297473387216,,,,,,,0.16646755939002233,0.3600292894481253,1.1492083215958249,3,222,1,exact,0.23092007237072754,4900,,,,,,0.0006630410025536548,d9ae4706d28025f25243e50fd6ac183590ea52e2
dv3-train-nested-002800,3,train,nested,2800,,,,3:0:2:2800,,train,5,157.80814148025104,,,1.5963476921333255,2.2649278505915467,0.2932802682528974,4.033866746989884,,,,,43.64631114424255,0.023346304320657447,0.09417588066420633,,,,,,,3.467864864647752,0.4883436793910325,2.0295413458566873,1,212,1,exact,0.4370669433654804,116,,,,,,0.00012533299741335213,5680aae70d828f1fcc6a4223a964145ddc58cd69
dv3-train-nested-002801,3,train,nested,2801,,,,3:0:2:2801,,train,5,543.7425452785894,,,5.065182132756613,1.9847647794826067,0.21364544987815293,3.4063558551020567,,,,,54.08654064076217,0.009162141398944234,0.03120951399956664,,,,,,,12.913814239127918,0.355743008897834,1.2629257711477997,2,514,1,exact,0.15014285197219776,293,,,,,,0.000137416001962265,2e8b738630eec1298d929f6d34cd37940ad2d5e3
dv3-train-nested-002802,3,train,nested,2802,,,,3:0:2:2802,,train,5,384.8417106339036,,,2.8134810809348285,0.7919334764210609,0.2048646363735338,3.0189970461660964,,,,,172.72270688238575,0.010443015653017852,0.031527433409527204,,,,,,,3.9179381704183127,0.3411219953518611,1.08487216289189,1,467,1,exact,0.15608879196558298,620,,,,,,0.0001716250008030329,41a857919c7e1f541d88e63e88b69ad682fbb796
dv3-train-nested-002803,3,train,nested,2803,,,,3:0:2:2803,,train,5,384.6158789622122,,,2.636052412538117,4.8621273072236155,0.18918953320164458,8.9323839744382,,,,,30.008676597861385,0.009646805016101257,0.0861689665303529,,,,,,,12.108507515083867,0.31502123649960306,2.831469395692754,1,361,1,exact,0.3563404339479183,84,,,,,,0.0002696250012377277,8d5a182cd9ba69195b243d51f3d92f7103dbc2af
dv3-train-nested-002804,3,train,nested,2804,,,,3:0:2:2804,,train,5,134.2903424877573,,,2.7973362531314194,1.2406819051153428,0.05187293888839815,3.1586628142226783,,,,,38.693646475582035,0.004476292558975396,0.014139098851617259,,,,,,,6.72491582950761,0.08637410893167467,0.2861728276483703,3,122,1,exact,0.06923094753920415,102,,,,,,0.0002361250008107163,2f6d6fe8bf4291d3beb9ee39ae90f82743cf1c25
dv3-train-nested-002805,3,train,nested,2805,,,,3:0:2:2805,,train,5,606.5554209036326,,,4.1920336819917985,1.3828364704987588,0.29978748714636766,7.957995329792487,,,,,104.63449920174565,0.012172457240032448,0.09686835786827697,,,,,,,4.532057810672229,0.49917890958217487,4.003703947082069,1,514,1,exact,0.4055245889753275,458,,,,,,0.0003533329982019495,718b446f9c04db75e66beb467b571ffbf38263ef
dv3-train-nested-002806,3,train,nested,2806,,,,3:0:2:2806,,train,5,461.38462206359685,,,2.39583663027018,3.1195477252577617,0.08570807916755008,3.0971112306702535,,,,,61.73255906340015,0.00399015902367627,0.01235796632438803,,,,,,,19.58637534683799,0.14271331304882565,0.4644676628112207,1,457,1,exact,0.06079894767574701,173,,,,,,0.0002545409988670144,9b3360fb40eeb84a5d51ab581c6307a56a79daca
dv3-train-nested-002807,3,train,nested,2807,,,,3:0:2:2807,,train,5,167.6866730163278,,,1.6611051165767685,1.6574681929163484,0.20844769920693862,3.557010222677338,,,,,60.90546022930381,0.01609710703215853,0.05725757426891915,,,,,,,3.6799255038741014,0.347088186319899,1.2824578170779246,1,174,1,exact,0.27280726904405544,119,,,,,,0.0002344169988646172,cfe696e1ca19388f5a05e566395cf0d4f9f010ab
dv3-train-nested-002808,3,train,nested,2808,,,,3:0:2:2808,,train,5,134.66120813069088,,,3.5435847401915392,0.2671622352951605,0.20259450140418594,3.351139232842246,,,,,142.2409405023987,0.01745847883729015,0.0585057933773891,,,,,,,0.8362255527156892,0.33734197267849936,1.1797391470088245,2,136,1,exact,0.282512380672035,642,,,,,,0.00030899999910616316,23db227a81938792aa7314d5f20b8c89d458c77c
dv3-train-nested-002809,3,train,nested,2809,,,,3:0:2:2809,,train,5,142.3625852655346,,,3.6199394126582507,2.2850258014137124,0.08687590774839574,7.293528222463316,,,,,17.21089503822,0.007281174214962729,0.05310544962950284,,,,,,,6.258583887518092,0.14465787518887527,1.0649369879549593,1,116,1,exact,0.22457884957857852,55,,,,,,0.00021150000247871503,1721305cbbcf78bfafbb02734666fc643ba7d521
dv3-train-nested-002810,3,train,nested,2810,,,,3:0:2:2810,,train,5,178.2632840323471,,,5.71276239826898,1.1041438180362135,0.1161746659259684,3.3356892572303662,,,,,28.261167315818387,0.00870122663921305,0.029024588225149653,,,,,,,7.261822032447558,0.1934435076327401,0.6736397013539529,1,211,1,exact,0.14030292740781383,203,,,,,,0.0002341250001336448,de848a8a873b61279c216c0e6003d953325f1862
dv3-train-nested-002811,3,train,nested,2811,,,,3:0:2:2811,,train,5,364.5077321224543,,,4.0390110317017545,0.221932465055715,0.2668209716620413,6.688839731879829,,,,,406.6407230148955,0.013975475357252328,0.09347971484149682,,,,,,,0.71218282845408,0.4442860606216197,3.0047857207267086,2,390,1,exact,0.39962762379692374,1953,,,,,,0.0006328749987005722,8f630d9d79b047fbb639f19acb80c96e960330df
dv3-train-nested-002812,3,train,nested,2812,,,,3:0:2:2812,,train,5,125.89872407511979,,,2.2342701996017604,2.54442868417216,0.0723277030226501,6.649477244927461,,,,,22.146002922277596,0.006446055028248442,0.04286289622988825,,,,,,,6.139080370217993,0.12043352533190377,0.8098252183988192,3,162,1,exact,0.18338080260954098,70,,,,,,0.00021558300068136305,f47a5c218458a27bd4f75771d9fe7eb91376f6f1
dv3-train-nested-002813,3,train,nested,2813,,,,3:0:2:2813,,train,5,112.21943909087805,,,2.3483770896965526,0.06331248822677196,0.05766395444685242,10.438839198960883,,,,,754.7634776148413,0.005443401580587933,0.05682279379512695,,,,,,,0.36487988216087736,0.09601678234462882,1.0068922645230067,1,118,1,exact,0.23156900708888792,2030,,,,,,0.0005574579990934581,806c71c50642ee5f5be561cb9ab6b174d41c2808
dv3-train-nested-002814,3,train,nested,2814,,,,3:0:2:2814,,train,5,218.8102811636651,,,2.590455394695742,0.4293749638456978,0.22348484031864213,4.637905206516625,,,,,196.72288635313691,0.015108251538155681,0.07007063847017504,,,,,,,1.240340256329131,0.3721266686622545,1.765550448161575,2,229,1,exact,0.31678169615379814,679,,,,,,0.0003499999984342139,b33de034d8c6249b5dae78468eea2fc96ec2acf3
dv3-train-nested-002815,3,train,nested,2815,,,,3:0:2:2815,,train,5,392.06557460849274,,,1.8028607043861744,0.03481548652537504,0.25095878850979364,3.111226972007313,,,,,6246.317696310535,0.012674272893973508,0.03943253967831156,,,,,,,0.14297154019639524,0.4178737931687563,1.3656057554011682,2,401,1,exact,0.19378609496087748,13759,,,,,,0.002777417001198046,29a6793b534b5953ff2245c7de497ac40dcf83b6
dv3-train-nested-002816,3,train,nested,2816,,,,3:0:2:2816,,train,5,647.2767832073658,,,2.59146096791683,0.12108900054676254,0.1201765508822395,11.631511189323527,,,,,2062.721822810504,0.004723617473860436,0.0549428095012918,,,,,,,0.9907534402722442,0.20010708318007234,2.3361338787174,1,653,1,exact,0.2219004255488287,5717,,,,,,0.0010163330007344484,7ae562583ccdd6faee05e49a33e491589ec5bb86
dv3-train-nested-002817,3,train,nested,2817,,,,3:0:2:2817,,train,5,106.48386232703837,,,2.7405326867903654,1.6600756885108447,0.15265417435539447,5.94550425460446,,,,,23.405661479373332,0.014793358671141005,0.08795397691915863,,,,,,,3.2584951834731797,0.25418587354410965,1.5324904227002112,1,54,1,exact,0.3821190348969715,58,,,,,,0.00013287500041769817,93d0f0b75228a0944efab769a31081718f4a1fdd
dv3-train-nested-002818,3,train,nested,2818,,,,3:0:2:2818,,train,5,293.1621490571675,,,1.619340009810754,0.042438742884074586,0.22680586529566715,4.449105999563451,,,,,4265.867280283044,0.013246475271052703,0.058934972601509476,,,,,,,0.14530838775485228,0.37765653797903864,1.7221529115944822,2,290,1,exact,0.2684439945821186,8430,,,,,,0.0011666659993352368,36c4d27da112491cae0392c90e90374baa13a3da
dv3-train-nested-002819,3,train,nested,2819,,,,3:0:2:2819,,train,5,207.64927115688567,,,1.6765642119456299,7.124868777970645,0.11743141295852635,10.861202464273756,,,,,17.383344999172223,0.00814927701576922,0.08851094760572212,,,,,,,12.951115865528257,0.19553612870676987,2.1327400741950298,1,184,1,exact,0.35948096885517533,34,,,,,,0.00011379199713701382,d5263cd40e442767a0f2ba8132cc268335408c56
dv3-train-nested-002820,3,train,nested,2820,,,,3:0:2:2820,,train,5,148.93114488716532,,,1.7943720626595419,2.114247776263777,0.0639273137700775,7.997048562890049,,,,,39.25700350152539,0.0052383401005899,0.04189126017335178,,,,,,,5.7213164211218,0.10644595971640601,0.8578830218763,1,159,1,exact,0.17527576037172565,78,,,,,,0.00011074999929405749,77315ea21e0a823a7c3ca15a1d183304952d5b48
dv3-train-nested-002821,3,train,nested,2821,,,,3:0:2:2821,,train,5,585.0608221898149,,,2.7555013512182494,1.6892807440380972,0.08409761299783908,5.416406455052462,,,,,125.68937225965685,0.003476827631844058,0.01883191162822492,,,,,,,11.7055401462898,0.1400317109774129,0.771286972022512,1,570,1,exact,0.08296656907792889,334,,,,,,0.0001450829986424651,0d59965edb7d44777bbac33a8d8cf8f1703119db
dv3-train-nested-002822,3,train,nested,2822,,,,3:0:2:2822,,train,5,439.5577919359151,,,5.290722714640935,0.24910662024288832,0.1081723213868987,4.191451366898254,,,,,333.51526221495413,0.005159506432730849,0.02162582028999005,,,,,,,2.804359153650061,0.1801187299405899,0.7761479837976853,1,501,1,exact,0.0996150716501156,2013,,,,,,0.000257874999078922,5767b4babbbc213f026f2ebdf1a837c950f3c433
dv3-train-nested-002823,3,train,nested,2823,,,,3:0:2:2823,,train,5,396.7050602393714,,,3.1185181797513115,1.4999481959830006,0.1736406985441728,3.1229250428444693,,,,,84.80924560023891,0.008718015848602805,0.027225710017516676,,,,,,,7.951352338135548,0.28913072851518956,0.948095802681763,1,350,1,exact,0.1336753090447981,258,,,,,,0.00013245900117908604,eec1b948fdf86b5195b12549c169b0ede761415d
dv3-train-nested-002824,3,train,nested,2824,,,,3:0:2:2824,,train,5,114.53805057420357,,,4.19870030122303,0.904153044148988,0.09028270889025418,3.9631755326144362,,,,,30.17122628539931,0.008435866296416515,0.03343281890236469,,,,,,,4.181495604224684,0.15033057118877838,0.6144597338768659,2,113,1,exact,0.15571033047862157,138,,,,,,0.00010866700176848099,a49a2ab217eb6fe02bd0c4709efe87275840ff22
dv3-train-nested-002825,3,train,nested,2825,,,,3:0:2:2825,,train,5,277.82973212279194,,,1.9686235440800095,0.26582126312918086,0.13183086555610135,4.633191461579961,,,,,530.916628744866,0.007909112324996866,0.03664443169285231,,,,,,,1.3815127686232818,0.21951279002328536,1.0404642995064717,2,261,1,exact,0.1656953646878564,1154,,,,,,0.0002267500021844171,14adecebddcd00f89e814418edf6f461561104fe
dv3-train-nested-002826,3,train,nested,2826,,,,3:0:2:2826,,train,5,122.40260802399439,,,2.6951820940049824,0.34778903878055445,0.09654045546026811,5.104124713783223,,,,,130.58300800753528,0.008725975870386316,0.04453846909191487,,,,,,,1.3752535077255827,0.16075040271342111,0.8360889315662573,2,128,1,exact,0.19809134890344487,372,,,,,,0.0001357080000161659,3063d8606d47c2c496be42bce805e4c4e2ef5eb6
dv3-train-nested-002827,3,train,nested,2827,,,,3:0:2:2827,,train,5,481.38787935311314,,,4.090483934522791,1.126470285180237,0.15630456709668109,5.38069642390144,,,,,104.47219507108278,0.007124002978413269,0.03833209734981148,,,,,,,6.005805535691881,0.2602641761626992,1.4243822046321624,1,439,1,exact,0.1690519864851952,449,,,,,,0.00015299999722628854,d5ce2dca84affcc7929901ddf53ba89e23196b4e
dv3-train-nested-002828,3,train,nested,2828,,,,3:0:2:2828,,train,5,402.5950530483571,,,4.974364738517946,3.792774441066741,0.1406498774524626,6.361465980561125,,,,,21.338986678353375,0.007009792155072612,0.04459255432529867,,,,,,,16.100431190300363,0.23419740806362566,1.508134015076023,2,454,1,exact,0.1919099772486967,141,,,,,,0.00012291599705349654,c046850af095755f88c3fc6243d0d7dff44c661a
dv3-train-nested-002829,3,train,nested,2829,,,,3:0:2:2829,,train,5,782.8720815985555,,,1.8230835144122182,0.5506211627770453,0.22708359906958658,3.239308563642389,,,,,779.8863921853373,0.008115968745672735,0.02629012706011167,,,,,,,3.2128051228642063,0.37811899504734037,1.2818802754609886,1,790,1,exact,0.12795683750187975,1631,,,,,,0.0002847499999916181,2983baebb6128f0d36acaf80dfa9f55d0942908a
dv3-train-nested-002830,3,train,nested,2830,,,,3:0:2:2830,,train,5,469.1172962425349,,,1.72995375990918,9.563651691959953,0.18045985770794243,4.19795980743209,,,,,28.354578768544275,0.008331820170580248,0.03497664619884786,,,,,,,24.44776537471145,0.3004853733272189,1.2967211735611979,1,709,1,exact,0.16106490038770604,83,,,,,,0.0001290420004806947,d79c5adeb479986d40b2760f43ce25a5cc12e48e
dv3-train-nested-002831,3,train,nested,2831,,,,3:0:2:2831,,train,5,147.05923249470203,,,2.4761464096884502,0.4641296417199612,0.2012985882519309,3.3621523645660467,,,,,127.9607183168516,0.016599483751741487,0.05580999354649331,,,,,,,1.2879595890571212,0.3351841357373596,1.1757306118641255,4,135,1,exact,0.26929203977536403,360,,,,,,0.000140207997901598,0271339d65280698560568285e4c49733c3dccd7
dv3-train-nested-002832,3,train,nested,2832,,,,3:0:2:2832,,train,5,101.31868581216987,,,2.959294545077337,0.3938320018650081,0.15876695152534448,5.935184531681731,,,,,86.93413784025122,0.01577303736055319,0.09361588735999335,,,,,,,0.9477062134905648,0.2643643151837524,1.5911660861033037,7,118,1,exact,0.406819214361983,337,,,,,,0.00014870800077915192,71deee781255114b7059c98db7ee7c7540c14afc
dv3-train-nested-002833,3,train,nested,2833,,,,3:0:2:2833,,train,5,627.1840337332349,,,4.2856396819918405,0.03491795328100264,0.30629791973020937,3.4395139837562523,,,,,4191.1244780287125,0.012230565850694144,0.04206720227271419,,,,,,,0.19294110627328134,0.5100194909187923,1.8268565299533044,1,648,1,exact,0.20193429477440553,21541,,,,,,0.0020188339985907078,3892c9b8ae4b52fee8e9b9b5b3204263ba38c898
dv3-train-nested-002834,3,train,nested,2834,,,,3:0:2:2834,,train,5,258.80978784707247,,,2.00049802594337,0.05593279499452558,0.05944384383931816,6.638171046900899,,,,,2313.002210261141,0.003695017811624592,0.024528160254909486,,,,,,,0.5687752263263932,0.09898049258672487,0.6644630197721588,1,251,1,exact,0.10496246450139142,4781,,,,,,0.000522833001014078,529325a6c4858409749218c914ee3dc016ae42ae
dv3-train-nested-002835,3,train,nested,2835,,,,3:0:2:2835,,train,5,276.6353118207313,,,5.094076130617666,0.10459332435722522,0.10932313127857535,5.457161121565855,,,,,519.2042252699835,0.006572918607955461,0.0358694758825513,,,,,,,0.7861757199879933,0.18203495410435247,1.0099349045253685,1,242,1,exact,0.15784396479240798,2770,,,,,,0.00031920900073600933,fbdd38309ffa9013fdc00a161231af703b2a3c1a
dv3-train-nested-002836,3,train,nested,2836,,,,3:0:2:2836,,train,5,197.18602580099486,,,5.508388007904742,0.4040448343314073,0.06273265756564844,4.71958111566321,,,,,88.5976191078064,0.004467408015196635,0.021084294504484503,,,,,,,3.9814337796029964,0.10445672665291487,0.5039368158797384,1,224,1,exact,0.0950272029021536,536,,,,,,0.0001413749996572733,73b7fa41f685d4bd015226e53f269e71a3af1849
dv3-train-nested-002837,3,train,nested,2837,,,,3:0:2:2837,,train,5,304.75344372585346,,,4.852692389629659,0.06518675887576429,0.1788615584646659,6.184896405868322,,,,,963.3996212555077,0.01024572510814152,0.06336874839685931,,,,,,,0.3100787208249837,0.29782403051721945,1.865932166983926,1,331,1,exact,0.2737734405332385,5445,,,,,,0.0006593340003746562,07debd74c9f0012f876190dcb00b449b51b083ab
dv3-train-nested-002838,3,train,nested,2838,,,,3:0:2:2838,,train,5,114.49697064124985,,,2.422211022157306,0.37223521505167617,0.14519055377679455,3.599304970273195,,,,,126.98854973080107,0.01356879757639497,0.048838240557349304,,,,,,,1.1737415066175563,0.24175813008681996,0.9031210194173522,2,127,1,exact,0.23209280362785625,383,,,,,,0.00014266699872678146,e114d7fc18c378779cb0c8d1ca85f09617e56423
dv3-train-nested-002839,3,train,nested,2839,,,,3:0:2:2839,,train,5,635.7708362915804,,,1.8490969895887424,11.032256590572793,0.2247403117233939,5.201539984426251,,,,,31.165676371659863,0.008913138966463834,0.046362048720809304,,,,,,,27.798298566830137,0.37421716567665997,1.9821509386920195,2,694,1,exact,0.20556933424562565,71,,,,,,0.00012725000124191865,06b06e3f358d3553365d69caf5260a54c1359d9c
dv3-train-nested-002840,3,train,nested,2840,,,,3:0:2:2840,,train,5,672.9429624599611,,,2.593727686939001,0.5226020864397763,0.23091209938711799,3.44678441559471,,,,,496.45825729673373,0.008901384518641302,0.030681153436068857,,,,,,,2.972938139102717,0.3844938662336993,1.3799164430060622,1,729,1,exact,0.14720811118974225,1494,,,,,,0.0002698339994822163,83fd8dbd9f51d33dba85defcb7d0938a9e28efa1
dv3-train-nested-002841,3,train,nested,2841,,,,3:0:2:2841,,train,5,287.048675043333,,,3.222928912965578,2.1659119668083333,0.09230307984592719,9.158176232015862,,,,,41.121033306054365,0.005448016559038141,0.049893895762611946,,,,,,,8.133010811785432,0.15369470949956765,1.4159294917937246,4,260,1,exact,0.20581748426085952,144,,,,,,0.00011945900041610003,82d7f6b241d4d057f8eda059b5d368f969258818
dv3-train-nested-002842,3,train,nested,2842,,,,3:0:2:2842,,train,5,271.4197249656984,,,2.7874145877391596,2.8096204334217356,0.05972047790823557,3.066064510893323,,,,,34.65709723406012,0.003624954597689619,0.011114344645575725,,,,,,,16.906537289323364,0.09944111852608588,0.3206995588298303,1,343,1,exact,0.05481569686976825,120,,,,,,0.00011429200094426051,6402ce1c3e031771d591603da3fcda7784258a11
dv3-train-nested-002843,3,train,nested,2843,,,,3:0:2:2843,,train,5,403.98970831043755,,,5.955570018761444,1.3186562350686368,0.22698318432030418,7.241989188913344,,,,,51.441707302516846,0.01129297933984883,0.08178363428980698,,,,,,,4.633353787776946,0.3779517935222537,2.76309406188809,1,468,1,exact,0.3461534604990788,387,,,,,,0.00015379099932033569,82f0aeb9c1bfcc3b923610bb2e62804ca0c550bc
dv3-train-nested-002844,3,train,nested,2844,,,,3:0:2:2844,,train,5,157.00847823762098,,,1.780466492930954,5.1366046441208235,0.056358893510402346,10.540025114449307,,,,,17.167741258716926,0.004497807930797579,0.04740700855057575,,,,,,,10.344227654782326,0.09384371334366223,0.9935569005504418,1,242,1,exact,0.19303486816877913,51,,,,,,0.00010733300223364495,20336023e230d07179dea9f29fcbee2bfa63cfb5
dv3-train-nested-002845,3,train,nested,2845,,,,3:0:2:2845,,train,5,650.4611932330947,,,2.0502421135524727,0.3421803465771353,0.07663377351709308,3.356989809610511,,,,,927.1738614009374,0.0030047581055830217,0.010086942340786787,,,,,,,4.2250755825787,0.127603603024141,0.44696576125653126,2,677,1,exact,0.04868824978269681,1876,,,,,,0.00044320899905869737,3699b8d9b4d8b66d8a581a9e21af63a4210e21f6
dv3-train-nested-002846,3,train,nested,2846,,,,3:0:2:2846,,train,5,128.42761531711807,,,5.7796548811102815,1.050728271492344,0.07971681488728254,4.029435842348224,,,,,21.14784382104726,0.007034297448829384,0.028344250266051797,,,,,,,6.421078661856804,0.13273720364242336,0.5510808970934474,4,142,1,exact,0.1315734021831235,146,,,,,,0.0002782500014291145,794e91aaeffbaa57344011df1a0fdd1e041209f6
dv3-train-nested-002847,3,train,nested,2847,,,,3:0:2:2847,,train,5,181.874676147449,,,2.460280229578948,0.5869994707551716,0.11242542241537685,9.79236555121068,,,,,125.93601495314174,0.008336397439120348,0.08163305110404304,,,,,,,2.1298749954131977,0.18720060768654798,1.84267048833559,2,163,1,exact,0.33459786231938116,336,,,,,,0.00029033299870206974,6e2fab1172fefad60c8d65467d7c6d7b0303813c
dv3-train-nested-002848,3,train,nested,2848,,,,3:0:2:2848,,train,5,284.52255883732687,,,3.0158535332359664,4.569383158733561,0.05497329502406644,6.433084651649063,,,,,20.64661612713216,0.0032590679533701416,0.020965860029506782,,,,,,,19.75429133858103,0.09153654052563806,0.595934361324507,3,258,1,exact,0.0900929065272959,59,,,,,,0.00022004100173944607,c155cdd1623967fe5a050e548dda2506aa7edaf9
dv3-train-nested-002849,3,train,nested,2849,,,,3:0:2:2849,,train,5,115.70343983982593,,,4.664514643551167,0.6430779702671607,0.058953432543861865,9.09731419179972,,,,,38.5723569845819,0.005480699129092391,0.04985964196807657,,,,,,,2.57602940880231,0.09816390421593295,0.898406892597024,7,135,1,exact,0.2058116408511119,205,,,,,,0.00023108299865270965,a5cbb42e50bc37c58d6ae092981f6aec91230759
dv3-train-nested-002850,3,train,nested,2850,,,,3:0:2:2850,,train,5,128.73076596204086,,,4.168359364997673,0.9828934475718424,0.086264710659945,11.620414355935148,,,,,31.420331296828312,0.007603122596314467,0.08835143496814755,,,,,,,2.9510183831458967,0.14364016528024362,1.6753273479950161,2,89,1,exact,0.35685658143684035,101,,,,,,0.00022354199973051436,8b102a8c931ba7659b840239c00eea94529eb11b
dv3-train-nested-002851,3,train,nested,2851,,,,3:0:2:2851,,train,5,442.57825849587607,,,5.531788038656949,0.07003057356484284,0.08987591823147771,7.7265433281149996,,,,,1142.4491037942405,0.004272167803220428,0.03300908963656051,,,,,,,0.7124624580114244,0.1496532203112979,1.1659462302491128,2,424,1,exact,0.13864961101706255,6818,,,,,,0.0011438749970693607,da52ae4cc417cb3f3f4097f46d22b5b942144aa1
dv3-train-nested-002852,3,train,nested,2852,,,,3:0:2:2852,,train,5,279.9162896116247,,,2.460150823422672,0.054552005938401524,0.14454126566144945,5.57395562647912,,,,,2085.718604530346,0.00863928431866,0.04815498743674774,,,,,,,0.2850459661941809,0.24067699445801907,1.3629413315113945,1,260,1,exact,0.2112188329378113,5820,,,,,,0.0011388750026526395,ce77ef3ee5c9d978f8732c8295941f16151357e9
dv3-train-nested-002853,3,train,nested,2853,,,,3:0:2:2853,,train,5,242.20691849746143,,,3.067938806658244,4.051181124882457,0.09152675817816047,9.802077728337828,,,,,19.487592557075008,0.005881049137073651,0.05764650076577004,,,,,,,11.076098020397769,0.15240204913108604,1.5016105749991615,1,217,1,exact,0.2362600053692841,55,,,,,,0.00021270800061756745,21fb8665ca0846b26dc035f8b4aeed333afd4e93
dv3-train-nested-002854,3,train,nested,2854,,,,3:0:2:2854,,train,5,671.3913519421312,,,2.7331689369584033,1.1155847677522504,0.232515222478184,3.9386921400074293,,,,,220.19461352145873,0.008973534139809045,0.035343988384554215,,,,,,,5.54603699672249,0.38716324127714014,1.57329802295561,1,769,1,exact,0.1648175968626604,761,,,,,,0.00035687499985215254,a254634a722488b936b1599c59a4d3733960c3c2
dv3-train-nested-002855,3,train,nested,2855,,,,3:0:2:2855,,train,5,530.9999439656701,,,5.721586901747922,2.4227060910992724,0.1199216258646032,4.2887595378530055,,,,,38.306920950725434,0.005204155566041147,0.022319371820329777,,,,,,,20.52565435819364,0.19968260518220723,0.8793623458808065,2,417,1,exact,0.10236045208780437,171,,,,,,0.00023137500102166086,0aa1ff1cf5cf7774456369f2f448cfffa64e9941
dv3-train-nested-002856,3,train,nested,2856,,,,3:0:2:2856,,train,5,181.8077911660922,,,4.996784471510237,1.3416417088596155,0.06396153924922343,3.750525218589102,,,,,27.11972754462295,0.0047436502545140655,0.017791179907721614,,,,,,,9.944297572083995,0.10650294887737007,0.4133966448623055,1,205,1,exact,0.08380740487029839,153,,,,,,0.00021399999968707561,3de1d9deff19dcb27a71987e8c22ced5ae338819
dv3-train-nested-002857,3,train,nested,2857,,,,3:0:2:2857,,train,5,105.7717371962756,,,2.7917654472847726,0.14050524380487478,0.07887063031302816,4.494452487370476,,,,,269.64860419670987,0.007668854410392877,0.03446730178007231,,,,,,,0.7106187619735082,0.13132821390405136,0.6046819778174942,1,98,1,exact,0.15670505950607547,729,,,,,,0.0002994579990627244,6f015956845419503bfaf6123ea853b601f89bbd
dv3-train-nested-002858,3,train,nested,2858,,,,3:0:2:2858,,train,5,362.2504533801393,,,3.1892652111880353,0.4824937952036133,0.06083503684729335,4.031678826048416,,,,,235.41090091182977,0.003196313040020094,0.012886507604871455,,,,,,,5.1544983617979305,0.10129698089432505,0.4207720292058676,2,355,1,exact,0.05981227511097863,738,,,,,,0.000296499998512445,4b9333e87b0fa9f11650bba100e1c52b125aaa34
dv3-train-nested-002859,3,train,nested,2859,,,,3:0:2:2859,,train,5,475.7257268974504,,,5.849269448064981,0.1518175207003079,0.1362731901582624,5.256923678896294,,,,,535.714147784456,0.00624787171386296,0.03284458475531257,,,,,,,1.2971592333305466,0.22690974568686229,1.214237419616331,2,463,1,exact,0.14538549006582238,3198,,,,,,0.0006007499978295527,8153b0986b7db5632302c1effe06f8b2ffba3315
dv3-train-nested-002860,3,train,nested,2860,,,,3:0:2:2860,,train,5,121.62794567608128,,,5.6289113103721515,0.32771564085386495,0.1045645936030967,8.522360540182605,,,,,65.93436016975784,0.009481301740880873,0.08080307182604779,,,,,,,1.1973813220748748,0.1741114691361777,1.4940207725067893,1,104,1,exact,0.33576907367444675,374,,,,,,0.0002652909970493056,3bdc3cef02fc9a38c09e335f4bc67e02f1bab0e4
dv3-train-nested-002861,3,train,nested,2861,,,,3:0:2:2861,,train,5,169.36972605636828,,,3.5178084641358285,0.0626231868201706,0.09790104501955872,3.2325966417677168,,,,,768.82665359333,0.007522625382894528,0.024317613550021436,,,,,,,0.4845351601664018,0.16301593293638195,0.5516031634206243,1,164,1,exact,0.11841437349236225,2990,,,,,,0.0005499159997270908,295ddd618cedee1e6f9207025adca9bfbedcea61
dv3-train-nested-002862,3,train,nested,2862,,,,3:0:2:2862,,train,5,752.3834743362879,,,1.9989957159461338,0.10750177053717262,0.10237774200587307,9.861930172731778,,,,,3501.1584634556493,0.0037323805943734337,0.03680847679976994,,,,,,,1.0983405678100884,0.1704701223738055,1.6897851781609934,1,741,1,exact,0.15077211698332701,7226,,,,,,0.0013620829995488748,7258ddf75d1a88f07398dfc68d154cd02fc49bfa
dv3-train-nested-002863,3,train,nested,2863,,,,3:0:2:2863,,train,5,561.7276126873672,,,2.8310406504332115,0.08052799207479504,0.10166380461309044,10.075371413735828,,,,,2463.9551435694057,0.0042894683926433756,0.04321798722336244,,,,,,,0.7461383450733967,0.16928133863692732,1.713952521928647,1,600,1,exact,0.17668101061797967,7748,,,,,,0.0015655000024707988,50698dca93282113761a6b03fc62212ad6412335
dv3-train-nested-002864,3,train,nested,2864,,,,3:0:2:2864,,train,5,100.13872550950549,,,2.294249554444798,0.06774603615024627,0.08470035908234874,5.25311573779747,,,,,644.2842490025147,0.008464166963587472,0.04446324868376678,,,,,,,0.3121248588000027,0.14103534904144444,0.7541795227563218,3,113,1,exact,0.1968379313250754,1689,,,,,,0.00042337500053690746,5791cc08a4bfb16d9299f95dcfe29965d62fcaaf
dv3-train-nested-002865,3,train,nested,2865,,,,3:0:2:2865,,train,5,229.66356592808873,,,1.6546075957350872,0.6975200162382622,0.09824362595680092,6.355961452002589,,,,,198.9941985644798,0.00648273592741674,0.04120401965817305,,,,,,,3.128037477593044,0.16358636761437337,1.0525387156006907,3,202,1,exact,0.1773478301607042,314,,,,,,0.0001752499993017409,c07280112815048dff0493fbdcb1b6ccdf20a32d
dv3-train-nested-002866,3,train,nested,2866,,,,3:0:2:2866,,train,5,302.1752715050744,,,2.1994558826878032,1.2753174062470842,0.09595215488808911,6.4352306776296455,,,,,107.72720163260546,0.0055198245288151145,0.03552134414296363,,,,,,,5.788001931459162,0.15977081800519244,1.0405017805241328,1,231,1,exact,0.15263278287271237,215,,,,,,0.00013620900062960573,bf1a06781d67069751aac37811349db6ecb2fd02
dv3-train-nested-002867,3,train,nested,2867,,,,3:0:2:2867,,train,5,718.6414334897494,,,1.5043914738028026,0.5703419113598174,0.06732236711401836,6.916084916265116,,,,,837.5603368054487,0.0025113269153825787,0.017368550199288055,,,,,,,5.438972246196493,0.11209909434965466,0.7833491656700706,2,754,1,exact,0.0739335907182932,1362,,,,,,0.00025624999761930667,c71e4492ae1759fcb0860cce378bb510752ce2ee
dv3-train-nested-002868,3,train,nested,2868,,,,3:0:2:2868,,train,5,296.1501481399055,,,3.0242184073160034,1.6948395566473786,0.2184918410848821,3.1789772049259413,,,,,57.779025146733794,0.012696360553373585,0.040361440784695536,,,,,,,6.268655616531844,0.36381277959110697,1.2124246370809635,1,273,1,exact,0.1973228378583115,205,,,,,,0.0001298749994020909,0cc274414ce8d800ba24408ab13e2cd3e4f35b69
dv3-train-nested-002869,3,train,nested,2869,,,,3:0:2:2869,,train,5,193.88698172163524,,,3.428866245897839,0.20702825709577163,0.11436752745362169,9.600172844599044,,,,,273.1294182015219,0.008213502753936008,0.07885104609737593,,,,,,,0.9254112920277484,0.19043442469643465,1.8380949145779948,1,175,1,exact,0.32379449247679054,965,,,,,,0.00022499999977299012,9ccc10ca2eb5252b7c9944957e58c967d820fa46
dv3-train-nested-002870,3,train,nested,2870,,,,3:0:2:2870,,train,5,116.43143477843549,,,1.6128462718471783,0.19018409650997195,0.1850777029673213,4.790343104753885,,,,,379.57978623165104,0.017152166195304415,0.08216476106526918,,,,,,,0.44484779526183915,0.3081745900558361,1.508085255260203,2,107,1,exact,0.3693612897668759,727,,,,,,0.00021366700093494728,82404dcc22e993a7cb52f61d0a19ab46e9e0bafe
dv3-train-nested-002871,3,train,nested,2871,,,,3:0:2:2871,,train,5,603.6642588108975,,,5.1868360249938315,1.990336632877829,0.05570421032157357,4.521151815596292,,,,,58.47448537294585,0.002267202387665632,0.010250366191318722,,,,,,,25.129710220293326,0.09275359432824859,0.4294883422640109,1,496,1,exact,0.04655304390306485,264,,,,,,0.00013020800179219805,d364d7e07fb39b27e46ba1f43f516cb53f64c3ba
dv3-train-nested-002872,3,train,nested,2872,,,,3:0:2:2872,,train,5,174.49526893200823,,,2.41318397966984,0.21119477216823077,0.3280680000009366,3.5133124647831857,,,,,342.38131792629423,0.024835450531969956,0.08725469792247625,,,,,,,0.4295934448550014,0.5462690523481267,1.995442747661287,4,179,1,exact,0.41686510995926,1187,,,,,,0.00025020799876074307,b1a2c177c843b82a84f8c0615fb0d21d79a0e4f9
dv3-train-nested-002873,3,train,nested,2873,,,,3:0:2:2873,,train,5,204.84180753905315,,,2.0382751460561,6.2148898296591515,0.19820681517832045,7.022471546959206,,,,,16.170459319716358,0.013848708806382485,0.09725216355494438,,,,,,,10.208265259494775,0.3300359958791845,2.341049022779329,1,98,1,exact,0.413185975860282,19,,,,,,0.00010070800271932967,c90485ac3c2c1d27efb119247ccb45c0bd685cb2
dv3-train-nested-002874,3,train,nested,2874,,,,3:0:2:2874,,train,5,247.60090500136712,,,3.5822664283350063,0.4946294307409346,0.36189886275588184,4.221130381775589,,,,,139.73795752902177,0.022999113925051464,0.09708225854295276,,,,,,,1.112924438740266,0.6026011339202724,2.614062722278881,1,241,1,exact,0.4465846038046516,687,,,,,,0.0002038749989878852,59eaa23f42865faf6323e10e92b7332147005eba
dv3-train-nested-002875,3,train,nested,2875,,,,3:0:2:2875,,train,5,716.1069212230345,,,2.20976856555811,0.641531724480848,0.05472871904716367,9.514256444788542,,,,,505.14137525916004,0.0020451555626740648,0.019458134492766857,,,,,,,6.087495244566554,0.09112929481094047,0.8718034183533206,1,726,1,exact,0.07997109020771997,1120,,,,,,0.00022650000028079376,95a3ea95434ae3e70b62d08df13bf68d628d87bf
dv3-train-nested-002876,3,train,nested,2876,,,,3:0:2:2876,,train,5,121.06820470294694,,,2.851881268864516,0.10664968371027866,0.06778343227402318,3.0872749736961684,,,,,398.0513395933821,0.00616039422051048,0.01901883090508452,,,,,,,0.8269112866981572,0.11286681819966701,0.3662744197776184,1,97,1,exact,0.0936419533330877,1204,,,,,,0.00018120799722964875,0c26314118d5bcd66329cf0fa09c640fcf1a6e7e
dv3-train-nested-002877,3,train,nested,2877,,,,3:0:2:2877,,train,5,520.2722072296299,,,4.166977162666927,0.5413733497822765,0.3166389330249882,6.315298310515413,,,,,230.62831894874736,0.013881902829489237,0.0876683574858125,,,,,,,1.7754092947632782,0.5272384075240146,3.3711523487351194,1,510,1,exact,0.3776670922149229,1187,,,,,,0.00027433300056145526,2c71906f5591769a68aed1dbcddd7657467c49eb
dv3-train-nested-002878,3,train,nested,2878,,,,3:0:2:2878,,train,5,104.97484924749243,,,3.9154911178865754,0.9038492808556094,0.06608843584600575,6.989262438659206,,,,,29.662175469631954,0.006450343511123041,0.04508314361874141,,,,,,,3.276687870870254,0.11004446401558354,0.7769621519325697,3,86,1,exact,0.19165388818898405,104,,,,,,0.00010599999950500205,5bf79432a13baa5ddcf60502380b5034e5dcbe3d
dv3-train-nested-002879,3,train,nested,2879,,,,3:0:2:2879,,train,5,168.44257809738858,,,4.062294027699931,0.9836931433512267,0.09218225702437066,5.580937596020655,,,,,42.15226164907101,0.007102666077999213,0.039639536146686374,,,,,,,4.32205038798987,0.15349352630512772,0.8702807413644096,1,192,1,exact,0.17383502064010886,229,,,,,,0.0001239160010300111,b7213faa9186ba1ca89930ea878add21525e002c
dv3-train-nested-002880,3,train,nested,2880,,,,3:0:2:2880,,train,5,153.92231049080297,,,2.927230441041334,0.25178534312660605,0.18327419808858003,5.6864135561602485,,,,,208.84025534169882,0.014772382389402431,0.08400187547588091,,,,,,,0.6967925567549411,0.3051715574497532,1.7619607610217916,1,124,1,exact,0.36734309333963916,673,,,,,,0.0005385839976952411,66110eadfdcb9ae87458d077630a64a4bc10ea8d
dv3-train-nested-002881,3,train,nested,2881,,,,3:0:2:2881,,train,5,490.7564673322331,,,1.8716906796441632,2.48038584965004,0.2878893584269164,3.645717354886187,,,,,105.70918117079853,0.01299548810569139,0.04737787652213612,,,,,,,7.567560424650577,0.47936722572312085,1.8121891370791618,1,455,1,exact,0.22452953833331735,222,,,,,,0.0003341249976074323,687188beb457146f6a84e00e8d87be1133a51d95
dv3-train-nested-002882,3,train,nested,2882,,,,3:0:2:2882,,train,5,105.73429954660864,,,2.3007376227676164,2.1801115452521573,0.10505352809028107,9.707983714946415,,,,,21.07997460865776,0.010216513093443366,0.09918174273468502,,,,,,,4.247496996851107,0.17492559845989644,1.7071604564675353,11,103,1,exact,0.40685391690490746,50,,,,,,0.00026041700039058924,209be9f65c45db6522ba73b9bcf11bb6decd40ec
dv3-train-nested-002883,3,train,nested,2883,,,,3:0:2:2883,,train,5,321.91921688908474,,,1.628222930264254,0.326935895332862,0.15932470374853722,9.436539687867572,,,,,604.7424153549641,0.008879932577588281,0.08379583619400001,,,,,,,1.3687004518621513,0.26529303355435757,2.517465686809716,1,298,1,exact,0.3446627118638156,1080,,,,,,0.0005357919981179293,eee6145c0ff010a32373b6e77db358c9b21e11ba
dv3-train-nested-002884,3,train,nested,2884,,,,3:0:2:2884,,train,5,782.2804124455479,,,2.8317046217959376,0.1204681231739854,0.10069585528009187,5.10680796854478,,,,,2293.20226515469,0.003600230999071446,0.018385688354659997,,,,,,,1.4559666940504048,0.16766959727581737,0.8725182961414679,1,784,1,exact,0.08176599652442634,6918,,,,,,0.0007404170028166845,03db246b38147593691aff7b3df7653378103c87
dv3-train-nested-002885,3,train,nested,2885,,,,3:0:2:2885,,train,5,193.59112684064806,,,2.136014408344295,2.6603266930979106,0.0653475263404677,8.49215504462403,,,,,34.06797326744958,0.004696630873286306,0.039884517563315264,,,,,,,8.036045905430054,0.10881076876501099,0.930422408867151,2,193,1,exact,0.16579802597626797,79,,,,,,0.00014000000010128133,b1878febb118e6e43b89932566536f3373ed4d6a
dv3-train-nested-002886,3,train,nested,2886,,,,3:0:2:2886,,train,5,164.86531601185354,,,1.5019347658984865,0.13585914018345627,0.08725046841653117,7.00091127233207,,,,,807.9590826924092,0.006795213673129772,0.04757268800211923,,,,,,,0.6964518215141446,0.1452815596117042,1.0274268204669217,1,153,1,exact,0.20219512260988454,1286,,,,,,0.0002651249997143168,cbf1ff639c1cc802285b52198fdce55b354324bb
dv3-train-nested-002887,3,train,nested,2887,,,,3:0:2:2887,,train,5,465.45390499340044,,,5.785871122769114,0.2547893312847572,0.12208356157159453,3.4341634290176284,,,,,315.73787631171206,0.0056587284220959815,0.01943299820190465,,,,,,,3.339199504747825,0.20328246426597146,0.7271001560223773,1,373,1,exact,0.09331654496320556,1672,,,,,,0.00023349999901256524,96d88a4190eb7b2c2d7fbe29aa896c99cf07210d
dv3-train-nested-002888,3,train,nested,2888,,,,3:0:2:2888,,train,5,532.8919757677018,,,3.003363635617891,3.226719727324545,0.17217343838398194,3.0238464518023433,,,,,54.98826518324991,0.007458415302376137,0.022553102648158383,,,,,,,17.284538850317418,0.2866875800909198,0.9130739451951911,1,568,1,exact,0.11161333001158695,205,,,,,,0.00013874999785912223,b444c33a09db860537a49d602523384d96975179
dv3-train-nested-002889,3,train,nested,2889,,,,3:0:2:2889,,train,5,674.4893017122595,,,4.590075484481562,2.8818713286859343,0.28682624697774156,4.019120841140407,,,,,50.98948806231856,0.011044126122095727,0.04438767746949812,,,,,,,13.029865936280736,0.47759702904475076,1.9780436337685117,1,676,1,exact,0.2061517913756789,296,,,,,,0.00015387500025099143,63dc1969e76c80b671f7119036b2b6e15ffddc93
dv3-train-nested-002890,3,train,nested,2890,,,,3:0:2:2890,,train,5,781.2200886627957,,,2.5525859719195347,2.433133126273026,0.06605747243144337,10.280892502310891,,,,,125.78450722049583,0.002363389223853961,0.024297750551562546,,,,,,,15.353755383523877,0.10999290654844135,1.1361620401821504,1,899,1,exact,0.09915321834581214,376,,,,,,0.0001612089981790632,1aeb45440ed2be36eabeed61f0733df1fbc0e2d3
dv3-train-nested-002891,3,train,nested,2891,,,,3:0:2:2891,,train,5,162.1939687597435,,,2.1488835747201067,4.3059044194705915,0.11505906461329124,7.188987551410765,,,,,17.52901162940479,0.009034486820186509,0.06494881328370544,,,,,,,8.487007019230118,0.19158590959857422,1.3905698359118264,4,179,1,exact,0.2751451127347891,38,,,,,,0.00010458399992785417,a9d96396b3c722915b7b9338d26b2f2d9648517c
dv3-train-nested-002892,3,train,nested,2892,,,,3:0:2:2892,,train,5,769.5063963343937,,,4.66454670370506,0.20579065492389303,0.15751366775703782,8.389694105001215,,,,,801.6358647319412,0.0056782188517955304,0.04763851922781573,,,,,,,1.5540167951108401,0.2622774608229668,2.21600347109289,1,747,1,exact,0.19828582786879692,4149,,,,,,0.0004840830006287433,307a5be8f19d781e769f471b2abfa06d936f24c0
dv3-train-nested-002893,3,train,nested,2893,,,,3:0:2:2893,,train,5,425.5703600203968,,,3.2126283941968823,0.1700164153651133,0.2670783320847098,4.983313112602524,,,,,779.1481144872508,0.012946517687848928,0.06451655135639807,,,,,,,0.6359415679181153,0.44471459383486406,2.260332067032074,1,439,1,exact,0.2880864307895462,2879,,,,,,0.00041658299960545264,ee440dad8df6e3df27e15e801481fbc66c4e7afb
dv3-train-nested-002894,3,train,nested,2894,,,,3:0:2:2894,,train,5,203.11246811117027,,,1.9171722169913856,0.5529431923226529,0.08615459363196874,10.457011763248934,,,,,191.5997514068852,0.006045192662929857,0.06321465078736367,,,,,,,2.4895629899446563,0.14345680840142638,1.5069732816381007,2,199,1,exact,0.2575784995717213,377,,,,,,0.00015741700190119445,fe45da0e71143301ae8b7b9b8f768d17717f6bc9
dv3-train-nested-002895,3,train,nested,2895,,,,3:0:2:2895,,train,5,326.36730144680973,,,4.724386022346442,0.1648581622457683,0.19679474021619958,7.198842182564448,,,,,419.03549337534264,0.010893317614844406,0.07841927435381425,,,,,,,0.6802793506789486,0.3276847368371564,2.3816015033350335,1,320,1,exact,0.3321550018902181,2011,,,,,,0.0003430840006330982,503a29e2f85b5718cd63c771830701fa22a5ae70
dv3-train-nested-002896,3,train,nested,2896,,,,3:0:2:2896,,train,5,147.7047691891108,,,4.9942470045680185,0.06422842718811458,0.06373799680376861,7.629318642430979,,,,,460.4656237241434,0.00524446451111599,0.04001169086422489,,,,,,,0.45509780624961643,0.10613072628986431,0.8166309609444821,2,143,1,exact,0.1683083879092364,2434,,,,,,0.0002835000013874378,57b8be53b324fe591066c1430dd4641370b544ff
dv3-train-nested-002897,3,train,nested,2897,,,,3:0:2:2897,,train,5,220.8247087100717,,,1.6388611936242745,0.04193614402242869,0.13669035483888597,5.234630603265796,,,,,3213.046415278389,0.00919843699095502,0.04815041977506529,,,,,,,0.1961921517052221,0.22760437044379286,1.2129702430638802,1,218,1,exact,0.21328134373486607,6072,,,,,,0.000816625000879867,fc56c719bb25c6263ccf0dc88d2993e7e340f427
dv3-train-nested-002898,3,train,nested,2898,,,,3:0:2:2898,,train,5,336.02374662717096,,,2.5906739888641317,0.18879458762035742,0.14648783232643467,11.459300544134225,,,,,687.0172875124769,0.007991284043924204,0.09157452559287178,,,,,,,0.9099386162648678,0.24391824056373768,2.805755048381754,2,291,1,exact,0.3702868874269863,1809,,,,,,0.0006647499976679683,8274aaaefe1ceac9414284c27fe48d081374cf51
dv3-train-nested-002899,3,train,nested,2899,,,,3:0:2:2899,,train,5,203.22458363836392,,,1.9809434732923998,0.09418111316355154,0.09206750927909385,5.2077942998996,,,,,1089.2820327942065,0.006458300863906464,0.03363350242608874,,,,,,,0.586925510497107,0.15330245877622742,0.8129530010557623,1,212,1,exact,0.14910207736713846,2283,,,,,,0.0006690410009468906,41dccd9e26f4e6f8ac19412096058f594b4e5d59
dv3-train-nested-002900,3,train,nested,2900,,,,3:0:2:2900,,train,5,303.0148158169054,,,2.7783742348494522,0.5717302314573347,0.192321418106746,7.79036994733649,,,,,190.7576500648469,0.011048306676806988,0.08607039630395424,,,,,,,1.971813831874685,0.3202361669383178,2.515227570976457,1,380,1,exact,0.36118605743152477,718,,,,,,0.0005786250003438909,c4e0797e52ab4a61f061f40f6dc2bacf5c9005ab
dv3-train-nested-002901,3,train,nested,2901,,,,3:0:2:2901,,train,5,139.4787674176276,,,2.03907979441658,0.3227329752106148,0.0513679354151918,11.595910084610354,,,,,211.94859305243725,0.004349487233523817,0.050436262874102814,,,,,,,1.6190981789867567,0.08553322299113747,0.9955168086829279,1,137,1,exact,0.20374910781831876,486,,,,,,0.00019454200082691386,d9cac74b3ab89d613b16c5bd3d6c5d2bd21c6010
dv3-train-nested-002902,3,train,nested,2902,,,,3:0:2:2902,,train,5,450.10177285341405,,,1.6583691136921663,3.8955989093662744,0.2898463078772952,4.350957454057538,,,,,69.67152029285175,0.01366194116887227,0.059442524765600364,,,,,,,9.652958280450884,0.48262576030055165,2.154632466335392,1,507,1,exact,0.2718767139707369,139,,,,,,0.0001480410028307233,7e8e5e31862d29bb4949adf319ad20a444343fef
dv3-train-nested-002903,3,train,nested,2903,,,,3:0:2:2903,,train,5,154.96891307756192,,,2.5916392967983413,1.6467687806138427,0.08882352045043922,5.569576481982027,,,,,36.31093277376113,0.007135192404488273,0.03973999981045468,,,,,,,5.063308070202172,0.14790086306054645,0.8369174200787707,1,87,1,exact,0.17432961260627663,61,,,,,,0.00011187500058440492,d06210bf211a8fd8d88bd7bd963daef7125b3838
dv3-train-nested-002904,3,train,nested,2904,,,,3:0:2:2904,,train,5,694.6159630891522,,,2.3450737302423947,0.09552960946844742,0.27163713025104747,4.737633316121313,,,,,3100.6322200590453,0.010306631621332437,0.04882904134621398,,,,,,,0.4395346318767964,0.4523054907043074,2.1900727812548246,1,671,1,exact,0.21992654264482095,8478,,,,,,0.0011090829975728411,408e01c2ca0b27ee9a3da8662afa89e6dfee9a72
dv3-train-nested-002905,3,train,nested,2905,,,,3:0:2:2905,,train,5,165.16309839213704,,,1.6752814814625245,0.09772723967035292,0.058487986444039144,11.7542089391677,,,,,1008.8105176188063,0.004551034832535227,0.053493814311049145,,,,,,,0.6656242414336926,0.0973888856226274,1.148864564745018,7,160,1,exact,0.2158697508607783,1822,,,,,,0.00034204199982923456,3b895a18b8c361213c98a53ac5d1867a0a56ea9f
dv3-train-nested-002906,3,train,nested,2906,,,,3:0:2:2906,,train,5,428.64824534053116,,,1.51325755164655,0.14578517918490078,0.0752812538973468,10.500307660504063,,,,,1943.0090590889804,0.0036361041890354186,0.03818021267051952,,,,,,,1.347382201018339,0.12535151013193896,1.3221848935298954,1,463,1,exact,0.15551557176172312,3246,,,,,,0.0004721670011349488,78ca51e2e7453b34fba207bf09365fca0e7f9625
dv3-train-nested-002907,3,train,nested,2907,,,,3:0:2:2907,,train,5,185.17402548950295,,,5.664730102016966,0.9571195290048675,0.21730375180100658,4.087906882620868,,,,,34.15345685785785,0.01596898050459478,0.06527970531317147,,,,,,,3.5013816997367564,0.36183448116759176,1.5227593679944254,1,196,1,exact,0.3021652019778818,238,,,,,,0.00012841699935961515,d911c5cec763f15dcc613e8cfb2554e1923a4a32
dv3-train-nested-002908,3,train,nested,2908,,,,3:0:2:2908,,train,5,498.436648632415,,,5.433626736721627,2.4797019805882865,0.09730329871133168,3.894539422074499,,,,,36.99309579844679,0.004358354781377433,0.0169737845114613,,,,,,,22.833995913538573,0.1620206200459481,0.6514646917443039,1,503,1,exact,0.07933457770010412,216,,,,,,0.00013083399971947074,bcace84294fb733362e6c2215dcf99448c82c50c
dv3-train-nested-002909,3,train,nested,2909,,,,3:0:2:2909,,train,5,543.6909613587022,,,4.6125539256345665,0.03135151905917605,0.33116369684541425,6.869331353952738,,,,,3759.6902679383857,0.014202561074176803,0.09756209809327139,,,,,,,0.10530773144947735,0.5514237257133591,3.827838506201587,1,565,1,exact,0.4156546099350752,21311,,,,,,0.0028764999988197815,87562b243fdfb3d2430d7ffd3109d0c4e079c6ac
dv3-train-nested-002910,3,train,nested,2910,,,,3:0:2:2910,,train,5,667.9204010536168,,,3.9995857254912095,8.888788946190656,0.17913972862292518,4.876331503796447,,,,,18.787418282219033,0.006931537187547505,0.03380047315737452,,,,,,,36.87535809639561,0.29828721421310994,1.4848175733130307,1,595,1,exact,0.15148301795851632,70,,,,,,0.0001250830027856864,eb4557cbc9d8e9c4c59218d7bd5ac2310babfa14
dv3-train-nested-002911,3,train,nested,2911,,,,3:0:2:2911,,train,5,108.0842460307595,,,3.153666045975692,1.3760412941678872,0.10719805317560856,8.714134257321223,,,,,24.90664484920516,0.010311116636847232,0.08985245471638527,,,,,,,3.1786854135848692,0.17849646695696197,1.5656504579010389,1,106,1,exact,0.372509973104788,101,,,,,,0.00011087500024586916,af16e186d487b82d436da8f49bd952bc99200859
dv3-train-nested-002912,3,train,nested,2912,,,,3:0:2:2912,,train,5,100.50966862286657,,,1.5545084805661933,0.6524968508495632,0.19421013204799809,3.840252520690516,,,,,99.09148240624748,0.019371710181216212,0.07439225885350169,,,,,,,1.2972578597468747,0.3233810819402123,1.2832786290584128,14,123,1,exact,0.3487097465818718,201,,,,,,0.0001257090007129591,0ef43999ea8bcb2790acdccf9d9c6f2c77d02e74
dv3-train-nested-002913,3,train,nested,2913,,,,3:0:2:2913,,train,5,386.18735549246594,,,1.9785909762152685,11.238700913131643,0.16845583729185237,11.549209234455777,,,,,17.367044303252175,0.008572096266583906,0.09900093336067473,,,,,,,21.64377131145521,0.2804973682275251,3.251643694399731,2,477,1,exact,0.4000658705741872,47,,,,,,0.00011475000064820051,1c9cb129eac124180166d8652ab9ff831b913844
dv3-train-nested-002914,3,train,nested,2914,,,,3:0:2:2914,,train,5,240.6629949372468,,,1.6048597926019368,0.09653761064059,0.19777932506164397,3.5136831923164085,,,,,1553.3727233054517,0.012749003254836237,0.04479595845530527,,,,,,,0.35953060641386203,0.32932417814345777,1.203091564993598,1,262,1,exact,0.21401066125493218,3075,,,,,,0.0005173749996174593,a45929b957b04a74e05a9e48301e5f2359dcfa05
dv3-train-nested-002915,3,train,nested,2915,,,,3:0:2:2915,,train,5,391.2687968644182,,,2.6022921914011725,0.07443499988690533,0.15302174021073917,7.3467379821084275,,,,,2019.9562550877924,0.00773598339953435,0.056834243070319285,,,,,,,0.4108982666595133,0.25479791083965236,1.8891947924537245,2,385,1,exact,0.2401377367109924,6074,,,,,,0.0013823329973092768,f0b4187f0824fe89037ac6e9f0c0093bf8bf7e71
dv3-train-nested-002916,3,train,nested,2916,,,,3:0:2:2916,,train,5,190.463479910629,,,2.0521410837933542,0.12785485854959286,0.1748933846704286,3.6173631598926415,,,,,725.9174959807548,0.012672652471453846,0.045841586188359575,,,,,,,0.47779583216252397,0.29121658773668463,1.0929477735924686,1,168,1,exact,0.2176154182097342,1816,,,,,,0.0005301659984979779,68742572ed6d4ddaa2971d326de3825272e25e44
dv3-train-nested-002917,3,train,nested,2917,,,,3:0:2:2917,,train,5,181.32043892294973,,,5.496085677061701,0.0814361445927437,0.17745948545711654,3.0194093882243465,,,,,405.1128907096448,0.013178799085901827,0.03979218968549441,,,,,,,0.5202577720473877,0.29548942582198956,0.9398623138879891,2,191,1,exact,0.19699998049171036,2851,,,,,,0.0009721249989524949,a897cc0b4b1991d7c648066400a04b623e33a436
dv3-train-nested-002918,3,train,nested,2918,,,,3:0:2:2918,,train,5,310.0170706358554,,,2.7280595191547086,4.015331307619047,0.10030838847772239,6.7046006569580445,,,,,28.301560471269738,0.005696976776699292,0.03819595423973279,,,,,,,12.82592611513729,0.16702442272985088,1.1322194962842642,1,348,1,exact,0.16323853404507987,88,,,,,,0.0002749170016613789,7cd4b46386385f09e000b2ea0e74ad61ed1787ef
dv3-train-nested-002919,3,train,nested,2919,,,,3:0:2:2919,,train,5,227.86164423866836,,,1.8961301405305622,1.0758257456150768,0.0814211995157534,6.825134120090744,,,,,111.70205217177855,0.005393887482715524,0.03681400549821209,,,,,,,4.6525183409459645,0.13557519020566278,0.9351981706639131,4,268,1,exact,0.1569718498124189,235,,,,,,0.0002716250019147992,672f4ba535bc70f4f06f2ec7416df4e191710956
dv3-train-nested-002920,3,train,nested,2920,,,,3:0:2:2920,,train,5,325.71300006440407,,,2.858044753060315,0.08502362537486927,0.09048919674193989,5.450556676040694,,,,,1340.3754000225142,0.005013940624411477,0.027328767543657623,,,,,,,0.7246548098766538,0.15067439601491633,0.8349668670765779,1,328,1,exact,0.12028306486133107,4200,,,,,,0.0007807500005583279,02d951652ab4a7d159703434da02ad420cbc0d67
dv3-train-nested-002921,3,train,nested,2921,,,,3:0:2:2921,,train,5,277.72600554242206,,,5.20438278621401,0.09723050224450593,0.052037329286528204,4.488695265437971,,,,,548.8387758662241,0.0031225307594668706,0.014016089036203374,,,,,,,1.6429317157521526,0.08664783689966113,0.39847064358038414,1,282,1,exact,0.06373880955805471,2941,,,,,,0.0004980000012437813,52652b7a451723bc7f86a698146812a8a2e8ca4d
dv3-train-nested-002922,3,train,nested,2922,,,,3:0:2:2922,,train,5,541.3383377954005,,,2.144092838789706,0.10973397112582016,0.41596638853129164,3.3616347420425274,,,,,2300.827729167428,0.01787820229390082,0.06009998595644141,,,,,,,0.32152159357827576,0.6926294697166826,2.4292035348437464,1,552,1,exact,0.29000216760898917,6557,,,,,,0.001471624997066101,26d4223519e14d21834411e729d59415a5cf07da
dv3-train-nested-002923,3,train,nested,2923,,,,3:0:2:2923,,train,5,118.95306670025847,,,4.123510531366205,0.11474724637441873,0.17167967937763445,4.4613109158252,,,,,251.4005725577953,0.015740954808128118,0.07022529351101314,,,,,,,0.36371890845102445,0.2858654174158493,1.3069801613122287,1,140,1,exact,0.319709894691663,1420,,,,,,0.00048070799675770104,2dd1105e070026b074781ef2479120a0f11b6e16
dv3-train-nested-002924,3,train,nested,2924,,,,3:0:2:2924,,train,5,698.8886961005655,,,4.7864205280348076,3.355225619300396,0.17609135064726547,7.018940808382185,,,,,43.51865199820877,0.006660916914320944,0.046752581551170416,,,,,,,14.925015144214322,0.2932113319327358,2.0788152022346664,1,838,1,exact,0.19864568133902405,267,,,,,,0.0002927919995272532,87d686a56fafd8e0f74a2fb00d610874c918d0cd
dv3-train-nested-002925,3,train,nested,2925,,,,3:0:2:2925,,train,5,105.04998478339058,,,2.845103296088007,0.07354857551252938,0.0828196966484542,7.629889896037015,,,,,502.0230863152499,0.00808045169736317,0.06165295676112639,,,,,,,0.33223616666941624,0.13790384067870454,1.061189720824562,1,130,1,exact,0.2593396956441373,1810,,,,,,0.0005002920006518252,12c811cef028496b325973eb546b14a78c9d426c
dv3-train-nested-002926,3,train,nested,2926,,,,3:0:2:2926,,train,5,275.35635310436203,,,2.0494470690636044,0.18649268360658003,0.0543167075852314,8.876119275821438,,,,,720.437974200739,0.0032733005743475615,0.029054206323523773,,,,,,,1.6452386924143307,0.09044325072597739,0.8078637682788474,2,266,1,exact,0.12022653108686572,1457,,,,,,0.00041904099998646416,0999a2f0e58c469bd13d99df26c1edf4e8f5b8aa
dv3-train-nested-002927,3,train,nested,2927,,,,3:0:2:2927,,train,5,173.72162166834678,,,3.7399829902538118,0.04588431802887967,0.1273167380442544,9.541317252539997,,,,,1012.3250102482308,0.009659587163954646,0.09216518565985436,,,,,,,0.19287008916890377,0.21199627467260135,2.0338027533759324,3,152,1,exact,0.37868800875952524,4158,,,,,,0.0011554170014278498,79c184109e75fb20769e472ebec56584aef294f7
dv3-train-nested-002928,3,train,nested,2928,,,,3:0:2:2928,,train,5,149.40843953959367,,,1.708300667885629,0.14517340784017294,0.21969528395829965,3.8331143051774843,,,,,602.45379925092,0.017973521246775377,0.06889456140542616,,,,,,,0.3503392032466531,0.3658166434181643,1.4491495287972689,1,160,1,exact,0.3230638314434641,1295,,,,,,0.0004779579976457171,f2d6bc37c67ae4a5cd437dc54256360f803a17da
dv3-train-nested-002929,3,train,nested,2929,,,,3:0:2:2929,,train,5,128.0558667179971,,,2.2238046648835064,0.3712031612271501,0.06873717692003924,7.708177691227975,,,,,155.1283513233787,0.0060742400570171,0.04682132169866256,,,,,,,1.5833249297914274,0.11445490720548228,0.8896320360781882,1,122,1,exact,0.19671946617681166,386,,,,,,0.0002572919984231703,fe31ddc9ed976949bb45f59f2daa7086939b142f
dv3-train-nested-002930,3,train,nested,2930,,,,3:0:2:2930,,train,5,105.57053429445354,,,3.178830763408616,0.3893067224020626,0.06873084432987203,4.771767903501951,,,,,85.30675247974592,0.006689294544163094,0.031919761002908165,,,,,,,1.8361214383314703,0.11444436275119373,0.5579649071989443,1,120,1,exact,0.1435877140674321,293,,,,,,0.00023562500064144842,95c5a28742c7e809d1dc719a49cfcd60938ac580
dv3-train-nested-002931,3,train,nested,2931,,,,3:0:2:2931,,train,5,231.50156138865708,,,2.099634061227712,0.931579327966845,0.056205038531356256,9.052508461309372,,,,,118.35605260347388,0.0036940118784651566,0.03344007378598316,,,,,,,4.710696470643026,0.09358752799915344,0.8523553638399904,1,240,1,exact,0.13810227675840675,272,,,,,,0.0002489580001565628,0b23a3220ca044e21b8b1c297d544af197cce4f9
dv3-train-nested-002932,3,train,nested,2932,,,,3:0:2:2932,,train,5,636.3892420219207,,,1.615747583973251,11.690125538206178,0.13165702194634019,4.688411136452183,,,,,33.69225967235378,0.0052189437076581085,0.024468553799501323,,,,,,,35.314087929374416,0.21922332142543144,1.050928318984054,1,716,1,exact,0.11040829264105034,62,,,,,,0.00021950000154902227,2d2c477cc534c0098085cbdf750ca6e697039498
dv3-train-nested-002933,3,train,nested,2933,,,,3:0:2:2933,,train,5,233.15254577997453,,,2.190973886516724,2.3869475036138073,0.08505922859658764,4.427622681608549,,,,,44.58205597841385,0.005570592098977974,0.02466447992742425,,,,,,,9.317942837479206,0.1416329059792115,0.6428923793805822,1,309,1,exact,0.11244473130512976,127,,,,,,0.00015545800124527887,f5a979cd93d5002d04e61ce46f0bf7379d8485e8
dv3-train-nested-002934,3,train,nested,2934,,,,3:0:2:2934,,train,5,255.72762907243757,,,3.678665923044778,0.08599977512757538,0.2847118607766989,4.591923025600941,,,,,808.3324008648112,0.01780396507396427,0.0817544371701315,,,,,,,0.2502104960376588,0.47407634508185825,2.2279448252995113,1,242,1,exact,0.37025933921142,3551,,,,,,0.0008837919995130505,b776b6c32100c52780872dc5cf55945e9a4a7b9e
dv3-train-nested-002935,3,train,nested,2935,,,,3:0:2:2935,,train,5,278.4960424048473,,,3.0525178469094794,0.32488806093426204,0.18653327684413556,5.4837353257523525,,,,,280.81937220546814,0.011177554744452266,0.0612947518076837,,,,,,,1.2690277439575364,0.3105982795418809,1.731327108546295,2,244,1,exact,0.2695257028063914,982,,,,,,0.00042645800203899853,e5c14a342a0b4818b85b508746bc84a740cd08ee
dv3-train-nested-002936,3,train,nested,2936,,,,3:0:2:2936,,train,5,104.20298906969327,,,1.5642239860364946,0.43249535287429836,0.08051555442557651,7.541345882996801,,,,,154.02804047067193,0.007887505940641302,0.059482410452568094,,,,,,,1.4679669035357736,0.1340671922138646,1.0198971447329777,1,126,1,exact,0.25054982969011663,328,,,,,,0.00026650000290828757,a40986d877e9d54289027ac8b76be368a307b3e9
dv3-train-nested-002937,3,train,nested,2937,,,,3:0:2:2937,,train,5,370.713368900131,,,3.1513275709779913,0.4167138038944549,0.27421503365518357,3.8590401696545316,,,,,282.29735695890804,0.01424203789345674,0.054960596328591564,,,,,,,1.5021534039965259,0.45659798143677266,1.820228355868589,1,346,1,exact,0.2573657375087571,1033,,,,,,0.00042637500155251473,4d54a3af407cc8b8f7bf92b914067803d49dc6c3
dv3-train-nested-002938,3,train,nested,2938,,,,3:0:2:2938,,train,5,564.9569299654427,,,1.5017189211581075,0.2617929520078871,0.13952278512876487,9.720510075008631,,,,,1437.0396038552444,0.00586999142566585,0.057059310793399175,,,,,,,1.664298279424163,0.2323206762410357,2.2701940474839817,2,589,1,exact,0.23403511237092556,2396,,,,,,0.0008070000003499445,5b457525b1ec9f1802646dd802374395f1cbddd2
dv3-train-nested-002939,3,train,nested,2939,,,,3:0:2:2939,,train,5,206.9343155761312,,,1.8264201164358194,2.850637231236596,0.09517430521240583,11.163117246600955,,,,,39.7456752813892,0.006616121278929154,0.07385653755441761,,,,,,,7.622793656859088,0.15847561333663715,1.7761658482605618,1,197,1,exact,0.2992791448296673,80,,,,,,0.00024200000189011917,511221ef5afc78c4e5b292b5113b2f0035bacbdb
dv3-train-nested-002940,3,train,nested,2940,,,,3:0:2:2940,,train,5,123.25424145964472,,,1.9554589337753596,0.06054155055844875,0.06449953269112314,6.079414178300247,,,,,1041.1172295961082,0.005809725744927119,0.035319729065745896,,,,,,,0.3622631900266263,0.10739876671902247,0.6616956184024971,5,124,1,exact,0.1529611204786974,2208,,,,,,0.0005681250004272442,c9b63bb3be43f715f88f970b9957a314f91e6d27
dv3-train-nested-002941,3,train,nested,2941,,,,3:0:2:2941,,train,5,107.45036501698712,,,2.1179543426553233,0.34262795204620083,0.05616030955867568,6.112503473814094,,,,,148.0704891574476,0.00541783214233732,0.033116517790578524,,,,,,,1.5479498295422673,0.09351304937423832,0.5791976547927699,3,118,1,exact,0.143309882656832,390,,,,,,0.0005262919985398185,5e5daaf0816dd995364e73579d50045ade59ad2f
dv3-train-nested-002942,3,train,nested,2942,,,,3:0:2:2942,,train,5,140.62832171103105,,,2.0813976512627894,0.6083091690457445,0.114545765676297,4.253335162262375,,,,,111.06913024935086,0.009659233009764973,0.04108395540091879,,,,,,,2.101749398446013,0.1907312108047804,0.8333635711786699,2,141,1,exact,0.18871475422391654,250,,,,,,0.00032624999948893674,674317f4fe4e0f4a4dd5e59eed2f31dd0d00c5fd
dv3-train-nested-002943,3,train,nested,2943,,,,3:0:2:2943,,train,5,330.3236958132322,,,2.364096127963255,0.2597079994667084,0.19842275336755427,4.797139437716867,,,,,538.0086651087479,0.01091745994551112,0.05237257766430563,,,,,,,1.0563188079030705,0.3303955565495278,1.6190240866948997,2,327,1,exact,0.2353766932360185,1540,,,,,,0.0006719160010106862,906ea0bae09c60ce8068fc7c4e3c6d55a73d8693
dv3-train-nested-002944,3,train,nested,2944,,,,3:0:2:2944,,train,5,744.774916433949,,,2.894454551579693,8.178643524225029,0.3842470388636627,3.6452878268797715,,,,,31.46132632535181,0.014079849370353472,0.05132510351405033,,,,,,,22.766216505662335,0.6398132880592668,2.418470814698599,1,891,1,exact,0.24324209800754976,134,,,,,,0.0003037919996131677,5ddb6348136a681aa3b499c4967b25c4682a3a8e
dv3-train-nested-002945,3,train,nested,2945,,,,3:0:2:2945,,train,5,766.8212837237695,,,3.8690150805595156,0.3133261273267398,0.2533945873539291,6.445972583284073,,,,,632.5532990844376,0.009150614393857632,0.0589846095030109,,,,,,,1.5540415463072623,0.4219296642878314,2.7522806265188837,1,752,1,exact,0.2533960209126679,2707,,,,,,0.0007808329974068329,387a387c6c229faf318becb722046f3cc2aa123d
dv3-train-nested-002946,3,train,nested,2946,,,,3:0:2:2946,,train,5,417.2089270069198,,,3.5692841612961432,5.029550003609047,0.10188938042045026,5.706154333071442,,,,,23.24038602176249,0.004988294954747019,0.028463980870668117,,,,,,,22.07955596581274,0.1696569469940934,0.982842436863986,2,424,1,exact,0.12440956527072942,93,,,,,,0.0002550829995016102,af191ebe68030fbe59d26216cdd36b009b323ca0
dv3-train-nested-002947,3,train,nested,2947,,,,3:0:2:2947,,train,5,608.3673260193028,,,2.5826600588424196,2.525086927848028,0.07843111283212148,10.551336030950242,,,,,93.28725226295084,0.0031798412332480403,0.0335515733770713,,,,,,,13.352010715270257,0.13059636929322482,1.3841409596473646,1,638,1,exact,0.13660473646988527,273,,,,,,0.000297416998364497,9028decc97b904307ebeff35f9b8620bae2998ee
dv3-train-nested-002948,3,train,nested,2948,,,,3:0:2:2948,,train,5,290.1435403095987,,,2.0260681448377955,0.0907648481357112,0.19888219641425864,5.457328665528877,,,,,1577.7608385850417,0.011675875476963337,0.06371908993557766,,,,,,,0.3439330123557965,0.3311605794037239,1.8373425279409161,3,277,1,exact,0.2803951192896008,3969,,,,,,0.001021416002913611,f319ee95f32637bd377da9b7b7d7d1c1b592c883
dv3-train-nested-002949,3,train,nested,2949,,,,3:0:2:2949,,train,5,246.55043879296713,,,4.099019915060178,3.762330962259806,0.1288930555709526,3.3212414406626616,,,,,15.987065519643679,0.008208742441582845,0.02726321557271134,,,,,,,17.12007780709051,0.2146210155236039,0.7444177091390732,1,278,1,exact,0.13192079662655182,79,,,,,,0.0002319999985047616,f65d652c76f70a03c5396f31b9bd7bf82b08c3f0
dv3-train-nested-002950,3,train,nested,2950,,,,3:0:2:2950,,train,5,246.9360910686729,,,1.877772132917849,0.05549272735571197,0.16591329981239822,8.70505564080644,,,,,2369.7667925939218,0.0105581764674558,0.09190951361465594,,,,,,,0.2183960097467661,0.27626376562240346,2.420707450445804,2,229,1,exact,0.3810790286419371,5075,,,,,,0.0017042079998645931,48f021c2153d0b0af5bb0b334c5340ab83786642
dv3-train-nested-002951,3,train,nested,2951,,,,3:0:2:2951,,train,5,573.1605134171227,,,2.2403363147498228,16.908726538389036,0.06024050960128078,4.82896253610676,,,,,15.130460425395718,0.0025162309827417824,0.012150785147851163,,,,,,,62.14840128083545,0.10030702809407174,0.4946558399790742,1,372,1,exact,0.054546874782119545,24,,,,,,0.00028625000049942173,d304480e51c0f196b0a9c0c73a36981e0af82de4
dv3-train-nested-002952,3,train,nested,2952,,,,3:0:2:2952,,train,5,168.8268320207746,,,1.7195295745181425,0.2336403384093598,0.2932035258852013,3.1300699732216737,,,,,420.22704063373993,0.02256568144375875,0.07063216191239477,,,,,,,0.4964650159513524,0.4882158949668395,1.604243409701904,1,205,1,exact,0.3466043158504511,1055,,,,,,0.0008847499993862584,c4302b729f65d07e4ba7878dc95f258057de1838
dv3-train-nested-002953,3,train,nested,2953,,,,3:0:2:2953,,train,5,163.36059816384738,,,2.7938248973379096,0.09511153839353088,0.06776476222796521,10.751513960715952,,,,,614.7731978836098,0.005301884485533384,0.05700328506431549,,,,,,,0.6000212074859533,0.11283573053379482,1.2183910666808595,6,177,1,exact,0.23171395268499925,1756,,,,,,0.000735792000341462,df99f5fb32eee8284adbb17bfaab026588fc1472
dv3-train-nested-002954,3,train,nested,2954,,,,3:0:2:2954,,train,5,174.30576180351258,,,3.785166218748069,1.8608470717533572,0.22467509565663174,4.393469107692548,,,,,24.746632243137544,0.017017629479175133,0.07476642940291398,,,,,,,4.43803041077283,0.37410857380245116,1.6856724086893806,2,130,1,exact,0.3413464280845243,90,,,,,,0.00026124999931198545,bd647566b39c99f9cee7f24a1847eb218aca69fc
dv3-train-nested-002955,3,train,nested,2955,,,,3:0:2:2955,,train,5,339.24536608505394,,,4.483992814507277,0.35337672819810917,0.13172934239760445,4.088351703347563,,,,,214.09724100296947,0.007151967985188425,0.029239760494532335,,,,,,,2.59018008763599,0.21934374287579358,0.9231901582747549,1,337,1,exact,0.1353414381503085,1038,,,,,,0.00021404099970823154,f72ded472935a4d4d97bd7b613a66be75931d4d4
dv3-train-nested-002956,3,train,nested,2956,,,,3:0:2:2956,,train,5,358.6824734931652,,,1.6912242265029527,0.0497808635335858,0.20646118421900345,5.354945818135694,,,,,4260.36235832782,0.010901426625768887,0.05837654892137421,,,,,,,0.19935253718793114,0.3437804218932204,1.8727497950767578,2,353,1,exact,0.25764593313882067,8219,,,,,,0.0017165839999506716,0c76158096bf76808540b957fb91dbae1821e29f
dv3-train-nested-002957,3,train,nested,2957,,,,3:0:2:2957,,train,5,124.35341071898493,,,1.6511826560018785,0.88321188232956,0.053304467025480376,9.60896691637539,,,,,85.27027823210341,0.004780075482239148,0.045931587166613115,,,,,,,3.033758271777534,0.08875775963473427,0.8574764241576487,3,114,1,exact,0.18859750939594866,141,,,,,,0.0002565000031609088,4f83000df6660e6bf00963edadc188d2cd6f8424
dv3-train-nested-002958,3,train,nested,2958,,,,3:0:2:2958,,train,5,527.6871425757193,,,1.7370606516352187,1.5005358124372172,0.2451232624098242,6.585650866854512,,,,,202.4487804207908,0.010670782598991178,0.07027404867306229,,,,,,,5.022798736527064,0.408157004842635,2.7187912956146465,2,554,1,exact,0.30103516191319535,407,,,,,,0.0003295419992355164,0cd6315e3d37be738bd6fe71f864e38a88fc105b
dv3-train-nested-002959,3,train,nested,2959,,,,3:0:2:2959,,train,5,186.5254770275765,,,5.450008646844902,1.2457152153158466,0.19553443698072334,3.078742903868384,,,,,27.474019301620007,0.014317070896154081,0.04407858042571494,,,,,,,5.892262009179709,0.32558619429685093,1.0539470964894448,2,222,1,exact,0.2171743899449527,205,,,,,,0.00023708400112809613,e49332caca6ee839be0ebc8f05b1147f4ccfe8da
dv3-train-nested-002960,3,train,nested,2960,,,,3:0:2:2960,,train,5,196.1690532554469,,,3.72510938055314,0.40337782907121195,0.13627314376363553,4.999911972298259,,,,,130.55077139178465,0.009729600916303871,0.048647148107111834,,,,,,,1.7281759705320128,0.22690966843474122,1.1569972407297513,3,196,1,exact,0.2171040919853918,627,,,,,,0.00029945899950689636,c75f3b3ba79bf3002cd8e7c1914523ca63f29c9d
dv3-train-nested-002961,3,train,nested,2961,,,,3:0:2:2961,,train,5,240.3873644958757,,,4.119760261295485,2.6442246151644655,0.14630437755740572,7.664041012584702,,,,,22.066901078638782,0.009436294854568959,0.07232015077225849,,,,,,,7.398958075085381,0.24361276833594983,1.88288440464642,3,207,1,exact,0.30405356907843223,82,,,,,,0.00022033400091459043,436ef691aa82263175431580b9b6af0c3cc410b3
dv3-train-nested-002962,3,train,nested,2962,,,,3:0:2:2962,,train,5,272.7019305964107,,,2.6885616399720904,0.13281314643069989,0.09779525843807368,9.375576318984287,,,,,763.7076644160928,0.005922072126039521,0.055522839184213066,,,,,,,0.8562483024279801,0.16283978672395397,1.535376543623934,1,264,1,exact,0.22851463811019157,2151,,,,,,0.0005836669988639187,f027a1fcd3687c05235eaa6413e40040636030e7
dv3-train-nested-002963,3,train,nested,2963,,,,3:0:2:2963,,train,5,766.2855807054723,,,3.040517272425642,0.8250558045615389,0.15491567473388101,3.8288616771613895,,,,,305.4638734339149,0.0055962877402232596,0.02142741166290895,,,,,,,6.41803778336555,0.25795151868059735,1.0207901907745354,1,869,1,exact,0.10050158357824752,1139,,,,,,0.0003913749969797209,cee4b198a39d661281337e8221cdaf11e9a79498
dv3-train-nested-002964,3,train,nested,2964,,,,3:0:2:2964,,train,5,451.32978028076957,,,5.736926208076609,0.14935201432623624,0.3318838668084644,4.43081867036709,,,,,526.7489063563227,0.01562209038215044,0.06921864973539432,,,,,,,0.585321728415932,0.5526228873604684,2.5101585506926987,1,471,1,exact,0.31552411113541007,3919,,,,,,0.0008530830018571578,ceed19d017ede88476e1a879d4106f2fd494af21
dv3-train-nested-002965,3,train,nested,2965,,,,3:0:2:2965,,train,5,318.9468437601661,,,4.458149489398768,2.0494195629880654,0.1241072693887799,7.834432368664704,,,,,34.90862993186441,0.0069492520834864326,0.05444344546087674,,,,,,,7.73517558083459,0.2066521588156386,1.6321377892698705,1,388,1,exact,0.2283204542540811,202,,,,,,0.0002507919998606667,d06ea17f1d83bdd342785499eae0c54f1e63909b
dv3-train-nested-002966,3,train,nested,2966,,,,3:0:2:2966,,train,5,359.0322649549965,,,4.982908907132311,0.9293098743545929,0.10294536098163475,3.181257449880065,,,,,77.53360532443463,0.005433004207933687,0.017283785111718783,,,,,,,9.281395577632662,0.17141526996510748,0.5716229952626141,1,368,1,exact,0.08448411397641106,416,,,,,,0.00025720800113049336,c33777dc32d42086c4233cabc9c15c613c3ae453
dv3-train-nested-002967,3,train,nested,2967,,,,3:0:2:2967,,train,5,695.9325908920517,,,2.067683234817663,2.2671137551667075,0.4858630514209537,3.2925220122547394,,,,,148.46013695989961,0.018417483344653943,0.06063996932260815,,,,,,,5.855853514879129,0.8090150477033292,2.7838466648259566,1,662,1,exact,0.29401596976767985,432,,,,,,0.0003505409986246377,0e319d0053717406cd3d597799e156fb97ddb1c6
dv3-train-nested-002968,3,train,nested,2968,,,,3:0:2:2968,,train,5,178.09764957435468,,,2.5406292393343524,0.5655498598422666,0.11558998468927786,8.637864739904252,,,,,123.9498475368873,0.008661460162562041,0.07481652133428,,,,,,,2.02263389401173,0.19246994951341193,1.6736333694648866,1,174,1,exact,0.3104559893593198,321,,,,,,0.00029441600054269657,93ae27655712664554b84511f8e4e053774f4c24
dv3-train-nested-002969,3,train,nested,2969,,,,3:0:2:2969,,train,5,100.76577126706006,,,2.415567867546483,0.04274619182241678,0.12381140330534667,7.382040805187433,,,,,975.8798688542547,0.012334005260963076,0.0910501301278259,,,,,,,0.13670005928438164,0.20615950947154355,1.5357780178910354,1,95,1,exact,0.38448730384548824,2627,,,,,,0.000824791997729335,ce59e7c658ef9047b42927a5845aa3f6457347a3
dv3-train-nested-002970,3,train,nested,2970,,,,3:0:2:2970,,train,5,420.29400704129137,,,2.323075822531168,5.2173624651682875,0.0699159553292306,5.455363069269156,,,,,34.67678318835914,0.0034103558509892265,0.01860472936255261,,,,,,,22.74125826792659,0.1164177020056931,0.6456826994072442,1,502,1,exact,0.08187446483787368,98,,,,,,0.0002382080019742716,f568ead7a038a24562891697461f3e83d75604da
dv3-train-nested-002971,3,train,nested,2971,,,,3:0:2:2971,,train,5,247.75433494589754,,,2.662462585574617,1.7014962894296404,0.0565877352908752,9.922435434059334,,,,,54.689851254044505,0.0035951058542603026,0.03567220571750658,,,,,,,7.286669906622479,0.09422475990277866,0.9396751669608236,3,250,1,exact,0.14603577907492565,150,,,,,,0.00023141700148698874,ceb1c256aec604e945e0b5f2030b383219f90d5d
dv3-train-nested-002972,3,train,nested,2972,,,,3:0:2:2972,,train,5,657.1969813582533,,,5.746827993337952,2.6683375733651507,0.07740968422069425,4.150658702198889,,,,,42.85747591448002,0.0030195867836403253,0.01253327416056147,,,,,,,31.040306850906745,0.12889557909240054,0.5503096731289263,1,553,1,exact,0.057841346247486276,210,,,,,,0.00024862500140443444,51871fcc532d907c4bebf90f4695cde79a0ef670
dv3-train-nested-002973,3,train,nested,2973,,,,3:0:2:2973,,train,5,676.4996390520681,,,2.340642366351574,1.6444176006005309,0.06228929807005679,9.584284606166676,,,,,175.76014050416237,0.0023948573641985617,0.022952994569653176,,,,,,,11.279741155558595,0.10371848466800411,0.9994636916166916,1,570,1,exact,0.09426907921288426,379,,,,,,0.00027883300208486617,16006c6ed4c7b68359b9a4607a00ab56628068c3
dv3-train-nested-002974,3,train,nested,2974,,,,3:0:2:2974,,train,5,663.6037530056063,,,1.691357000311906,0.9094289997516768,0.15458923261297616,8.539430752059676,,,,,431.4244453625414,0.006001016551151949,0.05124526528052605,,,,,,,4.9077299718174485,0.2574079568945265,2.2131378315100285,1,695,1,exact,0.2128998658630525,788,,,,,,0.0004004580005130265,503653a5f5679d0d00496619ccde7d56e66abd73
dv3-train-nested-002975,3,train,nested,2975,,,,3:0:2:2975,,train,5,371.4453989011407,,,2.9059815060745677,0.05468810749003453,0.2582352946277466,4.9006709014219325,,,,,2337.27192478882,0.01339886798500536,0.0656634424461097,,,,,,,0.19561509657825144,0.4299899706119941,2.1506624555535367,2,360,1,exact,0.2940340358715315,8250,,,,,,0.001563207999424776,9ce7eb34f3513add8105b6b0ea23ea1c28732743
dv3-train-nested-002976,3,train,nested,2976,,,,3:0:2:2976,,train,5,188.04349165931472,,,3.70770581712969,0.05771155811462669,0.09838107700200166,3.2322487652800627,,,,,878.8003853968477,0.007174347676392315,0.023189276418708944,,,,,,,0.4894748502926984,0.163815238617354,0.5542533624537795,3,181,1,exact,0.11292281856786089,3621,,,,,,0.0004328340000938624,d2bb1850668bc569b01dd6270ad520e524df3d19
dv3-train-nested-002977,3,train,nested,2977,,,,3:0:2:2977,,train,5,242.48354791798477,,,1.7703044714815848,0.47699961557635445,0.06187094471647478,5.559747988979634,,,,,287.1549337284022,0.003973247405432945,0.022090254272074363,,,,,,,3.1085362715537483,0.10302188064076814,0.5819669262077007,1,238,1,exact,0.09693059240735147,534,,,,,,0.0001703750021988526,37d1e7ca7def23d94476313ced17e5734d618547
dv3-train-nested-002978,3,train,nested,2978,,,,3:0:2:2978,,train,5,292.4148819014032,,,3.508156140542265,0.4311076836965963,0.09261861926193962,5.195630143086036,,,,,193.34582267538323,0.005416248311067452,0.028140822987420887,,,,,,,2.9014383142527573,0.15422011709117397,0.8159770594893478,1,317,1,exact,0.1247993013626898,781,,,,,,0.0001812090013117995,046a91e6f72d6ab8ec84cac6d67301d4ee1c6f8b
dv3-train-nested-002979,3,train,nested,2979,,,,3:0:2:2979,,train,5,473.9256769760418,,,3.1435075980798834,3.451692852966647,0.17913937248835332,10.282079494569267,,,,,43.67808422425887,0.008228789049156344,0.08460906314746658,,,,,,,10.951562778960076,0.2982866212101499,3.081477782140923,1,474,1,exact,0.3452655027935385,152,,,,,,0.00013991699961479753,a1691f1a0dd6f1d3646e4938a01d91d98c2a48bc
dv3-train-nested-002980,3,train,nested,2980,,,,3:0:2:2980,,train,5,262.0820502470081,,,1.7382822659691621,3.1946361320430805,0.1775858065073596,6.2920223787192615,,,,,47.1949552603489,0.010969570236235295,0.06902078141132521,,,,,,,7.775931173664975,0.29569976416772187,1.8839009839240783,3,236,1,exact,0.2974854364546745,96,,,,,,0.00012179099940112792,379b6dcc5f05707f7ff01c0db3489bcc7be3bf9d
dv3-train-nested-002981,3,train,nested,2981,,,,3:0:2:2981,,train,5,267.62567107682713,,,1.779814994819697,0.06889814056436151,0.08323370346676158,7.526420596092873,,,,,2182.45554749651,0.0050878621287229996,0.03829339031570171,,,,,,,0.529719318805532,0.1385932072499696,1.0522776033891088,1,252,1,exact,0.16133559300053002,4289,,,,,,0.0005209580012888182,d85bfb5ece5ba0e07a6b62a9ffc00174eb9fe00a
dv3-train-nested-002982,3,train,nested,2982,,,,3:0:2:2982,,train,5,414.7512887836456,,,5.2065902756301154,0.6065432649362186,0.0556964997407417,3.7544080180854547,,,,,131.33260439128975,0.0027348532700515508,0.010267755045368768,,,,,,,9.603950281562035,0.09274075536899604,0.3603259370201708,1,412,1,exact,0.048356914678971276,697,,,,,,0.00016333399980794638,578676aca5a8d52210b46be48a7f92a20f8c4a44
dv3-train-nested-002983,3,train,nested,2983,,,,3:0:2:2983,,train,5,406.18109647402355,,,3.6828985366375138,2.2530599576945334,0.06686687757052213,5.2802381219044054,,,,,48.950508110969494,0.0033178075413166715,0.017518813860802215,,,,,,,15.923273288306886,0.11134065451011087,0.5983554365518547,1,442,1,exact,0.0774917384956788,227,,,,,,0.00013124999895808287,83b51c5593b3812e323c6e0f30bc1675ede404d0
dv3-train-nested-002984,3,train,nested,2984,,,,3:0:2:2984,,train,5,340.46280687688085,,,2.197991533450708,1.8993043411277817,0.15482786473752216,8.430566570684672,,,,,81.55471965779273,0.008391010929065345,0.07074097623282802,,,,,,,6.310434048056408,0.25780530544584873,2.1886812993182208,4,348,1,exact,0.29429316478194867,216,,,,,,0.00013641600162372924,96eca89432cd7fce25001a165040ef809e098e34
dv3-train-nested-002985,3,train,nested,2985,,,,3:0:2:2985,,train,5,338.96539765776896,,,1.6296786144756967,2.3804147383898937,0.1143716332955081,7.855036127165336,,,,,87.37773235824957,0.006212131490956705,0.048796517288166384,,,,,,,8.436844840910865,0.1904412613716251,1.5079965054964068,1,348,1,exact,0.20457807165220027,153,,,,,,0.00012674999743467197,5058244cf4ce6bcba54b080683ff9c9b976b7ff1
dv3-train-nested-002986,3,train,nested,2986,,,,3:0:2:2986,,train,5,113.48255351186198,,,3.8752352893725663,0.32620542326291596,0.20494477453201704,3.9457386646702846,,,,,89.77178198299356,0.019238548383376162,0.07591028420841732,,,,,,,0.8546085294462544,0.3412554341386109,1.3890753553175388,3,111,1,exact,0.35386007698074273,482,,,,,,0.0001600420000613667,273a36ef94a37fc7cc9713d0df4d9599833299aa
dv3-train-nested-002987,3,train,nested,2987,,,,3:0:2:2987,,train,5,323.38618241150016,,,4.572331560606004,4.670560077923574,0.07359416793617383,5.181018546880759,,,,,15.14309968082375,0.004092443287425961,0.021203024574211568,,,,,,,25.613683741751846,0.12254232773915102,0.6466120210429857,1,320,1,exact,0.09407426198474432,65,,,,,,0.00011000000085914508,9a95859d1a33a398620e4e80fd8d0fe918a02a55
dv3-train-nested-002988,3,train,nested,2988,,,,3:0:2:2988,,train,5,338.74580348222645,,,1.5806222258880311,0.08203416621934881,0.13063545492456435,8.456641027971166,,,,,2612.4685496538127,0.007097805595934398,0.06002359401114216,,,,,,,0.46295635155258197,0.21752230075625925,1.8523243996368435,1,339,1,exact,0.24962559166557616,4726,,,,,,0.0007369169979938306,f5418e3755619a92fdb95ef33a2e7c7cc67910fa
dv3-train-nested-002989,3,train,nested,2989,,,,3:0:2:2989,,train,5,220.83593422686025,,,2.3740834520249217,0.17892240158587905,0.0544288451770748,5.048516207014355,,,,,519.8871020267287,0.0036626401220143387,0.018490898016450423,,,,,,,1.5656512004124385,0.09062997206432408,0.4664364284698359,2,235,1,exact,0.08238937354812159,1353,,,,,,0.00021537499924306758,816579ec1e6f69ed8fda7555306888c1d8cdd285
dv3-train-nested-002990,3,train,nested,2990,,,,3:0:2:2990,,train,5,128.39189416147505,,,3.277298091646355,0.21884940283078994,0.16839812001420273,3.823852505884675,,,,,179.00958883540858,0.014861698131467548,0.05682894164171378,,,,,,,0.715367864553996,0.2804012626562237,1.1082715088934072,6,153,1,exact,0.266618671169326,740,,,,,,0.00017712500266497955,2c478b614debe8f4c224f43980d9486a62bffd40
dv3-train-nested-002991,3,train,nested,2991,,,,3:0:2:2991,,train,5,235.48577192043453,,,3.2228460808479262,0.24292946220072614,0.23269744639335627,3.0081125816111927,,,,,300.77720463481387,0.015163843071618081,0.045614547129312066,,,,,,,0.9755878406187661,0.38746666399881985,1.2282596261713632,2,251,1,exact,0.2260358351167172,1273,,,,,,0.00021716600167565048,5b14718a7dd7a27a0b52ee6b399572a6826583d1
dv3-train-nested-002992,3,train,nested,2992,,,,3:0:2:2992,,train,5,203.7379585321851,,,4.430994673888783,0.07270957382719771,0.05338704722653003,8.488503258299628,,,,,632.3814514808039,0.0037402439241829627,0.03174907273726247,,,,,,,0.682043027677766,0.08889526468908271,0.7598059169418337,1,216,1,exact,0.13198535372147252,2932,,,,,,0.0003159160005452577,024d9474d1d244aaa3a693b3d9716e4511e431af
dv3-train-nested-002993,3,train,nested,2993,,,,3:0:2:2993,,train,5,474.0665565584624,,,2.814724839513782,1.3130398609810283,0.08976533589242415,3.3439293997377204,,,,,128.27010861638598,0.0041227689916505696,0.013786248439507376,,,,,,,10.89097962993485,0.14946908863871464,0.5216848884870933,1,409,1,exact,0.06660393106478954,341,,,,,,0.00013904200022807345,c7b6af02b07977f44c7f0ead06df701ddb60e2bd
dv3-train-nested-002994,3,train,nested,2994,,,,3:0:2:2994,,train,5,220.36867971388156,,,4.274636897274423,0.9537329788167408,0.06002624608361795,4.001876100517521,,,,,54.05350240177669,0.004043581952220009,0.016181913975073233,,,,,,,7.956908481562099,0.09995025593480564,0.4122873829813867,1,209,1,exact,0.07521895278012028,221,,,,,,0.00012079100270057097,8f1410dfaa6d776d55c88bbbe49fbcf0948e8d6c
dv3-train-nested-002995,3,train,nested,2995,,,,3:0:2:2995,,train,5,379.58649659745856,,,3.9080606679518435,0.11024469408531555,0.20288040722290313,3.782054603904745,,,,,881.0321582980127,0.010413212492091631,0.03938333824715356,,,,,,,0.6147443688685625,0.33781803709395897,1.3215524954378222,1,375,1,exact,0.1851941931180831,3985,,,,,,0.0004314580000936985,ce2983cc50687a30820a60fe6d600e617557c660
dv3-train-nested-002996,3,train,nested,2996,,,,3:0:2:2996,,train,5,197.92629236009998,,,2.522353021063423,0.46661492959810663,0.1379106961243657,3.989381565502927,,,,,168.16630820584535,0.009802711154694091,0.03910675517248652,,,,,,,1.9549147934226379,0.2296363719726174,0.944449627405611,1,181,1,exact,0.18189511156562418,466,,,,,,0.00014520799959427677,aded2ff1545dc2bd94837a3f476f5fb7ec6a2046
dv3-train-nested-002997,3,train,nested,2997,,,,3:0:2:2997,,train,5,249.9906984286204,,,1.623074793496955,0.18059199368815707,0.11977517407010403,3.1210710124807344,,,,,852.8778277224498,0.007575388071429986,0.023643324118032463,,,,,,,1.0897597247547954,0.19943874694856203,0.6536324407227936,1,228,1,exact,0.11610290528730705,1575,,,,,,0.0002450840001984034,f8426662a689692f77df54b5e510ace212962c15
dv3-train-nested-002998,3,train,nested,2998,,,,3:0:2:2998,,train,5,229.30899315392202,,,4.075963446126316,0.0562261749622073,0.14869553016158185,3.1263016868300144,,,,,1000.5810354879864,0.009819454677599402,0.030698577722329885,,,,,,,0.3914522209909183,0.24759429858912696,0.8126889099612378,3,225,1,exact,0.1506872304535644,4792,,,,,,0.0004414159993757494,6a8f10dd0d3dd2e4855292874339219a47b8e596
dv3-train-nested-002999,3,train,nested,2999,,,,3:0:2:2999,,train,5,252.91724018744927,,,3.5192175050636525,0.09152832959291377,0.2730375597332925,3.554878211263012,,,,,785.1936676323882,0.017168532570067674,0.06103204235269293,,,,,,,0.31246400471580327,0.454637358750396,1.678908676701783,1,256,1,exact,0.2908292273098588,3491,,,,,,0.0004534170002443716,98112a7686a6ab92c5ee3451c79b76132975efef
