case_id,dv,set,family,index,cell_id,level_id,rep,spawn_key,r_seed,split,shard,nbar,mu,s,mu1,mu2,s2,rho,tau,gamma,sigma2,sp,kappa,sigma,sigma1,lam_p,R,beta,mu_log,s_abs,grid_M,delta_tilde,tau_K,tau_K2,prior_tries,n,pattern_tries,sampler,buffer,n_parents,pad_P,min_eig,cftp_start,mh_steps,burnin,wall_s,sha1
dv3-train-nested-005000,3,train,nested,5000,,,,3:0:2:5000,,train,10,350.3568182892007,,,5.519411062885299,0.3263361935139385,0.20499603276635103,6.797277029709182,,,,,194.5147729143,0.010951917647946945,0.07444321825965639,,,,,,,1.343918276571103,0.3413407846973201,2.3451621068018924,1,359,1,exact,0.3175859182181051,1266,,,,,,0.0003457079983490985,b92d812f2b2dc7ea6ae00027be692986f98cd746
dv3-train-nested-005001,3,train,nested,5001,,,,3:0:2:5001,,train,10,728.9555414433845,,,2.6047989681623505,0.31075289895338554,0.07486935545321903,6.088987500572522,,,,,900.5579030246608,0.0027730236495078545,0.016884906340645323,,,,,,,3.58104366901263,0.12466565423396445,0.769256475812835,2,707,1,exact,0.07310816570331329,2376,,,,,,0.00031416600177180953,7c8b3e3319233b095d07e05f2477ef74d667376c
dv3-train-nested-005002,3,train,nested,5002,,,,3:0:2:5002,,train,10,319.32653893133767,,,1.6779470116888429,2.5778200912086926,0.19408308698364818,4.9015095841859235,,,,,73.82512103081501,0.010861009268536085,0.05323534102366177,,,,,,,7.177860422553323,0.3231695380319137,1.616648829331547,2,370,1,exact,0.23837538339422587,160,,,,,,0.00013354100155993365,09b38e9061e9186f4d2f72b3483df0b11a0bff3d
dv3-train-nested-005003,3,train,nested,5003,,,,3:0:2:5003,,train,10,275.6111180217365,,,3.487166428864993,0.04556634199919031,0.17265330062991344,8.130530056275397,,,,,1734.5223182814582,0.010399836671665748,0.08455618463933345,,,,,,,0.1927426901292135,0.2874866031420613,2.355031558126437,1,284,1,exact,0.3531430086488869,6786,,,,,,0.0011552089999895543,428fe290e354a5fb31a78b905193bc7dee183a29
dv3-train-nested-005004,3,train,nested,5004,,,,3:0:2:5004,,train,10,104.56214672770783,,,1.7965862985836765,2.279808235007914,0.056358724642742886,3.4430096175565996,,,,,25.52866413826674,0.005511552026072719,0.018976326633431934,,,,,,,7.04344265465632,0.09384343216056512,0.3364560607896555,2,65,1,exact,0.09107082442853615,33,,,,,,0.00017025000124704093,48fa9feb835f41c0ff8e01e3bc7f45cc546f0cc5
dv3-train-nested-005005,3,train,nested,5005,,,,3:0:2:5005,,train,10,213.68008285870553,,,2.7665101422580776,0.3915821267643058,0.19324195466842695,5.041779233440893,,,,,197.24632296458162,0.013219633046485348,0.0666504713674788,,,,,,,1.2464742320895497,0.3217689608566513,1.6538905131251036,2,214,1,exact,0.29703823501059917,665,,,,,,0.00021745899721281603,574cf21f02dcb9c883e6e7518b1185d7120d6ef1
dv3-train-nested-005006,3,train,nested,5006,,,,3:0:2:5006,,train,10,157.0537256524369,,,4.305399142898077,0.27631810000829343,0.1271288201667079,4.433980531595367,,,,,132.01567154691247,0.010144248860617345,0.04497940195563579,,,,,,,1.2622247622094238,0.21168337088166075,0.9621744680265423,1,184,1,exact,0.2050057661241479,675,,,,,,0.0001865839985839557,893769a2473a2b0fcc4b79c6fb7dc80bc90b825c
dv3-train-nested-005007,3,train,nested,5007,,,,3:0:2:5007,,train,10,579.9847237792546,,,4.248787941491845,0.04670440419777001,0.26045013489389374,5.9199717882764835,,,,,2922.763416683806,0.010814745637125544,0.06402298906916941,,,,,,,0.21305724522552177,0.4336779215651112,2.6037318134732956,1,584,1,exact,0.27832276910686965,14474,,,,,,0.0025593329992261715,7f79c61c96a5abaae328b4c71b63f97594a56f38
dv3-train-nested-005008,3,train,nested,5008,,,,3:0:2:5008,,train,10,114.84253429708589,,,1.6836435208706755,1.6832586844964668,0.08207814462576318,4.925681348973732,,,,,40.52301595255712,0.0076590719048539235,0.037726147632187686,,,,,,,4.417898396827094,0.1366690755668951,0.6869213533514689,2,130,1,exact,0.16878837965428298,81,,,,,,0.0002055000004475005,ab76b0c57c3ce030366f27f8c7358bd1c57c22a2
dv3-train-nested-005009,3,train,nested,5009,,,,3:0:2:5009,,train,10,488.3290958568022,,,5.158714203051106,0.4889594156446674,0.1800362223516376,4.993140873645947,,,,,193.59686467984915,0.008147110204757679,0.040679668965473564,,,,,,,2.971199907908531,0.2997799741885369,1.5265676932854433,2,473,1,exact,0.18158759666579402,1107,,,,,,0.0002552500009187497,2d6b921b81ca7e2d1656aa757cb98c287a55ac93
dv3-train-nested-005010,3,train,nested,5010,,,,3:0:2:5010,,train,10,363.3259404416454,,,4.731511668003372,1.7751972951629165,0.2850097237238471,5.953354696058495,,,,,43.256349289966494,0.014952419534974608,0.08901705705597786,,,,,,,4.864399758405704,0.47457231942214073,2.8648776557168643,1,403,1,exact,0.3866641974259507,276,,,,,,0.0001682499969319906,05d8431123b0b89ddbd97f22f8b7139040ec9ba5
dv3-train-nested-005011,3,train,nested,5011,,,,3:0:2:5011,,train,10,577.3722882856385,,,2.7744324873613446,0.9630708612426194,0.11318139295258495,5.505621291872647,,,,,216.08445808996498,0.004710283715218943,0.025933038313270408,,,,,,,6.418130394971266,0.1884593811998519,1.054562282638263,1,541,1,exact,0.1139630197930791,605,,,,,,0.00018229199849884026,8ece144138bac53b2a1906ee11ecc7a9231fbc87
dv3-train-nested-005012,3,train,nested,5012,,,,3:0:2:5012,,train,10,616.2373677885156,,,4.953410269730179,0.06190181837472096,0.1279026751331366,11.473625520544418,,,,,2009.7420663086546,0.005152353037787238,0.059116169305210214,,,,,,,0.499081537566453,0.21297192392299574,2.4528234771250434,1,653,1,exact,0.23901569408948425,11617,,,,,,0.0012134999997215346,93c6bdf3373d4da0a6b086fc0bd9a8bf616915b2
dv3-train-nested-005013,3,train,nested,5013,,,,3:0:2:5013,,train,10,484.69935132667325,,,1.7245261506476477,1.4549174841216925,0.21523856940217684,4.39815922864829,,,,,193.18094721376775,0.00977651064676122,0.04299865052503112,,,,,,,5.493486691471523,0.3583957269095369,1.6165119182240277,1,554,1,exact,0.19627169442047623,404,,,,,,0.00016933400183916092,f8c88044327f818c510fc6d9ba2ffaee4368ffa8
dv3-train-nested-005014,3,train,nested,5014,,,,3:0:2:5014,,train,10,772.9151747142913,,,2.0648117292000787,0.3216679836719995,0.07417082188700326,3.7132420405345297,,,,,1163.7067102965837,0.00266788542535947,0.00990650432077413,,,,,,,4.314613567005031,0.1235025195507617,0.47493369533082286,2,761,1,exact,0.04676436276041573,2506,,,,,,0.00034100000266334973,ac09f850521a0bbbfb62246e236e13af8ffcfcb6
dv3-train-nested-005015,3,train,nested,5015,,,,3:0:2:5015,,train,10,490.6595896739693,,,3.8403287387550358,0.06613032727791918,0.11498630855841657,6.16201370172475,,,,,1932.0182166023417,0.005191059254397409,0.0319873782520619,,,,,,,0.5871096448760462,0.1914647628206231,1.1952434199597026,3,496,1,exact,0.13826722199000596,7789,,,,,,0.0007252499999594875,73c1f513de49ffe2a70c3098040d378481c0c720
dv3-train-nested-005016,3,train,nested,5016,,,,3:0:2:5016,,train,10,172.9169546433919,,,4.543726541592756,0.5593852622047845,0.057249736101004034,3.030360335593966,,,,,68.03217758709452,0.004353661907090718,0.013193164357834092,,,,,,,5.607550803398495,0.09532706355690444,0.3041976630736478,2,167,1,exact,0.06525693614668208,322,,,,,,0.0001249999986612238,4d3fe0bc51a60d98eb1934151b6fc67468a74ff5
dv3-train-nested-005017,3,train,nested,5017,,,,3:0:2:5017,,train,10,214.02207111284133,,,1.754175892800622,4.168222416311015,0.08517095930439397,9.68080111577393,,,,,29.270796426899793,0.005821866702765541,0.056360333672019744,,,,,,,10.314608956378214,0.14181894981119564,1.3802263645455255,1,210,1,exact,0.23125662829573487,55,,,,,,0.00011262500265729614,da250e8b9b8d35d36256b9294a8fbfdad6ee990e
dv3-train-nested-005018,3,train,nested,5018,,,,3:0:2:5018,,train,10,219.5418200048307,,,5.728509933227876,0.04954964463304933,0.13171230956273633,9.421102135628972,,,,,773.4549898447974,0.00888930351702426,0.08374703634849139,,,,,,,0.24076797976829856,0.2193153813453725,2.077799588042157,1,190,1,exact,0.34451607511212795,4912,,,,,,0.0006754589994670823,c940afda4843706a81e6608a7ff409f5b230a3ea
dv3-train-nested-005019,3,train,nested,5019,,,,3:0:2:5019,,train,10,419.34740621762546,,,2.8235741692992433,2.035948704076092,0.19466443314230295,5.736450454418315,,,,,72.9470828560847,0.009506039813446547,0.05453092640756404,,,,,,,7.099463142312878,0.3241375428820473,1.8874399649140645,1,316,1,exact,0.2381545330545069,182,,,,,,0.00014229199950932525,4a2d5e377b69e298b2973f611d7400c6b7a5ae7e
dv3-train-nested-005020,3,train,nested,5020,,,,3:0:2:5020,,train,10,132.198409827187,,,3.460841089072609,0.28937196464716575,0.09225725869749733,9.188177531534656,,,,,132.0043126294519,0.008023935526054415,0.07372534411497589,,,,,,,1.1381386597988508,0.15361841228274004,1.4198082038041646,2,141,1,exact,0.30402691865911813,475,,,,,,0.0001939590001711622,b4429669504726dece9b2bd0fe2c15c7ea0fb882
dv3-train-nested-005021,3,train,nested,5021,,,,3:0:2:5021,,train,10,162.6640737610531,,,4.416083763980314,0.15197159747034983,0.10036955581411577,7.840149525609728,,,,,242.37728336696134,0.007869663811561296,0.06169934099892035,,,,,,,0.7323672305021134,0.16712627302578398,1.3209103300430936,1,183,1,exact,0.25872827576692675,1379,,,,,,0.0010377500002505258,f52aee3ddaf03947f1fa1106f8e1cf5cdbf80a58
dv3-train-nested-005022,3,train,nested,5022,,,,3:0:2:5022,,train,10,257.56085401288334,,,4.6799825804615045,0.3712381002550057,0.050861760439797246,3.360892716795864,,,,,148.2460321913675,0.003169213226706958,0.010651385651612536,,,,,,,5.447018718998745,0.08469038637150274,0.29696753544597315,1,266,1,exact,0.05139903506734048,712,,,,,,0.0005750420023105107,c114e713ebec95bf4a90dab0382252246940e399
dv3-train-nested-005023,3,train,nested,5023,,,,3:0:2:5023,,train,10,224.43171611724827,,,3.4820853810641914,0.04138013636948782,0.17122445003489367,4.609189762547656,,,,,1557.589091249244,0.011429406121624273,0.05268030168779011,,,,,,,0.18306353062165978,0.28510741083898306,1.3446866769985508,1,233,1,exact,0.23842506022095886,6604,,,,,,0.0008627499992144294,3b87b721310e013cd82ca0b12e38349dbd366f5f
dv3-train-nested-005024,3,train,nested,5024,,,,3:0:2:5024,,train,10,329.12655114088636,,,2.7401646247236155,3.742215038893635,0.06346730480980704,3.827607126971383,,,,,32.09648869220392,0.003498393009973107,0.013390474017919932,,,,,,,20.278967478066637,0.10567999455431196,0.418078611055104,1,245,1,exact,0.06280997489740309,72,,,,,,0.000121749999379972,738c4c174a0439d12fd815915d4c0a68bfb22aed
dv3-train-nested-005025,3,train,nested,5025,,,,3:0:2:5025,,train,10,716.1997823422773,,,2.690352159767154,0.13542075646121726,0.09977859064925748,3.046043893929583,,,,,1965.8022036064754,0.003728380887218424,0.011356811835755442,,,,,,,1.9682259138424563,0.16614225147971132,0.5326506954131235,2,731,1,exact,0.05610208042301587,5523,,,,,,0.0005483329987328034,0c56981464df57b72d5a46b2d6ce74dcd776ded2
dv3-train-nested-005026,3,train,nested,5026,,,,3:0:2:5026,,train,10,196.3229641821398,,,4.752055538881966,0.08319523741232498,0.2825668326107945,4.579183948964861,,,,,496.5821785715659,0.020166736888406773,0.09234719786238986,,,,,,,0.2262557603186004,0.47050463890068456,2.2053032580952405,1,174,1,exact,0.41844117818169746,2919,,,,,,0.0008286669981316663,08b0d50c47a359a8c289873a566a3d3cf36c8ae9
dv3-train-nested-005027,3,train,nested,5027,,,,3:0:2:5027,,train,10,202.8090961621528,,,2.0394349102525196,0.8086743150639856,0.10704016791033183,5.766957857233366,,,,,122.97134724809736,0.007516282018430285,0.043346081643368395,,,,,,,3.177655870931038,0.17823357074568197,1.0432040422715199,8,184,1,exact,0.18915796894747125,247,,,,,,0.0003147079987684265,0307835436ecd9e89624b59d36b2ef79f2d38bee
dv3-train-nested-005028,3,train,nested,5028,,,,3:0:2:5028,,train,10,314.5356272625033,,,4.144761105343478,2.4191239418874924,0.19514683907043237,5.674369229365705,,,,,31.36983405634853,0.011003392343088194,0.06243731093025785,,,,,,,7.435056624115571,0.32494080144187526,1.8722474883672076,1,341,1,exact,0.2731271861770329,159,,,,,,0.00029070799791952595,f72c08a7be4e19a609fe10b557e1ae695ca892c2
dv3-train-nested-005029,3,train,nested,5029,,,,3:0:2:5029,,train,10,187.00371880459315,,,3.436758531316128,0.27034334330621546,0.0953944602198565,5.459393816615301,,,,,201.2730108777735,0.006975864454365324,0.03808399126770852,,,,,,,1.4680129379419657,0.15884219546988218,0.8816096853007243,1,212,1,exact,0.1675783462626471,783,,,,,,0.00036041700150235556,0868055e8d11623bfbbeaa1ab0968f3e2747ebda
dv3-train-nested-005030,3,train,nested,5030,,,,3:0:2:5030,,train,10,707.5175756611636,,,2.594729211618863,0.3959668470107631,0.16537958078731685,7.580094280721005,,,,,688.6306778188397,0.006217463871355931,0.047128962331854575,,,,,,,2.4825605465033567,0.27537506515161525,2.1054549595484047,1,755,1,exact,0.19839623848988477,2018,,,,,,0.0007233329997688998,8fc266cc4d4a9d93345738276c38f117ad97caf1
dv3-train-nested-005031,3,train,nested,5031,,,,3:0:2:5031,,train,10,130.45068427298904,,,5.198871532462247,0.06540895858708415,0.12497845348784231,5.401769302204853,,,,,383.6189401184644,0.010942384357419318,0.059108235914834245,,,,,,,0.2890125608506196,0.20810277549332193,1.1432233809678043,2,115,1,exact,0.2605194116089069,2236,,,,,,0.000574500001675915,bfc7cf00451807d07c1201c4afbf0cf3a31d16da
dv3-train-nested-005032,3,train,nested,5032,,,,3:0:2:5032,,train,10,255.48790821602645,,,4.3709600913741244,0.08282616577236776,0.25044109650864693,5.32971262034966,,,,,705.7094810026072,0.01566824743278147,0.08350725608125657,,,,,,,0.26897322542473784,0.41701177944332796,2.26133597943633,2,266,1,exact,0.36883533252207523,3832,,,,,,0.0009594589973858092,4ead4cd47fa64576b20e3b19b62b3b61e1eff805
dv3-train-nested-005033,3,train,nested,5033,,,,3:0:2:5033,,train,10,169.45447329106125,,,1.6020227722021714,0.17464325027284558,0.1360949338480018,6.668212860314707,,,,,605.6650974460357,0.010454793035307327,0.06971478536996495,,,,,,,0.628405524966911,0.22661292946071146,1.5280008028799967,4,179,1,exact,0.2981519837212393,1088,,,,,,0.0004468749975785613,c696594f65c21544058d00ee0dbde734b537187b
dv3-train-nested-005034,3,train,nested,5034,,,,3:0:2:5034,,train,10,509.68780343862534,,,2.491237785177268,0.25919799960279755,0.31913539203466973,3.0997474972636816,,,,,789.3278265642145,0.014135879987087582,0.0438176586115945,,,,,,,1.0313741859837595,0.5313952844441677,1.7307858930597573,1,491,1,exact,0.21553016543899078,2473,,,,,,0.0006073340009606909,e7dbab86f677a9dd8b026bae6df88ba1c2ca54f2
dv3-train-nested-005035,3,train,nested,5035,,,,3:0:2:5035,,train,10,396.7576910257064,,,3.753033228823151,0.27979804490478266,0.09016427717167146,3.2824942828476322,,,,,377.83159273708304,0.004526596969178816,0.014858528672084884,,,,,,,3.290484544100114,0.1501333694419516,0.5151733920471319,1,343,1,exact,0.07209360183248932,1493,,,,,,0.0003762920023291372,cff3c1fa877604f2d7fe06fd99927d1bccfe7a14
dv3-train-nested-005036,3,train,nested,5036,,,,3:0:2:5036,,train,10,271.90382110298805,,,5.08134814580175,2.2848027789478738,0.11688188608944457,9.633231823514354,,,,,23.420040466435328,0.007088258635513224,0.06828283866092642,,,,,,,7.71141948662641,0.19462110644915168,1.8849047163042576,2,320,1,exact,0.2803063533723431,153,,,,,,0.00023345900262938812,03db30612684561776a6046b790f25f38d16c391
dv3-train-nested-005037,3,train,nested,5037,,,,3:0:2:5037,,train,10,133.91855670044143,,,2.577575796549542,0.21033035446514683,0.11029395964887817,3.7280620560262814,,,,,247.01729482049592,0.009530843723348247,0.03553157684693084,,,,,,,0.9514955038753197,0.18365148937702913,0.7088673123968745,1,175,1,exact,0.1675878849754051,769,,,,,,0.00030883400177117437,3ef0fb9c695ed3881304aba1fd03819b9d97bed5
dv3-train-nested-005038,3,train,nested,5038,,,,3:0:2:5038,,train,10,467.5321211782421,,,4.585955345981086,2.454603786363132,0.12103058651573165,10.569894283686217,,,,,41.53366277659132,0.005597439535562925,0.05916434415022579,,,,,,,10.30850686377422,0.2015291457895861,2.139653696323427,1,459,1,exact,0.24085014115496298,198,,,,,,0.00025270799960708246,e65c3dd6e553422d3a6076c075102b02ecef34cd
dv3-train-nested-005039,3,train,nested,5039,,,,3:0:2:5039,,train,10,580.7434155801532,,,2.736435632118428,0.04466127792663888,0.07235059682676198,10.42403955470482,,,,,4751.906775304988,0.0030022715494644496,0.03129579738558235,,,,,,,0.5386380540124875,0.12047164601626435,1.2615665181386069,1,601,1,exact,0.12755508378873442,13426,,,,,,0.0021647920002578758,c398f0714bff049ef37f002894076985db695798
dv3-train-nested-005040,3,train,nested,5040,,,,3:0:2:5040,,train,10,303.0102002363263,,,3.824267033217603,1.2314697898032139,0.06104443435723479,5.949290026839392,,,,,64.34062516950814,0.003506852096721953,0.020863280204628725,,,,,,,8.67520887551218,0.10164565061925843,0.6132026240574501,2,242,1,exact,0.09063292378145915,199,,,,,,0.0002734160007094033,0f5b5fb41c9441fa893fcdf6cea4bda62aa6e904
dv3-train-nested-005041,3,train,nested,5041,,,,3:0:2:5041,,train,10,261.5611893642575,,,2.348365106487229,3.594845123081178,0.16599763935183282,3.3042173060886704,,,,,30.983287746245793,0.010263967311585699,0.03391437842006987,,,,,,,11.318679832164166,0.2764042001673218,0.9542092719534636,1,289,1,exact,0.16429999607618764,86,,,,,,0.0002317079997737892,8e6617356aae6fc272dbb067fb4e848080b93133
dv3-train-nested-005042,3,train,nested,5042,,,,3:0:2:5042,,train,10,793.8060445515017,,,2.707047954510518,0.031212435083936143,0.19926636866891945,8.932255879911153,,,,,9394.870546122102,0.00707256269094076,0.06317393968219585,,,,,,,0.19145765024067496,0.3318002681679173,2.982240211468332,1,786,1,exact,0.26124790037129664,28199,,,,,,0.005045083002187312,cf6f5c2d1510cf8f1f1748f7790cd85d7591d972
dv3-train-nested-005043,3,train,nested,5043,,,,3:0:2:5043,,train,10,347.4247164624709,,,3.5238643086963224,0.4031563637831549,0.08271026228603154,5.6677333299696695,,,,,244.55019605067002,0.004437404731977649,0.025150026697994852,,,,,,,3.065339669828542,0.13772162051259634,0.7926259284048454,1,308,1,exact,0.11003614525035726,848,,,,,,0.0006534579988510814,73b6c491601177a4acf7b4a726235d9b6d6fae62
dv3-train-nested-005044,3,train,nested,5044,,,,3:0:2:5044,,train,10,569.5774956417741,,,4.574097273708343,0.4403942633333527,0.05216215378474226,10.50163749018499,,,,,282.7520565853185,0.002185642386027793,0.022952824021246845,,,,,,,4.52981293280796,0.08685568332280824,0.916252908223253,3,565,1,exact,0.09349037098772821,1321,,,,,,0.0004577079998853151,57a3e00db926db67d0bdf1da530d8be75f6eeda9
dv3-train-nested-005045,3,train,nested,5045,,,,3:0:2:5045,,train,10,590.0475414458796,,,2.2110451188918336,7.100961953238175,0.10429910530593184,10.577360914201973,,,,,37.58133595242489,0.004293753223365073,0.04541657752005046,,,,,,,23.32638914368033,0.1736694021241517,1.845155169684807,1,647,1,exact,0.18487353953221672,90,,,,,,0.0002764999990176875,069a87b23366c87a95dc510a05000a9d08f98f6d
dv3-train-nested-005046,3,train,nested,5046,,,,3:0:2:5046,,train,10,170.0480287489204,,,4.70308243001706,0.8809363662529375,0.12244411050263093,4.459165242154427,,,,,41.043507964605624,0.009389708278451247,0.04187026078923948,,,,,,,4.11524026178472,0.20388281761613614,0.9317278502453734,1,157,1,exact,0.19063667000669005,224,,,,,,0.00020729199968627654,6a366fed15607f3d9247367ecff30e4c26b8de84
dv3-train-nested-005047,3,train,nested,5047,,,,3:0:2:5047,,train,10,113.4393236979879,,,2.8962083585871405,0.09446720901306412,0.07751822294258062,3.0183301394400726,,,,,414.62238125650015,0.007278166622759968,0.021967909677343175,,,,,,,0.6608432004466591,0.12907630791919186,0.41042037904821627,6,122,1,exact,0.10876663989497826,1337,,,,,,0.00021233300140011124,7a0af1221e47071a4bf79c527ac112c25715af7d
dv3-train-nested-005048,3,train,nested,5048,,,,3:0:2:5048,,train,10,109.07760846881698,,,2.3126447031028627,0.6913213291993239,0.11503592175333639,5.860199288253493,,,,,68.22550122182274,0.011014522464042912,0.06454729670423638,,,,,,,1.904441258338891,0.19154737420903264,1.1387315909311846,4,88,1,exact,0.2810156511578517,172,,,,,,0.0001266250001208391,9e24478ceabd5f00de8bba2204c7fd25fba9e16e
dv3-train-nested-005049,3,train,nested,5049,,,,3:0:2:5049,,train,10,204.40591435046903,,,3.5404021806834023,1.5725370513973846,0.1310930897410018,7.614344912512651,,,,,36.71469892791536,0.009169234307031305,0.06981771259738029,,,,,,,4.751050328230864,0.21828431270956186,1.6763645219412002,1,210,1,exact,0.29375375767331924,165,,,,,,0.00012520800009951927,2645cd745a4edb9eafd92c24f15e3237ba6b9f7c
dv3-train-nested-005050,3,train,nested,5050,,,,3:0:2:5050,,train,10,775.8404598110153,,,5.945394541193563,0.4742008952961546,0.054613239462372454,3.133790740978866,,,,,275.1879256294774,0.0019607026057802098,0.006144431671807157,,,,,,,13.186334958705018,0.09093700868931545,0.2991349977577832,1,788,1,exact,0.030143127995179334,1766,,,,,,0.0002474169996276032,b4d899b707a646a5401a6909b406a2181717245e
dv3-train-nested-005051,3,train,nested,5051,,,,3:0:2:5051,,train,10,214.21157034341616,,,5.932418924352867,0.9906830131518334,0.11505131666585794,7.944770843568962,,,,,36.44822613909304,0.00786086124945023,0.06245274125997327,,,,,,,4.07610609568051,0.191573008419849,1.5340128204711905,4,156,1,exact,0.2614974468843239,170,,,,,,0.00012966700160177425,d065796ec02abe94b6c9e5a6736826014fbd57a3
dv3-train-nested-005052,3,train,nested,5052,,,,3:0:2:5052,,train,10,479.7444824391678,,,2.0840310042238874,7.424457847383397,0.05988929196851564,10.013788607216771,,,,,31.005666187678433,0.0027342875464809145,0.02738057748180528,,,,,,,24.619041610016318,0.09972221237471474,1.0035640467583948,1,342,1,exact,0.11199767949746911,50,,,,,,0.00011495800208649598,720a62b05013b14bbb3fc5a583deba36f0e2bc84
dv3-train-nested-005053,3,train,nested,5053,,,,3:0:2:5053,,train,10,367.88361421984337,,,2.763363700490042,0.3311500582812708,0.2188557359535802,4.849936618205392,,,,,402.0199083913778,0.011410448395799301,0.055339951504930006,,,,,,,1.2961683930984662,0.36441870429292944,1.8045860138259082,1,359,1,exact,0.2482458376415715,1279,,,,,,0.0002557499974500388,1acf34bdddf5fe4861b95f37d3e8e7c2ed8fc70d
dv3-train-nested-005054,3,train,nested,5054,,,,3:0:2:5054,,train,10,304.7151716018805,,,1.8027818600312369,0.43037058244531734,0.20556343876295224,4.893813439372068,,,,,392.74288016729065,0.011776028149508577,0.05762968482048886,,,,,,,1.5064776933952293,0.3422855776550578,1.709695387915948,1,288,1,exact,0.2581209907202256,877,,,,,,0.0002182079988415353,8adfdb354f02d15b0b4af558808c81e0c7af7c74
dv3-train-nested-005055,3,train,nested,5055,,,,3:0:2:5055,,train,10,112.35826433460679,,,3.0909331788115324,0.33550939742215713,0.06600815370796666,4.017517520307051,,,,,108.34545964551245,0.006227232409409141,0.025018015307825114,,,,,,,1.891156758861916,0.10991078548714744,0.4550418954119561,1,102,1,exact,0.11620159135254066,354,,,,,,0.00012558299931697547,c36e2761c60eb33b7de68bbe774a8ca2ac79cfb5
dv3-train-nested-005056,3,train,nested,5056,,,,3:0:2:5056,,train,10,158.17719437877088,,,2.303298261349794,0.030138012497507527,0.10055934046071574,9.628779126060637,,,,,2278.657644104178,0.007995589375451565,0.07698776407890023,,,,,,,0.14481446672153517,0.16744228519109147,1.620936347055965,1,149,1,exact,0.3160544924860413,5800,,,,,,0.0008595839972258545,f65b762837632dc5fd3dc03fbd99fcb7080eac2a
dv3-train-nested-005057,3,train,nested,5057,,,,3:0:2:5057,,train,10,508.1506448848174,,,3.7667132820390634,0.2733762882590849,0.11361832724079893,4.1207632255422135,,,,,493.4794533718959,0.005040250837985255,0.020769680300677967,,,,,,,2.618294762950434,0.1891869245127028,0.802221484394896,1,501,1,exact,0.09598755939316442,2009,,,,,,0.0002716670023801271,6e0c7ac8e4f89477425f4787a14cbf777a494145
dv3-train-nested-005058,3,train,nested,5058,,,,3:0:2:5058,,train,10,528.1163172709283,,,2.8967369315020717,4.569560019839714,0.08669791254761947,9.247558508908249,,,,,39.897542292937835,0.0037726268202085723,0.03488758725215525,,,,,,,18.101033297308017,0.1443614937385348,1.3427740582700385,1,603,1,exact,0.14377797346636675,131,,,,,,0.00012945900016347878,6f544c0302c040e140720858d18a673e04bec902
dv3-train-nested-005059,3,train,nested,5059,,,,3:0:2:5059,,train,10,225.8630756908015,,,3.9446613510185236,0.054558789233233956,0.16390678271154532,3.699310112949232,,,,,1049.4718378461662,0.010906221325072053,0.04034549484190162,,,,,,,0.29540761963902246,0.2729226954930397,1.04586367493875,2,224,1,exact,0.19060597733287052,4913,,,,,,0.0005041670010541566,f9b931c105ba3db2d78e15ace38c89cffac3a5ed
dv3-train-nested-005060,3,train,nested,5060,,,,3:0:2:5060,,train,10,139.32602246229436,,,3.6794208038381933,0.056465945992539006,0.22962528934344723,3.401558661593202,,,,,670.6040483486305,0.01945376194480074,0.06617311244390918,,,,,,,0.16834888238421425,0.38235118696261505,1.3556278091342586,2,131,1,exact,0.318447757449655,3418,,,,,,0.00044091699965065345,cf9c81881dd484d01884a420cd1704275be0c0ed
dv3-train-nested-005061,3,train,nested,5061,,,,3:0:2:5061,,train,10,278.295986216489,,,2.7493063829052935,0.21840228471310844,0.08544269142992264,9.199983621125591,,,,,463.4753329428884,0.0051217862367460626,0.04712034948897026,,,,,,,1.4714808715145562,0.14227141347941277,1.3166041250519362,1,284,1,exact,0.19428936399935215,1471,,,,,,0.0002436659997329116,ffe0623dd6033f6ac9ccc4d6f0b49ab451fec4c4
dv3-train-nested-005062,3,train,nested,5062,,,,3:0:2:5062,,train,10,504.0783396702402,,,4.35909238658952,0.045455851267556725,0.1507531743834245,6.115009872856,,,,,2543.971064182696,0.006714558280053289,0.04105959017439286,,,,,,,0.32841414981429373,0.2510205009591612,1.5553823696546247,1,498,1,exact,0.17767284568069225,12116,,,,,,0.0013400419993558899,26e7fc91e76ad24d6a3bbf6f0414c90b62ca2844
dv3-train-nested-005063,3,train,nested,5063,,,,3:0:2:5063,,train,10,724.0200569068841,,,2.899307683229129,12.255162002630263,0.05586494894050867,3.5583310282542806,,,,,20.37685871290811,0.0020761757185384136,0.007387720479383363,,,,,,,69.05902547129325,0.09302124168501966,0.34382291477606547,1,645,1,exact,0.03519638597671242,56,,,,,,0.00018304200057173148,82690e5049c434fe3ddb23d4e23789432bf7347e
dv3-train-nested-005064,3,train,nested,5064,,,,3:0:2:5064,,train,10,380.18863333141843,,,2.2664337366705167,2.018015316626796,0.2303777482299723,3.7073661418283463,,,,,83.12499727140958,0.011815196935567764,0.04380326107795796,,,,,,,6.653835372820265,0.38360411319398113,1.4729880326526508,2,424,1,exact,0.20684596224792678,244,,,,,,0.00015870800052653067,6c897e8fd3cda876cfa3f4e92f84c136ba9ab45c
dv3-train-nested-005065,3,train,nested,5065,,,,3:0:2:5065,,train,10,218.73674300010464,,,1.8267552816168644,0.40136841663478234,0.11186709212083895,5.566313848347747,,,,,298.3308560299369,0.00756382510994093,0.04210262445594462,,,,,,,1.8345089731288622,0.18627092676401483,1.0534415512335198,1,220,1,exact,0.18471034470958148,565,,,,,,0.00017983400175580755,cfca1b196e56f1fb80bdb1bccad241175e77c563
dv3-train-nested-005066,3,train,nested,5066,,,,3:0:2:5066,,train,10,615.3576253584135,,,1.644724769617789,0.06705030099748645,0.08075830182789051,6.99742448649571,,,,,5579.992585685215,0.0032555426161236904,0.022780413618894216,,,,,,,0.7742076496547563,0.13447139315215073,0.9505134889286851,1,620,1,exact,0.0968281504526342,9742,,,,,,0.0010203749989159405,000b7e3919ac1d54c1370f0a47298215bb61fade
dv3-train-nested-005067,3,train,nested,5067,,,,3:0:2:5067,,train,10,124.6734009279091,,,4.07264808822801,0.20131941650003882,0.11264125071068937,5.4138947867404,,,,,152.05869491465486,0.010088127458479411,0.05461606065543437,,,,,,,0.8267808053646147,0.18755998537150945,1.0326068408904445,3,123,1,exact,0.24063594227367086,722,,,,,,0.00017962499987334013,63d04c78ddfc62ff2ae41eea954a805f60a1ff98
dv3-train-nested-005068,3,train,nested,5068,,,,3:0:2:5068,,train,10,185.17780205766095,,,2.4034402645645776,0.37368970533775253,0.11038241640835096,10.241575371411747,,,,,206.17901411961165,0.008111579604719988,0.08307535390294607,,,,,,,1.5015047665580392,0.18379877954300342,1.8913409373947745,1,240,1,exact,0.339125708973161,631,,,,,,0.00019758299822569825,547c0cc90c47493e37e0c28dbe24f708f975e4cc
dv3-train-nested-005069,3,train,nested,5069,,,,3:0:2:5069,,train,10,120.58152471007126,,,2.496304289134362,0.31566025471094344,0.10895208926299843,4.3570568178881945,,,,,153.02533732157383,0.009921907574855568,0.04323031504548098,,,,,,,1.2071726546684516,0.18141712862234885,0.8109963360206505,1,117,1,exact,0.19767399216364193,375,,,,,,0.00023595799939357676,12948d066f5a4b38d622d0f1c3f341752025f05e
dv3-train-nested-005070,3,train,nested,5070,,,,3:0:2:5070,,train,10,128.1972278035402,,,2.690115877533583,2.4136686306384108,0.31373920400937205,3.4159889703641855,,,,,19.743766218014066,0.027709550029816607,0.09465551727560811,,,,,,,3.6881101593114773,0.5224100419978966,1.859440786445862,2,127,1,exact,0.45507770255276847,84,,,,,,0.00029912499667261727,546783dd6ebdb2f90f811b7c9622a01f1ba08a99
dv3-train-nested-005071,3,train,nested,5071,,,,3:0:2:5071,,train,10,211.2506716914662,,,3.332896884131725,0.26362536136872006,0.1692623462556605,3.97651120990172,,,,,240.43020854226333,0.01164558493995296,0.04630879905958559,,,,,,,1.1100935243167385,0.281840293741042,1.155635987802534,1,247,1,exact,0.2155333094987128,1018,,,,,,0.0003837910007860046,a5fd460d6b9b0db8bf2c4604923b09cc60d2c3cd
dv3-train-nested-005072,3,train,nested,5072,,,,3:0:2:5072,,train,10,162.3648200397384,,,4.02706372089805,0.5314175741826276,0.18132622404376889,5.21676514913655,,,,,75.86955230049502,0.014230319470381865,0.0742362346741674,,,,,,,1.5675425981740303,0.30192796790290716,1.6037644783495169,5,143,1,exact,0.3290085732750363,324,,,,,,0.000298250000923872,2db108f2d9af078fc0a47c5577983d22d22de50d
dv3-train-nested-005073,3,train,nested,5073,,,,3:0:2:5073,,train,10,730.4019361995025,,,1.5490337601250095,0.5164442809071784,0.46539436982687543,4.813522821446638,,,,,913.0142593638227,0.017220278350226298,0.08289020283047774,,,,,,,1.3181032221021696,0.774932457212392,3.809800144838202,1,726,1,exact,0.37231252987793895,1825,,,,,,0.0007807500005583279,fc2f36e4d1ef8e647f5faa80030f8f017bea9189
dv3-train-nested-005074,3,train,nested,5074,,,,3:0:2:5074,,train,10,549.1499132899901,,,5.6013959582670925,1.0196042970238126,0.09358113444926025,7.922381749796164,,,,,96.15303314097778,0.003993400297910821,0.03163724163979926,,,,,,,7.915168607074032,0.15582281000620019,1.2442832645274333,2,492,1,exact,0.13251094475371233,508,,,,,,0.0003260829980717972,ac02698f4cae3c9e4d7117d421acccb4fad46315
dv3-train-nested-005075,3,train,nested,5075,,,,3:0:2:5075,,train,10,373.64097565325574,,,3.866987543027876,0.5198205619595817,0.09094002797897888,6.299571639072351,,,,,185.8781194322351,0.004704655577986585,0.02963731485068783,,,,,,,3.5867600376281046,0.15142507926541782,0.965857040842654,2,388,1,exact,0.12771835416727165,810,,,,,,0.00034425000194460154,52ccc0806aea73028c431465f50e049942cacf58
dv3-train-nested-005076,3,train,nested,5076,,,,3:0:2:5076,,train,10,403.0548423421108,,,4.9494775917716005,0.1094538175030916,0.10450945475282472,9.619418459323292,,,,,744.0015964239223,0.005205632562509617,0.05007515796425942,,,,,,,0.8441769777252848,0.17401965692808197,1.6829888210245096,3,419,1,exact,0.20559017129807627,3844,,,,,,0.000825707997137215,2ce476018b9b4d0011e26aa55423b775700ab4bb
dv3-train-nested-005077,3,train,nested,5077,,,,3:0:2:5077,,train,10,184.53991109444095,,,1.928621636768978,2.2576210628475417,0.07090477582245934,4.2987569544326725,,,,,42.38305171510528,0.005219517220154043,0.022437435948918283,,,,,,,8.181473244800449,0.11806419612818272,0.5210807314640586,4,180,1,exact,0.10285666477325571,83,,,,,,0.01918508299786481,fcb7c9a0242523a0fd7ade04e2fe6967387ff5d3
dv3-train-nested-005078,3,train,nested,5078,,,,3:0:2:5078,,train,10,176.68711817931606,,,1.501802449354372,2.434649186083511,0.05028385925968681,4.855813944680964,,,,,48.32320016903772,0.0037829113020252025,0.0183691134518652,,,,,,,8.452586937133033,0.08372811778691389,0.4151000698485915,2,146,1,exact,0.08238374524594072,63,,,,,,0.00018429100236971863,6fda8c997e095a09dcc01c0379ea80d6f0db94fd
dv3-train-nested-005079,3,train,nested,5079,,,,3:0:2:5079,,train,10,155.16760977923744,,,2.1258888595248004,2.624182116318831,0.21335821579234235,5.439501829627808,,,,,27.8141980509419,0.017128086035482524,0.0931682553280297,,,,,,,4.6016557148754345,0.35526473277258747,1.9648478084204748,2,139,1,exact,0.41019391181634923,69,,,,,,0.000121749999379972,214853454d8f105bf5174bfc951d3da99188bffd
dv3-train-nested-005080,3,train,nested,5080,,,,3:0:2:5080,,train,10,279.80210555014327,,,3.722951355387947,0.09938937496026778,0.2309149481953767,4.64108662160516,,,,,756.1773369427189,0.013804686823470828,0.0640687473318595,,,,,,,0.3716862047360403,0.3844986098106035,1.8254447604653712,1,272,1,exact,0.28961258540272095,3368,,,,,,0.0005343330012692604,81b075ab1767976bf83dad3f63b5e16b070ecc8d
dv3-train-nested-005081,3,train,nested,5081,,,,3:0:2:5081,,train,10,376.0899825552212,,,4.9990660802290305,0.0700658275721034,0.09421972926134496,11.14251126676698,,,,,1073.7338194307838,0.0048584302152644655,0.05413511341238544,,,,,,,0.5665253279155665,0.1568861401171252,1.7551314461500198,1,378,1,exact,0.21939796128667888,5933,,,,,,0.0007233329997688998,0282f1f9b302fc7e56885c98de9527ee28d2a29a
dv3-train-nested-005082,3,train,nested,5082,,,,3:0:2:5082,,train,10,428.9152491362479,,,3.190244931522149,0.14206664707798056,0.1438723834099289,6.188142522869179,,,,,946.3577188827397,0.006946910357458115,0.04298847138554689,,,,,,,0.8979977817878475,0.23956323245236907,1.5016833127420988,2,394,1,exact,0.18571050790975824,3117,,,,,,0.0005147499978193082,7a2ab979bd43ca0f4dae8072dcc1e8c5089e83a1
dv3-train-nested-005083,3,train,nested,5083,,,,3:0:2:5083,,train,10,111.80592802492248,,,2.0056171762035495,0.1153686861048517,0.18293645905031977,4.089522278545418,,,,,483.20213423511206,0.017300866428915367,0.0707522786991879,,,,,,,0.2937638742884901,0.30460918506241014,1.2824080142642051,1,126,1,exact,0.32747109832763754,1236,,,,,,0.00027266699908068404,a1d08eea6f356ac2e9f96d37529664e8da635cd8
dv3-train-nested-005084,3,train,nested,5084,,,,3:0:2:5084,,train,10,600.122481775384,,,2.22398652741549,0.3545107176725615,0.2648867228211043,6.643197951075744,,,,,761.1642373487992,0.010812851584431132,0.071831913490979,,,,,,,1.3748652549232463,0.4410653250383227,2.96309507317272,1,617,1,exact,0.3073572437520622,1913,,,,,,0.0005257080010778736,0a3679cbc67382a1348e8ae35e66c711efd97d50
dv3-train-nested-005085,3,train,nested,5085,,,,3:0:2:5085,,train,10,271.8043470643406,,,2.11680739453075,0.1049380263348363,0.07776858547787535,9.005206564856767,,,,,1223.6075909366928,0.00471710996448459,0.0424785496193279,,,,,,,0.8140255647785497,0.12949318888563338,1.1732807914979038,1,271,1,exact,0.17552143603415302,2760,,,,,,0.0024137500004144385,68f69b238e1632b2ee2696e62019a73d85bac2a8
dv3-train-nested-005086,3,train,nested,5086,,,,3:0:2:5086,,train,10,730.1053843863831,,,2.9024827507784425,12.9157964246636,0.1977967482142248,10.827438723199998,,,,,19.475773390283276,0.007320257729774586,0.07925964200716547,,,,,,,32.20777422406733,0.3293531895955019,3.5812283747028864,1,757,1,exact,0.32199207443078,67,,,,,,0.00020383300216053613,d6062d60befd316048d5da0dc0303873190364aa
dv3-train-nested-005087,3,train,nested,5087,,,,3:0:2:5087,,train,10,375.2746099639049,,,4.826477363584142,1.0890478894880915,0.46635402530777825,3.8832378348661605,,,,,71.39567942819639,0.024073605456587047,0.09348353553065927,,,,,,,2.631963345375374,0.7765303884038889,3.1138322561034335,2,417,1,exact,0.43719694531460673,521,,,,,,0.0002769169987004716,8c56b0b89ad249991745395ab00039b5bc6c89d6
dv3-train-nested-005088,3,train,nested,5088,,,,3:0:2:5088,,train,10,144.48119133972642,,,2.1048346088052567,0.49261210591711774,0.06635330549686867,10.243801066979174,,,,,139.3439949874809,0.0055202266043563476,0.05654810317967238,,,,,,,2.0599044970462588,0.11048550091394685,1.13717150316513,1,142,1,exact,0.23083314169150262,293,,,,,,0.00018079200162901543,651e9dee60e44ec847696ccc994e0fe04d6e5714
dv3-train-nested-005089,3,train,nested,5089,,,,3:0:2:5089,,train,10,375.17933630269977,,,2.6946488985045276,0.37938604155253547,0.43258561247306143,3.852183229906357,,,,,366.99096813845654,0.022333285385435345,0.08603190743048678,,,,,,,0.8534560724925033,0.7203022927698484,2.8667049992582836,2,339,1,exact,0.4030119385319978,1241,,,,,,0.00028491700140875764,a51d56870d17b6d3807f7cef6768fc9a345938b4
dv3-train-nested-005090,3,train,nested,5090,,,,3:0:2:5090,,train,10,281.82842657833703,,,1.7356387386526166,0.06688208263200061,0.28118525150494206,4.603774831967256,,,,,2427.8154628416046,0.016749434147286687,0.07711062337697137,,,,,,,0.18070176893316786,0.4682041554599529,2.205770485219506,1,260,1,exact,0.3490671012585342,5388,,,,,,0.0012374170000839513,facd38a417e1fbe4d1e24fadba3fd3816762844e
dv3-train-nested-005091,3,train,nested,5091,,,,3:0:2:5091,,train,10,268.22278290304615,,,4.116900824789855,2.5956175089980733,0.14622005091031778,7.123066449993436,,,,,25.100626650627405,0.008928101083951702,0.0635954572932464,,,,,,,7.922008228216618,0.24347235525819677,1.7512767932004543,2,319,1,exact,0.26971630918870715,142,,,,,,0.0003345830009493511,d4077a09b31f6f464e056ee96354e454d3b7a37f
dv3-train-nested-005092,3,train,nested,5092,,,,3:0:2:5092,,train,10,171.05217814762526,,,4.966843678654872,0.8117316456920821,0.19967686691907552,5.855417740154949,,,,,42.42634699825556,0.015267342528322285,0.08939666828536041,,,,,,,2.185497350099576,0.33248379258999655,1.9750185699837803,4,144,1,exact,0.3892471816499976,243,,,,,,0.00033454100048402324,4fa236ff1fd43b449865b29df2ec8b08828f6a33
dv3-train-nested-005093,3,train,nested,5093,,,,3:0:2:5093,,train,10,215.50606491612382,,,1.9818473208144265,3.209060802044201,0.08966235839234346,7.8349416770000415,,,,,33.88530173617309,0.006107738146179255,0.04785377215370282,,,,,,,8.828376009894077,0.1492976198536393,1.1792273338852222,1,240,1,exact,0.20068374638534792,79,,,,,,0.0002521249989513308,e862497bd7fe9e4d7586fbab85b7ebc1d8abe03b
dv3-train-nested-005094,3,train,nested,5094,,,,3:0:2:5094,,train,10,448.79501678771476,,,2.9505364118014406,0.061059588724039125,0.26379346607493087,3.8180227882230757,,,,,2491.11153563061,0.012452026068919451,0.04754211929068227,,,,,,,0.26574378399155296,0.4392449331479108,1.7336156733308543,2,397,1,exact,0.2231192156231832,8870,,,,,,0.0016841249998833518,f4fe70489b6d00c07e9f8ad3b51fbf200ec7b426
dv3-train-nested-005095,3,train,nested,5095,,,,3:0:2:5095,,train,10,195.3712711476721,,,1.5042601349136608,0.7415164590858322,0.1867914735435541,3.3064655976352606,,,,,175.15275010795642,0.013363699366105123,0.04418661221116673,,,,,,,2.2154035632636724,0.3110282052472541,1.0744084215061331,1,183,1,exact,0.21403055749898492,274,,,,,,0.0038046669978939462,a1a68b997e7948ec17d34621808824e1eeeb1621
dv3-train-nested-005096,3,train,nested,5096,,,,3:0:2:5096,,train,10,148.84288518771345,,,4.9001795041278,0.23537833568837077,0.15922198238496688,5.837103346801779,,,,,129.04750212948042,0.01305085567121484,0.07617919331707512,,,,,,,0.7820249925001431,0.2651219912645478,1.5700902947702167,1,108,1,exact,0.3318480231854683,611,,,,,,0.00020537500313366763,a0ca5df5f51a98ab8f48b4d5179e1b6598b9e9b1
dv3-train-nested-005097,3,train,nested,5097,,,,3:0:2:5097,,train,10,209.64520905021624,,,2.0357628327430666,0.20603092925631203,0.057074432773231536,4.636645009440253,,,,,499.8334763380587,0.003941841277598596,0.01827691868778312,,,,,,,1.654990463966444,0.09503516436912787,0.45077610821552094,1,202,1,exact,0.08263193459763728,1059,,,,,,0.00020583300283760764,9a3c58da8da691eaf1d4031e7d4dd20b6bfb8a16
dv3-train-nested-005098,3,train,nested,5098,,,,3:0:2:5098,,train,10,317.3152016331527,,,4.0240632255244675,0.056766812364465166,0.2579853512215411,4.418689799825991,,,,,1389.093805976561,0.01448270243374265,0.0639945695178937,,,,,,,0.21065617677643006,0.4295737875412644,1.9461550913693784,1,303,1,exact,0.2918582681217243,7142,,,,,,0.004200082999886945,2f8ee0e070216a9fbb299317dff326ce014e5dc1
dv3-train-nested-005099,3,train,nested,5099,,,,3:0:2:5099,,train,10,156.5966697577386,,,3.4385534408550473,0.2869229834839685,0.09307120122389245,7.3388582173942405,,,,,158.72356358619163,0.007437449984512381,0.054582390935297355,,,,,,,1.2786001267022284,0.15497371548987524,1.147840000453858,1,177,1,exact,0.2306528108061112,660,,,,,,0.00019541700021363795,ff26ed39b21086d0616b8af2743f221a2965b87d
dv3-train-nested-005100,3,train,nested,5100,,,,3:0:2:5100,,train,10,117.38028561314103,,,3.0854319276178073,0.36293805624143294,0.17738560762617078,4.883578781093543,,,,,104.8206102345368,0.016372718652760333,0.07995746140143482,,,,,,,0.9230007321230886,0.2953664111643571,1.4723753915322657,1,134,1,exact,0.35825352766846574,443,,,,,,0.00015833299767109565,d07b5b94b021a3251c1ce8dd841abfa58d61da90
dv3-train-nested-005101,3,train,nested,5101,,,,3:0:2:5101,,train,10,730.5664927092262,,,5.812563621616966,0.05789544863375489,0.13498379817661052,5.9070570082976825,,,,,2170.9389286203213,0.004994037158338866,0.02950006219586464,,,,,,,0.6079840487838074,0.22476276720703423,1.346577026636492,1,715,1,exact,0.12828412414922896,13414,,,,,,0.0010922499968728516,20bf54e38925457a657a07655ec72d1f7074f525
dv3-train-nested-005102,3,train,nested,5102,,,,3:0:2:5102,,train,10,369.5732829622544,,,2.150905140575757,4.617387608454414,0.12355148333284992,3.4519976155139718,,,,,37.21199699621057,0.006426842839318214,0.022185446156609518,,,,,,,17.623727946930988,0.20572671432827527,0.7393661136632492,1,458,1,exact,0.1064095744624774,100,,,,,,0.0001221249985974282,0779aa4318859526280abdf895c501c53e342bf1
dv3-train-nested-005103,3,train,nested,5103,,,,3:0:2:5103,,train,10,142.804709899989,,,1.9118054625533705,2.2866170309123626,0.20534227991900453,3.9949847378740024,,,,,32.6667101685601,0.017183321429209156,0.06864710685567386,,,,,,,4.27458352566226,0.34191732402440383,1.4080976983870814,6,182,1,exact,0.3192047777452015,94,,,,,,0.00011266599904047325,3d7bfda01e7466630a089cf564674a309b64bfba
dv3-train-nested-005104,3,train,nested,5104,,,,3:0:2:5104,,train,10,359.98749186608376,,,1.6027963263041642,0.06038830138750114,0.07542766765071164,3.445133239140522,,,,,3719.2575973293724,0.003975456203355431,0.013695976306927177,,,,,,,0.6626773150650813,0.12559530502294056,0.4505519194673671,1,388,1,exact,0.06572034882735847,6110,,,,,,0.0006050000010873191,7df16bb5309c402f473b9e269a8611b467b661a8
dv3-train-nested-005105,3,train,nested,5105,,,,3:0:2:5105,,train,10,307.20568863272496,,,2.122128602997589,2.0435095170791673,0.07913503101967961,3.655275294155221,,,,,70.84038123666313,0.00451496252794545,0.016503430982435608,,,,,,,10.683501917369899,0.13176846995908342,0.49934926029987803,1,329,1,exact,0.07816775196290185,175,,,,,,0.00011920800170628354,f0e508a2c66198c521cb4d71a76ec975e3e88349
dv3-train-nested-005106,3,train,nested,5106,,,,3:0:2:5106,,train,10,165.10857106627222,,,2.07072150588425,0.27933926225674294,0.10087017501933374,4.62767496106548,,,,,285.4407297558685,0.007850150174944212,0.03632794340519313,,,,,,,1.2936317354520321,0.16795985868126062,0.7952039163066708,1,159,1,exact,0.16429905832053454,651,,,,,,0.0001598330018168781,c1fcf5fa4263f97a714d7ace22cd08feddbfbf05
dv3-train-nested-005107,3,train,nested,5107,,,,3:0:2:5107,,train,10,246.66891718578447,,,4.804439880519606,0.15538831391622754,0.1149032424169957,5.464252702024038,,,,,330.4100965082487,0.007316023139005863,0.03997659920538317,,,,,,,0.9983450959707643,0.19132644862248108,1.0628189833606219,3,218,1,exact,0.1758820421392125,1681,,,,,,0.0002341660001548007,2b28d7e7e307169e7d5875088552941919272fa6
dv3-train-nested-005108,3,train,nested,5108,,,,3:0:2:5108,,train,10,429.7310963897041,,,3.2944558830759245,0.08847459395917236,0.11449815060431244,7.931690209401048,,,,,1474.3293357245107,0.00552331842172105,0.0438092506489693,,,,,,,0.6683928482610698,0.19065192650929771,1.524163002798005,1,432,1,exact,0.18346863764377844,5337,,,,,,0.0006197500006237533,04f596e21de79ace2af0fd9e1a263d2489523789
dv3-train-nested-005109,3,train,nested,5109,,,,3:0:2:5109,,train,10,165.7699401526593,,,1.6915137141844256,3.7751080341723577,0.05528425469950469,5.048162070696529,,,,,25.95977194363644,0.004293866807252877,0.021676135552996776,,,,,,,10.894908318891845,0.09205432234897849,0.47373501457607997,4,165,1,exact,0.0965828669050914,43,,,,,,0.00010312499944120646,26fb4ce0db8b6bb1a8b625a917b3df061bd27507
dv3-train-nested-005110,3,train,nested,5110,,,,3:0:2:5110,,train,10,276.5900247713207,,,1.8732540611471373,4.0603032387235345,0.1800176152375881,3.9231342465642607,,,,,36.36481318789473,0.010824223412275494,0.04246488156116065,,,,,,,10.566489576363491,0.2997489913113324,1.213557116012385,1,288,1,exact,0.1981830598913873,88,,,,,,0.00010870800178963691,324f2e38e6b0f0d3f9dcd712bf8bceca1278fbc8
dv3-train-nested-005111,3,train,nested,5111,,,,3:0:2:5111,,train,10,296.2312921213994,,,5.796835816786688,0.3021211399077704,0.1207114040060091,8.051673174618186,,,,,169.14486517937,0.00701346824259833,0.05647015410996552,,,,,,,1.7105212189262056,0.2009976720490453,1.6308015320747369,1,259,1,exact,0.23609663808562767,972,,,,,,0.0001907500009110663,57ec91dd9af97c4aeff8299457a5729cc9cac2c8
dv3-train-nested-005112,3,train,nested,5112,,,,3:0:2:5112,,train,10,649.2067751055149,,,2.285250330150697,6.136707050278133,0.05537408223903911,6.976689538217569,,,,,46.29284494774375,0.002173276678665037,0.015162276667694588,,,,,,,31.961638183480513,0.09220389501347516,0.6498523515815164,1,650,1,exact,0.06447120867960783,103,,,,,,0.0001196670018543955,5c58f028b7213e7924c0c985d13d1101fd88e9df
dv3-train-nested-005113,3,train,nested,5113,,,,3:0:2:5113,,train,10,406.3464393065448,,,1.7034797862120166,1.652482642513728,0.20223299315230694,5.708635279728742,,,,,144.3519209497154,0.010032375534882417,0.05727117291791727,,,,,,,5.461881465709292,0.3367400219543525,1.9515970319490998,1,412,1,exact,0.2503030062256272,279,,,,,,0.00014262499826145358,3e74e32716ab217470a33f5af6348ec8ae42d788
dv3-train-nested-005114,3,train,nested,5114,,,,3:0:2:5114,,train,10,213.7661964129018,,,5.219432804588603,0.22359765483095062,0.11580563744739943,7.156974523952819,,,,,183.16752399609433,0.007920638393001453,0.056687807192153994,,,,,,,1.1463454040847065,0.19282903490977787,1.3934787817772847,1,204,1,exact,0.2402798742308594,1007,,,,,,0.00019824999981210567,2ba5ea6e9d872bfeb0ed65692f26ab081b1bba6a
dv3-train-nested-005115,3,train,nested,5115,,,,3:0:2:5115,,train,10,100.97419327346233,,,3.918437311371298,0.7941983293549955,0.10339200521084857,3.18724372296609,,,,,32.446549563341186,0.010289203627736032,0.03279419967682159,,,,,,,3.5362467880059505,0.17215898139026536,0.575086313743308,1,81,1,exact,0.1602278871391855,136,,,,,,0.0001082499984477181,dbf1821ca35b3308c35c9b0b7fc31ccec5819659
dv3-train-nested-005116,3,train,nested,5116,,,,3:0:2:5116,,train,10,372.41559954734953,,,4.25181456937043,0.11119391318746966,0.17092983094358186,9.971177890075271,,,,,787.7212003745028,0.008857352544189814,0.08831823785322743,,,,,,,0.5226729344470628,0.2846168378729696,2.8522013905200794,1,328,1,exact,0.3613976226718834,3598,,,,,,0.0005917080015933607,af61365edaa24d76062f4fb9ea0a012486517e5e
dv3-train-nested-005117,3,train,nested,5117,,,,3:0:2:5117,,train,10,173.1428330239051,,,2.1666157077296364,2.862246093900344,0.10691382048154784,3.923713596283643,,,,,27.920015853148712,0.008125153779491174,0.03188077635648495,,,,,,,8.446297541006139,0.1780231884767979,0.7208406737113102,1,118,1,exact,0.14878271369168342,50,,,,,,0.0001037499969243072,cf570d824829cdf83fad0759d5d4604274f41505
dv3-train-nested-005118,3,train,nested,5118,,,,3:0:2:5118,,train,10,451.04734424206043,,,3.1184998452300654,3.830968417961989,0.2219721062251311,8.769809352293993,,,,,37.75442249093744,0.010451709685258785,0.09165950134524421,,,,,,,10.467057151351188,0.3696078011722384,3.26239463335316,2,358,1,exact,0.3797532771722846,101,,,,,,0.00012599999899975955,5de7290f9eb48870c328d3a35bc95aff3678043d
dv3-train-nested-005119,3,train,nested,5119,,,,3:0:2:5119,,train,10,111.50949828102235,,,1.7550587166601601,1.1191659673002066,0.05131297922038987,11.541636690632318,,,,,56.770891720304085,0.004859273006567029,0.056083963622393235,,,,,,,3.3873191460860252,0.08544171492434942,0.9898317668937281,2,103,1,exact,0.2266489017001297,109,,,,,,0.00010974999895552173,9c32ee6b7de69e99a9ae8452646235cda199c4f0
dv3-train-nested-005120,3,train,nested,5120,,,,3:0:2:5120,,train,10,215.08845445697727,,,2.0979538576896144,0.047487352560620484,0.18573860324862063,3.1495528966525805,,,,,2158.953102934395,0.012664662648649525,0.039888024930181856,,,,,,,0.19500094267736087,0.30927506120925846,1.0219977176145258,1,220,1,exact,0.19544431146067587,5419,,,,,,0.0006420000026992057,4c472fa4ba442e59bc4d9143877b318dcb0e3e12
dv3-train-nested-005121,3,train,nested,5121,,,,3:0:2:5121,,train,10,785.7461989235073,,,1.725029274828736,0.10482062685649172,0.24701248405629947,9.746503547662206,,,,,4345.493118177497,0.00881206635524977,0.08588683599367664,,,,,,,0.4906824679646775,0.4113027652291788,4.029808637353793,2,782,1,exact,0.35218677899021494,8383,,,,,,0.0014853330030746292,98b48fc339fbda8ab0c77fd9ddf5ece9fb4e5570
dv3-train-nested-005122,3,train,nested,5122,,,,3:0:2:5122,,train,10,236.1731614874171,,,1.6616408466782224,0.13788596447593213,0.10255346869715198,8.139060865970393,,,,,1030.7974189918184,0.006673214466513505,0.054313698714627566,,,,,,,0.7783217592270115,0.17076272650806099,1.4002992524575983,5,243,1,exact,0.22681133551771798,1884,,,,,,0.00035158299942850135,ba3a3fdededad0fd391fbb66ee450bc4b9879471
dv3-train-nested-005123,3,train,nested,5123,,,,3:0:2:5123,,train,10,351.87361630311,,,1.5560489957653258,0.8282904624913991,0.055707705448858696,3.237374857707567,,,,,273.0113962976385,0.0029697638637492833,0.009614238865830411,,,,,,,6.588971438683871,0.09275941409692422,0.31429698394588973,1,331,1,exact,0.04680011360432617,441,,,,,,0.00014566599929821678,98f5a6243ef82384aab8c46b9035ba3c3d01541b
dv3-train-nested-005124,3,train,nested,5124,,,,3:0:2:5124,,train,10,126.14170983199445,,,1.9785080730414122,0.058090343470700426,0.2331028876681212,3.826305957620736,,,,,1097.531370587132,0.0207547877704126,0.07941416809508373,,,,,,,0.12739451653280234,0.38814176800453826,1.5350316144921268,2,112,1,exact,0.37252999819466326,2751,,,,,,0.0004834589999518357,816b04f3019252d35aee22aae7414c548f5ecc17
dv3-train-nested-005125,3,train,nested,5125,,,,3:0:2:5125,,train,10,696.526927395619,,,2.4027812236221227,0.2294184003137041,0.06547456222027324,4.650290263919692,,,,,1263.5587338518633,0.0024808679466005244,0.011536756058146858,,,,,,,3.1572552149947843,0.10902229738004014,0.5185749552288828,1,677,1,exact,0.05213177476057479,3102,,,,,,0.00034979200063389726,65ed0db4b7a85de8fe68aabc7aebe24826943739
dv3-train-nested-005126,3,train,nested,5126,,,,3:0:2:5126,,train,10,506.48514543276167,,,2.1285007543364283,0.7145520728691925,0.40055866051227906,4.620576675597412,,,,,333.01133845573867,0.01779847405338258,0.08223921407228528,,,,,,,1.8037654470147264,0.6669739196972975,3.1531525408437657,1,511,1,exact,0.37204181130623276,888,,,,,,0.000253333000728162,c181bfea79fefbc89fdee10a51e432e74c264a72
dv3-train-nested-005127,3,train,nested,5127,,,,3:0:2:5127,,train,10,102.55686638479999,,,2.840346618592293,0.6253931021721172,0.07837678619446771,8.11386246456804,,,,,57.73515203322756,0.007739360563746345,0.06279610717793963,,,,,,,2.00606456503538,0.13050590950785015,1.0669188480158982,3,106,1,exact,0.26232256734065745,192,,,,,,0.00011799999992945231,8f3cacbf6d2b72f98903cca63ff9d2274be3f559
dv3-train-nested-005128,3,train,nested,5128,,,,3:0:2:5128,,train,10,370.04601144630385,,,2.961281278832263,3.646071772050184,0.1271786734885518,5.449212140982139,,,,,34.27289994461253,0.006611293340946365,0.0360263399410793,,,,,,,13.254830762755848,0.21176638210762608,1.173229962417634,1,424,1,exact,0.15857006107666724,140,,,,,,0.00012124999921070412,708f9f933d5e94b5e18da3089ca2007015952847
dv3-train-nested-005129,3,train,nested,5129,,,,3:0:2:5129,,train,10,676.9044048602173,,,3.743399024386456,1.7210225410814703,0.29672023393627833,3.4645916348108114,,,,,105.06901451584064,0.01140469020340254,0.03951259427631725,,,,,,,8.105661202213703,0.4940715979748786,1.7816330882849185,1,560,1,exact,0.18936222037471456,397,,,,,,0.00015954199989209883,921c85af352db7f022c7da117d48123f64c7c9be
dv3-train-nested-005130,3,train,nested,5130,,,,3:0:2:5130,,train,10,115.7127049817759,,,1.9382000535783983,1.2575029855844813,0.06260912570449444,5.7124830691567405,,,,,47.47592335003155,0.005820323396306409,0.03324849885841722,,,,,,,3.9079804843042805,0.10425103261165757,0.6045882474842182,1,129,1,exact,0.14529759403265494,94,,,,,,0.00010683299842639826,cc721b19a39d3c64650148742384ebdfc7b57548
dv3-train-nested-005131,3,train,nested,5131,,,,3:0:2:5131,,train,10,379.2331835129674,,,1.9503743744257551,0.2600597770886425,0.09913627949552704,3.80535602690071,,,,,747.6789669638263,0.005090722809093652,0.019372012722865442,,,,,,,2.038345390934461,0.1650727332540387,0.6494879880409451,1,401,1,exact,0.0909773167226983,1496,,,,,,0.0002407079991826322,5bd7f32ed024fda01165054983cfc2ce2e0b28f3
dv3-train-nested-005132,3,train,nested,5132,,,,3:0:2:5132,,train,10,104.70613680493521,,,2.1332610133498164,0.05452291880986962,0.0737745760409282,8.868266113684822,,,,,900.2207988984396,0.007209757446506161,0.06393804765073739,,,,,,,0.26617365855346914,0.12284272693815795,1.0963060873142745,3,99,1,exact,0.26459986006063646,2038,,,,,,0.0003693749968078919,c6f4d8944f5a380343cd060daad384f360962cf5
dv3-train-nested-005133,3,train,nested,5133,,,,3:0:2:5133,,train,10,539.3511250581033,,,1.538366702916863,0.052239800460825214,0.18092557525646208,9.11390006289212,,,,,6711.354948863229,0.007790479115382702,0.07100164809964615,,,,,,,0.2774080920922657,0.3012608439122531,2.7621393257008187,2,544,1,exact,0.2930292200368135,11319,,,,,,0.0023836670006858185,9c21123760114892a7f39760fc8d648c151df55d
dv3-train-nested-005134,3,train,nested,5134,,,,3:0:2:5134,,train,10,547.9754423843204,,,1.7805734166946947,0.194382387923007,0.18280359756954687,7.475961781876,,,,,1583.2310468799517,0.007809157650590258,0.05838096414445734,,,,,,,1.0084435116084127,0.3043879561854847,2.295860250197924,1,546,1,exact,0.24616215413010134,3146,,,,,,0.0005997919979563449,66b98086caeeda70df23a459faab93dd0ed99f24
dv3-train-nested-005135,3,train,nested,5135,,,,3:0:2:5135,,train,10,101.50663479174607,,,3.5221210967195713,0.9089510220044938,0.08908740022057794,3.3251264805194873,,,,,31.706599291738964,0.008842377875643136,0.029402024825060644,,,,,,,3.9747701133786006,0.14834025169938692,0.5150732865229909,1,103,1,exact,0.14223156412032312,138,,,,,,0.00014620900037698448,8d03d8bc2cc0bd2c52afec5ae85afcd28057e867
dv3-train-nested-005136,3,train,nested,5136,,,,3:0:2:5136,,train,10,159.11528509447413,,,1.9560307885481576,0.39268130340907803,0.0500147047858594,4.240620585535883,,,,,207.1552723029205,0.003964986920806438,0.016814005157752315,,,,,,,2.4429435174209124,0.08327994619031642,0.36284512461593754,1,133,1,exact,0.07727741409131299,375,,,,,,0.00014112500139162876,79c83daaa538e17b4496b4eb19e5f67c7c53a6f0
dv3-train-nested-005137,3,train,nested,5137,,,,3:0:2:5137,,train,10,144.09543386298287,,,1.5095733554904758,2.6085909812374326,0.1666031905874444,6.74848389437221,,,,,36.592325357159616,0.013879000926409117,0.09366221422184891,,,,,,,4.712376121520137,0.27741250911432314,1.892555934981444,1,121,1,exact,0.39994755200230775,56,,,,,,0.00011208299838472158,cd273b3cbad433f791996d776d755948c5c268de
dv3-train-nested-005138,3,train,nested,5138,,,,3:0:2:5138,,train,10,109.98669042521576,,,3.4649694859551885,0.37705561816308125,0.0624919217493652,11.703414247391787,,,,,84.18511382813037,0.00595873145444942,0.06973750260038493,,,,,,,1.5233835550973989,0.10405587522508003,1.2222464630431595,5,103,1,exact,0.2815155423368406,322,,,,,,0.00013766699703410268,1d591b92408d4b7a4d6f7b319defc1e436db32e1
dv3-train-nested-005139,3,train,nested,5139,,,,3:0:2:5139,,train,10,702.5250818163998,,,1.8596707647003092,1.4519604872624767,0.06174698621270502,3.467563687715516,,,,,260.1782406207894,0.002329618722867573,0.008078101289637792,,,,,,,13.953718840511211,0.1028154761929567,0.37104847461531815,1,699,1,exact,0.03870648230251445,489,,,,,,0.00016445800065412186,6d58c393d1a8851dec3a26007e7a12232c90cdd8
dv3-train-nested-005140,3,train,nested,5140,,,,3:0:2:5140,,train,10,585.3414537422365,,,4.457398847134293,0.16848607363422388,0.08660101178580032,6.222777940460812,,,,,779.4060556183126,0.003579466688617501,0.022274226348543296,,,,,,,1.9276541233474713,0.14420014338638035,0.9088380949065925,2,597,1,exact,0.09615031061511174,3566,,,,,,0.00039883399949758314,05f764a2f0ae121a60bc57fb38df295cb14fe39f
dv3-train-nested-005141,3,train,nested,5141,,,,3:0:2:5141,,train,10,217.21262683705388,,,3.798388378717758,0.09843185304994748,0.20867888241689922,5.1190084195002,,,,,580.965092052032,0.014159110410333027,0.0724806054031277,,,,,,,0.33510547921801015,0.3474731316148489,1.8123396194394108,2,219,1,exact,0.32221453140545564,2637,,,,,,0.0004061250001541339,a34b4ff11d16adce682ecd59e5ea351fa7afb9f0
dv3-train-nested-005142,3,train,nested,5142,,,,3:0:2:5142,,train,10,110.27692299124968,,,2.6384135653308087,0.03716247221179768,0.09254984485441185,6.029287680399085,,,,,1124.701232300728,0.008813194915451492,0.053137287528687537,,,,,,,0.1712289410775202,0.15410560019094022,0.9418400487920765,4,108,1,exact,0.23039486549168575,3347,,,,,,0.00044995799908065237,bd7436f79a665d36e5e9b99d82e501805d6a9360
dv3-train-nested-005143,3,train,nested,5143,,,,3:0:2:5143,,train,10,323.31956011821006,,,3.391650483084419,0.44113230208943294,0.08648418521698609,5.115421974894258,,,,,216.09863718032204,0.004809730123611177,0.02460379916763149,,,,,,,3.206575186580298,0.1440056143892363,0.7505931519644216,2,303,1,exact,0.10938940032956503,809,,,,,,0.00017720799951348454,8ae112ab5f717987d14c02fbb2b2d61595eee93b
dv3-train-nested-005144,3,train,nested,5144,,,,3:0:2:5144,,train,10,182.16136916389664,,,1.6433157655545112,0.38143929321289105,0.22842734568582454,5.70207893061631,,,,,290.6095159561981,0.016924659979972764,0.09650574707964776,,,,,,,0.882347330753525,0.38035647993049326,2.201922529787181,3,196,1,exact,0.42184955380667716,639,,,,,,0.00020620800205506384,5ed813963085c398cb072894f1a641ffe66028ec
dv3-train-nested-005145,3,train,nested,5145,,,,3:0:2:5145,,train,10,614.4356953693471,,,4.571855403530748,1.3262971475532697,0.4496469239505667,4.128108834403591,,,,,101.3311837311479,0.018139838148841337,0.0748832261168832,,,,,,,4.051114804693005,0.7487112398558379,3.1801533091347416,2,707,1,exact,0.3459543095318327,642,,,,,,0.00019904200235032476,ad206ea92cd1d2cdbcad69b2641150176e7dcf54
dv3-train-nested-005146,3,train,nested,5146,,,,3:0:2:5146,,train,10,493.52451806318606,,,3.3620171907050835,4.694302771800342,0.31847540714958733,3.4285023306669022,,,,,31.27070742068874,0.014335786845071448,0.04915027861027138,,,,,,,14.61797439533468,0.5302963375254283,1.8938803145189618,1,459,1,exact,0.23610572402513835,122,,,,,,0.00012549999883049168,18d0baa94d36bc6113fd796eae84e032bd22523d
dv3-train-nested-005147,3,train,nested,5147,,,,3:0:2:5147,,train,10,118.33163847251981,,,3.5162164022470197,0.07705156514017614,0.06958849443486094,7.301935248170577,,,,,436.76096573318193,0.006397156884475966,0.046711625342832123,,,,,,,0.43109720962522613,0.11587244385053051,0.8539905893663955,1,119,1,exact,0.19751243662583443,1701,,,,,,0.00025233300038962625,5b7dd8713abdd49466598d0cc7bd724c5776dcff
dv3-train-nested-005148,3,train,nested,5148,,,,3:0:2:5148,,train,10,692.5556706371393,,,3.327078445910187,2.390244428839606,0.06659109939774316,10.36869947909091,,,,,87.08619872740243,0.002530398026563304,0.0262369366999196,,,,,,,14.582462365743561,0.1108814537313033,1.155031027056714,1,713,1,exact,0.1069861920904116,308,,,,,,0.00014908299999660812,ceb9282cc15c8b4311b1fc7bbcbeac53bebb3ea4
dv3-train-nested-005149,3,train,nested,5149,,,,3:0:2:5149,,train,10,209.9536285106103,,,1.662280399961376,0.5452647413942503,0.20262831900776465,3.0143600395870322,,,,,231.63900187087225,0.013984226489499027,0.04215349351448031,,,,,,,1.7374114682975081,0.3373982826820948,1.071544567835852,3,217,1,exact,0.20877710615069428,489,,,,,,0.00016275000234600157,a4413627958ff90e9aa05d06427457bdbb8e4cb5
dv3-train-nested-005150,3,train,nested,5150,,,,3:0:2:5150,,train,10,264.0952828882112,,,2.0835229647846676,5.086061086714163,0.050328330896602075,4.9544616714723215,,,,,24.921878849983663,0.0030969358216134777,0.015343649827193618,,,,,,,19.82273274064598,0.08380216791967296,0.4235674482915771,2,386,1,exact,0.06858084202937102,78,,,,,,0.00011124999946332537,366fe1a951a97de6505cd2842c5ba6e2ba4053f9
dv3-train-nested-005151,3,train,nested,5151,,,,3:0:2:5151,,train,10,286.4689390740251,,,5.405309866498332,0.2934752857537932,0.09405947409051181,6.4416214760283115,,,,,180.58655368792958,0.00555729916026461,0.03579801761947461,,,,,,,2.0972600034861153,0.1566192977542472,1.0209666803683364,3,236,1,exact,0.15380110486509208,928,,,,,,0.00017629200010560453,77fc545e4cda48f56c2d1d7d0cb0e4944cf3fdc0
dv3-train-nested-005152,3,train,nested,5152,,,,3:0:2:5152,,train,10,286.52191537762354,,,2.086687943567926,0.5961829686589694,0.2527986126353735,6.376080066417012,,,,,230.31423102513003,0.014934674558688582,0.09522468075207956,,,,,,,1.5950134643219265,0.4209373012876977,2.7167385065025917,2,260,1,exact,0.4096844584279165,565,,,,,,0.00019949999841628596,6a38be0859abd1a9fe66f41e7f86b83496aea31e
dv3-train-nested-005153,3,train,nested,5153,,,,3:0:2:5153,,train,10,204.1489899849742,,,4.576052017296384,0.6305827941257313,0.08083400765459753,5.7984195742904525,,,,,70.74799989421844,0.0056574469900348996,0.032804251367528965,,,,,,,3.820322199325058,0.1345974516223836,0.7919738479465569,1,191,1,exact,0.1430396902504037,344,,,,,,0.0001299579998885747,3822946266633ec7b4ae4d516fd991c8698ec07a
dv3-train-nested-005154,3,train,nested,5154,,,,3:0:2:5154,,train,10,606.1657917128589,,,3.693533905791255,0.11339872971109431,0.07056891696562363,9.43401460550492,,,,,1447.2419550090651,0.0028662742387892855,0.027040473032120618,,,,,,,1.3573784275818088,0.11750495444826928,1.1147537886160086,1,617,1,exact,0.1112236861268706,5591,,,,,,0.0005497499987541232,745f74824e60663faaa5d697c2ed580ee90445d1
dv3-train-nested-005155,3,train,nested,5155,,,,3:0:2:5155,,train,10,248.61342458048918,,,1.8878391275914312,5.773012908459426,0.3033115594408754,4.724646921435222,,,,,22.81166915355805,0.019236527335536636,0.09088579965494767,,,,,,,9.42154484666182,0.5050468748598659,2.439030718435706,2,349,1,exact,0.40954674949435216,68,,,,,,0.00011824999819509685,ce798153af848576f3898399abd4f5be1e69e6c6
dv3-train-nested-005156,3,train,nested,5156,,,,3:0:2:5156,,train,10,189.14397079215465,,,5.151117031622976,0.03072169034349444,0.08097380637997159,7.428687973186928,,,,,1195.2148426034996,0.0058877356657855194,0.04373815112972462,,,,,,,0.2288847495675574,0.1348302317692719,1.0106459475884055,1,190,1,exact,0.18455949109785957,6763,,,,,,0.0006788749997213017,cfe9e8fc23f88c263301cb52357d675a10070092
dv3-train-nested-005157,3,train,nested,5157,,,,3:0:2:5157,,train,10,319.26569099151544,,,1.512107259482591,0.5471769774755203,0.1215179738234235,6.416936096147945,,,,,385.87072964475936,0.0068008687605018965,0.043640740234429556,,,,,,,2.6664611273062735,0.20234069889046327,1.3140789034639972,1,306,1,exact,0.1875931754050596,636,,,,,,0.00018641700080479495,0cf88dae5afa456a9bc3cc37e3083ec1f2ed391a
dv3-train-nested-005158,3,train,nested,5158,,,,3:0:2:5158,,train,10,178.23941161648358,,,1.968273094178754,5.277171495007261,0.10670104208219092,6.587256063171782,,,,,17.1599957572519,0.007992208238690773,0.05264672217844726,,,,,,,10.625651244995154,0.1776688892017192,1.1837594566778844,3,144,1,exact,0.22551718188173622,30,,,,,,0.00010154200208489783,22220dec3a79815739f456a216c75f1cbe6ecb25
dv3-train-nested-005159,3,train,nested,5159,,,,3:0:2:5159,,train,10,609.7695959372887,,,4.702717690974931,0.5601283110188133,0.059196922035765355,3.183310925836026,,,,,231.4884534532906,0.002397266094539591,0.00763124335088414,,,,,,,10.791023290829738,0.09856934081443834,0.3288948654940621,1,746,1,exact,0.03729619195207885,1310,,,,,,0.00023079199672793038,857773eac6e5ad27feeab8cb90c18fb35602bfb1
dv3-train-nested-005160,3,train,nested,5160,,,,3:0:2:5160,,train,10,325.4979394368876,,,3.5559604725133536,2.6906085966025532,0.14036459024530734,4.340284702917667,,,,,34.020507929792295,0.007780068851556402,0.033767713824056474,,,,,,,11.611492162907549,0.23372237370398283,1.040998279729507,1,356,1,exact,0.1545168887047342,143,,,,,,0.00018916699991677888,1e65d52e8120e8c8fea715a10fe9cd4d0c2539bb
dv3-train-nested-005161,3,train,nested,5161,,,,3:0:2:5161,,train,10,120.21390647687342,,,2.640501051749181,2.0226284889206805,0.0629931548499523,5.426749234550743,,,,,22.508794977663438,0.005745343567398015,0.031178538806608213,,,,,,,6.403837307495588,0.10489048308339735,0.5787978820828674,2,116,1,exact,0.1373205272559556,77,,,,,,0.00011970899868174456,0a137dc1b7eebf59cb3344430f00fb57fb91ee69
dv3-train-nested-005162,3,train,nested,5162,,,,3:0:2:5162,,train,10,328.7005926306584,,,4.07549809475851,2.517029513615604,0.3149255105547129,5.1819726857478745,,,,,32.042875672900145,0.017370311175357058,0.09001247805364133,,,,,,,5.949760382717937,0.5243853719670368,2.7674852674699486,1,420,1,exact,0.3993583633968577,205,,,,,,0.0001474169985158369,a87afca3a1c51710b07966a7a6225839608da0c9
dv3-train-nested-005163,3,train,nested,5163,,,,3:0:2:5163,,train,10,786.7320822191373,,,2.5739015407581083,6.304316249001608,0.1607135580259721,8.929550985210065,,,,,48.48383224375676,0.005729795020818644,0.051164496773202846,,,,,,,22.5526823052813,0.26760562762016654,2.4045356789222585,3,913,1,exact,0.21159080911029177,166,,,,,,0.00015150000035646372,99f49ec83c6c4155f8b42ade83218d7f78673823
dv3-train-nested-005164,3,train,nested,5164,,,,3:0:2:5164,,train,10,672.7205685463174,,,2.574628309753708,10.759909163216946,0.0663321006614052,6.182692427393677,,,,,24.283515607359544,0.002557445560895955,0.015811899302822997,,,,,,,48.90762596007598,0.11045019254685894,0.6917541115730202,2,516,1,exact,0.06831589637519142,51,,,,,,0.00011987499965471216,8f8a3ead439289598c9f96d4cff56815b5be78ab
dv3-train-nested-005165,3,train,nested,5165,,,,3:0:2:5165,,train,10,613.6338443938181,,,3.2805890744024744,0.9020990249507482,0.1413059435029179,3.1322665129085476,,,,,207.34962635484774,0.005704344907848786,0.017867528532935148,,,,,,,7.845608930690638,0.23528982969468681,0.7736383094223757,1,592,1,exact,0.08766418591935037,695,,,,,,0.00018579100287752226,0ae2bc5503903c1d31b470d9118404ad9e116a7d
dv3-train-nested-005166,3,train,nested,5166,,,,3:0:2:5166,,train,10,514.1755087184083,,,2.3297935984024423,0.060703595826672674,0.29743096201533636,3.2863832454593638,,,,,3635.6286837358043,0.013116878102429048,0.04310708842855564,,,,,,,0.2539616991205888,0.49525503785387665,1.701279618976307,1,546,1,exact,0.20909785840644046,10247,,,,,,0.0017600840001250617,625eee86ae71e22e10e8cc9c759e647b661d256c
dv3-train-nested-005167,3,train,nested,5167,,,,3:0:2:5167,,train,10,144.21966241930846,,,5.5451219937871805,0.23168419170119575,0.09479315078362371,3.794954159440865,,,,,112.25791392658142,0.007893411089439105,0.029955133246043583,,,,,,,1.7458419106754268,0.1578409495821457,0.6194463405377606,4,132,1,exact,0.14075936033416034,600,,,,,,0.00044175000221002847,0557472d1d9fadbd40e5290be51cbcf99e3c4022
dv3-train-nested-005168,3,train,nested,5168,,,,3:0:2:5168,,train,10,138.3162846444989,,,3.383837056137641,0.3613283139514861,0.06980648184356773,8.883708717331608,,,,,113.12585591986803,0.00593552438199705,0.052729469694281494,,,,,,,1.6204719177660396,0.11623541669511683,1.039123045901727,1,138,1,exact,0.21817608008883974,424,,,,,,0.0003453329991316423,2f837e73a4645076ad9385c52eaad6ce9d0606b9
dv3-train-nested-005169,3,train,nested,5169,,,,3:0:2:5169,,train,10,392.3045314940037,,,3.751207793654184,0.21504573557385068,0.33786804955507327,4.974231818427262,,,,,486.31914614221836,0.017058288782661548,0.08485188283063591,,,,,,,0.624060915177379,0.5625872052398675,2.854429223252143,1,433,1,exact,0.37900560826547075,2403,,,,,,0.0007282920014404226,a50ceaf64377f2061c8b6badcbbeb98a8432ebaf
dv3-train-nested-005170,3,train,nested,5170,,,,3:0:2:5170,,train,10,451.6086668587189,,,5.605724538330813,1.1570261315077397,0.11284818673052054,5.709088129901747,,,,,69.62854937565825,0.005310231458111996,0.03031657938453804,,,,,,,8.704695640235153,0.18790455644655957,1.0890959645203102,1,449,1,exact,0.13249669684802667,424,,,,,,0.00029954199999338016,d78403fef9538e1eabc7c6ad095a8ce15e0dc4f6
dv3-train-nested-005171,3,train,nested,5171,,,,3:0:2:5171,,train,10,221.99827728497817,,,2.3267515576335267,0.16962337316475218,0.2165832200750919,4.908032692975581,,,,,562.4888209325729,0.014536170361402393,0.07134399936442562,,,,,,,0.5170628211496747,0.3606347171458004,1.8063726402506453,1,229,1,exact,0.3193897669840862,1541,,,,,,0.000524667000718182,e05761d4018f0113557bc42aa54052437738b281
dv3-train-nested-005172,3,train,nested,5172,,,,3:0:2:5172,,train,10,121.54444880133425,,,5.282403446968565,1.0233276679751213,0.07137999525709664,7.670868660434258,,,,,22.484790446207757,0.006474540480459217,0.04966534966226757,,,,,,,4.192434858817289,0.1188554883914208,0.9194394014060994,7,108,1,exact,0.20878517693247178,124,,,,,,0.0002480410003045108,c908edae4da8615c339cbce3f43fd4275a0847f1
dv3-train-nested-005173,3,train,nested,5173,,,,3:0:2:5173,,train,10,469.22012299600493,,,2.503731128754982,0.7914645804856252,0.06379668575869539,11.602175019844612,,,,,236.78678230678923,0.0029451661694488897,0.03417033336047135,,,,,,,5.720542193004998,0.10622844980996093,1.2370505501090046,1,491,1,exact,0.13803315461769594,622,,,,,,0.0004414159993757494,8c75de24799f6c698c67f1d1ccf801b8472d3437
dv3-train-nested-005174,3,train,nested,5174,,,,3:0:2:5174,,train,10,225.03989384776494,,,3.00847988749598,0.07552224713510214,0.15612584880595792,4.1844893407649,,,,,990.4612702268369,0.010407467308143976,0.04354993601528763,,,,,,,0.3646789931083866,0.2599665906886196,1.1184592709223766,1,198,1,exact,0.20066847247222325,3382,,,,,,0.0007180829998105764,9298072081493f6cc15e9e8afb2017f5dfb65cc1
dv3-train-nested-005175,3,train,nested,5175,,,,3:0:2:5175,,train,10,475.21443200345317,,,3.8348755644317833,1.9175627876256893,0.49296875235375687,4.052983834050009,,,,,64.62324351255079,0.022613853843676552,0.09165358405399072,,,,,,,4.338199076797124,0.8208468158575548,3.426647420347374,1,485,1,exact,0.4249624852922078,324,,,,,,0.0003105409996351227,2166263c24ba2b21b5c5a1bd36a9411d7ba03eb0
dv3-train-nested-005176,3,train,nested,5176,,,,3:0:2:5176,,train,10,793.1063234352164,,,3.8268882602090164,0.1792552422501471,0.07596243256497817,7.859890526523013,,,,,1156.148887453973,0.002697324254187078,0.021200673352445767,,,,,,,2.273466927266986,0.12648574701345647,1.0021781034430344,1,814,1,exact,0.08887704706844794,4538,,,,,,0.0008583749986428302,5d92ba639dc5e765395f82f7ee46edde01f27829
dv3-train-nested-005177,3,train,nested,5177,,,,3:0:2:5177,,train,10,312.81308247299637,,,1.8056865591410003,0.5045219389391593,0.0954365632116665,3.4319026747023726,,,,,343.370109048942,0.005396004926980148,0.01851856374161035,,,,,,,3.356020379728606,0.15891230154983207,0.568052154395311,1,364,1,exact,0.08893867512104997,735,,,,,,0.0002936249984486494,2cac8634fa5afec56f2492d18dde29a127a929c5
dv3-train-nested-005178,3,train,nested,5178,,,,3:0:2:5178,,train,10,128.79558685989886,,,1.7958151997041938,1.4334733220674054,0.2686140319913894,3.2679305934073066,,,,,50.032214334465266,0.02366890707791896,0.0773483455524461,,,,,,,2.4275142751265655,0.4472717019121851,1.5285552367549324,3,131,1,exact,0.37568482784776885,122,,,,,,0.00015312500181607902,a387deba9d529156ea11ea5ae0faeda68f82b913
dv3-train-nested-005179,3,train,nested,5179,,,,3:0:2:5179,,train,10,169.3341548831287,,,2.1733961358200644,2.1018435465096026,0.09300450054891317,4.564015271752582,,,,,37.068523560821816,0.007147130015534808,0.03261961054010213,,,,,,,6.581689283690575,0.15486265158083257,0.7235622498047227,3,150,1,exact,0.14789316369925276,91,,,,,,0.00012016700202366337,a28eeded81325d9ceb4eeaebbdb183f9c84c2d5b
dv3-train-nested-005180,3,train,nested,5180,,,,3:0:2:5180,,train,10,439.3103824341022,,,3.4715154596656808,0.22363339508980026,0.08011804859111858,3.7944633908223984,,,,,565.868744516593,0.003822474783935267,0.014504240629984129,,,,,,,2.7186607921705725,0.13340530158298453,0.5234854023754929,1,415,1,exact,0.06815735674862096,2043,,,,,,0.0003123340029560495,c270632e486154260f4254fee4aa2560188564b1
dv3-train-nested-005181,3,train,nested,5181,,,,3:0:2:5181,,train,10,379.3500260273929,,,1.7991752354326216,0.8230786882373643,0.11945736271227406,5.861119475956519,,,,,256.1682472543915,0.006133281011152653,0.03594789278598111,,,,,,,4.167540588428027,0.19890955632568277,1.1826795155956442,1,334,1,exact,0.15650057907886608,472,,,,,,0.00016679199688951485,1a2374b88abc6d1ff740e1a38095b65d501cafbf
dv3-train-nested-005182,3,train,nested,5182,,,,3:0:2:5182,,train,10,135.82208635866436,,,2.9308556764989646,0.21718172738174077,0.07269707845427353,8.537333047454437,,,,,213.37949416015832,0.0062378044968898665,0.05325421447485776,,,,,,,1.0457618331874916,0.12104857576959668,1.0404972221341564,2,127,1,exact,0.22125179930897151,694,,,,,,0.00016645900177536532,bad79562295e12096d269bd10bd7d3f1446d6d76
dv3-train-nested-005183,3,train,nested,5183,,,,3:0:2:5183,,train,10,580.787992599873,,,4.51833235127937,4.571358999159151,0.40049149680272245,5.904513070501508,,,,,28.118628081941985,0.016618219274079863,0.09812249291226464,,,,,,,10.868768251962582,0.6668620847851098,3.9935671986140244,1,599,1,exact,0.4267226001739407,174,,,,,,0.00014066700168768875,e66d94c28ed8f4dcbfdc270516b2f35479230618
dv3-train-nested-005184,3,train,nested,5184,,,,3:0:2:5184,,train,10,136.80061300877514,,,4.688137365597461,0.0693252641158562,0.06487965808853928,7.053860304492938,,,,,420.9167246867762,0.005547081295743903,0.03912833655784317,,,,,,,0.4676072379349744,0.1080317170238964,0.7696601778801924,1,133,1,exact,0.16614861549211135,2184,,,,,,0.0002607910028018523,2b9d228a4b73dbf08a27cba8ed9692ef60c19326
dv3-train-nested-005185,3,train,nested,5185,,,,3:0:2:5185,,train,10,155.22274101666946,,,2.90451360715301,0.2955718155731842,0.12636599295642945,4.568034719276736,,,,,180.80852924108368,0.010142675712802,0.04633209480244445,,,,,,,1.1789033235652742,0.21041318025879296,0.9839362453852238,3,106,1,exact,0.21003060255852793,520,,,,,,0.00014783300139242783,a8732e03f9a2c2f26a06f4734c4793cfc975a610
dv3-train-nested-005186,3,train,nested,5186,,,,3:0:2:5186,,train,10,354.49898372107435,,,3.4192277812187584,1.6564517137989183,0.3461189521410937,4.183492619707328,,,,,62.590465347258274,0.01838306331489011,0.0769054097054553,,,,,,,4.211476799476802,0.5763258592282762,2.4789791459352717,1,393,1,exact,0.3543794020365634,278,,,,,,0.0001422909990651533,834a86973e4135d9beb9d2ba112924ff1d77dc3d
dv3-train-nested-005187,3,train,nested,5187,,,,3:0:2:5187,,train,10,274.8841266096091,,,2.512696062396432,0.11935010508533547,0.11036512830223666,10.5463407198321,,,,,916.6148670097527,0.006656670213444667,0.07020351213054493,,,,,,,0.6960098300229521,0.1837699929580761,1.9467939646391583,2,257,1,exact,0.28584428521242694,2443,,,,,,0.0003995830011263024,f8579e81d01acb8247ad5b631bf9aca8b442b4bf
dv3-train-nested-005188,3,train,nested,5188,,,,3:0:2:5188,,train,10,121.74449327351597,,,1.8629402647650795,0.5428772938163606,0.10174962882117414,3.921626016066984,,,,,120.37844238363353,0.009221640136967576,0.03616382387193955,,,,,,,1.9396788378861318,0.1694242453173054,0.6856796303682858,2,123,1,exact,0.16878928884918107,280,,,,,,0.00012245799734955654,691e5d1768ee25ac265ae3967c149048de925397
dv3-train-nested-005189,3,train,nested,5189,,,,3:0:2:5189,,train,10,133.24338942498358,,,1.9671673677453017,0.7924457306754934,0.11802025253455675,6.067564313317999,,,,,85.47415778310882,0.010224302818958558,0.06203661491286957,,,,,,,2.2798861122588123,0.19651661091528236,1.2084627038904017,3,144,1,exact,0.2687395442988255,198,,,,,,0.00011941699995077215,52ccfd4bd6233b9a7fb4f5de84f1aabd68359205
dv3-train-nested-005190,3,train,nested,5190,,,,3:0:2:5190,,train,10,243.3709430583928,,,1.5461020753105943,0.13947895437171354,0.17797342638749558,7.385731718889939,,,,,1128.5527904281482,0.011408296480602206,0.08425861717528417,,,,,,,0.4974267897622461,0.29634519360488903,2.2086969909276597,1,265,1,exact,0.35578682899890657,2013,,,,,,0.00040120899939211085,3bcca997d46bf9c8296b1391afb192ef6f178081
dv3-train-nested-005191,3,train,nested,5191,,,,3:0:2:5191,,train,10,384.0317614144627,,,5.965477870992544,1.5077935563097509,0.21611065101103463,7.70616801660152,,,,,42.695295355630904,0.011027894418021796,0.084982807254618,,,,,,,5.08900283513069,0.3598478380390577,2.796298468354246,1,393,1,exact,0.35706538230071466,299,,,,,,0.00013529200077755377,bee06356c762bcd73413d7e9e98d22f635225260
dv3-train-nested-005192,3,train,nested,5192,,,,3:0:2:5192,,train,10,571.5775871346541,,,1.6033967595972451,19.158960894976808,0.05973226571647793,3.379229745481648,,,,,18.606395074485295,0.0024984542018976806,0.008442850756776253,,,,,,,63.05712952853128,0.09946074651430112,0.3505083871506668,1,793,1,exact,0.04069089351370634,39,,,,,,0.00011512499986565672,75f0d322f29c6ac063de5d511ebc05fd0a5a0f2b
dv3-train-nested-005193,3,train,nested,5193,,,,3:0:2:5193,,train,10,329.4583030338062,,,1.5459579630580893,0.03323367550589244,0.19774384910028145,8.647272312789784,,,,,6412.456048417864,0.01089438590392422,0.09420672159185121,,,,,,,0.12711648037231033,0.32926510679302257,2.8662204795026276,1,320,1,exact,0.3908727514164384,11683,,,,,,0.0035264580001239665,5fff9113252f5d5d450ac58ddb56a889eea96521
dv3-train-nested-005194,3,train,nested,5194,,,,3:0:2:5194,,train,10,651.1690106483467,,,4.293561613157511,0.17578981077186737,0.21919391328667515,8.96183780074642,,,,,862.744751701706,0.00858977183628152,0.0769801419421747,,,,,,,0.8671493104614416,0.3649818064890439,3.2912078676278775,1,634,1,exact,0.31823592000109985,4028,,,,,,0.0010718330013332888,adb3e7021f9e85407c1f9fe1b11a819fd630a254
dv3-train-nested-005195,3,train,nested,5195,,,,3:0:2:5195,,train,10,358.8759200980022,,,1.9754123076593397,0.21954309726767424,0.10152005220329313,4.794247783777298,,,,,827.4976647355534,0.005358949604046944,0.02569213226257629,,,,,,,1.5787986985608533,0.16904197517364378,0.8278710887291036,3,337,1,exact,0.11547948535320576,1693,,,,,,0.0005045420002716128,c48d9b164210abacdd88691dced2c956790ad157
dv3-train-nested-005196,3,train,nested,5196,,,,3:0:2:5196,,train,10,102.84212074732557,,,4.455918237035307,0.3235489660263322,0.11942178697330397,4.440378443076015,,,,,71.33354286442237,0.01177600695714568,0.05228992743802286,,,,,,,1.2572197603703787,0.19885031883463297,0.905084886562325,3,98,1,exact,0.23826226617175392,395,,,,,,0.0002674999996088445,bfc67e18f184723d40131f1cd2af2ca97caf7e26
dv3-train-nested-005197,3,train,nested,5197,,,,3:0:2:5197,,train,10,318.3627888046829,,,2.211738955066034,0.07745583273488316,0.40269869060134883,3.3264190316481894,,,,,1858.3790708345973,0.02256935081871629,0.07507511809532251,,,,,,,0.17925301158455537,0.6705373035346399,2.3290979385355484,1,305,1,exact,0.363141389604875,5472,,,,,,0.0013333340029930696,1021ee1f66916f91412a1ee07fd3dc9dbefe2f3b
dv3-train-nested-005198,3,train,nested,5198,,,,3:0:2:5198,,train,10,442.20742833795396,,,2.8702002166843315,8.009769675699758,0.07571487234343294,6.605691148345109,,,,,19.23507184958237,0.0036005444565423796,0.02378408464580505,,,,,,,30.732241258672996,0.12607353220548306,0.8422915560607178,2,500,1,exact,0.10184388707971948,63,,,,,,0.00023750000036670826,af37cdee3ea44e6a517f17dcd4ee4fdd08c58965
dv3-train-nested-005199,3,train,nested,5199,,,,3:0:2:5199,,train,10,142.45087326506354,,,2.217054333250385,3.3354641556128795,0.09873749601246251,11.31321441815814,,,,,19.263380430747205,0.008272743352946024,0.09359131937827087,,,,,,,6.658604739795216,0.16440871519868092,1.8672431340101054,1,97,1,exact,0.3788341285728872,32,,,,,,0.00020604200108209625,6412c2e7444a0e9b36d2bd546538fe06dbaae36e
dv3-train-nested-005200,3,train,nested,5200,,,,3:0:2:5200,,train,10,430.95312854481637,,,4.697265715441459,0.07229072782679793,0.28941959879377477,5.329555704268419,,,,,1269.1189021298146,0.013941609631493596,0.07430258513821023,,,,,,,0.26913553488738856,0.48191524307033606,2.6132146337960007,2,410,1,exact,0.32818161509429045,7003,,,,,,0.001469334001740208,24ff7d4f7e1b62f0b07323541482ad03a9c32733
dv3-train-nested-005201,3,train,nested,5201,,,,3:0:2:5201,,train,10,101.4360075662255,,,3.939790570175754,0.2846062862821312,0.054787098749682954,3.1094227098624785,,,,,90.46373667185014,0.005439791189230412,0.016914610260702862,,,,,,,2.341981224637056,0.09122650339200135,0.29797024984907555,2,84,1,exact,0.08313638751479621,363,,,,,,0.0002399160002823919,c432980fe578de1a073cc47b03ce1d0a90144bbd
dv3-train-nested-005202,3,train,nested,5202,,,,3:0:2:5202,,train,10,106.76636745877536,,,1.5490089903404134,0.13961780295769002,0.20163858060026052,4.393898627490376,,,,,493.67340178196133,0.01951445371512315,0.08574453139510407,,,,,,,0.2993330948616431,0.33575026013208,1.5129766991438096,2,90,1,exact,0.39145990086726906,1023,,,,,,0.0004412499984027818,016acb99cfe132403e70678ae0a51d97aca69f9d
dv3-train-nested-005203,3,train,nested,5203,,,,3:0:2:5203,,train,10,148.63211694123154,,,3.0786022330147063,0.6711617028883743,0.19096325796728553,3.439381555023388,,,,,71.93361995482502,0.01566366851483732,0.05387333257393207,,,,,,,1.988928857972603,0.317974681964721,1.1389241234855685,5,123,1,exact,0.25860925339828295,236,,,,,,0.00023912500182632357,711411be6ee903c58762f2fdda6c504f99dab00c
dv3-train-nested-005204,3,train,nested,5204,,,,3:0:2:5204,,train,10,520.7175356668125,,,3.4698235239817774,0.18376933324978734,0.3474220378666399,5.537464210078442,,,,,816.6233177364543,0.015224963557844745,0.08430769080131381,,,,,,,0.5774943275014532,0.5784956392873506,3.255214540690168,1,475,1,exact,0.3701635824028729,3527,,,,,,0.000908750000235159,f47fcc2993de01139f9852bb9b0b6d5d05c68dcc
dv3-train-nested-005205,3,train,nested,5205,,,,3:0:2:5205,,train,10,128.52742610109144,,,1.6626569467284291,5.10442503796603,0.20379638624670104,4.030596802726213,,,,,15.144199738106831,0.017976228238401556,0.07245492806277797,,,,,,,7.239341743920834,0.3393432422139323,1.4092230941784907,4,187,1,exact,0.3363149610829059,32,,,,,,0.00021562500114669092,fa2ef6b544ef2464cf44472eae13551cf8cc1105
dv3-train-nested-005206,3,train,nested,5206,,,,3:0:2:5206,,train,10,188.20717956952794,,,4.8247651844553445,0.7082608911009716,0.05234298562499023,3.1284017187574675,,,,,55.07655193002364,0.00381540283228107,0.011936112778260208,,,,,,,7.414045455620972,0.0871567880876934,0.2862526325754825,1,195,1,exact,0.05858014622651551,265,,,,,,0.00022820800222689286,b83fa2d9d12bebfacdb6eccddf2a419062219dcd
dv3-train-nested-005207,3,train,nested,5207,,,,3:0:2:5207,,train,10,594.4676853179043,,,1.8447447072022847,0.5638231912574192,0.31445206388594427,5.823751364378542,,,,,571.5431754975464,0.01289704822160698,0.07510920217703951,,,,,,,1.8484907953313838,0.5235970315525956,3.093925952083694,1,641,1,exact,0.3272966960557068,1362,,,,,,0.0005477919985423796,19a582f610a3359918a1d56e40663b281bfc298b
dv3-train-nested-005208,3,train,nested,5208,,,,3:0:2:5208,,train,10,234.1033501372527,,,3.1467581789576347,0.3007259197972388,0.2100201807505446,5.3119555727963705,,,,,247.38501946607997,0.013726417796611764,0.07291412150924313,,,,,,,0.9756903485785222,0.3497065398400781,1.8902559470806002,6,277,1,exact,0.3222175939872452,1084,,,,,,0.0003431250006542541,b57a4b671a5f10b87ff005e5ff59eb6da965beec
dv3-train-nested-005209,3,train,nested,5209,,,,3:0:2:5209,,train,10,153.66981517018098,,,2.5953847229387725,0.1516997258871927,0.2009206894928128,4.776835085333512,,,,,390.3031253715592,0.016208035356173187,0.07742311195369413,,,,,,,0.4091794229394531,0.33455489302845054,1.6327565336882652,1,147,1,exact,0.3482157803975258,1334,,,,,,0.00028595899857464246,49515ea20e68a85454fa7b3b26cf53eb261f5f7d
dv3-train-nested-005210,3,train,nested,5210,,,,3:0:2:5210,,train,10,159.4413939879428,,,2.8246697119705813,0.032753666399823515,0.05713645191261775,5.8308765129779685,,,,,1723.3499988018937,0.004524938974646488,0.026384360389924817,,,,,,,0.2818705393310446,0.09513843301007993,0.5628394916107725,2,153,1,exact,0.11495219389072547,5441,,,,,,0.000641041999188019,002ffe33015386f4283062ce281c2756503d8f01
dv3-train-nested-005211,3,train,nested,5211,,,,3:0:2:5211,,train,10,207.326602213708,,,2.636298209614945,0.28130309752779836,0.10512151351781292,9.471886798761203,,,,,279.5670483451617,0.007300693060663178,0.06915133822310307,,,,,,,1.3212844999275972,0.1750388016222628,1.6671620214048184,2,227,1,exact,0.2843263646909001,840,,,,,,0.00023808299738448113,0a39ad6183300d8b92d98ab7f49e310de0308289
dv3-train-nested-005212,3,train,nested,5212,,,,3:0:2:5212,,train,10,205.71670771038893,,,3.282430308524882,0.5396501929691854,0.12769837373914866,3.1603441083404658,,,,,116.13462301338777,0.008903291318373334,0.02813746426285998,,,,,,,2.9921913782537297,0.21263173978773453,0.7048277089427517,2,168,1,exact,0.1377551806403412,385,,,,,,0.00014450000162469223,5183a3882e60056cdcc594033dc05a05d93cf6ad
dv3-train-nested-005213,3,train,nested,5213,,,,3:0:2:5213,,train,10,191.00404447952795,,,2.658745212776682,0.1589618296034569,0.053172299192967204,4.06878341224275,,,,,451.9318920171434,0.003847371805721639,0.01565412258385064,,,,,,,1.4756186337076738,0.08853768575792315,0.3709612649355708,3,177,1,exact,0.07252637912584077,1193,,,,,,0.00018812499911291525,2863ddb81225f4fd9bd31d3fe90997650aa88187
dv3-train-nested-005214,3,train,nested,5214,,,,3:0:2:5214,,train,10,377.36393868342344,,,2.7061518365898207,2.1744719593145763,0.05856455294809148,6.552403451464973,,,,,64.12899356669124,0.0030147731197974004,0.01975400979554431,,,,,,,12.191307017843245,0.0975163772146454,0.6463650820842787,1,317,1,exact,0.08467747901591748,153,,,,,,0.00012154100113548338,7ca9866eb741ee60289e1c39f61f039480cbae82
dv3-train-nested-005215,3,train,nested,5215,,,,3:0:2:5215,,train,10,389.2408141561166,,,2.157418452102392,0.22444677442565245,0.12279217594450612,5.46046745258117,,,,,803.8418538360283,0.006223884279466619,0.03398531753665908,,,,,,,1.4397063874553924,0.20446238459337177,1.1350278572554031,3,396,1,exact,0.14953868442118595,1923,,,,,,0.0004589159980241675,98bf8d83875807e8a43381254ed3cd72bf46abcd
dv3-train-nested-005216,3,train,nested,5216,,,,3:0:2:5216,,train,10,120.12681023442566,,,2.1755928939473166,3.606061096046431,0.08821878397842801,4.1541516425882845,,,,,15.311905253013935,0.008048984562998756,0.03343670244354902,,,,,,,8.618647177518152,0.14689391078393013,0.6276509840505576,1,114,1,exact,0.1542859538878057,36,,,,,,0.0001139169980888255,2bd6e74b91b81a0f6e31cac4607b97026490dd38
dv3-train-nested-005217,3,train,nested,5217,,,,3:0:2:5217,,train,10,100.04334079426482,,,2.2594795770751004,0.6850216251705336,0.06447430553257,3.9059362598661833,,,,,64.63615056434939,0.006446033823450223,0.025177797243338077,,,,,,,2.8296745712938227,0.10735676074466283,0.43285332732665244,9,95,1,exact,0.11760954907065119,154,,,,,,0.00013254200166556984,bb22f9da521cc1d23793a9a96d06f893e936a1ce
dv3-train-nested-005218,3,train,nested,5218,,,,3:0:2:5218,,train,10,669.3144515978693,,,3.1598725807020895,0.04725620352221778,0.18919559724987223,3.8803665919773134,,,,,4482.309114398556,0.007313005914156822,0.028377143836226644,,,,,,,0.35195835525853036,0.31503133380223153,1.262377564181047,1,700,1,exact,0.13273225529005805,16134,,,,,,0.0014030829988769256,3a13067dd76cf8cac8c42a1b60d88ef63d9cd293
dv3-train-nested-005219,3,train,nested,5219,,,,3:0:2:5219,,train,10,474.74584100200934,,,2.1345042775924807,0.04306816494153622,0.19741328962629728,4.65850349116573,,,,,5164.256106125145,0.009060367239903507,0.04220775241833409,,,,,,,0.22507547494069186,0.3287146891643678,1.5662023426809308,1,484,1,exact,0.19066698218730008,12549,,,,,,0.0013599170015368145,d62d3f6c6ef0648d008c2c725badc65ef4dc4f12
dv3-train-nested-005220,3,train,nested,5220,,,,3:0:2:5220,,train,10,266.6643617335042,,,3.1197805867033073,0.08540609868915074,0.054051055821245066,6.062144632145854,,,,,1000.8109380551787,0.0033099519753333195,0.02006540759992745,,,,,,,0.9517955482930266,0.09000091152383939,0.5529719105455217,1,252,1,exact,0.08693334761384909,3301,,,,,,0.0003607500002544839,decfee28ac0afdc112fcf66e1803d4ada5e23237
dv3-train-nested-005221,3,train,nested,5221,,,,3:0:2:5221,,train,10,148.8864634719677,,,3.227204738799113,1.2041167166814781,0.17243868668738205,4.786833546631283,,,,,38.31423069526006,0.014132112937972658,0.0676480722962695,,,,,,,3.012536408146413,0.2871292474871148,1.4041112072080029,2,235,1,exact,0.3041418570697658,229,,,,,,0.0001393329985148739,b4e34a0bd34bcbd981c793c2b694c2bc40a045f4
dv3-train-nested-005222,3,train,nested,5222,,,,3:0:2:5222,,train,10,317.2439957673526,,,1.5583259768845719,4.9850359722896895,0.29134863221703344,5.778085246030186,,,,,40.83822000321693,0.016357475478581487,0.09451488772509226,,,,,,,9.099104611597841,0.48512729441355873,2.84477706916456,3,234,1,exact,0.41233614653589246,66,,,,,,0.00012866600081906654,0d0bd1ede0a1d745726d094f7da9a03b6bbb974c
dv3-train-nested-005223,3,train,nested,5223,,,,3:0:2:5223,,train,10,476.33160500455506,,,2.645677599474364,0.07628631533565086,0.1731837530252013,6.9733003030995535,,,,,2360.075188987492,0.007935100795922068,0.05533384078532887,,,,,,,0.42182784003139306,0.2883698643174544,2.0314611520748085,1,478,1,exact,0.2352982367580046,6842,,,,,,0.0008850000012898818,8e1699f7a55fb8687e8f0266d60cb02bfaf0595f
dv3-train-nested-005224,3,train,nested,5224,,,,3:0:2:5224,,train,10,138.3236788806071,,,2.5180813791384056,0.043526081927173194,0.14023157296575325,6.844780470302517,,,,,1262.0518399564985,0.011923329340963592,0.08161257181401257,,,,,,,0.1486154225868621,0.23350088540507002,1.6152290994735645,1,136,1,exact,0.34786155837730937,3716,,,,,,0.0006292500002018642,5487822845ee1e34920f9d5d59344fbf725c55f6
dv3-train-nested-005225,3,train,nested,5225,,,,3:0:2:5225,,train,10,483.07606046365504,,,4.868258973331884,0.04493245657123022,0.06968207701410328,5.990752857359236,,,,,2208.420041240225,0.0031703946703505147,0.01899305093035884,,,,,,,0.6544031741307088,0.116028269066275,0.7047140980188289,1,483,1,exact,0.08242621956353827,11080,,,,,,0.0008740000012039673,3cd06d5e4e4f8d4ae2acd018ae59b4e92d318068
dv3-train-nested-005226,3,train,nested,5226,,,,3:0:2:5226,,train,10,144.29407107770012,,,2.8773216538996964,0.18018260913300874,0.09568556777786363,5.255617935042138,,,,,278.3217850439601,0.00796566787790893,0.04186450696372722,,,,,,,0.8517074218074784,0.15932692134940557,0.8523844347355267,10,127,1,exact,0.18531924170918374,809,,,,,,0.00018799999816110358,4fc8d39b1fb9e7a7f98349ec19b9d8c14cad6e4e
dv3-train-nested-005227,3,train,nested,5227,,,,3:0:2:5227,,train,10,781.246477767408,,,2.721747951148673,2.832623891274631,0.1776664180184253,4.48472137302908,,,,,101.3330825007519,0.0063564013369289615,0.028506688931275934,,,,,,,14.387484489576153,0.2958339911382221,1.3593153660704878,1,683,1,exact,0.12965640744138351,273,,,,,,0.00015829200128791854,d3269d1f893be0782874b98206be458cee681661
dv3-train-nested-005228,3,train,nested,5228,,,,3:0:2:5228,,train,10,247.63063436887953,,,4.135489712974938,1.096329272581425,0.1625392284520665,4.9560004320284,,,,,54.61807823469268,0.010328946044264823,0.051190261057774494,,,,,,,4.239478504498955,0.27064556828356484,1.368351989732004,1,297,1,exact,0.2287909453846464,300,,,,,,0.0001416670020262245,36b715831a670db0fb305efb6682e679a6d95ddb
dv3-train-nested-005229,3,train,nested,5229,,,,3:0:2:5229,,train,10,705.5550965856511,,,5.604708515182198,0.18498986527865374,0.10679890728619364,5.7496807411802475,,,,,680.502877764487,0.004020696969297093,0.023117723930489283,,,,,,,2.1942902147984213,0.1778318454554479,1.0378256235754435,1,728,1,exact,0.10092823471554052,4209,,,,,,0.0005212500000197906,024ba1931679fb73c82d1a6ec46659b51d4d2a4f
dv3-train-nested-005230,3,train,nested,5230,,,,3:0:2:5230,,train,10,498.7923877447996,,,5.075848242661418,0.033719228834592864,0.13728173447583608,5.112798901666726,,,,,2914.29528827469,0.006146853310011962,0.03142762485213564,,,,,,,0.2996873046046252,0.22858908213116802,1.1908748045843016,2,499,1,exact,0.1397401037174214,15995,,,,,,0.0021310830015863758,86c78f55a56c9d3135a67a00d6408e7c152c64f7
dv3-train-nested-005231,3,train,nested,5231,,,,3:0:2:5231,,train,10,291.8002473703042,,,1.5871533674524425,0.15916652395720413,0.05620249545217268,6.022054908536104,,,,,1155.0878855308672,0.0032901278265053376,0.019813330427317692,,,,,,,1.5091174036550337,0.0935832934945518,0.5712809403314718,1,308,1,exact,0.08592214211700495,1959,,,,,,0.0005922080017626286,5cf89ac25e603f1727ced14d44a858353c86ec85
dv3-train-nested-005232,3,train,nested,5232,,,,3:0:2:5232,,train,10,493.9760542948898,,,5.337693418161937,0.3282114899807509,0.2611664913837681,5.052045044639274,,,,,281.9671343504603,0.011750720766180512,0.05936517061772207,,,,,,,1.498504569274579,0.43487073336286647,2.2396121055467413,1,475,1,exact,0.2644811724346093,1781,,,,,,0.0006743750018358696,ff57db07cc9a03d74e3a17ede7057a7ac50a4466
dv3-train-nested-005233,3,train,nested,5233,,,,3:0:2:5233,,train,10,340.6907167398676,,,2.1670555665741933,0.10281802619529992,0.3265050137314143,3.947865034536958,,,,,1529.047545920488,0.017689261600762358,0.06983481736042697,,,,,,,0.28174831059853894,0.5436665094963927,2.2141073631043544,4,377,1,exact,0.3255034925309878,4272,,,,,,0.0011689999992086086,e9a05aee0f80a243b7f573df770943f973304a55
dv3-train-nested-005234,3,train,nested,5234,,,,3:0:2:5234,,train,10,361.20734105383383,,,2.1431359353895076,3.629552349792362,0.15629610283986492,8.353027918837387,,,,,46.43589120559426,0.008223749351554623,0.06869320793105663,,,,,,,10.307041837101327,0.2602500822506145,2.189398970249474,2,305,1,exact,0.2860554321451216,94,,,,,,0.0002651659997354727,82e7b1ae32d101d3c41bfff911c13750d43ea386
dv3-train-nested-005235,3,train,nested,5235,,,,3:0:2:5235,,train,10,284.3930039746711,,,2.0585153223508965,0.04096488848982718,0.06448565604083105,4.1585223334297545,,,,,3372.5083035133275,0.00382387483383423,0.015901668896739638,,,,,,,0.4735326083456849,0.10737566058064626,0.45925296822036216,3,285,1,exact,0.07335962231858116,7375,,,,,,0.0011860840022563934,e18c6d91ef95c0cec6fabacb80a1a8f01193f887
dv3-train-nested-005236,3,train,nested,5236,,,,3:0:2:5236,,train,10,230.6511389202626,,,1.9883133219065345,0.3686938600378752,0.20300587860334898,5.935603160666313,,,,,314.633438004344,0.013366903495130958,0.0793406346340209,,,,,,,1.106072631494443,0.338026960646676,2.034669184916678,1,234,1,exact,0.3447808626283268,726,,,,,,0.0004497500012803357,0fc1f9e05458f1e10ca018d391498d0e55cd51c7
dv3-train-nested-005237,3,train,nested,5237,,,,3:0:2:5237,,train,10,498.4927478936993,,,5.0595837509504875,0.6226435834994823,0.22148249894147073,5.520837419931332,,,,,158.23572398954897,0.009919961637410088,0.0547664954120969,,,,,,,2.9700690372048797,0.3687925515689027,2.0691742245008258,1,449,1,exact,0.24057000015283728,831,,,,,,0.0003794170006585773,81ccd666e07ca0984a60e9da81f97901cf268992
dv3-train-nested-005238,3,train,nested,5238,,,,3:0:2:5238,,train,10,100.73708792939415,,,5.002332785609524,0.42134581207186395,0.10561908904919451,7.090913740603646,,,,,47.79452286293623,0.010523197498952225,0.07461908574040625,,,,,,,1.35991786839379,0.17586731922836477,1.2593998307637,5,78,1,exact,0.31664555497651103,283,,,,,,0.00025800000003073364,e641a565c978118bdbabeff7fc55fec3451731bc
dv3-train-nested-005239,3,train,nested,5239,,,,3:0:2:5239,,train,10,353.9505410100786,,,2.2538376267991325,0.3639735964773906,0.07403305213521981,9.046777828422174,,,,,431.4694742204882,0.003935087231008509,0.03559985991439498,,,,,,,2.6297057345373167,0.12327311786651098,1.1220169197927554,1,353,1,exact,0.14703112018537456,1060,,,,,,0.0005327910002961289,580c33287699780b3f5696fdab6ec10b475cce9c
dv3-train-nested-005240,3,train,nested,5240,,,,3:0:2:5240,,train,10,543.6531466864456,,,2.717173338143315,9.454396234077937,0.17744743586360384,9.062883454654653,,,,,21.162684722439906,0.007610422628935723,0.06897237332671094,,,,,,,23.77298271313256,0.2954693619327064,2.6940561433655716,1,603,1,exact,0.2848126806613385,72,,,,,,0.00022616700152866542,12e5e6ba1de55a9a27afd89da3da4fc131a64876
dv3-train-nested-005241,3,train,nested,5241,,,,3:0:2:5241,,train,10,275.00934510779547,,,4.410071341688576,2.8423871650593697,0.3488614111024637,4.575839161711734,,,,,21.93908967750761,0.02103677719150468,0.0962609089090913,,,,,,,6.112517554053229,0.5808923529366747,2.7208035449033323,3,309,1,exact,0.43623202831392205,142,,,,,,0.0001403339992975816,4b6e003ca9b76191ec8a31b146450febdbbf6e99
dv3-train-nested-005242,3,train,nested,5242,,,,3:0:2:5242,,train,10,106.12353199170545,,,3.631253883052181,0.031371883757213406,0.05605324349315649,5.048714365856586,,,,,931.567833976797,0.005441202639325656,0.027471077932700212,,,,,,,0.24004527678254653,0.0933347726811453,0.4803751043545294,2,100,1,exact,0.12240131402130691,3581,,,,,,0.00041775000136112794,77aaac2e34134647f35c77032aa5fc18a815cc8b
dv3-train-nested-005243,3,train,nested,5243,,,,3:0:2:5243,,train,10,646.704474964435,,,2.1600100182431143,0.0463823980310555,0.07322052895380962,6.74730167860569,,,,,6455.009744345039,0.002879253668772145,0.019427193112437884,,,,,,,0.6007836789724207,0.12192017802379983,0.8316178823305849,2,635,1,exact,0.0829580433112599,14413,,,,,,0.0012562919982883614,96c9c054c6c7fb1b291bedef46a7d369a184eb5f
dv3-train-nested-005244,3,train,nested,5244,,,,3:0:2:5244,,train,10,594.1699299180406,,,4.099283275635896,0.8080728775169895,0.10482249972235502,7.437229319519284,,,,,179.37099123105307,0.004300304193941245,0.03198234843403157,,,,,,,5.788682728123414,0.17454091099384633,1.3097824882254374,1,640,1,exact,0.13493578325949276,854,,,,,,0.00020466699788812548,3edd45d922452baf942c8010a91e5f0760c792f7
dv3-train-nested-005245,3,train,nested,5245,,,,3:0:2:5245,,train,10,177.48250574762727,,,3.356369219891801,0.1364832228718444,0.10992123891058146,4.568779567544647,,,,,387.4418704370471,0.008250947786714572,0.03769676166081926,,,,,,,0.7428614118339845,0.18303086863834309,0.8560239793303163,3,189,1,exact,0.17088028890430604,1520,,,,,,0.000283041998045519,71fd10d3a4b639615b84acc6dc14c8d1c870082c
dv3-train-nested-005246,3,train,nested,5246,,,,3:0:2:5246,,train,10,258.0375141583842,,,2.141450376729515,0.08432925232764756,0.07654408628267123,6.5881381055117405,,,,,1428.8827210652155,0.004765080243170483,0.031393006725852615,,,,,,,0.685798532934005,0.1274542639829812,0.8493042214011614,2,280,1,exact,0.13447252152033712,3463,,,,,,0.0005578750024142209,a22cb9d1471c135751e98db4f1406456623b5330
dv3-train-nested-005247,3,train,nested,5247,,,,3:0:2:5247,,train,10,731.4778107981706,,,1.9039392918299725,0.41811294812300875,0.18930265713894737,3.555087204289242,,,,,918.8707835570683,0.006999324551040426,0.02488320915007136,,,,,,,2.716429927596637,0.3152096002108706,1.1640859546867364,1,735,1,exact,0.11857166843253104,1991,,,,,,0.0004885420021309983,534b9a7eab1f1b40a54a82896a31f78413923def
dv3-train-nested-005248,3,train,nested,5248,,,,3:0:2:5248,,train,10,619.4774967137613,,,4.783426888066581,0.03471562116736063,0.08413092929750171,3.9728108443698673,,,,,3730.4519788834714,0.0033802040575410357,0.013428911335982053,,,,,,,0.6298307305995668,0.14008718625523459,0.5738998797114852,1,609,1,exact,0.06251337725443921,18993,,,,,,0.001647208999202121,a6dc261b42e41113b1bed24d9edb1cfa9e4cf761
dv3-train-nested-005249,3,train,nested,5249,,,,3:0:2:5249,,train,10,486.8772652904745,,,2.797490761886319,0.43574157883146325,0.106566454721056,11.530895710619086,,,,,399.41266512695427,0.004829595631032457,0.05568956354589684,,,,,,,2.9310421735476004,0.17744478654548634,2.053777234298235,1,502,1,exact,0.2250717506649165,1187,,,,,,0.00029658400308107957,66b8ed23ef609c0995b6ba6ea9d34d7feb66047c
dv3-train-nested-005250,3,train,nested,5250,,,,3:0:2:5250,,train,10,220.53653167683893,,,3.3909895132109433,0.06261414555336793,0.17449720943826488,6.83141526913621,,,,,1038.6796790335754,0.011750280009539295,0.08027104227379271,,,,,,,0.23401490413810694,0.2905569127039559,2.006068443212374,1,214,1,exact,0.34222881458514187,4242,,,,,,0.0006175829985295422,e53b6c0f5d811ff196b0df5e584893fa65e5b42f
dv3-train-nested-005251,3,train,nested,5251,,,,3:0:2:5251,,train,10,623.3912291610054,,,2.228895059330851,8.934760938839068,0.13285741024639094,6.01698550643366,,,,,31.303156265621496,0.00532114923031349,0.0320172777963669,,,,,,,28.51054257898746,0.22122209905420548,1.349348080015216,1,569,1,exact,0.1388622256532083,73,,,,,,0.0001384999995934777,41655bf0110592e0b55d6b653bcc48dce1499677
dv3-train-nested-005252,3,train,nested,5252,,,,3:0:2:5252,,train,10,140.4376768863087,,,5.720593956351891,0.4219003935036831,0.06181506934350718,4.319495329932356,,,,,58.187886545455356,0.005216179672823784,0.02253126373685042,,,,,,,3.6633601239952283,0.10292884204193949,0.4563596024423123,10,143,1,exact,0.10319319946982694,344,,,,,,0.0001315829977102112,805ca312734e95f0aeb0a6448b80872a6ac146f4
dv3-train-nested-005253,3,train,nested,5253,,,,3:0:2:5253,,train,10,549.974903127532,,,1.8396942395459668,3.189546920889936,0.08259539229910604,5.230238361155168,,,,,93.72775786056978,0.0035219597167885958,0.018420688817190906,,,,,,,15.96448185167965,0.13753034943799944,0.7323461188462684,1,565,1,exact,0.0816050716324297,178,,,,,,0.0001360829992336221,4c29845420feadb4d4c37cdfe9f04398587075ed
dv3-train-nested-005254,3,train,nested,5254,,,,3:0:2:5254,,train,10,207.598875037283,,,3.7538455862971105,0.12531180816871665,0.0742515631819675,8.155342861348755,,,,,441.32303392117683,0.005153391101158534,0.04202767132857145,,,,,,,0.8813993450016671,0.12363696262562836,1.015853660645676,1,212,1,exact,0.17546714897747945,1951,,,,,,0.0002715420014283154,2d0fc16755bb109daeb85778a41d702e35b779a2
dv3-train-nested-005255,3,train,nested,5255,,,,3:0:2:5255,,train,10,108.80212117775343,,,2.5586284131629404,0.04615837425792027,0.06071829127536654,6.49065276735225,,,,,921.2545373163475,0.005821043705251372,0.03778237343436821,,,,,,,0.2829447306005074,0.10110258676584524,0.6639644294732577,2,114,1,exact,0.162161827164446,2650,,,,,,0.0003401670001039747,d433d90758ca3c12958a7b2fa87faf4f491d5b5a
dv3-train-nested-005256,3,train,nested,5256,,,,3:0:2:5256,,train,10,121.77092086711619,,,5.8657225807816,0.042217581220230095,0.11456804053886316,5.562392003354017,,,,,491.73228550764264,0.010382254971483724,0.05775017203016355,,,,,,,0.20300722173071278,0.19076830088386512,1.0781397536434283,1,112,1,exact,0.25338561921323194,3133,,,,,,0.0003884170000674203,62a442cc4ab667ddc34b493932e99db26ca5e7b8
dv3-train-nested-005257,3,train,nested,5257,,,,3:0:2:5257,,train,10,178.57729511914943,,,4.949430739959374,0.08937471085436609,0.06149812125716067,9.648883670945075,,,,,403.6977597699099,0.004602022399757096,0.04440437878633972,,,,,,,0.6801236220451743,0.1024010888603687,0.9933483909890766,1,170,1,exact,0.18225561390394887,2233,,,,,,0.0012146249973739032,deea5797ebfb3240bce77acfca614d8c4b7edcbb
dv3-train-nested-005258,3,train,nested,5258,,,,3:0:2:5258,,train,10,724.8633178495131,,,1.912844723316407,0.18168554567330653,0.13026908806626275,7.803539352549422,,,,,2085.720106165299,0.004838528590886566,0.03775764826741882,,,,,,,1.4725696108677726,0.21691225992175053,1.7065250872366384,1,741,1,exact,0.1584158839534235,4296,,,,,,0.0009734580016811378,c621039146a048f4f31437d8f5c19f38b5c7817f
dv3-train-nested-005259,3,train,nested,5259,,,,3:0:2:5259,,train,10,235.7842510912104,,,1.6318004477048993,0.08632988455243373,0.06511892332813596,9.833538832412861,,,,,1673.7345668317184,0.004240819757524541,0.04170226576688127,,,,,,,0.7056244775276843,0.10843011978092833,1.0717508936088789,3,233,1,exact,0.17086309245796547,2782,,,,,,0.0019217500012018718,5c43fffc6c1a3f9d7497b9c72b498010eec2c316
dv3-train-nested-005260,3,train,nested,5260,,,,3:0:2:5260,,train,10,732.7621642330039,,,1.8145343137414334,10.402788800491154,0.11098035719115938,3.1815387341060184,,,,,38.819333080833104,0.00409981820829271,0.013043730432476393,,,,,,,44.922061323529505,0.1847944162548562,0.6162883729667575,1,484,1,exact,0.06375714001423162,57,,,,,,0.00014491600086330436,754a3af5121384cb811a0894ceffe4e046e300f2
dv3-train-nested-005261,3,train,nested,5261,,,,3:0:2:5261,,train,10,401.93625892515274,,,4.337159057004716,0.05063446191720138,0.062351343425221785,4.010406532369826,,,,,1830.2298636504147,0.0031100489335549766,0.01247256055911869,,,,,,,0.9009703941374615,0.10382179696109119,0.4291164812250684,1,412,1,exact,0.05795198158967154,8111,,,,,,0.0006806669989600778,1335fac1d6941f5fca3f5b5be4eeb8e26b751ae2
dv3-train-nested-005262,3,train,nested,5262,,,,3:0:2:5262,,train,10,172.60791776940678,,,1.864999917063296,1.510345117596218,0.08539374083582127,9.609962888279034,,,,,61.27815780667588,0.006499735477015686,0.062462216717751366,,,,,,,4.680889986382768,0.14218990539373677,1.373817841265116,4,168,1,exact,0.2564706370815452,110,,,,,,0.00011879200246767141,159544ef37e24293087c5be6f7785c28c7e7470c
dv3-train-nested-005263,3,train,nested,5263,,,,3:0:2:5263,,train,10,478.5767894192934,,,2.6307122587421574,0.03174974276391411,0.20628726255458654,4.763430451457807,,,,,5729.781651195357,0.009429672223103348,0.04491758781479632,,,,,,,0.16484719083836447,0.34349082332583936,1.6718609005031044,1,438,1,exact,0.20211835602029557,17064,,,,,,0.0018442500004312024,20f405c6580ccf5cbd68304ed02bb2a83c211a2b
dv3-train-nested-005264,3,train,nested,5264,,,,3:0:2:5264,,train,10,597.3613433830293,,,2.4997788697294387,0.04628789843005261,0.1245805562380328,4.1911479182788245,,,,,5162.595029714152,0.005097200395392721,0.0213631208262002,,,,,,,0.4477040376979188,0.20744023311313017,0.8938175962051975,1,603,1,exact,0.09840637083355687,13935,,,,,,0.002327375001186738,31f99f281242fedf3e0d6c7967441f8be3b73c8e
dv3-train-nested-005265,3,train,nested,5265,,,,3:0:2:5265,,train,10,521.7555387403806,,,5.004854449550201,0.3277775136835404,0.06688819841827368,6.782866348549836,,,,,318.05077599038225,0.00292830267823203,0.019862285694548395,,,,,,,3.8721103960057963,0.11137615605032954,0.7636155560394946,1,503,1,exact,0.08475857387160494,1650,,,,,,0.00024945800032583065,48401fb48367222e454555f47abd4bfd4e4715dd
dv3-train-nested-005266,3,train,nested,5266,,,,3:0:2:5266,,train,10,118.7758750438427,,,1.572068613946985,4.4922331079202085,0.08055092876524704,4.25379504630609,,,,,16.818778737259635,0.0073910549811588904,0.03144003306582964,,,,,,,9.063008208978534,0.1341260943530833,0.5860983791673873,3,59,1,exact,0.14441345659493138,26,,,,,,0.00010108399874297902,00b7c93a8b396ce50b9c5584972894edb53be6a0
dv3-train-nested-005267,3,train,nested,5267,,,,3:0:2:5267,,train,10,276.70109013079724,,,2.5642001214373424,0.4305987777495163,0.11194913414082622,6.824733163261865,,,,,250.60293958613187,0.0067300037132703395,0.045930479530831576,,,,,,,2.2434915588169666,0.18640753568811302,1.2857659287346037,1,289,1,exact,0.19584520531687766,663,,,,,,0.0001678750013525132,5ba352126fefc34ab7314c4f9e2f01c375ac1d0b
dv3-train-nested-005268,3,train,nested,5268,,,,3:0:2:5268,,train,10,146.85332317125295,,,1.6337665986008512,2.379480426483555,0.26862957797176285,4.320465706621039,,,,,37.775622444821146,0.02216725618637186,0.09577287016310268,,,,,,,3.589556833440761,0.4472975876674749,1.983623543131345,1,137,1,exact,0.4386212741904217,77,,,,,,0.00010954199751722626,711d6da5ddddef2979f652ce40c3358a6fcb603c
dv3-train-nested-005269,3,train,nested,5269,,,,3:0:2:5269,,train,10,117.84957640568014,,,1.5001463548852008,4.386584190628643,0.11248941168665245,5.464020821516885,,,,,17.908859351213124,0.010362096501439245,0.05661871103843131,,,,,,,7.349880509545034,0.18730715681227822,1.0404490822635373,1,137,1,exact,0.24910272744991271,33,,,,,,9.899999713525176e-05,eed7e0855c78f362482e788e313e77e02ed11a26
dv3-train-nested-005270,3,train,nested,5270,,,,3:0:2:5270,,train,10,439.35048473487495,,,2.5727961343458965,0.5234540978461133,0.2582471165233841,3.209246209515627,,,,,326.2324302222816,0.012320545193803588,0.03953966296238014,,,,,,,2.2386203182484374,0.4300096553594454,1.4454505275994207,2,441,1,exact,0.1928689690720104,1016,,,,,,0.00020833300004596822,a0083a9033bbf19e817562928aff10b980d4a6c1
dv3-train-nested-005271,3,train,nested,5271,,,,3:0:2:5271,,train,10,294.5068131423859,,,1.783892726623188,0.24123645396595134,0.12159588592574198,6.753784659646943,,,,,684.3585153830766,0.00708551151474637,0.04785401897404581,,,,,,,1.2867079222467235,0.20247043105056375,1.3823498307048196,1,227,1,exact,0.2043210195910131,1207,,,,,,0.0002357500015932601,e0b5aff288afed6ae3ec0fb580c00450d2050e7b
dv3-train-nested-005272,3,train,nested,5272,,,,3:0:2:5272,,train,10,452.83626005275596,,,1.6370838337510851,0.06618605399661392,0.11467677022468203,8.845028202721373,,,,,4179.302298454007,0.005388958702335551,0.047665491705458723,,,,,,,0.49458843552172294,0.1909493476864616,1.6997122540516716,2,452,1,exact,0.19731037569337775,7496,,,,,,0.0009342500015918631,e49050c5d63ef60736a084bb63ed960db5f58f50
dv3-train-nested-005273,3,train,nested,5273,,,,3:0:2:5273,,train,10,747.3453477286669,,,3.4600965036339453,9.197789144360613,0.10042328478726192,11.644514011502524,,,,,23.482788921482012,0.003673446804018382,0.04277550277990122,,,,,,,31.923685536533647,0.16721573763447517,1.9543128325732009,1,832,1,exact,0.17274440923469678,102,,,,,,0.00012937499923282303,defba101e0988042b9749fad17c648482cb1f68d
dv3-train-nested-005274,3,train,nested,5274,,,,3:0:2:5274,,train,10,503.4732530448238,,,2.434169970412939,0.12104536558722041,0.2413330675897275,6.804342979497026,,,,,1708.7453150348465,0.010755451133356467,0.07318377841057741,,,,,,,0.49273447477623844,0.4018459164933199,2.7636683294110638,1,504,1,exact,0.3121713784503386,5033,,,,,,0.0007035410017124377,8991a4e44b654cc0ffefa585687a24f4f826488d
dv3-train-nested-005275,3,train,nested,5275,,,,3:0:2:5275,,train,10,106.56870358563926,,,2.6453821502601897,0.19231533300999923,0.18302155990504246,5.142852397449591,,,,,209.47266234567667,0.017729129458509147,0.09117829594038794,,,,,,,0.45771786770871964,0.3047508872804358,1.5966425348016433,2,100,1,exact,0.4050285104470329,666,,,,,,0.00018024999735644087,2131d6d9426b90d2ae5a8c8c7d64a871ab499db3
dv3-train-nested-005276,3,train,nested,5276,,,,3:0:2:5276,,train,10,116.67299214793825,,,2.5002807912608773,2.387762114570003,0.1894474667370696,3.1424527748943802,,,,,19.542966798094245,0.0175389517950141,0.05511532773698083,,,,,,,5.013535829967603,0.3154507240081837,1.040270660333119,3,102,1,exact,0.27020246331839437,58,,,,,,0.00010129200018127449,634d1b76a3e4979db1dc580376a7ae1e8faf43c8
dv3-train-nested-005277,3,train,nested,5277,,,,3:0:2:5277,,train,10,136.42765180628362,,,1.7128233693986834,0.5160174253831472,0.14235197091537144,7.191651849838089,,,,,154.35668991194058,0.012187434157278354,0.08764778340197078,,,,,,,1.3901532179422766,0.2370315795859579,1.7210493344760545,1,127,1,exact,0.37128881993190194,337,,,,,,0.00014554199879057705,3b765ee07dc4b975b451197bc2a3efd58e4ad564
dv3-train-nested-005278,3,train,nested,5278,,,,3:0:2:5278,,train,10,245.24104589114,,,2.574681262312323,0.05675494341186291,0.10060506545043685,3.667497025094464,,,,,1678.286079137231,0.006424262350711915,0.023560963059662317,,,,,,,0.45419765136983414,0.16751842229316635,0.6368021611881327,1,233,1,exact,0.11151554762128635,4548,,,,,,0.00043445800110930577,aef0e984ef8463ba865701fcb3cb109ef9f6af87
dv3-train-nested-005279,3,train,nested,5279,,,,3:0:2:5279,,train,10,277.35139615304774,,,5.150377076009061,0.14110278067300144,0.1455928184173313,6.715511469400771,,,,,381.6416437573189,0.008742281268341725,0.05870889012627637,,,,,,,0.7429759331317407,0.24242794464958908,1.6459785278247219,1,225,1,exact,0.2508520183798813,1828,,,,,,0.00027333400066709146,cca7fd7b8943c9d685cec2159213b3c9d2dae5ba
dv3-train-nested-005280,3,train,nested,5280,,,,3:0:2:5280,,train,10,376.2918463758595,,,2.396289554673348,2.130406784635333,0.05869144766638984,7.833350718964056,,,,,73.7094170995256,0.003025606314203922,0.02370063539667148,,,,,,,10.26869461523322,0.09772767078034711,0.7717478330709568,2,368,1,exact,0.09939533351701885,196,,,,,,0.00012020799840684049,b2d56b2cb7dfe5da74778f10503224417b5ecdb8
dv3-train-nested-005281,3,train,nested,5281,,,,3:0:2:5281,,train,10,173.2576341012237,,,2.210233682235589,3.854855377875211,0.2109733610660945,4.159102708529359,,,,,20.335089930999974,0.016028077435822567,0.06666242027584794,,,,,,,7.282313241669308,0.3512936891740297,1.5027051185168867,5,151,1,exact,0.3075273241802378,47,,,,,,0.00010187500083702616,0d15a223417e3c9e7b1c0b98be7f6c5027d91aec
dv3-train-nested-005282,3,train,nested,5282,,,,3:0:2:5282,,train,10,226.16914065158116,,,3.029187181261898,1.5429650249693772,0.07082948524182398,5.168118686328214,,,,,48.38950234840248,0.004709745193709874,0.024340522143456493,,,,,,,7.77869102055179,0.1179388290880133,0.6208272489924438,1,270,1,exact,0.10803842313381641,179,,,,,,0.00011370799984433688,26bb965482374a1208ed0b19831cd109c2a5665c
dv3-train-nested-005283,3,train,nested,5283,,,,3:0:2:5283,,train,10,153.1954943708993,,,1.567244951743227,0.4904533354044344,0.0599739430332226,4.060556459756018,,,,,199.30189151779246,0.004845511253884232,0.0196754720227801,,,,,,,2.502309052626459,0.0998631656432371,0.41761575637605214,2,162,1,exact,0.0911939410454977,358,,,,,,0.00012354199861874804,587972f55dc24dd534256d44c5001f192752bf40
dv3-train-nested-005284,3,train,nested,5284,,,,3:0:2:5284,,train,10,106.58648668247682,,,2.1735140956079224,0.5042133852820183,0.08802504768602823,3.6859814933883066,,,,,97.25799573698495,0.008526193711838506,0.03142739223088049,,,,,,,1.9415369324774412,0.14657131869675805,0.5597884602817766,1,96,1,exact,0.14858804477404228,238,,,,,,0.00011145899770781398,996a63cba2384f34613bb38dad589ca46514a0e2
dv3-train-nested-005285,3,train,nested,5285,,,,3:0:2:5285,,train,10,162.65764348016484,,,5.851950447604525,0.12614193733288348,0.0661478351078947,3.841369238200874,,,,,220.35065173006396,0.005186547946825477,0.01992344573538929,,,,,,,1.5094963237660923,0.11014337027435354,0.43720283402531307,1,181,1,exact,0.0933844804538447,1360,,,,,,0.00018258400086779147,25296b3fb457ae92795a92514f57abe1484a4ddf
dv3-train-nested-005286,3,train,nested,5286,,,,3:0:2:5286,,train,10,259.128573189082,,,4.7443013928176665,0.08234076628836104,0.050923708395697875,6.582292134021309,,,,,663.3276925671605,0.0031634601694518526,0.02082281898967265,,,,,,,0.9862419981317344,0.08479353648417647,0.5645401195375365,1,252,1,exact,0.08920536761752604,3503,,,,,,0.0003545420004229527,5a29a716b15b01dcfd1359eb28eda0fdb829c6ae
dv3-train-nested-005287,3,train,nested,5287,,,,3:0:2:5287,,train,10,154.82030160705844,,,1.611549674293708,0.10431406230386385,0.08483324410472387,9.00898416306867,,,,,920.9612428134911,0.006817923446909823,0.06142256435822516,,,,,,,0.526270040780195,0.14125661711770887,1.280394389479781,1,164,1,exact,0.2537874991228343,1641,,,,,,0.00033608300145715475,d354ab3775278a2db62848189a2967c28f41da16
dv3-train-nested-005288,3,train,nested,5288,,,,3:0:2:5288,,train,10,248.82794997717096,,,2.3478628893988813,0.4562628189646733,0.13866935930209873,7.674568819251752,,,,,232.27975045725628,0.00879085118486939,0.06746599239808093,,,,,,,1.8620328765387897,0.23089962902649175,1.7870349443666411,3,279,1,exact,0.28360045841380743,611,,,,,,0.0001993750011024531,582a379a0a87602d5c5b351eb4c87332e616710d
dv3-train-nested-005289,3,train,nested,5289,,,,3:0:2:5289,,train,10,120.58154648552895,,,2.9328906527677594,1.119331002637036,0.08130256128479368,4.177390593138432,,,,,36.73046659048592,0.007403955548588736,0.03092921426068968,,,,,,,4.275085426342282,0.13537764459317259,0.5815031990584895,1,115,1,exact,0.14256169046047842,122,,,,,,0.00011354099842719734,ea1607a1304190f0900511690c864dd13ac53769
dv3-train-nested-005290,3,train,nested,5290,,,,3:0:2:5290,,train,10,510.48093760451775,,,1.8199356017829813,0.035638230589972945,0.10011656454628803,3.585354787514207,,,,,7870.59155023634,0.004431147165974262,0.01588723470570583,,,,,,,0.39089254986218247,0.16670501493255876,0.6205093195245012,1,515,1,exact,0.07556439713856211,15602,,,,,,0.0014441249986703042,330371cd2c6d0a12bb3865d6c819c545d9a6fb1b
dv3-train-nested-005291,3,train,nested,5291,,,,3:0:2:5291,,train,10,241.34473461950182,,,2.807012829509402,3.376399716204926,0.10852090410896516,5.326676823679924,,,,,25.464759310494433,0.00698545161973551,0.03720924324578253,,,,,,,11.021537765615463,0.18069915824584257,0.9793408608188539,3,232,1,exact,0.1643607987745451,80,,,,,,0.00011974999870290048,92b436cea3b06db7c311a060f54daf72b6680daf
dv3-train-nested-005292,3,train,nested,5292,,,,3:0:2:5292,,train,10,297.0387146153023,,,4.301108692419516,0.03782981471427675,0.0695484681951714,4.831400468066004,,,,,1825.569725830571,0.0040353484397910155,0.019496384340815732,,,,,,,0.4700586526967292,0.11580579578968885,0.5713631990957807,1,278,1,exact,0.08751490214241434,8303,,,,,,0.0007073749984556343,1da27c4ae549dd83117d3003fb006d79a94e2d55
dv3-train-nested-005293,3,train,nested,5293,,,,3:0:2:5293,,train,10,127.65642714768617,,,3.7993596439582835,0.04529427733267186,0.17250053967894152,3.2133598039812155,,,,,741.8036140709688,0.015267541723565425,0.04906010488011122,,,,,,,0.18207017177445167,0.28723223947378834,0.9666413105161817,1,159,1,exact,0.23923557818964059,3531,,,,,,0.000437082999269478,4c44f0a112f0536e1c004f43426376d4159a6bb6
dv3-train-nested-005294,3,train,nested,5294,,,,3:0:2:5294,,train,10,141.3054060873056,,,5.518381540260782,1.5319812609345111,0.27280702564068726,3.35692876344885,,,,,16.714508104521276,0.022949655033019527,0.07704035709157192,,,,,,,4.156258544724475,0.4542534943067409,1.5911178277017162,6,136,1,exact,0.37186450347226896,112,,,,,,0.00011812499724328518,022028c5ccfc2f5b0c15013e64ac7d42a718d153
dv3-train-nested-005295,3,train,nested,5295,,,,3:0:2:5295,,train,10,103.05109683292409,,,5.779114186085088,0.07732204600059499,0.09221201135522436,5.271180223050291,,,,,230.6152410259646,0.00908366659923177,0.047881643730653005,,,,,,,0.4208132771656589,0.15354307051583604,0.8237888512810363,1,99,1,exact,0.21185492821594024,1535,,,,,,0.00024266699983854778,e7cfa9edca135abd4aa9efaa8679e681f64ff0fa
dv3-train-nested-005296,3,train,nested,5296,,,,3:0:2:5296,,train,10,268.22951336517434,,,1.7974008503322563,0.11373938361299309,0.06197230175772603,5.288360116511294,,,,,1312.0510964601813,0.003783940911814703,0.020010842201276254,,,,,,,1.075190313519592,0.1031906511849022,0.5553800292833884,3,276,1,exact,0.08849319066542771,2489,,,,,,0.0003324999997857958,a073178b91823f092f6dc7734ca79015ed60ff6d
dv3-train-nested-005297,3,train,nested,5297,,,,3:0:2:5297,,train,10,180.12304212519143,,,2.46580160794792,0.061961844411471,0.26616903288503274,4.006541857572414,,,,,1178.9267035379667,0.01983229117236528,0.07945890471364539,,,,,,,0.152708205354665,0.44320051135163774,1.8301754438641027,1,195,1,exact,0.3692655943606829,4072,,,,,,0.0006116250006016344,7782a3605fa1349812af0125afa17bccbda4d804
dv3-train-nested-005298,3,train,nested,5298,,,,3:0:2:5298,,train,10,101.53380371886598,,,3.5924156272992653,0.3228810282202923,0.08444556522259324,9.178121523888498,,,,,87.53496285060841,0.008380530650420928,0.07691752874423559,,,,,,,1.1511712239672378,0.14061108943577622,1.2981831903317003,2,109,1,exact,0.31722488906610535,379,,,,,,0.00013750000289292075,0db1ad1d472622ae42f303f097cf843be78762d6
dv3-train-nested-005299,3,train,nested,5299,,,,3:0:2:5299,,train,10,230.37456793840346,,,2.9983861801004705,1.393083709505865,0.17919384252487844,7.967821846894397,,,,,55.153077725927794,0.01180608254740395,0.09406876244744385,,,,,,,3.8038120165299683,0.29837731977030774,2.3960680649912467,3,276,1,exact,0.39375029393090377,235,,,,,,0.0003870410000672564,5792d2c771e3f42c99019c26c4ae12e0937b36a2
dv3-train-nested-005300,3,train,nested,5300,,,,3:0:2:5300,,train,10,143.0061970952534,,,2.0482653672174838,0.8325118497171179,0.05174990756855757,5.4488334834435905,,,,,83.86450966115201,0.004327450905375835,0.02357955939117013,,,,,,,3.5513933203329824,0.08616924834637449,0.4773635307067825,2,116,1,exact,0.10378663135263586,156,,,,,,0.00023687499924562871,dd2da09b9301c643fa8b0d5df84f08b1db715f3c
dv3-train-nested-005301,3,train,nested,5301,,,,3:0:2:5301,,train,10,138.71991556252127,,,4.127058607905218,0.03188465265004864,0.052158647851271646,4.207747719907497,,,,,1054.18416737332,0.004428502726836807,0.018634022251451707,,,,,,,0.34805826171732485,0.0868498455606535,0.37562072118198825,7,125,1,exact,0.08576991059048839,4707,,,,,,0.000723166001989739,924cc55f5fe728a19164aed4e6c576a9fbd89ddf
dv3-train-nested-005302,3,train,nested,5302,,,,3:0:2:5302,,train,10,712.0137055027874,,,3.9994711914892895,1.3688802544490117,0.2124538869108099,9.179008862297854,,,,,130.05298406507015,0.007961969403693064,0.073082987717843,,,,,,,6.018363787523533,0.3537589264119416,3.2663694752381542,2,649,1,exact,0.30140753159804134,556,,,,,,0.0006337080012599472,dbfd6d64317cf3fd868305cebed9c8f355e9ffe3
dv3-train-nested-005303,3,train,nested,5303,,,,3:0:2:5303,,train,10,270.5166801915089,,,1.8066920505583766,0.08297585228491179,0.3120057366719773,4.566046508263584,,,,,1804.5054308841404,0.018969922415192544,0.08661754800592102,,,,,,,0.19928431797212054,0.5195236295478182,2.4283926423731312,1,249,1,exact,0.39268154315368536,4099,,,,,,0.0013137909991201013,c9574adea5af0d3d035505929026c29daba453bf
dv3-train-nested-005304,3,train,nested,5304,,,,3:0:2:5304,,train,10,130.87410827099322,,,2.2910662136195943,0.17061956838216,0.16966511459982037,3.3552186774796944,,,,,334.8013925998119,0.014830837861747971,0.04976070419640981,,,,,,,0.5480260869581153,0.28251094702535934,0.9890906508800423,4,116,1,exact,0.2402170097352927,901,,,,,,0.0003817079996224493,26f0932b2f85f6c6a4bfb7a2d574a5337bc06ffc
dv3-train-nested-005305,3,train,nested,5305,,,,3:0:2:5305,,train,10,628.3942977329093,,,1.6862279361806354,6.240538561094612,0.16012357622041962,3.1341993811266953,,,,,59.716436552714434,0.006387621344064144,0.02002007886343751,,,,,,,24.787580411033833,0.26662324347474287,0.8771542354818697,1,587,1,exact,0.09821067241467005,104,,,,,,0.00024791599935269915,d0be4c5fa959a7d73d8060a6c0a61e1f317a5782
dv3-train-nested-005306,3,train,nested,5306,,,,3:0:2:5306,,train,10,213.02825679134455,,,3.7344210675943135,1.4358486309650866,0.3298769089786242,3.0334136908802405,,,,,39.72878382808814,0.022601294261151154,0.06855907544338892,,,,,,,3.7948100540271557,0.5492810833692034,1.754400566108585,3,340,1,exact,0.3390269177514191,259,,,,,,0.0002612079988466576,ca804535df5af680e75c2f5619b2cb80fbf2b318
dv3-train-nested-005307,3,train,nested,5307,,,,3:0:2:5307,,train,10,235.42176390095833,,,5.626548234108473,0.08199199966148728,0.05440533353790872,4.5133237994829845,,,,,510.3088319409077,0.003545832142066404,0.01600348859576003,,,,,,,1.297089275534183,0.09059082261711689,0.41878141153107173,2,229,1,exact,0.07270424610343712,3049,,,,,,0.0005272500020510051,81652a51bd4c909c7eef2856bed9463f28bfea9a
dv3-train-nested-005308,3,train,nested,5308,,,,3:0:2:5308,,train,10,508.31819824178615,,,3.512911590578388,0.45817545947790045,0.06767522311438208,4.893675632845487,,,,,315.8178073542367,0.0030016625525737467,0.014689162891554931,,,,,,,5.201761165950923,0.11268663813000962,0.5628476054643717,2,438,1,exact,0.06579247146803337,1073,,,,,,0.0003536670010362286,40a0ed85437f82f9b88c08bd838e79cee54a5bc1
dv3-train-nested-005309,3,train,nested,5309,,,,3:0:2:5309,,train,10,213.9246940504379,,,2.3511785682320707,0.1882610704483295,0.1285899641003185,3.1742788909696413,,,,,483.29775909503053,0.00879177601729896,0.027907549025845232,,,,,,,1.0553208189170409,0.21411633512064596,0.7125940405331561,3,228,1,exact,0.13648539484054975,1219,,,,,,0.0003924999982700683,57f2135d964456bf2837c1018b0bbcb7baedba0e
dv3-train-nested-005310,3,train,nested,5310,,,,3:0:2:5310,,train,10,204.7975544779467,,,5.100528005769442,0.046960528233385146,0.06107887100132561,5.835792303458346,,,,,855.0207538048431,0.004268041343343675,0.02490740282232704,,,,,,,0.4931447761307165,0.10170299139291965,0.6021682174523906,2,205,1,exact,0.10850395782262114,4657,,,,,,0.0008062079978117254,bf135740177d8080fa37f63250349a8c21acbc4a
dv3-train-nested-005311,3,train,nested,5311,,,,3:0:2:5311,,train,10,240.07943892143274,,,2.1619798806481816,0.04506626570169889,0.08661773053392158,5.897644400504653,,,,,2464.0626538724096,0.005590225370875862,0.03296916135610507,,,,,,,0.3422921627106878,0.14422798192806263,0.8627462965690977,3,242,1,exact,0.14340299490670305,5647,,,,,,0.0011060420001740567,977f776e1ee9f0eb867409ea7d47373ff2c9b28d
dv3-train-nested-005312,3,train,nested,5312,,,,3:0:2:5312,,train,10,103.05424551584399,,,3.9381821899337144,0.6730661058703283,0.05806258007707572,9.76387841849128,,,,,38.87875625899581,0.005719570088315629,0.05584518694835324,,,,,,,2.3575086446013627,0.09668053755776493,0.9489150275883402,2,98,1,exact,0.22896034634244514,152,,,,,,0.00027841699920827523,1f26da3186f1bbaedfa3d9f032d6299c2d03e616
dv3-train-nested-005313,3,train,nested,5313,,,,3:0:2:5313,,train,10,779.5390099065111,,,5.397673018130437,2.7450028597574754,0.11116808898584281,6.426395916047351,,,,,52.61244439044014,0.003981632874238897,0.025587549242208726,,,,,,,21.87182113058849,0.1851070101975054,1.2038868772065923,1,689,1,exact,0.10996827575251,277,,,,,,0.0002939589976449497,ab04b16425cad750f677b3cb11fe9e4ee90da864
dv3-train-nested-005314,3,train,nested,5314,,,,3:0:2:5314,,train,10,114.779088642043,,,3.014067176325953,0.03076621495469553,0.12249664426504679,3.437005467895968,,,,,1237.7580929608016,0.011433858295993846,0.039298233482478524,,,,,,,0.144257197860431,0.2039702920684177,0.7301169694323462,4,111,1,exact,0.18867348566578934,4386,,,,,,0.0009246669978892896,48d687742254b7ec4b0c0bb4328cb679003f247d
dv3-train-nested-005315,3,train,nested,5315,,,,3:0:2:5315,,train,10,681.1931230466093,,,3.9163642555970624,0.9114407716910156,0.07728033421190193,3.049471020136676,,,,,190.8353055949556,0.0029609690244616314,0.009029389231618109,,,,,,,13.243860701758729,0.12868019719985388,0.412966681083793,3,736,1,exact,0.04459234002088018,776,,,,,,0.0003510000024107285,84ae2bd0ffc9ae6c7b14e5d3764ad582be83d1f0
dv3-train-nested-005316,3,train,nested,5316,,,,3:0:2:5316,,train,10,663.7054498281371,,,3.5413849213346014,4.814861022471755,0.4541687287900071,4.785175645927884,,,,,38.92409231639109,0.01762907544012,0.08435822245628763,,,,,,,11.370843474910563,0.7562405387955005,3.6969185148684804,1,565,1,exact,0.3792924421838194,155,,,,,,0.0003211250004824251,489a8342d98f64dde3c37b65904c5a89ccd7ef87
dv3-train-nested-005317,3,train,nested,5317,,,,3:0:2:5317,,train,10,161.79155168938013,,,5.833281090939831,0.04059559939547487,0.06660031148571305,9.188489590290848,,,,,683.2253590779748,0.005235984355294129,0.048110787743545845,,,,,,,0.30317202244864444,0.11089679286393875,1.0249908126492744,5,139,1,exact,0.198397524881433,4096,,,,,,0.0009069169973372482,ead9883e16b3a8f20cdb8c90a5bb36d497fdb9a7
dv3-train-nested-005318,3,train,nested,5318,,,,3:0:2:5318,,train,10,498.47867105179023,,,3.667310676969541,3.0076019224462613,0.062297203990753405,11.380690220646784,,,,,45.19376508077513,0.002790263801597631,0.031755127959866875,,,,,,,14.952389952843784,0.10373164888946695,1.185086352422003,1,527,1,exact,0.12847488145741134,202,,,,,,0.0003476249985396862,577fd39106b315f7bb25e5abc74cf95bafc533e9
dv3-train-nested-005319,3,train,nested,5319,,,,3:0:2:5319,,train,10,105.73627497089164,,,1.6712649356595843,0.03681688240420493,0.050063380965581716,9.186461388523705,,,,,1718.429401195535,0.004868645714219493,0.04472562586807879,,,,,,,0.23121019337498103,0.08336099734607914,0.7703163874102358,4,119,1,exact,0.18444191359873346,3010,,,,,,0.0010326249976060353,fdc094c8b3ae718cbe3f93d496ecd8e4a4883a35
dv3-train-nested-005320,3,train,nested,5320,,,,3:0:2:5320,,train,10,295.30312363054287,,,4.868906801053055,0.07145407087161935,0.08958724333552458,6.195984291642954,,,,,848.8082712637053,0.005213293225494019,0.03230148293288957,,,,,,,0.6305521385573138,0.1491725450797954,0.9362312001988068,3,299,1,exact,0.13951807098120828,4337,,,,,,0.0009435000029043294,95e2ce2642563b61677d27f73f4cb96a0a93b37e
dv3-train-nested-005321,3,train,nested,5321,,,,3:0:2:5321,,train,10,408.2956359397916,,,1.51586099689994,7.384311312935285,0.12365980146663846,5.908407185721408,,,,,36.47584500387717,0.006119855613623649,0.036158598883111466,,,,,,,19.764643578697534,0.20590707585179055,1.2338847378966566,1,477,1,exact,0.15723426925294573,68,,,,,,0.00028216599821462296,9688cb8c4924c3c67c881c5a7e07b0ac227a99c1
dv3-train-nested-005322,3,train,nested,5322,,,,3:0:2:5322,,train,10,314.76371456781317,,,1.8109486877992387,0.8546177624875774,0.2775366610348143,4.236725457639471,,,,,203.37923144021113,0.015643287541073643,0.06627631456644106,,,,,,,2.266030454443851,0.4621288538196911,2.0117123813171256,2,310,1,exact,0.3046603507198171,454,,,,,,0.0003169169976899866,d1d810fe0f0ec019c0895c8a771cf65e0a968466
dv3-train-nested-005323,3,train,nested,5323,,,,3:0:2:5323,,train,10,328.5202120168264,,,2.025189558965754,8.021747432365025,0.06891559682152543,10.154978063186677,,,,,20.222154811106456,0.003802213279847625,0.0386113924484097,,,,,,,20.180167091242673,0.11475199582889153,1.1709404057323989,1,295,1,exact,0.15773689891100648,39,,,,,,0.0002176669986511115,e4ec5d1b924540829b451f4577c7567b0b4f956c
dv3-train-nested-005324,3,train,nested,5324,,,,3:0:2:5324,,train,10,143.23208998759546,,,1.5807490962678847,0.5530330063076341,0.1072965356738362,3.518146432207252,,,,,163.84241284836006,0.008965314631693005,0.03154128968510622,,,,,,,2.060471664690419,0.17866045107299747,0.6534517738150333,1,129,1,exact,0.15064472922400657,309,,,,,,0.0002540419991419185,a614447712d2355d769fab8d4f5bcaadfdc0321b
dv3-train-nested-005325,3,train,nested,5325,,,,3:0:2:5325,,train,10,133.46372801614694,,,1.8391854338516571,1.4407799942651889,0.10614789666211039,7.152466976505297,,,,,50.36630180309355,0.009188185765053255,0.06571819525853946,,,,,,,3.6682061599657416,0.17674784166146157,1.2764790290116688,4,141,1,exact,0.27857806589256584,116,,,,,,0.00022662499759462662,45f5a7f993a78fc69688889440ec9000dc14bed7
dv3-train-nested-005326,3,train,nested,5326,,,,3:0:2:5326,,train,10,191.5493718913321,,,2.5016947542147756,0.04730150920583795,0.050040831546037515,5.2021685849332195,,,,,1618.7188225493749,0.0036156314201230473,0.0188091241884616,,,,,,,0.49513692564893125,0.08332345009963824,0.44139851930113017,1,178,1,exact,0.08339803579064103,4504,,,,,,0.0007850420006434433,96db46b7aa23bcfef3ca2497af8b5173e79896bd
dv3-train-nested-005327,3,train,nested,5327,,,,3:0:2:5327,,train,10,113.03740071369121,,,1.8154180945464073,0.6789116289649082,0.16159679212851352,5.483539582765796,,,,,91.71328616841531,0.01519923235081701,0.0833455922233595,,,,,,,1.5245626415252889,0.26907630886977174,1.4998248372947163,5,110,1,exact,0.3664898271477005,204,,,,,,0.0002520830021239817,5fc1f5499799df6a51bc5213eedb1a4b0b866cea
dv3-train-nested-005328,3,train,nested,5328,,,,3:0:2:5328,,train,10,278.1319455090019,,,5.296684265754667,0.06200136021529928,0.16363262651598964,8.863906032946984,,,,,846.9262051612251,0.009811704602984748,0.0869700276238902,,,,,,,0.28228562934239754,0.27246619548346507,2.4304355787149117,1,302,1,exact,0.3599328576427052,5313,,,,,,0.001279292002436705,941c1219cacb3fa46710466dd214b13c418199d7
dv3-train-nested-005329,3,train,nested,5329,,,,3:0:2:5329,,train,10,364.86685106094035,,,1.5866345899074177,10.532419786811175,0.18957070881779603,4.472538141479722,,,,,21.83380012305926,0.009924394734861411,0.0443872339827682,,,,,,,21.502031539254183,0.3156559355333786,1.4466411114115316,4,257,1,exact,0.20198584255281266,32,,,,,,0.00022829099907539785,f0fc568270bcf2f19105323538cee3643a57810e
dv3-train-nested-005330,3,train,nested,5330,,,,3:0:2:5330,,train,10,118.40926452280995,,,1.9475289898451895,0.3442686338800002,0.11587081152179934,6.736155118792261,,,,,176.60552916317408,0.010648322768073318,0.07172875392070925,,,,,,,1.0840253465545389,0.19293755686211705,1.3139003111233178,6,110,1,exact,0.3063617062292292,393,,,,,,0.0003284580016043037,0d46c1ca782b3176131a18fcf909243dd2612233
dv3-train-nested-005331,3,train,nested,5331,,,,3:0:2:5331,,train,10,244.81308822393837,,,4.707942272238975,0.09770065281088341,0.3335328776812063,4.401617855582764,,,,,532.2381952925846,0.02131676680841532,0.09382826140721488,,,,,,,0.2611846425504222,0.5553686705723694,2.5068138347084594,2,240,1,exact,0.42822625815218823,3398,,,,,,0.0010328749995096587,303d4a3252c053755818cdc5764f1ca4f02c63ed
dv3-train-nested-005332,3,train,nested,5332,,,,3:0:2:5332,,train,10,777.9380678172639,,,4.225662785621469,0.09986913482474237,0.36130912621908773,4.190926528667168,,,,,1843.397098562494,0.012954075368366607,0.05428957811564153,,,,,,,0.44559659683243485,0.6016191581741201,2.592124520533704,1,813,1,exact,0.25008025584929555,9254,,,,,,0.0015903749990684446,0091f148bc4cc9b76bbf421c4bd49721949eff11
dv3-train-nested-005333,3,train,nested,5333,,,,3:0:2:5333,,train,10,330.11399037254716,,,1.73810718027275,0.06234071227721895,0.0866688874231735,5.7244981105303525,,,,,3046.601254661301,0.004770141438031256,0.027306665648972463,,,,,,,0.528687857673573,0.14431316373614098,0.8386305856967429,2,292,1,exact,0.11929417435734843,5577,,,,,,0.000725875001080567,0d3b30f4b45f2d6d4ceef558afa2a268711be1ab
dv3-train-nested-005334,3,train,nested,5334,,,,3:0:2:5334,,train,10,177.83803335752452,,,4.540079147420737,0.6776776938926747,0.08324158592592226,9.689762262607042,,,,,57.80135669625675,0.006242061199330414,0.0604840890501555,,,,,,,2.8513121377716235,0.1386063324054126,1.350195671049672,1,185,1,exact,0.24815565278883078,275,,,,,,0.000157667000166839,708a23bc3dabb90aafaf6cd57df74f43c9b46cee
dv3-train-nested-005335,3,train,nested,5335,,,,3:0:2:5335,,train,10,358.74899271752594,,,2.2738853833557333,1.1967422776258951,0.08535761664112478,3.5831048297237227,,,,,131.832196055885,0.004506578443845619,0.016147542987672056,,,,,,,7.751555725461389,0.14212975466399894,0.5287272763787996,1,367,1,exact,0.07681301809641772,308,,,,,,0.0001470419992983807,d3156d9b811450b72b5429ce5bbc3c0337adb779
dv3-train-nested-005336,3,train,nested,5336,,,,3:0:2:5336,,train,10,142.57199147415213,,,5.065908401928234,1.2364764849272982,0.34552199473483874,3.207882763011546,,,,,22.76098337577536,0.028937338882119485,0.0928275906073749,,,,,,,2.721479247394789,0.5753318599457915,1.9331931132884161,10,114,1,exact,0.4528457801217782,167,,,,,,0.00012962500113644637,4eb694b4da17fe1e69b0c7ae5c48b686ce736c08
dv3-train-nested-005337,3,train,nested,5337,,,,3:0:2:5337,,train,10,436.1175811960351,,,5.782472355814474,0.049118115902434804,0.22472057004460708,3.2500034262796365,,,,,1535.494728972552,0.010760712555425942,0.03497235267434461,,,,,,,0.38295144669271364,0.374184293625248,1.2723653840100697,4,433,1,exact,0.17008202351993668,10084,,,,,,0.000891208001121413,aa41a4102cab42900918e566678c2cddee0e498a
dv3-train-nested-005338,3,train,nested,5338,,,,3:0:2:5338,,train,10,271.8081555246131,,,1.8449642658164174,0.07659545156940746,0.05894871410011478,6.5023873269360735,,,,,1923.40855607569,0.003575551964555776,0.02324962378112886,,,,,,,0.7712814733372059,0.0981560474917347,0.6457522243029895,1,253,1,exact,0.09976327082344703,3690,,,,,,0.0004251669997756835,80dcffdeda62da945eb7d6ee8a310a5ee72e9d66
dv3-train-nested-005339,3,train,nested,5339,,,,3:0:2:5339,,train,10,206.84876691429844,,,2.2389589900553952,0.5772286306938477,0.21815151046483636,6.0337085712351,,,,,160.0511995061268,0.015168120012564946,0.09152001572933577,,,,,,,1.4720158650290198,0.3632460919370325,2.221618536358007,1,221,1,exact,0.39677493562666216,478,,,,,,0.0001773330004652962,5367c76cf66e99be2e80356a093ba2c6298d69a8
dv3-train-nested-005340,3,train,nested,5340,,,,3:0:2:5340,,train,10,301.26834358097614,,,1.6671616956806525,0.045329522903062795,0.06974085840922885,7.16900712232768,,,,,3986.526249378925,0.004018005610067993,0.02880511083613002,,,,,,,0.43857590364761684,0.11612614650939915,0.840569332293375,2,293,1,exact,0.12206971116744188,6880,,,,,,0.0007667079989914782,bb145efeafce6cc7f1cad2004942c315dbc54952
dv3-train-nested-005341,3,train,nested,5341,,,,3:0:2:5341,,train,10,166.9254009920301,,,4.242424568261004,0.1331785890323102,0.15501247741315213,3.8616425881158705,,,,,295.44312585307904,0.011997905670933931,0.046331623507075384,,,,,,,0.6175059843988103,0.25811270571459655,1.0296168397537788,2,165,1,exact,0.21692848060188474,1487,,,,,,0.0002365830005146563,6e950350e4658cb1f67e098e8f712ed2c0961efe
dv3-train-nested-005342,3,train,nested,5342,,,,3:0:2:5342,,train,10,285.7210186758875,,,3.513992982130482,0.07083945376067827,0.26275329813696474,5.061477143003207,,,,,1147.7996720048425,0.015544511595537996,0.07867819013996387,,,,,,,0.22423765243156407,0.4375129399216466,2.25726790467401,1,279,1,exact,0.35041578105850496,4993,,,,,,0.0007100420007191133,2494b1a7c4e4e3394ab3ceec95c6027a1e834e23
dv3-train-nested-005343,3,train,nested,5343,,,,3:0:2:5343,,train,10,322.9798347083518,,,2.311822327831114,1.134522345827483,0.3890023974629726,4.181899401282913,,,,,123.14248115308877,0.021645348072456466,0.09051866814476596,,,,,,,2.349478276340872,0.6477314795183946,2.785116008639813,1,279,1,exact,0.41713982538676847,355,,,,,,0.00016995899932226166,fa3a6f4cc83a335bb35780db52dcc286578824a3
dv3-train-nested-005344,3,train,nested,5344,,,,3:0:2:5344,,train,10,167.8919365796265,,,2.2218223629781786,3.786007166890488,0.05968959905403869,3.569329321708148,,,,,19.95901355646465,0.004606634357700679,0.016442595087329214,,,,,,,13.28191793802482,0.09938970186118813,0.36841433580957456,1,113,1,exact,0.0782824313122053,30,,,,,,0.00010216699956799857,281b243a5e10009fbbfb39583468c9dc88e62450
dv3-train-nested-005345,3,train,nested,5345,,,,3:0:2:5345,,train,10,117.14001190724058,,,3.123466028296562,0.10288072450233322,0.05837924481039245,5.090089849974422,,,,,364.53099673787375,0.00539393664088477,0.027455622147172697,,,,,,,0.6781997946866657,0.09720781892559266,0.504254864712391,3,114,1,exact,0.12216805067273123,1186,,,,,,0.00019662500199046917,851b4e4dcff6a2305d28909a5db748d1702d51bf
dv3-train-nested-005346,3,train,nested,5346,,,,3:0:2:5346,,train,10,513.2497772937766,,,1.722968721923209,14.695080494029948,0.18203830172832003,11.017334768087757,,,,,20.271197585002103,0.008035231441947491,0.08852683473500002,,,,,,,29.523863842852222,0.30311365502245824,3.353232608863905,2,574,1,exact,0.3591159159817302,45,,,,,,0.00012454100215109065,084d7cd0aef9210de79af67c86547582cc5afb4a
dv3-train-nested-005347,3,train,nested,5347,,,,3:0:2:5347,,train,10,629.8160877388391,,,3.014256893282437,0.03278915717008189,0.12955021801011674,9.615980880468637,,,,,6372.403003060819,0.005162157764821064,0.04963921036848207,,,,,,,0.2659307407540724,0.2157152627616154,2.085500177682955,1,638,1,exact,0.20380719151327994,20602,,,,,,0.0022157499988679774,47cd487128416541cf0b81dc574a9661dd5bde87
dv3-train-nested-005348,3,train,nested,5348,,,,3:0:2:5348,,train,10,630.54432611624,,,2.6837358241294123,4.36491966915446,0.13883467616505074,4.991681603180744,,,,,53.82692906856997,0.005528917893673056,0.027598597735344624,,,,,,,19.465793036601085,0.2311748996595974,1.1768797237423154,1,643,1,exact,0.12320177674650745,161,,,,,,0.0001525410007161554,d2acdc90db75a4852e6228387b3d8f7660708847
dv3-train-nested-005349,3,train,nested,5349,,,,3:0:2:5349,,train,10,103.81869764773826,,,2.812328405300276,0.2761650872169822,0.05167897608166944,3.425028383090418,,,,,133.6720994077591,0.00507196341319084,0.01737161864817478,,,,,,,1.8780118226041391,0.08605113967340451,0.3070328229238328,2,102,1,exact,0.08346805167889612,423,,,,,,0.00012966700160177425,8c7e38a76e46e9ef1b5a1af23a4ac3f175412b72
dv3-train-nested-005350,3,train,nested,5350,,,,3:0:2:5350,,train,10,716.8351644202664,,,2.1224732459747013,8.773595771585214,0.43366454252464026,4.690067398519565,,,,,38.494568494723495,0.01619736108128376,0.07596671514937858,,,,,,,18.609956314603934,0.7220988291489655,3.462818306162405,3,930,1,exact,0.34275971886862727,127,,,,,,0.00014925000141374767,bf2b9bb861c94a1daf3866a13e5dbda5e8b884e5
dv3-train-nested-005351,3,train,nested,5351,,,,3:0:2:5351,,train,10,238.13937914635287,,,4.645395282665552,0.08454129798074018,0.06541967421787424,3.059044125454127,,,,,606.3726871056639,0.004239286504234366,0.0129681644768951,,,,,,,1.3713520641493147,0.1089309028610511,0.3505773352582527,1,232,1,exact,0.06399479387149101,3072,,,,,,0.0002847499999916181,ef67e04ac503de66e543f6a872db496ed02da039
dv3-train-nested-005352,3,train,nested,5352,,,,3:0:2:5352,,train,10,608.8651735449866,,,2.088268507572349,18.442011676860737,0.2973202232499051,7.722941680693765,,,,,15.809804580938376,0.012049357320139295,0.0930564838732763,,,,,,,32.9591646645686,0.4950706457142892,3.8553204396644722,1,407,1,exact,0.3908903561159993,27,,,,,,0.00011462499969638884,4d8f95c1964e8194dfb5eb0a1fe0916e4e2ebe9b
dv3-train-nested-005353,3,train,nested,5353,,,,3:0:2:5353,,train,10,301.044563467424,,,2.8327665683079397,1.0155189128629356,0.06345004233609335,8.110052932484873,,,,,104.64825341952611,0.003656928943863341,0.029657887305067698,,,,,,,5.689986305446022,0.1056512506501313,0.8633262617998819,1,346,1,exact,0.12389835083970131,380,,,,,,0.00013833299817633815,498c9bba87ce0af666bb379364824c8adb646dba
dv3-train-nested-005354,3,train,nested,5354,,,,3:0:2:5354,,train,10,171.53963215473064,,,2.8227292070509433,0.0890464762952168,0.06790988431670314,4.5193832295781196,,,,,682.4620699356238,0.005185023790744353,0.0234331095648536,,,,,,,0.6996575699819274,0.11307737466211402,0.523400768768685,1,177,1,exact,0.10643130973243788,2053,,,,,,0.0003032500026165508,d1dfd9fac49e8ebc8777609d667353f1a5d994ff
dv3-train-nested-005355,3,train,nested,5355,,,,3:0:2:5355,,train,10,564.8985493261703,,,5.202080358190057,0.5425392658780931,0.12025795434461217,3.681543565631103,,,,,200.15305693323953,0.005059744444778934,0.018627669604413602,,,,,,,6.492661147377701,0.2002426288359975,0.7639135048029821,1,532,1,exact,0.08809388334676153,1109,,,,,,0.000555208000150742,94501d8edb9fb8afc1998f093d74d95a398a35ac
dv3-train-nested-005356,3,train,nested,5356,,,,3:0:2:5356,,train,10,140.97032238563628,,,1.50444093973063,0.08035357490434215,0.10313798410484709,5.512960871879181,,,,,1166.1310160216358,0.00868669937921276,0.047889433783377115,,,,,,,0.34980114292669695,0.17173600850399956,0.9622235006495214,1,127,1,exact,0.21040757191500759,1952,,,,,,0.001675040999543853,6b951707a8be7a8ce2956898308eddb74386327e
dv3-train-nested-005357,3,train,nested,5357,,,,3:0:2:5357,,train,10,223.49874095972814,,,3.2391911766661163,0.9905206791313093,0.09310541684374798,7.075927798472529,,,,,69.65863395265018,0.006227839452412856,0.04406774230575206,,,,,,,4.244843862086259,0.15503068823404392,1.1078865930383446,2,241,1,exact,0.18705009770419934,269,,,,,,0.0002879999992728699,8b2623600075de55e29eafbf36c945e4dd262318
dv3-train-nested-005358,3,train,nested,5358,,,,3:0:2:5358,,train,10,333.8213793721062,,,1.8377219055494651,5.970223689404651,0.1728009468964989,5.620743784096396,,,,,30.425922299137813,0.00945777644432891,0.05315973816083503,,,,,,,14.059893208729058,0.28773245030219324,1.6426665668647187,1,330,1,exact,0.23287556909486654,69,,,,,,0.00023491699903388508,1dfb06359b635925f916b14fbf777e2b94deb034
dv3-train-nested-005359,3,train,nested,5359,,,,3:0:2:5359,,train,10,124.65194723415796,,,5.33139191185141,0.04311673661201057,0.05782141194818411,3.6087520282464363,,,,,542.2662502644246,0.005178919481869608,0.018689436184321933,,,,,,,0.538464616690978,0.09627896628221895,0.3605398701753571,1,117,1,exact,0.08876680820328584,3041,,,,,,0.0005008750013075769,08c794ee111de8a3ed043538e53bb4c1c963aeb3
dv3-train-nested-005360,3,train,nested,5360,,,,3:0:2:5360,,train,10,384.52586425346095,,,3.333304566745923,0.09189084152874562,0.060358961034767344,5.391675747332106,,,,,1255.3890344258361,0.0030780734375335985,0.01659597390165707,,,,,,,1.160370933478661,0.1005042626683667,0.5511279093620172,1,421,1,exact,0.07316810639008556,4434,,,,,,0.0004275410028640181,b30b3b98b12f51e21b883e9e95d672630bf979c8
dv3-train-nested-005361,3,train,nested,5361,,,,3:0:2:5361,,train,10,765.5305577567889,,,2.4742161908607385,1.2692860936865533,0.2751220442125987,5.305691547814777,,,,,243.76164088828355,0.009943610955082388,0.05275773259913905,,,,,,,5.1828090757859355,0.4581082530806621,2.47337574761371,1,766,1,exact,0.2331873303383698,742,,,,,,0.00020291700275265612,8e9b31e5bf8029007ab0c1db062dad229b13b596
dv3-train-nested-005362,3,train,nested,5362,,,,3:0:2:5362,,train,10,117.68840311944977,,,1.8598872550834793,0.8118349031279989,0.16455918182468468,6.163258830592124,,,,,77.94339753923782,0.015168941776839886,0.0934901143568462,,,,,,,1.753375470613455,0.27400901127295846,1.7108732844514363,3,124,1,exact,0.40410482105523277,175,,,,,,0.00012070899902028032,2c335ff45b05240e8d7afee25ede71829d50d860
dv3-train-nested-005363,3,train,nested,5363,,,,3:0:2:5363,,train,10,441.22252579101905,,,3.953646274749744,2.5699586748997008,0.09330482464614283,4.234508602584706,,,,,43.424389886092825,0.004441966335289981,0.018809544659177082,,,,,,,17.911238442414678,0.1553627240048132,0.6759807502137418,1,465,1,exact,0.086472752700177,173,,,,,,0.00011600000289035961,a947bdef80b990f3f5615ba89c45b24255959b33
dv3-train-nested-005364,3,train,nested,5364,,,,3:0:2:5364,,train,10,243.22686336766014,,,4.285309360825325,0.7616642806560507,0.1918052765047375,5.088342119995516,,,,,74.51878588985103,0.01229857462557936,0.06257935528324354,,,,,,,2.7185400001785336,0.31937673479679285,1.6561839592099152,1,240,1,exact,0.27847225572770734,362,,,,,,0.000145500001963228,7af44febcfbec6ff86e6ec3fc88b054865152a9e
dv3-train-nested-005365,3,train,nested,5365,,,,3:0:2:5365,,train,10,785.7769392237982,,,1.744470227723102,0.08595524846608275,0.43809318878391973,4.588062419348516,,,,,5240.386475826069,0.015628484325880737,0.07170446160695074,,,,,,,0.2532630489131557,0.7294730088776643,3.4254421989480095,1,877,1,exact,0.32479266564760984,11455,,,,,,0.0017169170023407787,2f0352ebaf3ab78c48fd4182dc8e73589a28c7c4
dv3-train-nested-005366,3,train,nested,5366,,,,3:0:2:5366,,train,10,769.5706241843473,,,4.9396066115899515,0.7821579119504369,0.139098956493774,4.137747466795653,,,,,199.1873141265663,0.005014176662030738,0.020747396781383567,,,,,,,8.237058126851748,0.23161495527223103,0.9859550784436926,1,793,1,exact,0.09580771632733506,1087,,,,,,0.000210749996767845,3da62c15fb690a8d5a5ea3a2b7494e3fcfad3922
dv3-train-nested-005367,3,train,nested,5367,,,,3:0:2:5367,,train,10,185.37133187430567,,,2.43593943779838,1.9232308663562285,0.07816673480945938,5.748319602041601,,,,,39.56805139771297,0.005741173687753938,0.03300210124804143,,,,,,,6.635068871208209,0.13015615100951264,0.75941600614323,1,140,1,exact,0.14408687818676483,81,,,,,,0.00010674999793991446,6ac3c06454b49d7306a30a9a398407d99826713d
dv3-train-nested-005368,3,train,nested,5368,,,,3:0:2:5368,,train,10,118.00184486710438,,,2.2393060977795844,0.08129739911637913,0.17488127102166842,5.7873204712837065,,,,,648.184561442213,0.01609900007568385,0.09317007270520308,,,,,,,0.20782867117865572,0.2911964171884182,1.7102200906361362,5,139,1,exact,0.4063734830225751,1863,,,,,,0.00037037500078440644,713bc7066f4481ef9b4e76b32dcc5cde252eec4a
dv3-train-nested-005369,3,train,nested,5369,,,,3:0:2:5369,,train,10,222.2809986947143,,,5.990083654496701,0.047080299070916196,0.09444792929152486,3.7224026203838103,,,,,788.1887627824659,0.006334921987459745,0.02358113020604717,,,,,,,0.5542740735931524,0.1572661180919104,0.6061641163956965,6,228,1,exact,0.11125829128740479,5189,,,,,,0.0004452500033949036,ad5e93f2143fa966acad575e783f786cfd82a634
dv3-train-nested-005370,3,train,nested,5370,,,,3:0:2:5370,,train,10,188.46014165206924,,,4.500684359918591,0.3534622861230641,0.06812260795826135,6.942541315184004,,,,,118.46713207104796,0.004962282779308947,0.03445085321297847,,,,,,,2.1734303992122674,0.11343158275947711,0.7956308235245632,5,208,1,exact,0.14657810249882353,677,,,,,,0.00015483300012419932,d51ca5d723ba8fbaa1e9a547611088664f889545
dv3-train-nested-005371,3,train,nested,5371,,,,3:0:2:5371,,train,10,229.43878940211113,,,3.173000335681391,2.6897366558261897,0.07184211852680365,5.203176021859807,,,,,26.883571397736258,0.004742919016994999,0.024678242502851267,,,,,,,12.112370457640463,0.11962497410965649,0.6338209419886678,3,207,1,exact,0.10941778471356256,86,,,,,,0.0001074170031643007,f0fdcb7dcf068d69857e2ea00d75301d0e801039
dv3-train-nested-005372,3,train,nested,5372,,,,3:0:2:5372,,train,10,683.1142582945706,,,5.762906043992318,0.377712571933084,0.12322821378799467,9.47461798185238,,,,,313.82704741739116,0.004714802207979668,0.04467094978060146,,,,,,,3.002528404294191,0.20518843522784308,1.954880370950681,1,745,1,exact,0.1836664257921589,2001,,,,,,0.00030220799817470834,4549bf4d079fca3291673bef6f388b4ef0167abd
dv3-train-nested-005373,3,train,nested,5373,,,,3:0:2:5373,,train,10,102.47622804685726,,,2.3155108822556825,0.3946543394111187,0.09058599305582865,6.408251592539603,,,,,112.13970844919298,0.008948484371417823,0.05734413922395402,,,,,,,1.3336511460673477,0.15083557244985865,0.9782903655043266,2,94,1,exact,0.2465433600152961,295,,,,,,0.00013116599802742712,1d806fea35a893b0ccce5d30d76ae080e695efe9
dv3-train-nested-005374,3,train,nested,5374,,,,3:0:2:5374,,train,10,445.87750401574516,,,2.9155579446079836,1.8692731817004595,0.15024883530081912,3.350131022298901,,,,,81.8127722209837,0.007115465765212355,0.0238377425981437,,,,,,,10.316074288898026,0.25018072130154084,0.8746805292545718,1,409,1,exact,0.11511549218106581,232,,,,,,0.0001332909996563103,69b3b25cecc2a0b819fef9c9cd328225c04fe93e
dv3-train-nested-005375,3,train,nested,5375,,,,3:0:2:5375,,train,10,359.48521200528495,,,3.279347669522026,1.3615737771712484,0.1540040490370815,8.903093641868905,,,,,80.51047500377855,0.008122535619233701,0.07231569522745326,,,,,,,5.095697473309497,0.2564335623255568,2.2974082550043002,2,424,1,exact,0.2991511065797185,320,,,,,,0.00015104100020835176,e936c71d29bd03c6e792fff333895c42b03dd5da
dv3-train-nested-005376,3,train,nested,5376,,,,3:0:2:5376,,train,10,393.3697403607554,,,5.516094080662672,3.9625256769609463,0.2336409089105744,6.257494928024887,,,,,17.99687892545401,0.011780084684198625,0.07371382016307654,,,,,,,11.752551569770215,0.38903763213714865,2.4652907650548914,1,279,1,exact,0.31795324153299565,91,,,,,,0.00011566700050025247,0a1fdcbb7dee79ec90c779a96fda7393a15eef13
dv3-train-nested-005377,3,train,nested,5377,,,,3:0:2:5377,,train,10,774.8239242770294,,,4.7540384715274895,8.327351390936458,0.11739015894135092,8.312659647614653,,,,,19.571920321105846,0.004217258086421658,0.035056631118573905,,,,,,,39.42023021664146,0.1954674362623135,1.6365692520811987,1,1147,1,exact,0.1460602414013384,148,,,,,,0.0001498340025136713,6d2d332499f6f55890bdb44a7b344bd345e062b1
dv3-train-nested-005378,3,train,nested,5378,,,,3:0:2:5378,,train,10,482.32134870730084,,,2.8974531432339803,8.614780781141022,0.16555263070962023,7.8234554106963135,,,,,19.323056927714234,0.007538203261241542,0.058974797091088736,,,,,,,22.068875719218084,0.2756632121731636,2.1741852107686603,1,780,1,exact,0.2473629448074358,104,,,,,,0.00013395899804891087,bda7df0655e2fa5f5e6f7249adb7c94f110eff3a
dv3-train-nested-005379,3,train,nested,5379,,,,3:0:2:5379,,train,10,692.5234292710669,,,4.236542687027603,0.6947063670242944,0.274376940245773,7.903803199186836,,,,,235.29982545525016,0.010426303753251676,0.0824074529606443,,,,,,,2.7793868624397815,0.45686757359391683,3.6397783994139483,1,597,1,exact,0.3452502716257611,1121,,,,,,0.00028654200286837295,5c797f9e30120fb5404a7cc54661d5b1d8c7d5b0
dv3-train-nested-005380,3,train,nested,5380,,,,3:0:2:5380,,train,10,338.6110440869932,,,4.631205862924588,0.955071727223553,0.20827674572843533,7.431629515406483,,,,,76.55455627787057,0.011318535149291634,0.08411515988664144,,,,,,,3.2345338637625476,0.3468035301062563,2.6005436169815273,3,336,1,exact,0.354919485106585,409,,,,,,0.00015966600039973855,1fda68ccd900d45fb86686bb13039ea83cdf2ee7
dv3-train-nested-005381,3,train,nested,5381,,,,3:0:2:5381,,train,10,174.51317466283624,,,1.502419619401722,0.06657651855525155,0.11486020064515537,3.887850811535135,,,,,1744.6804384696518,0.008694717202758212,0.033803763332812015,,,,,,,0.330818767134213,0.19125477937124494,0.7677726282451621,3,177,1,exact,0.15805254971860302,3011,,,,,,0.0004060419996676501,2144b050e43768c210a4f790dad4d2ff65f3ec38
dv3-train-nested-005382,3,train,nested,5382,,,,3:0:2:5382,,train,10,120.23231639740479,,,1.5834493707190256,0.149483553008035,0.14670705265578277,6.401828889196674,,,,,507.9531064857236,0.013379515439545867,0.08565336846433766,,,,,,,0.42305319292805055,0.2442832663558542,1.5828238648075654,3,117,1,exact,0.36830492784076135,945,,,,,,0.00025062499844352715,a815a03d5508cf70e4235f2be26d8c5ea201f15d
dv3-train-nested-005383,3,train,nested,5383,,,,3:0:2:5383,,train,10,186.13932610733747,,,4.744274244227779,1.4174852261934598,0.13295038923823052,9.354770329945836,,,,,27.67896270722382,0.009744746469879328,0.09115986514927157,,,,,,,4.0975722041006035,0.22137691923099914,2.082728926610617,1,175,1,exact,0.375265914070125,140,,,,,,0.0001937079978233669,f69f111d9e0810790ca79377d841769ac02d2f30
dv3-train-nested-005384,3,train,nested,5384,,,,3:0:2:5384,,train,10,465.3773720266309,,,3.06264804900783,0.15089462979658722,0.13894940528967836,7.997203122820459,,,,,1007.0114002294813,0.006441011297411403,0.05151007566178033,,,,,,,0.9684555653100904,0.23136593618308302,1.864689708307036,1,489,1,exact,0.21552104775130976,3480,,,,,,0.0008363329980056733,4afa313e32ecf4fb4093db674a763da8f0076762
dv3-train-nested-005385,3,train,nested,5385,,,,3:0:2:5385,,train,10,162.69230103428154,,,2.36192225502635,3.944764987925928,0.11429183641378333,4.37208508553968,,,,,17.4614485408707,0.008960488980829778,0.03917602023222851,,,,,,,9.758259585066837,0.19030839084795315,0.8535310748873025,2,185,1,exact,0.17902047131565302,63,,,,,,0.0002275000006193295,a0e47d2199c91309b0dff76ef7eceecb4df4df15
dv3-train-nested-005386,3,train,nested,5386,,,,3:0:2:5386,,train,10,409.1991141514773,,,1.5243038700603835,0.13156534581390675,0.09003306117411583,8.981114996617082,,,,,2040.4296277486746,0.004450765102884113,0.03997283321193248,,,,,,,1.0650047210529126,0.14991488047430643,1.3547231897065917,3,428,1,exact,0.16521209447606408,3291,,,,,,0.0009822499996516854,ccbffca367446b6e40be1650257e7ec8be891276
dv3-train-nested-005387,3,train,nested,5387,,,,3:0:2:5387,,train,10,263.0079012934867,,,3.9663076627150167,0.828115532150699,0.1002326455807868,5.058142535833412,,,,,80.07398944099297,0.006180516861094989,0.031261935228540164,,,,,,,4.8149502191650235,0.16689830253363858,0.8605352533040237,6,303,1,exact,0.1392490965772376,373,,,,,,0.00016150000010384247,8cd1b3f32729a9264ca8ec4557e8960a952cf62c
dv3-train-nested-005388,3,train,nested,5388,,,,3:0:2:5388,,train,10,116.89911791137729,,,3.4457299236782744,0.40917521948910524,0.05731385114578043,5.40982996721511,,,,,82.91262701599202,0.005300953252835001,0.028677255761993203,,,,,,,2.1781536649254742,0.09543382210925078,0.5250270735679206,1,101,1,exact,0.1263655194724049,244,,,,,,0.00013195800056564622,8ed1b16e72f2716363339847a96fb17a94e08549
dv3-train-nested-005389,3,train,nested,5389,,,,3:0:2:5389,,train,10,126.75770776095428,,,2.823585237037863,0.13233746821337872,0.08205736385582293,4.507532369562439,,,,,339.2271882548672,0.007288369337989265,0.032852560712312975,,,,,,,0.7194591773220441,0.13663447331522077,0.6308585135847067,2,147,1,exact,0.14928478059859734,1122,,,,,,0.00020558399774017744,17c549793aa884fdd7690ab1be04ab46a269b6fc
dv3-train-nested-005390,3,train,nested,5390,,,,3:0:2:5390,,train,10,744.7082232219165,,,3.7678703758940744,0.2521776520946719,0.2056134101131932,11.139285543187826,,,,,783.7609094301205,0.007534568077317116,0.08392970525782305,,,,,,,1.360305858991763,0.3423687854111956,3.8290804513502383,1,691,1,exact,0.34015714036361067,3086,,,,,,0.0005365000033634715,cdf2273a442cf57bd88f011faf1a9820827c087a
dv3-train-nested-005391,3,train,nested,5391,,,,3:0:2:5391,,train,10,109.75915472201885,,,2.5897639969908486,0.11093209925680354,0.07052932798453998,3.062420775430633,,,,,382.0527527767657,0.006732081561140584,0.02061646643473041,,,,,,,0.7595952724760096,0.11743903447076481,0.37833638867055264,2,118,1,exact,0.10170970084992015,1117,,,,,,0.00018687499687075615,ac680f7a6ed8f890026a7109ea47b304c63147ea
dv3-train-nested-005392,3,train,nested,5392,,,,3:0:2:5392,,train,10,632.557401403042,,,2.301894214810704,7.188046481186533,0.4269708341535922,3.5544675423358005,,,,,38.229947660902106,0.016976503177609594,0.060342429527173884,,,,,,,16.538898342261582,0.7109530736088436,2.6251637315550163,2,667,1,exact,0.2875503853669281,125,,,,,,0.00014279199967859313,68a211a43faf26bb3fbeeff9a173b488a792bfb6
dv3-train-nested-005393,3,train,nested,5393,,,,3:0:2:5393,,train,10,209.79144466312349,,,2.5033648030177313,0.25753747072888417,0.12330384625054254,6.107064821789761,,,,,325.40423860331526,0.00851300203231407,0.05198945523937,,,,,,,1.158381655849071,0.20531437153873797,1.2705665639882326,1,224,1,exact,0.22500963600397098,930,,,,,,0.00020579100237227976,7efc1fc07f5a31ea6f0333bff995b0f80fe6eee6
dv3-train-nested-005394,3,train,nested,5394,,,,3:0:2:5394,,train,10,720.560788106378,,,3.4173594684312047,0.07004727514653672,0.2217492506758335,3.76202685401708,,,,,3010.1540000943733,0.008260890177806367,0.03107769068699348,,,,,,,0.4871490133827418,0.3692367223418588,1.4373151146787329,1,733,1,exact,0.146300830750622,11963,,,,,,0.0010468749969732016,7ece8ce0e95df401bc63133a5a1cc249afa090ae
dv3-train-nested-005395,3,train,nested,5395,,,,3:0:2:5395,,train,10,575.2776920320421,,,1.8189219247432074,15.193057725986028,0.059525261195665494,5.5693997037582434,,,,,20.817006969367142,0.002481775786592994,0.013822001330645404,,,,,,,52.015698350302685,0.09911606137763536,0.5608446495456352,1,408,1,exact,0.060634015874204694,27,,,,,,0.00011579200145206414,3b04a724d486d6994ffe6419919c606cc88d4668
dv3-train-nested-005396,3,train,nested,5396,,,,3:0:2:5396,,train,10,416.1707347396351,,,2.3364495761155366,0.8352712481978665,0.11300803860372055,6.579225376299267,,,,,213.24928913264242,0.005539538290458022,0.03644587089356288,,,,,,,4.622517708579271,0.1881707272748293,1.252236343445892,2,462,1,exact,0.15614442890397606,562,,,,,,0.00017241699970327318,2431f6fda24455bcadd8615929eef1a986e1ba9c
dv3-train-nested-005397,3,train,nested,5397,,,,3:0:2:5397,,train,10,662.6526535483343,,,1.540504328066116,2.1375129019301973,0.09995856855632107,4.107578651815283,,,,,201.23998385503137,0.0038830864329146204,0.015950082934993653,,,,,,,12.85091824936748,0.1664419343525759,0.7036420597839743,2,665,1,exact,0.07375988383808549,329,,,,,,0.00015441599680343643,705337ce1eb26b96e07610605fcbf27e5c9f8225
dv3-train-nested-005398,3,train,nested,5398,,,,3:0:2:5398,,train,10,335.2643805867889,,,4.343892450987318,0.2819485455193775,0.24564749613406167,4.474085544535225,,,,,273.74014472545474,0.013415863600829938,0.06002372140392951,,,,,,,1.1091084390846917,0.4090299112515115,1.8751887600638082,1,339,1,exact,0.2731230273177242,1494,,,,,,0.0005184159999771509,6a73962b575796b17a1b98a29e4af4bd26bcb0ca
dv3-train-nested-005399,3,train,nested,5399,,,,3:0:2:5399,,train,10,132.870920702156,,,2.5514623871595603,0.4109140332557856,0.08858689135110064,4.309269172572576,,,,,126.73302483678624,0.007685187889511557,0.03311754325770025,,,,,,,1.8105034394237374,0.1475068497649696,0.6525373735871103,6,101,1,exact,0.15174602978809668,292,,,,,,0.00029837500187568367,8f1ec5d9ae2efeef41f7c5d3922a195878542f5d
dv3-train-nested-005400,3,train,nested,5400,,,,3:0:2:5400,,train,10,283.18932458443066,,,5.199950410972402,2.7805943884556537,0.09030695238353087,3.439169461539377,,,,,19.585742197012724,0.005366396373183217,0.01845594652516739,,,,,,,19.364694769252903,0.15037093925301454,0.538569144337048,1,364,1,exact,0.08859568596114395,134,,,,,,0.00023887499992270023,720ee7bcc30a2be8e3ae4d8ace6eb125695b8c43
dv3-train-nested-005401,3,train,nested,5401,,,,3:0:2:5401,,train,10,329.2730958694199,,,1.6514363153997222,12.307838837594465,0.12422771189670288,5.612182983324448,,,,,16.19991051376332,0.006846054666414316,0.038421311501759356,,,,,,,24.65207024474627,0.20685270874633993,1.179180151384592,1,362,1,exact,0.1683500810325966,30,,,,,,0.00021762500182376243,04fc329ebfe09d51aa78a4de2fe1c444534e89b7
dv3-train-nested-005402,3,train,nested,5402,,,,3:0:2:5402,,train,10,222.47212719553121,,,2.9081411072009717,0.29003753305470276,0.1909595569429667,3.3317070462695813,,,,,263.7581752416498,0.012802759716109823,0.04265504475785944,,,,,,,1.1970275781028423,0.31796851935499576,1.106067644343753,1,241,1,exact,0.20624848908586946,887,,,,,,0.0003424579990678467,90f2b884570267a7f77a84c872bdb7e48d92570e
dv3-train-nested-005403,3,train,nested,5403,,,,3:0:2:5403,,train,10,646.5524628136617,,,1.5028105270452339,0.3383493493459008,0.06596334677923643,5.943492719263299,,,,,1271.5522072261008,0.0025941841236976765,0.01541851445162558,,,,,,,3.569062348343461,0.10983617705689512,0.6619860716433043,1,654,1,exact,0.06698952294917124,2047,,,,,,0.0006047080023563467,8932e24a35dd2cb9427ad079458c5e179f498c2f
dv3-train-nested-005404,3,train,nested,5404,,,,3:0:2:5404,,train,10,388.0443768120588,,,2.0067009996996137,0.5291128929313271,0.08567113180209987,10.409262315786968,,,,,365.46886395493095,0.004349044056905419,0.04527034041124285,,,,,,,3.3626275333122138,0.14265179164987427,1.4917363384344033,1,340,1,exact,0.18453530883520697,725,,,,,,0.0003599170013330877,fd696faf3ec5bae1c8eb918f84c1add8acd004a1
dv3-train-nested-005405,3,train,nested,5405,,,,3:0:2:5405,,train,10,407.50677437380557,,,5.9049923122301475,0.03569767540022961,0.06833293029874954,7.274498480536808,,,,,1933.194541072669,0.003385030829485271,0.024624401625660857,,,,,,,0.46990726431980845,0.11378179242828296,0.8354894682206284,2,391,1,exact,0.10416754104894582,11905,,,,,,0.0016936249994614627,69570136f6dda3cab9c2afc3eba89a660e9384cd
dv3-train-nested-005406,3,train,nested,5406,,,,3:0:2:5406,,train,10,663.230461626762,,,3.92480284000541,0.7019173873330087,0.1026239737734706,5.650414802579176,,,,,240.74685317420818,0.003984892361361763,0.02251629478532319,,,,,,,6.097187884747392,0.17088012516085915,0.9805480298319689,2,565,1,exact,0.09855835188266754,886,,,,,,0.0004215420012769755,0ad7858419fc70b41b77633883f73839f56d1a75
dv3-train-nested-005407,3,train,nested,5407,,,,3:0:2:5407,,train,10,410.199313554255,,,2.3674732287438753,1.385173616472616,0.05221571344659385,7.465116404455841,,,,,125.08511772428866,0.0025781237027717578,0.019245993546277883,,,,,,,8.540415488147145,0.08694486600970142,0.6548510629856324,1,474,1,exact,0.08116425182973329,347,,,,,,0.0003099999994446989,705813ca71ae229dc2ce023fe31c7db6e226476d
dv3-train-nested-005408,3,train,nested,5408,,,,3:0:2:5408,,train,10,427.70841216010683,,,3.198724728041303,0.27397997606503116,0.2128724394216549,3.386822432244955,,,,,488.036271940131,0.01029308456876572,0.034860849714490126,,,,,,,1.5036728914995607,0.3544558620577729,1.2517144016545587,1,428,1,exact,0.16792822598261092,1815,,,,,,0.0006525410026370082,92fbb6977ad60bb8192cd2a85b80095ba7a86d62
dv3-train-nested-005409,3,train,nested,5409,,,,3:0:2:5409,,train,10,486.07399998914286,,,1.9497492057245411,0.0704135772693624,0.25207686677921454,7.245602968453556,,,,,3540.5214561597054,0.011433568457302137,0.0828430975542453,,,,,,,0.2646852169993329,0.41973551560643946,3.0700651087339437,1,509,1,exact,0.3506164750907442,8000,,,,,,0.0022672920022159815,d51fc98d6f635fe4fc19c43451abdf41a9f03d3c
dv3-train-nested-005410,3,train,nested,5410,,,,3:0:2:5410,,train,10,647.6477921971701,,,3.9784938314807428,1.6643671977102819,0.13631405226436233,5.818036527944014,,,,,97.80725095140323,0.005356377582372102,0.031163600431701334,,,,,,,9.92796810951717,0.22697778555657253,1.3399294606622705,2,633,1,exact,0.1358184002828181,411,,,,,,0.0005530830021598376,fbbf12ab41862253a36362c96527b15839c3d629
dv3-train-nested-005411,3,train,nested,5411,,,,3:0:2:5411,,train,10,798.5092460539986,,,2.108296799892986,4.456991552708922,0.09155773674460767,9.49934585195114,,,,,84.97797714505978,0.0032400750804785906,0.030778593775754558,,,,,,,21.22709486050849,0.15245363182777139,1.4562120939632668,1,926,1,exact,0.12651599028958882,209,,,,,,0.00034979200063389726,cbfbb69b157e1763a0712d6db8008db3d93110e5
dv3-train-nested-005412,3,train,nested,5412,,,,3:0:2:5412,,train,10,530.2935705847401,,,4.030608631455046,2.3319060121187203,0.09945597885273119,3.890481130508845,,,,,56.420208784344034,0.004318895691868739,0.016802582193851272,,,,,,,18.82343556411666,0.16560506760208765,0.6652263718822331,1,614,1,exact,0.0785511244541803,280,,,,,,0.000288874998659594,fefb6055c40e6ccb8246ca6172354ed13234a596
dv3-train-nested-005413,3,train,nested,5413,,,,3:0:2:5413,,train,10,377.8775845833673,,,1.5886732046484913,0.19155394582978297,0.0786352704608667,11.030427643860797,,,,,1241.7250932957018,0.004045216961183696,0.04462047299405521,,,,,,,1.5222257832760089,0.13093631404365452,1.4502066254533712,1,422,1,exact,0.1809885032196084,2150,,,,,,0.0006288330005190801,21cb98a227b3fa2fff8fae3356b5906363634672
dv3-train-nested-005414,3,train,nested,5414,,,,3:0:2:5414,,train,10,751.3267609218577,,,2.0974005738313384,0.2581587345645353,0.28276822816453034,5.825092687855014,,,,,1387.588372131672,0.010316115160315742,0.06009232698742549,,,,,,,1.0971170392459402,0.4708399844945434,2.78280789978337,1,766,1,exact,0.2618501570627022,3413,,,,,,0.0010297499975422397,89428d10d0eac61ac95a43fb270134372fac5968
dv3-train-nested-005415,3,train,nested,5415,,,,3:0:2:5415,,train,10,102.33781264516742,,,3.943117940764349,0.4627201154360212,0.08231352984346342,3.1433470671959407,,,,,56.089036960902774,0.008136790997555385,0.02557675811855205,,,,,,,2.7128219865664875,0.13706101766368448,0.4521067476101953,3,111,1,exact,0.12538124494602335,273,,,,,,0.0004623750028258655,0011cb252f8783acf3c82cb23cee298ccc4109ad
dv3-train-nested-005416,3,train,nested,5416,,,,3:0:2:5416,,train,10,251.479739955682,,,1.5645106451403428,0.5389219584374895,0.178534449458539,7.3637780582887045,,,,,298.26246361895454,0.011258240642243428,0.08290318541628629,,,,,,,1.756325873754581,0.29727935829441515,2.2091922490907816,1,269,1,exact,0.3501878958056881,564,,,,,,0.0003916669993486721,cb0d33bf9dcdcf8d633c84345c5737a668f570db
dv3-train-nested-005417,3,train,nested,5417,,,,3:0:2:5417,,train,10,378.82066468797683,,,4.6072413349678,0.2698230393409722,0.12451913710189061,7.958643411724422,,,,,304.7289181883108,0.006397632239451271,0.05091647367314461,,,,,,,1.6565211030664226,0.20733796354311318,1.6631038679739865,1,390,1,exact,0.21315210473809698,1617,,,,,,0.0004805409989785403,81c6deb5440e0f7127c903f1a9888c436ba4c371
dv3-train-nested-005418,3,train,nested,5418,,,,3:0:2:5418,,train,10,767.9116650647,,,1.8553816118621171,0.268312530720971,0.06765680411198985,6.618322977131238,,,,,1542.5422253185782,0.0024414950429029894,0.016158602740996873,,,,,,,3.133916066475718,0.11265596847926046,0.7540564705482696,1,809,1,exact,0.06917407028941125,2950,,,,,,0.0006472079985542223,cbdc0e6baea3acae591a651128428d355d18a2ad
dv3-train-nested-005419,3,train,nested,5419,,,,3:0:2:5419,,train,10,212.66995714622934,,,3.058710874593822,1.3514654687376502,0.08593413043752764,7.186541951678569,,,,,51.44732077395412,0.005892676708672561,0.042347968374554554,,,,,,,5.245861180641062,0.1430897131031814,1.038227890850518,2,213,1,exact,0.17940775433353814,172,,,,,,0.00024516700068488717,f2a1630ab49cf9a9ec4fff693f987d8f8dc071cf
dv3-train-nested-005420,3,train,nested,5420,,,,3:0:2:5420,,train,10,582.0451714784074,,,1.505542364629031,0.9849871517181067,0.2863563602261829,4.937280211753369,,,,,392.49411062377976,0.011869392412460973,0.05860251628357914,,,,,,,3.3521599383152587,0.4768146162812866,2.401969230148242,2,505,1,exact,0.26208619020210067,637,,,,,,0.00037237500146147795,0b2c2b52dd3cf7431abd1bffbb55de47cc01171c
dv3-train-nested-005421,3,train,nested,5421,,,,3:0:2:5421,,train,10,231.3917122846383,,,2.7653113744427764,1.5321687417189545,0.05471743584695028,11.94838721676944,,,,,54.61314185753779,0.0035970944177784723,0.04297947695889701,,,,,,,6.481174740888309,0.09111050705020793,1.0924296341744792,1,194,1,exact,0.17321903678585931,143,,,,,,0.00022708400138071738,c3a8bdce8ad050405d031597ddd60e36058dc325
dv3-train-nested-005422,3,train,nested,5422,,,,3:0:2:5422,,train,10,536.6754724119949,,,2.8640142096668786,1.739391877462593,0.20677181769338238,10.693757189757388,,,,,107.73061551726549,0.008925559962292665,0.09544777101937788,,,,,,,6.291834532882505,0.3442976605561686,3.697898611269609,1,546,1,exact,0.38816613856275484,368,,,,,,0.0003219999998691492,5a8058e7cdbe639f079c7a4b23c97b06c356f533
dv3-train-nested-005423,3,train,nested,5423,,,,3:0:2:5423,,train,10,415.8730836805461,,,3.9724137799091377,3.152572215695209,0.09506417276834542,9.215851349490535,,,,,33.20789056886586,0.004661615692491788,0.0429607572704567,,,,,,,12.660523177827788,0.15829223078835603,1.4673605789323514,1,550,1,exact,0.1771083901257243,184,,,,,,0.00025141700098174624,a356bb1205cf7b5dd319767d6344c046dfaa0da6
dv3-train-nested-005424,3,train,nested,5424,,,,3:0:2:5424,,train,10,143.4936352778553,,,4.581466046897497,0.05108490155373014,0.05089826168916992,11.108684522894292,,,,,613.1060547290364,0.004248999022624046,0.04720078968041671,,,,,,,0.3861182181152881,0.08475116493845922,0.9452808929032185,1,145,1,exact,0.19134261235982,3118,,,,,,0.0006822499999543652,c695dc791526ba90b223e5c47f489189307d34be
dv3-train-nested-005425,3,train,nested,5425,,,,3:0:2:5425,,train,10,233.50303099847855,,,1.922615560603226,0.792116201652547,0.2039594923094452,3.0449135550062945,,,,,153.3243644336449,0.013347430282869669,0.04064177139281135,,,,,,,2.6760371623485995,0.3396148316232232,1.0884376429990763,2,228,1,exact,0.20078673106844916,347,,,,,,0.000278041999990819,7cf6357712a2f98eb258ebfd4c9464bfd30a935f
dv3-train-nested-005426,3,train,nested,5426,,,,3:0:2:5426,,train,10,200.22017495859723,,,5.588592624361522,0.06626571708421553,0.2950026896193894,4.461843954041145,,,,,540.6503410798896,0.020848367665191086,0.09302216321855974,,,,,,,0.18952920940891632,0.4912116990930915,2.246081351414345,1,209,1,exact,0.42348638156425955,4048,,,,,,0.0011057079973397776,d2c26e6e89d354f36588fb4a9e8039f375571546
dv3-train-nested-005427,3,train,nested,5427,,,,3:0:2:5427,,train,10,239.295002844623,,,2.915538638026581,0.4949843303366985,0.15482744731446554,9.421555801359366,,,,,165.81483283145843,0.010008779897305505,0.09429827830598768,,,,,,,1.7875495199196023,0.25780461039086755,2.4425638420451072,1,257,1,exact,0.3879196690074325,528,,,,,,0.00024783299886621535,3bd595c0def0a2f2db3a555218bf7e311f4faef7
dv3-train-nested-005428,3,train,nested,5428,,,,3:0:2:5428,,train,10,526.4824310487554,,,5.71156256959136,0.11235987907923262,0.20498477689882139,3.791979916470642,,,,,820.3849435643915,0.008933665102568851,0.033876278649415725,,,,,,,0.9130542334065294,0.3413220424484913,1.3385357076749258,1,505,1,exact,0.15921088655506105,5268,,,,,,0.00055245900148293,8809e5a29276ebd8fd7211b21c12cc9fdc94eccf
dv3-train-nested-005429,3,train,nested,5429,,,,3:0:2:5429,,train,10,141.96400518082797,,,2.258292236331804,0.8189212613897857,0.10132466240775645,10.556914913358469,,,,,76.76370985279783,0.008504054674768677,0.08977658162008124,,,,,,,2.463330887817926,0.1687166298231493,1.7891000718704806,4,147,1,exact,0.3655073065816208,197,,,,,,0.000145500001963228,dd1a42777bf7d03ecc50120c98c8a19f30408c1d
dv3-train-nested-005430,3,train,nested,5430,,,,3:0:2:5430,,train,10,244.44748870443084,,,3.078435877122521,0.035839824667799294,0.18376320546685096,7.235155524816853,,,,,2215.590997240977,0.01175346092625653,0.08503811775632394,,,,,,,0.13463562607773152,0.3059858081450924,2.2349006418001562,1,222,1,exact,0.3599694767737974,8112,,,,,,0.001142874996730825,10b266e3265fda88db7849f1f76071c8a0a7681d
dv3-train-nested-005431,3,train,nested,5431,,,,3:0:2:5431,,train,10,346.28330565618234,,,2.186203812945266,0.09508128234041636,0.11964572239880683,6.096590509073929,,,,,1665.888295803868,0.006429562152917376,0.03919840759897701,,,,,,,0.6152640838461331,0.19922319577684092,1.2308127032725475,1,334,1,exact,0.16969117170516834,4058,,,,,,0.0005115419990033843,eeeeb1aae77776627c50048093afe211ab9835be
dv3-train-nested-005432,3,train,nested,5432,,,,3:0:2:5432,,train,10,103.469583415002,,,2.275092349847964,1.2377498762267516,0.0708277650743823,8.285388069684075,,,,,36.743521679379185,0.006963012708868058,0.057691262427114004,,,,,,,3.3352108560736395,0.11793596482134225,0.9842366097003659,1,67,1,exact,0.24045031508590461,66,,,,,,0.00011162499868078157,47fdb035238efaab14f926af46935fb128f5ff44
dv3-train-nested-005433,3,train,nested,5433,,,,3:0:2:5433,,train,10,562.4552126776891,,,1.705832604081149,0.15676637972897317,0.092039973200786,4.533439542548715,,,,,2103.2873314223752,0.0038809005200289653,0.01759382787819718,,,,,,,1.6042684897014459,0.1532566081982906,0.7114817184843345,1,550,1,exact,0.0798648689336863,3751,,,,,,0.00042633300108718686,16e7ea0c8c201885a2c6f59397c827c00558d53d
dv3-train-nested-005434,3,train,nested,5434,,,,3:0:2:5434,,train,10,425.1666348524634,,,3.1650661020344755,5.423982568918148,0.23233634565956673,4.125776899901676,,,,,24.766127586299323,0.011267759436259055,0.046488261595766744,,,,,,,16.17136259891799,0.3868653918368021,1.642335177098062,1,334,1,exact,0.21479559435242895,64,,,,,,0.00011662500037346035,8ddb93cba370fa48eb2f2a072b6050e7c938cc72
dv3-train-nested-005435,3,train,nested,5435,,,,3:0:2:5435,,train,10,101.98007067673878,,,2.866589948038381,0.3436213718766237,0.06391587584701212,9.132691817133884,,,,,103.53079945195367,0.0063292330931741985,0.05780293527876498,,,,,,,1.3684658565388017,0.10642691432522572,0.9777735488336827,5,104,1,exact,0.2385085914232612,335,,,,,,0.00013837499864166602,5b7d4371b92aa0c5454d9dff29e9b97ccbb71b31
dv3-train-nested-005436,3,train,nested,5436,,,,3:0:2:5436,,train,10,139.89359919590973,,,2.3307242655909204,0.15836329140863922,0.12147325865249876,3.73856061815924,,,,,379.0115341204003,0.010270267611582189,0.038396018030617526,,,,,,,0.6777430780706067,0.2022662432469791,0.7827686756983215,1,128,1,exact,0.18099071858923582,954,,,,,,0.00019004199930350296,dd553de9917de1151fd94bc43d32e1f197f775d0
dv3-train-nested-005437,3,train,nested,5437,,,,3:0:2:5437,,train,10,676.6041319361207,,,3.6585363499925156,2.9902448038372227,0.08160130141891603,4.286861515388232,,,,,61.84726895603043,0.003137110109929666,0.01344835659979283,,,,,,,25.716805397619726,0.13587507954557543,0.5981155818878217,1,624,1,exact,0.061681624112434344,222,,,,,,0.00013716600005864166,53535688704658b6ecf2d5fc651799351ed05890
dv3-train-nested-005438,3,train,nested,5438,,,,3:0:2:5438,,train,10,121.6141889523127,,,2.369334709910601,2.7732834133921562,0.056661303836546544,11.44633111375542,,,,,18.50817413328402,0.0051380040227648775,0.05881129530837413,,,,,,,6.230505516990877,0.09434725956664834,1.0840434268377719,2,101,1,exact,0.23782849844584592,37,,,,,,0.00010208299863734283,5f5cc1594b2c96650aedb007b26c9738a95d6cfd
dv3-train-nested-005439,3,train,nested,5439,,,,3:0:2:5439,,train,10,213.41814943737685,,,1.500245296882695,2.2117304386145284,0.14768501225025665,4.738433226203004,,,,,64.31864416521299,0.010109292173181062,0.047902205926795116,,,,,,,5.872954818463423,0.24591167589566448,1.1909020186482797,1,174,1,exact,0.2157457177797923,92,,,,,,0.00011245799760217778,ea60c71c34c161ff73ea74e80b8ccf059c88312a
dv3-train-nested-005440,3,train,nested,5440,,,,3:0:2:5440,,train,10,459.7796937845066,,,3.5360676399253044,0.17079590339813355,0.07532108311440305,6.887544081731958,,,,,761.292888780737,0.00351270487286299,0.024193909657958496,,,,,,,1.7801933309587277,0.12541783012857693,0.87287803544057,1,460,1,exact,0.10304135619629101,2821,,,,,,0.0003308339983050246,ad63fc2e725a4b9bec20106a2e812685fe8f2869
dv3-train-nested-005441,3,train,nested,5441,,,,3:0:2:5441,,train,10,264.9673637862686,,,4.707327109857837,0.1791700505322898,0.2221994100210889,4.6920646925480245,,,,,314.1612313209126,0.013650441843471311,0.06404875621143191,,,,,,,0.7096082511883397,0.369986286819155,1.7749885745311558,1,269,1,exact,0.28896459847287104,1828,,,,,,0.00028087499958928674,89741fe657c7df867c71dc7917c33cdebafe2326
dv3-train-nested-005442,3,train,nested,5442,,,,3:0:2:5442,,train,10,225.79560231570662,,,5.518385910041773,0.2748836888717121,0.06518541337282538,5.608584814985538,,,,,148.85191994838772,0.004338031331177972,0.024330216650976275,,,,,,,2.6760007578637097,0.10854083296753284,0.6183610751969618,1,217,1,exact,0.1066176868547632,897,,,,,,0.00017733400090946816,9f410e66b1bf72b9e45b1b0de5b8869195be2e68
dv3-train-nested-005443,3,train,nested,5443,,,,3:0:2:5443,,train,10,493.9797461942028,,,4.160178462876379,5.37513452969638,0.07493459177816401,4.438193641846469,,,,,22.090616844125517,0.003371535791495269,0.014963528713072105,,,,,,,35.34594810480034,0.12477427984026031,0.5676552730542742,2,269,1,exact,0.06818840715437935,55,,,,,,0.0001086249976651743,2c9df2ab199bd2a6cd454a959d6cf9f002779f8b
dv3-train-nested-005444,3,train,nested,5444,,,,3:0:2:5444,,train,10,111.91035384968573,,,1.7348013832678575,0.34097276691015,0.18294091034231227,5.161177056170397,,,,,189.19114926042963,0.017293213426037055,0.0892533363619203,,,,,,,0.7553152932781306,0.30461659694975807,1.6014186911743946,1,126,1,exact,0.39624837512983785,438,,,,,,0.00017254200065508485,02cb560282174636d184d885b92b65811e5d9a05
dv3-train-nested-005445,3,train,nested,5445,,,,3:0:2:5445,,train,10,118.05054749269699,,,2.883540658337017,0.11739537505104358,0.11670327727183634,7.077666428760949,,,,,348.731307860769,0.010741107158099023,0.07602197354060138,,,,,,,0.42234323514918487,0.19432370325976536,1.3890184645885164,5,106,1,exact,0.3226733274473883,1159,,,,,,0.00024079200011328794,0a95f57b7d77b3786a4d64615b46a8db1513239f
dv3-train-nested-005446,3,train,nested,5446,,,,3:0:2:5446,,train,10,254.14580047051368,,,1.9735316256410695,6.836685947205993,0.07013651018547289,4.5771302330139045,,,,,18.836196702126852,0.004399493534589766,0.02013705486712002,,,,,,,21.023656792172307,0.11678494993084856,0.5471486599134108,1,212,1,exact,0.0912518280021399,33,,,,,,0.00011020899910363369,dc77d23650cf43a8f5f3c5fb5fddc5d402fd936c
dv3-train-nested-005447,3,train,nested,5447,,,,3:0:2:5447,,train,10,136.9831026523699,,,2.3696427678462983,1.8127825676286775,0.1997107015480964,3.6416298100697806,,,,,31.888816615916895,0.017063489042907543,0.06213891036245118,,,,,,,3.828060720434592,0.3325401309428128,1.2558164696092,1,137,1,exact,0.29455502907617426,102,,,,,,0.0001126669994846452,33f8a28add5c3b62e1cb7790f365933cb224a4a8
dv3-train-nested-005448,3,train,nested,5448,,,,3:0:2:5448,,train,10,353.8996693597958,,,5.502606165161486,1.386764492731153,0.11879596178345408,8.53415922440374,,,,,46.37767930811883,0.006314829069718384,0.05389175675587004,,,,,,,6.25488463756501,0.19780825153945666,1.69967681022529,1,414,1,exact,0.22390928521836564,339,,,,,,0.00014366700270329602,750183ed77d3a5582b00224807ded34abd81b266
dv3-train-nested-005449,3,train,nested,5449,,,,3:0:2:5449,,train,10,246.73085546528603,,,2.2230870479746976,0.05667187463862479,0.07792323536473361,3.2668199659607664,,,,,1958.3910570955418,0.004960840270805283,0.016206172044608915,,,,,,,0.5729860312035611,0.1297506978384711,0.44328643148765806,1,258,1,exact,0.07872046774886882,4817,,,,,,0.0004547079988697078,f252e9e6f4ef47a5e0c963a27f68f077accc2770
dv3-train-nested-005450,3,train,nested,5450,,,,3:0:2:5450,,train,10,164.6456808856093,,,1.5995501585965672,0.04047381136042193,0.27612993497353244,3.856582938173232,,,,,2543.187474902411,0.021519804391400537,0.0829929104487007,,,,,,,0.08512971464401298,0.4597865012817793,1.8318457371056471,4,165,1,exact,0.38868450943006505,5350,,,,,,0.0008982499966805335,80a04a83861e64aa5f5e1b031773b95597237945
dv3-train-nested-005451,3,train,nested,5451,,,,3:0:2:5451,,train,10,734.9732597827631,,,4.557934678879119,0.5306236171801072,0.30204122867656186,7.8589577610266375,,,,,303.89031963035444,0.011141161223968707,0.0875579154679579,,,,,,,2.0723759609656014,0.5029316353888164,3.984387350437951,1,663,1,exact,0.36706349331652954,1432,,,,,,0.0003240000005462207,79f57a12512faaa5ef4f8f8862de68491f0447f7
dv3-train-nested-005452,3,train,nested,5452,,,,3:0:2:5452,,train,10,116.01131111113298,,,4.645424931238287,0.37028866800375215,0.14520055160256748,4.092458640566842,,,,,67.44262525169998,0.013480875525441341,0.055169925526498485,,,,,,,1.4047831704246,0.24177477755871757,1.0185641027455477,1,122,1,exact,0.2553134608519024,426,,,,,,0.000136958002258325,379ce0c7110ebca6fcd7848e17b35d0aeba40b6a
dv3-train-nested-005453,3,train,nested,5453,,,,3:0:2:5453,,train,10,131.33336939691554,,,5.573196031242509,0.03744993220731573,0.05504489087032505,4.306189352942534,,,,,629.2449391557035,0.004803186742690518,0.020683431611568635,,,,,,,0.45108598684920986,0.09165575542952274,0.40518962918615414,4,155,1,exact,0.09478515381800712,4100,,,,,,0.0007971669983817264,d61a6115b9da31addf18ef5dc6781be2eb24c6db
dv3-train-nested-005454,3,train,nested,5454,,,,3:0:2:5454,,train,10,111.97940473183662,,,5.997165592564224,0.1330102616471681,0.14489978180307125,4.496090997816923,,,,,140.3805585567712,0.013693001452813207,0.06156498056508751,,,,,,,0.5730561303786714,0.24127396299178244,1.11129735142727,1,121,1,exact,0.27988567578669993,1036,,,,,,0.0003722500005096663,950fd4694d7fe7639a7f98c6aff8395ad24a4a66
dv3-train-nested-005455,3,train,nested,5455,,,,3:0:2:5455,,train,10,128.1341549853479,,,5.8300831838870675,0.5764321469013414,0.19337123778635815,4.512814150520816,,,,,38.12781914288326,0.017082814407268557,0.07709156658784241,,,,,,,1.808520445018233,0.3219842313686082,1.4883019402614253,2,139,1,exact,0.3502360754284018,284,,,,,,0.0002545419993111864,2be7e3d002e4d8a3f32516f812c6becba034c95f
dv3-train-nested-005456,3,train,nested,5456,,,,3:0:2:5456,,train,10,494.5844757283829,,,3.2933675213924882,0.048224578220505146,0.05767404522057948,10.596267142192767,,,,,3114.0949066653993,0.0025933442678642673,0.027479768653964093,,,,,,,0.6129850425832182,0.09603358458502204,1.0221189538108042,1,514,1,exact,0.11184240272524992,10870,,,,,,0.0019096670002909377,1776789489a0d7041f837bc7d91a929f8fff48f0
dv3-train-nested-005457,3,train,nested,5457,,,,3:0:2:5457,,train,10,370.7443937607427,,,1.5046972678540418,10.056544942077739,0.055306907413783274,6.936821073756525,,,,,24.500596690246628,0.0028723812195069888,0.019925194575338544,,,,,,,27.83188616598117,0.09209204159243424,0.6454297958459114,1,279,1,exact,0.08478456020945592,34,,,,,,0.0002679589997569565,e13111da57c04f4689909c0c013c586c8cb4c5a5
dv3-train-nested-005458,3,train,nested,5458,,,,3:0:2:5458,,train,10,284.12941259113416,,,5.806973291748077,0.17742721350785712,0.10444883357835073,4.696498364772231,,,,,275.7694372621418,0.006196486354640121,0.029101788031900774,,,,,,,1.6361561227794565,0.17391871605139775,0.8351195159839865,2,266,1,exact,0.13127486435168356,1807,,,,,,0.0004217080022499431,577f31cafefc334b4c4b4db57808327d8bd13bce
dv3-train-nested-005459,3,train,nested,5459,,,,3:0:2:5459,,train,10,107.87834759825215,,,4.589974735020224,1.0463143792416976,0.21487266266383076,4.682860127324096,,,,,22.46269171940512,0.02068778636439309,0.09687800988841551,,,,,,,2.190773480039776,0.35778645222500954,1.7132397564849322,2,134,1,exact,0.43722913438991884,148,,,,,,0.00023916700229165144,a907ed7c638feeda554c75eb57336eaebd4d5a20
dv3-train-nested-005460,3,train,nested,5460,,,,3:0:2:5460,,train,10,741.0550619437743,,,1.6963371546051602,0.45968176404919153,0.23442324371831547,7.208901466644391,,,,,950.3444185658574,0.00861143309784176,0.06207897268894152,,,,,,,2.112414306346868,0.39034030504045664,2.840869289443844,1,734,1,exact,0.26289878448459864,1856,,,,,,0.0007596670002385508,3b05321e20d1f9b19967a42b1ac5e155fa2f09ad
dv3-train-nested-005461,3,train,nested,5461,,,,3:0:2:5461,,train,10,390.5379108446685,,,1.8290166516684978,11.53459438806349,0.13177024793122086,3.899679934913993,,,,,18.51156822941584,0.00666784911496208,0.026002477402651648,,,,,,,30.04989619639806,0.219411855057062,0.883320180588638,2,444,1,exact,0.12150148290422531,47,,,,,,0.00024083400057861581,2b224f2b150dfd162478dc7fdfcfe968f008025d
dv3-train-nested-005462,3,train,nested,5462,,,,3:0:2:5462,,train,10,236.2916730179219,,,5.418968628434762,0.12758165599898352,0.22697820278767675,4.596392053340894,,,,,341.77756042010657,0.014765900728510856,0.06786986876894782,,,,,,,0.4984332950448296,0.37794349872633454,1.7778142366634142,1,282,1,exact,0.3073237890493645,2430,,,,,,0.0005994999992253724,a6a0393144ec7ce9a684af200ef0dab46686e5b6
dv3-train-nested-005463,3,train,nested,5463,,,,3:0:2:5463,,train,10,352.45137682497585,,,4.41402443655536,0.6114722086353894,0.07991593458021905,5.767095940976075,,,,,130.58333475183312,0.004256805205235838,0.024549404020641426,,,,,,,4.8969728066172005,0.13306875967947654,0.7788717593513701,3,351,1,exact,0.10713076699452306,639,,,,,,0.0003063750009459909,7c948e8b8b288fade5cc1a20e9ef737ffba09068
dv3-train-nested-005464,3,train,nested,5464,,,,3:0:2:5464,,train,10,768.9730739899377,,,4.5483396850265105,0.3939951190829972,0.44774011068575037,3.5646180103569574,,,,,429.1087788208463,0.016146204018094447,0.057555049641797335,,,,,,,1.5846568935617595,0.7455361875033588,2.76014589442537,1,701,1,exact,0.27409617735988834,2323,,,,,,0.0007009999972069636,49f82aba73db88d8c255ef7aca96cc5c54ec05c9
dv3-train-nested-005465,3,train,nested,5465,,,,3:0:2:5465,,train,10,496.62778459126537,,,2.0383404568826498,0.3402368496045347,0.16821503996940212,8.848729063106017,,,,,716.09879071772,0.007548302851754168,0.06679288682144313,,,,,,,1.7284125319175472,0.28009641438520433,2.494273998666654,1,456,1,exact,0.2764761099430083,1538,,,,,,0.0006303329973889049,7ea3782c89fa8eeede60de2fc98b326c6d211fbf
dv3-train-nested-005466,3,train,nested,5466,,,,3:0:2:5466,,train,10,314.0421252860157,,,5.623990731199257,1.679308309460516,0.16977419886921974,5.310364424131182,,,,,33.25162504258712,0.009580269712320425,0.050874723453887855,,,,,,,7.710511978986581,0.28269258424834576,1.527585829276197,1,333,1,exact,0.2248331162132391,214,,,,,,0.00028495800142991357,d999cffe9953ec9a5409fcf8ee6d92c2828ea4b1
dv3-train-nested-005467,3,train,nested,5467,,,,3:0:2:5467,,train,10,239.46053727208968,,,2.9198032658370074,0.09634197841818594,0.074085845873317,10.181520211518727,,,,,851.2650480252614,0.004787604510879017,0.04874509209227294,,,,,,,0.7324162637043408,0.12336102520669712,1.262046316283337,1,242,1,exact,0.19908898117801943,2756,,,,,,0.0006554169995069969,fe6e545f8c903d4e2cf4c53b1630a59910183779
dv3-train-nested-005468,3,train,nested,5468,,,,3:0:2:5468,,train,10,795.5575574041962,,,3.1904981095273977,0.49171953318515904,0.11052919797569297,3.659341267878392,,,,,507.10238532519776,0.003918692772075117,0.014339834176991249,,,,,,,5.644171494514631,0.18404318688445048,0.6981711349092296,1,834,1,exact,0.06790376272371462,1723,,,,,,0.00046016700071049854,e4c97863c8b5e814723e5cf0894a794c7094c1ee
dv3-train-nested-005469,3,train,nested,5469,,,,3:0:2:5469,,train,10,230.59983917948762,,,2.888524614292244,2.179500358737255,0.07612856104180354,10.695289435956973,,,,,36.62907761947093,0.005013235668231742,0.05361800648240164,,,,,,,7.533146548452917,0.12676236907230762,1.3616734156282877,1,204,1,exact,0.21805055612094953,91,,,,,,0.00021979200027999468,692350a117dd9f45b8ed3ab99670d90dffef06c0
dv3-train-nested-005470,3,train,nested,5470,,,,3:0:2:5470,,train,10,561.3776326204386,,,4.088152631303935,2.0666854537774193,0.06910450194078388,4.274634282273629,,,,,66.44367115970633,0.0029166128766881633,0.012467453390811931,,,,,,,20.548470029740464,0.11506654348511137,0.505147345112709,1,572,1,exact,0.05721359606217549,299,,,,,,0.0002626249988679774,b2fb20c412106ea3efd517ccc1639dad2a9bbd24
dv3-train-nested-005471,3,train,nested,5471,,,,3:0:2:5471,,train,10,132.6090192440717,,,4.344763891056176,0.07732562954768014,0.14658582684486177,4.536369381986697,,,,,394.7148067390442,0.012729327188658697,0.05774493011192211,,,,,,,0.3069999483673849,0.24408141214010698,1.1338270510452118,1,131,1,exact,0.26209492470110535,2138,,,,,,0.0006140000004961621,f971fd1cf353495fb250295b20851ea0a748ccd9
dv3-train-nested-005472,3,train,nested,5472,,,,3:0:2:5472,,train,10,215.08072070301117,,,1.5011499403403787,2.314631778949698,0.1713121789555282,5.2573231122960085,,,,,61.90069116032191,0.011681201013766794,0.06141184806905173,,,,,,,5.54616057226218,0.2852534890737954,1.526557874762308,1,194,1,exact,0.2718342545112233,109,,,,,,0.000247042000410147,6b3f13fa5216ba337f54f460a6bcc95188d26306
dv3-train-nested-005473,3,train,nested,5473,,,,3:0:2:5473,,train,10,269.0374935722527,,,1.8578907010313201,0.2097470216266649,0.18674361826348437,3.6396981062199796,,,,,690.3937396734939,0.011385165945501974,0.04143856693084374,,,,,,,0.8662106392296592,0.31094852097907355,1.1736979317179226,1,293,1,exact,0.1964523333904369,1558,,,,,,0.0004777920003107283,bdf6ce4fe970a3326be92a6a7a18519df2f4a7f1
dv3-train-nested-005474,3,train,nested,5474,,,,3:0:2:5474,,train,10,244.80576826261716,,,4.976124051303317,0.2711932726261729,0.3312859971621088,3.117450235803953,,,,,181.40595363982848,0.021173480637595332,0.066007272206462,,,,,,,0.9648933316295156,0.5516273690985793,1.8059791421565725,1,269,1,exact,0.32422665704148645,1369,,,,,,0.00043070899846497923,13f3b3d278203902c9eb54629418c1202da7754f
dv3-train-nested-005475,3,train,nested,5475,,,,3:0:2:5475,,train,10,701.7120271703852,,,2.0811658684982772,7.78454807557923,0.10479192902557535,5.8482869923748515,,,,,43.31305535147311,0.003955927965722563,0.023135402064707173,,,,,,,30.72412302307473,0.17449000744470589,1.0352782083556413,1,498,1,exact,0.10075310299608874,67,,,,,,0.0002410829984000884,1612a032f9201fd0cacd01e55e0e92db08886e9a
dv3-train-nested-005476,3,train,nested,5476,,,,3:0:2:5476,,train,10,584.3087847567929,,,3.9186051178059094,4.088017897703486,0.06645028304226418,11.763233422402216,,,,,36.475237289789995,0.0027490056172749856,0.032337194755500544,,,,,,,20.242273939163443,0.11064697911914241,1.3062608615994162,1,530,1,exact,0.13048615759835344,134,,,,,,0.00024141699759638868,a9bdddd28a4a89a074f7a7fb6f4b897586ed45b1
dv3-train-nested-005477,3,train,nested,5477,,,,3:0:2:5477,,train,10,378.00433428316813,,,3.324188756667925,0.9877986493522317,0.11414078632485734,3.7794947152147453,,,,,115.11785143832184,0.005870734907867878,0.02218841155871337,,,,,,,6.682073915060692,0.19005687595185092,0.7430368374975055,1,396,1,exact,0.10435242827703117,453,,,,,,0.00027754199982155114,2d99948c7444381afda338ba16dc5955d889918d
dv3-train-nested-005478,3,train,nested,5478,,,,3:0:2:5478,,train,10,235.0160946447244,,,2.091324983609532,6.610471765475216,0.07937018162084077,6.974731797848424,,,,,16.99979267335621,0.0051773624732860315,0.036110714671415245,,,,,,,16.179894838993725,0.13216002139370986,0.9312067100376754,1,124,1,exact,0.15355103955390997,20,,,,,,0.00020308400053181686,779a4aead8f819fe947b3385517c60f68eb6d622
dv3-train-nested-005479,3,train,nested,5479,,,,3:0:2:5479,,train,10,143.33091488642225,,,4.034606769991611,0.29232228712616276,0.054726428725580735,3.1629238093359557,,,,,121.52810672834438,0.004571167884888806,0.014458255739586685,,,,,,,2.8381996237639835,0.09112548117535064,0.3022851709211886,2,157,1,exact,0.07077074016814414,512,,,,,,0.0002781250004773028,9c1f6de2795f66363ed751782cb2a1554aa8d98a
dv3-train-nested-005480,3,train,nested,5480,,,,3:0:2:5480,,train,10,252.76374632053518,,,5.361217662042603,0.04108594322400496,0.13445044737438125,8.195906720269571,,,,,1147.5142365125935,0.008456776633507428,0.06931095244238221,,,,,,,0.2212834293748315,0.22387467986751294,1.848463250421033,1,227,1,exact,0.2892194664696846,6745,,,,,,0.0014287080011854414,43be7a58b759cede24da779e58e0f0474f63f37f
dv3-train-nested-005481,3,train,nested,5481,,,,3:0:2:5481,,train,10,287.0582237790323,,,1.5335541893802667,4.244446399253357,0.07478698785564912,4.6403004203307585,,,,,44.10113969990587,0.004414088590385195,0.020482697141341624,,,,,,,14.341667969836186,0.12452850318763083,0.5911155422065119,1,381,1,exact,0.09259155657114981,102,,,,,,0.00029312500191736035,4f6b1da1273acb5dd0af7ed91c2c68dc79d7758d
dv3-train-nested-005482,3,train,nested,5482,,,,3:0:2:5482,,train,10,407.5338081318961,,,3.0054310581581247,0.05658732986747658,0.08697653723846172,4.350925696498912,,,,,2396.2805948204327,0.004308442407288517,0.01874571278175724,,,,,,,0.6285425197482681,0.144825434280821,0.6465535928286105,1,419,1,exact,0.08573878320631478,7498,,,,,,0.001123957998061087,40c4f419f91a9b8618d85535c8cee53204766f87
dv3-train-nested-005483,3,train,nested,5483,,,,3:0:2:5483,,train,10,108.84635480618259,,,3.0609367690682627,0.4112137492705925,0.08250597287070316,6.418401319900372,,,,,86.47526545508907,0.007908214581741721,0.05075809490950643,,,,,,,1.5489564547681605,0.13738145632311163,0.8924073057087951,1,77,1,exact,0.21818097213879695,261,,,,,,0.00025658400045358576,e20d6b56f71e8a0b20da7de43d4116af4d1c1fa0
dv3-train-nested-005484,3,train,nested,5484,,,,3:0:2:5484,,train,10,371.2041133456596,,,2.8494469528029183,2.3701974787903355,0.16225366012054476,9.93071266638332,,,,,54.96265102029615,0.008421474004272698,0.08363123856384874,,,,,,,7.490859801079625,0.2701700658211468,2.6965497385222488,1,440,1,exact,0.34234555557175694,229,,,,,,0.0002711669985728804,adbded39eebc833a103ea5b097b8684b28dd3b66
dv3-train-nested-005485,3,train,nested,5485,,,,3:0:2:5485,,train,10,434.06576256750753,,,2.8609926304469226,0.8212707610541798,0.4921783673065674,3.14493651264097,,,,,184.73638090349212,0.023623527923709996,0.07429449552466909,,,,,,,1.9344146252175698,0.8195307384262994,2.7045291257822193,2,424,1,exact,0.36415874342775767,682,,,,,,0.0003812499999185093,c06e7f170313c15480daf6137b5e558c4a99b641
dv3-train-nested-005486,3,train,nested,5486,,,,3:0:2:5486,,train,10,479.61519744412635,,,3.141844219975794,0.05093743570908829,0.09844454780810594,6.941083626175738,,,,,2996.892812733029,0.004495160474878473,0.031201284769211322,,,,,,,0.48788134826356766,0.16392092444194603,1.149536221455406,1,454,1,exact,0.13275566833493596,9819,,,,,,0.0012184160004835576,07e7764831364c99088987536298ad2cc80e7e9c
dv3-train-nested-005487,3,train,nested,5487,,,,3:0:2:5487,,train,10,120.17077665475502,,,1.6488512683198824,2.2750320503572774,0.10717591741796806,5.462674840002281,,,,,32.03537897538983,0.009776823516856997,0.05340760784067733,,,,,,,4.908560054754769,0.17845960850277184,0.9910666655623693,2,157,1,exact,0.234983941842813,78,,,,,,0.000139749998197658,02e92050eba0cf5174d1a9a9ba1e46a843ebe070
dv3-train-nested-005488,3,train,nested,5488,,,,3:0:2:5488,,train,10,748.1822784616893,,,3.2605948743868534,4.493561528202817,0.27189338005000396,4.077656436121951,,,,,51.06459397195093,0.009940195478341648,0.04053270206857014,,,,,,,17.3845123013402,0.4527321746077663,1.9007895522830853,1,750,1,exact,0.18770953804568052,191,,,,,,0.00015366699881269597,eefd99ff66db94bbcce235f06762caf036ce4fb4
dv3-train-nested-005489,3,train,nested,5489,,,,3:0:2:5489,,train,10,699.5061020427579,,,2.7669946908370653,1.8952953166155286,0.075370261677275,7.271117476567552,,,,,133.3847846856358,0.0028497336420991036,0.020720748088629292,,,,,,,12.743027504786387,0.12549971780715521,0.9211127803408444,1,706,1,exact,0.08765901012671083,414,,,,,,0.00016024999786168337,cb40724ba306c5904aba444af02216e25c037e5c
dv3-train-nested-005490,3,train,nested,5490,,,,3:0:2:5490,,train,10,162.4136978482618,,,1.9797638134075561,0.23097338820482122,0.05543161252889311,7.295880914413301,,,,,355.1790387209032,0.0043495686054046,0.0317339345741027,,,,,,,1.4179750741420434,0.09229968922967353,0.6797035743501738,2,166,1,exact,0.1341951431775801,788,,,,,,0.0001757080026436597,1a6ecb9796cbb3527fca298d97493da88d724a5d
dv3-train-nested-005491,3,train,nested,5491,,,,3:0:2:5491,,train,10,398.26891224106953,,,1.6486433780956224,2.6977616939816786,0.0851213349529394,3.2333567450317577,,,,,89.54598161630716,0.004265306279371529,0.013791256828032245,,,,,,,13.774385792047859,0.1417363198459372,0.4797014567954729,1,477,1,exact,0.06715265586710549,179,,,,,,0.00012720799713861197,26ee43a787c305365af56606525fbbcaf0f220fb
dv3-train-nested-005492,3,train,nested,5492,,,,3:0:2:5492,,train,10,425.89341179472154,,,2.3250325062168438,2.5182715257612367,0.06477292693928567,4.848060799352625,,,,,72.7393369437231,0.0031386512453912556,0.015216372065620643,,,,,,,14.973805913374072,0.10785399800296588,0.5338902925099083,1,390,1,exact,0.06826263428457656,162,,,,,,0.00012137500016251579,b7705388d2b2c0bfe8552c08c05cee43a2216e0e
dv3-train-nested-005493,3,train,nested,5493,,,,3:0:2:5493,,train,10,771.6408381609825,,,2.326027498610115,0.032783841983788656,0.15972374761011465,5.806829912846902,,,,,10119.067935262736,0.005749921154366318,0.03338881415568552,,,,,,,0.26238538449099225,0.2659574851683785,1.5671029677304287,1,751,1,exact,0.14555760183796915,25429,,,,,,0.002464291999785928,3b3520026a451db8519d30a33b750c57685c3aa4
dv3-train-nested-005494,3,train,nested,5494,,,,3:0:2:5494,,train,10,118.99002023763168,,,4.543068845345015,0.6677530453123546,0.16295520633226102,5.592387100789031,,,,,39.223409578115074,0.014938705692345046,0.0835430250163541,,,,,,,1.7456363861485287,0.27133821688815596,1.5414970669289478,1,128,1,exact,0.3662551800218591,217,,,,,,0.00013433300046017393,90d49bfa622c95550836308ec1105a7f29ef6ed9
dv3-train-nested-005495,3,train,nested,5495,,,,3:0:2:5495,,train,10,194.27603054412745,,,2.2145234659449238,0.21473715958357548,0.16411957155039825,3.639415581009007,,,,,408.5373152463771,0.01177472475385741,0.04285311673128111,,,,,,,0.846658946614092,0.2732770121510195,1.0314296181566922,8,193,1,exact,0.20316184304808987,1059,,,,,,0.000210291997063905,1c7cb7d943631ebcc9e2cbef57bc74dc5faf8cc2
dv3-train-nested-005496,3,train,nested,5496,,,,3:0:2:5496,,train,10,506.869549295454,,,2.4351648458424755,0.29199290369440917,0.2866967355569008,5.5261630017320424,,,,,712.8457074787228,0.012734287401084055,0.07037174788929319,,,,,,,1.0274392365569356,0.47738137838351363,2.680932233489639,1,486,1,exact,0.30907271528577457,2159,,,,,,0.0003983749993494712,a902248336df7318be6268b0bff439f09eb7bdc4
dv3-train-nested-005497,3,train,nested,5497,,,,3:0:2:5497,,train,10,770.5669734909054,,,2.683453256140297,4.3677556813125475,0.06330044679668222,4.818495993392304,,,,,65.74428693061444,0.002280350367177281,0.010987859107774398,,,,,,,32.228214084046996,0.10540215773784059,0.5187018238223485,1,690,1,exact,0.04934468976982455,168,,,,,,0.00013720800052396953,2d99c00b9afcb3f74cdab0ab81db9970835a81ab
dv3-train-nested-005498,3,train,nested,5498,,,,3:0:2:5498,,train,10,318.02458674945086,,,4.576362147273707,0.27694245716911614,0.05372148540056176,11.632432318670048,,,,,250.9289510004388,0.003012434855215643,0.035041944567698574,,,,,,,2.4130473472146745,0.08945214077695725,1.044383841382337,1,339,1,exact,0.1415248644176034,1169,,,,,,0.00020537499949568883,ce98a5193c961d41f15d043a80c046a5606da387
dv3-train-nested-005499,3,train,nested,5499,,,,3:0:2:5499,,train,10,314.99930341113094,,,3.67460864946458,5.025953460677836,0.10283956359417233,11.209166635941274,,,,,17.05611193939298,0.005794359388543026,0.06494993993470957,,,,,,,13.877130121668175,0.17123910575954693,1.9270708843304643,3,315,1,exact,0.26309921543518755,68,,,,,,0.00011287500092294067,bc9945677388eeacecb96d7ba70d6afac5ea0d61
