case_id,dv,set,family,index,cell_id,level_id,rep,spawn_key,r_seed,split,shard,nbar,mu,s,mu1,mu2,s2,rho,tau,gamma,sigma2,sp,kappa,sigma,sigma1,lam_p,R,beta,mu_log,s_abs,grid_M,delta_tilde,tau_K,tau_K2,prior_tries,n,pattern_tries,sampler,buffer,n_parents,pad_P,min_eig,cftp_start,mh_steps,burnin,wall_s,sha1
dv3-A-poisson-000000,3,A,poisson,0,,,,3:1:0:0,,test,0,462.4854426923281,,,,,,,,,,,,,,,,,,,,0.0,,,1,459,1,exact,,,,,,,,0.00038329199742292985,e5cea53d9aaee541aa4777179a2fe19c679b0f63
dv3-A-poisson-000001,3,A,poisson,1,,,,3:1:0:1,,test,0,513.923424748457,,,,,,,,,,,,,,,,,,,,0.0,,,1,492,1,exact,,,,,,,,2.5875000574160367e-05,376e7d3418eba2d6e9b2e5ce28740ab9debe59d7
dv3-A-poisson-000002,3,A,poisson,2,,,,3:1:0:2,,test,0,358.06971191630817,,,,,,,,,,,,,,,,,,,,0.0,,,1,374,1,exact,,,,,,,,1.854200309026055e-05,f4f0cde078b02aefb8c4f3240a5bd75d956f7500
dv3-A-poisson-000003,3,A,poisson,3,,,,3:1:0:3,,test,0,200.10719373943488,,,,,,,,,,,,,,,,,,,,0.0,,,1,208,1,exact,,,,,,,,1.7583002772880718e-05,049157185175897fe94fc70fca9149bdb71422a9
dv3-A-poisson-000004,3,A,poisson,4,,,,3:1:0:4,,test,0,305.6421847291413,,,,,,,,,,,,,,,,,,,,0.0,,,1,336,1,exact,,,,,,,,1.5042001905385405e-05,ab9972ee9a16fef13ef28dc4e152bf0a241cecee
dv3-A-poisson-000005,3,A,poisson,5,,,,3:1:0:5,,test,0,181.10732588877573,,,,,,,,,,,,,,,,,,,,0.0,,,1,190,1,exact,,,,,,,,1.3208999007474631e-05,0e835d118e8107a49aa10075572d9a3cd592f4b7
dv3-A-poisson-000006,3,A,poisson,6,,,,3:1:0:6,,test,0,462.92806738437145,,,,,,,,,,,,,,,,,,,,0.0,,,1,467,1,exact,,,,,,,,1.6167003195732832e-05,29435b36fa9317db19272fbcf362ae167e835b66
dv3-A-poisson-000007,3,A,poisson,7,,,,3:1:0:7,,test,0,681.1634807518519,,,,,,,,,,,,,,,,,,,,0.0,,,1,647,1,exact,,,,,,,,1.7750000552041456e-05,48893c71fd39204394acb9f8a13e7efb86ba2b07
dv3-A-poisson-000008,3,A,poisson,8,,,,3:1:0:8,,test,0,514.6505373831926,,,,,,,,,,,,,,,,,,,,0.0,,,1,500,1,exact,,,,,,,,1.5792000340297818e-05,fa4ef647b90d30bb3f510db8a2b0407467cde6f2
dv3-A-poisson-000009,3,A,poisson,9,,,,3:1:0:9,,test,0,248.84671742738774,,,,,,,,,,,,,,,,,,,,0.0,,,1,235,1,exact,,,,,,,,1.3541997759602964e-05,19e29b5a0a907ac710399f7a3f2aa41fec68f6c3
dv3-A-poisson-000010,3,A,poisson,10,,,,3:1:0:10,,test,0,384.0515644767631,,,,,,,,,,,,,,,,,,,,0.0,,,1,336,1,exact,,,,,,,,1.5083001926541328e-05,83523c32f28bbb99b38b27569a528d17f63203f0
dv3-A-poisson-000011,3,A,poisson,11,,,,3:1:0:11,,test,0,425.68334116928963,,,,,,,,,,,,,,,,,,,,0.0,,,1,382,1,exact,,,,,,,,1.8999999156221747e-05,6ee697e8467c5180787d9fc7f433800008975670
dv3-A-poisson-000012,3,A,poisson,12,,,,3:1:0:12,,test,0,418.3717703975895,,,,,,,,,,,,,,,,,,,,0.0,,,1,402,1,exact,,,,,,,,1.5541998436674476e-05,72fd766c0adebeffb882b096608e0c9eca2b8047
dv3-A-poisson-000013,3,A,poisson,13,,,,3:1:0:13,,test,0,127.43527092958087,,,,,,,,,,,,,,,,,,,,0.0,,,1,126,1,exact,,,,,,,,1.1707998055499047e-05,c03d92485121661e6987e7cec41e863508d6db0b
dv3-A-poisson-000014,3,A,poisson,14,,,,3:1:0:14,,test,0,174.12418559407246,,,,,,,,,,,,,,,,,,,,0.0,,,1,163,1,exact,,,,,,,,1.2249998690094799e-05,421513527a7d56eee67cc556306cf5e3e986013d
dv3-A-poisson-000015,3,A,poisson,15,,,,3:1:0:15,,test,0,227.27002768098438,,,,,,,,,,,,,,,,,,,,0.0,,,1,233,1,exact,,,,,,,,1.3458000466926023e-05,351687d42912653bd838106da780a781ed99e0a4
dv3-A-poisson-000016,3,A,poisson,16,,,,3:1:0:16,,test,0,534.5701195186282,,,,,,,,,,,,,,,,,,,,0.0,,,1,499,1,exact,,,,,,,,1.716599945211783e-05,174e7961aa6b3cddb61bc3ffc7684f3228bd78c3
dv3-A-poisson-000017,3,A,poisson,17,,,,3:1:0:17,,test,0,156.7407975662739,,,,,,,,,,,,,,,,,,,,0.0,,,1,161,1,exact,,,,,,,,1.2290998711250722e-05,ef682f70e46f03c3d686cbdb7fe572e2e58b04e9
dv3-A-poisson-000018,3,A,poisson,18,,,,3:1:0:18,,test,0,739.2188275146357,,,,,,,,,,,,,,,,,,,,0.0,,,1,761,1,exact,,,,,,,,2.0040999515913427e-05,2635724d227fccd462a31024cef566812dcf8e8d
dv3-A-poisson-000019,3,A,poisson,19,,,,3:1:0:19,,test,0,106.14170444458968,,,,,,,,,,,,,,,,,,,,0.0,,,1,98,1,exact,,,,,,,,1.1208001524209976e-05,b92bd0198082a07e34bae43ad97079386719abf4
dv3-A-poisson-000020,3,A,poisson,20,,,,3:1:0:20,,test,0,167.37664815630666,,,,,,,,,,,,,,,,,,,,0.0,,,1,156,1,exact,,,,,,,,1.1916999937966466e-05,a633468e0068f40947ef24f0e6fae615633fda9e
dv3-A-poisson-000021,3,A,poisson,21,,,,3:1:0:21,,test,0,213.4335192917482,,,,,,,,,,,,,,,,,,,,0.0,,,1,195,1,exact,,,,,,,,1.2333999620750546e-05,a4a8507fbf17a90d65e3ebb75381c0979f38fe62
dv3-A-poisson-000022,3,A,poisson,22,,,,3:1:0:22,,test,0,173.42813507807625,,,,,,,,,,,,,,,,,,,,0.0,,,1,182,1,exact,,,,,,,,2.0209001377224922e-05,be336045c41b16a0beafc4256c8c0bc3782387e5
dv3-A-poisson-000023,3,A,poisson,23,,,,3:1:0:23,,test,0,267.324697230678,,,,,,,,,,,,,,,,,,,,0.0,,,1,308,1,exact,,,,,,,,1.4375000318977982e-05,51b47a77177af531d190b0cea5b4d45d553e27a4
dv3-A-poisson-000024,3,A,poisson,24,,,,3:1:0:24,,test,0,365.87757188597493,,,,,,,,,,,,,,,,,,,,0.0,,,1,379,1,exact,,,,,,,,1.4999997802078724e-05,abc6614766bb7355c47423c4171000cee7dbf442
dv3-A-poisson-000025,3,A,poisson,25,,,,3:1:0:25,,test,0,586.1769315149536,,,,,,,,,,,,,,,,,,,,0.0,,,1,632,1,exact,,,,,,,,1.8540999008109793e-05,20a459e309fc40dec388bc2cec15130965f8f683
dv3-A-poisson-000026,3,A,poisson,26,,,,3:1:0:26,,test,0,260.643253119161,,,,,,,,,,,,,,,,,,,,0.0,,,1,251,1,exact,,,,,,,,1.3374999980442226e-05,fcfb33c7d7bc90f6c3b2c25263251590cf3e31ff
dv3-A-poisson-000027,3,A,poisson,27,,,,3:1:0:27,,test,0,141.64668622210556,,,,,,,,,,,,,,,,,,,,0.0,,,1,127,1,exact,,,,,,,,1.133299883804284e-05,2a44eef57dc63da1f1dcb7a3b13bbf22ef072e87
dv3-A-poisson-000028,3,A,poisson,28,,,,3:1:0:28,,test,0,284.0982305938229,,,,,,,,,,,,,,,,,,,,0.0,,,1,278,1,exact,,,,,,,,1.3749999197898433e-05,ad9af868aa7e657437032b4927bd2d289ce61e83
dv3-A-poisson-000029,3,A,poisson,29,,,,3:1:0:29,,test,0,576.340028469645,,,,,,,,,,,,,,,,,,,,0.0,,,1,569,1,exact,,,,,,,,1.766599962138571e-05,22c45ced5a34a77736bda132f8ed0203da41d234
dv3-A-poisson-000030,3,A,poisson,30,,,,3:1:0:30,,test,0,165.24270955941986,,,,,,,,,,,,,,,,,,,,0.0,,,1,174,1,exact,,,,,,,,1.2332999176578596e-05,800da9f380a1e37e8893ca24b9e03eb50631c163
dv3-A-poisson-000031,3,A,poisson,31,,,,3:1:0:31,,test,0,177.341358918103,,,,,,,,,,,,,,,,,,,,0.0,,,1,185,1,exact,,,,,,,,1.2500000593718141e-05,041a0bd83f5a0187c8224a155b8dec716915d457
dv3-A-poisson-000032,3,A,poisson,32,,,,3:1:0:32,,test,0,581.8222313578467,,,,,,,,,,,,,,,,,,,,0.0,,,1,635,1,exact,,,,,,,,2.0458999642869458e-05,43141373667ea232d99b30d246b1aee097d1f3ff
dv3-A-poisson-000033,3,A,poisson,33,,,,3:1:0:33,,test,0,422.3654700881631,,,,,,,,,,,,,,,,,,,,0.0,,,1,431,1,exact,,,,,,,,1.5749999874969944e-05,b3ef43f020541c92e3e68d0569ecd3c23a623f22
dv3-A-poisson-000034,3,A,poisson,34,,,,3:1:0:34,,test,0,114.8193348478922,,,,,,,,,,,,,,,,,,,,0.0,,,1,123,1,exact,,,,,,,,1.1374999303370714e-05,35e7fc04e2bc0c25aad52edf7bfdc84e8461bb0d
dv3-A-poisson-000035,3,A,poisson,35,,,,3:1:0:35,,test,0,336.7544437336335,,,,,,,,,,,,,,,,,,,,0.0,,,1,351,1,exact,,,,,,,,1.4749999536434188e-05,dd6940729377f47be915e1673849bc8f612cf17c
dv3-A-poisson-000036,3,A,poisson,36,,,,3:1:0:36,,test,0,128.81821337798556,,,,,,,,,,,,,,,,,,,,0.0,,,1,137,1,exact,,,,,,,,1.1833999451482669e-05,977a480373fe235dd01416038389644ebafd1cf5
dv3-A-poisson-000037,3,A,poisson,37,,,,3:1:0:37,,test,0,414.91014265474615,,,,,,,,,,,,,,,,,,,,0.0,,,1,387,1,exact,,,,,,,,1.5208002878353e-05,6ac717bbae8edf6ea6aad31f2acb7421303c6ed6
dv3-A-poisson-000038,3,A,poisson,38,,,,3:1:0:38,,test,0,240.4383860874475,,,,,,,,,,,,,,,,,,,,0.0,,,1,231,1,exact,,,,,,,,1.3083001249469817e-05,4477c5c4c95877aeb86e43f76833409d5accf129
dv3-A-poisson-000039,3,A,poisson,39,,,,3:1:0:39,,test,0,461.9621709032272,,,,,,,,,,,,,,,,,,,,0.0,,,1,452,1,exact,,,,,,,,1.6166002751560882e-05,39b59f7e5f196236b375a6b4f9cb5dc580e8934f
dv3-A-poisson-000040,3,A,poisson,40,,,,3:1:0:40,,test,0,100.6624367123222,,,,,,,,,,,,,,,,,,,,0.0,,,1,112,1,exact,,,,,,,,1.1500000255182385e-05,91850eba5619f21ebdb6351fbe24765d45e6a059
dv3-A-poisson-000041,3,A,poisson,41,,,,3:1:0:41,,test,0,665.239203514251,,,,,,,,,,,,,,,,,,,,0.0,,,1,667,1,exact,,,,,,,,1.895900277304463e-05,9be762f4ec195a687840b8018fb5a1659b165075
dv3-A-poisson-000042,3,A,poisson,42,,,,3:1:0:42,,test,0,130.75863419165427,,,,,,,,,,,,,,,,,,,,0.0,,,1,121,1,exact,,,,,,,,1.1457999789854512e-05,333b945856e2eebf64ce5f03c9a305166fe2c50c
dv3-A-poisson-000043,3,A,poisson,43,,,,3:1:0:43,,test,0,214.00218025363847,,,,,,,,,,,,,,,,,,,,0.0,,,1,222,1,exact,,,,,,,,1.2999997125007212e-05,85c437386349c052bf6c056602135e02e88b3f4b
dv3-A-poisson-000044,3,A,poisson,44,,,,3:1:0:44,,test,0,175.43097368674265,,,,,,,,,,,,,,,,,,,,0.0,,,1,192,1,exact,,,,,,,,1.2124997738283128e-05,de83ac4e432b05ce1385fe60194f5291cbd79ac1
dv3-A-poisson-000045,3,A,poisson,45,,,,3:1:0:45,,test,0,133.57425472404137,,,,,,,,,,,,,,,,,,,,0.0,,,1,132,1,exact,,,,,,,,1.1374999303370714e-05,94a8fa472c7734063e114f8c91fbd47774db7302
dv3-A-poisson-000046,3,A,poisson,46,,,,3:1:0:46,,test,0,455.61807888319777,,,,,,,,,,,,,,,,,,,,0.0,,,1,455,1,exact,,,,,,,,2.1500000002561137e-05,341156e89f9af1cc6b3ffee87dd6ab817a4cd1e9
dv3-A-poisson-000047,3,A,poisson,47,,,,3:1:0:47,,test,0,151.43078196389865,,,,,,,,,,,,,,,,,,,,0.0,,,1,152,1,exact,,,,,,,,1.195900040329434e-05,691756a4ebf79dc5513f72e7207553fa38796c3c
dv3-A-poisson-000048,3,A,poisson,48,,,,3:1:0:48,,test,0,197.36551378467658,,,,,,,,,,,,,,,,,,,,0.0,,,1,202,1,exact,,,,,,,,1.2332999176578596e-05,526004d0fdcf6f9a0f836b929963df2b8b37e05b
dv3-A-poisson-000049,3,A,poisson,49,,,,3:1:0:49,,test,0,149.75901431376542,,,,,,,,,,,,,,,,,,,,0.0,,,1,141,1,exact,,,,,,,,1.166700167232193e-05,233601c81a61dec67e66e8ece8b7d016a2b93a13
dv3-A-poisson-000050,3,A,poisson,50,,,,3:1:0:50,,test,0,564.0342972302146,,,,,,,,,,,,,,,,,,,,0.0,,,1,577,1,exact,,,,,,,,2.1624997316394e-05,e68130e46c3070c4b8d6456dd4d01dc82afaf9f5
dv3-A-poisson-000051,3,A,poisson,51,,,,3:1:0:51,,test,0,347.83173499205486,,,,,,,,,,,,,,,,,,,,0.0,,,1,312,1,exact,,,,,,,,1.4207998901838437e-05,b34974941153ad1e899a8c41007da09f82a91311
dv3-A-poisson-000052,3,A,poisson,52,,,,3:1:0:52,,test,0,326.0604772557178,,,,,,,,,,,,,,,,,,,,0.0,,,1,339,1,exact,,,,,,,,1.4958000974729657e-05,1c52170f17de9dc666dbb769d68ddae689bc42ec
dv3-A-poisson-000053,3,A,poisson,53,,,,3:1:0:53,,test,0,211.35249469317313,,,,,,,,,,,,,,,,,,,,0.0,,,1,209,1,exact,,,,,,,,1.3166001735953614e-05,b9d75ce4f88dd761ab6e5a2997ebb288be6b3aa4
dv3-A-poisson-000054,3,A,poisson,54,,,,3:1:0:54,,test,0,138.08046610751455,,,,,,,,,,,,,,,,,,,,0.0,,,1,126,1,exact,,,,,,,,1.3042001228313893e-05,f1367b610d926330f9f93a4560993eb6f49eac8d
dv3-A-poisson-000055,3,A,poisson,55,,,,3:1:0:55,,test,0,232.13641331198446,,,,,,,,,,,,,,,,,,,,0.0,,,1,251,1,exact,,,,,,,,1.3042001228313893e-05,ddd90a041d7ad5716e94985382d1737af84886e2
dv3-A-poisson-000056,3,A,poisson,56,,,,3:1:0:56,,test,0,166.85584636504905,,,,,,,,,,,,,,,,,,,,0.0,,,1,172,1,exact,,,,,,,,1.7750000552041456e-05,c43f720221cd9d5cbe47d8b3457b0854e744c374
dv3-A-poisson-000057,3,A,poisson,57,,,,3:1:0:57,,test,0,345.57148006100664,,,,,,,,,,,,,,,,,,,,0.0,,,1,366,1,exact,,,,,,,,1.4833000022917986e-05,5b8d272439ba6dbb539cac178658e249fb525a8a
dv3-A-poisson-000058,3,A,poisson,58,,,,3:1:0:58,,test,0,164.87722802783972,,,,,,,,,,,,,,,,,,,,0.0,,,1,167,1,exact,,,,,,,,1.204199725179933e-05,e3bb6669d29085c8504b831b985effb5de65fff4
dv3-A-poisson-000059,3,A,poisson,59,,,,3:1:0:59,,test,0,188.98710468951137,,,,,,,,,,,,,,,,,,,,0.0,,,1,202,1,exact,,,,,,,,1.237499964190647e-05,5504447db40042b37a56914651fc0c9a4505303c
dv3-A-poisson-000060,3,A,poisson,60,,,,3:1:0:60,,test,0,118.36556841069064,,,,,,,,,,,,,,,,,,,,0.0,,,1,126,1,exact,,,,,,,,1.120899833040312e-05,5d7881fe07f1a405f546dfeba5e3aa81bbc14d9e
dv3-A-poisson-000061,3,A,poisson,61,,,,3:1:0:61,,test,0,689.8709462447144,,,,,,,,,,,,,,,,,,,,0.0,,,1,696,1,exact,,,,,,,,5.5917000281624496e-05,5e3c6a8d9e9cbcfee1fbcdaeef39443afc7798a8
dv3-A-poisson-000062,3,A,poisson,62,,,,3:1:0:62,,test,0,219.34642778833174,,,,,,,,,,,,,,,,,,,,0.0,,,1,203,1,exact,,,,,,,,1.3207998563302681e-05,827921a2f8a84f71fb69f344d026cdc0956e53c0
dv3-A-poisson-000063,3,A,poisson,63,,,,3:1:0:63,,test,0,547.7182139719266,,,,,,,,,,,,,,,,,,,,0.0,,,1,543,1,exact,,,,,,,,1.7209000361617655e-05,716e8aa98ff725e39a556816c65146f45deddea9
dv3-A-poisson-000064,3,A,poisson,64,,,,3:1:0:64,,test,0,291.9777625726014,,,,,,,,,,,,,,,,,,,,0.0,,,1,305,1,exact,,,,,,,,1.7709000530885532e-05,795fd4acae79affe4bf462730cde9ad87132510b
dv3-A-poisson-000065,3,A,poisson,65,,,,3:1:0:65,,test,0,628.515005283303,,,,,,,,,,,,,,,,,,,,0.0,,,1,639,1,exact,,,,,,,,1.8457998521625996e-05,52c320f4ee3fb912ac091ac87e93a1050d69a871
dv3-A-poisson-000066,3,A,poisson,66,,,,3:1:0:66,,test,0,255.89093091429368,,,,,,,,,,,,,,,,,,,,0.0,,,1,255,1,exact,,,,,,,,1.3250002666609362e-05,1c72e406ab8e1866e96d113a138069f6dcb60c73
dv3-A-poisson-000067,3,A,poisson,67,,,,3:1:0:67,,test,0,407.2520357299924,,,,,,,,,,,,,,,,,,,,0.0,,,1,383,1,exact,,,,,,,,1.5040997823234648e-05,c41d1272b9e13e7aa3568be52d6d11dcc99a5445
dv3-A-poisson-000068,3,A,poisson,68,,,,3:1:0:68,,test,0,267.0720407818025,,,,,,,,,,,,,,,,,,,,0.0,,,1,261,1,exact,,,,,,,,1.3374999980442226e-05,9ce26220fa92b6715a139e3edc1f640654f6c89c
dv3-A-poisson-000069,3,A,poisson,69,,,,3:1:0:69,,test,0,144.68332046091575,,,,,,,,,,,,,,,,,,,,0.0,,,1,122,1,exact,,,,,,,,1.1374999303370714e-05,59bc1a719245368d6e8998c7d2d173d3388a658e
dv3-A-poisson-000070,3,A,poisson,70,,,,3:1:0:70,,test,0,405.81175240431173,,,,,,,,,,,,,,,,,,,,0.0,,,1,383,1,exact,,,,,,,,1.5249999705702066e-05,db07e11d4d8cf2651d31ffedd66daa90261f870b
dv3-A-poisson-000071,3,A,poisson,71,,,,3:1:0:71,,test,0,730.6261329107436,,,,,,,,,,,,,,,,,,,,0.0,,,1,703,1,exact,,,,,,,,1.954099934664555e-05,c1f5f0a97d4376bcdcc9b4fc344680bd872d6582
dv3-A-poisson-000072,3,A,poisson,72,,,,3:1:0:72,,test,0,460.4801711796682,,,,,,,,,,,,,,,,,,,,0.0,,,1,428,1,exact,,,,,,,,1.550000160932541e-05,befde70eab4ae31dd8564a30462a940afd6fb42a
dv3-A-poisson-000073,3,A,poisson,73,,,,3:1:0:73,,test,0,554.7923634738761,,,,,,,,,,,,,,,,,,,,0.0,,,1,536,1,exact,,,,,,,,1.9041002815356478e-05,1d91cc95320ea04e14c2447f226b3b47768c4ac1
dv3-A-poisson-000074,3,A,poisson,74,,,,3:1:0:74,,test,0,422.0311966226262,,,,,,,,,,,,,,,,,,,,0.0,,,1,421,1,exact,,,,,,,,1.5833000361453742e-05,99388afb104389b3530dabc2536626320d2ec599
dv3-A-poisson-000075,3,A,poisson,75,,,,3:1:0:75,,test,0,116.40622260592761,,,,,,,,,,,,,,,,,,,,0.0,,,1,141,1,exact,,,,,,,,1.1625001206994057e-05,8fb67d218d24b14e9b85b2f5c9c3a6bbd22ad588
dv3-A-poisson-000076,3,A,poisson,76,,,,3:1:0:76,,test,0,159.98508127558856,,,,,,,,,,,,,,,,,,,,0.0,,,1,158,1,exact,,,,,,,,1.1707998055499047e-05,aae2dea3a630f2e6b813706d9f9d91cfa45c7b73
dv3-A-poisson-000077,3,A,poisson,77,,,,3:1:0:77,,test,0,322.53213307490995,,,,,,,,,,,,,,,,,,,,0.0,,,1,299,1,exact,,,,,,,,1.4082997950026765e-05,3a7da85f88909946e0c8b807812d2a2d4296aa37
dv3-A-poisson-000078,3,A,poisson,78,,,,3:1:0:78,,test,0,233.06711639623185,,,,,,,,,,,,,,,,,,,,0.0,,,1,220,1,exact,,,,,,,,1.2833002983825281e-05,24135ceae090653e5d5084f269b45b01d0cc7ff4
dv3-A-poisson-000079,3,A,poisson,79,,,,3:1:0:79,,test,0,118.43321728505198,,,,,,,,,,,,,,,,,,,,0.0,,,1,109,1,exact,,,,,,,,1.1249998351559043e-05,4033e09176c845ee49c402a0877870d38a6345cf
dv3-A-poisson-000080,3,A,poisson,80,,,,3:1:0:80,,test,0,457.13742918724733,,,,,,,,,,,,,,,,,,,,0.0,,,1,481,1,exact,,,,,,,,2.5208999431924894e-05,8c684d19ca459e5c0f33848c987e1de8bc44bb5d
dv3-A-poisson-000081,3,A,poisson,81,,,,3:1:0:81,,test,0,234.14335835930552,,,,,,,,,,,,,,,,,,,,0.0,,,1,227,1,exact,,,,,,,,1.2916996638523415e-05,934a684197d8c97ff4fd6fc41d89f62ac3882b5b
dv3-A-poisson-000082,3,A,poisson,82,,,,3:1:0:82,,test,0,340.87196160197624,,,,,,,,,,,,,,,,,,,,0.0,,,1,324,1,exact,,,,,,,,1.4041001122677699e-05,d4972952fd0c92bc88e2097dcd380dfdc337ee53
dv3-A-poisson-000083,3,A,poisson,83,,,,3:1:0:83,,test,0,390.7088143172695,,,,,,,,,,,,,,,,,,,,0.0,,,1,388,1,exact,,,,,,,,3.991699850303121e-05,392d30c0c6fd9415b451d44a6b6d9b41f66eabcc
dv3-A-poisson-000084,3,A,poisson,84,,,,3:1:0:84,,test,0,139.3418143454532,,,,,,,,,,,,,,,,,,,,0.0,,,1,137,1,exact,,,,,,,,1.1583000741666183e-05,9ae0055650d6765f8ca02ce8d1c4b03c6ca70ada
dv3-A-poisson-000085,3,A,poisson,85,,,,3:1:0:85,,test,0,383.5778654681717,,,,,,,,,,,,,,,,,,,,0.0,,,1,418,1,exact,,,,,,,,1.5375000657513738e-05,3a6a2aaff5c7a5ff17a41a0c183b8df9d09cb2b0
dv3-A-poisson-000086,3,A,poisson,86,,,,3:1:0:86,,test,0,308.1163731447377,,,,,,,,,,,,,,,,,,,,0.0,,,1,312,1,exact,,,,,,,,1.3749999197898433e-05,3e78da729970c94deb9df5c2d3064c88f151619e
dv3-A-poisson-000087,3,A,poisson,87,,,,3:1:0:87,,test,0,705.534437272912,,,,,,,,,,,,,,,,,,,,0.0,,,1,697,1,exact,,,,,,,,4.0833001548890024e-05,9c9cff61163ea31a3281599e436c8894e9238cd8
dv3-A-poisson-000088,3,A,poisson,88,,,,3:1:0:88,,test,0,249.63034909775294,,,,,,,,,,,,,,,,,,,,0.0,,,1,249,1,exact,,,,,,,,1.3333999959286302e-05,43bf6cb8c6ccf3b6f8632a8f5df4519ce2059948
dv3-A-poisson-000089,3,A,poisson,89,,,,3:1:0:89,,test,0,157.9765807157461,,,,,,,,,,,,,,,,,,,,0.0,,,1,147,1,exact,,,,,,,,1.1457999789854512e-05,dd39488abac0de4b9ee86ce9bda5b72bd341a27d
dv3-A-poisson-000090,3,A,poisson,90,,,,3:1:0:90,,test,0,387.1981396393419,,,,,,,,,,,,,,,,,,,,0.0,,,1,340,1,exact,,,,,,,,1.4208999346010387e-05,5c61d4ab18b96f8f5116991976160d1c1ed5eb5b
dv3-A-poisson-000091,3,A,poisson,91,,,,3:1:0:91,,test,0,633.6405075938926,,,,,,,,,,,,,,,,,,,,0.0,,,1,646,1,exact,,,,,,,,3.933300104108639e-05,0a4ed246ac808917a6e455bdafd358ff437c9afc
dv3-A-poisson-000092,3,A,poisson,92,,,,3:1:0:92,,test,0,240.38988413553923,,,,,,,,,,,,,,,,,,,,0.0,,,1,242,1,exact,,,,,,,,1.3166998542146757e-05,f07e393c8b4ce82d8ed8078c7fd1b89b81bda3b7
dv3-A-poisson-000093,3,A,poisson,93,,,,3:1:0:93,,test,0,137.4465700779337,,,,,,,,,,,,,,,,,,,,0.0,,,1,148,1,exact,,,,,,,,1.2125001376261935e-05,effe55c062e7447d54c65bf6a316f05df419c493
dv3-A-poisson-000094,3,A,poisson,94,,,,3:1:0:94,,test,0,174.99545687004004,,,,,,,,,,,,,,,,,,,,0.0,,,1,172,1,exact,,,,,,,,1.1791002179961652e-05,661c38fa30ece214359f85fe25c7effa504e99cf
dv3-A-poisson-000095,3,A,poisson,95,,,,3:1:0:95,,test,0,226.34662505129398,,,,,,,,,,,,,,,,,,,,0.0,,,1,238,1,exact,,,,,,,,1.2542001059046015e-05,c253b26669b2ca392016731dea9e4cbceceeb88a
dv3-A-poisson-000096,3,A,poisson,96,,,,3:1:0:96,,test,0,230.45098245954193,,,,,,,,,,,,,,,,,,,,0.0,,,1,224,1,exact,,,,,,,,1.2458000128390267e-05,bac127ded2d971d619c7ccd0a7700f427bc8989b
dv3-A-poisson-000097,3,A,poisson,97,,,,3:1:0:97,,test,0,620.5003331863489,,,,,,,,,,,,,,,,,,,,0.0,,,1,641,1,exact,,,,,,,,1.9708000763785094e-05,7d246fdd97fc27bd0ac22fca5fd542bab40992d5
dv3-A-poisson-000098,3,A,poisson,98,,,,3:1:0:98,,test,0,175.3489990948325,,,,,,,,,,,,,,,,,,,,0.0,,,1,172,1,exact,,,,,,,,1.1791998986154795e-05,006296e6973592105c2dde525c6e3be505d116f5
dv3-A-poisson-000099,3,A,poisson,99,,,,3:1:0:99,,test,0,218.824698195712,,,,,,,,,,,,,,,,,,,,0.0,,,1,219,1,exact,,,,,,,,1.2332999176578596e-05,bf3e0439959ec580e88ae2af16d89c3f06594361
dv3-A-poisson-000100,3,A,poisson,100,,,,3:1:0:100,,test,0,156.33297815335325,,,,,,,,,,,,,,,,,,,,0.0,,,1,153,1,exact,,,,,,,,1.154200072051026e-05,f9739670c8d32610f4e4129c7050ee805e3a8843
dv3-A-poisson-000101,3,A,poisson,101,,,,3:1:0:101,,test,0,164.13631418490266,,,,,,,,,,,,,,,,,,,,0.0,,,1,186,1,exact,,,,,,,,1.2000000424450263e-05,36dac843bd396611d0f50d147f128bfad8eeadf4
dv3-A-poisson-000102,3,A,poisson,102,,,,3:1:0:102,,test,0,276.2034855805979,,,,,,,,,,,,,,,,,,,,0.0,,,1,288,1,exact,,,,,,,,1.34170004457701e-05,2c9a8e4d55f187e97a088380b941f82ea1598a38
dv3-A-poisson-000103,3,A,poisson,103,,,,3:1:0:103,,test,0,157.61998221664103,,,,,,,,,,,,,,,,,,,,0.0,,,1,177,1,exact,,,,,,,,1.2042000889778137e-05,16db95a2a0f572c5d550235ce8ad3aed0eea24ff
dv3-A-poisson-000104,3,A,poisson,104,,,,3:1:0:104,,test,0,398.2482083450883,,,,,,,,,,,,,,,,,,,,0.0,,,1,440,1,exact,,,,,,,,1.6583002434344962e-05,7e8d83bdb85db9c237d69056148f1264ff05dde8
dv3-A-poisson-000105,3,A,poisson,105,,,,3:1:0:105,,test,0,414.01373365124783,,,,,,,,,,,,,,,,,,,,0.0,,,1,409,1,exact,,,,,,,,1.5041001461213455e-05,21e01205a39e6434fbc992711f09185e9130b689
dv3-A-poisson-000106,3,A,poisson,106,,,,3:1:0:106,,test,0,691.5487468663758,,,,,,,,,,,,,,,,,,,,0.0,,,1,723,1,exact,,,,,,,,1.945799886016175e-05,2a72ba59b1bdeac77321545539eb5989ba34d1b4
dv3-A-poisson-000107,3,A,poisson,107,,,,3:1:0:107,,test,0,182.70998805633803,,,,,,,,,,,,,,,,,,,,0.0,,,1,182,1,exact,,,,,,,,1.2000000424450263e-05,0993f43cb1a4a5713d99f9d32e129a7487917b91
dv3-A-poisson-000108,3,A,poisson,108,,,,3:1:0:108,,test,0,356.1339571137606,,,,,,,,,,,,,,,,,,,,0.0,,,1,355,1,exact,,,,,,,,1.4332999853650108e-05,c825c7917cb6d95b0125750526ad28c5b3a694cf
dv3-A-poisson-000109,3,A,poisson,109,,,,3:1:0:109,,test,0,328.35711943653274,,,,,,,,,,,,,,,,,,,,0.0,,,1,330,1,exact,,,,,,,,1.445800080546178e-05,5b447e1803edf78bc9991e223ce5bf9c4f99cb24
dv3-A-poisson-000110,3,A,poisson,110,,,,3:1:0:110,,test,0,138.61860269251045,,,,,,,,,,,,,,,,,,,,0.0,,,1,150,1,exact,,,,,,,,1.1750002158805728e-05,3b5f47bc06655424ed1d8de795dce2c9c7c43861
dv3-A-poisson-000111,3,A,poisson,111,,,,3:1:0:111,,test,0,156.11299074617963,,,,,,,,,,,,,,,,,,,,0.0,,,1,151,1,exact,,,,,,,,1.1374999303370714e-05,58407e48947681a4a1e664ccd99ada6d72e0dcbf
dv3-A-poisson-000112,3,A,poisson,112,,,,3:1:0:112,,test,0,222.3449226284261,,,,,,,,,,,,,,,,,,,,0.0,,,1,231,1,exact,,,,,,,,1.2542001059046015e-05,634e816ebd6908062e96fc4cf8da776f512646a2
dv3-A-poisson-000113,3,A,poisson,113,,,,3:1:0:113,,test,0,174.09080956645,,,,,,,,,,,,,,,,,,,,0.0,,,1,176,1,exact,,,,,,,,1.1707998055499047e-05,b66dd651e64396c5609dae7f4594351a4bfcdc4a
dv3-A-poisson-000114,3,A,poisson,114,,,,3:1:0:114,,test,0,470.0493255645834,,,,,,,,,,,,,,,,,,,,0.0,,,1,467,1,exact,,,,,,,,1.5832996723474935e-05,6325e63ccc507eb20d13d9b7e9d1ac8e4c1ee8fb
dv3-A-poisson-000115,3,A,poisson,115,,,,3:1:0:115,,test,0,154.53381280809137,,,,,,,,,,,,,,,,,,,,0.0,,,1,154,1,exact,,,,,,,,1.1707998055499047e-05,1934ac2ff3db5f7ef58d5e6e4a68a053ef6f3b3c
dv3-A-poisson-000116,3,A,poisson,116,,,,3:1:0:116,,test,0,135.1624131536076,,,,,,,,,,,,,,,,,,,,0.0,,,1,121,1,exact,,,,,,,,1.2874999811174348e-05,d948056c95aa7e1476933eb0ec3276a712eea788
dv3-A-poisson-000117,3,A,poisson,117,,,,3:1:0:117,,test,0,352.88764504218716,,,,,,,,,,,,,,,,,,,,0.0,,,1,367,1,exact,,,,,,,,1.4375000318977982e-05,54982d5c2bb103a941bdbb628bd6132104e9bc89
dv3-A-poisson-000118,3,A,poisson,118,,,,3:1:0:118,,test,0,379.1195843221462,,,,,,,,,,,,,,,,,,,,0.0,,,1,362,1,exact,,,,,,,,1.4499997632810846e-05,4fd78d84fc6d27276aebb250db2208d07c296fc1
dv3-A-poisson-000119,3,A,poisson,119,,,,3:1:0:119,,test,0,117.27700429222112,,,,,,,,,,,,,,,,,,,,0.0,,,1,126,1,exact,,,,,,,,1.0957999620586634e-05,6516d6497e13737b8573c6e5b7cd33556fd425fd
dv3-A-poisson-000120,3,A,poisson,120,,,,3:1:0:120,,test,0,597.0223665373996,,,,,,,,,,,,,,,,,,,,0.0,,,1,581,1,exact,,,,,,,,2.183399919886142e-05,4772139b8cc41efb1f7708c322a7b9be7707467f
dv3-A-poisson-000121,3,A,poisson,121,,,,3:1:0:121,,test,0,127.84989831920804,,,,,,,,,,,,,,,,,,,,0.0,,,1,124,1,exact,,,,,,,,1.1125001037726179e-05,c5102295c78ca1f7f2d062cbe66a46750d0b8e91
dv3-A-poisson-000122,3,A,poisson,122,,,,3:1:0:122,,test,0,307.341227757881,,,,,,,,,,,,,,,,,,,,0.0,,,1,336,1,exact,,,,,,,,1.4042001566849649e-05,b99adbd7bb19fea3fc9becaacf98e81f64dc937c
dv3-A-poisson-000123,3,A,poisson,123,,,,3:1:0:123,,test,0,104.80267796831657,,,,,,,,,,,,,,,,,,,,0.0,,,1,99,1,exact,,,,,,,,1.0749998182291165e-05,47a10ef62f0f2be4c47b0c62fb1b5f47346f9463
dv3-A-poisson-000124,3,A,poisson,124,,,,3:1:0:124,,test,0,112.21583751935825,,,,,,,,,,,,,,,,,,,,0.0,,,1,124,1,exact,,,,,,,,1.0957999620586634e-05,b20de27ffccfa0eb0368d673f549a0daebf6ab41
dv3-A-poisson-000125,3,A,poisson,125,,,,3:1:0:125,,test,0,125.90214959248753,,,,,,,,,,,,,,,,,,,,0.0,,,1,128,1,exact,,,,,,,,1.1042000551242381e-05,16ba74a79ca2e8518366a144812e8483bc292744
dv3-A-poisson-000126,3,A,poisson,126,,,,3:1:0:126,,test,0,604.1814573402733,,,,,,,,,,,,,,,,,,,,0.0,,,1,596,1,exact,,,,,,,,2.279200271004811e-05,16dcf9c30f5dd549d26e09132ae3048d9d0dabc3
dv3-A-poisson-000127,3,A,poisson,127,,,,3:1:0:127,,test,0,600.8816323616311,,,,,,,,,,,,,,,,,,,,0.0,,,1,575,1,exact,,,,,,,,1.7250000382773578e-05,6bc069360d0d0977e0ed6599f95d2d2a04f2e463
dv3-A-poisson-000128,3,A,poisson,128,,,,3:1:0:128,,test,0,284.0229098758159,,,,,,,,,,,,,,,,,,,,0.0,,,1,294,1,exact,,,,,,,,1.3583998224930838e-05,f72bb0d87360fbb6fea70db048958debfe2ee0c4
dv3-A-poisson-000129,3,A,poisson,129,,,,3:1:0:129,,test,0,440.27876700605526,,,,,,,,,,,,,,,,,,,,0.0,,,1,441,1,exact,,,,,,,,1.5667003026464954e-05,363dfe3c763892826f4eb1112c0728ca6b8aed14
dv3-A-poisson-000130,3,A,poisson,130,,,,3:1:0:130,,test,0,666.5043914363622,,,,,,,,,,,,,,,,,,,,0.0,,,1,676,1,exact,,,,,,,,2.7499998395796865e-05,89440bca2a626a16b8761474ba5ade2f799da957
dv3-A-poisson-000131,3,A,poisson,131,,,,3:1:0:131,,test,0,308.6794294642957,,,,,,,,,,,,,,,,,,,,0.0,,,1,291,1,exact,,,,,,,,1.3625001884065568e-05,b14e3047e8ddbd769c425491eda696ac66a1f59f
dv3-A-poisson-000132,3,A,poisson,132,,,,3:1:0:132,,test,0,228.44938316181674,,,,,,,,,,,,,,,,,,,,0.0,,,1,234,1,exact,,,,,,,,1.2583001080201939e-05,de18964999192723776b36d8de7bb3b170c9a945
dv3-A-poisson-000133,3,A,poisson,133,,,,3:1:0:133,,test,0,306.3946651848861,,,,,,,,,,,,,,,,,,,,0.0,,,1,309,1,exact,,,,,,,,1.349999729427509e-05,70e568c748b57b915fd1a389cbdf258b2d2097c9
dv3-A-poisson-000134,3,A,poisson,134,,,,3:1:0:134,,test,0,632.6871771400823,,,,,,,,,,,,,,,,,,,,0.0,,,1,645,1,exact,,,,,,,,1.8250000721309334e-05,ec875aed1dc7847050c4e6dbda77194e2ba74228
dv3-A-poisson-000135,3,A,poisson,135,,,,3:1:0:135,,test,0,664.9749383820911,,,,,,,,,,,,,,,,,,,,0.0,,,1,697,1,exact,,,,,,,,2.8874997951788828e-05,d4b72f712ab12be806de3614345f95774225243a
dv3-A-poisson-000136,3,A,poisson,136,,,,3:1:0:136,,test,0,641.2677249308887,,,,,,,,,,,,,,,,,,,,0.0,,,1,660,1,exact,,,,,,,,2.175000190618448e-05,4b94dc7d85bf72deb2bb41ee2e3809ffc914b54a
dv3-A-poisson-000137,3,A,poisson,137,,,,3:1:0:137,,test,0,109.94610085493619,,,,,,,,,,,,,,,,,,,,0.0,,,1,114,1,exact,,,,,,,,1.1042000551242381e-05,ba87e228d7d92fd4b5063d3bb5c17238f585c1c8
dv3-A-poisson-000138,3,A,poisson,138,,,,3:1:0:138,,test,0,237.1620364490982,,,,,,,,,,,,,,,,,,,,0.0,,,1,257,1,exact,,,,,,,,1.2916996638523415e-05,4ad4bcfef2247ff61b19643ec5bd35b0bf00050e
dv3-A-poisson-000139,3,A,poisson,139,,,,3:1:0:139,,test,0,102.59903593460025,,,,,,,,,,,,,,,,,,,,0.0,,,1,92,1,exact,,,,,,,,1.0708998161135241e-05,0dee58e0fd97c2e7f71a762052e3a11ad585ac33
dv3-A-poisson-000140,3,A,poisson,140,,,,3:1:0:140,,test,0,725.194433111204,,,,,,,,,,,,,,,,,,,,0.0,,,1,688,1,exact,,,,,,,,1.8459002603776753e-05,bfac46e84556e9aba3c0b13aaf3d6a927bbed22d
dv3-A-poisson-000141,3,A,poisson,141,,,,3:1:0:141,,test,0,202.5768022763287,,,,,,,,,,,,,,,,,,,,0.0,,,1,169,1,exact,,,,,,,,1.1916999937966466e-05,1c4f4fbdf0083eed954a7557798319dfa940a245
dv3-A-poisson-000142,3,A,poisson,142,,,,3:1:0:142,,test,0,373.4115012995032,,,,,,,,,,,,,,,,,,,,0.0,,,1,415,1,exact,,,,,,,,1.5208999684546143e-05,20a80a73398480aa2427c9847c05032747fc4293
dv3-A-poisson-000143,3,A,poisson,143,,,,3:1:0:143,,test,0,617.9341057289656,,,,,,,,,,,,,,,,,,,,0.0,,,1,628,1,exact,,,,,,,,2.12500017369166e-05,2fe85b21126aa6335e78e2382e2d221e06425ecd
dv3-A-poisson-000144,3,A,poisson,144,,,,3:1:0:144,,test,0,142.15482502245743,,,,,,,,,,,,,,,,,,,,0.0,,,1,145,1,exact,,,,,,,,1.1583000741666183e-05,14e67711d2247184c4d2e31e5a243bb782e4dd90
dv3-A-poisson-000145,3,A,poisson,145,,,,3:1:0:145,,test,0,296.5359027893756,,,,,,,,,,,,,,,,,,,,0.0,,,1,304,1,exact,,,,,,,,1.3625001884065568e-05,22f4d5c91bb152fc441007b06719006d1c74a91c
dv3-A-poisson-000146,3,A,poisson,146,,,,3:1:0:146,,test,0,363.00559001185627,,,,,,,,,,,,,,,,,,,,0.0,,,1,352,1,exact,,,,,,,,2.0375002350192517e-05,0436088e18269c3ca79d31dd7a1e9afa7255aa5f
dv3-A-poisson-000147,3,A,poisson,147,,,,3:1:0:147,,test,0,141.97605150238746,,,,,,,,,,,,,,,,,,,,0.0,,,1,129,1,exact,,,,,,,,1.1374999303370714e-05,8f72dbc85503615fa51910fb1a69cf8f59ece3cd
dv3-A-poisson-000148,3,A,poisson,148,,,,3:1:0:148,,test,0,363.1855742128309,,,,,,,,,,,,,,,,,,,,0.0,,,1,342,1,exact,,,,,,,,1.424999936716631e-05,373abfd1ec40e4106943d73e705f2880378ba394
dv3-A-poisson-000149,3,A,poisson,149,,,,3:1:0:149,,test,0,482.72884345338076,,,,,,,,,,,,,,,,,,,,0.0,,,1,481,1,exact,,,,,,,,1.9833001715596765e-05,3c41883ffd06f7e9d3206ee312ae2f8d933996c5
dv3-A-poisson-000150,3,A,poisson,150,,,,3:1:0:150,,test,0,793.8922730999653,,,,,,,,,,,,,,,,,,,,0.0,,,1,807,1,exact,,,,,,,,2.44169968937058e-05,0d2e893cb90e86dbe791f283d818cdfa9fe3854e
dv3-A-poisson-000151,3,A,poisson,151,,,,3:1:0:151,,test,0,246.4473243320879,,,,,,,,,,,,,,,,,,,,0.0,,,1,198,1,exact,,,,,,,,1.2500000593718141e-05,2aae2bf006da7df2a429394767c35f3bfa39689d
dv3-A-poisson-000152,3,A,poisson,152,,,,3:1:0:152,,test,0,617.2579105516318,,,,,,,,,,,,,,,,,,,,0.0,,,1,646,1,exact,,,,,,,,1.799999881768599e-05,5994a78e6d495fbae75d99dc85095c0cc36d7e2b
dv3-A-poisson-000153,3,A,poisson,153,,,,3:1:0:153,,test,0,199.11483599072048,,,,,,,,,,,,,,,,,,,,0.0,,,1,212,1,exact,,,,,,,,1.266699837287888e-05,f73a953af6ac45bc652b56f86cfb62938afa4317
dv3-A-poisson-000154,3,A,poisson,154,,,,3:1:0:154,,test,0,340.20343760156595,,,,,,,,,,,,,,,,,,,,0.0,,,1,306,1,exact,,,,,,,,1.3708999176742509e-05,9bcf739f19f10859dd4ef00fe346b8925ee0c026
dv3-A-poisson-000155,3,A,poisson,155,,,,3:1:0:155,,test,0,195.91427597892582,,,,,,,,,,,,,,,,,,,,0.0,,,1,203,1,exact,,,,,,,,1.3790999219054356e-05,61e9ec8a5507046f54e4c60b74ef740d805c72f1
dv3-A-poisson-000156,3,A,poisson,156,,,,3:1:0:156,,test,0,190.95215046862012,,,,,,,,,,,,,,,,,,,,0.0,,,1,187,1,exact,,,,,,,,1.2208001862745732e-05,0782b356bc75458bd97d400d6b492a3cf3fd3869
dv3-A-poisson-000157,3,A,poisson,157,,,,3:1:0:157,,test,0,124.79416291234709,,,,,,,,,,,,,,,,,,,,0.0,,,1,117,1,exact,,,,,,,,1.0874999134102836e-05,1f13ec45b1a8846b8b882fb140cd2199f2e35124
dv3-A-poisson-000158,3,A,poisson,158,,,,3:1:0:158,,test,0,537.4402067094727,,,,,,,,,,,,,,,,,,,,0.0,,,1,558,1,exact,,,,,,,,1.9208000594517216e-05,caebc6f1442aac0c11bd65d211cf7d73cdb3aff4
dv3-A-poisson-000159,3,A,poisson,159,,,,3:1:0:159,,test,0,624.2886658551809,,,,,,,,,,,,,,,,,,,,0.0,,,1,638,1,exact,,,,,,,,2.1999996533850208e-05,be4e38acb6d3607e52edc7110470fd6379bcbb57
dv3-A-poisson-000160,3,A,poisson,160,,,,3:1:0:160,,test,0,133.5930837387659,,,,,,,,,,,,,,,,,,,,0.0,,,1,127,1,exact,,,,,,,,1.0416999430162832e-05,c3214cfa962f3feda6f385a0b7d2d55cd9a89de3
dv3-A-poisson-000161,3,A,poisson,161,,,,3:1:0:161,,test,0,118.34990785341455,,,,,,,,,,,,,,,,,,,,0.0,,,1,131,1,exact,,,,,,,,1.0375002602813765e-05,e2dafe1f3b37db95f97330d6686177145758f69c
dv3-A-poisson-000162,3,A,poisson,162,,,,3:1:0:162,,test,0,556.6026473699773,,,,,,,,,,,,,,,,,,,,0.0,,,1,607,1,exact,,,,,,,,1.6666999727021903e-05,aafb45148181fe8a379a8e0401574b67132e2e4c
dv3-A-poisson-000163,3,A,poisson,163,,,,3:1:0:163,,test,0,710.3308367064864,,,,,,,,,,,,,,,,,,,,0.0,,,1,741,1,exact,,,,,,,,1.820800025598146e-05,03ad81bad11d165bc610c8ddebf54f5c9b56fc60
dv3-A-poisson-000164,3,A,poisson,164,,,,3:1:0:164,,test,0,116.98183931988038,,,,,,,,,,,,,,,,,,,,0.0,,,1,116,1,exact,,,,,,,,1.0332998499507084e-05,87b261ed0d5052335ccabaad8ce4da37c636b459
dv3-A-poisson-000165,3,A,poisson,165,,,,3:1:0:165,,test,0,217.05454831762933,,,,,,,,,,,,,,,,,,,,0.0,,,1,204,1,exact,,,,,,,,1.1625001206994057e-05,3002e5fb9b1df71d95ee166e91e6260247a97875
dv3-A-poisson-000166,3,A,poisson,166,,,,3:1:0:166,,test,0,167.08048437715414,,,,,,,,,,,,,,,,,,,,0.0,,,1,166,1,exact,,,,,,,,1.1500000255182385e-05,aced768ac2cc2e413b97d437eb1225ad1d97dd89
dv3-A-poisson-000167,3,A,poisson,167,,,,3:1:0:167,,test,0,635.9875007235339,,,,,,,,,,,,,,,,,,,,0.0,,,1,581,1,exact,,,,,,,,1.6250000044237822e-05,b30e03e042377d090e5e83f2e93a962ba7b493da
dv3-A-poisson-000168,3,A,poisson,168,,,,3:1:0:168,,test,0,535.1616062811325,,,,,,,,,,,,,,,,,,,,0.0,,,1,512,1,exact,,,,,,,,1.9000002794200554e-05,89fc0075b7cf17a2d4e6f2218c39740d84c59e56
dv3-A-poisson-000169,3,A,poisson,169,,,,3:1:0:169,,test,0,744.5641309979617,,,,,,,,,,,,,,,,,,,,0.0,,,1,710,1,exact,,,,,,,,2.3583001166116446e-05,c4cfcf524ea823c15a220b431f9415ce94053a82
dv3-A-poisson-000170,3,A,poisson,170,,,,3:1:0:170,,test,0,477.73631977562906,,,,,,,,,,,,,,,,,,,,0.0,,,1,462,1,exact,,,,,,,,1.4500001270789653e-05,6e650133afdf241afd11116bc7b6a39381000b77
dv3-A-poisson-000171,3,A,poisson,171,,,,3:1:0:171,,test,0,423.99204598217557,,,,,,,,,,,,,,,,,,,,0.0,,,1,400,1,exact,,,,,,,,1.6792000678833574e-05,31d4be3e327ef90a95ae59d1879b4d151ff680a2
dv3-A-poisson-000172,3,A,poisson,172,,,,3:1:0:172,,test,0,732.8000112387028,,,,,,,,,,,,,,,,,,,,0.0,,,1,730,1,exact,,,,,,,,1.8374998035142198e-05,67939d81d7b60936fe439bc2ee619c29bb73d63e
dv3-A-poisson-000173,3,A,poisson,173,,,,3:1:0:173,,test,0,213.30859464464748,,,,,,,,,,,,,,,,,,,,0.0,,,1,188,1,exact,,,,,,,,1.133399928221479e-05,ce6279f778ae5fb5c25646a836828a0c8faa5c20
dv3-A-poisson-000174,3,A,poisson,174,,,,3:1:0:174,,test,0,125.40233207021814,,,,,,,,,,,,,,,,,,,,0.0,,,1,112,1,exact,,,,,,,,1.1790998541982844e-05,b1690a8b778be526c86f99643eb75b524e82f86d
dv3-A-poisson-000175,3,A,poisson,175,,,,3:1:0:175,,test,0,377.7256421605191,,,,,,,,,,,,,,,,,,,,0.0,,,1,340,1,exact,,,,,,,,1.3332999515114352e-05,728937373482f1aaf7ecafd2d82b461f0074a8d5
dv3-A-poisson-000176,3,A,poisson,176,,,,3:1:0:176,,test,0,106.55135933357734,,,,,,,,,,,,,,,,,,,,0.0,,,1,95,1,exact,,,,,,,,1.020800118567422e-05,5e8415180d6b3c7faf327e33c6acd42414633bbb
dv3-A-poisson-000177,3,A,poisson,177,,,,3:1:0:177,,test,0,727.3655171282576,,,,,,,,,,,,,,,,,,,,0.0,,,1,681,1,exact,,,,,,,,2.0916999346809462e-05,fab2e6b41ca7f64e1324ed4c21c44ac61a72db5d
dv3-A-poisson-000178,3,A,poisson,178,,,,3:1:0:178,,test,0,230.58778669768017,,,,,,,,,,,,,,,,,,,,0.0,,,1,245,1,exact,,,,,,,,1.7250000382773578e-05,775fa07f9eed5abf15b29849c4c7dcff6967a5b0
dv3-A-poisson-000179,3,A,poisson,179,,,,3:1:0:179,,test,0,647.3875795195906,,,,,,,,,,,,,,,,,,,,0.0,,,1,648,1,exact,,,,,,,,1.6999998479150236e-05,179eb30fecc025042365f71fe625983c38e9415b
dv3-A-poisson-000180,3,A,poisson,180,,,,3:1:0:180,,test,0,743.769537930523,,,,,,,,,,,,,,,,,,,,0.0,,,1,727,1,exact,,,,,,,,2.1666997781721875e-05,6ca3c6e5dc91d39842cae0cc1321c8333e933908
dv3-A-poisson-000181,3,A,poisson,181,,,,3:1:0:181,,test,0,104.36815272981737,,,,,,,,,,,,,,,,,,,,0.0,,,1,108,1,exact,,,,,,,,1.0291998478351161e-05,e0696320bfd27fb143f135faf46cdf2c20d15c53
dv3-A-poisson-000182,3,A,poisson,182,,,,3:1:0:182,,test,0,455.61748010120186,,,,,,,,,,,,,,,,,,,,0.0,,,1,463,1,exact,,,,,,,,1.4749999536434188e-05,d38f632858314e0b6723637fcbc9486ab86d3d4b
dv3-A-poisson-000183,3,A,poisson,183,,,,3:1:0:183,,test,0,676.4288000761921,,,,,,,,,,,,,,,,,,,,0.0,,,1,689,1,exact,,,,,,,,1.737500133458525e-05,af0bf374562fc7df7dd710dc55597972c1b49bf6
dv3-A-poisson-000184,3,A,poisson,184,,,,3:1:0:184,,test,0,315.24226076303466,,,,,,,,,,,,,,,,,,,,0.0,,,1,321,1,exact,,,,,,,,1.2917000276502222e-05,073b042a59ad2ddbaa2d417648e94987dc16e3b1
dv3-A-poisson-000185,3,A,poisson,185,,,,3:1:0:185,,test,0,174.05728847372873,,,,,,,,,,,,,,,,,,,,0.0,,,1,184,1,exact,,,,,,,,1.1334002920193598e-05,e432d717e3a058a4f710a33450de068c9559ae27
dv3-A-poisson-000186,3,A,poisson,186,,,,3:1:0:186,,test,0,779.7800037577343,,,,,,,,,,,,,,,,,,,,0.0,,,1,782,1,exact,,,,,,,,1.8375001673121005e-05,2fa659edc84d522e6401643c18459f1c6185b1d7
dv3-A-poisson-000187,3,A,poisson,187,,,,3:1:0:187,,test,0,153.72758622000916,,,,,,,,,,,,,,,,,,,,0.0,,,1,152,1,exact,,,,,,,,1.0792002285597846e-05,cd0cfc042a3900d5f2fa376295f847337764b169
dv3-A-poisson-000188,3,A,poisson,188,,,,3:1:0:188,,test,0,141.38630010091927,,,,,,,,,,,,,,,,,,,,0.0,,,1,141,1,exact,,,,,,,,1.0624997230479494e-05,a0a9c0cc2f35f77442631898c42e76171ed44736
dv3-A-poisson-000189,3,A,poisson,189,,,,3:1:0:189,,test,0,179.67839488806356,,,,,,,,,,,,,,,,,,,,0.0,,,1,159,1,exact,,,,,,,,1.06250008684583e-05,bc12d0d305e78b9a7f53f120ecce2bebc3a0e90e
dv3-A-poisson-000190,3,A,poisson,190,,,,3:1:0:190,,test,0,231.62440264442884,,,,,,,,,,,,,,,,,,,,0.0,,,1,211,1,exact,,,,,,,,1.1584001185838133e-05,0d49f45ff9a67c639448f78cc1c504d0a851c739
dv3-A-poisson-000191,3,A,poisson,191,,,,3:1:0:191,,test,0,516.042514792335,,,,,,,,,,,,,,,,,,,,0.0,,,1,518,1,exact,,,,,,,,1.6500001947861165e-05,0727dc72825f1fb3e864c196cc6648a4938622e7
dv3-A-poisson-000192,3,A,poisson,192,,,,3:1:0:192,,test,0,124.66674674883778,,,,,,,,,,,,,,,,,,,,0.0,,,1,128,1,exact,,,,,,,,1.0540999937802553e-05,3910aa9c4946da326dbc0c9b457dc0e238d62696
dv3-A-poisson-000193,3,A,poisson,193,,,,3:1:0:193,,test,0,186.31892073921335,,,,,,,,,,,,,,,,,,,,0.0,,,1,206,1,exact,,,,,,,,1.341600000159815e-05,09ff2a66f00bdd043190f834a19b897547bb8f23
dv3-A-poisson-000194,3,A,poisson,194,,,,3:1:0:194,,test,0,763.3074273277712,,,,,,,,,,,,,,,,,,,,0.0,,,1,785,1,exact,,,,,,,,2.487500023562461e-05,d8aaa3898828ca8261b6994204c2020668fad883
dv3-A-poisson-000195,3,A,poisson,195,,,,3:1:0:195,,test,0,298.0336520343475,,,,,,,,,,,,,,,,,,,,0.0,,,1,265,1,exact,,,,,,,,1.2458000128390267e-05,71217a379c29a496989905cfed5d51c5366fe01c
dv3-A-poisson-000196,3,A,poisson,196,,,,3:1:0:196,,test,0,203.5138624334071,,,,,,,,,,,,,,,,,,,,0.0,,,1,201,1,exact,,,,,,,,1.133299883804284e-05,a19fa62c9ac0d903105a612c7830770ae6e5d7b6
dv3-A-poisson-000197,3,A,poisson,197,,,,3:1:0:197,,test,0,163.60842994359777,,,,,,,,,,,,,,,,,,,,0.0,,,1,174,1,exact,,,,,,,,1.095800325856544e-05,fad74efa2401ccf6a0f56d49ffe2d95c1cce6dea
dv3-A-poisson-000198,3,A,poisson,198,,,,3:1:0:198,,test,0,469.5636863762775,,,,,,,,,,,,,,,,,,,,0.0,,,1,447,1,exact,,,,,,,,1.9999999494757503e-05,2eba8b45fc9e7f07ff4fe3bf2cf9c2b0a9bcc121
dv3-A-poisson-000199,3,A,poisson,199,,,,3:1:0:199,,test,0,699.7834854968811,,,,,,,,,,,,,,,,,,,,0.0,,,1,778,1,exact,,,,,,,,2.1874999220017344e-05,f135b979dca1f5f6fac515da5db9c13c7a08d71c
dv3-A-poisson-000200,3,A,poisson,200,,,,3:1:0:200,,test,0,317.1451348317702,,,,,,,,,,,,,,,,,,,,0.0,,,1,323,1,exact,,,,,,,,1.3166001735953614e-05,9fbac2b35ab6831c24c253b053f90d9791c317be
dv3-A-poisson-000201,3,A,poisson,201,,,,3:1:0:201,,test,0,201.38168341420942,,,,,,,,,,,,,,,,,,,,0.0,,,1,213,1,exact,,,,,,,,1.1584001185838133e-05,67759f719638a6794deb0875ddec318393da70b4
dv3-A-poisson-000202,3,A,poisson,202,,,,3:1:0:202,,test,0,294.1883891100978,,,,,,,,,,,,,,,,,,,,0.0,,,1,285,1,exact,,,,,,,,1.2749998859362677e-05,7921e523823215652b6be368f646e278d80d80a8
dv3-A-poisson-000203,3,A,poisson,203,,,,3:1:0:203,,test,0,409.60762547523535,,,,,,,,,,,,,,,,,,,,0.0,,,1,374,1,exact,,,,,,,,1.3333999959286302e-05,54cf632c270deb34730ac3fab5bf84ac338b77b7
dv3-A-poisson-000204,3,A,poisson,204,,,,3:1:0:204,,test,0,148.99840146580476,,,,,,,,,,,,,,,,,,,,0.0,,,1,140,1,exact,,,,,,,,1.2207998224766925e-05,97cb7c97e64ebd270e486d8431feeb89914c751a
dv3-A-poisson-000205,3,A,poisson,205,,,,3:1:0:205,,test,0,752.2599464491965,,,,,,,,,,,,,,,,,,,,0.0,,,1,751,1,exact,,,,,,,,1.841600169427693e-05,7d864f1be12908735335bf6230cef0286c433e16
dv3-A-poisson-000206,3,A,poisson,206,,,,3:1:0:206,,test,0,203.65608400743284,,,,,,,,,,,,,,,,,,,,0.0,,,1,193,1,exact,,,,,,,,1.133399928221479e-05,eff7665dc43c1daff7f1e1fe61b9e547466696c5
dv3-A-poisson-000207,3,A,poisson,207,,,,3:1:0:207,,test,0,224.54207206114535,,,,,,,,,,,,,,,,,,,,0.0,,,1,218,1,exact,,,,,,,,1.1500000255182385e-05,ee8bd44045162f0e890cf090ef37cdd6793ed2e8
dv3-A-poisson-000208,3,A,poisson,208,,,,3:1:0:208,,test,0,127.85418904992807,,,,,,,,,,,,,,,,,,,,0.0,,,1,131,1,exact,,,,,,,,1.0250001651002094e-05,9b0c00a5e463f7d7eb4759201fac550cd90cd481
dv3-A-poisson-000209,3,A,poisson,209,,,,3:1:0:209,,test,0,742.9358717527151,,,,,,,,,,,,,,,,,,,,0.0,,,1,741,1,exact,,,,,,,,1.820900070015341e-05,8f7ba786b906ca0d1b2a0b9a1bde20a1f71c5314
dv3-A-poisson-000210,3,A,poisson,210,,,,3:1:0:210,,test,0,159.16487291411613,,,,,,,,,,,,,,,,,,,,0.0,,,1,185,1,exact,,,,,,,,1.1083997378591448e-05,de2fcaffd3c9404dce4ebbace1e12a9eadfbfabf
dv3-A-poisson-000211,3,A,poisson,211,,,,3:1:0:211,,test,0,108.6402599312678,,,,,,,,,,,,,,,,,,,,0.0,,,1,106,1,exact,,,,,,,,9.958999726222828e-06,955a766de91520e54d37ac85caa5023d2d3be0f6
dv3-A-poisson-000212,3,A,poisson,212,,,,3:1:0:212,,test,0,112.40822922328195,,,,,,,,,,,,,,,,,,,,0.0,,,1,115,1,exact,,,,,,,,1.0250001651002094e-05,7c33a7bd6fe2915c1ffb1fbe1f8a6efc916fe766
dv3-A-poisson-000213,3,A,poisson,213,,,,3:1:0:213,,test,0,585.2467449469515,,,,,,,,,,,,,,,,,,,,0.0,,,1,590,1,exact,,,,,,,,1.791600152500905e-05,33e1d2d7615dcf67bafe1175e374bb86b08d538d
dv3-A-poisson-000214,3,A,poisson,214,,,,3:1:0:214,,test,0,688.1651336942869,,,,,,,,,,,,,,,,,,,,0.0,,,1,676,1,exact,,,,,,,,1.745799818309024e-05,cbbcb1187437613aa9cd53e73f6a555f7f386292
dv3-A-poisson-000215,3,A,poisson,215,,,,3:1:0:215,,test,0,378.3086477337272,,,,,,,,,,,,,,,,,,,,0.0,,,1,395,1,exact,,,,,,,,1.5375000657513738e-05,e2bb7729c8e4a7292657b1c0572a536cbb67cad8
dv3-A-poisson-000216,3,A,poisson,216,,,,3:1:0:216,,test,0,338.45387497519323,,,,,,,,,,,,,,,,,,,,0.0,,,1,352,1,exact,,,,,,,,1.341600000159815e-05,3623619cf6311946673772148facaa639f2ced3e
dv3-A-poisson-000217,3,A,poisson,217,,,,3:1:0:217,,test,0,307.05541256296334,,,,,,,,,,,,,,,,,,,,0.0,,,1,325,1,exact,,,,,,,,1.34170004457701e-05,0db419292617bc539f88a6ee13d0d962e79e6741
dv3-A-poisson-000218,3,A,poisson,218,,,,3:1:0:218,,test,0,135.12172993321445,,,,,,,,,,,,,,,,,,,,0.0,,,1,131,1,exact,,,,,,,,1.208300091093406e-05,68f4cbf9104729a4f763b4d16c9f574fafb0f2d9
dv3-A-poisson-000219,3,A,poisson,219,,,,3:1:0:219,,test,0,355.3030689319033,,,,,,,,,,,,,,,,,,,,0.0,,,1,365,1,exact,,,,,,,,1.3374999980442226e-05,1fedbeb2aa21a964be674569a98f9a0c6ea5edef
dv3-A-poisson-000220,3,A,poisson,220,,,,3:1:0:220,,test,0,229.31509402604942,,,,,,,,,,,,,,,,,,,,0.0,,,1,225,1,exact,,,,,,,,1.1874999472638592e-05,533842567b98555277345fc0b112a043ee536c88
dv3-A-poisson-000221,3,A,poisson,221,,,,3:1:0:221,,test,0,190.57592574037358,,,,,,,,,,,,,,,,,,,,0.0,,,1,202,1,exact,,,,,,,,1.2999997125007212e-05,a450cff47e8813bf8af55b8d867d0f3081b6dd2e
dv3-A-poisson-000222,3,A,poisson,222,,,,3:1:0:222,,test,0,114.5466420122997,,,,,,,,,,,,,,,,,,,,0.0,,,1,110,1,exact,,,,,,,,1.0249998013023287e-05,164278080b0f9ac323dd831b389f68edaad71c1b
dv3-A-poisson-000223,3,A,poisson,223,,,,3:1:0:223,,test,0,112.32083111160213,,,,,,,,,,,,,,,,,,,,0.0,,,1,112,1,exact,,,,,,,,1.0332998499507084e-05,2bec057417d3cf907138e85e00b4870c63c05c82
dv3-A-poisson-000224,3,A,poisson,224,,,,3:1:0:224,,test,0,216.01885468597098,,,,,,,,,,,,,,,,,,,,0.0,,,1,209,1,exact,,,,,,,,1.1457999789854512e-05,bb9c7f5f2bd457d10d168c08a7599770b307cbbb
dv3-A-poisson-000225,3,A,poisson,225,,,,3:1:0:225,,test,0,643.6941272937834,,,,,,,,,,,,,,,,,,,,0.0,,,1,624,1,exact,,,,,,,,1.8042002920992672e-05,02ac88777029eb9f3404730ff8ab20522c3dac5b
dv3-A-poisson-000226,3,A,poisson,226,,,,3:1:0:226,,test,0,341.13798188025055,,,,,,,,,,,,,,,,,,,,0.0,,,1,384,1,exact,,,,,,,,1.4165998436510563e-05,a5e4992cb8e55c49370e5fbbef67896bf2cc4747
dv3-A-poisson-000227,3,A,poisson,227,,,,3:1:0:227,,test,0,391.2907877913581,,,,,,,,,,,,,,,,,,,,0.0,,,1,407,1,exact,,,,,,,,1.4125002053333446e-05,85d01bcedcc3e0bde3bf2e4ebaf4f798c9c7b0fd
dv3-A-poisson-000228,3,A,poisson,228,,,,3:1:0:228,,test,0,158.79861850409503,,,,,,,,,,,,,,,,,,,,0.0,,,1,167,1,exact,,,,,,,,1.1042000551242381e-05,2006919e45942ec90ffe7204b6daf3df679271cc
dv3-A-poisson-000229,3,A,poisson,229,,,,3:1:0:229,,test,0,348.46217859768433,,,,,,,,,,,,,,,,,,,,0.0,,,1,317,1,exact,,,,,,,,1.2833999790018424e-05,c945f4500faf41b10ccf463a1f055b113f0da072
dv3-A-poisson-000230,3,A,poisson,230,,,,3:1:0:230,,test,0,534.329459577606,,,,,,,,,,,,,,,,,,,,0.0,,,1,523,1,exact,,,,,,,,9.30419992073439e-05,078702409d44b871771e3bfe1bfb6578e8040479
dv3-A-poisson-000231,3,A,poisson,231,,,,3:1:0:231,,test,0,454.5387806611079,,,,,,,,,,,,,,,,,,,,0.0,,,1,453,1,exact,,,,,,,,9.89580003079027e-05,7d8576987f0db41194a5c7a696ef5aaa6cdf0dc9
dv3-A-poisson-000232,3,A,poisson,232,,,,3:1:0:232,,test,0,319.3547967662213,,,,,,,,,,,,,,,,,,,,0.0,,,1,294,1,exact,,,,,,,,1.5040997823234648e-05,44dad4166e192f9f700ad57278545d0016f6a111
dv3-A-poisson-000233,3,A,poisson,233,,,,3:1:0:233,,test,0,129.26406819593166,,,,,,,,,,,,,,,,,,,,0.0,,,1,133,1,exact,,,,,,,,1.2458000128390267e-05,35e5dbf124bb68665ddda130c7db7c13971baa5b
dv3-A-poisson-000234,3,A,poisson,234,,,,3:1:0:234,,test,0,185.92099026305607,,,,,,,,,,,,,,,,,,,,0.0,,,1,215,1,exact,,,,,,,,1.3333999959286302e-05,e4119ef1a5274633bb2bb0912a7ad405481cd117
dv3-A-poisson-000235,3,A,poisson,235,,,,3:1:0:235,,test,0,299.48642212246,,,,,,,,,,,,,,,,,,,,0.0,,,1,309,1,exact,,,,,,,,1.3290999049786478e-05,66559422314755e85ab77d5fbc183d609ea301fc
dv3-A-poisson-000236,3,A,poisson,236,,,,3:1:0:236,,test,0,290.8104102238484,,,,,,,,,,,,,,,,,,,,0.0,,,1,295,1,exact,,,,,,,,1.279199932469055e-05,ec7089622413ecb10a348cce58745aaff2e353cf
dv3-A-poisson-000237,3,A,poisson,237,,,,3:1:0:237,,test,0,211.61028158951686,,,,,,,,,,,,,,,,,,,,0.0,,,1,197,1,exact,,,,,,,,1.2917000276502222e-05,0e9613761c92e951a925ee8d009b675f19b1bab8
dv3-A-poisson-000238,3,A,poisson,238,,,,3:1:0:238,,test,0,151.55412822825377,,,,,,,,,,,,,,,,,,,,0.0,,,1,162,1,exact,,,,,,,,1.1084001016570255e-05,a6ed6e84c9f0f3cc175837e860a80cf1bb2a4457
dv3-A-poisson-000239,3,A,poisson,239,,,,3:1:0:239,,test,0,176.0426682402832,,,,,,,,,,,,,,,,,,,,0.0,,,1,187,1,exact,,,,,,,,1.1249998351559043e-05,fb5a7c89f97d92db17463170f53f77250a48ffc1
dv3-A-poisson-000240,3,A,poisson,240,,,,3:1:0:240,,test,0,236.17783671335118,,,,,,,,,,,,,,,,,,,,0.0,,,1,226,1,exact,,,,,,,,1.1584001185838133e-05,5e1b0883d09a6f7503a9fd098597ac816c0c6ab9
dv3-A-poisson-000241,3,A,poisson,241,,,,3:1:0:241,,test,0,287.50949504529217,,,,,,,,,,,,,,,,,,,,0.0,,,1,277,1,exact,,,,,,,,1.2458000128390267e-05,e2a738230041a546d947b4eeb78cd04bdc501f19
dv3-A-poisson-000242,3,A,poisson,242,,,,3:1:0:242,,test,0,386.2574774292163,,,,,,,,,,,,,,,,,,,,0.0,,,1,364,1,exact,,,,,,,,1.487500048824586e-05,92a799ae0fe21ca06e55e15b712ef6c1cd8ff11e
dv3-A-poisson-000243,3,A,poisson,243,,,,3:1:0:243,,test,0,250.6723035767966,,,,,,,,,,,,,,,,,,,,0.0,,,1,266,1,exact,,,,,,,,1.2542001059046015e-05,625001b0db3e27dae90d2b6a13bfb212864a0c68
dv3-A-poisson-000244,3,A,poisson,244,,,,3:1:0:244,,test,0,127.97750007145139,,,,,,,,,,,,,,,,,,,,0.0,,,1,133,1,exact,,,,,,,,1.0709001799114048e-05,0908f6e64d83d959cf441e96add5dba6aa9af530
dv3-A-poisson-000245,3,A,poisson,245,,,,3:1:0:245,,test,0,200.29955276980021,,,,,,,,,,,,,,,,,,,,0.0,,,1,194,1,exact,,,,,,,,1.1292002454865724e-05,07612f80a3853b7ce3f6c8790afe6b784bf01774
dv3-A-poisson-000246,3,A,poisson,246,,,,3:1:0:246,,test,0,312.9549456711541,,,,,,,,,,,,,,,,,,,,0.0,,,1,317,1,exact,,,,,,,,1.4125002053333446e-05,5f79ee9b0ee4de77a4eca0a238c9d4b7605de069
dv3-A-poisson-000247,3,A,poisson,247,,,,3:1:0:247,,test,0,115.28666566358483,,,,,,,,,,,,,,,,,,,,0.0,,,1,121,1,exact,,,,,,,,1.0374998964834958e-05,ff43b2867ba84e18a7eb37b85ff9eea2e348d52c
dv3-A-poisson-000248,3,A,poisson,248,,,,3:1:0:248,,test,0,209.85778412671255,,,,,,,,,,,,,,,,,,,,0.0,,,1,216,1,exact,,,,,,,,1.1625001206994057e-05,76577b2a168997c6e221d54203a6fa193abb5bde
dv3-A-poisson-000249,3,A,poisson,249,,,,3:1:0:249,,test,0,440.1056158313138,,,,,,,,,,,,,,,,,,,,0.0,,,1,445,1,exact,,,,,,,,1.4375000318977982e-05,a59c9088c7ae1fe671f64d1e32e6acbe9415f936
dv3-A-poisson-000250,3,A,poisson,250,,,,3:1:0:250,,test,0,298.44655909335876,,,,,,,,,,,,,,,,,,,,0.0,,,1,310,1,exact,,,,,,,,1.4208999346010387e-05,8f34e73197bd062a00ae83511bf3812d15557453
dv3-A-poisson-000251,3,A,poisson,251,,,,3:1:0:251,,test,0,408.3896084021035,,,,,,,,,,,,,,,,,,,,0.0,,,1,405,1,exact,,,,,,,,1.454199809813872e-05,03ad888b90487d9a28b94a903516bf0d3fde7cd1
dv3-A-poisson-000252,3,A,poisson,252,,,,3:1:0:252,,test,0,233.79658494601975,,,,,,,,,,,,,,,,,,,,0.0,,,1,229,1,exact,,,,,,,,1.3374999980442226e-05,5cf189ded9b06a6f8fb3e62f589e06935e5b8e9f
dv3-A-poisson-000253,3,A,poisson,253,,,,3:1:0:253,,test,0,166.58193419576563,,,,,,,,,,,,,,,,,,,,0.0,,,1,159,1,exact,,,,,,,,1.1000000085914508e-05,6cbdc198e80e79e35a7003b082b43ac8d166b739
dv3-A-poisson-000254,3,A,poisson,254,,,,3:1:0:254,,test,0,146.70627485336644,,,,,,,,,,,,,,,,,,,,0.0,,,1,118,1,exact,,,,,,,,1.0249998013023287e-05,7ff9360979c5d574bf8dae47319f89d1223b7500
dv3-A-poisson-000255,3,A,poisson,255,,,,3:1:0:255,,test,0,299.39571081730827,,,,,,,,,,,,,,,,,,,,0.0,,,1,263,1,exact,,,,,,,,1.208300091093406e-05,1ca7b382c092940ccab3202236c1dc6628e3ddb6
dv3-A-poisson-000256,3,A,poisson,256,,,,3:1:0:256,,test,0,107.88948784293491,,,,,,,,,,,,,,,,,,,,0.0,,,1,112,1,exact,,,,,,,,1.0416999430162832e-05,645306a0ff40cc48372f6ae6dd6886551a4a2301
dv3-A-poisson-000257,3,A,poisson,257,,,,3:1:0:257,,test,0,118.84712333097953,,,,,,,,,,,,,,,,,,,,0.0,,,1,109,1,exact,,,,,,,,1.0208997991867363e-05,f4a26fe4575deb7670d7de6dae20a99bc09efeea
dv3-A-poisson-000258,3,A,poisson,258,,,,3:1:0:258,,test,0,128.3321837425944,,,,,,,,,,,,,,,,,,,,0.0,,,1,126,1,exact,,,,,,,,3.762499909498729e-05,31813edc7cb4dce6adf70dc12d3d22a78a39ef05
dv3-A-poisson-000259,3,A,poisson,259,,,,3:1:0:259,,test,0,236.22925249074157,,,,,,,,,,,,,,,,,,,,0.0,,,1,257,1,exact,,,,,,,,2.4375000066356733e-05,e45223026973c6e79d3d646332abb2e2689f1408
dv3-A-poisson-000260,3,A,poisson,260,,,,3:1:0:260,,test,0,382.8212993704007,,,,,,,,,,,,,,,,,,,,0.0,,,1,393,1,exact,,,,,,,,1.8124999769497663e-05,27d4daafff42594960bc77f79c5a1706e6b34702
dv3-A-poisson-000261,3,A,poisson,261,,,,3:1:0:261,,test,0,591.812791648505,,,,,,,,,,,,,,,,,,,,0.0,,,1,601,1,exact,,,,,,,,1.8583999917609617e-05,f73a6645df0c26432274578222299dd6d9e0311d
dv3-A-poisson-000262,3,A,poisson,262,,,,3:1:0:262,,test,0,157.07488487952716,,,,,,,,,,,,,,,,,,,,0.0,,,1,150,1,exact,,,,,,,,1.2458000128390267e-05,e8c9b9f9b2bf4dbeac2233440915b157cba37167
dv3-A-poisson-000263,3,A,poisson,263,,,,3:1:0:263,,test,0,796.2824371175344,,,,,,,,,,,,,,,,,,,,0.0,,,1,797,1,exact,,,,,,,,2.145800317521207e-05,53c577c046d18345b37ae46b02cc3222b56635c6
dv3-A-poisson-000264,3,A,poisson,264,,,,3:1:0:264,,test,0,121.90941380654338,,,,,,,,,,,,,,,,,,,,0.0,,,1,113,1,exact,,,,,,,,1.1166997865075245e-05,31579c0c7e188f099e2206e5e2466f857b25d5e7
dv3-A-poisson-000265,3,A,poisson,265,,,,3:1:0:265,,test,0,589.3455040313049,,,,,,,,,,,,,,,,,,,,0.0,,,1,582,1,exact,,,,,,,,1.8583003111416474e-05,3693fb2d379a82e37c2f756b66b1c9e9480b96a1
dv3-A-poisson-000266,3,A,poisson,266,,,,3:1:0:266,,test,0,217.6610186136394,,,,,,,,,,,,,,,,,,,,0.0,,,1,223,1,exact,,,,,,,,1.2333999620750546e-05,2182a755dbeae0ec09faa9fdf0b4456638d286dc
dv3-A-poisson-000267,3,A,poisson,267,,,,3:1:0:267,,test,0,265.6358314816508,,,,,,,,,,,,,,,,,,,,0.0,,,1,258,1,exact,,,,,,,,1.2832999345846474e-05,2e77af65bd186a700bb205aba160f88dba83caad
dv3-A-poisson-000268,3,A,poisson,268,,,,3:1:0:268,,test,0,128.5187176478121,,,,,,,,,,,,,,,,,,,,0.0,,,1,119,1,exact,,,,,,,,1.1500000255182385e-05,9e0b8acfdee10fbaf6ea93783838ac03463fbd3b
dv3-A-poisson-000269,3,A,poisson,269,,,,3:1:0:269,,test,0,174.46379966837972,,,,,,,,,,,,,,,,,,,,0.0,,,1,167,1,exact,,,,,,,,1.8375001673121005e-05,967d5e7bdf4988ab1fed1578c36123916e0b6794
dv3-A-poisson-000270,3,A,poisson,270,,,,3:1:0:270,,test,0,395.3377420332543,,,,,,,,,,,,,,,,,,,,0.0,,,1,378,1,exact,,,,,,,,1.424999936716631e-05,da59583da35bf7d59e604ef4d62270030815ce9a
dv3-A-poisson-000271,3,A,poisson,271,,,,3:1:0:271,,test,0,238.09174400250836,,,,,,,,,,,,,,,,,,,,0.0,,,1,251,1,exact,,,,,,,,1.308299761149101e-05,131abaf3d784f7615611ccb84e0d203849b36ae8
dv3-A-poisson-000272,3,A,poisson,272,,,,3:1:0:272,,test,0,110.26585931192963,,,,,,,,,,,,,,,,,,,,0.0,,,1,128,1,exact,,,,,,,,1.1125001037726179e-05,9c9148a1f519ee68a08329f80963de665cc4ca4b
dv3-A-poisson-000273,3,A,poisson,273,,,,3:1:0:273,,test,0,142.06342609730353,,,,,,,,,,,,,,,,,,,,0.0,,,1,147,1,exact,,,,,,,,1.1291998816886917e-05,abef3bce603ae79f6ae5f6b9870739e0ba51d9de
dv3-A-poisson-000274,3,A,poisson,274,,,,3:1:0:274,,test,0,123.89278151731492,,,,,,,,,,,,,,,,,,,,0.0,,,1,128,1,exact,,,,,,,,1.0959000064758584e-05,41223e00e225a52cfcd0f375af193b6a2e3bd82f
dv3-A-poisson-000275,3,A,poisson,275,,,,3:1:0:275,,test,0,137.7797538269418,,,,,,,,,,,,,,,,,,,,0.0,,,1,148,1,exact,,,,,,,,1.1291998816886917e-05,419f8e9c23eeb5af444d48c317464c2f1b7ec251
dv3-A-poisson-000276,3,A,poisson,276,,,,3:1:0:276,,test,0,403.3193015633515,,,,,,,,,,,,,,,,,,,,0.0,,,1,434,1,exact,,,,,,,,1.5040997823234648e-05,f475111f2c1cf006a26c8a315132ec471bafe8f6
dv3-A-poisson-000277,3,A,poisson,277,,,,3:1:0:277,,test,0,684.6318620917586,,,,,,,,,,,,,,,,,,,,0.0,,,1,670,1,exact,,,,,,,,5.249999958323315e-05,f60e10ebab236114e4aea5ad47209f968ac1cc99
dv3-A-poisson-000278,3,A,poisson,278,,,,3:1:0:278,,test,0,243.3775549889503,,,,,,,,,,,,,,,,,,,,0.0,,,1,272,1,exact,,,,,,,,9.991700062528253e-05,ad7c7270826146c8e9a011849d903af249237627
dv3-A-poisson-000279,3,A,poisson,279,,,,3:1:0:279,,test,0,270.61501855882113,,,,,,,,,,,,,,,,,,,,0.0,,,1,260,1,exact,,,,,,,,3.295799979241565e-05,cebe3555df8b9ae7ffd984f227b481616ae92686
dv3-A-poisson-000280,3,A,poisson,280,,,,3:1:0:280,,test,0,152.03186645035584,,,,,,,,,,,,,,,,,,,,0.0,,,1,158,1,exact,,,,,,,,1.7708000086713582e-05,f303f38be3be5e2227dc1062b1a5c3278b31736c
dv3-A-poisson-000281,3,A,poisson,281,,,,3:1:0:281,,test,0,397.98998058579156,,,,,,,,,,,,,,,,,,,,0.0,,,1,388,1,exact,,,,,,,,1.7082998965634033e-05,4eb964a54fc41f79903b661e0e13724d30013430
dv3-A-poisson-000282,3,A,poisson,282,,,,3:1:0:282,,test,0,403.8370422666456,,,,,,,,,,,,,,,,,,,,0.0,,,1,392,1,exact,,,,,,,,1.5833000361453742e-05,164d0ee9cca264212740c4e41736f4ee200365d9
dv3-A-poisson-000283,3,A,poisson,283,,,,3:1:0:283,,test,0,740.8529175659348,,,,,,,,,,,,,,,,,,,,0.0,,,1,694,1,exact,,,,,,,,1.912500010803342e-05,1becaeef11754734122c2399f3bab03e94c95b88
dv3-A-poisson-000284,3,A,poisson,284,,,,3:1:0:284,,test,0,743.8133615359478,,,,,,,,,,,,,,,,,,,,0.0,,,1,746,1,exact,,,,,,,,1.9416002032812685e-05,9fd016e87c1003e677a6bae0651cb43fbcb9141e
dv3-A-poisson-000285,3,A,poisson,285,,,,3:1:0:285,,test,0,176.7238699549178,,,,,,,,,,,,,,,,,,,,0.0,,,1,193,1,exact,,,,,,,,4.795800123247318e-05,d415276ccd2bdcfa66ec1cbad9f3e6767bcaed5c
dv3-A-poisson-000286,3,A,poisson,286,,,,3:1:0:286,,test,0,161.18735019990444,,,,,,,,,,,,,,,,,,,,0.0,,,1,169,1,exact,,,,,,,,2.7209000108996406e-05,e4a23d81d8d1847c6a6dbc3fa6a952d9e956a7ed
dv3-A-poisson-000287,3,A,poisson,287,,,,3:1:0:287,,test,0,162.7505009698239,,,,,,,,,,,,,,,,,,,,0.0,,,1,145,1,exact,,,,,,,,2.4665998353157192e-05,1545d9738c997090e51ce12840d73b7ea0478cb4
dv3-A-poisson-000288,3,A,poisson,288,,,,3:1:0:288,,test,0,555.5904007030273,,,,,,,,,,,,,,,,,,,,0.0,,,1,544,1,exact,,,,,,,,3.4500000765547156e-05,99a0d109b5d2e802ccaf9f703d58c4df74e25bf7
dv3-A-poisson-000289,3,A,poisson,289,,,,3:1:0:289,,test,0,162.14978635677429,,,,,,,,,,,,,,,,,,,,0.0,,,1,172,1,exact,,,,,,,,2.4584001948824152e-05,0e6b72309daf88791a090c79af90a340290fcd28
dv3-A-poisson-000290,3,A,poisson,290,,,,3:1:0:290,,test,0,410.56574222936695,,,,,,,,,,,,,,,,,,,,0.0,,,1,396,1,exact,,,,,,,,3.029200161108747e-05,00f996c5a850aa89d6703626431af29ee5f0ce5d
dv3-A-poisson-000291,3,A,poisson,291,,,,3:1:0:291,,test,0,231.86050815186223,,,,,,,,,,,,,,,,,,,,0.0,,,1,237,1,exact,,,,,,,,2.8875001589767635e-05,feb78cc24f585a51be5092b2026f37e1302b00dd
dv3-A-poisson-000292,3,A,poisson,292,,,,3:1:0:292,,test,0,483.1178943870044,,,,,,,,,,,,,,,,,,,,0.0,,,1,463,1,exact,,,,,,,,3.195799945387989e-05,6a0215a4d950fac7c5f06eb566be862f8fc8125c
dv3-A-poisson-000293,3,A,poisson,293,,,,3:1:0:293,,test,0,197.92545892808894,,,,,,,,,,,,,,,,,,,,0.0,,,1,184,1,exact,,,,,,,,3.0209001124603674e-05,b2fd076840737bd9718ef9fdbe59ac0f3d9c46ba
dv3-A-poisson-000294,3,A,poisson,294,,,,3:1:0:294,,test,0,577.5617229445209,,,,,,,,,,,,,,,,,,,,0.0,,,1,554,1,exact,,,,,,,,3.4500000765547156e-05,4943376e0ec1f5442aa46fcfbdfb01d435be7c03
dv3-A-poisson-000295,3,A,poisson,295,,,,3:1:0:295,,test,0,281.69641951344795,,,,,,,,,,,,,,,,,,,,0.0,,,1,288,1,exact,,,,,,,,2.7166999643668532e-05,ccd49b118216d4177167f86223889e1887956cc2
dv3-A-poisson-000296,3,A,poisson,296,,,,3:1:0:296,,test,0,396.47593148851996,,,,,,,,,,,,,,,,,,,,0.0,,,1,433,1,exact,,,,,,,,3.0958002753322944e-05,7422122cefcbffaa3320315dac1b0d1f65d1aafe
dv3-A-poisson-000297,3,A,poisson,297,,,,3:1:0:297,,test,0,312.8164711193856,,,,,,,,,,,,,,,,,,,,0.0,,,1,326,1,exact,,,,,,,,2.8375001420499757e-05,92d1519a95251a95fb834cbe5b9436321f5ece6a
dv3-A-poisson-000298,3,A,poisson,298,,,,3:1:0:298,,test,0,103.38042376910872,,,,,,,,,,,,,,,,,,,,0.0,,,1,101,1,exact,,,,,,,,2.2959000489208847e-05,3fe2a1f729979c77f27e313b99084b9187642f8e
dv3-A-poisson-000299,3,A,poisson,299,,,,3:1:0:299,,test,0,202.4809304182849,,,,,,,,,,,,,,,,,,,,0.0,,,1,200,1,exact,,,,,,,,2.4917000700952485e-05,5651c46aadedd1deb83336b08f168124f0a1cda6
dv3-A-poisson-000300,3,A,poisson,300,,,,3:1:0:300,,test,0,509.19452053345015,,,,,,,,,,,,,,,,,,,,0.0,,,1,502,1,exact,,,,,,,,3.287499930593185e-05,a19e6371a79b4a58e82da2e7787dd41b5a8c75f4
dv3-A-poisson-000301,3,A,poisson,301,,,,3:1:0:301,,test,0,601.8477800748338,,,,,,,,,,,,,,,,,,,,0.0,,,1,600,1,exact,,,,,,,,3.533400013111532e-05,c90cbf0fcea7545323b1baedc4e8fb11774c686f
dv3-A-poisson-000302,3,A,poisson,302,,,,3:1:0:302,,test,0,281.6038390942928,,,,,,,,,,,,,,,,,,,,0.0,,,1,291,1,exact,,,,,,,,2.7542002499103546e-05,d79da9e7c6ca605154738b2262e1ddb7210ffc5d
dv3-A-poisson-000303,3,A,poisson,303,,,,3:1:0:303,,test,0,508.67821618654096,,,,,,,,,,,,,,,,,,,,0.0,,,1,481,1,exact,,,,,,,,3.245900006731972e-05,56a7b1e7d5e4393df78a104e9c58c4d244e7dc63
dv3-A-poisson-000304,3,A,poisson,304,,,,3:1:0:304,,test,0,577.0345481687164,,,,,,,,,,,,,,,,,,,,0.0,,,1,579,1,exact,,,,,,,,4.1040999349206686e-05,b7ade5a55264f33ed0fb8284447560035d52999e
dv3-A-poisson-000305,3,A,poisson,305,,,,3:1:0:305,,test,0,140.30510425560072,,,,,,,,,,,,,,,,,,,,0.0,,,1,148,1,exact,,,,,,,,2.4708002456463873e-05,3e718364bf4f52eaba4dac3488551f56f67df2a3
dv3-A-poisson-000306,3,A,poisson,306,,,,3:1:0:306,,test,0,129.92038270541804,,,,,,,,,,,,,,,,,,,,0.0,,,1,150,1,exact,,,,,,,,2.4249999114545062e-05,ef229cc98e7b51f659d70be7bb588407245ec6ca
dv3-A-poisson-000307,3,A,poisson,307,,,,3:1:0:307,,test,0,473.7039826713723,,,,,,,,,,,,,,,,,,,,0.0,,,1,439,1,exact,,,,,,,,3.258300057495944e-05,74e5d86c50ac7f1544e0c8e9255c68b6c8362675
dv3-A-poisson-000308,3,A,poisson,308,,,,3:1:0:308,,test,0,174.70687694836403,,,,,,,,,,,,,,,,,,,,0.0,,,1,167,1,exact,,,,,,,,2.516699896659702e-05,ab3a710623c2a124db5bb9190d0fc809483cce58
dv3-A-poisson-000309,3,A,poisson,309,,,,3:1:0:309,,test,0,155.79252560633677,,,,,,,,,,,,,,,,,,,,0.0,,,1,161,1,exact,,,,,,,,2.5042001652764156e-05,c73769c9015802805144838967f0471b92619965
dv3-A-poisson-000310,3,A,poisson,310,,,,3:1:0:310,,test,0,682.7775152908733,,,,,,,,,,,,,,,,,,,,0.0,,,1,686,1,exact,,,,,,,,3.83749975298997e-05,936f21e308f6267dd217980e8fcaaf308df6b8e1
dv3-A-poisson-000311,3,A,poisson,311,,,,3:1:0:311,,test,0,140.15012110698532,,,,,,,,,,,,,,,,,,,,0.0,,,1,127,1,exact,,,,,,,,1.5166999219218269e-05,435246269386cf84b8f0e7effb73f00d8f124cd3
dv3-A-poisson-000312,3,A,poisson,312,,,,3:1:0:312,,test,0,273.36737303044936,,,,,,,,,,,,,,,,,,,,0.0,,,1,274,1,exact,,,,,,,,1.5165998775046319e-05,48dc69c78c151c57b10e796450f48248d540a2af
dv3-A-poisson-000313,3,A,poisson,313,,,,3:1:0:313,,test,0,235.93511940706412,,,,,,,,,,,,,,,,,,,,0.0,,,1,228,1,exact,,,,,,,,1.2459000572562218e-05,509328534a72ab7faba6d4a587d6eae94f9c5029
dv3-A-poisson-000314,3,A,poisson,314,,,,3:1:0:314,,test,0,123.53470368389748,,,,,,,,,,,,,,,,,,,,0.0,,,1,114,1,exact,,,,,,,,1.0541996743995696e-05,fd59b1683820080db8223623e7db3a11baa97133
dv3-A-poisson-000315,3,A,poisson,315,,,,3:1:0:315,,test,0,333.70510947954995,,,,,,,,,,,,,,,,,,,,0.0,,,1,322,1,exact,,,,,,,,1.3292003131937236e-05,61d18d5537749553f284e4a9c5d91839b0192f03
dv3-A-poisson-000316,3,A,poisson,316,,,,3:1:0:316,,test,0,736.8809993236185,,,,,,,,,,,,,,,,,,,,0.0,,,1,784,1,exact,,,,,,,,2.0667001081164926e-05,e684ad213316dffa7c2c815462c3072c141231c1
dv3-A-poisson-000317,3,A,poisson,317,,,,3:1:0:317,,test,0,115.01444861337392,,,,,,,,,,,,,,,,,,,,0.0,,,1,123,1,exact,,,,,,,,1.0584000847302377e-05,e9ae2334fdafe32730636d7dc7fba8547c9d7bd1
dv3-A-poisson-000318,3,A,poisson,318,,,,3:1:0:318,,test,0,308.8507160017508,,,,,,,,,,,,,,,,,,,,0.0,,,1,304,1,exact,,,,,,,,1.2874999811174348e-05,c39b6a02219775ffb1d9dbc7038e0c974b908f57
dv3-A-poisson-000319,3,A,poisson,319,,,,3:1:0:319,,test,0,114.17575276707782,,,,,,,,,,,,,,,,,,,,0.0,,,1,109,1,exact,,,,,,,,1.0250001651002094e-05,39a05287f52a28de2c6f3d33f78fef8c59ffae63
dv3-A-poisson-000320,3,A,poisson,320,,,,3:1:0:320,,test,0,715.8650607003202,,,,,,,,,,,,,,,,,,,,0.0,,,1,714,1,exact,,,,,,,,1.8999999156221747e-05,3bfd377308184d27eb24738269c44426b46b5cb5
dv3-A-poisson-000321,3,A,poisson,321,,,,3:1:0:321,,test,0,560.5003288287178,,,,,,,,,,,,,,,,,,,,0.0,,,1,532,1,exact,,,,,,,,1.7250000382773578e-05,be158476d2eea605bee9be80483cbe1dc9c6c11a
dv3-A-poisson-000322,3,A,poisson,322,,,,3:1:0:322,,test,0,545.7647818831442,,,,,,,,,,,,,,,,,,,,0.0,,,1,556,1,exact,,,,,,,,1.5958001313265413e-05,cbd90d9b854760a4497d04278fb93867b10324c9
dv3-A-poisson-000323,3,A,poisson,323,,,,3:1:0:323,,test,0,467.211569593676,,,,,,,,,,,,,,,,,,,,0.0,,,1,479,1,exact,,,,,,,,1.620799957890995e-05,c833ff7766c6246aba6e573c6f59f704f3faf902
dv3-A-poisson-000324,3,A,poisson,324,,,,3:1:0:324,,test,0,633.357972900739,,,,,,,,,,,,,,,,,,,,0.0,,,1,669,1,exact,,,,,,,,1.737500133458525e-05,b6301cc50c9e6e44e53997ad60f35510e7c63b9e
dv3-A-poisson-000325,3,A,poisson,325,,,,3:1:0:325,,test,0,124.16378910739772,,,,,,,,,,,,,,,,,,,,0.0,,,1,128,1,exact,,,,,,,,1.2249998690094799e-05,e1e9fc14ac51c5380e9ecfdbc46b0e4efb8d5615
dv3-A-poisson-000326,3,A,poisson,326,,,,3:1:0:326,,test,0,292.83388209596353,,,,,,,,,,,,,,,,,,,,0.0,,,1,282,1,exact,,,,,,,,1.237499964190647e-05,5ad924ee145f6d3162906c26a3fde764ce798154
dv3-A-poisson-000327,3,A,poisson,327,,,,3:1:0:327,,test,0,186.54387183518182,,,,,,,,,,,,,,,,,,,,0.0,,,1,197,1,exact,,,,,,,,1.2707998394034803e-05,026a7176b3d869978a1ab13cff14ae394e20b43e
dv3-A-poisson-000328,3,A,poisson,328,,,,3:1:0:328,,test,0,115.17129853007346,,,,,,,,,,,,,,,,,,,,0.0,,,1,122,1,exact,,,,,,,,1.0415998985990882e-05,a2d9ded60a4110b19980a237a8c29d01905b798f
dv3-A-poisson-000329,3,A,poisson,329,,,,3:1:0:329,,test,0,156.22583139451822,,,,,,,,,,,,,,,,,,,,0.0,,,1,140,1,exact,,,,,,,,1.0583000403130427e-05,2c7c7c6b527b235390ce81710018d6e5c6391b3a
dv3-A-poisson-000330,3,A,poisson,330,,,,3:1:0:330,,test,0,157.19693851017968,,,,,,,,,,,,,,,,,,,,0.0,,,1,180,1,exact,,,,,,,,1.1082996934419498e-05,229fdd7d7cef30a8ea634f0d32e7066851b36e14
dv3-A-poisson-000331,3,A,poisson,331,,,,3:1:0:331,,test,0,557.5140639688833,,,,,,,,,,,,,,,,,,,,0.0,,,1,545,1,exact,,,,,,,,1.7124999430961907e-05,fcca4c7aa885defc51d16a4f61db18467fe260ec
dv3-A-poisson-000332,3,A,poisson,332,,,,3:1:0:332,,test,0,170.86296696029203,,,,,,,,,,,,,,,,,,,,0.0,,,1,181,1,exact,,,,,,,,1.0874999134102836e-05,652b085f1547ef6e3cdf8981b1f7b7789668923e
dv3-A-poisson-000333,3,A,poisson,333,,,,3:1:0:333,,test,0,697.0933464631662,,,,,,,,,,,,,,,,,,,,0.0,,,1,759,1,exact,,,,,,,,1.9499999325489625e-05,241e2d39c09a339c11c6d2c6295256d0269b87d1
dv3-A-poisson-000334,3,A,poisson,334,,,,3:1:0:334,,test,0,178.56464364531203,,,,,,,,,,,,,,,,,,,,0.0,,,1,188,1,exact,,,,,,,,1.1291998816886917e-05,6dd0846478a4cb81f08b39e8f9a4c804a384c305
dv3-A-poisson-000335,3,A,poisson,335,,,,3:1:0:335,,test,0,105.40317619738389,,,,,,,,,,,,,,,,,,,,0.0,,,1,108,1,exact,,,,,,,,1.020900162984617e-05,07763675ef17855c72ef6529f768f948321d3eb9
dv3-A-poisson-000336,3,A,poisson,336,,,,3:1:0:336,,test,0,103.61787007989666,,,,,,,,,,,,,,,,,,,,0.0,,,1,86,1,exact,,,,,,,,9.87499879556708e-06,8a1e5d2b34b2e1e2a683924bfe58501fb9c18673
dv3-A-poisson-000337,3,A,poisson,337,,,,3:1:0:337,,test,0,245.51208117433853,,,,,,,,,,,,,,,,,,,,0.0,,,1,231,1,exact,,,,,,,,1.166700167232193e-05,191e4cadbd7bcfc32c5a9c65c524a43f3e88c9d3
dv3-A-poisson-000338,3,A,poisson,338,,,,3:1:0:338,,test,0,148.59599286201976,,,,,,,,,,,,,,,,,,,,0.0,,,1,146,1,exact,,,,,,,,1.0791998647619039e-05,eb5540b6bf2b26f94496b2d1d98405da71221148
dv3-A-poisson-000339,3,A,poisson,339,,,,3:1:0:339,,test,0,244.50698280743563,,,,,,,,,,,,,,,,,,,,0.0,,,1,247,1,exact,,,,,,,,1.3875000149710104e-05,d0b801dddc43cd8b03b10246e8887d8754133d58
dv3-A-poisson-000340,3,A,poisson,340,,,,3:1:0:340,,test,0,473.8988223720856,,,,,,,,,,,,,,,,,,,,0.0,,,1,504,1,exact,,,,,,,,1.5499997971346602e-05,fe310ab739423667085448a8d3372bde924f0ab8
dv3-A-poisson-000341,3,A,poisson,341,,,,3:1:0:341,,test,0,466.76128800575816,,,,,,,,,,,,,,,,,,,,0.0,,,1,514,1,exact,,,,,,,,1.654200241318904e-05,666e42e5735c18181291bfda733544c8d160ac02
dv3-A-poisson-000342,3,A,poisson,342,,,,3:1:0:342,,test,0,586.345147448448,,,,,,,,,,,,,,,,,,,,0.0,,,1,559,1,exact,,,,,,,,1.7292000848101452e-05,bb6eb958dc19be027ddad51ab9c6ff7039e5aaa5
dv3-A-poisson-000343,3,A,poisson,343,,,,3:1:0:343,,test,0,157.9340738691848,,,,,,,,,,,,,,,,,,,,0.0,,,1,169,1,exact,,,,,,,,1.1042000551242381e-05,a08b40506a379c3799874ea1af52c105a2046548
dv3-A-poisson-000344,3,A,poisson,344,,,,3:1:0:344,,test,0,474.45243195496676,,,,,,,,,,,,,,,,,,,,0.0,,,1,478,1,exact,,,,,,,,1.6500001947861165e-05,83dfdf4417743574f120fa1921631533bf420c50
dv3-A-poisson-000345,3,A,poisson,345,,,,3:1:0:345,,test,0,694.4445398534731,,,,,,,,,,,,,,,,,,,,0.0,,,1,705,1,exact,,,,,,,,1.862499993876554e-05,da001f6d8aae06ba3d7cc54ae109ddf4c8b28f9d
dv3-A-poisson-000346,3,A,poisson,346,,,,3:1:0:346,,test,0,170.40089783678675,,,,,,,,,,,,,,,,,,,,0.0,,,1,166,1,exact,,,,,,,,1.091699959943071e-05,50abf798cb6365dcce033240efe38925072d570f
dv3-A-poisson-000347,3,A,poisson,347,,,,3:1:0:347,,test,0,632.2460335906935,,,,,,,,,,,,,,,,,,,,0.0,,,1,653,1,exact,,,,,,,,1.6833000699989498e-05,2a9b2f906d090c5f01f067b68f0da728f58d7319
dv3-A-poisson-000348,3,A,poisson,348,,,,3:1:0:348,,test,0,165.87933751943984,,,,,,,,,,,,,,,,,,,,0.0,,,1,144,1,exact,,,,,,,,1.0458999895490706e-05,a126162b4c5bc2217bd2aa4e66449dd3ac5db166
dv3-A-poisson-000349,3,A,poisson,349,,,,3:1:0:349,,test,0,402.8989669779487,,,,,,,,,,,,,,,,,,,,0.0,,,1,365,1,exact,,,,,,,,1.3208002201281488e-05,0b3f875815aa7aafce360bde78e253fef01211b2
dv3-A-poisson-000350,3,A,poisson,350,,,,3:1:0:350,,test,0,402.99993212742413,,,,,,,,,,,,,,,,,,,,0.0,,,1,415,1,exact,,,,,,,,1.4125002053333446e-05,8436825a1d45aaaa3eb90475e6c7fcb7c44f73a8
dv3-A-poisson-000351,3,A,poisson,351,,,,3:1:0:351,,test,0,454.61717921756997,,,,,,,,,,,,,,,,,,,,0.0,,,1,438,1,exact,,,,,,,,1.4000001101521775e-05,c83b44d4bafbd6d79d2ff6719d437e6c4e1eb075
dv3-A-poisson-000352,3,A,poisson,352,,,,3:1:0:352,,test,0,298.2396617328068,,,,,,,,,,,,,,,,,,,,0.0,,,1,265,1,exact,,,,,,,,1.2207998224766925e-05,8d9630b349af2fed35f7cbb7c60e0b6aea3efff3
dv3-A-poisson-000353,3,A,poisson,353,,,,3:1:0:353,,test,0,461.59689927618183,,,,,,,,,,,,,,,,,,,,0.0,,,1,479,1,exact,,,,,,,,1.620799957890995e-05,f20ba66272a1ebe6c2bcd54ba7d916c8546ede6e
dv3-A-poisson-000354,3,A,poisson,354,,,,3:1:0:354,,test,0,274.82553455427194,,,,,,,,,,,,,,,,,,,,0.0,,,1,286,1,exact,,,,,,,,1.245899693458341e-05,0be25e41a5d8ebbcdbefad135ef69ea0ed0c2a9a
dv3-A-poisson-000355,3,A,poisson,355,,,,3:1:0:355,,test,0,669.6987352844527,,,,,,,,,,,,,,,,,,,,0.0,,,1,655,1,exact,,,,,,,,1.8541999452281743e-05,b19238758ec2156abe23ce31b13c2c67a8dc6789
dv3-A-poisson-000356,3,A,poisson,356,,,,3:1:0:356,,test,0,299.3836284116879,,,,,,,,,,,,,,,,,,,,0.0,,,1,308,1,exact,,,,,,,,1.2874999811174348e-05,d4bc27487ce8d115dfcd3b08266502dbf0aeb32a
dv3-A-poisson-000357,3,A,poisson,357,,,,3:1:0:357,,test,0,105.46932421763506,,,,,,,,,,,,,,,,,,,,0.0,,,1,110,1,exact,,,,,,,,1.0042000212706625e-05,2881d42a03c6de46bfee7415f1038839448ac0a4
dv3-A-poisson-000358,3,A,poisson,358,,,,3:1:0:358,,test,0,132.164742546754,,,,,,,,,,,,,,,,,,,,0.0,,,1,130,1,exact,,,,,,,,1.0624997230479494e-05,2b63d64b706c51a303d13c8bb490aada363d5b01
dv3-A-poisson-000359,3,A,poisson,359,,,,3:1:0:359,,test,0,202.46952591300644,,,,,,,,,,,,,,,,,,,,0.0,,,1,205,1,exact,,,,,,,,1.1459000234026462e-05,68dd9878bce6be215a4f78ba9c42762dc4948f87
dv3-A-poisson-000360,3,A,poisson,360,,,,3:1:0:360,,test,0,159.63775698276763,,,,,,,,,,,,,,,,,,,,0.0,,,1,188,1,exact,,,,,,,,1.1167001503054053e-05,f1a26371f34007815ae98b2ecff8116282809645
dv3-A-poisson-000361,3,A,poisson,361,,,,3:1:0:361,,test,0,729.0938089716162,,,,,,,,,,,,,,,,,,,,0.0,,,1,722,1,exact,,,,,,,,1.7416998161934316e-05,db11a58a660988dab75c7aac71ac177573aef111
dv3-A-poisson-000362,3,A,poisson,362,,,,3:1:0:362,,test,0,129.0637250570819,,,,,,,,,,,,,,,,,,,,0.0,,,1,117,1,exact,,,,,,,,1.0292002116329968e-05,9426842c9f664b186cf2a9be29047301c9b02e8c
dv3-A-poisson-000363,3,A,poisson,363,,,,3:1:0:363,,test,0,159.6221647235228,,,,,,,,,,,,,,,,,,,,0.0,,,1,184,1,exact,,,,,,,,1.237499964190647e-05,33754ae411bfff3063725fb7720e8e5d941dc1bb
dv3-A-poisson-000364,3,A,poisson,364,,,,3:1:0:364,,test,0,645.8297032607773,,,,,,,,,,,,,,,,,,,,0.0,,,1,640,1,exact,,,,,,,,1.8165999790653586e-05,c752b99b13512a1e9c7762ca8daeda97b5dd986f
dv3-A-poisson-000365,3,A,poisson,365,,,,3:1:0:365,,test,0,200.0755342927549,,,,,,,,,,,,,,,,,,,,0.0,,,1,178,1,exact,,,,,,,,1.1084001016570255e-05,8727c36940faca1d22066f6a8cdca48b9786787a
dv3-A-poisson-000366,3,A,poisson,366,,,,3:1:0:366,,test,0,139.17742237963745,,,,,,,,,,,,,,,,,,,,0.0,,,1,141,1,exact,,,,,,,,1.0416999430162832e-05,11cd470ac26f8f81a73551b59393795788ec4a5e
dv3-A-poisson-000367,3,A,poisson,367,,,,3:1:0:367,,test,0,289.803199804857,,,,,,,,,,,,,,,,,,,,0.0,,,1,290,1,exact,,,,,,,,1.266699837287888e-05,bd30277f0c6080504b12d6284f04705f708d9735
dv3-A-poisson-000368,3,A,poisson,368,,,,3:1:0:368,,test,0,571.4031532996563,,,,,,,,,,,,,,,,,,,,0.0,,,1,592,1,exact,,,,,,,,1.7624999600229785e-05,aebea97ecfa273c60a840bb1b3ce3c0a48372e2b
dv3-A-poisson-000369,3,A,poisson,369,,,,3:1:0:369,,test,0,209.3670594252398,,,,,,,,,,,,,,,,,,,,0.0,,,1,187,1,exact,,,,,,,,1.1457999789854512e-05,74dc1c2de5b5a4b12d65990beb8a6c4e46dc35f7
dv3-A-poisson-000370,3,A,poisson,370,,,,3:1:0:370,,test,0,298.89217454857464,,,,,,,,,,,,,,,,,,,,0.0,,,1,297,1,exact,,,,,,,,1.2625001545529813e-05,7649c724ac4c266030fe4d561fa54fe8e24e5722
dv3-A-poisson-000371,3,A,poisson,371,,,,3:1:0:371,,test,0,399.1925474753006,,,,,,,,,,,,,,,,,,,,0.0,,,1,421,1,exact,,,,,,,,1.5334000636357814e-05,067a34d6b8fde01e8b7a4e9f3f565f7b48ff1111
dv3-A-poisson-000372,3,A,poisson,372,,,,3:1:0:372,,test,0,132.26892346464274,,,,,,,,,,,,,,,,,,,,0.0,,,1,129,1,exact,,,,,,,,1.0792002285597846e-05,4dede81b4aedff8343987977ef9865d29b4a1294
dv3-A-poisson-000373,3,A,poisson,373,,,,3:1:0:373,,test,0,277.73642355160945,,,,,,,,,,,,,,,,,,,,0.0,,,1,277,1,exact,,,,,,,,5.566600157180801e-05,ab1fe998eb9f1eb7dbb6bd8484e86f1d1ab2ccf9
dv3-A-poisson-000374,3,A,poisson,374,,,,3:1:0:374,,test,0,444.622894842572,,,,,,,,,,,,,,,,,,,,0.0,,,1,444,1,exact,,,,,,,,4.029200135846622e-05,3254b86244f6c967b76d8dfcb50903baf2b1a016
dv3-A-poisson-000375,3,A,poisson,375,,,,3:1:0:375,,test,0,279.43027210419524,,,,,,,,,,,,,,,,,,,,0.0,,,1,289,1,exact,,,,,,,,2.9499999072868377e-05,db2269f5fd9da12ede3974ec1e0462d9dcef7bf1
dv3-A-poisson-000376,3,A,poisson,376,,,,3:1:0:376,,test,0,436.3100705061419,,,,,,,,,,,,,,,,,,,,0.0,,,1,456,1,exact,,,,,,,,3.3250002161366865e-05,e52c1e81ccd916e624dc540c608e2c568a676400
dv3-A-poisson-000377,3,A,poisson,377,,,,3:1:0:377,,test,0,146.73539732013293,,,,,,,,,,,,,,,,,,,,0.0,,,1,141,1,exact,,,,,,,,2.6042001991299912e-05,b45ff9a8ac95a89fad51fafb57ee14134fcd99db
dv3-A-poisson-000378,3,A,poisson,378,,,,3:1:0:378,,test,0,125.94979020868394,,,,,,,,,,,,,,,,,,,,0.0,,,1,99,1,exact,,,,,,,,2.279100226587616e-05,722cd58355c9fdbe6e7da1d8d5bf5f3bb608b396
dv3-A-poisson-000379,3,A,poisson,379,,,,3:1:0:379,,test,0,257.51219351128583,,,,,,,,,,,,,,,,,,,,0.0,,,1,248,1,exact,,,,,,,,2.6124998839804903e-05,b5d5cb97daef1a7941495de8c01ef5cd81c3d057
dv3-A-poisson-000380,3,A,poisson,380,,,,3:1:0:380,,test,0,772.8192495430656,,,,,,,,,,,,,,,,,,,,0.0,,,1,757,1,exact,,,,,,,,3.983300121035427e-05,0b7b5d67628f94213dc3ca7b506061fb7cb8de4e
dv3-A-poisson-000381,3,A,poisson,381,,,,3:1:0:381,,test,0,653.6661886175626,,,,,,,,,,,,,,,,,,,,0.0,,,1,650,1,exact,,,,,,,,3.6416997318156064e-05,29890fc34b62953d26e6a3736361dfb46a806a4a
dv3-A-poisson-000382,3,A,poisson,382,,,,3:1:0:382,,test,0,413.3259238986148,,,,,,,,,,,,,,,,,,,,0.0,,,1,398,1,exact,,,,,,,,0.00011616699703154154,7ec558b22363b0727feb30115d0ce2af10ffc807
dv3-A-poisson-000383,3,A,poisson,383,,,,3:1:0:383,,test,0,354.2948882491712,,,,,,,,,,,,,,,,,,,,0.0,,,1,338,1,exact,,,,,,,,3.34169999405276e-05,31fdf576b0f0eb8ea8232ba030526522714caccf
dv3-A-poisson-000384,3,A,poisson,384,,,,3:1:0:384,,test,0,287.81669706684016,,,,,,,,,,,,,,,,,,,,0.0,,,1,313,1,exact,,,,,,,,3.6249999538995326e-05,1c0f6a180d56144d1d8b6eb3b24f36ff45b40115
dv3-A-poisson-000385,3,A,poisson,385,,,,3:1:0:385,,test,0,133.15221578256117,,,,,,,,,,,,,,,,,,,,0.0,,,1,123,1,exact,,,,,,,,3.7917001463938504e-05,34c60ba400b75f49f80307dacc407a320e467b68
dv3-A-poisson-000386,3,A,poisson,386,,,,3:1:0:386,,test,0,376.4683678218616,,,,,,,,,,,,,,,,,,,,0.0,,,1,395,1,exact,,,,,,,,2.912499985541217e-05,957db3c8d831ed73d71c55ebb53d989052ef9dbd
dv3-A-poisson-000387,3,A,poisson,387,,,,3:1:0:387,,test,0,136.7643979492128,,,,,,,,,,,,,,,,,,,,0.0,,,1,135,1,exact,,,,,,,,2.2374999389285222e-05,c995d5d2e5b079f157e688f0f1be78a9faa277e4
dv3-A-poisson-000388,3,A,poisson,388,,,,3:1:0:388,,test,0,206.75631777355346,,,,,,,,,,,,,,,,,,,,0.0,,,1,211,1,exact,,,,,,,,2.4082997697405517e-05,625c2e99580133d8381873c6c8bb781450b8f77a
dv3-A-poisson-000389,3,A,poisson,389,,,,3:1:0:389,,test,0,529.1458732958004,,,,,,,,,,,,,,,,,,,,0.0,,,1,535,1,exact,,,,,,,,3.254199691582471e-05,8fdce3d93b232c590539f314bc2c39b6f380e16e
dv3-A-poisson-000390,3,A,poisson,390,,,,3:1:0:390,,test,0,117.45415124550766,,,,,,,,,,,,,,,,,,,,0.0,,,1,124,1,exact,,,,,,,,2.2125001123640686e-05,f36c520ea45f2051cbfa5aa0bf9824f064c766a9
dv3-A-poisson-000391,3,A,poisson,391,,,,3:1:0:391,,test,0,202.55708151814548,,,,,,,,,,,,,,,,,,,,0.0,,,1,217,1,exact,,,,,,,,2.4416000087512657e-05,16b7897210562a17a43de5e27f4878c2e5fa4e71
dv3-A-poisson-000392,3,A,poisson,392,,,,3:1:0:392,,test,0,270.90070387693623,,,,,,,,,,,,,,,,,,,,0.0,,,1,262,1,exact,,,,,,,,2.55839986493811e-05,bb1fdd2f52ad33d9ae92b67ac1c6e51a0b4d9776
dv3-A-poisson-000393,3,A,poisson,393,,,,3:1:0:393,,test,0,255.82640331031402,,,,,,,,,,,,,,,,,,,,0.0,,,1,255,1,exact,,,,,,,,2.608399881864898e-05,1ed1466c4697167e167bbfc7b28d2c7ba2a3be3e
dv3-A-poisson-000394,3,A,poisson,394,,,,3:1:0:394,,test,0,273.43205502393135,,,,,,,,,,,,,,,,,,,,0.0,,,1,274,1,exact,,,,,,,,2.6167002943111584e-05,4a28125b458fd5550688dcc06ebe89f78beae505
dv3-A-poisson-000395,3,A,poisson,395,,,,3:1:0:395,,test,0,283.0337271323171,,,,,,,,,,,,,,,,,,,,0.0,,,1,299,1,exact,,,,,,,,3.1042000045999885e-05,690fa7df484272840b953d4132948418e9a50e42
dv3-A-poisson-000396,3,A,poisson,396,,,,3:1:0:396,,test,0,363.18749204430503,,,,,,,,,,,,,,,,,,,,0.0,,,1,352,1,exact,,,,,,,,2.8124999516876414e-05,c1b74149f1bae9704e8a88eaaa5cf82e3fafa5ae
dv3-A-poisson-000397,3,A,poisson,397,,,,3:1:0:397,,test,0,206.28986683800449,,,,,,,,,,,,,,,,,,,,0.0,,,1,214,1,exact,,,,,,,,2.445800055284053e-05,e1f52e3d3d7bfaf1768cbf719725e46b07d01827
dv3-A-poisson-000398,3,A,poisson,398,,,,3:1:0:398,,test,0,200.27614943316712,,,,,,,,,,,,,,,,,,,,0.0,,,1,194,1,exact,,,,,,,,2.375000258325599e-05,59899262b49b65e509f69d9309cec0e87bed4f5d
dv3-A-poisson-000399,3,A,poisson,399,,,,3:1:0:399,,test,0,385.02402547788745,,,,,,,,,,,,,,,,,,,,0.0,,,1,410,1,exact,,,,,,,,2.925000080722384e-05,f30fd2e34a11acd172b6ecc69b86f60f57d78135
dv3-A-poisson-000400,3,A,poisson,400,,,,3:1:0:400,,test,0,258.58380974113436,,,,,,,,,,,,,,,,,,,,0.0,,,1,248,1,exact,,,,,,,,4.712499867309816e-05,88786d1f631d63270e2749e7f99031da1f38645d
dv3-A-poisson-000401,3,A,poisson,401,,,,3:1:0:401,,test,0,307.9353251772277,,,,,,,,,,,,,,,,,,,,0.0,,,1,295,1,exact,,,,,,,,2.6416997570777312e-05,e4713559ffbe616f06b3092bb299bd902688c327
dv3-A-poisson-000402,3,A,poisson,402,,,,3:1:0:402,,test,0,201.50554675283306,,,,,,,,,,,,,,,,,,,,0.0,,,1,213,1,exact,,,,,,,,2.425000275252387e-05,8f20f7fa1b3857ffffb888dc687852fa79a9c664
dv3-A-poisson-000403,3,A,poisson,403,,,,3:1:0:403,,test,0,135.8119741404892,,,,,,,,,,,,,,,,,,,,0.0,,,1,114,1,exact,,,,,,,,2.1791998733533546e-05,32f8f336d9ecae28c724f5efcc01edbc0eeba252
dv3-A-poisson-000404,3,A,poisson,404,,,,3:1:0:404,,test,0,229.4950862331902,,,,,,,,,,,,,,,,,,,,0.0,,,1,228,1,exact,,,,,,,,2.4707998818485066e-05,b89ed403a7fb402a930463ca89f8e31709a98f39
dv3-A-poisson-000405,3,A,poisson,405,,,,3:1:0:405,,test,0,217.0309160670925,,,,,,,,,,,,,,,,,,,,0.0,,,1,241,1,exact,,,,,,,,2.4957997084129602e-05,ac6ca675d351c84ce8be03188cbc1851cbddc9ce
dv3-A-poisson-000406,3,A,poisson,406,,,,3:1:0:406,,test,0,435.5911246333583,,,,,,,,,,,,,,,,,,,,0.0,,,1,437,1,exact,,,,,,,,6.683299943688326e-05,f9f271ac1c2802e5bd4fa537d583f0edd34fa884
dv3-A-poisson-000407,3,A,poisson,407,,,,3:1:0:407,,test,0,205.56797439919117,,,,,,,,,,,,,,,,,,,,0.0,,,1,196,1,exact,,,,,,,,2.5082998035941273e-05,0fe9b9deac2f98240549bc2f2848fdae2c042e80
dv3-A-poisson-000408,3,A,poisson,408,,,,3:1:0:408,,test,0,391.55921307550716,,,,,,,,,,,,,,,,,,,,0.0,,,1,340,1,exact,,,,,,,,2.841600144165568e-05,ee7b799d344414b2dfd48dcce12856399ef7e4b3
dv3-A-poisson-000409,3,A,poisson,409,,,,3:1:0:409,,test,0,345.85813012958334,,,,,,,,,,,,,,,,,,,,0.0,,,1,327,1,exact,,,,,,,,2.7624999347608536e-05,2c819697c3a374d3e13cca6df6ec4a78882cd6a2
dv3-A-poisson-000410,3,A,poisson,410,,,,3:1:0:410,,test,0,142.58733477043512,,,,,,,,,,,,,,,,,,,,0.0,,,1,136,1,exact,,,,,,,,2.266699812025763e-05,10c98a140149133804b04bf4f0980a2af686c71b
dv3-A-poisson-000411,3,A,poisson,411,,,,3:1:0:411,,test,0,137.7846008745739,,,,,,,,,,,,,,,,,,,,0.0,,,1,124,1,exact,,,,,,,,2.4790999304968864e-05,ac9366d81b637107437f6bbfe5a27bb9289bbc46
dv3-A-poisson-000412,3,A,poisson,412,,,,3:1:0:412,,test,0,134.1828694091562,,,,,,,,,,,,,,,,,,,,0.0,,,1,142,1,exact,,,,,,,,2.2832999093225226e-05,4f9717e2267692e97d721cdedfade00b3f98c4f4
dv3-A-poisson-000413,3,A,poisson,413,,,,3:1:0:413,,test,0,104.57864852309149,,,,,,,,,,,,,,,,,,,,0.0,,,1,122,1,exact,,,,,,,,2.237500302726403e-05,62acf86be0deefb3ab1c9496471e7f0f5d7a1177
dv3-A-poisson-000414,3,A,poisson,414,,,,3:1:0:414,,test,0,397.1353268343607,,,,,,,,,,,,,,,,,,,,0.0,,,1,385,1,exact,,,,,,,,2.925000080722384e-05,49dfa15d66b77f99372866eabd6dbf066d732b52
dv3-A-poisson-000415,3,A,poisson,415,,,,3:1:0:415,,test,0,461.33001502203496,,,,,,,,,,,,,,,,,,,,0.0,,,1,458,1,exact,,,,,,,,5.0582999392645434e-05,6cdf1be5beccbb639e57a6be982655d1507b6808
dv3-A-poisson-000416,3,A,poisson,416,,,,3:1:0:416,,test,0,343.42860081718396,,,,,,,,,,,,,,,,,,,,0.0,,,1,354,1,exact,,,,,,,,2.8166999982204288e-05,05532db898a1666c621819b4777d4082b9f7966e
dv3-A-poisson-000417,3,A,poisson,417,,,,3:1:0:417,,test,0,420.9143203094824,,,,,,,,,,,,,,,,,,,,0.0,,,1,396,1,exact,,,,,,,,2.912499985541217e-05,42c7299a1be58d18b0829a1814f3d2adca32c2bc
dv3-A-poisson-000418,3,A,poisson,418,,,,3:1:0:418,,test,0,119.89974202604041,,,,,,,,,,,,,,,,,,,,0.0,,,1,127,1,exact,,,,,,,,2.112500078510493e-05,41e917f203fa0f003ae84fae701c57349a8fa54b
dv3-A-poisson-000419,3,A,poisson,419,,,,3:1:0:419,,test,0,499.3864715762278,,,,,,,,,,,,,,,,,,,,0.0,,,1,474,1,exact,,,,,,,,1.7042002582456917e-05,27516434bda420c1c4e6e112f57d7d0f14a58099
dv3-A-poisson-000420,3,A,poisson,420,,,,3:1:0:420,,test,0,573.6648887436623,,,,,,,,,,,,,,,,,,,,0.0,,,1,584,1,exact,,,,,,,,1.7417001799913123e-05,51dab5a9e558e78c919268614d76a20ac896b9a5
dv3-A-poisson-000421,3,A,poisson,421,,,,3:1:0:421,,test,0,385.45890360119506,,,,,,,,,,,,,,,,,,,,0.0,,,1,355,1,exact,,,,,,,,1.3958000636193901e-05,dcb5672930e109db38bae6afd2e535af86837fb3
dv3-A-poisson-000422,3,A,poisson,422,,,,3:1:0:422,,test,0,426.8494008832578,,,,,,,,,,,,,,,,,,,,0.0,,,1,414,1,exact,,,,,,,,1.4457997167482972e-05,a689cef6aeecc2298c15bbd0f5887316d63d21d8
dv3-A-poisson-000423,3,A,poisson,423,,,,3:1:0:423,,test,0,123.25041392691662,,,,,,,,,,,,,,,,,,,,0.0,,,1,132,1,exact,,,,,,,,1.1000000085914508e-05,873cd7c13cf9d1c135c8c85b37ef07c815cb1a1c
dv3-A-poisson-000424,3,A,poisson,424,,,,3:1:0:424,,test,0,166.70105386851577,,,,,,,,,,,,,,,,,,,,0.0,,,1,178,1,exact,,,,,,,,1.2166998203611001e-05,35ab8c85c66dbf00a2a5f0fb3bbe858cde13dc96
dv3-A-poisson-000425,3,A,poisson,425,,,,3:1:0:425,,test,0,744.695069302731,,,,,,,,,,,,,,,,,,,,0.0,,,1,720,1,exact,,,,,,,,1.8541999452281743e-05,29776f5070af43030a2cff68eed5cb8af58b15ae
dv3-A-poisson-000426,3,A,poisson,426,,,,3:1:0:426,,test,0,295.122263853775,,,,,,,,,,,,,,,,,,,,0.0,,,1,288,1,exact,,,,,,,,1.3167002180125564e-05,7c4d38e5db252204b96e984e6a3123c3694d4635
dv3-A-poisson-000427,3,A,poisson,427,,,,3:1:0:427,,test,0,409.67334285309374,,,,,,,,,,,,,,,,,,,,0.0,,,1,373,1,exact,,,,,,,,1.4042001566849649e-05,c277c6b10cff1b680f27dfa0b827cbaa13566427
dv3-A-poisson-000428,3,A,poisson,428,,,,3:1:0:428,,test,0,599.0348541764322,,,,,,,,,,,,,,,,,,,,0.0,,,1,606,1,exact,,,,,,,,1.7082998965634033e-05,b8505873dc4e49c11c25a3fb7d3fa4a31152bf9b
dv3-A-poisson-000429,3,A,poisson,429,,,,3:1:0:429,,test,0,218.50149215448164,,,,,,,,,,,,,,,,,,,,0.0,,,1,210,1,exact,,,,,,,,1.2124997738283128e-05,1f68f956bee6968c0153e4f50e9924cd709f0481
dv3-A-poisson-000430,3,A,poisson,430,,,,3:1:0:430,,test,0,328.38233829672015,,,,,,,,,,,,,,,,,,,,0.0,,,1,358,1,exact,,,,,,,,1.3917000615037978e-05,a46863071a4cf61b3dfd9f4d69f5c6ffaa513661
dv3-A-poisson-000431,3,A,poisson,431,,,,3:1:0:431,,test,0,506.8338059929739,,,,,,,,,,,,,,,,,,,,0.0,,,1,518,1,exact,,,,,,,,1.5583002095809206e-05,779c4c55a54432d6857ed598e0d305b0a382a42b
dv3-A-poisson-000432,3,A,poisson,432,,,,3:1:0:432,,test,0,125.54576382047664,,,,,,,,,,,,,,,,,,,,0.0,,,1,122,1,exact,,,,,,,,1.27909988805186e-05,bd9d95ecd01f84736184a4bad145531dd679f2a3
dv3-A-poisson-000433,3,A,poisson,433,,,,3:1:0:433,,test,0,111.51804460016021,,,,,,,,,,,,,,,,,,,,0.0,,,1,126,1,exact,,,,,,,,1.083400275092572e-05,1cd34202f534d8e96a1036d851eb45cd238dc73e
dv3-A-poisson-000434,3,A,poisson,434,,,,3:1:0:434,,test,0,170.72420086993927,,,,,,,,,,,,,,,,,,,,0.0,,,1,166,1,exact,,,,,,,,1.1167001503054053e-05,0e71f82073abc333bfbee32ec5da04b3daa41797
dv3-A-poisson-000435,3,A,poisson,435,,,,3:1:0:435,,test,0,143.8475802775558,,,,,,,,,,,,,,,,,,,,0.0,,,1,143,1,exact,,,,,,,,1.0833999112946913e-05,393c2258c1da0c4668e304b604e5e8daafbee25c
dv3-A-poisson-000436,3,A,poisson,436,,,,3:1:0:436,,test,0,578.621416133247,,,,,,,,,,,,,,,,,,,,0.0,,,1,572,1,exact,,,,,,,,1.6250000044237822e-05,5ca7839d421e0032042e2848f66fcaa7732fff0f
dv3-A-poisson-000437,3,A,poisson,437,,,,3:1:0:437,,test,0,187.50321088318523,,,,,,,,,,,,,,,,,,,,0.0,,,1,193,1,exact,,,,,,,,1.1582997103687376e-05,cab97b214ce2b286e51b2d5be80c7a2f7cabbe85
dv3-A-poisson-000438,3,A,poisson,438,,,,3:1:0:438,,test,0,541.973944704689,,,,,,,,,,,,,,,,,,,,0.0,,,1,545,1,exact,,,,,,,,1.5957997675286606e-05,116ffe7bf2cdafc5e2f51908aef45cfa679efe53
dv3-A-poisson-000439,3,A,poisson,439,,,,3:1:0:439,,test,0,733.0662307641046,,,,,,,,,,,,,,,,,,,,0.0,,,1,712,1,exact,,,,,,,,1.833300120779313e-05,10a1e8d26bf8d15be9ffa9b1dbc3b30ba96c626d
dv3-A-poisson-000440,3,A,poisson,440,,,,3:1:0:440,,test,0,321.5924632044842,,,,,,,,,,,,,,,,,,,,0.0,,,1,336,1,exact,,,,,,,,1.8792001355905086e-05,416cde6f7ee41a9886425071c13038da92ad6a20
dv3-A-poisson-000441,3,A,poisson,441,,,,3:1:0:441,,test,0,155.7767190072397,,,,,,,,,,,,,,,,,,,,0.0,,,1,132,1,exact,,,,,,,,1.0750001820269972e-05,03f7cbca8966570a3792f28255d2818b0ecec65c
dv3-A-poisson-000442,3,A,poisson,442,,,,3:1:0:442,,test,0,664.1943349618647,,,,,,,,,,,,,,,,,,,,0.0,,,1,703,1,exact,,,,,,,,1.8250000721309334e-05,328ee3b8bb08f1daa3e1d5e030d9a7c073476b8f
dv3-A-poisson-000443,3,A,poisson,443,,,,3:1:0:443,,test,0,101.08188880726094,,,,,,,,,,,,,,,,,,,,0.0,,,1,111,1,exact,,,,,,,,1.0584000847302377e-05,e64c92189bad9f9f28019cb811cc6bedc57923e2
dv3-A-poisson-000444,3,A,poisson,444,,,,3:1:0:444,,test,0,123.9397062814677,,,,,,,,,,,,,,,,,,,,0.0,,,1,121,1,exact,,,,,,,,1.0583000403130427e-05,200073b60fd20f56ca3c4361fb990512040baabc
dv3-A-poisson-000445,3,A,poisson,445,,,,3:1:0:445,,test,0,322.7318537872259,,,,,,,,,,,,,,,,,,,,0.0,,,1,320,1,exact,,,,,,,,1.3542001397581771e-05,589fa4627951cf992cba66679f0f30770fbb3b48
dv3-A-poisson-000446,3,A,poisson,446,,,,3:1:0:446,,test,0,214.7584991513505,,,,,,,,,,,,,,,,,,,,0.0,,,1,206,1,exact,,,,,,,,1.1791998986154795e-05,ed8c56518c512faeb13c60207c99223328a90090
dv3-A-poisson-000447,3,A,poisson,447,,,,3:1:0:447,,test,0,205.47712238670303,,,,,,,,,,,,,,,,,,,,0.0,,,1,230,1,exact,,,,,,,,1.208300091093406e-05,4efc1e881297f6069ab174a86901fd0adea11596
dv3-A-poisson-000448,3,A,poisson,448,,,,3:1:0:448,,test,0,380.57298725338387,,,,,,,,,,,,,,,,,,,,0.0,,,1,352,1,exact,,,,,,,,1.3958000636193901e-05,02d0a37881a802622844de0247ba7d633480e220
dv3-A-poisson-000449,3,A,poisson,449,,,,3:1:0:449,,test,0,426.61653041695746,,,,,,,,,,,,,,,,,,,,0.0,,,1,420,1,exact,,,,,,,,1.5666002582293004e-05,71eab2cc3fd2ed0a2b11ef87316c55a08930c90e
dv3-A-poisson-000450,3,A,poisson,450,,,,3:1:0:450,,test,0,241.5998924780406,,,,,,,,,,,,,,,,,,,,0.0,,,1,224,1,exact,,,,,,,,1.2624997907551005e-05,9ccf1f9d1193014a4ef3c9a66c5bcfe124a77d05
dv3-A-poisson-000451,3,A,poisson,451,,,,3:1:0:451,,test,0,222.66391740511443,,,,,,,,,,,,,,,,,,,,0.0,,,1,213,1,exact,,,,,,,,1.2041000445606187e-05,7bcf90ef7c34e4138756a0eeb07a21fe3c03d41c
dv3-A-poisson-000452,3,A,poisson,452,,,,3:1:0:452,,test,0,229.10563016074042,,,,,,,,,,,,,,,,,,,,0.0,,,1,209,1,exact,,,,,,,,1.1749998520826921e-05,3eb8b0e43f754dde49e0cef215ba1d87a8247588
dv3-A-poisson-000453,3,A,poisson,453,,,,3:1:0:453,,test,0,121.93606543307823,,,,,,,,,,,,,,,,,,,,0.0,,,1,111,1,exact,,,,,,,,1.1916999937966466e-05,5c066cea00554487b0915f26185124703a966d76
dv3-A-poisson-000454,3,A,poisson,454,,,,3:1:0:454,,test,0,161.9966813696351,,,,,,,,,,,,,,,,,,,,0.0,,,1,160,1,exact,,,,,,,,1.1083000572398305e-05,46ba33ed44f4d6d3f5211c057a076f51a7c8b67d
dv3-A-poisson-000455,3,A,poisson,455,,,,3:1:0:455,,test,0,300.63451473192964,,,,,,,,,,,,,,,,,,,,0.0,,,1,308,1,exact,,,,,,,,1.3332999515114352e-05,8fc7e1bb64c978e748492a0799d36e9684a6cc07
dv3-A-poisson-000456,3,A,poisson,456,,,,3:1:0:456,,test,0,255.32716968371201,,,,,,,,,,,,,,,,,,,,0.0,,,1,274,1,exact,,,,,,,,1.2832999345846474e-05,d1dcc18428f0044a77c1f21d92560cd71dab1cc6
dv3-A-poisson-000457,3,A,poisson,457,,,,3:1:0:457,,test,0,159.1459349727168,,,,,,,,,,,,,,,,,,,,0.0,,,1,163,1,exact,,,,,,,,1.5541998436674476e-05,b3ac4f825916407f1989b1c90c5921a78f2a8cbf
dv3-A-poisson-000458,3,A,poisson,458,,,,3:1:0:458,,test,0,697.346949242308,,,,,,,,,,,,,,,,,,,,0.0,,,1,687,1,exact,,,,,,,,2.74580015684478e-05,178608c4b0a9eeb73f8adcd9338af2cedc3225ea
dv3-A-poisson-000459,3,A,poisson,459,,,,3:1:0:459,,test,0,324.0072593409995,,,,,,,,,,,,,,,,,,,,0.0,,,1,338,1,exact,,,,,,,,1.3584001862909645e-05,c67d4b82178a09e4e3801f2b394abe9c6ebcef63
dv3-A-poisson-000460,3,A,poisson,460,,,,3:1:0:460,,test,0,230.19404250135332,,,,,,,,,,,,,,,,,,,,0.0,,,1,249,1,exact,,,,,,,,1.2749998859362677e-05,013bbf938df73f6fefdd9283a89e8c52e4adbbcb
dv3-A-poisson-000461,3,A,poisson,461,,,,3:1:0:461,,test,0,128.88376186599305,,,,,,,,,,,,,,,,,,,,0.0,,,1,127,1,exact,,,,,,,,1.0750001820269972e-05,63c13612f16e2362a57d795bcc8487b71ed87487
dv3-A-poisson-000462,3,A,poisson,462,,,,3:1:0:462,,test,0,256.3846720709699,,,,,,,,,,,,,,,,,,,,0.0,,,1,263,1,exact,,,,,,,,1.266699837287888e-05,de9f855feaac3efc68d5604c70784e4f7e7538cf
dv3-A-poisson-000463,3,A,poisson,463,,,,3:1:0:463,,test,0,111.41241833285316,,,,,,,,,,,,,,,,,,,,0.0,,,1,127,1,exact,,,,,,,,2.3665998014621437e-05,5422eb592ba3ba7ceae7422479e4e8ccc6f073f3
dv3-A-poisson-000464,3,A,poisson,464,,,,3:1:0:464,,test,0,243.89989491867453,,,,,,,,,,,,,,,,,,,,0.0,,,1,242,1,exact,,,,,,,,1.2333999620750546e-05,80a1b4416da84d32d60ae17ed9c662a97035d998
dv3-A-poisson-000465,3,A,poisson,465,,,,3:1:0:465,,test,0,113.37385821054018,,,,,,,,,,,,,,,,,,,,0.0,,,1,126,1,exact,,,,,,,,7.583299884572625e-05,fa9b7aecf60388975203796128230d94cc92b790
dv3-A-poisson-000466,3,A,poisson,466,,,,3:1:0:466,,test,0,124.85433625859275,,,,,,,,,,,,,,,,,,,,0.0,,,1,122,1,exact,,,,,,,,1.1042000551242381e-05,bfb3d0bcf2f67d8cc8e53cd1b3605a44b8c36dd7
dv3-A-poisson-000467,3,A,poisson,467,,,,3:1:0:467,,test,0,208.28691220455133,,,,,,,,,,,,,,,,,,,,0.0,,,1,205,1,exact,,,,,,,,2.2250002075452358e-05,72c31bbebc862a9872ac646d5d4b71025306a4b1
dv3-A-poisson-000468,3,A,poisson,468,,,,3:1:0:468,,test,0,736.4175084026688,,,,,,,,,,,,,,,,,,,,0.0,,,1,718,1,exact,,,,,,,,1.9167000573361292e-05,a1df345d5985467c812d02fb22a128597a955ecf
dv3-A-poisson-000469,3,A,poisson,469,,,,3:1:0:469,,test,0,212.51798842349717,,,,,,,,,,,,,,,,,,,,0.0,,,1,241,1,exact,,,,,,,,1.2208001862745732e-05,ff798e9207db4914029285f6e7645521fda82d22
dv3-A-poisson-000470,3,A,poisson,470,,,,3:1:0:470,,test,0,116.36946336051066,,,,,,,,,,,,,,,,,,,,0.0,,,1,109,1,exact,,,,,,,,1.0333998943679035e-05,565783e67f7c8ed99e63cecda6bb49682ac5d895
dv3-A-poisson-000471,3,A,poisson,471,,,,3:1:0:471,,test,0,115.58469874640129,,,,,,,,,,,,,,,,,,,,0.0,,,1,100,1,exact,,,,,,,,1.0374998964834958e-05,57d46d9fc0593647b0fbf485033fd16a1d10c11f
dv3-A-poisson-000472,3,A,poisson,472,,,,3:1:0:472,,test,0,716.1269371307275,,,,,,,,,,,,,,,,,,,,0.0,,,1,671,1,exact,,,,,,,,1.7250000382773578e-05,bb5b9bc8bd648a83644f612359379bafbf966648
dv3-A-poisson-000473,3,A,poisson,473,,,,3:1:0:473,,test,0,132.40750200491524,,,,,,,,,,,,,,,,,,,,0.0,,,1,129,1,exact,,,,,,,,1.0583000403130427e-05,8ff419258c7c57cd70a34aab8f9671421e75ebab
dv3-A-poisson-000474,3,A,poisson,474,,,,3:1:0:474,,test,0,116.57197432288808,,,,,,,,,,,,,,,,,,,,0.0,,,1,125,1,exact,,,,,,,,1.2250002328073606e-05,3c8c3a87b37eaab10b80a65aea242778fe6b529c
dv3-A-poisson-000475,3,A,poisson,475,,,,3:1:0:475,,test,0,457.5110161761644,,,,,,,,,,,,,,,,,,,,0.0,,,1,477,1,exact,,,,,,,,1.5249999705702066e-05,ee1fd399ce82f8573119ff338939b57fce4d05f7
dv3-A-poisson-000476,3,A,poisson,476,,,,3:1:0:476,,test,0,235.44074402035662,,,,,,,,,,,,,,,,,,,,0.0,,,1,225,1,exact,,,,,,,,1.1874999472638592e-05,2f0329733be39d80631330352111d6aba6b5dfc4
dv3-A-poisson-000477,3,A,poisson,477,,,,3:1:0:477,,test,0,115.6338104901653,,,,,,,,,,,,,,,,,,,,0.0,,,1,115,1,exact,,,,,,,,6.108300294727087e-05,24f2cbe32e6413ff2cc74bce70a663bd61d6767c
dv3-A-poisson-000478,3,A,poisson,478,,,,3:1:0:478,,test,0,364.4525487415236,,,,,,,,,,,,,,,,,,,,0.0,,,1,367,1,exact,,,,,,,,1.4332999853650108e-05,988fe0cd86d6cce2990b675b0b83cabaf9a93fd6
dv3-A-poisson-000479,3,A,poisson,479,,,,3:1:0:479,,test,0,528.5197744306491,,,,,,,,,,,,,,,,,,,,0.0,,,1,532,1,exact,,,,,,,,2.0916999346809462e-05,a515c67bfefecdf0826e367fb4a813b43143f867
dv3-A-poisson-000480,3,A,poisson,480,,,,3:1:0:480,,test,0,104.32498953345306,,,,,,,,,,,,,,,,,,,,0.0,,,1,101,1,exact,,,,,,,,1.0542000381974503e-05,a284aa86c1b830f25174685ecd3252668b994503
dv3-A-poisson-000481,3,A,poisson,481,,,,3:1:0:481,,test,0,794.1566218860785,,,,,,,,,,,,,,,,,,,,0.0,,,1,747,1,exact,,,,,,,,1.8416998500470072e-05,73cae59fddb38de93f8c6fe45f9db8fc6891964c
dv3-A-poisson-000482,3,A,poisson,482,,,,3:1:0:482,,test,0,270.81033412197127,,,,,,,,,,,,,,,,,,,,0.0,,,1,258,1,exact,,,,,,,,1.383299968438223e-05,e5c1a9efb959aa676c64536a52c29791023f8bd1
dv3-A-poisson-000483,3,A,poisson,483,,,,3:1:0:483,,test,0,397.56636351484474,,,,,,,,,,,,,,,,,,,,0.0,,,1,404,1,exact,,,,,,,,1.4082997950026765e-05,abac28e2fa2d09e697950677906c3ac5dddaf67d
dv3-A-poisson-000484,3,A,poisson,484,,,,3:1:0:484,,test,0,318.1962346016668,,,,,,,,,,,,,,,,,,,,0.0,,,1,329,1,exact,,,,,,,,1.3249999028630555e-05,fdbc1ab6b98539b6ba86a280a3bbcaf5d61f7c9e
dv3-A-poisson-000485,3,A,poisson,485,,,,3:1:0:485,,test,0,150.28825622071687,,,,,,,,,,,,,,,,,,,,0.0,,,1,148,1,exact,,,,,,,,1.1084001016570255e-05,61fe1a64e628ce1e6c71b6ac3aaae32686233451
dv3-A-poisson-000486,3,A,poisson,486,,,,3:1:0:486,,test,0,542.7200790427619,,,,,,,,,,,,,,,,,,,,0.0,,,1,558,1,exact,,,,,,,,7.624999852851033e-05,7db8b03b84a7bb5e14fc3ffa716d10535d61e57b
dv3-A-poisson-000487,3,A,poisson,487,,,,3:1:0:487,,test,0,263.78002627270365,,,,,,,,,,,,,,,,,,,,0.0,,,1,243,1,exact,,,,,,,,2.212499748566188e-05,29517b9daca74125e9edd1e2f472c73584b1d8a3
dv3-A-poisson-000488,3,A,poisson,488,,,,3:1:0:488,,test,0,518.2257766494672,,,,,,,,,,,,,,,,,,,,0.0,,,1,489,1,exact,,,,,,,,1.966600029845722e-05,a93981c3753c475384927df2801009f60fe0af17
dv3-A-poisson-000489,3,A,poisson,489,,,,3:1:0:489,,test,0,202.25836810047534,,,,,,,,,,,,,,,,,,,,0.0,,,1,208,1,exact,,,,,,,,1.2000000424450263e-05,0f001043d7c0e16415626680f33496a91ef84bf1
dv3-A-poisson-000490,3,A,poisson,490,,,,3:1:0:490,,test,0,300.1001928152629,,,,,,,,,,,,,,,,,,,,0.0,,,1,286,1,exact,,,,,,,,1.454199809813872e-05,828256edddbeada4f37a39e566b6c4cf45ebd918
dv3-A-poisson-000491,3,A,poisson,491,,,,3:1:0:491,,test,0,375.9266475862689,,,,,,,,,,,,,,,,,,,,0.0,,,1,367,1,exact,,,,,,,,1.3749999197898433e-05,80b1d418175efc817efd8188fd16d176c231dfa0
dv3-A-poisson-000492,3,A,poisson,492,,,,3:1:0:492,,test,0,146.51644841997643,,,,,,,,,,,,,,,,,,,,0.0,,,1,146,1,exact,,,,,,,,1.0874999134102836e-05,29626d5ecc3d849c1b8943b59f00b2aa9c4499d7
dv3-A-poisson-000493,3,A,poisson,493,,,,3:1:0:493,,test,0,132.57671804439508,,,,,,,,,,,,,,,,,,,,0.0,,,1,139,1,exact,,,,,,,,1.0875002772081643e-05,b8d53c0e9d557a974893cf3c01f6714207c539e7
dv3-A-poisson-000494,3,A,poisson,494,,,,3:1:0:494,,test,0,633.4302016093018,,,,,,,,,,,,,,,,,,,,0.0,,,1,638,1,exact,,,,,,,,1.870900086942129e-05,3a41f98cf41789a3652140777975e17cab61c55c
dv3-A-poisson-000495,3,A,poisson,495,,,,3:1:0:495,,test,0,533.6505175909881,,,,,,,,,,,,,,,,,,,,0.0,,,1,501,1,exact,,,,,,,,1.5125002391869202e-05,cc7700bc3ce45237f8d8a38efb66b9a9d46d5b00
dv3-A-poisson-000496,3,A,poisson,496,,,,3:1:0:496,,test,0,309.19570148857645,,,,,,,,,,,,,,,,,,,,0.0,,,1,336,1,exact,,,,,,,,1.537499701953493e-05,c27d4158d2f7da1aae63d01693a4f1a9cf7cff57
dv3-A-poisson-000497,3,A,poisson,497,,,,3:1:0:497,,test,0,160.4156712585377,,,,,,,,,,,,,,,,,,,,0.0,,,1,159,1,exact,,,,,,,,1.0957999620586634e-05,0c011ef5c83ed62d11493d7c6b73612920a920db
dv3-A-poisson-000498,3,A,poisson,498,,,,3:1:0:498,,test,0,360.96529868465086,,,,,,,,,,,,,,,,,,,,0.0,,,1,344,1,exact,,,,,,,,1.308399805566296e-05,5b88908ff05c084c60f8c427c9322a24f8900029
dv3-A-poisson-000499,3,A,poisson,499,,,,3:1:0:499,,test,0,542.3574097249134,,,,,,,,,,,,,,,,,,,,0.0,,,1,534,1,exact,,,,,,,,1.7415997717762366e-05,78319e4eda0d748b40e803c002d772b9edd0a13f
dv3-A-poisson-000500,3,A,poisson,500,,,,3:1:0:500,,test,1,125.66562245538948,,,,,,,,,,,,,,,,,,,,0.0,,,1,150,1,exact,,,,,,,,0.0006709580011374783,2be60203acdb9f39997a1603d1b8c6579d5cd29b
dv3-A-poisson-000501,3,A,poisson,501,,,,3:1:0:501,,test,1,250.75063271690473,,,,,,,,,,,,,,,,,,,,0.0,,,1,233,1,exact,,,,,,,,4.7792000259505585e-05,c58221aff140f2c0125b69d81f76388d0aa088ea
dv3-A-poisson-000502,3,A,poisson,502,,,,3:1:0:502,,test,1,197.72510760649,,,,,,,,,,,,,,,,,,,,0.0,,,1,225,1,exact,,,,,,,,1.645900192670524e-05,410d5a43c4182558ef591b087f3cb3b4d1a77430
dv3-A-poisson-000503,3,A,poisson,503,,,,3:1:0:503,,test,1,420.2695042216595,,,,,,,,,,,,,,,,,,,,0.0,,,1,430,1,exact,,,,,,,,1.7541999113745987e-05,352210e8959182dfb3f444580adb35f324eb8d2e
dv3-A-poisson-000504,3,A,poisson,504,,,,3:1:0:504,,test,1,248.68884520896705,,,,,,,,,,,,,,,,,,,,0.0,,,1,239,1,exact,,,,,,,,1.4207998901838437e-05,74c28bf1334a506517ea55ee2710851a9f836ac1
dv3-A-poisson-000505,3,A,poisson,505,,,,3:1:0:505,,test,1,394.76317867459244,,,,,,,,,,,,,,,,,,,,0.0,,,1,371,1,exact,,,,,,,,1.683399750618264e-05,521f3b8244c603e6d6d9b64f3cc50d8735f0285b
dv3-A-poisson-000506,3,A,poisson,506,,,,3:1:0:506,,test,1,451.90614074497023,,,,,,,,,,,,,,,,,,,,0.0,,,1,441,1,exact,,,,,,,,4.437499956111424e-05,fd7df9abcbdd9b4883d64e637729c0904bed41a8
dv3-A-poisson-000507,3,A,poisson,507,,,,3:1:0:507,,test,1,197.53085200102853,,,,,,,,,,,,,,,,,,,,0.0,,,1,226,1,exact,,,,,,,,1.312500171479769e-05,87d3ddf756d5dfca2943b8581bc2d6986e313669
dv3-A-poisson-000508,3,A,poisson,508,,,,3:1:0:508,,test,1,596.8905260122234,,,,,,,,,,,,,,,,,,,,0.0,,,1,560,1,exact,,,,,,,,1.7124999430961907e-05,a1dcc3d1f2ecb7a11e84da615bef4a6cc35e8646
dv3-A-poisson-000509,3,A,poisson,509,,,,3:1:0:509,,test,1,124.89389381700224,,,,,,,,,,,,,,,,,,,,0.0,,,1,132,1,exact,,,,,,,,1.1790998541982844e-05,c3ad501e9a8cdf82fb74c4c1a6b5b7375e19afdf
dv3-A-poisson-000510,3,A,poisson,510,,,,3:1:0:510,,test,1,294.16760894309425,,,,,,,,,,,,,,,,,,,,0.0,,,1,311,1,exact,,,,,,,,1.3749999197898433e-05,9426843d85a62aeb2f3ac7bb3945a58014c240ca
dv3-A-poisson-000511,3,A,poisson,511,,,,3:1:0:511,,test,1,780.5167242504812,,,,,,,,,,,,,,,,,,,,0.0,,,1,767,1,exact,,,,,,,,2.6749999960884452e-05,2394c206ca9cc1009b17de2c1b2d347e001d6674
dv3-A-poisson-000512,3,A,poisson,512,,,,3:1:0:512,,test,1,300.78009655309086,,,,,,,,,,,,,,,,,,,,0.0,,,1,293,1,exact,,,,,,,,1.3207998563302681e-05,5e589c35a92046a7ed256e6766deb666d45dbacd
dv3-A-poisson-000513,3,A,poisson,513,,,,3:1:0:513,,test,1,387.62851695327277,,,,,,,,,,,,,,,,,,,,0.0,,,1,384,1,exact,,,,,,,,1.4083998394198716e-05,8e2acb21b9a98426bff3a6f61f7b3f3ba431c90d
dv3-A-poisson-000514,3,A,poisson,514,,,,3:1:0:514,,test,1,513.9490068239809,,,,,,,,,,,,,,,,,,,,0.0,,,1,506,1,exact,,,,,,,,2.0125000446569175e-05,133404ce9025d800d0ebcb6bb2ec7e22b4dfd689
dv3-A-poisson-000515,3,A,poisson,515,,,,3:1:0:515,,test,1,474.19416002860146,,,,,,,,,,,,,,,,,,,,0.0,,,1,475,1,exact,,,,,,,,1.5250003343680874e-05,e10edecbebc9ac01bb58b455edabfb0e40a51828
dv3-A-poisson-000516,3,A,poisson,516,,,,3:1:0:516,,test,1,548.6348040377604,,,,,,,,,,,,,,,,,,,,0.0,,,1,536,1,exact,,,,,,,,1.6292000509565696e-05,92b02f99999ee4a90c33a922fa32b2f028863ec8
dv3-A-poisson-000517,3,A,poisson,517,,,,3:1:0:517,,test,1,246.74073609657233,,,,,,,,,,,,,,,,,,,,0.0,,,1,246,1,exact,,,,,,,,1.2791002518497407e-05,7e23ab91c491dee7e1f7ab9ef3ac41540076ec22
dv3-A-poisson-000518,3,A,poisson,518,,,,3:1:0:518,,test,1,608.4019690917871,,,,,,,,,,,,,,,,,,,,0.0,,,1,584,1,exact,,,,,,,,2.029100141953677e-05,9277b36cd6645adb760915a753cfa18f9dba16bf
dv3-A-poisson-000519,3,A,poisson,519,,,,3:1:0:519,,test,1,170.03509323735858,,,,,,,,,,,,,,,,,,,,0.0,,,1,167,1,exact,,,,,,,,1.1541000276338309e-05,81ab1a9601922090d434bb41164503b5f18fee5b
dv3-A-poisson-000520,3,A,poisson,520,,,,3:1:0:520,,test,1,337.4845837552341,,,,,,,,,,,,,,,,,,,,0.0,,,1,309,1,exact,,,,,,,,1.3207998563302681e-05,fb1c05cc02aabfcad3e478c5dbe4f8adff5b3ff8
dv3-A-poisson-000521,3,A,poisson,521,,,,3:1:0:521,,test,1,580.3680066721762,,,,,,,,,,,,,,,,,,,,0.0,,,1,562,1,exact,,,,,,,,1.5875000826781616e-05,aa6e8cdf5b62da321963168661759d1b641c2c19
dv3-A-poisson-000522,3,A,poisson,522,,,,3:1:0:522,,test,1,669.4286485440786,,,,,,,,,,,,,,,,,,,,0.0,,,1,676,1,exact,,,,,,,,2.0791001588804647e-05,a5ab2c6d9d76b8295c7bbc62ebdd7c7c39190e66
dv3-A-poisson-000523,3,A,poisson,523,,,,3:1:0:523,,test,1,629.3021289575277,,,,,,,,,,,,,,,,,,,,0.0,,,1,621,1,exact,,,,,,,,2.2625001292908564e-05,7129ab35cdc0c3e1125e7fe89e01ebc2a88f3fdb
dv3-A-poisson-000524,3,A,poisson,524,,,,3:1:0:524,,test,1,101.96466226584369,,,,,,,,,,,,,,,,,,,,0.0,,,1,98,1,exact,,,,,,,,1.0583000403130427e-05,de393f6b24c21991cf79808e5dc316fd1bc3e1c6
dv3-A-poisson-000525,3,A,poisson,525,,,,3:1:0:525,,test,1,603.6754586950541,,,,,,,,,,,,,,,,,,,,0.0,,,1,601,1,exact,,,,,,,,1.645800148253329e-05,3d64e1930d18ca385277f91754a1b8d042537f10
dv3-A-poisson-000526,3,A,poisson,526,,,,3:1:0:526,,test,1,290.01636370165033,,,,,,,,,,,,,,,,,,,,0.0,,,1,290,1,exact,,,,,,,,1.7750000552041456e-05,8d34f9578857555d7e68aad01558850ea6238f07
dv3-A-poisson-000527,3,A,poisson,527,,,,3:1:0:527,,test,1,199.39615246837593,,,,,,,,,,,,,,,,,,,,0.0,,,1,213,1,exact,,,,,,,,1.3374999980442226e-05,96c7e3e890d321dd9ba3c17adaf5047caafc080b
dv3-A-poisson-000528,3,A,poisson,528,,,,3:1:0:528,,test,1,433.32732836536064,,,,,,,,,,,,,,,,,,,,0.0,,,1,445,1,exact,,,,,,,,1.6250000044237822e-05,c6fa17af65ac71be59d520071d841a8c678fb9a1
dv3-A-poisson-000529,3,A,poisson,529,,,,3:1:0:529,,test,1,785.920193051443,,,,,,,,,,,,,,,,,,,,0.0,,,1,823,1,exact,,,,,,,,2.1249998098937795e-05,87a32aaea349eabfb6686c8aead3b870314d6644
dv3-A-poisson-000530,3,A,poisson,530,,,,3:1:0:530,,test,1,576.2296858134551,,,,,,,,,,,,,,,,,,,,0.0,,,1,593,1,exact,,,,,,,,1.8583999917609617e-05,7e3f366600f28fd68f62c9e3c167d067299248f9
dv3-A-poisson-000531,3,A,poisson,531,,,,3:1:0:531,,test,1,544.6356611666434,,,,,,,,,,,,,,,,,,,,0.0,,,1,500,1,exact,,,,,,,,1.6916001186473295e-05,cc5200c4cd998cb0fe7dd2fe151864dbc12168d3
dv3-A-poisson-000532,3,A,poisson,532,,,,3:1:0:532,,test,1,107.97688172269146,,,,,,,,,,,,,,,,,,,,0.0,,,1,106,1,exact,,,,,,,,1.1457999789854512e-05,d5fc33bf7d3cb1fd7781113976acb99b39db2961
dv3-A-poisson-000533,3,A,poisson,533,,,,3:1:0:533,,test,1,389.3555285780383,,,,,,,,,,,,,,,,,,,,0.0,,,1,426,1,exact,,,,,,,,1.5875000826781616e-05,963b706026f274c5fd11cadf98150cf8efa4da8c
dv3-A-poisson-000534,3,A,poisson,534,,,,3:1:0:534,,test,1,303.1137320563381,,,,,,,,,,,,,,,,,,,,0.0,,,1,305,1,exact,,,,,,,,1.4082997950026765e-05,b1aa715c87b505d2a780d5cd9982a4e73cec9102
dv3-A-poisson-000535,3,A,poisson,535,,,,3:1:0:535,,test,1,600.0495003448136,,,,,,,,,,,,,,,,,,,,0.0,,,1,586,1,exact,,,,,,,,1.80000024556648e-05,0d71043bb8947f02c15ecd309fbbc571f56042db
dv3-A-poisson-000536,3,A,poisson,536,,,,3:1:0:536,,test,1,333.1282713441533,,,,,,,,,,,,,,,,,,,,0.0,,,1,317,1,exact,,,,,,,,1.4375000318977982e-05,1a85cc1f8575fea4251453703d2d25a065a655a0
dv3-A-poisson-000537,3,A,poisson,537,,,,3:1:0:537,,test,1,146.45128829091982,,,,,,,,,,,,,,,,,,,,0.0,,,1,135,1,exact,,,,,,,,1.2082997272955254e-05,8fe0bb54794ba797bf726926adf1f698a672941d
dv3-A-poisson-000538,3,A,poisson,538,,,,3:1:0:538,,test,1,772.7043644594588,,,,,,,,,,,,,,,,,,,,0.0,,,1,806,1,exact,,,,,,,,2.0458002836676314e-05,67194ba5385fc6c0904b78464248cbad5c4bd84d
dv3-A-poisson-000539,3,A,poisson,539,,,,3:1:0:539,,test,1,235.43449330647067,,,,,,,,,,,,,,,,,,,,0.0,,,1,220,1,exact,,,,,,,,1.34170004457701e-05,f10de20ed820f1e2d240ed71b2c958832c1ea963
dv3-A-poisson-000540,3,A,poisson,540,,,,3:1:0:540,,test,1,702.4481342782517,,,,,,,,,,,,,,,,,,,,0.0,,,1,708,1,exact,,,,,,,,1.9833001715596765e-05,a195fc46653b7860b08ddaa604698d6fa7ca38d8
dv3-A-poisson-000541,3,A,poisson,541,,,,3:1:0:541,,test,1,157.58462538521633,,,,,,,,,,,,,,,,,,,,0.0,,,1,172,1,exact,,,,,,,,1.2415999663062394e-05,a2a0c3116e20d66e58f40d9b6485f3f02d10dd19
dv3-A-poisson-000542,3,A,poisson,542,,,,3:1:0:542,,test,1,154.00209134198138,,,,,,,,,,,,,,,,,,,,0.0,,,1,162,1,exact,,,,,,,,1.2042000889778137e-05,521f106aac9923c0ce70d377ca6b97103a42e81b
dv3-A-poisson-000543,3,A,poisson,543,,,,3:1:0:543,,test,1,278.4566022534214,,,,,,,,,,,,,,,,,,,,0.0,,,1,271,1,exact,,,,,,,,1.3708999176742509e-05,a8737cd83d61e274e80b4ee0ad5ca9f8cce87b75
dv3-A-poisson-000544,3,A,poisson,544,,,,3:1:0:544,,test,1,135.5260681893537,,,,,,,,,,,,,,,,,,,,0.0,,,1,130,1,exact,,,,,,,,1.904099917737767e-05,6e838fc01dc899afe7297772e1301d3dd1c6f76a
dv3-A-poisson-000545,3,A,poisson,545,,,,3:1:0:545,,test,1,199.0796955956836,,,,,,,,,,,,,,,,,,,,0.0,,,1,192,1,exact,,,,,,,,1.375000283587724e-05,8d0ae6a6ad8e7f3e6df47c9c667e76bb09691b58
dv3-A-poisson-000546,3,A,poisson,546,,,,3:1:0:546,,test,1,348.0965209560414,,,,,,,,,,,,,,,,,,,,0.0,,,1,350,1,exact,,,,,,,,1.5083998732734472e-05,b445623011966fec2d332a791078f71d2aeefe4d
dv3-A-poisson-000547,3,A,poisson,547,,,,3:1:0:547,,test,1,241.03279514787607,,,,,,,,,,,,,,,,,,,,0.0,,,1,246,1,exact,,,,,,,,1.34170004457701e-05,50c962d9570c4ab5372aaf3abb8d5045b9ac18cd
dv3-A-poisson-000548,3,A,poisson,548,,,,3:1:0:548,,test,1,106.15667889447673,,,,,,,,,,,,,,,,,,,,0.0,,,1,103,1,exact,,,,,,,,1.1290998372714967e-05,e0520b550a01db6ed9c87c64a0fd86e5493c600d
dv3-A-poisson-000549,3,A,poisson,549,,,,3:1:0:549,,test,1,698.7097526869285,,,,,,,,,,,,,,,,,,,,0.0,,,1,672,1,exact,,,,,,,,1.9208000594517216e-05,784b9bf160d314206cedd791af2a210331ea7246
dv3-A-poisson-000550,3,A,poisson,550,,,,3:1:0:550,,test,1,597.5915917492539,,,,,,,,,,,,,,,,,,,,0.0,,,1,560,1,exact,,,,,,,,1.7541002307552844e-05,1c7f6719260e1bf1e494bf5fa5ac53882b8e9288
dv3-A-poisson-000551,3,A,poisson,551,,,,3:1:0:551,,test,1,195.32275784044998,,,,,,,,,,,,,,,,,,,,0.0,,,1,204,1,exact,,,,,,,,1.2750002497341484e-05,47a1a4286c3ecf36c882f7c742bea478fd459136
dv3-A-poisson-000552,3,A,poisson,552,,,,3:1:0:552,,test,1,100.79077716159586,,,,,,,,,,,,,,,,,,,,0.0,,,1,100,1,exact,,,,,,,,1.2000000424450263e-05,178d60f91de8ba0673ea06f98221aa8d9ba6e1de
dv3-A-poisson-000553,3,A,poisson,553,,,,3:1:0:553,,test,1,776.484804201033,,,,,,,,,,,,,,,,,,,,0.0,,,1,783,1,exact,,,,,,,,2.129199856426567e-05,f0d705b1874c4e42487d9af1c1fc4b6a6c0e3b46
dv3-A-poisson-000554,3,A,poisson,554,,,,3:1:0:554,,test,1,256.2728896978569,,,,,,,,,,,,,,,,,,,,0.0,,,1,266,1,exact,,,,,,,,1.3500000932253897e-05,60eaf6e92617138d02457ca6bf885fa1b94e047f
dv3-A-poisson-000555,3,A,poisson,555,,,,3:1:0:555,,test,1,366.0105018586714,,,,,,,,,,,,,,,,,,,,0.0,,,1,372,1,exact,,,,,,,,1.487500048824586e-05,1f9a4298bb49b7ad481bc5a693f70069da4b55b3
dv3-A-poisson-000556,3,A,poisson,556,,,,3:1:0:556,,test,1,494.1273839741448,,,,,,,,,,,,,,,,,,,,0.0,,,1,511,1,exact,,,,,,,,1.687500116531737e-05,47d0293b6274aec53ade6df07086a97dfbd701f6
dv3-A-poisson-000557,3,A,poisson,557,,,,3:1:0:557,,test,1,263.70197387404227,,,,,,,,,,,,,,,,,,,,0.0,,,1,257,1,exact,,,,,,,,1.3333999959286302e-05,5ca3d561411e2b148e6b52747fe6b1a1b3772580
dv3-A-poisson-000558,3,A,poisson,558,,,,3:1:0:558,,test,1,121.71836420120084,,,,,,,,,,,,,,,,,,,,0.0,,,1,127,1,exact,,,,,,,,1.1291998816886917e-05,20fe605a1128a676858e531c7f3eda311c3bba70
dv3-A-poisson-000559,3,A,poisson,559,,,,3:1:0:559,,test,1,296.05357869326616,,,,,,,,,,,,,,,,,,,,0.0,,,1,274,1,exact,,,,,,,,1.3500000932253897e-05,983d26c4c4f5c7b72deab3c61cd7f8072d28e8d4
dv3-A-poisson-000560,3,A,poisson,560,,,,3:1:0:560,,test,1,516.8550837747938,,,,,,,,,,,,,,,,,,,,0.0,,,1,537,1,exact,,,,,,,,1.7042002582456917e-05,09483ca3dc7a7e72e258570d238a07eb580b67b3
dv3-A-poisson-000561,3,A,poisson,561,,,,3:1:0:561,,test,1,135.10456434431947,,,,,,,,,,,,,,,,,,,,0.0,,,1,114,1,exact,,,,,,,,1.1582997103687376e-05,5ad5460ef911072fa715d319bf57964b475d0f58
dv3-A-poisson-000562,3,A,poisson,562,,,,3:1:0:562,,test,1,237.16500297817933,,,,,,,,,,,,,,,,,,,,0.0,,,1,253,1,exact,,,,,,,,1.3290999049786478e-05,a3abfc9a904cc9371067abdeccf7122d4dbab83f
dv3-A-poisson-000563,3,A,poisson,563,,,,3:1:0:563,,test,1,615.7199530081936,,,,,,,,,,,,,,,,,,,,0.0,,,1,556,1,exact,,,,,,,,1.716699989628978e-05,513f7ba3aa187645578f6d3c930f86bfaba71d4a
dv3-A-poisson-000564,3,A,poisson,564,,,,3:1:0:564,,test,1,148.75464458905137,,,,,,,,,,,,,,,,,,,,0.0,,,1,140,1,exact,,,,,,,,1.1374999303370714e-05,3f3aa34140203112f1c1e575361625c4f67947c5
dv3-A-poisson-000565,3,A,poisson,565,,,,3:1:0:565,,test,1,361.72490900131,,,,,,,,,,,,,,,,,,,,0.0,,,1,397,1,exact,,,,,,,,1.5332996554207057e-05,f49a4a304be4e70099d200d54a7308b0904c2212
dv3-A-poisson-000566,3,A,poisson,566,,,,3:1:0:566,,test,1,704.6761544694016,,,,,,,,,,,,,,,,,,,,0.0,,,1,721,1,exact,,,,,,,,2.0625000615837052e-05,470575366b64192eb9d59e2533fb14e5357ea5e0
dv3-A-poisson-000567,3,A,poisson,567,,,,3:1:0:567,,test,1,758.1770172260368,,,,,,,,,,,,,,,,,,,,0.0,,,1,764,1,exact,,,,,,,,2.058300015050918e-05,0339ae8572fed498d3b97e2f0a5e8adc5e94b9e1
dv3-A-poisson-000568,3,A,poisson,568,,,,3:1:0:568,,test,1,239.28918366341105,,,,,,,,,,,,,,,,,,,,0.0,,,1,245,1,exact,,,,,,,,1.3167002180125564e-05,5fefa5377ebc8873136649c6c501d8b00af46cd3
dv3-A-poisson-000569,3,A,poisson,569,,,,3:1:0:569,,test,1,218.24721719496893,,,,,,,,,,,,,,,,,,,,0.0,,,1,215,1,exact,,,,,,,,1.2707998394034803e-05,be6d575845a09b7525738d8f56c8bab601cc76d7
dv3-A-poisson-000570,3,A,poisson,570,,,,3:1:0:570,,test,1,114.37240700016926,,,,,,,,,,,,,,,,,,,,0.0,,,1,90,1,exact,,,,,,,,1.1125001037726179e-05,7f270b0b9434d47dfa1bdaf375fd8dafa1b4d4ae
dv3-A-poisson-000571,3,A,poisson,571,,,,3:1:0:571,,test,1,292.27184593781647,,,,,,,,,,,,,,,,,,,,0.0,,,1,280,1,exact,,,,,,,,1.3500000932253897e-05,5793ad57ccc0cfa1a676e5031991e1a075fe60ba
dv3-A-poisson-000572,3,A,poisson,572,,,,3:1:0:572,,test,1,197.52077769716473,,,,,,,,,,,,,,,,,,,,0.0,,,1,200,1,exact,,,,,,,,1.9292001525172964e-05,1efb2d9c77958c79257f42cb1868a472250a24d9
dv3-A-poisson-000573,3,A,poisson,573,,,,3:1:0:573,,test,1,551.8293503128139,,,,,,,,,,,,,,,,,,,,0.0,,,1,549,1,exact,,,,,,,,1.766599962138571e-05,f5b0dfe017d607459b54712c3853ab8bb745c559
dv3-A-poisson-000574,3,A,poisson,574,,,,3:1:0:574,,test,1,548.4891895422802,,,,,,,,,,,,,,,,,,,,0.0,,,1,543,1,exact,,,,,,,,1.716599945211783e-05,47ab85d70a77840291f7c2e05ff2d829a2cd8ec1
dv3-A-poisson-000575,3,A,poisson,575,,,,3:1:0:575,,test,1,202.65494024505227,,,,,,,,,,,,,,,,,,,,0.0,,,1,193,1,exact,,,,,,,,1.2584001524373889e-05,76dbad2d6ece990269fe1143a688d53011933ae5
dv3-A-poisson-000576,3,A,poisson,576,,,,3:1:0:576,,test,1,517.2470623855764,,,,,,,,,,,,,,,,,,,,0.0,,,1,519,1,exact,,,,,,,,1.6666999727021903e-05,f1dcce5307639f9fb2c30cb600af9b4fc987297c
dv3-A-poisson-000577,3,A,poisson,577,,,,3:1:0:577,,test,1,102.09264467756252,,,,,,,,,,,,,,,,,,,,0.0,,,1,106,1,exact,,,,,,,,1.1666998034343123e-05,77ca621d02b20336d4d4c20051654e37314e5d06
dv3-A-poisson-000578,3,A,poisson,578,,,,3:1:0:578,,test,1,441.9568011187947,,,,,,,,,,,,,,,,,,,,0.0,,,1,472,1,exact,,,,,,,,1.6375000996049494e-05,d3002a85252b0a458c1f79f3d66d05cb2f31873b
dv3-A-poisson-000579,3,A,poisson,579,,,,3:1:0:579,,test,1,260.67298633569743,,,,,,,,,,,,,,,,,,,,0.0,,,1,257,1,exact,,,,,,,,1.3500000932253897e-05,502aa5ad65a43169e8a56870793c39d8bc1ca788
dv3-A-poisson-000580,3,A,poisson,580,,,,3:1:0:580,,test,1,600.0667313406504,,,,,,,,,,,,,,,,,,,,0.0,,,1,632,1,exact,,,,,,,,1.8165999790653586e-05,addcf44dcc1bdf314c02ca7d1e7b05b289b5169f
dv3-A-poisson-000581,3,A,poisson,581,,,,3:1:0:581,,test,1,154.27748367537959,,,,,,,,,,,,,,,,,,,,0.0,,,1,140,1,exact,,,,,,,,1.1582997103687376e-05,4b61dc76dcbbaa0351c96a327840f9bd12dd3a4b
dv3-A-poisson-000582,3,A,poisson,582,,,,3:1:0:582,,test,1,566.3387374728767,,,,,,,,,,,,,,,,,,,,0.0,,,1,548,1,exact,,,,,,,,1.8667000404093415e-05,25fa571f22888361d178b48a32e50711b82fd8e0
dv3-A-poisson-000583,3,A,poisson,583,,,,3:1:0:583,,test,1,125.65544119176057,,,,,,,,,,,,,,,,,,,,0.0,,,1,134,1,exact,,,,,,,,1.1666998034343123e-05,b4215bd717eaa46ecfb5857a1c0af5051ce51b73
dv3-A-poisson-000584,3,A,poisson,584,,,,3:1:0:584,,test,1,144.7721316521529,,,,,,,,,,,,,,,,,,,,0.0,,,1,153,1,exact,,,,,,,,1.1582997103687376e-05,64ae597e39ae2e887f587411d081f72f444d329a
dv3-A-poisson-000585,3,A,poisson,585,,,,3:1:0:585,,test,1,425.9144430131395,,,,,,,,,,,,,,,,,,,,0.0,,,1,469,1,exact,,,,,,,,2.5332999939564615e-05,167706886bcd41c977cf16f94d24175c5a647317
dv3-A-poisson-000586,3,A,poisson,586,,,,3:1:0:586,,test,1,203.19489639663834,,,,,,,,,,,,,,,,,,,,0.0,,,1,207,1,exact,,,,,,,,1.2583001080201939e-05,fe95ab1ec58d7696d8b8d509f7e9fc9c16cb8c29
dv3-A-poisson-000587,3,A,poisson,587,,,,3:1:0:587,,test,1,147.18705542638563,,,,,,,,,,,,,,,,,,,,0.0,,,1,150,1,exact,,,,,,,,1.2042000889778137e-05,d144616fc9a0b078b443db2a5d8a7f894a629336
dv3-A-poisson-000588,3,A,poisson,588,,,,3:1:0:588,,test,1,515.3455430641444,,,,,,,,,,,,,,,,,,,,0.0,,,1,539,1,exact,,,,,,,,2.183299875468947e-05,eb5347aef2f4cba54df9aa9b44a0b6691325402d
dv3-A-poisson-000589,3,A,poisson,589,,,,3:1:0:589,,test,1,328.0972399927163,,,,,,,,,,,,,,,,,,,,0.0,,,1,310,1,exact,,,,,,,,1.424999936716631e-05,bc7fcbca85506eac8f60994a3ac75a0dbeb66ac9
dv3-A-poisson-000590,3,A,poisson,590,,,,3:1:0:590,,test,1,252.99442840270137,,,,,,,,,,,,,,,,,,,,0.0,,,1,230,1,exact,,,,,,,,1.308399805566296e-05,46d1e7b0e9104f9b7b8c9f39843280097a221b71
dv3-A-poisson-000591,3,A,poisson,591,,,,3:1:0:591,,test,1,732.6831814312814,,,,,,,,,,,,,,,,,,,,0.0,,,1,730,1,exact,,,,,,,,1.9291997887194157e-05,dec0f2bc5462af042548cad336a74f60a527dae7
dv3-A-poisson-000592,3,A,poisson,592,,,,3:1:0:592,,test,1,481.10119114822794,,,,,,,,,,,,,,,,,,,,0.0,,,1,457,1,exact,,,,,,,,2.3332999262493104e-05,13ffd2869380b4f16934bc48e7b7303f2ab63194
dv3-A-poisson-000593,3,A,poisson,593,,,,3:1:0:593,,test,1,114.86842069866812,,,,,,,,,,,,,,,,,,,,0.0,,,1,135,1,exact,,,,,,,,1.195799995912239e-05,4297f8f38fe9db129c6ebf57fb95c46a37523658
dv3-A-poisson-000594,3,A,poisson,594,,,,3:1:0:594,,test,1,715.8998117641555,,,,,,,,,,,,,,,,,,,,0.0,,,1,732,1,exact,,,,,,,,1.9916002202080563e-05,7cc0c1b2bb384fcba1da7a6d5f176fa567b783ec
dv3-A-poisson-000595,3,A,poisson,595,,,,3:1:0:595,,test,1,318.81446104272595,,,,,,,,,,,,,,,,,,,,0.0,,,1,333,1,exact,,,,,,,,1.8667000404093415e-05,15c0e6d21f510bfff081232078a72b1e49bd96b5
dv3-A-poisson-000596,3,A,poisson,596,,,,3:1:0:596,,test,1,237.70011700948217,,,,,,,,,,,,,,,,,,,,0.0,,,1,236,1,exact,,,,,,,,1.3332999515114352e-05,cb58dff573326e63998847d5a1314d66b935f7e5
dv3-A-poisson-000597,3,A,poisson,597,,,,3:1:0:597,,test,1,616.4081401814506,,,,,,,,,,,,,,,,,,,,0.0,,,1,608,1,exact,,,,,,,,1.82919975486584e-05,8747252b7884bf549eb7ec6357edea2d3360b45b
dv3-A-poisson-000598,3,A,poisson,598,,,,3:1:0:598,,test,1,219.3729054789171,,,,,,,,,,,,,,,,,,,,0.0,,,1,224,1,exact,,,,,,,,1.2708998838206753e-05,dac1801195678bd91695f91e64820aa0429e849a
dv3-A-poisson-000599,3,A,poisson,599,,,,3:1:0:599,,test,1,535.1955502368028,,,,,,,,,,,,,,,,,,,,0.0,,,1,534,1,exact,,,,,,,,1.7333000869257376e-05,edbc0d08e8e99489c0261620e1c5a791264ac965
dv3-A-poisson-000600,3,A,poisson,600,,,,3:1:0:600,,test,1,330.86065169723634,,,,,,,,,,,,,,,,,,,,0.0,,,1,313,1,exact,,,,,,,,2.3958000383572653e-05,4e6fe77fee2708d748152b85a862834c9ecb7eab
dv3-A-poisson-000601,3,A,poisson,601,,,,3:1:0:601,,test,1,344.1727006535145,,,,,,,,,,,,,,,,,,,,0.0,,,1,341,1,exact,,,,,,,,1.6166002751560882e-05,44b8999400083cf92bf80b77c491e8955cb53c0b
dv3-A-poisson-000602,3,A,poisson,602,,,,3:1:0:602,,test,1,172.84788561598901,,,,,,,,,,,,,,,,,,,,0.0,,,1,165,1,exact,,,,,,,,1.2207998224766925e-05,92a6b3693f08e41c420b8256993559e4192680c7
dv3-A-poisson-000603,3,A,poisson,603,,,,3:1:0:603,,test,1,552.3920452387108,,,,,,,,,,,,,,,,,,,,0.0,,,1,549,1,exact,,,,,,,,1.7750000552041456e-05,34d81cc5b9a644161040dc23ad1cfb7728808246
dv3-A-poisson-000604,3,A,poisson,604,,,,3:1:0:604,,test,1,738.576839208235,,,,,,,,,,,,,,,,,,,,0.0,,,1,751,1,exact,,,,,,,,2.049999966402538e-05,ea1f2a7ed0e4bf384c77dacddf6060f0b95a8a31
dv3-A-poisson-000605,3,A,poisson,605,,,,3:1:0:605,,test,1,102.37903619866186,,,,,,,,,,,,,,,,,,,,0.0,,,1,107,1,exact,,,,,,,,1.1291998816886917e-05,99866a05d70d7c3fa399c60c16d3fa17b38c660d
dv3-A-poisson-000606,3,A,poisson,606,,,,3:1:0:606,,test,1,107.38641375956261,,,,,,,,,,,,,,,,,,,,0.0,,,1,112,1,exact,,,,,,,,1.1750002158805728e-05,96057220c67b5722cabbc70e926847050c0ba9b8
dv3-A-poisson-000607,3,A,poisson,607,,,,3:1:0:607,,test,1,357.40147846411355,,,,,,,,,,,,,,,,,,,,0.0,,,1,380,1,exact,,,,,,,,1.5208999684546143e-05,7ca5106429cad5b4aef2122ec6a1ae61b043fc8f
dv3-A-poisson-000608,3,A,poisson,608,,,,3:1:0:608,,test,1,695.937698433013,,,,,,,,,,,,,,,,,,,,0.0,,,1,706,1,exact,,,,,,,,2.083300205413252e-05,677bee221240889a633d4b91ca73f8af02e1d159
dv3-A-poisson-000609,3,A,poisson,609,,,,3:1:0:609,,test,1,786.8157264754246,,,,,,,,,,,,,,,,,,,,0.0,,,1,821,1,exact,,,,,,,,2.2542000806424767e-05,e9588b1161731deb87d1aafb618ddb516cd5e48c
dv3-A-poisson-000610,3,A,poisson,610,,,,3:1:0:610,,test,1,676.4311057523556,,,,,,,,,,,,,,,,,,,,0.0,,,1,662,1,exact,,,,,,,,1.9167000573361292e-05,6a52aa73cf868d94b12319692971fd7e7d448351
dv3-A-poisson-000611,3,A,poisson,611,,,,3:1:0:611,,test,1,325.00483580914334,,,,,,,,,,,,,,,,,,,,0.0,,,1,341,1,exact,,,,,,,,1.4625002222601324e-05,185ae14cc34d2320cbbabca04d57ae8f8d4e8d53
dv3-A-poisson-000612,3,A,poisson,612,,,,3:1:0:612,,test,1,198.89867907437812,,,,,,,,,,,,,,,,,,,,0.0,,,1,202,1,exact,,,,,,,,1.2583001080201939e-05,255414ad27c2b971c4676b318612aa88b50d8783
dv3-A-poisson-000613,3,A,poisson,613,,,,3:1:0:613,,test,1,169.25687751221122,,,,,,,,,,,,,,,,,,,,0.0,,,1,178,1,exact,,,,,,,,1.2417000107234344e-05,f33344537bfe2df837e4ae42ee0dee7479517a84
dv3-A-poisson-000614,3,A,poisson,614,,,,3:1:0:614,,test,1,469.31863320905967,,,,,,,,,,,,,,,,,,,,0.0,,,1,449,1,exact,,,,,,,,1.6125002730404958e-05,6d908b78137bbbcd1b6e67b6e1db52588e585258
dv3-A-poisson-000615,3,A,poisson,615,,,,3:1:0:615,,test,1,300.046441912198,,,,,,,,,,,,,,,,,,,,0.0,,,1,298,1,exact,,,,,,,,1.3791999663226306e-05,35e1816bae90c5abb6d7ee0c2c5397f903d5b78c
dv3-A-poisson-000616,3,A,poisson,616,,,,3:1:0:616,,test,1,644.4845534967126,,,,,,,,,,,,,,,,,,,,0.0,,,1,652,1,exact,,,,,,,,1.8791000911733136e-05,b92b4fc50a79083b719e3f00efbd1a5cd3d949bd
dv3-A-poisson-000617,3,A,poisson,617,,,,3:1:0:617,,test,1,278.13483066170653,,,,,,,,,,,,,,,,,,,,0.0,,,1,257,1,exact,,,,,,,,9.374999717692845e-05,9a5c400bb7477ca3f3aeeaa1e4778a9705c1a737
dv3-A-poisson-000618,3,A,poisson,618,,,,3:1:0:618,,test,1,122.13831425343488,,,,,,,,,,,,,,,,,,,,0.0,,,1,134,1,exact,,,,,,,,3.1667001167079434e-05,52372105008acd0dc2c27b82a61f244fdeac976e
dv3-A-poisson-000619,3,A,poisson,619,,,,3:1:0:619,,test,1,415.64691602292453,,,,,,,,,,,,,,,,,,,,0.0,,,1,422,1,exact,,,,,,,,2.162500095437281e-05,edf2bd320aaca450f779caf88d8277ce55fb0a0b
dv3-A-poisson-000620,3,A,poisson,620,,,,3:1:0:620,,test,1,346.22594112481727,,,,,,,,,,,,,,,,,,,,0.0,,,1,388,1,exact,,,,,,,,1.8041999283013865e-05,f20a4702bae2f4dcc24de6b56ed05c267d1891b6
dv3-A-poisson-000621,3,A,poisson,621,,,,3:1:0:621,,test,1,278.10987342371044,,,,,,,,,,,,,,,,,,,,0.0,,,1,234,1,exact,,,,,,,,1.4917000953573734e-05,13cd764d78f8650f199cafaba604470f77c9db63
dv3-A-poisson-000622,3,A,poisson,622,,,,3:1:0:622,,test,1,163.18673718892566,,,,,,,,,,,,,,,,,,,,0.0,,,1,163,1,exact,,,,,,,,1.3249999028630555e-05,4f7099c57961b5aa1ef847063178230e44779cb4
dv3-A-poisson-000623,3,A,poisson,623,,,,3:1:0:623,,test,1,470.7617455890381,,,,,,,,,,,,,,,,,,,,0.0,,,1,463,1,exact,,,,,,,,1.716699989628978e-05,d3725156dfa8d397a3d2b3e1f9dff90b1e79ccb2
dv3-A-poisson-000624,3,A,poisson,624,,,,3:1:0:624,,test,1,485.71505632454796,,,,,,,,,,,,,,,,,,,,0.0,,,1,466,1,exact,,,,,,,,1.9208000594517216e-05,83d3d77f1adbe92bd2a14cd141fef9f7aa310fe0
dv3-A-poisson-000625,3,A,poisson,625,,,,3:1:0:625,,test,1,104.36849547433592,,,,,,,,,,,,,,,,,,,,0.0,,,1,118,1,exact,,,,,,,,1.2459000572562218e-05,8bcbd5545dbb746ba61743504819786049bf573d
dv3-A-poisson-000626,3,A,poisson,626,,,,3:1:0:626,,test,1,283.94168416602594,,,,,,,,,,,,,,,,,,,,0.0,,,1,283,1,exact,,,,,,,,1.4624998584622517e-05,b0f12018016ee4ff9ceb5a9f06e8efee82b26bf4
dv3-A-poisson-000627,3,A,poisson,627,,,,3:1:0:627,,test,1,203.8104899942376,,,,,,,,,,,,,,,,,,,,0.0,,,1,213,1,exact,,,,,,,,1.3250002666609362e-05,c91ae8136590e9f0bf1bb5f55e2d044a47be6745
dv3-A-poisson-000628,3,A,poisson,628,,,,3:1:0:628,,test,1,431.10338698393684,,,,,,,,,,,,,,,,,,,,0.0,,,1,424,1,exact,,,,,,,,1.604100179974921e-05,f3a2a867f307bf1ff195e2d3406ac7b366a6f02c
dv3-A-poisson-000629,3,A,poisson,629,,,,3:1:0:629,,test,1,525.503590170897,,,,,,,,,,,,,,,,,,,,0.0,,,1,490,1,exact,,,,,,,,1.67500002135057e-05,43055bf8a1722f6d1145edf80ac3bc1c49d0301d
dv3-A-poisson-000630,3,A,poisson,630,,,,3:1:0:630,,test,1,384.3835631252503,,,,,,,,,,,,,,,,,,,,0.0,,,1,381,1,exact,,,,,,,,1.7124999430961907e-05,a0df5222d09c3d2f812448f417074d913ece4050
dv3-A-poisson-000631,3,A,poisson,631,,,,3:1:0:631,,test,1,337.9532564146964,,,,,,,,,,,,,,,,,,,,0.0,,,1,316,1,exact,,,,,,,,1.424999936716631e-05,40eafbeb53d850435daf0e4dc46a49e8208a974e
dv3-A-poisson-000632,3,A,poisson,632,,,,3:1:0:632,,test,1,213.46526733683442,,,,,,,,,,,,,,,,,,,,0.0,,,1,243,1,exact,,,,,,,,1.3332999515114352e-05,1cf56cd9ea085387ae72cc14ed7be0ef04471af5
dv3-A-poisson-000633,3,A,poisson,633,,,,3:1:0:633,,test,1,748.2023241673455,,,,,,,,,,,,,,,,,,,,0.0,,,1,705,1,exact,,,,,,,,1.9917002646252513e-05,73b5e0e2f63452fdbd1e09b8995d399dcad5c62b
dv3-A-poisson-000634,3,A,poisson,634,,,,3:1:0:634,,test,1,609.2277170763437,,,,,,,,,,,,,,,,,,,,0.0,,,1,600,1,exact,,,,,,,,1.8292001186637208e-05,0e8a8690c34d0379b3de05cb153ea036d65a6f5a
dv3-A-poisson-000635,3,A,poisson,635,,,,3:1:0:635,,test,1,372.9975873934268,,,,,,,,,,,,,,,,,,,,0.0,,,1,367,1,exact,,,,,,,,1.4917000953573734e-05,7eae67b81ba38e7b0897590359465a77c8a55578
dv3-A-poisson-000636,3,A,poisson,636,,,,3:1:0:636,,test,1,283.3552356914768,,,,,,,,,,,,,,,,,,,,0.0,,,1,285,1,exact,,,,,,,,1.383400012855418e-05,6b4bc2412343df8fc1ac04010ba2675e239df792
dv3-A-poisson-000637,3,A,poisson,637,,,,3:1:0:637,,test,1,628.8376314573312,,,,,,,,,,,,,,,,,,,,0.0,,,1,594,1,exact,,,,,,,,1.8166003428632393e-05,1b5b3a57813ec1139dafd197e2e96df13f17b54a
dv3-A-poisson-000638,3,A,poisson,638,,,,3:1:0:638,,test,1,319.18688086725865,,,,,,,,,,,,,,,,,,,,0.0,,,1,302,1,exact,,,,,,,,1.412499841535464e-05,8e296fe327b6b114d36b718d25aa660c67f9141c
dv3-A-poisson-000639,3,A,poisson,639,,,,3:1:0:639,,test,1,115.41611985257785,,,,,,,,,,,,,,,,,,,,0.0,,,1,123,1,exact,,,,,,,,1.1832999007310718e-05,3d7c52139cf62d5e24c9f8e0e4f606c6cb2274c5
dv3-A-poisson-000640,3,A,poisson,640,,,,3:1:0:640,,test,1,209.99808382439565,,,,,,,,,,,,,,,,,,,,0.0,,,1,208,1,exact,,,,,,,,1.2999997125007212e-05,cadecd93ed3288eb84ca261b471e53018f1bebc6
dv3-A-poisson-000641,3,A,poisson,641,,,,3:1:0:641,,test,1,458.6806859922966,,,,,,,,,,,,,,,,,,,,0.0,,,1,440,1,exact,,,,,,,,1.6416001017205417e-05,279e9185c55e367a91939cc4610831d2e1f3ded5
dv3-A-poisson-000642,3,A,poisson,642,,,,3:1:0:642,,test,1,255.01050625246074,,,,,,,,,,,,,,,,,,,,0.0,,,1,251,1,exact,,,,,,,,1.7458001821069047e-05,0c068b704d48be32ae2e19c2afd7fbc3fae9bde6
dv3-A-poisson-000643,3,A,poisson,643,,,,3:1:0:643,,test,1,335.31815755779803,,,,,,,,,,,,,,,,,,,,0.0,,,1,305,1,exact,,,,,,,,1.5166002413025126e-05,bc73f23dfd561c8bc621994bc59b7b4b610e61a3
dv3-A-poisson-000644,3,A,poisson,644,,,,3:1:0:644,,test,1,275.37933976337143,,,,,,,,,,,,,,,,,,,,0.0,,,1,260,1,exact,,,,,,,,1.3875000149710104e-05,cb4d2bb50415cb400dc67fca895c3711fe3532c5
dv3-A-poisson-000645,3,A,poisson,645,,,,3:1:0:645,,test,1,204.57913547170335,,,,,,,,,,,,,,,,,,,,0.0,,,1,203,1,exact,,,,,,,,1.2749998859362677e-05,ad97eb8dd55cf77e1bc7099713883b28832fa001
dv3-A-poisson-000646,3,A,poisson,646,,,,3:1:0:646,,test,1,115.50986734699917,,,,,,,,,,,,,,,,,,,,0.0,,,1,121,1,exact,,,,,,,,1.1500000255182385e-05,3aa6a77a7f2634c6d95cca1f342e3c20fa6a611f
dv3-A-poisson-000647,3,A,poisson,647,,,,3:1:0:647,,test,1,294.5421745725756,,,,,,,,,,,,,,,,,,,,0.0,,,1,306,1,exact,,,,,,,,1.4083001588005573e-05,e54bfddbe8132d1d422acae40a88648cdda12c8d
dv3-A-poisson-000648,3,A,poisson,648,,,,3:1:0:648,,test,1,215.53484897257235,,,,,,,,,,,,,,,,,,,,0.0,,,1,224,1,exact,,,,,,,,1.5000001440057531e-05,fa658f07f52fed14ecedab9766475c0c29c3846e
dv3-A-poisson-000649,3,A,poisson,649,,,,3:1:0:649,,test,1,228.68413312311003,,,,,,,,,,,,,,,,,,,,0.0,,,1,220,1,exact,,,,,,,,1.3124998076818883e-05,ea4f7fa3a6a41b5954bd77397e71a7a5d9c7f5d6
dv3-A-poisson-000650,3,A,poisson,650,,,,3:1:0:650,,test,1,135.26337066318752,,,,,,,,,,,,,,,,,,,,0.0,,,1,144,1,exact,,,,,,,,1.162499756901525e-05,10f168322ae20f01ad105eb8e231b1035fa083b7
dv3-A-poisson-000651,3,A,poisson,651,,,,3:1:0:651,,test,1,135.22462011168975,,,,,,,,,,,,,,,,,,,,0.0,,,1,113,1,exact,,,,,,,,1.1459000234026462e-05,baa81dddd540094c19d376b3c31ec851bb7cd67f
dv3-A-poisson-000652,3,A,poisson,652,,,,3:1:0:652,,test,1,675.9806899981377,,,,,,,,,,,,,,,,,,,,0.0,,,1,641,1,exact,,,,,,,,1.862499993876554e-05,ebbf5d12597340c355f92e8cf128f196e26959d7
dv3-A-poisson-000653,3,A,poisson,653,,,,3:1:0:653,,test,1,789.7467258528523,,,,,,,,,,,,,,,,,,,,0.0,,,1,791,1,exact,,,,,,,,2.712499917834066e-05,1feec98fafe45006b5c9f6397822c07343a1b946
dv3-A-poisson-000654,3,A,poisson,654,,,,3:1:0:654,,test,1,137.32327626412305,,,,,,,,,,,,,,,,,,,,0.0,,,1,145,1,exact,,,,,,,,1.2000000424450263e-05,0f821f04961fad1a4ed202309bc6e9a6a3d29da2
dv3-A-poisson-000655,3,A,poisson,655,,,,3:1:0:655,,test,1,517.2586912355029,,,,,,,,,,,,,,,,,,,,0.0,,,1,505,1,exact,,,,,,,,1.662499926169403e-05,2c008fd40353f148b7da134cfcb6419587c28c92
dv3-A-poisson-000656,3,A,poisson,656,,,,3:1:0:656,,test,1,769.4956991469112,,,,,,,,,,,,,,,,,,,,0.0,,,1,724,1,exact,,,,,,,,1.933399835252203e-05,07c9330b44daaac6fe0b63237b83888da42ecbe1
dv3-A-poisson-000657,3,A,poisson,657,,,,3:1:0:657,,test,1,611.2301763277078,,,,,,,,,,,,,,,,,,,,0.0,,,1,576,1,exact,,,,,,,,1.758399957907386e-05,beab80992fd3507dd9e58ac443ceac85a03cba5e
dv3-A-poisson-000658,3,A,poisson,658,,,,3:1:0:658,,test,1,432.7830793168709,,,,,,,,,,,,,,,,,,,,0.0,,,1,456,1,exact,,,,,,,,1.5875000826781616e-05,5798f5a180948785e50e7427bb39516ef04ce6e8
dv3-A-poisson-000659,3,A,poisson,659,,,,3:1:0:659,,test,1,281.35326642047573,,,,,,,,,,,,,,,,,,,,0.0,,,1,310,1,exact,,,,,,,,1.3583001418737695e-05,645f4f2199d625f350cbb4129ed89f79bc18d768
dv3-A-poisson-000660,3,A,poisson,660,,,,3:1:0:660,,test,1,415.22288916262795,,,,,,,,,,,,,,,,,,,,0.0,,,1,412,1,exact,,,,,,,,1.9999999494757503e-05,f16936ccc52744e918dc1f36e4a1be9f266e49c6
dv3-A-poisson-000661,3,A,poisson,661,,,,3:1:0:661,,test,1,464.39194057241576,,,,,,,,,,,,,,,,,,,,0.0,,,1,454,1,exact,,,,,,,,1.5665998944314197e-05,4c1a60b41d0f6cecee5bb24d574f24545a53ca09
dv3-A-poisson-000662,3,A,poisson,662,,,,3:1:0:662,,test,1,601.4151453884306,,,,,,,,,,,,,,,,,,,,0.0,,,1,623,1,exact,,,,,,,,1.8041999283013865e-05,4bd3b624f1fd4ca5c7cee348fabd6478f46f243c
dv3-A-poisson-000663,3,A,poisson,663,,,,3:1:0:663,,test,1,494.6011316104634,,,,,,,,,,,,,,,,,,,,0.0,,,1,511,1,exact,,,,,,,,1.9791998056462035e-05,213a757b061cd8c8c97a1c70c6dab18d7a0ac688
dv3-A-poisson-000664,3,A,poisson,664,,,,3:1:0:664,,test,1,795.6480901725331,,,,,,,,,,,,,,,,,,,,0.0,,,1,777,1,exact,,,,,,,,2.5416997232241556e-05,15b16298e593901554ae8ff09cbd6a7f43fa4620
dv3-A-poisson-000665,3,A,poisson,665,,,,3:1:0:665,,test,1,327.76194777087636,,,,,,,,,,,,,,,,,,,,0.0,,,1,309,1,exact,,,,,,,,1.2874999811174348e-05,70b49c1100b8b9bd5153b28a82a0e093cde9f52c
dv3-A-poisson-000666,3,A,poisson,666,,,,3:1:0:666,,test,1,762.2601678385538,,,,,,,,,,,,,,,,,,,,0.0,,,1,792,1,exact,,,,,,,,1.883300137706101e-05,482bca395ac42940e97c0b2532259395d1ff219c
dv3-A-poisson-000667,3,A,poisson,667,,,,3:1:0:667,,test,1,186.2669375082011,,,,,,,,,,,,,,,,,,,,0.0,,,1,180,1,exact,,,,,,,,1.2916996638523415e-05,71c713ca5af355f6e9095b8fe4f6a5f62c8ba7b2
dv3-A-poisson-000668,3,A,poisson,668,,,,3:1:0:668,,test,1,136.5993250594873,,,,,,,,,,,,,,,,,,,,0.0,,,1,133,1,exact,,,,,,,,1.0540999937802553e-05,1a9fb8e441a5fc1a57680a6900b5b2b26d7ad8e9
dv3-A-poisson-000669,3,A,poisson,669,,,,3:1:0:669,,test,1,106.17745917434762,,,,,,,,,,,,,,,,,,,,0.0,,,1,122,1,exact,,,,,,,,1.0375002602813765e-05,141021ffa3d7f58f626c62d53dbe61da7dcebf4c
dv3-A-poisson-000670,3,A,poisson,670,,,,3:1:0:670,,test,1,599.537129241771,,,,,,,,,,,,,,,,,,,,0.0,,,1,611,1,exact,,,,,,,,1.6999998479150236e-05,384a0e2d2a5023b4c536b1ca1bf739f14a631224
dv3-A-poisson-000671,3,A,poisson,671,,,,3:1:0:671,,test,1,214.27210821591575,,,,,,,,,,,,,,,,,,,,0.0,,,1,203,1,exact,,,,,,,,1.1583000741666183e-05,2eb81e2f0ed481339be6189b32135c76e9be9666
dv3-A-poisson-000672,3,A,poisson,672,,,,3:1:0:672,,test,1,188.63329277431353,,,,,,,,,,,,,,,,,,,,0.0,,,1,193,1,exact,,,,,,,,1.1791998986154795e-05,2541dc6e72bfc2cd9e08bb75429d3346c97300b8
dv3-A-poisson-000673,3,A,poisson,673,,,,3:1:0:673,,test,1,201.49001197119705,,,,,,,,,,,,,,,,,,,,0.0,,,1,189,1,exact,,,,,,,,1.1416999768698588e-05,80477a9319d8f9c7a7204c7db0f5baf01d664ab9
dv3-A-poisson-000674,3,A,poisson,674,,,,3:1:0:674,,test,1,102.93608552839946,,,,,,,,,,,,,,,,,,,,0.0,,,1,91,1,exact,,,,,,,,1.0457999451318756e-05,8f4e08d74387b8155295ae7ab5f2dd8a708fc76d
dv3-A-poisson-000675,3,A,poisson,675,,,,3:1:0:675,,test,1,231.3526437165574,,,,,,,,,,,,,,,,,,,,0.0,,,1,193,1,exact,,,,,,,,1.1166001058882102e-05,280f6a5dd071e68d5d15c3a5f707241ca1546939
dv3-A-poisson-000676,3,A,poisson,676,,,,3:1:0:676,,test,1,172.86392214966773,,,,,,,,,,,,,,,,,,,,0.0,,,1,165,1,exact,,,,,,,,1.120899833040312e-05,71e6dee6a6218aa0f3a2b2affc76fb602b1357f2
dv3-A-poisson-000677,3,A,poisson,677,,,,3:1:0:677,,test,1,225.29925370846797,,,,,,,,,,,,,,,,,,,,0.0,,,1,228,1,exact,,,,,,,,1.5249999705702066e-05,4273afa0a342be006f7024e69645fa112d8db501
dv3-A-poisson-000678,3,A,poisson,678,,,,3:1:0:678,,test,1,354.134688398428,,,,,,,,,,,,,,,,,,,,0.0,,,1,329,1,exact,,,,,,,,1.3374999980442226e-05,ced548bdba29edd1fa10b99ccb8c14b4d1cb2d35
dv3-A-poisson-000679,3,A,poisson,679,,,,3:1:0:679,,test,1,339.0628161392136,,,,,,,,,,,,,,,,,,,,0.0,,,1,335,1,exact,,,,,,,,1.3124998076818883e-05,9cca0f93198fa8c76c2fc3fcba8398f07a9c50e3
dv3-A-poisson-000680,3,A,poisson,680,,,,3:1:0:680,,test,1,396.07275191921775,,,,,,,,,,,,,,,,,,,,0.0,,,1,413,1,exact,,,,,,,,1.4207998901838437e-05,d8c6155771aee456897a2f5fa3d89d54fd0ee9ae
dv3-A-poisson-000681,3,A,poisson,681,,,,3:1:0:681,,test,1,445.0821951024321,,,,,,,,,,,,,,,,,,,,0.0,,,1,438,1,exact,,,,,,,,1.4375000318977982e-05,3d12dcd7b5a869ef2bbf83e18fb22460665c74dd
dv3-A-poisson-000682,3,A,poisson,682,,,,3:1:0:682,,test,1,302.76281261022393,,,,,,,,,,,,,,,,,,,,0.0,,,1,302,1,exact,,,,,,,,1.2417000107234344e-05,c474612d13d1a615ee9a535bb8c0a8377c4d1c64
dv3-A-poisson-000683,3,A,poisson,683,,,,3:1:0:683,,test,1,199.5106393351886,,,,,,,,,,,,,,,,,,,,0.0,,,1,166,1,exact,,,,,,,,1.133399928221479e-05,229ca87384b84c60152010ab74056f3832b9f97b
dv3-A-poisson-000684,3,A,poisson,684,,,,3:1:0:684,,test,1,262.0288613985922,,,,,,,,,,,,,,,,,,,,0.0,,,1,287,1,exact,,,,,,,,1.237499964190647e-05,25181f88166e4aa5cde1aed8dfbde001b8abb7d6
dv3-A-poisson-000685,3,A,poisson,685,,,,3:1:0:685,,test,1,617.1423380367503,,,,,,,,,,,,,,,,,,,,0.0,,,1,632,1,exact,,,,,,,,1.6583999240538105e-05,2ee21b9a9b7d2394731db26dea971dbd2e1385d5
dv3-A-poisson-000686,3,A,poisson,686,,,,3:1:0:686,,test,1,135.72395953417643,,,,,,,,,,,,,,,,,,,,0.0,,,1,130,1,exact,,,,,,,,1.2209002306917682e-05,e98977f28f9b47f43d4d36a6f65d6572521830fa
dv3-A-poisson-000687,3,A,poisson,687,,,,3:1:0:687,,test,1,388.61416125161503,,,,,,,,,,,,,,,,,,,,0.0,,,1,396,1,exact,,,,,,,,1.3917000615037978e-05,2a62510ecb1711b8dc2b13cf874986dc72077e91
dv3-A-poisson-000688,3,A,poisson,688,,,,3:1:0:688,,test,1,217.20100324702943,,,,,,,,,,,,,,,,,,,,0.0,,,1,243,1,exact,,,,,,,,1.195799995912239e-05,4490a5da3cb9b5244a696bd208a5872e51a9b606
dv3-A-poisson-000689,3,A,poisson,689,,,,3:1:0:689,,test,1,129.25204437410878,,,,,,,,,,,,,,,,,,,,0.0,,,1,139,1,exact,,,,,,,,1.0624997230479494e-05,1791f2c6c7542ec55a4e4c9980f4006cbda215ef
dv3-A-poisson-000690,3,A,poisson,690,,,,3:1:0:690,,test,1,269.17559436424176,,,,,,,,,,,,,,,,,,,,0.0,,,1,265,1,exact,,,,,,,,1.2125001376261935e-05,f8dfb553ca759971a0c67e276fd7e265a9ba64ef
dv3-A-poisson-000691,3,A,poisson,691,,,,3:1:0:691,,test,1,755.8798182288443,,,,,,,,,,,,,,,,,,,,0.0,,,1,785,1,exact,,,,,,,,2.3624997993465513e-05,02aacaac9cfc92bf2454cf22a7e1440d9f89ad3b
dv3-A-poisson-000692,3,A,poisson,692,,,,3:1:0:692,,test,1,287.6538148741949,,,,,,,,,,,,,,,,,,,,0.0,,,1,288,1,exact,,,,,,,,1.2582997442223132e-05,f19d5a9b7942172fa3bf8b6f41ca9202812f1499
dv3-A-poisson-000693,3,A,poisson,693,,,,3:1:0:693,,test,1,281.3736947323042,,,,,,,,,,,,,,,,,,,,0.0,,,1,280,1,exact,,,,,,,,1.2332999176578596e-05,c12f4cb17bf425c98ad51b76e7124677699eff6e
dv3-A-poisson-000694,3,A,poisson,694,,,,3:1:0:694,,test,1,526.4061628889851,,,,,,,,,,,,,,,,,,,,0.0,,,1,515,1,exact,,,,,,,,1.541700112284161e-05,8a52107178a0128c8f9486292e27c82b618b90b3
dv3-A-poisson-000695,3,A,poisson,695,,,,3:1:0:695,,test,1,440.717228477898,,,,,,,,,,,,,,,,,,,,0.0,,,1,442,1,exact,,,,,,,,1.4375000318977982e-05,bc05edd4ea314331304bd2fe9c0df9d0e368b8d1
dv3-A-poisson-000696,3,A,poisson,696,,,,3:1:0:696,,test,1,132.9601374594946,,,,,,,,,,,,,,,,,,,,0.0,,,1,136,1,exact,,,,,,,,1.0457999451318756e-05,3b6621367c19d21a5ff2fee8d9fa954a0728c559
dv3-A-poisson-000697,3,A,poisson,697,,,,3:1:0:697,,test,1,114.82390566305595,,,,,,,,,,,,,,,,,,,,0.0,,,1,127,1,exact,,,,,,,,1.0791001841425896e-05,7ddb2e0b6b4b60559fc8c655172e9d83e540b8c3
dv3-A-poisson-000698,3,A,poisson,698,,,,3:1:0:698,,test,1,451.3030498317442,,,,,,,,,,,,,,,,,,,,0.0,,,1,407,1,exact,,,,,,,,1.3959001080365852e-05,e053f2ef08993a4105a861ea492acf4010010ca3
dv3-A-poisson-000699,3,A,poisson,699,,,,3:1:0:699,,test,1,277.8453391243719,,,,,,,,,,,,,,,,,,,,0.0,,,1,266,1,exact,,,,,,,,1.2583997886395082e-05,2fb553c03ec442f503e1f5e8433b67f9479b3562
dv3-A-poisson-000700,3,A,poisson,700,,,,3:1:0:700,,test,1,135.91935514632803,,,,,,,,,,,,,,,,,,,,0.0,,,1,147,1,exact,,,,,,,,1.0709001799114048e-05,e1f1ee2d00e650d90a830bb91a9ff6cd36bc3543
dv3-A-poisson-000701,3,A,poisson,701,,,,3:1:0:701,,test,1,100.95797965074806,,,,,,,,,,,,,,,,,,,,0.0,,,1,104,1,exact,,,,,,,,1.0207997547695413e-05,1ddb59fd20898c60fa9653fb1d1b68dbde960db8
dv3-A-poisson-000702,3,A,poisson,702,,,,3:1:0:702,,test,1,111.28523697047244,,,,,,,,,,,,,,,,,,,,0.0,,,1,107,1,exact,,,,,,,,9.87499879556708e-06,823c46c2c7fa0ebce0cfe52e8072205a98a70bf2
dv3-A-poisson-000703,3,A,poisson,703,,,,3:1:0:703,,test,1,244.50596204030282,,,,,,,,,,,,,,,,,,,,0.0,,,1,247,1,exact,,,,,,,,1.1833999451482669e-05,09df258aa5b56cb989185e0193b7499fc812d5bf
dv3-A-poisson-000704,3,A,poisson,704,,,,3:1:0:704,,test,1,668.1492392466763,,,,,,,,,,,,,,,,,,,,0.0,,,1,677,1,exact,,,,,,,,2.1584000933216885e-05,71e0a1d87e739314f93e0fbbd1403364a43ad8da
dv3-A-poisson-000705,3,A,poisson,705,,,,3:1:0:705,,test,1,196.85601026744527,,,,,,,,,,,,,,,,,,,,0.0,,,1,181,1,exact,,,,,,,,1.1458003427833319e-05,bf0f3ba9d667047b07e2119183651c23d61b4a3b
dv3-A-poisson-000706,3,A,poisson,706,,,,3:1:0:706,,test,1,378.65008014605024,,,,,,,,,,,,,,,,,,,,0.0,,,1,415,1,exact,,,,,,,,1.5375000657513738e-05,aeb467613be18a2af28b472c711673c8534c4412
dv3-A-poisson-000707,3,A,poisson,707,,,,3:1:0:707,,test,1,147.95965580981152,,,,,,,,,,,,,,,,,,,,0.0,,,1,147,1,exact,,,,,,,,1.0707997716963291e-05,aa7a7df783a7bb459ba5e4de483937f6fc8aa979
dv3-A-poisson-000708,3,A,poisson,708,,,,3:1:0:708,,test,1,533.3045507308045,,,,,,,,,,,,,,,,,,,,0.0,,,1,557,1,exact,,,,,,,,1.5666999388486147e-05,ffd9fa0cd4c12345b8f73b7e8e857dba4bc865e1
dv3-A-poisson-000709,3,A,poisson,709,,,,3:1:0:709,,test,1,281.56805710657636,,,,,,,,,,,,,,,,,,,,0.0,,,1,301,1,exact,,,,,,,,1.27909988805186e-05,4aad7e70e3e8b498bee5a566173ec46c1d230b5f
dv3-A-poisson-000710,3,A,poisson,710,,,,3:1:0:710,,test,1,111.52175038402645,,,,,,,,,,,,,,,,,,,,0.0,,,1,102,1,exact,,,,,,,,1.0333002137485892e-05,5d854b7cfa678ff89b7ef1f868bb6389e65c49c8
dv3-A-poisson-000711,3,A,poisson,711,,,,3:1:0:711,,test,1,181.05534098317736,,,,,,,,,,,,,,,,,,,,0.0,,,1,186,1,exact,,,,,,,,1.1124997399747372e-05,8bcbb6bd4b0763c680306eff0a13e4d9c0e75745
dv3-A-poisson-000712,3,A,poisson,712,,,,3:1:0:712,,test,1,521.3082575395002,,,,,,,,,,,,,,,,,,,,0.0,,,1,515,1,exact,,,,,,,,1.5624998923158273e-05,6fb420184d7b19f9ffd6abeb7016a2355628e3b4
dv3-A-poisson-000713,3,A,poisson,713,,,,3:1:0:713,,test,1,134.65804285121033,,,,,,,,,,,,,,,,,,,,0.0,,,1,108,1,exact,,,,,,,,1.0250001651002094e-05,c58cc5ac120a7360fb30779c21f6b1952ec020fa
dv3-A-poisson-000714,3,A,poisson,714,,,,3:1:0:714,,test,1,130.8718321127588,,,,,,,,,,,,,,,,,,,,0.0,,,1,134,1,exact,,,,,,,,1.0624997230479494e-05,41d6dd1eb74699cd2392786a6daa025213dca377
dv3-A-poisson-000715,3,A,poisson,715,,,,3:1:0:715,,test,1,365.07631738779634,,,,,,,,,,,,,,,,,,,,0.0,,,1,348,1,exact,,,,,,,,1.3290999049786478e-05,a844a19113726bb08d5135697b0c95244b2f719a
dv3-A-poisson-000716,3,A,poisson,716,,,,3:1:0:716,,test,1,531.3590254449795,,,,,,,,,,,,,,,,,,,,0.0,,,1,528,1,exact,,,,,,,,1.529200017102994e-05,d62487c0b1c3e892f67a65cfc2d61e060a5b6cd7
dv3-A-poisson-000717,3,A,poisson,717,,,,3:1:0:717,,test,1,173.6855601217985,,,,,,,,,,,,,,,,,,,,0.0,,,1,165,1,exact,,,,,,,,1.1042000551242381e-05,76995b100074d8346e5404b29eca2f651eaa316d
dv3-A-poisson-000718,3,A,poisson,718,,,,3:1:0:718,,test,1,123.27477528504464,,,,,,,,,,,,,,,,,,,,0.0,,,1,124,1,exact,,,,,,,,1.0333998943679035e-05,07110bdfa8bcc4611fd4947da8350952f019d5b3
dv3-A-poisson-000719,3,A,poisson,719,,,,3:1:0:719,,test,1,196.65839783982355,,,,,,,,,,,,,,,,,,,,0.0,,,1,172,1,exact,,,,,,,,1.0832998668774962e-05,e57eaf9f5979ce286dd346caaad275bafdec79ac
dv3-A-poisson-000720,3,A,poisson,720,,,,3:1:0:720,,test,1,278.53014188856326,,,,,,,,,,,,,,,,,,,,0.0,,,1,277,1,exact,,,,,,,,1.2291999155422673e-05,2449238627c0d49f280f672298ab454c7e6e50e2
dv3-A-poisson-000721,3,A,poisson,721,,,,3:1:0:721,,test,1,169.32247238541268,,,,,,,,,,,,,,,,,,,,0.0,,,1,147,1,exact,,,,,,,,1.1000000085914508e-05,8a2c7ce3f6fa5637620af2ea7a85f80aead0a576
dv3-A-poisson-000722,3,A,poisson,722,,,,3:1:0:722,,test,1,150.55407887459464,,,,,,,,,,,,,,,,,,,,0.0,,,1,175,1,exact,,,,,,,,1.1124997399747372e-05,ed330ea084cd3caae2907aaa33edf492d0b874ff
dv3-A-poisson-000723,3,A,poisson,723,,,,3:1:0:723,,test,1,700.4227295258139,,,,,,,,,,,,,,,,,,,,0.0,,,1,693,1,exact,,,,,,,,1.758299913490191e-05,3857b289500cbe39e690874d1fcc846a480f856f
dv3-A-poisson-000724,3,A,poisson,724,,,,3:1:0:724,,test,1,123.32592266534346,,,,,,,,,,,,,,,,,,,,0.0,,,1,134,1,exact,,,,,,,,1.0749998182291165e-05,e02bd7ffab234683f70b9dafba15fcc32d249d2d
dv3-A-poisson-000725,3,A,poisson,725,,,,3:1:0:725,,test,1,699.2938954169803,,,,,,,,,,,,,,,,,,,,0.0,,,1,682,1,exact,,,,,,,,1.8874998204410076e-05,7efef6d67130a5b064e9121a3c2523cdac7bda52
dv3-A-poisson-000726,3,A,poisson,726,,,,3:1:0:726,,test,1,450.46727695420117,,,,,,,,,,,,,,,,,,,,0.0,,,1,464,1,exact,,,,,,,,1.4666999049950391e-05,c4eac7570886e1f6a91c3a59f057fdff79a24546
dv3-A-poisson-000727,3,A,poisson,727,,,,3:1:0:727,,test,1,107.655641586089,,,,,,,,,,,,,,,,,,,,0.0,,,1,103,1,exact,,,,,,,,1.0207997547695413e-05,8d3595633d95f493dd7ced9664b1962f91e85222
dv3-A-poisson-000728,3,A,poisson,728,,,,3:1:0:728,,test,1,654.9284401173945,,,,,,,,,,,,,,,,,,,,0.0,,,1,674,1,exact,,,,,,,,1.9999999494757503e-05,8e99c54c9bf018007b37717e244bff04c30e9b3c
dv3-A-poisson-000729,3,A,poisson,729,,,,3:1:0:729,,test,1,293.666779339541,,,,,,,,,,,,,,,,,,,,0.0,,,1,289,1,exact,,,,,,,,1.4666999049950391e-05,cbabc5f85edbc1cf71dec3f816ec51443813eca5
dv3-A-poisson-000730,3,A,poisson,730,,,,3:1:0:730,,test,1,220.7820468266833,,,,,,,,,,,,,,,,,,,,0.0,,,1,239,1,exact,,,,,,,,1.2000000424450263e-05,381455371050e3f5846570858da0846f3e224974
dv3-A-poisson-000731,3,A,poisson,731,,,,3:1:0:731,,test,1,479.2477166832026,,,,,,,,,,,,,,,,,,,,0.0,,,1,515,1,exact,,,,,,,,1.620799957890995e-05,5bb1515e664f6a23ec0c5a898d635ed69ed087d0
dv3-A-poisson-000732,3,A,poisson,732,,,,3:1:0:732,,test,1,626.5695968439346,,,,,,,,,,,,,,,,,,,,0.0,,,1,608,1,exact,,,,,,,,1.6834001144161448e-05,63a4e02da234b7c4973e85df0f05a63832c495a7
dv3-A-poisson-000733,3,A,poisson,733,,,,3:1:0:733,,test,1,677.2163401550299,,,,,,,,,,,,,,,,,,,,0.0,,,1,690,1,exact,,,,,,,,1.7417001799913123e-05,2e5c72f623e16b1e15a9ff76d2fe467d379f8b81
dv3-A-poisson-000734,3,A,poisson,734,,,,3:1:0:734,,test,1,177.65797323146924,,,,,,,,,,,,,,,,,,,,0.0,,,1,192,1,exact,,,,,,,,1.1416999768698588e-05,e28354ab6f72e2b995dab778acbc04d11d4d2a7e
dv3-A-poisson-000735,3,A,poisson,735,,,,3:1:0:735,,test,1,199.83258123682245,,,,,,,,,,,,,,,,,,,,0.0,,,1,190,1,exact,,,,,,,,1.1458003427833319e-05,a9f1169a7cd70bb95e72d4be61016a9aba9cf5fb
dv3-A-poisson-000736,3,A,poisson,736,,,,3:1:0:736,,test,1,395.91982909956056,,,,,,,,,,,,,,,,,,,,0.0,,,1,385,1,exact,,,,,,,,1.383299968438223e-05,7c3fb38a0b4db932056d62a4315224a82c4babde
dv3-A-poisson-000737,3,A,poisson,737,,,,3:1:0:737,,test,1,541.2910906636229,,,,,,,,,,,,,,,,,,,,0.0,,,1,551,1,exact,,,,,,,,1.5833997167646885e-05,61d95e6bf03d065c7cb70a94e939f6e3b60959ee
dv3-A-poisson-000738,3,A,poisson,738,,,,3:1:0:738,,test,1,250.72926640868505,,,,,,,,,,,,,,,,,,,,0.0,,,1,249,1,exact,,,,,,,,1.383299968438223e-05,825f526391d009f01a46c0f761912fbe146e4805
dv3-A-poisson-000739,3,A,poisson,739,,,,3:1:0:739,,test,1,219.712495277786,,,,,,,,,,,,,,,,,,,,0.0,,,1,206,1,exact,,,,,,,,1.1666998034343123e-05,690742ba064bfc8aa8cc56ad2469cb0b5c55cc5f
dv3-A-poisson-000740,3,A,poisson,740,,,,3:1:0:740,,test,1,310.400573296689,,,,,,,,,,,,,,,,,,,,0.0,,,1,303,1,exact,,,,,,,,1.2874999811174348e-05,9bcab6d396e7e23889f3396486b42a90e30d0295
dv3-A-poisson-000741,3,A,poisson,741,,,,3:1:0:741,,test,1,125.81235115519141,,,,,,,,,,,,,,,,,,,,0.0,,,1,128,1,exact,,,,,,,,1.0749998182291165e-05,2b84f2e5515932d45610c4a3667df4a24f8eede8
dv3-A-poisson-000742,3,A,poisson,742,,,,3:1:0:742,,test,1,135.3228978005569,,,,,,,,,,,,,,,,,,,,0.0,,,1,139,1,exact,,,,,,,,1.06250008684583e-05,db041364357e1486bddb12f86a7de034c49511bd
dv3-A-poisson-000743,3,A,poisson,743,,,,3:1:0:743,,test,1,206.95358705089268,,,,,,,,,,,,,,,,,,,,0.0,,,1,223,1,exact,,,,,,,,1.1584001185838133e-05,4d8f324bf1c41c8070ba27cce8d51c00c766117f
dv3-A-poisson-000744,3,A,poisson,744,,,,3:1:0:744,,test,1,226.44667939708617,,,,,,,,,,,,,,,,,,,,0.0,,,1,244,1,exact,,,,,,,,1.3249999028630555e-05,ed60caa8e99151a83f8db73116281d32df23cd47
dv3-A-poisson-000745,3,A,poisson,745,,,,3:1:0:745,,test,1,266.6026705012895,,,,,,,,,,,,,,,,,,,,0.0,,,1,279,1,exact,,,,,,,,1.4125002053333446e-05,ade1dd9e53f0539ee43601bf754b9bd3e85ab935
dv3-A-poisson-000746,3,A,poisson,746,,,,3:1:0:746,,test,1,149.231140123452,,,,,,,,,,,,,,,,,,,,0.0,,,1,170,1,exact,,,,,,,,1.1000000085914508e-05,4b45c1fbb69ccbeee97e91db142666824d1e3adc
dv3-A-poisson-000747,3,A,poisson,747,,,,3:1:0:747,,test,1,115.68849364912224,,,,,,,,,,,,,,,,,,,,0.0,,,1,115,1,exact,,,,,,,,1.06250008684583e-05,4ae5cadef37e6c903e77515e8e1ecc7725e0718a
dv3-A-poisson-000748,3,A,poisson,748,,,,3:1:0:748,,test,1,654.7427080980475,,,,,,,,,,,,,,,,,,,,0.0,,,1,689,1,exact,,,,,,,,1.7540998669574037e-05,c09dd55c93775d217244ba8ed2d1c1e5da38b546
dv3-A-poisson-000749,3,A,poisson,749,,,,3:1:0:749,,test,1,467.92444029361144,,,,,,,,,,,,,,,,,,,,0.0,,,1,457,1,exact,,,,,,,,1.4500001270789653e-05,d6c6d4779e2b6f5cf022c0e6a0750874b62eede4
dv3-A-poisson-000750,3,A,poisson,750,,,,3:1:0:750,,test,1,795.2741341254929,,,,,,,,,,,,,,,,,,,,0.0,,,1,801,1,exact,,,,,,,,2.0457999198697507e-05,61eceed92087acb0c5bfaf163a0deaa2a7fd5424
dv3-A-poisson-000751,3,A,poisson,751,,,,3:1:0:751,,test,1,127.15153295487454,,,,,,,,,,,,,,,,,,,,0.0,,,1,110,1,exact,,,,,,,,1.0415998985990882e-05,a688a2a23673a9ee77eb1eb2a99995a5673404a2
dv3-A-poisson-000752,3,A,poisson,752,,,,3:1:0:752,,test,1,136.8392052175056,,,,,,,,,,,,,,,,,,,,0.0,,,1,120,1,exact,,,,,,,,1.0624997230479494e-05,8522985bc1764239b9d5319984bbf385f6abbe3f
dv3-A-poisson-000753,3,A,poisson,753,,,,3:1:0:753,,test,1,106.95984909514769,,,,,,,,,,,,,,,,,,,,0.0,,,1,122,1,exact,,,,,,,,1.049999991664663e-05,8d4ff62067c2fe275e20e3f2dca62d4bfd17c220
dv3-A-poisson-000754,3,A,poisson,754,,,,3:1:0:754,,test,1,221.7373464092061,,,,,,,,,,,,,,,,,,,,0.0,,,1,213,1,exact,,,,,,,,1.1541000276338309e-05,32781254cf11d928a0e02a1e07fc167c8216df0c
dv3-A-poisson-000755,3,A,poisson,755,,,,3:1:0:755,,test,1,264.0020755385637,,,,,,,,,,,,,,,,,,,,0.0,,,1,281,1,exact,,,,,,,,1.2499996955739334e-05,8f47a88830a2cb06350078291eeead61f2fdccf3
dv3-A-poisson-000756,3,A,poisson,756,,,,3:1:0:756,,test,1,723.5454025572848,,,,,,,,,,,,,,,,,,,,0.0,,,1,715,1,exact,,,,,,,,1.9584000256145373e-05,186e6e486d787fabd7b1c6630a5976e185367846
dv3-A-poisson-000757,3,A,poisson,757,,,,3:1:0:757,,test,1,401.82707848877106,,,,,,,,,,,,,,,,,,,,0.0,,,1,429,1,exact,,,,,,,,1.5959001757437363e-05,a66e2322120b078c6066e42038be2cb024598f57
dv3-A-poisson-000758,3,A,poisson,758,,,,3:1:0:758,,test,1,104.30127431563585,,,,,,,,,,,,,,,,,,,,0.0,,,1,91,1,exact,,,,,,,,1.0125000699190423e-05,a22e20585ed0ff5250c52535776e71932cb14189
dv3-A-poisson-000759,3,A,poisson,759,,,,3:1:0:759,,test,1,274.10919548930576,,,,,,,,,,,,,,,,,,,,0.0,,,1,261,1,exact,,,,,,,,1.2332999176578596e-05,076e1660c72c3ff3c8f45ef118fcaeb816303fd4
dv3-A-poisson-000760,3,A,poisson,760,,,,3:1:0:760,,test,1,166.88169043431574,,,,,,,,,,,,,,,,,,,,0.0,,,1,178,1,exact,,,,,,,,1.1333002476021647e-05,3489a452b48c351b51481f6e4187236af64188ce
dv3-A-poisson-000761,3,A,poisson,761,,,,3:1:0:761,,test,1,114.8570324169022,,,,,,,,,,,,,,,,,,,,0.0,,,1,124,1,exact,,,,,,,,1.0250001651002094e-05,a4bf12dfe832937b657fa6ca089923804a8b51eb
dv3-A-poisson-000762,3,A,poisson,762,,,,3:1:0:762,,test,1,329.6550485793761,,,,,,,,,,,,,,,,,,,,0.0,,,1,319,1,exact,,,,,,,,1.300000076298602e-05,4db71d2d0f185333841b78e084441a3562d34776
dv3-A-poisson-000763,3,A,poisson,763,,,,3:1:0:763,,test,1,211.55736476043973,,,,,,,,,,,,,,,,,,,,0.0,,,1,194,1,exact,,,,,,,,1.1625001206994057e-05,a52b6c3f3ab0853b71db24c01edb61481ac0e0cb
dv3-A-poisson-000764,3,A,poisson,764,,,,3:1:0:764,,test,1,145.98701830452444,,,,,,,,,,,,,,,,,,,,0.0,,,1,132,1,exact,,,,,,,,1.208300091093406e-05,4c809bf00aad05d676d3ec50b8c1595521c363c7
dv3-A-poisson-000765,3,A,poisson,765,,,,3:1:0:765,,test,1,525.1922273663708,,,,,,,,,,,,,,,,,,,,0.0,,,1,555,1,exact,,,,,,,,1.7541999113745987e-05,16a13e46603a37d38f701b3bfdecd693351ae099
dv3-A-poisson-000766,3,A,poisson,766,,,,3:1:0:766,,test,1,311.6644172549507,,,,,,,,,,,,,,,,,,,,0.0,,,1,315,1,exact,,,,,,,,1.4542001736117527e-05,c85dd145a6fa4e255e3e7c4d63fcca07ee29f5b0
dv3-A-poisson-000767,3,A,poisson,767,,,,3:1:0:767,,test,1,187.2822005731334,,,,,,,,,,,,,,,,,,,,0.0,,,1,205,1,exact,,,,,,,,1.1375002941349521e-05,11842f8d8d09c550a0d23994f4ac925d368ff815
dv3-A-poisson-000768,3,A,poisson,768,,,,3:1:0:768,,test,1,191.91775253963314,,,,,,,,,,,,,,,,,,,,0.0,,,1,198,1,exact,,,,,,,,1.1374999303370714e-05,27cad68d6cb4e9d56289d16ba3b38681afe72c14
dv3-A-poisson-000769,3,A,poisson,769,,,,3:1:0:769,,test,1,380.92841580382964,,,,,,,,,,,,,,,,,,,,0.0,,,1,364,1,exact,,,,,,,,1.3500000932253897e-05,02e5504758f23d65783225974045e6cb948f3012
dv3-A-poisson-000770,3,A,poisson,770,,,,3:1:0:770,,test,1,742.2828744010972,,,,,,,,,,,,,,,,,,,,0.0,,,1,741,1,exact,,,,,,,,2.0291998225729913e-05,e36da4dbad8ad8f3fba91df1cda1c8be82317da1
dv3-A-poisson-000771,3,A,poisson,771,,,,3:1:0:771,,test,1,258.270253929048,,,,,,,,,,,,,,,,,,,,0.0,,,1,273,1,exact,,,,,,,,1.3625001884065568e-05,ce8a62ea00dc9f0a78d85251e06cb22cc1a0b5d9
dv3-A-poisson-000772,3,A,poisson,772,,,,3:1:0:772,,test,1,291.7759746884372,,,,,,,,,,,,,,,,,,,,0.0,,,1,275,1,exact,,,,,,,,1.237499964190647e-05,4d2b01c82d0393ad1704af234bd4c26a77c44d5d
dv3-A-poisson-000773,3,A,poisson,773,,,,3:1:0:773,,test,1,155.7545003590093,,,,,,,,,,,,,,,,,,,,0.0,,,1,161,1,exact,,,,,,,,1.0707997716963291e-05,4dada2fd62833b780509a164c485ba701f3ae064
dv3-A-poisson-000774,3,A,poisson,774,,,,3:1:0:774,,test,1,218.51893676856585,,,,,,,,,,,,,,,,,,,,0.0,,,1,260,1,exact,,,,,,,,1.2207998224766925e-05,a5af5a636234cbe0988ccb0f60b0520eaf2354e2
dv3-A-poisson-000775,3,A,poisson,775,,,,3:1:0:775,,test,1,342.45728422381984,,,,,,,,,,,,,,,,,,,,0.0,,,1,387,1,exact,,,,,,,,1.3624998246086761e-05,16cc50d2e2f90f2a8389a768c3529094387026d5
dv3-A-poisson-000776,3,A,poisson,776,,,,3:1:0:776,,test,1,135.54657751920206,,,,,,,,,,,,,,,,,,,,0.0,,,1,136,1,exact,,,,,,,,1.0874999134102836e-05,ad994ae161bd16f32a4bd6ef3ae3b5cc4cdbb11d
dv3-A-poisson-000777,3,A,poisson,777,,,,3:1:0:777,,test,1,138.7795393614206,,,,,,,,,,,,,,,,,,,,0.0,,,1,144,1,exact,,,,,,,,1.06250008684583e-05,76224244aee5860fcf8f38e4d620c0bcb8a07f3e
dv3-A-poisson-000778,3,A,poisson,778,,,,3:1:0:778,,test,1,108.09905823482964,,,,,,,,,,,,,,,,,,,,0.0,,,1,123,1,exact,,,,,,,,1.049999991664663e-05,ca7f895ad8ad004f25394ef32253af580b319876
dv3-A-poisson-000779,3,A,poisson,779,,,,3:1:0:779,,test,1,167.5910155511685,,,,,,,,,,,,,,,,,,,,0.0,,,1,164,1,exact,,,,,,,,1.1207997886231169e-05,d6d328094f1cef67a99b2210c9a193416c4207ff
dv3-A-poisson-000780,3,A,poisson,780,,,,3:1:0:780,,test,1,272.27634843616164,,,,,,,,,,,,,,,,,,,,0.0,,,1,266,1,exact,,,,,,,,1.2500000593718141e-05,98928310d1fd1208853544cd825b94e951870c6b
dv3-A-poisson-000781,3,A,poisson,781,,,,3:1:0:781,,test,1,298.76079782764737,,,,,,,,,,,,,,,,,,,,0.0,,,1,271,1,exact,,,,,,,,1.445800080546178e-05,0843b3775a96b072a88aa3690e04b5844988daec
dv3-A-poisson-000782,3,A,poisson,782,,,,3:1:0:782,,test,1,125.38980416267968,,,,,,,,,,,,,,,,,,,,0.0,,,1,111,1,exact,,,,,,,,1.020800118567422e-05,e0cb8ae8fb99ad5e3129136eb93e9b5c4abe40ad
dv3-A-poisson-000783,3,A,poisson,783,,,,3:1:0:783,,test,1,377.6597905882287,,,,,,,,,,,,,,,,,,,,0.0,,,1,363,1,exact,,,,,,,,1.4707999071106315e-05,2b81556e1eb03eb4585cb0220a08afe88f07b8a5
dv3-A-poisson-000784,3,A,poisson,784,,,,3:1:0:784,,test,1,693.7486160440076,,,,,,,,,,,,,,,,,,,,0.0,,,1,746,1,exact,,,,,,,,1.945800249814056e-05,72d721b420ad4dc558dd1d25ac82a2277fbcbc47
dv3-A-poisson-000785,3,A,poisson,785,,,,3:1:0:785,,test,1,380.97123386406935,,,,,,,,,,,,,,,,,,,,0.0,,,1,395,1,exact,,,,,,,,1.3875000149710104e-05,86e9e30e2b6e49848a0414943655492772e333d9
dv3-A-poisson-000786,3,A,poisson,786,,,,3:1:0:786,,test,1,465.22372509205286,,,,,,,,,,,,,,,,,,,,0.0,,,1,447,1,exact,,,,,,,,1.445800080546178e-05,000c9b25084d3263918a91a215a1e13a9ede7eb9
dv3-A-poisson-000787,3,A,poisson,787,,,,3:1:0:787,,test,1,158.8838444567066,,,,,,,,,,,,,,,,,,,,0.0,,,1,157,1,exact,,,,,,,,1.0874999134102836e-05,e46ab4277211b385ac26247ca4f65d69247e3271
dv3-A-poisson-000788,3,A,poisson,788,,,,3:1:0:788,,test,1,265.90487268030677,,,,,,,,,,,,,,,,,,,,0.0,,,1,295,1,exact,,,,,,,,1.2958000297658145e-05,f36d0bbd7bb30ed753d05f652091a22a0f873308
dv3-A-poisson-000789,3,A,poisson,789,,,,3:1:0:789,,test,1,246.80813385027784,,,,,,,,,,,,,,,,,,,,0.0,,,1,222,1,exact,,,,,,,,1.3208999007474631e-05,89557bb08645555658ce2a133bdcf61db8d6a1c6
dv3-A-poisson-000790,3,A,poisson,790,,,,3:1:0:790,,test,1,127.72345459827656,,,,,,,,,,,,,,,,,,,,0.0,,,1,126,1,exact,,,,,,,,1.0791998647619039e-05,166b121bde7a16aeaa1c0e2fd453d687e0951379
dv3-A-poisson-000791,3,A,poisson,791,,,,3:1:0:791,,test,1,310.31577337777634,,,,,,,,,,,,,,,,,,,,0.0,,,1,343,1,exact,,,,,,,,1.300000076298602e-05,79073b6b4035b950bbd2457c2607a40b96b45af7
dv3-A-poisson-000792,3,A,poisson,792,,,,3:1:0:792,,test,1,444.08180601894463,,,,,,,,,,,,,,,,,,,,0.0,,,1,409,1,exact,,,,,,,,1.5666999388486147e-05,12c2975d52fa1ee25d2f56dda26971c6d4c9de73
dv3-A-poisson-000793,3,A,poisson,793,,,,3:1:0:793,,test,1,101.76831216323343,,,,,,,,,,,,,,,,,,,,0.0,,,1,119,1,exact,,,,,,,,1.0374998964834958e-05,e16ff4c40417cd6703b46d1ae39963718ff07fb5
dv3-A-poisson-000794,3,A,poisson,794,,,,3:1:0:794,,test,1,337.29510856796867,,,,,,,,,,,,,,,,,,,,0.0,,,1,332,1,exact,,,,,,,,1.3165998097974807e-05,2df5038c7ac7a2b1d3d04f03022fc9ec12a79a1d
dv3-A-poisson-000795,3,A,poisson,795,,,,3:1:0:795,,test,1,375.2728047709483,,,,,,,,,,,,,,,,,,,,0.0,,,1,380,1,exact,,,,,,,,1.3875000149710104e-05,8fe460cda34e6fdb34da6177ded829c22d74654c
dv3-A-poisson-000796,3,A,poisson,796,,,,3:1:0:796,,test,1,109.80767432842735,,,,,,,,,,,,,,,,,,,,0.0,,,1,107,1,exact,,,,,,,,1.1833999451482669e-05,1e25f6f9ebf3ad07b28a3230ea70d9e74d442223
dv3-A-poisson-000797,3,A,poisson,797,,,,3:1:0:797,,test,1,143.85713995853905,,,,,,,,,,,,,,,,,,,,0.0,,,1,144,1,exact,,,,,,,,1.0583000403130427e-05,1a49fb597b108aab1048af6b53162df73d196d12
dv3-A-poisson-000798,3,A,poisson,798,,,,3:1:0:798,,test,1,109.81556490123519,,,,,,,,,,,,,,,,,,,,0.0,,,1,117,1,exact,,,,,,,,1.0708001354942098e-05,16034f7c7806673c462aeb39383f0bd81075f635
dv3-A-poisson-000799,3,A,poisson,799,,,,3:1:0:799,,test,1,318.50642805833616,,,,,,,,,,,,,,,,,,,,0.0,,,1,297,1,exact,,,,,,,,1.3208002201281488e-05,d2d643e9146afc07281bb48d6f3e97e8769b2b2e
dv3-A-poisson-000800,3,A,poisson,800,,,,3:1:0:800,,test,1,308.87550770647874,,,,,,,,,,,,,,,,,,,,0.0,,,1,336,1,exact,,,,,,,,1.349999729427509e-05,cf386b2a1622d1bd5443d849c830268b2146a404
dv3-A-poisson-000801,3,A,poisson,801,,,,3:1:0:801,,test,1,427.20053607550835,,,,,,,,,,,,,,,,,,,,0.0,,,1,415,1,exact,,,,,,,,1.570799940964207e-05,0a7d0f0191ce08eef634bd44f6152a4fc5642436
dv3-A-poisson-000802,3,A,poisson,802,,,,3:1:0:802,,test,1,105.04722844050325,,,,,,,,,,,,,,,,,,,,0.0,,,1,104,1,exact,,,,,,,,1.049999991664663e-05,dfc919b85bb4b5c53f331d1503d9c3112667ea33
dv3-A-poisson-000803,3,A,poisson,803,,,,3:1:0:803,,test,1,685.6753943448722,,,,,,,,,,,,,,,,,,,,0.0,,,1,607,1,exact,,,,,,,,1.787499786587432e-05,c65819c8d23b89bc9abd7d5c7449fa195a81efe4
dv3-A-poisson-000804,3,A,poisson,804,,,,3:1:0:804,,test,1,111.55945083895024,,,,,,,,,,,,,,,,,,,,0.0,,,1,112,1,exact,,,,,,,,1.0666997695807368e-05,b020755ffaa29dfa706f3f74f2f05730e6abc0f5
dv3-A-poisson-000805,3,A,poisson,805,,,,3:1:0:805,,test,1,210.30380807869346,,,,,,,,,,,,,,,,,,,,0.0,,,1,187,1,exact,,,,,,,,1.133399928221479e-05,f5f63a140d9d7db5890d945fac322dc69815f931
dv3-A-poisson-000806,3,A,poisson,806,,,,3:1:0:806,,test,1,446.04438297873406,,,,,,,,,,,,,,,,,,,,0.0,,,1,428,1,exact,,,,,,,,1.4334000297822058e-05,78570dcc2e7afe7ced75a6cef28c4107b56d5a5a
dv3-A-poisson-000807,3,A,poisson,807,,,,3:1:0:807,,test,1,220.74890670664885,,,,,,,,,,,,,,,,,,,,0.0,,,1,209,1,exact,,,,,,,,1.162499756901525e-05,91465975d33e16781b06ab2c2e393adf25f1d150
dv3-A-poisson-000808,3,A,poisson,808,,,,3:1:0:808,,test,1,266.0421776486628,,,,,,,,,,,,,,,,,,,,0.0,,,1,252,1,exact,,,,,,,,1.2208001862745732e-05,c76a108e27dc216b33d518887e7f6f0297cb5eb5
dv3-A-poisson-000809,3,A,poisson,809,,,,3:1:0:809,,test,1,335.86499304432937,,,,,,,,,,,,,,,,,,,,0.0,,,1,356,1,exact,,,,,,,,1.529200017102994e-05,d5c9d5bf600afa19a45c0cd19eca24682c50cc40
dv3-A-poisson-000810,3,A,poisson,810,,,,3:1:0:810,,test,1,299.5888306729513,,,,,,,,,,,,,,,,,,,,0.0,,,1,299,1,exact,,,,,,,,1.2833999790018424e-05,413bd82b826bb2cb43f9b91afa59d4d60f6edf9e
dv3-A-poisson-000811,3,A,poisson,811,,,,3:1:0:811,,test,1,352.099956652621,,,,,,,,,,,,,,,,,,,,0.0,,,1,332,1,exact,,,,,,,,1.3624998246086761e-05,9cdfe5fd8d1266e3cd3cf7003b5509c2ec2ad5a7
dv3-A-poisson-000812,3,A,poisson,812,,,,3:1:0:812,,test,1,181.16411025424497,,,,,,,,,,,,,,,,,,,,0.0,,,1,173,1,exact,,,,,,,,1.1166001058882102e-05,386bc0f4f9d1fa3408edf18fb6566637047fca86
dv3-A-poisson-000813,3,A,poisson,813,,,,3:1:0:813,,test,1,125.6954258271096,,,,,,,,,,,,,,,,,,,,0.0,,,1,137,1,exact,,,,,,,,1.058299676515162e-05,3a8e9211fe877404b77bb2a0496075ace3d5914c
dv3-A-poisson-000814,3,A,poisson,814,,,,3:1:0:814,,test,1,406.98976392787046,,,,,,,,,,,,,,,,,,,,0.0,,,1,369,1,exact,,,,,,,,1.3916000170866027e-05,57701aed231976d39cf19f8c2ddb69de22eba081
dv3-A-poisson-000815,3,A,poisson,815,,,,3:1:0:815,,test,1,110.60690624117868,,,,,,,,,,,,,,,,,,,,0.0,,,1,116,1,exact,,,,,,,,1.049999991664663e-05,a8ed55bdf1ed7eeda944b5f971a7005113602be0
dv3-A-poisson-000816,3,A,poisson,816,,,,3:1:0:816,,test,1,209.69408176442795,,,,,,,,,,,,,,,,,,,,0.0,,,1,204,1,exact,,,,,,,,1.162499756901525e-05,f41e07acbbc34f4ef7b13a325d1d9685aebb10c1
dv3-A-poisson-000817,3,A,poisson,817,,,,3:1:0:817,,test,1,283.32948299203053,,,,,,,,,,,,,,,,,,,,0.0,,,1,303,1,exact,,,,,,,,1.4334000297822058e-05,0955584e5f99d8717d38bcd2570ac3ee3133d346
dv3-A-poisson-000818,3,A,poisson,818,,,,3:1:0:818,,test,1,147.76023104278585,,,,,,,,,,,,,,,,,,,,0.0,,,1,169,1,exact,,,,,,,,1.1166001058882102e-05,2d61d7920e177dfabbe893f49a72d36e3fa12e4d
dv3-A-poisson-000819,3,A,poisson,819,,,,3:1:0:819,,test,1,467.7434193893375,,,,,,,,,,,,,,,,,,,,0.0,,,1,426,1,exact,,,,,,,,1.4208999346010387e-05,9c00f7bd17d89f695ebcb7e1d2c744bf8029c09d
dv3-A-poisson-000820,3,A,poisson,820,,,,3:1:0:820,,test,1,403.6423501114169,,,,,,,,,,,,,,,,,,,,0.0,,,1,417,1,exact,,,,,,,,1.4499997632810846e-05,468615838a69f425afff3fa348c8a273853bec32
dv3-A-poisson-000821,3,A,poisson,821,,,,3:1:0:821,,test,1,331.3590433640626,,,,,,,,,,,,,,,,,,,,0.0,,,1,348,1,exact,,,,,,,,1.354100095340982e-05,115583d0f06e66d0d518571baf3004d71dc247f0
dv3-A-poisson-000822,3,A,poisson,822,,,,3:1:0:822,,test,1,101.40101952302231,,,,,,,,,,,,,,,,,,,,0.0,,,1,104,1,exact,,,,,,,,1.0416002623969689e-05,c4d76e98ed3947e9be1ab9843ed55461c61b391b
dv3-A-poisson-000823,3,A,poisson,823,,,,3:1:0:823,,test,1,105.67303146005567,,,,,,,,,,,,,,,,,,,,0.0,,,1,97,1,exact,,,,,,,,1.020900162984617e-05,33de47c6f381821e85356cede7e9c75ef5626581
dv3-A-poisson-000824,3,A,poisson,824,,,,3:1:0:824,,test,1,106.14959191713763,,,,,,,,,,,,,,,,,,,,0.0,,,1,108,1,exact,,,,,,,,1.0292002116329968e-05,38e7772efa65aedf00e970c24720dcc5e17189cf
dv3-A-poisson-000825,3,A,poisson,825,,,,3:1:0:825,,test,1,120.6273488492444,,,,,,,,,,,,,,,,,,,,0.0,,,1,123,1,exact,,,,,,,,1.0458999895490706e-05,a6594d22d76ba41e32e7554f19b2929aff9a1c31
dv3-A-poisson-000826,3,A,poisson,826,,,,3:1:0:826,,test,1,420.98608955367666,,,,,,,,,,,,,,,,,,,,0.0,,,1,431,1,exact,,,,,,,,1.5957997675286606e-05,7d70ce035f1120b524f34364435201c1a7613515
dv3-A-poisson-000827,3,A,poisson,827,,,,3:1:0:827,,test,1,636.4787352125009,,,,,,,,,,,,,,,,,,,,0.0,,,1,651,1,exact,,,,,,,,1.833400165196508e-05,2a07ab87495306b0a416d2a46be6c3ca87f80600
dv3-A-poisson-000828,3,A,poisson,828,,,,3:1:0:828,,test,1,275.5855274203319,,,,,,,,,,,,,,,,,,,,0.0,,,1,277,1,exact,,,,,,,,1.2583001080201939e-05,7997e31b06906c07f3f84073aa7721bab83d0525
dv3-A-poisson-000829,3,A,poisson,829,,,,3:1:0:829,,test,1,308.49686220334803,,,,,,,,,,,,,,,,,,,,0.0,,,1,309,1,exact,,,,,,,,1.2874999811174348e-05,c8ba45a6d8984a112f364dcd258545d43d796a86
dv3-A-poisson-000830,3,A,poisson,830,,,,3:1:0:830,,test,1,136.09012026913578,,,,,,,,,,,,,,,,,,,,0.0,,,1,151,1,exact,,,,,,,,1.1000000085914508e-05,3749cb0eb2e7b1ca3f94564a40b3f96c2b3c67a7
dv3-A-poisson-000831,3,A,poisson,831,,,,3:1:0:831,,test,1,320.41777385215016,,,,,,,,,,,,,,,,,,,,0.0,,,1,294,1,exact,,,,,,,,1.2541997421067208e-05,14a37bb69f42b2c5443bee39ca34f97bf22190a7
dv3-A-poisson-000832,3,A,poisson,832,,,,3:1:0:832,,test,1,798.5828320017265,,,,,,,,,,,,,,,,,,,,0.0,,,1,754,1,exact,,,,,,,,2.2500000341096893e-05,b0775a11ea073a04b9ed74dfb2c6c6c5d1c0b7dc
dv3-A-poisson-000833,3,A,poisson,833,,,,3:1:0:833,,test,1,317.60322383228134,,,,,,,,,,,,,,,,,,,,0.0,,,1,332,1,exact,,,,,,,,1.34170004457701e-05,8d64aadef79a26f33a1a2723d187543f93722f1a
dv3-A-poisson-000834,3,A,poisson,834,,,,3:1:0:834,,test,1,344.50060176916526,,,,,,,,,,,,,,,,,,,,0.0,,,1,356,1,exact,,,,,,,,1.3250002666609362e-05,556a9e1a6342bdfa0ce09b63ef8ccae66e25c2ef
dv3-A-poisson-000835,3,A,poisson,835,,,,3:1:0:835,,test,1,145.53128860550635,,,,,,,,,,,,,,,,,,,,0.0,,,1,155,1,exact,,,,,,,,1.1125001037726179e-05,fd44f0a4d2c24ed6db854c116b473a67b9375662
dv3-A-poisson-000836,3,A,poisson,836,,,,3:1:0:836,,test,1,123.99751241824595,,,,,,,,,,,,,,,,,,,,0.0,,,1,128,1,exact,,,,,,,,1.091699959943071e-05,3775d3e4cff08e252a41c468da8fb2983261f174
dv3-A-poisson-000837,3,A,poisson,837,,,,3:1:0:837,,test,1,444.03730726361596,,,,,,,,,,,,,,,,,,,,0.0,,,1,442,1,exact,,,,,,,,1.445800080546178e-05,e6839852e87061c4c5ef2f5f4510228880724f96
dv3-A-poisson-000838,3,A,poisson,838,,,,3:1:0:838,,test,1,298.0298501966259,,,,,,,,,,,,,,,,,,,,0.0,,,1,295,1,exact,,,,,,,,1.4166998880682513e-05,63e21c8ce84d3f73a6995cf46345da9b21eb3ef1
dv3-A-poisson-000839,3,A,poisson,839,,,,3:1:0:839,,test,1,636.7675514329017,,,,,,,,,,,,,,,,,,,,0.0,,,1,631,1,exact,,,,,,,,1.6833000699989498e-05,b3c465f46c53911b9454932e19c7c9611c96ea3d
dv3-A-poisson-000840,3,A,poisson,840,,,,3:1:0:840,,test,1,673.7939624122375,,,,,,,,,,,,,,,,,,,,0.0,,,1,706,1,exact,,,,,,,,1.7958998796530068e-05,7c38c2851cbaf1322d7b2c1169742ac71f8a0d7b
dv3-A-poisson-000841,3,A,poisson,841,,,,3:1:0:841,,test,1,164.6952353405408,,,,,,,,,,,,,,,,,,,,0.0,,,1,158,1,exact,,,,,,,,1.1083000572398305e-05,c2c21eae62f1a74e976ff17d6b83444dbfea5f15
dv3-A-poisson-000842,3,A,poisson,842,,,,3:1:0:842,,test,1,215.52336901924747,,,,,,,,,,,,,,,,,,,,0.0,,,1,243,1,exact,,,,,,,,1.1874999472638592e-05,fb9fcab32813402620e8dad4056d50c643d1d031
dv3-A-poisson-000843,3,A,poisson,843,,,,3:1:0:843,,test,1,723.840263102716,,,,,,,,,,,,,,,,,,,,0.0,,,1,767,1,exact,,,,,,,,1.995799902942963e-05,5eeb3b8f3fa27695645db00423adbf584c8fbbc5
dv3-A-poisson-000844,3,A,poisson,844,,,,3:1:0:844,,test,1,129.54603442060602,,,,,,,,,,,,,,,,,,,,0.0,,,1,142,1,exact,,,,,,,,1.1084001016570255e-05,54a2e8ff6100100183ea8c68ee730539c01c4a16
dv3-A-poisson-000845,3,A,poisson,845,,,,3:1:0:845,,test,1,609.357842916434,,,,,,,,,,,,,,,,,,,,0.0,,,1,614,1,exact,,,,,,,,1.6666999727021903e-05,c8d0d4c580c21356de4a53c57fc56f6a512f0ef5
dv3-A-poisson-000846,3,A,poisson,846,,,,3:1:0:846,,test,1,193.95340123120155,,,,,,,,,,,,,,,,,,,,0.0,,,1,190,1,exact,,,,,,,,1.1625001206994057e-05,7717694394fc798b5bcb5129390cda64dc1874f5
dv3-A-poisson-000847,3,A,poisson,847,,,,3:1:0:847,,test,1,230.05176579124992,,,,,,,,,,,,,,,,,,,,0.0,,,1,226,1,exact,,,,,,,,1.3249999028630555e-05,fb4caf0b8d493840d2cfe93128aa13229b2d1685
dv3-A-poisson-000848,3,A,poisson,848,,,,3:1:0:848,,test,1,109.9911558418035,,,,,,,,,,,,,,,,,,,,0.0,,,1,126,1,exact,,,,,,,,1.0583000403130427e-05,ba628d4260cd69f883a1dce10abecbb23522a189
dv3-A-poisson-000849,3,A,poisson,849,,,,3:1:0:849,,test,1,432.3034149139613,,,,,,,,,,,,,,,,,,,,0.0,,,1,414,1,exact,,,,,,,,1.6041998605942354e-05,dd9d6206fb7d1f8d82c9eb466812b2bef16e5a34
dv3-A-poisson-000850,3,A,poisson,850,,,,3:1:0:850,,test,1,177.57426473337793,,,,,,,,,,,,,,,,,,,,0.0,,,1,176,1,exact,,,,,,,,1.1374999303370714e-05,623404339a3768f943173ff1511ddf8bff855eb8
dv3-A-poisson-000851,3,A,poisson,851,,,,3:1:0:851,,test,1,127.2308301476376,,,,,,,,,,,,,,,,,,,,0.0,,,1,140,1,exact,,,,,,,,1.0957999620586634e-05,b987b6ea4fe525c5c70f503827269b2618200a80
dv3-A-poisson-000852,3,A,poisson,852,,,,3:1:0:852,,test,1,241.45780280188552,,,,,,,,,,,,,,,,,,,,0.0,,,1,241,1,exact,,,,,,,,1.2165997759439051e-05,31a75c7f69b0b72d3ec7224556fd4e1c6b32b14c
dv3-A-poisson-000853,3,A,poisson,853,,,,3:1:0:853,,test,1,607.6008067896037,,,,,,,,,,,,,,,,,,,,0.0,,,1,567,1,exact,,,,,,,,1.787499786587432e-05,af54cc301bc3733a6653293add814ce9dc39c8f8
dv3-A-poisson-000854,3,A,poisson,854,,,,3:1:0:854,,test,1,114.18334419787001,,,,,,,,,,,,,,,,,,,,0.0,,,1,115,1,exact,,,,,,,,1.058399720932357e-05,5b2aab08798e6b71bf5c1f16bbb584f6d2acf06b
dv3-A-poisson-000855,3,A,poisson,855,,,,3:1:0:855,,test,1,230.15811563900863,,,,,,,,,,,,,,,,,,,,0.0,,,1,211,1,exact,,,,,,,,1.208300091093406e-05,a97f564b2ea51b57672389d585613a5ea1dd6732
dv3-A-poisson-000856,3,A,poisson,856,,,,3:1:0:856,,test,1,174.69772720609393,,,,,,,,,,,,,,,,,,,,0.0,,,1,160,1,exact,,,,,,,,1.1000000085914508e-05,7219932c02a0b1b3ceb7b01830a8278f53cfd0d5
dv3-A-poisson-000857,3,A,poisson,857,,,,3:1:0:857,,test,1,316.5544990384752,,,,,,,,,,,,,,,,,,,,0.0,,,1,308,1,exact,,,,,,,,1.2834003427997231e-05,781a7815df8311e6b2c4c53f6670e599fdb6ae0d
dv3-A-poisson-000858,3,A,poisson,858,,,,3:1:0:858,,test,1,164.83936939886098,,,,,,,,,,,,,,,,,,,,0.0,,,1,159,1,exact,,,,,,,,1.125000198953785e-05,dd0c0ae2b8bde1e91dde5d3201e2a9ea3f5dac1d
dv3-A-poisson-000859,3,A,poisson,859,,,,3:1:0:859,,test,1,248.3081840433703,,,,,,,,,,,,,,,,,,,,0.0,,,1,252,1,exact,,,,,,,,1.229100234922953e-05,7a4b30b1305897c681bc34f2d8297f1a5cb5b52d
dv3-A-poisson-000860,3,A,poisson,860,,,,3:1:0:860,,test,1,445.51888431187547,,,,,,,,,,,,,,,,,,,,0.0,,,1,459,1,exact,,,,,,,,1.641599737922661e-05,4298ab383003e32cbd90c50ad0af53e7d6fd0113
dv3-A-poisson-000861,3,A,poisson,861,,,,3:1:0:861,,test,1,506.1973294062618,,,,,,,,,,,,,,,,,,,,0.0,,,1,482,1,exact,,,,,,,,1.654199877521023e-05,b259f1938332eaef33868a8e9342777dbbd8193e
dv3-A-poisson-000862,3,A,poisson,862,,,,3:1:0:862,,test,1,145.0303992920529,,,,,,,,,,,,,,,,,,,,0.0,,,1,155,1,exact,,,,,,,,1.1125001037726179e-05,50113077f11261c0761a9269d74e0fefbfd8bc17
dv3-A-poisson-000863,3,A,poisson,863,,,,3:1:0:863,,test,1,121.10200298558821,,,,,,,,,,,,,,,,,,,,0.0,,,1,108,1,exact,,,,,,,,1.0291998478351161e-05,b5a61567704c05bfde50634136703f563061bc3a
dv3-A-poisson-000864,3,A,poisson,864,,,,3:1:0:864,,test,1,157.51692640558525,,,,,,,,,,,,,,,,,,,,0.0,,,1,150,1,exact,,,,,,,,1.0791998647619039e-05,6cbb9e986d4d482dcc4d03e02f1af4c2503dff3d
dv3-A-poisson-000865,3,A,poisson,865,,,,3:1:0:865,,test,1,281.63695723275987,,,,,,,,,,,,,,,,,,,,0.0,,,1,279,1,exact,,,,,,,,1.2625001545529813e-05,3bba072c1f3583ed11dcc3c1c87ebd6bca0db9c2
dv3-A-poisson-000866,3,A,poisson,866,,,,3:1:0:866,,test,1,238.7730563678643,,,,,,,,,,,,,,,,,,,,0.0,,,1,245,1,exact,,,,,,,,1.1915999493794516e-05,db8aac9d3919de19c48dd2ecc40d2078d6449f2a
dv3-A-poisson-000867,3,A,poisson,867,,,,3:1:0:867,,test,1,169.1398190630396,,,,,,,,,,,,,,,,,,,,0.0,,,1,141,1,exact,,,,,,,,1.058399720932357e-05,91b22deec89ed846e16a15439d8e7ca049338e3c
dv3-A-poisson-000868,3,A,poisson,868,,,,3:1:0:868,,test,1,383.9328042004769,,,,,,,,,,,,,,,,,,,,0.0,,,1,408,1,exact,,,,,,,,1.5541998436674476e-05,ee41712c636dde8bf7015778febba2389583dff4
dv3-A-poisson-000869,3,A,poisson,869,,,,3:1:0:869,,test,1,173.86208824457037,,,,,,,,,,,,,,,,,,,,0.0,,,1,182,1,exact,,,,,,,,1.1249998351559043e-05,1b24353a688530f36c1a7bba37e9fb2fa9380864
dv3-A-poisson-000870,3,A,poisson,870,,,,3:1:0:870,,test,1,140.97723280468713,,,,,,,,,,,,,,,,,,,,0.0,,,1,133,1,exact,,,,,,,,1.0790998203447089e-05,9b5151cdbe1c83364a341d5564118b28065cf101
dv3-A-poisson-000871,3,A,poisson,871,,,,3:1:0:871,,test,1,151.55649884500073,,,,,,,,,,,,,,,,,,,,0.0,,,1,153,1,exact,,,,,,,,1.0791001841425896e-05,293549bc79b46ece22a6a92ac4b69af0a92a0aa5
dv3-A-poisson-000872,3,A,poisson,872,,,,3:1:0:872,,test,1,149.40398641061256,,,,,,,,,,,,,,,,,,,,0.0,,,1,143,1,exact,,,,,,,,1.2333999620750546e-05,bbdbc1414583e44f68b37d9f0f4772b88392c09e
dv3-A-poisson-000873,3,A,poisson,873,,,,3:1:0:873,,test,1,581.6296745284219,,,,,,,,,,,,,,,,,,,,0.0,,,1,571,1,exact,,,,,,,,1.7541002307552844e-05,4c0e1038f4d71e34736803b930ddf59291729b36
dv3-A-poisson-000874,3,A,poisson,874,,,,3:1:0:874,,test,1,138.97896905383377,,,,,,,,,,,,,,,,,,,,0.0,,,1,124,1,exact,,,,,,,,1.049999991664663e-05,2fc9af65ea71a9ea27b31e2c62661efbf63ed555
dv3-A-poisson-000875,3,A,poisson,875,,,,3:1:0:875,,test,1,269.51645790076174,,,,,,,,,,,,,,,,,,,,0.0,,,1,283,1,exact,,,,,,,,1.2249998690094799e-05,f11d39626c0ed7ab0cf1666926cf6f93b65f3ab2
dv3-A-poisson-000876,3,A,poisson,876,,,,3:1:0:876,,test,1,695.8586066340848,,,,,,,,,,,,,,,,,,,,0.0,,,1,681,1,exact,,,,,,,,1.8582999473437667e-05,0cc5f465a64ca6cab5fc067ffc9e5ad99f0f5afb
dv3-A-poisson-000877,3,A,poisson,877,,,,3:1:0:877,,test,1,384.24553721270576,,,,,,,,,,,,,,,,,,,,0.0,,,1,390,1,exact,,,,,,,,1.4041997928870842e-05,be17acea8543f4ca88b5fed1f517774ca84b4b5c
dv3-A-poisson-000878,3,A,poisson,878,,,,3:1:0:878,,test,1,104.12487327169578,,,,,,,,,,,,,,,,,,,,0.0,,,1,109,1,exact,,,,,,,,1.020800118567422e-05,5bb08976dfc6208453eb809a5caf41c058075e71
dv3-A-poisson-000879,3,A,poisson,879,,,,3:1:0:879,,test,1,113.5182678422439,,,,,,,,,,,,,,,,,,,,0.0,,,1,116,1,exact,,,,,,,,1.0291998478351161e-05,02880fc1a566c27bc493fbd268da0990b104db8b
dv3-A-poisson-000880,3,A,poisson,880,,,,3:1:0:880,,test,1,395.5592839501032,,,,,,,,,,,,,,,,,,,,0.0,,,1,387,1,exact,,,,,,,,1.3583998224930838e-05,7fac4697b7f95311803855927e0900a1c6046473
dv3-A-poisson-000881,3,A,poisson,881,,,,3:1:0:881,,test,1,146.5930485857559,,,,,,,,,,,,,,,,,,,,0.0,,,1,143,1,exact,,,,,,,,1.0666000889614224e-05,5f15a97675c94de9ec4ffcbfa934dcef068d4482
dv3-A-poisson-000882,3,A,poisson,882,,,,3:1:0:882,,test,1,454.3080977668017,,,,,,,,,,,,,,,,,,,,0.0,,,1,444,1,exact,,,,,,,,1.445900124963373e-05,fddd3c70a42a01a1e82a56387ff0af1510352a5d
dv3-A-poisson-000883,3,A,poisson,883,,,,3:1:0:883,,test,1,265.144234733334,,,,,,,,,,,,,,,,,,,,0.0,,,1,260,1,exact,,,,,,,,1.3917000615037978e-05,79eb16e594a22c306c0c8e9e3cdd7dc1fbf160c9
dv3-A-poisson-000884,3,A,poisson,884,,,,3:1:0:884,,test,1,104.3875721523002,,,,,,,,,,,,,,,,,,,,0.0,,,1,105,1,exact,,,,,,,,1.0375002602813765e-05,c4a6bc11447774d05e9fd8a351b048b6f6054cec
dv3-A-poisson-000885,3,A,poisson,885,,,,3:1:0:885,,test,1,310.00802873253616,,,,,,,,,,,,,,,,,,,,0.0,,,1,357,1,exact,,,,,,,,1.3332999515114352e-05,5be90e4d972b43a462c26ab7792ec09402e0f262
dv3-A-poisson-000886,3,A,poisson,886,,,,3:1:0:886,,test,1,130.34285698507108,,,,,,,,,,,,,,,,,,,,0.0,,,1,137,1,exact,,,,,,,,1.049999991664663e-05,1512b14f8d022e49c58d2f2d4c64322f68ab9df3
dv3-A-poisson-000887,3,A,poisson,887,,,,3:1:0:887,,test,1,325.5874202199856,,,,,,,,,,,,,,,,,,,,0.0,,,1,314,1,exact,,,,,,,,1.300000076298602e-05,02d9a751b127c5922a12cfe047fd769495172c74
dv3-A-poisson-000888,3,A,poisson,888,,,,3:1:0:888,,test,1,114.7015352114166,,,,,,,,,,,,,,,,,,,,0.0,,,1,126,1,exact,,,,,,,,1.2041000445606187e-05,2ec757c972bf33a8e160df15b00aeb380fc0f1e2
dv3-A-poisson-000889,3,A,poisson,889,,,,3:1:0:889,,test,1,147.24183648010617,,,,,,,,,,,,,,,,,,,,0.0,,,1,151,1,exact,,,,,,,,1.0707997716963291e-05,33e16a7fa95ea3145b9827538c0e979c7426c5c8
dv3-A-poisson-000890,3,A,poisson,890,,,,3:1:0:890,,test,1,544.1173104323951,,,,,,,,,,,,,,,,,,,,0.0,,,1,558,1,exact,,,,,,,,1.612499909242615e-05,6ff9dcdd380e3bea6f35945336194cc53c74cd62
dv3-A-poisson-000891,3,A,poisson,891,,,,3:1:0:891,,test,1,364.32825952474167,,,,,,,,,,,,,,,,,,,,0.0,,,1,376,1,exact,,,,,,,,1.6249996406259015e-05,02a6bf83146118b8bedc19d8000d32e6c254ed73
dv3-A-poisson-000892,3,A,poisson,892,,,,3:1:0:892,,test,1,199.40456999998818,,,,,,,,,,,,,,,,,,,,0.0,,,1,207,1,exact,,,,,,,,1.1709002137649804e-05,ae4d9fc848ef6031035c8c0e233f2b543305ca19
dv3-A-poisson-000893,3,A,poisson,893,,,,3:1:0:893,,test,1,101.84659163286322,,,,,,,,,,,,,,,,,,,,0.0,,,1,109,1,exact,,,,,,,,1.0457999451318756e-05,9f5f73afb151fc2f460bfc0767a513f8c0988b45
dv3-A-poisson-000894,3,A,poisson,894,,,,3:1:0:894,,test,1,735.5601129511921,,,,,,,,,,,,,,,,,,,,0.0,,,1,726,1,exact,,,,,,,,2.0040999515913427e-05,bfb1b8bb324432c1aa0ef4451c1a8d0b41636dd7
dv3-A-poisson-000895,3,A,poisson,895,,,,3:1:0:895,,test,1,415.0724857209731,,,,,,,,,,,,,,,,,,,,0.0,,,1,414,1,exact,,,,,,,,0.00032741700124461204,db5824def93f2d12d7530cc7a9e3ae3431c118cf
dv3-A-poisson-000896,3,A,poisson,896,,,,3:1:0:896,,test,1,586.3928926079024,,,,,,,,,,,,,,,,,,,,0.0,,,1,548,1,exact,,,,,,,,6.808299804106355e-05,64ae564ce9aa38a9a80457c4035250753178263d
dv3-A-poisson-000897,3,A,poisson,897,,,,3:1:0:897,,test,1,177.7373411064071,,,,,,,,,,,,,,,,,,,,0.0,,,1,186,1,exact,,,,,,,,2.7541002054931596e-05,f77040566541fbfab752a3f5f35352ceac89881e
dv3-A-poisson-000898,3,A,poisson,898,,,,3:1:0:898,,test,1,112.0599137520934,,,,,,,,,,,,,,,,,,,,0.0,,,1,128,1,exact,,,,,,,,2.370899892412126e-05,88ee3f98b9c8c07dfb90d135fec87199bd1f758d
dv3-A-poisson-000899,3,A,poisson,899,,,,3:1:0:899,,test,1,139.05292563656377,,,,,,,,,,,,,,,,,,,,0.0,,,1,126,1,exact,,,,,,,,2.2500000341096893e-05,379e048e30c6c166034f07e0090ac46d7d7beaee
dv3-A-poisson-000900,3,A,poisson,900,,,,3:1:0:900,,test,1,404.58309423711887,,,,,,,,,,,,,,,,,,,,0.0,,,1,429,1,exact,,,,,,,,3.5958000808022916e-05,ad358e2556b0864ac1eee5ca7f73a565826a7fbc
dv3-A-poisson-000901,3,A,poisson,901,,,,3:1:0:901,,test,1,105.10087336036129,,,,,,,,,,,,,,,,,,,,0.0,,,1,106,1,exact,,,,,,,,2.1209001715760678e-05,9374cba6ad1a29fc3bd95544abc2e535507df688
dv3-A-poisson-000902,3,A,poisson,902,,,,3:1:0:902,,test,1,467.0458411861146,,,,,,,,,,,,,,,,,,,,0.0,,,1,450,1,exact,,,,,,,,3.400000059627928e-05,0f418f8f76b4156286bee024f7cd33c207f26fff
dv3-A-poisson-000903,3,A,poisson,903,,,,3:1:0:903,,test,1,778.8249604346473,,,,,,,,,,,,,,,,,,,,0.0,,,1,764,1,exact,,,,,,,,4.175000140094198e-05,3fd08371a4c0114a6849ccc2db2ea2b06d44f07e
dv3-A-poisson-000904,3,A,poisson,904,,,,3:1:0:904,,test,1,184.38506695242413,,,,,,,,,,,,,,,,,,,,0.0,,,1,185,1,exact,,,,,,,,2.5417000870220363e-05,52cbfd295e489c35dca43d30f545cb922f4687bb
dv3-A-poisson-000905,3,A,poisson,905,,,,3:1:0:905,,test,1,150.6530766254973,,,,,,,,,,,,,,,,,,,,0.0,,,1,131,1,exact,,,,,,,,2.1791998733533546e-05,09502b441815db009af9388fd0f20d543e951d4d
dv3-A-poisson-000906,3,A,poisson,906,,,,3:1:0:906,,test,1,123.8016396460095,,,,,,,,,,,,,,,,,,,,0.0,,,1,127,1,exact,,,,,,,,3.504100095597096e-05,c37edb69d585c95e55bfab651a982d8fefebc3b3
dv3-A-poisson-000907,3,A,poisson,907,,,,3:1:0:907,,test,1,353.24280054256184,,,,,,,,,,,,,,,,,,,,0.0,,,1,355,1,exact,,,,,,,,2.7707999834092334e-05,7e7423ac960d4526281f4a4447d333e5e23a710f
dv3-A-poisson-000908,3,A,poisson,908,,,,3:1:0:908,,test,1,465.5485953193202,,,,,,,,,,,,,,,,,,,,0.0,,,1,510,1,exact,,,,,,,,3.258400101913139e-05,70ebd1dfa053f9cccf5715024d4268b0855405fb
dv3-A-poisson-000909,3,A,poisson,909,,,,3:1:0:909,,test,1,215.46104870782182,,,,,,,,,,,,,,,,,,,,0.0,,,1,209,1,exact,,,,,,,,2.4000000848900527e-05,a5916d7feaad0ce9a72bb62597c92f3e58624388
dv3-A-poisson-000910,3,A,poisson,910,,,,3:1:0:910,,test,1,142.22729756528588,,,,,,,,,,,,,,,,,,,,0.0,,,1,139,1,exact,,,,,,,,2.216700158896856e-05,fee545fc5ec2591796d7b3bc199cb1c158e6de03
dv3-A-poisson-000911,3,A,poisson,911,,,,3:1:0:911,,test,1,402.58722908428933,,,,,,,,,,,,,,,,,,,,0.0,,,1,412,1,exact,,,,,,,,3.108300006715581e-05,718a6ba1248351eb8dbfdde7ca4d428fcdc0bf3b
dv3-A-poisson-000912,3,A,poisson,912,,,,3:1:0:912,,test,1,595.8859563662677,,,,,,,,,,,,,,,,,,,,0.0,,,1,607,1,exact,,,,,,,,3.566699888324365e-05,37acd7873ce44319e176ea82d36bb2ed589fa49d
dv3-A-poisson-000913,3,A,poisson,913,,,,3:1:0:913,,test,1,162.72934731557075,,,,,,,,,,,,,,,,,,,,0.0,,,1,148,1,exact,,,,,,,,2.245900031994097e-05,4183a769a0f13a238a960062877ea8b111fa973e
dv3-A-poisson-000914,3,A,poisson,914,,,,3:1:0:914,,test,1,228.81749225453189,,,,,,,,,,,,,,,,,,,,0.0,,,1,222,1,exact,,,,,,,,2.3916996724437922e-05,fdbb0f845a819dee9167b7844a6ead5f3a99ddb9
dv3-A-poisson-000915,3,A,poisson,915,,,,3:1:0:915,,test,1,561.5706048833766,,,,,,,,,,,,,,,,,,,,0.0,,,1,516,1,exact,,,,,,,,3.6041001294506714e-05,0b3a3b338941213a77f3102f026f8da16c3026e3
dv3-A-poisson-000916,3,A,poisson,916,,,,3:1:0:916,,test,1,690.8732286246665,,,,,,,,,,,,,,,,,,,,0.0,,,1,676,1,exact,,,,,,,,3.691700112540275e-05,df197182d88dd06251f58869df272e39d7ef0a89
dv3-A-poisson-000917,3,A,poisson,917,,,,3:1:0:917,,test,1,358.93516555008375,,,,,,,,,,,,,,,,,,,,0.0,,,1,354,1,exact,,,,,,,,2.7624999347608536e-05,02cca0dd4c4c0a8d7c4dc373ae6cbf4e7293405b
dv3-A-poisson-000918,3,A,poisson,918,,,,3:1:0:918,,test,1,235.17678837318462,,,,,,,,,,,,,,,,,,,,0.0,,,1,222,1,exact,,,,,,,,2.433299960102886e-05,1a231b1567c813f82703f07d5f6a932ca547fa42
dv3-A-poisson-000919,3,A,poisson,919,,,,3:1:0:919,,test,1,141.1551864634142,,,,,,,,,,,,,,,,,,,,0.0,,,1,143,1,exact,,,,,,,,2.2290998458629474e-05,cad56e17b47a33ba7f4c74b55815c01db3cde898
dv3-A-poisson-000920,3,A,poisson,920,,,,3:1:0:920,,test,1,597.3653438590716,,,,,,,,,,,,,,,,,,,,0.0,,,1,618,1,exact,,,,,,,,3.429199932725169e-05,52d3178a1bab1a61f89b8ab9fe83c6b7667a20f6
dv3-A-poisson-000921,3,A,poisson,921,,,,3:1:0:921,,test,1,442.36803874152383,,,,,,,,,,,,,,,,,,,,0.0,,,1,451,1,exact,,,,,,,,3.0250001145759597e-05,2c6864832d3621b3bb887b757bbf1a7231dc0108
dv3-A-poisson-000922,3,A,poisson,922,,,,3:1:0:922,,test,1,132.8138413897191,,,,,,,,,,,,,,,,,,,,0.0,,,1,144,1,exact,,,,,,,,2.3250002413988113e-05,62a3c60bc449ac5ec8d320cab2f0abde6f30a502
dv3-A-poisson-000923,3,A,poisson,923,,,,3:1:0:923,,test,1,308.79524646576397,,,,,,,,,,,,,,,,,,,,0.0,,,1,320,1,exact,,,,,,,,2.6458998036105186e-05,04a45f091e998c6397146cd4a7ebbf10234b8ead
dv3-A-poisson-000924,3,A,poisson,924,,,,3:1:0:924,,test,1,136.44984902011618,,,,,,,,,,,,,,,,,,,,0.0,,,1,121,1,exact,,,,,,,,2.787500125123188e-05,79e683e4e1caabad3437c41b8fa7a9b0071ca5af
dv3-A-poisson-000925,3,A,poisson,925,,,,3:1:0:925,,test,1,160.59776179848336,,,,,,,,,,,,,,,,,,,,0.0,,,1,148,1,exact,,,,,,,,2.462499833200127e-05,622bd6c8cce9e81135a21820f66b5677e6bc203b
dv3-A-poisson-000926,3,A,poisson,926,,,,3:1:0:926,,test,1,163.86649006257167,,,,,,,,,,,,,,,,,,,,0.0,,,1,169,1,exact,,,,,,,,2.4290999135700986e-05,27c62cf90aabb4674f6a306c5133f0f386c5ff1b
dv3-A-poisson-000927,3,A,poisson,927,,,,3:1:0:927,,test,1,105.60064657215914,,,,,,,,,,,,,,,,,,,,0.0,,,1,93,1,exact,,,,,,,,2.0707997464342043e-05,ba0fb3b6f8034fc1c060cccb5e9856b9b3a96caa
dv3-A-poisson-000928,3,A,poisson,928,,,,3:1:0:928,,test,1,243.4946178363503,,,,,,,,,,,,,,,,,,,,0.0,,,1,248,1,exact,,,,,,,,2.4416000087512657e-05,0072fecadb118b206e0ecc85403d44011654e1df
dv3-A-poisson-000929,3,A,poisson,929,,,,3:1:0:929,,test,1,132.0474787993728,,,,,,,,,,,,,,,,,,,,0.0,,,1,146,1,exact,,,,,,,,2.579099964350462e-05,2a9da0898f8309360c2ffbcbbc1368219b52ae5d
dv3-A-poisson-000930,3,A,poisson,930,,,,3:1:0:930,,test,1,160.19248004375655,,,,,,,,,,,,,,,,,,,,0.0,,,1,170,1,exact,,,,,,,,2.300000051036477e-05,8232e3d3a7d2bc59d6b658c08f6ca5bbeefc0555
dv3-A-poisson-000931,3,A,poisson,931,,,,3:1:0:931,,test,1,439.59257922413934,,,,,,,,,,,,,,,,,,,,0.0,,,1,471,1,exact,,,,,,,,3.0499999411404133e-05,7c6d69c9bc5450787e893a1610fa0d55489d9b1e
dv3-A-poisson-000932,3,A,poisson,932,,,,3:1:0:932,,test,1,270.012577871517,,,,,,,,,,,,,,,,,,,,0.0,,,1,250,1,exact,,,,,,,,2.4707998818485066e-05,2e03fe0cda94bea4e710cfd19410095e4a064529
dv3-A-poisson-000933,3,A,poisson,933,,,,3:1:0:933,,test,1,269.77195559828726,,,,,,,,,,,,,,,,,,,,0.0,,,1,268,1,exact,,,,,,,,2.5042001652764156e-05,7b5a32f8bcc918c8f1b9fa7b8b8a7dccddea40ab
dv3-A-poisson-000934,3,A,poisson,934,,,,3:1:0:934,,test,1,175.7094861611512,,,,,,,,,,,,,,,,,,,,0.0,,,1,186,1,exact,,,,,,,,2.3042000975692645e-05,6e05ccb4f35d00f33a6f48757d1c688c6182f684
dv3-A-poisson-000935,3,A,poisson,935,,,,3:1:0:935,,test,1,159.00933887492374,,,,,,,,,,,,,,,,,,,,0.0,,,1,133,1,exact,,,,,,,,2.2125001123640686e-05,17d99be83ef9f6f209917f176bc54fc1ca98b7fb
dv3-A-poisson-000936,3,A,poisson,936,,,,3:1:0:936,,test,1,185.10628383828953,,,,,,,,,,,,,,,,,,,,0.0,,,1,151,1,exact,,,,,,,,2.2416999854613096e-05,e2dce49176eb890cff1da5fe863a96e86c2c8a42
dv3-A-poisson-000937,3,A,poisson,937,,,,3:1:0:937,,test,1,197.39993957727918,,,,,,,,,,,,,,,,,,,,0.0,,,1,171,1,exact,,,,,,,,2.2875003196531907e-05,3c082532982ce28c60338d20be21187957e22767
dv3-A-poisson-000938,3,A,poisson,938,,,,3:1:0:938,,test,1,168.63552827637318,,,,,,,,,,,,,,,,,,,,0.0,,,1,159,1,exact,,,,,,,,2.2541000362252817e-05,ab2d188ded05d9627a969a351add28e8493f87c1
dv3-A-poisson-000939,3,A,poisson,939,,,,3:1:0:939,,test,1,231.77099117947512,,,,,,,,,,,,,,,,,,,,0.0,,,1,259,1,exact,,,,,,,,2.9499999072868377e-05,b4ba1bec4b21f2ecb785d7c5b80db44c875d27bd
dv3-A-poisson-000940,3,A,poisson,940,,,,3:1:0:940,,test,1,225.23660233863728,,,,,,,,,,,,,,,,,,,,0.0,,,1,243,1,exact,,,,,,,,2.4917000700952485e-05,c045f36ec5a57ce31b20912501bb8af37079d684
dv3-A-poisson-000941,3,A,poisson,941,,,,3:1:0:941,,test,1,187.57679852157852,,,,,,,,,,,,,,,,,,,,0.0,,,1,178,1,exact,,,,,,,,3.308300074422732e-05,e3462ae6adf27dfc3902fb0c5f65b83cea0a4fa4
dv3-A-poisson-000942,3,A,poisson,942,,,,3:1:0:942,,test,1,549.3570073517845,,,,,,,,,,,,,,,,,,,,0.0,,,1,560,1,exact,,,,,,,,5.008300286135636e-05,9804a4a8dc2c73bc55740a9a7742a041bc0bb30c
dv3-A-poisson-000943,3,A,poisson,943,,,,3:1:0:943,,test,1,452.70689121447754,,,,,,,,,,,,,,,,,,,,0.0,,,1,465,1,exact,,,,,,,,3.579099939088337e-05,a0785e6b086dfeb91af67f84917c8292ef61ec5d
dv3-A-poisson-000944,3,A,poisson,944,,,,3:1:0:944,,test,1,485.2962371480241,,,,,,,,,,,,,,,,,,,,0.0,,,1,494,1,exact,,,,,,,,3.370899867150001e-05,6ffc6cc7ef999bd26e227c0daa9886d9d67c3a76
dv3-A-poisson-000945,3,A,poisson,945,,,,3:1:0:945,,test,1,708.138389852867,,,,,,,,,,,,,,,,,,,,0.0,,,1,646,1,exact,,,,,,,,5.1250000979052857e-05,becd8098747823815371f941d70eac012151c0f1
dv3-A-poisson-000946,3,A,poisson,946,,,,3:1:0:946,,test,1,622.3463343462575,,,,,,,,,,,,,,,,,,,,0.0,,,1,581,1,exact,,,,,,,,3.5624998417915776e-05,f6876ad5cfee8dd12d352428927b82cdb74b0022
dv3-A-poisson-000947,3,A,poisson,947,,,,3:1:0:947,,test,1,300.87788954012626,,,,,,,,,,,,,,,,,,,,0.0,,,1,299,1,exact,,,,,,,,2.7916998078580946e-05,e2dd4e2895229c5e19f5d2f8b540bfcb878aaf3a
dv3-A-poisson-000948,3,A,poisson,948,,,,3:1:0:948,,test,1,378.85207045477995,,,,,,,,,,,,,,,,,,,,0.0,,,1,394,1,exact,,,,,,,,5.4166001064004377e-05,4d495bfb950c2781435dc61918fd15f9489ebd24
dv3-A-poisson-000949,3,A,poisson,949,,,,3:1:0:949,,test,1,325.55411833465934,,,,,,,,,,,,,,,,,,,,0.0,,,1,344,1,exact,,,,,,,,2.870800017262809e-05,3593c4fdc10b627c9d7a0cbc58edb0c811ed914d
dv3-A-poisson-000950,3,A,poisson,950,,,,3:1:0:950,,test,1,196.86970543598133,,,,,,,,,,,,,,,,,,,,0.0,,,1,183,1,exact,,,,,,,,2.4666001991136e-05,a32a081a77c816643783e03e9337418f37ba1512
dv3-A-poisson-000951,3,A,poisson,951,,,,3:1:0:951,,test,1,711.8547526308543,,,,,,,,,,,,,,,,,,,,0.0,,,1,695,1,exact,,,,,,,,4.495900066103786e-05,328eb7996cc5e1fc29b5997d242234375477b8d5
dv3-A-poisson-000952,3,A,poisson,952,,,,3:1:0:952,,test,1,165.64988847747003,,,,,,,,,,,,,,,,,,,,0.0,,,1,156,1,exact,,,,,,,,6.841600043117069e-05,499931ec505a7953914bedf5cc4e0752cdf77a18
dv3-A-poisson-000953,3,A,poisson,953,,,,3:1:0:953,,test,1,100.71381120714813,,,,,,,,,,,,,,,,,,,,0.0,,,1,87,1,exact,,,,,,,,1.654100196901709e-05,ee8d8ceb13b540239cdf3651238b4fc94bebb786
dv3-A-poisson-000954,3,A,poisson,954,,,,3:1:0:954,,test,1,620.3167887584871,,,,,,,,,,,,,,,,,,,,0.0,,,1,639,1,exact,,,,,,,,1.8333998013986275e-05,d931c3448aeb4dc9c6d1061c270e71562bbed02d
dv3-A-poisson-000955,3,A,poisson,955,,,,3:1:0:955,,test,1,111.45030629249668,,,,,,,,,,,,,,,,,,,,0.0,,,1,107,1,exact,,,,,,,,1.1416999768698588e-05,ce2c08c21ca6560647f850eae0ba028dfeacf44f
dv3-A-poisson-000956,3,A,poisson,956,,,,3:1:0:956,,test,1,624.5292209738222,,,,,,,,,,,,,,,,,,,,0.0,,,1,615,1,exact,,,,,,,,1.750000228639692e-05,6e90b9c0d169064a28a43800f7041a62b3b45ce8
dv3-A-poisson-000957,3,A,poisson,957,,,,3:1:0:957,,test,1,677.8432542586055,,,,,,,,,,,,,,,,,,,,0.0,,,1,691,1,exact,,,,,,,,1.9709001207957044e-05,0bf1d5fd9506dbf9b836360194762fab1a72c21e
dv3-A-poisson-000958,3,A,poisson,958,,,,3:1:0:958,,test,1,720.6797278276681,,,,,,,,,,,,,,,,,,,,0.0,,,1,772,1,exact,,,,,,,,2.0916999346809462e-05,40e76ea796adf757d02d773a9576d7d56792b602
dv3-A-poisson-000959,3,A,poisson,959,,,,3:1:0:959,,test,1,685.6688616844676,,,,,,,,,,,,,,,,,,,,0.0,,,1,695,1,exact,,,,,,,,1.979200169444084e-05,f7ef076d54d624e159a5520431eb961b3e5687c2
dv3-A-poisson-000960,3,A,poisson,960,,,,3:1:0:960,,test,1,266.89611855536015,,,,,,,,,,,,,,,,,,,,0.0,,,1,296,1,exact,,,,,,,,3.908299913746305e-05,c5d1357c85d72ac2046b43e3db496efd393bae45
dv3-A-poisson-000961,3,A,poisson,961,,,,3:1:0:961,,test,1,188.78930774737853,,,,,,,,,,,,,,,,,,,,0.0,,,1,195,1,exact,,,,,,,,0.0001305840014538262,7d2742e644267807e79f053c63d42293cbfe7d46
dv3-A-poisson-000962,3,A,poisson,962,,,,3:1:0:962,,test,1,294.56247894562824,,,,,,,,,,,,,,,,,,,,0.0,,,1,266,1,exact,,,,,,,,2.8250000468688086e-05,096f9b0144161bd6238139508fcc1891dba0ff64
dv3-A-poisson-000963,3,A,poisson,963,,,,3:1:0:963,,test,1,406.15218999952145,,,,,,,,,,,,,,,,,,,,0.0,,,1,410,1,exact,,,,,,,,3.004099926329218e-05,b5f0bccd62ab03a0a59b2be8a87983638c284d31
dv3-A-poisson-000964,3,A,poisson,964,,,,3:1:0:964,,test,1,597.4375359992606,,,,,,,,,,,,,,,,,,,,0.0,,,1,570,1,exact,,,,,,,,3.474999903119169e-05,f1eaf3795d25570fa7f92405e1892905000489da
dv3-A-poisson-000965,3,A,poisson,965,,,,3:1:0:965,,test,1,287.8013799489209,,,,,,,,,,,,,,,,,,,,0.0,,,1,273,1,exact,,,,,,,,4.683299994212575e-05,3b2f1eb5269bc5cf12ccf7e218f1509e93ebd9c2
dv3-A-poisson-000966,3,A,poisson,966,,,,3:1:0:966,,test,1,246.08538092561173,,,,,,,,,,,,,,,,,,,,0.0,,,1,234,1,exact,,,,,,,,2.779100032057613e-05,28b514dd4609e2e975ffc0e4488416c227c8c95b
dv3-A-poisson-000967,3,A,poisson,967,,,,3:1:0:967,,test,1,374.59831303462084,,,,,,,,,,,,,,,,,,,,0.0,,,1,346,1,exact,,,,,,,,2.8041999030392617e-05,324152667a0698c5b4737adc7248873b0d327dd0
dv3-A-poisson-000968,3,A,poisson,968,,,,3:1:0:968,,test,1,692.3090588272436,,,,,,,,,,,,,,,,,,,,0.0,,,1,667,1,exact,,,,,,,,3.6583001929102466e-05,05c15e3675b4e140755e6a932fec508c721715c2
dv3-A-poisson-000969,3,A,poisson,969,,,,3:1:0:969,,test,1,118.85901337269704,,,,,,,,,,,,,,,,,,,,0.0,,,1,128,1,exact,,,,,,,,9.370800034957938e-05,1742dd38d8c8d3a03a12c705e73ead9bd46c9ad7
dv3-A-poisson-000970,3,A,poisson,970,,,,3:1:0:970,,test,1,740.1103387723764,,,,,,,,,,,,,,,,,,,,0.0,,,1,749,1,exact,,,,,,,,2.2416999854613096e-05,28fd112d77d09140a8833ea373fc9062965d5253
dv3-A-poisson-000971,3,A,poisson,971,,,,3:1:0:971,,test,1,143.302389056781,,,,,,,,,,,,,,,,,,,,0.0,,,1,97,1,exact,,,,,,,,0.00011649999942164868,afb086d894bbef8c03c4b20236b058393bb7a339
dv3-A-poisson-000972,3,A,poisson,972,,,,3:1:0:972,,test,1,579.2835031887589,,,,,,,,,,,,,,,,,,,,0.0,,,1,556,1,exact,,,,,,,,4.07920015277341e-05,3e57218156b940148ada7e376fcb397f5ec1d49f
dv3-A-poisson-000973,3,A,poisson,973,,,,3:1:0:973,,test,1,230.40095138306117,,,,,,,,,,,,,,,,,,,,0.0,,,1,244,1,exact,,,,,,,,3.470899901003577e-05,4162f4e4719b4576b158d0a4d9edec4a29b9c4ad
dv3-A-poisson-000974,3,A,poisson,974,,,,3:1:0:974,,test,1,212.88387070235197,,,,,,,,,,,,,,,,,,,,0.0,,,1,222,1,exact,,,,,,,,1.8958999135065824e-05,7a4ba0f3cd0777e8697dd08e7393653a07ed8f0c
dv3-A-poisson-000975,3,A,poisson,975,,,,3:1:0:975,,test,1,155.32160854942055,,,,,,,,,,,,,,,,,,,,0.0,,,1,181,1,exact,,,,,,,,3.941699833376333e-05,6b5b010db75cf465963902071e623cd8e0c1baef
dv3-A-poisson-000976,3,A,poisson,976,,,,3:1:0:976,,test,1,163.83733949057455,,,,,,,,,,,,,,,,,,,,0.0,,,1,184,1,exact,,,,,,,,1.4084002032177523e-05,2a8b07c0fda451d5c2acc8cbd14190fc1bf58b04
dv3-A-poisson-000977,3,A,poisson,977,,,,3:1:0:977,,test,1,275.81730781283056,,,,,,,,,,,,,,,,,,,,0.0,,,1,258,1,exact,,,,,,,,1.4250003005145118e-05,89ba50ccda96ecad77105a9162a45bb5f45b5078
dv3-A-poisson-000978,3,A,poisson,978,,,,3:1:0:978,,test,1,457.46313619943766,,,,,,,,,,,,,,,,,,,,0.0,,,1,451,1,exact,,,,,,,,1.7333000869257376e-05,ec58956ed20e592cc64d88da2f0ef9cb1c4e8c8a
dv3-A-poisson-000979,3,A,poisson,979,,,,3:1:0:979,,test,1,770.649722555877,,,,,,,,,,,,,,,,,,,,0.0,,,1,766,1,exact,,,,,,,,2.1624997316394e-05,b04be3dad2783b6920a2d892d6323e9f734639f7
dv3-A-poisson-000980,3,A,poisson,980,,,,3:1:0:980,,test,1,420.67090231321293,,,,,,,,,,,,,,,,,,,,0.0,,,1,427,1,exact,,,,,,,,1.5333000192185864e-05,3cf79ced925fcca2d3fdeace80f22ecc36f40cc0
dv3-A-poisson-000981,3,A,poisson,981,,,,3:1:0:981,,test,1,753.0365270131848,,,,,,,,,,,,,,,,,,,,0.0,,,1,756,1,exact,,,,,,,,1.937500201165676e-05,455f098e611aa4df665d21167dd70f269b9bfe5d
dv3-A-poisson-000982,3,A,poisson,982,,,,3:1:0:982,,test,1,477.15341677035525,,,,,,,,,,,,,,,,,,,,0.0,,,1,487,1,exact,,,,,,,,1.7250000382773578e-05,3b924b381c687a750f7daf4929d385299062e124
dv3-A-poisson-000983,3,A,poisson,983,,,,3:1:0:983,,test,1,207.71492467178368,,,,,,,,,,,,,,,,,,,,0.0,,,1,204,1,exact,,,,,,,,1.2167001841589808e-05,49610739f0c29f154bc6973c19a03e4b0d08b91f
dv3-A-poisson-000984,3,A,poisson,984,,,,3:1:0:984,,test,1,194.2047782424152,,,,,,,,,,,,,,,,,,,,0.0,,,1,213,1,exact,,,,,,,,1.2208998668938875e-05,420d5dbabe02a0e7b0e9fdcfb3540816675b7f00
dv3-A-poisson-000985,3,A,poisson,985,,,,3:1:0:985,,test,1,705.505421045123,,,,,,,,,,,,,,,,,,,,0.0,,,1,751,1,exact,,,,,,,,1.966600029845722e-05,018da34e070ef3cb6abdcd7195bf2331ef4f87bd
dv3-A-poisson-000986,3,A,poisson,986,,,,3:1:0:986,,test,1,283.8149838346495,,,,,,,,,,,,,,,,,,,,0.0,,,1,283,1,exact,,,,,,,,1.3207998563302681e-05,aa89bbc91346be60619fb4c62c946b1ff09f0988
dv3-A-poisson-000987,3,A,poisson,987,,,,3:1:0:987,,test,1,272.2507024370077,,,,,,,,,,,,,,,,,,,,0.0,,,1,273,1,exact,,,,,,,,3.354199725436047e-05,38301b8d1f8266cc2dc006e0f6829277dad72920
dv3-A-poisson-000988,3,A,poisson,988,,,,3:1:0:988,,test,1,583.1540883380071,,,,,,,,,,,,,,,,,,,,0.0,,,1,580,1,exact,,,,,,,,1.6791000234661624e-05,551f688977fff161396b9cade06b1047774dc85a
dv3-A-poisson-000989,3,A,poisson,989,,,,3:1:0:989,,test,1,426.0110085735058,,,,,,,,,,,,,,,,,,,,0.0,,,1,438,1,exact,,,,,,,,1.5124998753890395e-05,6248a99cef059494484e742f8551f7b78f70f503
dv3-A-poisson-000990,3,A,poisson,990,,,,3:1:0:990,,test,1,198.9977087800853,,,,,,,,,,,,,,,,,,,,0.0,,,1,181,1,exact,,,,,,,,1.1750002158805728e-05,8ca1643c1e87da628c9eb97613a851eb2f91e16f
dv3-A-poisson-000991,3,A,poisson,991,,,,3:1:0:991,,test,1,140.6639842780355,,,,,,,,,,,,,,,,,,,,0.0,,,1,146,1,exact,,,,,,,,1.424999936716631e-05,4ae14a3eb27d30fa4cfb797f34f87f3fcd7ab5da
dv3-A-poisson-000992,3,A,poisson,992,,,,3:1:0:992,,test,1,194.82881527124263,,,,,,,,,,,,,,,,,,,,0.0,,,1,206,1,exact,,,,,,,,1.1874999472638592e-05,04619ba64fd36bb4a29677b4c003e2ae187d5ac2
dv3-A-poisson-000993,3,A,poisson,993,,,,3:1:0:993,,test,1,256.56250652090205,,,,,,,,,,,,,,,,,,,,0.0,,,1,225,1,exact,,,,,,,,1.2167001841589808e-05,58e0d2247a114dffd22b29ffa65eb6ad99429298
dv3-A-poisson-000994,3,A,poisson,994,,,,3:1:0:994,,test,1,253.04363779875055,,,,,,,,,,,,,,,,,,,,0.0,,,1,282,1,exact,,,,,,,,1.2749998859362677e-05,1b582dfffe6c6b4e9454ffde2cea4bd4fcc6135d
dv3-A-poisson-000995,3,A,poisson,995,,,,3:1:0:995,,test,1,542.6021771323651,,,,,,,,,,,,,,,,,,,,0.0,,,1,519,1,exact,,,,,,,,1.5875000826781616e-05,ee9c5726e5a4ff53ba0c39c104c645b31eaa5596
dv3-A-poisson-000996,3,A,poisson,996,,,,3:1:0:996,,test,1,594.8081800554638,,,,,,,,,,,,,,,,,,,,0.0,,,1,605,1,exact,,,,,,,,1.6834001144161448e-05,b1211309ff90e102e451181ad21ad7bed2e13777
dv3-A-poisson-000997,3,A,poisson,997,,,,3:1:0:997,,test,1,223.6396343926105,,,,,,,,,,,,,,,,,,,,0.0,,,1,234,1,exact,,,,,,,,1.2541997421067208e-05,77ce76ac646f185e7219c34f4782f25020544d71
dv3-A-poisson-000998,3,A,poisson,998,,,,3:1:0:998,,test,1,377.51159489984934,,,,,,,,,,,,,,,,,,,,0.0,,,1,409,1,exact,,,,,,,,1.4082997950026765e-05,4ba6703ea48ab7af92d011b253d900c73366d88f
dv3-A-poisson-000999,3,A,poisson,999,,,,3:1:0:999,,test,1,243.44831879143908,,,,,,,,,,,,,,,,,,,,0.0,,,1,222,1,exact,,,,,,,,1.2084001355106011e-05,a7f0b28f15697c31de5ff92523755df7257ed032
dv3-A-poisson-001000,3,A,poisson,1000,,,,3:1:0:1000,,test,2,385.1149995398708,,,,,,,,,,,,,,,,,,,,0.0,,,1,371,1,exact,,,,,,,,0.0003227079978387337,c9f66f9179eaade9e709ce38ed287df4307c4b49
dv3-A-poisson-001001,3,A,poisson,1001,,,,3:1:0:1001,,test,2,170.01214401684086,,,,,,,,,,,,,,,,,,,,0.0,,,1,146,1,exact,,,,,,,,2.099999983329326e-05,8fd6bcfe17e8a09d39c0d4b94db6862fa6b97af2
dv3-A-poisson-001002,3,A,poisson,1002,,,,3:1:0:1002,,test,2,594.4737754809381,,,,,,,,,,,,,,,,,,,,0.0,,,1,576,1,exact,,,,,,,,2.1040999854449183e-05,d6c11a3a9de7b89145d5182d2292244f105f4978
dv3-A-poisson-001003,3,A,poisson,1003,,,,3:1:0:1003,,test,2,102.07749081444071,,,,,,,,,,,,,,,,,,,,0.0,,,1,117,1,exact,,,,,,,,1.791600152500905e-05,36df1dd7a74672bab0071f08bc5f929a7fe44ef9
dv3-A-poisson-001004,3,A,poisson,1004,,,,3:1:0:1004,,test,2,138.41314273061695,,,,,,,,,,,,,,,,,,,,0.0,,,1,109,1,exact,,,,,,,,1.2417000107234344e-05,745a487bdb153b72ce61c164503a3252729a479f
dv3-A-poisson-001005,3,A,poisson,1005,,,,3:1:0:1005,,test,2,225.95301955683905,,,,,,,,,,,,,,,,,,,,0.0,,,1,237,1,exact,,,,,,,,1.3790999219054356e-05,03efc4b514c0c9564aeeaf49dffe1cf25bf40cba
dv3-A-poisson-001006,3,A,poisson,1006,,,,3:1:0:1006,,test,2,540.9966209438114,,,,,,,,,,,,,,,,,,,,0.0,,,1,558,1,exact,,,,,,,,1.7624999600229785e-05,41ffeeccefd951663cfe0ab727a087123a3d2c84
dv3-A-poisson-001007,3,A,poisson,1007,,,,3:1:0:1007,,test,2,138.37367759506276,,,,,,,,,,,,,,,,,,,,0.0,,,1,160,1,exact,,,,,,,,1.2208001862745732e-05,2f4e547d6b8a9f4309608766a52c72b0d3c79d6d
dv3-A-poisson-001008,3,A,poisson,1008,,,,3:1:0:1008,,test,2,261.30640509805795,,,,,,,,,,,,,,,,,,,,0.0,,,1,258,1,exact,,,,,,,,1.3208002201281488e-05,f7d2b5049dc7ecff49d0fbd592788f33740f3025
dv3-A-poisson-001009,3,A,poisson,1009,,,,3:1:0:1009,,test,2,122.5328303865505,,,,,,,,,,,,,,,,,,,,0.0,,,1,122,1,exact,,,,,,,,1.133299883804284e-05,d1ef3abba7959cb79fd7aab5550dca114d5f78e5
dv3-A-poisson-001010,3,A,poisson,1010,,,,3:1:0:1010,,test,2,139.3608413751017,,,,,,,,,,,,,,,,,,,,0.0,,,1,157,1,exact,,,,,,,,1.1584001185838133e-05,c0bde6f6e3e7d284d2f674a8ff641cbd129ecfd0
dv3-A-poisson-001011,3,A,poisson,1011,,,,3:1:0:1011,,test,2,122.95787489340854,,,,,,,,,,,,,,,,,,,,0.0,,,1,123,1,exact,,,,,,,,1.1290998372714967e-05,57f22c0745c4feaa6b412565e9963a91cc8134c4
dv3-A-poisson-001012,3,A,poisson,1012,,,,3:1:0:1012,,test,2,421.4275176704773,,,,,,,,,,,,,,,,,,,,0.0,,,1,372,1,exact,,,,,,,,1.454199809813872e-05,14efe1d6a967e712c64d44a2633bf915d178165d
dv3-A-poisson-001013,3,A,poisson,1013,,,,3:1:0:1013,,test,2,370.557074067919,,,,,,,,,,,,,,,,,,,,0.0,,,1,365,1,exact,,,,,,,,1.4707999071106315e-05,27106a904040046c3cc94fcaac024a9a64218153
dv3-A-poisson-001014,3,A,poisson,1014,,,,3:1:0:1014,,test,2,682.6018754243321,,,,,,,,,,,,,,,,,,,,0.0,,,1,671,1,exact,,,,,,,,1.8167000234825537e-05,ec8165ded894f0aa16dd2df08cbb31eb27b0454c
dv3-A-poisson-001015,3,A,poisson,1015,,,,3:1:0:1015,,test,2,308.1667954679581,,,,,,,,,,,,,,,,,,,,0.0,,,1,301,1,exact,,,,,,,,1.3250002666609362e-05,cfecd3d4f989855e0add7da6f23d4b025d936e2c
dv3-A-poisson-001016,3,A,poisson,1016,,,,3:1:0:1016,,test,2,288.42863306363904,,,,,,,,,,,,,,,,,,,,0.0,,,1,274,1,exact,,,,,,,,1.2833999790018424e-05,aea350b0b40fa9db8dfa4bab3fc5a8a0e4c73317
dv3-A-poisson-001017,3,A,poisson,1017,,,,3:1:0:1017,,test,2,137.80813262893187,,,,,,,,,,,,,,,,,,,,0.0,,,1,134,1,exact,,,,,,,,1.3332999515114352e-05,774e393219f7122a1b2bf49647e232b76f7b0ab2
dv3-A-poisson-001018,3,A,poisson,1018,,,,3:1:0:1018,,test,2,282.1705440962857,,,,,,,,,,,,,,,,,,,,0.0,,,1,277,1,exact,,,,,,,,1.3042001228313893e-05,7e50e72a675ff430302216968fa084c349c8d297
dv3-A-poisson-001019,3,A,poisson,1019,,,,3:1:0:1019,,test,2,342.30629975026505,,,,,,,,,,,,,,,,,,,,0.0,,,1,345,1,exact,,,,,,,,1.3791999663226306e-05,055d09c2463ea8e91fd952ccc3418880bbb11911
dv3-A-poisson-001020,3,A,poisson,1020,,,,3:1:0:1020,,test,2,146.8304743249807,,,,,,,,,,,,,,,,,,,,0.0,,,1,156,1,exact,,,,,,,,1.1500000255182385e-05,19ecb58a54c99827d2825f7aa549e66b77632293
dv3-A-poisson-001021,3,A,poisson,1021,,,,3:1:0:1021,,test,2,433.70819665195165,,,,,,,,,,,,,,,,,,,,0.0,,,1,432,1,exact,,,,,,,,1.6416001017205417e-05,555d7e2b78f9305ff319d30b7300a113f219777e
dv3-A-poisson-001022,3,A,poisson,1022,,,,3:1:0:1022,,test,2,537.4360859679671,,,,,,,,,,,,,,,,,,,,0.0,,,1,535,1,exact,,,,,,,,1.6583999240538105e-05,0053bcf722e942ed104078a14c2daa4346d8cbe9
dv3-A-poisson-001023,3,A,poisson,1023,,,,3:1:0:1023,,test,2,518.9037977735521,,,,,,,,,,,,,,,,,,,,0.0,,,1,519,1,exact,,,,,,,,1.604200224392116e-05,3cda1806c752c17b655987db16c67b29752d1975
dv3-A-poisson-001024,3,A,poisson,1024,,,,3:1:0:1024,,test,2,123.6599839685961,,,,,,,,,,,,,,,,,,,,0.0,,,1,138,1,exact,,,,,,,,1.1083000572398305e-05,691e35ab0b8da4153da2c26bc18b3e10d0cd6fa0
dv3-A-poisson-001025,3,A,poisson,1025,,,,3:1:0:1025,,test,2,459.2959004816718,,,,,,,,,,,,,,,,,,,,0.0,,,1,467,1,exact,,,,,,,,1.5333000192185864e-05,4a7574b697326e1cb7955adaa0babec6050f0491
dv3-A-poisson-001026,3,A,poisson,1026,,,,3:1:0:1026,,test,2,752.3902723976239,,,,,,,,,,,,,,,,,,,,0.0,,,1,717,1,exact,,,,,,,,1.8582999473437667e-05,52153a1ca5c2788e5b14776d174274e7cf73feba
dv3-A-poisson-001027,3,A,poisson,1027,,,,3:1:0:1027,,test,2,162.360861645165,,,,,,,,,,,,,,,,,,,,0.0,,,1,188,1,exact,,,,,,,,1.2042000889778137e-05,9e903b1087fb07fda087d2ca1d785108f261cf91
dv3-A-poisson-001028,3,A,poisson,1028,,,,3:1:0:1028,,test,2,219.2768565026155,,,,,,,,,,,,,,,,,,,,0.0,,,1,233,1,exact,,,,,,,,1.237499964190647e-05,5dc17a5eb4420c980bf0afd0e9e03e12f5811556
dv3-A-poisson-001029,3,A,poisson,1029,,,,3:1:0:1029,,test,2,347.2342480406337,,,,,,,,,,,,,,,,,,,,0.0,,,1,324,1,exact,,,,,,,,1.3250002666609362e-05,1334d01872e86252d3963c0f0562131e552725ab
dv3-A-poisson-001030,3,A,poisson,1030,,,,3:1:0:1030,,test,2,118.30073203108005,,,,,,,,,,,,,,,,,,,,0.0,,,1,117,1,exact,,,,,,,,1.1000000085914508e-05,df445b1475483a4c5fbb491507344c7ab9c22c9f
dv3-A-poisson-001031,3,A,poisson,1031,,,,3:1:0:1031,,test,2,327.4059739858292,,,,,,,,,,,,,,,,,,,,0.0,,,1,314,1,exact,,,,,,,,1.3583998224930838e-05,c286b34f96a86973f008fee450af1ffa7d4497b7
dv3-A-poisson-001032,3,A,poisson,1032,,,,3:1:0:1032,,test,2,629.5880538701823,,,,,,,,,,,,,,,,,,,,0.0,,,1,577,1,exact,,,,,,,,1.716699989628978e-05,90c3b54d473e89950d1226c2ce32d1dda142fdff
dv3-A-poisson-001033,3,A,poisson,1033,,,,3:1:0:1033,,test,2,562.7908203373614,,,,,,,,,,,,,,,,,,,,0.0,,,1,518,1,exact,,,,,,,,1.6083999071270227e-05,9f9ce7b0bf61473e51d3032a29c7851144d285d2
dv3-A-poisson-001034,3,A,poisson,1034,,,,3:1:0:1034,,test,2,339.61351371891124,,,,,,,,,,,,,,,,,,,,0.0,,,1,358,1,exact,,,,,,,,3.9167000068118796e-05,390563dcf54a5e18f50f8cb110a1642822085485
dv3-A-poisson-001035,3,A,poisson,1035,,,,3:1:0:1035,,test,2,558.4670578470797,,,,,,,,,,,,,,,,,,,,0.0,,,1,569,1,exact,,,,,,,,1.6999998479150236e-05,2ffe7f39dabee166d2758b043604a4500c8c609a
dv3-A-poisson-001036,3,A,poisson,1036,,,,3:1:0:1036,,test,2,333.69343200971224,,,,,,,,,,,,,,,,,,,,0.0,,,1,343,1,exact,,,,,,,,1.3749999197898433e-05,ea22540b2c1889521e3752bcc234ac2418d12ab5
dv3-A-poisson-001037,3,A,poisson,1037,,,,3:1:0:1037,,test,2,472.2716266153277,,,,,,,,,,,,,,,,,,,,0.0,,,1,421,1,exact,,,,,,,,1.4624998584622517e-05,09ef1878735ca2060fb9ad71811d5a21c7d158d5
dv3-A-poisson-001038,3,A,poisson,1038,,,,3:1:0:1038,,test,2,399.673540910716,,,,,,,,,,,,,,,,,,,,0.0,,,1,432,1,exact,,,,,,,,1.645900192670524e-05,19605df57595c2d04c9219b8cb67c94173ec2398
dv3-A-poisson-001039,3,A,poisson,1039,,,,3:1:0:1039,,test,2,237.39563406765743,,,,,,,,,,,,,,,,,,,,0.0,,,1,222,1,exact,,,,,,,,1.2624997907551005e-05,cf49f0bbf96d9cf865deae552711fa6cd0f5d4a3
dv3-A-poisson-001040,3,A,poisson,1040,,,,3:1:0:1040,,test,2,101.52230386114344,,,,,,,,,,,,,,,,,,,,0.0,,,1,112,1,exact,,,,,,,,1.0874999134102836e-05,075c1302a33388e65ed29607043a2c53992d311a
dv3-A-poisson-001041,3,A,poisson,1041,,,,3:1:0:1041,,test,2,162.65846579508576,,,,,,,,,,,,,,,,,,,,0.0,,,1,170,1,exact,,,,,,,,1.1625001206994057e-05,5ed42b73b0d9cf815bae7067172a2f90b4d6a869
dv3-A-poisson-001042,3,A,poisson,1042,,,,3:1:0:1042,,test,2,343.8831208345809,,,,,,,,,,,,,,,,,,,,0.0,,,1,372,1,exact,,,,,,,,1.4208002539817244e-05,5c3f8af40644f030e9e782ef916c735433aaac1e
dv3-A-poisson-001043,3,A,poisson,1043,,,,3:1:0:1043,,test,2,636.9133145320329,,,,,,,,,,,,,,,,,,,,0.0,,,1,569,1,exact,,,,,,,,1.704199894447811e-05,98f37fba0de0f3c125f0f758ab7a955711a9971a
dv3-A-poisson-001044,3,A,poisson,1044,,,,3:1:0:1044,,test,2,248.74034751550212,,,,,,,,,,,,,,,,,,,,0.0,,,1,247,1,exact,,,,,,,,1.237499964190647e-05,e3921ba9513c9c37954a530afec72a7da6a9435e
dv3-A-poisson-001045,3,A,poisson,1045,,,,3:1:0:1045,,test,2,281.4875856428235,,,,,,,,,,,,,,,,,,,,0.0,,,1,289,1,exact,,,,,,,,1.3083001249469817e-05,6f75c8caad38b24951ca5cd16f081fe545c878ca
dv3-A-poisson-001046,3,A,poisson,1046,,,,3:1:0:1046,,test,2,142.56529694690033,,,,,,,,,,,,,,,,,,,,0.0,,,1,159,1,exact,,,,,,,,1.612499909242615e-05,7629f6a1ef14304ce3343a46eaa19c2741e01e99
dv3-A-poisson-001047,3,A,poisson,1047,,,,3:1:0:1047,,test,2,324.1664003017002,,,,,,,,,,,,,,,,,,,,0.0,,,1,344,1,exact,,,,,,,,1.3749999197898433e-05,b2502844cd077a2a4854bc967fcbc66ba0e90b7e
dv3-A-poisson-001048,3,A,poisson,1048,,,,3:1:0:1048,,test,2,737.7304889064983,,,,,,,,,,,,,,,,,,,,0.0,,,1,755,1,exact,,,,,,,,2.1916002879152074e-05,4c554806588b237bb41f1804d60518485f2fef7d
dv3-A-poisson-001049,3,A,poisson,1049,,,,3:1:0:1049,,test,2,122.8689772847869,,,,,,,,,,,,,,,,,,,,0.0,,,1,126,1,exact,,,,,,,,1.133299883804284e-05,3d85307f9a4b57917e3ce0c7070f142ca3d59eba
dv3-A-poisson-001050,3,A,poisson,1050,,,,3:1:0:1050,,test,2,117.44255968406688,,,,,,,,,,,,,,,,,,,,0.0,,,1,127,1,exact,,,,,,,,1.1041000107070431e-05,9aa20f152acc48b7030bd7bd61078a1a3f4b4b91
dv3-A-poisson-001051,3,A,poisson,1051,,,,3:1:0:1051,,test,2,123.60194724004954,,,,,,,,,,,,,,,,,,,,0.0,,,1,115,1,exact,,,,,,,,1.0791998647619039e-05,2d5b1990b59cf52140dfbce434f491ff5448c705
dv3-A-poisson-001052,3,A,poisson,1052,,,,3:1:0:1052,,test,2,265.71730545026185,,,,,,,,,,,,,,,,,,,,0.0,,,1,238,1,exact,,,,,,,,1.3208999007474631e-05,d070dbc27e59592fca372223286eaed7c3ead079
dv3-A-poisson-001053,3,A,poisson,1053,,,,3:1:0:1053,,test,2,289.0818589579231,,,,,,,,,,,,,,,,,,,,0.0,,,1,279,1,exact,,,,,,,,1.375000283587724e-05,c4475224401c2051c738647b6a4d1b4c9e7dd28a
dv3-A-poisson-001054,3,A,poisson,1054,,,,3:1:0:1054,,test,2,159.61618055440476,,,,,,,,,,,,,,,,,,,,0.0,,,1,155,1,exact,,,,,,,,1.1374999303370714e-05,698f83d5768cde53e0e985435eb29b7bd96764b3
dv3-A-poisson-001055,3,A,poisson,1055,,,,3:1:0:1055,,test,2,294.57111966266615,,,,,,,,,,,,,,,,,,,,0.0,,,1,320,1,exact,,,,,,,,1.3457996828947216e-05,e1040c9739cc44e5712c878ce161af0485f43942
dv3-A-poisson-001056,3,A,poisson,1056,,,,3:1:0:1056,,test,2,123.35793016865976,,,,,,,,,,,,,,,,,,,,0.0,,,1,141,1,exact,,,,,,,,1.1249998351559043e-05,0c9baffed8a777bc86cbb7f86a76f7913ec5aed7
dv3-A-poisson-001057,3,A,poisson,1057,,,,3:1:0:1057,,test,2,301.359044687369,,,,,,,,,,,,,,,,,,,,0.0,,,1,291,1,exact,,,,,,,,1.2874999811174348e-05,43009ee9289f38fb4a04a0d8b42789130a06e1f9
dv3-A-poisson-001058,3,A,poisson,1058,,,,3:1:0:1058,,test,2,680.5769444309275,,,,,,,,,,,,,,,,,,,,0.0,,,1,697,1,exact,,,,,,,,1.8749997252598405e-05,78bc7da66cf6dd9270c8f55003f8aee1dd539cef
dv3-A-poisson-001059,3,A,poisson,1059,,,,3:1:0:1059,,test,2,135.5150532785994,,,,,,,,,,,,,,,,,,,,0.0,,,1,126,1,exact,,,,,,,,1.2417000107234344e-05,cc01753935f6fef46ebcf726ad860517458e650a
dv3-A-poisson-001060,3,A,poisson,1060,,,,3:1:0:1060,,test,2,376.38416017943604,,,,,,,,,,,,,,,,,,,,0.0,,,1,355,1,exact,,,,,,,,1.3707998732570559e-05,4a4c60cdec5349b53194fef68075297fe5c4f18e
dv3-A-poisson-001061,3,A,poisson,1061,,,,3:1:0:1061,,test,2,493.2943807088394,,,,,,,,,,,,,,,,,,,,0.0,,,1,457,1,exact,,,,,,,,1.529200017102994e-05,0f91c7d814c093539a7cc33bff1bee2c42b65d0a
dv3-A-poisson-001062,3,A,poisson,1062,,,,3:1:0:1062,,test,2,262.4147737137682,,,,,,,,,,,,,,,,,,,,0.0,,,1,271,1,exact,,,,,,,,1.27909988805186e-05,8703deb7c7f40b625e7c7b53866aee57f22db304
dv3-A-poisson-001063,3,A,poisson,1063,,,,3:1:0:1063,,test,2,582.5001043418175,,,,,,,,,,,,,,,,,,,,0.0,,,1,591,1,exact,,,,,,,,1.662499926169403e-05,8cab1ec6af760b77646d2583cd42c61ccc317c98
dv3-A-poisson-001064,3,A,poisson,1064,,,,3:1:0:1064,,test,2,391.2423733022848,,,,,,,,,,,,,,,,,,,,0.0,,,1,397,1,exact,,,,,,,,2.2000000171829015e-05,18e0aece65962976135d502789ce5cdac22f0f4d
dv3-A-poisson-001065,3,A,poisson,1065,,,,3:1:0:1065,,test,2,221.22054644241902,,,,,,,,,,,,,,,,,,,,0.0,,,1,234,1,exact,,,,,,,,1.2166998203611001e-05,6f1da087e36ed15250293b8a61c3f85d029ad1f0
dv3-A-poisson-001066,3,A,poisson,1066,,,,3:1:0:1066,,test,2,582.0769750020777,,,,,,,,,,,,,,,,,,,,0.0,,,1,590,1,exact,,,,,,,,1.9874998542945832e-05,1498ba7d67ba1e2a813f9ad453c333306fad99b0
dv3-A-poisson-001067,3,A,poisson,1067,,,,3:1:0:1067,,test,2,604.0172379285154,,,,,,,,,,,,,,,,,,,,0.0,,,1,610,1,exact,,,,,,,,2.308300099684857e-05,5ec2b48c3b6e5a90ec027beeb20a7b942f09e4be
dv3-A-poisson-001068,3,A,poisson,1068,,,,3:1:0:1068,,test,2,127.29417934758611,,,,,,,,,,,,,,,,,,,,0.0,,,1,133,1,exact,,,,,,,,1.1041000107070431e-05,e318c36e5fa2257f3d4eaa3ff5184e0b33b25f53
dv3-A-poisson-001069,3,A,poisson,1069,,,,3:1:0:1069,,test,2,685.0681420820218,,,,,,,,,,,,,,,,,,,,0.0,,,1,693,1,exact,,,,,,,,1.7875001503853127e-05,02809339de87dbb54736d7c150cdaa226841145f
dv3-A-poisson-001070,3,A,poisson,1070,,,,3:1:0:1070,,test,2,312.8822887258917,,,,,,,,,,,,,,,,,,,,0.0,,,1,301,1,exact,,,,,,,,1.3207998563302681e-05,4ad7be5916df68719684c9890c1dcffc45a75788
dv3-A-poisson-001071,3,A,poisson,1071,,,,3:1:0:1071,,test,2,432.2039522849317,,,,,,,,,,,,,,,,,,,,0.0,,,1,393,1,exact,,,,,,,,1.4208999346010387e-05,3afe99aca807a399868f6de1df92e00976d8336f
dv3-A-poisson-001072,3,A,poisson,1072,,,,3:1:0:1072,,test,2,192.30870999695665,,,,,,,,,,,,,,,,,,,,0.0,,,1,192,1,exact,,,,,,,,1.1791998986154795e-05,616daff214994514714f28169ddbde49a729fa80
dv3-A-poisson-001073,3,A,poisson,1073,,,,3:1:0:1073,,test,2,564.5562881651178,,,,,,,,,,,,,,,,,,,,0.0,,,1,577,1,exact,,,,,,,,2.00829999812413e-05,5b30039ef492578a78d1e82bcc450e2e28c30779
dv3-A-poisson-001074,3,A,poisson,1074,,,,3:1:0:1074,,test,2,580.8956714722805,,,,,,,,,,,,,,,,,,,,0.0,,,1,622,1,exact,,,,,,,,2.029200186370872e-05,a527065793ed73383f37a493be3198fbe1eb6678
dv3-A-poisson-001075,3,A,poisson,1075,,,,3:1:0:1075,,test,2,238.6095771259769,,,,,,,,,,,,,,,,,,,,0.0,,,1,234,1,exact,,,,,,,,1.2290998711250722e-05,a866d5506bc74f985b8a22756dcaf893ba2a7f36
dv3-A-poisson-001076,3,A,poisson,1076,,,,3:1:0:1076,,test,2,510.80222238803634,,,,,,,,,,,,,,,,,,,,0.0,,,1,526,1,exact,,,,,,,,1.5875000826781616e-05,8587c1fcc045f93a1c20e50cdaa4b5ab5ce7c863
dv3-A-poisson-001077,3,A,poisson,1077,,,,3:1:0:1077,,test,2,503.600241286252,,,,,,,,,,,,,,,,,,,,0.0,,,1,485,1,exact,,,,,,,,1.5416997484862804e-05,38015c7396aafd8eec0c081ab5ac12452b2fd326
dv3-A-poisson-001078,3,A,poisson,1078,,,,3:1:0:1078,,test,2,557.037521472459,,,,,,,,,,,,,,,,,,,,0.0,,,1,525,1,exact,,,,,,,,1.883300137706101e-05,3adb10eeb8e35811d20e8b82e7b40485e0c937fd
dv3-A-poisson-001079,3,A,poisson,1079,,,,3:1:0:1079,,test,2,263.07780957621844,,,,,,,,,,,,,,,,,,,,0.0,,,1,265,1,exact,,,,,,,,1.3959001080365852e-05,611eef69da998eb65cf8e3332771a0ebc75d9ae4
dv3-A-poisson-001080,3,A,poisson,1080,,,,3:1:0:1080,,test,2,154.64377123519122,,,,,,,,,,,,,,,,,,,,0.0,,,1,164,1,exact,,,,,,,,1.1415999324526638e-05,9e313c60d1f2493b5da2196e6a72037c28ae1fef
dv3-A-poisson-001081,3,A,poisson,1081,,,,3:1:0:1081,,test,2,424.32497712033364,,,,,,,,,,,,,,,,,,,,0.0,,,1,428,1,exact,,,,,,,,1.458300175727345e-05,f65ed8e9e17c1f342694f1219e022bd559e57f83
dv3-A-poisson-001082,3,A,poisson,1082,,,,3:1:0:1082,,test,2,378.31942765950265,,,,,,,,,,,,,,,,,,,,0.0,,,1,385,1,exact,,,,,,,,1.716599945211783e-05,e727a6d3622d327b79ada0a63f155272091c521c
dv3-A-poisson-001083,3,A,poisson,1083,,,,3:1:0:1083,,test,2,147.76136610565715,,,,,,,,,,,,,,,,,,,,0.0,,,1,148,1,exact,,,,,,,,1.1084001016570255e-05,2b0014616f73a932e31e3f2989817a7d882813d0
dv3-A-poisson-001084,3,A,poisson,1084,,,,3:1:0:1084,,test,2,255.63865901888536,,,,,,,,,,,,,,,,,,,,0.0,,,1,276,1,exact,,,,,,,,1.2667002010857686e-05,b6fdfdeeb55019fada8495a48be795df50324b7a
dv3-A-poisson-001085,3,A,poisson,1085,,,,3:1:0:1085,,test,2,622.1857130094727,,,,,,,,,,,,,,,,,,,,0.0,,,1,596,1,exact,,,,,,,,1.9584000256145373e-05,4b494eafb7cb93735e5ff5b8d6d1e3fd2c03fa36
dv3-A-poisson-001086,3,A,poisson,1086,,,,3:1:0:1086,,test,2,507.9039010803702,,,,,,,,,,,,,,,,,,,,0.0,,,1,491,1,exact,,,,,,,,1.5665998944314197e-05,fdfd010c366d427871034bf3b65b9ecd6ca6b38b
dv3-A-poisson-001087,3,A,poisson,1087,,,,3:1:0:1087,,test,2,180.84199676296438,,,,,,,,,,,,,,,,,,,,0.0,,,1,183,1,exact,,,,,,,,1.1500000255182385e-05,5814f5fe3b6b68346f8c3e9d5d69ecf8ad460b70
dv3-A-poisson-001088,3,A,poisson,1088,,,,3:1:0:1088,,test,2,543.2669287547362,,,,,,,,,,,,,,,,,,,,0.0,,,1,544,1,exact,,,,,,,,1.9458999304333702e-05,5a2c6d05bdfae4b7ed29361fa85796db0507a0af
dv3-A-poisson-001089,3,A,poisson,1089,,,,3:1:0:1089,,test,2,232.35921127977187,,,,,,,,,,,,,,,,,,,,0.0,,,1,225,1,exact,,,,,,,,1.2125001376261935e-05,51611aae8ba50ecdaf4f8b49a5bb048a29cec7fc
dv3-A-poisson-001090,3,A,poisson,1090,,,,3:1:0:1090,,test,2,277.22745059400495,,,,,,,,,,,,,,,,,,,,0.0,,,1,291,1,exact,,,,,,,,1.2958000297658145e-05,a4ec1088bc45435b689536cf7b6e30343a1a12f4
dv3-A-poisson-001091,3,A,poisson,1091,,,,3:1:0:1091,,test,2,739.0936342624019,,,,,,,,,,,,,,,,,,,,0.0,,,1,692,1,exact,,,,,,,,1.779200101736933e-05,3efab051e6b9d4a6114d8eadd55a89731d2ff374
dv3-A-poisson-001092,3,A,poisson,1092,,,,3:1:0:1092,,test,2,170.1729864206483,,,,,,,,,,,,,,,,,,,,0.0,,,1,180,1,exact,,,,,,,,1.1500000255182385e-05,509832f023b8ff7d1a50aa3d1fbbaa09a578416e
dv3-A-poisson-001093,3,A,poisson,1093,,,,3:1:0:1093,,test,2,405.5954379123842,,,,,,,,,,,,,,,,,,,,0.0,,,1,420,1,exact,,,,,,,,1.4833000022917986e-05,46c5ee5bf68ef7c07f63ed3f0ddc9992dfb11433
dv3-A-poisson-001094,3,A,poisson,1094,,,,3:1:0:1094,,test,2,674.5123098792908,,,,,,,,,,,,,,,,,,,,0.0,,,1,704,1,exact,,,,,,,,2.633300027810037e-05,9dd9639b54911476632c57affa2a763d0b713fb9
dv3-A-poisson-001095,3,A,poisson,1095,,,,3:1:0:1095,,test,2,598.2937057803374,,,,,,,,,,,,,,,,,,,,0.0,,,1,606,1,exact,,,,,,,,2.0667001081164926e-05,8a6e3f724f21a7b1e531f9e86316b949246a49a7
dv3-A-poisson-001096,3,A,poisson,1096,,,,3:1:0:1096,,test,2,208.73404175212588,,,,,,,,,,,,,,,,,,,,0.0,,,1,221,1,exact,,,,,,,,1.2000000424450263e-05,a3e6cd7351a7eed56f8d13ef6f4abf83f0fb6864
dv3-A-poisson-001097,3,A,poisson,1097,,,,3:1:0:1097,,test,2,381.2961055127706,,,,,,,,,,,,,,,,,,,,0.0,,,1,403,1,exact,,,,,,,,1.4290999388322234e-05,c92b384ab5f2b31e68933a164aa5a542230fd479
dv3-A-poisson-001098,3,A,poisson,1098,,,,3:1:0:1098,,test,2,155.34218771126618,,,,,,,,,,,,,,,,,,,,0.0,,,1,146,1,exact,,,,,,,,1.1083000572398305e-05,fda5e3bdf9c0949a04d1b6e171005f95281e9e62
dv3-A-poisson-001099,3,A,poisson,1099,,,,3:1:0:1099,,test,2,631.900581466452,,,,,,,,,,,,,,,,,,,,0.0,,,1,629,1,exact,,,,,,,,1.8708000425249338e-05,b942de2c55f5cd0c21a538480827ba383dd9f974
dv3-A-poisson-001100,3,A,poisson,1100,,,,3:1:0:1100,,test,2,207.78222385136496,,,,,,,,,,,,,,,,,,,,0.0,,,1,214,1,exact,,,,,,,,1.2084001355106011e-05,d294e6b84317d5be5646baaebee59429fd8bb0a9
dv3-A-poisson-001101,3,A,poisson,1101,,,,3:1:0:1101,,test,2,152.46782163594966,,,,,,,,,,,,,,,,,,,,0.0,,,1,143,1,exact,,,,,,,,1.0874999134102836e-05,84608c62a1abb0ecba489db4d876a5aa695dc035
dv3-A-poisson-001102,3,A,poisson,1102,,,,3:1:0:1102,,test,2,206.34795155082065,,,,,,,,,,,,,,,,,,,,0.0,,,1,210,1,exact,,,,,,,,1.1874999472638592e-05,cd6107c35a606359900d854d89b2039984d061dc
dv3-A-poisson-001103,3,A,poisson,1103,,,,3:1:0:1103,,test,2,639.3336284633241,,,,,,,,,,,,,,,,,,,,0.0,,,1,611,1,exact,,,,,,,,1.8667000404093415e-05,6e7b0ad827c888feb3c1ccb1a932bc2b47b66080
dv3-A-poisson-001104,3,A,poisson,1104,,,,3:1:0:1104,,test,2,763.7338798679201,,,,,,,,,,,,,,,,,,,,0.0,,,1,711,1,exact,,,,,,,,1.8541999452281743e-05,2a9c13c0c035e0799d7d1c4ee1ff3bd9a1c381a1
dv3-A-poisson-001105,3,A,poisson,1105,,,,3:1:0:1105,,test,2,510.33206467744725,,,,,,,,,,,,,,,,,,,,0.0,,,1,532,1,exact,,,,,,,,1.6666999727021903e-05,12cf996675ab13755d2a59688f2e6a2a25d7b31d
dv3-A-poisson-001106,3,A,poisson,1106,,,,3:1:0:1106,,test,2,378.81566679470484,,,,,,,,,,,,,,,,,,,,0.0,,,1,395,1,exact,,,,,,,,1.454199809813872e-05,b64491d09b05b089c2138189c683378a9d962424
dv3-A-poisson-001107,3,A,poisson,1107,,,,3:1:0:1107,,test,2,194.27136701331392,,,,,,,,,,,,,,,,,,,,0.0,,,1,208,1,exact,,,,,,,,1.2209002306917682e-05,60fbbd4d35ff3d141cd60bb115257f13df318abc
dv3-A-poisson-001108,3,A,poisson,1108,,,,3:1:0:1108,,test,2,415.95754301692693,,,,,,,,,,,,,,,,,,,,0.0,,,1,421,1,exact,,,,,,,,1.466599860577844e-05,34b9646b17a1b65b9d667e65b8f83823a0f132fe
dv3-A-poisson-001109,3,A,poisson,1109,,,,3:1:0:1109,,test,2,502.2296027754007,,,,,,,,,,,,,,,,,,,,0.0,,,1,508,1,exact,,,,,,,,1.612499909242615e-05,04e4d9e3acdd78cce0f67e3078ad84ffe003c0ba
dv3-A-poisson-001110,3,A,poisson,1110,,,,3:1:0:1110,,test,2,734.3431784180123,,,,,,,,,,,,,,,,,,,,0.0,,,1,719,1,exact,,,,,,,,1.891699866973795e-05,fd29b6b7485cb63ec3c9a4264f84aae39227f327
dv3-A-poisson-001111,3,A,poisson,1111,,,,3:1:0:1111,,test,2,138.18053942064518,,,,,,,,,,,,,,,,,,,,0.0,,,1,119,1,exact,,,,,,,,1.091699959943071e-05,4504825d57e92351535c63a37a85a6b72588c769
dv3-A-poisson-001112,3,A,poisson,1112,,,,3:1:0:1112,,test,2,323.44344088459025,,,,,,,,,,,,,,,,,,,,0.0,,,1,311,1,exact,,,,,,,,1.3332999515114352e-05,a3954e06e872809eab5d71fb8f8619f8a87601b8
dv3-A-poisson-001113,3,A,poisson,1113,,,,3:1:0:1113,,test,2,244.64280997199737,,,,,,,,,,,,,,,,,,,,0.0,,,1,240,1,exact,,,,,,,,1.2458000128390267e-05,600b21f305e9fa2133710892708e8fb925eff266
dv3-A-poisson-001114,3,A,poisson,1114,,,,3:1:0:1114,,test,2,234.0388321584437,,,,,,,,,,,,,,,,,,,,0.0,,,1,220,1,exact,,,,,,,,1.2165997759439051e-05,3d0181b8b490d604b3b803622214eb22f52c3487
dv3-A-poisson-001115,3,A,poisson,1115,,,,3:1:0:1115,,test,2,158.57660149423094,,,,,,,,,,,,,,,,,,,,0.0,,,1,158,1,exact,,,,,,,,1.125000198953785e-05,39d3787924d7705f530baa950f69fd268ec59cfc
dv3-A-poisson-001116,3,A,poisson,1116,,,,3:1:0:1116,,test,2,244.26182616605146,,,,,,,,,,,,,,,,,,,,0.0,,,1,233,1,exact,,,,,,,,1.2207998224766925e-05,c758a97d3c024682cc5fed86da0ebd1b3537a5da
dv3-A-poisson-001117,3,A,poisson,1117,,,,3:1:0:1117,,test,2,603.1409099420478,,,,,,,,,,,,,,,,,,,,0.0,,,1,605,1,exact,,,,,,,,2.1083000319777057e-05,ac9973eca3c864be7230cfcb651610e48b27ce3e
dv3-A-poisson-001118,3,A,poisson,1118,,,,3:1:0:1118,,test,2,401.86444235743625,,,,,,,,,,,,,,,,,,,,0.0,,,1,419,1,exact,,,,,,,,1.4624998584622517e-05,8ce10e0dc48dc62562dc57db458d409feef0c033
dv3-A-poisson-001119,3,A,poisson,1119,,,,3:1:0:1119,,test,2,193.85822063602583,,,,,,,,,,,,,,,,,,,,0.0,,,1,204,1,exact,,,,,,,,1.1915999493794516e-05,8f0921ca79ca6b0af52f23c193fca2adcba4d5a5
dv3-A-poisson-001120,3,A,poisson,1120,,,,3:1:0:1120,,test,2,161.5815799892349,,,,,,,,,,,,,,,,,,,,0.0,,,1,162,1,exact,,,,,,,,1.1416999768698588e-05,3e4d9eaeee3e8eb3f87ade879dc817d3eaa93e68
dv3-A-poisson-001121,3,A,poisson,1121,,,,3:1:0:1121,,test,2,395.3500466816335,,,,,,,,,,,,,,,,,,,,0.0,,,1,383,1,exact,,,,,,,,1.4000001101521775e-05,fde1708e2de940ca7a20c69a2bcdb052d4d1433e
dv3-A-poisson-001122,3,A,poisson,1122,,,,3:1:0:1122,,test,2,443.1695608965302,,,,,,,,,,,,,,,,,,,,0.0,,,1,440,1,exact,,,,,,,,1.9708000763785094e-05,5a8dd3167c6581f532feb276fa810691ec6d413f
dv3-A-poisson-001123,3,A,poisson,1123,,,,3:1:0:1123,,test,2,476.7231488534604,,,,,,,,,,,,,,,,,,,,0.0,,,1,487,1,exact,,,,,,,,2.1666000975528732e-05,340ea0e7cae1caf401cbb787c77cc57e4d15bfc5
dv3-A-poisson-001124,3,A,poisson,1124,,,,3:1:0:1124,,test,2,178.90979575047655,,,,,,,,,,,,,,,,,,,,0.0,,,1,173,1,exact,,,,,,,,1.166700167232193e-05,1fab6974aa52e9bb7227a2ab240e244a8b41185a
dv3-A-poisson-001125,3,A,poisson,1125,,,,3:1:0:1125,,test,2,317.1154495655458,,,,,,,,,,,,,,,,,,,,0.0,,,1,331,1,exact,,,,,,,,1.34170004457701e-05,9eb9750fabb473e24ae9358d65f464d1d19ac8e1
dv3-A-poisson-001126,3,A,poisson,1126,,,,3:1:0:1126,,test,2,454.61745311642454,,,,,,,,,,,,,,,,,,,,0.0,,,1,444,1,exact,,,,,,,,1.487500048824586e-05,81f5f875a62e1190728ac3f617aaee05652ba3f3
dv3-A-poisson-001127,3,A,poisson,1127,,,,3:1:0:1127,,test,2,177.4125597553393,,,,,,,,,,,,,,,,,,,,0.0,,,1,178,1,exact,,,,,,,,1.1791998986154795e-05,1323909c6de54076ed099a6db43429df146e513c
dv3-A-poisson-001128,3,A,poisson,1128,,,,3:1:0:1128,,test,2,699.7600591307427,,,,,,,,,,,,,,,,,,,,0.0,,,1,729,1,exact,,,,,,,,1.8708000425249338e-05,2b3e24898a77b6e967a4ff2bcc78cbea12a0fdcc
dv3-A-poisson-001129,3,A,poisson,1129,,,,3:1:0:1129,,test,2,265.01708407596027,,,,,,,,,,,,,,,,,,,,0.0,,,1,300,1,exact,,,,,,,,1.3166998542146757e-05,a2677806c4efc313b3d9bfadfe0c23ea060eb2dd
dv3-A-poisson-001130,3,A,poisson,1130,,,,3:1:0:1130,,test,2,440.2157813299114,,,,,,,,,,,,,,,,,,,,0.0,,,1,470,1,exact,,,,,,,,1.5333000192185864e-05,b3c4c21c5e51b0b5be44f29e2b55ddbb438e60d3
dv3-A-poisson-001131,3,A,poisson,1131,,,,3:1:0:1131,,test,2,372.18762607651746,,,,,,,,,,,,,,,,,,,,0.0,,,1,344,1,exact,,,,,,,,1.3624998246086761e-05,d87f32e726050317d360033b917dec882f2f9e9e
dv3-A-poisson-001132,3,A,poisson,1132,,,,3:1:0:1132,,test,2,319.3466560149916,,,,,,,,,,,,,,,,,,,,0.0,,,1,318,1,exact,,,,,,,,1.3374999980442226e-05,cc9a16100727bae5a328d64e9829fbdb11298fd4
dv3-A-poisson-001133,3,A,poisson,1133,,,,3:1:0:1133,,test,2,578.1732741170663,,,,,,,,,,,,,,,,,,,,0.0,,,1,591,1,exact,,,,,,,,2.4166998628061265e-05,b1d4647c90bdfd5527dd19ca407b3caa7e96d472
dv3-A-poisson-001134,3,A,poisson,1134,,,,3:1:0:1134,,test,2,260.7502495242463,,,,,,,,,,,,,,,,,,,,0.0,,,1,282,1,exact,,,,,,,,1.2833999790018424e-05,5f692ac25991133301fa81bf115dd8efc3155634
dv3-A-poisson-001135,3,A,poisson,1135,,,,3:1:0:1135,,test,2,467.4341607153475,,,,,,,,,,,,,,,,,,,,0.0,,,1,498,1,exact,,,,,,,,1.5624998923158273e-05,ca8083587f2f9c09fbea276aee0bf53a728f46bc
dv3-A-poisson-001136,3,A,poisson,1136,,,,3:1:0:1136,,test,2,506.51125335561744,,,,,,,,,,,,,,,,,,,,0.0,,,1,520,1,exact,,,,,,,,1.6041998605942354e-05,a82900a2962e4b4e8b33f15d294400cd90825b5b
dv3-A-poisson-001137,3,A,poisson,1137,,,,3:1:0:1137,,test,2,555.8953634244273,,,,,,,,,,,,,,,,,,,,0.0,,,1,573,1,exact,,,,,,,,2.454199784551747e-05,634e7b5ee2ab1b544cc3e3994d8aa93ee734bcef
dv3-A-poisson-001138,3,A,poisson,1138,,,,3:1:0:1138,,test,2,289.4766234717217,,,,,,,,,,,,,,,,,,,,0.0,,,1,283,1,exact,,,,,,,,1.3041000784141943e-05,5b0994789ea6ca410e83cd3328559483f3ecc67d
dv3-A-poisson-001139,3,A,poisson,1139,,,,3:1:0:1139,,test,2,333.0850358232142,,,,,,,,,,,,,,,,,,,,0.0,,,1,301,1,exact,,,,,,,,1.3290999049786478e-05,74b5bb3989de2694edc832afc17a864a5d4c4806
dv3-A-poisson-001140,3,A,poisson,1140,,,,3:1:0:1140,,test,2,473.83685727649186,,,,,,,,,,,,,,,,,,,,0.0,,,1,509,1,exact,,,,,,,,1.5916997654130682e-05,07e7b3d054012bccf854013803e42c9ea1a4779b
dv3-A-poisson-001141,3,A,poisson,1141,,,,3:1:0:1141,,test,2,111.83216016127146,,,,,,,,,,,,,,,,,,,,0.0,,,1,105,1,exact,,,,,,,,1.0791001841425896e-05,db53b0218656fa35cf903355b04adb41f3db769a
dv3-A-poisson-001142,3,A,poisson,1142,,,,3:1:0:1142,,test,2,172.60074492989503,,,,,,,,,,,,,,,,,,,,0.0,,,1,162,1,exact,,,,,,,,1.1333002476021647e-05,48cff56781e9b3a29825920e616177812307c994
dv3-A-poisson-001143,3,A,poisson,1143,,,,3:1:0:1143,,test,2,452.0470497749369,,,,,,,,,,,,,,,,,,,,0.0,,,1,412,1,exact,,,,,,,,1.5833000361453742e-05,82628a9b0c75b923c1db38ed17a483bebc324cf0
dv3-A-poisson-001144,3,A,poisson,1144,,,,3:1:0:1144,,test,2,521.3405612792711,,,,,,,,,,,,,,,,,,,,0.0,,,1,527,1,exact,,,,,,,,2.2083000658312812e-05,5f97fc7c2e846e77216eadb77da437f6d0ab9ae4
dv3-A-poisson-001145,3,A,poisson,1145,,,,3:1:0:1145,,test,2,545.3864542688307,,,,,,,,,,,,,,,,,,,,0.0,,,1,571,1,exact,,,,,,,,1.6792000678833574e-05,499f439c54ac5b9f67d7711572b573347acf9a1b
dv3-A-poisson-001146,3,A,poisson,1146,,,,3:1:0:1146,,test,2,253.2382742725761,,,,,,,,,,,,,,,,,,,,0.0,,,1,240,1,exact,,,,,,,,1.2540996976895258e-05,ced6720ec5a17499c0bad0a23101a55c730e1e9e
dv3-A-poisson-001147,3,A,poisson,1147,,,,3:1:0:1147,,test,2,282.7130419330421,,,,,,,,,,,,,,,,,,,,0.0,,,1,304,1,exact,,,,,,,,1.3290999049786478e-05,4a41f10842ea1cff68d5bf6773b9d442c5ff85d7
dv3-A-poisson-001148,3,A,poisson,1148,,,,3:1:0:1148,,test,2,497.187312410195,,,,,,,,,,,,,,,,,,,,0.0,,,1,552,1,exact,,,,,,,,1.6292000509565696e-05,94e3c4af737035f9021a20ed45295f3b1e051569
dv3-A-poisson-001149,3,A,poisson,1149,,,,3:1:0:1149,,test,2,101.52145295960563,,,,,,,,,,,,,,,,,,,,0.0,,,1,93,1,exact,,,,,,,,1.0666000889614224e-05,fd1818c675378be8665a33ca5a054adc531835f6
dv3-A-poisson-001150,3,A,poisson,1150,,,,3:1:0:1150,,test,2,350.5439272339516,,,,,,,,,,,,,,,,,,,,0.0,,,1,335,1,exact,,,,,,,,1.3374999980442226e-05,51c5522b7a725984388149444fc10bd1142d4192
dv3-A-poisson-001151,3,A,poisson,1151,,,,3:1:0:1151,,test,2,142.38632808142398,,,,,,,,,,,,,,,,,,,,0.0,,,1,141,1,exact,,,,,,,,1.1000000085914508e-05,30fc09610506b94587fc4cc9e9512cc900b3ca53
dv3-A-poisson-001152,3,A,poisson,1152,,,,3:1:0:1152,,test,2,531.0594058816129,,,,,,,,,,,,,,,,,,,,0.0,,,1,562,1,exact,,,,,,,,1.9334001990500838e-05,780c8889edc02f04d0b8758e7a1cab913881a38c
dv3-A-poisson-001153,3,A,poisson,1153,,,,3:1:0:1153,,test,2,146.8741822423597,,,,,,,,,,,,,,,,,,,,0.0,,,1,150,1,exact,,,,,,,,1.125000198953785e-05,65a2f79e8f73b887777ba6d6d51297e1e1a9b75e
dv3-A-poisson-001154,3,A,poisson,1154,,,,3:1:0:1154,,test,2,285.1051627588241,,,,,,,,,,,,,,,,,,,,0.0,,,1,273,1,exact,,,,,,,,1.2542001059046015e-05,03cc74b8100063f7fed322ca97dff7c89ebee4bc
dv3-A-poisson-001155,3,A,poisson,1155,,,,3:1:0:1155,,test,2,357.4569884511394,,,,,,,,,,,,,,,,,,,,0.0,,,1,356,1,exact,,,,,,,,1.3790999219054356e-05,9a3b58a0094b673f56d406dee6cd89f1f0128401
dv3-A-poisson-001156,3,A,poisson,1156,,,,3:1:0:1156,,test,2,192.59681192529413,,,,,,,,,,,,,,,,,,,,0.0,,,1,191,1,exact,,,,,,,,1.1665997590171173e-05,2f0137c42f38b7900d434e719db8cb39973663ce
dv3-A-poisson-001157,3,A,poisson,1157,,,,3:1:0:1157,,test,2,198.10402918769427,,,,,,,,,,,,,,,,,,,,0.0,,,1,191,1,exact,,,,,,,,1.154200072051026e-05,4f5dbdde3e11a9c38a71e7cae0a84fb57e00c2ee
dv3-A-poisson-001158,3,A,poisson,1158,,,,3:1:0:1158,,test,2,703.9985215522606,,,,,,,,,,,,,,,,,,,,0.0,,,1,656,1,exact,,,,,,,,1.791600152500905e-05,3f05b980b0c1fc0fffbdbb2bb7aa8399e6755f04
dv3-A-poisson-001159,3,A,poisson,1159,,,,3:1:0:1159,,test,2,677.4509453997368,,,,,,,,,,,,,,,,,,,,0.0,,,1,651,1,exact,,,,,,,,1.7916998331202194e-05,dac24379e31ee13f0f01183523f461cbd65d000c
dv3-A-poisson-001160,3,A,poisson,1160,,,,3:1:0:1160,,test,2,402.4081058057476,,,,,,,,,,,,,,,,,,,,0.0,,,1,367,1,exact,,,,,,,,1.4041997928870842e-05,08cc529b070b2a8d64ab50f69e8be14d2ff60353
dv3-A-poisson-001161,3,A,poisson,1161,,,,3:1:0:1161,,test,2,223.31204107958746,,,,,,,,,,,,,,,,,,,,0.0,,,1,228,1,exact,,,,,,,,4.491599975153804e-05,10e58cee1b52ce3afd87838ca75f55d9afa7b119
dv3-A-poisson-001162,3,A,poisson,1162,,,,3:1:0:1162,,test,2,665.375086777969,,,,,,,,,,,,,,,,,,,,0.0,,,1,642,1,exact,,,,,,,,3.0750001315027475e-05,867d04c12ef55bd2255e7ce380942d99e2693d63
dv3-A-poisson-001163,3,A,poisson,1163,,,,3:1:0:1163,,test,2,131.7138518903827,,,,,,,,,,,,,,,,,,,,0.0,,,1,158,1,exact,,,,,,,,1.5208999684546143e-05,c162a7c095624983463a0e8cfd82758d21a1d401
dv3-A-poisson-001164,3,A,poisson,1164,,,,3:1:0:1164,,test,2,142.8046566908266,,,,,,,,,,,,,,,,,,,,0.0,,,1,129,1,exact,,,,,,,,1.791600152500905e-05,fe9bc283924efe3deff8cca95df345e6408dd521
dv3-A-poisson-001165,3,A,poisson,1165,,,,3:1:0:1165,,test,2,594.4876600383495,,,,,,,,,,,,,,,,,,,,0.0,,,1,577,1,exact,,,,,,,,1.8250000721309334e-05,df5c40a9f6e151a2be34e0f936a0146c15179477
dv3-A-poisson-001166,3,A,poisson,1166,,,,3:1:0:1166,,test,2,103.59299468732411,,,,,,,,,,,,,,,,,,,,0.0,,,1,104,1,exact,,,,,,,,1.5165998775046319e-05,ff0b92a429316402e38f6f5067cca9ae20fd346e
dv3-A-poisson-001167,3,A,poisson,1167,,,,3:1:0:1167,,test,2,445.52288346890816,,,,,,,,,,,,,,,,,,,,0.0,,,1,480,1,exact,,,,,,,,1.787499786587432e-05,3b7b922b300934532e3a5c8ced4d3960d0525c98
dv3-A-poisson-001168,3,A,poisson,1168,,,,3:1:0:1168,,test,2,102.86473066334368,,,,,,,,,,,,,,,,,,,,0.0,,,1,137,1,exact,,,,,,,,1.1708001693477854e-05,4c40318b70483ee2573e08642685e57a4f3fc1af
dv3-A-poisson-001169,3,A,poisson,1169,,,,3:1:0:1169,,test,2,249.48761943942355,,,,,,,,,,,,,,,,,,,,0.0,,,1,239,1,exact,,,,,,,,1.2874999811174348e-05,98ac4e9ca2534da37bf9e492a182bbf426b29258
dv3-A-poisson-001170,3,A,poisson,1170,,,,3:1:0:1170,,test,2,305.5645704226335,,,,,,,,,,,,,,,,,,,,0.0,,,1,321,1,exact,,,,,,,,1.4082997950026765e-05,736ac3a7554bf26bbafd1f2ee2f7b14148cd1e4e
dv3-A-poisson-001171,3,A,poisson,1171,,,,3:1:0:1171,,test,2,251.86818971588778,,,,,,,,,,,,,,,,,,,,0.0,,,1,250,1,exact,,,,,,,,1.2874999811174348e-05,d835765857fbb405ccf71dd834b71c42997564a2
dv3-A-poisson-001172,3,A,poisson,1172,,,,3:1:0:1172,,test,2,161.14638333176688,,,,,,,,,,,,,,,,,,,,0.0,,,1,136,1,exact,,,,,,,,1.1208001524209976e-05,38fc3c2c0b2b0c162a6d2b58e6e0e13bda272348
dv3-A-poisson-001173,3,A,poisson,1173,,,,3:1:0:1173,,test,2,592.2335646742293,,,,,,,,,,,,,,,,,,,,0.0,,,1,589,1,exact,,,,,,,,1.7291997210122645e-05,bc5fa670401a46536fec44df38aa22b2d99e605e
dv3-A-poisson-001174,3,A,poisson,1174,,,,3:1:0:1174,,test,2,466.53893143859085,,,,,,,,,,,,,,,,,,,,0.0,,,1,467,1,exact,,,,,,,,1.5916997654130682e-05,0f0e84ea47f039dbc6e56a633716be95fb3a5812
dv3-A-poisson-001175,3,A,poisson,1175,,,,3:1:0:1175,,test,2,120.99841314731546,,,,,,,,,,,,,,,,,,,,0.0,,,1,111,1,exact,,,,,,,,1.083300230675377e-05,19f6f3b5742e5854c3a29cd9db55a58d7fdf2583
dv3-A-poisson-001176,3,A,poisson,1176,,,,3:1:0:1176,,test,2,742.1934072262845,,,,,,,,,,,,,,,,,,,,0.0,,,1,729,1,exact,,,,,,,,1.9292001525172964e-05,8e3346138fb558305b22964d2454fb332a134a77
dv3-A-poisson-001177,3,A,poisson,1177,,,,3:1:0:1177,,test,2,582.495768559595,,,,,,,,,,,,,,,,,,,,0.0,,,1,586,1,exact,,,,,,,,1.7416001355741173e-05,6102926ddd98f787511a18ca0bf067148353e940
dv3-A-poisson-001178,3,A,poisson,1178,,,,3:1:0:1178,,test,2,107.59873325718108,,,,,,,,,,,,,,,,,,,,0.0,,,1,128,1,exact,,,,,,,,1.1041000107070431e-05,4449e71f93576ebc41e0f1f9cd310eb9f8706cf2
dv3-A-poisson-001179,3,A,poisson,1179,,,,3:1:0:1179,,test,2,464.0833775698237,,,,,,,,,,,,,,,,,,,,0.0,,,1,464,1,exact,,,,,,,,1.5958001313265413e-05,a8db486fdb8f6e92d5c6eed23c949539c279cee0
dv3-A-poisson-001180,3,A,poisson,1180,,,,3:1:0:1180,,test,2,420.643418814057,,,,,,,,,,,,,,,,,,,,0.0,,,1,458,1,exact,,,,,,,,1.5792000340297818e-05,a981572b65a2af6493c6bf196ce5d5eec43df481
dv3-A-poisson-001181,3,A,poisson,1181,,,,3:1:0:1181,,test,2,172.4503353350051,,,,,,,,,,,,,,,,,,,,0.0,,,1,180,1,exact,,,,,,,,1.1874999472638592e-05,2f8d82c4dcda58d17b09984afae249e234b4d382
dv3-A-poisson-001182,3,A,poisson,1182,,,,3:1:0:1182,,test,2,124.69996480679622,,,,,,,,,,,,,,,,,,,,0.0,,,1,142,1,exact,,,,,,,,1.1166997865075245e-05,c6eeee283a19c5821403814a88ac31b169fc65c8
dv3-A-poisson-001183,3,A,poisson,1183,,,,3:1:0:1183,,test,2,168.74503040129872,,,,,,,,,,,,,,,,,,,,0.0,,,1,181,1,exact,,,,,,,,1.1584001185838133e-05,d9d6355bfc7cf72675ebc33aff87ba11bf4c4a43
dv3-A-poisson-001184,3,A,poisson,1184,,,,3:1:0:1184,,test,2,425.770243027176,,,,,,,,,,,,,,,,,,,,0.0,,,1,411,1,exact,,,,,,,,1.5000001440057531e-05,37a50b40d3d489c47c607800f98b5c5f0d25d23c
dv3-A-poisson-001185,3,A,poisson,1185,,,,3:1:0:1185,,test,2,738.1821814240857,,,,,,,,,,,,,,,,,,,,0.0,,,1,747,1,exact,,,,,,,,1.9625000277301297e-05,e6fa07938db146361e55174b9ae7483acf7ae576
dv3-A-poisson-001186,3,A,poisson,1186,,,,3:1:0:1186,,test,2,524.7974531391676,,,,,,,,,,,,,,,,,,,,0.0,,,1,524,1,exact,,,,,,,,2.016700091189705e-05,717300eb58ec2034be9c5ae228b85ba99b30aea6
dv3-A-poisson-001187,3,A,poisson,1187,,,,3:1:0:1187,,test,2,352.6934860787468,,,,,,,,,,,,,,,,,,,,0.0,,,1,398,1,exact,,,,,,,,1.4749999536434188e-05,f37be07ff702c34b22b81e7982718dc612edd5a2
dv3-A-poisson-001188,3,A,poisson,1188,,,,3:1:0:1188,,test,2,349.82769099910695,,,,,,,,,,,,,,,,,,,,0.0,,,1,321,1,exact,,,,,,,,1.4625002222601324e-05,b9acd54791f4c75ac516d3e655d567eb47ba5282
dv3-A-poisson-001189,3,A,poisson,1189,,,,3:1:0:1189,,test,2,311.7634576971807,,,,,,,,,,,,,,,,,,,,0.0,,,1,324,1,exact,,,,,,,,1.383299968438223e-05,1983d74435889b58a7f3abb69ec9f74c2e18ace4
dv3-A-poisson-001190,3,A,poisson,1190,,,,3:1:0:1190,,test,2,155.7272388958918,,,,,,,,,,,,,,,,,,,,0.0,,,1,136,1,exact,,,,,,,,1.1125001037726179e-05,1ea4b0580089bac96ebd47bd70d2458ee186231b
dv3-A-poisson-001191,3,A,poisson,1191,,,,3:1:0:1191,,test,2,159.06646239794838,,,,,,,,,,,,,,,,,,,,0.0,,,1,163,1,exact,,,,,,,,1.1374999303370714e-05,0b84dd9350e6458ef2e75e0ea998ac6e191b668a
dv3-A-poisson-001192,3,A,poisson,1192,,,,3:1:0:1192,,test,2,127.80386010671887,,,,,,,,,,,,,,,,,,,,0.0,,,1,113,1,exact,,,,,,,,1.083300230675377e-05,e34eaa673310d2b4bcd063f7599649ba3280a002
dv3-A-poisson-001193,3,A,poisson,1193,,,,3:1:0:1193,,test,2,113.94041060182435,,,,,,,,,,,,,,,,,,,,0.0,,,1,134,1,exact,,,,,,,,1.1208001524209976e-05,f106a87be9ea0cbb9563b78e8ca1d6177dfae158
dv3-A-poisson-001194,3,A,poisson,1194,,,,3:1:0:1194,,test,2,134.27446295710695,,,,,,,,,,,,,,,,,,,,0.0,,,1,134,1,exact,,,,,,,,1.0957999620586634e-05,8a73c8abdaf3c3eedf57e3fbee16226a00ba07ed
dv3-A-poisson-001195,3,A,poisson,1195,,,,3:1:0:1195,,test,2,186.85860330950925,,,,,,,,,,,,,,,,,,,,0.0,,,1,200,1,exact,,,,,,,,1.2333999620750546e-05,79523b16f3aefb83fb99731fda5a2c473f928a27
dv3-A-poisson-001196,3,A,poisson,1196,,,,3:1:0:1196,,test,2,150.84270304326589,,,,,,,,,,,,,,,,,,,,0.0,,,1,122,1,exact,,,,,,,,1.125000198953785e-05,d448625ceb1532464bf2a8e346fae16e6320f1ed
dv3-A-poisson-001197,3,A,poisson,1197,,,,3:1:0:1197,,test,2,378.2100899847484,,,,,,,,,,,,,,,,,,,,0.0,,,1,362,1,exact,,,,,,,,1.4291999832494184e-05,b4bc47968794c47203ef6dc9fd7145df3ddb561f
dv3-A-poisson-001198,3,A,poisson,1198,,,,3:1:0:1198,,test,2,346.1796107751649,,,,,,,,,,,,,,,,,,,,0.0,,,1,342,1,exact,,,,,,,,1.3999997463542968e-05,64ed94e55735fc9ac9fed0b8e75a6129e3113b8e
dv3-A-poisson-001199,3,A,poisson,1199,,,,3:1:0:1199,,test,2,101.85012927507024,,,,,,,,,,,,,,,,,,,,0.0,,,1,104,1,exact,,,,,,,,1.091699959943071e-05,01d232a73c88f914c5266ab8e4e5994344a81e2b
dv3-A-poisson-001200,3,A,poisson,1200,,,,3:1:0:1200,,test,2,394.84921296017916,,,,,,,,,,,,,,,,,,,,0.0,,,1,391,1,exact,,,,,,,,1.4375000318977982e-05,f7b77b8483ed5d3934694ad2c231c3ce132246fa
dv3-A-poisson-001201,3,A,poisson,1201,,,,3:1:0:1201,,test,2,425.5177845941985,,,,,,,,,,,,,,,,,,,,0.0,,,1,414,1,exact,,,,,,,,1.4792000001762062e-05,d927edfdcf5c9aec1b15e0c28be9ec920a915b5d
dv3-A-poisson-001202,3,A,poisson,1202,,,,3:1:0:1202,,test,2,233.90852392300178,,,,,,,,,,,,,,,,,,,,0.0,,,1,233,1,exact,,,,,,,,1.2500000593718141e-05,d947bf153ae99f66fbc00f273177dc1a4d3ae14e
dv3-A-poisson-001203,3,A,poisson,1203,,,,3:1:0:1203,,test,2,102.4111035898994,,,,,,,,,,,,,,,,,,,,0.0,,,1,104,1,exact,,,,,,,,1.06250008684583e-05,dbac14c1b4a6787c2c664d5aa5f18da8b8bb9757
dv3-A-poisson-001204,3,A,poisson,1204,,,,3:1:0:1204,,test,2,302.0128890148045,,,,,,,,,,,,,,,,,,,,0.0,,,1,356,1,exact,,,,,,,,1.3957996998215094e-05,cd81eb86d77b9f957c2526162e564c88aa91e742
dv3-A-poisson-001205,3,A,poisson,1205,,,,3:1:0:1205,,test,2,469.86731636291506,,,,,,,,,,,,,,,,,,,,0.0,,,1,488,1,exact,,,,,,,,1.570899985381402e-05,91bd2deecf35b9448cccdede1894fd4dfad0a6bf
dv3-A-poisson-001206,3,A,poisson,1206,,,,3:1:0:1206,,test,2,239.25302025377783,,,,,,,,,,,,,,,,,,,,0.0,,,1,236,1,exact,,,,,,,,1.2375003279885277e-05,a2c2ceccf3779f8cd8fb843abbff6abbbf3860a9
dv3-A-poisson-001207,3,A,poisson,1207,,,,3:1:0:1207,,test,2,309.63826773015126,,,,,,,,,,,,,,,,,,,,0.0,,,1,312,1,exact,,,,,,,,1.3458000466926023e-05,f84557d45e409074efdc6d57005141200a6a86c6
dv3-A-poisson-001208,3,A,poisson,1208,,,,3:1:0:1208,,test,2,197.65696129189237,,,,,,,,,,,,,,,,,,,,0.0,,,1,200,1,exact,,,,,,,,1.1832999007310718e-05,6faaeb6fc17c33759eea775467820302529c188c
dv3-A-poisson-001209,3,A,poisson,1209,,,,3:1:0:1209,,test,2,263.93768218198613,,,,,,,,,,,,,,,,,,,,0.0,,,1,268,1,exact,,,,,,,,1.2832999345846474e-05,448d39d0f56ffb2444624d4de04ecd1f2a62a7be
dv3-A-poisson-001210,3,A,poisson,1210,,,,3:1:0:1210,,test,2,708.1000080973624,,,,,,,,,,,,,,,,,,,,0.0,,,1,695,1,exact,,,,,,,,2.3250002413988113e-05,1a047dac3870f0271e95ddbd0fb97e14de0d917b
dv3-A-poisson-001211,3,A,poisson,1211,,,,3:1:0:1211,,test,2,104.40665441739228,,,,,,,,,,,,,,,,,,,,0.0,,,1,102,1,exact,,,,,,,,1.0624997230479494e-05,ed69b049a9b5b1ae337ac737da6931ec0e135037
dv3-A-poisson-001212,3,A,poisson,1212,,,,3:1:0:1212,,test,2,764.753689689235,,,,,,,,,,,,,,,,,,,,0.0,,,1,726,1,exact,,,,,,,,1.8917002307716757e-05,1b7eb18694ea10db22c69349d3ca1c0121c5787e
dv3-A-poisson-001213,3,A,poisson,1213,,,,3:1:0:1213,,test,2,271.32574757786944,,,,,,,,,,,,,,,,,,,,0.0,,,1,280,1,exact,,,,,,,,1.2832999345846474e-05,d8b3d86f79c118445a73b493148fc5e26865d0c1
dv3-A-poisson-001214,3,A,poisson,1214,,,,3:1:0:1214,,test,2,306.0759902950765,,,,,,,,,,,,,,,,,,,,0.0,,,1,303,1,exact,,,,,,,,9.058299838216044e-05,851f3534c076bde8a5e0f4885291bec53943de9c
dv3-A-poisson-001215,3,A,poisson,1215,,,,3:1:0:1215,,test,2,383.98864383712487,,,,,,,,,,,,,,,,,,,,0.0,,,1,401,1,exact,,,,,,,,3.779100006795488e-05,5d30b7be9f5c32470d32ea74b83573101811b25c
dv3-A-poisson-001216,3,A,poisson,1216,,,,3:1:0:1216,,test,2,240.65412839602223,,,,,,,,,,,,,,,,,,,,0.0,,,1,250,1,exact,,,,,,,,2.9584000003524125e-05,4b7946dc99dc634390c9e5dfb157e11fd8434abd
dv3-A-poisson-001217,3,A,poisson,1217,,,,3:1:0:1217,,test,2,650.2247027381412,,,,,,,,,,,,,,,,,,,,0.0,,,1,629,1,exact,,,,,,,,3.745899812201969e-05,eff8b99a6bad4b0fd3ce9f1f1d3a61ba9a9bd806
dv3-A-poisson-001218,3,A,poisson,1218,,,,3:1:0:1218,,test,2,537.9253436546246,,,,,,,,,,,,,,,,,,,,0.0,,,1,508,1,exact,,,,,,,,3.3624997740844265e-05,263dbecbec55ff1534a7fad5c3d59ce9683ca86f
dv3-A-poisson-001219,3,A,poisson,1219,,,,3:1:0:1219,,test,2,124.99005048652887,,,,,,,,,,,,,,,,,,,,0.0,,,1,112,1,exact,,,,,,,,2.2207997972145677e-05,fec74a9c6ebf990121121f8d39961e92eaf0cb62
dv3-A-poisson-001220,3,A,poisson,1220,,,,3:1:0:1220,,test,2,154.69842496141584,,,,,,,,,,,,,,,,,,,,0.0,,,1,150,1,exact,,,,,,,,2.2832999093225226e-05,c27d1f552076021511c6345860b8120f3d4455fa
dv3-A-poisson-001221,3,A,poisson,1221,,,,3:1:0:1221,,test,2,195.9927940142491,,,,,,,,,,,,,,,,,,,,0.0,,,1,215,1,exact,,,,,,,,2.445800055284053e-05,e12a666442c6992896066ea321c510bc441f9147
dv3-A-poisson-001222,3,A,poisson,1222,,,,3:1:0:1222,,test,2,794.7042996221464,,,,,,,,,,,,,,,,,,,,0.0,,,1,820,1,exact,,,,,,,,5.450000026030466e-05,37d7b68ebcb58cc1c2eea895c476c09da324a90e
dv3-A-poisson-001223,3,A,poisson,1223,,,,3:1:0:1223,,test,2,400.9887788777161,,,,,,,,,,,,,,,,,,,,0.0,,,1,414,1,exact,,,,,,,,3.07910013361834e-05,3e423e885c4ecf29e5a25015d4976f4c5f552901
dv3-A-poisson-001224,3,A,poisson,1224,,,,3:1:0:1224,,test,2,204.71551600973729,,,,,,,,,,,,,,,,,,,,0.0,,,1,214,1,exact,,,,,,,,3.349999678903259e-05,732095a4620b2de035744883481ca48266b50cdf
dv3-A-poisson-001225,3,A,poisson,1225,,,,3:1:0:1225,,test,2,463.5494261758293,,,,,,,,,,,,,,,,,,,,0.0,,,1,467,1,exact,,,,,,,,3.112500053248368e-05,0491b22524d24d11805eebd938d683a7cb5f246c
dv3-A-poisson-001226,3,A,poisson,1226,,,,3:1:0:1226,,test,2,110.8697991396951,,,,,,,,,,,,,,,,,,,,0.0,,,1,104,1,exact,,,,,,,,2.1999996533850208e-05,1ed7ce482da9b95d696dc1ec1c6fffdb0fcbef71
dv3-A-poisson-001227,3,A,poisson,1227,,,,3:1:0:1227,,test,2,737.4794385213223,,,,,,,,,,,,,,,,,,,,0.0,,,1,714,1,exact,,,,,,,,3.7709000025643036e-05,2435c71aa5464d0d934f10dfc412f6a7b587a1e1
dv3-A-poisson-001228,3,A,poisson,1228,,,,3:1:0:1228,,test,2,172.7388140560944,,,,,,,,,,,,,,,,,,,,0.0,,,1,164,1,exact,,,,,,,,2.7583999326452613e-05,fc0cd38fa65a3e40ee12b3a67915236756a45bb8
dv3-A-poisson-001229,3,A,poisson,1229,,,,3:1:0:1229,,test,2,434.43980665466205,,,,,,,,,,,,,,,,,,,,0.0,,,1,441,1,exact,,,,,,,,3.016600021510385e-05,16560ae01b3b969bd71256e02b8b5b073116d21f
dv3-A-poisson-001230,3,A,poisson,1230,,,,3:1:0:1230,,test,2,124.68660075566444,,,,,,,,,,,,,,,,,,,,0.0,,,1,132,1,exact,,,,,,,,2.2707998141413555e-05,cd67754c35d13d34d1a6892a62df638a664f84af
dv3-A-poisson-001231,3,A,poisson,1231,,,,3:1:0:1231,,test,2,336.8654051716664,,,,,,,,,,,,,,,,,,,,0.0,,,1,326,1,exact,,,,,,,,2.7582998882280663e-05,49e9d0aa8dffea5d312831af18cc0e2fd6ff30e0
dv3-A-poisson-001232,3,A,poisson,1232,,,,3:1:0:1232,,test,2,432.23615482693515,,,,,,,,,,,,,,,,,,,,0.0,,,1,396,1,exact,,,,,,,,3.108400051132776e-05,fb42f614b49050b09a858d4c18b0ea7841c8b203
dv3-A-poisson-001233,3,A,poisson,1233,,,,3:1:0:1233,,test,2,223.9318033207704,,,,,,,,,,,,,,,,,,,,0.0,,,1,234,1,exact,,,,,,,,2.5167002604575828e-05,1c6efd7738a2abe84456efdcac4d6ea16752154b
dv3-A-poisson-001234,3,A,poisson,1234,,,,3:1:0:1234,,test,2,242.28599622689734,,,,,,,,,,,,,,,,,,,,0.0,,,1,241,1,exact,,,,,,,,2.5458000891376287e-05,15afc2bd995d90aade72dc2904c7007ad4bfbdb9
dv3-A-poisson-001235,3,A,poisson,1235,,,,3:1:0:1235,,test,2,766.8124881901525,,,,,,,,,,,,,,,,,,,,0.0,,,1,769,1,exact,,,,,,,,4.470899875741452e-05,32148141986a9821bcc1b7a779d4e66d7a875044
dv3-A-poisson-001236,3,A,poisson,1236,,,,3:1:0:1236,,test,2,492.0873435747385,,,,,,,,,,,,,,,,,,,,0.0,,,1,485,1,exact,,,,,,,,3.1666000722907484e-05,494addc858d653e4e3eecbe5c67ef865830bcbf0
dv3-A-poisson-001237,3,A,poisson,1237,,,,3:1:0:1237,,test,2,513.2495843308701,,,,,,,,,,,,,,,,,,,,0.0,,,1,523,1,exact,,,,,,,,3.262499740230851e-05,93135087edab2c30c52394fb1a6bf8662d430264
dv3-A-poisson-001238,3,A,poisson,1238,,,,3:1:0:1238,,test,2,426.85158444264675,,,,,,,,,,,,,,,,,,,,0.0,,,1,397,1,exact,,,,,,,,2.9417002224363387e-05,2c219b7ddd2bfd11fb04be17042ed631debbaca1
dv3-A-poisson-001239,3,A,poisson,1239,,,,3:1:0:1239,,test,2,663.1390565728478,,,,,,,,,,,,,,,,,,,,0.0,,,1,673,1,exact,,,,,,,,3.662499875645153e-05,b4de75db34aa668bfc7b0d11b3f26a13d95dd866
dv3-A-poisson-001240,3,A,poisson,1240,,,,3:1:0:1240,,test,2,322.7410282399474,,,,,,,,,,,,,,,,,,,,0.0,,,1,322,1,exact,,,,,,,,2.7832997147925198e-05,a809d3b9ce3ca3d804edaa71677cd0770d4eabb9
dv3-A-poisson-001241,3,A,poisson,1241,,,,3:1:0:1241,,test,2,401.11096257947486,,,,,,,,,,,,,,,,,,,,0.0,,,1,399,1,exact,,,,,,,,2.945900268969126e-05,5f5ae984b475905a298de3c2c8e0a4cfe1ab7959
dv3-A-poisson-001242,3,A,poisson,1242,,,,3:1:0:1242,,test,2,247.39342704101412,,,,,,,,,,,,,,,,,,,,0.0,,,1,209,1,exact,,,,,,,,2.4541001039324328e-05,0392fa3ebf9a679f7a91ccca55f0b1fb98a8a5ed
dv3-A-poisson-001243,3,A,poisson,1243,,,,3:1:0:1243,,test,2,624.3236808747454,,,,,,,,,,,,,,,,,,,,0.0,,,1,579,1,exact,,,,,,,,3.46670021826867e-05,c93b93fb492b62e8302a8ece86483a356a87de0d
dv3-A-poisson-001244,3,A,poisson,1244,,,,3:1:0:1244,,test,2,142.5014656941433,,,,,,,,,,,,,,,,,,,,0.0,,,1,121,1,exact,,,,,,,,2.2709002223564312e-05,07c5dfe2d5f31125fa900020684439c7bdbff893
dv3-A-poisson-001245,3,A,poisson,1245,,,,3:1:0:1245,,test,2,257.865509837225,,,,,,,,,,,,,,,,,,,,0.0,,,1,248,1,exact,,,,,,,,3.037499845959246e-05,ecadf722e4a76127ac86bce2533ce42f258d65ac
dv3-A-poisson-001246,3,A,poisson,1246,,,,3:1:0:1246,,test,2,328.4424759925284,,,,,,,,,,,,,,,,,,,,0.0,,,1,313,1,exact,,,,,,,,2.945800224551931e-05,a8872972850bee960845ef720e007eb8babaac84
dv3-A-poisson-001247,3,A,poisson,1247,,,,3:1:0:1247,,test,2,176.43657922439257,,,,,,,,,,,,,,,,,,,,0.0,,,1,171,1,exact,,,,,,,,2.5624998670537025e-05,606132cd7efa8c0dc358d653e918ea3c7ca9791e
dv3-A-poisson-001248,3,A,poisson,1248,,,,3:1:0:1248,,test,2,236.62392482758605,,,,,,,,,,,,,,,,,,,,0.0,,,1,236,1,exact,,,,,,,,2.733299697865732e-05,7aff77f6d5cbdb83b8129b7b97abfd37d3347f48
dv3-A-poisson-001249,3,A,poisson,1249,,,,3:1:0:1249,,test,2,136.80455099137552,,,,,,,,,,,,,,,,,,,,0.0,,,1,145,1,exact,,,,,,,,2.508300167392008e-05,3cde9d999be6de9dbd40337b034ec350cdb4b157
dv3-A-poisson-001250,3,A,poisson,1250,,,,3:1:0:1250,,test,2,197.94225330960197,,,,,,,,,,,,,,,,,,,,0.0,,,1,229,1,exact,,,,,,,,2.7165999199496582e-05,d9b7585f0e36f0166b556ac139f6ee41ffa2f9d9
dv3-A-poisson-001251,3,A,poisson,1251,,,,3:1:0:1251,,test,2,609.7273694664574,,,,,,,,,,,,,,,,,,,,0.0,,,1,612,1,exact,,,,,,,,4.879200059804134e-05,050dc888da8620a34726446db78b608b3afed1e9
dv3-A-poisson-001252,3,A,poisson,1252,,,,3:1:0:1252,,test,2,328.1390757571657,,,,,,,,,,,,,,,,,,,,0.0,,,1,335,1,exact,,,,,,,,3.1584000680595636e-05,767bd0d1f3b766b94cc9fbe0920c1afd454af6c1
dv3-A-poisson-001253,3,A,poisson,1253,,,,3:1:0:1253,,test,2,527.1791435439943,,,,,,,,,,,,,,,,,,,,0.0,,,1,532,1,exact,,,,,,,,3.495800046948716e-05,5d210a2f751cc8b65993da0a93aa680ec8e001ac
dv3-A-poisson-001254,3,A,poisson,1254,,,,3:1:0:1254,,test,2,101.62879679084556,,,,,,,,,,,,,,,,,,,,0.0,,,1,110,1,exact,,,,,,,,2.391700036241673e-05,bc1626ef94babef213249a54c9bcbdf2170e486b
dv3-A-poisson-001255,3,A,poisson,1255,,,,3:1:0:1255,,test,2,730.5530169531812,,,,,,,,,,,,,,,,,,,,0.0,,,1,723,1,exact,,,,,,,,3.9332997403107584e-05,dbc348708b469ed3075fc2bfaba14bc1fc63f350
dv3-A-poisson-001256,3,A,poisson,1256,,,,3:1:0:1256,,test,2,638.7712273820605,,,,,,,,,,,,,,,,,,,,0.0,,,1,653,1,exact,,,,,,,,4.483299926505424e-05,d391276cecdb1961767bbbc10665a7c7dd4a3c1c
dv3-A-poisson-001257,3,A,poisson,1257,,,,3:1:0:1257,,test,2,282.67689959318164,,,,,,,,,,,,,,,,,,,,0.0,,,1,302,1,exact,,,,,,,,2.9457998607540503e-05,aaedc3c7042a9391745e67a3d20cf7007a286317
dv3-A-poisson-001258,3,A,poisson,1258,,,,3:1:0:1258,,test,2,212.94802440861505,,,,,,,,,,,,,,,,,,,,0.0,,,1,228,1,exact,,,,,,,,2.6583002181723714e-05,bfb35f15546624a1251b7de91785496ec8d771a6
dv3-A-poisson-001259,3,A,poisson,1259,,,,3:1:0:1259,,test,2,263.3174422038246,,,,,,,,,,,,,,,,,,,,0.0,,,1,256,1,exact,,,,,,,,2.754099841695279e-05,472fd0be5c7110d2e89ff90110c15f5634d6bdda
dv3-A-poisson-001260,3,A,poisson,1260,,,,3:1:0:1260,,test,2,121.43690582501972,,,,,,,,,,,,,,,,,,,,0.0,,,1,122,1,exact,,,,,,,,2.4000000848900527e-05,387ed19120f7b4e5328df70e9138c8be433fd03c
dv3-A-poisson-001261,3,A,poisson,1261,,,,3:1:0:1261,,test,2,420.44538525380216,,,,,,,,,,,,,,,,,,,,0.0,,,1,433,1,exact,,,,,,,,5.791600051452406e-05,8465d679435371575df508072ebaede468ba63cc
dv3-A-poisson-001262,3,A,poisson,1262,,,,3:1:0:1262,,test,2,134.59048599310162,,,,,,,,,,,,,,,,,,,,0.0,,,1,149,1,exact,,,,,,,,3.5834000300383195e-05,3847660cf4cf59a194e4d7c4d1be9eba5bc27d04
dv3-A-poisson-001263,3,A,poisson,1263,,,,3:1:0:1263,,test,2,205.81450286591087,,,,,,,,,,,,,,,,,,,,0.0,,,1,188,1,exact,,,,,,,,2.6166999305132776e-05,0ae56c265f88497fed84ae0c1b129453e8a66ce6
dv3-A-poisson-001264,3,A,poisson,1264,,,,3:1:0:1264,,test,2,441.55406147541123,,,,,,,,,,,,,,,,,,,,0.0,,,1,437,1,exact,,,,,,,,3.704199843923561e-05,f06916ea029d701b53cc5c54fbfba5bfd809d015
dv3-A-poisson-001265,3,A,poisson,1265,,,,3:1:0:1265,,test,2,137.2119796248347,,,,,,,,,,,,,,,,,,,,0.0,,,1,130,1,exact,,,,,,,,2.3332999262493104e-05,78948c45e1c72d02d7629b19f5596711e56ca949
dv3-A-poisson-001266,3,A,poisson,1266,,,,3:1:0:1266,,test,2,305.95123337309315,,,,,,,,,,,,,,,,,,,,0.0,,,1,288,1,exact,,,,,,,,3.7166999391047284e-05,6f3ad6dbfc913c875dc59113fa83e8fe7d68d827
dv3-A-poisson-001267,3,A,poisson,1267,,,,3:1:0:1267,,test,2,743.1925399075508,,,,,,,,,,,,,,,,,,,,0.0,,,1,693,1,exact,,,,,,,,5.170800068299286e-05,102cd6ab39482b2fe54b73fbab666077ff7a06ea
dv3-A-poisson-001268,3,A,poisson,1268,,,,3:1:0:1268,,test,2,255.9107665033729,,,,,,,,,,,,,,,,,,,,0.0,,,1,274,1,exact,,,,,,,,2.6375000743428245e-05,d2ac011848e0047de8047f47799742f60905d5d5
dv3-A-poisson-001269,3,A,poisson,1269,,,,3:1:0:1269,,test,2,108.40989728500017,,,,,,,,,,,,,,,,,,,,0.0,,,1,119,1,exact,,,,,,,,2.254099672427401e-05,f4719ca6d3ec7ee0cf336d2dd5f5713d9aaa284c
dv3-A-poisson-001270,3,A,poisson,1270,,,,3:1:0:1270,,test,2,241.27286850228927,,,,,,,,,,,,,,,,,,,,0.0,,,1,233,1,exact,,,,,,,,2.5249999453080818e-05,40dd631c850ccdafff27f9b8e414781b8f758d59
dv3-A-poisson-001271,3,A,poisson,1271,,,,3:1:0:1271,,test,2,154.12877217640457,,,,,,,,,,,,,,,,,,,,0.0,,,1,134,1,exact,,,,,,,,2.2625001292908564e-05,06708613209bbf591c3c20212c1293cd2300c6b7
dv3-A-poisson-001272,3,A,poisson,1272,,,,3:1:0:1272,,test,2,218.18218206351338,,,,,,,,,,,,,,,,,,,,0.0,,,1,227,1,exact,,,,,,,,2.5125002139247954e-05,8d16bc212935059da73464d3f9aefa55868dc138
dv3-A-poisson-001273,3,A,poisson,1273,,,,3:1:0:1273,,test,2,146.13865070237594,,,,,,,,,,,,,,,,,,,,0.0,,,1,156,1,exact,,,,,,,,6.841600043117069e-05,353f82bec2107ec3bcbeba70111dd1910525e795
dv3-A-poisson-001274,3,A,poisson,1274,,,,3:1:0:1274,,test,2,734.6009524842245,,,,,,,,,,,,,,,,,,,,0.0,,,1,726,1,exact,,,,,,,,4.5999997382750735e-05,15f23de6d20ea07d3c0bd525e4c0d7e40ca57994
dv3-A-poisson-001275,3,A,poisson,1275,,,,3:1:0:1275,,test,2,111.76027357513124,,,,,,,,,,,,,,,,,,,,0.0,,,1,103,1,exact,,,,,,,,2.487500023562461e-05,cac698c53d3aa9325d66aa5961ed04d449ffc756
dv3-A-poisson-001276,3,A,poisson,1276,,,,3:1:0:1276,,test,2,292.2769338953328,,,,,,,,,,,,,,,,,,,,0.0,,,1,296,1,exact,,,,,,,,2.8083002689527348e-05,070c016ae5408e927dfd6b0d655ff93710c7742a
dv3-A-poisson-001277,3,A,poisson,1277,,,,3:1:0:1277,,test,2,244.8247249475538,,,,,,,,,,,,,,,,,,,,0.0,,,1,259,1,exact,,,,,,,,3.308400118839927e-05,675de27be981937f9c8d92e52951c7bc25fcaa93
dv3-A-poisson-001278,3,A,poisson,1278,,,,3:1:0:1278,,test,2,395.97838480947615,,,,,,,,,,,,,,,,,,,,0.0,,,1,428,1,exact,,,,,,,,3.1792002118891105e-05,8d84efb21b42604a5d521dc57ae3e40e2d314ff9
dv3-A-poisson-001279,3,A,poisson,1279,,,,3:1:0:1279,,test,2,328.44360041887745,,,,,,,,,,,,,,,,,,,,0.0,,,1,342,1,exact,,,,,,,,2.9709000955335796e-05,808a2bcf9713697b0954c08df90b8fe94cf2cc4a
dv3-A-poisson-001280,3,A,poisson,1280,,,,3:1:0:1280,,test,2,571.3911011958269,,,,,,,,,,,,,,,,,,,,0.0,,,1,512,1,exact,,,,,,,,3.420799839659594e-05,96d7c68dfe0e292039c0b2567b05a48a88f0812f
dv3-A-poisson-001281,3,A,poisson,1281,,,,3:1:0:1281,,test,2,151.7991425340837,,,,,,,,,,,,,,,,,,,,0.0,,,1,156,1,exact,,,,,,,,2.4249999114545062e-05,2dc759be49dcce481b075414d4ad084a5ac5e297
dv3-A-poisson-001282,3,A,poisson,1282,,,,3:1:0:1282,,test,2,251.84441458120176,,,,,,,,,,,,,,,,,,,,0.0,,,1,270,1,exact,,,,,,,,2.725000013015233e-05,d85fe28c8be01685df925c195e5e17f3876eb433
dv3-A-poisson-001283,3,A,poisson,1283,,,,3:1:0:1283,,test,2,246.75670984659823,,,,,,,,,,,,,,,,,,,,0.0,,,1,257,1,exact,,,,,,,,2.6666999474400654e-05,3ecacfc60e5ca42160bdfb3ef2c211332f434e91
dv3-A-poisson-001284,3,A,poisson,1284,,,,3:1:0:1284,,test,2,185.11146989769935,,,,,,,,,,,,,,,,,,,,0.0,,,1,170,1,exact,,,,,,,,2.4375000066356733e-05,4ae702bfeaad698a34dcfe9134daf38ef5240161
dv3-A-poisson-001285,3,A,poisson,1285,,,,3:1:0:1285,,test,2,578.8499978818523,,,,,,,,,,,,,,,,,,,,0.0,,,1,607,1,exact,,,,,,,,4.1875002352753654e-05,a5f3af5c800c1c018c7d8a132404b19cad1fc567
dv3-A-poisson-001286,3,A,poisson,1286,,,,3:1:0:1286,,test,2,397.0804291697138,,,,,,,,,,,,,,,,,,,,0.0,,,1,396,1,exact,,,,,,,,3.024999750778079e-05,2bc41fd2dd87952efc64008e47cb99352aa8bee6
dv3-A-poisson-001287,3,A,poisson,1287,,,,3:1:0:1287,,test,2,349.3170855149731,,,,,,,,,,,,,,,,,,,,0.0,,,1,360,1,exact,,,,,,,,3.2083000405691564e-05,a6489ef22fcef6f8423ed6cb5d42d737a6506680
dv3-A-poisson-001288,3,A,poisson,1288,,,,3:1:0:1288,,test,2,201.21904471361725,,,,,,,,,,,,,,,,,,,,0.0,,,1,191,1,exact,,,,,,,,2.5249999453080818e-05,5505b4907a62933941d3c7ca93edebda2047a9ea
dv3-A-poisson-001289,3,A,poisson,1289,,,,3:1:0:1289,,test,2,427.7688164992813,,,,,,,,,,,,,,,,,,,,0.0,,,1,426,1,exact,,,,,,,,3.120800101896748e-05,7c66f23c865a6d3b88447322412b6f43d38e0f5e
dv3-A-poisson-001290,3,A,poisson,1290,,,,3:1:0:1290,,test,2,442.94903411308223,,,,,,,,,,,,,,,,,,,,0.0,,,1,428,1,exact,,,,,,,,3.07080008496996e-05,50c3fceb57dc499013809ab363df7868290c302d
dv3-A-poisson-001291,3,A,poisson,1291,,,,3:1:0:1291,,test,2,554.5135388320482,,,,,,,,,,,,,,,,,,,,0.0,,,1,558,1,exact,,,,,,,,4.016700040665455e-05,297d6f33bebbef94e992827a06a9aa2e93d3cb5c
dv3-A-poisson-001292,3,A,poisson,1292,,,,3:1:0:1292,,test,2,212.74841293362962,,,,,,,,,,,,,,,,,,,,0.0,,,1,219,1,exact,,,,,,,,2.5540997739881277e-05,b5448fd49e676e789ba3e8b17ad4b74274e17863
dv3-A-poisson-001293,3,A,poisson,1293,,,,3:1:0:1293,,test,2,406.0886085720723,,,,,,,,,,,,,,,,,,,,0.0,,,1,410,1,exact,,,,,,,,3.079199814237654e-05,2789c59c36cab8e6b54756b71648cd04412332ce
dv3-A-poisson-001294,3,A,poisson,1294,,,,3:1:0:1294,,test,2,150.97019080342218,,,,,,,,,,,,,,,,,,,,0.0,,,1,150,1,exact,,,,,,,,2.362500163144432e-05,b638a5bcfb49f814c2ed75f6be22404de4aff215
dv3-A-poisson-001295,3,A,poisson,1295,,,,3:1:0:1295,,test,2,480.84981097542425,,,,,,,,,,,,,,,,,,,,0.0,,,1,475,1,exact,,,,,,,,3.829200068139471e-05,06a966245cca113f461f0ebcfa34cd3657f77d1d
dv3-A-poisson-001296,3,A,poisson,1296,,,,3:1:0:1296,,test,2,283.2952960616828,,,,,,,,,,,,,,,,,,,,0.0,,,1,294,1,exact,,,,,,,,2.7291000151308253e-05,f00648c5d443f7a506c005919d41c046a33bd230
dv3-A-poisson-001297,3,A,poisson,1297,,,,3:1:0:1297,,test,2,781.8875936067562,,,,,,,,,,,,,,,,,,,,0.0,,,1,755,1,exact,,,,,,,,4.962499951943755e-05,1e1f50eda377158b0956f9791f18c4d27e42fced
dv3-A-poisson-001298,3,A,poisson,1298,,,,3:1:0:1298,,test,2,357.6501099305922,,,,,,,,,,,,,,,,,,,,0.0,,,1,346,1,exact,,,,,,,,3.6833000194747e-05,45f75844680a61c34acc8ae6deb984b836d46c6f
dv3-A-poisson-001299,3,A,poisson,1299,,,,3:1:0:1299,,test,2,195.0533673147805,,,,,,,,,,,,,,,,,,,,0.0,,,1,203,1,exact,,,,,,,,2.508400211809203e-05,a70de3325c7afd4776392e5148a5b6a0b9f39cc4
dv3-A-poisson-001300,3,A,poisson,1300,,,,3:1:0:1300,,test,2,132.08526283580852,,,,,,,,,,,,,,,,,,,,0.0,,,1,130,1,exact,,,,,,,,2.2958000045036897e-05,2ef88328e83ce94427c5e1606f88031420ccb0fb
dv3-A-poisson-001301,3,A,poisson,1301,,,,3:1:0:1301,,test,2,115.25918482061157,,,,,,,,,,,,,,,,,,,,0.0,,,1,110,1,exact,,,,,,,,2.308300099684857e-05,dea952bf4c5857a4bdd5e9da6ca3879bae95b244
dv3-A-poisson-001302,3,A,poisson,1302,,,,3:1:0:1302,,test,2,294.10536452656714,,,,,,,,,,,,,,,,,,,,0.0,,,1,295,1,exact,,,,,,,,3.808299879892729e-05,521dac04b04d4c19bcc94fb5c1fcf0a0d8d4c6de
dv3-A-poisson-001303,3,A,poisson,1303,,,,3:1:0:1303,,test,2,695.3026475720666,,,,,,,,,,,,,,,,,,,,0.0,,,1,688,1,exact,,,,,,,,6.08750015089754e-05,20a95b5a008e1bde7a55f47d43cf43d8f090deb3
dv3-A-poisson-001304,3,A,poisson,1304,,,,3:1:0:1304,,test,2,331.6075328645986,,,,,,,,,,,,,,,,,,,,0.0,,,1,310,1,exact,,,,,,,,2.9040998924756423e-05,5e77a1b7fd4e61bb0f5397a860c80d822c643ad2
dv3-A-poisson-001305,3,A,poisson,1305,,,,3:1:0:1305,,test,2,112.64815131602266,,,,,,,,,,,,,,,,,,,,0.0,,,1,130,1,exact,,,,,,,,2.3374999727820978e-05,ffaf94dde945c647cb284cd893ef053b788fc8b8
dv3-A-poisson-001306,3,A,poisson,1306,,,,3:1:0:1306,,test,2,493.33575045828144,,,,,,,,,,,,,,,,,,,,0.0,,,1,502,1,exact,,,,,,,,3.283299884060398e-05,bbbd7a75c9997b6820684a060e059419660de3dc
dv3-A-poisson-001307,3,A,poisson,1307,,,,3:1:0:1307,,test,2,106.90562173787623,,,,,,,,,,,,,,,,,,,,0.0,,,1,105,1,exact,,,,,,,,2.2915999579709023e-05,58419daa98269365d9f67e256a0256f279bce0f7
dv3-A-poisson-001308,3,A,poisson,1308,,,,3:1:0:1308,,test,2,132.33271245000932,,,,,,,,,,,,,,,,,,,,0.0,,,1,139,1,exact,,,,,,,,2.600000152597204e-05,9cf0ed533434e53d0c28f5ca410524b5b4db3c2b
dv3-A-poisson-001309,3,A,poisson,1309,,,,3:1:0:1309,,test,2,131.22776638657157,,,,,,,,,,,,,,,,,,,,0.0,,,1,127,1,exact,,,,,,,,2.308300099684857e-05,d9d9fe3a81233992efd3289659e9864e502b6b6b
dv3-A-poisson-001310,3,A,poisson,1310,,,,3:1:0:1310,,test,2,256.6581477489279,,,,,,,,,,,,,,,,,,,,0.0,,,1,238,1,exact,,,,,,,,2.5875000574160367e-05,333e7ecb44edbcfef89c72d833207a0c7dee282b
dv3-A-poisson-001311,3,A,poisson,1311,,,,3:1:0:1311,,test,2,708.6935361193669,,,,,,,,,,,,,,,,,,,,0.0,,,1,716,1,exact,,,,,,,,4.545900083030574e-05,10fe229a997fceaf6d02e06a952bd88084b822b0
dv3-A-poisson-001312,3,A,poisson,1312,,,,3:1:0:1312,,test,2,538.8506821355967,,,,,,,,,,,,,,,,,,,,0.0,,,1,557,1,exact,,,,,,,,3.566700252122246e-05,b2f761ffd187736b7f7589994c963e3bb58eeb8b
dv3-A-poisson-001313,3,A,poisson,1313,,,,3:1:0:1313,,test,2,313.0097133206113,,,,,,,,,,,,,,,,,,,,0.0,,,1,337,1,exact,,,,,,,,2.933300129370764e-05,0f7bc92af9b0a373c34fe16ea1e24e69715ae420
dv3-A-poisson-001314,3,A,poisson,1314,,,,3:1:0:1314,,test,2,281.3081442862469,,,,,,,,,,,,,,,,,,,,0.0,,,1,298,1,exact,,,,,,,,2.8250000468688086e-05,272e05f625589b6045b46304636e0b6dd5173bf9
dv3-A-poisson-001315,3,A,poisson,1315,,,,3:1:0:1315,,test,2,382.99867714009434,,,,,,,,,,,,,,,,,,,,0.0,,,1,383,1,exact,,,,,,,,3.0333001632243395e-05,d03494e43b5aba6d032022b81c6ddef0e679d555
dv3-A-poisson-001316,3,A,poisson,1316,,,,3:1:0:1316,,test,2,313.27878540647646,,,,,,,,,,,,,,,,,,,,0.0,,,1,291,1,exact,,,,,,,,3.4833003155654296e-05,382b9f0d0868c665d0b37af3419e2ee41329cf91
dv3-A-poisson-001317,3,A,poisson,1317,,,,3:1:0:1317,,test,2,408.8326926105501,,,,,,,,,,,,,,,,,,,,0.0,,,1,418,1,exact,,,,,,,,3.183299850206822e-05,c030cbfb1094b0f0d331dafef6136e5250c6fba3
dv3-A-poisson-001318,3,A,poisson,1318,,,,3:1:0:1318,,test,2,372.9260003540206,,,,,,,,,,,,,,,,,,,,0.0,,,1,378,1,exact,,,,,,,,3.0333001632243395e-05,7b9def07cb6be7461439dbb9da6f374ed1ef1c14
dv3-A-poisson-001319,3,A,poisson,1319,,,,3:1:0:1319,,test,2,381.68870473492166,,,,,,,,,,,,,,,,,,,,0.0,,,1,348,1,exact,,,,,,,,4.199999966658652e-05,8e508bc1e453aef7bef17c4c0e3b136823e87343
dv3-A-poisson-001320,3,A,poisson,1320,,,,3:1:0:1320,,test,2,103.18396339223045,,,,,,,,,,,,,,,,,,,,0.0,,,1,105,1,exact,,,,,,,,2.270800177939236e-05,3239bb2888fa8c5a64e8af80ea3dc02ba3547f7e
dv3-A-poisson-001321,3,A,poisson,1321,,,,3:1:0:1321,,test,2,789.7794237893445,,,,,,,,,,,,,,,,,,,,0.0,,,1,828,1,exact,,,,,,,,4.12499975936953e-05,ea05aa91fec8f1df1e125adf044e7a8bc66680b0
dv3-A-poisson-001322,3,A,poisson,1322,,,,3:1:0:1322,,test,2,381.45167546583224,,,,,,,,,,,,,,,,,,,,0.0,,,1,385,1,exact,,,,,,,,3.037499845959246e-05,2411d79a03916cc610a3f39c818eb727f38058e8
dv3-A-poisson-001323,3,A,poisson,1323,,,,3:1:0:1323,,test,2,180.97423590108954,,,,,,,,,,,,,,,,,,,,0.0,,,1,186,1,exact,,,,,,,,2.479100294294767e-05,bcfb735492e29434aee25e850d8c258e58f96c65
dv3-A-poisson-001324,3,A,poisson,1324,,,,3:1:0:1324,,test,2,374.0659919126961,,,,,,,,,,,,,,,,,,,,0.0,,,1,345,1,exact,,,,,,,,2.89999989036005e-05,09d5ad4c671d3261528f82b96192022c43774876
dv3-A-poisson-001325,3,A,poisson,1325,,,,3:1:0:1325,,test,2,355.9341541626506,,,,,,,,,,,,,,,,,,,,0.0,,,1,350,1,exact,,,,,,,,2.808299905154854e-05,4a5293e5ac087a49dd06a8befc8d949b49f37213
dv3-A-poisson-001326,3,A,poisson,1326,,,,3:1:0:1326,,test,2,330.5570600119079,,,,,,,,,,,,,,,,,,,,0.0,,,1,329,1,exact,,,,,,,,3.1332998332800344e-05,18d6f42b7b3e7b467b3e25b47da0aaf802d35613
dv3-A-poisson-001327,3,A,poisson,1327,,,,3:1:0:1327,,test,2,450.7960906694898,,,,,,,,,,,,,,,,,,,,0.0,,,1,462,1,exact,,,,,,,,4.095799886272289e-05,06822eecf2519c400c23803521f86b4e625541df
dv3-A-poisson-001328,3,A,poisson,1328,,,,3:1:0:1328,,test,2,113.6795328161628,,,,,,,,,,,,,,,,,,,,0.0,,,1,137,1,exact,,,,,,,,2.3124997824197635e-05,d0d7ec840856d90c361ac542162a2e9a5385f60e
dv3-A-poisson-001329,3,A,poisson,1329,,,,3:1:0:1329,,test,2,329.0780991357597,,,,,,,,,,,,,,,,,,,,0.0,,,1,304,1,exact,,,,,,,,2.6749999960884452e-05,927061e8ed593667dfa5d624033720feb3122072
dv3-A-poisson-001330,3,A,poisson,1330,,,,3:1:0:1330,,test,2,354.08353081474706,,,,,,,,,,,,,,,,,,,,0.0,,,1,365,1,exact,,,,,,,,3.491699681035243e-05,77a58ff0f19ecc5c7cb8502e7cb03bc80e9874fa
dv3-A-poisson-001331,3,A,poisson,1331,,,,3:1:0:1331,,test,2,153.97719406751892,,,,,,,,,,,,,,,,,,,,0.0,,,1,165,1,exact,,,,,,,,2.3791999410605058e-05,36b6fadab6aa2c36edde1e27796dcc887bea5038
dv3-A-poisson-001332,3,A,poisson,1332,,,,3:1:0:1332,,test,2,428.2127626566835,,,,,,,,,,,,,,,,,,,,0.0,,,1,454,1,exact,,,,,,,,3.066699719056487e-05,3e52f131987d826cb3ec6a4c9642bc763b786bca
dv3-A-poisson-001333,3,A,poisson,1333,,,,3:1:0:1333,,test,2,626.7113533356148,,,,,,,,,,,,,,,,,,,,0.0,,,1,617,1,exact,,,,,,,,4.90829988848418e-05,0d8bfdadbfa9285a50911c67f6fdb852b54f575f
dv3-A-poisson-001334,3,A,poisson,1334,,,,3:1:0:1334,,test,2,128.9842020843593,,,,,,,,,,,,,,,,,,,,0.0,,,1,122,1,exact,,,,,,,,2.266699812025763e-05,f9828098732483296f1b4d960f2ea0dcff61be6b
dv3-A-poisson-001335,3,A,poisson,1335,,,,3:1:0:1335,,test,2,164.28107492366962,,,,,,,,,,,,,,,,,,,,0.0,,,1,152,1,exact,,,,,,,,2.3042000975692645e-05,110f67cb4fd390ad015453cdb2acd458ba555e41
dv3-A-poisson-001336,3,A,poisson,1336,,,,3:1:0:1336,,test,2,281.09478549777066,,,,,,,,,,,,,,,,,,,,0.0,,,1,301,1,exact,,,,,,,,2.712499917834066e-05,f4e9060676b6b8e3635adf637f137b142f389976
dv3-A-poisson-001337,3,A,poisson,1337,,,,3:1:0:1337,,test,2,213.5037628974623,,,,,,,,,,,,,,,,,,,,0.0,,,1,237,1,exact,,,,,,,,2.4832999770296738e-05,e214ddfd077a55a62ee1eaf5a1fa79e962072672
dv3-A-poisson-001338,3,A,poisson,1338,,,,3:1:0:1338,,test,2,555.4207373879061,,,,,,,,,,,,,,,,,,,,0.0,,,1,544,1,exact,,,,,,,,3.337499947519973e-05,6a00c6c8721b1868256c4ae697841952a37bf196
dv3-A-poisson-001339,3,A,poisson,1339,,,,3:1:0:1339,,test,2,151.52289427665278,,,,,,,,,,,,,,,,,,,,0.0,,,1,157,1,exact,,,,,,,,2.2917000023880973e-05,c64de9b8a7fe31457686447bec04c9507f70c7b3
dv3-A-poisson-001340,3,A,poisson,1340,,,,3:1:0:1340,,test,2,762.5392772954193,,,,,,,,,,,,,,,,,,,,0.0,,,1,728,1,exact,,,,,,,,5.8707999414764345e-05,e50aa0779cfe1cc77e37f5281b55f0fd093c4f0a
dv3-A-poisson-001341,3,A,poisson,1341,,,,3:1:0:1341,,test,2,112.92597755364262,,,,,,,,,,,,,,,,,,,,0.0,,,1,115,1,exact,,,,,,,,2.2125001123640686e-05,27582073473a29cfc0602ece7cd8c37490ae32e3
dv3-A-poisson-001342,3,A,poisson,1342,,,,3:1:0:1342,,test,2,416.29312548530794,,,,,,,,,,,,,,,,,,,,0.0,,,1,469,1,exact,,,,,,,,3.137499879812822e-05,3d7fc700b79e52182cb7f2602dad32b6297cad9c
dv3-A-poisson-001343,3,A,poisson,1343,,,,3:1:0:1343,,test,2,202.82557090831136,,,,,,,,,,,,,,,,,,,,0.0,,,1,218,1,exact,,,,,,,,2.495900116628036e-05,d91fd31ddb540fb6ad4e59a834dc69dc17d5712c
dv3-A-poisson-001344,3,A,poisson,1344,,,,3:1:0:1344,,test,2,119.01481335068493,,,,,,,,,,,,,,,,,,,,0.0,,,1,128,1,exact,,,,,,,,2.229200254078023e-05,ffb1c56034e076b3bfdee442969abf4e37af210d
dv3-A-poisson-001345,3,A,poisson,1345,,,,3:1:0:1345,,test,2,454.0798041410956,,,,,,,,,,,,,,,,,,,,0.0,,,1,457,1,exact,,,,,,,,3.054199987673201e-05,7c097f97ef67c78cbcdfabcf6e123b9be681c2b9
dv3-A-poisson-001346,3,A,poisson,1346,,,,3:1:0:1346,,test,2,410.3622526256752,,,,,,,,,,,,,,,,,,,,0.0,,,1,423,1,exact,,,,,,,,2.995799877680838e-05,cb616b6d175238984d1223253760c56081ba13a2
dv3-A-poisson-001347,3,A,poisson,1347,,,,3:1:0:1347,,test,2,111.41812402679547,,,,,,,,,,,,,,,,,,,,0.0,,,1,107,1,exact,,,,,,,,2.1666000975528732e-05,6b8d89b02d50a57f2d40e3a2bc06b103b1a67eec
dv3-A-poisson-001348,3,A,poisson,1348,,,,3:1:0:1348,,test,2,766.7875307836747,,,,,,,,,,,,,,,,,,,,0.0,,,1,788,1,exact,,,,,,,,3.9375001506414264e-05,fab4123791b889e2859e181ad096644e7b46a328
dv3-A-poisson-001349,3,A,poisson,1349,,,,3:1:0:1349,,test,2,150.05660777119095,,,,,,,,,,,,,,,,,,,,0.0,,,1,163,1,exact,,,,,,,,2.3125001462176442e-05,b18c3439263676a41e0fdc47cdfa284ca92d6ab4
dv3-A-poisson-001350,3,A,poisson,1350,,,,3:1:0:1350,,test,2,520.1815855984911,,,,,,,,,,,,,,,,,,,,0.0,,,1,493,1,exact,,,,,,,,3.175000165356323e-05,609eac65532180897317b7fb92603ce3fdd9e03d
dv3-A-poisson-001351,3,A,poisson,1351,,,,3:1:0:1351,,test,2,367.1203679149406,,,,,,,,,,,,,,,,,,,,0.0,,,1,351,1,exact,,,,,,,,7.866700252634473e-05,7d6c2ec65539fe7d6e3f9de8a43e1efafd7d336e
dv3-A-poisson-001352,3,A,poisson,1352,,,,3:1:0:1352,,test,2,389.9583725824269,,,,,,,,,,,,,,,,,,,,0.0,,,1,349,1,exact,,,,,,,,2.787500125123188e-05,d700c11c141c4f18ef793ffca9a40f25bfce0825
dv3-A-poisson-001353,3,A,poisson,1353,,,,3:1:0:1353,,test,2,245.67401819872578,,,,,,,,,,,,,,,,,,,,0.0,,,1,239,1,exact,,,,,,,,3.387499964446761e-05,6e1cc10851f9070a31b2903104505cdaba15fb1f
dv3-A-poisson-001354,3,A,poisson,1354,,,,3:1:0:1354,,test,2,146.88547310182537,,,,,,,,,,,,,,,,,,,,0.0,,,1,127,1,exact,,,,,,,,2.2333999368129298e-05,83f358dcced5b06ddaecfe8ca3d81ef3f787397a
dv3-A-poisson-001355,3,A,poisson,1355,,,,3:1:0:1355,,test,2,261.6686360162669,,,,,,,,,,,,,,,,,,,,0.0,,,1,304,1,exact,,,,,,,,2.6875000912696123e-05,a3871699c13a3743ffd15587c52c722731ace117
dv3-A-poisson-001356,3,A,poisson,1356,,,,3:1:0:1356,,test,2,437.5488950196877,,,,,,,,,,,,,,,,,,,,0.0,,,1,462,1,exact,,,,,,,,3.995800216216594e-05,c8225348577605d2e239a6eb1f9b3394d10d9e11
dv3-A-poisson-001357,3,A,poisson,1357,,,,3:1:0:1357,,test,2,647.9073774650367,,,,,,,,,,,,,,,,,,,,0.0,,,1,608,1,exact,,,,,,,,4.1125000279862434e-05,9279ad7cc9ad7e82611630313410c7ee82aea2e5
dv3-A-poisson-001358,3,A,poisson,1358,,,,3:1:0:1358,,test,2,332.95321992847977,,,,,,,,,,,,,,,,,,,,0.0,,,1,324,1,exact,,,,,,,,2.758300252025947e-05,a2555f7dea4ab231e01e4b9410c7abaf6da71c25
dv3-A-poisson-001359,3,A,poisson,1359,,,,3:1:0:1359,,test,2,423.85371174374046,,,,,,,,,,,,,,,,,,,,0.0,,,1,385,1,exact,,,,,,,,2.8833997930632904e-05,3dde238bb268b90831918e67fea9b7d7ecfdde51
dv3-A-poisson-001360,3,A,poisson,1360,,,,3:1:0:1360,,test,2,668.2354765266246,,,,,,,,,,,,,,,,,,,,0.0,,,1,644,1,exact,,,,,,,,4.158299998380244e-05,bd08ce5a54710dee6915d69b80b0b4f9a5aed2c4
dv3-A-poisson-001361,3,A,poisson,1361,,,,3:1:0:1361,,test,2,127.34776857378789,,,,,,,,,,,,,,,,,,,,0.0,,,1,132,1,exact,,,,,,,,2.245799987576902e-05,30e845c04334dfac9ba32c6b68b48942f961f4e9
dv3-A-poisson-001362,3,A,poisson,1362,,,,3:1:0:1362,,test,2,782.8715360707154,,,,,,,,,,,,,,,,,,,,0.0,,,1,739,1,exact,,,,,,,,4.2666997615015134e-05,3759f268fb47367130a41af0deacf1dcc508264c
dv3-A-poisson-001363,3,A,poisson,1363,,,,3:1:0:1363,,test,2,269.3008751540125,,,,,,,,,,,,,,,,,,,,0.0,,,1,288,1,exact,,,,,,,,3.275000199209899e-05,f5485296976fc7e0eb9f2e46b1b1d4399bfe626f
dv3-A-poisson-001364,3,A,poisson,1364,,,,3:1:0:1364,,test,2,539.5997025917919,,,,,,,,,,,,,,,,,,,,0.0,,,1,575,1,exact,,,,,,,,3.3749998692655936e-05,3c49c041d450cb1e7072a07dcd04474aff1e2cfd
dv3-A-poisson-001365,3,A,poisson,1365,,,,3:1:0:1365,,test,2,776.4045616444948,,,,,,,,,,,,,,,,,,,,0.0,,,1,759,1,exact,,,,,,,,4.029200135846622e-05,f575a8f0ed0da7f9042372665185bba5669b6534
dv3-A-poisson-001366,3,A,poisson,1366,,,,3:1:0:1366,,test,2,626.366710984986,,,,,,,,,,,,,,,,,,,,0.0,,,1,604,1,exact,,,,,,,,3.420899884076789e-05,53d171f1f39d3301fc1a2dd4002f9ef686fc2661
dv3-A-poisson-001367,3,A,poisson,1367,,,,3:1:0:1367,,test,2,234.12088350870556,,,,,,,,,,,,,,,,,,,,0.0,,,1,224,1,exact,,,,,,,,2.433299960102886e-05,5d7517a2504867ca6385f22158592770c91ef92b
dv3-A-poisson-001368,3,A,poisson,1368,,,,3:1:0:1368,,test,2,731.0379129830001,,,,,,,,,,,,,,,,,,,,0.0,,,1,717,1,exact,,,,,,,,3.929100057575852e-05,c391f14fabfcb323dae2155180220d5188a4f050
dv3-A-poisson-001369,3,A,poisson,1369,,,,3:1:0:1369,,test,2,786.8247295062496,,,,,,,,,,,,,,,,,,,,0.0,,,1,790,1,exact,,,,,,,,4.0916998841566965e-05,93a7dd1d0f3402c04b8fc09dfe937734533eff1b
dv3-A-poisson-001370,3,A,poisson,1370,,,,3:1:0:1370,,test,2,591.4843071797507,,,,,,,,,,,,,,,,,,,,0.0,,,1,601,1,exact,,,,,,,,3.400000059627928e-05,9aac81635ed570d93dcf07a40f80901ca76f9e5a
dv3-A-poisson-001371,3,A,poisson,1371,,,,3:1:0:1371,,test,2,106.43411451757696,,,,,,,,,,,,,,,,,,,,0.0,,,1,123,1,exact,,,,,,,,2.2166997950989753e-05,96c94cf9feca7166399336391b6e40df3910c69e
dv3-A-poisson-001372,3,A,poisson,1372,,,,3:1:0:1372,,test,2,372.06311782222696,,,,,,,,,,,,,,,,,,,,0.0,,,1,337,1,exact,,,,,,,,2.7166999643668532e-05,30eee1915191a58946ee5d43e5ca0ec8607355cb
dv3-A-poisson-001373,3,A,poisson,1373,,,,3:1:0:1373,,test,2,104.00847220722855,,,,,,,,,,,,,,,,,,,,0.0,,,1,96,1,exact,,,,,,,,2.162500095437281e-05,12b47e22b4bc5461d2ac6de3a93a751235824470
dv3-A-poisson-001374,3,A,poisson,1374,,,,3:1:0:1374,,test,2,504.95471658911424,,,,,,,,,,,,,,,,,,,,0.0,,,1,476,1,exact,,,,,,,,3.13340024149511e-05,97343669eba32562db26bd52bea106cc5a721cdc
dv3-A-poisson-001375,3,A,poisson,1375,,,,3:1:0:1375,,test,2,158.1755785723854,,,,,,,,,,,,,,,,,,,,0.0,,,1,143,1,exact,,,,,,,,2.9791000997647643e-05,6f8293ba18e0b7b883ae68df13256b731c9b97c0
dv3-A-poisson-001376,3,A,poisson,1376,,,,3:1:0:1376,,test,2,434.5491750902768,,,,,,,,,,,,,,,,,,,,0.0,,,1,410,1,exact,,,,,,,,3.0082999728620052e-05,1ef4db7e86a724b2e4e2acb9a08344c4e700a8ad
dv3-A-poisson-001377,3,A,poisson,1377,,,,3:1:0:1377,,test,2,180.1067530588421,,,,,,,,,,,,,,,,,,,,0.0,,,1,165,1,exact,,,,,,,,2.34159997489769e-05,67642c6c7fcf831ee98bbd0fa12a0be5b6f85b7e
dv3-A-poisson-001378,3,A,poisson,1378,,,,3:1:0:1378,,test,2,479.58508158387036,,,,,,,,,,,,,,,,,,,,0.0,,,1,483,1,exact,,,,,,,,3.154099977109581e-05,c2fbf1decd84d4dc08a3e466a1051ad0497206f7
dv3-A-poisson-001379,3,A,poisson,1379,,,,3:1:0:1379,,test,2,593.8906551220181,,,,,,,,,,,,,,,,,,,,0.0,,,1,586,1,exact,,,,,,,,3.420899884076789e-05,ec1834ed4cf4052d04d5c2143913a4e8f0dd870a
dv3-A-poisson-001380,3,A,poisson,1380,,,,3:1:0:1380,,test,2,416.5032425915081,,,,,,,,,,,,,,,,,,,,0.0,,,1,441,1,exact,,,,,,,,3.0625000363215804e-05,d595dca435eadb8e63f0d378ce68a6643dea40cf
dv3-A-poisson-001381,3,A,poisson,1381,,,,3:1:0:1381,,test,2,778.5684393320053,,,,,,,,,,,,,,,,,,,,0.0,,,1,780,1,exact,,,,,,,,4.2084000597242266e-05,a330430e1b1fab5a7798fb9fd8da14d0f3e54b8c
dv3-A-poisson-001382,3,A,poisson,1382,,,,3:1:0:1382,,test,2,129.0545791771294,,,,,,,,,,,,,,,,,,,,0.0,,,1,137,1,exact,,,,,,,,2.258400127175264e-05,510f9726d89012ec8cd69a47670e5b9fac0d350e
dv3-A-poisson-001383,3,A,poisson,1383,,,,3:1:0:1383,,test,2,102.64829892901103,,,,,,,,,,,,,,,,,,,,0.0,,,1,90,1,exact,,,,,,,,2.1166000806260854e-05,5d1e0b9ebcd20ecf3483135bc48cfa29c705bbd7
dv3-A-poisson-001384,3,A,poisson,1384,,,,3:1:0:1384,,test,2,123.91988275934634,,,,,,,,,,,,,,,,,,,,0.0,,,1,121,1,exact,,,,,,,,2.2332998923957348e-05,de11dda480f09ee830deeb298d8bc7860fde434f
dv3-A-poisson-001385,3,A,poisson,1385,,,,3:1:0:1385,,test,2,109.489015544069,,,,,,,,,,,,,,,,,,,,0.0,,,1,103,1,exact,,,,,,,,2.2082997020334005e-05,92c9adb859838977e46bee66d5998096a2fe0859
dv3-A-poisson-001386,3,A,poisson,1386,,,,3:1:0:1386,,test,2,144.64199843062795,,,,,,,,,,,,,,,,,,,,0.0,,,1,159,1,exact,,,,,,,,2.329199924133718e-05,5a179bcc52865ad6a2b2acb84a3cf9bd657f0372
dv3-A-poisson-001387,3,A,poisson,1387,,,,3:1:0:1387,,test,2,707.9754288642185,,,,,,,,,,,,,,,,,,,,0.0,,,1,778,1,exact,,,,,,,,3.9999998989515007e-05,558b3cdff8d7d7140d6e657e7404f16c9acfa16c
dv3-A-poisson-001388,3,A,poisson,1388,,,,3:1:0:1388,,test,2,632.9525881955955,,,,,,,,,,,,,,,,,,,,0.0,,,1,635,1,exact,,,,,,,,3.920800008927472e-05,334a12d2a7f1b52e00738abf3e6f983abf7de0b4
dv3-A-poisson-001389,3,A,poisson,1389,,,,3:1:0:1389,,test,2,125.44776540938241,,,,,,,,,,,,,,,,,,,,0.0,,,1,109,1,exact,,,,,,,,2.195799970650114e-05,f561a46ee6efccdc3a4937b716fc1678055973a4
dv3-A-poisson-001390,3,A,poisson,1390,,,,3:1:0:1390,,test,2,124.57800360888078,,,,,,,,,,,,,,,,,,,,0.0,,,1,122,1,exact,,,,,,,,2.2000000171829015e-05,016a6a759ac989acdd1c3cc1fdfe32d100bc1b4f
dv3-A-poisson-001391,3,A,poisson,1391,,,,3:1:0:1391,,test,2,250.19435598812873,,,,,,,,,,,,,,,,,,,,0.0,,,1,224,1,exact,,,,,,,,2.4500001018168405e-05,1fa549b8db31685b5c8bdf81b1775cd4b930bfbb
dv3-A-poisson-001392,3,A,poisson,1392,,,,3:1:0:1392,,test,2,292.81309833966344,,,,,,,,,,,,,,,,,,,,0.0,,,1,276,1,exact,,,,,,,,2.5875000574160367e-05,05c9dca560644bf3221fd63ba7be8049a055b673
dv3-A-poisson-001393,3,A,poisson,1393,,,,3:1:0:1393,,test,2,706.2148537707174,,,,,,,,,,,,,,,,,,,,0.0,,,1,778,1,exact,,,,,,,,4.149999949731864e-05,52ad156b378fb86f47582ca21a03e44aa34af707
dv3-A-poisson-001394,3,A,poisson,1394,,,,3:1:0:1394,,test,2,798.9370437268826,,,,,,,,,,,,,,,,,,,,0.0,,,1,811,1,exact,,,,,,,,4.2499999835854396e-05,2c0d3909e69521b67cd762d1f79a9495d62efe1b
dv3-A-poisson-001395,3,A,poisson,1395,,,,3:1:0:1395,,test,2,194.90970627472302,,,,,,,,,,,,,,,,,,,,0.0,,,1,202,1,exact,,,,,,,,2.487500023562461e-05,65ad8cacdb5f5f0e67a10b3ab2b419bfab238e60
dv3-A-poisson-001396,3,A,poisson,1396,,,,3:1:0:1396,,test,2,247.61092803034134,,,,,,,,,,,,,,,,,,,,0.0,,,1,247,1,exact,,,,,,,,2.600000152597204e-05,71687800a7b3b4f71c59685280eea8e586b79317
dv3-A-poisson-001397,3,A,poisson,1397,,,,3:1:0:1397,,test,2,143.36259450157257,,,,,,,,,,,,,,,,,,,,0.0,,,1,155,1,exact,,,,,,,,2.6999998226528987e-05,659c991f0fdd0465a5e54462389fd9eef2db0417
dv3-A-poisson-001398,3,A,poisson,1398,,,,3:1:0:1398,,test,2,760.4966668014399,,,,,,,,,,,,,,,,,,,,0.0,,,1,749,1,exact,,,,,,,,3.8333000702550635e-05,07f1aed56688dcd995d0f71706479dd894bebb3c
dv3-A-poisson-001399,3,A,poisson,1399,,,,3:1:0:1399,,test,2,140.7517929127192,,,,,,,,,,,,,,,,,,,,0.0,,,1,143,1,exact,,,,,,,,2.2708998585585505e-05,54d7e81a4898fcae99158911fea9057d5f80ee51
dv3-A-poisson-001400,3,A,poisson,1400,,,,3:1:0:1400,,test,2,362.9796886503461,,,,,,,,,,,,,,,,,,,,0.0,,,1,359,1,exact,,,,,,,,2.8542002837639302e-05,c9f8c1477e04e07868f55ff123685e4d9a7eb4f9
dv3-A-poisson-001401,3,A,poisson,1401,,,,3:1:0:1401,,test,2,112.86606099671161,,,,,,,,,,,,,,,,,,,,0.0,,,1,122,1,exact,,,,,,,,2.224999843747355e-05,9e4f952014e6f140daa4a784694d7c13815bdfd7
dv3-A-poisson-001402,3,A,poisson,1402,,,,3:1:0:1402,,test,2,100.73039224585376,,,,,,,,,,,,,,,,,,,,0.0,,,1,92,1,exact,,,,,,,,2.195900015067309e-05,c7564738d073fb65d78fa74031eb7ba71c5e2b0a
dv3-A-poisson-001403,3,A,poisson,1403,,,,3:1:0:1403,,test,2,489.70452180114313,,,,,,,,,,,,,,,,,,,,0.0,,,1,491,1,exact,,,,,,,,3.212500087101944e-05,78093fbb27c344bb5fa2e3005ea9d1ae199c5a9f
dv3-A-poisson-001404,3,A,poisson,1404,,,,3:1:0:1404,,test,2,722.7819821230639,,,,,,,,,,,,,,,,,,,,0.0,,,1,757,1,exact,,,,,,,,3.879200085066259e-05,22a319c37fe584d19d194f59ba83f914c44bc059
dv3-A-poisson-001405,3,A,poisson,1405,,,,3:1:0:1405,,test,2,639.4848018910978,,,,,,,,,,,,,,,,,,,,0.0,,,1,618,1,exact,,,,,,,,3.745800131582655e-05,eb63533a094f4645a33ad76c3e87bd37fda60dff
dv3-A-poisson-001406,3,A,poisson,1406,,,,3:1:0:1406,,test,2,673.7539365148621,,,,,,,,,,,,,,,,,,,,0.0,,,1,744,1,exact,,,,,,,,4.08750020142179e-05,d06737c11871981e809e8629e4d11842b0997863
dv3-A-poisson-001407,3,A,poisson,1407,,,,3:1:0:1407,,test,2,257.5668109133887,,,,,,,,,,,,,,,,,,,,0.0,,,1,252,1,exact,,,,,,,,2.6041998353321105e-05,02fdaf2dca61628bb114925fd36849a4099d07d3
dv3-A-poisson-001408,3,A,poisson,1408,,,,3:1:0:1408,,test,2,282.10987625789545,,,,,,,,,,,,,,,,,,,,0.0,,,1,296,1,exact,,,,,,,,2.7082998713012785e-05,082ae446d5ce983766f7c0bd584638f231c62884
dv3-A-poisson-001409,3,A,poisson,1409,,,,3:1:0:1409,,test,2,345.6465556499472,,,,,,,,,,,,,,,,,,,,0.0,,,1,357,1,exact,,,,,,,,2.9082999390084296e-05,2f501908e29022e8d78d6ed3db27364bbaeb7bf4
dv3-A-poisson-001410,3,A,poisson,1410,,,,3:1:0:1410,,test,2,112.99843367649952,,,,,,,,,,,,,,,,,,,,0.0,,,1,119,1,exact,,,,,,,,2.2416999854613096e-05,8ee4df4c679ae005e9292b6f1cda655585b859fb
dv3-A-poisson-001411,3,A,poisson,1411,,,,3:1:0:1411,,test,2,130.61939740550173,,,,,,,,,,,,,,,,,,,,0.0,,,1,126,1,exact,,,,,,,,2.2125001123640686e-05,b8c88c1752907d2eb6cf905376faa103c628637b
dv3-A-poisson-001412,3,A,poisson,1412,,,,3:1:0:1412,,test,2,726.1371636481117,,,,,,,,,,,,,,,,,,,,0.0,,,1,733,1,exact,,,,,,,,3.7292000342858955e-05,31418d5e8e295c133c22b972d9f16e6654cfa125
dv3-A-poisson-001413,3,A,poisson,1413,,,,3:1:0:1413,,test,2,105.17833005996332,,,,,,,,,,,,,,,,,,,,0.0,,,1,119,1,exact,,,,,,,,2.183299875468947e-05,ebad53e13beea078a659a63d5ac6f7eb9875dca6
dv3-A-poisson-001414,3,A,poisson,1414,,,,3:1:0:1414,,test,2,394.09297988125064,,,,,,,,,,,,,,,,,,,,0.0,,,1,403,1,exact,,,,,,,,3.004099926329218e-05,864831a7a28aa5b490f0b445fca4a7676ba1402d
dv3-A-poisson-001415,3,A,poisson,1415,,,,3:1:0:1415,,test,2,180.3754760559561,,,,,,,,,,,,,,,,,,,,0.0,,,1,182,1,exact,,,,,,,,2.4375000066356733e-05,35c09a848d9b5704bd18fed062357edb10a83c24
dv3-A-poisson-001416,3,A,poisson,1416,,,,3:1:0:1416,,test,2,558.679707874202,,,,,,,,,,,,,,,,,,,,0.0,,,1,535,1,exact,,,,,,,,3.312499757157639e-05,b9f633e12c6aa1c30c836cacb3d8e0a6712e3763
dv3-A-poisson-001417,3,A,poisson,1417,,,,3:1:0:1417,,test,2,359.618226431478,,,,,,,,,,,,,,,,,,,,0.0,,,1,334,1,exact,,,,,,,,2.8250000468688086e-05,dc55503246de9ae43ba49f24e9b9d76fbe2655d1
dv3-A-poisson-001418,3,A,poisson,1418,,,,3:1:0:1418,,test,2,559.9748572047233,,,,,,,,,,,,,,,,,,,,0.0,,,1,567,1,exact,,,,,,,,3.995799852418713e-05,1d01ab097ed6efa4a861fe8ed335e175ad8b8c73
dv3-A-poisson-001419,3,A,poisson,1419,,,,3:1:0:1419,,test,2,265.68990702625814,,,,,,,,,,,,,,,,,,,,0.0,,,1,267,1,exact,,,,,,,,2.7582998882280663e-05,408f74d17efa9f0800e73d503bb1d08eb31b454d
dv3-A-poisson-001420,3,A,poisson,1420,,,,3:1:0:1420,,test,2,715.2831575497773,,,,,,,,,,,,,,,,,,,,0.0,,,1,699,1,exact,,,,,,,,4.012499994132668e-05,7c3437c2cf239d7d202fb9555837c7165803874f
dv3-A-poisson-001421,3,A,poisson,1421,,,,3:1:0:1421,,test,2,526.559390537169,,,,,,,,,,,,,,,,,,,,0.0,,,1,500,1,exact,,,,,,,,3.591700078686699e-05,a52a614bcbfed7758c39af1bd853c65b2be8c2bb
dv3-A-poisson-001422,3,A,poisson,1422,,,,3:1:0:1422,,test,2,221.78527694356282,,,,,,,,,,,,,,,,,,,,0.0,,,1,227,1,exact,,,,,,,,2.5834000553004444e-05,41347010917fdb5c5da6d17b4e4a762beb9413a1
dv3-A-poisson-001423,3,A,poisson,1423,,,,3:1:0:1423,,test,2,305.35077941803166,,,,,,,,,,,,,,,,,,,,0.0,,,1,326,1,exact,,,,,,,,2.8458998713176697e-05,5e15234e8a545075437fba409d204c3a13404dbe
dv3-A-poisson-001424,3,A,poisson,1424,,,,3:1:0:1424,,test,2,476.37454144556773,,,,,,,,,,,,,,,,,,,,0.0,,,1,496,1,exact,,,,,,,,3.245900006731972e-05,5d9fa3de64a45d71af4bd74fe060128fffcccb0e
dv3-A-poisson-001425,3,A,poisson,1425,,,,3:1:0:1425,,test,2,238.91666817078644,,,,,,,,,,,,,,,,,,,,0.0,,,1,238,1,exact,,,,,,,,2.9041999368928373e-05,1481990feeabd8a424dfb13f95ed0d2cf0919881
dv3-A-poisson-001426,3,A,poisson,1426,,,,3:1:0:1426,,test,2,214.2019193325712,,,,,,,,,,,,,,,,,,,,0.0,,,1,200,1,exact,,,,,,,,2.5332999939564615e-05,3e299e0f1109adb8322ecd03c281bfcf2c69af06
dv3-A-poisson-001427,3,A,poisson,1427,,,,3:1:0:1427,,test,2,228.9404800483355,,,,,,,,,,,,,,,,,,,,0.0,,,1,233,1,exact,,,,,,,,2.5625002308515832e-05,0ba9fe69bf5eb70b84eea8df58fb81710703dcc5
dv3-A-poisson-001428,3,A,poisson,1428,,,,3:1:0:1428,,test,2,223.5885888116646,,,,,,,,,,,,,,,,,,,,0.0,,,1,211,1,exact,,,,,,,,2.516699896659702e-05,3c622bd4570bb80451a8559026f923a77fd45195
dv3-A-poisson-001429,3,A,poisson,1429,,,,3:1:0:1429,,test,2,218.30048278622795,,,,,,,,,,,,,,,,,,,,0.0,,,1,216,1,exact,,,,,,,,2.504199801478535e-05,9ba688938937aacae8cd9682ddb5c56c9a809135
dv3-A-poisson-001430,3,A,poisson,1430,,,,3:1:0:1430,,test,2,190.4819737233113,,,,,,,,,,,,,,,,,,,,0.0,,,1,171,1,exact,,,,,,,,2.391700036241673e-05,0aed4e12a461666716f78612ed200863132dc32e
dv3-A-poisson-001431,3,A,poisson,1431,,,,3:1:0:1431,,test,2,399.1194796665676,,,,,,,,,,,,,,,,,,,,0.0,,,1,407,1,exact,,,,,,,,3.3125001209555194e-05,140d5e87940debba646954ba8af61ce600413399
dv3-A-poisson-001432,3,A,poisson,1432,,,,3:1:0:1432,,test,2,381.15091894586806,,,,,,,,,,,,,,,,,,,,0.0,,,1,372,1,exact,,,,,,,,2.975000097649172e-05,c7a905697345aea867076dacf844f479cd9998a9
dv3-A-poisson-001433,3,A,poisson,1433,,,,3:1:0:1433,,test,2,724.6500569080222,,,,,,,,,,,,,,,,,,,,0.0,,,1,793,1,exact,,,,,,,,3.504099731799215e-05,308ea93e4660845559d58b2fbca22361a5eec19c
dv3-A-poisson-001434,3,A,poisson,1434,,,,3:1:0:1434,,test,2,109.35580174439959,,,,,,,,,,,,,,,,,,,,0.0,,,1,111,1,exact,,,,,,,,1.4666002243757248e-05,6d1f7f1adbe8dc4c2dca2bb063701645fc00bffe
dv3-A-poisson-001435,3,A,poisson,1435,,,,3:1:0:1435,,test,2,286.7744848453627,,,,,,,,,,,,,,,,,,,,0.0,,,1,287,1,exact,,,,,,,,1.4792000001762062e-05,1ab54890cbad3055fcd2b99dc97694d803b09f0f
dv3-A-poisson-001436,3,A,poisson,1436,,,,3:1:0:1436,,test,2,352.69099638981623,,,,,,,,,,,,,,,,,,,,0.0,,,1,390,1,exact,,,,,,,,1.5875000826781616e-05,8fdeb8cf04e7095943db752ad6c6218b12f1be97
dv3-A-poisson-001437,3,A,poisson,1437,,,,3:1:0:1437,,test,2,162.8486265536174,,,,,,,,,,,,,,,,,,,,0.0,,,1,169,1,exact,,,,,,,,1.270800203201361e-05,c808fed0c5c0a7dff80837600cf57243ee152c47
dv3-A-poisson-001438,3,A,poisson,1438,,,,3:1:0:1438,,test,2,125.09481272680463,,,,,,,,,,,,,,,,,,,,0.0,,,1,115,1,exact,,,,,,,,1.166600122814998e-05,b20f14505496c53bdfd7a3b006e4f682ccb650d3
dv3-A-poisson-001439,3,A,poisson,1439,,,,3:1:0:1439,,test,2,310.35979067691676,,,,,,,,,,,,,,,,,,,,0.0,,,1,283,1,exact,,,,,,,,1.4083998394198716e-05,226d538cbe0032615e994ec33c25f2e30b0acfd6
dv3-A-poisson-001440,3,A,poisson,1440,,,,3:1:0:1440,,test,2,238.9833807694806,,,,,,,,,,,,,,,,,,,,0.0,,,1,235,1,exact,,,,,,,,1.3374999980442226e-05,610a30603c8f5d00bd8f6db49c43dd753cb8c2bc
dv3-A-poisson-001441,3,A,poisson,1441,,,,3:1:0:1441,,test,2,205.91238727313151,,,,,,,,,,,,,,,,,,,,0.0,,,1,183,1,exact,,,,,,,,1.2707998394034803e-05,2f2e46397a6e71f7a3c84368cf6f81ebd5576460
dv3-A-poisson-001442,3,A,poisson,1442,,,,3:1:0:1442,,test,2,378.34775049855233,,,,,,,,,,,,,,,,,,,,0.0,,,1,359,1,exact,,,,,,,,1.5000001440057531e-05,25c986c648e299a4cb2bc9b756fe6d20dfd10f71
dv3-A-poisson-001443,3,A,poisson,1443,,,,3:1:0:1443,,test,2,566.7805881432693,,,,,,,,,,,,,,,,,,,,0.0,,,1,556,1,exact,,,,,,,,1.779200101736933e-05,c66694e9d31a39de2a60dee31550603f28dcfdb6
dv3-A-poisson-001444,3,A,poisson,1444,,,,3:1:0:1444,,test,2,119.30364525084478,,,,,,,,,,,,,,,,,,,,0.0,,,1,121,1,exact,,,,,,,,1.1707998055499047e-05,4e2ca63e2e86a15a64554941dccfeb94729f4243
dv3-A-poisson-001445,3,A,poisson,1445,,,,3:1:0:1445,,test,2,150.75055380620628,,,,,,,,,,,,,,,,,,,,0.0,,,1,168,1,exact,,,,,,,,1.3666001905221492e-05,05bd76ff61ec6d90a46d7b2106faccf1f4083469
dv3-A-poisson-001446,3,A,poisson,1446,,,,3:1:0:1446,,test,2,178.85834871961302,,,,,,,,,,,,,,,,,,,,0.0,,,1,175,1,exact,,,,,,,,1.2749998859362677e-05,682f7904fc20d4a5ccc60fd542c28627bba5ccf3
dv3-A-poisson-001447,3,A,poisson,1447,,,,3:1:0:1447,,test,2,380.65817360445726,,,,,,,,,,,,,,,,,,,,0.0,,,1,388,1,exact,,,,,,,,1.5249999705702066e-05,942f0d837bdf1fbd1e13ee71d417442562b647dc
dv3-A-poisson-001448,3,A,poisson,1448,,,,3:1:0:1448,,test,2,291.7762232364084,,,,,,,,,,,,,,,,,,,,0.0,,,1,288,1,exact,,,,,,,,1.8999999156221747e-05,d217bdd0fcae09fd6449438344429532e741792c
dv3-A-poisson-001449,3,A,poisson,1449,,,,3:1:0:1449,,test,2,289.99448563877047,,,,,,,,,,,,,,,,,,,,0.0,,,1,261,1,exact,,,,,,,,1.3749999197898433e-05,1e248678d58b84923a4aad8551d2b61085cb467f
dv3-A-poisson-001450,3,A,poisson,1450,,,,3:1:0:1450,,test,2,660.7743301053152,,,,,,,,,,,,,,,,,,,,0.0,,,1,612,1,exact,,,,,,,,2.3665998014621437e-05,26f44a08c4523eb03dd73993fdcd5898040fe9b5
dv3-A-poisson-001451,3,A,poisson,1451,,,,3:1:0:1451,,test,2,601.9250772719718,,,,,,,,,,,,,,,,,,,,0.0,,,1,573,1,exact,,,,,,,,2.3749998945277184e-05,c5da0eeba95017f3651939935bfa962982b67a92
dv3-A-poisson-001452,3,A,poisson,1452,,,,3:1:0:1452,,test,2,350.6328473404531,,,,,,,,,,,,,,,,,,,,0.0,,,1,340,1,exact,,,,,,,,1.4749999536434188e-05,4a52bbf3ae91b0d8ad4274ce4ba9cbf346c12404
dv3-A-poisson-001453,3,A,poisson,1453,,,,3:1:0:1453,,test,2,313.4647706986058,,,,,,,,,,,,,,,,,,,,0.0,,,1,319,1,exact,,,,,,,,1.424999936716631e-05,32ace4e8d1377edf0eff2d3b1815ec19d8160e8b
dv3-A-poisson-001454,3,A,poisson,1454,,,,3:1:0:1454,,test,2,384.7197231086542,,,,,,,,,,,,,,,,,,,,0.0,,,1,388,1,exact,,,,,,,,1.5458001143997535e-05,e26f21e9d4dc3e6df354627338240e04eb7ed4e2
dv3-A-poisson-001455,3,A,poisson,1455,,,,3:1:0:1455,,test,2,488.7604871614525,,,,,,,,,,,,,,,,,,,,0.0,,,1,473,1,exact,,,,,,,,1.9750001229112968e-05,96cfe29745220f2157b9b7bc26fdafafcda59d23
dv3-A-poisson-001456,3,A,poisson,1456,,,,3:1:0:1456,,test,2,119.48127208433468,,,,,,,,,,,,,,,,,,,,0.0,,,1,109,1,exact,,,,,,,,1.1499996617203578e-05,b5b69f779cb774172cbba3a08069609dbc5c57f7
dv3-A-poisson-001457,3,A,poisson,1457,,,,3:1:0:1457,,test,2,382.73730919476236,,,,,,,,,,,,,,,,,,,,0.0,,,1,345,1,exact,,,,,,,,1.5208999684546143e-05,548602e607eebfcf961b290b5c1699336067dcf8
dv3-A-poisson-001458,3,A,poisson,1458,,,,3:1:0:1458,,test,2,321.1211474723412,,,,,,,,,,,,,,,,,,,,0.0,,,1,308,1,exact,,,,,,,,1.820800025598146e-05,ba103ee5739a08b302305bfe21c0ee92f6eeaa5d
dv3-A-poisson-001459,3,A,poisson,1459,,,,3:1:0:1459,,test,2,670.1344058731854,,,,,,,,,,,,,,,,,,,,0.0,,,1,684,1,exact,,,,,,,,2.2207997972145677e-05,f67cdb9dfc874fc6ae436c4c1ed3eca72be02169
dv3-A-poisson-001460,3,A,poisson,1460,,,,3:1:0:1460,,test,2,100.31135276577557,,,,,,,,,,,,,,,,,,,,0.0,,,1,106,1,exact,,,,,,,,1.1708001693477854e-05,da358c8485e8242097adb301a3789e80dbda5991
dv3-A-poisson-001461,3,A,poisson,1461,,,,3:1:0:1461,,test,2,771.5141208218212,,,,,,,,,,,,,,,,,,,,0.0,,,1,761,1,exact,,,,,,,,2.0625000615837052e-05,967c9f52c0afc9f1e278f09993be7d0950dd9c78
dv3-A-poisson-001462,3,A,poisson,1462,,,,3:1:0:1462,,test,2,235.25902605074776,,,,,,,,,,,,,,,,,,,,0.0,,,1,210,1,exact,,,,,,,,1.2833999790018424e-05,38ee4bbb3feb585941bb1a742e714ebd0690cc7d
dv3-A-poisson-001463,3,A,poisson,1463,,,,3:1:0:1463,,test,2,352.64504075912697,,,,,,,,,,,,,,,,,,,,0.0,,,1,342,1,exact,,,,,,,,1.4415996702155098e-05,b6e5786841208d36eb8526239dcddcd83c274763
dv3-A-poisson-001464,3,A,poisson,1464,,,,3:1:0:1464,,test,2,245.71611664524983,,,,,,,,,,,,,,,,,,,,0.0,,,1,265,1,exact,,,,,,,,1.6625002899672836e-05,fc5254773dddd198feeaff52e6949844dba0f44b
dv3-A-poisson-001465,3,A,poisson,1465,,,,3:1:0:1465,,test,2,118.36554521671204,,,,,,,,,,,,,,,,,,,,0.0,,,1,121,1,exact,,,,,,,,1.1459000234026462e-05,bfba87e1b179c6f64bf8ca68d57e4039b81f90cd
dv3-A-poisson-001466,3,A,poisson,1466,,,,3:1:0:1466,,test,2,228.19882860671638,,,,,,,,,,,,,,,,,,,,0.0,,,1,189,1,exact,,,,,,,,1.2541000614874065e-05,022a56fd9bf54ca54dbdf216409d96701353791c
dv3-A-poisson-001467,3,A,poisson,1467,,,,3:1:0:1467,,test,2,351.30719154809316,,,,,,,,,,,,,,,,,,,,0.0,,,1,310,1,exact,,,,,,,,1.412499841535464e-05,00e94a9dbb9c6b487ec4533d20f9442b3155c957
dv3-A-poisson-001468,3,A,poisson,1468,,,,3:1:0:1468,,test,2,147.79330085501545,,,,,,,,,,,,,,,,,,,,0.0,,,1,154,1,exact,,,,,,,,1.1874999472638592e-05,ff5c19cc6ac3676407b70265a8e438f0eebf7b74
dv3-A-poisson-001469,3,A,poisson,1469,,,,3:1:0:1469,,test,2,190.6594724885766,,,,,,,,,,,,,,,,,,,,0.0,,,1,207,1,exact,,,,,,,,1.8540999008109793e-05,2cd20c2b1dafba464ab1907405ef83f72ae1c7c3
dv3-A-poisson-001470,3,A,poisson,1470,,,,3:1:0:1470,,test,2,313.36424415007167,,,,,,,,,,,,,,,,,,,,0.0,,,1,320,1,exact,,,,,,,,1.4500001270789653e-05,26158ce2b73faccee748a630f68e2cb024066bbf
dv3-A-poisson-001471,3,A,poisson,1471,,,,3:1:0:1471,,test,2,111.21723054954111,,,,,,,,,,,,,,,,,,,,0.0,,,1,103,1,exact,,,,,,,,1.2583001080201939e-05,2429778cf162b55488224418894f425b6b51cdf4
dv3-A-poisson-001472,3,A,poisson,1472,,,,3:1:0:1472,,test,2,717.0719658529913,,,,,,,,,,,,,,,,,,,,0.0,,,1,716,1,exact,,,,,,,,1.9917002646252513e-05,f93d23e09c5ef8415374e613689708c171d637bb
dv3-A-poisson-001473,3,A,poisson,1473,,,,3:1:0:1473,,test,2,389.31206024485164,,,,,,,,,,,,,,,,,,,,0.0,,,1,423,1,exact,,,,,,,,1.570799940964207e-05,f028bbebf5f3489fd1c598e9ddec56accbbfebed
dv3-A-poisson-001474,3,A,poisson,1474,,,,3:1:0:1474,,test,2,161.93989750971366,,,,,,,,,,,,,,,,,,,,0.0,,,1,152,1,exact,,,,,,,,1.195799995912239e-05,95cd86d884e45238a3bdd99be3615b10e5204934
dv3-A-poisson-001475,3,A,poisson,1475,,,,3:1:0:1475,,test,2,133.097282093047,,,,,,,,,,,,,,,,,,,,0.0,,,1,121,1,exact,,,,,,,,1.1374999303370714e-05,0676e888598dfc00422f2902297dd7fe606f101f
dv3-A-poisson-001476,3,A,poisson,1476,,,,3:1:0:1476,,test,2,164.95506525632854,,,,,,,,,,,,,,,,,,,,0.0,,,1,163,1,exact,,,,,,,,1.2000000424450263e-05,a1ea9a81a9d6f4e0d473b77691e4805c62ff6e18
dv3-A-poisson-001477,3,A,poisson,1477,,,,3:1:0:1477,,test,2,532.7485977466431,,,,,,,,,,,,,,,,,,,,0.0,,,1,539,1,exact,,,,,,,,1.7334001313429326e-05,671b993a251dcec0e8f454c31ef37c6cbd4c5d00
dv3-A-poisson-001478,3,A,poisson,1478,,,,3:1:0:1478,,test,2,411.9374784929606,,,,,,,,,,,,,,,,,,,,0.0,,,1,435,1,exact,,,,,,,,1.587499718880281e-05,6c95d55ea2dc0feca26d6741e461d7e92ddd52bd
dv3-A-poisson-001479,3,A,poisson,1479,,,,3:1:0:1479,,test,2,111.97180757068467,,,,,,,,,,,,,,,,,,,,0.0,,,1,85,1,exact,,,,,,,,1.1083997378591448e-05,b4acbd88cdce01ae8f61f8f195e251a229ff41c2
dv3-A-poisson-001480,3,A,poisson,1480,,,,3:1:0:1480,,test,2,226.33835016791824,,,,,,,,,,,,,,,,,,,,0.0,,,1,228,1,exact,,,,,,,,1.2999997125007212e-05,e89180a97956fa8fb6f061495572e5a8bfe64be2
dv3-A-poisson-001481,3,A,poisson,1481,,,,3:1:0:1481,,test,2,326.53195616233006,,,,,,,,,,,,,,,,,,,,0.0,,,1,310,1,exact,,,,,,,,1.4165998436510563e-05,0fb52d2909b52e9b5e14506a9bbd729a3c52b6ed
dv3-A-poisson-001482,3,A,poisson,1482,,,,3:1:0:1482,,test,2,191.37912425979962,,,,,,,,,,,,,,,,,,,,0.0,,,1,189,1,exact,,,,,,,,1.2541997421067208e-05,639296778a82d734710c2442d2b564323eee16ad
dv3-A-poisson-001483,3,A,poisson,1483,,,,3:1:0:1483,,test,2,284.8070952449933,,,,,,,,,,,,,,,,,,,,0.0,,,1,292,1,exact,,,,,,,,1.3874996511731297e-05,a5aabfa39f6476c209d8d5c4cf6c920f3cc8b4db
dv3-A-poisson-001484,3,A,poisson,1484,,,,3:1:0:1484,,test,2,377.17205750419475,,,,,,,,,,,,,,,,,,,,0.0,,,1,366,1,exact,,,,,,,,1.4999997802078724e-05,1f86934c7280a67f1575da6bdca35557e7325b5e
dv3-A-poisson-001485,3,A,poisson,1485,,,,3:1:0:1485,,test,2,143.24222751905052,,,,,,,,,,,,,,,,,,,,0.0,,,1,125,1,exact,,,,,,,,1.1459000234026462e-05,ad5ae6c281ea69376d5556e94dd503b4b8c9b2e7
dv3-A-poisson-001486,3,A,poisson,1486,,,,3:1:0:1486,,test,2,235.2083406128741,,,,,,,,,,,,,,,,,,,,0.0,,,1,262,1,exact,,,,,,,,1.3332999515114352e-05,42c1c3204d7a11de5bae7bceda1353c0a0085cc4
dv3-A-poisson-001487,3,A,poisson,1487,,,,3:1:0:1487,,test,2,164.97320403801803,,,,,,,,,,,,,,,,,,,,0.0,,,1,154,1,exact,,,,,,,,1.2000000424450263e-05,16229445ec3553f5b52a77e8a4a4724b9bfccea8
dv3-A-poisson-001488,3,A,poisson,1488,,,,3:1:0:1488,,test,2,168.32558477540996,,,,,,,,,,,,,,,,,,,,0.0,,,1,169,1,exact,,,,,,,,1.2250002328073606e-05,2de6ef8c9c4c2e911ac37f8847954678faf4912f
dv3-A-poisson-001489,3,A,poisson,1489,,,,3:1:0:1489,,test,2,780.2086079509774,,,,,,,,,,,,,,,,,,,,0.0,,,1,800,1,exact,,,,,,,,2.1040999854449183e-05,4e15508e450f523726a189341eabada037cd7d97
dv3-A-poisson-001490,3,A,poisson,1490,,,,3:1:0:1490,,test,2,559.077465943937,,,,,,,,,,,,,,,,,,,,0.0,,,1,587,1,exact,,,,,,,,1.799999881768599e-05,9f90b563c1a209f6da40f42d71fd3c143be09407
dv3-A-poisson-001491,3,A,poisson,1491,,,,3:1:0:1491,,test,2,155.63804016782754,,,,,,,,,,,,,,,,,,,,0.0,,,1,153,1,exact,,,,,,,,1.2000000424450263e-05,b22065552a0f9070f526b1bab96c5717fedae4aa
dv3-A-poisson-001492,3,A,poisson,1492,,,,3:1:0:1492,,test,2,433.77876874238143,,,,,,,,,,,,,,,,,,,,0.0,,,1,442,1,exact,,,,,,,,1.787499786587432e-05,f823611ade72de203f0a48017c1f8248022b8f81
dv3-A-poisson-001493,3,A,poisson,1493,,,,3:1:0:1493,,test,2,191.7983061670549,,,,,,,,,,,,,,,,,,,,0.0,,,1,187,1,exact,,,,,,,,1.229100234922953e-05,49efc92adcdfe3318a7f35cee88d35305be35e55
dv3-A-poisson-001494,3,A,poisson,1494,,,,3:1:0:1494,,test,2,215.55816003164395,,,,,,,,,,,,,,,,,,,,0.0,,,1,218,1,exact,,,,,,,,1.3084001693641767e-05,c63999e8727228779aec01d850347fcb24ce2ae6
dv3-A-poisson-001495,3,A,poisson,1495,,,,3:1:0:1495,,test,2,394.3361681351029,,,,,,,,,,,,,,,,,,,,0.0,,,1,405,1,exact,,,,,,,,1.5375000657513738e-05,d72f6d9e8df1219e9073035ab4095b6364b5b2a6
dv3-A-poisson-001496,3,A,poisson,1496,,,,3:1:0:1496,,test,2,332.7900750024171,,,,,,,,,,,,,,,,,,,,0.0,,,1,339,1,exact,,,,,,,,1.458300175727345e-05,1a1497e30db2b0bcf6bfeada90a227cf75be5d27
dv3-A-poisson-001497,3,A,poisson,1497,,,,3:1:0:1497,,test,2,283.49737628897054,,,,,,,,,,,,,,,,,,,,0.0,,,1,290,1,exact,,,,,,,,1.7499998648418114e-05,6ad7d08267226729ce42ba3bf64e8e8e676d35af
dv3-A-poisson-001498,3,A,poisson,1498,,,,3:1:0:1498,,test,2,494.54703741638485,,,,,,,,,,,,,,,,,,,,0.0,,,1,508,1,exact,,,,,,,,1.6916001186473295e-05,57ce5a6255451da889e5398ff985871bd096d757
dv3-A-poisson-001499,3,A,poisson,1499,,,,3:1:0:1499,,test,2,172.97117397292203,,,,,,,,,,,,,,,,,,,,0.0,,,1,163,1,exact,,,,,,,,1.2000000424450263e-05,a123b2c4a054f39c03be8c53ade2283b7e26d1e0
dv3-A-poisson-001500,3,A,poisson,1500,,,,3:1:0:1500,,test,3,570.27983678225,,,,,,,,,,,,,,,,,,,,0.0,,,1,614,1,exact,,,,,,,,0.00018454099699738435,9f9faa190b060701eccf6f5bdc8cf99c0a61953a
dv3-A-poisson-001501,3,A,poisson,1501,,,,3:1:0:1501,,test,3,141.26778418317312,,,,,,,,,,,,,,,,,,,,0.0,,,1,141,1,exact,,,,,,,,1.904199962154962e-05,f576bc975143d21c2cbfdd9c05150ad88600e188
dv3-A-poisson-001502,3,A,poisson,1502,,,,3:1:0:1502,,test,3,256.86603970191453,,,,,,,,,,,,,,,,,,,,0.0,,,1,270,1,exact,,,,,,,,1.6917001630645245e-05,132ed0a6fb13104e4be25d0a985823f7e15d6b9e
dv3-A-poisson-001503,3,A,poisson,1503,,,,3:1:0:1503,,test,3,158.30182398759484,,,,,,,,,,,,,,,,,,,,0.0,,,1,150,1,exact,,,,,,,,1.4000001101521775e-05,662ed39317f07c1d16c51b482b3831f0063ad16d
dv3-A-poisson-001504,3,A,poisson,1504,,,,3:1:0:1504,,test,3,398.02668318708675,,,,,,,,,,,,,,,,,,,,0.0,,,1,400,1,exact,,,,,,,,1.716699989628978e-05,71d7011ca03f32a10c8e8b9d0bddaa1f97a290c9
dv3-A-poisson-001505,3,A,poisson,1505,,,,3:1:0:1505,,test,3,108.58038182018564,,,,,,,,,,,,,,,,,,,,0.0,,,1,111,1,exact,,,,,,,,1.2624997907551005e-05,f19a9d34c2badbf0f62593bb4a518d0579e32b7a
dv3-A-poisson-001506,3,A,poisson,1506,,,,3:1:0:1506,,test,3,444.5757584931348,,,,,,,,,,,,,,,,,,,,0.0,,,1,466,1,exact,,,,,,,,1.8165999790653586e-05,12a73780edbd9ecf46fc1b4af82de4dc4db52dfe
dv3-A-poisson-001507,3,A,poisson,1507,,,,3:1:0:1507,,test,3,188.24281239732278,,,,,,,,,,,,,,,,,,,,0.0,,,1,148,1,exact,,,,,,,,1.2459000572562218e-05,63bffdc4301a739b5f35bea11efe0e26f4f0d2e0
dv3-A-poisson-001508,3,A,poisson,1508,,,,3:1:0:1508,,test,3,448.1201940130068,,,,,,,,,,,,,,,,,,,,0.0,,,1,435,1,exact,,,,,,,,1.6000001778593287e-05,c11c58bfcf1dd3e7f25d8bbc7f9e22faf1fc7c5e
dv3-A-poisson-001509,3,A,poisson,1509,,,,3:1:0:1509,,test,3,179.48328106063022,,,,,,,,,,,,,,,,,,,,0.0,,,1,161,1,exact,,,,,,,,1.2332999176578596e-05,082b5aa3d88e2c7e8f8229b9d17228d282f0c9d6
dv3-A-poisson-001510,3,A,poisson,1510,,,,3:1:0:1510,,test,3,377.00763826154326,,,,,,,,,,,,,,,,,,,,0.0,,,1,388,1,exact,,,,,,,,1.5291003364836797e-05,7741450143a90736b82e8263bba0574469d8e97b
dv3-A-poisson-001511,3,A,poisson,1511,,,,3:1:0:1511,,test,3,250.87185139782773,,,,,,,,,,,,,,,,,,,,0.0,,,1,267,1,exact,,,,,,,,6.524999844259582e-05,4b47579a9a30694c30e3c13e3deea220bf91feb4
dv3-A-poisson-001512,3,A,poisson,1512,,,,3:1:0:1512,,test,3,253.84715743476383,,,,,,,,,,,,,,,,,,,,0.0,,,1,241,1,exact,,,,,,,,3.2208001357503235e-05,b20fe927b7a89f57c8e7e9a8d145ae69f467eeda
dv3-A-poisson-001513,3,A,poisson,1513,,,,3:1:0:1513,,test,3,179.00210792064038,,,,,,,,,,,,,,,,,,,,0.0,,,1,185,1,exact,,,,,,,,2.829200093401596e-05,9a33580c7f41283e56847acc95478b51d9e65d71
dv3-A-poisson-001514,3,A,poisson,1514,,,,3:1:0:1514,,test,3,119.16852638952248,,,,,,,,,,,,,,,,,,,,0.0,,,1,126,1,exact,,,,,,,,2.5707999157020822e-05,cbd253fdb5170ad1401ca24c26023328f6e56132
dv3-A-poisson-001515,3,A,poisson,1515,,,,3:1:0:1515,,test,3,151.02522158470964,,,,,,,,,,,,,,,,,,,,0.0,,,1,156,1,exact,,,,,,,,2.5707999157020822e-05,20ee078810af05ea94d2374a1426af1e9c62c888
dv3-A-poisson-001516,3,A,poisson,1516,,,,3:1:0:1516,,test,3,411.77838886943425,,,,,,,,,,,,,,,,,,,,0.0,,,1,403,1,exact,,,,,,,,3.2500000088475645e-05,78f06bca970e3de7c03d0c553e9a5c333d0fdad3
dv3-A-poisson-001517,3,A,poisson,1517,,,,3:1:0:1517,,test,3,239.0986943179322,,,,,,,,,,,,,,,,,,,,0.0,,,1,233,1,exact,,,,,,,,3.9874998037703335e-05,c0f1619e5128439b3cbb9aea7405ff1178bf7758
dv3-A-poisson-001518,3,A,poisson,1518,,,,3:1:0:1518,,test,3,263.0970713229714,,,,,,,,,,,,,,,,,,,,0.0,,,1,267,1,exact,,,,,,,,2.7125002816319466e-05,b31edfa5525317001007352d873a2f42559a9a4f
dv3-A-poisson-001519,3,A,poisson,1519,,,,3:1:0:1519,,test,3,236.41804929045418,,,,,,,,,,,,,,,,,,,,0.0,,,1,233,1,exact,,,,,,,,2.5749999622348696e-05,af62f435eedf29d73b996ddf54db9e381767230f
dv3-A-poisson-001520,3,A,poisson,1520,,,,3:1:0:1520,,test,3,326.6536712650798,,,,,,,,,,,,,,,,,,,,0.0,,,1,336,1,exact,,,,,,,,2.9708000511163846e-05,0d590f28f56f0e35c7e3ea2f44ec32bd3e77db85
dv3-A-poisson-001521,3,A,poisson,1521,,,,3:1:0:1521,,test,3,175.32011370205362,,,,,,,,,,,,,,,,,,,,0.0,,,1,184,1,exact,,,,,,,,2.5833000108832493e-05,879e5f51f7f953f26d28ce2b19919b0ceed97b48
dv3-A-poisson-001522,3,A,poisson,1522,,,,3:1:0:1522,,test,3,115.45290598157052,,,,,,,,,,,,,,,,,,,,0.0,,,1,120,1,exact,,,,,,,,2.3166001483332366e-05,314c5052533827131bf8d62b1578317dae24280d
dv3-A-poisson-001523,3,A,poisson,1523,,,,3:1:0:1523,,test,3,593.7388811021367,,,,,,,,,,,,,,,,,,,,0.0,,,1,622,1,exact,,,,,,,,3.758300226763822e-05,5ca2f6824a8e99b595dd5d710b8d8cfa07cdf403
dv3-A-poisson-001524,3,A,poisson,1524,,,,3:1:0:1524,,test,3,641.8170818608965,,,,,,,,,,,,,,,,,,,,0.0,,,1,622,1,exact,,,,,,,,3.7000001611886546e-05,d77ee8f5961bf9f618537819062dc7d299ff3b8b
dv3-A-poisson-001525,3,A,poisson,1525,,,,3:1:0:1525,,test,3,777.6025485084938,,,,,,,,,,,,,,,,,,,,0.0,,,1,790,1,exact,,,,,,,,4.170899774180725e-05,ae859e86b1656993a546d487c29cfbafd7bdae92
dv3-A-poisson-001526,3,A,poisson,1526,,,,3:1:0:1526,,test,3,112.11742971927679,,,,,,,,,,,,,,,,,,,,0.0,,,1,119,1,exact,,,,,,,,2.5125002139247954e-05,3f43e4ac3cbb20a47f3c7193b87da7f935ac655b
dv3-A-poisson-001527,3,A,poisson,1527,,,,3:1:0:1527,,test,3,186.81813764100787,,,,,,,,,,,,,,,,,,,,0.0,,,1,163,1,exact,,,,,,,,2.550000135670416e-05,e3fb48e1b830a32ca0e5269ac248fa11a8c2e902
dv3-A-poisson-001528,3,A,poisson,1528,,,,3:1:0:1528,,test,3,291.94883417555405,,,,,,,,,,,,,,,,,,,,0.0,,,1,284,1,exact,,,,,,,,2.9458999051712453e-05,3c38fb501226127beb0f8f91bb683d3b6024a7b2
dv3-A-poisson-001529,3,A,poisson,1529,,,,3:1:0:1529,,test,3,320.43564471911685,,,,,,,,,,,,,,,,,,,,0.0,,,1,378,1,exact,,,,,,,,3.958400338888168e-05,7767e51046c270954a8dd632fb7bcf10f080e621
dv3-A-poisson-001530,3,A,poisson,1530,,,,3:1:0:1530,,test,3,463.70234458582564,,,,,,,,,,,,,,,,,,,,0.0,,,1,468,1,exact,,,,,,,,3.5708999348571524e-05,93c8df16c9321952fcd052cca33a6938598aeda4
dv3-A-poisson-001531,3,A,poisson,1531,,,,3:1:0:1531,,test,3,433.29302401455266,,,,,,,,,,,,,,,,,,,,0.0,,,1,433,1,exact,,,,,,,,6.687499990221113e-05,178af8574afcb4e74af2c5b6c076dc014fb4cfea
dv3-A-poisson-001532,3,A,poisson,1532,,,,3:1:0:1532,,test,3,138.4119560605877,,,,,,,,,,,,,,,,,,,,0.0,,,1,114,1,exact,,,,,,,,3.254199691582471e-05,d93fd7ceb674c83c56abe5b9a35ed6dd6ba5dd9c
dv3-A-poisson-001533,3,A,poisson,1533,,,,3:1:0:1533,,test,3,649.9265827793726,,,,,,,,,,,,,,,,,,,,0.0,,,1,663,1,exact,,,,,,,,2.8500002372311428e-05,0489ca13e2d2acc06fc167d4450bb44ca29ce794
dv3-A-poisson-001534,3,A,poisson,1534,,,,3:1:0:1534,,test,3,518.0850001545866,,,,,,,,,,,,,,,,,,,,0.0,,,1,491,1,exact,,,,,,,,1.9000002794200554e-05,f733fc75b4c6b927d14a2648f9d23818dcfe7503
dv3-A-poisson-001535,3,A,poisson,1535,,,,3:1:0:1535,,test,3,741.7209924462649,,,,,,,,,,,,,,,,,,,,0.0,,,1,730,1,exact,,,,,,,,2.0458002836676314e-05,139c04d3064b29c4cbba06596f35b235a1bcdaec
dv3-A-poisson-001536,3,A,poisson,1536,,,,3:1:0:1536,,test,3,154.00540804712162,,,,,,,,,,,,,,,,,,,,0.0,,,1,170,1,exact,,,,,,,,1.3459000911097974e-05,5f1d0a317ebd5ca463e8f34421109564a97a978b
dv3-A-poisson-001537,3,A,poisson,1537,,,,3:1:0:1537,,test,3,286.13772783970086,,,,,,,,,,,,,,,,,,,,0.0,,,1,330,1,exact,,,,,,,,1.5125002391869202e-05,544f8df48ce7a14a68700ab75165d83a62bf3dfd
dv3-A-poisson-001538,3,A,poisson,1538,,,,3:1:0:1538,,test,3,118.80885157317806,,,,,,,,,,,,,,,,,,,,0.0,,,1,106,1,exact,,,,,,,,1.1749998520826921e-05,c0f13a994c287adb3590464751d6c576f50c6bea
dv3-A-poisson-001539,3,A,poisson,1539,,,,3:1:0:1539,,test,3,192.20713645466415,,,,,,,,,,,,,,,,,,,,0.0,,,1,186,1,exact,,,,,,,,1.2749998859362677e-05,5a20122ee89ad48b5d985c0762a613a1c0996387
dv3-A-poisson-001540,3,A,poisson,1540,,,,3:1:0:1540,,test,3,213.57892801173207,,,,,,,,,,,,,,,,,,,,0.0,,,1,197,1,exact,,,,,,,,1.2458000128390267e-05,c2ec94078269096f0b34b1c1f2eb73d4eec0a774
dv3-A-poisson-001541,3,A,poisson,1541,,,,3:1:0:1541,,test,3,202.68679489341017,,,,,,,,,,,,,,,,,,,,0.0,,,1,188,1,exact,,,,,,,,1.2290998711250722e-05,74e0659a35351b06394d0a07c808b15d71595633
dv3-A-poisson-001542,3,A,poisson,1542,,,,3:1:0:1542,,test,3,301.7155100777711,,,,,,,,,,,,,,,,,,,,0.0,,,1,323,1,exact,,,,,,,,1.4084002032177523e-05,ba76be31edf037b4dc8a15bbeec64b450aa6ed6a
dv3-A-poisson-001543,3,A,poisson,1543,,,,3:1:0:1543,,test,3,593.5006259668443,,,,,,,,,,,,,,,,,,,,0.0,,,1,601,1,exact,,,,,,,,1.7499998648418114e-05,9169325b0e4eea6059536504e802768a891cb78f
dv3-A-poisson-001544,3,A,poisson,1544,,,,3:1:0:1544,,test,3,792.404830276516,,,,,,,,,,,,,,,,,,,,0.0,,,1,806,1,exact,,,,,,,,2.0332998246885836e-05,2fd5e889f9dc6c9d15b2a4b5a2e424bc289aa31f
dv3-A-poisson-001545,3,A,poisson,1545,,,,3:1:0:1545,,test,3,179.98820266057507,,,,,,,,,,,,,,,,,,,,0.0,,,1,193,1,exact,,,,,,,,1.2459000572562218e-05,985b66f6f6eb5d3fcd017815c584a9fc09c150ec
dv3-A-poisson-001546,3,A,poisson,1546,,,,3:1:0:1546,,test,3,511.8140308085792,,,,,,,,,,,,,,,,,,,,0.0,,,1,489,1,exact,,,,,,,,1.5875000826781616e-05,a0ab65764d9c8a7f46fac5440ac4c1ef694f03f7
dv3-A-poisson-001547,3,A,poisson,1547,,,,3:1:0:1547,,test,3,104.42326623611866,,,,,,,,,,,,,,,,,,,,0.0,,,1,114,1,exact,,,,,,,,1.1166997865075245e-05,306ee6bd3d88115309e4dda9f5d7c9a45e2b0fb3
dv3-A-poisson-001548,3,A,poisson,1548,,,,3:1:0:1548,,test,3,110.4711463683358,,,,,,,,,,,,,,,,,,,,0.0,,,1,101,1,exact,,,,,,,,1.1125001037726179e-05,6b35c7adca77f1c01cbc17393326abd2b7a12e79
dv3-A-poisson-001549,3,A,poisson,1549,,,,3:1:0:1549,,test,3,200.0184303321932,,,,,,,,,,,,,,,,,,,,0.0,,,1,241,1,exact,,,,,,,,1.2958000297658145e-05,2a3f90fe435c2fa358b8b8f430f07a4cfd849563
dv3-A-poisson-001550,3,A,poisson,1550,,,,3:1:0:1550,,test,3,700.6765403812282,,,,,,,,,,,,,,,,,,,,0.0,,,1,747,1,exact,,,,,,,,7.375000132014975e-05,d02464c2895a882badf2ed296e1cdd4172524371
dv3-A-poisson-001551,3,A,poisson,1551,,,,3:1:0:1551,,test,3,559.2983407864346,,,,,,,,,,,,,,,,,,,,0.0,,,1,527,1,exact,,,,,,,,4.1540999518474564e-05,f71f80a516d58e27801b5d7c7c90a687c9205331
dv3-A-poisson-001552,3,A,poisson,1552,,,,3:1:0:1552,,test,3,210.30183649601165,,,,,,,,,,,,,,,,,,,,0.0,,,1,234,1,exact,,,,,,,,6.920799933141097e-05,11ee884841eea6f633675e939ed0d915dee8977a
dv3-A-poisson-001553,3,A,poisson,1553,,,,3:1:0:1553,,test,3,455.0806799836395,,,,,,,,,,,,,,,,,,,,0.0,,,1,455,1,exact,,,,,,,,3.899999865097925e-05,78696009ee7f7144712b5923f2d346c31f675cb7
dv3-A-poisson-001554,3,A,poisson,1554,,,,3:1:0:1554,,test,3,309.71856218798155,,,,,,,,,,,,,,,,,,,,0.0,,,1,346,1,exact,,,,,,,,3.2583997381152585e-05,a1d19dc0cba69e17056d23d2ebed4dbdd298f6b1
dv3-A-poisson-001555,3,A,poisson,1555,,,,3:1:0:1555,,test,3,331.6093302081887,,,,,,,,,,,,,,,,,,,,0.0,,,1,336,1,exact,,,,,,,,3.229100184398703e-05,c5325201a42ccf8e0c4e42478cd2b3c3c4a9c915
dv3-A-poisson-001556,3,A,poisson,1556,,,,3:1:0:1556,,test,3,126.16322893322662,,,,,,,,,,,,,,,,,,,,0.0,,,1,111,1,exact,,,,,,,,2.5707999157020822e-05,5726f7c483f50c09457106bc6ed3350938fcb3be
dv3-A-poisson-001557,3,A,poisson,1557,,,,3:1:0:1557,,test,3,348.4615072032209,,,,,,,,,,,,,,,,,,,,0.0,,,1,334,1,exact,,,,,,,,3.120800101896748e-05,539d2af0754fca8bf379c4e0b3d06523ae449f6f
dv3-A-poisson-001558,3,A,poisson,1558,,,,3:1:0:1558,,test,3,226.402766291301,,,,,,,,,,,,,,,,,,,,0.0,,,1,228,1,exact,,,,,,,,2.8166999982204288e-05,5859d8c2bab1d3859a7201d340a45130779e3971
dv3-A-poisson-001559,3,A,poisson,1559,,,,3:1:0:1559,,test,3,301.13310130179485,,,,,,,,,,,,,,,,,,,,0.0,,,1,333,1,exact,,,,,,,,3.079200178035535e-05,f5d2e8394415e8ad76c302dcd4d913f0f85bacea
dv3-A-poisson-001560,3,A,poisson,1560,,,,3:1:0:1560,,test,3,798.1585187102847,,,,,,,,,,,,,,,,,,,,0.0,,,1,798,1,exact,,,,,,,,4.42080017819535e-05,9be29862e76ab253dc185c5eeede15f81a27c68b
dv3-A-poisson-001561,3,A,poisson,1561,,,,3:1:0:1561,,test,3,437.1493761261669,,,,,,,,,,,,,,,,,,,,0.0,,,1,478,1,exact,,,,,,,,3.6458000977290794e-05,1ef7c806222c2ed136f632f3b3422160dedae65e
dv3-A-poisson-001562,3,A,poisson,1562,,,,3:1:0:1562,,test,3,145.0184088090556,,,,,,,,,,,,,,,,,,,,0.0,,,1,134,1,exact,,,,,,,,3.35000004270114e-05,82d7758c5995c143fd2bdd64b75fa9ce75aa2b22
dv3-A-poisson-001563,3,A,poisson,1563,,,,3:1:0:1563,,test,3,686.3850670590263,,,,,,,,,,,,,,,,,,,,0.0,,,1,711,1,exact,,,,,,,,5.262500053504482e-05,2b265102a1f4cde13e2ad78c17b91536408a04a9
dv3-A-poisson-001564,3,A,poisson,1564,,,,3:1:0:1564,,test,3,100.45300255959523,,,,,,,,,,,,,,,,,,,,0.0,,,1,92,1,exact,,,,,,,,2.7417001547291875e-05,92f72ed57e8245f6ae1761d9d378dcf36ce40ddc
dv3-A-poisson-001565,3,A,poisson,1565,,,,3:1:0:1565,,test,3,110.67534791678327,,,,,,,,,,,,,,,,,,,,0.0,,,1,104,1,exact,,,,,,,,2.5334000383736566e-05,0cf37334719f8c44bbd8503170e5ab7c6c4b240d
dv3-A-poisson-001566,3,A,poisson,1566,,,,3:1:0:1566,,test,3,619.6064559186694,,,,,,,,,,,,,,,,,,,,0.0,,,1,581,1,exact,,,,,,,,3.649999780463986e-05,919875fca73a7350eeb160cd39a1ab7f78f627ef
dv3-A-poisson-001567,3,A,poisson,1567,,,,3:1:0:1567,,test,3,125.7739569275383,,,,,,,,,,,,,,,,,,,,0.0,,,1,137,1,exact,,,,,,,,2.5499997718725353e-05,87bb88736b7dd1c67e1206cc87e6cd12ec21cf0b
dv3-A-poisson-001568,3,A,poisson,1568,,,,3:1:0:1568,,test,3,313.30181393856196,,,,,,,,,,,,,,,,,,,,0.0,,,1,316,1,exact,,,,,,,,2.9625000024680048e-05,48d023bc66b449524429df0e37fb19712c5d56a3
dv3-A-poisson-001569,3,A,poisson,1569,,,,3:1:0:1569,,test,3,353.89123756846493,,,,,,,,,,,,,,,,,,,,0.0,,,1,332,1,exact,,,,,,,,2.975000097649172e-05,d0278600c77e84b559ad325a021ac9ea7a8add12
dv3-A-poisson-001570,3,A,poisson,1570,,,,3:1:0:1570,,test,3,626.9179674157298,,,,,,,,,,,,,,,,,,,,0.0,,,1,597,1,exact,,,,,,,,3.683400063891895e-05,1f591712b0de555d48ae0877a8f191099a3c6540
dv3-A-poisson-001571,3,A,poisson,1571,,,,3:1:0:1571,,test,3,284.8196816974393,,,,,,,,,,,,,,,,,,,,0.0,,,1,275,1,exact,,,,,,,,2.9749997338512912e-05,f5f18a26488232dacfdb3bfa27d6e77b0b9a9ba2
dv3-A-poisson-001572,3,A,poisson,1572,,,,3:1:0:1572,,test,3,118.33352577675925,,,,,,,,,,,,,,,,,,,,0.0,,,1,104,1,exact,,,,,,,,2.4916997062973678e-05,82c81b4446b3fab85bece0820f92e1bb1e8958cc
dv3-A-poisson-001573,3,A,poisson,1573,,,,3:1:0:1573,,test,3,147.33129272195328,,,,,,,,,,,,,,,,,,,,0.0,,,1,151,1,exact,,,,,,,,2.6707999495556578e-05,f568991337091a0794f9242e2beff0f972a27106
dv3-A-poisson-001574,3,A,poisson,1574,,,,3:1:0:1574,,test,3,133.8427276605034,,,,,,,,,,,,,,,,,,,,0.0,,,1,129,1,exact,,,,,,,,2.433299960102886e-05,c2b12dcbe1637d3e552fbf8cfe61f5e4f33ab7a6
dv3-A-poisson-001575,3,A,poisson,1575,,,,3:1:0:1575,,test,3,334.710040915269,,,,,,,,,,,,,,,,,,,,0.0,,,1,340,1,exact,,,,,,,,3.0832998163532466e-05,ac11b144357b1fe7f4c4155d29bd9f19d276e574
dv3-A-poisson-001576,3,A,poisson,1576,,,,3:1:0:1576,,test,3,652.6436547518799,,,,,,,,,,,,,,,,,,,,0.0,,,1,652,1,exact,,,,,,,,3.779100006795488e-05,5ee30154de77579a90fe3d70a95a3e679d5b5d66
dv3-A-poisson-001577,3,A,poisson,1577,,,,3:1:0:1577,,test,3,146.42731095153866,,,,,,,,,,,,,,,,,,,,0.0,,,1,160,1,exact,,,,,,,,2.6249999791616574e-05,2548f02ef9da84d6338f20e0edef705c3e9d70c7
dv3-A-poisson-001578,3,A,poisson,1578,,,,3:1:0:1578,,test,3,100.22288230944451,,,,,,,,,,,,,,,,,,,,0.0,,,1,113,1,exact,,,,,,,,2.391700036241673e-05,7ef521a20f1e8acbb8629363d610ca68723ed169
dv3-A-poisson-001579,3,A,poisson,1579,,,,3:1:0:1579,,test,3,102.71232872692637,,,,,,,,,,,,,,,,,,,,0.0,,,1,120,1,exact,,,,,,,,2.466700243530795e-05,1eb8fd2204069628f67d6a5e62db50f2ef59bf48
dv3-A-poisson-001580,3,A,poisson,1580,,,,3:1:0:1580,,test,3,102.2772776898282,,,,,,,,,,,,,,,,,,,,0.0,,,1,102,1,exact,,,,,,,,2.4666001991136e-05,1b20f0abc710434487ed4c565762d7b0d6703e7d
dv3-A-poisson-001581,3,A,poisson,1581,,,,3:1:0:1581,,test,3,133.71415753291544,,,,,,,,,,,,,,,,,,,,0.0,,,1,143,1,exact,,,,,,,,2.445800055284053e-05,7948f1b6cc1e771162140b103c49e297210b8fd8
dv3-A-poisson-001582,3,A,poisson,1582,,,,3:1:0:1582,,test,3,219.7091070061675,,,,,,,,,,,,,,,,,,,,0.0,,,1,221,1,exact,,,,,,,,3.154099977109581e-05,c5fd3ac86f75f23f81ddaffab27fa8f41f29c997
dv3-A-poisson-001583,3,A,poisson,1583,,,,3:1:0:1583,,test,3,173.97634279722405,,,,,,,,,,,,,,,,,,,,0.0,,,1,174,1,exact,,,,,,,,2.579200008767657e-05,99eb81a9919ac5e24576efd1aac06a5f388b92a5
dv3-A-poisson-001584,3,A,poisson,1584,,,,3:1:0:1584,,test,3,540.8103560045402,,,,,,,,,,,,,,,,,,,,0.0,,,1,533,1,exact,,,,,,,,3.4374999813735485e-05,49baa10ee94a9aa8090728c617c450b8d4f7c6d6
dv3-A-poisson-001585,3,A,poisson,1585,,,,3:1:0:1585,,test,3,209.75170000503164,,,,,,,,,,,,,,,,,,,,0.0,,,1,198,1,exact,,,,,,,,2.4957997084129602e-05,797f61bd75cb434477246ee40a8271ee1b607980
dv3-A-poisson-001586,3,A,poisson,1586,,,,3:1:0:1586,,test,3,507.218729825526,,,,,,,,,,,,,,,,,,,,0.0,,,1,525,1,exact,,,,,,,,3.2916999771259725e-05,25f72497830e40d901297eaa7deebe1f61328c1c
dv3-A-poisson-001587,3,A,poisson,1587,,,,3:1:0:1587,,test,3,280.80833514641995,,,,,,,,,,,,,,,,,,,,0.0,,,1,308,1,exact,,,,,,,,2.8166003176011145e-05,1df77ea83e26244ea64701654a1f695f66212819
dv3-A-poisson-001588,3,A,poisson,1588,,,,3:1:0:1588,,test,3,109.35493686496842,,,,,,,,,,,,,,,,,,,,0.0,,,1,96,1,exact,,,,,,,,2.1916999685345218e-05,8c0c6be9934016f85aab1dfc7ab7789e6c633c31
dv3-A-poisson-001589,3,A,poisson,1589,,,,3:1:0:1589,,test,3,196.04742562650716,,,,,,,,,,,,,,,,,,,,0.0,,,1,218,1,exact,,,,,,,,2.4666998797329143e-05,850ab83d587e1b7b3709661c9b2c08d97acf3e08
dv3-A-poisson-001590,3,A,poisson,1590,,,,3:1:0:1590,,test,3,435.4713793655612,,,,,,,,,,,,,,,,,,,,0.0,,,1,426,1,exact,,,,,,,,3.066700082854368e-05,82b5309018be6be03e68090e304fe43d5019fd8b
dv3-A-poisson-001591,3,A,poisson,1591,,,,3:1:0:1591,,test,3,347.2857603851891,,,,,,,,,,,,,,,,,,,,0.0,,,1,353,1,exact,,,,,,,,2.883300112443976e-05,c1bdc00c88b1d9e1b90c2b7a69b9de931058fd0b
dv3-A-poisson-001592,3,A,poisson,1592,,,,3:1:0:1592,,test,3,692.0012650746389,,,,,,,,,,,,,,,,,,,,0.0,,,1,721,1,exact,,,,,,,,3.779100006795488e-05,53de74e41a89319bf3493e12882237fac44c0a5b
dv3-A-poisson-001593,3,A,poisson,1593,,,,3:1:0:1593,,test,3,794.2096013314728,,,,,,,,,,,,,,,,,,,,0.0,,,1,759,1,exact,,,,,,,,4.329200237407349e-05,b756d38deaaff849ff1974b24183c72ff91f0b1e
dv3-A-poisson-001594,3,A,poisson,1594,,,,3:1:0:1594,,test,3,744.9516755994947,,,,,,,,,,,,,,,,,,,,0.0,,,1,777,1,exact,,,,,,,,4.5000000682193786e-05,64eac0b0843cdabf4d1b1c389aae6c0ca43cb873
dv3-A-poisson-001595,3,A,poisson,1595,,,,3:1:0:1595,,test,3,277.2126404505897,,,,,,,,,,,,,,,,,,,,0.0,,,1,266,1,exact,,,,,,,,2.7042002329835668e-05,307b50ada71a4fc8dbc4fa0b576ffb9d0266ad0c
dv3-A-poisson-001596,3,A,poisson,1596,,,,3:1:0:1596,,test,3,118.81393589189224,,,,,,,,,,,,,,,,,,,,0.0,,,1,121,1,exact,,,,,,,,2.258300082758069e-05,af49f12502315b9927a1c1c19ece43db2262ddbc
dv3-A-poisson-001597,3,A,poisson,1597,,,,3:1:0:1597,,test,3,719.974555155807,,,,,,,,,,,,,,,,,,,,0.0,,,1,759,1,exact,,,,,,,,3.850000211969018e-05,4bb0fdb8c4498ea0d285d31bb013be73e27509ca
dv3-A-poisson-001598,3,A,poisson,1598,,,,3:1:0:1598,,test,3,203.51746190700993,,,,,,,,,,,,,,,,,,,,0.0,,,1,195,1,exact,,,,,,,,2.5000001187436283e-05,a8ffdfcc6f50cc4f3d2386cbd1a1320f75d5c298
dv3-A-poisson-001599,3,A,poisson,1599,,,,3:1:0:1599,,test,3,346.65808743831633,,,,,,,,,,,,,,,,,,,,0.0,,,1,350,1,exact,,,,,,,,2.858299922081642e-05,dc30c19f1085df5d05953e09d0e3d5c6599ba4b3
dv3-A-poisson-001600,3,A,poisson,1600,,,,3:1:0:1600,,test,3,321.65883827113777,,,,,,,,,,,,,,,,,,,,0.0,,,1,295,1,exact,,,,,,,,3.441700027906336e-05,67806dab215a5d010cac475d5433f8ba4273e067
dv3-A-poisson-001601,3,A,poisson,1601,,,,3:1:0:1601,,test,3,255.96061469401783,,,,,,,,,,,,,,,,,,,,0.0,,,1,246,1,exact,,,,,,,,2.5834000553004444e-05,a62204726ae50b81e2a0c842146cc9baec4fdb83
dv3-A-poisson-001602,3,A,poisson,1602,,,,3:1:0:1602,,test,3,558.0701114274926,,,,,,,,,,,,,,,,,,,,0.0,,,1,595,1,exact,,,,,,,,4.0291997720487416e-05,491733cacbb0c00bffe296019f8891b298f705a9
dv3-A-poisson-001603,3,A,poisson,1603,,,,3:1:0:1603,,test,3,266.17506538027544,,,,,,,,,,,,,,,,,,,,0.0,,,1,274,1,exact,,,,,,,,2.6916000933852047e-05,ed66ce654af8ed7e58babeb137278f71a56b378e
dv3-A-poisson-001604,3,A,poisson,1604,,,,3:1:0:1604,,test,3,176.11329532380086,,,,,,,,,,,,,,,,,,,,0.0,,,1,170,1,exact,,,,,,,,2.4291999579872936e-05,36ec722b6d1b0a3081a48ab9b97d891ec479003a
dv3-A-poisson-001605,3,A,poisson,1605,,,,3:1:0:1605,,test,3,406.9542057476997,,,,,,,,,,,,,,,,,,,,0.0,,,1,397,1,exact,,,,,,,,2.9584000003524125e-05,96864572bce5aea33f09aaffcd6ca0e577439784
dv3-A-poisson-001606,3,A,poisson,1606,,,,3:1:0:1606,,test,3,537.8490780832012,,,,,,,,,,,,,,,,,,,,0.0,,,1,504,1,exact,,,,,,,,3.212500087101944e-05,0b5dca465b5cce0f45a5fc53095e611b0ab4ab37
dv3-A-poisson-001607,3,A,poisson,1607,,,,3:1:0:1607,,test,3,796.6870875355158,,,,,,,,,,,,,,,,,,,,0.0,,,1,799,1,exact,,,,,,,,4.8417001380585134e-05,d549a8a89e84836f2381d7b13c92ad1337553136
dv3-A-poisson-001608,3,A,poisson,1608,,,,3:1:0:1608,,test,3,116.54634234344327,,,,,,,,,,,,,,,,,,,,0.0,,,1,118,1,exact,,,,,,,,2.2708998585585505e-05,d556a0682228691e231a6036a05d0b2fd4708715
dv3-A-poisson-001609,3,A,poisson,1609,,,,3:1:0:1609,,test,3,105.70890466790158,,,,,,,,,,,,,,,,,,,,0.0,,,1,107,1,exact,,,,,,,,2.2290998458629474e-05,6afbd8bcdec83fa7e6579bcd4b6f948e4e36bff0
dv3-A-poisson-001610,3,A,poisson,1610,,,,3:1:0:1610,,test,3,389.97413661605856,,,,,,,,,,,,,,,,,,,,0.0,,,1,365,1,exact,,,,,,,,2.879099702113308e-05,539d683a47087649711efa07157b5978ec6cdd67
dv3-A-poisson-001611,3,A,poisson,1611,,,,3:1:0:1611,,test,3,149.85515542582309,,,,,,,,,,,,,,,,,,,,0.0,,,1,141,1,exact,,,,,,,,2.329099879716523e-05,b61f6a771b01e6e6c4317f969f4762d9b4c41550
dv3-A-poisson-001612,3,A,poisson,1612,,,,3:1:0:1612,,test,3,756.2843004290218,,,,,,,,,,,,,,,,,,,,0.0,,,1,769,1,exact,,,,,,,,3.912499960279092e-05,d4dfb58d4d8252e0696fa47ecce0919a627d6339
dv3-A-poisson-001613,3,A,poisson,1613,,,,3:1:0:1613,,test,3,157.326746252639,,,,,,,,,,,,,,,,,,,,0.0,,,1,172,1,exact,,,,,,,,2.3666998458793387e-05,1eaa8575bfdf8fe2171f3ae434f99cfdb09a3330
dv3-A-poisson-001614,3,A,poisson,1614,,,,3:1:0:1614,,test,3,488.5758774495171,,,,,,,,,,,,,,,,,,,,0.0,,,1,518,1,exact,,,,,,,,3.274999835412018e-05,d90da2a39c9f0cae9a75a17d88ec7c84666a4495
dv3-A-poisson-001615,3,A,poisson,1615,,,,3:1:0:1615,,test,3,458.0140756016201,,,,,,,,,,,,,,,,,,,,0.0,,,1,456,1,exact,,,,,,,,3.429199932725169e-05,3726419ebfb42662316ad034599e417598b7da95
dv3-A-poisson-001616,3,A,poisson,1616,,,,3:1:0:1616,,test,3,231.8422410801292,,,,,,,,,,,,,,,,,,,,0.0,,,1,228,1,exact,,,,,,,,2.5458000891376287e-05,6135f0ddb671442a780de6bb76c5dff881dc0e6a
dv3-A-poisson-001617,3,A,poisson,1617,,,,3:1:0:1617,,test,3,291.74638617321483,,,,,,,,,,,,,,,,,,,,0.0,,,1,292,1,exact,,,,,,,,3.137499879812822e-05,984759dd50db860d3ce24288866ec6b0f9e9c9e6
dv3-A-poisson-001618,3,A,poisson,1618,,,,3:1:0:1618,,test,3,178.77914151842307,,,,,,,,,,,,,,,,,,,,0.0,,,1,178,1,exact,,,,,,,,2.9667000490007922e-05,a30c14c4e201f915cde05e0882835100efd9905b
dv3-A-poisson-001619,3,A,poisson,1619,,,,3:1:0:1619,,test,3,184.8851845366772,,,,,,,,,,,,,,,,,,,,0.0,,,1,157,1,exact,,,,,,,,2.433299960102886e-05,c5a24ada014295eecc094ccf2da89579dbdd2733
dv3-A-poisson-001620,3,A,poisson,1620,,,,3:1:0:1620,,test,3,536.6291589816667,,,,,,,,,,,,,,,,,,,,0.0,,,1,500,1,exact,,,,,,,,3.23329986713361e-05,268943c8581dcb4e4e90efae91be366b6153cdd5
dv3-A-poisson-001621,3,A,poisson,1621,,,,3:1:0:1621,,test,3,256.99424457695335,,,,,,,,,,,,,,,,,,,,0.0,,,1,255,1,exact,,,,,,,,2.9999999242136255e-05,1419f2301c3e7bb7a739f26a7675e683d1a27c17
dv3-A-poisson-001622,3,A,poisson,1622,,,,3:1:0:1622,,test,3,594.0307215806198,,,,,,,,,,,,,,,,,,,,0.0,,,1,605,1,exact,,,,,,,,3.533400013111532e-05,ff0e7ec666425bdbc077491963b540dbbf62d7a5
dv3-A-poisson-001623,3,A,poisson,1623,,,,3:1:0:1623,,test,3,407.86089428637524,,,,,,,,,,,,,,,,,,,,0.0,,,1,397,1,exact,,,,,,,,3.724999987753108e-05,0e2fd4acb79312346daebdfbf4ff6d9f00b8cc0a
dv3-A-poisson-001624,3,A,poisson,1624,,,,3:1:0:1624,,test,3,578.8382635471879,,,,,,,,,,,,,,,,,,,,0.0,,,1,586,1,exact,,,,,,,,3.749999814317562e-05,891fc8966507c965eb96685bd55fbe3c2f0810db
dv3-A-poisson-001625,3,A,poisson,1625,,,,3:1:0:1625,,test,3,583.109113509764,,,,,,,,,,,,,,,,,,,,0.0,,,1,591,1,exact,,,,,,,,3.495799683150835e-05,8e7bae81396055df0ab67ff4b10894c18ad9cb86
dv3-A-poisson-001626,3,A,poisson,1626,,,,3:1:0:1626,,test,3,107.70346657672248,,,,,,,,,,,,,,,,,,,,0.0,,,1,94,1,exact,,,,,,,,2.1624997316394e-05,776a7937d8228da2dddb357f985514979a5c9362
dv3-A-poisson-001627,3,A,poisson,1627,,,,3:1:0:1627,,test,3,747.9765951145059,,,,,,,,,,,,,,,,,,,,0.0,,,1,726,1,exact,,,,,,,,3.758300226763822e-05,aac49739abf0594483d32e67219e2d14b8167c31
dv3-A-poisson-001628,3,A,poisson,1628,,,,3:1:0:1628,,test,3,216.51112176594614,,,,,,,,,,,,,,,,,,,,0.0,,,1,223,1,exact,,,,,,,,2.5000001187436283e-05,cfb872dd9e8db6d54d3f92d918a561694c5cdf8e
dv3-A-poisson-001629,3,A,poisson,1629,,,,3:1:0:1629,,test,3,394.79868082964776,,,,,,,,,,,,,,,,,,,,0.0,,,1,348,1,exact,,,,,,,,2.7707999834092334e-05,25cf7decaeb07adbb5c25444780c9009134db941
dv3-A-poisson-001630,3,A,poisson,1630,,,,3:1:0:1630,,test,3,630.2642283905545,,,,,,,,,,,,,,,,,,,,0.0,,,1,632,1,exact,,,,,,,,4.216600063955411e-05,a899da104592f9a038847135a718d510d3ddedd4
dv3-A-poisson-001631,3,A,poisson,1631,,,,3:1:0:1631,,test,3,306.10727253591335,,,,,,,,,,,,,,,,,,,,0.0,,,1,299,1,exact,,,,,,,,2.6666999474400654e-05,868c9c7ccbaf1f90d30e1b7c41c53f15de4223d1
dv3-A-poisson-001632,3,A,poisson,1632,,,,3:1:0:1632,,test,3,634.1035282299389,,,,,,,,,,,,,,,,,,,,0.0,,,1,634,1,exact,,,,,,,,3.474999903119169e-05,58fdf00fd723bac1c38ce89d88c13c4b269ec7a8
dv3-A-poisson-001633,3,A,poisson,1633,,,,3:1:0:1633,,test,3,208.14987861554556,,,,,,,,,,,,,,,,,,,,0.0,,,1,176,1,exact,,,,,,,,2.4166998628061265e-05,74fb568efde76ab15bbd706b2198d298540671cf
dv3-A-poisson-001634,3,A,poisson,1634,,,,3:1:0:1634,,test,3,159.8007045391462,,,,,,,,,,,,,,,,,,,,0.0,,,1,170,1,exact,,,,,,,,2.3708002117928118e-05,05aef5036ad34c31b4f3fe0698791e0c3925250a
dv3-A-poisson-001635,3,A,poisson,1635,,,,3:1:0:1635,,test,3,761.0468217968508,,,,,,,,,,,,,,,,,,,,0.0,,,1,762,1,exact,,,,,,,,3.8041001971578225e-05,cca1ed32dae734b465854fbbbad8019bf5ba74e1
dv3-A-poisson-001636,3,A,poisson,1636,,,,3:1:0:1636,,test,3,197.0410397061766,,,,,,,,,,,,,,,,,,,,0.0,,,1,205,1,exact,,,,,,,,2.508400211809203e-05,ab96f7a2e10fa2e1b23dca2be5bc201e6b890d85
dv3-A-poisson-001637,3,A,poisson,1637,,,,3:1:0:1637,,test,3,745.9422396047879,,,,,,,,,,,,,,,,,,,,0.0,,,1,749,1,exact,,,,,,,,4.325000190874562e-05,1d50ddfadfcac61e74ee806dc392b2a433963ed9
dv3-A-poisson-001638,3,A,poisson,1638,,,,3:1:0:1638,,test,3,102.99015317484132,,,,,,,,,,,,,,,,,,,,0.0,,,1,99,1,exact,,,,,,,,2.258400127175264e-05,b147b13282ca0aa88879aa53da7216c4ca5750e5
dv3-A-poisson-001639,3,A,poisson,1639,,,,3:1:0:1639,,test,3,151.32156860609513,,,,,,,,,,,,,,,,,,,,0.0,,,1,171,1,exact,,,,,,,,2.370899892412126e-05,2b83472a991ad01562ba98946f530a9d284872d9
dv3-A-poisson-001640,3,A,poisson,1640,,,,3:1:0:1640,,test,3,164.24239437601537,,,,,,,,,,,,,,,,,,,,0.0,,,1,151,1,exact,,,,,,,,2.300000051036477e-05,3081a6311254da5970b19d5066bbb4c32fb3ac5a
dv3-A-poisson-001641,3,A,poisson,1641,,,,3:1:0:1641,,test,3,295.2058167524345,,,,,,,,,,,,,,,,,,,,0.0,,,1,303,1,exact,,,,,,,,2.7083999157184735e-05,0f5cb1fb360ef568625cd85596d1ee0a1cf72037
dv3-A-poisson-001642,3,A,poisson,1642,,,,3:1:0:1642,,test,3,601.9066557219425,,,,,,,,,,,,,,,,,,,,0.0,,,1,653,1,exact,,,,,,,,3.675000334624201e-05,a1448e5370564e41206eef020174e1b04eacf3d4
dv3-A-poisson-001643,3,A,poisson,1643,,,,3:1:0:1643,,test,3,376.17237080063353,,,,,,,,,,,,,,,,,,,,0.0,,,1,370,1,exact,,,,,,,,3.1792002118891105e-05,d1501046263653232e2bbfbeb370ceaf8f96c589
dv3-A-poisson-001644,3,A,poisson,1644,,,,3:1:0:1644,,test,3,203.71328558492695,,,,,,,,,,,,,,,,,,,,0.0,,,1,231,1,exact,,,,,,,,2.5584002287359908e-05,1be4f809d1a6e8b9ea6c6b8f44607b902ee4a198
dv3-A-poisson-001645,3,A,poisson,1645,,,,3:1:0:1645,,test,3,714.4378397565827,,,,,,,,,,,,,,,,,,,,0.0,,,1,723,1,exact,,,,,,,,3.766699956031516e-05,5c8088d1fc99eee9a8068a6bc70da7f600f722f5
dv3-A-poisson-001646,3,A,poisson,1646,,,,3:1:0:1646,,test,3,155.8333452686049,,,,,,,,,,,,,,,,,,,,0.0,,,1,163,1,exact,,,,,,,,2.4000000848900527e-05,b9200b283487c68b40cc2ecd92bd1255c743bffb
dv3-A-poisson-001647,3,A,poisson,1647,,,,3:1:0:1647,,test,3,385.7512314275465,,,,,,,,,,,,,,,,,,,,0.0,,,1,362,1,exact,,,,,,,,2.8541999199660495e-05,1c14866a830997b71e9a022960af055ec975131d
dv3-A-poisson-001648,3,A,poisson,1648,,,,3:1:0:1648,,test,3,449.699446449611,,,,,,,,,,,,,,,,,,,,0.0,,,1,424,1,exact,,,,,,,,3.5832999856211245e-05,9aa7e2940ad610e8a5dc8ade541c04b2937f7e6f
dv3-A-poisson-001649,3,A,poisson,1649,,,,3:1:0:1649,,test,3,460.776874789115,,,,,,,,,,,,,,,,,,,,0.0,,,1,479,1,exact,,,,,,,,3.933400148525834e-05,0a39ff7f5836c3efc80eede41641f4572fbc8a39
dv3-A-poisson-001650,3,A,poisson,1650,,,,3:1:0:1650,,test,3,526.4472128835257,,,,,,,,,,,,,,,,,,,,0.0,,,1,565,1,exact,,,,,,,,3.8416997995227575e-05,3d7bc818e4ffcfa29e82a18b622be8d5d1c4c3ae
dv3-A-poisson-001651,3,A,poisson,1651,,,,3:1:0:1651,,test,3,398.35414411607843,,,,,,,,,,,,,,,,,,,,0.0,,,1,400,1,exact,,,,,,,,2.9625000024680048e-05,48247ab0c39c08742a300b3a78b50fea4016b838
dv3-A-poisson-001652,3,A,poisson,1652,,,,3:1:0:1652,,test,3,731.7444918337111,,,,,,,,,,,,,,,,,,,,0.0,,,1,698,1,exact,,,,,,,,3.724999987753108e-05,9eefe03cb89141fec8597d9db4faf6e4b73a275d
dv3-A-poisson-001653,3,A,poisson,1653,,,,3:1:0:1653,,test,3,776.2638821221468,,,,,,,,,,,,,,,,,,,,0.0,,,1,782,1,exact,,,,,,,,4.362500112620182e-05,fd7ab5bccdc64c1464fd8cd1520a3af4266a71cc
dv3-A-poisson-001654,3,A,poisson,1654,,,,3:1:0:1654,,test,3,239.98286621703255,,,,,,,,,,,,,,,,,,,,0.0,,,1,266,1,exact,,,,,,,,2.633300027810037e-05,a2d62684571387701e3da157731241b42772a1f3
dv3-A-poisson-001655,3,A,poisson,1655,,,,3:1:0:1655,,test,3,249.02979164810026,,,,,,,,,,,,,,,,,,,,0.0,,,1,242,1,exact,,,,,,,,2.591700103948824e-05,4984e1d66b5a1330c968e3d32dbfc578ada61bb9
dv3-A-poisson-001656,3,A,poisson,1656,,,,3:1:0:1656,,test,3,288.6200973524248,,,,,,,,,,,,,,,,,,,,0.0,,,1,304,1,exact,,,,,,,,3.212500087101944e-05,558453f4c8d478fff39b40ceddeb33a95111d9bc
dv3-A-poisson-001657,3,A,poisson,1657,,,,3:1:0:1657,,test,3,118.26594682486974,,,,,,,,,,,,,,,,,,,,0.0,,,1,122,1,exact,,,,,,,,2.2415999410441145e-05,3c46ac0ecfc14489b9fee8e03226c60da1fbe8bb
dv3-A-poisson-001658,3,A,poisson,1658,,,,3:1:0:1658,,test,3,138.27704111723173,,,,,,,,,,,,,,,,,,,,0.0,,,1,149,1,exact,,,,,,,,2.329099879716523e-05,b2bb18eccde7756ad22c97cdf7a7dfb0130bbf34
dv3-A-poisson-001659,3,A,poisson,1659,,,,3:1:0:1659,,test,3,177.71131997230268,,,,,,,,,,,,,,,,,,,,0.0,,,1,177,1,exact,,,,,,,,2.4125001800712198e-05,0a57be828d809f47a796d4377041b7094e13d38a
dv3-A-poisson-001660,3,A,poisson,1660,,,,3:1:0:1660,,test,3,137.21465555117481,,,,,,,,,,,,,,,,,,,,0.0,,,1,121,1,exact,,,,,,,,2.2542000806424767e-05,f419d3da7ccb542e984d9b4c9b694e0e50a99d09
dv3-A-poisson-001661,3,A,poisson,1661,,,,3:1:0:1661,,test,3,293.6931253797465,,,,,,,,,,,,,,,,,,,,0.0,,,1,299,1,exact,,,,,,,,2.7375001081964e-05,90f745c1ffc7ab72f72c7ad18e98053ddb08b8f9
dv3-A-poisson-001662,3,A,poisson,1662,,,,3:1:0:1662,,test,3,136.61579031333653,,,,,,,,,,,,,,,,,,,,0.0,,,1,148,1,exact,,,,,,,,2.329199924133718e-05,d428bfc63350d14bd9efa9931d5226cfe1bf1a43
dv3-A-poisson-001663,3,A,poisson,1663,,,,3:1:0:1663,,test,3,106.71277997580026,,,,,,,,,,,,,,,,,,,,0.0,,,1,111,1,exact,,,,,,,,2.591600059531629e-05,dd22dbc8dbaba3ae72febe38ee0e36ba2c57c0fe
dv3-A-poisson-001664,3,A,poisson,1664,,,,3:1:0:1664,,test,3,117.53137531825261,,,,,,,,,,,,,,,,,,,,0.0,,,1,122,1,exact,,,,,,,,2.266599767608568e-05,139bf9215956ac493298c7be3d54af5e49635e2c
dv3-A-poisson-001665,3,A,poisson,1665,,,,3:1:0:1665,,test,3,357.33136982865045,,,,,,,,,,,,,,,,,,,,0.0,,,1,360,1,exact,,,,,,,,2.91660035145469e-05,ed9463c110925bc3973e71b4c37f337875c6f405
dv3-A-poisson-001666,3,A,poisson,1666,,,,3:1:0:1666,,test,3,626.5890963570358,,,,,,,,,,,,,,,,,,,,0.0,,,1,652,1,exact,,,,,,,,4.1457999031990767e-05,2e07a7384a1092bf38c8dec13c16b5729387e310
dv3-A-poisson-001667,3,A,poisson,1667,,,,3:1:0:1667,,test,3,778.0338979902205,,,,,,,,,,,,,,,,,,,,0.0,,,1,776,1,exact,,,,,,,,4.220800110488199e-05,089132f5200f6f2d8c3571bd2eadb653d33f53ec
dv3-A-poisson-001668,3,A,poisson,1668,,,,3:1:0:1668,,test,3,689.7107040118833,,,,,,,,,,,,,,,,,,,,0.0,,,1,694,1,exact,,,,,,,,3.650000144261867e-05,c099f064d8a5b6dd0a6276671e8c308f8e827cbd
dv3-A-poisson-001669,3,A,poisson,1669,,,,3:1:0:1669,,test,3,658.3776240625946,,,,,,,,,,,,,,,,,,,,0.0,,,1,653,1,exact,,,,,,,,3.533400013111532e-05,58e4772b756f3a5c4cc6df8c44238c6df2eaaf96
dv3-A-poisson-001670,3,A,poisson,1670,,,,3:1:0:1670,,test,3,178.11102919984717,,,,,,,,,,,,,,,,,,,,0.0,,,1,157,1,exact,,,,,,,,2.4041997676249593e-05,50f46dc25d3baca8ad85c80667e6967ce4e5b8dd
dv3-A-poisson-001671,3,A,poisson,1671,,,,3:1:0:1671,,test,3,111.53102756761963,,,,,,,,,,,,,,,,,,,,0.0,,,1,131,1,exact,,,,,,,,2.3125001462176442e-05,ca83366c5f454b76ac345252003893602c22448a
dv3-A-poisson-001672,3,A,poisson,1672,,,,3:1:0:1672,,test,3,456.08839296462975,,,,,,,,,,,,,,,,,,,,0.0,,,1,423,1,exact,,,,,,,,2.987500192830339e-05,ee6448ac20dacf70be232d64ddb594375ca4c0b7
dv3-A-poisson-001673,3,A,poisson,1673,,,,3:1:0:1673,,test,3,688.283756676199,,,,,,,,,,,,,,,,,,,,0.0,,,1,691,1,exact,,,,,,,,3.7500001781154424e-05,5e71a3c866babb097f6bed3223aef326cbecebbe
dv3-A-poisson-001674,3,A,poisson,1674,,,,3:1:0:1674,,test,3,119.53764494935851,,,,,,,,,,,,,,,,,,,,0.0,,,1,124,1,exact,,,,,,,,2.2499996703118086e-05,3ad0dc5c40b594c0d107abc3cf72641f645342d3
dv3-A-poisson-001675,3,A,poisson,1675,,,,3:1:0:1675,,test,3,118.92291137395634,,,,,,,,,,,,,,,,,,,,0.0,,,1,135,1,exact,,,,,,,,2.3250002413988113e-05,14343de7266d204fa0ed9995734c388540c664ef
dv3-A-poisson-001676,3,A,poisson,1676,,,,3:1:0:1676,,test,3,134.1695232399972,,,,,,,,,,,,,,,,,,,,0.0,,,1,123,1,exact,,,,,,,,2.270800177939236e-05,c8531a753aa2657c211211b8fafbbe44639c1a13
dv3-A-poisson-001677,3,A,poisson,1677,,,,3:1:0:1677,,test,3,323.07447140284444,,,,,,,,,,,,,,,,,,,,0.0,,,1,334,1,exact,,,,,,,,2.7916998078580946e-05,8594984fafaa4324e117ecc06794e57aa70e9002
dv3-A-poisson-001678,3,A,poisson,1678,,,,3:1:0:1678,,test,3,529.0906752985449,,,,,,,,,,,,,,,,,,,,0.0,,,1,540,1,exact,,,,,,,,3.587500032153912e-05,4c6c6cc63dddb489ed1939d3db058bcb92e50f4b
dv3-A-poisson-001679,3,A,poisson,1679,,,,3:1:0:1679,,test,3,643.9404969940806,,,,,,,,,,,,,,,,,,,,0.0,,,1,675,1,exact,,,,,,,,6.362500062095933e-05,40e5baf8460051f67934d40185d37a61701749f4
dv3-A-poisson-001680,3,A,poisson,1680,,,,3:1:0:1680,,test,3,331.42994555866557,,,,,,,,,,,,,,,,,,,,0.0,,,1,340,1,exact,,,,,,,,4.5415999920805916e-05,1e148dad8e4d9593233ce1ec0ed3607479facd71
dv3-A-poisson-001681,3,A,poisson,1681,,,,3:1:0:1681,,test,3,211.56097583884295,,,,,,,,,,,,,,,,,,,,0.0,,,1,221,1,exact,,,,,,,,6.53749993944075e-05,6bfb10514b3b9bc475cbf39c9f88b9b87072f401
dv3-A-poisson-001682,3,A,poisson,1682,,,,3:1:0:1682,,test,3,187.14793195540759,,,,,,,,,,,,,,,,,,,,0.0,,,1,173,1,exact,,,,,,,,3.074999767704867e-05,7f70698967ae3f964863f226fc4b2450784dcd63
dv3-A-poisson-001683,3,A,poisson,1683,,,,3:1:0:1683,,test,3,246.9435086945669,,,,,,,,,,,,,,,,,,,,0.0,,,1,236,1,exact,,,,,,,,5.291699926601723e-05,9bb4478aaef93dac47ba0717705c34a0d06a456e
dv3-A-poisson-001684,3,A,poisson,1684,,,,3:1:0:1684,,test,3,367.6212625671853,,,,,,,,,,,,,,,,,,,,0.0,,,1,367,1,exact,,,,,,,,0.00015287499991245568,dc29a40728d01843449a01d24585e03c1c492bce
dv3-A-poisson-001685,3,A,poisson,1685,,,,3:1:0:1685,,test,3,453.4445825810243,,,,,,,,,,,,,,,,,,,,0.0,,,1,440,1,exact,,,,,,,,9.912500172504224e-05,fb7d7e56fe9c2bc23c797f2cf845767a0880b51a
dv3-A-poisson-001686,3,A,poisson,1686,,,,3:1:0:1686,,test,3,403.69504484231567,,,,,,,,,,,,,,,,,,,,0.0,,,1,425,1,exact,,,,,,,,2.8124999516876414e-05,db6c0e6dd4b8a840ec49df4e9cd0fa57a80e27b6
dv3-A-poisson-001687,3,A,poisson,1687,,,,3:1:0:1687,,test,3,387.29273537100624,,,,,,,,,,,,,,,,,,,,0.0,,,1,388,1,exact,,,,,,,,1.708300260361284e-05,6e41e63a147b2791ac00c956a41c11b42cc6acda
dv3-A-poisson-001688,3,A,poisson,1688,,,,3:1:0:1688,,test,3,104.99423110008186,,,,,,,,,,,,,,,,,,,,0.0,,,1,114,1,exact,,,,,,,,1.2833999790018424e-05,1f0b09892ec4fe5e9d8c4e34791ad88196ec419d
dv3-A-poisson-001689,3,A,poisson,1689,,,,3:1:0:1689,,test,3,234.02017383018844,,,,,,,,,,,,,,,,,,,,0.0,,,1,235,1,exact,,,,,,,,0.00040741699922364205,fd01ea38712d447246ca7fb55958cca4895cc0af
dv3-A-poisson-001690,3,A,poisson,1690,,,,3:1:0:1690,,test,3,206.4656608762617,,,,,,,,,,,,,,,,,,,,0.0,,,1,214,1,exact,,,,,,,,1.6874997527338564e-05,124a2ab47eab92e8c0231fe91578a059418884a0
dv3-A-poisson-001691,3,A,poisson,1691,,,,3:1:0:1691,,test,3,153.418064989683,,,,,,,,,,,,,,,,,,,,0.0,,,1,161,1,exact,,,,,,,,1.3249999028630555e-05,9e74282317ed5d6d6a731bed9fb72c28e8d3816a
dv3-A-poisson-001692,3,A,poisson,1692,,,,3:1:0:1692,,test,3,161.2117855144331,,,,,,,,,,,,,,,,,,,,0.0,,,1,163,1,exact,,,,,,,,1.2541997421067208e-05,832c9f821f521a7954fc5e19fe1bed1ff7195c5c
dv3-A-poisson-001693,3,A,poisson,1693,,,,3:1:0:1693,,test,3,208.05309037962738,,,,,,,,,,,,,,,,,,,,0.0,,,1,229,1,exact,,,,,,,,0.0001278749987250194,a27c79ba56f4c5ddd6d0b90da832eb9c71b93f45
dv3-A-poisson-001694,3,A,poisson,1694,,,,3:1:0:1694,,test,3,245.90614403204373,,,,,,,,,,,,,,,,,,,,0.0,,,1,223,1,exact,,,,,,,,5.29589997313451e-05,ee26414adb95f0fcdb541cb53dd50934a5ce0eb8
dv3-A-poisson-001695,3,A,poisson,1695,,,,3:1:0:1695,,test,3,689.6459996054119,,,,,,,,,,,,,,,,,,,,0.0,,,1,678,1,exact,,,,,,,,2.058300015050918e-05,d5add364ba4814dec79c6afb2e0205e04d8aa376
dv3-A-poisson-001696,3,A,poisson,1696,,,,3:1:0:1696,,test,3,157.75570343728998,,,,,,,,,,,,,,,,,,,,0.0,,,1,155,1,exact,,,,,,,,1.2207998224766925e-05,9c63e41110e0deb3118e8d01c304724c5bcce1e6
dv3-A-poisson-001697,3,A,poisson,1697,,,,3:1:0:1697,,test,3,106.05488107478426,,,,,,,,,,,,,,,,,,,,0.0,,,1,93,1,exact,,,,,,,,1.1333002476021647e-05,64a0b0b1ae61fd139beef5852c2103db76699b45
dv3-A-poisson-001698,3,A,poisson,1698,,,,3:1:0:1698,,test,3,177.0248297019774,,,,,,,,,,,,,,,,,,,,0.0,,,1,179,1,exact,,,,,,,,1.2291999155422673e-05,06e462c6be4e6dcd3a6f024b09571500920c41dc
dv3-A-poisson-001699,3,A,poisson,1699,,,,3:1:0:1699,,test,3,189.31980013540795,,,,,,,,,,,,,,,,,,,,0.0,,,1,181,1,exact,,,,,,,,1.2291999155422673e-05,c730de3386a3efc02be49b82d5b6bf4cf3ce17ff
dv3-A-poisson-001700,3,A,poisson,1700,,,,3:1:0:1700,,test,3,166.86577587207154,,,,,,,,,,,,,,,,,,,,0.0,,,1,174,1,exact,,,,,,,,1.2041000445606187e-05,a1c83434b35057468fc688d28b564893c178b352
dv3-A-poisson-001701,3,A,poisson,1701,,,,3:1:0:1701,,test,3,147.44533577977734,,,,,,,,,,,,,,,,,,,,0.0,,,1,149,1,exact,,,,,,,,1.1915999493794516e-05,c68f5a53ca7a20f4df225f236ccd80cec253cad9
dv3-A-poisson-001702,3,A,poisson,1702,,,,3:1:0:1702,,test,3,537.326510710513,,,,,,,,,,,,,,,,,,,,0.0,,,1,532,1,exact,,,,,,,,1.7416001355741173e-05,07d23b3e16d14f251ccc4a1849bafee632d16222
dv3-A-poisson-001703,3,A,poisson,1703,,,,3:1:0:1703,,test,3,176.9144267637339,,,,,,,,,,,,,,,,,,,,0.0,,,1,185,1,exact,,,,,,,,1.454099765396677e-05,7c780db7beea5386b12bc018d7bb1a2a8fe06e87
dv3-A-poisson-001704,3,A,poisson,1704,,,,3:1:0:1704,,test,3,246.9667520449659,,,,,,,,,,,,,,,,,,,,0.0,,,1,222,1,exact,,,,,,,,1.2666001566685736e-05,c4c072747e2a1f2545c4d86b8f04002dec544eb1
dv3-A-poisson-001705,3,A,poisson,1705,,,,3:1:0:1705,,test,3,742.2103253868437,,,,,,,,,,,,,,,,,,,,0.0,,,1,725,1,exact,,,,,,,,1.9167000573361292e-05,07e65fb82f82ad407f492c1b67a8d05bb0531a5e
dv3-A-poisson-001706,3,A,poisson,1706,,,,3:1:0:1706,,test,3,172.526513686882,,,,,,,,,,,,,,,,,,,,0.0,,,1,137,1,exact,,,,,,,,1.166700167232193e-05,60bf06a4cc1a0bb43806072fb6f8420955980241
dv3-A-poisson-001707,3,A,poisson,1707,,,,3:1:0:1707,,test,3,250.67237712461247,,,,,,,,,,,,,,,,,,,,0.0,,,1,263,1,exact,,,,,,,,1.3166998542146757e-05,11940e9fb3a36d3353c19ea684c28022bade27cf
dv3-A-poisson-001708,3,A,poisson,1708,,,,3:1:0:1708,,test,3,179.74412265459665,,,,,,,,,,,,,,,,,,,,0.0,,,1,159,1,exact,,,,,,,,1.208300091093406e-05,919ca35e9fbad1896b9210f3a62a7ae85d7041e4
dv3-A-poisson-001709,3,A,poisson,1709,,,,3:1:0:1709,,test,3,142.02618125083308,,,,,,,,,,,,,,,,,,,,0.0,,,1,136,1,exact,,,,,,,,1.1416999768698588e-05,86c413e0b95ac65e4d7429c42443275a3b939fd4
dv3-A-poisson-001710,3,A,poisson,1710,,,,3:1:0:1710,,test,3,190.55887279204228,,,,,,,,,,,,,,,,,,,,0.0,,,1,187,1,exact,,,,,,,,1.2084001355106011e-05,a75aa73a0bcef65022c51730ddae8d2b6ae9b37e
dv3-A-poisson-001711,3,A,poisson,1711,,,,3:1:0:1711,,test,3,287.1956404675119,,,,,,,,,,,,,,,,,,,,0.0,,,1,294,1,exact,,,,,,,,1.3333999959286302e-05,1ce86f0e6149becf0b8a7897ac76d6f94fff0fbd
dv3-A-poisson-001712,3,A,poisson,1712,,,,3:1:0:1712,,test,3,329.41606974281217,,,,,,,,,,,,,,,,,,,,0.0,,,1,318,1,exact,,,,,,,,1.4165998436510563e-05,5b9406569a6e32855800d6e4bff2a69d87c3d58e
dv3-A-poisson-001713,3,A,poisson,1713,,,,3:1:0:1713,,test,3,184.82281039830454,,,,,,,,,,,,,,,,,,,,0.0,,,1,198,1,exact,,,,,,,,1.2207998224766925e-05,11e16be5e03a055613d147f1b4176166427eb8e9
dv3-A-poisson-001714,3,A,poisson,1714,,,,3:1:0:1714,,test,3,190.44363275130513,,,,,,,,,,,,,,,,,,,,0.0,,,1,191,1,exact,,,,,,,,1.2084001355106011e-05,50d498b0dfb659df450eba8f4eae00861dfff773
dv3-A-poisson-001715,3,A,poisson,1715,,,,3:1:0:1715,,test,3,103.90292676624999,,,,,,,,,,,,,,,,,,,,0.0,,,1,104,1,exact,,,,,,,,1.091699959943071e-05,bf0e9e4e8f13232cba0022e9d88b5cbbcdc82b0e
dv3-A-poisson-001716,3,A,poisson,1716,,,,3:1:0:1716,,test,3,333.09691194534923,,,,,,,,,,,,,,,,,,,,0.0,,,1,319,1,exact,,,,,,,,1.4000001101521775e-05,bf936eb95ec9163885173d1e8c775e6d387a98f1
dv3-A-poisson-001717,3,A,poisson,1717,,,,3:1:0:1717,,test,3,418.5682432893532,,,,,,,,,,,,,,,,,,,,0.0,,,1,412,1,exact,,,,,,,,1.4749999536434188e-05,b41fe499d7b3c1769d4fae40f3b415ff7ddbac03
dv3-A-poisson-001718,3,A,poisson,1718,,,,3:1:0:1718,,test,3,228.78207577944636,,,,,,,,,,,,,,,,,,,,0.0,,,1,214,1,exact,,,,,,,,1.2415999663062394e-05,dc44fdc890628b1ac75aca7bb32faa42c9645133
dv3-A-poisson-001719,3,A,poisson,1719,,,,3:1:0:1719,,test,3,139.54809755560856,,,,,,,,,,,,,,,,,,,,0.0,,,1,120,1,exact,,,,,,,,1.1000000085914508e-05,9d413f0ffe6fd0c7701aed823b9069615160ab0c
dv3-A-poisson-001720,3,A,poisson,1720,,,,3:1:0:1720,,test,3,550.1671759268964,,,,,,,,,,,,,,,,,,,,0.0,,,1,555,1,exact,,,,,,,,1.6499998309882358e-05,c2b24954270d74a5334102d2d2acbbf18a603ba7
dv3-A-poisson-001721,3,A,poisson,1721,,,,3:1:0:1721,,test,3,637.8447323851015,,,,,,,,,,,,,,,,,,,,0.0,,,1,609,1,exact,,,,,,,,1.708400304778479e-05,b9b37498fb4e5518d12ce80106f8f2f8757021df
dv3-A-poisson-001722,3,A,poisson,1722,,,,3:1:0:1722,,test,3,193.9674459744949,,,,,,,,,,,,,,,,,,,,0.0,,,1,203,1,exact,,,,,,,,1.2291999155422673e-05,037adfff8cb068b3ee652133c870aea7c8d106b3
dv3-A-poisson-001723,3,A,poisson,1723,,,,3:1:0:1723,,test,3,364.13098285008664,,,,,,,,,,,,,,,,,,,,0.0,,,1,349,1,exact,,,,,,,,1.4082997950026765e-05,c950371dc4b397e29d2a22fd9e65e93f73fb24e1
dv3-A-poisson-001724,3,A,poisson,1724,,,,3:1:0:1724,,test,3,146.21995246497838,,,,,,,,,,,,,,,,,,,,0.0,,,1,144,1,exact,,,,,,,,1.2958000297658145e-05,1ad02869ff794df55ab9aea04d382ae5c4a184f8
dv3-A-poisson-001725,3,A,poisson,1725,,,,3:1:0:1725,,test,3,119.90216641369338,,,,,,,,,,,,,,,,,,,,0.0,,,1,132,1,exact,,,,,,,,1.0957999620586634e-05,1d79cf002931a28d080f37f2515e91ffe0c88986
dv3-A-poisson-001726,3,A,poisson,1726,,,,3:1:0:1726,,test,3,106.32965879044252,,,,,,,,,,,,,,,,,,,,0.0,,,1,117,1,exact,,,,,,,,1.1000000085914508e-05,81026221cf3b7885a8c1462f6978bf556678f164
dv3-A-poisson-001727,3,A,poisson,1727,,,,3:1:0:1727,,test,3,206.7798143368952,,,,,,,,,,,,,,,,,,,,0.0,,,1,199,1,exact,,,,,,,,1.1874999472638592e-05,21345ec26eab7015390ab5362df3e950085902d2
dv3-A-poisson-001728,3,A,poisson,1728,,,,3:1:0:1728,,test,3,169.7057508633335,,,,,,,,,,,,,,,,,,,,0.0,,,1,192,1,exact,,,,,,,,1.1874999472638592e-05,8847876733c8388bc02816b2ea92f63c87912ad3
dv3-A-poisson-001729,3,A,poisson,1729,,,,3:1:0:1729,,test,3,415.79386694995907,,,,,,,,,,,,,,,,,,,,0.0,,,1,440,1,exact,,,,,,,,1.5083001926541328e-05,ae3951d847d98a1c62cff8f479c56ea31c36e394
dv3-A-poisson-001730,3,A,poisson,1730,,,,3:1:0:1730,,test,3,156.68117131951414,,,,,,,,,,,,,,,,,,,,0.0,,,1,136,1,exact,,,,,,,,1.1125001037726179e-05,27931d86e9f93e79e1b3b6d868be9e41243c3715
dv3-A-poisson-001731,3,A,poisson,1731,,,,3:1:0:1731,,test,3,327.73678322732314,,,,,,,,,,,,,,,,,,,,0.0,,,1,330,1,exact,,,,,,,,1.354100095340982e-05,e6841fa5018b6747cbd90cd3e006ab83fdd3f8c6
dv3-A-poisson-001732,3,A,poisson,1732,,,,3:1:0:1732,,test,3,246.97184059320395,,,,,,,,,,,,,,,,,,,,0.0,,,1,252,1,exact,,,,,,,,1.9708000763785094e-05,1cdaf82015267d1f0d27c771a8939dba095a6eb7
dv3-A-poisson-001733,3,A,poisson,1733,,,,3:1:0:1733,,test,3,105.24763563286552,,,,,,,,,,,,,,,,,,,,0.0,,,1,120,1,exact,,,,,,,,1.1125001037726179e-05,6192a061886e7fe0e8fa29ede65a9e107331b8f4
dv3-A-poisson-001734,3,A,poisson,1734,,,,3:1:0:1734,,test,3,754.4275848076355,,,,,,,,,,,,,,,,,,,,0.0,,,1,714,1,exact,,,,,,,,1.8540999008109793e-05,321ba0cbfd0b20a97cbd26796c5d99ef2610ff1b
dv3-A-poisson-001735,3,A,poisson,1735,,,,3:1:0:1735,,test,3,241.0039069813839,,,,,,,,,,,,,,,,,,,,0.0,,,1,240,1,exact,,,,,,,,1.237499964190647e-05,03498bfdf8f807041bbf1f8f3af8589a9c1fc5fb
dv3-A-poisson-001736,3,A,poisson,1736,,,,3:1:0:1736,,test,3,288.31914025568454,,,,,,,,,,,,,,,,,,,,0.0,,,1,279,1,exact,,,,,,,,1.27909988805186e-05,b1651798a29938de210d1d43f378ae14681ada55
dv3-A-poisson-001737,3,A,poisson,1737,,,,3:1:0:1737,,test,3,687.0122714850739,,,,,,,,,,,,,,,,,,,,0.0,,,1,707,1,exact,,,,,,,,1.8041002476820722e-05,7b473d64c511d36e15643d9fcd5b08d19da9153e
dv3-A-poisson-001738,3,A,poisson,1738,,,,3:1:0:1738,,test,3,552.6237651018621,,,,,,,,,,,,,,,,,,,,0.0,,,1,533,1,exact,,,,,,,,1.6292000509565696e-05,09036a7057a2e36e582c34c4f0e59c0a0ac9af31
dv3-A-poisson-001739,3,A,poisson,1739,,,,3:1:0:1739,,test,3,131.2163046349743,,,,,,,,,,,,,,,,,,,,0.0,,,1,137,1,exact,,,,,,,,1.1249998351559043e-05,727796862436cd570ab72d35941db354d265a144
dv3-A-poisson-001740,3,A,poisson,1740,,,,3:1:0:1740,,test,3,785.354806309862,,,,,,,,,,,,,,,,,,,,0.0,,,1,762,1,exact,,,,,,,,1.883300137706101e-05,6f252fd7024fc5c7ff8565f016cdc48bfd2e01e6
dv3-A-poisson-001741,3,A,poisson,1741,,,,3:1:0:1741,,test,3,672.1790322102828,,,,,,,,,,,,,,,,,,,,0.0,,,1,670,1,exact,,,,,,,,2.279200271004811e-05,06d5ee5e186d92a5deb0d24cf960370f8a6192b7
dv3-A-poisson-001742,3,A,poisson,1742,,,,3:1:0:1742,,test,3,534.6924344820235,,,,,,,,,,,,,,,,,,,,0.0,,,1,572,1,exact,,,,,,,,1.666600292082876e-05,1313618d26af9b0f8476cfe8d120698fd15c52db
dv3-A-poisson-001743,3,A,poisson,1743,,,,3:1:0:1743,,test,3,286.0542683067591,,,,,,,,,,,,,,,,,,,,0.0,,,1,292,1,exact,,,,,,,,1.6292000509565696e-05,2e37288d9aeba15644953ec56daaa23bc9ee4e7c
dv3-A-poisson-001744,3,A,poisson,1744,,,,3:1:0:1744,,test,3,101.38475647646092,,,,,,,,,,,,,,,,,,,,0.0,,,1,96,1,exact,,,,,,,,1.083300230675377e-05,512344dc3d5104398c1f5598ae9a960e3cc876bb
dv3-A-poisson-001745,3,A,poisson,1745,,,,3:1:0:1745,,test,3,178.0608686182813,,,,,,,,,,,,,,,,,,,,0.0,,,1,172,1,exact,,,,,,,,1.166600122814998e-05,a4e730badc438da289c27ea6291655279e252a00
dv3-A-poisson-001746,3,A,poisson,1746,,,,3:1:0:1746,,test,3,123.3985459970117,,,,,,,,,,,,,,,,,,,,0.0,,,1,119,1,exact,,,,,,,,1.2333999620750546e-05,037bdb71f238968444fa8571bad64c13764d4ad5
dv3-A-poisson-001747,3,A,poisson,1747,,,,3:1:0:1747,,test,3,123.92665826280486,,,,,,,,,,,,,,,,,,,,0.0,,,1,125,1,exact,,,,,,,,1.0749998182291165e-05,574eefe702b4c857699942a0611aaa0de19f2717
dv3-A-poisson-001748,3,A,poisson,1748,,,,3:1:0:1748,,test,3,433.9243059129787,,,,,,,,,,,,,,,,,,,,0.0,,,1,461,1,exact,,,,,,,,2.016699727391824e-05,d73ac99beed4d591df8b6cc7d01bd7019698b037
dv3-A-poisson-001749,3,A,poisson,1749,,,,3:1:0:1749,,test,3,185.2355798320632,,,,,,,,,,,,,,,,,,,,0.0,,,1,191,1,exact,,,,,,,,1.195799995912239e-05,a39588235c8d00479e314543f5a0b52beb2bc8aa
dv3-A-poisson-001750,3,A,poisson,1750,,,,3:1:0:1750,,test,3,288.1646368365332,,,,,,,,,,,,,,,,,,,,0.0,,,1,297,1,exact,,,,,,,,1.3083001249469817e-05,5922deb2a0ef8149d3c9f957c15f7c3f9a427ec3
dv3-A-poisson-001751,3,A,poisson,1751,,,,3:1:0:1751,,test,3,610.0253069807148,,,,,,,,,,,,,,,,,,,,0.0,,,1,582,1,exact,,,,,,,,1.6500001947861165e-05,7d94f5dfd97d72a3d168f00f17d7bd6c3cb36b78
dv3-A-poisson-001752,3,A,poisson,1752,,,,3:1:0:1752,,test,3,346.2930988623034,,,,,,,,,,,,,,,,,,,,0.0,,,1,353,1,exact,,,,,,,,1.3790999219054356e-05,0976f8125a959fb65ae2d32393ba91e1d0885898
dv3-A-poisson-001753,3,A,poisson,1753,,,,3:1:0:1753,,test,3,110.64654435535944,,,,,,,,,,,,,,,,,,,,0.0,,,1,123,1,exact,,,,,,,,1.0874999134102836e-05,f155c9878075cf6d427ac983b40b2611974667a2
dv3-A-poisson-001754,3,A,poisson,1754,,,,3:1:0:1754,,test,3,275.4087595396614,,,,,,,,,,,,,,,,,,,,0.0,,,1,267,1,exact,,,,,,,,1.2500000593718141e-05,5a84744f3a02deed4b131f9ba9f279d6360454fe
dv3-A-poisson-001755,3,A,poisson,1755,,,,3:1:0:1755,,test,3,513.0769033444141,,,,,,,,,,,,,,,,,,,,0.0,,,1,515,1,exact,,,,,,,,1.5542002074653283e-05,bd8eda712c6587e69b4a655ac3616c8e74a61062
dv3-A-poisson-001756,3,A,poisson,1756,,,,3:1:0:1756,,test,3,142.17555576025714,,,,,,,,,,,,,,,,,,,,0.0,,,1,156,1,exact,,,,,,,,1.1167001503054053e-05,d135611463f476662a7d381656e7d70006c0725c
dv3-A-poisson-001757,3,A,poisson,1757,,,,3:1:0:1757,,test,3,765.172255819713,,,,,,,,,,,,,,,,,,,,0.0,,,1,788,1,exact,,,,,,,,1.904199962154962e-05,0bb7c0fbd6250555ba312c00adfbf7834f047b47
dv3-A-poisson-001758,3,A,poisson,1758,,,,3:1:0:1758,,test,3,137.24997445449205,,,,,,,,,,,,,,,,,,,,0.0,,,1,122,1,exact,,,,,,,,1.0624997230479494e-05,fd37fecc11c5ec35f18fe80ca837e7988678804b
dv3-A-poisson-001759,3,A,poisson,1759,,,,3:1:0:1759,,test,3,518.6788345108374,,,,,,,,,,,,,,,,,,,,0.0,,,1,546,1,exact,,,,,,,,1.6292000509565696e-05,cabe472ebb2fff943c4664175e808730a175ced5
dv3-A-poisson-001760,3,A,poisson,1760,,,,3:1:0:1760,,test,3,406.93255969616257,,,,,,,,,,,,,,,,,,,,0.0,,,1,398,1,exact,,,,,,,,1.4458997611654922e-05,eadb17a854eb12574e5ab4a2d8fd21d692dddba8
dv3-A-poisson-001761,3,A,poisson,1761,,,,3:1:0:1761,,test,3,124.53699284843832,,,,,,,,,,,,,,,,,,,,0.0,,,1,121,1,exact,,,,,,,,1.091699959943071e-05,bfdc0960ce9e5630ab79582c940f23013cdeb5b6
dv3-A-poisson-001762,3,A,poisson,1762,,,,3:1:0:1762,,test,3,436.8872677037255,,,,,,,,,,,,,,,,,,,,0.0,,,1,453,1,exact,,,,,,,,1.4790999557590112e-05,64d65cc97fb9f76536d23b6f5a44c8c14f8036cc
dv3-A-poisson-001763,3,A,poisson,1763,,,,3:1:0:1763,,test,3,118.74462770777905,,,,,,,,,,,,,,,,,,,,0.0,,,1,133,1,exact,,,,,,,,1.1208001524209976e-05,1786af1892e28135bb947a9be08a3889f99161bf
dv3-A-poisson-001764,3,A,poisson,1764,,,,3:1:0:1764,,test,3,230.3076353352356,,,,,,,,,,,,,,,,,,,,0.0,,,1,239,1,exact,,,,,,,,1.2332999176578596e-05,28029ebb60d127d84af89822dbf5e759d3c2155d
dv3-A-poisson-001765,3,A,poisson,1765,,,,3:1:0:1765,,test,3,265.8834214762571,,,,,,,,,,,,,,,,,,,,0.0,,,1,248,1,exact,,,,,,,,1.2542001059046015e-05,b3d448b2d4888cccb6b81f92a05b03a793fdb091
dv3-A-poisson-001766,3,A,poisson,1766,,,,3:1:0:1766,,test,3,406.5662646247847,,,,,,,,,,,,,,,,,,,,0.0,,,1,393,1,exact,,,,,,,,1.4500001270789653e-05,2c2787cde539ec2838927e48b513997973697fb5
dv3-A-poisson-001767,3,A,poisson,1767,,,,3:1:0:1767,,test,3,439.3801692161099,,,,,,,,,,,,,,,,,,,,0.0,,,1,442,1,exact,,,,,,,,1.5083998732734472e-05,2a8d86149d14272fbcb47cdf619aa0e63a07ec76
dv3-A-poisson-001768,3,A,poisson,1768,,,,3:1:0:1768,,test,3,251.28475796261424,,,,,,,,,,,,,,,,,,,,0.0,,,1,219,1,exact,,,,,,,,1.2249998690094799e-05,5f0741234ddc1dd9322d26381e9cd7947f2fc02b
dv3-A-poisson-001769,3,A,poisson,1769,,,,3:1:0:1769,,test,3,130.00872547436134,,,,,,,,,,,,,,,,,,,,0.0,,,1,113,1,exact,,,,,,,,1.0875002772081643e-05,5e218869ea61aa982ee66249741bc4665e37d73b
dv3-A-poisson-001770,3,A,poisson,1770,,,,3:1:0:1770,,test,3,182.9538910901827,,,,,,,,,,,,,,,,,,,,0.0,,,1,176,1,exact,,,,,,,,1.1625001206994057e-05,83c5fa3c9780771604f77814f8c8d457b92f02df
dv3-A-poisson-001771,3,A,poisson,1771,,,,3:1:0:1771,,test,3,350.0193336528163,,,,,,,,,,,,,,,,,,,,0.0,,,1,343,1,exact,,,,,,,,1.34170004457701e-05,707cae4f03549c09575e79537ee968f7d7b7bda7
dv3-A-poisson-001772,3,A,poisson,1772,,,,3:1:0:1772,,test,3,147.31640699655284,,,,,,,,,,,,,,,,,,,,0.0,,,1,134,1,exact,,,,,,,,1.0832998668774962e-05,d48ebb85664bcacbac710bb7a02bf89edac24d33
dv3-A-poisson-001773,3,A,poisson,1773,,,,3:1:0:1773,,test,3,102.23940371890559,,,,,,,,,,,,,,,,,,,,0.0,,,1,96,1,exact,,,,,,,,1.0375002602813765e-05,2eabc963d432de3bb1c3c2c6f4c9bcb5b5b9f257
dv3-A-poisson-001774,3,A,poisson,1774,,,,3:1:0:1774,,test,3,192.1610792080993,,,,,,,,,,,,,,,,,,,,0.0,,,1,200,1,exact,,,,,,,,1.1708001693477854e-05,df01c3ded0b63c4ce36a402908d9328c6d19d777
dv3-A-poisson-001775,3,A,poisson,1775,,,,3:1:0:1775,,test,3,124.1932668278028,,,,,,,,,,,,,,,,,,,,0.0,,,1,110,1,exact,,,,,,,,1.4125002053333446e-05,70259cafc9bfbac8ae6a8c0fb2015bd3335e9352
dv3-A-poisson-001776,3,A,poisson,1776,,,,3:1:0:1776,,test,3,260.0535349305124,,,,,,,,,,,,,,,,,,,,0.0,,,1,276,1,exact,,,,,,,,1.2582997442223132e-05,aa25e7fcbd0c7980f55efcee8df92bd1c2bed3bd
dv3-A-poisson-001777,3,A,poisson,1777,,,,3:1:0:1777,,test,3,124.24294674608849,,,,,,,,,,,,,,,,,,,,0.0,,,1,111,1,exact,,,,,,,,1.0542000381974503e-05,ef834a509d6db445ab4bde95dd1ea6771ff2a745
dv3-A-poisson-001778,3,A,poisson,1778,,,,3:1:0:1778,,test,3,121.16132901145895,,,,,,,,,,,,,,,,,,,,0.0,,,1,108,1,exact,,,,,,,,1.049999991664663e-05,207bba21611d91498643e74e1f79e1ab2ecbf9d9
dv3-A-poisson-001779,3,A,poisson,1779,,,,3:1:0:1779,,test,3,492.93256708639086,,,,,,,,,,,,,,,,,,,,0.0,,,1,463,1,exact,,,,,,,,2.1874999220017344e-05,dcd1f7c0ea127a0e2a22e70ac41d655c02d0566c
dv3-A-poisson-001780,3,A,poisson,1780,,,,3:1:0:1780,,test,3,108.9939947867069,,,,,,,,,,,,,,,,,,,,0.0,,,1,118,1,exact,,,,,,,,1.133299883804284e-05,29cb2bf17b287726163421b30ed2d5a03d43152a
dv3-A-poisson-001781,3,A,poisson,1781,,,,3:1:0:1781,,test,3,737.2122745655528,,,,,,,,,,,,,,,,,,,,0.0,,,1,690,1,exact,,,,,,,,1.7750000552041456e-05,3f37685c8247937e94260c1c98af2486112db9f4
dv3-A-poisson-001782,3,A,poisson,1782,,,,3:1:0:1782,,test,3,773.2703888896349,,,,,,,,,,,,,,,,,,,,0.0,,,1,788,1,exact,,,,,,,,2.2083997464505956e-05,7d7384c6f3a2589db4339337d43dd8337ca6a11f
dv3-A-poisson-001783,3,A,poisson,1783,,,,3:1:0:1783,,test,3,407.50577696929435,,,,,,,,,,,,,,,,,,,,0.0,,,1,401,1,exact,,,,,,,,1.4417000784305856e-05,0f5b9efae817926da2004f54002aa958292c2ca1
dv3-A-poisson-001784,3,A,poisson,1784,,,,3:1:0:1784,,test,3,412.938457664562,,,,,,,,,,,,,,,,,,,,0.0,,,1,423,1,exact,,,,,,,,1.4499997632810846e-05,73af866a1a8d66ab0b7eb894a7851b106f340d73
dv3-A-poisson-001785,3,A,poisson,1785,,,,3:1:0:1785,,test,3,574.1694515758388,,,,,,,,,,,,,,,,,,,,0.0,,,1,579,1,exact,,,,,,,,1.6374997358070686e-05,bbeae8d4b69c947efd9ef825d0900dbcdbb8ac3f
dv3-A-poisson-001786,3,A,poisson,1786,,,,3:1:0:1786,,test,3,192.24054049882065,,,,,,,,,,,,,,,,,,,,0.0,,,1,215,1,exact,,,,,,,,1.2500000593718141e-05,7118c0eb40b2f5fb119bac19db33cb22bb278a19
dv3-A-poisson-001787,3,A,poisson,1787,,,,3:1:0:1787,,test,3,523.5635167015687,,,,,,,,,,,,,,,,,,,,0.0,,,1,522,1,exact,,,,,,,,2.4666998797329143e-05,ab0960e4a2c0ebbca103fe58132fb4336e6cc5ca
dv3-A-poisson-001788,3,A,poisson,1788,,,,3:1:0:1788,,test,3,405.96308250793527,,,,,,,,,,,,,,,,,,,,0.0,,,1,393,1,exact,,,,,,,,1.4833000022917986e-05,1f7c6ee6ff8bccdf5699cad3b8166539f13f35ec
dv3-A-poisson-001789,3,A,poisson,1789,,,,3:1:0:1789,,test,3,759.7639822209583,,,,,,,,,,,,,,,,,,,,0.0,,,1,813,1,exact,,,,,,,,2.320900239283219e-05,2a2d7ca5ae5c74a68f0ccaab80489ecfc9cd900f
dv3-A-poisson-001790,3,A,poisson,1790,,,,3:1:0:1790,,test,3,128.14162825979588,,,,,,,,,,,,,,,,,,,,0.0,,,1,158,1,exact,,,,,,,,1.154200072051026e-05,1c67e066c5e20bf58bb2ff44725947795a305fa9
dv3-A-poisson-001791,3,A,poisson,1791,,,,3:1:0:1791,,test,3,587.4222331098168,,,,,,,,,,,,,,,,,,,,0.0,,,1,574,1,exact,,,,,,,,1.6583999240538105e-05,cb99686d18ba73ed9c93bd732aed08ef6d1fe60c
dv3-A-poisson-001792,3,A,poisson,1792,,,,3:1:0:1792,,test,3,655.6899171346495,,,,,,,,,,,,,,,,,,,,0.0,,,1,641,1,exact,,,,,,,,1.8791000911733136e-05,bc8ef03b7ca0991bf503b5eeea208ffa0430f8d9
dv3-A-poisson-001793,3,A,poisson,1793,,,,3:1:0:1793,,test,3,402.81289294230504,,,,,,,,,,,,,,,,,,,,0.0,,,1,409,1,exact,,,,,,,,1.4500001270789653e-05,77d9d02ef05150c2c66de170cae26474e7e3addd
dv3-A-poisson-001794,3,A,poisson,1794,,,,3:1:0:1794,,test,3,349.29238783047214,,,,,,,,,,,,,,,,,,,,0.0,,,1,341,1,exact,,,,,,,,1.341600000159815e-05,570da1835860bb95f7462a5311e5621faa83159c
dv3-A-poisson-001795,3,A,poisson,1795,,,,3:1:0:1795,,test,3,240.8584311463907,,,,,,,,,,,,,,,,,,,,0.0,,,1,231,1,exact,,,,,,,,1.2208998668938875e-05,9697b8bd9124f01fe973dee613fbbe4e02155b7e
dv3-A-poisson-001796,3,A,poisson,1796,,,,3:1:0:1796,,test,3,588.2465867229706,,,,,,,,,,,,,,,,,,,,0.0,,,1,606,1,exact,,,,,,,,1.67500002135057e-05,32edbce0aa4dfe223041616b8ebca0d72ca1fc7d
dv3-A-poisson-001797,3,A,poisson,1797,,,,3:1:0:1797,,test,3,355.32553157017793,,,,,,,,,,,,,,,,,,,,0.0,,,1,389,1,exact,,,,,,,,1.4499997632810846e-05,159534017e42e8e1e996e4b14fb1af5e0025e490
dv3-A-poisson-001798,3,A,poisson,1798,,,,3:1:0:1798,,test,3,425.89409631919085,,,,,,,,,,,,,,,,,,,,0.0,,,1,433,1,exact,,,,,,,,1.4749999536434188e-05,92d49ff5b4cb4fc8bbd799cc024d15f74ed5013f
dv3-A-poisson-001799,3,A,poisson,1799,,,,3:1:0:1799,,test,3,288.02869739375336,,,,,,,,,,,,,,,,,,,,0.0,,,1,300,1,exact,,,,,,,,1.3249999028630555e-05,5d263d0f8a22417b303cdd0bb1e306e52fd6f750
dv3-A-poisson-001800,3,A,poisson,1800,,,,3:1:0:1800,,test,3,357.8577343761182,,,,,,,,,,,,,,,,,,,,0.0,,,1,334,1,exact,,,,,,,,1.3791999663226306e-05,95f658d0b17f4c07f260ae3ee3f37f8544612998
dv3-A-poisson-001801,3,A,poisson,1801,,,,3:1:0:1801,,test,3,385.7299803488111,,,,,,,,,,,,,,,,,,,,0.0,,,1,367,1,exact,,,,,,,,1.654199877521023e-05,e10e8a5e43eda218649e1a21b854c76f463b9a62
dv3-A-poisson-001802,3,A,poisson,1802,,,,3:1:0:1802,,test,3,143.7333765904326,,,,,,,,,,,,,,,,,,,,0.0,,,1,140,1,exact,,,,,,,,1.1040996469091624e-05,653645842bdfd04d5a812de1dd95a2a56141e8e6
dv3-A-poisson-001803,3,A,poisson,1803,,,,3:1:0:1803,,test,3,156.82146227852175,,,,,,,,,,,,,,,,,,,,0.0,,,1,152,1,exact,,,,,,,,1.1374999303370714e-05,c870093ebe51776ec663d52bd8af55aee2bff9c8
dv3-A-poisson-001804,3,A,poisson,1804,,,,3:1:0:1804,,test,3,565.1437755680037,,,,,,,,,,,,,,,,,,,,0.0,,,1,564,1,exact,,,,,,,,1.6292000509565696e-05,101a805bf6c8f7bb58573f9ee9b2761e8cb129b7
dv3-A-poisson-001805,3,A,poisson,1805,,,,3:1:0:1805,,test,3,395.5763109513129,,,,,,,,,,,,,,,,,,,,0.0,,,1,413,1,exact,,,,,,,,1.4499997632810846e-05,b862dc991f079f73d3db81d295573c298c07dbda
dv3-A-poisson-001806,3,A,poisson,1806,,,,3:1:0:1806,,test,3,389.0027897879454,,,,,,,,,,,,,,,,,,,,0.0,,,1,394,1,exact,,,,,,,,1.4416000340133905e-05,49778eace9521b7d5dd046dd1781f18031307df2
dv3-A-poisson-001807,3,A,poisson,1807,,,,3:1:0:1807,,test,3,165.06774067205288,,,,,,,,,,,,,,,,,,,,0.0,,,1,173,1,exact,,,,,,,,1.166700167232193e-05,99d6b4afcded65c1f0992f42a8a16f7b19266c05
dv3-A-poisson-001808,3,A,poisson,1808,,,,3:1:0:1808,,test,3,213.28363167873619,,,,,,,,,,,,,,,,,,,,0.0,,,1,208,1,exact,,,,,,,,1.9084000086877495e-05,126ec64d33a1c895487826169f0c9bbfea3fffcc
dv3-A-poisson-001809,3,A,poisson,1809,,,,3:1:0:1809,,test,3,765.144998761313,,,,,,,,,,,,,,,,,,,,0.0,,,1,766,1,exact,,,,,,,,2.3624997993465513e-05,5d39279f3f2c40995412fbec48f4ca26796e37a1
dv3-A-poisson-001810,3,A,poisson,1810,,,,3:1:0:1810,,test,3,317.1678922745312,,,,,,,,,,,,,,,,,,,,0.0,,,1,313,1,exact,,,,,,,,1.3666001905221492e-05,67213c7f9435a7194af2c7e3b5f2c7bb384179b8
dv3-A-poisson-001811,3,A,poisson,1811,,,,3:1:0:1811,,test,3,717.6541693908237,,,,,,,,,,,,,,,,,,,,0.0,,,1,686,1,exact,,,,,,,,1.82919975486584e-05,3769b6d02e89484a2fed74b76cf3819a59c9cb55
dv3-A-poisson-001812,3,A,poisson,1812,,,,3:1:0:1812,,test,3,412.0391239270778,,,,,,,,,,,,,,,,,,,,0.0,,,1,406,1,exact,,,,,,,,1.4917000953573734e-05,ea3d7bc9da89341108af21c5cfe3238d0d8f8a8b
dv3-A-poisson-001813,3,A,poisson,1813,,,,3:1:0:1813,,test,3,442.96735345231843,,,,,,,,,,,,,,,,,,,,0.0,,,1,410,1,exact,,,,,,,,1.4790999557590112e-05,5bfebce0953a17a2c8922a4903daa7422d60eea3
dv3-A-poisson-001814,3,A,poisson,1814,,,,3:1:0:1814,,test,3,649.4937817232632,,,,,,,,,,,,,,,,,,,,0.0,,,1,653,1,exact,,,,,,,,2.129199856426567e-05,71fc416c863d461ba5d7832996fa7a6c2c319b79
dv3-A-poisson-001815,3,A,poisson,1815,,,,3:1:0:1815,,test,3,613.8197570434688,,,,,,,,,,,,,,,,,,,,0.0,,,1,589,1,exact,,,,,,,,1.9625000277301297e-05,dfa6e6fb4b1a0641f320fe411eea9e54b29462a1
dv3-A-poisson-001816,3,A,poisson,1816,,,,3:1:0:1816,,test,3,422.9620642155789,,,,,,,,,,,,,,,,,,,,0.0,,,1,441,1,exact,,,,,,,,1.5166999219218269e-05,3d95b675ace95678cfe909a664cf60352fe78125
dv3-A-poisson-001817,3,A,poisson,1817,,,,3:1:0:1817,,test,3,202.45810016757048,,,,,,,,,,,,,,,,,,,,0.0,,,1,215,1,exact,,,,,,,,1.2500000593718141e-05,6bcc2230349218aeaa6195da092b99138fd6e057
dv3-A-poisson-001818,3,A,poisson,1818,,,,3:1:0:1818,,test,3,107.20445728872944,,,,,,,,,,,,,,,,,,,,0.0,,,1,103,1,exact,,,,,,,,1.083400275092572e-05,a7cd71ddd64d5e08d78f2298eec92755c32fc2b9
dv3-A-poisson-001819,3,A,poisson,1819,,,,3:1:0:1819,,test,3,202.49794749314378,,,,,,,,,,,,,,,,,,,,0.0,,,1,235,1,exact,,,,,,,,1.2249998690094799e-05,8f8698b311f24f4f1b9b4a29eb0b0b78ea21afd8
dv3-A-poisson-001820,3,A,poisson,1820,,,,3:1:0:1820,,test,3,263.7907586072756,,,,,,,,,,,,,,,,,,,,0.0,,,1,267,1,exact,,,,,,,,1.2500000593718141e-05,f841c57237f817ad6bcf664ba0e350466ae65de8
dv3-A-poisson-001821,3,A,poisson,1821,,,,3:1:0:1821,,test,3,121.0616592555352,,,,,,,,,,,,,,,,,,,,0.0,,,1,124,1,exact,,,,,,,,1.4582998119294643e-05,5abbbcc9fafa5382c5ac553d988c1463100a9d47
dv3-A-poisson-001822,3,A,poisson,1822,,,,3:1:0:1822,,test,3,489.97607667701965,,,,,,,,,,,,,,,,,,,,0.0,,,1,485,1,exact,,,,,,,,1.5333000192185864e-05,99ff572d5cf92c9647a55de12564fedaaca8e933
dv3-A-poisson-001823,3,A,poisson,1823,,,,3:1:0:1823,,test,3,343.56450846203126,,,,,,,,,,,,,,,,,,,,0.0,,,1,382,1,exact,,,,,,,,2.1375002688728273e-05,a7dd588ab6aaac0e06f405a56dd9a38523c352e0
dv3-A-poisson-001824,3,A,poisson,1824,,,,3:1:0:1824,,test,3,727.8567447140906,,,,,,,,,,,,,,,,,,,,0.0,,,1,729,1,exact,,,,,,,,2.3541000700788572e-05,365619a6d01858b7506d565b9e9c2729fd321c17
dv3-A-poisson-001825,3,A,poisson,1825,,,,3:1:0:1825,,test,3,455.78729469260315,,,,,,,,,,,,,,,,,,,,0.0,,,1,454,1,exact,,,,,,,,1.5249999705702066e-05,9d262d41aac687f5c26f5f949f12ea1461579caa
dv3-A-poisson-001826,3,A,poisson,1826,,,,3:1:0:1826,,test,3,122.46806439211136,,,,,,,,,,,,,,,,,,,,0.0,,,1,112,1,exact,,,,,,,,1.0583000403130427e-05,a7201e565fcf705811a680cbf506fe6accc4e647
dv3-A-poisson-001827,3,A,poisson,1827,,,,3:1:0:1827,,test,3,583.853761754184,,,,,,,,,,,,,,,,,,,,0.0,,,1,587,1,exact,,,,,,,,1.6165999113582075e-05,d780f524fe5dcaab95a74ec23c1d3dc5cfe84507
dv3-A-poisson-001828,3,A,poisson,1828,,,,3:1:0:1828,,test,3,104.37499941602164,,,,,,,,,,,,,,,,,,,,0.0,,,1,108,1,exact,,,,,,,,1.0708001354942098e-05,708bf44479420611b2ceb7f2bfcd955f230f2150
dv3-A-poisson-001829,3,A,poisson,1829,,,,3:1:0:1829,,test,3,458.90789159738824,,,,,,,,,,,,,,,,,,,,0.0,,,1,433,1,exact,,,,,,,,1.4707999071106315e-05,ab1fd2901581ea02cfbcc01ea0bc76a829ca55d9
dv3-A-poisson-001830,3,A,poisson,1830,,,,3:1:0:1830,,test,3,533.8420271603283,,,,,,,,,,,,,,,,,,,,0.0,,,1,574,1,exact,,,,,,,,2.2208998416317627e-05,73f3cc57f44b27b57426fbe0ece8cf71510ce3d4
dv3-A-poisson-001831,3,A,poisson,1831,,,,3:1:0:1831,,test,3,571.2885736382107,,,,,,,,,,,,,,,,,,,,0.0,,,1,528,1,exact,,,,,,,,1.562500256113708e-05,2b0983a18d1e77ae2ca255bf1b523f0f7b384fa2
dv3-A-poisson-001832,3,A,poisson,1832,,,,3:1:0:1832,,test,3,368.14607223359064,,,,,,,,,,,,,,,,,,,,0.0,,,1,364,1,exact,,,,,,,,2.433299960102886e-05,a3de28500b6ad6a5b9c4f05b7e97a653587285fd
dv3-A-poisson-001833,3,A,poisson,1833,,,,3:1:0:1833,,test,3,339.1429594367874,,,,,,,,,,,,,,,,,,,,0.0,,,1,354,1,exact,,,,,,,,1.4000001101521775e-05,4e24d5060bdb0a835a72b87c605fcb020a609efc
dv3-A-poisson-001834,3,A,poisson,1834,,,,3:1:0:1834,,test,3,526.7864499531611,,,,,,,,,,,,,,,,,,,,0.0,,,1,526,1,exact,,,,,,,,2.204100019298494e-05,f1237c7f9f132b09b38b6cb3b9c2858c3e32e3e3
dv3-A-poisson-001835,3,A,poisson,1835,,,,3:1:0:1835,,test,3,119.78209063725534,,,,,,,,,,,,,,,,,,,,0.0,,,1,113,1,exact,,,,,,,,1.0791998647619039e-05,e2e29cf8bf91d894628db0c708c3883e9481cb8e
dv3-A-poisson-001836,3,A,poisson,1836,,,,3:1:0:1836,,test,3,294.60898776063465,,,,,,,,,,,,,,,,,,,,0.0,,,1,303,1,exact,,,,,,,,1.3791999663226306e-05,2342d441e9247a63655017d3f2313cb9c0f5760f
dv3-A-poisson-001837,3,A,poisson,1837,,,,3:1:0:1837,,test,3,337.1235140078024,,,,,,,,,,,,,,,,,,,,0.0,,,1,326,1,exact,,,,,,,,1.3707998732570559e-05,e40b4daf584fad50c70c675f306891c4aa93f49d
dv3-A-poisson-001838,3,A,poisson,1838,,,,3:1:0:1838,,test,3,343.7049507858993,,,,,,,,,,,,,,,,,,,,0.0,,,1,374,1,exact,,,,,,,,1.687500116531737e-05,a8f10390aeade0a82f69b0895c8bd32f832a951d
dv3-A-poisson-001839,3,A,poisson,1839,,,,3:1:0:1839,,test,3,439.2715738319626,,,,,,,,,,,,,,,,,,,,0.0,,,1,419,1,exact,,,,,,,,1.487500048824586e-05,c561412dd3d4cd5c54ff8cab5c5c95fb73b5ac9c
dv3-A-poisson-001840,3,A,poisson,1840,,,,3:1:0:1840,,test,3,275.3925930049745,,,,,,,,,,,,,,,,,,,,0.0,,,1,273,1,exact,,,,,,,,1.300000076298602e-05,40cdf3459e6d8b75a20deca17cb21ff3276d49f1
dv3-A-poisson-001841,3,A,poisson,1841,,,,3:1:0:1841,,test,3,201.38176254804705,,,,,,,,,,,,,,,,,,,,0.0,,,1,205,1,exact,,,,,,,,1.1874999472638592e-05,2104daa551987d2393810e5edb70554e82b0a54b
dv3-A-poisson-001842,3,A,poisson,1842,,,,3:1:0:1842,,test,3,173.49491836584775,,,,,,,,,,,,,,,,,,,,0.0,,,1,171,1,exact,,,,,,,,1.5333000192185864e-05,40b3661d0b01b783de716fb350b4a52cca4d7ef6
dv3-A-poisson-001843,3,A,poisson,1843,,,,3:1:0:1843,,test,3,119.56984132692145,,,,,,,,,,,,,,,,,,,,0.0,,,1,123,1,exact,,,,,,,,1.1041000107070431e-05,0643c65cecda7cc0c6b1d587773ddf99475a4bea
dv3-A-poisson-001844,3,A,poisson,1844,,,,3:1:0:1844,,test,3,114.69818401530067,,,,,,,,,,,,,,,,,,,,0.0,,,1,116,1,exact,,,,,,,,1.1333002476021647e-05,26b15040cdbc529866e378900ce90184117cb7f1
dv3-A-poisson-001845,3,A,poisson,1845,,,,3:1:0:1845,,test,3,702.3966459432737,,,,,,,,,,,,,,,,,,,,0.0,,,1,679,1,exact,,,,,,,,1.808399974834174e-05,0d98f44f80caf8b65f25c4a44ffed8c9a61b847f
dv3-A-poisson-001846,3,A,poisson,1846,,,,3:1:0:1846,,test,3,351.1668964892591,,,,,,,,,,,,,,,,,,,,0.0,,,1,326,1,exact,,,,,,,,1.6500001947861165e-05,90c911ded3cdb4ce5c942f39ec67f92c4852fae1
dv3-A-poisson-001847,3,A,poisson,1847,,,,3:1:0:1847,,test,3,107.62466504946498,,,,,,,,,,,,,,,,,,,,0.0,,,1,111,1,exact,,,,,,,,1.091599915525876e-05,44f267525a50943efa7cab3431bf5d3154de1364
dv3-A-poisson-001848,3,A,poisson,1848,,,,3:1:0:1848,,test,3,102.08883795047538,,,,,,,,,,,,,,,,,,,,0.0,,,1,105,1,exact,,,,,,,,1.0750001820269972e-05,028565409dc4405dab6222c5af50e947045dfe97
dv3-A-poisson-001849,3,A,poisson,1849,,,,3:1:0:1849,,test,3,194.82960363258772,,,,,,,,,,,,,,,,,,,,0.0,,,1,202,1,exact,,,,,,,,1.2334003258729354e-05,21602aed7417a76b808f13c791404e4e08361479
dv3-A-poisson-001850,3,A,poisson,1850,,,,3:1:0:1850,,test,3,183.96507229892651,,,,,,,,,,,,,,,,,,,,0.0,,,1,189,1,exact,,,,,,,,1.1374999303370714e-05,31c35eec1c936cf3f130d7597ad6910df58ddd5b
dv3-A-poisson-001851,3,A,poisson,1851,,,,3:1:0:1851,,test,3,138.49395914474664,,,,,,,,,,,,,,,,,,,,0.0,,,1,151,1,exact,,,,,,,,1.2750002497341484e-05,9947fbebba969e8ee141f370296efd2c4659f119
dv3-A-poisson-001852,3,A,poisson,1852,,,,3:1:0:1852,,test,3,231.3432964900131,,,,,,,,,,,,,,,,,,,,0.0,,,1,249,1,exact,,,,,,,,1.2582997442223132e-05,594eecd141d229466dd320906fcf5a88d1413348
dv3-A-poisson-001853,3,A,poisson,1853,,,,3:1:0:1853,,test,3,791.6388431101049,,,,,,,,,,,,,,,,,,,,0.0,,,1,786,1,exact,,,,,,,,1.9499999325489625e-05,3f7ce93a788badd651ca373dab3a82d7e7bc9a18
dv3-A-poisson-001854,3,A,poisson,1854,,,,3:1:0:1854,,test,3,415.95654363079336,,,,,,,,,,,,,,,,,,,,0.0,,,1,394,1,exact,,,,,,,,1.7916998331202194e-05,b0d2db79c93b7afed1c20df4d2f00aff2d27d646
dv3-A-poisson-001855,3,A,poisson,1855,,,,3:1:0:1855,,test,3,196.76360241895017,,,,,,,,,,,,,,,,,,,,0.0,,,1,196,1,exact,,,,,,,,1.2041000445606187e-05,6c7ea32991b4ca977593ab4a3383eb9cd270aced
dv3-A-poisson-001856,3,A,poisson,1856,,,,3:1:0:1856,,test,3,258.0453072860419,,,,,,,,,,,,,,,,,,,,0.0,,,1,259,1,exact,,,,,,,,1.2833999790018424e-05,5943b5f005646eebeb843ca61b325243bfbc8f02
dv3-A-poisson-001857,3,A,poisson,1857,,,,3:1:0:1857,,test,3,115.13884096290828,,,,,,,,,,,,,,,,,,,,0.0,,,1,120,1,exact,,,,,,,,1.0833999112946913e-05,299e6bddb7ad17b64dd98565e35fa692ac46ec05
dv3-A-poisson-001858,3,A,poisson,1858,,,,3:1:0:1858,,test,3,230.4413192588375,,,,,,,,,,,,,,,,,,,,0.0,,,1,247,1,exact,,,,,,,,1.2458000128390267e-05,07cc0607ae123f568d173fbdff8f2566117df32a
dv3-A-poisson-001859,3,A,poisson,1859,,,,3:1:0:1859,,test,3,141.73538207200264,,,,,,,,,,,,,,,,,,,,0.0,,,1,153,1,exact,,,,,,,,1.1375002941349521e-05,da02367fb08703f29d2b9593fddb0ff04166aa10
dv3-A-poisson-001860,3,A,poisson,1860,,,,3:1:0:1860,,test,3,132.11107441798978,,,,,,,,,,,,,,,,,,,,0.0,,,1,137,1,exact,,,,,,,,1.1042000551242381e-05,ae3ee652c5569c0b76bb6b9bfdc6264c59daa71c
dv3-A-poisson-001861,3,A,poisson,1861,,,,3:1:0:1861,,test,3,695.6822906256483,,,,,,,,,,,,,,,,,,,,0.0,,,1,674,1,exact,,,,,,,,2.341700019314885e-05,2dbf2805006e077e5a568605fca562de47ea76af
dv3-A-poisson-001862,3,A,poisson,1862,,,,3:1:0:1862,,test,3,469.44964849621715,,,,,,,,,,,,,,,,,,,,0.0,,,1,471,1,exact,,,,,,,,1.541700112284161e-05,ea7a4395181c938789bb9df0a4664a30fe0f0688
dv3-A-poisson-001863,3,A,poisson,1863,,,,3:1:0:1863,,test,3,103.29549840450171,,,,,,,,,,,,,,,,,,,,0.0,,,1,101,1,exact,,,,,,,,1.091699959943071e-05,e44f607b6a9b6c35ab06e729ade7dc625e076273
dv3-A-poisson-001864,3,A,poisson,1864,,,,3:1:0:1864,,test,3,684.7519030110204,,,,,,,,,,,,,,,,,,,,0.0,,,1,730,1,exact,,,,,,,,2.3042000975692645e-05,730d73d552cc3409f2f8dc417bd830cd675ec2b4
dv3-A-poisson-001865,3,A,poisson,1865,,,,3:1:0:1865,,test,3,148.38552868672977,,,,,,,,,,,,,,,,,,,,0.0,,,1,152,1,exact,,,,,,,,1.1249998351559043e-05,b3cf37a0d12d9f11974ad280c5d743dc02a85536
dv3-A-poisson-001866,3,A,poisson,1866,,,,3:1:0:1866,,test,3,406.36305353144746,,,,,,,,,,,,,,,,,,,,0.0,,,1,432,1,exact,,,,,,,,1.4749999536434188e-05,0eebfdc7a7e366420cdb86c64d7d46da2b2ca6d5
dv3-A-poisson-001867,3,A,poisson,1867,,,,3:1:0:1867,,test,3,531.4319870255471,,,,,,,,,,,,,,,,,,,,0.0,,,1,535,1,exact,,,,,,,,1.5958001313265413e-05,1706557a7451c9f0203ae77daf4d0acc0ec74a4b
dv3-A-poisson-001868,3,A,poisson,1868,,,,3:1:0:1868,,test,3,167.92923185460603,,,,,,,,,,,,,,,,,,,,0.0,,,1,147,1,exact,,,,,,,,1.3249999028630555e-05,dd744ba8b0e04657292a58535147dde1bba11e2c
dv3-A-poisson-001869,3,A,poisson,1869,,,,3:1:0:1869,,test,3,159.85151530190564,,,,,,,,,,,,,,,,,,,,0.0,,,1,180,1,exact,,,,,,,,1.1750002158805728e-05,678ca61672acbda1866348340d12b93dc6619c67
dv3-A-poisson-001870,3,A,poisson,1870,,,,3:1:0:1870,,test,3,453.24354707701275,,,,,,,,,,,,,,,,,,,,0.0,,,1,454,1,exact,,,,,,,,1.5166002413025126e-05,9414f07ce87e5f0a8307d4eae1925f054c95d8cc
dv3-A-poisson-001871,3,A,poisson,1871,,,,3:1:0:1871,,test,3,295.78824582456497,,,,,,,,,,,,,,,,,,,,0.0,,,1,296,1,exact,,,,,,,,1.3249999028630555e-05,65a635d362e4ea071b7e63aff7cbb11ad4979d1a
dv3-A-poisson-001872,3,A,poisson,1872,,,,3:1:0:1872,,test,3,514.7645105813947,,,,,,,,,,,,,,,,,,,,0.0,,,1,498,1,exact,,,,,,,,1.995799902942963e-05,cbc42fd610ae3ab8b60057a1316ed1d3ae16bc10
dv3-A-poisson-001873,3,A,poisson,1873,,,,3:1:0:1873,,test,3,569.7613424759152,,,,,,,,,,,,,,,,,,,,0.0,,,1,567,1,exact,,,,,,,,1.7709000530885532e-05,ad2e80dab548a1cfa18091c8399006862ff0307c
dv3-A-poisson-001874,3,A,poisson,1874,,,,3:1:0:1874,,test,3,448.5748766054032,,,,,,,,,,,,,,,,,,,,0.0,,,1,441,1,exact,,,,,,,,1.8040998838841915e-05,2c7d1d21308a3052f5b151a613e101c5af422d50
dv3-A-poisson-001875,3,A,poisson,1875,,,,3:1:0:1875,,test,3,437.2049949031606,,,,,,,,,,,,,,,,,,,,0.0,,,1,452,1,exact,,,,,,,,1.5083001926541328e-05,072d84ca9f17806c139999a8b4495cf969f7cd5b
dv3-A-poisson-001876,3,A,poisson,1876,,,,3:1:0:1876,,test,3,454.72439030465466,,,,,,,,,,,,,,,,,,,,0.0,,,1,464,1,exact,,,,,,,,1.5083998732734472e-05,0a68463955d341c80c85ce96d35540d46b42be6e
dv3-A-poisson-001877,3,A,poisson,1877,,,,3:1:0:1877,,test,3,691.070937803605,,,,,,,,,,,,,,,,,,,,0.0,,,1,732,1,exact,,,,,,,,2.0542000129353255e-05,c7f25f6687ba966ebfb721a6a52edae8e3b2424e
dv3-A-poisson-001878,3,A,poisson,1878,,,,3:1:0:1878,,test,3,289.53663522853805,,,,,,,,,,,,,,,,,,,,0.0,,,1,289,1,exact,,,,,,,,1.3167002180125564e-05,7eb775a80342fde46c1f9bdd3e94931547ea6586
dv3-A-poisson-001879,3,A,poisson,1879,,,,3:1:0:1879,,test,3,493.16089060500065,,,,,,,,,,,,,,,,,,,,0.0,,,1,499,1,exact,,,,,,,,1.5416997484862804e-05,d8208ab622606e86e696e0e0909460a5207e1062
dv3-A-poisson-001880,3,A,poisson,1880,,,,3:1:0:1880,,test,3,163.78115644222052,,,,,,,,,,,,,,,,,,,,0.0,,,1,169,1,exact,,,,,,,,1.1500000255182385e-05,0b8df2821af22ab19b1f9bc398fc5a6600b0e43d
dv3-A-poisson-001881,3,A,poisson,1881,,,,3:1:0:1881,,test,3,508.69752903883335,,,,,,,,,,,,,,,,,,,,0.0,,,1,501,1,exact,,,,,,,,1.5459001588169485e-05,b1cff0123fcd258f1d8d28db44183dcf57a15852
dv3-A-poisson-001882,3,A,poisson,1882,,,,3:1:0:1882,,test,3,105.45061049872724,,,,,,,,,,,,,,,,,,,,0.0,,,1,103,1,exact,,,,,,,,1.0667001333786175e-05,8d633a3f57dd5b69b9038cf77a1906194724e65e
dv3-A-poisson-001883,3,A,poisson,1883,,,,3:1:0:1883,,test,3,357.3238472775466,,,,,,,,,,,,,,,,,,,,0.0,,,1,354,1,exact,,,,,,,,1.383400012855418e-05,af65bb80a24b0f7d5fe5ee9db11acb1015b88191
dv3-A-poisson-001884,3,A,poisson,1884,,,,3:1:0:1884,,test,3,308.7887480830266,,,,,,,,,,,,,,,,,,,,0.0,,,1,311,1,exact,,,,,,,,1.9084000086877495e-05,86d7c0b22e68028a1079264ef2a7965cd040c959
dv3-A-poisson-001885,3,A,poisson,1885,,,,3:1:0:1885,,test,3,277.31613117840067,,,,,,,,,,,,,,,,,,,,0.0,,,1,266,1,exact,,,,,,,,1.2625001545529813e-05,a0dabde7a17cac7f7afc004a48c30f343e7106fd
dv3-A-poisson-001886,3,A,poisson,1886,,,,3:1:0:1886,,test,3,477.1590393374657,,,,,,,,,,,,,,,,,,,,0.0,,,1,439,1,exact,,,,,,,,1.4833000022917986e-05,7d1ab6e07af540f28aadb284764017e07cf3e1b7
dv3-A-poisson-001887,3,A,poisson,1887,,,,3:1:0:1887,,test,3,247.94911709951108,,,,,,,,,,,,,,,,,,,,0.0,,,1,276,1,exact,,,,,,,,1.266699837287888e-05,6230deaecafe89b0aba12e7deaec55291568b7cb
dv3-A-poisson-001888,3,A,poisson,1888,,,,3:1:0:1888,,test,3,140.8319935280297,,,,,,,,,,,,,,,,,,,,0.0,,,1,147,1,exact,,,,,,,,1.1166997865075245e-05,178bd9f18bfdacb39b0632ed68172a00748d62e2
dv3-A-poisson-001889,3,A,poisson,1889,,,,3:1:0:1889,,test,3,514.3215907036016,,,,,,,,,,,,,,,,,,,,0.0,,,1,525,1,exact,,,,,,,,1.5875000826781616e-05,9faf2dac66041ddcd3e1779bf60023f017818144
dv3-A-poisson-001890,3,A,poisson,1890,,,,3:1:0:1890,,test,3,283.4997655226809,,,,,,,,,,,,,,,,,,,,0.0,,,1,257,1,exact,,,,,,,,1.2541997421067208e-05,2852a0b57b4c1813f8a0f03dc5f0e05cb30bf862
dv3-A-poisson-001891,3,A,poisson,1891,,,,3:1:0:1891,,test,3,141.24224046177847,,,,,,,,,,,,,,,,,,,,0.0,,,1,146,1,exact,,,,,,,,1.1124997399747372e-05,34ecd51988fc5f16b8a98b76197c232657af037f
dv3-A-poisson-001892,3,A,poisson,1892,,,,3:1:0:1892,,test,3,244.3315030907814,,,,,,,,,,,,,,,,,,,,0.0,,,1,262,1,exact,,,,,,,,1.2624997907551005e-05,90ee949832d6294d85eb555972e3308486591958
dv3-A-poisson-001893,3,A,poisson,1893,,,,3:1:0:1893,,test,3,139.80213731122967,,,,,,,,,,,,,,,,,,,,0.0,,,1,112,1,exact,,,,,,,,1.0957999620586634e-05,e1d3df3fa73acb9d169a987d8fc573e53d8f51aa
dv3-A-poisson-001894,3,A,poisson,1894,,,,3:1:0:1894,,test,3,595.4101430383299,,,,,,,,,,,,,,,,,,,,0.0,,,1,582,1,exact,,,,,,,,1.787499786587432e-05,05ae65a0c659fb153fd565367ee5e9143b5070ef
dv3-A-poisson-001895,3,A,poisson,1895,,,,3:1:0:1895,,test,3,106.08416737524986,,,,,,,,,,,,,,,,,,,,0.0,,,1,99,1,exact,,,,,,,,1.0624997230479494e-05,c9f8f5ec5a29532d4ca76d919ee9ca38d5132877
dv3-A-poisson-001896,3,A,poisson,1896,,,,3:1:0:1896,,test,3,424.9606822762659,,,,,,,,,,,,,,,,,,,,0.0,,,1,420,1,exact,,,,,,,,1.4750003174412996e-05,e3f65a2d541298ed4d6dd16ffbd554e3fc30e525
dv3-A-poisson-001897,3,A,poisson,1897,,,,3:1:0:1897,,test,3,118.61292941347598,,,,,,,,,,,,,,,,,,,,0.0,,,1,129,1,exact,,,,,,,,1.3791999663226306e-05,de22e491199b9980e2530108741eae54dafaa4f2
dv3-A-poisson-001898,3,A,poisson,1898,,,,3:1:0:1898,,test,3,551.9325298286398,,,,,,,,,,,,,,,,,,,,0.0,,,1,532,1,exact,,,,,,,,1.5834000805625692e-05,2a86d5fd43f2a81dda15d80dab0892851150c65e
dv3-A-poisson-001899,3,A,poisson,1899,,,,3:1:0:1899,,test,3,798.7279391909905,,,,,,,,,,,,,,,,,,,,0.0,,,1,839,1,exact,,,,,,,,2.3791999410605058e-05,9efcf33ce65d785c8cd01aabf638adff61315cf5
dv3-A-poisson-001900,3,A,poisson,1900,,,,3:1:0:1900,,test,3,303.9789536417348,,,,,,,,,,,,,,,,,,,,0.0,,,1,293,1,exact,,,,,,,,1.308399805566296e-05,10cb6478ee8d350b74c2e6ede348a517728339bf
dv3-A-poisson-001901,3,A,poisson,1901,,,,3:1:0:1901,,test,3,362.4815416965696,,,,,,,,,,,,,,,,,,,,0.0,,,1,319,1,exact,,,,,,,,1.3500000932253897e-05,07a3aa0a5745f5607ede50bde6cb0abfdefb69a3
dv3-A-poisson-001902,3,A,poisson,1902,,,,3:1:0:1902,,test,3,104.9974027267683,,,,,,,,,,,,,,,,,,,,0.0,,,1,116,1,exact,,,,,,,,1.0833999112946913e-05,1f4f603ee43ede8f47fe601d0967e3362ef1f483
dv3-A-poisson-001903,3,A,poisson,1903,,,,3:1:0:1903,,test,3,130.2571830703726,,,,,,,,,,,,,,,,,,,,0.0,,,1,126,1,exact,,,,,,,,1.1042000551242381e-05,4ebace9754112c4913e71df2a5a46456b00e212a
dv3-A-poisson-001904,3,A,poisson,1904,,,,3:1:0:1904,,test,3,630.052011282133,,,,,,,,,,,,,,,,,,,,0.0,,,1,645,1,exact,,,,,,,,1.7209000361617655e-05,843eded7b9acab16c7e3b1021cfc76d9440e5c35
dv3-A-poisson-001905,3,A,poisson,1905,,,,3:1:0:1905,,test,3,115.14578108213355,,,,,,,,,,,,,,,,,,,,0.0,,,1,134,1,exact,,,,,,,,1.1415999324526638e-05,a72af2a6590c8202f522d7c69c23e0fd9add5cd0
dv3-A-poisson-001906,3,A,poisson,1906,,,,3:1:0:1906,,test,3,154.32021505690298,,,,,,,,,,,,,,,,,,,,0.0,,,1,151,1,exact,,,,,,,,1.1041000107070431e-05,d6dd8cf0422ffb85766a1d6f4121b9f8eb3dd15b
dv3-A-poisson-001907,3,A,poisson,1907,,,,3:1:0:1907,,test,3,291.5366676946056,,,,,,,,,,,,,,,,,,,,0.0,,,1,282,1,exact,,,,,,,,1.2874999811174348e-05,0f0cc3d24537120dbef419e2ee9e6dd21440b20e
dv3-A-poisson-001908,3,A,poisson,1908,,,,3:1:0:1908,,test,3,742.2894913423544,,,,,,,,,,,,,,,,,,,,0.0,,,1,772,1,exact,,,,,,,,2.1083000319777057e-05,9cb7fab81f83594f1121feb476d3bb6fc4f1400a
dv3-A-poisson-001909,3,A,poisson,1909,,,,3:1:0:1909,,test,3,308.20036147225005,,,,,,,,,,,,,,,,,,,,0.0,,,1,294,1,exact,,,,,,,,1.3165998097974807e-05,634930eb624664633db2f17a6ec972179426d817
dv3-A-poisson-001910,3,A,poisson,1910,,,,3:1:0:1910,,test,3,112.51870807889888,,,,,,,,,,,,,,,,,,,,0.0,,,1,111,1,exact,,,,,,,,1.06250008684583e-05,1396fe4ff4591101a424b6971089236c06a11b17
dv3-A-poisson-001911,3,A,poisson,1911,,,,3:1:0:1911,,test,3,416.34272667703476,,,,,,,,,,,,,,,,,,,,0.0,,,1,444,1,exact,,,,,,,,1.4790999557590112e-05,4a4baffc9594861d339836746f240c348987e77b
dv3-A-poisson-001912,3,A,poisson,1912,,,,3:1:0:1912,,test,3,790.0436007072891,,,,,,,,,,,,,,,,,,,,0.0,,,1,762,1,exact,,,,,,,,2.1584000933216885e-05,7dcd7acc0ccd97e8ea51010fa28dfb967a65ca8f
dv3-A-poisson-001913,3,A,poisson,1913,,,,3:1:0:1913,,test,3,100.21082303894093,,,,,,,,,,,,,,,,,,,,0.0,,,1,131,1,exact,,,,,,,,1.1207997886231169e-05,99b5dd4ca76919c8aff05c4eb2e95d7e1f3531fa
dv3-A-poisson-001914,3,A,poisson,1914,,,,3:1:0:1914,,test,3,297.275457932138,,,,,,,,,,,,,,,,,,,,0.0,,,1,277,1,exact,,,,,,,,1.270800203201361e-05,b1d23620915a46335a2685ffe944a58a6408d6d3
dv3-A-poisson-001915,3,A,poisson,1915,,,,3:1:0:1915,,test,3,436.3531398089475,,,,,,,,,,,,,,,,,,,,0.0,,,1,408,1,exact,,,,,,,,1.6250000044237822e-05,f80ffda1de79a467b22a5d3ae75e2f55b9f3edc5
dv3-A-poisson-001916,3,A,poisson,1916,,,,3:1:0:1916,,test,3,281.49621627286376,,,,,,,,,,,,,,,,,,,,0.0,,,1,264,1,exact,,,,,,,,1.2459000572562218e-05,7bc131b1bfc8d66b65ca44db7fbd67ee1849569d
dv3-A-poisson-001917,3,A,poisson,1917,,,,3:1:0:1917,,test,3,101.27254001423533,,,,,,,,,,,,,,,,,,,,0.0,,,1,111,1,exact,,,,,,,,1.0708001354942098e-05,f987937f20ab8b1bd511527651ca6741e0e2720b
dv3-A-poisson-001918,3,A,poisson,1918,,,,3:1:0:1918,,test,3,593.4862208757904,,,,,,,,,,,,,,,,,,,,0.0,,,1,620,1,exact,,,,,,,,1.687500116531737e-05,4d540bfa0ade7dc30d81dd453bd25923e008346f
dv3-A-poisson-001919,3,A,poisson,1919,,,,3:1:0:1919,,test,3,436.39217180660336,,,,,,,,,,,,,,,,,,,,0.0,,,1,443,1,exact,,,,,,,,1.8957998690893874e-05,decb8c499ee9fb0a669ef171adce0926f47ae193
dv3-A-poisson-001920,3,A,poisson,1920,,,,3:1:0:1920,,test,3,237.80732285129446,,,,,,,,,,,,,,,,,,,,0.0,,,1,242,1,exact,,,,,,,,1.237499964190647e-05,8e12376c2f48f58e1b2e0e4460d4e8ec5a426f05
dv3-A-poisson-001921,3,A,poisson,1921,,,,3:1:0:1921,,test,3,613.3595635807493,,,,,,,,,,,,,,,,,,,,0.0,,,1,625,1,exact,,,,,,,,1.7209000361617655e-05,6f48f32ecb9f2f05421786805499c515e4cca510
dv3-A-poisson-001922,3,A,poisson,1922,,,,3:1:0:1922,,test,3,230.54218060098063,,,,,,,,,,,,,,,,,,,,0.0,,,1,214,1,exact,,,,,,,,1.2166998203611001e-05,23a1d89de5fa61ccc760c4c1e788a617f0b3ea33
dv3-A-poisson-001923,3,A,poisson,1923,,,,3:1:0:1923,,test,3,664.9215070230866,,,,,,,,,,,,,,,,,,,,0.0,,,1,693,1,exact,,,,,,,,1.8041999283013865e-05,087bf62ec71a7fc149353441515851f785290adb
dv3-A-poisson-001924,3,A,poisson,1924,,,,3:1:0:1924,,test,3,225.77904395183043,,,,,,,,,,,,,,,,,,,,0.0,,,1,221,1,exact,,,,,,,,1.2125001376261935e-05,412a6ffa622be4bde29e426ed15b5b087fd67ac3
dv3-A-poisson-001925,3,A,poisson,1925,,,,3:1:0:1925,,test,3,586.8779533089954,,,,,,,,,,,,,,,,,,,,0.0,,,1,606,1,exact,,,,,,,,1.67500002135057e-05,e7aa228cb3d687edc0f2232fe9e76f7bad51275b
dv3-A-poisson-001926,3,A,poisson,1926,,,,3:1:0:1926,,test,3,337.3905696301054,,,,,,,,,,,,,,,,,,,,0.0,,,1,349,1,exact,,,,,,,,1.6166002751560882e-05,67b804176406b9cbc9600460dc851067efeac6ee
dv3-A-poisson-001927,3,A,poisson,1927,,,,3:1:0:1927,,test,3,498.8674503460645,,,,,,,,,,,,,,,,,,,,0.0,,,1,481,1,exact,,,,,,,,1.537499701953493e-05,36bcdde3acd0f9cde75733854b27b0e7232f3660
dv3-A-poisson-001928,3,A,poisson,1928,,,,3:1:0:1928,,test,3,255.90304495723478,,,,,,,,,,,,,,,,,,,,0.0,,,1,243,1,exact,,,,,,,,1.2291999155422673e-05,d6265903bb6cbc4d8d0e5b3c6f965748151860ce
dv3-A-poisson-001929,3,A,poisson,1929,,,,3:1:0:1929,,test,3,152.22768066812978,,,,,,,,,,,,,,,,,,,,0.0,,,1,165,1,exact,,,,,,,,1.1500000255182385e-05,201b4482a3fc6d0d13dfa3963503892102e54714
dv3-A-poisson-001930,3,A,poisson,1930,,,,3:1:0:1930,,test,3,579.9169859203108,,,,,,,,,,,,,,,,,,,,0.0,,,1,583,1,exact,,,,,,,,2.0416999177541584e-05,bcba26df84e246500d9cb33911573d00d793401d
dv3-A-poisson-001931,3,A,poisson,1931,,,,3:1:0:1931,,test,3,223.32682060806061,,,,,,,,,,,,,,,,,,,,0.0,,,1,241,1,exact,,,,,,,,1.5958001313265413e-05,a776cfd6927671913d62c7b4e1371cd4d19d4c50
dv3-A-poisson-001932,3,A,poisson,1932,,,,3:1:0:1932,,test,3,188.69135132592302,,,,,,,,,,,,,,,,,,,,0.0,,,1,177,1,exact,,,,,,,,1.1583000741666183e-05,8703e3fcfce5ea1067f591eb2936866ff61cb272
dv3-A-poisson-001933,3,A,poisson,1933,,,,3:1:0:1933,,test,3,382.6494549961214,,,,,,,,,,,,,,,,,,,,0.0,,,1,398,1,exact,,,,,,,,1.4332999853650108e-05,da320013b7f97f7b1c68b502ab57e31c867304f8
dv3-A-poisson-001934,3,A,poisson,1934,,,,3:1:0:1934,,test,3,109.18002114805587,,,,,,,,,,,,,,,,,,,,0.0,,,1,110,1,exact,,,,,,,,1.0917003237409517e-05,305cf52620d7e364425f6bfe0d694a9993b2c631
dv3-A-poisson-001935,3,A,poisson,1935,,,,3:1:0:1935,,test,3,617.2719188274465,,,,,,,,,,,,,,,,,,,,0.0,,,1,624,1,exact,,,,,,,,1.7207999917445704e-05,0163bf8a13cd057034857e9cf10b55b95ed97775
dv3-A-poisson-001936,3,A,poisson,1936,,,,3:1:0:1936,,test,3,569.1550475488878,,,,,,,,,,,,,,,,,,,,0.0,,,1,561,1,exact,,,,,,,,1.641699782339856e-05,5be32d9c6cb0bea3e75babedf0f8bb78f344418f
dv3-A-poisson-001937,3,A,poisson,1937,,,,3:1:0:1937,,test,3,263.299641342272,,,,,,,,,,,,,,,,,,,,0.0,,,1,264,1,exact,,,,,,,,1.6917001630645245e-05,8c5993a1c95325470796727b0126fbb8bb5838c8
dv3-A-poisson-001938,3,A,poisson,1938,,,,3:1:0:1938,,test,3,187.07975322823097,,,,,,,,,,,,,,,,,,,,0.0,,,1,210,1,exact,,,,,,,,3.641600051196292e-05,c601689ddf9fbf22d9fa37ed5541614f07ab7a8c
dv3-A-poisson-001939,3,A,poisson,1939,,,,3:1:0:1939,,test,3,753.3930047797767,,,,,,,,,,,,,,,,,,,,0.0,,,1,733,1,exact,,,,,,,,2.683300044736825e-05,08afe9dea882d73f6b349f158c13f55a38a24f10
dv3-A-poisson-001940,3,A,poisson,1940,,,,3:1:0:1940,,test,3,240.84987523848494,,,,,,,,,,,,,,,,,,,,0.0,,,1,250,1,exact,,,,,,,,1.6417001461377367e-05,777efdec87fb751fc2c67571913abaf4468fe097
dv3-A-poisson-001941,3,A,poisson,1941,,,,3:1:0:1941,,test,3,214.76939632705782,,,,,,,,,,,,,,,,,,,,0.0,,,1,221,1,exact,,,,,,,,1.4291999832494184e-05,00b66af8b9778822e830afaa533ea21393ae154a
dv3-A-poisson-001942,3,A,poisson,1942,,,,3:1:0:1942,,test,3,529.3979044052162,,,,,,,,,,,,,,,,,,,,0.0,,,1,522,1,exact,,,,,,,,1.7540998669574037e-05,9da815a77cd5b52c3c8699054fc3f842b4e40691
dv3-A-poisson-001943,3,A,poisson,1943,,,,3:1:0:1943,,test,3,209.62798315202846,,,,,,,,,,,,,,,,,,,,0.0,,,1,206,1,exact,,,,,,,,6.820899943704717e-05,d71c2a79dcbcecf0f8a610fa254b072359ab6f02
dv3-A-poisson-001944,3,A,poisson,1944,,,,3:1:0:1944,,test,3,177.9713167180672,,,,,,,,,,,,,,,,,,,,0.0,,,1,197,1,exact,,,,,,,,2.7334001060808077e-05,0ae8e6e2f9b463331860be7aad1e3a233fe761b7
dv3-A-poisson-001945,3,A,poisson,1945,,,,3:1:0:1945,,test,3,207.1235641474444,,,,,,,,,,,,,,,,,,,,0.0,,,1,217,1,exact,,,,,,,,2.6457997591933236e-05,98cf4384961c260047f8cbaf4cc2a192ef7ea3ec
dv3-A-poisson-001946,3,A,poisson,1946,,,,3:1:0:1946,,test,3,611.5816298562249,,,,,,,,,,,,,,,,,,,,0.0,,,1,599,1,exact,,,,,,,,3.891699816449545e-05,3615fe2af01d76fcacc91a1f357a895fb39598aa
dv3-A-poisson-001947,3,A,poisson,1947,,,,3:1:0:1947,,test,3,320.1402858894205,,,,,,,,,,,,,,,,,,,,0.0,,,1,335,1,exact,,,,,,,,2.9083999834256247e-05,66d8e77d4b9592bd95de65c224af71a789d90346
dv3-A-poisson-001948,3,A,poisson,1948,,,,3:1:0:1948,,test,3,539.919042963144,,,,,,,,,,,,,,,,,,,,0.0,,,1,496,1,exact,,,,,,,,3.387499964446761e-05,50afa41ab40d585f454219bd0c8f890a9c015324
dv3-A-poisson-001949,3,A,poisson,1949,,,,3:1:0:1949,,test,3,592.5491909384925,,,,,,,,,,,,,,,,,,,,0.0,,,1,588,1,exact,,,,,,,,3.641700095613487e-05,64d0d794982f024bffe2a445442dd04c468e9948
dv3-A-poisson-001950,3,A,poisson,1950,,,,3:1:0:1950,,test,3,439.513148016394,,,,,,,,,,,,,,,,,,,,0.0,,,1,455,1,exact,,,,,,,,3.245799962314777e-05,b640d700e43800cc64a220de997570ce2f8b3d25
dv3-A-poisson-001951,3,A,poisson,1951,,,,3:1:0:1951,,test,3,622.4519980554528,,,,,,,,,,,,,,,,,,,,0.0,,,1,613,1,exact,,,,,,,,3.733400080818683e-05,56499ba3e7a611ca63fd1b4bb48518767b2aba71
dv3-A-poisson-001952,3,A,poisson,1952,,,,3:1:0:1952,,test,3,157.29360303904755,,,,,,,,,,,,,,,,,,,,0.0,,,1,159,1,exact,,,,,,,,2.425000275252387e-05,95fec976300cbb4fc3c6106a54b8f03cd5367de5
dv3-A-poisson-001953,3,A,poisson,1953,,,,3:1:0:1953,,test,3,458.6718096178326,,,,,,,,,,,,,,,,,,,,0.0,,,1,443,1,exact,,,,,,,,3.199999991920777e-05,12bd1db1be92287a4f5d213730b73aba75d16406
dv3-A-poisson-001954,3,A,poisson,1954,,,,3:1:0:1954,,test,3,225.51714985053323,,,,,,,,,,,,,,,,,,,,0.0,,,1,228,1,exact,,,,,,,,2.6792000426212326e-05,6923ef2fc7ad0dca71eaaabe098a4759590051c5
dv3-A-poisson-001955,3,A,poisson,1955,,,,3:1:0:1955,,test,3,491.71109613288894,,,,,,,,,,,,,,,,,,,,0.0,,,1,497,1,exact,,,,,,,,3.383299917913973e-05,4c5b21e0578d11b98f77af0face23cfcc6641db7
dv3-A-poisson-001956,3,A,poisson,1956,,,,3:1:0:1956,,test,3,143.93762841102242,,,,,,,,,,,,,,,,,,,,0.0,,,1,155,1,exact,,,,,,,,2.7207999664824456e-05,353d3ee6465ee03d7f72c65cdc2c361fff69db92
dv3-A-poisson-001957,3,A,poisson,1957,,,,3:1:0:1957,,test,3,291.9550328425506,,,,,,,,,,,,,,,,,,,,0.0,,,1,289,1,exact,,,,,,,,3.4249998861923814e-05,e09bae2cfcadfb382ce3d6e1658ae951bed3dc35
dv3-A-poisson-001958,3,A,poisson,1958,,,,3:1:0:1958,,test,3,211.54196852729666,,,,,,,,,,,,,,,,,,,,0.0,,,1,218,1,exact,,,,,,,,2.74580015684478e-05,f30dbf3b19d2ca376e3aeaedd7e7676f01e7f0ae
dv3-A-poisson-001959,3,A,poisson,1959,,,,3:1:0:1959,,test,3,666.475868886816,,,,,,,,,,,,,,,,,,,,0.0,,,1,659,1,exact,,,,,,,,3.825000021606684e-05,ab01678f76adca86cd7e13571783ecbd8db23dc4
dv3-A-poisson-001960,3,A,poisson,1960,,,,3:1:0:1960,,test,3,335.1955978127286,,,,,,,,,,,,,,,,,,,,0.0,,,1,308,1,exact,,,,,,,,2.8541002393467352e-05,5409e2b8e4621685b41849443e85c1f4925d8dd1
dv3-A-poisson-001961,3,A,poisson,1961,,,,3:1:0:1961,,test,3,222.9038711956331,,,,,,,,,,,,,,,,,,,,0.0,,,1,212,1,exact,,,,,,,,2.649999805726111e-05,9f45fb938e69ceb4145fc9cd7fe09f2f7a2154ad
dv3-A-poisson-001962,3,A,poisson,1962,,,,3:1:0:1962,,test,3,354.1746951004976,,,,,,,,,,,,,,,,,,,,0.0,,,1,348,1,exact,,,,,,,,3.0499999411404133e-05,f46c3c9bea045589294d150441c80b24534f67df
dv3-A-poisson-001963,3,A,poisson,1963,,,,3:1:0:1963,,test,3,360.35776461820547,,,,,,,,,,,,,,,,,,,,0.0,,,1,336,1,exact,,,,,,,,2.941599814221263e-05,bc65a21ddc0590f692334574815d36f8674f1443
dv3-A-poisson-001964,3,A,poisson,1964,,,,3:1:0:1964,,test,3,266.3273132558685,,,,,,,,,,,,,,,,,,,,0.0,,,1,268,1,exact,,,,,,,,2.9499999072868377e-05,aef2732a9d0be04b8620a5135c49d2e427e57b78
dv3-A-poisson-001965,3,A,poisson,1965,,,,3:1:0:1965,,test,3,676.3088011142142,,,,,,,,,,,,,,,,,,,,0.0,,,1,710,1,exact,,,,,,,,7.412500053760596e-05,81e5b50b1d6307cc57342f06234ea8cac8ec9faa
dv3-A-poisson-001966,3,A,poisson,1966,,,,3:1:0:1966,,test,3,166.38860456229833,,,,,,,,,,,,,,,,,,,,0.0,,,1,148,1,exact,,,,,,,,2.1167001250432804e-05,2886cd0817c76de9dc31303ec7720be26a31b6c9
dv3-A-poisson-001967,3,A,poisson,1967,,,,3:1:0:1967,,test,3,134.1429320902796,,,,,,,,,,,,,,,,,,,,0.0,,,1,133,1,exact,,,,,,,,1.3500000932253897e-05,f66f68c7c566f63d791b0343120eac8a780e405e
dv3-A-poisson-001968,3,A,poisson,1968,,,,3:1:0:1968,,test,3,265.53597387535655,,,,,,,,,,,,,,,,,,,,0.0,,,1,288,1,exact,,,,,,,,1.4499997632810846e-05,309a61731280287d701420885b3472b63baf2bac
dv3-A-poisson-001969,3,A,poisson,1969,,,,3:1:0:1969,,test,3,490.5039586219128,,,,,,,,,,,,,,,,,,,,0.0,,,1,481,1,exact,,,,,,,,1.662499926169403e-05,2acec2a458c8590893ebdfcb5535a3cb1d0b439a
dv3-A-poisson-001970,3,A,poisson,1970,,,,3:1:0:1970,,test,3,608.4907742171727,,,,,,,,,,,,,,,,,,,,0.0,,,1,594,1,exact,,,,,,,,2.12500017369166e-05,cc7d3d03f92ff303dcd311686ad5a5e02b24582b
dv3-A-poisson-001971,3,A,poisson,1971,,,,3:1:0:1971,,test,3,726.2211817379515,,,,,,,,,,,,,,,,,,,,0.0,,,1,725,1,exact,,,,,,,,1.95419997908175e-05,2bee797c190325f767cfa317c399b8064f4d54fe
dv3-A-poisson-001972,3,A,poisson,1972,,,,3:1:0:1972,,test,3,168.4267631837933,,,,,,,,,,,,,,,,,,,,0.0,,,1,190,1,exact,,,,,,,,1.2500000593718141e-05,40b2034aa01141e839f6735bb0858e47bc0090ff
dv3-A-poisson-001973,3,A,poisson,1973,,,,3:1:0:1973,,test,3,109.79904859111642,,,,,,,,,,,,,,,,,,,,0.0,,,1,96,1,exact,,,,,,,,1.133399928221479e-05,f02693a1431ef1e285773283c0b267880bd58e2c
dv3-A-poisson-001974,3,A,poisson,1974,,,,3:1:0:1974,,test,3,325.88518965954273,,,,,,,,,,,,,,,,,,,,0.0,,,1,330,1,exact,,,,,,,,1.3791999663226306e-05,b4d4ea3ee1080b5163ed3301eda90c2cccb6d21a
dv3-A-poisson-001975,3,A,poisson,1975,,,,3:1:0:1975,,test,3,469.64696484607015,,,,,,,,,,,,,,,,,,,,0.0,,,1,431,1,exact,,,,,,,,1.5124998753890395e-05,dd0575e109e0ebf59159a3c1faab7968dc2577d2
dv3-A-poisson-001976,3,A,poisson,1976,,,,3:1:0:1976,,test,3,261.5487141377089,,,,,,,,,,,,,,,,,,,,0.0,,,1,282,1,exact,,,,,,,,1.3124998076818883e-05,7068dc8a926a1cb05fcc10b358b940eed9eb3df4
dv3-A-poisson-001977,3,A,poisson,1977,,,,3:1:0:1977,,test,3,163.1271051665767,,,,,,,,,,,,,,,,,,,,0.0,,,1,148,1,exact,,,,,,,,1.1584001185838133e-05,2da29f59603824fe4a35e6810038205c224ea4f1
dv3-A-poisson-001978,3,A,poisson,1978,,,,3:1:0:1978,,test,3,200.34509756443924,,,,,,,,,,,,,,,,,,,,0.0,,,1,201,1,exact,,,,,,,,1.2209002306917682e-05,3d3266d982d6fa24531edc9b31f5e391267d0579
dv3-A-poisson-001979,3,A,poisson,1979,,,,3:1:0:1979,,test,3,396.6527821357293,,,,,,,,,,,,,,,,,,,,0.0,,,1,381,1,exact,,,,,,,,1.458300175727345e-05,5abdce88e173f3db504820fe499ff071cd0d91b3
dv3-A-poisson-001980,3,A,poisson,1980,,,,3:1:0:1980,,test,3,278.3881510086781,,,,,,,,,,,,,,,,,,,,0.0,,,1,260,1,exact,,,,,,,,1.266699837287888e-05,e162c28aa4ad1fbeae5898ca29c16998fc443c7c
dv3-A-poisson-001981,3,A,poisson,1981,,,,3:1:0:1981,,test,3,425.5172667474827,,,,,,,,,,,,,,,,,,,,0.0,,,1,450,1,exact,,,,,,,,1.5333000192185864e-05,d4becb5f20603f577bdcfc33b8e23b696ccbec55
dv3-A-poisson-001982,3,A,poisson,1982,,,,3:1:0:1982,,test,3,653.7412987609423,,,,,,,,,,,,,,,,,,,,0.0,,,1,641,1,exact,,,,,,,,1.7833001038525254e-05,89aa4b6191278d87d5e45a853d43779970e55381
dv3-A-poisson-001983,3,A,poisson,1983,,,,3:1:0:1983,,test,3,767.4439646820216,,,,,,,,,,,,,,,,,,,,0.0,,,1,792,1,exact,,,,,,,,1.9416002032812685e-05,d007e8c36fcf92e99d303f9afcfa2a0aaa1ea9b6
dv3-A-poisson-001984,3,A,poisson,1984,,,,3:1:0:1984,,test,3,172.649175856279,,,,,,,,,,,,,,,,,,,,0.0,,,1,199,1,exact,,,,,,,,1.195799995912239e-05,6b6edb09093a1328b8f8ea65cf74cb1abf2845a4
dv3-A-poisson-001985,3,A,poisson,1985,,,,3:1:0:1985,,test,3,278.9473167587542,,,,,,,,,,,,,,,,,,,,0.0,,,1,264,1,exact,,,,,,,,1.2749998859362677e-05,331766760377b7c3814bc84287567df17bb0999c
dv3-A-poisson-001986,3,A,poisson,1986,,,,3:1:0:1986,,test,3,755.5730571770935,,,,,,,,,,,,,,,,,,,,0.0,,,1,745,1,exact,,,,,,,,1.8875001842388883e-05,724bccbe832aeee3da3971fe470f50183599b323
dv3-A-poisson-001987,3,A,poisson,1987,,,,3:1:0:1987,,test,3,550.5826356414327,,,,,,,,,,,,,,,,,,,,0.0,,,1,536,1,exact,,,,,,,,1.641599737922661e-05,037d382098f1a71b21f8a5d3de0adf3d10bb487b
dv3-A-poisson-001988,3,A,poisson,1988,,,,3:1:0:1988,,test,3,172.59318024011364,,,,,,,,,,,,,,,,,,,,0.0,,,1,179,1,exact,,,,,,,,1.154200072051026e-05,4ce887f172a6078f225482db096715d4b510163b
dv3-A-poisson-001989,3,A,poisson,1989,,,,3:1:0:1989,,test,3,207.56758119462035,,,,,,,,,,,,,,,,,,,,0.0,,,1,211,1,exact,,,,,,,,1.2042000889778137e-05,87a199c4c7ca8f68a52d698107d4aae3a0113cc9
dv3-A-poisson-001990,3,A,poisson,1990,,,,3:1:0:1990,,test,3,319.7106931033587,,,,,,,,,,,,,,,,,,,,0.0,,,1,317,1,exact,,,,,,,,1.3458000466926023e-05,ce4083fc1312b07f4f99959741a7f45a7698c815
dv3-A-poisson-001991,3,A,poisson,1991,,,,3:1:0:1991,,test,3,137.77004519904096,,,,,,,,,,,,,,,,,,,,0.0,,,1,145,1,exact,,,,,,,,1.133299883804284e-05,50eb591fa06b508425f4b2b29e96655f65c17271
dv3-A-poisson-001992,3,A,poisson,1992,,,,3:1:0:1992,,test,3,665.9092845277457,,,,,,,,,,,,,,,,,,,,0.0,,,1,673,1,exact,,,,,,,,1.7833001038525254e-05,0f4945953e7dc09c9c2564503f9e89a233ca7869
dv3-A-poisson-001993,3,A,poisson,1993,,,,3:1:0:1993,,test,3,641.9369638465873,,,,,,,,,,,,,,,,,,,,0.0,,,1,617,1,exact,,,,,,,,1.7124999430961907e-05,525e33fdc3fb50c7fa77ac44fbadda95e3f40879
dv3-A-poisson-001994,3,A,poisson,1994,,,,3:1:0:1994,,test,3,697.0544074925817,,,,,,,,,,,,,,,,,,,,0.0,,,1,672,1,exact,,,,,,,,1.8041002476820722e-05,0253b495588f293aca3f83256ad7534e6be5f704
dv3-A-poisson-001995,3,A,poisson,1995,,,,3:1:0:1995,,test,3,135.25468071424064,,,,,,,,,,,,,,,,,,,,0.0,,,1,148,1,exact,,,,,,,,1.1417003406677395e-05,f82fac676cadacd0860234bc1768e3d4024ecaa6
dv3-A-poisson-001996,3,A,poisson,1996,,,,3:1:0:1996,,test,3,393.15379896342944,,,,,,,,,,,,,,,,,,,,0.0,,,1,384,1,exact,,,,,,,,1.412499841535464e-05,711f96f652b75a10f96df96ca4bba9222e1c3c38
dv3-A-poisson-001997,3,A,poisson,1997,,,,3:1:0:1997,,test,3,594.3651090335621,,,,,,,,,,,,,,,,,,,,0.0,,,1,534,1,exact,,,,,,,,1.5958001313265413e-05,fe10437847634dc466052c6a2caf2e420afa5065
dv3-A-poisson-001998,3,A,poisson,1998,,,,3:1:0:1998,,test,3,136.2134662328949,,,,,,,,,,,,,,,,,,,,0.0,,,1,144,1,exact,,,,,,,,1.133299883804284e-05,fb5759c7bedcbac59eeb4c86ae9d76f8d1916d43
dv3-A-poisson-001999,3,A,poisson,1999,,,,3:1:0:1999,,test,3,393.0615310440977,,,,,,,,,,,,,,,,,,,,0.0,,,1,403,1,exact,,,,,,,,1.4208002539817244e-05,e51a6c1abe3bbb3ff8c49c7a02e830646bee62f6
dv3-A-poisson-002000,3,A,poisson,2000,,,,3:1:0:2000,,test,4,555.9925746222547,,,,,,,,,,,,,,,,,,,,0.0,,,1,510,1,exact,,,,,,,,0.0006423340018955059,b56c8196a8abe4a5f920f168e5e44d6b5ac854d0
dv3-A-poisson-002001,3,A,poisson,2001,,,,3:1:0:2001,,test,4,114.82027708975639,,,,,,,,,,,,,,,,,,,,0.0,,,1,130,1,exact,,,,,,,,1.9249997421866283e-05,0c6b15b4b279c4c6032c4fccade5e54d3d2dd988
dv3-A-poisson-002002,3,A,poisson,2002,,,,3:1:0:2002,,test,4,124.74624092689434,,,,,,,,,,,,,,,,,,,,0.0,,,1,119,1,exact,,,,,,,,1.4582998119294643e-05,bf49e0abb29ad8e826813996ce89b805872574db
dv3-A-poisson-002003,3,A,poisson,2003,,,,3:1:0:2003,,test,4,349.58868942673024,,,,,,,,,,,,,,,,,,,,0.0,,,1,349,1,exact,,,,,,,,1.645900192670524e-05,accd00a5e39fec6d9f54570b2d058a8412e8330c
dv3-A-poisson-002004,3,A,poisson,2004,,,,3:1:0:2004,,test,4,531.8350273106319,,,,,,,,,,,,,,,,,,,,0.0,,,1,479,1,exact,,,,,,,,1.7540998669574037e-05,3c05bbdab6cd851f0a77941da29de715824245bf
dv3-A-poisson-002005,3,A,poisson,2005,,,,3:1:0:2005,,test,4,331.0790355930646,,,,,,,,,,,,,,,,,,,,0.0,,,1,316,1,exact,,,,,,,,1.4417000784305856e-05,769ab8b95c82e25adc63b9ae6ad70e7808032b89
dv3-A-poisson-002006,3,A,poisson,2006,,,,3:1:0:2006,,test,4,213.36861046974715,,,,,,,,,,,,,,,,,,,,0.0,,,1,227,1,exact,,,,,,,,1.3208002201281488e-05,3edaf1c892ee3dd2ca212e323933f859ee685a95
dv3-A-poisson-002007,3,A,poisson,2007,,,,3:1:0:2007,,test,4,107.0726734448726,,,,,,,,,,,,,,,,,,,,0.0,,,1,86,1,exact,,,,,,,,1.1459000234026462e-05,f7952e114eb942f1bc1eec01469443052c065e70
dv3-A-poisson-002008,3,A,poisson,2008,,,,3:1:0:2008,,test,4,163.06051676379786,,,,,,,,,,,,,,,,,,,,0.0,,,1,140,1,exact,,,,,,,,1.1791998986154795e-05,ad034d9f9cfbd6a42bff1ba67f084ea9a6f416b9
dv3-A-poisson-002009,3,A,poisson,2009,,,,3:1:0:2009,,test,4,126.04163640325426,,,,,,,,,,,,,,,,,,,,0.0,,,1,107,1,exact,,,,,,,,1.1665997590171173e-05,b8c63c4e2738d9e5e1f96e6f467eafa29daed0fa
dv3-A-poisson-002010,3,A,poisson,2010,,,,3:1:0:2010,,test,4,172.1185390562769,,,,,,,,,,,,,,,,,,,,0.0,,,1,154,1,exact,,,,,,,,1.3667002349393442e-05,0ae2cbc4e5858efa748cabbd0a2dafb2d4c8bbc1
dv3-A-poisson-002011,3,A,poisson,2011,,,,3:1:0:2011,,test,4,119.15190782905196,,,,,,,,,,,,,,,,,,,,0.0,,,1,110,1,exact,,,,,,,,1.1249998351559043e-05,e4cb4a6ee30b447b45417bce8262a708f93a5e33
dv3-A-poisson-002012,3,A,poisson,2012,,,,3:1:0:2012,,test,4,312.34094479768675,,,,,,,,,,,,,,,,,,,,0.0,,,1,276,1,exact,,,,,,,,1.3374999980442226e-05,a55cf1dcb566382c169f9ce4f68890ae5247a931
dv3-A-poisson-002013,3,A,poisson,2013,,,,3:1:0:2013,,test,4,767.8159312960139,,,,,,,,,,,,,,,,,,,,0.0,,,1,788,1,exact,,,,,,,,2.016699727391824e-05,092044d8c03bc939268df00af59a1dab13cd5b90
dv3-A-poisson-002014,3,A,poisson,2014,,,,3:1:0:2014,,test,4,334.50669090390534,,,,,,,,,,,,,,,,,,,,0.0,,,1,370,1,exact,,,,,,,,1.4416997146327049e-05,48fb9f18f1ed63fc2e8af196a9d55cfbf85ae991
dv3-A-poisson-002015,3,A,poisson,2015,,,,3:1:0:2015,,test,4,152.62482899517573,,,,,,,,,,,,,,,,,,,,0.0,,,1,173,1,exact,,,,,,,,1.195799995912239e-05,ac0ae3f07f1954601e484a251faa9a996106c10d
dv3-A-poisson-002016,3,A,poisson,2016,,,,3:1:0:2016,,test,4,253.46738121265466,,,,,,,,,,,,,,,,,,,,0.0,,,1,283,1,exact,,,,,,,,1.3374999980442226e-05,c7e1aa3f4affedadd47b5cfae24cf4bda7ae91e9
dv3-A-poisson-002017,3,A,poisson,2017,,,,3:1:0:2017,,test,4,494.84673637840484,,,,,,,,,,,,,,,,,,,,0.0,,,1,504,1,exact,,,,,,,,1.6166999557754025e-05,b4768f676176e5a4bffd0f301894e6cd0ca05ba4
dv3-A-poisson-002018,3,A,poisson,2018,,,,3:1:0:2018,,test,4,337.92977601286873,,,,,,,,,,,,,,,,,,,,0.0,,,1,296,1,exact,,,,,,,,1.3791999663226306e-05,757707c5f34f2c48032a84bf83c69b34ee6a800d
dv3-A-poisson-002019,3,A,poisson,2019,,,,3:1:0:2019,,test,4,140.40370317839685,,,,,,,,,,,,,,,,,,,,0.0,,,1,141,1,exact,,,,,,,,1.1625001206994057e-05,684ef294e0b211fc87c53a83edfa073a9a8eb9ab
dv3-A-poisson-002020,3,A,poisson,2020,,,,3:1:0:2020,,test,4,670.3137336776771,,,,,,,,,,,,,,,,,,,,0.0,,,1,681,1,exact,,,,,,,,1.8291000742465258e-05,56efeb98ceeaa4cb2e78e2773fd04a8b21ee3fd8
dv3-A-poisson-002021,3,A,poisson,2021,,,,3:1:0:2021,,test,4,114.87941154255026,,,,,,,,,,,,,,,,,,,,0.0,,,1,129,1,exact,,,,,,,,1.1416999768698588e-05,c7adc0671740ca8990d82effec18ded51384c635
dv3-A-poisson-002022,3,A,poisson,2022,,,,3:1:0:2022,,test,4,545.737299256773,,,,,,,,,,,,,,,,,,,,0.0,,,1,546,1,exact,,,,,,,,1.6500001947861165e-05,b238cf822cf371a2920944cdf17a1f94bbcdc5e6
dv3-A-poisson-002023,3,A,poisson,2023,,,,3:1:0:2023,,test,4,720.4590282889701,,,,,,,,,,,,,,,,,,,,0.0,,,1,676,1,exact,,,,,,,,1.849999898695387e-05,279c94029f2da02b2727bed20a1f59fb927962c5
dv3-A-poisson-002024,3,A,poisson,2024,,,,3:1:0:2024,,test,4,211.3925304221414,,,,,,,,,,,,,,,,,,,,0.0,,,1,219,1,exact,,,,,,,,1.2584001524373889e-05,59400ff113ccc708641abb9c5bc77148a0400ae9
dv3-A-poisson-002025,3,A,poisson,2025,,,,3:1:0:2025,,test,4,160.83607423478236,,,,,,,,,,,,,,,,,,,,0.0,,,1,163,1,exact,,,,,,,,1.1833999451482669e-05,54ee62d038104486d6efac689207485c398aef5c
dv3-A-poisson-002026,3,A,poisson,2026,,,,3:1:0:2026,,test,4,110.97301720997912,,,,,,,,,,,,,,,,,,,,0.0,,,1,126,1,exact,,,,,,,,1.154200072051026e-05,60d894927a4b2f22bb09a816fa4ded9434ea5f66
dv3-A-poisson-002027,3,A,poisson,2027,,,,3:1:0:2027,,test,4,104.19504693974491,,,,,,,,,,,,,,,,,,,,0.0,,,1,112,1,exact,,,,,,,,1.1041996913263574e-05,f20cdb8b51756a7c6e304cfc7388ee23d58c4ff7
dv3-A-poisson-002028,3,A,poisson,2028,,,,3:1:0:2028,,test,4,788.2656051131446,,,,,,,,,,,,,,,,,,,,0.0,,,1,838,1,exact,,,,,,,,2.016599682974629e-05,6f70d1a80af330217abf4c182c7ecdcaab6973c0
dv3-A-poisson-002029,3,A,poisson,2029,,,,3:1:0:2029,,test,4,132.10640590376738,,,,,,,,,,,,,,,,,,,,0.0,,,1,117,1,exact,,,,,,,,1.1042000551242381e-05,4ea170dbe008d88852546c1c18b8e3b298100f21
dv3-A-poisson-002030,3,A,poisson,2030,,,,3:1:0:2030,,test,4,370.8698177832382,,,,,,,,,,,,,,,,,,,,0.0,,,1,386,1,exact,,,,,,,,1.4708999515278265e-05,6e53e653b3acd5677859abbd34a1cd90858e6843
dv3-A-poisson-002031,3,A,poisson,2031,,,,3:1:0:2031,,test,4,534.6611483467711,,,,,,,,,,,,,,,,,,,,0.0,,,1,518,1,exact,,,,,,,,1.787499786587432e-05,7c79b454625fd99aaff1d20fb2cb7e6244afd4f7
dv3-A-poisson-002032,3,A,poisson,2032,,,,3:1:0:2032,,test,4,338.6192821789332,,,,,,,,,,,,,,,,,,,,0.0,,,1,307,1,exact,,,,,,,,1.3625001884065568e-05,d9dd3eb6aa6eec65ed8db575e3cc1cf8dfd24a4c
dv3-A-poisson-002033,3,A,poisson,2033,,,,3:1:0:2033,,test,4,260.1938902229361,,,,,,,,,,,,,,,,,,,,0.0,,,1,239,1,exact,,,,,,,,1.279199932469055e-05,b3637b6186706979cc593dbecfbebfcc09141265
dv3-A-poisson-002034,3,A,poisson,2034,,,,3:1:0:2034,,test,4,555.8687117809649,,,,,,,,,,,,,,,,,,,,0.0,,,1,569,1,exact,,,,,,,,1.7083999409805983e-05,1f6f3cf0c315f96d4a82ffb88bcc92544ab8b009
dv3-A-poisson-002035,3,A,poisson,2035,,,,3:1:0:2035,,test,4,214.66616045667095,,,,,,,,,,,,,,,,,,,,0.0,,,1,217,1,exact,,,,,,,,1.2458000128390267e-05,944e2d4f0bee4dd68ca6a3657e6dc46fbae0247b
dv3-A-poisson-002036,3,A,poisson,2036,,,,3:1:0:2036,,test,4,469.20039795315296,,,,,,,,,,,,,,,,,,,,0.0,,,1,478,1,exact,,,,,,,,1.5792000340297818e-05,938d0bb6266733799f38a41cdba038ff99380c57
dv3-A-poisson-002037,3,A,poisson,2037,,,,3:1:0:2037,,test,4,705.5489805185885,,,,,,,,,,,,,,,,,,,,0.0,,,1,727,1,exact,,,,,,,,1.8875001842388883e-05,6d2e2fb3752f723b115c7e9da04a4eda58db1175
dv3-A-poisson-002038,3,A,poisson,2038,,,,3:1:0:2038,,test,4,176.99007401540342,,,,,,,,,,,,,,,,,,,,0.0,,,1,169,1,exact,,,,,,,,1.2083997717127204e-05,b5110fdf4bffeedffaf37e56a4436c9075840dda
dv3-A-poisson-002039,3,A,poisson,2039,,,,3:1:0:2039,,test,4,335.8516050956994,,,,,,,,,,,,,,,,,,,,0.0,,,1,351,1,exact,,,,,,,,1.4041997928870842e-05,aeeb33fc68ac74c2191cbeb08ec29c47a2c44b48
dv3-A-poisson-002040,3,A,poisson,2040,,,,3:1:0:2040,,test,4,150.67057027871184,,,,,,,,,,,,,,,,,,,,0.0,,,1,150,1,exact,,,,,,,,1.154200072051026e-05,b3f0b88ae6813e847670143b45c1d5289dbd9902
dv3-A-poisson-002041,3,A,poisson,2041,,,,3:1:0:2041,,test,4,158.0865853741352,,,,,,,,,,,,,,,,,,,,0.0,,,1,145,1,exact,,,,,,,,1.133299883804284e-05,d972d173539caa11c93b111d229355e88c927352
dv3-A-poisson-002042,3,A,poisson,2042,,,,3:1:0:2042,,test,4,322.5897130366957,,,,,,,,,,,,,,,,,,,,0.0,,,1,317,1,exact,,,,,,,,1.3582997780758888e-05,f1fddef78a065b7c2c3c05e43c03fe8122372369
dv3-A-poisson-002043,3,A,poisson,2043,,,,3:1:0:2043,,test,4,281.0248457958791,,,,,,,,,,,,,,,,,,,,0.0,,,1,282,1,exact,,,,,,,,1.3292003131937236e-05,14c469cb80eabe4d92a75ec575433be978c350af
dv3-A-poisson-002044,3,A,poisson,2044,,,,3:1:0:2044,,test,4,457.35617014107027,,,,,,,,,,,,,,,,,,,,0.0,,,1,451,1,exact,,,,,,,,1.5333000192185864e-05,d1f65be32cd59f6f0203cdb7cfea512b3e5988ae
dv3-A-poisson-002045,3,A,poisson,2045,,,,3:1:0:2045,,test,4,640.7534374228844,,,,,,,,,,,,,,,,,,,,0.0,,,1,648,1,exact,,,,,,,,1.8124999769497663e-05,897c3bd8ced3131025cba6af38e7fd15d005bfa1
dv3-A-poisson-002046,3,A,poisson,2046,,,,3:1:0:2046,,test,4,199.99813034072088,,,,,,,,,,,,,,,,,,,,0.0,,,1,209,1,exact,,,,,,,,1.2249998690094799e-05,9fa0fb33a5af667e3cfd006aca6a3eb1012a5a2c
dv3-A-poisson-002047,3,A,poisson,2047,,,,3:1:0:2047,,test,4,449.98039108789226,,,,,,,,,,,,,,,,,,,,0.0,,,1,415,1,exact,,,,,,,,1.4749999536434188e-05,acb03d463961c8b3db344368136a1c7fb460b76c
dv3-A-poisson-002048,3,A,poisson,2048,,,,3:1:0:2048,,test,4,248.54554038166148,,,,,,,,,,,,,,,,,,,,0.0,,,1,259,1,exact,,,,,,,,1.2583001080201939e-05,b58a6991b2dfd4f153b376a3b38abfdde5302181
dv3-A-poisson-002049,3,A,poisson,2049,,,,3:1:0:2049,,test,4,609.3088117928937,,,,,,,,,,,,,,,,,,,,0.0,,,1,629,1,exact,,,,,,,,1.7791997379390523e-05,f6dd02c17069d7d8ecd091de303f5339f1bdc687
dv3-A-poisson-002050,3,A,poisson,2050,,,,3:1:0:2050,,test,4,101.74575677789477,,,,,,,,,,,,,,,,,,,,0.0,,,1,89,1,exact,,,,,,,,1.0667001333786175e-05,e1b9b7cee3d1d8fafc6bb3e0db7b64707ba4ef7a
dv3-A-poisson-002051,3,A,poisson,2051,,,,3:1:0:2051,,test,4,113.6068590970889,,,,,,,,,,,,,,,,,,,,0.0,,,1,104,1,exact,,,,,,,,1.1208001524209976e-05,46c104aef9282660d75d53018f7a362df09d8259
dv3-A-poisson-002052,3,A,poisson,2052,,,,3:1:0:2052,,test,4,271.73594681895634,,,,,,,,,,,,,,,,,,,,0.0,,,1,246,1,exact,,,,,,,,1.3541997759602964e-05,27a6c27c90ddc4acbf5cf4592eb4f2831565debd
dv3-A-poisson-002053,3,A,poisson,2053,,,,3:1:0:2053,,test,4,131.46660393353085,,,,,,,,,,,,,,,,,,,,0.0,,,1,118,1,exact,,,,,,,,1.3041000784141943e-05,2d31aed2801d666daa2952b38fbe9688059c4b21
dv3-A-poisson-002054,3,A,poisson,2054,,,,3:1:0:2054,,test,4,502.4060770418978,,,,,,,,,,,,,,,,,,,,0.0,,,1,534,1,exact,,,,,,,,1.620799957890995e-05,1e49557ccd0cb68049e202cb84d8acefed4c8b82
dv3-A-poisson-002055,3,A,poisson,2055,,,,3:1:0:2055,,test,4,109.95524864878476,,,,,,,,,,,,,,,,,,,,0.0,,,1,95,1,exact,,,,,,,,1.0791001841425896e-05,ca36f45de201b940e7c77c03ad312c4955608a67
dv3-A-poisson-002056,3,A,poisson,2056,,,,3:1:0:2056,,test,4,761.4662645177694,,,,,,,,,,,,,,,,,,,,0.0,,,1,778,1,exact,,,,,,,,1.9167000573361292e-05,a9ca71e423ff26a557f3f2fcba0ac3058296f256
dv3-A-poisson-002057,3,A,poisson,2057,,,,3:1:0:2057,,test,4,166.1363360020488,,,,,,,,,,,,,,,,,,,,0.0,,,1,174,1,exact,,,,,,,,1.1749998520826921e-05,890d4eb585d8399805b7d571f5392945cd5dfa81
dv3-A-poisson-002058,3,A,poisson,2058,,,,3:1:0:2058,,test,4,129.2415459695742,,,,,,,,,,,,,,,,,,,,0.0,,,1,137,1,exact,,,,,,,,1.1165997420903295e-05,d446b578886e78a4977dcf43f42916fc81888301
dv3-A-poisson-002059,3,A,poisson,2059,,,,3:1:0:2059,,test,4,308.0395039799024,,,,,,,,,,,,,,,,,,,,0.0,,,1,301,1,exact,,,,,,,,1.3167002180125564e-05,ac3dd85a4e169f1e7b37661868c29d7c1dcae15a
dv3-A-poisson-002060,3,A,poisson,2060,,,,3:1:0:2060,,test,4,403.71727713557914,,,,,,,,,,,,,,,,,,,,0.0,,,1,377,1,exact,,,,,,,,1.4375000318977982e-05,f7ec05afcaeb888060cee9862e9a36e9075331ad
dv3-A-poisson-002061,3,A,poisson,2061,,,,3:1:0:2061,,test,4,186.12280417718904,,,,,,,,,,,,,,,,,,,,0.0,,,1,186,1,exact,,,,,,,,1.1791002179961652e-05,e467ad5c2924aeb555d6a1c64fc262bec7b6c802
dv3-A-poisson-002062,3,A,poisson,2062,,,,3:1:0:2062,,test,4,355.5496509619228,,,,,,,,,,,,,,,,,,,,0.0,,,1,377,1,exact,,,,,,,,1.4000001101521775e-05,f56d9a9f28a73261a97d8616c6ece216028c1ce8
dv3-A-poisson-002063,3,A,poisson,2063,,,,3:1:0:2063,,test,4,134.29875745898238,,,,,,,,,,,,,,,,,,,,0.0,,,1,133,1,exact,,,,,,,,1.0957999620586634e-05,56f485815290dbcb324f12c77eab1a336b0da47d
dv3-A-poisson-002064,3,A,poisson,2064,,,,3:1:0:2064,,test,4,101.61096802753153,,,,,,,,,,,,,,,,,,,,0.0,,,1,112,1,exact,,,,,,,,1.0749998182291165e-05,4f15c5a840ba869cad40bcdf6ca075d27367cbb5
dv3-A-poisson-002065,3,A,poisson,2065,,,,3:1:0:2065,,test,4,597.2133317068218,,,,,,,,,,,,,,,,,,,,0.0,,,1,580,1,exact,,,,,,,,1.645900192670524e-05,2c64778005a228f80f795a5db461141693a13c05
dv3-A-poisson-002066,3,A,poisson,2066,,,,3:1:0:2066,,test,4,183.7517388764198,,,,,,,,,,,,,,,,,,,,0.0,,,1,193,1,exact,,,,,,,,1.1832999007310718e-05,b39621da98901d6ffe12f656913a5aceb4ac758b
dv3-A-poisson-002067,3,A,poisson,2067,,,,3:1:0:2067,,test,4,477.2214562963484,,,,,,,,,,,,,,,,,,,,0.0,,,1,466,1,exact,,,,,,,,1.5084002370713279e-05,58ed5effb0b2c7aac778b23aa83d89d17b1e690b
dv3-A-poisson-002068,3,A,poisson,2068,,,,3:1:0:2068,,test,4,160.83580378450085,,,,,,,,,,,,,,,,,,,,0.0,,,1,160,1,exact,,,,,,,,1.2417000107234344e-05,3d376cf321a5b85192f7a085d2eafa97a630c35a
dv3-A-poisson-002069,3,A,poisson,2069,,,,3:1:0:2069,,test,4,220.09687356737717,,,,,,,,,,,,,,,,,,,,0.0,,,1,224,1,exact,,,,,,,,1.2041000445606187e-05,a60df74f5ccef0566d1d38ebf0e6bfcd1fc05743
dv3-A-poisson-002070,3,A,poisson,2070,,,,3:1:0:2070,,test,4,158.6371763630791,,,,,,,,,,,,,,,,,,,,0.0,,,1,156,1,exact,,,,,,,,1.1166997865075245e-05,2b72de40283114217e0db8eb1031ce7de2660c30
dv3-A-poisson-002071,3,A,poisson,2071,,,,3:1:0:2071,,test,4,619.2469711740648,,,,,,,,,,,,,,,,,,,,0.0,,,1,587,1,exact,,,,,,,,1.6707999748177826e-05,7df9b026c88db4e6a3ae2a8a69647fd76cb7e4f8
dv3-A-poisson-002072,3,A,poisson,2072,,,,3:1:0:2072,,test,4,681.3117248128422,,,,,,,,,,,,,,,,,,,,0.0,,,1,697,1,exact,,,,,,,,1.945800249814056e-05,af25fe24685920a09232b9d2c7f93d31ab19c87a
dv3-A-poisson-002073,3,A,poisson,2073,,,,3:1:0:2073,,test,4,589.2543942524962,,,,,,,,,,,,,,,,,,,,0.0,,,1,587,1,exact,,,,,,,,1.67500002135057e-05,c585f3b3127795786685f322d8f9f0c9cb1d2d07
dv3-A-poisson-002074,3,A,poisson,2074,,,,3:1:0:2074,,test,4,495.64449847651633,,,,,,,,,,,,,,,,,,,,0.0,,,1,481,1,exact,,,,,,,,1.5458001143997535e-05,db4ddcc0b463b550b1a133a7c781e1447d92ddfd
dv3-A-poisson-002075,3,A,poisson,2075,,,,3:1:0:2075,,test,4,469.91975989523223,,,,,,,,,,,,,,,,,,,,0.0,,,1,488,1,exact,,,,,,,,1.5624998923158273e-05,4a497c6c077dffa35efc18c7b438dc78e94476e5
dv3-A-poisson-002076,3,A,poisson,2076,,,,3:1:0:2076,,test,4,571.5867041186241,,,,,,,,,,,,,,,,,,,,0.0,,,1,574,1,exact,,,,,,,,2.129199856426567e-05,26b3c64768a10257fdcd395457846cee3fae510b
dv3-A-poisson-002077,3,A,poisson,2077,,,,3:1:0:2077,,test,4,210.93854520782585,,,,,,,,,,,,,,,,,,,,0.0,,,1,217,1,exact,,,,,,,,1.2541997421067208e-05,9a4f8d2bc869fc955b4cc7140ddd2bb8858d1362
dv3-A-poisson-002078,3,A,poisson,2078,,,,3:1:0:2078,,test,4,533.7440043574798,,,,,,,,,,,,,,,,,,,,0.0,,,1,577,1,exact,,,,,,,,1.67500002135057e-05,ca63b24ecb8c53a27fd350f93278b19508b6828f
dv3-A-poisson-002079,3,A,poisson,2079,,,,3:1:0:2079,,test,4,330.3348688277784,,,,,,,,,,,,,,,,,,,,0.0,,,1,339,1,exact,,,,,,,,1.3917000615037978e-05,368ff80c0abc306e30202bab71a029d7c9346d4f
dv3-A-poisson-002080,3,A,poisson,2080,,,,3:1:0:2080,,test,4,674.1758380944067,,,,,,,,,,,,,,,,,,,,0.0,,,1,702,1,exact,,,,,,,,1.8750000890577212e-05,6a6be14fa4c99a68846365391bb5273a22d6dcb9
dv3-A-poisson-002081,3,A,poisson,2081,,,,3:1:0:2081,,test,4,181.1763719918436,,,,,,,,,,,,,,,,,,,,0.0,,,1,181,1,exact,,,,,,,,1.1749998520826921e-05,1224441919c072d121f62a20bf92f8e9295ef76d
dv3-A-poisson-002082,3,A,poisson,2082,,,,3:1:0:2082,,test,4,201.13739473751474,,,,,,,,,,,,,,,,,,,,0.0,,,1,164,1,exact,,,,,,,,1.1665997590171173e-05,31a5c231671d7a682aa7256e962582bcb4158235
dv3-A-poisson-002083,3,A,poisson,2083,,,,3:1:0:2083,,test,4,129.74626267185025,,,,,,,,,,,,,,,,,,,,0.0,,,1,140,1,exact,,,,,,,,1.1583000741666183e-05,7d1d5b50090d53c5781330c674045c55b013f073
dv3-A-poisson-002084,3,A,poisson,2084,,,,3:1:0:2084,,test,4,617.3729170919871,,,,,,,,,,,,,,,,,,,,0.0,,,1,641,1,exact,,,,,,,,2.4166998628061265e-05,93e226d73964ee6a29e2817e58f5419a690bfb7a
dv3-A-poisson-002085,3,A,poisson,2085,,,,3:1:0:2085,,test,4,417.00657137264574,,,,,,,,,,,,,,,,,,,,0.0,,,1,404,1,exact,,,,,,,,0.0006047499991836958,eb0b46f291dc1e46d478837f387ea6205fa83ebc
dv3-A-poisson-002086,3,A,poisson,2086,,,,3:1:0:2086,,test,4,135.2675993158531,,,,,,,,,,,,,,,,,,,,0.0,,,1,140,1,exact,,,,,,,,5.770799907622859e-05,613d60cb3f36da18c9eb2a674a8aaadb32f0c74f
dv3-A-poisson-002087,3,A,poisson,2087,,,,3:1:0:2087,,test,4,361.53084643613755,,,,,,,,,,,,,,,,,,,,0.0,,,1,370,1,exact,,,,,,,,3.262499740230851e-05,779cae2039d9cacc021ba72ef3a1487d5ee4f09e
dv3-A-poisson-002088,3,A,poisson,2088,,,,3:1:0:2088,,test,4,792.414372199271,,,,,,,,,,,,,,,,,,,,0.0,,,1,836,1,exact,,,,,,,,4.1541999962646514e-05,2d8adca746884312a60cef59c27cf9cb3cbaaf1a
dv3-A-poisson-002089,3,A,poisson,2089,,,,3:1:0:2089,,test,4,565.1739020628381,,,,,,,,,,,,,,,,,,,,0.0,,,1,579,1,exact,,,,,,,,2.370899892412126e-05,5ff319a3154907cdfa470d3b1fc29b647c3dc2d8
dv3-A-poisson-002090,3,A,poisson,2090,,,,3:1:0:2090,,test,4,181.9384770107667,,,,,,,,,,,,,,,,,,,,0.0,,,1,176,1,exact,,,,,,,,1.5042001905385405e-05,9db742195c6f0579c347c66860ae0237266705c9
dv3-A-poisson-002091,3,A,poisson,2091,,,,3:1:0:2091,,test,4,617.4567161610588,,,,,,,,,,,,,,,,,,,,0.0,,,1,653,1,exact,,,,,,,,2.6166999305132776e-05,2026a7f3f245278387bbaf8ef8f4c322a2b304dc
dv3-A-poisson-002092,3,A,poisson,2092,,,,3:1:0:2092,,test,4,226.00749514980652,,,,,,,,,,,,,,,,,,,,0.0,,,1,199,1,exact,,,,,,,,1.3124998076818883e-05,d959c99965049f190393c5c55541caba7f307072
dv3-A-poisson-002093,3,A,poisson,2093,,,,3:1:0:2093,,test,4,109.36836423227194,,,,,,,,,,,,,,,,,,,,0.0,,,1,94,1,exact,,,,,,,,1.133399928221479e-05,083ce351cd982d769ef91971443c45f573da8168
dv3-A-poisson-002094,3,A,poisson,2094,,,,3:1:0:2094,,test,4,281.3002870886055,,,,,,,,,,,,,,,,,,,,0.0,,,1,299,1,exact,,,,,,,,1.3500000932253897e-05,15816a496cb1833eafd1b813e1736bc0e5df95bd
dv3-A-poisson-002095,3,A,poisson,2095,,,,3:1:0:2095,,test,4,640.0556994727377,,,,,,,,,,,,,,,,,,,,0.0,,,1,614,1,exact,,,,,,,,1.737500133458525e-05,1e9375f2a56ec99c1617c7022957b3009ef256ad
dv3-A-poisson-002096,3,A,poisson,2096,,,,3:1:0:2096,,test,4,283.7820094503488,,,,,,,,,,,,,,,,,,,,0.0,,,1,257,1,exact,,,,,,,,1.67500002135057e-05,53c0462d3c861e5b7c932c8ed3d71d9e52f7aa89
dv3-A-poisson-002097,3,A,poisson,2097,,,,3:1:0:2097,,test,4,217.61134529719163,,,,,,,,,,,,,,,,,,,,0.0,,,1,224,1,exact,,,,,,,,1.266699837287888e-05,bdaa8ca1aa38c0d9b568c6f25221e2fe8f9d235e
dv3-A-poisson-002098,3,A,poisson,2098,,,,3:1:0:2098,,test,4,575.6927126237478,,,,,,,,,,,,,,,,,,,,0.0,,,1,592,1,exact,,,,,,,,1.704199894447811e-05,6bac0810e5cf9d6641eeb3256814236fe804dc7c
dv3-A-poisson-002099,3,A,poisson,2099,,,,3:1:0:2099,,test,4,369.32348521239356,,,,,,,,,,,,,,,,,,,,0.0,,,1,374,1,exact,,,,,,,,1.4083998394198716e-05,6e4d97e3d078a2cf9863d0c8e31b72e85c32f0a6
dv3-A-poisson-002100,3,A,poisson,2100,,,,3:1:0:2100,,test,4,104.41764682192517,,,,,,,,,,,,,,,,,,,,0.0,,,1,100,1,exact,,,,,,,,1.0666000889614224e-05,a8b377b7cbe2085ba14441fee39cd5b3fe532f1c
dv3-A-poisson-002101,3,A,poisson,2101,,,,3:1:0:2101,,test,4,296.5643747106831,,,,,,,,,,,,,,,,,,,,0.0,,,1,275,1,exact,,,,,,,,1.270800203201361e-05,f0576e72897606529db6581a665560af7feef59e
dv3-A-poisson-002102,3,A,poisson,2102,,,,3:1:0:2102,,test,4,203.92157012414097,,,,,,,,,,,,,,,,,,,,0.0,,,1,204,1,exact,,,,,,,,1.2332999176578596e-05,139a128d665f3b4405193cfd5e4699b8415e275a
dv3-A-poisson-002103,3,A,poisson,2103,,,,3:1:0:2103,,test,4,480.0501117533841,,,,,,,,,,,,,,,,,,,,0.0,,,1,466,1,exact,,,,,,,,1.529099972685799e-05,0e240d8654b0dc2da2bb649f59676eecd87afaed
dv3-A-poisson-002104,3,A,poisson,2104,,,,3:1:0:2104,,test,4,768.0399285750556,,,,,,,,,,,,,,,,,,,,0.0,,,1,760,1,exact,,,,,,,,1.883300137706101e-05,1250e8a59eeae264f3384157af5a552b4348b16c
dv3-A-poisson-002105,3,A,poisson,2105,,,,3:1:0:2105,,test,4,258.2314433800585,,,,,,,,,,,,,,,,,,,,0.0,,,1,232,1,exact,,,,,,,,1.2417000107234344e-05,b6c9533eb41c786e07b08705a9a863c94e37b14c
dv3-A-poisson-002106,3,A,poisson,2106,,,,3:1:0:2106,,test,4,279.2526795428489,,,,,,,,,,,,,,,,,,,,0.0,,,1,267,1,exact,,,,,,,,1.2707998394034803e-05,65c67d34768e1b21a3eb8f4f6a219e9b6efdc07e
dv3-A-poisson-002107,3,A,poisson,2107,,,,3:1:0:2107,,test,4,647.0197311627379,,,,,,,,,,,,,,,,,,,,0.0,,,1,673,1,exact,,,,,,,,1.7708000086713582e-05,7541b80d33b92a46ae189e4611802472604e991c
dv3-A-poisson-002108,3,A,poisson,2108,,,,3:1:0:2108,,test,4,152.23459728118354,,,,,,,,,,,,,,,,,,,,0.0,,,1,160,1,exact,,,,,,,,1.1708001693477854e-05,5749d6acf8094cd9bce09a7b7962566fe12196c9
dv3-A-poisson-002109,3,A,poisson,2109,,,,3:1:0:2109,,test,4,281.4569219602113,,,,,,,,,,,,,,,,,,,,0.0,,,1,269,1,exact,,,,,,,,1.3249999028630555e-05,2a2c62468b43f1c3c9bae6755d85ef7f0e024794
dv3-A-poisson-002110,3,A,poisson,2110,,,,3:1:0:2110,,test,4,272.8027213971715,,,,,,,,,,,,,,,,,,,,0.0,,,1,254,1,exact,,,,,,,,1.2792002962669358e-05,563625032997253609cd0adf15488f2cf4ce6d7e
dv3-A-poisson-002111,3,A,poisson,2111,,,,3:1:0:2111,,test,4,453.94056205822,,,,,,,,,,,,,,,,,,,,0.0,,,1,457,1,exact,,,,,,,,1.5166002413025126e-05,300f03454a7d1da80f2fd7a916eacea21273cce6
dv3-A-poisson-002112,3,A,poisson,2112,,,,3:1:0:2112,,test,4,125.78031341315608,,,,,,,,,,,,,,,,,,,,0.0,,,1,133,1,exact,,,,,,,,1.1041000107070431e-05,f6381df3284f182141e38d2f6eba7cec80ed7f86
dv3-A-poisson-002113,3,A,poisson,2113,,,,3:1:0:2113,,test,4,111.64505227970774,,,,,,,,,,,,,,,,,,,,0.0,,,1,108,1,exact,,,,,,,,1.06250008684583e-05,5ef1623f6eb4917b094be140afc6086a4190818c
dv3-A-poisson-002114,3,A,poisson,2114,,,,3:1:0:2114,,test,4,728.5374439984561,,,,,,,,,,,,,,,,,,,,0.0,,,1,703,1,exact,,,,,,,,1.8374998035142198e-05,44198ce46a830f59808f2d3163e270be210bd2f2
dv3-A-poisson-002115,3,A,poisson,2115,,,,3:1:0:2115,,test,4,305.1073686661026,,,,,,,,,,,,,,,,,,,,0.0,,,1,300,1,exact,,,,,,,,1.3333999959286302e-05,3cf552fcc3348a6e55c88a0384ab09d81507d035
dv3-A-poisson-002116,3,A,poisson,2116,,,,3:1:0:2116,,test,4,127.20117408202493,,,,,,,,,,,,,,,,,,,,0.0,,,1,144,1,exact,,,,,,,,1.0874999134102836e-05,9196482f45465aba6d6bf71b54a481cbe5672e77
dv3-A-poisson-002117,3,A,poisson,2117,,,,3:1:0:2117,,test,4,602.1156266255092,,,,,,,,,,,,,,,,,,,,0.0,,,1,551,1,exact,,,,,,,,1.6417001461377367e-05,b0131fc8b4e0439c6b3fec70e8e1008a8442e059
dv3-A-poisson-002118,3,A,poisson,2118,,,,3:1:0:2118,,test,4,125.55651174719264,,,,,,,,,,,,,,,,,,,,0.0,,,1,117,1,exact,,,,,,,,1.2541000614874065e-05,fe9c6de6c4d6aedd7942da5d69dd0d16a1e1d416
dv3-A-poisson-002119,3,A,poisson,2119,,,,3:1:0:2119,,test,4,198.88701147215707,,,,,,,,,,,,,,,,,,,,0.0,,,1,211,1,exact,,,,,,,,1.1833999451482669e-05,14dee327f2ad5dad147481880ef0c895798d4167
dv3-A-poisson-002120,3,A,poisson,2120,,,,3:1:0:2120,,test,4,385.81741746565314,,,,,,,,,,,,,,,,,,,,0.0,,,1,394,1,exact,,,,,,,,1.4208002539817244e-05,30653016de33ce9d20de50edb3c2ccc91c9fe783
dv3-A-poisson-002121,3,A,poisson,2121,,,,3:1:0:2121,,test,4,148.12886366219945,,,,,,,,,,,,,,,,,,,,0.0,,,1,139,1,exact,,,,,,,,1.1165997420903295e-05,07b1b7f7caafe85456c449a2553cd669bccad691
dv3-A-poisson-002122,3,A,poisson,2122,,,,3:1:0:2122,,test,4,151.1744372380399,,,,,,,,,,,,,,,,,,,,0.0,,,1,152,1,exact,,,,,,,,1.1249998351559043e-05,5940e74715d945e56dd18d41f5300a3966d89eb6
dv3-A-poisson-002123,3,A,poisson,2123,,,,3:1:0:2123,,test,4,193.99994118820317,,,,,,,,,,,,,,,,,,,,0.0,,,1,186,1,exact,,,,,,,,1.1459000234026462e-05,b535ddc3d618025e1cd7e5610365b04c74b5d487
dv3-A-poisson-002124,3,A,poisson,2124,,,,3:1:0:2124,,test,4,202.98472426827084,,,,,,,,,,,,,,,,,,,,0.0,,,1,214,1,exact,,,,,,,,1.1832999007310718e-05,6363396b1c26ff4c039ea45f4f845400b212c422
dv3-A-poisson-002125,3,A,poisson,2125,,,,3:1:0:2125,,test,4,203.33100677986292,,,,,,,,,,,,,,,,,,,,0.0,,,1,193,1,exact,,,,,,,,1.1833999451482669e-05,034cb2cfc18e023b1777286c13c0776d8b6381d4
dv3-A-poisson-002126,3,A,poisson,2126,,,,3:1:0:2126,,test,4,747.0260652608604,,,,,,,,,,,,,,,,,,,,0.0,,,1,747,1,exact,,,,,,,,1.8500002624932677e-05,a542fe1f06bdfedc1aa24b880d22235513e0067d
dv3-A-poisson-002127,3,A,poisson,2127,,,,3:1:0:2127,,test,4,362.1982717139313,,,,,,,,,,,,,,,,,,,,0.0,,,1,395,1,exact,,,,,,,,1.424999936716631e-05,40e05d78185380f1df8ffa61c79739f8e4402e73
dv3-A-poisson-002128,3,A,poisson,2128,,,,3:1:0:2128,,test,4,205.60133363339693,,,,,,,,,,,,,,,,,,,,0.0,,,1,199,1,exact,,,,,,,,1.1583997547859326e-05,d7f73d80178d087cd44666a030b6a40986d9475a
dv3-A-poisson-002129,3,A,poisson,2129,,,,3:1:0:2129,,test,4,448.48749254435586,,,,,,,,,,,,,,,,,,,,0.0,,,1,455,1,exact,,,,,,,,1.4917000953573734e-05,237a418eb086abfed1bef09ec5ade776d88abb6d
dv3-A-poisson-002130,3,A,poisson,2130,,,,3:1:0:2130,,test,4,180.2800072697205,,,,,,,,,,,,,,,,,,,,0.0,,,1,162,1,exact,,,,,,,,1.1333002476021647e-05,cfcbb0f166f9c486dce5d552be8cada07fb2893b
dv3-A-poisson-002131,3,A,poisson,2131,,,,3:1:0:2131,,test,4,493.48466906931054,,,,,,,,,,,,,,,,,,,,0.0,,,1,498,1,exact,,,,,,,,1.5458001143997535e-05,fd1c68898a7e16a96b68b529386bed0455f712c0
dv3-A-poisson-002132,3,A,poisson,2132,,,,3:1:0:2132,,test,4,157.4872884062686,,,,,,,,,,,,,,,,,,,,0.0,,,1,189,1,exact,,,,,,,,1.1708001693477854e-05,6eec2d117c9f54bfde540a6d26051000547e507a
dv3-A-poisson-002133,3,A,poisson,2133,,,,3:1:0:2133,,test,4,250.59634752466798,,,,,,,,,,,,,,,,,,,,0.0,,,1,245,1,exact,,,,,,,,1.2542001059046015e-05,80078b5734557c564ed8630e85705caa55a19c9e
dv3-A-poisson-002134,3,A,poisson,2134,,,,3:1:0:2134,,test,4,773.2540238162406,,,,,,,,,,,,,,,,,,,,0.0,,,1,788,1,exact,,,,,,,,2.6124998839804903e-05,b9c64a9a3784f5585ad18792d03d6294e94440d7
dv3-A-poisson-002135,3,A,poisson,2135,,,,3:1:0:2135,,test,4,323.9089615544053,,,,,,,,,,,,,,,,,,,,0.0,,,1,351,1,exact,,,,,,,,1.3749999197898433e-05,89593436520f1bec1982aaf89346fedfb2dca8a3
dv3-A-poisson-002136,3,A,poisson,2136,,,,3:1:0:2136,,test,4,479.7710844178684,,,,,,,,,,,,,,,,,,,,0.0,,,1,519,1,exact,,,,,,,,1.5749999874969944e-05,ee85890dadba61e0e7c656378ab29beffd2a3d72
dv3-A-poisson-002137,3,A,poisson,2137,,,,3:1:0:2137,,test,4,346.49978817835915,,,,,,,,,,,,,,,,,,,,0.0,,,1,375,1,exact,,,,,,,,1.5542002074653283e-05,3880c50b49aaa4a24ec54ca4ea4712088678ac5d
dv3-A-poisson-002138,3,A,poisson,2138,,,,3:1:0:2138,,test,4,312.6734024592874,,,,,,,,,,,,,,,,,,,,0.0,,,1,308,1,exact,,,,,,,,1.716599945211783e-05,97fb68e0f9b1150c27c890df03733bb59b6531b5
dv3-A-poisson-002139,3,A,poisson,2139,,,,3:1:0:2139,,test,4,260.2773226043249,,,,,,,,,,,,,,,,,,,,0.0,,,1,266,1,exact,,,,,,,,1.2792002962669358e-05,7b958864ad62673cd0435c83c9156395cafe69fa
dv3-A-poisson-002140,3,A,poisson,2140,,,,3:1:0:2140,,test,4,190.39316465988887,,,,,,,,,,,,,,,,,,,,0.0,,,1,221,1,exact,,,,,,,,1.2166998203611001e-05,e46ec5527b1e1904d3a6da4397d34e539e67f72d
dv3-A-poisson-002141,3,A,poisson,2141,,,,3:1:0:2141,,test,4,389.27798964168886,,,,,,,,,,,,,,,,,,,,0.0,,,1,362,1,exact,,,,,,,,1.3917000615037978e-05,91682fc6eb7d965cd02b24713015c068000cbf1c
dv3-A-poisson-002142,3,A,poisson,2142,,,,3:1:0:2142,,test,4,334.206017296128,,,,,,,,,,,,,,,,,,,,0.0,,,1,344,1,exact,,,,,,,,1.766599962138571e-05,a995dc20b808be7d9ed634e5c0c89f819bc1d94f
dv3-A-poisson-002143,3,A,poisson,2143,,,,3:1:0:2143,,test,4,333.4923361469114,,,,,,,,,,,,,,,,,,,,0.0,,,1,339,1,exact,,,,,,,,1.3332999515114352e-05,417d86ff1a7a53663b36f11c6f71c5f4eab47d7e
dv3-A-poisson-002144,3,A,poisson,2144,,,,3:1:0:2144,,test,4,502.4758937181014,,,,,,,,,,,,,,,,,,,,0.0,,,1,506,1,exact,,,,,,,,1.9082999642705545e-05,7442dc92edbfdad1c2455c6fe8d1546e8fbb1ba5
dv3-A-poisson-002145,3,A,poisson,2145,,,,3:1:0:2145,,test,4,153.10858445407115,,,,,,,,,,,,,,,,,,,,0.0,,,1,151,1,exact,,,,,,,,1.1124997399747372e-05,f3c24bade50c3dc19a4c2f513c7fd2604077babb
dv3-A-poisson-002146,3,A,poisson,2146,,,,3:1:0:2146,,test,4,153.22371381026323,,,,,,,,,,,,,,,,,,,,0.0,,,1,160,1,exact,,,,,,,,1.1207997886231169e-05,2802202a43281f58663e41b5871c5f6133cc4b3e
dv3-A-poisson-002147,3,A,poisson,2147,,,,3:1:0:2147,,test,4,695.872139913692,,,,,,,,,,,,,,,,,,,,0.0,,,1,709,1,exact,,,,,,,,2.254099672427401e-05,b5c96c9b4980ca0999b26c62b68a01730931f3e7
dv3-A-poisson-002148,3,A,poisson,2148,,,,3:1:0:2148,,test,4,781.69632969302,,,,,,,,,,,,,,,,,,,,0.0,,,1,798,1,exact,,,,,,,,2.2917000023880973e-05,7c6dc19d91a6e8533b36d5edc37766c7daa2c0bb
dv3-A-poisson-002149,3,A,poisson,2149,,,,3:1:0:2149,,test,4,445.8612085095235,,,,,,,,,,,,,,,,,,,,0.0,,,1,452,1,exact,,,,,,,,1.550000160932541e-05,ed1a9dd4983e1df8025556c46ed30f07705a882e
dv3-A-poisson-002150,3,A,poisson,2150,,,,3:1:0:2150,,test,4,127.89030229919092,,,,,,,,,,,,,,,,,,,,0.0,,,1,116,1,exact,,,,,,,,1.0707997716963291e-05,23c87042dbdfe0d933de145566af22db833e3735
dv3-A-poisson-002151,3,A,poisson,2151,,,,3:1:0:2151,,test,4,335.10729504533714,,,,,,,,,,,,,,,,,,,,0.0,,,1,335,1,exact,,,,,,,,1.3584001862909645e-05,955a522adda6fb4ebc9daed9629c6546e542d43e
dv3-A-poisson-002152,3,A,poisson,2152,,,,3:1:0:2152,,test,4,143.4368157504191,,,,,,,,,,,,,,,,,,,,0.0,,,1,159,1,exact,,,,,,,,1.1415999324526638e-05,3e90f7374f6c1362c15354ec2838486dd62c8ffc
dv3-A-poisson-002153,3,A,poisson,2153,,,,3:1:0:2153,,test,4,280.9086028237312,,,,,,,,,,,,,,,,,,,,0.0,,,1,283,1,exact,,,,,,,,1.2832999345846474e-05,3ace50d0d242855489673d08353f0bc3ca8e31a4
dv3-A-poisson-002154,3,A,poisson,2154,,,,3:1:0:2154,,test,4,297.96223774588833,,,,,,,,,,,,,,,,,,,,0.0,,,1,338,1,exact,,,,,,,,1.3542001397581771e-05,cf1b8510d4cb860feb782ecc8b1f021616d281a3
dv3-A-poisson-002155,3,A,poisson,2155,,,,3:1:0:2155,,test,4,293.08338182013773,,,,,,,,,,,,,,,,,,,,0.0,,,1,328,1,exact,,,,,,,,1.3666998711414635e-05,cbf05d76f9af3067b2a17ac0a4aca0d82f010919
dv3-A-poisson-002156,3,A,poisson,2156,,,,3:1:0:2156,,test,4,116.48304029446616,,,,,,,,,,,,,,,,,,,,0.0,,,1,109,1,exact,,,,,,,,1.2250002328073606e-05,6b831efac6760995edb4935f02b4cff01ebd1ede
dv3-A-poisson-002157,3,A,poisson,2157,,,,3:1:0:2157,,test,4,648.9838206108806,,,,,,,,,,,,,,,,,,,,0.0,,,1,648,1,exact,,,,,,,,1.7374997696606442e-05,facd65f11e97dbba297903ae8f42c4a9ce3e2204
dv3-A-poisson-002158,3,A,poisson,2158,,,,3:1:0:2158,,test,4,732.9282082006092,,,,,,,,,,,,,,,,,,,,0.0,,,1,752,1,exact,,,,,,,,2.00829999812413e-05,5ad6ff89fe9e0853706f324bc543a85151b767e8
dv3-A-poisson-002159,3,A,poisson,2159,,,,3:1:0:2159,,test,4,565.8282620633967,,,,,,,,,,,,,,,,,,,,0.0,,,1,535,1,exact,,,,,,,,1.55829984578304e-05,4a90aa55034e7051df1caa5a2a1fd35b1fa561e4
dv3-A-poisson-002160,3,A,poisson,2160,,,,3:1:0:2160,,test,4,105.50993165499631,,,,,,,,,,,,,,,,,,,,0.0,,,1,89,1,exact,,,,,,,,1.0083000233862549e-05,759325131b9eb4298cf7b9c8ea1fa47a22c606e9
dv3-A-poisson-002161,3,A,poisson,2161,,,,3:1:0:2161,,test,4,365.23476219229866,,,,,,,,,,,,,,,,,,,,0.0,,,1,393,1,exact,,,,,,,,1.3625001884065568e-05,634cbb9bd9a94f88971ecc78ee7fb8ca5a8c2bae
dv3-A-poisson-002162,3,A,poisson,2162,,,,3:1:0:2162,,test,4,104.17073510777952,,,,,,,,,,,,,,,,,,,,0.0,,,1,108,1,exact,,,,,,,,1.049999991664663e-05,daabab758ec99397e2dac61e1065477245b72766
dv3-A-poisson-002163,3,A,poisson,2163,,,,3:1:0:2163,,test,4,369.21182851657306,,,,,,,,,,,,,,,,,,,,0.0,,,1,377,1,exact,,,,,,,,1.3666998711414635e-05,ad2f086e7d8ff340fc48f024cfadb6d6e43640e6
dv3-A-poisson-002164,3,A,poisson,2164,,,,3:1:0:2164,,test,4,196.02160819630546,,,,,,,,,,,,,,,,,,,,0.0,,,1,193,1,exact,,,,,,,,1.1665997590171173e-05,8107aa5fddc550269997e0411fc5262ce171511b
dv3-A-poisson-002165,3,A,poisson,2165,,,,3:1:0:2165,,test,4,113.5469459500516,,,,,,,,,,,,,,,,,,,,0.0,,,1,102,1,exact,,,,,,,,1.058399720932357e-05,4e4d874de319a55a5d731f31a0feff0707ae2b30
dv3-A-poisson-002166,3,A,poisson,2166,,,,3:1:0:2166,,test,4,206.5139386454786,,,,,,,,,,,,,,,,,,,,0.0,,,1,194,1,exact,,,,,,,,1.2332999176578596e-05,b0ab356732c68fa3d055641b35e1f676eb4c08f0
dv3-A-poisson-002167,3,A,poisson,2167,,,,3:1:0:2167,,test,4,497.54992545417485,,,,,,,,,,,,,,,,,,,,0.0,,,1,489,1,exact,,,,,,,,2.0250001398380846e-05,222a235d17e46f916cce985ba22f9b280d2213f9
dv3-A-poisson-002168,3,A,poisson,2168,,,,3:1:0:2168,,test,4,364.80589993140484,,,,,,,,,,,,,,,,,,,,0.0,,,1,407,1,exact,,,,,,,,1.4792000001762062e-05,c83d7217ad77ca938e83551115a303eeb7001185
dv3-A-poisson-002169,3,A,poisson,2169,,,,3:1:0:2169,,test,4,125.25113754264893,,,,,,,,,,,,,,,,,,,,0.0,,,1,123,1,exact,,,,,,,,1.0957999620586634e-05,cccbea1069ffabaf51fd2dc8598b10844aa86153
dv3-A-poisson-002170,3,A,poisson,2170,,,,3:1:0:2170,,test,4,348.9602945010158,,,,,,,,,,,,,,,,,,,,0.0,,,1,369,1,exact,,,,,,,,1.3875000149710104e-05,aadcd41118824072fff7c6ad684b55a82f934eb2
dv3-A-poisson-002171,3,A,poisson,2171,,,,3:1:0:2171,,test,4,105.17287415539545,,,,,,,,,,,,,,,,,,,,0.0,,,1,104,1,exact,,,,,,,,1.0500003554625437e-05,901559188c8468372cc436bc3cf26ce565b76e92
dv3-A-poisson-002172,3,A,poisson,2172,,,,3:1:0:2172,,test,4,112.44290991230731,,,,,,,,,,,,,,,,,,,,0.0,,,1,117,1,exact,,,,,,,,1.0790998203447089e-05,d92653d2fbe83d6729538cfd92d1a3f1d465c148
dv3-A-poisson-002173,3,A,poisson,2173,,,,3:1:0:2173,,test,4,177.38108517142598,,,,,,,,,,,,,,,,,,,,0.0,,,1,196,1,exact,,,,,,,,1.1791998986154795e-05,e7a9ccfaa4f3b3e38b2e77254fd06b2822e6cadc
dv3-A-poisson-002174,3,A,poisson,2174,,,,3:1:0:2174,,test,4,172.92660541417962,,,,,,,,,,,,,,,,,,,,0.0,,,1,188,1,exact,,,,,,,,1.1583000741666183e-05,acde40ead0cecb05ed95a1d9dc51cdfc5df4cbfa
dv3-A-poisson-002175,3,A,poisson,2175,,,,3:1:0:2175,,test,4,245.19497173683234,,,,,,,,,,,,,,,,,,,,0.0,,,1,249,1,exact,,,,,,,,1.2125001376261935e-05,3b8fe719e38eb7717f43525fe9013dacfc2eb16b
dv3-A-poisson-002176,3,A,poisson,2176,,,,3:1:0:2176,,test,4,177.70574209640998,,,,,,,,,,,,,,,,,,,,0.0,,,1,183,1,exact,,,,,,,,1.3166998542146757e-05,fee64dfb26e0daf84d05be05559630326027b4ed
dv3-A-poisson-002177,3,A,poisson,2177,,,,3:1:0:2177,,test,4,111.5377974115312,,,,,,,,,,,,,,,,,,,,0.0,,,1,93,1,exact,,,,,,,,1.0208997991867363e-05,de643ea560f1fb7b119d5c793ee829c212d76757
dv3-A-poisson-002178,3,A,poisson,2178,,,,3:1:0:2178,,test,4,337.39123861969193,,,,,,,,,,,,,,,,,,,,0.0,,,1,347,1,exact,,,,,,,,1.3582997780758888e-05,5d7c8f6bd71ef798661d61e22d5705f35c8b92a8
dv3-A-poisson-002179,3,A,poisson,2179,,,,3:1:0:2179,,test,4,327.77618409813203,,,,,,,,,,,,,,,,,,,,0.0,,,1,340,1,exact,,,,,,,,1.3332999515114352e-05,d0b1edc2ca16c35c5f9fac9228ab802728231639
dv3-A-poisson-002180,3,A,poisson,2180,,,,3:1:0:2180,,test,4,221.04886641818644,,,,,,,,,,,,,,,,,,,,0.0,,,1,216,1,exact,,,,,,,,1.1832999007310718e-05,8db42e1f245d3d286d8a42d87e3aa900e97aeeb8
dv3-A-poisson-002181,3,A,poisson,2181,,,,3:1:0:2181,,test,4,576.3163013334023,,,,,,,,,,,,,,,,,,,,0.0,,,1,581,1,exact,,,,,,,,1.67500002135057e-05,3eb6bf34b25c06d37a625e85c0e2f1213eb62700
dv3-A-poisson-002182,3,A,poisson,2182,,,,3:1:0:2182,,test,4,300.9050025010324,,,,,,,,,,,,,,,,,,,,0.0,,,1,318,1,exact,,,,,,,,1.308399805566296e-05,e35cb07c831809483d71faa00a3af27ee8764743
dv3-A-poisson-002183,3,A,poisson,2183,,,,3:1:0:2183,,test,4,159.29302649530175,,,,,,,,,,,,,,,,,,,,0.0,,,1,161,1,exact,,,,,,,,1.1042000551242381e-05,c3fe15a5d8e0ded86ceccfec9097ed913185eaaf
dv3-A-poisson-002184,3,A,poisson,2184,,,,3:1:0:2184,,test,4,243.04928035994973,,,,,,,,,,,,,,,,,,,,0.0,,,1,227,1,exact,,,,,,,,1.195900040329434e-05,2de20c556c64d44e8912d82f5ec427bdc1bd9e7f
dv3-A-poisson-002185,3,A,poisson,2185,,,,3:1:0:2185,,test,4,177.66620309661707,,,,,,,,,,,,,,,,,,,,0.0,,,1,160,1,exact,,,,,,,,1.1084001016570255e-05,7b4ce9c2c12fff125876a610b9fe19686d637ab3
dv3-A-poisson-002186,3,A,poisson,2186,,,,3:1:0:2186,,test,4,115.48638890037581,,,,,,,,,,,,,,,,,,,,0.0,,,1,94,1,exact,,,,,,,,1.0374998964834958e-05,ee6a90ad4a4ccbde6582c1d54755d55044865ff5
dv3-A-poisson-002187,3,A,poisson,2187,,,,3:1:0:2187,,test,4,178.25257157568936,,,,,,,,,,,,,,,,,,,,0.0,,,1,180,1,exact,,,,,,,,1.1374999303370714e-05,68b855b960e11bdcbd309856cb9154ccc8ddbbfb
dv3-A-poisson-002188,3,A,poisson,2188,,,,3:1:0:2188,,test,4,102.2683810074989,,,,,,,,,,,,,,,,,,,,0.0,,,1,86,1,exact,,,,,,,,1.0250001651002094e-05,ed012c4b01dfebe7cc1772ee434625c8090a3698
dv3-A-poisson-002189,3,A,poisson,2189,,,,3:1:0:2189,,test,4,123.84641984121194,,,,,,,,,,,,,,,,,,,,0.0,,,1,131,1,exact,,,,,,,,1.083300230675377e-05,e73b8031d6ae30bd43e163d043bf6a28f386b12a
dv3-A-poisson-002190,3,A,poisson,2190,,,,3:1:0:2190,,test,4,173.97434304240983,,,,,,,,,,,,,,,,,,,,0.0,,,1,167,1,exact,,,,,,,,1.1374999303370714e-05,8b4b8ddf86c5d5f290175e9a17a91842f40db795
dv3-A-poisson-002191,3,A,poisson,2191,,,,3:1:0:2191,,test,4,717.6280922498715,,,,,,,,,,,,,,,,,,,,0.0,,,1,690,1,exact,,,,,,,,1.7708000086713582e-05,d8452e1e43691a44eddde2691b3348742604548e
dv3-A-poisson-002192,3,A,poisson,2192,,,,3:1:0:2192,,test,4,681.3481230828106,,,,,,,,,,,,,,,,,,,,0.0,,,1,659,1,exact,,,,,,,,1.7334001313429326e-05,83b814d33e2a580ecfdab1f93da235053e332beb
dv3-A-poisson-002193,3,A,poisson,2193,,,,3:1:0:2193,,test,4,635.7444536727503,,,,,,,,,,,,,,,,,,,,0.0,,,1,615,1,exact,,,,,,,,1.6666999727021903e-05,eb668532efea92b4c87d83f58dbce9e43366cb0b
dv3-A-poisson-002194,3,A,poisson,2194,,,,3:1:0:2194,,test,4,624.6659631983473,,,,,,,,,,,,,,,,,,,,0.0,,,1,606,1,exact,,,,,,,,1.862499993876554e-05,0a54b89135c23d834f72bb279a12919420ce7761
dv3-A-poisson-002195,3,A,poisson,2195,,,,3:1:0:2195,,test,4,276.66120067546495,,,,,,,,,,,,,,,,,,,,0.0,,,1,282,1,exact,,,,,,,,1.5084002370713279e-05,e5ceb79ff69747cf7b7753ce585ce124737354ca
dv3-A-poisson-002196,3,A,poisson,2196,,,,3:1:0:2196,,test,4,116.82165712727735,,,,,,,,,,,,,,,,,,,,0.0,,,1,124,1,exact,,,,,,,,1.0832998668774962e-05,368494e634e95d994c55f9e5d4073bf21bdb586a
dv3-A-poisson-002197,3,A,poisson,2197,,,,3:1:0:2197,,test,4,112.48510691734326,,,,,,,,,,,,,,,,,,,,0.0,,,1,127,1,exact,,,,,,,,1.0874999134102836e-05,927486d549bf857316274279d7c011dafb81ce4e
dv3-A-poisson-002198,3,A,poisson,2198,,,,3:1:0:2198,,test,4,442.5451707695905,,,,,,,,,,,,,,,,,,,,0.0,,,1,410,1,exact,,,,,,,,1.4750003174412996e-05,35b9f0365dea5627944b2986a51af318146d6b3e
dv3-A-poisson-002199,3,A,poisson,2199,,,,3:1:0:2199,,test,4,347.42809660078547,,,,,,,,,,,,,,,,,,,,0.0,,,1,362,1,exact,,,,,,,,1.3958997442387044e-05,d2d426383eb3bfa2cb50f8006f1a338e5e1a16b2
dv3-A-poisson-002200,3,A,poisson,2200,,,,3:1:0:2200,,test,4,328.2505266565611,,,,,,,,,,,,,,,,,,,,0.0,,,1,319,1,exact,,,,,,,,1.3665998267242685e-05,d3e6a015906ed664458b8353fe7e7e6db45acfb9
dv3-A-poisson-002201,3,A,poisson,2201,,,,3:1:0:2201,,test,4,645.4911888379568,,,,,,,,,,,,,,,,,,,,0.0,,,1,625,1,exact,,,,,,,,1.724999674479477e-05,bcff13a096f7ef9cec0b098cc44c934e71d6db96
dv3-A-poisson-002202,3,A,poisson,2202,,,,3:1:0:2202,,test,4,258.7201507581565,,,,,,,,,,,,,,,,,,,,0.0,,,1,255,1,exact,,,,,,,,1.2541000614874065e-05,9b78cb708a24b8b42948b4b7ac1a2812c8d856b9
dv3-A-poisson-002203,3,A,poisson,2203,,,,3:1:0:2203,,test,4,159.32282326038327,,,,,,,,,,,,,,,,,,,,0.0,,,1,151,1,exact,,,,,,,,1.1083997378591448e-05,e3b5c1aea7e1919633d768e7aeb4c31276d7d57b
dv3-A-poisson-002204,3,A,poisson,2204,,,,3:1:0:2204,,test,4,104.4863720301916,,,,,,,,,,,,,,,,,,,,0.0,,,1,102,1,exact,,,,,,,,1.0584000847302377e-05,71acdd850d3326d72cf5c86eec97d4db7562101c
dv3-A-poisson-002205,3,A,poisson,2205,,,,3:1:0:2205,,test,4,472.25076641050424,,,,,,,,,,,,,,,,,,,,0.0,,,1,478,1,exact,,,,,,,,1.5166999219218269e-05,1053315f8342df1417130acb3966a1f340f9ec92
dv3-A-poisson-002206,3,A,poisson,2206,,,,3:1:0:2206,,test,4,427.65686744248177,,,,,,,,,,,,,,,,,,,,0.0,,,1,428,1,exact,,,,,,,,1.4625002222601324e-05,46284fab73ba4af0d2419a3aff5f330ab200824a
dv3-A-poisson-002207,3,A,poisson,2207,,,,3:1:0:2207,,test,4,570.3995247558493,,,,,,,,,,,,,,,,,,,,0.0,,,1,581,1,exact,,,,,,,,1.6375000996049494e-05,c7b4d5a858d79395f18a672c722fd58006022dd4
dv3-A-poisson-002208,3,A,poisson,2208,,,,3:1:0:2208,,test,4,359.56571479454726,,,,,,,,,,,,,,,,,,,,0.0,,,1,365,1,exact,,,,,,,,1.3875000149710104e-05,8c6697c9bc0c4de208bf02cd23a36884af3caeb1
dv3-A-poisson-002209,3,A,poisson,2209,,,,3:1:0:2209,,test,4,347.9994449208745,,,,,,,,,,,,,,,,,,,,0.0,,,1,321,1,exact,,,,,,,,1.3333999959286302e-05,864a466ef55f6fce7e65372d15a798178bc26568
dv3-A-poisson-002210,3,A,poisson,2210,,,,3:1:0:2210,,test,4,168.22275056943968,,,,,,,,,,,,,,,,,,,,0.0,,,1,163,1,exact,,,,,,,,1.1457999789854512e-05,916fef2a9550ba25b3e9794966e1491ea771f041
dv3-A-poisson-002211,3,A,poisson,2211,,,,3:1:0:2211,,test,4,200.67280061238276,,,,,,,,,,,,,,,,,,,,0.0,,,1,188,1,exact,,,,,,,,1.1791998986154795e-05,1fe674a3ff6f498b183d9879618cccc659c1b80f
dv3-A-poisson-002212,3,A,poisson,2212,,,,3:1:0:2212,,test,4,172.12294589658572,,,,,,,,,,,,,,,,,,,,0.0,,,1,181,1,exact,,,,,,,,1.1457999789854512e-05,d46ca0f0db4646828925ce4f9c905b279d1ecaf8
dv3-A-poisson-002213,3,A,poisson,2213,,,,3:1:0:2213,,test,4,757.2811210928447,,,,,,,,,,,,,,,,,,,,0.0,,,1,754,1,exact,,,,,,,,2.112500078510493e-05,2dd8aace60e37ed9be5b822ea1612fa30715a2d8
dv3-A-poisson-002214,3,A,poisson,2214,,,,3:1:0:2214,,test,4,219.9248108747655,,,,,,,,,,,,,,,,,,,,0.0,,,1,207,1,exact,,,,,,,,1.529200017102994e-05,6cd1b21241f4999a47f12c333694b6e2ba197d3b
dv3-A-poisson-002215,3,A,poisson,2215,,,,3:1:0:2215,,test,4,106.02000846944553,,,,,,,,,,,,,,,,,,,,0.0,,,1,118,1,exact,,,,,,,,1.0750001820269972e-05,2550ac821b8e51535b4dadf8c7046e4a579b80f2
dv3-A-poisson-002216,3,A,poisson,2216,,,,3:1:0:2216,,test,4,581.6162445561408,,,,,,,,,,,,,,,,,,,,0.0,,,1,555,1,exact,,,,,,,,1.633400097489357e-05,469d193220295a293a01294d4c8c379b58e6c507
dv3-A-poisson-002217,3,A,poisson,2217,,,,3:1:0:2217,,test,4,435.5084364010878,,,,,,,,,,,,,,,,,,,,0.0,,,1,410,1,exact,,,,,,,,1.5665998944314197e-05,de9c285e8b7f1c0610b8581392528f40c2ad0e92
dv3-A-poisson-002218,3,A,poisson,2218,,,,3:1:0:2218,,test,4,149.29404155557583,,,,,,,,,,,,,,,,,,,,0.0,,,1,141,1,exact,,,,,,,,1.1125001037726179e-05,4e1641b070340e97fbb3d5e47e4df5640e0cd39a
dv3-A-poisson-002219,3,A,poisson,2219,,,,3:1:0:2219,,test,4,171.12434023327538,,,,,,,,,,,,,,,,,,,,0.0,,,1,198,1,exact,,,,,,,,1.166600122814998e-05,69fea167b6baf05e93eb7b0478754a72457b0fb9
dv3-A-poisson-002220,3,A,poisson,2220,,,,3:1:0:2220,,test,4,158.79457537892003,,,,,,,,,,,,,,,,,,,,0.0,,,1,158,1,exact,,,,,,,,1.1291998816886917e-05,52e70a80ef922d857bb7c6164f730f251064d1ce
dv3-A-poisson-002221,3,A,poisson,2221,,,,3:1:0:2221,,test,4,706.3840328005091,,,,,,,,,,,,,,,,,,,,0.0,,,1,706,1,exact,,,,,,,,1.8582999473437667e-05,33a46afc4313e817e52717f05a53bb6a9ad65524
dv3-A-poisson-002222,3,A,poisson,2222,,,,3:1:0:2222,,test,4,273.77980349909393,,,,,,,,,,,,,,,,,,,,0.0,,,1,271,1,exact,,,,,,,,1.279199932469055e-05,cf226a767581a882d7bfe92de2aa843e63cc3de3
dv3-A-poisson-002223,3,A,poisson,2223,,,,3:1:0:2223,,test,4,685.2247826119856,,,,,,,,,,,,,,,,,,,,0.0,,,1,688,1,exact,,,,,,,,1.8332997569814324e-05,ea3bc983cfaaa15bfc9a4ec6656d1c742574bd37
dv3-A-poisson-002224,3,A,poisson,2224,,,,3:1:0:2224,,test,4,540.5973224872158,,,,,,,,,,,,,,,,,,,,0.0,,,1,510,1,exact,,,,,,,,1.5792000340297818e-05,8b57be3da3ce151cbbd55f5d873de6bbccc5c143
dv3-A-poisson-002225,3,A,poisson,2225,,,,3:1:0:2225,,test,4,661.7096987607729,,,,,,,,,,,,,,,,,,,,0.0,,,1,685,1,exact,,,,,,,,1.9707997125806287e-05,d27302fde8259d5abb0ff72c00a99088e747dddc
dv3-A-poisson-002226,3,A,poisson,2226,,,,3:1:0:2226,,test,4,102.71765773915173,,,,,,,,,,,,,,,,,,,,0.0,,,1,90,1,exact,,,,,,,,1.0542000381974503e-05,f01c3fb652b5ab5ffa38e46abb99a4070328e5c4
dv3-A-poisson-002227,3,A,poisson,2227,,,,3:1:0:2227,,test,4,322.1067234549907,,,,,,,,,,,,,,,,,,,,0.0,,,1,342,1,exact,,,,,,,,1.3582997780758888e-05,22bd0090ba2ed99eb35acd5c3bb6f081b4ff37f4
dv3-A-poisson-002228,3,A,poisson,2228,,,,3:1:0:2228,,test,4,239.42269947382533,,,,,,,,,,,,,,,,,,,,0.0,,,1,279,1,exact,,,,,,,,1.2915999832330272e-05,73bb67803fa3d025588e445fd8fc05420b40dbe1
dv3-A-poisson-002229,3,A,poisson,2229,,,,3:1:0:2229,,test,4,105.67663629169957,,,,,,,,,,,,,,,,,,,,0.0,,,1,91,1,exact,,,,,,,,1.0416999430162832e-05,ffd97a106cd3f3d8c1cf0cbae457d39bf990c61a
dv3-A-poisson-002230,3,A,poisson,2230,,,,3:1:0:2230,,test,4,197.12750924259242,,,,,,,,,,,,,,,,,,,,0.0,,,1,194,1,exact,,,,,,,,1.1709002137649804e-05,0bd8b1f0c94ec924d25f6a2ffec5370bca43f5c9
dv3-A-poisson-002231,3,A,poisson,2231,,,,3:1:0:2231,,test,4,624.9613289736639,,,,,,,,,,,,,,,,,,,,0.0,,,1,625,1,exact,,,,,,,,1.8416998500470072e-05,586a2a7d6a58a89bb2fa61234c934456d6b509c5
dv3-A-poisson-002232,3,A,poisson,2232,,,,3:1:0:2232,,test,4,711.4227371686274,,,,,,,,,,,,,,,,,,,,0.0,,,1,698,1,exact,,,,,,,,1.779200101736933e-05,3ea674e0a570a552253eb7cc779050e6cb7ea831
dv3-A-poisson-002233,3,A,poisson,2233,,,,3:1:0:2233,,test,4,178.89149067524556,,,,,,,,,,,,,,,,,,,,0.0,,,1,178,1,exact,,,,,,,,1.1375002941349521e-05,cd521a8412c9b506888bce24b974daf6d177d464
dv3-A-poisson-002234,3,A,poisson,2234,,,,3:1:0:2234,,test,4,588.2443242969508,,,,,,,,,,,,,,,,,,,,0.0,,,1,576,1,exact,,,,,,,,1.9249997421866283e-05,88d2f7f99dc147f644b3374f010de4f05143bafd
dv3-A-poisson-002235,3,A,poisson,2235,,,,3:1:0:2235,,test,4,403.1649627382199,,,,,,,,,,,,,,,,,,,,0.0,,,1,409,1,exact,,,,,,,,1.4207998901838437e-05,209dda5eb24801794bf7326af2ccba47be68afae
dv3-A-poisson-002236,3,A,poisson,2236,,,,3:1:0:2236,,test,4,190.7909048708135,,,,,,,,,,,,,,,,,,,,0.0,,,1,190,1,exact,,,,,,,,1.1665997590171173e-05,85a8d74579a4025426115deb3f4b0042606cd2b5
dv3-A-poisson-002237,3,A,poisson,2237,,,,3:1:0:2237,,test,4,467.0170932214513,,,,,,,,,,,,,,,,,,,,0.0,,,1,451,1,exact,,,,,,,,1.599999814061448e-05,bdcf6f0b885c28ea5aafd5e98645a2a6388211b9
dv3-A-poisson-002238,3,A,poisson,2238,,,,3:1:0:2238,,test,4,125.90033874320645,,,,,,,,,,,,,,,,,,,,0.0,,,1,130,1,exact,,,,,,,,1.1083000572398305e-05,5ce596173a5ee86cb2213052c9644d076be5f6de
dv3-A-poisson-002239,3,A,poisson,2239,,,,3:1:0:2239,,test,4,262.93828510766576,,,,,,,,,,,,,,,,,,,,0.0,,,1,262,1,exact,,,,,,,,1.2542001059046015e-05,5116464915676b6cf14f5c72717564bfd11fdaa9
dv3-A-poisson-002240,3,A,poisson,2240,,,,3:1:0:2240,,test,4,731.1866649536324,,,,,,,,,,,,,,,,,,,,0.0,,,1,720,1,exact,,,,,,,,1.9416002032812685e-05,dd14194007c3155685c96292c72945fa6aa40b24
dv3-A-poisson-002241,3,A,poisson,2241,,,,3:1:0:2241,,test,4,147.79782790064556,,,,,,,,,,,,,,,,,,,,0.0,,,1,139,1,exact,,,,,,,,1.1125001037726179e-05,be668404d5f6705a85b2f9a9ad7ce9539cb010b0
dv3-A-poisson-002242,3,A,poisson,2242,,,,3:1:0:2242,,test,4,798.6801485615069,,,,,,,,,,,,,,,,,,,,0.0,,,1,831,1,exact,,,,,,,,2.1583000489044935e-05,ed0b718eb861fad412f7cb22270a9169c09608e5
dv3-A-poisson-002243,3,A,poisson,2243,,,,3:1:0:2243,,test,4,579.0025383671173,,,,,,,,,,,,,,,,,,,,0.0,,,1,554,1,exact,,,,,,,,1.6332996892742813e-05,099caf4e7531add3477679aaf187c3a56b42b5e1
dv3-A-poisson-002244,3,A,poisson,2244,,,,3:1:0:2244,,test,4,145.05969752006285,,,,,,,,,,,,,,,,,,,,0.0,,,1,106,1,exact,,,,,,,,1.0667001333786175e-05,7a07b4817adddc849df3d597e839d1d487c90ce2
dv3-A-poisson-002245,3,A,poisson,2245,,,,3:1:0:2245,,test,4,328.7026882389216,,,,,,,,,,,,,,,,,,,,0.0,,,1,334,1,exact,,,,,,,,1.3583998224930838e-05,0d6635765b857221b559e3ce405a07df9cf1de04
dv3-A-poisson-002246,3,A,poisson,2246,,,,3:1:0:2246,,test,4,507.4709106273243,,,,,,,,,,,,,,,,,,,,0.0,,,1,499,1,exact,,,,,,,,1.562500256113708e-05,19a7d72a4f60c33a25bac9caefcf19f08bf6ee44
dv3-A-poisson-002247,3,A,poisson,2247,,,,3:1:0:2247,,test,4,777.6343919677105,,,,,,,,,,,,,,,,,,,,0.0,,,1,729,1,exact,,,,,,,,1.966600029845722e-05,5c4682d74e2bb97c7d42e67958216d6fac9af2e3
dv3-A-poisson-002248,3,A,poisson,2248,,,,3:1:0:2248,,test,4,554.4467132650846,,,,,,,,,,,,,,,,,,,,0.0,,,1,549,1,exact,,,,,,,,1.645800148253329e-05,64ae8c7fb75ef0d52c18cbf15ea2928082903915
dv3-A-poisson-002249,3,A,poisson,2249,,,,3:1:0:2249,,test,4,140.26750024149035,,,,,,,,,,,,,,,,,,,,0.0,,,1,128,1,exact,,,,,,,,1.0750001820269972e-05,994528169c61e23aab539f0d1e9fe105bd268567
dv3-A-poisson-002250,3,A,poisson,2250,,,,3:1:0:2250,,test,4,102.97895607116605,,,,,,,,,,,,,,,,,,,,0.0,,,1,94,1,exact,,,,,,,,1.0416999430162832e-05,caa91fe214e53e656692e541cf611fd70242a4de
dv3-A-poisson-002251,3,A,poisson,2251,,,,3:1:0:2251,,test,4,180.63559806025927,,,,,,,,,,,,,,,,,,,,0.0,,,1,180,1,exact,,,,,,,,1.1499996617203578e-05,bd0d70e554730ac277532cf55dbf1350d2a56ae2
dv3-A-poisson-002252,3,A,poisson,2252,,,,3:1:0:2252,,test,4,367.5491115856528,,,,,,,,,,,,,,,,,,,,0.0,,,1,346,1,exact,,,,,,,,1.3582997780758888e-05,a07cd80acfee18fc3e97eb12913f745168235410
dv3-A-poisson-002253,3,A,poisson,2253,,,,3:1:0:2253,,test,4,460.3637940836742,,,,,,,,,,,,,,,,,,,,0.0,,,1,454,1,exact,,,,,,,,1.6958998457994312e-05,e9e4defd08f589005dbaa7ef9ab9f9e11b364776
dv3-A-poisson-002254,3,A,poisson,2254,,,,3:1:0:2254,,test,4,336.40585434720515,,,,,,,,,,,,,,,,,,,,0.0,,,1,325,1,exact,,,,,,,,1.3208002201281488e-05,fd6ee06c88299912ad2c657fc48ace693972de25
dv3-A-poisson-002255,3,A,poisson,2255,,,,3:1:0:2255,,test,4,182.58636672609677,,,,,,,,,,,,,,,,,,,,0.0,,,1,214,1,exact,,,,,,,,1.195900040329434e-05,b109500fee2ffab4381be1659187c7891a68bd45
dv3-A-poisson-002256,3,A,poisson,2256,,,,3:1:0:2256,,test,4,183.51513508621963,,,,,,,,,,,,,,,,,,,,0.0,,,1,209,1,exact,,,,,,,,1.1750002158805728e-05,158f1d7faa6aca56ff0d7c46eb8abdc0fdf7ef2b
dv3-A-poisson-002257,3,A,poisson,2257,,,,3:1:0:2257,,test,4,449.2837811457939,,,,,,,,,,,,,,,,,,,,0.0,,,1,440,1,exact,,,,,,,,1.6165999113582075e-05,b14c3bd823dced0cc73d4e65691f6ad877882b05
dv3-A-poisson-002258,3,A,poisson,2258,,,,3:1:0:2258,,test,4,162.88971263288815,,,,,,,,,,,,,,,,,,,,0.0,,,1,180,1,exact,,,,,,,,1.1416999768698588e-05,4ba90013cd890da5fdc4e5f8c8a395c16ce65bbe
dv3-A-poisson-002259,3,A,poisson,2259,,,,3:1:0:2259,,test,4,338.5740079795748,,,,,,,,,,,,,,,,,,,,0.0,,,1,362,1,exact,,,,,,,,1.375000283587724e-05,6e8f50ebb19ca2877e5af4e76e9efca91b507bf4
dv3-A-poisson-002260,3,A,poisson,2260,,,,3:1:0:2260,,test,4,691.2064637506313,,,,,,,,,,,,,,,,,,,,0.0,,,1,715,1,exact,,,,,,,,1.9916999008273706e-05,0e3e7705513badf99c3c6f318ee15bb2e545e828
dv3-A-poisson-002261,3,A,poisson,2261,,,,3:1:0:2261,,test,4,322.65139611801453,,,,,,,,,,,,,,,,,,,,0.0,,,1,342,1,exact,,,,,,,,1.3916000170866027e-05,c482701c00eaa38892b9b9e22b495886b665932d
dv3-A-poisson-002262,3,A,poisson,2262,,,,3:1:0:2262,,test,4,352.3282380997765,,,,,,,,,,,,,,,,,,,,0.0,,,1,354,1,exact,,,,,,,,1.383299968438223e-05,0e58e02900564dc41b3055976b7c7db87cbef7b4
dv3-A-poisson-002263,3,A,poisson,2263,,,,3:1:0:2263,,test,4,672.3931566438009,,,,,,,,,,,,,,,,,,,,0.0,,,1,639,1,exact,,,,,,,,1.6792000678833574e-05,6286ec0be83164a8d302da1277b47f1082bbe314
dv3-A-poisson-002264,3,A,poisson,2264,,,,3:1:0:2264,,test,4,134.80525487110424,,,,,,,,,,,,,,,,,,,,0.0,,,1,120,1,exact,,,,,,,,1.2500000593718141e-05,6e096169aee8dd849acb190f5b405bb07eec3af9
dv3-A-poisson-002265,3,A,poisson,2265,,,,3:1:0:2265,,test,4,165.64248039277263,,,,,,,,,,,,,,,,,,,,0.0,,,1,161,1,exact,,,,,,,,1.1249998351559043e-05,1cf3ba75fc3bbc8f746f5226b87c86f228c836f7
dv3-A-poisson-002266,3,A,poisson,2266,,,,3:1:0:2266,,test,4,100.76024714017571,,,,,,,,,,,,,,,,,,,,0.0,,,1,115,1,exact,,,,,,,,1.0542000381974503e-05,1d21233cb17e71aabf249ff89f1b723532941e34
dv3-A-poisson-002267,3,A,poisson,2267,,,,3:1:0:2267,,test,4,156.52783783521113,,,,,,,,,,,,,,,,,,,,0.0,,,1,146,1,exact,,,,,,,,1.1041000107070431e-05,f24bbded30176a8ed1a5d63ddff03ff484b810b8
dv3-A-poisson-002268,3,A,poisson,2268,,,,3:1:0:2268,,test,4,174.20207664246917,,,,,,,,,,,,,,,,,,,,0.0,,,1,161,1,exact,,,,,,,,1.1167001503054053e-05,287cb44e1f30161057ced207a1198c2ff3e9bc8d
dv3-A-poisson-002269,3,A,poisson,2269,,,,3:1:0:2269,,test,4,566.6895812660197,,,,,,,,,,,,,,,,,,,,0.0,,,1,572,1,exact,,,,,,,,1.612499909242615e-05,6b58d1b952ed046378f7feee8551618144e6ef5f
dv3-A-poisson-002270,3,A,poisson,2270,,,,3:1:0:2270,,test,4,207.43826583196898,,,,,,,,,,,,,,,,,,,,0.0,,,1,223,1,exact,,,,,,,,1.195799995912239e-05,f4929bbde8672d7904d1912cc8de8017288d9583
dv3-A-poisson-002271,3,A,poisson,2271,,,,3:1:0:2271,,test,4,111.81076021352156,,,,,,,,,,,,,,,,,,,,0.0,,,1,112,1,exact,,,,,,,,1.0249998013023287e-05,38d2ba5ef4e65ea8666ced8eb8267a01fa13a62f
dv3-A-poisson-002272,3,A,poisson,2272,,,,3:1:0:2272,,test,4,496.1038667626081,,,,,,,,,,,,,,,,,,,,0.0,,,1,507,1,exact,,,,,,,,1.7458001821069047e-05,ac92d4302f7878cc21800d2546a1b22e7f14c061
dv3-A-poisson-002273,3,A,poisson,2273,,,,3:1:0:2273,,test,4,501.6683058083866,,,,,,,,,,,,,,,,,,,,0.0,,,1,502,1,exact,,,,,,,,1.5833000361453742e-05,d17bf8026e85a65f3e2868ac989e8434c88dce59
dv3-A-poisson-002274,3,A,poisson,2274,,,,3:1:0:2274,,test,4,156.15875925762063,,,,,,,,,,,,,,,,,,,,0.0,,,1,161,1,exact,,,,,,,,1.1207997886231169e-05,e10c6423dd494058903e3c50a8b544a11b55425d
dv3-A-poisson-002275,3,A,poisson,2275,,,,3:1:0:2275,,test,4,254.5634012666489,,,,,,,,,,,,,,,,,,,,0.0,,,1,250,1,exact,,,,,,,,1.2541000614874065e-05,d57618676713d84b195ade38e9c2e2f0c0e21e2f
dv3-A-poisson-002276,3,A,poisson,2276,,,,3:1:0:2276,,test,4,176.77745146891934,,,,,,,,,,,,,,,,,,,,0.0,,,1,195,1,exact,,,,,,,,1.312500171479769e-05,3f15f02b55b3ff6cae376bffb469997e334f29f8
dv3-A-poisson-002277,3,A,poisson,2277,,,,3:1:0:2277,,test,4,308.68655269919753,,,,,,,,,,,,,,,,,,,,0.0,,,1,296,1,exact,,,,,,,,1.312500171479769e-05,4e7e323a2874ea22b7c79a0aaa2ce59160602e30
dv3-A-poisson-002278,3,A,poisson,2278,,,,3:1:0:2278,,test,4,264.32739233864316,,,,,,,,,,,,,,,,,,,,0.0,,,1,263,1,exact,,,,,,,,1.2542001059046015e-05,7f92f80d37fa9f7f5e8f89241e03b61eb6e6c630
dv3-A-poisson-002279,3,A,poisson,2279,,,,3:1:0:2279,,test,4,360.4778231213581,,,,,,,,,,,,,,,,,,,,0.0,,,1,361,1,exact,,,,,,,,1.5415997040690854e-05,bb3d0822d6bf679621d6257261fd5f4de434257c
dv3-A-poisson-002280,3,A,poisson,2280,,,,3:1:0:2280,,test,4,143.79437034627625,,,,,,,,,,,,,,,,,,,,0.0,,,1,129,1,exact,,,,,,,,1.0749998182291165e-05,da59548c6d6fa2927a851d05db3b6a5e7e5d6c73
dv3-A-poisson-002281,3,A,poisson,2281,,,,3:1:0:2281,,test,4,376.2348950369947,,,,,,,,,,,,,,,,,,,,0.0,,,1,376,1,exact,,,,,,,,1.3833996490575373e-05,b720e610f13a9a18d424bd8a3d5c2128c5f380c1
dv3-A-poisson-002282,3,A,poisson,2282,,,,3:1:0:2282,,test,4,193.68558418995593,,,,,,,,,,,,,,,,,,,,0.0,,,1,204,1,exact,,,,,,,,1.1832999007310718e-05,fb807adaf822f96a70273f00f58d921a760b209c
dv3-A-poisson-002283,3,A,poisson,2283,,,,3:1:0:2283,,test,4,179.599503328868,,,,,,,,,,,,,,,,,,,,0.0,,,1,184,1,exact,,,,,,,,1.3208002201281488e-05,bf01965fe58433c6418e10f95d236ed3261a90b1
dv3-A-poisson-002284,3,A,poisson,2284,,,,3:1:0:2284,,test,4,204.39708709784065,,,,,,,,,,,,,,,,,,,,0.0,,,1,233,1,exact,,,,,,,,1.208300091093406e-05,c9e79ad60f84c5baf8d01931c4fc64641a850df5
dv3-A-poisson-002285,3,A,poisson,2285,,,,3:1:0:2285,,test,4,736.8861730829818,,,,,,,,,,,,,,,,,,,,0.0,,,1,796,1,exact,,,,,,,,2.0250001398380846e-05,617243a3d8a0b35f46029a51465dcccf21804f3b
dv3-A-poisson-002286,3,A,poisson,2286,,,,3:1:0:2286,,test,4,296.99901989204704,,,,,,,,,,,,,,,,,,,,0.0,,,1,305,1,exact,,,,,,,,1.308299761149101e-05,11493b966270203e402ff7e537cd459060852e92
dv3-A-poisson-002287,3,A,poisson,2287,,,,3:1:0:2287,,test,4,253.43464165087184,,,,,,,,,,,,,,,,,,,,0.0,,,1,237,1,exact,,,,,,,,1.2166998203611001e-05,8200ca85da6927ad49a4313b64f845479081b701
dv3-A-poisson-002288,3,A,poisson,2288,,,,3:1:0:2288,,test,4,248.0736844556254,,,,,,,,,,,,,,,,,,,,0.0,,,1,229,1,exact,,,,,,,,1.208300091093406e-05,dc7289e2963162e37a437e280be4af24e128edf4
dv3-A-poisson-002289,3,A,poisson,2289,,,,3:1:0:2289,,test,4,577.6581261889086,,,,,,,,,,,,,,,,,,,,0.0,,,1,598,1,exact,,,,,,,,1.8292001186637208e-05,640f91928c58104dccadc31916d5a13909774033
dv3-A-poisson-002290,3,A,poisson,2290,,,,3:1:0:2290,,test,4,348.7130493725323,,,,,,,,,,,,,,,,,,,,0.0,,,1,366,1,exact,,,,,,,,1.5499997971346602e-05,eac831e8112dfee4991180b20ec7cbe8f42a5c9d
dv3-A-poisson-002291,3,A,poisson,2291,,,,3:1:0:2291,,test,4,664.1751088054388,,,,,,,,,,,,,,,,,,,,0.0,,,1,605,1,exact,,,,,,,,1.820800025598146e-05,06849bab590ce74eb8ce866d1a41ca729c6a891e
dv3-A-poisson-002292,3,A,poisson,2292,,,,3:1:0:2292,,test,4,108.44583444198005,,,,,,,,,,,,,,,,,,,,0.0,,,1,112,1,exact,,,,,,,,1.237499964190647e-05,bd019adc69d9cef90a75628c95652c2d95a2c211
dv3-A-poisson-002293,3,A,poisson,2293,,,,3:1:0:2293,,test,4,102.16647041741906,,,,,,,,,,,,,,,,,,,,0.0,,,1,100,1,exact,,,,,,,,1.049999991664663e-05,5664ea84557476edc6ed2cdba059912658d34757
dv3-A-poisson-002294,3,A,poisson,2294,,,,3:1:0:2294,,test,4,192.94488802349554,,,,,,,,,,,,,,,,,,,,0.0,,,1,187,1,exact,,,,,,,,1.1457999789854512e-05,bd6e6759a1a0bb75ed6e8600de85d06949a19c35
dv3-A-poisson-002295,3,A,poisson,2295,,,,3:1:0:2295,,test,4,778.0550943179298,,,,,,,,,,,,,,,,,,,,0.0,,,1,786,1,exact,,,,,,,,1.920799695653841e-05,00ac67624f18acd16ef933651c29e0d3b130b51e
dv3-A-poisson-002296,3,A,poisson,2296,,,,3:1:0:2296,,test,4,185.33551477622086,,,,,,,,,,,,,,,,,,,,0.0,,,1,167,1,exact,,,,,,,,1.1415999324526638e-05,e1c4e83d469006cacbb4effb1d70758892d7c327
dv3-A-poisson-002297,3,A,poisson,2297,,,,3:1:0:2297,,test,4,159.0103001931485,,,,,,,,,,,,,,,,,,,,0.0,,,1,159,1,exact,,,,,,,,1.1041000107070431e-05,5ec20f92c81ff9ba8d37d414860603ccc0dadb8a
dv3-A-poisson-002298,3,A,poisson,2298,,,,3:1:0:2298,,test,4,396.4657601199032,,,,,,,,,,,,,,,,,,,,0.0,,,1,398,1,exact,,,,,,,,1.4208999346010387e-05,96447c49d47e597e6fef652d6febacc0c050fee7
dv3-A-poisson-002299,3,A,poisson,2299,,,,3:1:0:2299,,test,4,675.9751023410279,,,,,,,,,,,,,,,,,,,,0.0,,,1,675,1,exact,,,,,,,,1.912500010803342e-05,b068288533726e690bfc2c6b408c3a97c57b2f7c
dv3-A-poisson-002300,3,A,poisson,2300,,,,3:1:0:2300,,test,4,567.0287614454861,,,,,,,,,,,,,,,,,,,,0.0,,,1,580,1,exact,,,,,,,,1.654099833103828e-05,9aa9de67b2ba3c20ccbc58e1e6bedd6a8129263c
dv3-A-poisson-002301,3,A,poisson,2301,,,,3:1:0:2301,,test,4,519.4518441276491,,,,,,,,,,,,,,,,,,,,0.0,,,1,547,1,exact,,,,,,,,1.5916997654130682e-05,50dcd23d34b3e40b18b38b5d76b1e572c62d0b94
dv3-A-poisson-002302,3,A,poisson,2302,,,,3:1:0:2302,,test,4,338.5400600768243,,,,,,,,,,,,,,,,,,,,0.0,,,1,365,1,exact,,,,,,,,1.550000160932541e-05,5b131845c5020bdd49de504b001736f896c6ef9f
dv3-A-poisson-002303,3,A,poisson,2303,,,,3:1:0:2303,,test,4,123.19835431711412,,,,,,,,,,,,,,,,,,,,0.0,,,1,130,1,exact,,,,,,,,1.0750001820269972e-05,d13cdac8580f0534ac82cad8f08fac3e9880bfac
dv3-A-poisson-002304,3,A,poisson,2304,,,,3:1:0:2304,,test,4,151.2205552682118,,,,,,,,,,,,,,,,,,,,0.0,,,1,164,1,exact,,,,,,,,1.125000198953785e-05,fdbb2e09f380489b3218dbc28b045dd9d48cbaa4
dv3-A-poisson-002305,3,A,poisson,2305,,,,3:1:0:2305,,test,4,435.75140927123294,,,,,,,,,,,,,,,,,,,,0.0,,,1,435,1,exact,,,,,,,,1.4416000340133905e-05,8c015ee82427c5fec9bee426887c59377ed79633
dv3-A-poisson-002306,3,A,poisson,2306,,,,3:1:0:2306,,test,4,121.96124490543967,,,,,,,,,,,,,,,,,,,,0.0,,,1,125,1,exact,,,,,,,,1.0707997716963291e-05,1047bceeea5c8482d7aa9845036b8120fb6be1c5
dv3-A-poisson-002307,3,A,poisson,2307,,,,3:1:0:2307,,test,4,605.5158695146663,,,,,,,,,,,,,,,,,,,,0.0,,,1,589,1,exact,,,,,,,,1.6250000044237822e-05,067f8854b272850a0f817a02e7d987e2ad13740b
dv3-A-poisson-002308,3,A,poisson,2308,,,,3:1:0:2308,,test,4,105.19737817822912,,,,,,,,,,,,,,,,,,,,0.0,,,1,119,1,exact,,,,,,,,1.0374998964834958e-05,93002d46218563ac7ee4aadf21ced704110fecc2
dv3-A-poisson-002309,3,A,poisson,2309,,,,3:1:0:2309,,test,4,133.52252161071047,,,,,,,,,,,,,,,,,,,,0.0,,,1,145,1,exact,,,,,,,,1.1000000085914508e-05,77077049c72be24deca4a2881840a4ce1a780fa8
dv3-A-poisson-002310,3,A,poisson,2310,,,,3:1:0:2310,,test,4,190.28233499096072,,,,,,,,,,,,,,,,,,,,0.0,,,1,190,1,exact,,,,,,,,1.1374999303370714e-05,5b6685ee10e2622e2359d8c48211c239cd860d95
dv3-A-poisson-002311,3,A,poisson,2311,,,,3:1:0:2311,,test,4,118.64564029303195,,,,,,,,,,,,,,,,,,,,0.0,,,1,114,1,exact,,,,,,,,1.2541997421067208e-05,ddbea419f0b31eb9284f8d5d57612fa82e446e9c
dv3-A-poisson-002312,3,A,poisson,2312,,,,3:1:0:2312,,test,4,364.23260300088776,,,,,,,,,,,,,,,,,,,,0.0,,,1,384,1,exact,,,,,,,,1.416700251866132e-05,9ba6c5f965d491ab678880deb763504f0dd31e73
dv3-A-poisson-002313,3,A,poisson,2313,,,,3:1:0:2313,,test,4,626.1907942457296,,,,,,,,,,,,,,,,,,,,0.0,,,1,669,1,exact,,,,,,,,1.9000002794200554e-05,f81543e2b3aa45d998c9f4ef5fe0d08c72781c96
dv3-A-poisson-002314,3,A,poisson,2314,,,,3:1:0:2314,,test,4,344.4510754119531,,,,,,,,,,,,,,,,,,,,0.0,,,1,358,1,exact,,,,,,,,1.3625001884065568e-05,d3c048203c46a9753661fc3be38ed6f1bdddaba8
dv3-A-poisson-002315,3,A,poisson,2315,,,,3:1:0:2315,,test,4,447.1888622641738,,,,,,,,,,,,,,,,,,,,0.0,,,1,441,1,exact,,,,,,,,1.4707999071106315e-05,c4dbb4335f9a27d8987b0164dcfccfe7a120d234
dv3-A-poisson-002316,3,A,poisson,2316,,,,3:1:0:2316,,test,4,113.24252166828362,,,,,,,,,,,,,,,,,,,,0.0,,,1,106,1,exact,,,,,,,,1.049999991664663e-05,94d0070a4d4029bc99462d997ba0ee08a0431610
dv3-A-poisson-002317,3,A,poisson,2317,,,,3:1:0:2317,,test,4,111.3363046953986,,,,,,,,,,,,,,,,,,,,0.0,,,1,111,1,exact,,,,,,,,1.020800118567422e-05,7f6d7f8485f71ca87b19ff290b4401c13e2be1ee
dv3-A-poisson-002318,3,A,poisson,2318,,,,3:1:0:2318,,test,4,717.30210609974,,,,,,,,,,,,,,,,,,,,0.0,,,1,708,1,exact,,,,,,,,1.966700074262917e-05,8bd0fb18ee82c136accef950d81002460460712c
dv3-A-poisson-002319,3,A,poisson,2319,,,,3:1:0:2319,,test,4,163.78672049440036,,,,,,,,,,,,,,,,,,,,0.0,,,1,138,1,exact,,,,,,,,1.0959000064758584e-05,438c2a6c5bdeb59790535488f165fe257b6cb07a
dv3-A-poisson-002320,3,A,poisson,2320,,,,3:1:0:2320,,test,4,105.90384603203292,,,,,,,,,,,,,,,,,,,,0.0,,,1,104,1,exact,,,,,,,,1.0291998478351161e-05,ae101ed2e5c3219d981934121e576686e3d70824
dv3-A-poisson-002321,3,A,poisson,2321,,,,3:1:0:2321,,test,4,229.12935025366448,,,,,,,,,,,,,,,,,,,,0.0,,,1,211,1,exact,,,,,,,,1.1541997082531452e-05,e445df3d48c4458596eb6968143743ba29929fd0
dv3-A-poisson-002322,3,A,poisson,2322,,,,3:1:0:2322,,test,4,469.44899262496085,,,,,,,,,,,,,,,,,,,,0.0,,,1,447,1,exact,,,,,,,,1.5000001440057531e-05,703d8ada6122f48462f5b6654f0cf88a9c3a21ea
dv3-A-poisson-002323,3,A,poisson,2323,,,,3:1:0:2323,,test,4,476.9044049073683,,,,,,,,,,,,,,,,,,,,0.0,,,1,467,1,exact,,,,,,,,1.4917000953573734e-05,0a566270a9b4fef5c25a04d1a9911bf94aa7b3a9
dv3-A-poisson-002324,3,A,poisson,2324,,,,3:1:0:2324,,test,4,345.61886782685815,,,,,,,,,,,,,,,,,,,,0.0,,,1,358,1,exact,,,,,,,,1.3458000466926023e-05,99e02d289705471ebeee8e72b5596793245972e3
dv3-A-poisson-002325,3,A,poisson,2325,,,,3:1:0:2325,,test,4,111.23271356919795,,,,,,,,,,,,,,,,,,,,0.0,,,1,105,1,exact,,,,,,,,1.0542000381974503e-05,d61bc0d2b39fa28a0b45d3a2f2be9c188b0ce1ec
dv3-A-poisson-002326,3,A,poisson,2326,,,,3:1:0:2326,,test,4,143.1186779492526,,,,,,,,,,,,,,,,,,,,0.0,,,1,138,1,exact,,,,,,,,1.0708998161135241e-05,bf443f265ca149fee35d0f6cd74bbe509022f9f4
dv3-A-poisson-002327,3,A,poisson,2327,,,,3:1:0:2327,,test,4,575.423524607019,,,,,,,,,,,,,,,,,,,,0.0,,,1,582,1,exact,,,,,,,,1.745799818309024e-05,bde404dad7f0e30b2d8280acd29d3acf775329ee
dv3-A-poisson-002328,3,A,poisson,2328,,,,3:1:0:2328,,test,4,779.7230954470415,,,,,,,,,,,,,,,,,,,,0.0,,,1,805,1,exact,,,,,,,,2.0874998881481588e-05,2f9a18564b60ec55a61f609078bc42b3cd7cde97
dv3-A-poisson-002329,3,A,poisson,2329,,,,3:1:0:2329,,test,4,137.31906777011488,,,,,,,,,,,,,,,,,,,,0.0,,,1,118,1,exact,,,,,,,,1.0374998964834958e-05,85d4d5e0e6372e69bdbd9efcb42e4496bae184d0
dv3-A-poisson-002330,3,A,poisson,2330,,,,3:1:0:2330,,test,4,270.55719041139287,,,,,,,,,,,,,,,,,,,,0.0,,,1,270,1,exact,,,,,,,,0.00014195800031302497,7d9176acc7cd75e286068ef964a608691f3bcee2
dv3-A-poisson-002331,3,A,poisson,2331,,,,3:1:0:2331,,test,4,567.5388514275172,,,,,,,,,,,,,,,,,,,,0.0,,,1,552,1,exact,,,,,,,,5.079200127511285e-05,aa08030e3fee6a5c6f7f434d5f74b4a3f8a491c8
dv3-A-poisson-002332,3,A,poisson,2332,,,,3:1:0:2332,,test,4,164.69352016068967,,,,,,,,,,,,,,,,,,,,0.0,,,1,150,1,exact,,,,,,,,3.929200101993047e-05,37f7e05a87500e5fb0ecbe48d5cd89a1d1682756
dv3-A-poisson-002333,3,A,poisson,2333,,,,3:1:0:2333,,test,4,251.87664832982622,,,,,,,,,,,,,,,,,,,,0.0,,,1,262,1,exact,,,,,,,,2.7375001081964e-05,8d706d28857b3291fb95c81b355c55156a58a1b8
dv3-A-poisson-002334,3,A,poisson,2334,,,,3:1:0:2334,,test,4,174.0652278330318,,,,,,,,,,,,,,,,,,,,0.0,,,1,159,1,exact,,,,,,,,2.420799864921719e-05,f8b78f7e54e3d364ac4f45bd787f3f76a1699823
dv3-A-poisson-002335,3,A,poisson,2335,,,,3:1:0:2335,,test,4,474.5797534760622,,,,,,,,,,,,,,,,,,,,0.0,,,1,474,1,exact,,,,,,,,3.233399911550805e-05,0e5767edd064b27e40b89e12dd8f273e707d286c
dv3-A-poisson-002336,3,A,poisson,2336,,,,3:1:0:2336,,test,4,304.2025291322458,,,,,,,,,,,,,,,,,,,,0.0,,,1,258,1,exact,,,,,,,,2.6457997591933236e-05,43b15e5d57130eb0642ead5692c0dc9d40ef55da
dv3-A-poisson-002337,3,A,poisson,2337,,,,3:1:0:2337,,test,4,646.2041523505886,,,,,,,,,,,,,,,,,,,,0.0,,,1,653,1,exact,,,,,,,,4.1041999793378636e-05,f81a28b1ddfb97a35e9b63a3520f1b2f376a3de2
dv3-A-poisson-002338,3,A,poisson,2338,,,,3:1:0:2338,,test,4,205.68129557912113,,,,,,,,,,,,,,,,,,,,0.0,,,1,180,1,exact,,,,,,,,2.4291002773679793e-05,19867412e1a537d1eb2c98a2a305ca70cca1202e
dv3-A-poisson-002339,3,A,poisson,2339,,,,3:1:0:2339,,test,4,303.077394220128,,,,,,,,,,,,,,,,,,,,0.0,,,1,306,1,exact,,,,,,,,2.7333000616636127e-05,1cbf552a23b02acb91633b1d10aba766c2c7d122
dv3-A-poisson-002340,3,A,poisson,2340,,,,3:1:0:2340,,test,4,489.53571070524885,,,,,,,,,,,,,,,,,,,,0.0,,,1,474,1,exact,,,,,,,,4.875000013271347e-05,1c51935d8eb4d67e2e9e0b0398111b1cff03519d
dv3-A-poisson-002341,3,A,poisson,2341,,,,3:1:0:2341,,test,4,633.9265373509795,,,,,,,,,,,,,,,,,,,,0.0,,,1,644,1,exact,,,,,,,,3.599999763537198e-05,0882b6136d2a6c2f83721514631d19bca7c7b0c9
dv3-A-poisson-002342,3,A,poisson,2342,,,,3:1:0:2342,,test,4,157.4738454901898,,,,,,,,,,,,,,,,,,,,0.0,,,1,164,1,exact,,,,,,,,2.3541000700788572e-05,f65eff3f5484974df87ce7f77b516cc976fd5d05
dv3-A-poisson-002343,3,A,poisson,2343,,,,3:1:0:2343,,test,4,451.335447507396,,,,,,,,,,,,,,,,,,,,0.0,,,1,443,1,exact,,,,,,,,3.016600021510385e-05,2b53c5d43770aea86abff1a4cf49be556793dab6
dv3-A-poisson-002344,3,A,poisson,2344,,,,3:1:0:2344,,test,4,110.2513768769571,,,,,,,,,,,,,,,,,,,,0.0,,,1,109,1,exact,,,,,,,,2.2707998141413555e-05,ea125aea0925b040fac514c78d2a639e250f808f
dv3-A-poisson-002345,3,A,poisson,2345,,,,3:1:0:2345,,test,4,563.5744768711438,,,,,,,,,,,,,,,,,,,,0.0,,,1,584,1,exact,,,,,,,,3.441700027906336e-05,e6aca642dd44336f1fb907f5fec4ef6008edf451
dv3-A-poisson-002346,3,A,poisson,2346,,,,3:1:0:2346,,test,4,625.0433908136263,,,,,,,,,,,,,,,,,,,,0.0,,,1,627,1,exact,,,,,,,,3.5207998735131696e-05,235e9bd1bac033a0ed340aee0d6a8e36708c11e1
dv3-A-poisson-002347,3,A,poisson,2347,,,,3:1:0:2347,,test,4,461.07244343766763,,,,,,,,,,,,,,,,,,,,0.0,,,1,431,1,exact,,,,,,,,2.9917002393631265e-05,4e7cdd1de1810ff72989b78091782b3cc6f0170c
dv3-A-poisson-002348,3,A,poisson,2348,,,,3:1:0:2348,,test,4,538.509615445371,,,,,,,,,,,,,,,,,,,,0.0,,,1,478,1,exact,,,,,,,,3.0750001315027475e-05,761f0081d0367d7c39376dbd8d35adc79267b9af
dv3-A-poisson-002349,3,A,poisson,2349,,,,3:1:0:2349,,test,4,661.029478511557,,,,,,,,,,,,,,,,,,,,0.0,,,1,681,1,exact,,,,,,,,3.670899968710728e-05,abe20c6881e0867deb6cbd2171aa7f1622882131
dv3-A-poisson-002350,3,A,poisson,2350,,,,3:1:0:2350,,test,4,293.4517402994586,,,,,,,,,,,,,,,,,,,,0.0,,,1,304,1,exact,,,,,,,,2.6874997274717316e-05,01df9f355ac8ba974090cfa052ad42084d04bc39
dv3-A-poisson-002351,3,A,poisson,2351,,,,3:1:0:2351,,test,4,628.8519280249953,,,,,,,,,,,,,,,,,,,,0.0,,,1,615,1,exact,,,,,,,,3.9999998989515007e-05,f1ff9eb4ae17730de90c482bd38d6b5e96b012f1
dv3-A-poisson-002352,3,A,poisson,2352,,,,3:1:0:2352,,test,4,189.97222098306614,,,,,,,,,,,,,,,,,,,,0.0,,,1,213,1,exact,,,,,,,,2.4666998797329143e-05,dce59b8dea671ab474ecb7633b13f080cfca9393
dv3-A-poisson-002353,3,A,poisson,2353,,,,3:1:0:2353,,test,4,674.4939244329765,,,,,,,,,,,,,,,,,,,,0.0,,,1,734,1,exact,,,,,,,,4.6332999772857875e-05,3dcb13082e10b612c4b4da24da4dab8694e62f58
dv3-A-poisson-002354,3,A,poisson,2354,,,,3:1:0:2354,,test,4,106.96131404955113,,,,,,,,,,,,,,,,,,,,0.0,,,1,103,1,exact,,,,,,,,2.2125001123640686e-05,3ec5c08ea658641d1c93a095b5408427bb8649fe
dv3-A-poisson-002355,3,A,poisson,2355,,,,3:1:0:2355,,test,4,489.89084023839354,,,,,,,,,,,,,,,,,,,,0.0,,,1,471,1,exact,,,,,,,,3.125000148429535e-05,8acf646f98dc679e5d5973b09031c33f18c6cf0e
dv3-A-poisson-002356,3,A,poisson,2356,,,,3:1:0:2356,,test,4,206.84544052869964,,,,,,,,,,,,,,,,,,,,0.0,,,1,194,1,exact,,,,,,,,2.40420013142284e-05,0e2dbf5c9952ebccc3c9746dcae0a71730b5c64e
dv3-A-poisson-002357,3,A,poisson,2357,,,,3:1:0:2357,,test,4,244.0425677028172,,,,,,,,,,,,,,,,,,,,0.0,,,1,235,1,exact,,,,,,,,2.4834000214468688e-05,d6e9827f23fcba40810321953354dd5015ce2285
dv3-A-poisson-002358,3,A,poisson,2358,,,,3:1:0:2358,,test,4,133.92293559689926,,,,,,,,,,,,,,,,,,,,0.0,,,1,134,1,exact,,,,,,,,2.2707998141413555e-05,6bf3aeb3aa5bb07ce6bdfc152f76b93c8c778d52
dv3-A-poisson-002359,3,A,poisson,2359,,,,3:1:0:2359,,test,4,222.2321432809498,,,,,,,,,,,,,,,,,,,,0.0,,,1,226,1,exact,,,,,,,,2.5541998184053227e-05,7d0a8e0bd9838117137528d2202a9f18a8b302b1
dv3-A-poisson-002360,3,A,poisson,2360,,,,3:1:0:2360,,test,4,370.4238766752807,,,,,,,,,,,,,,,,,,,,0.0,,,1,362,1,exact,,,,,,,,3.604099765652791e-05,c6d0999fb49aaa1856f1cec5049c0f6a7f16b0ea
dv3-A-poisson-002361,3,A,poisson,2361,,,,3:1:0:2361,,test,4,182.5633153007011,,,,,,,,,,,,,,,,,,,,0.0,,,1,185,1,exact,,,,,,,,2.3958000383572653e-05,9a6f8669dd94871ae7a35a16d9d4c776c11f86a4
dv3-A-poisson-002362,3,A,poisson,2362,,,,3:1:0:2362,,test,4,613.6446410960923,,,,,,,,,,,,,,,,,,,,0.0,,,1,635,1,exact,,,,,,,,4.037500184495002e-05,9b1dd0829de308e0e8afe61659585142a39415b2
dv3-A-poisson-002363,3,A,poisson,2363,,,,3:1:0:2363,,test,4,255.06275367485856,,,,,,,,,,,,,,,,,,,,0.0,,,1,233,1,exact,,,,,,,,2.4832999770296738e-05,840c64da9725512ee3f714d28f98037e1805fce1
dv3-A-poisson-002364,3,A,poisson,2364,,,,3:1:0:2364,,test,4,185.41398122850435,,,,,,,,,,,,,,,,,,,,0.0,,,1,181,1,exact,,,,,,,,2.3541997506981716e-05,decacba3e4e5a4c254bc6814d9099beb79cf15fb
dv3-A-poisson-002365,3,A,poisson,2365,,,,3:1:0:2365,,test,4,622.9549882544218,,,,,,,,,,,,,,,,,,,,0.0,,,1,626,1,exact,,,,,,,,3.462499807938002e-05,d539c6b2f13b5ea6388ba594c7190b6f4509b96c
dv3-A-poisson-002366,3,A,poisson,2366,,,,3:1:0:2366,,test,4,249.6043904068146,,,,,,,,,,,,,,,,,,,,0.0,,,1,249,1,exact,,,,,,,,2.5041001208592206e-05,8fc2b9b37c52f2075057275d39b85d3729964a54
dv3-A-poisson-002367,3,A,poisson,2367,,,,3:1:0:2367,,test,4,346.863917618068,,,,,,,,,,,,,,,,,,,,0.0,,,1,330,1,exact,,,,,,,,2.695800139917992e-05,172a47e9d536d7d6317881427c8d2ee1dde68532
dv3-A-poisson-002368,3,A,poisson,2368,,,,3:1:0:2368,,test,4,255.84046986103465,,,,,,,,,,,,,,,,,,,,0.0,,,1,275,1,exact,,,,,,,,2.5583001843187958e-05,412ae54293ecebb27f1bf9606030d3e9bcaf5b49
dv3-A-poisson-002369,3,A,poisson,2369,,,,3:1:0:2369,,test,4,186.580659202913,,,,,,,,,,,,,,,,,,,,0.0,,,1,174,1,exact,,,,,,,,2.3125001462176442e-05,2ec999ad35b9e095660096eec16dac15cdfc652c
dv3-A-poisson-002370,3,A,poisson,2370,,,,3:1:0:2370,,test,4,297.9829085374701,,,,,,,,,,,,,,,,,,,,0.0,,,1,325,1,exact,,,,,,,,2.712499917834066e-05,efb3f7e96822e4aacec12b4be810d2326f88802d
dv3-A-poisson-002371,3,A,poisson,2371,,,,3:1:0:2371,,test,4,482.7709655701082,,,,,,,,,,,,,,,,,,,,0.0,,,1,440,1,exact,,,,,,,,3.01670006592758e-05,836595f2896b3358aa44f16ef47dd79ee38e4b68
dv3-A-poisson-002372,3,A,poisson,2372,,,,3:1:0:2372,,test,4,166.42956158176173,,,,,,,,,,,,,,,,,,,,0.0,,,1,181,1,exact,,,,,,,,2.316699828952551e-05,89815a5a0407bfb2837f99d2b095a3c1fc4f0acf
dv3-A-poisson-002373,3,A,poisson,2373,,,,3:1:0:2373,,test,4,277.8842666332562,,,,,,,,,,,,,,,,,,,,0.0,,,1,292,1,exact,,,,,,,,2.5959001504816115e-05,0c69312a13a70a72bf8fe813eb0a407ac6dcaae6
dv3-A-poisson-002374,3,A,poisson,2374,,,,3:1:0:2374,,test,4,318.9823173321702,,,,,,,,,,,,,,,,,,,,0.0,,,1,354,1,exact,,,,,,,,2.7874997613253072e-05,9eafcc0865fe90dc420c8ca641546d444ee5d23c
dv3-A-poisson-002375,3,A,poisson,2375,,,,3:1:0:2375,,test,4,109.00866178834833,,,,,,,,,,,,,,,,,,,,0.0,,,1,112,1,exact,,,,,,,,2.4000000848900527e-05,90e752096f7b9a94a2192fa1bf14931057bbd694
dv3-A-poisson-002376,3,A,poisson,2376,,,,3:1:0:2376,,test,4,611.1074124946863,,,,,,,,,,,,,,,,,,,,0.0,,,1,612,1,exact,,,,,,,,3.462500171735883e-05,4bceec4e5fb641c0621b0c0b413cf2a05e4c81a1
dv3-A-poisson-002377,3,A,poisson,2377,,,,3:1:0:2377,,test,4,408.52927246023637,,,,,,,,,,,,,,,,,,,,0.0,,,1,413,1,exact,,,,,,,,2.9209000786067918e-05,dee22b0b5bfb5b3ba8744c135c8f4a8bde535fdf
dv3-A-poisson-002378,3,A,poisson,2378,,,,3:1:0:2378,,test,4,101.29931949485609,,,,,,,,,,,,,,,,,,,,0.0,,,1,100,1,exact,,,,,,,,2.1458999981405213e-05,47266433ed4962c8614d030d667a76ecd83eb74e
dv3-A-poisson-002379,3,A,poisson,2379,,,,3:1:0:2379,,test,4,164.9849203389104,,,,,,,,,,,,,,,,,,,,0.0,,,1,185,1,exact,,,,,,,,2.5542001822032034e-05,918ef13eb7f7de68edc511d344651502e88e37a5
dv3-A-poisson-002380,3,A,poisson,2380,,,,3:1:0:2380,,test,4,132.10554374949578,,,,,,,,,,,,,,,,,,,,0.0,,,1,123,1,exact,,,,,,,,2.170899824704975e-05,8b9c3c69031248afd74df1fdd6dfb046fbf98fec
dv3-A-poisson-002381,3,A,poisson,2381,,,,3:1:0:2381,,test,4,180.5055273180436,,,,,,,,,,,,,,,,,,,,0.0,,,1,187,1,exact,,,,,,,,5.816699922434054e-05,b8d309cb60abf9dc14c153e2a07b9f015d3c9a77
dv3-A-poisson-002382,3,A,poisson,2382,,,,3:1:0:2382,,test,4,550.3013794216913,,,,,,,,,,,,,,,,,,,,0.0,,,1,518,1,exact,,,,,,,,3.8750000385334715e-05,9845b688167d9989cf0e036f0ba56636aae0deac
dv3-A-poisson-002383,3,A,poisson,2383,,,,3:1:0:2383,,test,4,241.13025423845494,,,,,,,,,,,,,,,,,,,,0.0,,,1,264,1,exact,,,,,,,,1.8582999473437667e-05,4d358dc607247bd396102cb1ce10579638650ef3
dv3-A-poisson-002384,3,A,poisson,2384,,,,3:1:0:2384,,test,4,269.91554716499536,,,,,,,,,,,,,,,,,,,,0.0,,,1,274,1,exact,,,,,,,,1.5166999219218269e-05,b2e08530e0b754a8c7dc05e01dc6a17fb5ec9de4
dv3-A-poisson-002385,3,A,poisson,2385,,,,3:1:0:2385,,test,4,204.42045443064725,,,,,,,,,,,,,,,,,,,,0.0,,,1,222,1,exact,,,,,,,,1.3584001862909645e-05,d73e86f14641d2117877d4c7ff575577d240887d
dv3-A-poisson-002386,3,A,poisson,2386,,,,3:1:0:2386,,test,4,415.50184966856693,,,,,,,,,,,,,,,,,,,,0.0,,,1,415,1,exact,,,,,,,,1.758299913490191e-05,05e0590811c0f18afe164c7d3254d4adbda79c68
dv3-A-poisson-002387,3,A,poisson,2387,,,,3:1:0:2387,,test,4,574.1796839951066,,,,,,,,,,,,,,,,,,,,0.0,,,1,617,1,exact,,,,,,,,1.779200101736933e-05,03a82a08cf1f38dff020d914a9392d8f7c84d6f1
dv3-A-poisson-002388,3,A,poisson,2388,,,,3:1:0:2388,,test,4,470.3510054965703,,,,,,,,,,,,,,,,,,,,0.0,,,1,486,1,exact,,,,,,,,1.6165999113582075e-05,1cb6696a9afb3bb7c89fd93f79a9e71290b6df02
dv3-A-poisson-002389,3,A,poisson,2389,,,,3:1:0:2389,,test,4,146.00293568391587,,,,,,,,,,,,,,,,,,,,0.0,,,1,153,1,exact,,,,,,,,1.1749998520826921e-05,99bbce02e8e5ac4e750d66a67553353e2ceddcd5
dv3-A-poisson-002390,3,A,poisson,2390,,,,3:1:0:2390,,test,4,294.4725195099105,,,,,,,,,,,,,,,,,,,,0.0,,,1,278,1,exact,,,,,,,,1.3084001693641767e-05,90a72be8768b6c42535eeb4edefff2b8a237b20e
dv3-A-poisson-002391,3,A,poisson,2391,,,,3:1:0:2391,,test,4,503.7725613488515,,,,,,,,,,,,,,,,,,,,0.0,,,1,540,1,exact,,,,,,,,1.708300260361284e-05,db465568b250139e62f7029d10e52bc847d113b3
dv3-A-poisson-002392,3,A,poisson,2392,,,,3:1:0:2392,,test,4,145.27718684269126,,,,,,,,,,,,,,,,,,,,0.0,,,1,160,1,exact,,,,,,,,1.1749998520826921e-05,d493820945e527b911ba29ec597e4123db881640
dv3-A-poisson-002393,3,A,poisson,2393,,,,3:1:0:2393,,test,4,597.898695002361,,,,,,,,,,,,,,,,,,,,0.0,,,1,562,1,exact,,,,,,,,1.7207999917445704e-05,d243fd3e79bc602cdba4230af577d1d9dba28cd1
dv3-A-poisson-002394,3,A,poisson,2394,,,,3:1:0:2394,,test,4,146.70415576702626,,,,,,,,,,,,,,,,,,,,0.0,,,1,166,1,exact,,,,,,,,1.1584001185838133e-05,ddb2b2dba920df7c79e69dc5affcee1dc1374c48
dv3-A-poisson-002395,3,A,poisson,2395,,,,3:1:0:2395,,test,4,342.59194136750614,,,,,,,,,,,,,,,,,,,,0.0,,,1,313,1,exact,,,,,,,,1.3291999493958429e-05,32442c2ec05d6b34371c70370d68d17320f67000
dv3-A-poisson-002396,3,A,poisson,2396,,,,3:1:0:2396,,test,4,685.1504867642833,,,,,,,,,,,,,,,,,,,,0.0,,,1,688,1,exact,,,,,,,,1.820800025598146e-05,2897735c3ea5314fdeb4b08d6f7cac2736102250
dv3-A-poisson-002397,3,A,poisson,2397,,,,3:1:0:2397,,test,4,108.49042407704252,,,,,,,,,,,,,,,,,,,,0.0,,,1,112,1,exact,,,,,,,,6.57499986118637e-05,19aded16a4523e46b4c15410584889aad2b5f32d
dv3-A-poisson-002398,3,A,poisson,2398,,,,3:1:0:2398,,test,4,604.620477315526,,,,,,,,,,,,,,,,,,,,0.0,,,1,632,1,exact,,,,,,,,6.895900150993839e-05,cf2cfa0e55795bf6c6a55db26b507db7084b22f1
dv3-A-poisson-002399,3,A,poisson,2399,,,,3:1:0:2399,,test,4,118.01554182251994,,,,,,,,,,,,,,,,,,,,0.0,,,1,117,1,exact,,,,,,,,4.108300345251337e-05,239a50f448bc981281d22acf295fde3f7bf5f524
dv3-A-poisson-002400,3,A,poisson,2400,,,,3:1:0:2400,,test,4,712.2095318071764,,,,,,,,,,,,,,,,,,,,0.0,,,1,718,1,exact,,,,,,,,4.137499854550697e-05,c8220b84bb197afcea23eaa1deac2a9a18494a77
dv3-A-poisson-002401,3,A,poisson,2401,,,,3:1:0:2401,,test,4,132.7230028319778,,,,,,,,,,,,,,,,,,,,0.0,,,1,136,1,exact,,,,,,,,2.433299960102886e-05,3b6f426e7d12d74a6fefdac8e8301b2d6a5cb3ed
dv3-A-poisson-002402,3,A,poisson,2402,,,,3:1:0:2402,,test,4,102.65653902695482,,,,,,,,,,,,,,,,,,,,0.0,,,1,108,1,exact,,,,,,,,2.3790998966433108e-05,1797aeba3adb82f75ee99cc8588473099fb75d65
dv3-A-poisson-002403,3,A,poisson,2403,,,,3:1:0:2403,,test,4,169.33612485709412,,,,,,,,,,,,,,,,,,,,0.0,,,1,164,1,exact,,,,,,,,2.4834000214468688e-05,620514797767d041a88c66d852102455290c59ca
dv3-A-poisson-002404,3,A,poisson,2404,,,,3:1:0:2404,,test,4,525.1852853986044,,,,,,,,,,,,,,,,,,,,0.0,,,1,503,1,exact,,,,,,,,2.608399881864898e-05,0161b2baf101bc7665633259541d4670e5e69af0
dv3-A-poisson-002405,3,A,poisson,2405,,,,3:1:0:2405,,test,4,633.6808989203508,,,,,,,,,,,,,,,,,,,,0.0,,,1,624,1,exact,,,,,,,,2.954199953819625e-05,f794377a74caefbc99b2add3747ee0956add8370
dv3-A-poisson-002406,3,A,poisson,2406,,,,3:1:0:2406,,test,4,104.2174872300008,,,,,,,,,,,,,,,,,,,,0.0,,,1,111,1,exact,,,,,,,,1.2874999811174348e-05,e3d8f6b9e0474c18d24d73fc12914cdb0dd48947
dv3-A-poisson-002407,3,A,poisson,2407,,,,3:1:0:2407,,test,4,279.520520397496,,,,,,,,,,,,,,,,,,,,0.0,,,1,269,1,exact,,,,,,,,1.4165998436510563e-05,e149435caaa6a1c56431a65f9e84e5a45dfd83d2
dv3-A-poisson-002408,3,A,poisson,2408,,,,3:1:0:2408,,test,4,764.8081862569578,,,,,,,,,,,,,,,,,,,,0.0,,,1,783,1,exact,,,,,,,,2.4000000848900527e-05,39d8e913631b4508ed4d828c4b7982804d36ad98
dv3-A-poisson-002409,3,A,poisson,2409,,,,3:1:0:2409,,test,4,378.7567285480626,,,,,,,,,,,,,,,,,,,,0.0,,,1,374,1,exact,,,,,,,,1.5000001440057531e-05,5a7c2112e89c6a24180a257a5bf19dbde13c6e09
dv3-A-poisson-002410,3,A,poisson,2410,,,,3:1:0:2410,,test,4,590.3401694159678,,,,,,,,,,,,,,,,,,,,0.0,,,1,602,1,exact,,,,,,,,1.7540998669574037e-05,427ae749a8ba49cdfee53993e053e47984ba5f30
dv3-A-poisson-002411,3,A,poisson,2411,,,,3:1:0:2411,,test,4,100.99114013854586,,,,,,,,,,,,,,,,,,,,0.0,,,1,113,1,exact,,,,,,,,1.1416999768698588e-05,99d07b1a8170731c12c097258dad0a1b73e4d6ac
dv3-A-poisson-002412,3,A,poisson,2412,,,,3:1:0:2412,,test,4,516.8438837108921,,,,,,,,,,,,,,,,,,,,0.0,,,1,538,1,exact,,,,,,,,1.6917001630645245e-05,07fdd495f9d92e6595e95408d15440ecf476a804
dv3-A-poisson-002413,3,A,poisson,2413,,,,3:1:0:2413,,test,4,105.88485951495645,,,,,,,,,,,,,,,,,,,,0.0,,,1,112,1,exact,,,,,,,,1.2583001080201939e-05,2faa7d7896a6e677b5a90a077be6c82826136d36
dv3-A-poisson-002414,3,A,poisson,2414,,,,3:1:0:2414,,test,4,217.6198627685107,,,,,,,,,,,,,,,,,,,,0.0,,,1,215,1,exact,,,,,,,,1.2415999663062394e-05,887218d70997ddaeb54412a0defacbacf8532eec
dv3-A-poisson-002415,3,A,poisson,2415,,,,3:1:0:2415,,test,4,403.0469437304009,,,,,,,,,,,,,,,,,,,,0.0,,,1,443,1,exact,,,,,,,,1.5499997971346602e-05,6080260c3c89a49fb71cadf4483ebe5af49d7e9f
dv3-A-poisson-002416,3,A,poisson,2416,,,,3:1:0:2416,,test,4,143.2361280776275,,,,,,,,,,,,,,,,,,,,0.0,,,1,140,1,exact,,,,,,,,1.1500000255182385e-05,da93e264efc041450c314031c2bce7d21137843b
dv3-A-poisson-002417,3,A,poisson,2417,,,,3:1:0:2417,,test,4,170.77801248060754,,,,,,,,,,,,,,,,,,,,0.0,,,1,181,1,exact,,,,,,,,1.2166998203611001e-05,3934d84363d3c28488eaf77a26335c98d43bf7a3
dv3-A-poisson-002418,3,A,poisson,2418,,,,3:1:0:2418,,test,4,795.0726431566602,,,,,,,,,,,,,,,,,,,,0.0,,,1,788,1,exact,,,,,,,,1.9584000256145373e-05,fe7a2d1832810e5209fe4e09155bd624f3f0a477
dv3-A-poisson-002419,3,A,poisson,2419,,,,3:1:0:2419,,test,4,196.6634416028311,,,,,,,,,,,,,,,,,,,,0.0,,,1,215,1,exact,,,,,,,,1.2417000107234344e-05,d5fcec1e21b465dcf404a8084871f35f9ab6c889
dv3-A-poisson-002420,3,A,poisson,2420,,,,3:1:0:2420,,test,4,242.3084671338319,,,,,,,,,,,,,,,,,,,,0.0,,,1,212,1,exact,,,,,,,,1.2332999176578596e-05,53ee9ac2256d197133a46cb7dac7136a2980dd0b
dv3-A-poisson-002421,3,A,poisson,2421,,,,3:1:0:2421,,test,4,268.5932029337186,,,,,,,,,,,,,,,,,,,,0.0,,,1,262,1,exact,,,,,,,,1.2832999345846474e-05,8cc4968383d8a624fb4f7aa2639ea58d698fd4c3
dv3-A-poisson-002422,3,A,poisson,2422,,,,3:1:0:2422,,test,4,168.29188093426995,,,,,,,,,,,,,,,,,,,,0.0,,,1,152,1,exact,,,,,,,,1.133299883804284e-05,e597f77c7dd6ae418f36b96661af5a7980543336
dv3-A-poisson-002423,3,A,poisson,2423,,,,3:1:0:2423,,test,4,539.0515032491323,,,,,,,,,,,,,,,,,,,,0.0,,,1,564,1,exact,,,,,,,,1.6874997527338564e-05,87edc77c2e69f03329841c135dd167eefe2992e5
dv3-A-poisson-002424,3,A,poisson,2424,,,,3:1:0:2424,,test,4,418.04152630317475,,,,,,,,,,,,,,,,,,,,0.0,,,1,420,1,exact,,,,,,,,1.487500048824586e-05,b4f63b90bf9eff60bea65034f2ddc40da724f3ab
dv3-A-poisson-002425,3,A,poisson,2425,,,,3:1:0:2425,,test,4,198.7304289595639,,,,,,,,,,,,,,,,,,,,0.0,,,1,215,1,exact,,,,,,,,1.229200279340148e-05,cce7c6133a733255999a719aa6a4f77813e7b564
dv3-A-poisson-002426,3,A,poisson,2426,,,,3:1:0:2426,,test,4,213.49408499331503,,,,,,,,,,,,,,,,,,,,0.0,,,1,213,1,exact,,,,,,,,1.2291999155422673e-05,937dbeb57979237e82a1c223cf75bc2d5f6a0090
dv3-A-poisson-002427,3,A,poisson,2427,,,,3:1:0:2427,,test,4,430.75374346751494,,,,,,,,,,,,,,,,,,,,0.0,,,1,401,1,exact,,,,,,,,1.4708999515278265e-05,3a2bb8ffe866e75f0bcbbe67a9d37f69a7b0151f
dv3-A-poisson-002428,3,A,poisson,2428,,,,3:1:0:2428,,test,4,324.928175869316,,,,,,,,,,,,,,,,,,,,0.0,,,1,324,1,exact,,,,,,,,1.3749999197898433e-05,cd7c70e8971621206d703eb5379d3eec19ee98e6
dv3-A-poisson-002429,3,A,poisson,2429,,,,3:1:0:2429,,test,4,229.07318928773472,,,,,,,,,,,,,,,,,,,,0.0,,,1,220,1,exact,,,,,,,,1.2458000128390267e-05,981010cbc1946ec2555678b6e78c3158c7958e95
dv3-A-poisson-002430,3,A,poisson,2430,,,,3:1:0:2430,,test,4,223.91635913440416,,,,,,,,,,,,,,,,,,,,0.0,,,1,235,1,exact,,,,,,,,1.2541997421067208e-05,327ee0218ba37ed7aa9378f2749f28726c876dd8
dv3-A-poisson-002431,3,A,poisson,2431,,,,3:1:0:2431,,test,4,370.73663708780333,,,,,,,,,,,,,,,,,,,,0.0,,,1,365,1,exact,,,,,,,,1.454099765396677e-05,2491872cd0bda4fa1dbd418508022e48347a7af3
dv3-A-poisson-002432,3,A,poisson,2432,,,,3:1:0:2432,,test,4,119.59652760182537,,,,,,,,,,,,,,,,,,,,0.0,,,1,109,1,exact,,,,,,,,1.091599915525876e-05,eba9bbbb2833acf8041a1bee4513cc0215a74b27
dv3-A-poisson-002433,3,A,poisson,2433,,,,3:1:0:2433,,test,4,385.0772632707667,,,,,,,,,,,,,,,,,,,,0.0,,,1,402,1,exact,,,,,,,,1.4417000784305856e-05,c2182c1c4f65795bf98b7f095311fd617162ec07
dv3-A-poisson-002434,3,A,poisson,2434,,,,3:1:0:2434,,test,4,130.96444057091014,,,,,,,,,,,,,,,,,,,,0.0,,,1,125,1,exact,,,,,,,,1.312500171479769e-05,d8b20dd99460af0682e1ce848608de877427186e
dv3-A-poisson-002435,3,A,poisson,2435,,,,3:1:0:2435,,test,4,358.32541251586576,,,,,,,,,,,,,,,,,,,,0.0,,,1,356,1,exact,,,,,,,,1.5333000192185864e-05,192cb9005f361a0cfc842f5b68677d59886952f8
dv3-A-poisson-002436,3,A,poisson,2436,,,,3:1:0:2436,,test,4,111.43102892341506,,,,,,,,,,,,,,,,,,,,0.0,,,1,97,1,exact,,,,,,,,1.1165997420903295e-05,22ce14af9ef5ff6ffa7a6326d5ecaf25aaabab30
dv3-A-poisson-002437,3,A,poisson,2437,,,,3:1:0:2437,,test,4,303.88784570858746,,,,,,,,,,,,,,,,,,,,0.0,,,1,325,1,exact,,,,,,,,1.3541997759602964e-05,b7ca2516ef8b2b8c5ad0c41996553b783169b4b4
dv3-A-poisson-002438,3,A,poisson,2438,,,,3:1:0:2438,,test,4,714.162845984025,,,,,,,,,,,,,,,,,,,,0.0,,,1,716,1,exact,,,,,,,,0.00015304200132959522,880599f02b4a45952181542278af8f1c3ab99a45
dv3-A-poisson-002439,3,A,poisson,2439,,,,3:1:0:2439,,test,4,197.1939828751675,,,,,,,,,,,,,,,,,,,,0.0,,,1,192,1,exact,,,,,,,,1.716699989628978e-05,c193eb5e7cf3648778d2a7376ae0ddde9165e532
dv3-A-poisson-002440,3,A,poisson,2440,,,,3:1:0:2440,,test,4,225.10770242886716,,,,,,,,,,,,,,,,,,,,0.0,,,1,222,1,exact,,,,,,,,1.3749999197898433e-05,360d9aee684b5aec3b5a9ecf4d5933101d49eaef
dv3-A-poisson-002441,3,A,poisson,2441,,,,3:1:0:2441,,test,4,567.536375756999,,,,,,,,,,,,,,,,,,,,0.0,,,1,593,1,exact,,,,,,,,1.7916998331202194e-05,1c6d77ad18a5463bfcd19e7c5b69e6b54a63615a
dv3-A-poisson-002442,3,A,poisson,2442,,,,3:1:0:2442,,test,4,123.75514618949614,,,,,,,,,,,,,,,,,,,,0.0,,,1,128,1,exact,,,,,,,,1.1457999789854512e-05,71b8d12d7c9dcde53756dad96bf1ff1403e6f256
dv3-A-poisson-002443,3,A,poisson,2443,,,,3:1:0:2443,,test,4,660.8505080498869,,,,,,,,,,,,,,,,,,,,0.0,,,1,665,1,exact,,,,,,,,1.8291000742465258e-05,769abcebb47efebcd85ebb5d2b4b2520bca8ef84
dv3-A-poisson-002444,3,A,poisson,2444,,,,3:1:0:2444,,test,4,543.5396009878465,,,,,,,,,,,,,,,,,,,,0.0,,,1,555,1,exact,,,,,,,,1.8167000234825537e-05,e826d88e4179ccc4e7f00f6c21b8c2d2dcd7ae2e
dv3-A-poisson-002445,3,A,poisson,2445,,,,3:1:0:2445,,test,4,135.1752627588717,,,,,,,,,,,,,,,,,,,,0.0,,,1,137,1,exact,,,,,,,,1.1209001968381926e-05,babff9a2eb16a61f1bcc0d943e2e55a0ba7dac0f
dv3-A-poisson-002446,3,A,poisson,2446,,,,3:1:0:2446,,test,4,340.4994709150041,,,,,,,,,,,,,,,,,,,,0.0,,,1,329,1,exact,,,,,,,,1.3790999219054356e-05,1ba535b55e5ef168ef29ee6c44704d211eb4cbf7
dv3-A-poisson-002447,3,A,poisson,2447,,,,3:1:0:2447,,test,4,122.79970723975222,,,,,,,,,,,,,,,,,,,,0.0,,,1,128,1,exact,,,,,,,,1.0959000064758584e-05,2e233e655e64626710b129e22c2d833e17542f68
dv3-A-poisson-002448,3,A,poisson,2448,,,,3:1:0:2448,,test,4,539.6595799592666,,,,,,,,,,,,,,,,,,,,0.0,,,1,546,1,exact,,,,,,,,1.6707999748177826e-05,4ce0a3d3afa478c7d4292c6007d0de73e9baaba4
dv3-A-poisson-002449,3,A,poisson,2449,,,,3:1:0:2449,,test,4,233.75305052458492,,,,,,,,,,,,,,,,,,,,0.0,,,1,265,1,exact,,,,,,,,1.3207998563302681e-05,f1f8453fedbf0205b9808a87e692e1426e6ccb24
dv3-A-poisson-002450,3,A,poisson,2450,,,,3:1:0:2450,,test,4,519.0020607637884,,,,,,,,,,,,,,,,,,,,0.0,,,1,532,1,exact,,,,,,,,1.6582998796366155e-05,c0e1f44b37c96c9c9591623b7ebefd9fcd48ae64
dv3-A-poisson-002451,3,A,poisson,2451,,,,3:1:0:2451,,test,4,149.00403780491712,,,,,,,,,,,,,,,,,,,,0.0,,,1,136,1,exact,,,,,,,,1.1166997865075245e-05,2e37351fbc32fff0f3771a0fc05db46aa730f6fc
dv3-A-poisson-002452,3,A,poisson,2452,,,,3:1:0:2452,,test,4,139.20411070163144,,,,,,,,,,,,,,,,,,,,0.0,,,1,142,1,exact,,,,,,,,1.1083000572398305e-05,08028d8f8ecf92704064804efd37e8960b1b7f83
dv3-A-poisson-002453,3,A,poisson,2453,,,,3:1:0:2453,,test,4,101.69494281277309,,,,,,,,,,,,,,,,,,,,0.0,,,1,106,1,exact,,,,,,,,1.0708001354942098e-05,e491a5d176610b830b5dd5e90cf34e1acdbb613a
dv3-A-poisson-002454,3,A,poisson,2454,,,,3:1:0:2454,,test,4,240.64297061750025,,,,,,,,,,,,,,,,,,,,0.0,,,1,241,1,exact,,,,,,,,1.2458000128390267e-05,be23099a87bfd38495af8bc79548e971fac62691
dv3-A-poisson-002455,3,A,poisson,2455,,,,3:1:0:2455,,test,4,400.02474686681086,,,,,,,,,,,,,,,,,,,,0.0,,,1,409,1,exact,,,,,,,,1.4583998563466594e-05,230254fb2951cb609008daa47ad6df01a8d6abb0
dv3-A-poisson-002456,3,A,poisson,2456,,,,3:1:0:2456,,test,4,692.8864780622139,,,,,,,,,,,,,,,,,,,,0.0,,,1,659,1,exact,,,,,,,,1.9584000256145373e-05,c282cd4b89a304d6d0d0473b7ee0bea9bbcba9ce
dv3-A-poisson-002457,3,A,poisson,2457,,,,3:1:0:2457,,test,4,163.1431508919677,,,,,,,,,,,,,,,,,,,,0.0,,,1,168,1,exact,,,,,,,,1.1916003131773323e-05,f980489ace9e44ab43f498ced150a97207682f30
dv3-A-poisson-002458,3,A,poisson,2458,,,,3:1:0:2458,,test,4,293.3736685111583,,,,,,,,,,,,,,,,,,,,0.0,,,1,270,1,exact,,,,,,,,1.5790999896125868e-05,feecb7fe1703ebd4ee1beca8c1599edf5f726539
dv3-A-poisson-002459,3,A,poisson,2459,,,,3:1:0:2459,,test,4,286.0455396814963,,,,,,,,,,,,,,,,,,,,0.0,,,1,272,1,exact,,,,,,,,1.312500171479769e-05,a730c56b0ff490e0094acf9a58c274a7d57108dc
dv3-A-poisson-002460,3,A,poisson,2460,,,,3:1:0:2460,,test,4,294.1167689705659,,,,,,,,,,,,,,,,,,,,0.0,,,1,278,1,exact,,,,,,,,0.00013883399878977798,60fb4536f7b3ae5e57378aa78a2ae103ef9e772f
dv3-A-poisson-002461,3,A,poisson,2461,,,,3:1:0:2461,,test,4,262.8395309529178,,,,,,,,,,,,,,,,,,,,0.0,,,1,272,1,exact,,,,,,,,2.058400059468113e-05,0017eed28fa893a382e3c65cf47bda3f61724e72
dv3-A-poisson-002462,3,A,poisson,2462,,,,3:1:0:2462,,test,4,415.27488555230303,,,,,,,,,,,,,,,,,,,,0.0,,,1,383,1,exact,,,,,,,,1.6707999748177826e-05,5e9a67a1e62dbdff0945e310535c7b81ac97596f
dv3-A-poisson-002463,3,A,poisson,2463,,,,3:1:0:2463,,test,4,101.84548692941692,,,,,,,,,,,,,,,,,,,,0.0,,,1,87,1,exact,,,,,,,,1.1791002179961652e-05,25b345e58ce7587b03d245be8f1e0497cb9e8a15
dv3-A-poisson-002464,3,A,poisson,2464,,,,3:1:0:2464,,test,4,264.98667872668585,,,,,,,,,,,,,,,,,,,,0.0,,,1,258,1,exact,,,,,,,,1.3542001397581771e-05,9678be4779695ae09924e0a7ac7bbffddf0aa02e
dv3-A-poisson-002465,3,A,poisson,2465,,,,3:1:0:2465,,test,4,492.7988561516197,,,,,,,,,,,,,,,,,,,,0.0,,,1,485,1,exact,,,,,,,,1.6792000678833574e-05,a5d72a003c3a3ce4a9878bb43a7be7b63f4136c9
dv3-A-poisson-002466,3,A,poisson,2466,,,,3:1:0:2466,,test,4,260.9332231221773,,,,,,,,,,,,,,,,,,,,0.0,,,1,267,1,exact,,,,,,,,1.3207998563302681e-05,731cfdbb204341efc3889f01866ace85906f9efa
dv3-A-poisson-002467,3,A,poisson,2467,,,,3:1:0:2467,,test,4,455.36584714687393,,,,,,,,,,,,,,,,,,,,0.0,,,1,505,1,exact,,,,,,,,1.654200241318904e-05,5970a32641c9d94c68315555c32c1ac81a75153d
dv3-A-poisson-002468,3,A,poisson,2468,,,,3:1:0:2468,,test,4,103.32650380618358,,,,,,,,,,,,,,,,,,,,0.0,,,1,98,1,exact,,,,,,,,1.1125001037726179e-05,cf21a3b73bcbfc690b86ed4db4632161103d11ac
dv3-A-poisson-002469,3,A,poisson,2469,,,,3:1:0:2469,,test,4,126.37636834389474,,,,,,,,,,,,,,,,,,,,0.0,,,1,118,1,exact,,,,,,,,1.1083000572398305e-05,eabd7769e5c6db63efa042ea33c75251744317a8
dv3-A-poisson-002470,3,A,poisson,2470,,,,3:1:0:2470,,test,4,212.88851445724936,,,,,,,,,,,,,,,,,,,,0.0,,,1,216,1,exact,,,,,,,,1.4166998880682513e-05,d06507e2d31ab2928dfa6a72ad1f2f62374ddf09
dv3-A-poisson-002471,3,A,poisson,2471,,,,3:1:0:2471,,test,4,519.7626809837705,,,,,,,,,,,,,,,,,,,,0.0,,,1,527,1,exact,,,,,,,,1.6375000996049494e-05,43695f7e69b8175801606cb4b345c8368ba6a380
dv3-A-poisson-002472,3,A,poisson,2472,,,,3:1:0:2472,,test,4,221.3976412608648,,,,,,,,,,,,,,,,,,,,0.0,,,1,245,1,exact,,,,,,,,1.2540996976895258e-05,6cce50367890d463c645100b343a797ea8f44e4d
dv3-A-poisson-002473,3,A,poisson,2473,,,,3:1:0:2473,,test,4,317.5681140835066,,,,,,,,,,,,,,,,,,,,0.0,,,1,307,1,exact,,,,,,,,1.3207998563302681e-05,e58438f7d1123da09a2438f804c3f227a85e6a8a
dv3-A-poisson-002474,3,A,poisson,2474,,,,3:1:0:2474,,test,4,141.25617144929535,,,,,,,,,,,,,,,,,,,,0.0,,,1,149,1,exact,,,,,,,,1.125000198953785e-05,745df6e447e94dfb7de9e2f7876d00b6327473aa
dv3-A-poisson-002475,3,A,poisson,2475,,,,3:1:0:2475,,test,4,119.43531414936963,,,,,,,,,,,,,,,,,,,,0.0,,,1,137,1,exact,,,,,,,,1.1042000551242381e-05,3c42f03c2822bf05321b308d785bd1a208811cd0
dv3-A-poisson-002476,3,A,poisson,2476,,,,3:1:0:2476,,test,4,292.66882879426225,,,,,,,,,,,,,,,,,,,,0.0,,,1,290,1,exact,,,,,,,,1.2958000297658145e-05,61728826ba9110d2b940369a7ba46f16be74452f
dv3-A-poisson-002477,3,A,poisson,2477,,,,3:1:0:2477,,test,4,375.1407326911067,,,,,,,,,,,,,,,,,,,,0.0,,,1,359,1,exact,,,,,,,,1.424999936716631e-05,e11604658dd942258ef06c0da0b5c7970223e9b1
dv3-A-poisson-002478,3,A,poisson,2478,,,,3:1:0:2478,,test,4,114.86726132342268,,,,,,,,,,,,,,,,,,,,0.0,,,1,112,1,exact,,,,,,,,1.0791998647619039e-05,a526f344f74c0b3e94575612775900cf8f9be5cd
dv3-A-poisson-002479,3,A,poisson,2479,,,,3:1:0:2479,,test,4,757.439252810185,,,,,,,,,,,,,,,,,,,,0.0,,,1,763,1,exact,,,,,,,,1.9082999642705545e-05,f434b509e6e5fa63c829e08b1a9ee1d8c952cfe6
dv3-A-poisson-002480,3,A,poisson,2480,,,,3:1:0:2480,,test,4,250.36794604935065,,,,,,,,,,,,,,,,,,,,0.0,,,1,211,1,exact,,,,,,,,1.208300091093406e-05,5805924e67c52f09114e59989dbca7f6b8deb547
dv3-A-poisson-002481,3,A,poisson,2481,,,,3:1:0:2481,,test,4,126.5249879961319,,,,,,,,,,,,,,,,,,,,0.0,,,1,147,1,exact,,,,,,,,1.1208001524209976e-05,47bfccf166038ad16841a15789603889b27cef08
dv3-A-poisson-002482,3,A,poisson,2482,,,,3:1:0:2482,,test,4,780.9570955530497,,,,,,,,,,,,,,,,,,,,0.0,,,1,794,1,exact,,,,,,,,1.9041002815356478e-05,ee91a96d93d4f4d73101c77990a5d0b171f31c1c
dv3-A-poisson-002483,3,A,poisson,2483,,,,3:1:0:2483,,test,4,112.21337317482987,,,,,,,,,,,,,,,,,,,,0.0,,,1,119,1,exact,,,,,,,,1.0959000064758584e-05,015dd3b7f0792d392ab8073df67b36b22efcc4cb
dv3-A-poisson-002484,3,A,poisson,2484,,,,3:1:0:2484,,test,4,324.71144889079784,,,,,,,,,,,,,,,,,,,,0.0,,,1,311,1,exact,,,,,,,,1.2917000276502222e-05,0ad9c8c13429e27d739c8eea5fb38eadb2a74671
dv3-A-poisson-002485,3,A,poisson,2485,,,,3:1:0:2485,,test,4,264.25598328374787,,,,,,,,,,,,,,,,,,,,0.0,,,1,280,1,exact,,,,,,,,1.2959000741830096e-05,538983192058fcf243bb08ed5794477defc28bab
dv3-A-poisson-002486,3,A,poisson,2486,,,,3:1:0:2486,,test,4,341.4746395423552,,,,,,,,,,,,,,,,,,,,0.0,,,1,337,1,exact,,,,,,,,1.354100095340982e-05,8ec20ea6f7c78a5d75b362a21a668d7a3e05e81e
dv3-A-poisson-002487,3,A,poisson,2487,,,,3:1:0:2487,,test,4,555.8096716991906,,,,,,,,,,,,,,,,,,,,0.0,,,1,571,1,exact,,,,,,,,1.6707999748177826e-05,1a5b99266819b6043927a532b58e6d5518219aae
dv3-A-poisson-002488,3,A,poisson,2488,,,,3:1:0:2488,,test,4,313.7687089845553,,,,,,,,,,,,,,,,,,,,0.0,,,1,297,1,exact,,,,,,,,1.3083001249469817e-05,10d8e3089645b228052102fe490562778806f4a2
dv3-A-poisson-002489,3,A,poisson,2489,,,,3:1:0:2489,,test,4,144.33230926190333,,,,,,,,,,,,,,,,,,,,0.0,,,1,119,1,exact,,,,,,,,1.0666000889614224e-05,65e8af670c6ed0f4a62230289393977f8e6f4323
dv3-A-poisson-002490,3,A,poisson,2490,,,,3:1:0:2490,,test,4,185.67386500609194,,,,,,,,,,,,,,,,,,,,0.0,,,1,176,1,exact,,,,,,,,1.1500000255182385e-05,02c5fab5ea05ddcea414de8227bb0100109fc7f4
dv3-A-poisson-002491,3,A,poisson,2491,,,,3:1:0:2491,,test,4,158.65666308226886,,,,,,,,,,,,,,,,,,,,0.0,,,1,156,1,exact,,,,,,,,1.1167001503054053e-05,9783a7e6b80978d688ee80bca4a157f646e21b21
dv3-A-poisson-002492,3,A,poisson,2492,,,,3:1:0:2492,,test,4,135.25111907019752,,,,,,,,,,,,,,,,,,,,0.0,,,1,135,1,exact,,,,,,,,1.2209002306917682e-05,421f89ca5aff79a600dbe962d086ab33f35a2b30
dv3-A-poisson-002493,3,A,poisson,2493,,,,3:1:0:2493,,test,4,181.53368214381229,,,,,,,,,,,,,,,,,,,,0.0,,,1,174,1,exact,,,,,,,,1.1374999303370714e-05,c68c615f77126adab13c44058694292cb8be7951
dv3-A-poisson-002494,3,A,poisson,2494,,,,3:1:0:2494,,test,4,334.26849331980577,,,,,,,,,,,,,,,,,,,,0.0,,,1,313,1,exact,,,,,,,,1.3291999493958429e-05,cb6be2c3c7b80f91b78eee341d49a6848e99fa32
dv3-A-poisson-002495,3,A,poisson,2495,,,,3:1:0:2495,,test,4,104.53441032703783,,,,,,,,,,,,,,,,,,,,0.0,,,1,107,1,exact,,,,,,,,1.9167000573361292e-05,18fc25049bdab8e6fe01e4edf9189093e7692148
dv3-A-poisson-002496,3,A,poisson,2496,,,,3:1:0:2496,,test,4,427.633547239964,,,,,,,,,,,,,,,,,,,,0.0,,,1,441,1,exact,,,,,,,,1.5082998288562521e-05,36ac54537f2e87d89b1492df64b559e3232e206f
dv3-A-poisson-002497,3,A,poisson,2497,,,,3:1:0:2497,,test,4,141.78174631231514,,,,,,,,,,,,,,,,,,,,0.0,,,1,142,1,exact,,,,,,,,1.0959000064758584e-05,3fd5496940fb00335f9666a72d7b76fb25f7f4f5
dv3-A-poisson-002498,3,A,poisson,2498,,,,3:1:0:2498,,test,4,220.0335490546039,,,,,,,,,,,,,,,,,,,,0.0,,,1,221,1,exact,,,,,,,,1.1874999472638592e-05,0ca5320e8abd1ad9c1c442c0d2690be2453066e7
dv3-A-poisson-002499,3,A,poisson,2499,,,,3:1:0:2499,,test,4,600.341699280848,,,,,,,,,,,,,,,,,,,,0.0,,,1,591,1,exact,,,,,,,,1.737500133458525e-05,6abbb21cee9683af22884a428a1361750c636095
dv3-A-poisson-002500,3,A,poisson,2500,,,,3:1:0:2500,,test,5,146.41925517204425,,,,,,,,,,,,,,,,,,,,0.0,,,1,138,1,exact,,,,,,,,8.641699969302863e-05,4a4a0754a5b332dc08c45e3e55863bd76f085616
dv3-A-poisson-002501,3,A,poisson,2501,,,,3:1:0:2501,,test,5,177.25701690586595,,,,,,,,,,,,,,,,,,,,0.0,,,1,192,1,exact,,,,,,,,1.966600029845722e-05,3697e38aa8167a786ec869b98c967d5bf2b3891b
dv3-A-poisson-002502,3,A,poisson,2502,,,,3:1:0:2502,,test,5,232.38235304085694,,,,,,,,,,,,,,,,,,,,0.0,,,1,245,1,exact,,,,,,,,1.5624998923158273e-05,14924720d6718a4d18a33389fb06bbad2d16d69b
dv3-A-poisson-002503,3,A,poisson,2503,,,,3:1:0:2503,,test,5,124.74540282525612,,,,,,,,,,,,,,,,,,,,0.0,,,1,145,1,exact,,,,,,,,1.266699837287888e-05,cc4bdd5d6b6424fef471d66cd57ec3cf40a076e5
dv3-A-poisson-002504,3,A,poisson,2504,,,,3:1:0:2504,,test,5,114.77664480576209,,,,,,,,,,,,,,,,,,,,0.0,,,1,123,1,exact,,,,,,,,1.2167001841589808e-05,7ff647d1c11163b190b55730ff5d4f8d5719eb6c
dv3-A-poisson-002505,3,A,poisson,2505,,,,3:1:0:2505,,test,5,116.61195074089927,,,,,,,,,,,,,,,,,,,,0.0,,,1,113,1,exact,,,,,,,,1.1500000255182385e-05,d59a6bde77552972afa716729c403398e890b92a
dv3-A-poisson-002506,3,A,poisson,2506,,,,3:1:0:2506,,test,5,145.8570318705548,,,,,,,,,,,,,,,,,,,,0.0,,,1,140,1,exact,,,,,,,,1.1666998034343123e-05,06a46feba908e49b27e882180e25da8eaade5a29
dv3-A-poisson-002507,3,A,poisson,2507,,,,3:1:0:2507,,test,5,270.81707833989265,,,,,,,,,,,,,,,,,,,,0.0,,,1,284,1,exact,,,,,,,,1.3957996998215094e-05,9c50fe9a31f112e36814301db97c5dde84d3430a
dv3-A-poisson-002508,3,A,poisson,2508,,,,3:1:0:2508,,test,5,182.7612397034405,,,,,,,,,,,,,,,,,,,,0.0,,,1,175,1,exact,,,,,,,,1.5875000826781616e-05,3e3ed43b5f35f055852ed0297b9ae1c0d04aab88
dv3-A-poisson-002509,3,A,poisson,2509,,,,3:1:0:2509,,test,5,283.18372079229664,,,,,,,,,,,,,,,,,,,,0.0,,,1,283,1,exact,,,,,,,,1.354100095340982e-05,8cb7d3ffd52f2a59ad567c1b434483ae485fee74
dv3-A-poisson-002510,3,A,poisson,2510,,,,3:1:0:2510,,test,5,656.7321262738138,,,,,,,,,,,,,,,,,,,,0.0,,,1,659,1,exact,,,,,,,,1.7709000530885532e-05,7f97e239098d5e9563a124082c13bd5e70856c98
dv3-A-poisson-002511,3,A,poisson,2511,,,,3:1:0:2511,,test,5,122.39496195532149,,,,,,,,,,,,,,,,,,,,0.0,,,1,124,1,exact,,,,,,,,1.1291998816886917e-05,4edeea08090b032051b24c60f65d79834bc47f5a
dv3-A-poisson-002512,3,A,poisson,2512,,,,3:1:0:2512,,test,5,132.2069829830375,,,,,,,,,,,,,,,,,,,,0.0,,,1,138,1,exact,,,,,,,,1.1208001524209976e-05,df557c0d8bad11a493aaa75893ce98de85df10ef
dv3-A-poisson-002513,3,A,poisson,2513,,,,3:1:0:2513,,test,5,196.88263596332814,,,,,,,,,,,,,,,,,,,,0.0,,,1,202,1,exact,,,,,,,,1.2165997759439051e-05,0fe4deceb7eca5831a41d05f4ed9041fdbf0f3f0
dv3-A-poisson-002514,3,A,poisson,2514,,,,3:1:0:2514,,test,5,265.7555810674644,,,,,,,,,,,,,,,,,,,,0.0,,,1,268,1,exact,,,,,,,,1.3042001228313893e-05,39f15771597c8f8985b78ccc0b0737706a737cbe
dv3-A-poisson-002515,3,A,poisson,2515,,,,3:1:0:2515,,test,5,459.52238544236013,,,,,,,,,,,,,,,,,,,,0.0,,,1,452,1,exact,,,,,,,,1.5083001926541328e-05,f92760ce4158dfd97b4d470496c70b0700a5ab10
dv3-A-poisson-002516,3,A,poisson,2516,,,,3:1:0:2516,,test,5,142.3205089114397,,,,,,,,,,,,,,,,,,,,0.0,,,1,137,1,exact,,,,,,,,1.1292002454865724e-05,ea01d5607f636428ce02cf507bf9eb3e444a4c9c
dv3-A-poisson-002517,3,A,poisson,2517,,,,3:1:0:2517,,test,5,574.1596381454816,,,,,,,,,,,,,,,,,,,,0.0,,,1,573,1,exact,,,,,,,,1.6958998457994312e-05,9951062fb31f6e5c6b401746dd8886954c20c1d0
dv3-A-poisson-002518,3,A,poisson,2518,,,,3:1:0:2518,,test,5,710.0571904421842,,,,,,,,,,,,,,,,,,,,0.0,,,1,701,1,exact,,,,,,,,1.808299930416979e-05,bad4442f3e8381c944d27bae1cd31aeb5b9f1a66
dv3-A-poisson-002519,3,A,poisson,2519,,,,3:1:0:2519,,test,5,649.8069285137816,,,,,,,,,,,,,,,,,,,,0.0,,,1,660,1,exact,,,,,,,,1.779100057319738e-05,5ea61bb270ff2909891141f36b2e1f15e61c2d06
dv3-A-poisson-002520,3,A,poisson,2520,,,,3:1:0:2520,,test,5,708.5310332362112,,,,,,,,,,,,,,,,,,,,0.0,,,1,721,1,exact,,,,,,,,2.0208000933052972e-05,930eb100612d3a4c158b7e14511baad72ecfc44a
dv3-A-poisson-002521,3,A,poisson,2521,,,,3:1:0:2521,,test,5,234.27829782231976,,,,,,,,,,,,,,,,,,,,0.0,,,1,249,1,exact,,,,,,,,1.3625001884065568e-05,83105399c09f41a481c8b27081fa88cbc30a442e
dv3-A-poisson-002522,3,A,poisson,2522,,,,3:1:0:2522,,test,5,184.65826714740444,,,,,,,,,,,,,,,,,,,,0.0,,,1,179,1,exact,,,,,,,,1.2291999155422673e-05,8397baacb24389e51baa0ef16cb41ca5be6ba815
dv3-A-poisson-002523,3,A,poisson,2523,,,,3:1:0:2523,,test,5,266.986453678002,,,,,,,,,,,,,,,,,,,,0.0,,,1,283,1,exact,,,,,,,,1.3041997590335086e-05,364b321eadc9e25409eb3289eb5a1ca0db8a138a
dv3-A-poisson-002524,3,A,poisson,2524,,,,3:1:0:2524,,test,5,344.30744120330024,,,,,,,,,,,,,,,,,,,,0.0,,,1,382,1,exact,,,,,,,,1.445800080546178e-05,c6e32a1f2da07dc215ae6a0ede410c1429b2247b
dv3-A-poisson-002525,3,A,poisson,2525,,,,3:1:0:2525,,test,5,522.4185549278554,,,,,,,,,,,,,,,,,,,,0.0,,,1,493,1,exact,,,,,,,,1.5832996723474935e-05,ea3ea2e94161c0be942cbb4c5f0f3967e9710f2a
dv3-A-poisson-002526,3,A,poisson,2526,,,,3:1:0:2526,,test,5,158.07462554109904,,,,,,,,,,,,,,,,,,,,0.0,,,1,149,1,exact,,,,,,,,1.1415999324526638e-05,1cd3eb9b606beeef7a4dd9e4bbc7f9b5c1e7ea19
dv3-A-poisson-002527,3,A,poisson,2527,,,,3:1:0:2527,,test,5,296.43509400033605,,,,,,,,,,,,,,,,,,,,0.0,,,1,289,1,exact,,,,,,,,1.2999997125007212e-05,18babbbbb23020c674003fae835857b840e09b89
dv3-A-poisson-002528,3,A,poisson,2528,,,,3:1:0:2528,,test,5,258.11939019645996,,,,,,,,,,,,,,,,,,,,0.0,,,1,259,1,exact,,,,,,,,1.2625001545529813e-05,212a5ae55516c3425ece16eb4cea48517b20bf00
dv3-A-poisson-002529,3,A,poisson,2529,,,,3:1:0:2529,,test,5,201.1319489128582,,,,,,,,,,,,,,,,,,,,0.0,,,1,237,1,exact,,,,,,,,1.4291999832494184e-05,ac3a62da7f093e056713a6bc63651714930af1dc
dv3-A-poisson-002530,3,A,poisson,2530,,,,3:1:0:2530,,test,5,143.37035907017855,,,,,,,,,,,,,,,,,,,,0.0,,,1,121,1,exact,,,,,,,,1.091599915525876e-05,e149834d2083aa53b8864eacdf88e7108afc349b
dv3-A-poisson-002531,3,A,poisson,2531,,,,3:1:0:2531,,test,5,724.9144437945833,,,,,,,,,,,,,,,,,,,,0.0,,,1,711,1,exact,,,,,,,,1.8458998965797946e-05,2ccea2879ee0557bb92c53ac1676e1cc73c3c55c
dv3-A-poisson-002532,3,A,poisson,2532,,,,3:1:0:2532,,test,5,132.03829517676456,,,,,,,,,,,,,,,,,,,,0.0,,,1,122,1,exact,,,,,,,,1.091699959943071e-05,134f3e219be83c7adab7b25e4dba0f865db00308
dv3-A-poisson-002533,3,A,poisson,2533,,,,3:1:0:2533,,test,5,755.4427366661574,,,,,,,,,,,,,,,,,,,,0.0,,,1,732,1,exact,,,,,,,,1.8875001842388883e-05,4c92ca7e02f415f4ad075d3bdd4099a9b4c7250e
dv3-A-poisson-002534,3,A,poisson,2534,,,,3:1:0:2534,,test,5,417.8701849690392,,,,,,,,,,,,,,,,,,,,0.0,,,1,444,1,exact,,,,,,,,1.5249999705702066e-05,c00eb08fcabc52826dcb2ff4fe423499fbd0a2c8
dv3-A-poisson-002535,3,A,poisson,2535,,,,3:1:0:2535,,test,5,428.95929719034405,,,,,,,,,,,,,,,,,,,,0.0,,,1,425,1,exact,,,,,,,,1.4542001736117527e-05,297c6830181fbce96d4935bc692cdadcaeb60db9
dv3-A-poisson-002536,3,A,poisson,2536,,,,3:1:0:2536,,test,5,293.6463714032605,,,,,,,,,,,,,,,,,,,,0.0,,,1,306,1,exact,,,,,,,,1.3332999515114352e-05,36409eb86c4dd137fba0608d332c632cc388e15a
dv3-A-poisson-002537,3,A,poisson,2537,,,,3:1:0:2537,,test,5,709.9048618604974,,,,,,,,,,,,,,,,,,,,0.0,,,1,678,1,exact,,,,,,,,1.8083002942148596e-05,e6f982562112ce2679b780fb63b2a053162a9269
dv3-A-poisson-002538,3,A,poisson,2538,,,,3:1:0:2538,,test,5,436.83633229870685,,,,,,,,,,,,,,,,,,,,0.0,,,1,449,1,exact,,,,,,,,1.4917000953573734e-05,5ff4aed6fc4d85382f0762757f86159e39cf851f
dv3-A-poisson-002539,3,A,poisson,2539,,,,3:1:0:2539,,test,5,201.2906509464302,,,,,,,,,,,,,,,,,,,,0.0,,,1,217,1,exact,,,,,,,,1.1874999472638592e-05,036629d1cefec087ec9d0f65f965e7cf6237ce83
dv3-A-poisson-002540,3,A,poisson,2540,,,,3:1:0:2540,,test,5,169.66110642671907,,,,,,,,,,,,,,,,,,,,0.0,,,1,169,1,exact,,,,,,,,1.1415999324526638e-05,7de2cb1ace23a72691864310f745d1cfd341be59
dv3-A-poisson-002541,3,A,poisson,2541,,,,3:1:0:2541,,test,5,303.9987979213822,,,,,,,,,,,,,,,,,,,,0.0,,,1,297,1,exact,,,,,,,,1.2958000297658145e-05,d632431fff889a02fcd40008c242386dd3227c17
dv3-A-poisson-002542,3,A,poisson,2542,,,,3:1:0:2542,,test,5,165.69475136623336,,,,,,,,,,,,,,,,,,,,0.0,,,1,173,1,exact,,,,,,,,1.1458003427833319e-05,ecec4dfac64e7375c000b00585ceb5fe1a67cd26
dv3-A-poisson-002543,3,A,poisson,2543,,,,3:1:0:2543,,test,5,751.7429109575994,,,,,,,,,,,,,,,,,,,,0.0,,,1,710,1,exact,,,,,,,,1.7832997400546446e-05,f9f08ffb6bba21d624d0c31304e3412b8312a05c
dv3-A-poisson-002544,3,A,poisson,2544,,,,3:1:0:2544,,test,5,376.02056554637426,,,,,,,,,,,,,,,,,,,,0.0,,,1,362,1,exact,,,,,,,,1.3790999219054356e-05,231dd4c8cef3e3eaac3c5a9a56592cbddabf0ac5
dv3-A-poisson-002545,3,A,poisson,2545,,,,3:1:0:2545,,test,5,158.13601272319156,,,,,,,,,,,,,,,,,,,,0.0,,,1,179,1,exact,,,,,,,,1.1375002941349521e-05,67904dfa3b61e69568ca9f15d5297793d41c024a
dv3-A-poisson-002546,3,A,poisson,2546,,,,3:1:0:2546,,test,5,748.5255930875395,,,,,,,,,,,,,,,,,,,,0.0,,,1,706,1,exact,,,,,,,,1.791600152500905e-05,0b40dad951427581b9f4e4824cd0884b5dfea44b
dv3-A-poisson-002547,3,A,poisson,2547,,,,3:1:0:2547,,test,5,110.13910758127292,,,,,,,,,,,,,,,,,,,,0.0,,,1,137,1,exact,,,,,,,,1.0832998668774962e-05,60d4195edc422aa11e36b175cca92676b17f943a
dv3-A-poisson-002548,3,A,poisson,2548,,,,3:1:0:2548,,test,5,172.97711842695813,,,,,,,,,,,,,,,,,,,,0.0,,,1,159,1,exact,,,,,,,,1.1125001037726179e-05,df91ddf04f914cab68a8fd85a01d7b90e5d59ce6
dv3-A-poisson-002549,3,A,poisson,2549,,,,3:1:0:2549,,test,5,221.8325778964107,,,,,,,,,,,,,,,,,,,,0.0,,,1,212,1,exact,,,,,,,,1.1916999937966466e-05,45204da092b4e5982d63b176a28f24c79d7c2d93
dv3-A-poisson-002550,3,A,poisson,2550,,,,3:1:0:2550,,test,5,298.04111464512704,,,,,,,,,,,,,,,,,,,,0.0,,,1,326,1,exact,,,,,,,,1.5541998436674476e-05,58f0ca956c20c46f5f84c8ee68563709d67d0ac8
dv3-A-poisson-002551,3,A,poisson,2551,,,,3:1:0:2551,,test,5,317.34873017879323,,,,,,,,,,,,,,,,,,,,0.0,,,1,304,1,exact,,,,,,,,1.3249999028630555e-05,d37899922044808c9cc3e2585da6b6ca5863556f
dv3-A-poisson-002552,3,A,poisson,2552,,,,3:1:0:2552,,test,5,157.62022324634944,,,,,,,,,,,,,,,,,,,,0.0,,,1,171,1,exact,,,,,,,,1.2291999155422673e-05,adb2779c93fe7cc67d42f3443bcc00f247855fa6
dv3-A-poisson-002553,3,A,poisson,2553,,,,3:1:0:2553,,test,5,386.28232262631064,,,,,,,,,,,,,,,,,,,,0.0,,,1,359,1,exact,,,,,,,,1.4334000297822058e-05,49e0fe744696d2daae6741d4b97055a7157a809a
dv3-A-poisson-002554,3,A,poisson,2554,,,,3:1:0:2554,,test,5,113.85905121060125,,,,,,,,,,,,,,,,,,,,0.0,,,1,100,1,exact,,,,,,,,1.1084001016570255e-05,0d2d1b4e265e16d14326f85bdb54246607192bed
dv3-A-poisson-002555,3,A,poisson,2555,,,,3:1:0:2555,,test,5,757.4858787288273,,,,,,,,,,,,,,,,,,,,0.0,,,1,747,1,exact,,,,,,,,1.8582999473437667e-05,ef4cc477426385a1883088c41bcdc946eba514a3
dv3-A-poisson-002556,3,A,poisson,2556,,,,3:1:0:2556,,test,5,139.34219907194262,,,,,,,,,,,,,,,,,,,,0.0,,,1,136,1,exact,,,,,,,,1.091699959943071e-05,7c0c70d53450e72a3e39999f46a99dd2e4e19c0b
dv3-A-poisson-002557,3,A,poisson,2557,,,,3:1:0:2557,,test,5,242.0026969817774,,,,,,,,,,,,,,,,,,,,0.0,,,1,242,1,exact,,,,,,,,1.237499964190647e-05,3532074f7eeec886f0e5b1526fd805d82d0f5c75
dv3-A-poisson-002558,3,A,poisson,2558,,,,3:1:0:2558,,test,5,116.59807048809006,,,,,,,,,,,,,,,,,,,,0.0,,,1,117,1,exact,,,,,,,,1.049999991664663e-05,adaae26276e9ebd2c80065396466bba64fc3dbfb
dv3-A-poisson-002559,3,A,poisson,2559,,,,3:1:0:2559,,test,5,183.64697385361777,,,,,,,,,,,,,,,,,,,,0.0,,,1,175,1,exact,,,,,,,,1.133299883804284e-05,68b782ae817f4c44585198ce1662f41cb08f1414
dv3-A-poisson-002560,3,A,poisson,2560,,,,3:1:0:2560,,test,5,688.9818588943266,,,,,,,,,,,,,,,,,,,,0.0,,,1,719,1,exact,,,,,,,,1.820800025598146e-05,6e38a4247e0b72a907176677a4c8ad7cc08bb830
dv3-A-poisson-002561,3,A,poisson,2561,,,,3:1:0:2561,,test,5,276.6136564387127,,,,,,,,,,,,,,,,,,,,0.0,,,1,224,1,exact,,,,,,,,1.2249998690094799e-05,d480ca2032e678e0d5897b16c936cf2e69ba590c
dv3-A-poisson-002562,3,A,poisson,2562,,,,3:1:0:2562,,test,5,402.1247511110766,,,,,,,,,,,,,,,,,,,,0.0,,,1,420,1,exact,,,,,,,,1.4166998880682513e-05,461fb3a1f77b76e2aee1fe9fd96a964d9631ea57
dv3-A-poisson-002563,3,A,poisson,2563,,,,3:1:0:2563,,test,5,462.9843080899082,,,,,,,,,,,,,,,,,,,,0.0,,,1,454,1,exact,,,,,,,,1.4792000001762062e-05,4d8f1f98bc940af66e7570409abd2ba804e4b733
dv3-A-poisson-002564,3,A,poisson,2564,,,,3:1:0:2564,,test,5,527.3187842853387,,,,,,,,,,,,,,,,,,,,0.0,,,1,495,1,exact,,,,,,,,1.541600067866966e-05,5cb6801f4e1f28cfea5cc555368dd19f44a5cdb2
dv3-A-poisson-002565,3,A,poisson,2565,,,,3:1:0:2565,,test,5,364.0009881260065,,,,,,,,,,,,,,,,,,,,0.0,,,1,334,1,exact,,,,,,,,1.3624998246086761e-05,b6eb5e5aac1d35bfaa0382c04e900d7677ad73e9
dv3-A-poisson-002566,3,A,poisson,2566,,,,3:1:0:2566,,test,5,228.5914081982387,,,,,,,,,,,,,,,,,,,,0.0,,,1,218,1,exact,,,,,,,,1.1916999937966466e-05,aeff868475d778519d3954bca46e54c62ce8e779
dv3-A-poisson-002567,3,A,poisson,2567,,,,3:1:0:2567,,test,5,320.65933982609727,,,,,,,,,,,,,,,,,,,,0.0,,,1,303,1,exact,,,,,,,,1.3084001693641767e-05,efa58cbcc401114efcec5219bf580ed036d3fdec
dv3-A-poisson-002568,3,A,poisson,2568,,,,3:1:0:2568,,test,5,658.3932347079905,,,,,,,,,,,,,,,,,,,,0.0,,,1,657,1,exact,,,,,,,,1.7708000086713582e-05,bfc4a22418d4f2c5ad2b81269e03c8c38acf33cb
dv3-A-poisson-002569,3,A,poisson,2569,,,,3:1:0:2569,,test,5,445.4328881415167,,,,,,,,,,,,,,,,,,,,0.0,,,1,409,1,exact,,,,,,,,1.4334000297822058e-05,6a3af86679863a2891f3f58fde334f86e33a4318
dv3-A-poisson-002570,3,A,poisson,2570,,,,3:1:0:2570,,test,5,320.7858993236519,,,,,,,,,,,,,,,,,,,,0.0,,,1,303,1,exact,,,,,,,,8.658400111016817e-05,4e02e82943b5123e3db407feb4b47c2144101d7a
dv3-A-poisson-002571,3,A,poisson,2571,,,,3:1:0:2571,,test,5,710.3873379660471,,,,,,,,,,,,,,,,,,,,0.0,,,1,759,1,exact,,,,,,,,7.424999785143882e-05,dad22f98aec2d7d2963d7808a3268ac4026bc5e4
dv3-A-poisson-002572,3,A,poisson,2572,,,,3:1:0:2572,,test,5,492.2543647368264,,,,,,,,,,,,,,,,,,,,0.0,,,1,483,1,exact,,,,,,,,4.01659999624826e-05,5f69bf08a115e4750624972bd413ee5304123b05
dv3-A-poisson-002573,3,A,poisson,2573,,,,3:1:0:2573,,test,5,198.88556538820038,,,,,,,,,,,,,,,,,,,,0.0,,,1,210,1,exact,,,,,,,,3.550000110408291e-05,5cc59340bb32cc6b08853dd325bc5d30533d75e8
dv3-A-poisson-002574,3,A,poisson,2574,,,,3:1:0:2574,,test,5,251.1053909481519,,,,,,,,,,,,,,,,,,,,0.0,,,1,252,1,exact,,,,,,,,2.8500002372311428e-05,fb3c2f5eef59c1a6258a1088280a31e00d69a117
dv3-A-poisson-002575,3,A,poisson,2575,,,,3:1:0:2575,,test,5,607.2876852561632,,,,,,,,,,,,,,,,,,,,0.0,,,1,677,1,exact,,,,,,,,3.762499909498729e-05,d7be248e0d9dc5c73e417ddbea804568ef4281e2
dv3-A-poisson-002576,3,A,poisson,2576,,,,3:1:0:2576,,test,5,291.26640819827213,,,,,,,,,,,,,,,,,,,,0.0,,,1,251,1,exact,,,,,,,,2.7416001103119925e-05,93c921bb2d6ba90d511b474908dbd9d0ed92906f
dv3-A-poisson-002577,3,A,poisson,2577,,,,3:1:0:2577,,test,5,714.2325308208839,,,,,,,,,,,,,,,,,,,,0.0,,,1,685,1,exact,,,,,,,,3.695800114655867e-05,5e1ab209827b8edb29d9b62428b798660f97826e
dv3-A-poisson-002578,3,A,poisson,2578,,,,3:1:0:2578,,test,5,414.6822146219034,,,,,,,,,,,,,,,,,,,,0.0,,,1,429,1,exact,,,,,,,,3.254200055380352e-05,51ac5b62e642c05f5522bae054ffefc81358ce07
dv3-A-poisson-002579,3,A,poisson,2579,,,,3:1:0:2579,,test,5,105.42305704672741,,,,,,,,,,,,,,,,,,,,0.0,,,1,116,1,exact,,,,,,,,2.487500023562461e-05,e67042a926e480d2a6b6ebe73a4e18b3480296e5
dv3-A-poisson-002580,3,A,poisson,2580,,,,3:1:0:2580,,test,5,358.5775420465709,,,,,,,,,,,,,,,,,,,,0.0,,,1,367,1,exact,,,,,,,,3.0416998924920335e-05,294ea9d92a72fa9e8f639f147f5396daf0d114a0
dv3-A-poisson-002581,3,A,poisson,2581,,,,3:1:0:2581,,test,5,163.98286711005662,,,,,,,,,,,,,,,,,,,,0.0,,,1,186,1,exact,,,,,,,,2.5707999157020822e-05,a29cc008c1cd27ea3d032859e72922f82fcf5c5f
dv3-A-poisson-002582,3,A,poisson,2582,,,,3:1:0:2582,,test,5,101.48467143914444,,,,,,,,,,,,,,,,,,,,0.0,,,1,107,1,exact,,,,,,,,2.4249999114545062e-05,16c52b59bc6992fa59d9f6119a60f6be2fe18ca2
dv3-A-poisson-002583,3,A,poisson,2583,,,,3:1:0:2583,,test,5,468.4875218582187,,,,,,,,,,,,,,,,,,,,0.0,,,1,491,1,exact,,,,,,,,3.3791002351790667e-05,d42dd3eac05c7c1dfc22a78ff167a6cabb7cb985
dv3-A-poisson-002584,3,A,poisson,2584,,,,3:1:0:2584,,test,5,293.9704097043234,,,,,,,,,,,,,,,,,,,,0.0,,,1,292,1,exact,,,,,,,,2.8542002837639302e-05,ff1ddbd8d4928adcb0507a5414f3f834b71d7af5
dv3-A-poisson-002585,3,A,poisson,2585,,,,3:1:0:2585,,test,5,108.88824804392144,,,,,,,,,,,,,,,,,,,,0.0,,,1,133,1,exact,,,,,,,,2.383299943176098e-05,f5df678c9e8c9bbe4c5a7e858647c33d451789b7
dv3-A-poisson-002586,3,A,poisson,2586,,,,3:1:0:2586,,test,5,100.99587941045287,,,,,,,,,,,,,,,,,,,,0.0,,,1,111,1,exact,,,,,,,,2.2624997654929757e-05,3a7a21c3a406c6f184aec8ea2551eff1ace8129e
dv3-A-poisson-002587,3,A,poisson,2587,,,,3:1:0:2587,,test,5,100.98454801360906,,,,,,,,,,,,,,,,,,,,0.0,,,1,118,1,exact,,,,,,,,2.3332999262493104e-05,6821b7936912fcc04a1901aeec7a4978670e5b37
dv3-A-poisson-002588,3,A,poisson,2588,,,,3:1:0:2588,,test,5,592.0004324876289,,,,,,,,,,,,,,,,,,,,0.0,,,1,593,1,exact,,,,,,,,3.6042001738678664e-05,786433bbf7c198e9861a115dddd6eaf1c0ce9be8
dv3-A-poisson-002589,3,A,poisson,2589,,,,3:1:0:2589,,test,5,123.95721329269034,,,,,,,,,,,,,,,,,,,,0.0,,,1,141,1,exact,,,,,,,,2.433299960102886e-05,2ba6fff5236d846fb6dadf8474649c968b7dc450
dv3-A-poisson-002590,3,A,poisson,2590,,,,3:1:0:2590,,test,5,786.768546515481,,,,,,,,,,,,,,,,,,,,0.0,,,1,861,1,exact,,,,,,,,4.28749990533106e-05,1f401850becab16fd32b0319057dd53c4c981d64
dv3-A-poisson-002591,3,A,poisson,2591,,,,3:1:0:2591,,test,5,207.5019803707791,,,,,,,,,,,,,,,,,,,,0.0,,,1,209,1,exact,,,,,,,,2.62079993262887e-05,a31cae59da8572a87152e2e2796ae14adbd560ca
dv3-A-poisson-002592,3,A,poisson,2592,,,,3:1:0:2592,,test,5,218.72136970113445,,,,,,,,,,,,,,,,,,,,0.0,,,1,221,1,exact,,,,,,,,2.6083002012455836e-05,83023bcf26e0ae8a59a1cf1331d7fdb9350d20a7
dv3-A-poisson-002593,3,A,poisson,2593,,,,3:1:0:2593,,test,5,109.51300762337293,,,,,,,,,,,,,,,,,,,,0.0,,,1,109,1,exact,,,,,,,,2.3624997993465513e-05,92906e7014b4053fea219760a0ab423c8c8f1a4c
dv3-A-poisson-002594,3,A,poisson,2594,,,,3:1:0:2594,,test,5,318.14683339632603,,,,,,,,,,,,,,,,,,,,0.0,,,1,303,1,exact,,,,,,,,2.8750000637955964e-05,1c3203827ddf62e132e754d491673c014eac1d49
dv3-A-poisson-002595,3,A,poisson,2595,,,,3:1:0:2595,,test,5,120.88849640477785,,,,,,,,,,,,,,,,,,,,0.0,,,1,117,1,exact,,,,,,,,2.4000000848900527e-05,062bdcf4f4783ac067c51f51ab6630c8bf72da7d
dv3-A-poisson-002596,3,A,poisson,2596,,,,3:1:0:2596,,test,5,221.35456797982476,,,,,,,,,,,,,,,,,,,,0.0,,,1,197,1,exact,,,,,,,,2.5707999157020822e-05,d5fc084bf284374cd7a8e762c9ade5ec4246339c
dv3-A-poisson-002597,3,A,poisson,2597,,,,3:1:0:2597,,test,5,451.3154898318962,,,,,,,,,,,,,,,,,,,,0.0,,,1,452,1,exact,,,,,,,,3.154200021526776e-05,c8b28a0ac99b0c9f24b630546e7971a2f0fd0139
dv3-A-poisson-002598,3,A,poisson,2598,,,,3:1:0:2598,,test,5,209.87362433118415,,,,,,,,,,,,,,,,,,,,0.0,,,1,212,1,exact,,,,,,,,2.474999928381294e-05,bfb2eee87c9e6a51bf3ad5ee921a0a087d285e87
dv3-A-poisson-002599,3,A,poisson,2599,,,,3:1:0:2599,,test,5,298.1035896258707,,,,,,,,,,,,,,,,,,,,0.0,,,1,291,1,exact,,,,,,,,2.7999998565064743e-05,ea7273cd2c132602b98322b83d4ee153e6f4b7f8
dv3-A-poisson-002600,3,A,poisson,2600,,,,3:1:0:2600,,test,5,289.8101095561327,,,,,,,,,,,,,,,,,,,,0.0,,,1,294,1,exact,,,,,,,,2.800000220304355e-05,033aaadc94f5ede1156e2b9eebd54b3369dd0fdc
dv3-A-poisson-002601,3,A,poisson,2601,,,,3:1:0:2601,,test,5,486.3571251650936,,,,,,,,,,,,,,,,,,,,0.0,,,1,500,1,exact,,,,,,,,3.3042000723071396e-05,e31ad07924e82e88f743e9b6916049cb98573db3
dv3-A-poisson-002602,3,A,poisson,2602,,,,3:1:0:2602,,test,5,548.6200686228984,,,,,,,,,,,,,,,,,,,,0.0,,,1,549,1,exact,,,,,,,,3.929199738195166e-05,613f894accc518f285f3e2177bce7bd6bca2746d
dv3-A-poisson-002603,3,A,poisson,2603,,,,3:1:0:2603,,test,5,152.03582129837957,,,,,,,,,,,,,,,,,,,,0.0,,,1,153,1,exact,,,,,,,,2.550000135670416e-05,69314116d2c2a994f7c144f8a0f2ad83e55c45aa
dv3-A-poisson-002604,3,A,poisson,2604,,,,3:1:0:2604,,test,5,602.6574976431704,,,,,,,,,,,,,,,,,,,,0.0,,,1,603,1,exact,,,,,,,,3.654200190794654e-05,0bea0cb0c0a79da8259bfdc185c3ed4aea83c3c8
dv3-A-poisson-002605,3,A,poisson,2605,,,,3:1:0:2605,,test,5,218.06441619888867,,,,,,,,,,,,,,,,,,,,0.0,,,1,221,1,exact,,,,,,,,2.6458001229912043e-05,8c568c9569475a2ab3d84545b2bb7c99ec5a1f18
dv3-A-poisson-002606,3,A,poisson,2606,,,,3:1:0:2606,,test,5,128.43606105767458,,,,,,,,,,,,,,,,,,,,0.0,,,1,133,1,exact,,,,,,,,2.3958000383572653e-05,10068ca30b8daa8eb1e1452c9f7bc7e89f106b66
dv3-A-poisson-002607,3,A,poisson,2607,,,,3:1:0:2607,,test,5,340.4039249148736,,,,,,,,,,,,,,,,,,,,0.0,,,1,335,1,exact,,,,,,,,2.883300112443976e-05,c22a3aabffdb986778a74056e4f7fe382ffc7c6f
dv3-A-poisson-002608,3,A,poisson,2608,,,,3:1:0:2608,,test,5,124.90280876558239,,,,,,,,,,,,,,,,,,,,0.0,,,1,132,1,exact,,,,,,,,2.3790998966433108e-05,7a6d66c3f05d26a7b31de5bbfa3753ba622d0104
dv3-A-poisson-002609,3,A,poisson,2609,,,,3:1:0:2609,,test,5,312.2339271298354,,,,,,,,,,,,,,,,,,,,0.0,,,1,303,1,exact,,,,,,,,2.8208000003360212e-05,478c82ece303a08611c6a5e990c71476d4fdc9c3
dv3-A-poisson-002610,3,A,poisson,2610,,,,3:1:0:2610,,test,5,211.35230982127516,,,,,,,,,,,,,,,,,,,,0.0,,,1,204,1,exact,,,,,,,,3.3833999623311684e-05,ab95a910c20de80471bb5d58ad7616ea2f3f388a
dv3-A-poisson-002611,3,A,poisson,2611,,,,3:1:0:2611,,test,5,422.9872434856066,,,,,,,,,,,,,,,,,,,,0.0,,,1,426,1,exact,,,,,,,,3.091700273216702e-05,e3f9744f4ab1e8fd091869775bd2ca56e3573464
dv3-A-poisson-002612,3,A,poisson,2612,,,,3:1:0:2612,,test,5,383.2478438240876,,,,,,,,,,,,,,,,,,,,0.0,,,1,371,1,exact,,,,,,,,3.0416998924920335e-05,7e03a8a0ec38f390d3fcc695b67080aa0cc11195
dv3-A-poisson-002613,3,A,poisson,2613,,,,3:1:0:2613,,test,5,131.9592087665888,,,,,,,,,,,,,,,,,,,,0.0,,,1,119,1,exact,,,,,,,,2.341700019314885e-05,5a6aa72aca7de8aac517992785b438de1fed9b2c
dv3-A-poisson-002614,3,A,poisson,2614,,,,3:1:0:2614,,test,5,129.60477924654194,,,,,,,,,,,,,,,,,,,,0.0,,,1,115,1,exact,,,,,,,,2.2959000489208847e-05,c120730435fc8b7f802763a449e011ac046fc1c1
dv3-A-poisson-002615,3,A,poisson,2615,,,,3:1:0:2615,,test,5,158.70739324300217,,,,,,,,,,,,,,,,,,,,0.0,,,1,152,1,exact,,,,,,,,2.4832999770296738e-05,39fab00adced582c7d20327d26f965f51ce998c2
dv3-A-poisson-002616,3,A,poisson,2616,,,,3:1:0:2616,,test,5,422.04952335456846,,,,,,,,,,,,,,,,,,,,0.0,,,1,428,1,exact,,,,,,,,3.170800118823536e-05,4de804f6d80ece4e784c307116e2ef173c0411b6
dv3-A-poisson-002617,3,A,poisson,2617,,,,3:1:0:2617,,test,5,356.7660597288735,,,,,,,,,,,,,,,,,,,,0.0,,,1,365,1,exact,,,,,,,,3.4583001252030954e-05,f480383d92f6fa4702acd807a63214ee2906f71e
dv3-A-poisson-002618,3,A,poisson,2618,,,,3:1:0:2618,,test,5,124.64300173148162,,,,,,,,,,,,,,,,,,,,0.0,,,1,135,1,exact,,,,,,,,2.3749998945277184e-05,bb8e0b9430dde44c5eada793b7451b47ee01a7d0
dv3-A-poisson-002619,3,A,poisson,2619,,,,3:1:0:2619,,test,5,230.0087295715886,,,,,,,,,,,,,,,,,,,,0.0,,,1,249,1,exact,,,,,,,,2.633400072227232e-05,7dfc02a8d9d75f0ea0a080346e15f30ff52b77e6
dv3-A-poisson-002620,3,A,poisson,2620,,,,3:1:0:2620,,test,5,408.0731143886213,,,,,,,,,,,,,,,,,,,,0.0,,,1,408,1,exact,,,,,,,,3.029200161108747e-05,63239105bb3e22dc1e52cd82425a8c0a9f58d0e7
dv3-A-poisson-002621,3,A,poisson,2621,,,,3:1:0:2621,,test,5,198.44123362782625,,,,,,,,,,,,,,,,,,,,0.0,,,1,191,1,exact,,,,,,,,2.433299960102886e-05,ad425493c1a16bdc0d3f0aba0c380cffd8b2e8bc
dv3-A-poisson-002622,3,A,poisson,2622,,,,3:1:0:2622,,test,5,187.55715470800115,,,,,,,,,,,,,,,,,,,,0.0,,,1,208,1,exact,,,,,,,,2.495900116628036e-05,4054bb2f49c83dc7b296367dd8337c37f273ec9c
dv3-A-poisson-002623,3,A,poisson,2623,,,,3:1:0:2623,,test,5,187.49365186407175,,,,,,,,,,,,,,,,,,,,0.0,,,1,186,1,exact,,,,,,,,2.454200148349628e-05,91755ff0741a38791ea5e26205f2f31a0dde8783
dv3-A-poisson-002624,3,A,poisson,2624,,,,3:1:0:2624,,test,5,508.5053497936016,,,,,,,,,,,,,,,,,,,,0.0,,,1,500,1,exact,,,,,,,,3.258300057495944e-05,62e5e134e87b737b7e3d65a96cc2a7b3bfeff04d
dv3-A-poisson-002625,3,A,poisson,2625,,,,3:1:0:2625,,test,5,291.7212930545591,,,,,,,,,,,,,,,,,,,,0.0,,,1,277,1,exact,,,,,,,,2.7999998565064743e-05,a5410309ab47ff9ae1951d7ef1b95a0a2f42cb99
dv3-A-poisson-002626,3,A,poisson,2626,,,,3:1:0:2626,,test,5,139.14542717602959,,,,,,,,,,,,,,,,,,,,0.0,,,1,131,1,exact,,,,,,,,2.416600182186812e-05,07b5451f370d2f93d8dc8da1462d98b507cf182f
dv3-A-poisson-002627,3,A,poisson,2627,,,,3:1:0:2627,,test,5,104.70625211339981,,,,,,,,,,,,,,,,,,,,0.0,,,1,114,1,exact,,,,,,,,2.362500163144432e-05,3e1ce5291aaaea2b12e14a7786f33d8469e97243
dv3-A-poisson-002628,3,A,poisson,2628,,,,3:1:0:2628,,test,5,357.08950033987634,,,,,,,,,,,,,,,,,,,,0.0,,,1,328,1,exact,,,,,,,,4.029200135846622e-05,80851326e3c24135bca7a1a41a902b9ccbaa64b3
dv3-A-poisson-002629,3,A,poisson,2629,,,,3:1:0:2629,,test,5,172.98925049769437,,,,,,,,,,,,,,,,,,,,0.0,,,1,174,1,exact,,,,,,,,2.5959001504816115e-05,a1db7745dc206c0a3735aa6d11d18fc723d74203
dv3-A-poisson-002630,3,A,poisson,2630,,,,3:1:0:2630,,test,5,347.6362396975719,,,,,,,,,,,,,,,,,,,,0.0,,,1,363,1,exact,,,,,,,,3.5083998227491975e-05,b02c4626a0c601ebcfc9a7ab2d8d8f58d9b483db
dv3-A-poisson-002631,3,A,poisson,2631,,,,3:1:0:2631,,test,5,204.37693686337627,,,,,,,,,,,,,,,,,,,,0.0,,,1,217,1,exact,,,,,,,,2.641600076458417e-05,bf66d0e87e4b02da3e4ccbd43fa1aeafc3b13144
dv3-A-poisson-002632,3,A,poisson,2632,,,,3:1:0:2632,,test,5,132.84767206303724,,,,,,,,,,,,,,,,,,,,0.0,,,1,132,1,exact,,,,,,,,2.3791999410605058e-05,475e285cf1550eeb2d5b67dfcc94f1aed4dd1f93
dv3-A-poisson-002633,3,A,poisson,2633,,,,3:1:0:2633,,test,5,120.29115029023035,,,,,,,,,,,,,,,,,,,,0.0,,,1,106,1,exact,,,,,,,,2.2791999072069302e-05,a168e2bf8e7d39abaa54ed07e53be29721009b0d
dv3-A-poisson-002634,3,A,poisson,2634,,,,3:1:0:2634,,test,5,208.7414836500747,,,,,,,,,,,,,,,,,,,,0.0,,,1,218,1,exact,,,,,,,,3.545800063875504e-05,573bce11e94b7f2413f530d325deb2897acbc333
dv3-A-poisson-002635,3,A,poisson,2635,,,,3:1:0:2635,,test,5,397.297691579988,,,,,,,,,,,,,,,,,,,,0.0,,,1,389,1,exact,,,,,,,,3.087499862886034e-05,ed77e81f13a42afc28d5c758b537019ed3aaae50
dv3-A-poisson-002636,3,A,poisson,2636,,,,3:1:0:2636,,test,5,123.12297353964748,,,,,,,,,,,,,,,,,,,,0.0,,,1,134,1,exact,,,,,,,,2.3541000700788572e-05,b3c263f8bf1e98437c37dcde5ba7357a0e02d6b9
dv3-A-poisson-002637,3,A,poisson,2637,,,,3:1:0:2637,,test,5,111.73703354712079,,,,,,,,,,,,,,,,,,,,0.0,,,1,118,1,exact,,,,,,,,2.279200271004811e-05,8052b30be3115ed5e73d91d1466cdaf8e73ca41e
dv3-A-poisson-002638,3,A,poisson,2638,,,,3:1:0:2638,,test,5,339.38137399069745,,,,,,,,,,,,,,,,,,,,0.0,,,1,337,1,exact,,,,,,,,3.433300298638642e-05,1eb18614d46941ec26132f8d4c1a2334197623f8
dv3-A-poisson-002639,3,A,poisson,2639,,,,3:1:0:2639,,test,5,404.05983314957183,,,,,,,,,,,,,,,,,,,,0.0,,,1,385,1,exact,,,,,,,,2.975000097649172e-05,be928abb8da14684251ef21da0dad5a71029b9d1
dv3-A-poisson-002640,3,A,poisson,2640,,,,3:1:0:2640,,test,5,104.80565183438877,,,,,,,,,,,,,,,,,,,,0.0,,,1,98,1,exact,,,,,,,,2.308399780304171e-05,e32b23f1b5c084bd7c4e476d6ad5222f591884be
dv3-A-poisson-002641,3,A,poisson,2641,,,,3:1:0:2641,,test,5,118.15994685005904,,,,,,,,,,,,,,,,,,,,0.0,,,1,108,1,exact,,,,,,,,2.2208998416317627e-05,b0c82343d4b9615eda5cc928abdde6f5de06bc09
dv3-A-poisson-002642,3,A,poisson,2642,,,,3:1:0:2642,,test,5,266.34904861611506,,,,,,,,,,,,,,,,,,,,0.0,,,1,248,1,exact,,,,,,,,2.612500247778371e-05,2003533e56e128207ed68c1d8e6c5b9805f15f68
dv3-A-poisson-002643,3,A,poisson,2643,,,,3:1:0:2643,,test,5,198.91253614733876,,,,,,,,,,,,,,,,,,,,0.0,,,1,204,1,exact,,,,,,,,2.4584001948824152e-05,328a80c6d62faef5533420c0cd4722e4f70b927e
dv3-A-poisson-002644,3,A,poisson,2644,,,,3:1:0:2644,,test,5,103.0274980988436,,,,,,,,,,,,,,,,,,,,0.0,,,1,111,1,exact,,,,,,,,2.2541000362252817e-05,1675d561f878e554e8f555e385cd905380744aab
dv3-A-poisson-002645,3,A,poisson,2645,,,,3:1:0:2645,,test,5,139.5453425924083,,,,,,,,,,,,,,,,,,,,0.0,,,1,149,1,exact,,,,,,,,2.316599784535356e-05,81247eb0f033c1958fd8b89436543d33e805d815
dv3-A-poisson-002646,3,A,poisson,2646,,,,3:1:0:2646,,test,5,593.5622254360095,,,,,,,,,,,,,,,,,,,,0.0,,,1,560,1,exact,,,,,,,,4.004199945484288e-05,1f6dc3a5927b7296c7106cca294dc43674daf393
dv3-A-poisson-002647,3,A,poisson,2647,,,,3:1:0:2647,,test,5,128.7480781658678,,,,,,,,,,,,,,,,,,,,0.0,,,1,128,1,exact,,,,,,,,2.2917000023880973e-05,43d392a127ce3c40fd66abd2e9fec4184a55a90e
dv3-A-poisson-002648,3,A,poisson,2648,,,,3:1:0:2648,,test,5,404.8646018057544,,,,,,,,,,,,,,,,,,,,0.0,,,1,400,1,exact,,,,,,,,3.35000004270114e-05,5f72ab0bd274615fd1d3938f4225eb525d021124
dv3-A-poisson-002649,3,A,poisson,2649,,,,3:1:0:2649,,test,5,569.3412605341861,,,,,,,,,,,,,,,,,,,,0.0,,,1,551,1,exact,,,,,,,,3.5624998417915776e-05,ac811a2cdd425e8a6c8e73d3dd3a3c722e059f60
dv3-A-poisson-002650,3,A,poisson,2650,,,,3:1:0:2650,,test,5,361.2349476368901,,,,,,,,,,,,,,,,,,,,0.0,,,1,364,1,exact,,,,,,,,3.579199983505532e-05,e7d7fc32a46a7ebc0b23720409e46b7d0dd5020d
dv3-A-poisson-002651,3,A,poisson,2651,,,,3:1:0:2651,,test,5,577.8276244183561,,,,,,,,,,,,,,,,,,,,0.0,,,1,594,1,exact,,,,,,,,3.699999797390774e-05,fae6950fb36f9421ca945359782619fce7c220da
dv3-A-poisson-002652,3,A,poisson,2652,,,,3:1:0:2652,,test,5,468.832933110692,,,,,,,,,,,,,,,,,,,,0.0,,,1,464,1,exact,,,,,,,,3.308299710624851e-05,ece0b404e201c10341451ea9baded4cf97fd8e21
dv3-A-poisson-002653,3,A,poisson,2653,,,,3:1:0:2653,,test,5,140.06121618412965,,,,,,,,,,,,,,,,,,,,0.0,,,1,140,1,exact,,,,,,,,2.529099947423674e-05,f249fa5a538c1600bb43de81ddaa6c1357bde101
dv3-A-poisson-002654,3,A,poisson,2654,,,,3:1:0:2654,,test,5,424.0313022526259,,,,,,,,,,,,,,,,,,,,0.0,,,1,427,1,exact,,,,,,,,3.183299850206822e-05,e7590898c02c0310903004f5ee953b67018c4416
dv3-A-poisson-002655,3,A,poisson,2655,,,,3:1:0:2655,,test,5,664.075958357039,,,,,,,,,,,,,,,,,,,,0.0,,,1,697,1,exact,,,,,,,,3.891700180247426e-05,79876111c8f5374993ec20d3847b32c0698eaef9
dv3-A-poisson-002656,3,A,poisson,2656,,,,3:1:0:2656,,test,5,134.8263605902768,,,,,,,,,,,,,,,,,,,,0.0,,,1,128,1,exact,,,,,,,,2.4000000848900527e-05,832a60e75bf3912f8a97598c356b2fa10aa5247b
dv3-A-poisson-002657,3,A,poisson,2657,,,,3:1:0:2657,,test,5,726.7331421439616,,,,,,,,,,,,,,,,,,,,0.0,,,1,712,1,exact,,,,,,,,4.533399987849407e-05,affa3d3c78c873a2443c520c0acd3eb2068c9820
dv3-A-poisson-002658,3,A,poisson,2658,,,,3:1:0:2658,,test,5,205.96599460841958,,,,,,,,,,,,,,,,,,,,0.0,,,1,204,1,exact,,,,,,,,2.6124998839804903e-05,6c145c33d640b98ac4e0a89588363ab91801f1ce
dv3-A-poisson-002659,3,A,poisson,2659,,,,3:1:0:2659,,test,5,289.18981013322673,,,,,,,,,,,,,,,,,,,,0.0,,,1,274,1,exact,,,,,,,,2.883400156861171e-05,baea6d6fb05966e29cbe7272c7aa89e3017e4b33
dv3-A-poisson-002660,3,A,poisson,2660,,,,3:1:0:2660,,test,5,513.0806430667907,,,,,,,,,,,,,,,,,,,,0.0,,,1,493,1,exact,,,,,,,,3.366699820617214e-05,717a34eab1dc4015980e245c73a63f2f5c753537
dv3-A-poisson-002661,3,A,poisson,2661,,,,3:1:0:2661,,test,5,616.7116587403048,,,,,,,,,,,,,,,,,,,,0.0,,,1,588,1,exact,,,,,,,,3.608399856602773e-05,11258a8833d394047b7aae7153043e2728e5ea0c
dv3-A-poisson-002662,3,A,poisson,2662,,,,3:1:0:2662,,test,5,180.12001608496047,,,,,,,,,,,,,,,,,,,,0.0,,,1,163,1,exact,,,,,,,,2.504199801478535e-05,ad0dfadfe66941652020ff2605cb785257c63515
dv3-A-poisson-002663,3,A,poisson,2663,,,,3:1:0:2663,,test,5,435.8484485584457,,,,,,,,,,,,,,,,,,,,0.0,,,1,479,1,exact,,,,,,,,3.237499913666397e-05,87d04fd5ae891c93dea5aba2509d9aa116b5a060
dv3-A-poisson-002664,3,A,poisson,2664,,,,3:1:0:2664,,test,5,388.834898034939,,,,,,,,,,,,,,,,,,,,0.0,,,1,390,1,exact,,,,,,,,3.758300226763822e-05,026a5e27dd62f7986ad8770106c7cbaa841cd59d
dv3-A-poisson-002665,3,A,poisson,2665,,,,3:1:0:2665,,test,5,221.7799826643212,,,,,,,,,,,,,,,,,,,,0.0,,,1,201,1,exact,,,,,,,,2.608299837447703e-05,52731c89401d8cf0ecafa08d0396b925ecf9d2ba
dv3-A-poisson-002666,3,A,poisson,2666,,,,3:1:0:2666,,test,5,215.48632973392534,,,,,,,,,,,,,,,,,,,,0.0,,,1,229,1,exact,,,,,,,,2.7166999643668532e-05,11fca08ca3614d7e455ce6d2e6542cf7ebf1ce94
dv3-A-poisson-002667,3,A,poisson,2667,,,,3:1:0:2667,,test,5,164.70343611968656,,,,,,,,,,,,,,,,,,,,0.0,,,1,173,1,exact,,,,,,,,2.4457996914861724e-05,ae5e96aafab65b89ba36851da87d137abfc3386d
dv3-A-poisson-002668,3,A,poisson,2668,,,,3:1:0:2668,,test,5,171.19395185761883,,,,,,,,,,,,,,,,,,,,0.0,,,1,167,1,exact,,,,,,,,2.474999928381294e-05,75a149ee0cdb3581afc800f5ba8ec515396672d7
dv3-A-poisson-002669,3,A,poisson,2669,,,,3:1:0:2669,,test,5,421.44328860166996,,,,,,,,,,,,,,,,,,,,0.0,,,1,440,1,exact,,,,,,,,4.208399695926346e-05,a80fae8af84bbf577c23c92a4bc0985ce7d8f1c9
dv3-A-poisson-002670,3,A,poisson,2670,,,,3:1:0:2670,,test,5,136.05632468598574,,,,,,,,,,,,,,,,,,,,0.0,,,1,142,1,exact,,,,,,,,2.433400004520081e-05,a0ecc9b089c9ab97d2b069fdbe11ddee60072b34
dv3-A-poisson-002671,3,A,poisson,2671,,,,3:1:0:2671,,test,5,123.07496874570192,,,,,,,,,,,,,,,,,,,,0.0,,,1,132,1,exact,,,,,,,,2.4125001800712198e-05,d713772b54a52ac4e59d54b29c3c04d33cb1b2ef
dv3-A-poisson-002672,3,A,poisson,2672,,,,3:1:0:2672,,test,5,102.94746109475452,,,,,,,,,,,,,,,,,,,,0.0,,,1,93,1,exact,,,,,,,,2.266599767608568e-05,5e0b68539e4fddce03f8483cae3673402c40c018
dv3-A-poisson-002673,3,A,poisson,2673,,,,3:1:0:2673,,test,5,234.0774260512724,,,,,,,,,,,,,,,,,,,,0.0,,,1,254,1,exact,,,,,,,,2.704199869185686e-05,c1230c8e4cc114ecb75c668b0e2abe8bbe73d25d
dv3-A-poisson-002674,3,A,poisson,2674,,,,3:1:0:2674,,test,5,195.49159844719344,,,,,,,,,,,,,,,,,,,,0.0,,,1,207,1,exact,,,,,,,,3.516699871397577e-05,6ec5f157a638cf69a4eedb103dde47cfe55af04e
dv3-A-poisson-002675,3,A,poisson,2675,,,,3:1:0:2675,,test,5,110.08757385057902,,,,,,,,,,,,,,,,,,,,0.0,,,1,117,1,exact,,,,,,,,2.279100226587616e-05,39689ea9af4f4341fde2f7b88a5c82bb0209d922
dv3-A-poisson-002676,3,A,poisson,2676,,,,3:1:0:2676,,test,5,596.0136720835801,,,,,,,,,,,,,,,,,,,,0.0,,,1,624,1,exact,,,,,,,,3.5708999348571524e-05,943984453dd9ad667baf7129d08b0b23000f67f1
dv3-A-poisson-002677,3,A,poisson,2677,,,,3:1:0:2677,,test,5,442.51721430259533,,,,,,,,,,,,,,,,,,,,0.0,,,1,476,1,exact,,,,,,,,3.199999991920777e-05,66f856aed024fedfbfa552c6d8e8816a57c0f906
dv3-A-poisson-002678,3,A,poisson,2678,,,,3:1:0:2678,,test,5,378.724266689332,,,,,,,,,,,,,,,,,,,,0.0,,,1,394,1,exact,,,,,,,,3.524999920045957e-05,0d69bc058ebdfb75ff3f08b90431396bd29d1cb2
dv3-A-poisson-002679,3,A,poisson,2679,,,,3:1:0:2679,,test,5,324.2627525286099,,,,,,,,,,,,,,,,,,,,0.0,,,1,324,1,exact,,,,,,,,2.824999683070928e-05,93bb0afde264874492d663e1017b2853cb100b63
dv3-A-poisson-002680,3,A,poisson,2680,,,,3:1:0:2680,,test,5,101.36668189133124,,,,,,,,,,,,,,,,,,,,0.0,,,1,102,1,exact,,,,,,,,2.2290998458629474e-05,56c72218f3cd1bfd4c386c0dfb1f20077c6b2040
dv3-A-poisson-002681,3,A,poisson,2681,,,,3:1:0:2681,,test,5,490.0411708287913,,,,,,,,,,,,,,,,,,,,0.0,,,1,502,1,exact,,,,,,,,3.254200055380352e-05,0c71d918e969705e4955b10c28a0b0de5fdd207b
dv3-A-poisson-002682,3,A,poisson,2682,,,,3:1:0:2682,,test,5,431.3437876536928,,,,,,,,,,,,,,,,,,,,0.0,,,1,416,1,exact,,,,,,,,3.066700082854368e-05,8cdcd37ffa0907e101421039029d632d255e1abb
dv3-A-poisson-002683,3,A,poisson,2683,,,,3:1:0:2683,,test,5,575.4386615919007,,,,,,,,,,,,,,,,,,,,0.0,,,1,526,1,exact,,,,,,,,3.858300260617398e-05,0cd718aa35384e10d4b1ce4288933685a10f9cb3
dv3-A-poisson-002684,3,A,poisson,2684,,,,3:1:0:2684,,test,5,121.33824072712454,,,,,,,,,,,,,,,,,,,,0.0,,,1,128,1,exact,,,,,,,,2.300000051036477e-05,81ff425a6bfb121588e8abe7ace96d8086631a8f
dv3-A-poisson-002685,3,A,poisson,2685,,,,3:1:0:2685,,test,5,684.6037686940232,,,,,,,,,,,,,,,,,,,,0.0,,,1,637,1,exact,,,,,,,,3.6249999538995326e-05,5266f3eee4fa9737fb67b771de211b2173fd75f2
dv3-A-poisson-002686,3,A,poisson,2686,,,,3:1:0:2686,,test,5,173.7549044725292,,,,,,,,,,,,,,,,,,,,0.0,,,1,154,1,exact,,,,,,,,2.3791002604411915e-05,5a8741245912a825bb5f34ee99e6c001a9affd14
dv3-A-poisson-002687,3,A,poisson,2687,,,,3:1:0:2687,,test,5,562.3667959769026,,,,,,,,,,,,,,,,,,,,0.0,,,1,570,1,exact,,,,,,,,3.429199932725169e-05,0c0434682c65390702407646eb6a5fb4ecc07488
dv3-A-poisson-002688,3,A,poisson,2688,,,,3:1:0:2688,,test,5,189.83421395607354,,,,,,,,,,,,,,,,,,,,0.0,,,1,188,1,exact,,,,,,,,3.0209001124603674e-05,38114f499f0e042af9d921a7d593cc8e6bce2dbc
dv3-A-poisson-002689,3,A,poisson,2689,,,,3:1:0:2689,,test,5,206.66176627369185,,,,,,,,,,,,,,,,,,,,0.0,,,1,195,1,exact,,,,,,,,2.5208999431924894e-05,9ca4bf779e2729c377107b58628172830a1a799c
dv3-A-poisson-002690,3,A,poisson,2690,,,,3:1:0:2690,,test,5,139.72664298727452,,,,,,,,,,,,,,,,,,,,0.0,,,1,156,1,exact,,,,,,,,2.350000067963265e-05,e188801b15211fb368d83b6c9771ba37aba2f7b7
dv3-A-poisson-002691,3,A,poisson,2691,,,,3:1:0:2691,,test,5,716.330208281865,,,,,,,,,,,,,,,,,,,,0.0,,,1,719,1,exact,,,,,,,,4.116700074519031e-05,975b31d478eac27bcf96ac5c73f8ccc0fcccc3c5
dv3-A-poisson-002692,3,A,poisson,2692,,,,3:1:0:2692,,test,5,112.07844931181361,,,,,,,,,,,,,,,,,,,,0.0,,,1,103,1,exact,,,,,,,,2.2790998627897352e-05,04fb62218b96a5e70504989092506e4bae91c147
dv3-A-poisson-002693,3,A,poisson,2693,,,,3:1:0:2693,,test,5,700.2579842310043,,,,,,,,,,,,,,,,,,,,0.0,,,1,680,1,exact,,,,,,,,3.749999814317562e-05,fbe1bc32543269709644fcf7d50bbc256a762001
dv3-A-poisson-002694,3,A,poisson,2694,,,,3:1:0:2694,,test,5,292.1323802493581,,,,,,,,,,,,,,,,,,,,0.0,,,1,291,1,exact,,,,,,,,3.2500000088475645e-05,8980a9d3ede69d1b818daffdd06c90cb1f543f2a
dv3-A-poisson-002695,3,A,poisson,2695,,,,3:1:0:2695,,test,5,110.48094864288203,,,,,,,,,,,,,,,,,,,,0.0,,,1,118,1,exact,,,,,,,,2.300000051036477e-05,ee412bed5c1cd79e713bc92d7db5c7bbaba9a972
dv3-A-poisson-002696,3,A,poisson,2696,,,,3:1:0:2696,,test,5,297.27032462001205,,,,,,,,,,,,,,,,,,,,0.0,,,1,334,1,exact,,,,,,,,2.86250033241231e-05,026d66207ee7566c3b6dfb0eedbfd73c3b41c929
dv3-A-poisson-002697,3,A,poisson,2697,,,,3:1:0:2697,,test,5,513.4052640418394,,,,,,,,,,,,,,,,,,,,0.0,,,1,550,1,exact,,,,,,,,3.4374999813735485e-05,574f7ca87ab751964f6671db230b62a4efdd7340
dv3-A-poisson-002698,3,A,poisson,2698,,,,3:1:0:2698,,test,5,258.88911561033336,,,,,,,,,,,,,,,,,,,,0.0,,,1,255,1,exact,,,,,,,,2.662499900907278e-05,b347e7c21e6ec6ca3152f7ac48d52ca850fdd964
dv3-A-poisson-002699,3,A,poisson,2699,,,,3:1:0:2699,,test,5,429.8767339336379,,,,,,,,,,,,,,,,,,,,0.0,,,1,431,1,exact,,,,,,,,3.091699909418821e-05,7e51f67adc5527c8ce428f834fe8a59771fedf50
dv3-A-poisson-002700,3,A,poisson,2700,,,,3:1:0:2700,,test,5,238.0944025090352,,,,,,,,,,,,,,,,,,,,0.0,,,1,245,1,exact,,,,,,,,2.6167002943111584e-05,2dcbba3a01a03741c80dbf883500e4846f7acdee
dv3-A-poisson-002701,3,A,poisson,2701,,,,3:1:0:2701,,test,5,583.2249047045892,,,,,,,,,,,,,,,,,,,,0.0,,,1,597,1,exact,,,,,,,,3.5000000934815034e-05,a0ac1be4f802f15a2fa0b3fddffcb49d1fe49d91
dv3-A-poisson-002702,3,A,poisson,2702,,,,3:1:0:2702,,test,5,126.15235287634479,,,,,,,,,,,,,,,,,,,,0.0,,,1,114,1,exact,,,,,,,,2.28749995585531e-05,c9ad599e84d496a12e36259b7496719fbadbeb96
dv3-A-poisson-002703,3,A,poisson,2703,,,,3:1:0:2703,,test,5,446.99556342180324,,,,,,,,,,,,,,,,,,,,0.0,,,1,481,1,exact,,,,,,,,3.241699960199185e-05,b3e015f4050d9a01e7b771388a3cfcc17520f3e0
dv3-A-poisson-002704,3,A,poisson,2704,,,,3:1:0:2704,,test,5,173.37165625500398,,,,,,,,,,,,,,,,,,,,0.0,,,1,158,1,exact,,,,,,,,2.3791999410605058e-05,c1fabd9b7e7dfab9b4b7965b9ed00d59e44d6487
dv3-A-poisson-002705,3,A,poisson,2705,,,,3:1:0:2705,,test,5,205.8048653702917,,,,,,,,,,,,,,,,,,,,0.0,,,1,221,1,exact,,,,,,,,2.5249999453080818e-05,e21752aa8e7aaf40234741fab6339f6ec16db6ae
dv3-A-poisson-002706,3,A,poisson,2706,,,,3:1:0:2706,,test,5,266.67490230584895,,,,,,,,,,,,,,,,,,,,0.0,,,1,261,1,exact,,,,,,,,2.633300027810037e-05,ec14ed7d8f995161568bcd9847d3236f9ee50d4f
dv3-A-poisson-002707,3,A,poisson,2707,,,,3:1:0:2707,,test,5,375.4671981309044,,,,,,,,,,,,,,,,,,,,0.0,,,1,392,1,exact,,,,,,,,3.649999780463986e-05,1df4ac2dfffd5d34772c47ccad4d8f31f190c8d6
dv3-A-poisson-002708,3,A,poisson,2708,,,,3:1:0:2708,,test,5,534.6053358085118,,,,,,,,,,,,,,,,,,,,0.0,,,1,551,1,exact,,,,,,,,3.362500137882307e-05,f1d478450c80204f9e976bc65b69a61a01f5078c
dv3-A-poisson-002709,3,A,poisson,2709,,,,3:1:0:2709,,test,5,705.2947317924776,,,,,,,,,,,,,,,,,,,,0.0,,,1,736,1,exact,,,,,,,,4.075000106240623e-05,353903471feddc6d15d2f20f2ce01dbdb032984b
dv3-A-poisson-002710,3,A,poisson,2710,,,,3:1:0:2710,,test,5,550.1918900138554,,,,,,,,,,,,,,,,,,,,0.0,,,1,507,1,exact,,,,,,,,3.254200055380352e-05,acfe7e2dfd4dce67b1b328e53c302840d3123f81
dv3-A-poisson-002711,3,A,poisson,2711,,,,3:1:0:2711,,test,5,308.3945196667709,,,,,,,,,,,,,,,,,,,,0.0,,,1,261,1,exact,,,,,,,,2.9582999559352174e-05,886ed72672829d5644079bdc784f04b379322512
dv3-A-poisson-002712,3,A,poisson,2712,,,,3:1:0:2712,,test,5,271.16736678322195,,,,,,,,,,,,,,,,,,,,0.0,,,1,260,1,exact,,,,,,,,2.608299837447703e-05,9b5b650d0be0f3e701bdba86caaef44d20f03575
dv3-A-poisson-002713,3,A,poisson,2713,,,,3:1:0:2713,,test,5,147.3731079008478,,,,,,,,,,,,,,,,,,,,0.0,,,1,161,1,exact,,,,,,,,2.3792003048583865e-05,6e970096fccd50a167517b1a485b6a25103d1365
dv3-A-poisson-002714,3,A,poisson,2714,,,,3:1:0:2714,,test,5,130.88615327928437,,,,,,,,,,,,,,,,,,,,0.0,,,1,123,1,exact,,,,,,,,2.266699812025763e-05,2f1ff03d33d51c6987269ad3647a4d9912c74314
dv3-A-poisson-002715,3,A,poisson,2715,,,,3:1:0:2715,,test,5,757.9659199911115,,,,,,,,,,,,,,,,,,,,0.0,,,1,728,1,exact,,,,,,,,4.100000296602957e-05,e3bbfbe4cfa516720623b45f6c2d39172d9d60d5
dv3-A-poisson-002716,3,A,poisson,2716,,,,3:1:0:2716,,test,5,226.05298920429723,,,,,,,,,,,,,,,,,,,,0.0,,,1,229,1,exact,,,,,,,,2.6042001991299912e-05,0659275268a7a377569ea32924bfa241a2c4cf74
dv3-A-poisson-002717,3,A,poisson,2717,,,,3:1:0:2717,,test,5,686.2108367215332,,,,,,,,,,,,,,,,,,,,0.0,,,1,650,1,exact,,,,,,,,3.6458000977290794e-05,6b4c464077bd993f7c6696f14107f438a52ed838
dv3-A-poisson-002718,3,A,poisson,2718,,,,3:1:0:2718,,test,5,234.59461427197002,,,,,,,,,,,,,,,,,,,,0.0,,,1,247,1,exact,,,,,,,,2.8416998247848824e-05,db07cdd9d0932b2460ba47adacd4d9c370cd39bd
dv3-A-poisson-002719,3,A,poisson,2719,,,,3:1:0:2719,,test,5,710.7379410650778,,,,,,,,,,,,,,,,,,,,0.0,,,1,710,1,exact,,,,,,,,3.741699765669182e-05,e2efff436e7b2f7704d30e4b771d9c53b6c2b6ff
dv3-A-poisson-002720,3,A,poisson,2720,,,,3:1:0:2720,,test,5,236.07806558411602,,,,,,,,,,,,,,,,,,,,0.0,,,1,240,1,exact,,,,,,,,2.8124999516876414e-05,ddca1daeb27996b07a51b26501ea0a1b96c3dfe8
dv3-A-poisson-002721,3,A,poisson,2721,,,,3:1:0:2721,,test,5,145.40045490508763,,,,,,,,,,,,,,,,,,,,0.0,,,1,140,1,exact,,,,,,,,2.391599991824478e-05,8abc02a1f8111c867f4459e36f81c7860d0613db
dv3-A-poisson-002722,3,A,poisson,2722,,,,3:1:0:2722,,test,5,212.29255110306718,,,,,,,,,,,,,,,,,,,,0.0,,,1,200,1,exact,,,,,,,,2.4999997549457476e-05,40cfbe97335efe36c3ffabb9bd0849a0ea1637c6
dv3-A-poisson-002723,3,A,poisson,2723,,,,3:1:0:2723,,test,5,361.2208703279779,,,,,,,,,,,,,,,,,,,,0.0,,,1,396,1,exact,,,,,,,,2.9874998290324584e-05,076d823e42f35ed383477dade71679a4507c3108
dv3-A-poisson-002724,3,A,poisson,2724,,,,3:1:0:2724,,test,5,100.9403059839315,,,,,,,,,,,,,,,,,,,,0.0,,,1,93,1,exact,,,,,,,,2.2000000171829015e-05,a300a16668c0e3091e0e06d4f66604ab4f268f31
dv3-A-poisson-002725,3,A,poisson,2725,,,,3:1:0:2725,,test,5,130.9482924728039,,,,,,,,,,,,,,,,,,,,0.0,,,1,131,1,exact,,,,,,,,2.3333999706665054e-05,14b95591f57bbcc0a79710f6071bea593a92bc74
dv3-A-poisson-002726,3,A,poisson,2726,,,,3:1:0:2726,,test,5,506.44722495562763,,,,,,,,,,,,,,,,,,,,0.0,,,1,503,1,exact,,,,,,,,3.524999920045957e-05,3552b8066c6d3a22ba1a0aa5c87134626057814d
dv3-A-poisson-002727,3,A,poisson,2727,,,,3:1:0:2727,,test,5,183.38044519830638,,,,,,,,,,,,,,,,,,,,0.0,,,1,180,1,exact,,,,,,,,2.420799864921719e-05,db41141fda918c8d75f7a44a34979e8e576a667f
dv3-A-poisson-002728,3,A,poisson,2728,,,,3:1:0:2728,,test,5,421.7789907421469,,,,,,,,,,,,,,,,,,,,0.0,,,1,447,1,exact,,,,,,,,3.095899955951609e-05,11a97a5c385dce2356951274c44c3e312970e8bf
dv3-A-poisson-002729,3,A,poisson,2729,,,,3:1:0:2729,,test,5,110.18164809701909,,,,,,,,,,,,,,,,,,,,0.0,,,1,113,1,exact,,,,,,,,2.2374999389285222e-05,c07a9c20ec015b6fdcb52d11197d120965126bdb
dv3-A-poisson-002730,3,A,poisson,2730,,,,3:1:0:2730,,test,5,488.113454307059,,,,,,,,,,,,,,,,,,,,0.0,,,1,506,1,exact,,,,,,,,3.524999920045957e-05,c5bb308b4a6f8d653a929f8398a38f9cc2a8d091
dv3-A-poisson-002731,3,A,poisson,2731,,,,3:1:0:2731,,test,5,109.55615805517851,,,,,,,,,,,,,,,,,,,,0.0,,,1,111,1,exact,,,,,,,,2.274999860674143e-05,74ae98474d4ed24133af2b345e3d85e1588fc13a
dv3-A-poisson-002732,3,A,poisson,2732,,,,3:1:0:2732,,test,5,151.47412434761495,,,,,,,,,,,,,,,,,,,,0.0,,,1,163,1,exact,,,,,,,,2.3958000383572653e-05,64225e7cfe2bbfab9ab0c7ea9d2bb5169bb989a7
dv3-A-poisson-002733,3,A,poisson,2733,,,,3:1:0:2733,,test,5,334.3032928028066,,,,,,,,,,,,,,,,,,,,0.0,,,1,329,1,exact,,,,,,,,3.0499999411404133e-05,2230c8a8d32f3d9a268e5ad5d31f4659ee53e104
dv3-A-poisson-002734,3,A,poisson,2734,,,,3:1:0:2734,,test,5,122.27763278239219,,,,,,,,,,,,,,,,,,,,0.0,,,1,122,1,exact,,,,,,,,2.3125001462176442e-05,31a5008e2ed4bc544156b74e660b09d0c5a64151
dv3-A-poisson-002735,3,A,poisson,2735,,,,3:1:0:2735,,test,5,453.5018072680684,,,,,,,,,,,,,,,,,,,,0.0,,,1,444,1,exact,,,,,,,,3.1332998332800344e-05,80d0419056464114b2183cfba0540f67299eeb3c
dv3-A-poisson-002736,3,A,poisson,2736,,,,3:1:0:2736,,test,5,487.00072494168705,,,,,,,,,,,,,,,,,,,,0.0,,,1,456,1,exact,,,,,,,,3.245799962314777e-05,255277670930ac6d38240739011a8db98f82bf31
dv3-A-poisson-002737,3,A,poisson,2737,,,,3:1:0:2737,,test,5,367.1858410541419,,,,,,,,,,,,,,,,,,,,0.0,,,1,364,1,exact,,,,,,,,3.233399911550805e-05,df8330755f2e27352815c1fb00aa7218080af6ec
dv3-A-poisson-002738,3,A,poisson,2738,,,,3:1:0:2738,,test,5,172.82917369012557,,,,,,,,,,,,,,,,,,,,0.0,,,1,165,1,exact,,,,,,,,2.4249999114545062e-05,95346768d5796234fdad3b5bfe9c97b0e1386f9a
dv3-A-poisson-002739,3,A,poisson,2739,,,,3:1:0:2739,,test,5,121.80091737108982,,,,,,,,,,,,,,,,,,,,0.0,,,1,107,1,exact,,,,,,,,2.2500000341096893e-05,dbfa61626a8c6a3eaffcee62c3e7f765ebebf0ba
dv3-A-poisson-002740,3,A,poisson,2740,,,,3:1:0:2740,,test,5,266.6566326382237,,,,,,,,,,,,,,,,,,,,0.0,,,1,265,1,exact,,,,,,,,2.6875000912696123e-05,01b393706be42e3c500fd8b4033a95dc7b1319e8
dv3-A-poisson-002741,3,A,poisson,2741,,,,3:1:0:2741,,test,5,389.52454272213754,,,,,,,,,,,,,,,,,,,,0.0,,,1,411,1,exact,,,,,,,,3.0499999411404133e-05,7947fb5a172f9e278905fdca85cbd0ed70ae9a43
dv3-A-poisson-002742,3,A,poisson,2742,,,,3:1:0:2742,,test,5,571.3026877459619,,,,,,,,,,,,,,,,,,,,0.0,,,1,558,1,exact,,,,,,,,3.670799924293533e-05,e289ac3ec32bfedda751058f54c4fe9cad382505
dv3-A-poisson-002743,3,A,poisson,2743,,,,3:1:0:2743,,test,5,714.2492645750647,,,,,,,,,,,,,,,,,,,,0.0,,,1,690,1,exact,,,,,,,,3.991599805885926e-05,de11da8f43454362a94eb08d48d718db02214252
dv3-A-poisson-002744,3,A,poisson,2744,,,,3:1:0:2744,,test,5,108.33316917347409,,,,,,,,,,,,,,,,,,,,0.0,,,1,112,1,exact,,,,,,,,2.2791999072069302e-05,369976b4f01e91cbbe106b237117e3f81bae71bc
dv3-A-poisson-002745,3,A,poisson,2745,,,,3:1:0:2745,,test,5,102.98191755578769,,,,,,,,,,,,,,,,,,,,0.0,,,1,118,1,exact,,,,,,,,2.2833999537397176e-05,200a214797d3184023ef07081530ec469499c93d
dv3-A-poisson-002746,3,A,poisson,2746,,,,3:1:0:2746,,test,5,540.7986407888194,,,,,,,,,,,,,,,,,,,,0.0,,,1,555,1,exact,,,,,,,,3.3916996471816674e-05,189e273fbe25a86f02b88a0c82ee38719318da44
dv3-A-poisson-002747,3,A,poisson,2747,,,,3:1:0:2747,,test,5,204.46685721491247,,,,,,,,,,,,,,,,,,,,0.0,,,1,213,1,exact,,,,,,,,2.5124998501269147e-05,824ea884550c9bba8e2bc8b27e4071d4f885dffe
dv3-A-poisson-002748,3,A,poisson,2748,,,,3:1:0:2748,,test,5,101.59585741810278,,,,,,,,,,,,,,,,,,,,0.0,,,1,86,1,exact,,,,,,,,2.204100019298494e-05,4d7252876c5a484dd870bf1504800a714ddab98a
dv3-A-poisson-002749,3,A,poisson,2749,,,,3:1:0:2749,,test,5,159.90121746845168,,,,,,,,,,,,,,,,,,,,0.0,,,1,161,1,exact,,,,,,,,2.383299943176098e-05,18d0fddde981858083b7cb1c571cf9bb28d03eec
dv3-A-poisson-002750,3,A,poisson,2750,,,,3:1:0:2750,,test,5,100.05478094965619,,,,,,,,,,,,,,,,,,,,0.0,,,1,101,1,exact,,,,,,,,2.56669991358649e-05,842ed32fba1e5caa35891b2a1eef29873ccf539b
dv3-A-poisson-002751,3,A,poisson,2751,,,,3:1:0:2751,,test,5,128.62807390200032,,,,,,,,,,,,,,,,,,,,0.0,,,1,135,1,exact,,,,,,,,2.3207998310681432e-05,ac68f1fa74d518493569b90116109b43f7b3bfa4
dv3-A-poisson-002752,3,A,poisson,2752,,,,3:1:0:2752,,test,5,173.4075946107654,,,,,,,,,,,,,,,,,,,,0.0,,,1,161,1,exact,,,,,,,,2.462499833200127e-05,40dca0a43a244cf5466923d22e7463c3d052a64a
dv3-A-poisson-002753,3,A,poisson,2753,,,,3:1:0:2753,,test,5,118.35536831587483,,,,,,,,,,,,,,,,,,,,0.0,,,1,91,1,exact,,,,,,,,2.2416999854613096e-05,0d5c7e7a0394ae04caadfd88ff1f528eb8f14da7
dv3-A-poisson-002754,3,A,poisson,2754,,,,3:1:0:2754,,test,5,322.7523179907792,,,,,,,,,,,,,,,,,,,,0.0,,,1,352,1,exact,,,,,,,,3.2916999771259725e-05,e2be177aaafb70405bcaabe56627fc70a526dbfc
dv3-A-poisson-002755,3,A,poisson,2755,,,,3:1:0:2755,,test,5,560.5751803059464,,,,,,,,,,,,,,,,,,,,0.0,,,1,540,1,exact,,,,,,,,3.6375000490807e-05,3e0f2cb3700f3cb9587321c29aefdd1f1a5af14c
dv3-A-poisson-002756,3,A,poisson,2756,,,,3:1:0:2756,,test,5,124.79906955859843,,,,,,,,,,,,,,,,,,,,0.0,,,1,124,1,exact,,,,,,,,2.3332999262493104e-05,8f330e0467398c41f37fd6e5731b4eceff8c58af
dv3-A-poisson-002757,3,A,poisson,2757,,,,3:1:0:2757,,test,5,118.35242758590212,,,,,,,,,,,,,,,,,,,,0.0,,,1,119,1,exact,,,,,,,,2.2790998627897352e-05,9c927e38244de0d22fd41f55f1e466dfe6dfb988
dv3-A-poisson-002758,3,A,poisson,2758,,,,3:1:0:2758,,test,5,128.24107688564808,,,,,,,,,,,,,,,,,,,,0.0,,,1,128,1,exact,,,,,,,,2.3041997337713838e-05,d6115d7e96fe11795e6f9b4016f1c872d7ac599e
dv3-A-poisson-002759,3,A,poisson,2759,,,,3:1:0:2759,,test,5,261.3000328653554,,,,,,,,,,,,,,,,,,,,0.0,,,1,276,1,exact,,,,,,,,2.7042002329835668e-05,e3e65925e4b9194728da1a321cbc3a06e9c9b585
dv3-A-poisson-002760,3,A,poisson,2760,,,,3:1:0:2760,,test,5,151.52059221106467,,,,,,,,,,,,,,,,,,,,0.0,,,1,131,1,exact,,,,,,,,2.3374999727820978e-05,7c9949194298f183b64c4aa587e431df11b7d24d
dv3-A-poisson-002761,3,A,poisson,2761,,,,3:1:0:2761,,test,5,236.63583569787724,,,,,,,,,,,,,,,,,,,,0.0,,,1,233,1,exact,,,,,,,,2.5707999157020822e-05,0b9cdecd50fbe82eea4824b105c07b7b1b6ad2d4
dv3-A-poisson-002762,3,A,poisson,2762,,,,3:1:0:2762,,test,5,264.99988859562956,,,,,,,,,,,,,,,,,,,,0.0,,,1,252,1,exact,,,,,,,,3.0125000193947926e-05,12a52d744b0840daeda097a19b9e0ea16fb6e0f7
dv3-A-poisson-002763,3,A,poisson,2763,,,,3:1:0:2763,,test,5,647.7674298618489,,,,,,,,,,,,,,,,,,,,0.0,,,1,595,1,exact,,,,,,,,3.545900108292699e-05,8ccad90d82be621f8840ff780bff44c0331ae762
dv3-A-poisson-002764,3,A,poisson,2764,,,,3:1:0:2764,,test,5,414.16998386666285,,,,,,,,,,,,,,,,,,,,0.0,,,1,450,1,exact,,,,,,,,3.420799839659594e-05,0d946d397db1ad27ddea2d1a1c71f24daf0d69df
dv3-A-poisson-002765,3,A,poisson,2765,,,,3:1:0:2765,,test,5,449.93233351388363,,,,,,,,,,,,,,,,,,,,0.0,,,1,439,1,exact,,,,,,,,3.3542000892339274e-05,b872d16c12ae65ac32fad3f592d88f8bca3ba2eb
dv3-A-poisson-002766,3,A,poisson,2766,,,,3:1:0:2766,,test,5,548.5916832886583,,,,,,,,,,,,,,,,,,,,0.0,,,1,533,1,exact,,,,,,,,3.362500137882307e-05,6acbddf1aa3822ffa3c3515d08ec864632d6e341
dv3-A-poisson-002767,3,A,poisson,2767,,,,3:1:0:2767,,test,5,772.964467803394,,,,,,,,,,,,,,,,,,,,0.0,,,1,768,1,exact,,,,,,,,4.212500061839819e-05,55ec943b706befcda6b8de0696fd38aaf5ee209b
dv3-A-poisson-002768,3,A,poisson,2768,,,,3:1:0:2768,,test,5,255.88155114711637,,,,,,,,,,,,,,,,,,,,0.0,,,1,262,1,exact,,,,,,,,2.6666999474400654e-05,63ef855982874232a4a2f7e212915661928814c3
dv3-A-poisson-002769,3,A,poisson,2769,,,,3:1:0:2769,,test,5,510.5062874523064,,,,,,,,,,,,,,,,,,,,0.0,,,1,459,1,exact,,,,,,,,3.5291999665787444e-05,3dbbe2df0ea77e52129679c83c0c2a64c0518622
dv3-A-poisson-002770,3,A,poisson,2770,,,,3:1:0:2770,,test,5,210.09166395284313,,,,,,,,,,,,,,,,,,,,0.0,,,1,216,1,exact,,,,,,,,2.5707999157020822e-05,10ce60c4d134de36fcf841d81ffff98be117f6e8
dv3-A-poisson-002771,3,A,poisson,2771,,,,3:1:0:2771,,test,5,414.19011652538575,,,,,,,,,,,,,,,,,,,,0.0,,,1,440,1,exact,,,,,,,,3.1249997846316546e-05,8b6fd16318500cf468d50b5fda397beec15e446e
dv3-A-poisson-002772,3,A,poisson,2772,,,,3:1:0:2772,,test,5,113.8579607836704,,,,,,,,,,,,,,,,,,,,0.0,,,1,122,1,exact,,,,,,,,2.350000067963265e-05,8310e73e3243dde03c83d399bbdfa8b1170bec01
dv3-A-poisson-002773,3,A,poisson,2773,,,,3:1:0:2773,,test,5,147.72761155335468,,,,,,,,,,,,,,,,,,,,0.0,,,1,166,1,exact,,,,,,,,2.44169968937058e-05,6dba8196a238bd78ff0edcf9815da723d8452722
dv3-A-poisson-002774,3,A,poisson,2774,,,,3:1:0:2774,,test,5,113.20253945670216,,,,,,,,,,,,,,,,,,,,0.0,,,1,116,1,exact,,,,,,,,2.4125001800712198e-05,6647e3c2e427dd8bbfb2d3153f57a0690dd2f687
dv3-A-poisson-002775,3,A,poisson,2775,,,,3:1:0:2775,,test,5,124.69664295146133,,,,,,,,,,,,,,,,,,,,0.0,,,1,134,1,exact,,,,,,,,2.3583001166116446e-05,b7f168b66e81c8944153352453ea8ff3ef300e5e
dv3-A-poisson-002776,3,A,poisson,2776,,,,3:1:0:2776,,test,5,104.05778964982953,,,,,,,,,,,,,,,,,,,,0.0,,,1,87,1,exact,,,,,,,,2.2791999072069302e-05,fce422851174a722eb10399d3d9592885222aba7
dv3-A-poisson-002777,3,A,poisson,2777,,,,3:1:0:2777,,test,5,105.44957024123276,,,,,,,,,,,,,,,,,,,,0.0,,,1,104,1,exact,,,,,,,,2.2707998141413555e-05,2b1bba103d50666c68ede6ec8502eabee72d3aff
dv3-A-poisson-002778,3,A,poisson,2778,,,,3:1:0:2778,,test,5,150.72658090144364,,,,,,,,,,,,,,,,,,,,0.0,,,1,156,1,exact,,,,,,,,2.725000013015233e-05,0a98f7feac5c94d87d56e21c5126cbba6e56b284
dv3-A-poisson-002779,3,A,poisson,2779,,,,3:1:0:2779,,test,5,542.6749403896706,,,,,,,,,,,,,,,,,,,,0.0,,,1,543,1,exact,,,,,,,,3.524999920045957e-05,0e0db7c7c92259fcda8c27a0a579c582fa17b3c9
dv3-A-poisson-002780,3,A,poisson,2780,,,,3:1:0:2780,,test,5,373.41298010352165,,,,,,,,,,,,,,,,,,,,0.0,,,1,344,1,exact,,,,,,,,2.954199953819625e-05,625b3d2b1dfccc5e03d20646c837b068e9ea7815
dv3-A-poisson-002781,3,A,poisson,2781,,,,3:1:0:2781,,test,5,130.99217748196583,,,,,,,,,,,,,,,,,,,,0.0,,,1,133,1,exact,,,,,,,,2.995799877680838e-05,cae42b7b1de726cf0150b127933fa61eaf50167f
dv3-A-poisson-002782,3,A,poisson,2782,,,,3:1:0:2782,,test,5,148.75627020047602,,,,,,,,,,,,,,,,,,,,0.0,,,1,133,1,exact,,,,,,,,1.645800148253329e-05,e814bb10b62f59e1d976b43b3e91f042c3d9bf4a
dv3-A-poisson-002783,3,A,poisson,2783,,,,3:1:0:2783,,test,5,107.16495914820258,,,,,,,,,,,,,,,,,,,,0.0,,,1,102,1,exact,,,,,,,,1.1457999789854512e-05,a484d94023f7930f12b39ac5aebfe9363b73ae24
dv3-A-poisson-002784,3,A,poisson,2784,,,,3:1:0:2784,,test,5,661.340709420625,,,,,,,,,,,,,,,,,,,,0.0,,,1,664,1,exact,,,,,,,,1.8708000425249338e-05,d300f7a19278bbd4354e1a391bffd3ec2c6b5041
dv3-A-poisson-002785,3,A,poisson,2785,,,,3:1:0:2785,,test,5,247.5893852454799,,,,,,,,,,,,,,,,,,,,0.0,,,1,241,1,exact,,,,,,,,1.9417002476984635e-05,7da4fd5299959a26c50218538e2c23cd5f397cea
dv3-A-poisson-002786,3,A,poisson,2786,,,,3:1:0:2786,,test,5,504.4401183361171,,,,,,,,,,,,,,,,,,,,0.0,,,1,513,1,exact,,,,,,,,1.5875000826781616e-05,6c38e1b97991d39c9ab2f7a28c9215d7396207a3
dv3-A-poisson-002787,3,A,poisson,2787,,,,3:1:0:2787,,test,5,228.0693087882948,,,,,,,,,,,,,,,,,,,,0.0,,,1,225,1,exact,,,,,,,,1.2749998859362677e-05,f80f2e6bb419579e040153e0c9a23763a582e960
dv3-A-poisson-002788,3,A,poisson,2788,,,,3:1:0:2788,,test,5,427.87221151314725,,,,,,,,,,,,,,,,,,,,0.0,,,1,418,1,exact,,,,,,,,1.454099765396677e-05,dd9422c1e467353040a1c10e27c6d55b9b8dae0e
dv3-A-poisson-002789,3,A,poisson,2789,,,,3:1:0:2789,,test,5,136.88577155187974,,,,,,,,,,,,,,,,,,,,0.0,,,1,153,1,exact,,,,,,,,1.1416999768698588e-05,b7acda5d38069a48b091b038951c43964926d014
dv3-A-poisson-002790,3,A,poisson,2790,,,,3:1:0:2790,,test,5,189.91865301057342,,,,,,,,,,,,,,,,,,,,0.0,,,1,167,1,exact,,,,,,,,1.1333002476021647e-05,98856a11effdb7dacf8399b73dfe7ac96ac60ae4
dv3-A-poisson-002791,3,A,poisson,2791,,,,3:1:0:2791,,test,5,241.20368944870077,,,,,,,,,,,,,,,,,,,,0.0,,,1,241,1,exact,,,,,,,,1.2167001841589808e-05,8927278d8cfe548f810249cb2cc540d4641eb6fb
dv3-A-poisson-002792,3,A,poisson,2792,,,,3:1:0:2792,,test,5,193.60862511447448,,,,,,,,,,,,,,,,,,,,0.0,,,1,191,1,exact,,,,,,,,1.1916999937966466e-05,b464cf1417bbd28efec5556a689176fa44507b11
dv3-A-poisson-002793,3,A,poisson,2793,,,,3:1:0:2793,,test,5,116.8383661013638,,,,,,,,,,,,,,,,,,,,0.0,,,1,108,1,exact,,,,,,,,1.0374998964834958e-05,6ba4a1dfdf22bf14cb115516af11e68033c55ba5
dv3-A-poisson-002794,3,A,poisson,2794,,,,3:1:0:2794,,test,5,596.9942767814744,,,,,,,,,,,,,,,,,,,,0.0,,,1,590,1,exact,,,,,,,,2.2709002223564312e-05,6a9249ee1abc3f2267ceacbde6992d022c60ef32
dv3-A-poisson-002795,3,A,poisson,2795,,,,3:1:0:2795,,test,5,323.59586531714524,,,,,,,,,,,,,,,,,,,,0.0,,,1,336,1,exact,,,,,,,,1.82919975486584e-05,2f3bb01db1586118f01629b7fdf8d377f8f2378f
dv3-A-poisson-002796,3,A,poisson,2796,,,,3:1:0:2796,,test,5,706.8729028598088,,,,,,,,,,,,,,,,,,,,0.0,,,1,738,1,exact,,,,,,,,1.862499993876554e-05,1487e409ef5b1d50977276a24a0153d9c6bfa077
dv3-A-poisson-002797,3,A,poisson,2797,,,,3:1:0:2797,,test,5,499.61096691309496,,,,,,,,,,,,,,,,,,,,0.0,,,1,484,1,exact,,,,,,,,2.2542000806424767e-05,f11b2584d571bea8bb78ebb34a44374e0b9b6bda
dv3-A-poisson-002798,3,A,poisson,2798,,,,3:1:0:2798,,test,5,139.08514710798624,,,,,,,,,,,,,,,,,,,,0.0,,,1,140,1,exact,,,,,,,,1.1084001016570255e-05,bab2462e3f04e969b07f87105640422e3d1be653
dv3-A-poisson-002799,3,A,poisson,2799,,,,3:1:0:2799,,test,5,307.90764908646526,,,,,,,,,,,,,,,,,,,,0.0,,,1,323,1,exact,,,,,,,,1.312500171479769e-05,ef36e593bd6ec1fd7a9ee4a7d1793ff3d2442e25
dv3-A-poisson-002800,3,A,poisson,2800,,,,3:1:0:2800,,test,5,255.03661824691412,,,,,,,,,,,,,,,,,,,,0.0,,,1,231,1,exact,,,,,,,,1.2249998690094799e-05,6e470595d56dfb471a5f79174c731b5bda3c92b3
dv3-A-poisson-002801,3,A,poisson,2801,,,,3:1:0:2801,,test,5,668.5396175019379,,,,,,,,,,,,,,,,,,,,0.0,,,1,678,1,exact,,,,,,,,1.745799818309024e-05,c4036ee117bc42b6f60937b6411ef26759c14938
dv3-A-poisson-002802,3,A,poisson,2802,,,,3:1:0:2802,,test,5,257.7702740086295,,,,,,,,,,,,,,,,,,,,0.0,,,1,257,1,exact,,,,,,,,1.2250002328073606e-05,01adf9171a40046cf2dc1ebdd90890f2f2232725
dv3-A-poisson-002803,3,A,poisson,2803,,,,3:1:0:2803,,test,5,237.89802420031646,,,,,,,,,,,,,,,,,,,,0.0,,,1,241,1,exact,,,,,,,,1.4208002539817244e-05,e5cb4d3879980063d15686a3b241a6ef2c79ebb0
dv3-A-poisson-002804,3,A,poisson,2804,,,,3:1:0:2804,,test,5,310.2862119171784,,,,,,,,,,,,,,,,,,,,0.0,,,1,309,1,exact,,,,,,,,1.3124998076818883e-05,b7dca1764d53be6d5f148252f9ceecfa3f81dafa
dv3-A-poisson-002805,3,A,poisson,2805,,,,3:1:0:2805,,test,5,398.32606686847987,,,,,,,,,,,,,,,,,,,,0.0,,,1,395,1,exact,,,,,,,,1.4500001270789653e-05,3ce75ebb95b5b0252ad9cfe4b6d0dd8c650ca8a6
dv3-A-poisson-002806,3,A,poisson,2806,,,,3:1:0:2806,,test,5,295.3321436061406,,,,,,,,,,,,,,,,,,,,0.0,,,1,323,1,exact,,,,,,,,1.3291999493958429e-05,4e9aa696bfaf6b951fef5bfe8ec637177c518cb5
dv3-A-poisson-002807,3,A,poisson,2807,,,,3:1:0:2807,,test,5,457.2478662104321,,,,,,,,,,,,,,,,,,,,0.0,,,1,454,1,exact,,,,,,,,1.4666002243757248e-05,e90dd0379786886d22c7089be0c9becaa8dfa109
dv3-A-poisson-002808,3,A,poisson,2808,,,,3:1:0:2808,,test,5,370.5545065663434,,,,,,,,,,,,,,,,,,,,0.0,,,1,344,1,exact,,,,,,,,1.3875000149710104e-05,295b2c9171c7956f06ac2fb8212c6230610453bc
dv3-A-poisson-002809,3,A,poisson,2809,,,,3:1:0:2809,,test,5,114.00860559029904,,,,,,,,,,,,,,,,,,,,0.0,,,1,127,1,exact,,,,,,,,1.0666997695807368e-05,c22c1120f241b86b858a6bccb1fba865043f2943
dv3-A-poisson-002810,3,A,poisson,2810,,,,3:1:0:2810,,test,5,120.32749772269418,,,,,,,,,,,,,,,,,,,,0.0,,,1,119,1,exact,,,,,,,,1.0874999134102836e-05,538ccb2201ef355a8c5b777ce39d204e1fc123f0
dv3-A-poisson-002811,3,A,poisson,2811,,,,3:1:0:2811,,test,5,100.69161791880445,,,,,,,,,,,,,,,,,,,,0.0,,,1,96,1,exact,,,,,,,,1.0458003089297563e-05,16db048054b6821f4c5167670fe0ef644146fa2d
dv3-A-poisson-002812,3,A,poisson,2812,,,,3:1:0:2812,,test,5,117.71818365719638,,,,,,,,,,,,,,,,,,,,0.0,,,1,95,1,exact,,,,,,,,1.0332998499507084e-05,55f507fef866f307afed284d4209ffb406066986
dv3-A-poisson-002813,3,A,poisson,2813,,,,3:1:0:2813,,test,5,689.1090265725322,,,,,,,,,,,,,,,,,,,,0.0,,,1,673,1,exact,,,,,,,,1.7833001038525254e-05,e49f3ef7a8f706858cd78086906bd26879da459d
dv3-A-poisson-002814,3,A,poisson,2814,,,,3:1:0:2814,,test,5,118.25058784927009,,,,,,,,,,,,,,,,,,,,0.0,,,1,93,1,exact,,,,,,,,1.0540999937802553e-05,6e50caf6a922e9163f2f999811fdc75a6cf33074
dv3-A-poisson-002815,3,A,poisson,2815,,,,3:1:0:2815,,test,5,773.1948698747432,,,,,,,,,,,,,,,,,,,,0.0,,,1,766,1,exact,,,,,,,,1.912500010803342e-05,260257d78b9a69d03fab799d1d078ece09772ed2
dv3-A-poisson-002816,3,A,poisson,2816,,,,3:1:0:2816,,test,5,145.9563384772047,,,,,,,,,,,,,,,,,,,,0.0,,,1,137,1,exact,,,,,,,,1.0959000064758584e-05,98f60aa1e01d57c666d6872556de067dc66dbbfc
dv3-A-poisson-002817,3,A,poisson,2817,,,,3:1:0:2817,,test,5,130.5742463863084,,,,,,,,,,,,,,,,,,,,0.0,,,1,127,1,exact,,,,,,,,1.06250008684583e-05,82d3a7129b5384a8ebb2a4c7ed9e3835c49a9f94
dv3-A-poisson-002818,3,A,poisson,2818,,,,3:1:0:2818,,test,5,140.027107475147,,,,,,,,,,,,,,,,,,,,0.0,,,1,125,1,exact,,,,,,,,1.041700306814164e-05,a938c041d3eb9863c2281449ccff19200cce2fb7
dv3-A-poisson-002819,3,A,poisson,2819,,,,3:1:0:2819,,test,5,199.02331434246767,,,,,,,,,,,,,,,,,,,,0.0,,,1,206,1,exact,,,,,,,,1.166600122814998e-05,43520f293c551a1ed6be9f434dfd24d02523f26d
dv3-A-poisson-002820,3,A,poisson,2820,,,,3:1:0:2820,,test,5,682.3494604328457,,,,,,,,,,,,,,,,,,,,0.0,,,1,654,1,exact,,,,,,,,2.0666000636992976e-05,a81bd650a13d0f4bf30ba8d5aab08fb89abb4ed0
dv3-A-poisson-002821,3,A,poisson,2821,,,,3:1:0:2821,,test,5,117.58300588425794,,,,,,,,,,,,,,,,,,,,0.0,,,1,134,1,exact,,,,,,,,1.0874999134102836e-05,e9ad99a22efc33eb4466ebe48e800a911b74491f
dv3-A-poisson-002822,3,A,poisson,2822,,,,3:1:0:2822,,test,5,109.38803203832792,,,,,,,,,,,,,,,,,,,,0.0,,,1,117,1,exact,,,,,,,,1.0416999430162832e-05,5220ea6278de63f82afa01681a5669eec661cd4b
dv3-A-poisson-002823,3,A,poisson,2823,,,,3:1:0:2823,,test,5,118.77431644364943,,,,,,,,,,,,,,,,,,,,0.0,,,1,124,1,exact,,,,,,,,1.0458003089297563e-05,13ebaba300641ad3f115f1af3198f3ff5fbfd081
dv3-A-poisson-002824,3,A,poisson,2824,,,,3:1:0:2824,,test,5,607.1466514317505,,,,,,,,,,,,,,,,,,,,0.0,,,1,618,1,exact,,,,,,,,1.820900070015341e-05,0d5484f0210cb0221a9219a71bc2a30d7e26631a
dv3-A-poisson-002825,3,A,poisson,2825,,,,3:1:0:2825,,test,5,201.36932215244974,,,,,,,,,,,,,,,,,,,,0.0,,,1,212,1,exact,,,,,,,,1.7416998161934316e-05,8465495cdff159042b1f3ce0efe014470510b4c1
dv3-A-poisson-002826,3,A,poisson,2826,,,,3:1:0:2826,,test,5,189.37852331612882,,,,,,,,,,,,,,,,,,,,0.0,,,1,190,1,exact,,,,,,,,1.1374999303370714e-05,b7e636cbe047c62b059291b748ec4c25267bf4a3
dv3-A-poisson-002827,3,A,poisson,2827,,,,3:1:0:2827,,test,5,127.84655142199452,,,,,,,,,,,,,,,,,,,,0.0,,,1,150,1,exact,,,,,,,,1.0667001333786175e-05,fd7b1e22aa91d5323be09eee22eb16d82dfcaa0d
dv3-A-poisson-002828,3,A,poisson,2828,,,,3:1:0:2828,,test,5,299.4746226165921,,,,,,,,,,,,,,,,,,,,0.0,,,1,296,1,exact,,,,,,,,1.2667002010857686e-05,56f4e2d2663b2d65697963c9f4dccc4fc696f8bb
dv3-A-poisson-002829,3,A,poisson,2829,,,,3:1:0:2829,,test,5,311.1267088503263,,,,,,,,,,,,,,,,,,,,0.0,,,1,312,1,exact,,,,,,,,1.2874999811174348e-05,f0b3b234a643a5758dc56c06d107d6b5fcb85553
dv3-A-poisson-002830,3,A,poisson,2830,,,,3:1:0:2830,,test,5,114.12664966161921,,,,,,,,,,,,,,,,,,,,0.0,,,1,117,1,exact,,,,,,,,1.0374998964834958e-05,9c6a85c770ccb211a846672655487fc5790ea3ff
dv3-A-poisson-002831,3,A,poisson,2831,,,,3:1:0:2831,,test,5,719.9273272314183,,,,,,,,,,,,,,,,,,,,0.0,,,1,750,1,exact,,,,,,,,2.2959000489208847e-05,9395736bf544b1e9648f9487ab961faff98ebc9f
dv3-A-poisson-002832,3,A,poisson,2832,,,,3:1:0:2832,,test,5,196.57250755546895,,,,,,,,,,,,,,,,,,,,0.0,,,1,206,1,exact,,,,,,,,1.2124997738283128e-05,d55d2dd41d62ba4f0e0152ad7f7158753fd70806
dv3-A-poisson-002833,3,A,poisson,2833,,,,3:1:0:2833,,test,5,228.69111665611302,,,,,,,,,,,,,,,,,,,,0.0,,,1,242,1,exact,,,,,,,,1.2332999176578596e-05,fc2899d6fe3a815ab76a252bbd130da00b652f50
dv3-A-poisson-002834,3,A,poisson,2834,,,,3:1:0:2834,,test,5,349.749071452295,,,,,,,,,,,,,,,,,,,,0.0,,,1,385,1,exact,,,,,,,,1.4000001101521775e-05,3c1196812550b577ea63f4015407ec34487a5fb4
dv3-A-poisson-002835,3,A,poisson,2835,,,,3:1:0:2835,,test,5,627.7360197578347,,,,,,,,,,,,,,,,,,,,0.0,,,1,616,1,exact,,,,,,,,2.383299943176098e-05,7b4703b409c47d95674f445e9596dbb8d04753cb
dv3-A-poisson-002836,3,A,poisson,2836,,,,3:1:0:2836,,test,5,683.1966689029395,,,,,,,,,,,,,,,,,,,,0.0,,,1,694,1,exact,,,,,,,,1.7958001990336925e-05,c6f21bc751d22e53bd62e84d15d3c904a1af055e
dv3-A-poisson-002837,3,A,poisson,2837,,,,3:1:0:2837,,test,5,418.54098914266433,,,,,,,,,,,,,,,,,,,,0.0,,,1,416,1,exact,,,,,,,,1.4833000022917986e-05,0ceb4d8757aa495ad5b313edccd09acd32310369
dv3-A-poisson-002838,3,A,poisson,2838,,,,3:1:0:2838,,test,5,501.3269851029913,,,,,,,,,,,,,,,,,,,,0.0,,,1,518,1,exact,,,,,,,,1.570799940964207e-05,83801ece55906b3a0ec1594c3c18fd883f3a48ed
dv3-A-poisson-002839,3,A,poisson,2839,,,,3:1:0:2839,,test,5,503.38941952477916,,,,,,,,,,,,,,,,,,,,0.0,,,1,515,1,exact,,,,,,,,1.5542002074653283e-05,d832b90caa50e048830f040bebf042f3bb894666
dv3-A-poisson-002840,3,A,poisson,2840,,,,3:1:0:2840,,test,5,459.0963939933038,,,,,,,,,,,,,,,,,,,,0.0,,,1,435,1,exact,,,,,,,,1.7416998161934316e-05,fc00eda568f0f38f5b7dde293f8db4ed177fb4e3
dv3-A-poisson-002841,3,A,poisson,2841,,,,3:1:0:2841,,test,5,171.32337600256156,,,,,,,,,,,,,,,,,,,,0.0,,,1,158,1,exact,,,,,,,,1.1208001524209976e-05,7ff7b43baac3aad44cd63f4b5a372da84ebf5636
dv3-A-poisson-002842,3,A,poisson,2842,,,,3:1:0:2842,,test,5,381.4989014667564,,,,,,,,,,,,,,,,,,,,0.0,,,1,409,1,exact,,,,,,,,1.4332999853650108e-05,2a6018dfa6e6c4f4717c3b94e294f5d6edd00100
dv3-A-poisson-002843,3,A,poisson,2843,,,,3:1:0:2843,,test,5,423.6634661850454,,,,,,,,,,,,,,,,,,,,0.0,,,1,417,1,exact,,,,,,,,1.9750001229112968e-05,de8ee2db56f74a6d90bc36f0c19047945a38a248
dv3-A-poisson-002844,3,A,poisson,2844,,,,3:1:0:2844,,test,5,378.92368315320243,,,,,,,,,,,,,,,,,,,,0.0,,,1,427,1,exact,,,,,,,,1.6083999071270227e-05,8734a0de77ed0cace04017855585368597b4177a
dv3-A-poisson-002845,3,A,poisson,2845,,,,3:1:0:2845,,test,5,698.5034266710213,,,,,,,,,,,,,,,,,,,,0.0,,,1,724,1,exact,,,,,,,,1.8416998500470072e-05,066d3f462b0b836b9b443a9a606fdfd2a481ede1
dv3-A-poisson-002846,3,A,poisson,2846,,,,3:1:0:2846,,test,5,114.55827281177005,,,,,,,,,,,,,,,,,,,,0.0,,,1,136,1,exact,,,,,,,,1.2459000572562218e-05,5fdcdf7292ab066cd1116c61d3ad3913146a5c44
dv3-A-poisson-002847,3,A,poisson,2847,,,,3:1:0:2847,,test,5,623.1618261248237,,,,,,,,,,,,,,,,,,,,0.0,,,1,613,1,exact,,,,,,,,1.6666999727021903e-05,28155cec5ee0d51171a32d0891d1d8d4c8a7febf
dv3-A-poisson-002848,3,A,poisson,2848,,,,3:1:0:2848,,test,5,616.1213909474743,,,,,,,,,,,,,,,,,,,,0.0,,,1,595,1,exact,,,,,,,,1.6707999748177826e-05,8f5c7573eb0a1ffbca2aff6b962292b1d1e80a9b
dv3-A-poisson-002849,3,A,poisson,2849,,,,3:1:0:2849,,test,5,206.83363310955318,,,,,,,,,,,,,,,,,,,,0.0,,,1,196,1,exact,,,,,,,,1.1584001185838133e-05,f245637a7e7ff55e2e8b707554886486200aeb60
dv3-A-poisson-002850,3,A,poisson,2850,,,,3:1:0:2850,,test,5,535.355574174013,,,,,,,,,,,,,,,,,,,,0.0,,,1,534,1,exact,,,,,,,,1.6165999113582075e-05,dcb8cb8e17e4b73896e62b31ab36dfea344b6dbc
dv3-A-poisson-002851,3,A,poisson,2851,,,,3:1:0:2851,,test,5,242.83311446644663,,,,,,,,,,,,,,,,,,,,0.0,,,1,233,1,exact,,,,,,,,1.2000000424450263e-05,272d874e33523bb6b4f5f56a0ad818a898f512e7
dv3-A-poisson-002852,3,A,poisson,2852,,,,3:1:0:2852,,test,5,223.59311348011138,,,,,,,,,,,,,,,,,,,,0.0,,,1,213,1,exact,,,,,,,,1.195900040329434e-05,f0a8c7b53cab97c35d8aba5b4f21d980b1ea3655
dv3-A-poisson-002853,3,A,poisson,2853,,,,3:1:0:2853,,test,5,297.857439954253,,,,,,,,,,,,,,,,,,,,0.0,,,1,315,1,exact,,,,,,,,1.3207998563302681e-05,2dbb631dcca4a29bfb775162994f0f302ff0d64e
dv3-A-poisson-002854,3,A,poisson,2854,,,,3:1:0:2854,,test,5,151.0481719183485,,,,,,,,,,,,,,,,,,,,0.0,,,1,145,1,exact,,,,,,,,1.1041000107070431e-05,4ea0b11368c83b66f18392b11af447c58a808a2b
dv3-A-poisson-002855,3,A,poisson,2855,,,,3:1:0:2855,,test,5,602.8789824864838,,,,,,,,,,,,,,,,,,,,0.0,,,1,543,1,exact,,,,,,,,1.8500002624932677e-05,b4922271ec289932c6c3191046de8f39586867a4
dv3-A-poisson-002856,3,A,poisson,2856,,,,3:1:0:2856,,test,5,257.7060081583364,,,,,,,,,,,,,,,,,,,,0.0,,,1,296,1,exact,,,,,,,,1.3042001228313893e-05,53fce59e5d625473222d115928ae818c080d354c
dv3-A-poisson-002857,3,A,poisson,2857,,,,3:1:0:2857,,test,5,183.72161872382858,,,,,,,,,,,,,,,,,,,,0.0,,,1,174,1,exact,,,,,,,,1.1416999768698588e-05,b384aad6be1bd54f9dda0325c7cab7f56a187cd0
dv3-A-poisson-002858,3,A,poisson,2858,,,,3:1:0:2858,,test,5,164.66794079620038,,,,,,,,,,,,,,,,,,,,0.0,,,1,175,1,exact,,,,,,,,1.154200072051026e-05,d8816d5989353f286b82b4bb1d81db79eab5b854
dv3-A-poisson-002859,3,A,poisson,2859,,,,3:1:0:2859,,test,5,109.39366566882869,,,,,,,,,,,,,,,,,,,,0.0,,,1,119,1,exact,,,,,,,,1.049999991664663e-05,af9b5bef473da50008d033e1a8b93a9f52783c64
dv3-A-poisson-002860,3,A,poisson,2860,,,,3:1:0:2860,,test,5,628.8168166361097,,,,,,,,,,,,,,,,,,,,0.0,,,1,638,1,exact,,,,,,,,2.154100002371706e-05,ff4f4cca8cb296d98f12dd5ecc4c134391816891
dv3-A-poisson-002861,3,A,poisson,2861,,,,3:1:0:2861,,test,5,776.0886204929091,,,,,,,,,,,,,,,,,,,,0.0,,,1,798,1,exact,,,,,,,,2.1666000975528732e-05,d759623bae4476dc8dc0ddfe861ae7d2c600ff9d
dv3-A-poisson-002862,3,A,poisson,2862,,,,3:1:0:2862,,test,5,107.82997706659903,,,,,,,,,,,,,,,,,,,,0.0,,,1,114,1,exact,,,,,,,,1.0584000847302377e-05,5c61837d10e6b6f9a4660b457767403144b16560
dv3-A-poisson-002863,3,A,poisson,2863,,,,3:1:0:2863,,test,5,489.17132725583315,,,,,,,,,,,,,,,,,,,,0.0,,,1,494,1,exact,,,,,,,,1.529200017102994e-05,a084721d95d269d1a375c00967e26aa1e3c2c112
dv3-A-poisson-002864,3,A,poisson,2864,,,,3:1:0:2864,,test,5,720.0472575311147,,,,,,,,,,,,,,,,,,,,0.0,,,1,692,1,exact,,,,,,,,2.049999966402538e-05,d2391758630ecad667169f935ff8161a65098804
dv3-A-poisson-002865,3,A,poisson,2865,,,,3:1:0:2865,,test,5,401.80961240365593,,,,,,,,,,,,,,,,,,,,0.0,,,1,443,1,exact,,,,,,,,1.4624998584622517e-05,7c3d23f2fbfe2b67fd2dadd0508e2247d9b0dc89
dv3-A-poisson-002866,3,A,poisson,2866,,,,3:1:0:2866,,test,5,432.66065025965537,,,,,,,,,,,,,,,,,,,,0.0,,,1,482,1,exact,,,,,,,,1.9292001525172964e-05,031586f0345b7c0facefa98f0b509e11eb99e50c
dv3-A-poisson-002867,3,A,poisson,2867,,,,3:1:0:2867,,test,5,450.69281982916056,,,,,,,,,,,,,,,,,,,,0.0,,,1,462,1,exact,,,,,,,,1.6375000996049494e-05,ab7cd97da358cb65047890684dd8ee3da37ced4c
dv3-A-poisson-002868,3,A,poisson,2868,,,,3:1:0:2868,,test,5,229.81881982146555,,,,,,,,,,,,,,,,,,,,0.0,,,1,227,1,exact,,,,,,,,1.2249998690094799e-05,3202ceaa44566508c6715af07cbb39750332aadd
dv3-A-poisson-002869,3,A,poisson,2869,,,,3:1:0:2869,,test,5,554.4489568648249,,,,,,,,,,,,,,,,,,,,0.0,,,1,587,1,exact,,,,,,,,1.8708000425249338e-05,153aec78c5dc50695c6a2188ef1fc4ce47c68174
dv3-A-poisson-002870,3,A,poisson,2870,,,,3:1:0:2870,,test,5,163.81888728309352,,,,,,,,,,,,,,,,,,,,0.0,,,1,146,1,exact,,,,,,,,1.1084001016570255e-05,2b69d5ffc8ce6cb6cdb80c9e2c25f354b2633676
dv3-A-poisson-002871,3,A,poisson,2871,,,,3:1:0:2871,,test,5,324.27534215830144,,,,,,,,,,,,,,,,,,,,0.0,,,1,322,1,exact,,,,,,,,1.3166998542146757e-05,9284382ddcc39829fc80f06db2c75654d8b88674
dv3-A-poisson-002872,3,A,poisson,2872,,,,3:1:0:2872,,test,5,311.10832184059535,,,,,,,,,,,,,,,,,,,,0.0,,,1,327,1,exact,,,,,,,,1.312500171479769e-05,c479f915c8d498a43a8b535a85c967110b09f0fb
dv3-A-poisson-002873,3,A,poisson,2873,,,,3:1:0:2873,,test,5,351.6098157533286,,,,,,,,,,,,,,,,,,,,0.0,,,1,354,1,exact,,,,,,,,1.3500000932253897e-05,8c76318592f1916efdef8d3484d2113e56207a3a
dv3-A-poisson-002874,3,A,poisson,2874,,,,3:1:0:2874,,test,5,415.70312686958613,,,,,,,,,,,,,,,,,,,,0.0,,,1,412,1,exact,,,,,,,,1.662499926169403e-05,28c93b3ebdf77d7b6d54aac0204668904ce8fd02
dv3-A-poisson-002875,3,A,poisson,2875,,,,3:1:0:2875,,test,5,772.4771331586143,,,,,,,,,,,,,,,,,,,,0.0,,,1,811,1,exact,,,,,,,,2.350000067963265e-05,fc465256df89036000934213de0f1964be2d5e7d
dv3-A-poisson-002876,3,A,poisson,2876,,,,3:1:0:2876,,test,5,315.4083380520822,,,,,,,,,,,,,,,,,,,,0.0,,,1,306,1,exact,,,,,,,,1.2915999832330272e-05,24922704c032dbdfc0543694b14cde1d69751a07
dv3-A-poisson-002877,3,A,poisson,2877,,,,3:1:0:2877,,test,5,278.58204493548277,,,,,,,,,,,,,,,,,,,,0.0,,,1,270,1,exact,,,,,,,,1.2333002814557403e-05,b4502e8005759eb30a9c9605d619915f44822d44
dv3-A-poisson-002878,3,A,poisson,2878,,,,3:1:0:2878,,test,5,244.35430525594973,,,,,,,,,,,,,,,,,,,,0.0,,,1,239,1,exact,,,,,,,,1.208300091093406e-05,130da059d4ef435850c5dd195f3d545d7913f250
dv3-A-poisson-002879,3,A,poisson,2879,,,,3:1:0:2879,,test,5,199.01349615422023,,,,,,,,,,,,,,,,,,,,0.0,,,1,208,1,exact,,,,,,,,1.1541000276338309e-05,eaee8615a4eabd51de1fe1a3ea22ff0f9ee649b9
dv3-A-poisson-002880,3,A,poisson,2880,,,,3:1:0:2880,,test,5,138.20795191344604,,,,,,,,,,,,,,,,,,,,0.0,,,1,152,1,exact,,,,,,,,1.0957999620586634e-05,63633664798fdfd17d319d709b1373cac07bed18
dv3-A-poisson-002881,3,A,poisson,2881,,,,3:1:0:2881,,test,5,341.8127920312527,,,,,,,,,,,,,,,,,,,,0.0,,,1,376,1,exact,,,,,,,,1.3875000149710104e-05,0e9748be46ec11d6dc4a168cffae87da9070d3c2
dv3-A-poisson-002882,3,A,poisson,2882,,,,3:1:0:2882,,test,5,563.8456510266694,,,,,,,,,,,,,,,,,,,,0.0,,,1,569,1,exact,,,,,,,,1.937500201165676e-05,393484085203a3f9646330ddcf1179771f269bca
dv3-A-poisson-002883,3,A,poisson,2883,,,,3:1:0:2883,,test,5,106.6261282925038,,,,,,,,,,,,,,,,,,,,0.0,,,1,105,1,exact,,,,,,,,1.049999991664663e-05,c0871c5b7f296fc91f52027e9612069d33b7c86e
dv3-A-poisson-002884,3,A,poisson,2884,,,,3:1:0:2884,,test,5,208.84274508776213,,,,,,,,,,,,,,,,,,,,0.0,,,1,195,1,exact,,,,,,,,1.120899833040312e-05,c00fe28dfc94d137bd928b8ebb12097955ca04d8
dv3-A-poisson-002885,3,A,poisson,2885,,,,3:1:0:2885,,test,5,496.0341039078379,,,,,,,,,,,,,,,,,,,,0.0,,,1,513,1,exact,,,,,,,,1.5333000192185864e-05,7f057da20e692c6c6ccba80b0a969579e8017989
dv3-A-poisson-002886,3,A,poisson,2886,,,,3:1:0:2886,,test,5,200.6000551844249,,,,,,,,,,,,,,,,,,,,0.0,,,1,187,1,exact,,,,,,,,1.1750002158805728e-05,9985680c6bf731683efaeba032204239842138d6
dv3-A-poisson-002887,3,A,poisson,2887,,,,3:1:0:2887,,test,5,321.7292163002435,,,,,,,,,,,,,,,,,,,,0.0,,,1,329,1,exact,,,,,,,,1.3207998563302681e-05,5c2934ff1d9f6aeebcc4ce8943331a8a7aef01ed
dv3-A-poisson-002888,3,A,poisson,2888,,,,3:1:0:2888,,test,5,297.1685431532925,,,,,,,,,,,,,,,,,,,,0.0,,,1,298,1,exact,,,,,,,,1.424999936716631e-05,42d441448fd7cc3d3f6b4e37d5760ff989800490
dv3-A-poisson-002889,3,A,poisson,2889,,,,3:1:0:2889,,test,5,193.72337185698566,,,,,,,,,,,,,,,,,,,,0.0,,,1,196,1,exact,,,,,,,,1.1375002941349521e-05,b58e985ca7dc2b69afa225090d4d345c99c3818a
dv3-A-poisson-002890,3,A,poisson,2890,,,,3:1:0:2890,,test,5,230.91463869931826,,,,,,,,,,,,,,,,,,,,0.0,,,1,239,1,exact,,,,,,,,1.445800080546178e-05,a2d0b424837dbd6175f0bef84df95019b03e7013
dv3-A-poisson-002891,3,A,poisson,2891,,,,3:1:0:2891,,test,5,419.3880254513652,,,,,,,,,,,,,,,,,,,,0.0,,,1,420,1,exact,,,,,,,,1.4375000318977982e-05,f8ddced4b406ff12928d5b7f9d4f0842fb53c32b
dv3-A-poisson-002892,3,A,poisson,2892,,,,3:1:0:2892,,test,5,556.0329841867901,,,,,,,,,,,,,,,,,,,,0.0,,,1,540,1,exact,,,,,,,,1.8415998056298122e-05,bc0929a8a06adf5863925658e60c99f8d0859775
dv3-A-poisson-002893,3,A,poisson,2893,,,,3:1:0:2893,,test,5,237.2360331350631,,,,,,,,,,,,,,,,,,,,0.0,,,1,254,1,exact,,,,,,,,1.2666001566685736e-05,e9e782417dfc942bdf09d325b2b606843b008a94
dv3-A-poisson-002894,3,A,poisson,2894,,,,3:1:0:2894,,test,5,173.78731443019572,,,,,,,,,,,,,,,,,,,,0.0,,,1,176,1,exact,,,,,,,,1.1457999789854512e-05,142053ca2965d0be8854552ac0d2d177761a3f6a
dv3-A-poisson-002895,3,A,poisson,2895,,,,3:1:0:2895,,test,5,126.03595301221849,,,,,,,,,,,,,,,,,,,,0.0,,,1,154,1,exact,,,,,,,,1.0957999620586634e-05,4fbdbe34aa1ae55b3e79b6e93cc7d608fbfe7e5d
dv3-A-poisson-002896,3,A,poisson,2896,,,,3:1:0:2896,,test,5,745.1614904366439,,,,,,,,,,,,,,,,,,,,0.0,,,1,763,1,exact,,,,,,,,2.154100002371706e-05,017ed5712ca23bd2681d8c2a9e303ad8cb4188ae
dv3-A-poisson-002897,3,A,poisson,2897,,,,3:1:0:2897,,test,5,266.04338969599115,,,,,,,,,,,,,,,,,,,,0.0,,,1,264,1,exact,,,,,,,,1.4582998119294643e-05,2516be6136bf4ec2cd7daad480915b9cca8ca33e
dv3-A-poisson-002898,3,A,poisson,2898,,,,3:1:0:2898,,test,5,496.33081356792513,,,,,,,,,,,,,,,,,,,,0.0,,,1,473,1,exact,,,,,,,,1.5083001926541328e-05,e239139a6333e6c55d038aff085bedb9f1476976
dv3-A-poisson-002899,3,A,poisson,2899,,,,3:1:0:2899,,test,5,145.30396974852744,,,,,,,,,,,,,,,,,,,,0.0,,,1,125,1,exact,,,,,,,,1.0750001820269972e-05,42bc43f54a48991256ef7f2472870d31ef384c95
dv3-A-poisson-002900,3,A,poisson,2900,,,,3:1:0:2900,,test,5,577.7923078001182,,,,,,,,,,,,,,,,,,,,0.0,,,1,587,1,exact,,,,,,,,1.6458998288726434e-05,f514f2a14122d63f8e6c36111fe47b9c56c2d624
dv3-A-poisson-002901,3,A,poisson,2901,,,,3:1:0:2901,,test,5,130.03235548070563,,,,,,,,,,,,,,,,,,,,0.0,,,1,132,1,exact,,,,,,,,1.0874999134102836e-05,7a3c43677d509f7a4cd3bb71d619c9aff42b6e09
dv3-A-poisson-002902,3,A,poisson,2902,,,,3:1:0:2902,,test,5,174.9743587574394,,,,,,,,,,,,,,,,,,,,0.0,,,1,179,1,exact,,,,,,,,1.1249998351559043e-05,6d36773db78fb741b04b2696b1739d836d6d173a
dv3-A-poisson-002903,3,A,poisson,2903,,,,3:1:0:2903,,test,5,243.36207135093906,,,,,,,,,,,,,,,,,,,,0.0,,,1,241,1,exact,,,,,,,,1.2249998690094799e-05,5aa418d39324ba8d07506fc6e0a7ddd1a7189272
dv3-A-poisson-002904,3,A,poisson,2904,,,,3:1:0:2904,,test,5,445.79844405279357,,,,,,,,,,,,,,,,,,,,0.0,,,1,471,1,exact,,,,,,,,1.4959001418901607e-05,a10e362b3ebcb181a729e3ccd052c2b92d714bb7
dv3-A-poisson-002905,3,A,poisson,2905,,,,3:1:0:2905,,test,5,443.2434949943053,,,,,,,,,,,,,,,,,,,,0.0,,,1,457,1,exact,,,,,,,,1.4749999536434188e-05,9ce8b724a952925860e7e6aafaa279a3a278b60f
dv3-A-poisson-002906,3,A,poisson,2906,,,,3:1:0:2906,,test,5,774.8640591972528,,,,,,,,,,,,,,,,,,,,0.0,,,1,796,1,exact,,,,,,,,2.3041997337713838e-05,0cb021bcd49b2d848f507e977559e291e46efc9f
dv3-A-poisson-002907,3,A,poisson,2907,,,,3:1:0:2907,,test,5,641.4563831574383,,,,,,,,,,,,,,,,,,,,0.0,,,1,610,1,exact,,,,,,,,1.6999998479150236e-05,74f0c2363772f2e788ad89c6dc3cd993251ed2a5
dv3-A-poisson-002908,3,A,poisson,2908,,,,3:1:0:2908,,test,5,156.69283927072613,,,,,,,,,,,,,,,,,,,,0.0,,,1,161,1,exact,,,,,,,,1.1000000085914508e-05,f7e352020c4e4d3f35a630c462e4a1790678a7bd
dv3-A-poisson-002909,3,A,poisson,2909,,,,3:1:0:2909,,test,5,114.40128251139367,,,,,,,,,,,,,,,,,,,,0.0,,,1,93,1,exact,,,,,,,,1.029099803417921e-05,b1ec4018a7bd6930d2037419ad237e6545612e1f
dv3-A-poisson-002910,3,A,poisson,2910,,,,3:1:0:2910,,test,5,357.0458571781836,,,,,,,,,,,,,,,,,,,,0.0,,,1,375,1,exact,,,,,,,,1.5375000657513738e-05,92e329490460333c1ccb801996c0f9f1ed25b7b0
dv3-A-poisson-002911,3,A,poisson,2911,,,,3:1:0:2911,,test,5,541.0461427602754,,,,,,,,,,,,,,,,,,,,0.0,,,1,521,1,exact,,,,,,,,2.091599890263751e-05,33c8b141e451cf0b753be2231425f4784c635181
dv3-A-poisson-002912,3,A,poisson,2912,,,,3:1:0:2912,,test,5,781.879623994633,,,,,,,,,,,,,,,,,,,,0.0,,,1,781,1,exact,,,,,,,,2.112500078510493e-05,b3b67d023f359f1c510650db161b19a8756970b6
dv3-A-poisson-002913,3,A,poisson,2913,,,,3:1:0:2913,,test,5,766.8463030709585,,,,,,,,,,,,,,,,,,,,0.0,,,1,833,1,exact,,,,,,,,2.4040997232077643e-05,f11b763274d986701096de9294cb8327be481756
dv3-A-poisson-002914,3,A,poisson,2914,,,,3:1:0:2914,,test,5,315.9522094903499,,,,,,,,,,,,,,,,,,,,0.0,,,1,311,1,exact,,,,,,,,1.3583001418737695e-05,7049cee627663a6c367c7a98059c5c7924de9014
dv3-A-poisson-002915,3,A,poisson,2915,,,,3:1:0:2915,,test,5,162.40108903990551,,,,,,,,,,,,,,,,,,,,0.0,,,1,169,1,exact,,,,,,,,1.1416999768698588e-05,2fbe90f327332abc109676f61b6647d4f24cd11a
dv3-A-poisson-002916,3,A,poisson,2916,,,,3:1:0:2916,,test,5,186.462336321509,,,,,,,,,,,,,,,,,,,,0.0,,,1,205,1,exact,,,,,,,,1.166600122814998e-05,b8f78abf68f9ea39dc9065476dba0c035969061e
dv3-A-poisson-002917,3,A,poisson,2917,,,,3:1:0:2917,,test,5,162.3673496001648,,,,,,,,,,,,,,,,,,,,0.0,,,1,143,1,exact,,,,,,,,1.0874999134102836e-05,80d114ce014b650815b831d302916edd758e9574
dv3-A-poisson-002918,3,A,poisson,2918,,,,3:1:0:2918,,test,5,600.5755269701574,,,,,,,,,,,,,,,,,,,,0.0,,,1,620,1,exact,,,,,,,,1.6999998479150236e-05,246d75b0acd6a00df517bdd50e2918418fe7dd14
dv3-A-poisson-002919,3,A,poisson,2919,,,,3:1:0:2919,,test,5,238.60717368034904,,,,,,,,,,,,,,,,,,,,0.0,,,1,242,1,exact,,,,,,,,1.2249998690094799e-05,72cb2497e30be1eb3e5c2f9bfe90b4c3052d1246
dv3-A-poisson-002920,3,A,poisson,2920,,,,3:1:0:2920,,test,5,161.78180763977522,,,,,,,,,,,,,,,,,,,,0.0,,,1,163,1,exact,,,,,,,,1.1000000085914508e-05,e56f633fa203192dcc5cf5b7aec4ae306fdd1954
dv3-A-poisson-002921,3,A,poisson,2921,,,,3:1:0:2921,,test,5,151.9243228197047,,,,,,,,,,,,,,,,,,,,0.0,,,1,152,1,exact,,,,,,,,1.1042000551242381e-05,ee129f946b9746793a010e574bde82d29654ee00
dv3-A-poisson-002922,3,A,poisson,2922,,,,3:1:0:2922,,test,5,597.7119661313764,,,,,,,,,,,,,,,,,,,,0.0,,,1,625,1,exact,,,,,,,,2.0833998860325664e-05,39c121d2ec92189a11b04a0d22d87ae87f18a4f7
dv3-A-poisson-002923,3,A,poisson,2923,,,,3:1:0:2923,,test,5,172.23550222448566,,,,,,,,,,,,,,,,,,,,0.0,,,1,153,1,exact,,,,,,,,1.1125001037726179e-05,14d5da8937d956d7542c5d58a20be19ab6c42fb8
dv3-A-poisson-002924,3,A,poisson,2924,,,,3:1:0:2924,,test,5,462.6041423891647,,,,,,,,,,,,,,,,,,,,0.0,,,1,483,1,exact,,,,,,,,1.5207999240374193e-05,71e4eb61c5f8e1d7fa1c64d2ba2d0e77329672d0
dv3-A-poisson-002925,3,A,poisson,2925,,,,3:1:0:2925,,test,5,129.29956827764474,,,,,,,,,,,,,,,,,,,,0.0,,,1,114,1,exact,,,,,,,,1.0375002602813765e-05,2094fe5c6fbcf4908435cdd22f7293103e7ed062
dv3-A-poisson-002926,3,A,poisson,2926,,,,3:1:0:2926,,test,5,155.85566576649603,,,,,,,,,,,,,,,,,,,,0.0,,,1,148,1,exact,,,,,,,,1.0791998647619039e-05,7528cd7fc07f4419c60ff8fa7475ff65652e110e
dv3-A-poisson-002927,3,A,poisson,2927,,,,3:1:0:2927,,test,5,198.69126145725244,,,,,,,,,,,,,,,,,,,,0.0,,,1,201,1,exact,,,,,,,,1.1375002941349521e-05,e9f95b9777aad3b5c2bd182322cf93a47b1485f9
dv3-A-poisson-002928,3,A,poisson,2928,,,,3:1:0:2928,,test,5,220.85030156640562,,,,,,,,,,,,,,,,,,,,0.0,,,1,219,1,exact,,,,,,,,1.1582997103687376e-05,abb4e3af085d77697719fcdc50aaad96a1ae6740
dv3-A-poisson-002929,3,A,poisson,2929,,,,3:1:0:2929,,test,5,458.10018483579313,,,,,,,,,,,,,,,,,,,,0.0,,,1,463,1,exact,,,,,,,,1.6625002899672836e-05,1390ed939af9b8c5cb3111c68afe97c026c2aa03
dv3-A-poisson-002930,3,A,poisson,2930,,,,3:1:0:2930,,test,5,523.6696846272248,,,,,,,,,,,,,,,,,,,,0.0,,,1,515,1,exact,,,,,,,,1.5833997167646885e-05,87bc42ec3be927cdc4fa4651fbdb74afd97b8f45
dv3-A-poisson-002931,3,A,poisson,2931,,,,3:1:0:2931,,test,5,604.0271799800541,,,,,,,,,,,,,,,,,,,,0.0,,,1,643,1,exact,,,,,,,,1.8667000404093415e-05,07c15c9bcaa7df6c28b56539693e565c047de432
dv3-A-poisson-002932,3,A,poisson,2932,,,,3:1:0:2932,,test,5,188.91563472713875,,,,,,,,,,,,,,,,,,,,0.0,,,1,184,1,exact,,,,,,,,1.2749998859362677e-05,d17036814e5c68c804a1b86b685ee506a8408246
dv3-A-poisson-002933,3,A,poisson,2933,,,,3:1:0:2933,,test,5,271.62753854068546,,,,,,,,,,,,,,,,,,,,0.0,,,1,265,1,exact,,,,,,,,1.2207998224766925e-05,8d2d5b436e12a65f0d1c52d50ee74dcc5e4b25a6
dv3-A-poisson-002934,3,A,poisson,2934,,,,3:1:0:2934,,test,5,271.8125893941452,,,,,,,,,,,,,,,,,,,,0.0,,,1,276,1,exact,,,,,,,,1.2290998711250722e-05,69fbc6ed0ab7f9a1a55659278ad170dd488932e4
dv3-A-poisson-002935,3,A,poisson,2935,,,,3:1:0:2935,,test,5,397.91043023206066,,,,,,,,,,,,,,,,,,,,0.0,,,1,429,1,exact,,,,,,,,1.445800080546178e-05,f4e52fe09bea13e8a79ee5bfec2d5020abecce2e
dv3-A-poisson-002936,3,A,poisson,2936,,,,3:1:0:2936,,test,5,522.2983295970918,,,,,,,,,,,,,,,,,,,,0.0,,,1,482,1,exact,,,,,,,,1.6082998627098277e-05,7554ebd9baca927066987ee8c50a65be379453f0
dv3-A-poisson-002937,3,A,poisson,2937,,,,3:1:0:2937,,test,5,215.48798630310858,,,,,,,,,,,,,,,,,,,,0.0,,,1,194,1,exact,,,,,,,,1.1416002962505445e-05,54be8952873c6fbe795a7d99895d21d3ca52dc93
dv3-A-poisson-002938,3,A,poisson,2938,,,,3:1:0:2938,,test,5,262.3249423098221,,,,,,,,,,,,,,,,,,,,0.0,,,1,252,1,exact,,,,,,,,1.2165997759439051e-05,1741b00d1ed68d636a834f9321315d489be35c49
dv3-A-poisson-002939,3,A,poisson,2939,,,,3:1:0:2939,,test,5,103.40526247120884,,,,,,,,,,,,,,,,,,,,0.0,,,1,114,1,exact,,,,,,,,1.0583000403130427e-05,fe91a7eeab8b94278ea34da626795d649798249a
dv3-A-poisson-002940,3,A,poisson,2940,,,,3:1:0:2940,,test,5,532.6506280488261,,,,,,,,,,,,,,,,,,,,0.0,,,1,527,1,exact,,,,,,,,1.6999998479150236e-05,3df8b07a6e334c27aa2ca4f0c4cb1b2dd4c72de6
dv3-A-poisson-002941,3,A,poisson,2941,,,,3:1:0:2941,,test,5,176.22455331208494,,,,,,,,,,,,,,,,,,,,0.0,,,1,173,1,exact,,,,,,,,1.133299883804284e-05,79fbaf7447f41671a59de4d8207bc8a44694eaed
dv3-A-poisson-002942,3,A,poisson,2942,,,,3:1:0:2942,,test,5,502.0881806874969,,,,,,,,,,,,,,,,,,,,0.0,,,1,505,1,exact,,,,,,,,1.550000160932541e-05,cb5d7e555be33f90e378d36cd79dc3251141850a
dv3-A-poisson-002943,3,A,poisson,2943,,,,3:1:0:2943,,test,5,465.62471885985417,,,,,,,,,,,,,,,,,,,,0.0,,,1,461,1,exact,,,,,,,,1.4834000467089936e-05,89c53693364b356ca3cd8e28e9c87c973bd25891
dv3-A-poisson-002944,3,A,poisson,2944,,,,3:1:0:2944,,test,5,515.5618761563708,,,,,,,,,,,,,,,,,,,,0.0,,,1,516,1,exact,,,,,,,,1.7082998965634033e-05,7495783c3b6476c332432f936dd621b76d5a7846
dv3-A-poisson-002945,3,A,poisson,2945,,,,3:1:0:2945,,test,5,436.59138904591606,,,,,,,,,,,,,,,,,,,,0.0,,,1,413,1,exact,,,,,,,,1.4500001270789653e-05,84dba4bf7f076d2303f4ac39b2696e7c98c379f6
dv3-A-poisson-002946,3,A,poisson,2946,,,,3:1:0:2946,,test,5,204.0856608563574,,,,,,,,,,,,,,,,,,,,0.0,,,1,178,1,exact,,,,,,,,1.133399928221479e-05,9540b5a4d022f7ef4b80c60acd4a9a2f67bc721d
dv3-A-poisson-002947,3,A,poisson,2947,,,,3:1:0:2947,,test,5,479.2282920466792,,,,,,,,,,,,,,,,,,,,0.0,,,1,453,1,exact,,,,,,,,1.6292000509565696e-05,9c3784c99ebc0aa6b842eec1d5d008989128048b
dv3-A-poisson-002948,3,A,poisson,2948,,,,3:1:0:2948,,test,5,292.62492476089756,,,,,,,,,,,,,,,,,,,,0.0,,,1,300,1,exact,,,,,,,,1.3083001249469817e-05,8d66ed8d670fdddb809b2fb7d071b6f947ea1ef9
dv3-A-poisson-002949,3,A,poisson,2949,,,,3:1:0:2949,,test,5,281.89497340561167,,,,,,,,,,,,,,,,,,,,0.0,,,1,271,1,exact,,,,,,,,1.2499996955739334e-05,2ed97eabff1a78a367e3625a758ed43ddab04e51
dv3-A-poisson-002950,3,A,poisson,2950,,,,3:1:0:2950,,test,5,236.13341319878504,,,,,,,,,,,,,,,,,,,,0.0,,,1,231,1,exact,,,,,,,,1.383299968438223e-05,5db1476dae8899c75a0103851ec10aeab95c8831
dv3-A-poisson-002951,3,A,poisson,2951,,,,3:1:0:2951,,test,5,107.08725948841946,,,,,,,,,,,,,,,,,,,,0.0,,,1,108,1,exact,,,,,,,,1.0708998161135241e-05,7cf56165e43f441ffcf2aafdcc13df1cceaaf33b
dv3-A-poisson-002952,3,A,poisson,2952,,,,3:1:0:2952,,test,5,401.80249500026514,,,,,,,,,,,,,,,,,,,,0.0,,,1,401,1,exact,,,,,,,,2.058300015050918e-05,520f095607a07ea32b9806708c5b67b03372c887
dv3-A-poisson-002953,3,A,poisson,2953,,,,3:1:0:2953,,test,5,736.9762436383184,,,,,,,,,,,,,,,,,,,,0.0,,,1,740,1,exact,,,,,,,,1.9999999494757503e-05,35a75e5f7285090f8de62aef2ae90282625118b0
dv3-A-poisson-002954,3,A,poisson,2954,,,,3:1:0:2954,,test,5,319.48562890269767,,,,,,,,,,,,,,,,,,,,0.0,,,1,336,1,exact,,,,,,,,1.3500000932253897e-05,25eabf7f912340a2507cdd7a0a0f79b1a12dd70e
dv3-A-poisson-002955,3,A,poisson,2955,,,,3:1:0:2955,,test,5,244.27193424350176,,,,,,,,,,,,,,,,,,,,0.0,,,1,240,1,exact,,,,,,,,1.2167001841589808e-05,808a0113b07823f090c2dc04f027dce7e481a931
dv3-A-poisson-002956,3,A,poisson,2956,,,,3:1:0:2956,,test,5,418.4238941242784,,,,,,,,,,,,,,,,,,,,0.0,,,1,476,1,exact,,,,,,,,1.4999997802078724e-05,793dae0dcaaa2a20a38bfe0d6e8422733bd4f846
dv3-A-poisson-002957,3,A,poisson,2957,,,,3:1:0:2957,,test,5,281.0525916889963,,,,,,,,,,,,,,,,,,,,0.0,,,1,318,1,exact,,,,,,,,1.4707999071106315e-05,da36870f3b83c75a8f7a5604bdec129cf3d0b26e
dv3-A-poisson-002958,3,A,poisson,2958,,,,3:1:0:2958,,test,5,269.62517958145236,,,,,,,,,,,,,,,,,,,,0.0,,,1,269,1,exact,,,,,,,,1.2500000593718141e-05,e191a55d4e23403547e3b134a40818dac093a60e
dv3-A-poisson-002959,3,A,poisson,2959,,,,3:1:0:2959,,test,5,200.58950402140238,,,,,,,,,,,,,,,,,,,,0.0,,,1,192,1,exact,,,,,,,,1.1459000234026462e-05,3806440e2af7a6d5437ebcacab1b318b89acce66
dv3-A-poisson-002960,3,A,poisson,2960,,,,3:1:0:2960,,test,5,222.06918276190984,,,,,,,,,,,,,,,,,,,,0.0,,,1,232,1,exact,,,,,,,,1.195799995912239e-05,58ba923c3cdf5fe38a862105052be03975b15482
dv3-A-poisson-002961,3,A,poisson,2961,,,,3:1:0:2961,,test,5,227.6800245347456,,,,,,,,,,,,,,,,,,,,0.0,,,1,234,1,exact,,,,,,,,1.195900040329434e-05,2674b63936b7fbb9e106e72e762709a7ee5c7e7b
dv3-A-poisson-002962,3,A,poisson,2962,,,,3:1:0:2962,,test,5,321.8005856693299,,,,,,,,,,,,,,,,,,,,0.0,,,1,340,1,exact,,,,,,,,1.4833000022917986e-05,a8e404dd1014e834fd22dacb6a5f7b91ce8f47bf
dv3-A-poisson-002963,3,A,poisson,2963,,,,3:1:0:2963,,test,5,101.30567608696184,,,,,,,,,,,,,,,,,,,,0.0,,,1,94,1,exact,,,,,,,,1.0332998499507084e-05,f1a3facf50f942da29c0916ea975c7a337ad05dc
dv3-A-poisson-002964,3,A,poisson,2964,,,,3:1:0:2964,,test,5,228.6750961280813,,,,,,,,,,,,,,,,,,,,0.0,,,1,236,1,exact,,,,,,,,1.1874999472638592e-05,d8820baf96feb5f6194ebe593d6ae9b0a1d189e0
dv3-A-poisson-002965,3,A,poisson,2965,,,,3:1:0:2965,,test,5,584.3888548085127,,,,,,,,,,,,,,,,,,,,0.0,,,1,585,1,exact,,,,,,,,1.8124999769497663e-05,16109e6ab1fdeafa1866f0f9fb9e635622a6fdc0
dv3-A-poisson-002966,3,A,poisson,2966,,,,3:1:0:2966,,test,5,173.75346234789475,,,,,,,,,,,,,,,,,,,,0.0,,,1,169,1,exact,,,,,,,,1.1042000551242381e-05,9191f3f2b189d811e5054950c8e8d5826f3ac13f
dv3-A-poisson-002967,3,A,poisson,2967,,,,3:1:0:2967,,test,5,108.5440749430611,,,,,,,,,,,,,,,,,,,,0.0,,,1,84,1,exact,,,,,,,,1.0125000699190423e-05,82abd2b67bf73efbff73cc4c356f07bdb57b676a
dv3-A-poisson-002968,3,A,poisson,2968,,,,3:1:0:2968,,test,5,386.3708575257189,,,,,,,,,,,,,,,,,,,,0.0,,,1,351,1,exact,,,,,,,,1.3416996807791293e-05,44ad795b49b4c1209add5c36c5da664c3abbed1f
dv3-A-poisson-002969,3,A,poisson,2969,,,,3:1:0:2969,,test,5,159.76155907658057,,,,,,,,,,,,,,,,,,,,0.0,,,1,147,1,exact,,,,,,,,1.1083000572398305e-05,2af2767959db32d6960d1e50e228be7fdeff582f
dv3-A-poisson-002970,3,A,poisson,2970,,,,3:1:0:2970,,test,5,574.5484736850705,,,,,,,,,,,,,,,,,,,,0.0,,,1,606,1,exact,,,,,,,,1.6707999748177826e-05,d96fe8502eda9d8fec2f7c97f2152d97d807af88
dv3-A-poisson-002971,3,A,poisson,2971,,,,3:1:0:2971,,test,5,307.87024510627236,,,,,,,,,,,,,,,,,,,,0.0,,,1,307,1,exact,,,,,,,,1.2917000276502222e-05,2f579dfca1cac1580997f3f8582eee8e5e1947bf
dv3-A-poisson-002972,3,A,poisson,2972,,,,3:1:0:2972,,test,5,222.48978277725092,,,,,,,,,,,,,,,,,,,,0.0,,,1,210,1,exact,,,,,,,,1.3124998076818883e-05,2534ce855cbdc2ac0bba3576324ef02f363aff23
dv3-A-poisson-002973,3,A,poisson,2973,,,,3:1:0:2973,,test,5,119.81619880570227,,,,,,,,,,,,,,,,,,,,0.0,,,1,102,1,exact,,,,,,,,1.0291998478351161e-05,aff9859205936c86f086c4f8b3fcece6352ab14a
dv3-A-poisson-002974,3,A,poisson,2974,,,,3:1:0:2974,,test,5,348.2910315013819,,,,,,,,,,,,,,,,,,,,0.0,,,1,354,1,exact,,,,,,,,1.3250002666609362e-05,afdc760f313cb45c7b06059df0691bfc81391b19
dv3-A-poisson-002975,3,A,poisson,2975,,,,3:1:0:2975,,test,5,217.44685187181233,,,,,,,,,,,,,,,,,,,,0.0,,,1,209,1,exact,,,,,,,,1.1749998520826921e-05,7062ee909c8b5c5dcd5dea4673560b5b0f7d7212
dv3-A-poisson-002976,3,A,poisson,2976,,,,3:1:0:2976,,test,5,648.6887653704894,,,,,,,,,,,,,,,,,,,,0.0,,,1,624,1,exact,,,,,,,,1.8541999452281743e-05,79f1f1900f6b6aa4958f3193d591ec5086f166c1
dv3-A-poisson-002977,3,A,poisson,2977,,,,3:1:0:2977,,test,5,110.58101711184327,,,,,,,,,,,,,,,,,,,,0.0,,,1,106,1,exact,,,,,,,,1.0457999451318756e-05,52e64b732b6224c4c146eda9185ef2e698c5d601
dv3-A-poisson-002978,3,A,poisson,2978,,,,3:1:0:2978,,test,5,364.26871062134467,,,,,,,,,,,,,,,,,,,,0.0,,,1,348,1,exact,,,,,,,,1.3374999980442226e-05,f91e65ba998aed209f9cbeab9c2cd669488a2c1a
dv3-A-poisson-002979,3,A,poisson,2979,,,,3:1:0:2979,,test,5,295.652306880132,,,,,,,,,,,,,,,,,,,,0.0,,,1,278,1,exact,,,,,,,,1.2624997907551005e-05,064a102909a52781fba886cd83ef286dcb7f7aee
dv3-A-poisson-002980,3,A,poisson,2980,,,,3:1:0:2980,,test,5,119.96155873986561,,,,,,,,,,,,,,,,,,,,0.0,,,1,130,1,exact,,,,,,,,1.0709001799114048e-05,31752efcb1251b7f32c5fc9bc130f9050d0dcc7b
dv3-A-poisson-002981,3,A,poisson,2981,,,,3:1:0:2981,,test,5,467.824374018745,,,,,,,,,,,,,,,,,,,,0.0,,,1,483,1,exact,,,,,,,,1.5083998732734472e-05,36ed8f67e16dac8199296a3f6e40b86b41e7cd1e
dv3-A-poisson-002982,3,A,poisson,2982,,,,3:1:0:2982,,test,5,707.6804987115154,,,,,,,,,,,,,,,,,,,,0.0,,,1,681,1,exact,,,,,,,,1.8667000404093415e-05,e89342a036d8afd08dcfa3b14dd5805000d0883c
dv3-A-poisson-002983,3,A,poisson,2983,,,,3:1:0:2983,,test,5,513.580184191679,,,,,,,,,,,,,,,,,,,,0.0,,,1,509,1,exact,,,,,,,,1.708300260361284e-05,55175a5b474c0a3c8f22c52a79e6e14e4c8d0f8d
dv3-A-poisson-002984,3,A,poisson,2984,,,,3:1:0:2984,,test,5,173.4656264393219,,,,,,,,,,,,,,,,,,,,0.0,,,1,175,1,exact,,,,,,,,1.1500000255182385e-05,30bacb714187ab526829e9ab898dfa5343e6cf5e
dv3-A-poisson-002985,3,A,poisson,2985,,,,3:1:0:2985,,test,5,301.248008430894,,,,,,,,,,,,,,,,,,,,0.0,,,1,301,1,exact,,,,,,,,1.2749998859362677e-05,5cbd8a068c2754f1615cf5ffe76233ebf9aee332
dv3-A-poisson-002986,3,A,poisson,2986,,,,3:1:0:2986,,test,5,133.1194506923797,,,,,,,,,,,,,,,,,,,,0.0,,,1,117,1,exact,,,,,,,,1.0709001799114048e-05,13822450b34eafe07bb55bd5048a0448c752fa09
dv3-A-poisson-002987,3,A,poisson,2987,,,,3:1:0:2987,,test,5,198.2294919429089,,,,,,,,,,,,,,,,,,,,0.0,,,1,178,1,exact,,,,,,,,1.1417003406677395e-05,1bd6ff574ad8cb068f5930c78b8c068e01074adc
dv3-A-poisson-002988,3,A,poisson,2988,,,,3:1:0:2988,,test,5,125.17845940091468,,,,,,,,,,,,,,,,,,,,0.0,,,1,133,1,exact,,,,,,,,1.2375003279885277e-05,42349a65a79de75c90e7533aaf639e8292be9288
dv3-A-poisson-002989,3,A,poisson,2989,,,,3:1:0:2989,,test,5,127.29425868434399,,,,,,,,,,,,,,,,,,,,0.0,,,1,121,1,exact,,,,,,,,1.0874999134102836e-05,cb27d3a890f861451a4ecf8b198e9e483bfa9181
dv3-A-poisson-002990,3,A,poisson,2990,,,,3:1:0:2990,,test,5,187.5557489064517,,,,,,,,,,,,,,,,,,,,0.0,,,1,189,1,exact,,,,,,,,1.1500000255182385e-05,cca18da89850bd89d8b37c12a97c4ba21bd6c70a
dv3-A-poisson-002991,3,A,poisson,2991,,,,3:1:0:2991,,test,5,603.010850528523,,,,,,,,,,,,,,,,,,,,0.0,,,1,595,1,exact,,,,,,,,1.67500002135057e-05,0128a4a9c980dd74bc6653ae4af0e8aa1db5c215
dv3-A-poisson-002992,3,A,poisson,2992,,,,3:1:0:2992,,test,5,155.2959521193355,,,,,,,,,,,,,,,,,,,,0.0,,,1,129,1,exact,,,,,,,,1.2874999811174348e-05,c1868bd7492908eb5bfe3323c87bc7e56fedb901
dv3-A-poisson-002993,3,A,poisson,2993,,,,3:1:0:2993,,test,5,387.97683967931704,,,,,,,,,,,,,,,,,,,,0.0,,,1,381,1,exact,,,,,,,,1.4083998394198716e-05,1cb62da735fbbeae1c6bccf708742384b1723d8f
dv3-A-poisson-002994,3,A,poisson,2994,,,,3:1:0:2994,,test,5,280.66081038998635,,,,,,,,,,,,,,,,,,,,0.0,,,1,288,1,exact,,,,,,,,1.4334000297822058e-05,eb5937d882d06b5b476f162674a42910a7633547
dv3-A-poisson-002995,3,A,poisson,2995,,,,3:1:0:2995,,test,5,271.7231224455658,,,,,,,,,,,,,,,,,,,,0.0,,,1,278,1,exact,,,,,,,,1.2917000276502222e-05,88b34aec02bbdc812560357af459e3e950e4ad2a
dv3-A-poisson-002996,3,A,poisson,2996,,,,3:1:0:2996,,test,5,147.68866684017667,,,,,,,,,,,,,,,,,,,,0.0,,,1,146,1,exact,,,,,,,,1.1084001016570255e-05,3cf7db89df274384acc136a81e107b59ef0544b6
dv3-A-poisson-002997,3,A,poisson,2997,,,,3:1:0:2997,,test,5,115.14801931769239,,,,,,,,,,,,,,,,,,,,0.0,,,1,112,1,exact,,,,,,,,1.0458003089297563e-05,d4758eee30ee83359ff934315c51c4068ec165bb
dv3-A-poisson-002998,3,A,poisson,2998,,,,3:1:0:2998,,test,5,679.0070244232764,,,,,,,,,,,,,,,,,,,,0.0,,,1,648,1,exact,,,,,,,,1.904099917737767e-05,38eac82caf8ac94f0fc6d43b1cfe0dbc2d3a6ec6
dv3-A-poisson-002999,3,A,poisson,2999,,,,3:1:0:2999,,test,5,223.01471970729895,,,,,,,,,,,,,,,,,,,,0.0,,,1,199,1,exact,,,,,,,,1.1500000255182385e-05,bcfe8bd8da13edffb8c7a554bec6eaa087e42fb1
dv3-A-poisson-003000,3,A,poisson,3000,,,,3:1:0:3000,,test,6,218.47035737599492,,,,,,,,,,,,,,,,,,,,0.0,,,1,219,1,exact,,,,,,,,7.854100113036111e-05,9df444e044df7da4cd34b875ec6e03d2e4aec603
dv3-A-poisson-003001,3,A,poisson,3001,,,,3:1:0:3001,,test,6,472.8990117276748,,,,,,,,,,,,,,,,,,,,0.0,,,1,474,1,exact,,,,,,,,3.849999848171137e-05,1d21c6f50f8de2bae6a294a08caed21779e1580b
dv3-A-poisson-003002,3,A,poisson,3002,,,,3:1:0:3002,,test,6,200.98971669135733,,,,,,,,,,,,,,,,,,,,0.0,,,1,220,1,exact,,,,,,,,2.695800139917992e-05,1f51559ddde433297ccdc159ab72433900589c88
dv3-A-poisson-003003,3,A,poisson,3003,,,,3:1:0:3003,,test,6,249.62582704058698,,,,,,,,,,,,,,,,,,,,0.0,,,1,256,1,exact,,,,,,,,2.6167002943111584e-05,34622e0defc09522d8d46c4e93e4b018af26aea6
dv3-A-poisson-003004,3,A,poisson,3004,,,,3:1:0:3004,,test,6,100.85616032272415,,,,,,,,,,,,,,,,,,,,0.0,,,1,116,1,exact,,,,,,,,2.245799987576902e-05,1582aec78a399cba02b210974d85c0a0718ca402
dv3-A-poisson-003005,3,A,poisson,3005,,,,3:1:0:3005,,test,6,285.19804517155757,,,,,,,,,,,,,,,,,,,,0.0,,,1,277,1,exact,,,,,,,,2.6916000933852047e-05,a817446cd3d98e0f0e77d4d34018c6b5b9dfe94d
dv3-A-poisson-003006,3,A,poisson,3006,,,,3:1:0:3006,,test,6,139.69873444949948,,,,,,,,,,,,,,,,,,,,0.0,,,1,137,1,exact,,,,,,,,2.329099879716523e-05,92b8654e74687e725f05d7f99ff9222ab24f1263
dv3-A-poisson-003007,3,A,poisson,3007,,,,3:1:0:3007,,test,6,286.7099499681247,,,,,,,,,,,,,,,,,,,,0.0,,,1,278,1,exact,,,,,,,,2.6375000743428245e-05,61ef4b8825768a0d65426fee1e942759d13138e2
dv3-A-poisson-003008,3,A,poisson,3008,,,,3:1:0:3008,,test,6,719.6452186333222,,,,,,,,,,,,,,,,,,,,0.0,,,1,722,1,exact,,,,,,,,3.8334001146722585e-05,398099e8b682fd91a8a4d04b77a335a0e85653ac
dv3-A-poisson-003009,3,A,poisson,3009,,,,3:1:0:3009,,test,6,755.541675589177,,,,,,,,,,,,,,,,,,,,0.0,,,1,749,1,exact,,,,,,,,5.0582999392645434e-05,3d9ce43920af2b91f54929334b6ea270f147b0e3
dv3-A-poisson-003010,3,A,poisson,3010,,,,3:1:0:3010,,test,6,125.71376967715923,,,,,,,,,,,,,,,,,,,,0.0,,,1,131,1,exact,,,,,,,,2.300000051036477e-05,3f3d9ead603556edd7d7150e4a14059ebfb40345
dv3-A-poisson-003011,3,A,poisson,3011,,,,3:1:0:3011,,test,6,176.4526268954473,,,,,,,,,,,,,,,,,,,,0.0,,,1,165,1,exact,,,,,,,,2.4000000848900527e-05,389bd7d63e206bf3f5317212a0f1b057248af9a6
dv3-A-poisson-003012,3,A,poisson,3012,,,,3:1:0:3012,,test,6,217.18601974297988,,,,,,,,,,,,,,,,,,,,0.0,,,1,208,1,exact,,,,,,,,2.516599852242507e-05,6528527f38cd1a1b339e1c86246afe88095d4d52
dv3-A-poisson-003013,3,A,poisson,3013,,,,3:1:0:3013,,test,6,178.71779289036402,,,,,,,,,,,,,,,,,,,,0.0,,,1,182,1,exact,,,,,,,,2.4249999114545062e-05,9d17cbe0a985840cd4b81474e3957cca7072a947
dv3-A-poisson-003014,3,A,poisson,3014,,,,3:1:0:3014,,test,6,112.3620296573904,,,,,,,,,,,,,,,,,,,,0.0,,,1,123,1,exact,,,,,,,,2.537500040489249e-05,36e4a2908c25918faa01ad800f929d1cb6712c30
dv3-A-poisson-003015,3,A,poisson,3015,,,,3:1:0:3015,,test,6,169.69076748921344,,,,,,,,,,,,,,,,,,,,0.0,,,1,192,1,exact,,,,,,,,2.4666001991136e-05,56c57c0118e5b76d8c63ca9831ac8d2e8df75fa4
dv3-A-poisson-003016,3,A,poisson,3016,,,,3:1:0:3016,,test,6,364.9420625779331,,,,,,,,,,,,,,,,,,,,0.0,,,1,354,1,exact,,,,,,,,2.883300112443976e-05,3f4436a231eca72eba839336aef6adec9b81e8f2
dv3-A-poisson-003017,3,A,poisson,3017,,,,3:1:0:3017,,test,6,301.2386547054523,,,,,,,,,,,,,,,,,,,,0.0,,,1,319,1,exact,,,,,,,,2.7999998565064743e-05,a500980ad7c6880815dcabcb9d20abcc06b56b30
dv3-A-poisson-003018,3,A,poisson,3018,,,,3:1:0:3018,,test,6,157.46618875416226,,,,,,,,,,,,,,,,,,,,0.0,,,1,147,1,exact,,,,,,,,2.3749998945277184e-05,8b20beb2cd41f215c3a819db76235c44067fd3e8
dv3-A-poisson-003019,3,A,poisson,3019,,,,3:1:0:3019,,test,6,457.431095778906,,,,,,,,,,,,,,,,,,,,0.0,,,1,417,1,exact,,,,,,,,3.066600038437173e-05,f9b85c0dce528a838919c78b4186342473855cec
dv3-A-poisson-003020,3,A,poisson,3020,,,,3:1:0:3020,,test,6,139.08722953230887,,,,,,,,,,,,,,,,,,,,0.0,,,1,150,1,exact,,,,,,,,2.3541000700788572e-05,20212023aa0859294fc28a58e421e4cdee7d01e6
dv3-A-poisson-003021,3,A,poisson,3021,,,,3:1:0:3021,,test,6,617.5304521891023,,,,,,,,,,,,,,,,,,,,0.0,,,1,594,1,exact,,,,,,,,3.483299951767549e-05,819fff34b49392706d81e0baa61f17f955ba5b7f
dv3-A-poisson-003022,3,A,poisson,3022,,,,3:1:0:3022,,test,6,120.85861619689466,,,,,,,,,,,,,,,,,,,,0.0,,,1,124,1,exact,,,,,,,,2.2625001292908564e-05,7df365cb0f265eaecb54fe919dfb35f030f9a41d
dv3-A-poisson-003023,3,A,poisson,3023,,,,3:1:0:3023,,test,6,185.1972319755641,,,,,,,,,,,,,,,,,,,,0.0,,,1,194,1,exact,,,,,,,,3.579199983505532e-05,989bed49e43a4753bda8528c57d7cf1faa169ddb
dv3-A-poisson-003024,3,A,poisson,3024,,,,3:1:0:3024,,test,6,383.89722475666406,,,,,,,,,,,,,,,,,,,,0.0,,,1,318,1,exact,,,,,,,,2.8083002689527348e-05,ab0d143d8ad6037fb4ff0e97bb5fd4e6276e9a67
dv3-A-poisson-003025,3,A,poisson,3025,,,,3:1:0:3025,,test,6,661.1501472348997,,,,,,,,,,,,,,,,,,,,0.0,,,1,688,1,exact,,,,,,,,4.3542000639718026e-05,bf6b7311afee351e14274f81ff4e7139f9a7836a
dv3-A-poisson-003026,3,A,poisson,3026,,,,3:1:0:3026,,test,6,110.06224732250709,,,,,,,,,,,,,,,,,,,,0.0,,,1,124,1,exact,,,,,,,,2.3374999727820978e-05,2540c76458795a3331a1974f2b0e1291e9ba4d89
dv3-A-poisson-003027,3,A,poisson,3027,,,,3:1:0:3027,,test,6,413.9081949875864,,,,,,,,,,,,,,,,,,,,0.0,,,1,406,1,exact,,,,,,,,3.016600021510385e-05,769535812c7bed7933ab12fb3780638ac0ff4428
dv3-A-poisson-003028,3,A,poisson,3028,,,,3:1:0:3028,,test,6,414.8459580740071,,,,,,,,,,,,,,,,,,,,0.0,,,1,419,1,exact,,,,,,,,3.045899939024821e-05,f0655c3763c505be3adb75866c46a93e6e600fbe
dv3-A-poisson-003029,3,A,poisson,3029,,,,3:1:0:3029,,test,6,490.8771328081708,,,,,,,,,,,,,,,,,,,,0.0,,,1,460,1,exact,,,,,,,,3.712499892571941e-05,232dee18ecc3cb31b180cb187bfba6ada613ad2b
dv3-A-poisson-003030,3,A,poisson,3030,,,,3:1:0:3030,,test,6,176.8751096933081,,,,,,,,,,,,,,,,,,,,0.0,,,1,191,1,exact,,,,,,,,2.4707998818485066e-05,2c7b7b2bb91b8f19d537c7121b5e53e280bdf875
dv3-A-poisson-003031,3,A,poisson,3031,,,,3:1:0:3031,,test,6,173.25473014953258,,,,,,,,,,,,,,,,,,,,0.0,,,1,169,1,exact,,,,,,,,2.420899909338914e-05,06d57655f851476b8f5a124e0ece02aa1044cc55
dv3-A-poisson-003032,3,A,poisson,3032,,,,3:1:0:3032,,test,6,673.1005679777763,,,,,,,,,,,,,,,,,,,,0.0,,,1,706,1,exact,,,,,,,,4.579199958243407e-05,5ac150b5d4172541ab859cd41cb9c9e0348dfdc8
dv3-A-poisson-003033,3,A,poisson,3033,,,,3:1:0:3033,,test,6,148.4457832085377,,,,,,,,,,,,,,,,,,,,0.0,,,1,152,1,exact,,,,,,,,2.3874999897088856e-05,7bbe805923a3819bcfe9be769b5a03d8857327a7
dv3-A-poisson-003034,3,A,poisson,3034,,,,3:1:0:3034,,test,6,337.71889946728476,,,,,,,,,,,,,,,,,,,,0.0,,,1,327,1,exact,,,,,,,,2.824999683070928e-05,8c6c1e21a693d98aacf5309bdc054a36201324bb
dv3-A-poisson-003035,3,A,poisson,3035,,,,3:1:0:3035,,test,6,636.8109497349404,,,,,,,,,,,,,,,,,,,,0.0,,,1,627,1,exact,,,,,,,,3.829100023722276e-05,828fdfa8cdb067b05075f88136b1b2bc539a95aa
dv3-A-poisson-003036,3,A,poisson,3036,,,,3:1:0:3036,,test,6,192.3297413337277,,,,,,,,,,,,,,,,,,,,0.0,,,1,188,1,exact,,,,,,,,2.504199801478535e-05,f2ce59425c6ea86fd355d5c508c4c2371c616638
dv3-A-poisson-003037,3,A,poisson,3037,,,,3:1:0:3037,,test,6,344.53323041921703,,,,,,,,,,,,,,,,,,,,0.0,,,1,362,1,exact,,,,,,,,2.9792001441819593e-05,6a6d408faccf00712fe328deea22d8c8be385882
dv3-A-poisson-003038,3,A,poisson,3038,,,,3:1:0:3038,,test,6,354.1872786533942,,,,,,,,,,,,,,,,,,,,0.0,,,1,328,1,exact,,,,,,,,2.8750000637955964e-05,7d0206b0f9fc32efeae260fa4820d90c83825903
dv3-A-poisson-003039,3,A,poisson,3039,,,,3:1:0:3039,,test,6,101.79143724538335,,,,,,,,,,,,,,,,,,,,0.0,,,1,113,1,exact,,,,,,,,2.3125001462176442e-05,b58e91375e37265d921b713daf75cebd4f31907d
dv3-A-poisson-003040,3,A,poisson,3040,,,,3:1:0:3040,,test,6,206.753907029431,,,,,,,,,,,,,,,,,,,,0.0,,,1,204,1,exact,,,,,,,,2.591600059531629e-05,6b77bb940369531bb23cc46928930e26e1edf18d
dv3-A-poisson-003041,3,A,poisson,3041,,,,3:1:0:3041,,test,6,606.8389254074553,,,,,,,,,,,,,,,,,,,,0.0,,,1,617,1,exact,,,,,,,,4.6875000407453626e-05,1b1dd98ce045feb88a19e9120f475f2b1a02ca8b
dv3-A-poisson-003042,3,A,poisson,3042,,,,3:1:0:3042,,test,6,181.75618855460624,,,,,,,,,,,,,,,,,,,,0.0,,,1,200,1,exact,,,,,,,,2.579200008767657e-05,bdeb7ccdb0231466ba543640d3a8ed6c5717df74
dv3-A-poisson-003043,3,A,poisson,3043,,,,3:1:0:3043,,test,6,147.54316190630584,,,,,,,,,,,,,,,,,,,,0.0,,,1,135,1,exact,,,,,,,,2.4582997866673395e-05,f6113e3610ec6ca100e4ddac4b89ea9c02ec084f
dv3-A-poisson-003044,3,A,poisson,3044,,,,3:1:0:3044,,test,6,145.05094747161598,,,,,,,,,,,,,,,,,,,,0.0,,,1,153,1,exact,,,,,,,,2.4167002266040072e-05,7d9ecf4e504bce33da432101e0b30c389b0eb27c
dv3-A-poisson-003045,3,A,poisson,3045,,,,3:1:0:3045,,test,6,137.69861784396863,,,,,,,,,,,,,,,,,,,,0.0,,,1,139,1,exact,,,,,,,,2.3624997993465513e-05,e2b1a8f44adf0dc8287d2bded649386a649e9c64
dv3-A-poisson-003046,3,A,poisson,3046,,,,3:1:0:3046,,test,6,110.43382151754126,,,,,,,,,,,,,,,,,,,,0.0,,,1,130,1,exact,,,,,,,,2.3749998945277184e-05,7ab5b11a617131d1b81bd56a4b926f3a85712772
dv3-A-poisson-003047,3,A,poisson,3047,,,,3:1:0:3047,,test,6,219.56329267096586,,,,,,,,,,,,,,,,,,,,0.0,,,1,210,1,exact,,,,,,,,3.35830009134952e-05,a02b16563ed7a60d7b1223bca5bc4fdc015ebf80
dv3-A-poisson-003048,3,A,poisson,3048,,,,3:1:0:3048,,test,6,432.0674566463141,,,,,,,,,,,,,,,,,,,,0.0,,,1,458,1,exact,,,,,,,,4.058300328324549e-05,2011d6bbbf76cb458a5d8d9f03d6467885eb2357
dv3-A-poisson-003049,3,A,poisson,3049,,,,3:1:0:3049,,test,6,100.78585325528834,,,,,,,,,,,,,,,,,,,,0.0,,,1,86,1,exact,,,,,,,,2.404100087005645e-05,b53d8e9cbd24b37d872d8974a8ca09fe9ea90c49
dv3-A-poisson-003050,3,A,poisson,3050,,,,3:1:0:3050,,test,6,442.82868243193786,,,,,,,,,,,,,,,,,,,,0.0,,,1,427,1,exact,,,,,,,,3.154099977109581e-05,0009271db98abf1bf012931907722d05053fe883
dv3-A-poisson-003051,3,A,poisson,3051,,,,3:1:0:3051,,test,6,245.70369260366002,,,,,,,,,,,,,,,,,,,,0.0,,,1,232,1,exact,,,,,,,,2.695800139917992e-05,413eeb3bab77f4a75f29d2799c876dcb6620d52a
dv3-A-poisson-003052,3,A,poisson,3052,,,,3:1:0:3052,,test,6,169.39380059418264,,,,,,,,,,,,,,,,,,,,0.0,,,1,155,1,exact,,,,,,,,2.4541001039324328e-05,040ff08a52b5213cd1611fef782f6a1175f775ef
dv3-A-poisson-003053,3,A,poisson,3053,,,,3:1:0:3053,,test,6,472.18728502585475,,,,,,,,,,,,,,,,,,,,0.0,,,1,467,1,exact,,,,,,,,3.254199691582471e-05,dd02bd5d71343948e32b23df05f9ff679ef171f8
dv3-A-poisson-003054,3,A,poisson,3054,,,,3:1:0:3054,,test,6,215.21192906968687,,,,,,,,,,,,,,,,,,,,0.0,,,1,222,1,exact,,,,,,,,2.5875000574160367e-05,fea342c23ae93286af1932ac4fadc91f5d994943
dv3-A-poisson-003055,3,A,poisson,3055,,,,3:1:0:3055,,test,6,250.0859359878744,,,,,,,,,,,,,,,,,,,,0.0,,,1,246,1,exact,,,,,,,,2.704199869185686e-05,01784ec85d55edf3b59e389c0a431d3d26b8c391
dv3-A-poisson-003056,3,A,poisson,3056,,,,3:1:0:3056,,test,6,121.37530409023675,,,,,,,,,,,,,,,,,,,,0.0,,,1,130,1,exact,,,,,,,,2.5957997422665358e-05,7d82c131bdf118553f580dd2b3a047dee347831e
dv3-A-poisson-003057,3,A,poisson,3057,,,,3:1:0:3057,,test,6,200.513538409817,,,,,,,,,,,,,,,,,,,,0.0,,,1,192,1,exact,,,,,,,,2.5833000108832493e-05,b41335f7e5921f7896511f55613231fc62cae017
dv3-A-poisson-003058,3,A,poisson,3058,,,,3:1:0:3058,,test,6,107.94280989056281,,,,,,,,,,,,,,,,,,,,0.0,,,1,115,1,exact,,,,,,,,2.358399797230959e-05,bb2bfa2573241f1be4b96ee2ae1fb98a5be9cae7
dv3-A-poisson-003059,3,A,poisson,3059,,,,3:1:0:3059,,test,6,492.7310151780348,,,,,,,,,,,,,,,,,,,,0.0,,,1,503,1,exact,,,,,,,,3.745899812201969e-05,42d4fa128ce2575cd5868b2979ee26d1ebc0d10b
dv3-A-poisson-003060,3,A,poisson,3060,,,,3:1:0:3060,,test,6,144.0143769136115,,,,,,,,,,,,,,,,,,,,0.0,,,1,128,1,exact,,,,,,,,2.329199924133718e-05,47c123c9c184410c53d7e8c3399a348cc15009cf
dv3-A-poisson-003061,3,A,poisson,3061,,,,3:1:0:3061,,test,6,780.5384404472825,,,,,,,,,,,,,,,,,,,,0.0,,,1,827,1,exact,,,,,,,,5.1707997045014054e-05,d749415e4236eed1c59a8477cf342456932ccfab
dv3-A-poisson-003062,3,A,poisson,3062,,,,3:1:0:3062,,test,6,325.7571706653924,,,,,,,,,,,,,,,,,,,,0.0,,,1,323,1,exact,,,,,,,,2.9582999559352174e-05,4cf538033f5bc7e60e67ecabdb4048a9c1e3b8b1
dv3-A-poisson-003063,3,A,poisson,3063,,,,3:1:0:3063,,test,6,364.69049412856623,,,,,,,,,,,,,,,,,,,,0.0,,,1,380,1,exact,,,,,,,,3.516599826980382e-05,77e7ba8c3028fc30bcdf41d536b28d43251b466d
dv3-A-poisson-003064,3,A,poisson,3064,,,,3:1:0:3064,,test,6,403.5418555587769,,,,,,,,,,,,,,,,,,,,0.0,,,1,411,1,exact,,,,,,,,3.112500053248368e-05,e64541c04e574b9b3932459caa7f88321c88068e
dv3-A-poisson-003065,3,A,poisson,3065,,,,3:1:0:3065,,test,6,245.39060209878886,,,,,,,,,,,,,,,,,,,,0.0,,,1,276,1,exact,,,,,,,,2.7832997147925198e-05,26b17f3e11ed3110ca53fcbf7abe4eff521b0e27
dv3-A-poisson-003066,3,A,poisson,3066,,,,3:1:0:3066,,test,6,581.2927593643753,,,,,,,,,,,,,,,,,,,,0.0,,,1,547,1,exact,,,,,,,,3.462499807938002e-05,76dc22ade2110de0abbb8a2453dbb97bf1ad233e
dv3-A-poisson-003067,3,A,poisson,3067,,,,3:1:0:3067,,test,6,319.64860242359083,,,,,,,,,,,,,,,,,,,,0.0,,,1,337,1,exact,,,,,,,,2.9333998099900782e-05,ead5a34aa71300c328523b7b32fd5c84fb36635d
dv3-A-poisson-003068,3,A,poisson,3068,,,,3:1:0:3068,,test,6,536.0606892960966,,,,,,,,,,,,,,,,,,,,0.0,,,1,510,1,exact,,,,,,,,3.308300074422732e-05,5a2226fd60a4ad4be4fa4ad4d4cd1eb2fd5b1a44
dv3-A-poisson-003069,3,A,poisson,3069,,,,3:1:0:3069,,test,6,263.79860122009967,,,,,,,,,,,,,,,,,,,,0.0,,,1,245,1,exact,,,,,,,,2.6790999982040375e-05,c689d2a98842b581ecc25d43335037d4cc7f15c3
dv3-A-poisson-003070,3,A,poisson,3070,,,,3:1:0:3070,,test,6,145.72963187916713,,,,,,,,,,,,,,,,,,,,0.0,,,1,156,1,exact,,,,,,,,6.779199975426309e-05,29fa759b09f7973cbc96e765dc89ffefa4d2fc72
dv3-A-poisson-003071,3,A,poisson,3071,,,,3:1:0:3071,,test,6,472.33908337965767,,,,,,,,,,,,,,,,,,,,0.0,,,1,487,1,exact,,,,,,,,5.679199966834858e-05,9baa43627ba0324dd963df4155b2a3515ccaf643
dv3-A-poisson-003072,3,A,poisson,3072,,,,3:1:0:3072,,test,6,535.0704706383135,,,,,,,,,,,,,,,,,,,,0.0,,,1,540,1,exact,,,,,,,,3.975000072387047e-05,95e3d93270044036982544109ee7cf50040e58f3
dv3-A-poisson-003073,3,A,poisson,3073,,,,3:1:0:3073,,test,6,174.28857506332648,,,,,,,,,,,,,,,,,,,,0.0,,,1,162,1,exact,,,,,,,,2.5957997422665358e-05,8a0b54554a8b930593bf6acdeb4b5ad8f11e4d09
dv3-A-poisson-003074,3,A,poisson,3074,,,,3:1:0:3074,,test,6,389.5055679097913,,,,,,,,,,,,,,,,,,,,0.0,,,1,391,1,exact,,,,,,,,3.0250001145759597e-05,9a8f6e296b7119de07f1b9c930afae2e73cb77cf
dv3-A-poisson-003075,3,A,poisson,3075,,,,3:1:0:3075,,test,6,178.24509376725598,,,,,,,,,,,,,,,,,,,,0.0,,,1,157,1,exact,,,,,,,,2.3749998945277184e-05,7ac1b5b0ed3fc1d6e60877560f6037c75c3be19b
dv3-A-poisson-003076,3,A,poisson,3076,,,,3:1:0:3076,,test,6,717.4260238152075,,,,,,,,,,,,,,,,,,,,0.0,,,1,684,1,exact,,,,,,,,3.6833000194747e-05,7983ccd3a46a153781fa193917422947689ac412
dv3-A-poisson-003077,3,A,poisson,3077,,,,3:1:0:3077,,test,6,585.0278112129987,,,,,,,,,,,,,,,,,,,,0.0,,,1,605,1,exact,,,,,,,,3.7416000850498676e-05,5d906f16cfcada390e3ff6a50670ddf0c8f6387f
dv3-A-poisson-003078,3,A,poisson,3078,,,,3:1:0:3078,,test,6,139.53219399329285,,,,,,,,,,,,,,,,,,,,0.0,,,1,160,1,exact,,,,,,,,2.5042001652764156e-05,70da68ed8dcb70f18fbeb6ea4d879d6ce095e962
dv3-A-poisson-003079,3,A,poisson,3079,,,,3:1:0:3079,,test,6,175.34059587136295,,,,,,,,,,,,,,,,,,,,0.0,,,1,170,1,exact,,,,,,,,2.712499917834066e-05,f5fc6b0de8cf35ee477d7591f8a0452a5e7a73e6
dv3-A-poisson-003080,3,A,poisson,3080,,,,3:1:0:3080,,test,6,128.50313782218882,,,,,,,,,,,,,,,,,,,,0.0,,,1,119,1,exact,,,,,,,,2.7999998565064743e-05,f349d65e6c7e31943a6440fbeaf94b2f6d676ded
dv3-A-poisson-003081,3,A,poisson,3081,,,,3:1:0:3081,,test,6,627.4531965440876,,,,,,,,,,,,,,,,,,,,0.0,,,1,675,1,exact,,,,,,,,3.816599928541109e-05,09511e8d1b10bb282d50e6e3d7166b7ef87bf1bb
dv3-A-poisson-003082,3,A,poisson,3082,,,,3:1:0:3082,,test,6,450.6672474974798,,,,,,,,,,,,,,,,,,,,0.0,,,1,455,1,exact,,,,,,,,3.275000199209899e-05,f75453a00aa8ace95a1a4e293c5efa96cefe71a0
dv3-A-poisson-003083,3,A,poisson,3083,,,,3:1:0:3083,,test,6,349.191496712518,,,,,,,,,,,,,,,,,,,,0.0,,,1,368,1,exact,,,,,,,,3.079199814237654e-05,169fd738a63180e7956280c59a4c2cadb55155d8
dv3-A-poisson-003084,3,A,poisson,3084,,,,3:1:0:3084,,test,6,354.10787722510605,,,,,,,,,,,,,,,,,,,,0.0,,,1,313,1,exact,,,,,,,,2.870800017262809e-05,f5a07843916ba90cc880ff858decffd04b71ce2a
dv3-A-poisson-003085,3,A,poisson,3085,,,,3:1:0:3085,,test,6,137.0946721374105,,,,,,,,,,,,,,,,,,,,0.0,,,1,126,1,exact,,,,,,,,2.3583001166116446e-05,f60b9ae205da7a88c3891618efa2d59208af2b4e
dv3-A-poisson-003086,3,A,poisson,3086,,,,3:1:0:3086,,test,6,218.68628650730625,,,,,,,,,,,,,,,,,,,,0.0,,,1,207,1,exact,,,,,,,,2.6540998078417033e-05,d4901d3f772316afa135ac927b5c85af548f9599
dv3-A-poisson-003087,3,A,poisson,3087,,,,3:1:0:3087,,test,6,677.2738417487415,,,,,,,,,,,,,,,,,,,,0.0,,,1,689,1,exact,,,,,,,,3.733299672603607e-05,5b2a285df91f77159d896f901e298bc0131e7f20
dv3-A-poisson-003088,3,A,poisson,3088,,,,3:1:0:3088,,test,6,604.9065615095864,,,,,,,,,,,,,,,,,,,,0.0,,,1,569,1,exact,,,,,,,,3.441599983489141e-05,fe231ce71d0e455fc7301c93317d8768352d1668
dv3-A-poisson-003089,3,A,poisson,3089,,,,3:1:0:3089,,test,6,163.82293909484423,,,,,,,,,,,,,,,,,,,,0.0,,,1,172,1,exact,,,,,,,,2.7125002816319466e-05,5376c89827e77dbac80b72acecc6c0e02e354076
dv3-A-poisson-003090,3,A,poisson,3090,,,,3:1:0:3090,,test,6,389.0391912987499,,,,,,,,,,,,,,,,,,,,0.0,,,1,396,1,exact,,,,,,,,5.01670001540333e-05,a83fed23418e2b193bc2d5b8895dbf7fac6ca653
dv3-A-poisson-003091,3,A,poisson,3091,,,,3:1:0:3091,,test,6,110.0123716040645,,,,,,,,,,,,,,,,,,,,0.0,,,1,107,1,exact,,,,,,,,2.8250000468688086e-05,ebd725b4495b9e798883590ab4eea2f043469773
dv3-A-poisson-003092,3,A,poisson,3092,,,,3:1:0:3092,,test,6,453.3279252450849,,,,,,,,,,,,,,,,,,,,0.0,,,1,464,1,exact,,,,,,,,3.387499964446761e-05,de007fdc98b5bd07e117ffd14ae80e25962f39e2
dv3-A-poisson-003093,3,A,poisson,3093,,,,3:1:0:3093,,test,6,142.55201848996424,,,,,,,,,,,,,,,,,,,,0.0,,,1,131,1,exact,,,,,,,,2.3791999410605058e-05,adf4f259364054d309a986fc13075cd15e3dd83e
dv3-A-poisson-003094,3,A,poisson,3094,,,,3:1:0:3094,,test,6,193.71252773228326,,,,,,,,,,,,,,,,,,,,0.0,,,1,186,1,exact,,,,,,,,5.2708001021528617e-05,1f087ec9969b76366e3015277ad286d32f59aa12
dv3-A-poisson-003095,3,A,poisson,3095,,,,3:1:0:3095,,test,6,270.02399042435275,,,,,,,,,,,,,,,,,,,,0.0,,,1,262,1,exact,,,,,,,,2.829200093401596e-05,5bc88eb2b2596ba1030c3c631ad0644fe93f0b7e
dv3-A-poisson-003096,3,A,poisson,3096,,,,3:1:0:3096,,test,6,126.12855721134868,,,,,,,,,,,,,,,,,,,,0.0,,,1,127,1,exact,,,,,,,,2.4499997380189598e-05,7b1334f0c6a78262bc19312e3a59fa24eca63ce9
dv3-A-poisson-003097,3,A,poisson,3097,,,,3:1:0:3097,,test,6,786.6942367180989,,,,,,,,,,,,,,,,,,,,0.0,,,1,831,1,exact,,,,,,,,4.2249997932231054e-05,11a3b0ab4aa864416424f2a47e69820cb7652e3a
dv3-A-poisson-003098,3,A,poisson,3098,,,,3:1:0:3098,,test,6,555.0426198555728,,,,,,,,,,,,,,,,,,,,0.0,,,1,544,1,exact,,,,,,,,0.0002997920018970035,85a82a3029741d8974c441281003f680e223ff37
dv3-A-poisson-003099,3,A,poisson,3099,,,,3:1:0:3099,,test,6,648.029629097887,,,,,,,,,,,,,,,,,,,,0.0,,,1,639,1,exact,,,,,,,,3.808399924309924e-05,e7e55b49618a03ae59a4ce0bf7bccf773ff8b948
dv3-A-poisson-003100,3,A,poisson,3100,,,,3:1:0:3100,,test,6,195.84669601540085,,,,,,,,,,,,,,,,,,,,0.0,,,1,229,1,exact,,,,,,,,2.6457997591933236e-05,f36e134d0db7322fba057970334874f112b060d4
dv3-A-poisson-003101,3,A,poisson,3101,,,,3:1:0:3101,,test,6,790.7186025978986,,,,,,,,,,,,,,,,,,,,0.0,,,1,768,1,exact,,,,,,,,4.237500252202153e-05,1300ffa9254774a23d9df10a6be1b300e0bb2f22
dv3-A-poisson-003102,3,A,poisson,3102,,,,3:1:0:3102,,test,6,239.77502480557126,,,,,,,,,,,,,,,,,,,,0.0,,,1,225,1,exact,,,,,,,,2.6875000912696123e-05,0c4aebc95c2d5af359044a2a8eedbf1ed0633805
dv3-A-poisson-003103,3,A,poisson,3103,,,,3:1:0:3103,,test,6,610.9889674681189,,,,,,,,,,,,,,,,,,,,0.0,,,1,586,1,exact,,,,,,,,3.495800046948716e-05,63df5fcbc83e94445013e6ab8307a8db24cf7353
dv3-A-poisson-003104,3,A,poisson,3104,,,,3:1:0:3104,,test,6,605.4284642463725,,,,,,,,,,,,,,,,,,,,0.0,,,1,628,1,exact,,,,,,,,3.9165999623946846e-05,78e1de1c9a7fc0fa3c57a772f81981eaa32dd24b
dv3-A-poisson-003105,3,A,poisson,3105,,,,3:1:0:3105,,test,6,133.63224880671268,,,,,,,,,,,,,,,,,,,,0.0,,,1,151,1,exact,,,,,,,,2.425000275252387e-05,51474a615607cd2be3579d72be9e92248255a392
dv3-A-poisson-003106,3,A,poisson,3106,,,,3:1:0:3106,,test,6,554.7836219193521,,,,,,,,,,,,,,,,,,,,0.0,,,1,593,1,exact,,,,,,,,3.5291999665787444e-05,6122110979ba778fcbffa1d0be8bba757650515f
dv3-A-poisson-003107,3,A,poisson,3107,,,,3:1:0:3107,,test,6,243.64716420603787,,,,,,,,,,,,,,,,,,,,0.0,,,1,245,1,exact,,,,,,,,2.5958001060644165e-05,a642e0ef5338439e9cf90f61fc0b05274138c574
dv3-A-poisson-003108,3,A,poisson,3108,,,,3:1:0:3108,,test,6,255.2913712468417,,,,,,,,,,,,,,,,,,,,0.0,,,1,255,1,exact,,,,,,,,2.6749999960884452e-05,716dd53fae310360d2726ab3b07f0090099fecea
dv3-A-poisson-003109,3,A,poisson,3109,,,,3:1:0:3109,,test,6,277.14971273799273,,,,,,,,,,,,,,,,,,,,0.0,,,1,266,1,exact,,,,,,,,3.7083002098370343e-05,5a2473ce55b1acfa8bcdc59e29f1061bb2f8c1b9
dv3-A-poisson-003110,3,A,poisson,3110,,,,3:1:0:3110,,test,6,692.0814559001954,,,,,,,,,,,,,,,,,,,,0.0,,,1,686,1,exact,,,,,,,,4.066600013175048e-05,cf4bc557572e926472d15515a1c59af0ccde16e8
dv3-A-poisson-003111,3,A,poisson,3111,,,,3:1:0:3111,,test,6,174.08871111068726,,,,,,,,,,,,,,,,,,,,0.0,,,1,149,1,exact,,,,,,,,2.454200148349628e-05,f5d70afe6c2df08ecc3a70819907f09a6aaa5337
dv3-A-poisson-003112,3,A,poisson,3112,,,,3:1:0:3112,,test,6,109.99919638666024,,,,,,,,,,,,,,,,,,,,0.0,,,1,102,1,exact,,,,,,,,2.2917000023880973e-05,a2a92c1a7846e9e0923f4298a0beaeac66a85403
dv3-A-poisson-003113,3,A,poisson,3113,,,,3:1:0:3113,,test,6,151.91864638993408,,,,,,,,,,,,,,,,,,,,0.0,,,1,161,1,exact,,,,,,,,2.9167000320740044e-05,b065a7c353268066a3278227985b580328fdacb3
dv3-A-poisson-003114,3,A,poisson,3114,,,,3:1:0:3114,,test,6,187.64413830121248,,,,,,,,,,,,,,,,,,,,0.0,,,1,210,1,exact,,,,,,,,2.487500023562461e-05,510335315a7d4870363dba74f84025074105c6e2
dv3-A-poisson-003115,3,A,poisson,3115,,,,3:1:0:3115,,test,6,588.7876897340649,,,,,,,,,,,,,,,,,,,,0.0,,,1,644,1,exact,,,,,,,,3.895899862982333e-05,5986e3428dcd6c784a1a73b7a85378e72381391f
dv3-A-poisson-003116,3,A,poisson,3116,,,,3:1:0:3116,,test,6,127.27962131887043,,,,,,,,,,,,,,,,,,,,0.0,,,1,125,1,exact,,,,,,,,2.3250002413988113e-05,c0483134108f880ca90d1caedfdb83cc984e8d22
dv3-A-poisson-003117,3,A,poisson,3117,,,,3:1:0:3117,,test,6,114.2524550570069,,,,,,,,,,,,,,,,,,,,0.0,,,1,126,1,exact,,,,,,,,2.3124997824197635e-05,45f87c27b5ecbd6b259dd3149cff6d60fbd7b62d
dv3-A-poisson-003118,3,A,poisson,3118,,,,3:1:0:3118,,test,6,231.66571489186637,,,,,,,,,,,,,,,,,,,,0.0,,,1,220,1,exact,,,,,,,,2.5833000108832493e-05,06309577a5fa63cd4e6a462ee3aaea266e23804c
dv3-A-poisson-003119,3,A,poisson,3119,,,,3:1:0:3119,,test,6,110.57138954356991,,,,,,,,,,,,,,,,,,,,0.0,,,1,113,1,exact,,,,,,,,2.3041997337713838e-05,800c9e05f26b125d6df575c23bed2564d5ce8e14
dv3-A-poisson-003120,3,A,poisson,3120,,,,3:1:0:3120,,test,6,383.06684693255994,,,,,,,,,,,,,,,,,,,,0.0,,,1,386,1,exact,,,,,,,,2.995900285895914e-05,75177cecc1c8b9b60f361a6e3c60024d99fea89e
dv3-A-poisson-003121,3,A,poisson,3121,,,,3:1:0:3121,,test,6,153.54245110232554,,,,,,,,,,,,,,,,,,,,0.0,,,1,141,1,exact,,,,,,,,2.6917001378023997e-05,da4dcb38a93ac905935a427a9eb43562c26823c7
dv3-A-poisson-003122,3,A,poisson,3122,,,,3:1:0:3122,,test,6,541.7730968470728,,,,,,,,,,,,,,,,,,,,0.0,,,1,532,1,exact,,,,,,,,3.537500015227124e-05,141f0917ffaf76d52ecbd9d86404c45967dd66ee
dv3-A-poisson-003123,3,A,poisson,3123,,,,3:1:0:3123,,test,6,517.9137341406164,,,,,,,,,,,,,,,,,,,,0.0,,,1,488,1,exact,,,,,,,,3.524999920045957e-05,885bfbc2fe3d9989efb33ae65dd0600429dc9105
dv3-A-poisson-003124,3,A,poisson,3124,,,,3:1:0:3124,,test,6,427.0083020709101,,,,,,,,,,,,,,,,,,,,0.0,,,1,424,1,exact,,,,,,,,3.099999958067201e-05,1bd16d9745a11753369d0668b9315a7c1a58bebf
dv3-A-poisson-003125,3,A,poisson,3125,,,,3:1:0:3125,,test,6,346.86072704393933,,,,,,,,,,,,,,,,,,,,0.0,,,1,348,1,exact,,,,,,,,3.120800101896748e-05,ba9122fb3c07c34ee88e18b8849e2d0378a0e693
dv3-A-poisson-003126,3,A,poisson,3126,,,,3:1:0:3126,,test,6,241.07181635320285,,,,,,,,,,,,,,,,,,,,0.0,,,1,242,1,exact,,,,,,,,2.6292000256944448e-05,85d9c0d4dbbbff3cef54e1fa7ed91a168ba76cb5
dv3-A-poisson-003127,3,A,poisson,3127,,,,3:1:0:3127,,test,6,514.7961176651212,,,,,,,,,,,,,,,,,,,,0.0,,,1,547,1,exact,,,,,,,,3.370899867150001e-05,5d3317a55709815e51507d9e1bf0675c92d9fda4
dv3-A-poisson-003128,3,A,poisson,3128,,,,3:1:0:3128,,test,6,258.83383375296603,,,,,,,,,,,,,,,,,,,,0.0,,,1,234,1,exact,,,,,,,,2.6166999305132776e-05,5b00d8e9156b168b63420ebb566435133f76754e
dv3-A-poisson-003129,3,A,poisson,3129,,,,3:1:0:3129,,test,6,323.64061266458754,,,,,,,,,,,,,,,,,,,,0.0,,,1,316,1,exact,,,,,,,,2.7999998565064743e-05,19257c3ef8ca1bc92d647d149ae8ebde2b835dfb
dv3-A-poisson-003130,3,A,poisson,3130,,,,3:1:0:3130,,test,6,693.2369412597297,,,,,,,,,,,,,,,,,,,,0.0,,,1,686,1,exact,,,,,,,,4.029200135846622e-05,b3ed87fd3cd6fa970b81c094e25a7de87fce1a51
dv3-A-poisson-003131,3,A,poisson,3131,,,,3:1:0:3131,,test,6,115.09014081594941,,,,,,,,,,,,,,,,,,,,0.0,,,1,113,1,exact,,,,,,,,2.34159997489769e-05,4975afb088a9a97b676f19c043a193b78b1d8b21
dv3-A-poisson-003132,3,A,poisson,3132,,,,3:1:0:3132,,test,6,164.06920002548023,,,,,,,,,,,,,,,,,,,,0.0,,,1,179,1,exact,,,,,,,,2.4707998818485066e-05,79982b4cf7f0512bc61e9cf9c6854ee387b1d5f7
dv3-A-poisson-003133,3,A,poisson,3133,,,,3:1:0:3133,,test,6,115.90292233715395,,,,,,,,,,,,,,,,,,,,0.0,,,1,92,1,exact,,,,,,,,2.883300112443976e-05,4fb75259ab4071fe3ce7012cff791b0c60f4ef74
dv3-A-poisson-003134,3,A,poisson,3134,,,,3:1:0:3134,,test,6,121.70489056957616,,,,,,,,,,,,,,,,,,,,0.0,,,1,120,1,exact,,,,,,,,2.3583001166116446e-05,696be7bf950704f448a3e6cee5f71dfc03007c4b
dv3-A-poisson-003135,3,A,poisson,3135,,,,3:1:0:3135,,test,6,226.61257790036714,,,,,,,,,,,,,,,,,,,,0.0,,,1,227,1,exact,,,,,,,,2.6292000256944448e-05,b2d880404b7142fce7df92fd67f3e982ec713ec9
dv3-A-poisson-003136,3,A,poisson,3136,,,,3:1:0:3136,,test,6,370.30123299256167,,,,,,,,,,,,,,,,,,,,0.0,,,1,340,1,exact,,,,,,,,2.9625000024680048e-05,c4ca1591d4f8dd5447b90aa1f1bf539310fd3c90
dv3-A-poisson-003137,3,A,poisson,3137,,,,3:1:0:3137,,test,6,705.6636916470295,,,,,,,,,,,,,,,,,,,,0.0,,,1,653,1,exact,,,,,,,,4.145899947616272e-05,273f281303fbaece16bf37a31b507491a054a105
dv3-A-poisson-003138,3,A,poisson,3138,,,,3:1:0:3138,,test,6,548.1429987870777,,,,,,,,,,,,,,,,,,,,0.0,,,1,512,1,exact,,,,,,,,3.495800046948716e-05,e5ef53d0747a0f13f23420deffc72348431aff92
dv3-A-poisson-003139,3,A,poisson,3139,,,,3:1:0:3139,,test,6,272.59807058913213,,,,,,,,,,,,,,,,,,,,0.0,,,1,263,1,exact,,,,,,,,2.829200093401596e-05,64c7a07221d279eac7b06cf3adb37256cfda0f95
dv3-A-poisson-003140,3,A,poisson,3140,,,,3:1:0:3140,,test,6,756.4589423900406,,,,,,,,,,,,,,,,,,,,0.0,,,1,733,1,exact,,,,,,,,4.30410000262782e-05,49b00b3b3487ebd4f4828da836f1a832fe011d60
dv3-A-poisson-003141,3,A,poisson,3141,,,,3:1:0:3141,,test,6,137.26352154844633,,,,,,,,,,,,,,,,,,,,0.0,,,1,119,1,exact,,,,,,,,2.4499997380189598e-05,04989c878177400e0153d76e1b01ed5498712d49
dv3-A-poisson-003142,3,A,poisson,3142,,,,3:1:0:3142,,test,6,109.55844777087111,,,,,,,,,,,,,,,,,,,,0.0,,,1,117,1,exact,,,,,,,,2.8667000151472166e-05,ea0724921125f0e18ed0dbc7643ec1ef16fd390f
dv3-A-poisson-003143,3,A,poisson,3143,,,,3:1:0:3143,,test,6,199.0618288105822,,,,,,,,,,,,,,,,,,,,0.0,,,1,201,1,exact,,,,,,,,2.6583002181723714e-05,5f58536e8dcc33f12bcb707ad236ea1beb6e4398
dv3-A-poisson-003144,3,A,poisson,3144,,,,3:1:0:3144,,test,6,604.6451561076503,,,,,,,,,,,,,,,,,,,,0.0,,,1,612,1,exact,,,,,,,,4.0000002627493814e-05,bb7a7543724b6f61b07f8e21cee4ab1f12989c59
dv3-A-poisson-003145,3,A,poisson,3145,,,,3:1:0:3145,,test,6,306.27533902946436,,,,,,,,,,,,,,,,,,,,0.0,,,1,291,1,exact,,,,,,,,2.9499999072868377e-05,860514a2bec82179743e33c48a05bb42f93fde9e
dv3-A-poisson-003146,3,A,poisson,3146,,,,3:1:0:3146,,test,6,134.00490911499685,,,,,,,,,,,,,,,,,,,,0.0,,,1,148,1,exact,,,,,,,,2.579200008767657e-05,5f7521474cf3e047b1c51be019375cef10755f59
dv3-A-poisson-003147,3,A,poisson,3147,,,,3:1:0:3147,,test,6,400.9398178265087,,,,,,,,,,,,,,,,,,,,0.0,,,1,391,1,exact,,,,,,,,3.037499845959246e-05,1231c151d5de09fa233bafef0c3098e9b2ee075a
dv3-A-poisson-003148,3,A,poisson,3148,,,,3:1:0:3148,,test,6,121.31773386767615,,,,,,,,,,,,,,,,,,,,0.0,,,1,118,1,exact,,,,,,,,2.3125001462176442e-05,9634fe72f40a630b63ff5d8327b94569ae463e39
dv3-A-poisson-003149,3,A,poisson,3149,,,,3:1:0:3149,,test,6,498.1357240918293,,,,,,,,,,,,,,,,,,,,0.0,,,1,525,1,exact,,,,,,,,3.441700027906336e-05,c97953b686a4c1eb3f30f89b0747fe7a426efbe3
dv3-A-poisson-003150,3,A,poisson,3150,,,,3:1:0:3150,,test,6,226.0063904714257,,,,,,,,,,,,,,,,,,,,0.0,,,1,228,1,exact,,,,,,,,2.683300044736825e-05,ef31697b0fa404352cc6d081f171394e0be4cb62
dv3-A-poisson-003151,3,A,poisson,3151,,,,3:1:0:3151,,test,6,484.863240790873,,,,,,,,,,,,,,,,,,,,0.0,,,1,480,1,exact,,,,,,,,3.2625001040287316e-05,bb269a9f17a356b25e144b1595d62d5a7f580804
dv3-A-poisson-003152,3,A,poisson,3152,,,,3:1:0:3152,,test,6,223.6884914183936,,,,,,,,,,,,,,,,,,,,0.0,,,1,229,1,exact,,,,,,,,2.7624999347608536e-05,91c6d0d63c097d2329e087630efa281dc70850f2
dv3-A-poisson-003153,3,A,poisson,3153,,,,3:1:0:3153,,test,6,324.90598159138494,,,,,,,,,,,,,,,,,,,,0.0,,,1,365,1,exact,,,,,,,,3.816599928541109e-05,49bde13444b521c1cd6570c93046db3972bdab0e
dv3-A-poisson-003154,3,A,poisson,3154,,,,3:1:0:3154,,test,6,275.16411881423244,,,,,,,,,,,,,,,,,,,,0.0,,,1,267,1,exact,,,,,,,,3.220799771952443e-05,222f9ab9971893c026fef463babf08c3c45d0aeb
dv3-A-poisson-003155,3,A,poisson,3155,,,,3:1:0:3155,,test,6,144.58936244916944,,,,,,,,,,,,,,,,,,,,0.0,,,1,136,1,exact,,,,,,,,2.591700103948824e-05,f9c09983a2239125665a6b54965ba1ce04c8ea98
dv3-A-poisson-003156,3,A,poisson,3156,,,,3:1:0:3156,,test,6,751.8260942230418,,,,,,,,,,,,,,,,,,,,0.0,,,1,776,1,exact,,,,,,,,4.6791003114776686e-05,3aeab2c01400bd3bde841632432eef76f6e6e568
dv3-A-poisson-003157,3,A,poisson,3157,,,,3:1:0:3157,,test,6,236.82464529055403,,,,,,,,,,,,,,,,,,,,0.0,,,1,253,1,exact,,,,,,,,2.9584000003524125e-05,b669eab1c6c8ff5b52890fa7f9cc77d5db0af98e
dv3-A-poisson-003158,3,A,poisson,3158,,,,3:1:0:3158,,test,6,659.6561418508115,,,,,,,,,,,,,,,,,,,,0.0,,,1,603,1,exact,,,,,,,,3.795899829128757e-05,2a6b3f54e80fb15143b4a3a09cb313ad278d6f74
dv3-A-poisson-003159,3,A,poisson,3159,,,,3:1:0:3159,,test,6,584.5454896077166,,,,,,,,,,,,,,,,,,,,0.0,,,1,533,1,exact,,,,,,,,3.6249999538995326e-05,1f6dcc02c84837e05c4e1b3c758e2aa7ea6f905c
dv3-A-poisson-003160,3,A,poisson,3160,,,,3:1:0:3160,,test,6,294.5940548549734,,,,,,,,,,,,,,,,,,,,0.0,,,1,291,1,exact,,,,,,,,3.0125000193947926e-05,95de3dabff27d76d05e0dd582f2ab52f44b88fcd
dv3-A-poisson-003161,3,A,poisson,3161,,,,3:1:0:3161,,test,6,160.9120955456409,,,,,,,,,,,,,,,,,,,,0.0,,,1,155,1,exact,,,,,,,,2.6917001378023997e-05,3f4226e9347bfcf7c4780c10f76cfc6982732120
dv3-A-poisson-003162,3,A,poisson,3162,,,,3:1:0:3162,,test,6,563.2782766732129,,,,,,,,,,,,,,,,,,,,0.0,,,1,558,1,exact,,,,,,,,4.379199890536256e-05,6eb1ace0d7892b0b0cd1e18b301b9f17f6a09e36
dv3-A-poisson-003163,3,A,poisson,3163,,,,3:1:0:3163,,test,6,487.46160817763655,,,,,,,,,,,,,,,,,,,,0.0,,,1,478,1,exact,,,,,,,,3.5959001252194867e-05,44cebd65068f9bcc372c629c59ae909a9a6f9895
dv3-A-poisson-003164,3,A,poisson,3164,,,,3:1:0:3164,,test,6,147.62517396699386,,,,,,,,,,,,,,,,,,,,0.0,,,1,155,1,exact,,,,,,,,2.9708000511163846e-05,edf3466545c4e5317821fe31ae500f48882752bb
dv3-A-poisson-003165,3,A,poisson,3165,,,,3:1:0:3165,,test,6,186.8300781386312,,,,,,,,,,,,,,,,,,,,0.0,,,1,202,1,exact,,,,,,,,3.0000002880115062e-05,80fa6d4512ae997685e926a8bf22a0a2dcd61d0c
dv3-A-poisson-003166,3,A,poisson,3166,,,,3:1:0:3166,,test,6,707.0679108902715,,,,,,,,,,,,,,,,,,,,0.0,,,1,700,1,exact,,,,,,,,4.1541999962646514e-05,6bd93f198abbb2849e127a769f95244f21aaa87b
dv3-A-poisson-003167,3,A,poisson,3167,,,,3:1:0:3167,,test,6,573.7171446727153,,,,,,,,,,,,,,,,,,,,0.0,,,1,587,1,exact,,,,,,,,3.762499909498729e-05,21a15adfa91eba87ab31a7b9cf766fc4cae93547
dv3-A-poisson-003168,3,A,poisson,3168,,,,3:1:0:3168,,test,6,471.52647847108364,,,,,,,,,,,,,,,,,,,,0.0,,,1,480,1,exact,,,,,,,,3.874999674735591e-05,c2ea1117c276bd3d7f92a0b57c33e35dce5eb904
dv3-A-poisson-003169,3,A,poisson,3169,,,,3:1:0:3169,,test,6,312.9137625729235,,,,,,,,,,,,,,,,,,,,0.0,,,1,308,1,exact,,,,,,,,3.037499845959246e-05,6abfdc37f20dc5d68f3ef181bdcb0bb50651d79b
dv3-A-poisson-003170,3,A,poisson,3170,,,,3:1:0:3170,,test,6,530.9411293340768,,,,,,,,,,,,,,,,,,,,0.0,,,1,540,1,exact,,,,,,,,3.633300002547912e-05,d09b764b0be9eef2234abe01dd41b8b93f044160
dv3-A-poisson-003171,3,A,poisson,3171,,,,3:1:0:3171,,test,6,104.88322099294058,,,,,,,,,,,,,,,,,,,,0.0,,,1,99,1,exact,,,,,,,,2.5749999622348696e-05,c7ee092a75fddcd40986481546bd05aa05ae098f
dv3-A-poisson-003172,3,A,poisson,3172,,,,3:1:0:3172,,test,6,435.9775535669707,,,,,,,,,,,,,,,,,,,,0.0,,,1,408,1,exact,,,,,,,,3.35000004270114e-05,572e0e65580610a4ffa3cd0619d5388fde13c302
dv3-A-poisson-003173,3,A,poisson,3173,,,,3:1:0:3173,,test,6,328.352265137363,,,,,,,,,,,,,,,,,,,,0.0,,,1,329,1,exact,,,,,,,,3.204099994036369e-05,1765db8c6996033ed6798bfc038e946e0376f715
dv3-A-poisson-003174,3,A,poisson,3174,,,,3:1:0:3174,,test,6,141.74988897141492,,,,,,,,,,,,,,,,,,,,0.0,,,1,145,1,exact,,,,,,,,2.6584002625895664e-05,fd14b8ef22687e3204df1d887c53494e69b8ff69
dv3-A-poisson-003175,3,A,poisson,3175,,,,3:1:0:3175,,test,6,192.6463917209806,,,,,,,,,,,,,,,,,,,,0.0,,,1,187,1,exact,,,,,,,,2.779100032057613e-05,60ad8ed2fe2f0fd50eb253f98a704e15a0f875f0
dv3-A-poisson-003176,3,A,poisson,3176,,,,3:1:0:3176,,test,6,111.98640653547068,,,,,,,,,,,,,,,,,,,,0.0,,,1,109,1,exact,,,,,,,,2.6708999939728528e-05,452e457185411596cc8a3a59ad754b9af5ea81cb
dv3-A-poisson-003177,3,A,poisson,3177,,,,3:1:0:3177,,test,6,232.7643084973687,,,,,,,,,,,,,,,,,,,,0.0,,,1,243,1,exact,,,,,,,,3.516599826980382e-05,ded932c5bd852a833cbee90be3532ef106f08e45
dv3-A-poisson-003178,3,A,poisson,3178,,,,3:1:0:3178,,test,6,238.16489516459214,,,,,,,,,,,,,,,,,,,,0.0,,,1,225,1,exact,,,,,,,,2.9000002541579306e-05,417698b1aa263abf6cee9284306be12e80bf0a39
dv3-A-poisson-003179,3,A,poisson,3179,,,,3:1:0:3179,,test,6,191.68482200998483,,,,,,,,,,,,,,,,,,,,0.0,,,1,226,1,exact,,,,,,,,2.8250000468688086e-05,1580d52987cfaf7dbd022e3dab1ab32d2160203f
dv3-A-poisson-003180,3,A,poisson,3180,,,,3:1:0:3180,,test,6,316.41801156040935,,,,,,,,,,,,,,,,,,,,0.0,,,1,316,1,exact,,,,,,,,3.504200140014291e-05,15d9a210406c6791a135e07bfb742b91b28a9f3b
dv3-A-poisson-003181,3,A,poisson,3181,,,,3:1:0:3181,,test,6,133.92702792310916,,,,,,,,,,,,,,,,,,,,0.0,,,1,121,1,exact,,,,,,,,2.350000067963265e-05,12a6b7f553a64adef4e7cad0a6a5e827e1238aba
dv3-A-poisson-003182,3,A,poisson,3182,,,,3:1:0:3182,,test,6,362.19815357910227,,,,,,,,,,,,,,,,,,,,0.0,,,1,375,1,exact,,,,,,,,3.0084000172792003e-05,3b4e55c87f56b3d6092a4ce713871177543ecdbb
dv3-A-poisson-003183,3,A,poisson,3183,,,,3:1:0:3183,,test,6,231.06042384717136,,,,,,,,,,,,,,,,,,,,0.0,,,1,212,1,exact,,,,,,,,2.6292000256944448e-05,7cb50de6db751e686280060cab8ecb9d14b10c61
dv3-A-poisson-003184,3,A,poisson,3184,,,,3:1:0:3184,,test,6,198.81744444501905,,,,,,,,,,,,,,,,,,,,0.0,,,1,207,1,exact,,,,,,,,2.6166999305132776e-05,aaddc41e5b2c621ebc90bcfd9280eefecdac32c8
dv3-A-poisson-003185,3,A,poisson,3185,,,,3:1:0:3185,,test,6,131.91276794845982,,,,,,,,,,,,,,,,,,,,0.0,,,1,131,1,exact,,,,,,,,2.7707999834092334e-05,b9a7838f1fc1f19e440c5d0078573ef6a0394cc7
dv3-A-poisson-003186,3,A,poisson,3186,,,,3:1:0:3186,,test,6,133.00019273853445,,,,,,,,,,,,,,,,,,,,0.0,,,1,129,1,exact,,,,,,,,2.7500002033775672e-05,33229522a3090a8de68e415117ec4de983cb0c49
dv3-A-poisson-003187,3,A,poisson,3187,,,,3:1:0:3187,,test,6,220.44988614376723,,,,,,,,,,,,,,,,,,,,0.0,,,1,229,1,exact,,,,,,,,2.6416997570777312e-05,a3451e2a044c100103c0af9f53a7252dee630dbc
dv3-A-poisson-003188,3,A,poisson,3188,,,,3:1:0:3188,,test,6,305.4994699401522,,,,,,,,,,,,,,,,,,,,0.0,,,1,304,1,exact,,,,,,,,3.162500070175156e-05,a6e81d79f479139731a76b1f01c8b7eeb992e991
dv3-A-poisson-003189,3,A,poisson,3189,,,,3:1:0:3189,,test,6,545.408923568288,,,,,,,,,,,,,,,,,,,,0.0,,,1,544,1,exact,,,,,,,,3.7417001294670627e-05,cd3643018dac27c7c72615f810a8118cf0566637
dv3-A-poisson-003190,3,A,poisson,3190,,,,3:1:0:3190,,test,6,200.67303715527999,,,,,,,,,,,,,,,,,,,,0.0,,,1,184,1,exact,,,,,,,,2.5291999918408692e-05,c98d38c5f5f0e081379bb2a738011cc865497e3e
dv3-A-poisson-003191,3,A,poisson,3191,,,,3:1:0:3191,,test,6,355.6528753989954,,,,,,,,,,,,,,,,,,,,0.0,,,1,339,1,exact,,,,,,,,2.954199953819625e-05,91811d1a3f6e8da7eb53a02381080e829fcfaeb2
dv3-A-poisson-003192,3,A,poisson,3192,,,,3:1:0:3192,,test,6,444.17709235738,,,,,,,,,,,,,,,,,,,,0.0,,,1,415,1,exact,,,,,,,,3.183300214004703e-05,7d63404699d16348e592253260675031cbdf500c
dv3-A-poisson-003193,3,A,poisson,3193,,,,3:1:0:3193,,test,6,340.9729680258955,,,,,,,,,,,,,,,,,,,,0.0,,,1,344,1,exact,,,,,,,,2.858399966498837e-05,62af777b1fdeb042040c42400b98b45df7a49539
dv3-A-poisson-003194,3,A,poisson,3194,,,,3:1:0:3194,,test,6,137.44281327451725,,,,,,,,,,,,,,,,,,,,0.0,,,1,135,1,exact,,,,,,,,2.6583002181723714e-05,4901494cb852748686060319ad9befdeefea995d
dv3-A-poisson-003195,3,A,poisson,3195,,,,3:1:0:3195,,test,6,273.54692305118056,,,,,,,,,,,,,,,,,,,,0.0,,,1,278,1,exact,,,,,,,,2.7417001547291875e-05,c43f733334c352a28e0ca7d8ca2329857076d076
dv3-A-poisson-003196,3,A,poisson,3196,,,,3:1:0:3196,,test,6,128.02232433526345,,,,,,,,,,,,,,,,,,,,0.0,,,1,119,1,exact,,,,,,,,2.3374999727820978e-05,24e66d7fb76685c114fc71eee6dfd7fc278141ea
dv3-A-poisson-003197,3,A,poisson,3197,,,,3:1:0:3197,,test,6,221.7312332428167,,,,,,,,,,,,,,,,,,,,0.0,,,1,201,1,exact,,,,,,,,2.537500040489249e-05,a8c50da99122a3c93afef3730efbfcb2b7752695
dv3-A-poisson-003198,3,A,poisson,3198,,,,3:1:0:3198,,test,6,514.451229473536,,,,,,,,,,,,,,,,,,,,0.0,,,1,507,1,exact,,,,,,,,3.7083002098370343e-05,d8f872ebf8b972a782437a2875d096a1e8e89e12
dv3-A-poisson-003199,3,A,poisson,3199,,,,3:1:0:3199,,test,6,501.1045545712267,,,,,,,,,,,,,,,,,,,,0.0,,,1,528,1,exact,,,,,,,,3.4666998544707894e-05,170f6ba462b2353f29353497e5154c4fd4885224
dv3-A-poisson-003200,3,A,poisson,3200,,,,3:1:0:3200,,test,6,416.5628228111738,,,,,,,,,,,,,,,,,,,,0.0,,,1,394,1,exact,,,,,,,,3.483399996184744e-05,9108b553ddf565b45be1e5bc99a755732aecb0cc
dv3-A-poisson-003201,3,A,poisson,3201,,,,3:1:0:3201,,test,6,139.366543340691,,,,,,,,,,,,,,,,,,,,0.0,,,1,153,1,exact,,,,,,,,2.4916000256780535e-05,7dcc8c208ace043075ecc890259abb2fe9b5e9b5
dv3-A-poisson-003202,3,A,poisson,3202,,,,3:1:0:3202,,test,6,789.6842491851493,,,,,,,,,,,,,,,,,,,,0.0,,,1,812,1,exact,,,,,,,,4.450000051292591e-05,c6269c682659109016a2283b13f52b54c1468991
dv3-A-poisson-003203,3,A,poisson,3203,,,,3:1:0:3203,,test,6,147.5019082174134,,,,,,,,,,,,,,,,,,,,0.0,,,1,121,1,exact,,,,,,,,2.4416000087512657e-05,e3aa3173e257ae9b31a261c080c0f2f59f82b06d
dv3-A-poisson-003204,3,A,poisson,3204,,,,3:1:0:3204,,test,6,705.287387432547,,,,,,,,,,,,,,,,,,,,0.0,,,1,679,1,exact,,,,,,,,3.908299913746305e-05,6b4b8e2650fda8443d0fa9054243606b6072366c
dv3-A-poisson-003205,3,A,poisson,3205,,,,3:1:0:3205,,test,6,470.54105520260975,,,,,,,,,,,,,,,,,,,,0.0,,,1,471,1,exact,,,,,,,,3.666700285975821e-05,023fda15e31f36a19903ab9d1ea266eafdb54167
dv3-A-poisson-003206,3,A,poisson,3206,,,,3:1:0:3206,,test,6,306.99939076752935,,,,,,,,,,,,,,,,,,,,0.0,,,1,318,1,exact,,,,,,,,2.941699858638458e-05,d82619c5e8c12efc994ff883b90c026fd94c9d0f
dv3-A-poisson-003207,3,A,poisson,3207,,,,3:1:0:3207,,test,6,145.41964183954198,,,,,,,,,,,,,,,,,,,,0.0,,,1,140,1,exact,,,,,,,,2.4083001335384324e-05,d539c2661e0e32e2bf8ae01ac9cf908348cebac1
dv3-A-poisson-003208,3,A,poisson,3208,,,,3:1:0:3208,,test,6,322.1026670872936,,,,,,,,,,,,,,,,,,,,0.0,,,1,303,1,exact,,,,,,,,3.074999767704867e-05,ae6f295a96704567ac429a7f6665236c4998db7e
dv3-A-poisson-003209,3,A,poisson,3209,,,,3:1:0:3209,,test,6,586.1582412862696,,,,,,,,,,,,,,,,,,,,0.0,,,1,592,1,exact,,,,,,,,3.616599860833958e-05,bd786e78cc71a21a00c1968e532fa8d9ff5834e9
dv3-A-poisson-003210,3,A,poisson,3210,,,,3:1:0:3210,,test,6,387.9146329873017,,,,,,,,,,,,,,,,,,,,0.0,,,1,381,1,exact,,,,,,,,3.054199987673201e-05,0f5901d269625d8185d62ddf3e6f1d6bfebeca92
dv3-A-poisson-003211,3,A,poisson,3211,,,,3:1:0:3211,,test,6,113.05144276224863,,,,,,,,,,,,,,,,,,,,0.0,,,1,104,1,exact,,,,,,,,2.3167001927504316e-05,5d38c3d41f005d809eb356db90691ac7b110eee4
dv3-A-poisson-003212,3,A,poisson,3212,,,,3:1:0:3212,,test,6,310.35372429483664,,,,,,,,,,,,,,,,,,,,0.0,,,1,346,1,exact,,,,,,,,2.9833001462975517e-05,63131ab2c90391a9f4d5207873593d658d83cf3e
dv3-A-poisson-003213,3,A,poisson,3213,,,,3:1:0:3213,,test,6,597.6102041720458,,,,,,,,,,,,,,,,,,,,0.0,,,1,606,1,exact,,,,,,,,3.995900260633789e-05,71b3e28659dd15614c790c78c50bd988be867b04
dv3-A-poisson-003214,3,A,poisson,3214,,,,3:1:0:3214,,test,6,220.140016361613,,,,,,,,,,,,,,,,,,,,0.0,,,1,220,1,exact,,,,,,,,2.7292000595480204e-05,520b216ae50cfc5fe19fa82d40c676ce74c9c51c
dv3-A-poisson-003215,3,A,poisson,3215,,,,3:1:0:3215,,test,6,448.6305481318406,,,,,,,,,,,,,,,,,,,,0.0,,,1,461,1,exact,,,,,,,,3.5417000617599115e-05,cfb9bc6bc92405ae403144797dacd0709d51a046
dv3-A-poisson-003216,3,A,poisson,3216,,,,3:1:0:3216,,test,6,101.95049213438394,,,,,,,,,,,,,,,,,,,,0.0,,,1,89,1,exact,,,,,,,,2.3708002117928118e-05,3ae7fa4d174af0676428432e04eb8b13ac85a786
dv3-A-poisson-003217,3,A,poisson,3217,,,,3:1:0:3217,,test,6,568.5915278141998,,,,,,,,,,,,,,,,,,,,0.0,,,1,573,1,exact,,,,,,,,3.5542001569410786e-05,ca286d259d6b154c3fee172d3335fad4a79dfa85
dv3-A-poisson-003218,3,A,poisson,3218,,,,3:1:0:3218,,test,6,146.14721125142577,,,,,,,,,,,,,,,,,,,,0.0,,,1,139,1,exact,,,,,,,,2.529099947423674e-05,71fd2766bfb051e321723fd7621faf8017b67086
dv3-A-poisson-003219,3,A,poisson,3219,,,,3:1:0:3219,,test,6,128.3034340584069,,,,,,,,,,,,,,,,,,,,0.0,,,1,115,1,exact,,,,,,,,2.3874999897088856e-05,bc77c431466e5de6cfe318d23668b3aa542a1557
dv3-A-poisson-003220,3,A,poisson,3220,,,,3:1:0:3220,,test,6,532.8584396472111,,,,,,,,,,,,,,,,,,,,0.0,,,1,519,1,exact,,,,,,,,3.46670021826867e-05,04f7dca530e3813623eba67842df9bd6162ea094
dv3-A-poisson-003221,3,A,poisson,3221,,,,3:1:0:3221,,test,6,348.292023277474,,,,,,,,,,,,,,,,,,,,0.0,,,1,342,1,exact,,,,,,,,3.445800030021928e-05,455a10f5e7e81f811b1ada6bd90db3db46743aea
dv3-A-poisson-003222,3,A,poisson,3222,,,,3:1:0:3222,,test,6,460.9398600317315,,,,,,,,,,,,,,,,,,,,0.0,,,1,444,1,exact,,,,,,,,3.233399911550805e-05,14e81f9de12276b6ff926fee29db60d07243be47
dv3-A-poisson-003223,3,A,poisson,3223,,,,3:1:0:3223,,test,6,195.64386673446964,,,,,,,,,,,,,,,,,,,,0.0,,,1,167,1,exact,,,,,,,,2.5417000870220363e-05,c7a5c26e09bd8c2fcfc240d67f27154bd316b067
dv3-A-poisson-003224,3,A,poisson,3224,,,,3:1:0:3224,,test,6,740.6778474097122,,,,,,,,,,,,,,,,,,,,0.0,,,1,763,1,exact,,,,,,,,4.5000000682193786e-05,f1a50f7c02d9c4e3ba96ecfd9f341102cef8609a
dv3-A-poisson-003225,3,A,poisson,3225,,,,3:1:0:3225,,test,6,108.50157925235334,,,,,,,,,,,,,,,,,,,,0.0,,,1,129,1,exact,,,,,,,,2.6041998353321105e-05,b4b07b513599fa586600e637ad6af097fda6b74d
dv3-A-poisson-003226,3,A,poisson,3226,,,,3:1:0:3226,,test,6,713.2447847435064,,,,,,,,,,,,,,,,,,,,0.0,,,1,712,1,exact,,,,,,,,3.862500307150185e-05,ba4dbdad10c13ad0f3018d3e2be9a319f6de9878
dv3-A-poisson-003227,3,A,poisson,3227,,,,3:1:0:3227,,test,6,279.688442517895,,,,,,,,,,,,,,,,,,,,0.0,,,1,306,1,exact,,,,,,,,2.8541999199660495e-05,82728c5c7c9bfed3cd69609f7f828bfa8981a67e
dv3-A-poisson-003228,3,A,poisson,3228,,,,3:1:0:3228,,test,6,550.3662342574553,,,,,,,,,,,,,,,,,,,,0.0,,,1,588,1,exact,,,,,,,,3.51249982486479e-05,fb55cd0cefc2d8c321588baebeb3fa463c596114
dv3-A-poisson-003229,3,A,poisson,3229,,,,3:1:0:3229,,test,6,631.49743063294,,,,,,,,,,,,,,,,,,,,0.0,,,1,584,1,exact,,,,,,,,3.7582998629659414e-05,9f521904922c208fff8a14036e0a2cfe4e25824e
dv3-A-poisson-003230,3,A,poisson,3230,,,,3:1:0:3230,,test,6,546.1708883862557,,,,,,,,,,,,,,,,,,,,0.0,,,1,565,1,exact,,,,,,,,3.4374999813735485e-05,5e0ac8ab37ac3cb76081a1aeb5e9efa8d8aa6c05
dv3-A-poisson-003231,3,A,poisson,3231,,,,3:1:0:3231,,test,6,325.4361389719129,,,,,,,,,,,,,,,,,,,,0.0,,,1,310,1,exact,,,,,,,,2.870800017262809e-05,7b442e7a27665648bba9dcb5b58a87fb2a257c6d
dv3-A-poisson-003232,3,A,poisson,3232,,,,3:1:0:3232,,test,6,229.94646824735537,,,,,,,,,,,,,,,,,,,,0.0,,,1,229,1,exact,,,,,,,,2.5624998670537025e-05,c40ca5d2ea9a36974130254d5c40f8f3029da943
dv3-A-poisson-003233,3,A,poisson,3233,,,,3:1:0:3233,,test,6,123.03542445028972,,,,,,,,,,,,,,,,,,,,0.0,,,1,144,1,exact,,,,,,,,2.6292000256944448e-05,73702d6973ed10ac079c2d41ebd20c16fc3bb7f6
dv3-A-poisson-003234,3,A,poisson,3234,,,,3:1:0:3234,,test,6,107.96931600822643,,,,,,,,,,,,,,,,,,,,0.0,,,1,102,1,exact,,,,,,,,2.2667001758236438e-05,421516a67010517db9cc93f50b27a81218c6cb06
dv3-A-poisson-003235,3,A,poisson,3235,,,,3:1:0:3235,,test,6,657.5372260472676,,,,,,,,,,,,,,,,,,,,0.0,,,1,682,1,exact,,,,,,,,3.7208003050182015e-05,865084e3628745a920ec9653e5a1351e95f723fe
dv3-A-poisson-003236,3,A,poisson,3236,,,,3:1:0:3236,,test,6,194.08489486207995,,,,,,,,,,,,,,,,,,,,0.0,,,1,197,1,exact,,,,,,,,2.5332999939564615e-05,aa881afcc0179b1b80a5578a36e2d2f0a0e25fa7
dv3-A-poisson-003237,3,A,poisson,3237,,,,3:1:0:3237,,test,6,561.666185487712,,,,,,,,,,,,,,,,,,,,0.0,,,1,589,1,exact,,,,,,,,3.775000004679896e-05,804bc9929c80cdd8ee2d92d0239cf7d3ba72c2c8
dv3-A-poisson-003238,3,A,poisson,3238,,,,3:1:0:3238,,test,6,319.4620530413627,,,,,,,,,,,,,,,,,,,,0.0,,,1,309,1,exact,,,,,,,,2.8166999982204288e-05,3fb4a386604646f3a63fcfc4fcfa045dac65b7c3
dv3-A-poisson-003239,3,A,poisson,3239,,,,3:1:0:3239,,test,6,448.111163461236,,,,,,,,,,,,,,,,,,,,0.0,,,1,470,1,exact,,,,,,,,3.466600173851475e-05,03b95c7bdd4c688095ec54c2d3fa19198a1b360c
dv3-A-poisson-003240,3,A,poisson,3240,,,,3:1:0:3240,,test,6,139.13423622853077,,,,,,,,,,,,,,,,,,,,0.0,,,1,137,1,exact,,,,,,,,2.350000067963265e-05,1b768f23e22f8dbc7a38af1cd3a08735496dc50b
dv3-A-poisson-003241,3,A,poisson,3241,,,,3:1:0:3241,,test,6,181.56633268541043,,,,,,,,,,,,,,,,,,,,0.0,,,1,174,1,exact,,,,,,,,2.445800055284053e-05,11e92a032bfa867d202c64bb23b6670ca3fe23a8
dv3-A-poisson-003242,3,A,poisson,3242,,,,3:1:0:3242,,test,6,587.0092946278602,,,,,,,,,,,,,,,,,,,,0.0,,,1,566,1,exact,,,,,,,,3.412500154809095e-05,f2c617d7faae067c66113dfcb8c2fde8f3c52be6
dv3-A-poisson-003243,3,A,poisson,3243,,,,3:1:0:3243,,test,6,708.2909517934814,,,,,,,,,,,,,,,,,,,,0.0,,,1,690,1,exact,,,,,,,,3.8041001971578225e-05,615692a1408e875db1a9b4d6a186052498153098
dv3-A-poisson-003244,3,A,poisson,3244,,,,3:1:0:3244,,test,6,193.55687610866943,,,,,,,,,,,,,,,,,,,,0.0,,,1,210,1,exact,,,,,,,,2.8041999030392617e-05,743c1e16852492f21aece1a0a7eb493101e4c408
dv3-A-poisson-003245,3,A,poisson,3245,,,,3:1:0:3245,,test,6,347.18445290956635,,,,,,,,,,,,,,,,,,,,0.0,,,1,324,1,exact,,,,,,,,2.9165999876568094e-05,e9322cd78b1d882ca43bdcf309563921568b958c
dv3-A-poisson-003246,3,A,poisson,3246,,,,3:1:0:3246,,test,6,409.6742523035702,,,,,,,,,,,,,,,,,,,,0.0,,,1,390,1,exact,,,,,,,,3.0000002880115062e-05,9da4db85644cd8eb4472b747e55402a10c0d969b
dv3-A-poisson-003247,3,A,poisson,3247,,,,3:1:0:3247,,test,6,237.32317516801692,,,,,,,,,,,,,,,,,,,,0.0,,,1,226,1,exact,,,,,,,,2.579200008767657e-05,c76d8dea23c5ac7ddc3b4ba9a9259e81df9beab8
dv3-A-poisson-003248,3,A,poisson,3248,,,,3:1:0:3248,,test,6,202.13815310929832,,,,,,,,,,,,,,,,,,,,0.0,,,1,197,1,exact,,,,,,,,2.8166999982204288e-05,54f51267feac075071cf10c27530703d6dbbc69c
dv3-A-poisson-003249,3,A,poisson,3249,,,,3:1:0:3249,,test,6,181.25605221727602,,,,,,,,,,,,,,,,,,,,0.0,,,1,175,1,exact,,,,,,,,2.4375000066356733e-05,218596d55e2b450cdfcedb6528d1662c375a0446
dv3-A-poisson-003250,3,A,poisson,3250,,,,3:1:0:3250,,test,6,136.66339721018915,,,,,,,,,,,,,,,,,,,,0.0,,,1,154,1,exact,,,,,,,,2.6249999791616574e-05,f527484346cb2cce0980072e46a9b958c3a1ce36
dv3-A-poisson-003251,3,A,poisson,3251,,,,3:1:0:3251,,test,6,397.1173819877786,,,,,,,,,,,,,,,,,,,,0.0,,,1,417,1,exact,,,,,,,,3.0750001315027475e-05,dc711261d2246c6cc3e6b3b64422e5faf589353b
dv3-A-poisson-003252,3,A,poisson,3252,,,,3:1:0:3252,,test,6,613.224859634495,,,,,,,,,,,,,,,,,,,,0.0,,,1,646,1,exact,,,,,,,,3.6749999708263204e-05,9d6f3d2fed60b05a1163015e87bb7fa006414265
dv3-A-poisson-003253,3,A,poisson,3253,,,,3:1:0:3253,,test,6,397.0882417749388,,,,,,,,,,,,,,,,,,,,0.0,,,1,378,1,exact,,,,,,,,2.9417002224363387e-05,1d488557fa073feea84f812adeaa9a10468e5fff
dv3-A-poisson-003254,3,A,poisson,3254,,,,3:1:0:3254,,test,6,111.71325116221496,,,,,,,,,,,,,,,,,,,,0.0,,,1,110,1,exact,,,,,,,,2.2958000045036897e-05,5e1d9bdac133512e37d4d60a8205d571b6d547e7
dv3-A-poisson-003255,3,A,poisson,3255,,,,3:1:0:3255,,test,6,145.34686447325328,,,,,,,,,,,,,,,,,,,,0.0,,,1,139,1,exact,,,,,,,,2.3250002413988113e-05,e620099a7592d43f1d5a1b42332560a499016063
dv3-A-poisson-003256,3,A,poisson,3256,,,,3:1:0:3256,,test,6,103.34971439855305,,,,,,,,,,,,,,,,,,,,0.0,,,1,115,1,exact,,,,,,,,2.2917000023880973e-05,700f3ec0f1f4629df6d53352b1e4707aeabedbac
dv3-A-poisson-003257,3,A,poisson,3257,,,,3:1:0:3257,,test,6,271.28434486727235,,,,,,,,,,,,,,,,,,,,0.0,,,1,266,1,exact,,,,,,,,2.7207999664824456e-05,bce217d373189387e120c1276ef4790ebf7974e3
dv3-A-poisson-003258,3,A,poisson,3258,,,,3:1:0:3258,,test,6,100.6578192262348,,,,,,,,,,,,,,,,,,,,0.0,,,1,105,1,exact,,,,,,,,2.308400144102052e-05,d6b4aca2a74b385b301849fa538e8521d6e63ad4
dv3-A-poisson-003259,3,A,poisson,3259,,,,3:1:0:3259,,test,6,114.94939042779568,,,,,,,,,,,,,,,,,,,,0.0,,,1,120,1,exact,,,,,,,,2.3124997824197635e-05,f7cb541dc03c55928d540038e951093c1ee5fd28
dv3-A-poisson-003260,3,A,poisson,3260,,,,3:1:0:3260,,test,6,255.2800136517333,,,,,,,,,,,,,,,,,,,,0.0,,,1,241,1,exact,,,,,,,,2.6167002943111584e-05,046c602f6b64ac94a135de3a3c1deff811e18b8b
dv3-A-poisson-003261,3,A,poisson,3261,,,,3:1:0:3261,,test,6,152.3983242090993,,,,,,,,,,,,,,,,,,,,0.0,,,1,138,1,exact,,,,,,,,2.3959000827744603e-05,a7db03043dce2bbe3df1f416a426a5e5b0fd3bd5
dv3-A-poisson-003262,3,A,poisson,3262,,,,3:1:0:3262,,test,6,447.7375642446969,,,,,,,,,,,,,,,,,,,,0.0,,,1,454,1,exact,,,,,,,,3.216600089217536e-05,d87c43dc9ecab31ceb48192610daaabb6bc5dcfd
dv3-A-poisson-003263,3,A,poisson,3263,,,,3:1:0:3263,,test,6,349.4216837763296,,,,,,,,,,,,,,,,,,,,0.0,,,1,373,1,exact,,,,,,,,2.995899922098033e-05,ceec7786d6f3a52ac92c56e8d92c6e37c1de0d9d
dv3-A-poisson-003264,3,A,poisson,3264,,,,3:1:0:3264,,test,6,148.53171715608062,,,,,,,,,,,,,,,,,,,,0.0,,,1,146,1,exact,,,,,,,,2.391700036241673e-05,c8705e32bdd359c85813618e80298ca76184cfa8
dv3-A-poisson-003265,3,A,poisson,3265,,,,3:1:0:3265,,test,6,271.7086885128082,,,,,,,,,,,,,,,,,,,,0.0,,,1,263,1,exact,,,,,,,,2.695800139917992e-05,f83baba2b1ba0f677d00374946c5d10ba9a09d66
dv3-A-poisson-003266,3,A,poisson,3266,,,,3:1:0:3266,,test,6,177.53632826392132,,,,,,,,,,,,,,,,,,,,0.0,,,1,166,1,exact,,,,,,,,2.6916000933852047e-05,e890aab0dd29e6142351c85da617b204f76f558f
dv3-A-poisson-003267,3,A,poisson,3267,,,,3:1:0:3267,,test,6,156.32708997592746,,,,,,,,,,,,,,,,,,,,0.0,,,1,148,1,exact,,,,,,,,2.3749998945277184e-05,004355f72aa27ef34d6b52e8b9ef7636c53bcda3
dv3-A-poisson-003268,3,A,poisson,3268,,,,3:1:0:3268,,test,6,144.16697230951922,,,,,,,,,,,,,,,,,,,,0.0,,,1,128,1,exact,,,,,,,,2.3292002879315987e-05,def68d2a71f49d41041855a4261f06f63db9a18b
dv3-A-poisson-003269,3,A,poisson,3269,,,,3:1:0:3269,,test,6,284.0157328769073,,,,,,,,,,,,,,,,,,,,0.0,,,1,256,1,exact,,,,,,,,2.649999805726111e-05,347127ebceed7a9e5862188a9060eed72ec9db6e
dv3-A-poisson-003270,3,A,poisson,3270,,,,3:1:0:3270,,test,6,351.3294615290921,,,,,,,,,,,,,,,,,,,,0.0,,,1,351,1,exact,,,,,,,,3.199999991920777e-05,4f7120f8f86a025f72cd734c535aab1213fd3009
dv3-A-poisson-003271,3,A,poisson,3271,,,,3:1:0:3271,,test,6,339.54872855921053,,,,,,,,,,,,,,,,,,,,0.0,,,1,342,1,exact,,,,,,,,2.9082999390084296e-05,feb5cb118ffdcbfc2cefd29bb5feb1ce199567d3
dv3-A-poisson-003272,3,A,poisson,3272,,,,3:1:0:3272,,test,6,144.06945324557933,,,,,,,,,,,,,,,,,,,,0.0,,,1,139,1,exact,,,,,,,,2.5958001060644165e-05,38793b791e141a59041060915252240575ea1e10
dv3-A-poisson-003273,3,A,poisson,3273,,,,3:1:0:3273,,test,6,686.3671664951272,,,,,,,,,,,,,,,,,,,,0.0,,,1,681,1,exact,,,,,,,,4.0208000427810475e-05,6478629bc249619d2cb2578cf77859b04e6c3fb7
dv3-A-poisson-003274,3,A,poisson,3274,,,,3:1:0:3274,,test,6,707.4293018258753,,,,,,,,,,,,,,,,,,,,0.0,,,1,725,1,exact,,,,,,,,3.891600135830231e-05,7bdb6ff4bf60870dc44294ff271409675989eaf8
dv3-A-poisson-003275,3,A,poisson,3275,,,,3:1:0:3275,,test,6,335.49827550253923,,,,,,,,,,,,,,,,,,,,0.0,,,1,335,1,exact,,,,,,,,2.9041999368928373e-05,834c5ac8163af7ed76706db79bbb22c5e110fc3c
dv3-A-poisson-003276,3,A,poisson,3276,,,,3:1:0:3276,,test,6,133.71167014380666,,,,,,,,,,,,,,,,,,,,0.0,,,1,120,1,exact,,,,,,,,2.3250002413988113e-05,cf16acc5c2ee1ca246c2417ea1e29d206637354c
dv3-A-poisson-003277,3,A,poisson,3277,,,,3:1:0:3277,,test,6,505.7372520879072,,,,,,,,,,,,,,,,,,,,0.0,,,1,453,1,exact,,,,,,,,3.287499930593185e-05,d5aae2d66c95c24dee283dbd71d72609e70cf5c4
dv3-A-poisson-003278,3,A,poisson,3278,,,,3:1:0:3278,,test,6,624.6996130051023,,,,,,,,,,,,,,,,,,,,0.0,,,1,621,1,exact,,,,,,,,3.9500002458225936e-05,63d040156a5f9b1bf033da6c4abca307b6cb38bd
dv3-A-poisson-003279,3,A,poisson,3279,,,,3:1:0:3279,,test,6,205.08186936035546,,,,,,,,,,,,,,,,,,,,0.0,,,1,193,1,exact,,,,,,,,3.495800046948716e-05,733735331e7c0aa60ed07bc32fbe46e286d40df1
dv3-A-poisson-003280,3,A,poisson,3280,,,,3:1:0:3280,,test,6,326.38192601396946,,,,,,,,,,,,,,,,,,,,0.0,,,1,320,1,exact,,,,,,,,3.037499845959246e-05,2b0ce4226581624b39cc68e3840e3b013300bc61
dv3-A-poisson-003281,3,A,poisson,3281,,,,3:1:0:3281,,test,6,141.15720936300963,,,,,,,,,,,,,,,,,,,,0.0,,,1,144,1,exact,,,,,,,,2.3584001610288396e-05,0f767b3477d4985a90c20578d67f5b9c57a3455d
dv3-A-poisson-003282,3,A,poisson,3282,,,,3:1:0:3282,,test,6,451.2639738168743,,,,,,,,,,,,,,,,,,,,0.0,,,1,433,1,exact,,,,,,,,3.0333001632243395e-05,2aa5214b7fb2538f7949e187af23c1c40d2c0adb
dv3-A-poisson-003283,3,A,poisson,3283,,,,3:1:0:3283,,test,6,475.1362682546998,,,,,,,,,,,,,,,,,,,,0.0,,,1,491,1,exact,,,,,,,,3.1874998967396095e-05,bd1a237308beeaf7025a389c86472e16a29a88ec
dv3-A-poisson-003284,3,A,poisson,3284,,,,3:1:0:3284,,test,6,105.67602544684209,,,,,,,,,,,,,,,,,,,,0.0,,,1,115,1,exact,,,,,,,,2.2208001610124484e-05,d1ac3166edec81706e6e9507153ef90617d048b1
dv3-A-poisson-003285,3,A,poisson,3285,,,,3:1:0:3285,,test,6,276.70924407020124,,,,,,,,,,,,,,,,,,,,0.0,,,1,272,1,exact,,,,,,,,2.7916998078580946e-05,9b440289efeaf146633cf40afe52bdd788bc0ab5
dv3-A-poisson-003286,3,A,poisson,3286,,,,3:1:0:3286,,test,6,274.25839151556767,,,,,,,,,,,,,,,,,,,,0.0,,,1,256,1,exact,,,,,,,,2.6665999030228704e-05,fcf5171a5de4955804532379c3e06969dd0de1cf
dv3-A-poisson-003287,3,A,poisson,3287,,,,3:1:0:3287,,test,6,294.21726994742147,,,,,,,,,,,,,,,,,,,,0.0,,,1,276,1,exact,,,,,,,,2.6290999812772498e-05,526525531431fa8a81fa1a55cbf7b46818f6f389
dv3-A-poisson-003288,3,A,poisson,3288,,,,3:1:0:3288,,test,6,755.6264712898295,,,,,,,,,,,,,,,,,,,,0.0,,,1,771,1,exact,,,,,,,,3.949999882024713e-05,dfa63ac748ac028774f9869448b63d4aea148ec7
dv3-A-poisson-003289,3,A,poisson,3289,,,,3:1:0:3289,,test,6,340.34297200916245,,,,,,,,,,,,,,,,,,,,0.0,,,1,332,1,exact,,,,,,,,2.8041999030392617e-05,49e4543fd8435ccd3a7104bdd2b92de60392b2c0
dv3-A-poisson-003290,3,A,poisson,3290,,,,3:1:0:3290,,test,6,184.11933125758358,,,,,,,,,,,,,,,,,,,,0.0,,,1,200,1,exact,,,,,,,,2.7707999834092334e-05,9aa8b2aa688d452dc927f6b0287b19d325ac160b
dv3-A-poisson-003291,3,A,poisson,3291,,,,3:1:0:3291,,test,6,641.1700410694267,,,,,,,,,,,,,,,,,,,,0.0,,,1,632,1,exact,,,,,,,,3.533299968694337e-05,321495aa299e6e89f5a35c89c6673380c74fe62c
dv3-A-poisson-003292,3,A,poisson,3292,,,,3:1:0:3292,,test,6,375.8375679948672,,,,,,,,,,,,,,,,,,,,0.0,,,1,355,1,exact,,,,,,,,2.8791000659111887e-05,bf419fb836b6c33c4c61eecdc97f48248bb71dc5
dv3-A-poisson-003293,3,A,poisson,3293,,,,3:1:0:3293,,test,6,693.5449203665046,,,,,,,,,,,,,,,,,,,,0.0,,,1,649,1,exact,,,,,,,,3.5541001125238836e-05,e46f4193118ec43ae7a0299d1bacd0cd80477fd4
dv3-A-poisson-003294,3,A,poisson,3294,,,,3:1:0:3294,,test,6,707.7528754266478,,,,,,,,,,,,,,,,,,,,0.0,,,1,710,1,exact,,,,,,,,3.712499892571941e-05,a8d0d88ab256ac87f6fb6d701bd6a1be9e30956c
dv3-A-poisson-003295,3,A,poisson,3295,,,,3:1:0:3295,,test,6,195.3248074352186,,,,,,,,,,,,,,,,,,,,0.0,,,1,181,1,exact,,,,,,,,2.375000258325599e-05,72109d7396f5a8456007fb0e1e41d26ff0006f54
dv3-A-poisson-003296,3,A,poisson,3296,,,,3:1:0:3296,,test,6,262.99009443424967,,,,,,,,,,,,,,,,,,,,0.0,,,1,283,1,exact,,,,,,,,2.6708999939728528e-05,757ea71664c1aa1cb953d314f41c2cd8a775a36e
dv3-A-poisson-003297,3,A,poisson,3297,,,,3:1:0:3297,,test,6,237.69126430002353,,,,,,,,,,,,,,,,,,,,0.0,,,1,261,1,exact,,,,,,,,2.6792000426212326e-05,084e0b1406ed3c6eb1d3a03ecd9d10f7f6e6702a
dv3-A-poisson-003298,3,A,poisson,3298,,,,3:1:0:3298,,test,6,186.38389291814613,,,,,,,,,,,,,,,,,,,,0.0,,,1,176,1,exact,,,,,,,,2.3624997993465513e-05,e25ee42a133a4ca665a0ea833b6fa3a2775ba3df
dv3-A-poisson-003299,3,A,poisson,3299,,,,3:1:0:3299,,test,6,187.46789734449928,,,,,,,,,,,,,,,,,,,,0.0,,,1,194,1,exact,,,,,,,,2.412499816273339e-05,84d6975b125308235fae6d269ae461be5e049f7e
dv3-A-poisson-003300,3,A,poisson,3300,,,,3:1:0:3300,,test,6,316.1181886882835,,,,,,,,,,,,,,,,,,,,0.0,,,1,321,1,exact,,,,,,,,3.054199987673201e-05,764bb0ddd6368c2b25a109923a7e16c08066ad85
dv3-A-poisson-003301,3,A,poisson,3301,,,,3:1:0:3301,,test,6,673.8989542417322,,,,,,,,,,,,,,,,,,,,0.0,,,1,623,1,exact,,,,,,,,4.374999844003469e-05,0984eaf4232c8bcbe6f5a7eb8dc914b840fcf015
dv3-A-poisson-003302,3,A,poisson,3302,,,,3:1:0:3302,,test,6,179.27293080842747,,,,,,,,,,,,,,,,,,,,0.0,,,1,169,1,exact,,,,,,,,2.362500163144432e-05,2861b4cd2ec68cc039a4f6a8da63c63832af289b
dv3-A-poisson-003303,3,A,poisson,3303,,,,3:1:0:3303,,test,6,396.0606366601269,,,,,,,,,,,,,,,,,,,,0.0,,,1,399,1,exact,,,,,,,,2.8875001589767635e-05,368ae326f626ad03247e30ad48b3712076a6d5d8
dv3-A-poisson-003304,3,A,poisson,3304,,,,3:1:0:3304,,test,6,122.01254834819683,,,,,,,,,,,,,,,,,,,,0.0,,,1,119,1,exact,,,,,,,,2.2084001102484763e-05,39e0a1b7fa8170af09c75e7fdcf0a8d481f31694
dv3-A-poisson-003305,3,A,poisson,3305,,,,3:1:0:3305,,test,6,555.7019120281387,,,,,,,,,,,,,,,,,,,,0.0,,,1,556,1,exact,,,,,,,,3.35830009134952e-05,26375bb5101e02f270e1c1091ce7d9ac9691f605
dv3-A-poisson-003306,3,A,poisson,3306,,,,3:1:0:3306,,test,6,131.90487234395118,,,,,,,,,,,,,,,,,,,,0.0,,,1,130,1,exact,,,,,,,,2.4083001335384324e-05,d68175675fefb530a5e19207bbabe3d18521d852
dv3-A-poisson-003307,3,A,poisson,3307,,,,3:1:0:3307,,test,6,262.83731933970876,,,,,,,,,,,,,,,,,,,,0.0,,,1,262,1,exact,,,,,,,,2.6042001991299912e-05,dae1466b8789764cb3f65f15d9294f0224323763
dv3-A-poisson-003308,3,A,poisson,3308,,,,3:1:0:3308,,test,6,599.8582378195022,,,,,,,,,,,,,,,,,,,,0.0,,,1,563,1,exact,,,,,,,,3.35000004270114e-05,6af172909bf695e609277f3291452a2a2eeaff30
dv3-A-poisson-003309,3,A,poisson,3309,,,,3:1:0:3309,,test,6,127.24093575782433,,,,,,,,,,,,,,,,,,,,0.0,,,1,128,1,exact,,,,,,,,4.149999949731864e-05,d451b02b66da89a041c321d6d07fe4e69b0b0b4f
dv3-A-poisson-003310,3,A,poisson,3310,,,,3:1:0:3310,,test,6,292.3877272675707,,,,,,,,,,,,,,,,,,,,0.0,,,1,320,1,exact,,,,,,,,2.0958999812137336e-05,b229f045c49283da12b0000eb879f35f684b75f2
dv3-A-poisson-003311,3,A,poisson,3311,,,,3:1:0:3311,,test,6,696.7649928484275,,,,,,,,,,,,,,,,,,,,0.0,,,1,702,1,exact,,,,,,,,2.120799763360992e-05,afc7cf2716c737978305dfe938be3f1e4ed18dba
dv3-A-poisson-003312,3,A,poisson,3312,,,,3:1:0:3312,,test,6,417.6216714233323,,,,,,,,,,,,,,,,,,,,0.0,,,1,418,1,exact,,,,,,,,1.6082998627098277e-05,da548613428fe82df37ca6b0c7c41d11db9147a0
dv3-A-poisson-003313,3,A,poisson,3313,,,,3:1:0:3313,,test,6,610.5239610394814,,,,,,,,,,,,,,,,,,,,0.0,,,1,634,1,exact,,,,,,,,1.8124999769497663e-05,98d2deab7fead5ad64a76c1706c71fbb7c0d8cf4
dv3-A-poisson-003314,3,A,poisson,3314,,,,3:1:0:3314,,test,6,238.71325740192347,,,,,,,,,,,,,,,,,,,,0.0,,,1,236,1,exact,,,,,,,,1.3332999515114352e-05,4318d5c52157303c20c326e85af0a2aa34caab4e
dv3-A-poisson-003315,3,A,poisson,3315,,,,3:1:0:3315,,test,6,215.93391130115043,,,,,,,,,,,,,,,,,,,,0.0,,,1,216,1,exact,,,,,,,,1.312500171479769e-05,2ded9c755bd2d4377566eadf19e1f4c76b020d45
dv3-A-poisson-003316,3,A,poisson,3316,,,,3:1:0:3316,,test,6,468.85003019413557,,,,,,,,,,,,,,,,,,,,0.0,,,1,501,1,exact,,,,,,,,1.6083999071270227e-05,54ef84265d263f641a3547d14c96c8b15bdbee23
dv3-A-poisson-003317,3,A,poisson,3317,,,,3:1:0:3317,,test,6,469.18576652083937,,,,,,,,,,,,,,,,,,,,0.0,,,1,467,1,exact,,,,,,,,1.5665998944314197e-05,e355adc2448c32e1ff5b66164dbd71c20952dbc4
dv3-A-poisson-003318,3,A,poisson,3318,,,,3:1:0:3318,,test,6,502.1173464015991,,,,,,,,,,,,,,,,,,,,0.0,,,1,466,1,exact,,,,,,,,1.5499997971346602e-05,8e1bb991e2ded9639860192784c1b79d2f8ff5a7
dv3-A-poisson-003319,3,A,poisson,3319,,,,3:1:0:3319,,test,6,101.31101830306106,,,,,,,,,,,,,,,,,,,,0.0,,,1,115,1,exact,,,,,,,,1.2792002962669358e-05,3cb01c59c8f1e8a82271c28b96e74d89e77a73f7
dv3-A-poisson-003320,3,A,poisson,3320,,,,3:1:0:3320,,test,6,406.7170631999079,,,,,,,,,,,,,,,,,,,,0.0,,,1,407,1,exact,,,,,,,,1.454199809813872e-05,41892485eaa5b2d0978323d41246fab0ad1a5b92
dv3-A-poisson-003321,3,A,poisson,3321,,,,3:1:0:3321,,test,6,274.4053555158673,,,,,,,,,,,,,,,,,,,,0.0,,,1,305,1,exact,,,,,,,,1.3374999980442226e-05,76812bd56a1ca0923e5029d9995300a442b4071d
dv3-A-poisson-003322,3,A,poisson,3322,,,,3:1:0:3322,,test,6,144.45558174853772,,,,,,,,,,,,,,,,,,,,0.0,,,1,152,1,exact,,,,,,,,1.1374999303370714e-05,47c1730a3b0ced6e63fbcae30d939a6e23e89241
dv3-A-poisson-003323,3,A,poisson,3323,,,,3:1:0:3323,,test,6,313.3883550816047,,,,,,,,,,,,,,,,,,,,0.0,,,1,261,1,exact,,,,,,,,1.279199932469055e-05,f68e973bdbc7bab5df6de08b439cf22addc30f1d
dv3-A-poisson-003324,3,A,poisson,3324,,,,3:1:0:3324,,test,6,761.3498745861095,,,,,,,,,,,,,,,,,,,,0.0,,,1,758,1,exact,,,,,,,,1.904099917737767e-05,3fd939fc22c3f95941638ae07233a466f2eef62d
dv3-A-poisson-003325,3,A,poisson,3325,,,,3:1:0:3325,,test,6,454.0292944976511,,,,,,,,,,,,,,,,,,,,0.0,,,1,481,1,exact,,,,,,,,1.5584002539981157e-05,b0091a9a15cffd823d2548433351f6869c58d9e4
dv3-A-poisson-003326,3,A,poisson,3326,,,,3:1:0:3326,,test,6,177.76916605129045,,,,,,,,,,,,,,,,,,,,0.0,,,1,192,1,exact,,,,,,,,3.466600173851475e-05,33ad2b6c874baecf0948c7e636ba850ea911b3e7
dv3-A-poisson-003327,3,A,poisson,3327,,,,3:1:0:3327,,test,6,257.9415293757194,,,,,,,,,,,,,,,,,,,,0.0,,,1,288,1,exact,,,,,,,,1.3084001693641767e-05,e726c4cc9314791fe46b5f5a8793da565c5dc1e0
dv3-A-poisson-003328,3,A,poisson,3328,,,,3:1:0:3328,,test,6,542.8815167290778,,,,,,,,,,,,,,,,,,,,0.0,,,1,534,1,exact,,,,,,,,1.6250000044237822e-05,848a8a439d785c59a736c547c612dcad79dbef95
dv3-A-poisson-003329,3,A,poisson,3329,,,,3:1:0:3329,,test,6,174.4029638054541,,,,,,,,,,,,,,,,,,,,0.0,,,1,168,1,exact,,,,,,,,1.2750002497341484e-05,d95e000bfff0d055ac7ba58b28d41fb73ab7adc6
dv3-A-poisson-003330,3,A,poisson,3330,,,,3:1:0:3330,,test,6,366.2554463503957,,,,,,,,,,,,,,,,,,,,0.0,,,1,378,1,exact,,,,,,,,1.4083001588005573e-05,b10e0c2ffabe31036edec3675c09deaeed85a27d
dv3-A-poisson-003331,3,A,poisson,3331,,,,3:1:0:3331,,test,6,108.8836647348218,,,,,,,,,,,,,,,,,,,,0.0,,,1,108,1,exact,,,,,,,,1.0875002772081643e-05,03088ef8b64b23a36bcb45f48fda8972a40d2f92
dv3-A-poisson-003332,3,A,poisson,3332,,,,3:1:0:3332,,test,6,305.4908397977957,,,,,,,,,,,,,,,,,,,,0.0,,,1,288,1,exact,,,,,,,,1.2917000276502222e-05,c7717efbc621cd157aa71a11eeaa9e7407ef0569
dv3-A-poisson-003333,3,A,poisson,3333,,,,3:1:0:3333,,test,6,397.99702963568814,,,,,,,,,,,,,,,,,,,,0.0,,,1,416,1,exact,,,,,,,,1.4500001270789653e-05,ce47feeb5da8f0bdae985bb341c512446d297518
dv3-A-poisson-003334,3,A,poisson,3334,,,,3:1:0:3334,,test,6,334.7523215941517,,,,,,,,,,,,,,,,,,,,0.0,,,1,361,1,exact,,,,,,,,1.3374999980442226e-05,efa4ce5ff9ef8a9557cae687fdffd2fcf1e3b1fd
dv3-A-poisson-003335,3,A,poisson,3335,,,,3:1:0:3335,,test,6,315.9682639804489,,,,,,,,,,,,,,,,,,,,0.0,,,1,312,1,exact,,,,,,,,1.3374999980442226e-05,2fe8c8e647450cc6baee1e06e6161b303f3c48a9
dv3-A-poisson-003336,3,A,poisson,3336,,,,3:1:0:3336,,test,6,279.51126981937546,,,,,,,,,,,,,,,,,,,,0.0,,,1,260,1,exact,,,,,,,,1.3250002666609362e-05,bed5cb342ffd23de99d4afd319b9343d2f12c1e6
dv3-A-poisson-003337,3,A,poisson,3337,,,,3:1:0:3337,,test,6,247.62108136281697,,,,,,,,,,,,,,,,,,,,0.0,,,1,260,1,exact,,,,,,,,1.2541000614874065e-05,05c1cb156be9f746ee7b44989f2cfcd6e83d4813
dv3-A-poisson-003338,3,A,poisson,3338,,,,3:1:0:3338,,test,6,258.0550655471266,,,,,,,,,,,,,,,,,,,,0.0,,,1,235,1,exact,,,,,,,,1.2332999176578596e-05,9b3e8b251877cd17d98c26edce74d50fe0a2b542
dv3-A-poisson-003339,3,A,poisson,3339,,,,3:1:0:3339,,test,6,604.838376593415,,,,,,,,,,,,,,,,,,,,0.0,,,1,563,1,exact,,,,,,,,1.654199877521023e-05,b4d0b1000eeaab883300e16738a72d6d5c23c49a
dv3-A-poisson-003340,3,A,poisson,3340,,,,3:1:0:3340,,test,6,403.1421293353115,,,,,,,,,,,,,,,,,,,,0.0,,,1,373,1,exact,,,,,,,,1.4291999832494184e-05,32fb31455ddec6326f9aedf000e8df41a30e07ed
dv3-A-poisson-003341,3,A,poisson,3341,,,,3:1:0:3341,,test,6,181.297293467813,,,,,,,,,,,,,,,,,,,,0.0,,,1,181,1,exact,,,,,,,,1.2958000297658145e-05,4a87418e2954cd196f676dd4c69d690c33a01fd3
dv3-A-poisson-003342,3,A,poisson,3342,,,,3:1:0:3342,,test,6,134.83572425013466,,,,,,,,,,,,,,,,,,,,0.0,,,1,119,1,exact,,,,,,,,1.0624997230479494e-05,71a73ff6ffc393c5a66aff633df4781f80fba3ec
dv3-A-poisson-003343,3,A,poisson,3343,,,,3:1:0:3343,,test,6,522.7965497163785,,,,,,,,,,,,,,,,,,,,0.0,,,1,521,1,exact,,,,,,,,1.5792000340297818e-05,9e5d61c5053ccb640c569fddba1479fc8a48c9e8
dv3-A-poisson-003344,3,A,poisson,3344,,,,3:1:0:3344,,test,6,212.38723630296997,,,,,,,,,,,,,,,,,,,,0.0,,,1,208,1,exact,,,,,,,,1.2124997738283128e-05,dcd6029a7d35c50576d49a7ab29e5cbcd6c5e236
dv3-A-poisson-003345,3,A,poisson,3345,,,,3:1:0:3345,,test,6,377.0381390360401,,,,,,,,,,,,,,,,,,,,0.0,,,1,352,1,exact,,,,,,,,1.3500000932253897e-05,71677092e439f9cfec4852549e057ecaf2803b35
dv3-A-poisson-003346,3,A,poisson,3346,,,,3:1:0:3346,,test,6,542.7517981278979,,,,,,,,,,,,,,,,,,,,0.0,,,1,544,1,exact,,,,,,,,1.5875000826781616e-05,74758505fa5991bbeac71c8d7b654e8defcc14da
dv3-A-poisson-003347,3,A,poisson,3347,,,,3:1:0:3347,,test,6,401.1540512987491,,,,,,,,,,,,,,,,,,,,0.0,,,1,405,1,exact,,,,,,,,1.4250003005145118e-05,64acb53d10ea7b64a52e1b0245941b402d91f757
dv3-A-poisson-003348,3,A,poisson,3348,,,,3:1:0:3348,,test,6,323.829983692852,,,,,,,,,,,,,,,,,,,,0.0,,,1,343,1,exact,,,,,,,,1.375000283587724e-05,ae831f50bf391e2265a4ec5260449047601a7b15
dv3-A-poisson-003349,3,A,poisson,3349,,,,3:1:0:3349,,test,6,159.12497250541006,,,,,,,,,,,,,,,,,,,,0.0,,,1,168,1,exact,,,,,,,,1.133299883804284e-05,97b124e0608c35328832ba85e920d570c130ef56
dv3-A-poisson-003350,3,A,poisson,3350,,,,3:1:0:3350,,test,6,607.4638534373202,,,,,,,,,,,,,,,,,,,,0.0,,,1,594,1,exact,,,,,,,,1.645800148253329e-05,f227c6ac1c9092aee64b71417fd8fab48f108238
dv3-A-poisson-003351,3,A,poisson,3351,,,,3:1:0:3351,,test,6,223.369819406461,,,,,,,,,,,,,,,,,,,,0.0,,,1,211,1,exact,,,,,,,,1.1749998520826921e-05,1064dcd654e9df329f0031f3666bb54b756b33e9
dv3-A-poisson-003352,3,A,poisson,3352,,,,3:1:0:3352,,test,6,492.8606602520829,,,,,,,,,,,,,,,,,,,,0.0,,,1,508,1,exact,,,,,,,,1.5249999705702066e-05,8e7d6c8306eec0113e3e239ac78c77a944ad2118
dv3-A-poisson-003353,3,A,poisson,3353,,,,3:1:0:3353,,test,6,250.1280951108652,,,,,,,,,,,,,,,,,,,,0.0,,,1,256,1,exact,,,,,,,,1.237499964190647e-05,bac446e1fa006bdca1a083f52971156a4283fcf4
dv3-A-poisson-003354,3,A,poisson,3354,,,,3:1:0:3354,,test,6,214.84515748654366,,,,,,,,,,,,,,,,,,,,0.0,,,1,243,1,exact,,,,,,,,1.2291999155422673e-05,484b6fa2d1dba6c2365fd063dcdfe11b125bb86d
dv3-A-poisson-003355,3,A,poisson,3355,,,,3:1:0:3355,,test,6,171.84282617363058,,,,,,,,,,,,,,,,,,,,0.0,,,1,179,1,exact,,,,,,,,1.1500000255182385e-05,7a4e59f1e6ec8b0ca6cd4c81781110e6205e862e
dv3-A-poisson-003356,3,A,poisson,3356,,,,3:1:0:3356,,test,6,364.50043262137666,,,,,,,,,,,,,,,,,,,,0.0,,,1,382,1,exact,,,,,,,,1.412499841535464e-05,26a474f4f3b8e7f99a8998d807d619ce7d5b98ce
dv3-A-poisson-003357,3,A,poisson,3357,,,,3:1:0:3357,,test,6,410.1458838354694,,,,,,,,,,,,,,,,,,,,0.0,,,1,433,1,exact,,,,,,,,1.4500001270789653e-05,3ee59c10081c219607fae0ea35fa9453c6408941
dv3-A-poisson-003358,3,A,poisson,3358,,,,3:1:0:3358,,test,6,170.0565842922753,,,,,,,,,,,,,,,,,,,,0.0,,,1,193,1,exact,,,,,,,,1.1707998055499047e-05,f9d81e36c3c1b897c8bf78d10d1e3a77185419e7
dv3-A-poisson-003359,3,A,poisson,3359,,,,3:1:0:3359,,test,6,347.21292427737615,,,,,,,,,,,,,,,,,,,,0.0,,,1,329,1,exact,,,,,,,,1.3290999049786478e-05,6c6fe96701ce57820a69a4b6c7afe98ff0a51bf3
dv3-A-poisson-003360,3,A,poisson,3360,,,,3:1:0:3360,,test,6,118.46745148219968,,,,,,,,,,,,,,,,,,,,0.0,,,1,125,1,exact,,,,,,,,1.0666000889614224e-05,8533f66310a6dce89bd57ff0358981206ec45d5d
dv3-A-poisson-003361,3,A,poisson,3361,,,,3:1:0:3361,,test,6,166.73583567892646,,,,,,,,,,,,,,,,,,,,0.0,,,1,157,1,exact,,,,,,,,1.1209001968381926e-05,63391c73544bf4c0f6a7951fa9ea4490ae8ed29c
dv3-A-poisson-003362,3,A,poisson,3362,,,,3:1:0:3362,,test,6,187.72904230093815,,,,,,,,,,,,,,,,,,,,0.0,,,1,192,1,exact,,,,,,,,1.3374999980442226e-05,6ed6a3c1b381d4fd59b7c06abe0ef0237f9b172a
dv3-A-poisson-003363,3,A,poisson,3363,,,,3:1:0:3363,,test,6,542.4027924203053,,,,,,,,,,,,,,,,,,,,0.0,,,1,525,1,exact,,,,,,,,1.5833000361453742e-05,9044125fa2d7c7fd248a1e6a923a9b373af5206d
dv3-A-poisson-003364,3,A,poisson,3364,,,,3:1:0:3364,,test,6,169.86342721684508,,,,,,,,,,,,,,,,,,,,0.0,,,1,179,1,exact,,,,,,,,1.1167001503054053e-05,b73d921ec4177eb007e990c46f1a7fd2fea6975d
dv3-A-poisson-003365,3,A,poisson,3365,,,,3:1:0:3365,,test,6,127.86049654939178,,,,,,,,,,,,,,,,,,,,0.0,,,1,133,1,exact,,,,,,,,1.0832998668774962e-05,c3684f332d2c4e37fea25d3fb9e3979d1ba72144
dv3-A-poisson-003366,3,A,poisson,3366,,,,3:1:0:3366,,test,6,142.6539847248984,,,,,,,,,,,,,,,,,,,,0.0,,,1,165,1,exact,,,,,,,,1.1125001037726179e-05,7a2b5756d405d7b9c26c6a38c654340df3f74178
dv3-A-poisson-003367,3,A,poisson,3367,,,,3:1:0:3367,,test,6,183.34355564212024,,,,,,,,,,,,,,,,,,,,0.0,,,1,179,1,exact,,,,,,,,1.120899833040312e-05,8a126422c8351968a5de9db2e4c1bb01a2f40230
dv3-A-poisson-003368,3,A,poisson,3368,,,,3:1:0:3368,,test,6,126.09512546012822,,,,,,,,,,,,,,,,,,,,0.0,,,1,132,1,exact,,,,,,,,1.0458999895490706e-05,e74830c783f5b94b6032b4cb07b0f8292a775104
dv3-A-poisson-003369,3,A,poisson,3369,,,,3:1:0:3369,,test,6,211.45861356379228,,,,,,,,,,,,,,,,,,,,0.0,,,1,216,1,exact,,,,,,,,1.195799995912239e-05,160f514118d63327ab9960e0da742394c8785398
dv3-A-poisson-003370,3,A,poisson,3370,,,,3:1:0:3370,,test,6,176.55791134898726,,,,,,,,,,,,,,,,,,,,0.0,,,1,187,1,exact,,,,,,,,6.666600165772252e-05,ede8fadddda62e71aa1dc669fa978f899806fb4e
dv3-A-poisson-003371,3,A,poisson,3371,,,,3:1:0:3371,,test,6,159.75902925447957,,,,,,,,,,,,,,,,,,,,0.0,,,1,161,1,exact,,,,,,,,3.0125000193947926e-05,0f14b6100aff379b2e5c90a73afd658a93ab5302
dv3-A-poisson-003372,3,A,poisson,3372,,,,3:1:0:3372,,test,6,138.02937496893662,,,,,,,,,,,,,,,,,,,,0.0,,,1,135,1,exact,,,,,,,,2.520800262573175e-05,1a7a291921e7bd0f76a8a1d50e8e758706246e01
dv3-A-poisson-003373,3,A,poisson,3373,,,,3:1:0:3373,,test,6,103.72259109910533,,,,,,,,,,,,,,,,,,,,0.0,,,1,107,1,exact,,,,,,,,2.3207998310681432e-05,e5b8c4c957d2409409f6d3f08d275ebf2c948717
dv3-A-poisson-003374,3,A,poisson,3374,,,,3:1:0:3374,,test,6,277.88313497743724,,,,,,,,,,,,,,,,,,,,0.0,,,1,288,1,exact,,,,,,,,2.870800017262809e-05,9a4eda77b2c5cc40b9de5cd02292d3af4cfa0eaa
dv3-A-poisson-003375,3,A,poisson,3375,,,,3:1:0:3375,,test,6,416.5891032655937,,,,,,,,,,,,,,,,,,,,0.0,,,1,412,1,exact,,,,,,,,3.0125000193947926e-05,b0453b994b501a1f7ac22a94666e00d9db6aff48
dv3-A-poisson-003376,3,A,poisson,3376,,,,3:1:0:3376,,test,6,296.6676147366176,,,,,,,,,,,,,,,,,,,,0.0,,,1,279,1,exact,,,,,,,,2.6707999495556578e-05,88b90db662023ae4693a89879d5a13b7c1929c2a
dv3-A-poisson-003377,3,A,poisson,3377,,,,3:1:0:3377,,test,6,497.65029803107996,,,,,,,,,,,,,,,,,,,,0.0,,,1,530,1,exact,,,,,,,,3.316699803690426e-05,074b9f374cd48dbe800d53a11229deb95b4efb34
dv3-A-poisson-003378,3,A,poisson,3378,,,,3:1:0:3378,,test,6,162.57038600434498,,,,,,,,,,,,,,,,,,,,0.0,,,1,154,1,exact,,,,,,,,2.3708002117928118e-05,187a60793f4d14c908540843d41f3319a7240451
dv3-A-poisson-003379,3,A,poisson,3379,,,,3:1:0:3379,,test,6,154.92036968686546,,,,,,,,,,,,,,,,,,,,0.0,,,1,154,1,exact,,,,,,,,2.316699828952551e-05,3ef2fd8ff2bc61170cd9891f3690dd06eba4bb50
dv3-A-poisson-003380,3,A,poisson,3380,,,,3:1:0:3380,,test,6,647.0330877894378,,,,,,,,,,,,,,,,,,,,0.0,,,1,671,1,exact,,,,,,,,3.670899968710728e-05,cfff269197b845a94369d3249b5099981fd96bbb
dv3-A-poisson-003381,3,A,poisson,3381,,,,3:1:0:3381,,test,6,750.9168141516357,,,,,,,,,,,,,,,,,,,,0.0,,,1,784,1,exact,,,,,,,,4.512499799602665e-05,e74e9781241e4ad0c2ea959183623129ae79eb4b
dv3-A-poisson-003382,3,A,poisson,3382,,,,3:1:0:3382,,test,6,266.41968760707135,,,,,,,,,,,,,,,,,,,,0.0,,,1,292,1,exact,,,,,,,,2.649999805726111e-05,30ab88b6a8745e8377229366078952080809f789
dv3-A-poisson-003383,3,A,poisson,3383,,,,3:1:0:3383,,test,6,100.15526268361239,,,,,,,,,,,,,,,,,,,,0.0,,,1,99,1,exact,,,,,,,,2.154100002371706e-05,073a8d332b2374f7112602ade98bbb9ba39646e0
dv3-A-poisson-003384,3,A,poisson,3384,,,,3:1:0:3384,,test,6,117.94536920783231,,,,,,,,,,,,,,,,,,,,0.0,,,1,133,1,exact,,,,,,,,2.212499748566188e-05,e1e6605d280ba49f19eaee946d788360b5697c2b
dv3-A-poisson-003385,3,A,poisson,3385,,,,3:1:0:3385,,test,6,164.26662570856627,,,,,,,,,,,,,,,,,,,,0.0,,,1,163,1,exact,,,,,,,,2.2999996872385964e-05,cf2e39b6e1ab675e8638f4c257b81030a6bed6dc
dv3-A-poisson-003386,3,A,poisson,3386,,,,3:1:0:3386,,test,6,424.69524165453674,,,,,,,,,,,,,,,,,,,,0.0,,,1,392,1,exact,,,,,,,,2.925000080722384e-05,b8d6722cd0d852840552a77278e7c158c0de0300
dv3-A-poisson-003387,3,A,poisson,3387,,,,3:1:0:3387,,test,6,342.7442960413382,,,,,,,,,,,,,,,,,,,,0.0,,,1,348,1,exact,,,,,,,,2.7833000785904005e-05,420d487ed9abc996358a7be1c6c630bf1d23aa23
dv3-A-poisson-003388,3,A,poisson,3388,,,,3:1:0:3388,,test,6,481.4385486892004,,,,,,,,,,,,,,,,,,,,0.0,,,1,468,1,exact,,,,,,,,4.0000002627493814e-05,cbeaa1f525d3186b811d1174d82fbcaf84eb0f4c
dv3-A-poisson-003389,3,A,poisson,3389,,,,3:1:0:3389,,test,6,258.78005934496383,,,,,,,,,,,,,,,,,,,,0.0,,,1,264,1,exact,,,,,,,,2.5833000108832493e-05,9ca0ab75599cd7d22311dc89688cbfd45d5e9b56
dv3-A-poisson-003390,3,A,poisson,3390,,,,3:1:0:3390,,test,6,183.76518199748133,,,,,,,,,,,,,,,,,,,,0.0,,,1,178,1,exact,,,,,,,,2.6166999305132776e-05,5e4207dc6d8628b47e95716c0800c5c553d862af
dv3-A-poisson-003391,3,A,poisson,3391,,,,3:1:0:3391,,test,6,395.9780665544448,,,,,,,,,,,,,,,,,,,,0.0,,,1,403,1,exact,,,,,,,,6.229100108612329e-05,a3e38a2482d6db1afde6309968047015605726d7
dv3-A-poisson-003392,3,A,poisson,3392,,,,3:1:0:3392,,test,6,500.989122399166,,,,,,,,,,,,,,,,,,,,0.0,,,1,494,1,exact,,,,,,,,3.6666999221779406e-05,f131d754c1f6f383a03d9e9dfa14cd3cdfbc1e50
dv3-A-poisson-003393,3,A,poisson,3393,,,,3:1:0:3393,,test,6,119.33181888431086,,,,,,,,,,,,,,,,,,,,0.0,,,1,125,1,exact,,,,,,,,1.787499786587432e-05,e5cab4b553105d96d92b397b4016cfa0dbb611ea
dv3-A-poisson-003394,3,A,poisson,3394,,,,3:1:0:3394,,test,6,328.63651513151376,,,,,,,,,,,,,,,,,,,,0.0,,,1,305,1,exact,,,,,,,,1.6250000044237822e-05,6e69cb0c38cec24c6aeb571d1a87ab07a84f40e8
dv3-A-poisson-003395,3,A,poisson,3395,,,,3:1:0:3395,,test,6,313.3172693378099,,,,,,,,,,,,,,,,,,,,0.0,,,1,301,1,exact,,,,,,,,1.4833000022917986e-05,24d720c913fca1022cc7c602f23bcb665ea92525
dv3-A-poisson-003396,3,A,poisson,3396,,,,3:1:0:3396,,test,6,369.04791560707383,,,,,,,,,,,,,,,,,,,,0.0,,,1,387,1,exact,,,,,,,,1.5541001630481333e-05,c15c6b4a74efaf1877fc99e2426aebfa418ed548
dv3-A-poisson-003397,3,A,poisson,3397,,,,3:1:0:3397,,test,6,146.28153668226912,,,,,,,,,,,,,,,,,,,,0.0,,,1,161,1,exact,,,,,,,,1.2584001524373889e-05,cc3c0f761abdad4467b5e25d1135384795511c90
dv3-A-poisson-003398,3,A,poisson,3398,,,,3:1:0:3398,,test,6,167.3945117337913,,,,,,,,,,,,,,,,,,,,0.0,,,1,167,1,exact,,,,,,,,1.1833999451482669e-05,a2c5b336c8be2aa59518ea188fb226c6b94ad7fd
dv3-A-poisson-003399,3,A,poisson,3399,,,,3:1:0:3399,,test,6,622.6501877125887,,,,,,,,,,,,,,,,,,,,0.0,,,1,626,1,exact,,,,,,,,1.745799818309024e-05,df4b038ddd503b72e8215ca98a5b3f4566956db3
dv3-A-poisson-003400,3,A,poisson,3400,,,,3:1:0:3400,,test,6,107.82828334783936,,,,,,,,,,,,,,,,,,,,0.0,,,1,116,1,exact,,,,,,,,1.1166001058882102e-05,d46a18c0c6341797a0fb361a6b91f228b553d2e3
dv3-A-poisson-003401,3,A,poisson,3401,,,,3:1:0:3401,,test,6,213.46218380133357,,,,,,,,,,,,,,,,,,,,0.0,,,1,208,1,exact,,,,,,,,1.229100234922953e-05,e903674d6536d23ce7cafa1c5e7c204d806b5722
dv3-A-poisson-003402,3,A,poisson,3402,,,,3:1:0:3402,,test,6,132.2636097738956,,,,,,,,,,,,,,,,,,,,0.0,,,1,134,1,exact,,,,,,,,1.1167001503054053e-05,999a33aba4d4d4a19bc7bee2a9807cfeeabb9e1c
dv3-A-poisson-003403,3,A,poisson,3403,,,,3:1:0:3403,,test,6,764.3122192973194,,,,,,,,,,,,,,,,,,,,0.0,,,1,759,1,exact,,,,,,,,1.9333001546328887e-05,636c1a0d8086c51b24c934fe1deadbdf86771e76
dv3-A-poisson-003404,3,A,poisson,3404,,,,3:1:0:3404,,test,6,176.48820476879095,,,,,,,,,,,,,,,,,,,,0.0,,,1,158,1,exact,,,,,,,,1.1208001524209976e-05,34bda482c9e671da2fa2fc71f78fd3c1da1fa881
dv3-A-poisson-003405,3,A,poisson,3405,,,,3:1:0:3405,,test,6,184.38390053544538,,,,,,,,,,,,,,,,,,,,0.0,,,1,179,1,exact,,,,,,,,1.1749998520826921e-05,434bc3efa83d54fa8f09d52af65ff12d5ed680f6
dv3-A-poisson-003406,3,A,poisson,3406,,,,3:1:0:3406,,test,6,149.65240368802765,,,,,,,,,,,,,,,,,,,,0.0,,,1,146,1,exact,,,,,,,,1.4499997632810846e-05,49d1a82b8810ead8f928a226df4a554c2a2114a9
dv3-A-poisson-003407,3,A,poisson,3407,,,,3:1:0:3407,,test,6,541.3605279438895,,,,,,,,,,,,,,,,,,,,0.0,,,1,528,1,exact,,,,,,,,1.6709000192349777e-05,846f327ce3d11b63a5a0956ba1213192fc302057
dv3-A-poisson-003408,3,A,poisson,3408,,,,3:1:0:3408,,test,6,132.52195690270457,,,,,,,,,,,,,,,,,,,,0.0,,,1,127,1,exact,,,,,,,,1.0832998668774962e-05,8d25cfca66a839eb8a282081e7b4417aa23e7b35
dv3-A-poisson-003409,3,A,poisson,3409,,,,3:1:0:3409,,test,6,453.4341274673759,,,,,,,,,,,,,,,,,,,,0.0,,,1,462,1,exact,,,,,,,,1.4999997802078724e-05,d4f52354b8eb620785e387d80d38f55df99585f7
dv3-A-poisson-003410,3,A,poisson,3410,,,,3:1:0:3410,,test,6,649.6500187413552,,,,,,,,,,,,,,,,,,,,0.0,,,1,658,1,exact,,,,,,,,1.7458001821069047e-05,23149afebff3dd33ba7eaaef59294c5ffe7c28d7
dv3-A-poisson-003411,3,A,poisson,3411,,,,3:1:0:3411,,test,6,290.25565547363317,,,,,,,,,,,,,,,,,,,,0.0,,,1,295,1,exact,,,,,,,,1.5375000657513738e-05,3e53c5265a6c9f037461d12748adb1f3981945d3
dv3-A-poisson-003412,3,A,poisson,3412,,,,3:1:0:3412,,test,6,380.4098861564259,,,,,,,,,,,,,,,,,,,,0.0,,,1,403,1,exact,,,,,,,,1.4083001588005573e-05,39fa764f7afd8348dc3a67625048b22d707e646d
dv3-A-poisson-003413,3,A,poisson,3413,,,,3:1:0:3413,,test,6,556.145836104556,,,,,,,,,,,,,,,,,,,,0.0,,,1,541,1,exact,,,,,,,,1.5833000361453742e-05,5dc00a627878945402f4ee33ea849389799fb01c
dv3-A-poisson-003414,3,A,poisson,3414,,,,3:1:0:3414,,test,6,229.2991438038579,,,,,,,,,,,,,,,,,,,,0.0,,,1,216,1,exact,,,,,,,,1.2125001376261935e-05,5284f2b58d2a7e7bb610a86a18e6dc1705c1fb45
dv3-A-poisson-003415,3,A,poisson,3415,,,,3:1:0:3415,,test,6,312.2103966201242,,,,,,,,,,,,,,,,,,,,0.0,,,1,320,1,exact,,,,,,,,1.34170004457701e-05,3ec88d6335e1aa65156fe79c5775248ec7d813de
dv3-A-poisson-003416,3,A,poisson,3416,,,,3:1:0:3416,,test,6,107.63258912705108,,,,,,,,,,,,,,,,,,,,0.0,,,1,100,1,exact,,,,,,,,1.0333998943679035e-05,f4329abbf717f068cdb4a6e287180fcc46ffa9b2
dv3-A-poisson-003417,3,A,poisson,3417,,,,3:1:0:3417,,test,6,659.6572785020029,,,,,,,,,,,,,,,,,,,,0.0,,,1,666,1,exact,,,,,,,,1.7833001038525254e-05,9370b7bed5973d669c334a5f012b518a6c5bbb55
dv3-A-poisson-003418,3,A,poisson,3418,,,,3:1:0:3418,,test,6,244.3298661332833,,,,,,,,,,,,,,,,,,,,0.0,,,1,229,1,exact,,,,,,,,1.237499964190647e-05,1317610e2a4f64dcf009436829f37f714cb7b580
dv3-A-poisson-003419,3,A,poisson,3419,,,,3:1:0:3419,,test,6,466.10643486243964,,,,,,,,,,,,,,,,,,,,0.0,,,1,485,1,exact,,,,,,,,1.5333000192185864e-05,b0367066ebddff9a75df597125c7efa65c180ae0
dv3-A-poisson-003420,3,A,poisson,3420,,,,3:1:0:3420,,test,6,266.2374688085829,,,,,,,,,,,,,,,,,,,,0.0,,,1,270,1,exact,,,,,,,,1.270800203201361e-05,937d50cdff00418ce3296a78cdf863e107e86549
dv3-A-poisson-003421,3,A,poisson,3421,,,,3:1:0:3421,,test,6,332.7540726427087,,,,,,,,,,,,,,,,,,,,0.0,,,1,299,1,exact,,,,,,,,1.2749998859362677e-05,b1cbff040130d8d313b5ccf5717c1e2fa2015e12
dv3-A-poisson-003422,3,A,poisson,3422,,,,3:1:0:3422,,test,6,450.5993364627394,,,,,,,,,,,,,,,,,,,,0.0,,,1,452,1,exact,,,,,,,,1.4999997802078724e-05,a6e47dc8ab546a737a668b8ceb403dc3a867de86
dv3-A-poisson-003423,3,A,poisson,3423,,,,3:1:0:3423,,test,6,245.05415348335916,,,,,,,,,,,,,,,,,,,,0.0,,,1,241,1,exact,,,,,,,,1.229200279340148e-05,ddbdcc224cd1a8553bc720da20b48ff2b9345eda
dv3-A-poisson-003424,3,A,poisson,3424,,,,3:1:0:3424,,test,6,104.4957509823493,,,,,,,,,,,,,,,,,,,,0.0,,,1,102,1,exact,,,,,,,,1.029099803417921e-05,eb6804bc197ba5721b7f5ddf504fc8dbe650ec25
dv3-A-poisson-003425,3,A,poisson,3425,,,,3:1:0:3425,,test,6,738.4882434974319,,,,,,,,,,,,,,,,,,,,0.0,,,1,778,1,exact,,,,,,,,1.9209001038689166e-05,f3c7537476bee62d992ada68668ec927849e02d7
dv3-A-poisson-003426,3,A,poisson,3426,,,,3:1:0:3426,,test,6,166.55831077981975,,,,,,,,,,,,,,,,,,,,0.0,,,1,175,1,exact,,,,,,,,1.154200072051026e-05,39e33e996a0ea5d1fc63b6bb3e4e02916681ac45
dv3-A-poisson-003427,3,A,poisson,3427,,,,3:1:0:3427,,test,6,305.63053763213935,,,,,,,,,,,,,,,,,,,,0.0,,,1,306,1,exact,,,,,,,,1.300000076298602e-05,ce7d50cd4f1732d44d4f28745d41513497818916
dv3-A-poisson-003428,3,A,poisson,3428,,,,3:1:0:3428,,test,6,479.2260539186934,,,,,,,,,,,,,,,,,,,,0.0,,,1,484,1,exact,,,,,,,,1.5082998288562521e-05,e25b4d0c703a6fe179f00c86c0d40d913c02edcc
dv3-A-poisson-003429,3,A,poisson,3429,,,,3:1:0:3429,,test,6,219.21112826257198,,,,,,,,,,,,,,,,,,,,0.0,,,1,210,1,exact,,,,,,,,1.1916999937966466e-05,49fc1f297eb79ec85bf06ec1c633d13638b36ff9
dv3-A-poisson-003430,3,A,poisson,3430,,,,3:1:0:3430,,test,6,699.1573226787622,,,,,,,,,,,,,,,,,,,,0.0,,,1,734,1,exact,,,,,,,,1.8167000234825537e-05,c0eb8c468061d6804c6742f2cdba0961e9e24b90
dv3-A-poisson-003431,3,A,poisson,3431,,,,3:1:0:3431,,test,6,522.9014565659871,,,,,,,,,,,,,,,,,,,,0.0,,,1,549,1,exact,,,,,,,,1.5875000826781616e-05,00f03b23a919c984766dc66f5dba5ad27733df7d
dv3-A-poisson-003432,3,A,poisson,3432,,,,3:1:0:3432,,test,6,102.6243308881324,,,,,,,,,,,,,,,,,,,,0.0,,,1,129,1,exact,,,,,,,,1.2500000593718141e-05,3bfbb1103656ecdc22985658c924a05a47cede4d
dv3-A-poisson-003433,3,A,poisson,3433,,,,3:1:0:3433,,test,6,258.6175042000685,,,,,,,,,,,,,,,,,,,,0.0,,,1,264,1,exact,,,,,,,,1.2584001524373889e-05,6800e4dd1e1535aed845e6fdad540a85f8090dd7
dv3-A-poisson-003434,3,A,poisson,3434,,,,3:1:0:3434,,test,6,522.6431602102507,,,,,,,,,,,,,,,,,,,,0.0,,,1,535,1,exact,,,,,,,,1.5958001313265413e-05,3e8ea35a00baa25e4c29f75be68e2a5ac238c2aa
dv3-A-poisson-003435,3,A,poisson,3435,,,,3:1:0:3435,,test,6,285.57660819963826,,,,,,,,,,,,,,,,,,,,0.0,,,1,271,1,exact,,,,,,,,1.2415999663062394e-05,e49210c60158d397673977f89f88befb67d05175
dv3-A-poisson-003436,3,A,poisson,3436,,,,3:1:0:3436,,test,6,526.3050628349424,,,,,,,,,,,,,,,,,,,,0.0,,,1,548,1,exact,,,,,,,,1.5833000361453742e-05,3df146cf091cfd10cc75247ff4cd23af9fb61c3d
dv3-A-poisson-003437,3,A,poisson,3437,,,,3:1:0:3437,,test,6,195.85772787548186,,,,,,,,,,,,,,,,,,,,0.0,,,1,232,1,exact,,,,,,,,1.1874999472638592e-05,2e43e4caf8b5cef049adab6c5671e71ecaa5adc6
dv3-A-poisson-003438,3,A,poisson,3438,,,,3:1:0:3438,,test,6,406.1330181218687,,,,,,,,,,,,,,,,,,,,0.0,,,1,394,1,exact,,,,,,,,1.3958000636193901e-05,4c538f5336c9d589f0563523ebfb13048d013499
dv3-A-poisson-003439,3,A,poisson,3439,,,,3:1:0:3439,,test,6,102.22214050911265,,,,,,,,,,,,,,,,,,,,0.0,,,1,101,1,exact,,,,,,,,1.0374998964834958e-05,73366a9a617274763be90366ab1dea0ecead53fe
dv3-A-poisson-003440,3,A,poisson,3440,,,,3:1:0:3440,,test,6,132.67304003508173,,,,,,,,,,,,,,,,,,,,0.0,,,1,128,1,exact,,,,,,,,1.0624997230479494e-05,ef9973075ca056b09a3068aa61a233bbe2ab44d2
dv3-A-poisson-003441,3,A,poisson,3441,,,,3:1:0:3441,,test,6,420.7334499092143,,,,,,,,,,,,,,,,,,,,0.0,,,1,419,1,exact,,,,,,,,1.4125002053333446e-05,0ede4d203807017e6431faccd525457d579c7f5f
dv3-A-poisson-003442,3,A,poisson,3442,,,,3:1:0:3442,,test,6,479.39297854578155,,,,,,,,,,,,,,,,,,,,0.0,,,1,463,1,exact,,,,,,,,1.4709003153257072e-05,779fa40fe0978b49a457306aa15da03e6f4f3110
dv3-A-poisson-003443,3,A,poisson,3443,,,,3:1:0:3443,,test,6,149.26196739088135,,,,,,,,,,,,,,,,,,,,0.0,,,1,163,1,exact,,,,,,,,1.1042000551242381e-05,bf84f18177589330aa51852b592e41309112aa2c
dv3-A-poisson-003444,3,A,poisson,3444,,,,3:1:0:3444,,test,6,347.6678699105361,,,,,,,,,,,,,,,,,,,,0.0,,,1,346,1,exact,,,,,,,,1.4166998880682513e-05,f55ce91cc2426b3bfaee55f5b1efc759c422b25c
dv3-A-poisson-003445,3,A,poisson,3445,,,,3:1:0:3445,,test,6,171.53071755027963,,,,,,,,,,,,,,,,,,,,0.0,,,1,154,1,exact,,,,,,,,1.1083000572398305e-05,f2fc06d2d412bb455d19b482da2e3daf3c733e10
dv3-A-poisson-003446,3,A,poisson,3446,,,,3:1:0:3446,,test,6,751.1893961469283,,,,,,,,,,,,,,,,,,,,0.0,,,1,737,1,exact,,,,,,,,1.9082999642705545e-05,ace07439e248eae286e04d5642a9345940162884
dv3-A-poisson-003447,3,A,poisson,3447,,,,3:1:0:3447,,test,6,303.11517973658374,,,,,,,,,,,,,,,,,,,,0.0,,,1,310,1,exact,,,,,,,,1.3208002201281488e-05,058e2bbb537f2f8c182110d27d8ccbf345b5bb5d
dv3-A-poisson-003448,3,A,poisson,3448,,,,3:1:0:3448,,test,6,384.2628944602777,,,,,,,,,,,,,,,,,,,,0.0,,,1,410,1,exact,,,,,,,,1.4375000318977982e-05,b0069692e61fe6898c2b4ebd7ccc47c1717924d4
dv3-A-poisson-003449,3,A,poisson,3449,,,,3:1:0:3449,,test,6,759.7059753061344,,,,,,,,,,,,,,,,,,,,0.0,,,1,778,1,exact,,,,,,,,1.904199962154962e-05,6bb4eb798983adc1c0a90985d86e7b4bc2a48995
dv3-A-poisson-003450,3,A,poisson,3450,,,,3:1:0:3450,,test,6,551.4116074945416,,,,,,,,,,,,,,,,,,,,0.0,,,1,586,1,exact,,,,,,,,1.6707999748177826e-05,ed2dca9a168ee5426d5143274f7f54bc4b223337
dv3-A-poisson-003451,3,A,poisson,3451,,,,3:1:0:3451,,test,6,116.50516700513232,,,,,,,,,,,,,,,,,,,,0.0,,,1,116,1,exact,,,,,,,,1.0415998985990882e-05,d9cc997bbd7e6dfbba0d004a5390651f63ed2c8a
dv3-A-poisson-003452,3,A,poisson,3452,,,,3:1:0:3452,,test,6,716.6588358356756,,,,,,,,,,,,,,,,,,,,0.0,,,1,739,1,exact,,,,,,,,1.8292001186637208e-05,723d022bf849463f502082d8bfc7df3cf4a6602e
dv3-A-poisson-003453,3,A,poisson,3453,,,,3:1:0:3453,,test,6,102.38768236996827,,,,,,,,,,,,,,,,,,,,0.0,,,1,107,1,exact,,,,,,,,1.0540999937802553e-05,03ae80863e896818c4ecb76d28f920f5520be112
dv3-A-poisson-003454,3,A,poisson,3454,,,,3:1:0:3454,,test,6,556.56383561534,,,,,,,,,,,,,,,,,,,,0.0,,,1,549,1,exact,,,,,,,,1.745899862726219e-05,3f4ec70429dc31fe9d918f92b4895bd685191e30
dv3-A-poisson-003455,3,A,poisson,3455,,,,3:1:0:3455,,test,6,170.33712447474917,,,,,,,,,,,,,,,,,,,,0.0,,,1,172,1,exact,,,,,,,,1.1459000234026462e-05,0cf5c4d804238894bbcf14b7601726f33d524a15
dv3-A-poisson-003456,3,A,poisson,3456,,,,3:1:0:3456,,test,6,164.70050949973404,,,,,,,,,,,,,,,,,,,,0.0,,,1,171,1,exact,,,,,,,,1.125000198953785e-05,8d6779aefcb914ab74e5d5ae38020a96bc861394
dv3-A-poisson-003457,3,A,poisson,3457,,,,3:1:0:3457,,test,6,252.2080027448053,,,,,,,,,,,,,,,,,,,,0.0,,,1,234,1,exact,,,,,,,,1.2333999620750546e-05,016d5fd26e177f3c0fcab07f0d8c9f683be58f1f
dv3-A-poisson-003458,3,A,poisson,3458,,,,3:1:0:3458,,test,6,124.29631918043367,,,,,,,,,,,,,,,,,,,,0.0,,,1,122,1,exact,,,,,,,,1.0833999112946913e-05,6da284656c6d30f657b8bb23815465c678fb01a2
dv3-A-poisson-003459,3,A,poisson,3459,,,,3:1:0:3459,,test,6,174.5836479505532,,,,,,,,,,,,,,,,,,,,0.0,,,1,157,1,exact,,,,,,,,1.1291998816886917e-05,67715d3e6a9080e56f2f3fcf3d6875e4bfdba904
dv3-A-poisson-003460,3,A,poisson,3460,,,,3:1:0:3460,,test,6,661.612862759082,,,,,,,,,,,,,,,,,,,,0.0,,,1,662,1,exact,,,,,,,,1.799999881768599e-05,47f97cdfb6061e78b3a062e5198044e085cdbfa0
dv3-A-poisson-003461,3,A,poisson,3461,,,,3:1:0:3461,,test,6,461.1803996437555,,,,,,,,,,,,,,,,,,,,0.0,,,1,492,1,exact,,,,,,,,1.529200017102994e-05,336c5d89e870a706596ec19a98c1609de007cb5c
dv3-A-poisson-003462,3,A,poisson,3462,,,,3:1:0:3462,,test,6,135.74501030193323,,,,,,,,,,,,,,,,,,,,0.0,,,1,135,1,exact,,,,,,,,1.0667001333786175e-05,b25d2ea398cd5ed91f856af042770be67eedd2b3
dv3-A-poisson-003463,3,A,poisson,3463,,,,3:1:0:3463,,test,6,482.2825446015334,,,,,,,,,,,,,,,,,,,,0.0,,,1,505,1,exact,,,,,,,,1.5666999388486147e-05,993ed39d1cd5bc4878fe7eae5e0b0981249a3ced
dv3-A-poisson-003464,3,A,poisson,3464,,,,3:1:0:3464,,test,6,248.7832401463189,,,,,,,,,,,,,,,,,,,,0.0,,,1,237,1,exact,,,,,,,,1.2041000445606187e-05,9f99c3aa4dc5fdbac4d66a0bd004491a83c72560
dv3-A-poisson-003465,3,A,poisson,3465,,,,3:1:0:3465,,test,6,374.83936632823594,,,,,,,,,,,,,,,,,,,,0.0,,,1,396,1,exact,,,,,,,,1.391699697705917e-05,ab9d017311a16da265c326d1363d61af808f692b
dv3-A-poisson-003466,3,A,poisson,3466,,,,3:1:0:3466,,test,6,114.68536329732059,,,,,,,,,,,,,,,,,,,,0.0,,,1,114,1,exact,,,,,,,,1.0667001333786175e-05,00a121f63759dffeeb82ede8d49d779d1a9a652b
dv3-A-poisson-003467,3,A,poisson,3467,,,,3:1:0:3467,,test,6,255.7484117784754,,,,,,,,,,,,,,,,,,,,0.0,,,1,257,1,exact,,,,,,,,1.2042000889778137e-05,12a5a2cd92301e6aef1ee43bb9f3e4a96b8226dd
dv3-A-poisson-003468,3,A,poisson,3468,,,,3:1:0:3468,,test,6,214.27734269462397,,,,,,,,,,,,,,,,,,,,0.0,,,1,230,1,exact,,,,,,,,1.2000000424450263e-05,99b85cc52784b4f694813294d05ca7127175376f
dv3-A-poisson-003469,3,A,poisson,3469,,,,3:1:0:3469,,test,6,632.0203166920353,,,,,,,,,,,,,,,,,,,,0.0,,,1,633,1,exact,,,,,,,,1.6916001186473295e-05,c5a9323cf09f0ea5912a38142331566942761221
dv3-A-poisson-003470,3,A,poisson,3470,,,,3:1:0:3470,,test,6,340.7273450957658,,,,,,,,,,,,,,,,,,,,0.0,,,1,332,1,exact,,,,,,,,1.3333999959286302e-05,ba2dc2f877851f26d3f3aba6a48766eca8539286
dv3-A-poisson-003471,3,A,poisson,3471,,,,3:1:0:3471,,test,6,506.6439367564619,,,,,,,,,,,,,,,,,,,,0.0,,,1,490,1,exact,,,,,,,,1.529200017102994e-05,9bc6146eb014a6bc1c7972b0293990779aee378c
dv3-A-poisson-003472,3,A,poisson,3472,,,,3:1:0:3472,,test,6,393.85618696172986,,,,,,,,,,,,,,,,,,,,0.0,,,1,400,1,exact,,,,,,,,1.3875000149710104e-05,295e31ac6aa2d9598bd7a38ca6cbdb1a9aeacea8
dv3-A-poisson-003473,3,A,poisson,3473,,,,3:1:0:3473,,test,6,157.4918300580248,,,,,,,,,,,,,,,,,,,,0.0,,,1,151,1,exact,,,,,,,,1.091699959943071e-05,f8b961470f3df9e0161736093cec0c71d8f12d16
dv3-A-poisson-003474,3,A,poisson,3474,,,,3:1:0:3474,,test,6,421.9256108573385,,,,,,,,,,,,,,,,,,,,0.0,,,1,383,1,exact,,,,,,,,1.3999997463542968e-05,8f6c31743a97c4c7154538ce5b7d879216e379d0
dv3-A-poisson-003475,3,A,poisson,3475,,,,3:1:0:3475,,test,6,740.1558339144299,,,,,,,,,,,,,,,,,,,,0.0,,,1,802,1,exact,,,,,,,,1.912500010803342e-05,4c0bc812cc594c789eff81411f41ecc0505b32a5
dv3-A-poisson-003476,3,A,poisson,3476,,,,3:1:0:3476,,test,6,154.04427719444826,,,,,,,,,,,,,,,,,,,,0.0,,,1,145,1,exact,,,,,,,,1.0916002793237567e-05,8e9c4deb9bf742a43976d5994d110d60a965b9f8
dv3-A-poisson-003477,3,A,poisson,3477,,,,3:1:0:3477,,test,6,119.79256921151847,,,,,,,,,,,,,,,,,,,,0.0,,,1,125,1,exact,,,,,,,,1.091699959943071e-05,77fbd304069b859039c0fdbc950c5382bf5dafb6
dv3-A-poisson-003478,3,A,poisson,3478,,,,3:1:0:3478,,test,6,363.1551319839473,,,,,,,,,,,,,,,,,,,,0.0,,,1,373,1,exact,,,,,,,,1.3665998267242685e-05,76fa411a509f2eb5867edbd8bd6c8bf1a5f5935a
dv3-A-poisson-003479,3,A,poisson,3479,,,,3:1:0:3479,,test,6,765.0235638845448,,,,,,,,,,,,,,,,,,,,0.0,,,1,804,1,exact,,,,,,,,1.8999999156221747e-05,496157e2581c10829597e29ac489ee347871bce1
dv3-A-poisson-003480,3,A,poisson,3480,,,,3:1:0:3480,,test,6,139.0290306163346,,,,,,,,,,,,,,,,,,,,0.0,,,1,150,1,exact,,,,,,,,1.1042000551242381e-05,c839cab194a0d00c9cb8541a48c2a35feabb904d
dv3-A-poisson-003481,3,A,poisson,3481,,,,3:1:0:3481,,test,6,437.0359737958874,,,,,,,,,,,,,,,,,,,,0.0,,,1,393,1,exact,,,,,,,,1.4416997146327049e-05,8159dd49ffcc025a484432f5d7fa824f90e29de4
dv3-A-poisson-003482,3,A,poisson,3482,,,,3:1:0:3482,,test,6,130.37102583715986,,,,,,,,,,,,,,,,,,,,0.0,,,1,126,1,exact,,,,,,,,1.06250008684583e-05,339eec54e0063cc4e81380763ba5f1308216ba52
dv3-A-poisson-003483,3,A,poisson,3483,,,,3:1:0:3483,,test,6,185.85254330225578,,,,,,,,,,,,,,,,,,,,0.0,,,1,173,1,exact,,,,,,,,1.1042000551242381e-05,51b1f2fe6fe198bd09682e84aac35374d5fcc135
dv3-A-poisson-003484,3,A,poisson,3484,,,,3:1:0:3484,,test,6,117.19028588256322,,,,,,,,,,,,,,,,,,,,0.0,,,1,102,1,exact,,,,,,,,1.0250001651002094e-05,bf986bc7ffffcad9ba55a932853e315060ef7b40
dv3-A-poisson-003485,3,A,poisson,3485,,,,3:1:0:3485,,test,6,160.7769353941405,,,,,,,,,,,,,,,,,,,,0.0,,,1,169,1,exact,,,,,,,,1.1665997590171173e-05,143800165dbf11888d6e4a3ef63ff75d9d77b285
dv3-A-poisson-003486,3,A,poisson,3486,,,,3:1:0:3486,,test,6,301.7710541198289,,,,,,,,,,,,,,,,,,,,0.0,,,1,309,1,exact,,,,,,,,1.2917000276502222e-05,aba2cfce3623e16e5ebac91ae7cf5ca2c49fe189
dv3-A-poisson-003487,3,A,poisson,3487,,,,3:1:0:3487,,test,6,245.56156732313187,,,,,,,,,,,,,,,,,,,,0.0,,,1,238,1,exact,,,,,,,,1.195799995912239e-05,fb92905938c68567467ceb2dd5d23cded56493b4
dv3-A-poisson-003488,3,A,poisson,3488,,,,3:1:0:3488,,test,6,227.99515982314347,,,,,,,,,,,,,,,,,,,,0.0,,,1,218,1,exact,,,,,,,,1.1709002137649804e-05,bec884032ad2309fc2f81267ac5cab642337d513
dv3-A-poisson-003489,3,A,poisson,3489,,,,3:1:0:3489,,test,6,337.4914349546175,,,,,,,,,,,,,,,,,,,,0.0,,,1,335,1,exact,,,,,,,,1.34170004457701e-05,f5c52fd6631c41ba3f60ffa24d719a73d7d68885
dv3-A-poisson-003490,3,A,poisson,3490,,,,3:1:0:3490,,test,6,255.27039182589567,,,,,,,,,,,,,,,,,,,,0.0,,,1,250,1,exact,,,,,,,,6.0374997701728716e-05,10c3825ea0087e36080f52ddadb9ffe306e18162
dv3-A-poisson-003491,3,A,poisson,3491,,,,3:1:0:3491,,test,6,291.12333176621615,,,,,,,,,,,,,,,,,,,,0.0,,,1,288,1,exact,,,,,,,,2.8875001589767635e-05,3c8a5bab5f74cdf41537afc1eef91ffd56a8c839
dv3-A-poisson-003492,3,A,poisson,3492,,,,3:1:0:3492,,test,6,681.75813312644,,,,,,,,,,,,,,,,,,,,0.0,,,1,663,1,exact,,,,,,,,4.4666998292086646e-05,130c1281d88fc66f43b2420233459db3ff4af4e5
dv3-A-poisson-003493,3,A,poisson,3493,,,,3:1:0:3493,,test,6,672.1834098530339,,,,,,,,,,,,,,,,,,,,0.0,,,1,643,1,exact,,,,,,,,3.879200085066259e-05,c7526a15f115e79b84df80c31686796c5a0c0988
dv3-A-poisson-003494,3,A,poisson,3494,,,,3:1:0:3494,,test,6,131.24700558750098,,,,,,,,,,,,,,,,,,,,0.0,,,1,150,1,exact,,,,,,,,2.5417000870220363e-05,cfa8107ec49e1ba2c4afc6dc5c9567b39bc8c121
dv3-A-poisson-003495,3,A,poisson,3495,,,,3:1:0:3495,,test,6,323.4818060105469,,,,,,,,,,,,,,,,,,,,0.0,,,1,319,1,exact,,,,,,,,2.89999989036005e-05,2afc41577b865c3868ff759860929e17fdc1a431
dv3-A-poisson-003496,3,A,poisson,3496,,,,3:1:0:3496,,test,6,435.962504163592,,,,,,,,,,,,,,,,,,,,0.0,,,1,438,1,exact,,,,,,,,3.649999780463986e-05,419a1e853f352dfbd6ec85eb2f3f995e4bbfb47a
dv3-A-poisson-003497,3,A,poisson,3497,,,,3:1:0:3497,,test,6,289.8427083572838,,,,,,,,,,,,,,,,,,,,0.0,,,1,277,1,exact,,,,,,,,2.7207999664824456e-05,a02304f97bdf1cfb3a559d4289fea6f50f162dba
dv3-A-poisson-003498,3,A,poisson,3498,,,,3:1:0:3498,,test,6,496.29519960818544,,,,,,,,,,,,,,,,,,,,0.0,,,1,495,1,exact,,,,,,,,3.2500000088475645e-05,a8f0e9459efbbbcdabec08b6723196114fca8835
dv3-A-poisson-003499,3,A,poisson,3499,,,,3:1:0:3499,,test,6,771.1886828326985,,,,,,,,,,,,,,,,,,,,0.0,,,1,771,1,exact,,,,,,,,5.679199966834858e-05,bbbc3fb4ce1fbb4a2213ac834b1d5fac4125f5cd
dv3-A-poisson-003500,3,A,poisson,3500,,,,3:1:0:3500,,test,7,263.22861462817406,,,,,,,,,,,,,,,,,,,,0.0,,,1,271,1,exact,,,,,,,,7.458300024154596e-05,15d5a65a095b0f971628f2566bb78221812a5bec
dv3-A-poisson-003501,3,A,poisson,3501,,,,3:1:0:3501,,test,7,235.00992373197147,,,,,,,,,,,,,,,,,,,,0.0,,,1,220,1,exact,,,,,,,,3.587500032153912e-05,126874020018c27744af2ae51bf1e5cb002f55e8
dv3-A-poisson-003502,3,A,poisson,3502,,,,3:1:0:3502,,test,7,627.0772285799048,,,,,,,,,,,,,,,,,,,,0.0,,,1,609,1,exact,,,,,,,,4.141699901083484e-05,c9f79b9ed9d6842e455055a0842ec5fbe042dd12
dv3-A-poisson-003503,3,A,poisson,3503,,,,3:1:0:3503,,test,7,225.66627032683328,,,,,,,,,,,,,,,,,,,,0.0,,,1,220,1,exact,,,,,,,,2.5249999453080818e-05,89b356b2e8088ba73ea1cbd9bdebea408cd02d70
dv3-A-poisson-003504,3,A,poisson,3504,,,,3:1:0:3504,,test,7,196.3453621285167,,,,,,,,,,,,,,,,,,,,0.0,,,1,160,1,exact,,,,,,,,2.3374999727820978e-05,77d676c236552e26859895d7b93b3d36a1623a6f
dv3-A-poisson-003505,3,A,poisson,3505,,,,3:1:0:3505,,test,7,139.48842275108916,,,,,,,,,,,,,,,,,,,,0.0,,,1,135,1,exact,,,,,,,,2.2542000806424767e-05,9d21f74d75ea3beec78e33d0c05b0e8bdb9dcb6a
dv3-A-poisson-003506,3,A,poisson,3506,,,,3:1:0:3506,,test,7,107.09239026448567,,,,,,,,,,,,,,,,,,,,0.0,,,1,108,1,exact,,,,,,,,2.3458000214304775e-05,93d0e7741f202f63c3b6f2a4ff6011f72048b9dd
dv3-A-poisson-003507,3,A,poisson,3507,,,,3:1:0:3507,,test,7,708.4688402304432,,,,,,,,,,,,,,,,,,,,0.0,,,1,684,1,exact,,,,,,,,3.62089995178394e-05,187164c54aab09cf9f5341431c65b457296acd38
dv3-A-poisson-003508,3,A,poisson,3508,,,,3:1:0:3508,,test,7,323.26018419633516,,,,,,,,,,,,,,,,,,,,0.0,,,1,327,1,exact,,,,,,,,2.766699981293641e-05,4f763ef857f41619a342904afa68bc03a301c9fd
dv3-A-poisson-003509,3,A,poisson,3509,,,,3:1:0:3509,,test,7,166.56159841989822,,,,,,,,,,,,,,,,,,,,0.0,,,1,162,1,exact,,,,,,,,2.2832999093225226e-05,0b6cbc48106caff8ddb0acca2a24f7866d4d9203
dv3-A-poisson-003510,3,A,poisson,3510,,,,3:1:0:3510,,test,7,512.8150525784823,,,,,,,,,,,,,,,,,,,,0.0,,,1,551,1,exact,,,,,,,,3.2291998650180176e-05,73f834ee167dead807036a94d7b07d00a0c9ecc0
dv3-A-poisson-003511,3,A,poisson,3511,,,,3:1:0:3511,,test,7,139.0487940395195,,,,,,,,,,,,,,,,,,,,0.0,,,1,152,1,exact,,,,,,,,2.2416999854613096e-05,a47f73001c5df9e07f3c82343c1183e450f3fe0d
dv3-A-poisson-003512,3,A,poisson,3512,,,,3:1:0:3512,,test,7,279.98747978665006,,,,,,,,,,,,,,,,,,,,0.0,,,1,296,1,exact,,,,,,,,3.2500000088475645e-05,0dee20db40ac92c55502abb891d3916da53e4f9e
dv3-A-poisson-003513,3,A,poisson,3513,,,,3:1:0:3513,,test,7,474.16113982012433,,,,,,,,,,,,,,,,,,,,0.0,,,1,488,1,exact,,,,,,,,3.625000317697413e-05,ee6c6ca78738c507f9ab3ba90e573fcffa977c71
dv3-A-poisson-003514,3,A,poisson,3514,,,,3:1:0:3514,,test,7,307.10328962499403,,,,,,,,,,,,,,,,,,,,0.0,,,1,312,1,exact,,,,,,,,2.6290999812772498e-05,60b875fe0fbd680f37f3069d734bced2b403d4e7
dv3-A-poisson-003515,3,A,poisson,3515,,,,3:1:0:3515,,test,7,298.8535076349109,,,,,,,,,,,,,,,,,,,,0.0,,,1,295,1,exact,,,,,,,,2.591700103948824e-05,6500f22d45d18bc70572b1f7411eaa404c472f04
dv3-A-poisson-003516,3,A,poisson,3516,,,,3:1:0:3516,,test,7,328.6012423827304,,,,,,,,,,,,,,,,,,,,0.0,,,1,330,1,exact,,,,,,,,2.68340008915402e-05,8d3b3fbd14e0c745d31e6cd2ae724f193f7677ab
dv3-A-poisson-003517,3,A,poisson,3517,,,,3:1:0:3517,,test,7,115.77326724897729,,,,,,,,,,,,,,,,,,,,0.0,,,1,108,1,exact,,,,,,,,2.195900015067309e-05,9b83d76e73c4008c3d438bc79f937161e47568bb
dv3-A-poisson-003518,3,A,poisson,3518,,,,3:1:0:3518,,test,7,305.58645267481177,,,,,,,,,,,,,,,,,,,,0.0,,,1,299,1,exact,,,,,,,,2.6500001695239916e-05,3134cb884a3c28e9bd14e86f17d79fabfd0941a7
dv3-A-poisson-003519,3,A,poisson,3519,,,,3:1:0:3519,,test,7,144.76828999043002,,,,,,,,,,,,,,,,,,,,0.0,,,1,125,1,exact,,,,,,,,2.224999843747355e-05,67fb1004802b492c663e7b98a4122fe2d3c5d526
dv3-A-poisson-003520,3,A,poisson,3520,,,,3:1:0:3520,,test,7,532.5010067299992,,,,,,,,,,,,,,,,,,,,0.0,,,1,519,1,exact,,,,,,,,3.23329986713361e-05,f7257454fb3feb8f36e026a70431534a1f418dd6
dv3-A-poisson-003521,3,A,poisson,3521,,,,3:1:0:3521,,test,7,251.68279710681904,,,,,,,,,,,,,,,,,,,,0.0,,,1,247,1,exact,,,,,,,,2.5000001187436283e-05,9ac31db34bb1a2100d9e7b7bebd240c520fb9d98
dv3-A-poisson-003522,3,A,poisson,3522,,,,3:1:0:3522,,test,7,111.64261653145948,,,,,,,,,,,,,,,,,,,,0.0,,,1,97,1,exact,,,,,,,,2.112500078510493e-05,cdecfc8e5ec7dbd1ca716cf617c0b2ee623e2031
dv3-A-poisson-003523,3,A,poisson,3523,,,,3:1:0:3523,,test,7,705.3965145111673,,,,,,,,,,,,,,,,,,,,0.0,,,1,698,1,exact,,,,,,,,3.6875000660074875e-05,ac1a4fb7af0c1247e3208f619c9ff40fb31927ae
dv3-A-poisson-003524,3,A,poisson,3524,,,,3:1:0:3524,,test,7,459.5644508185439,,,,,,,,,,,,,,,,,,,,0.0,,,1,490,1,exact,,,,,,,,3.7290999898687005e-05,6952e2c26a5e29f3a068ef75d8466688b727ec87
dv3-A-poisson-003525,3,A,poisson,3525,,,,3:1:0:3525,,test,7,252.92604666411597,,,,,,,,,,,,,,,,,,,,0.0,,,1,233,1,exact,,,,,,,,2.5332999939564615e-05,34996a2cfbb757ee68f5ae17b54be3ae3759d63a
dv3-A-poisson-003526,3,A,poisson,3526,,,,3:1:0:3526,,test,7,669.0217220268318,,,,,,,,,,,,,,,,,,,,0.0,,,1,662,1,exact,,,,,,,,3.6749999708263204e-05,29849376049a040b7feb2a13d039e7ef9c7a06e7
dv3-A-poisson-003527,3,A,poisson,3527,,,,3:1:0:3527,,test,7,456.6808439894432,,,,,,,,,,,,,,,,,,,,0.0,,,1,462,1,exact,,,,,,,,3.2500000088475645e-05,9a4624eae73fef1605228dba7cc5e68ca92aca25
dv3-A-poisson-003528,3,A,poisson,3528,,,,3:1:0:3528,,test,7,536.2062111042073,,,,,,,,,,,,,,,,,,,,0.0,,,1,527,1,exact,,,,,,,,3.245799962314777e-05,df073e2b3225c7d895be903fefa87dba4b2e71a4
dv3-A-poisson-003529,3,A,poisson,3529,,,,3:1:0:3529,,test,7,127.14371803630304,,,,,,,,,,,,,,,,,,,,0.0,,,1,134,1,exact,,,,,,,,2.2791999072069302e-05,78b5e1ed209531d99c3f6b16bae651323c93619f
dv3-A-poisson-003530,3,A,poisson,3530,,,,3:1:0:3530,,test,7,132.7764319889195,,,,,,,,,,,,,,,,,,,,0.0,,,1,137,1,exact,,,,,,,,2.2333999368129298e-05,70457ff01d01c82f6155a2215096a924397f1735
dv3-A-poisson-003531,3,A,poisson,3531,,,,3:1:0:3531,,test,7,107.27890470159325,,,,,,,,,,,,,,,,,,,,0.0,,,1,123,1,exact,,,,,,,,2.195900015067309e-05,02833d118fd1a9a6c0c333548534b238cf775015
dv3-A-poisson-003532,3,A,poisson,3532,,,,3:1:0:3532,,test,7,143.5963204446104,,,,,,,,,,,,,,,,,,,,0.0,,,1,156,1,exact,,,,,,,,2.2416999854613096e-05,32e3b2aebc1999ac437aef0ec1a73573f8b8343c
dv3-A-poisson-003533,3,A,poisson,3533,,,,3:1:0:3533,,test,7,178.76231369170992,,,,,,,,,,,,,,,,,,,,0.0,,,1,185,1,exact,,,,,,,,2.3584001610288396e-05,3b417c33e84f3dea0da4634804ecc599e2fe24e3
dv3-A-poisson-003534,3,A,poisson,3534,,,,3:1:0:3534,,test,7,575.7054896389766,,,,,,,,,,,,,,,,,,,,0.0,,,1,585,1,exact,,,,,,,,3.35830009134952e-05,da83731a6ea7b14eef730bebb7b4d315ddc95bba
dv3-A-poisson-003535,3,A,poisson,3535,,,,3:1:0:3535,,test,7,263.9417443188657,,,,,,,,,,,,,,,,,,,,0.0,,,1,291,1,exact,,,,,,,,2.633400072227232e-05,d0f804dc90afd1fb41a54f23069b12061afb7160
dv3-A-poisson-003536,3,A,poisson,3536,,,,3:1:0:3536,,test,7,582.4723265126032,,,,,,,,,,,,,,,,,,,,0.0,,,1,598,1,exact,,,,,,,,3.841700163320638e-05,b4a96c778c7c8a5251b4838900f47f1ce1bd5330
dv3-A-poisson-003537,3,A,poisson,3537,,,,3:1:0:3537,,test,7,265.6853498636055,,,,,,,,,,,,,,,,,,,,0.0,,,1,289,1,exact,,,,,,,,2.7000001864507794e-05,9ea474db3802c41518e969c868f8c7df7d5b5d0e
dv3-A-poisson-003538,3,A,poisson,3538,,,,3:1:0:3538,,test,7,167.85298107369644,,,,,,,,,,,,,,,,,,,,0.0,,,1,186,1,exact,,,,,,,,2.445800055284053e-05,c7fb153b98a8934e5a42b1ae873c9f8b7f84bf8e
dv3-A-poisson-003539,3,A,poisson,3539,,,,3:1:0:3539,,test,7,160.88661270194243,,,,,,,,,,,,,,,,,,,,0.0,,,1,181,1,exact,,,,,,,,2.433299960102886e-05,bd98d21a11201c4338a3dc3bcb9f25efd533b6c8
dv3-A-poisson-003540,3,A,poisson,3540,,,,3:1:0:3540,,test,7,245.0395773423339,,,,,,,,,,,,,,,,,,,,0.0,,,1,230,1,exact,,,,,,,,3.095799911534414e-05,f56c5ee4650384d36fc2f965a12ef2515895f9db
dv3-A-poisson-003541,3,A,poisson,3541,,,,3:1:0:3541,,test,7,117.00775348934039,,,,,,,,,,,,,,,,,,,,0.0,,,1,139,1,exact,,,,,,,,2.279200271004811e-05,10f4ff4faae09cb36788c049a9d333ada32be6a1
dv3-A-poisson-003542,3,A,poisson,3542,,,,3:1:0:3542,,test,7,105.79785205715737,,,,,,,,,,,,,,,,,,,,0.0,,,1,95,1,exact,,,,,,,,2.1667001419700682e-05,3e535c6094341f1932f6001b70d9c7f0729d4af0
dv3-A-poisson-003543,3,A,poisson,3543,,,,3:1:0:3543,,test,7,149.10780324492958,,,,,,,,,,,,,,,,,,,,0.0,,,1,141,1,exact,,,,,,,,2.2666001314064488e-05,15898fab7f4fdcefd85e066071c7ba1331e91bd2
dv3-A-poisson-003544,3,A,poisson,3544,,,,3:1:0:3544,,test,7,171.71310884489307,,,,,,,,,,,,,,,,,,,,0.0,,,1,162,1,exact,,,,,,,,2.3124997824197635e-05,797f2c2ebd7d8c758d2748c7f566e30f9a17bd10
dv3-A-poisson-003545,3,A,poisson,3545,,,,3:1:0:3545,,test,7,148.13503983427688,,,,,,,,,,,,,,,,,,,,0.0,,,1,159,1,exact,,,,,,,,2.329199924133718e-05,20500bfc958ab70c75cce6281937256f7185da63
dv3-A-poisson-003546,3,A,poisson,3546,,,,3:1:0:3546,,test,7,156.4190173309341,,,,,,,,,,,,,,,,,,,,0.0,,,1,171,1,exact,,,,,,,,2.3833999875932932e-05,ef491f7b553187c9c29a3e5e8fc076339172d043
dv3-A-poisson-003547,3,A,poisson,3547,,,,3:1:0:3547,,test,7,138.14163651561475,,,,,,,,,,,,,,,,,,,,0.0,,,1,161,1,exact,,,,,,,,2.4582997866673395e-05,323ee1d2f5b03e5b62ace081870ed038177078dc
dv3-A-poisson-003548,3,A,poisson,3548,,,,3:1:0:3548,,test,7,407.0183403977135,,,,,,,,,,,,,,,,,,,,0.0,,,1,431,1,exact,,,,,,,,3.491700044833124e-05,cd5c6eac3c57ddedf4a60636a09db8ca4f8a74fd
dv3-A-poisson-003549,3,A,poisson,3549,,,,3:1:0:3549,,test,7,151.62133185112668,,,,,,,,,,,,,,,,,,,,0.0,,,1,143,1,exact,,,,,,,,2.1958003344479948e-05,9fa2796f094bea050342c8c6aab75c7b96bbf0fb
dv3-A-poisson-003550,3,A,poisson,3550,,,,3:1:0:3550,,test,7,115.22728633246963,,,,,,,,,,,,,,,,,,,,0.0,,,1,125,1,exact,,,,,,,,2.2333999368129298e-05,b010dd4d3edfad3173a20412dbc32043e44c25ac
dv3-A-poisson-003551,3,A,poisson,3551,,,,3:1:0:3551,,test,7,129.20566986539362,,,,,,,,,,,,,,,,,,,,0.0,,,1,149,1,exact,,,,,,,,2.308400144102052e-05,a1ff075d01c27e811cb180be9f7c9f8ae2325ca0
dv3-A-poisson-003552,3,A,poisson,3552,,,,3:1:0:3552,,test,7,503.16964909568196,,,,,,,,,,,,,,,,,,,,0.0,,,1,536,1,exact,,,,,,,,3.8124999264255166e-05,7aafeac4ef2888cf870336a7b082ec947c73e824
dv3-A-poisson-003553,3,A,poisson,3553,,,,3:1:0:3553,,test,7,254.49781105542107,,,,,,,,,,,,,,,,,,,,0.0,,,1,275,1,exact,,,,,,,,3.6124998587183654e-05,e6e7899898917ff7100459bb4ae1f75597f888ad
dv3-A-poisson-003554,3,A,poisson,3554,,,,3:1:0:3554,,test,7,206.80300557027377,,,,,,,,,,,,,,,,,,,,0.0,,,1,195,1,exact,,,,,,,,2.4292003217851743e-05,3d7cc96cfa44c57037566cb45c695fdeb4ac7398
dv3-A-poisson-003555,3,A,poisson,3555,,,,3:1:0:3555,,test,7,655.4529139954373,,,,,,,,,,,,,,,,,,,,0.0,,,1,640,1,exact,,,,,,,,3.554099748726003e-05,1141f56167bc1a2a74c5531c089c77402d4ab526
dv3-A-poisson-003556,3,A,poisson,3556,,,,3:1:0:3556,,test,7,639.6072860505604,,,,,,,,,,,,,,,,,,,,0.0,,,1,635,1,exact,,,,,,,,3.508300142129883e-05,b8f891bf1a1dca5a47a50137e0cfbc2f98ef3986
dv3-A-poisson-003557,3,A,poisson,3557,,,,3:1:0:3557,,test,7,108.43815626035335,,,,,,,,,,,,,,,,,,,,0.0,,,1,97,1,exact,,,,,,,,2.1457999537233263e-05,10e66a3aca8af41ebafc8ac9ab6e7ae05c656ad5
dv3-A-poisson-003558,3,A,poisson,3558,,,,3:1:0:3558,,test,7,121.66365408897303,,,,,,,,,,,,,,,,,,,,0.0,,,1,112,1,exact,,,,,,,,2.162500095437281e-05,7abec4ad582c5be1a6cfc0a5409b254519d2b029
dv3-A-poisson-003559,3,A,poisson,3559,,,,3:1:0:3559,,test,7,322.7883075947064,,,,,,,,,,,,,,,,,,,,0.0,,,1,316,1,exact,,,,,,,,2.691699774004519e-05,1b41cd36d73e9a81239e1b6e90a85e70462cf662
dv3-A-poisson-003560,3,A,poisson,3560,,,,3:1:0:3560,,test,7,528.0420355732148,,,,,,,,,,,,,,,,,,,,0.0,,,1,551,1,exact,,,,,,,,3.2916999771259725e-05,edc2d39a65f594d6ffb07e3ea4ace2246adf774f
dv3-A-poisson-003561,3,A,poisson,3561,,,,3:1:0:3561,,test,7,152.2387937792995,,,,,,,,,,,,,,,,,,,,0.0,,,1,170,1,exact,,,,,,,,2.3459000658476725e-05,a88f63d34dcac8b1675101145ee0a61ff8603c3e
dv3-A-poisson-003562,3,A,poisson,3562,,,,3:1:0:3562,,test,7,385.4778231344029,,,,,,,,,,,,,,,,,,,,0.0,,,1,396,1,exact,,,,,,,,2.870800017262809e-05,b1d6c09009e9259f2558a5bad1dd45aad23f84f2
dv3-A-poisson-003563,3,A,poisson,3563,,,,3:1:0:3563,,test,7,211.3415728163887,,,,,,,,,,,,,,,,,,,,0.0,,,1,231,1,exact,,,,,,,,2.4999997549457476e-05,0afb392145fc24dc8f06d9564831d3d999479dec
dv3-A-poisson-003564,3,A,poisson,3564,,,,3:1:0:3564,,test,7,464.7539623091892,,,,,,,,,,,,,,,,,,,,0.0,,,1,445,1,exact,,,,,,,,3.066699719056487e-05,fcb30e420186f4ddbc58fb4fd684dfc316d9776f
dv3-A-poisson-003565,3,A,poisson,3565,,,,3:1:0:3565,,test,7,159.17055741629466,,,,,,,,,,,,,,,,,,,,0.0,,,1,130,1,exact,,,,,,,,2.454200148349628e-05,8083087d81cf3b2b15cc6b79b255b1b456436427
dv3-A-poisson-003566,3,A,poisson,3566,,,,3:1:0:3566,,test,7,747.0950680811331,,,,,,,,,,,,,,,,,,,,0.0,,,1,751,1,exact,,,,,,,,5.9250000049360096e-05,f4e01ed405e6a1bf37eac79ac65bf1847535a844
dv3-A-poisson-003567,3,A,poisson,3567,,,,3:1:0:3567,,test,7,122.83307531576094,,,,,,,,,,,,,,,,,,,,0.0,,,1,119,1,exact,,,,,,,,1.9874998542945832e-05,51e504e97756d3fa65d9e30297cd288a263775e9
dv3-A-poisson-003568,3,A,poisson,3568,,,,3:1:0:3568,,test,7,109.7339109573136,,,,,,,,,,,,,,,,,,,,0.0,,,1,105,1,exact,,,,,,,,1.3708999176742509e-05,8973f0058d9ab2397bff9b830a3e37c5d41d4798
dv3-A-poisson-003569,3,A,poisson,3569,,,,3:1:0:3569,,test,7,180.874548199905,,,,,,,,,,,,,,,,,,,,0.0,,,1,193,1,exact,,,,,,,,1.3625001884065568e-05,3dcbefa3e3beee8874040ff894c066b6b928b071
dv3-A-poisson-003570,3,A,poisson,3570,,,,3:1:0:3570,,test,7,131.53465629749766,,,,,,,,,,,,,,,,,,,,0.0,,,1,165,1,exact,,,,,,,,1.2583997886395082e-05,f61c31be96eb2ec240f6c6c1bc2db8786dfa5481
dv3-A-poisson-003571,3,A,poisson,3571,,,,3:1:0:3571,,test,7,119.98795483517345,,,,,,,,,,,,,,,,,,,,0.0,,,1,119,1,exact,,,,,,,,1.133399928221479e-05,dc56beb31bc728a1be58003d6827ae429b46c369
dv3-A-poisson-003572,3,A,poisson,3572,,,,3:1:0:3572,,test,7,282.89241009762276,,,,,,,,,,,,,,,,,,,,0.0,,,1,277,1,exact,,,,,,,,1.3374999980442226e-05,34147eaeee8cb2c0c2fcdf959df814825bec4b0c
dv3-A-poisson-003573,3,A,poisson,3573,,,,3:1:0:3573,,test,7,240.6202964243682,,,,,,,,,,,,,,,,,,,,0.0,,,1,262,1,exact,,,,,,,,1.2958000297658145e-05,39def89f7975f21abb3dfcdc07c62338e051e5f2
dv3-A-poisson-003574,3,A,poisson,3574,,,,3:1:0:3574,,test,7,107.40379132755258,,,,,,,,,,,,,,,,,,,,0.0,,,1,105,1,exact,,,,,,,,1.083300230675377e-05,0438024d64292671e47ba2216fbaab255ccf1009
dv3-A-poisson-003575,3,A,poisson,3575,,,,3:1:0:3575,,test,7,155.96548277722783,,,,,,,,,,,,,,,,,,,,0.0,,,1,149,1,exact,,,,,,,,1.1166997865075245e-05,084f5fc081726c50abc1d1239b13ed576f5766c7
dv3-A-poisson-003576,3,A,poisson,3576,,,,3:1:0:3576,,test,7,106.17887598036266,,,,,,,,,,,,,,,,,,,,0.0,,,1,111,1,exact,,,,,,,,1.0667001333786175e-05,ff07e8b791cbc9dfd9fe160c40c5be114892a741
dv3-A-poisson-003577,3,A,poisson,3577,,,,3:1:0:3577,,test,7,188.4159533517487,,,,,,,,,,,,,,,,,,,,0.0,,,1,207,1,exact,,,,,,,,1.1666998034343123e-05,ff550bc62e89f7ae20a48cfaa0d64b8df21ef9c5
dv3-A-poisson-003578,3,A,poisson,3578,,,,3:1:0:3578,,test,7,134.375848322197,,,,,,,,,,,,,,,,,,,,0.0,,,1,132,1,exact,,,,,,,,1.0874999134102836e-05,63052ceb977206487f4b852f81fe926213053f0e
dv3-A-poisson-003579,3,A,poisson,3579,,,,3:1:0:3579,,test,7,449.0682352390124,,,,,,,,,,,,,,,,,,,,0.0,,,1,442,1,exact,,,,,,,,1.4959001418901607e-05,bf03394565fd0d6f9590c0b73ecdd71d2604455b
dv3-A-poisson-003580,3,A,poisson,3580,,,,3:1:0:3580,,test,7,178.41388103775884,,,,,,,,,,,,,,,,,,,,0.0,,,1,192,1,exact,,,,,,,,1.133399928221479e-05,ece5c7e4227f74f9af028ea528d47f4587e34f02
dv3-A-poisson-003581,3,A,poisson,3581,,,,3:1:0:3581,,test,7,584.2713855502122,,,,,,,,,,,,,,,,,,,,0.0,,,1,602,1,exact,,,,,,,,1.6583002434344962e-05,c529f8fe98cb798a35d3ff03978d0f2682f6cc53
dv3-A-poisson-003582,3,A,poisson,3582,,,,3:1:0:3582,,test,7,118.98251509723656,,,,,,,,,,,,,,,,,,,,0.0,,,1,108,1,exact,,,,,,,,1.0959000064758584e-05,b484b088edb91375a76132838d8b20f511be6b78
dv3-A-poisson-003583,3,A,poisson,3583,,,,3:1:0:3583,,test,7,273.64310171510044,,,,,,,,,,,,,,,,,,,,0.0,,,1,277,1,exact,,,,,,,,1.237499964190647e-05,cada69f81c238b9efe858d07c8f226af9040fce2
dv3-A-poisson-003584,3,A,poisson,3584,,,,3:1:0:3584,,test,7,393.7679303475726,,,,,,,,,,,,,,,,,,,,0.0,,,1,401,1,exact,,,,,,,,1.454199809813872e-05,fe7cbd7af4377f1a3886ea455bfd1f6c56ac3676
dv3-A-poisson-003585,3,A,poisson,3585,,,,3:1:0:3585,,test,7,345.76505098692587,,,,,,,,,,,,,,,,,,,,0.0,,,1,372,1,exact,,,,,,,,1.5084002370713279e-05,88dd423a3b7e2fef6a3b1db00b7f9890bc6d0c07
dv3-A-poisson-003586,3,A,poisson,3586,,,,3:1:0:3586,,test,7,144.78934555503602,,,,,,,,,,,,,,,,,,,,0.0,,,1,143,1,exact,,,,,,,,1.0707997716963291e-05,c90f29ccaa68409da948338ed514be41bd9e3ff6
dv3-A-poisson-003587,3,A,poisson,3587,,,,3:1:0:3587,,test,7,391.86174932266675,,,,,,,,,,,,,,,,,,,,0.0,,,1,371,1,exact,,,,,,,,1.3416996807791293e-05,53e3012cecb0f56f3eb67a9c7ed5e065984073f8
dv3-A-poisson-003588,3,A,poisson,3588,,,,3:1:0:3588,,test,7,369.1231497101322,,,,,,,,,,,,,,,,,,,,0.0,,,1,375,1,exact,,,,,,,,1.3500000932253897e-05,5c9348c347c663f6e24b6854bc9305d809c4c7fa
dv3-A-poisson-003589,3,A,poisson,3589,,,,3:1:0:3589,,test,7,764.8837430828931,,,,,,,,,,,,,,,,,,,,0.0,,,1,770,1,exact,,,,,,,,1.8500002624932677e-05,d61ec1be2ce90b2bcc1dc1295226b70066778c8e
dv3-A-poisson-003590,3,A,poisson,3590,,,,3:1:0:3590,,test,7,691.3705371482649,,,,,,,,,,,,,,,,,,,,0.0,,,1,681,1,exact,,,,,,,,1.7625003238208592e-05,4129d1ead9be2a7786b68f9ee80cc44db662ca44
dv3-A-poisson-003591,3,A,poisson,3591,,,,3:1:0:3591,,test,7,158.83144929104444,,,,,,,,,,,,,,,,,,,,0.0,,,1,163,1,exact,,,,,,,,1.083300230675377e-05,bfdde2f2fe2e6c8479ab02a2a149d61237df7347
dv3-A-poisson-003592,3,A,poisson,3592,,,,3:1:0:3592,,test,7,114.92724048150274,,,,,,,,,,,,,,,,,,,,0.0,,,1,98,1,exact,,,,,,,,1.0458999895490706e-05,2c20ba63d7292acccf6bf21b91f1ba762691260e
dv3-A-poisson-003593,3,A,poisson,3593,,,,3:1:0:3593,,test,7,240.48026200809502,,,,,,,,,,,,,,,,,,,,0.0,,,1,222,1,exact,,,,,,,,1.1832999007310718e-05,3deb6b10c9cb2f9717f62536dc4de89a5df35e63
dv3-A-poisson-003594,3,A,poisson,3594,,,,3:1:0:3594,,test,7,662.8633323652508,,,,,,,,,,,,,,,,,,,,0.0,,,1,643,1,exact,,,,,,,,1.7416998161934316e-05,a7c88431aa7b89dc4c267048a7f798839e0572f9
dv3-A-poisson-003595,3,A,poisson,3595,,,,3:1:0:3595,,test,7,220.45134122803148,,,,,,,,,,,,,,,,,,,,0.0,,,1,192,1,exact,,,,,,,,1.1374999303370714e-05,416124e699392598f02e211e1807ac47b44811db
dv3-A-poisson-003596,3,A,poisson,3596,,,,3:1:0:3596,,test,7,104.7082944438385,,,,,,,,,,,,,,,,,,,,0.0,,,1,92,1,exact,,,,,,,,1.0125000699190423e-05,349ed425246c89e782f83bfff1d1caecaa5eea93
dv3-A-poisson-003597,3,A,poisson,3597,,,,3:1:0:3597,,test,7,115.42268087804533,,,,,,,,,,,,,,,,,,,,0.0,,,1,130,1,exact,,,,,,,,1.0457999451318756e-05,dad46250f3dafc4885758be6515283674e164f60
dv3-A-poisson-003598,3,A,poisson,3598,,,,3:1:0:3598,,test,7,332.2468340215166,,,,,,,,,,,,,,,,,,,,0.0,,,1,344,1,exact,,,,,,,,1.3374999980442226e-05,c9805977047c461aa9d5c8c118f28e377f0fed5b
dv3-A-poisson-003599,3,A,poisson,3599,,,,3:1:0:3599,,test,7,660.1886171222243,,,,,,,,,,,,,,,,,,,,0.0,,,1,616,1,exact,,,,,,,,1.695900209597312e-05,ad72f99396646df3491e852f155c557c18cbd40f
dv3-A-poisson-003600,3,A,poisson,3600,,,,3:1:0:3600,,test,7,154.66481831480786,,,,,,,,,,,,,,,,,,,,0.0,,,1,156,1,exact,,,,,,,,1.1084001016570255e-05,93e6fbdcea1d97206e0c14bfc3ee5d116c5417fb
dv3-A-poisson-003601,3,A,poisson,3601,,,,3:1:0:3601,,test,7,155.86849714531792,,,,,,,,,,,,,,,,,,,,0.0,,,1,158,1,exact,,,,,,,,1.0708998161135241e-05,6f38a8e05eb1505a6d304f5e0de2030d8dc4d882
dv3-A-poisson-003602,3,A,poisson,3602,,,,3:1:0:3602,,test,7,189.27097098591344,,,,,,,,,,,,,,,,,,,,0.0,,,1,187,1,exact,,,,,,,,1.0957999620586634e-05,7ea8cbb6d36a9b90234e0afe2f11b707eabdb840
dv3-A-poisson-003603,3,A,poisson,3603,,,,3:1:0:3603,,test,7,262.5997606762715,,,,,,,,,,,,,,,,,,,,0.0,,,1,272,1,exact,,,,,,,,1.237499964190647e-05,3d0bc99b8d493c7552ba8690d7bdd09bdfba97ef
dv3-A-poisson-003604,3,A,poisson,3604,,,,3:1:0:3604,,test,7,377.93081557449864,,,,,,,,,,,,,,,,,,,,0.0,,,1,417,1,exact,,,,,,,,1.7207999917445704e-05,1728f50cf4b7c8586cef711bf54640d5f50860bd
dv3-A-poisson-003605,3,A,poisson,3605,,,,3:1:0:3605,,test,7,168.4740754506928,,,,,,,,,,,,,,,,,,,,0.0,,,1,167,1,exact,,,,,,,,1.2666001566685736e-05,54c7ed300de98f8e089c5b42e82ed86d43cd6441
dv3-A-poisson-003606,3,A,poisson,3606,,,,3:1:0:3606,,test,7,602.4800349570033,,,,,,,,,,,,,,,,,,,,0.0,,,1,578,1,exact,,,,,,,,1.645900192670524e-05,e07566fedfb73b30309fc131c0be1f03a0792ba5
dv3-A-poisson-003607,3,A,poisson,3607,,,,3:1:0:3607,,test,7,236.51664321231,,,,,,,,,,,,,,,,,,,,0.0,,,1,226,1,exact,,,,,,,,1.270900247618556e-05,9508b7e6a556afa416ecebdc4b6522418123e5c0
dv3-A-poisson-003608,3,A,poisson,3608,,,,3:1:0:3608,,test,7,406.0815226553192,,,,,,,,,,,,,,,,,,,,0.0,,,1,437,1,exact,,,,,,,,1.4917000953573734e-05,6dc7e0681a46db642a66329a4e940a41bf3c0b97
dv3-A-poisson-003609,3,A,poisson,3609,,,,3:1:0:3609,,test,7,517.0381341163478,,,,,,,,,,,,,,,,,,,,0.0,,,1,533,1,exact,,,,,,,,1.633300053072162e-05,0f95d60c14d25a79f035825ee160edd549dc960b
dv3-A-poisson-003610,3,A,poisson,3610,,,,3:1:0:3610,,test,7,270.80118328592334,,,,,,,,,,,,,,,,,,,,0.0,,,1,260,1,exact,,,,,,,,1.2584001524373889e-05,85ebf3b707d1ae4f665faf289e4e1b874666565f
dv3-A-poisson-003611,3,A,poisson,3611,,,,3:1:0:3611,,test,7,205.49138507060948,,,,,,,,,,,,,,,,,,,,0.0,,,1,217,1,exact,,,,,,,,1.2165997759439051e-05,370a1080d5a6f7d38aca30839148dde4b0eecc69
dv3-A-poisson-003612,3,A,poisson,3612,,,,3:1:0:3612,,test,7,173.3527687586348,,,,,,,,,,,,,,,,,,,,0.0,,,1,192,1,exact,,,,,,,,3.7082998460391536e-05,cd34d89a096f315f83b76e682c3ba1fc26c8cdce
dv3-A-poisson-003613,3,A,poisson,3613,,,,3:1:0:3613,,test,7,121.81676598182045,,,,,,,,,,,,,,,,,,,,0.0,,,1,136,1,exact,,,,,,,,1.0874999134102836e-05,f35c9e0bf0e3338d49419959499c4fa020a4ffbb
dv3-A-poisson-003614,3,A,poisson,3614,,,,3:1:0:3614,,test,7,358.0378849863868,,,,,,,,,,,,,,,,,,,,0.0,,,1,351,1,exact,,,,,,,,1.3249999028630555e-05,c8988a8670508d420ba69c0723317687df3b207a
dv3-A-poisson-003615,3,A,poisson,3615,,,,3:1:0:3615,,test,7,322.80351666510353,,,,,,,,,,,,,,,,,,,,0.0,,,1,306,1,exact,,,,,,,,1.3084001693641767e-05,8db732ef1e3f48b4efaf2c0eb9f577c72fccc4ed
dv3-A-poisson-003616,3,A,poisson,3616,,,,3:1:0:3616,,test,7,228.68708278228888,,,,,,,,,,,,,,,,,,,,0.0,,,1,211,1,exact,,,,,,,,1.1707998055499047e-05,bcdc5d533b5ae9aab4f70f94fd9fc50054990e43
dv3-A-poisson-003617,3,A,poisson,3617,,,,3:1:0:3617,,test,7,268.4621991439862,,,,,,,,,,,,,,,,,,,,0.0,,,1,275,1,exact,,,,,,,,1.266699837287888e-05,9fdfa9290fc3f6f308aed8f14eb1d31a917c3a89
dv3-A-poisson-003618,3,A,poisson,3618,,,,3:1:0:3618,,test,7,342.3808055636187,,,,,,,,,,,,,,,,,,,,0.0,,,1,351,1,exact,,,,,,,,1.3624998246086761e-05,8228aa19a5d9ba122cb66ec988a12e8e763ba1e5
dv3-A-poisson-003619,3,A,poisson,3619,,,,3:1:0:3619,,test,7,299.7521907655791,,,,,,,,,,,,,,,,,,,,0.0,,,1,344,1,exact,,,,,,,,1.3374999980442226e-05,6e430cca7048fe395ab9e1b4f10536d25bc18c4d
dv3-A-poisson-003620,3,A,poisson,3620,,,,3:1:0:3620,,test,7,611.368398048789,,,,,,,,,,,,,,,,,,,,0.0,,,1,597,1,exact,,,,,,,,1.6625002899672836e-05,ad71a6935e5f10001e4f3349738c44bce49d5680
dv3-A-poisson-003621,3,A,poisson,3621,,,,3:1:0:3621,,test,7,402.26945947686994,,,,,,,,,,,,,,,,,,,,0.0,,,1,400,1,exact,,,,,,,,1.4083998394198716e-05,dc9195edc598410cf944d45b63e129389c5dfce7
dv3-A-poisson-003622,3,A,poisson,3622,,,,3:1:0:3622,,test,7,612.8255640171292,,,,,,,,,,,,,,,,,,,,0.0,,,1,633,1,exact,,,,,,,,4.0290997276315466e-05,f8ca215e8b46113d27109d15160bd132820146b5
dv3-A-poisson-003623,3,A,poisson,3623,,,,3:1:0:3623,,test,7,188.7067306908442,,,,,,,,,,,,,,,,,,,,0.0,,,1,169,1,exact,,,,,,,,1.0957999620586634e-05,83df5d630c5f22e653f2eeeb93dc53acfb20f2eb
dv3-A-poisson-003624,3,A,poisson,3624,,,,3:1:0:3624,,test,7,117.68542338201704,,,,,,,,,,,,,,,,,,,,0.0,,,1,104,1,exact,,,,,,,,1.0374998964834958e-05,873fea1c4c6a1b22d6d0d12fb0602a330982106c
dv3-A-poisson-003625,3,A,poisson,3625,,,,3:1:0:3625,,test,7,349.73079672496164,,,,,,,,,,,,,,,,,,,,0.0,,,1,344,1,exact,,,,,,,,1.3084001693641767e-05,6d0a405e1ece8c8425c0333ad959eceb3f7da107
dv3-A-poisson-003626,3,A,poisson,3626,,,,3:1:0:3626,,test,7,224.76908861199468,,,,,,,,,,,,,,,,,,,,0.0,,,1,210,1,exact,,,,,,,,1.2917000276502222e-05,8046188aad6e8fae604e65b8d0741d6adc302a57
dv3-A-poisson-003627,3,A,poisson,3627,,,,3:1:0:3627,,test,7,336.7846779230826,,,,,,,,,,,,,,,,,,,,0.0,,,1,341,1,exact,,,,,,,,3.687499702209607e-05,9fef65f2777738be321147d003b7fae8af89d59c
dv3-A-poisson-003628,3,A,poisson,3628,,,,3:1:0:3628,,test,7,171.46523179784083,,,,,,,,,,,,,,,,,,,,0.0,,,1,177,1,exact,,,,,,,,1.1333002476021647e-05,1659c2d448d18c63c78fb1946b2c0d434824e450
dv3-A-poisson-003629,3,A,poisson,3629,,,,3:1:0:3629,,test,7,146.3775710526698,,,,,,,,,,,,,,,,,,,,0.0,,,1,125,1,exact,,,,,,,,1.06250008684583e-05,b8fc5545fef5b89a81a195d9587eedaec94f96c4
dv3-A-poisson-003630,3,A,poisson,3630,,,,3:1:0:3630,,test,7,369.6357793271818,,,,,,,,,,,,,,,,,,,,0.0,,,1,394,1,exact,,,,,,,,1.4000001101521775e-05,0c57231cb34f167eb798ba517044c8b5c16a7b3f
dv3-A-poisson-003631,3,A,poisson,3631,,,,3:1:0:3631,,test,7,647.2537049929466,,,,,,,,,,,,,,,,,,,,0.0,,,1,642,1,exact,,,,,,,,1.6917001630645245e-05,0ee8c2902548af8479b983323ce83e41e66209a6
dv3-A-poisson-003632,3,A,poisson,3632,,,,3:1:0:3632,,test,7,171.32101535033019,,,,,,,,,,,,,,,,,,,,0.0,,,1,163,1,exact,,,,,,,,1.1042000551242381e-05,a8a2bb077a4a22d360c7184ed8aec4668e360284
dv3-A-poisson-003633,3,A,poisson,3633,,,,3:1:0:3633,,test,7,103.41011875414175,,,,,,,,,,,,,,,,,,,,0.0,,,1,100,1,exact,,,,,,,,1.0125000699190423e-05,7d9726b7734a6764fa8e020ff7dec66694e39edb
dv3-A-poisson-003634,3,A,poisson,3634,,,,3:1:0:3634,,test,7,447.40794152064325,,,,,,,,,,,,,,,,,,,,0.0,,,1,412,1,exact,,,,,,,,1.4041001122677699e-05,eecb3e2dc838f4e7cd08fa3ed84e9105518daae9
dv3-A-poisson-003635,3,A,poisson,3635,,,,3:1:0:3635,,test,7,395.31728844906075,,,,,,,,,,,,,,,,,,,,0.0,,,1,368,1,exact,,,,,,,,1.3416996807791293e-05,05184f4d79cbdd717242ae8d4183c673703cfdda
dv3-A-poisson-003636,3,A,poisson,3636,,,,3:1:0:3636,,test,7,496.0294085030971,,,,,,,,,,,,,,,,,,,,0.0,,,1,473,1,exact,,,,,,,,1.945800249814056e-05,cd32a4dbc60e269058aee8cd8e9a21c889f71151
dv3-A-poisson-003637,3,A,poisson,3637,,,,3:1:0:3637,,test,7,777.6033805815225,,,,,,,,,,,,,,,,,,,,0.0,,,1,750,1,exact,,,,,,,,2.1209001715760678e-05,a435d913c9b6f41f59b9fe014c67fde823438cec
dv3-A-poisson-003638,3,A,poisson,3638,,,,3:1:0:3638,,test,7,770.4771805375182,,,,,,,,,,,,,,,,,,,,0.0,,,1,825,1,exact,,,,,,,,1.95419997908175e-05,df6404d8622cf0ee8cc67b1051e61da1c18e1a7e
dv3-A-poisson-003639,3,A,poisson,3639,,,,3:1:0:3639,,test,7,312.2843466879806,,,,,,,,,,,,,,,,,,,,0.0,,,1,325,1,exact,,,,,,,,1.2832999345846474e-05,1b0886ed060a52cf5314fce695446da197a85ef8
dv3-A-poisson-003640,3,A,poisson,3640,,,,3:1:0:3640,,test,7,452.3961140914017,,,,,,,,,,,,,,,,,,,,0.0,,,1,424,1,exact,,,,,,,,1.4208002539817244e-05,bf1ff9f78a254d307dea66a0b80af12a3e7b4f01
dv3-A-poisson-003641,3,A,poisson,3641,,,,3:1:0:3641,,test,7,716.7275396628518,,,,,,,,,,,,,,,,,,,,0.0,,,1,684,1,exact,,,,,,,,1.7417001799913123e-05,a1c529967070600e2e6e9a543c6ba7fd268da632
dv3-A-poisson-003642,3,A,poisson,3642,,,,3:1:0:3642,,test,7,235.4820273654431,,,,,,,,,,,,,,,,,,,,0.0,,,1,231,1,exact,,,,,,,,1.1874999472638592e-05,9c85167948cb1f9043ba94d0a4a7a79be490e65c
dv3-A-poisson-003643,3,A,poisson,3643,,,,3:1:0:3643,,test,7,276.31744191658214,,,,,,,,,,,,,,,,,,,,0.0,,,1,277,1,exact,,,,,,,,1.2166001397417858e-05,d9970bfed2ddc62bc30f9c0be3d0ee0f07f7e0ea
dv3-A-poisson-003644,3,A,poisson,3644,,,,3:1:0:3644,,test,7,133.31784174329647,,,,,,,,,,,,,,,,,,,,0.0,,,1,140,1,exact,,,,,,,,1.0749998182291165e-05,65be774957d82a79364abb9e79c3dd500f1dcea5
dv3-A-poisson-003645,3,A,poisson,3645,,,,3:1:0:3645,,test,7,322.3191706055445,,,,,,,,,,,,,,,,,,,,0.0,,,1,329,1,exact,,,,,,,,1.308399805566296e-05,4e36a3600f50742aaf69fe9c3b96176ac3e13808
dv3-A-poisson-003646,3,A,poisson,3646,,,,3:1:0:3646,,test,7,128.651311128815,,,,,,,,,,,,,,,,,,,,0.0,,,1,125,1,exact,,,,,,,,1.1708998499670997e-05,bb9a8524727fb2b6023c275a20c1630cc11e28f7
dv3-A-poisson-003647,3,A,poisson,3647,,,,3:1:0:3647,,test,7,306.08154329220724,,,,,,,,,,,,,,,,,,,,0.0,,,1,341,1,exact,,,,,,,,1.3042001228313893e-05,a86d3390725743a4c169ece24db3554b6ac0342a
dv3-A-poisson-003648,3,A,poisson,3648,,,,3:1:0:3648,,test,7,324.4600232154708,,,,,,,,,,,,,,,,,,,,0.0,,,1,297,1,exact,,,,,,,,1.6165999113582075e-05,f3199036b080c22b1fdb329995dbb881b876535a
dv3-A-poisson-003649,3,A,poisson,3649,,,,3:1:0:3649,,test,7,680.9073830812586,,,,,,,,,,,,,,,,,,,,0.0,,,1,657,1,exact,,,,,,,,1.7334001313429326e-05,ab8a05aaacd8f912091cf59ce883d81d99060ed7
dv3-A-poisson-003650,3,A,poisson,3650,,,,3:1:0:3650,,test,7,176.66302815210662,,,,,,,,,,,,,,,,,,,,0.0,,,1,187,1,exact,,,,,,,,1.1416999768698588e-05,0d05dc3edc7f8d2199371c5806e738b47a6e8c9c
dv3-A-poisson-003651,3,A,poisson,3651,,,,3:1:0:3651,,test,7,468.3398517717035,,,,,,,,,,,,,,,,,,,,0.0,,,1,436,1,exact,,,,,,,,1.4290999388322234e-05,44ca1dc2c4c1d8b26b1c57b0541fd4c41ff1892f
dv3-A-poisson-003652,3,A,poisson,3652,,,,3:1:0:3652,,test,7,308.20003560779054,,,,,,,,,,,,,,,,,,,,0.0,,,1,326,1,exact,,,,,,,,1.62090000230819e-05,02cd6f7d2349b07e56c9f7b20a82a637b79958c0
dv3-A-poisson-003653,3,A,poisson,3653,,,,3:1:0:3653,,test,7,134.45722890004586,,,,,,,,,,,,,,,,,,,,0.0,,,1,159,1,exact,,,,,,,,1.1042000551242381e-05,f6130937912ad07cce8242a72f478e1fa4e21313
dv3-A-poisson-003654,3,A,poisson,3654,,,,3:1:0:3654,,test,7,683.8204546452015,,,,,,,,,,,,,,,,,,,,0.0,,,1,680,1,exact,,,,,,,,1.7417001799913123e-05,3b4aa90158bda49b37883421bb31ff30510fd9d1
dv3-A-poisson-003655,3,A,poisson,3655,,,,3:1:0:3655,,test,7,698.885186184015,,,,,,,,,,,,,,,,,,,,0.0,,,1,671,1,exact,,,,,,,,1.7416001355741173e-05,15fe468cde2bd379ee44ec840251749db3224806
dv3-A-poisson-003656,3,A,poisson,3656,,,,3:1:0:3656,,test,7,390.02013603320785,,,,,,,,,,,,,,,,,,,,0.0,,,1,378,1,exact,,,,,,,,1.6250000044237822e-05,867ed0842422de693ae5f83619d5657dab2e7dcc
dv3-A-poisson-003657,3,A,poisson,3657,,,,3:1:0:3657,,test,7,684.7240751674035,,,,,,,,,,,,,,,,,,,,0.0,,,1,679,1,exact,,,,,,,,1.7250000382773578e-05,0bc9614f34d94f17c4def1564ba5fc55da9493d2
dv3-A-poisson-003658,3,A,poisson,3658,,,,3:1:0:3658,,test,7,599.3291860209822,,,,,,,,,,,,,,,,,,,,0.0,,,1,647,1,exact,,,,,,,,2.0416999177541584e-05,5924c083ad5361a82983055de87d69cac51d48e3
dv3-A-poisson-003659,3,A,poisson,3659,,,,3:1:0:3659,,test,7,337.8650222695099,,,,,,,,,,,,,,,,,,,,0.0,,,1,314,1,exact,,,,,,,,1.2833999790018424e-05,894d683d10fbeb3fb8ac77b62cde12437e2d50b5
dv3-A-poisson-003660,3,A,poisson,3660,,,,3:1:0:3660,,test,7,226.66432407157794,,,,,,,,,,,,,,,,,,,,0.0,,,1,239,1,exact,,,,,,,,1.1915999493794516e-05,0a28a82b48edd845312f964a64afe8c1804689f0
dv3-A-poisson-003661,3,A,poisson,3661,,,,3:1:0:3661,,test,7,587.0910653454742,,,,,,,,,,,,,,,,,,,,0.0,,,1,596,1,exact,,,,,,,,2.2917000023880973e-05,801550c9e687b13491b0b06fc4d9a06ba73f2c10
dv3-A-poisson-003662,3,A,poisson,3662,,,,3:1:0:3662,,test,7,156.9231697926485,,,,,,,,,,,,,,,,,,,,0.0,,,1,153,1,exact,,,,,,,,1.1000000085914508e-05,7d7f1aafea675a7f7235122ba87b726317950c9a
dv3-A-poisson-003663,3,A,poisson,3663,,,,3:1:0:3663,,test,7,109.56672806272773,,,,,,,,,,,,,,,,,,,,0.0,,,1,126,1,exact,,,,,,,,1.0250001651002094e-05,2deed9b4f2037cc81ff143b74ac05c3efaa4b7a5
dv3-A-poisson-003664,3,A,poisson,3664,,,,3:1:0:3664,,test,7,403.0237025504697,,,,,,,,,,,,,,,,,,,,0.0,,,1,380,1,exact,,,,,,,,1.34170004457701e-05,4784ab15a813e3bedb826f5a617e201c389020eb
dv3-A-poisson-003665,3,A,poisson,3665,,,,3:1:0:3665,,test,7,220.41287793694298,,,,,,,,,,,,,,,,,,,,0.0,,,1,227,1,exact,,,,,,,,1.5875000826781616e-05,d948bdb38cecb4eda7f24a95a4ccb03d7e9cceab
dv3-A-poisson-003666,3,A,poisson,3666,,,,3:1:0:3666,,test,7,207.6411173886897,,,,,,,,,,,,,,,,,,,,0.0,,,1,187,1,exact,,,,,,,,1.1459000234026462e-05,5d9965027d777d1c4ba9742bee229e0700f25245
dv3-A-poisson-003667,3,A,poisson,3667,,,,3:1:0:3667,,test,7,196.0191777844673,,,,,,,,,,,,,,,,,,,,0.0,,,1,185,1,exact,,,,,,,,1.1125001037726179e-05,2f64d7cd6d08238bd2e5a3e1e94134be3d471e4a
dv3-A-poisson-003668,3,A,poisson,3668,,,,3:1:0:3668,,test,7,349.15605221230044,,,,,,,,,,,,,,,,,,,,0.0,,,1,337,1,exact,,,,,,,,1.3332999515114352e-05,c8f2685676f7c4ce1d1f211713468ee6017bcc79
dv3-A-poisson-003669,3,A,poisson,3669,,,,3:1:0:3669,,test,7,626.5784139961311,,,,,,,,,,,,,,,,,,,,0.0,,,1,624,1,exact,,,,,,,,2.058300015050918e-05,e2e50e087c349d992108094e2f0505d47d2f3fa4
dv3-A-poisson-003670,3,A,poisson,3670,,,,3:1:0:3670,,test,7,127.20893162611115,,,,,,,,,,,,,,,,,,,,0.0,,,1,135,1,exact,,,,,,,,1.083300230675377e-05,eb328c3f75f50843b1bf41968f49fa80c3ed4463
dv3-A-poisson-003671,3,A,poisson,3671,,,,3:1:0:3671,,test,7,732.5045829149984,,,,,,,,,,,,,,,,,,,,0.0,,,1,708,1,exact,,,,,,,,1.7834001482697204e-05,24edbc2f80b440c1db0de45639b36a842dcb9ac6
dv3-A-poisson-003672,3,A,poisson,3672,,,,3:1:0:3672,,test,7,254.48794653430525,,,,,,,,,,,,,,,,,,,,0.0,,,1,244,1,exact,,,,,,,,1.2082997272955254e-05,d5f184f2f8903b02c5a5b9698aae443fd1acb98d
dv3-A-poisson-003673,3,A,poisson,3673,,,,3:1:0:3673,,test,7,418.2643672138806,,,,,,,,,,,,,,,,,,,,0.0,,,1,417,1,exact,,,,,,,,1.4000001101521775e-05,d42525579211d139b07baf81be7020df89041e61
dv3-A-poisson-003674,3,A,poisson,3674,,,,3:1:0:3674,,test,7,424.7638704624337,,,,,,,,,,,,,,,,,,,,0.0,,,1,390,1,exact,,,,,,,,1.4084002032177523e-05,0acd129103d3e52c6615f9f7d82e15d46a6d18c4
dv3-A-poisson-003675,3,A,poisson,3675,,,,3:1:0:3675,,test,7,163.7063571066824,,,,,,,,,,,,,,,,,,,,0.0,,,1,139,1,exact,,,,,,,,1.0457999451318756e-05,2c7971ade88b0e7c418d3a415f2c75531243b1b9
dv3-A-poisson-003676,3,A,poisson,3676,,,,3:1:0:3676,,test,7,147.26870165377554,,,,,,,,,,,,,,,,,,,,0.0,,,1,148,1,exact,,,,,,,,1.0665997251635417e-05,22620b2e0e07059e89f43e7b49286458fa026334
dv3-A-poisson-003677,3,A,poisson,3677,,,,3:1:0:3677,,test,7,123.2089086366964,,,,,,,,,,,,,,,,,,,,0.0,,,1,125,1,exact,,,,,,,,1.049999991664663e-05,a721d80036428069d15a7e7399aa1eb427b751d9
dv3-A-poisson-003678,3,A,poisson,3678,,,,3:1:0:3678,,test,7,413.2544812332827,,,,,,,,,,,,,,,,,,,,0.0,,,1,392,1,exact,,,,,,,,1.4000001101521775e-05,4e60dcac52987e4dcc8a96aa42a8af37ce2ccca9
dv3-A-poisson-003679,3,A,poisson,3679,,,,3:1:0:3679,,test,7,492.54054929960336,,,,,,,,,,,,,,,,,,,,0.0,,,1,498,1,exact,,,,,,,,1.841700213844888e-05,24fd5e88bb50b94c0df4f2a96579bbee9ed5db17
dv3-A-poisson-003680,3,A,poisson,3680,,,,3:1:0:3680,,test,7,384.01581347848827,,,,,,,,,,,,,,,,,,,,0.0,,,1,353,1,exact,,,,,,,,1.341600000159815e-05,d455c8447c8646ef27457a45393c3918a09cbf8e
dv3-A-poisson-003681,3,A,poisson,3681,,,,3:1:0:3681,,test,7,198.76873815919708,,,,,,,,,,,,,,,,,,,,0.0,,,1,184,1,exact,,,,,,,,1.1000000085914508e-05,d5f8897fcfb5ca17721d4f07a45c471cc94ce23b
dv3-A-poisson-003682,3,A,poisson,3682,,,,3:1:0:3682,,test,7,587.8564487661225,,,,,,,,,,,,,,,,,,,,0.0,,,1,598,1,exact,,,,,,,,2.0332998246885836e-05,73b3589d2ef861121390f34f33b70318bee069ec
dv3-A-poisson-003683,3,A,poisson,3683,,,,3:1:0:3683,,test,7,436.69536343904826,,,,,,,,,,,,,,,,,,,,0.0,,,1,431,1,exact,,,,,,,,1.4417000784305856e-05,396f8438f5be46795cd2d1320f76daef432c8192
dv3-A-poisson-003684,3,A,poisson,3684,,,,3:1:0:3684,,test,7,325.7273420351629,,,,,,,,,,,,,,,,,,,,0.0,,,1,294,1,exact,,,,,,,,1.3666998711414635e-05,8f3ad2e8a7fed72c29dacc64f81a6b6e1128514e
dv3-A-poisson-003685,3,A,poisson,3685,,,,3:1:0:3685,,test,7,625.3835671695341,,,,,,,,,,,,,,,,,,,,0.0,,,1,662,1,exact,,,,,,,,2.0415998733369634e-05,c98f3aa48338d9a9fdd7f18758f5692306616b41
dv3-A-poisson-003686,3,A,poisson,3686,,,,3:1:0:3686,,test,7,275.8097186386846,,,,,,,,,,,,,,,,,,,,0.0,,,1,304,1,exact,,,,,,,,1.2499996955739334e-05,c2ee1e0e88fbfe786d5f54b8f34cef11165014c9
dv3-A-poisson-003687,3,A,poisson,3687,,,,3:1:0:3687,,test,7,651.3198179982616,,,,,,,,,,,,,,,,,,,,0.0,,,1,669,1,exact,,,,,,,,2.1208001271588728e-05,64e345709bd77aabf32400a380f18df62511ca65
dv3-A-poisson-003688,3,A,poisson,3688,,,,3:1:0:3688,,test,7,287.596970460938,,,,,,,,,,,,,,,,,,,,0.0,,,1,305,1,exact,,,,,,,,1.2458000128390267e-05,766ad661a85e4e7ac8b28f0e33c3c67eab80d0b5
dv3-A-poisson-003689,3,A,poisson,3689,,,,3:1:0:3689,,test,7,292.3338289012272,,,,,,,,,,,,,,,,,,,,0.0,,,1,266,1,exact,,,,,,,,1.1832999007310718e-05,7c7c57e1593c7026b059a4608fd5146f38297f8f
dv3-A-poisson-003690,3,A,poisson,3690,,,,3:1:0:3690,,test,7,158.04508933414684,,,,,,,,,,,,,,,,,,,,0.0,,,1,136,1,exact,,,,,,,,1.0542000381974503e-05,75eb692962ee84cf8850a51d99888cc6e124e3bc
dv3-A-poisson-003691,3,A,poisson,3691,,,,3:1:0:3691,,test,7,333.174884968259,,,,,,,,,,,,,,,,,,,,0.0,,,1,342,1,exact,,,,,,,,1.6165999113582075e-05,33147d1e7204d4fc40f871e57ccb959476d52978
dv3-A-poisson-003692,3,A,poisson,3692,,,,3:1:0:3692,,test,7,406.64616343112846,,,,,,,,,,,,,,,,,,,,0.0,,,1,412,1,exact,,,,,,,,1.4040997484698892e-05,2972ba785fb8e672aab47cda0c286783446dfc50
dv3-A-poisson-003693,3,A,poisson,3693,,,,3:1:0:3693,,test,7,614.9783131510684,,,,,,,,,,,,,,,,,,,,0.0,,,1,631,1,exact,,,,,,,,1.7417001799913123e-05,0ed3fa54bbdafde01051e1bf1d5ff6ec9b616a21
dv3-A-poisson-003694,3,A,poisson,3694,,,,3:1:0:3694,,test,7,138.9980926380167,,,,,,,,,,,,,,,,,,,,0.0,,,1,135,1,exact,,,,,,,,1.0874999134102836e-05,f95c72667ddb60492b0b95d89933050d4b9bab1b
dv3-A-poisson-003695,3,A,poisson,3695,,,,3:1:0:3695,,test,7,206.10392933564268,,,,,,,,,,,,,,,,,,,,0.0,,,1,180,1,exact,,,,,,,,1.1082996934419498e-05,e8d61216b5a819436939a24f04b501dba8511c10
dv3-A-poisson-003696,3,A,poisson,3696,,,,3:1:0:3696,,test,7,559.2918659140802,,,,,,,,,,,,,,,,,,,,0.0,,,1,533,1,exact,,,,,,,,1.5457997506018728e-05,2132ef861cb19fb8b50e1864d24346be40c0786e
dv3-A-poisson-003697,3,A,poisson,3697,,,,3:1:0:3697,,test,7,296.3800640230111,,,,,,,,,,,,,,,,,,,,0.0,,,1,275,1,exact,,,,,,,,1.2290998711250722e-05,553383b2ac2b2d895d0e45547b3bdeb91004f724
dv3-A-poisson-003698,3,A,poisson,3698,,,,3:1:0:3698,,test,7,222.52962422511567,,,,,,,,,,,,,,,,,,,,0.0,,,1,231,1,exact,,,,,,,,1.1874999472638592e-05,92b396c764b0e3bb3dfc8bd9f991048340b3e56b
dv3-A-poisson-003699,3,A,poisson,3699,,,,3:1:0:3699,,test,7,124.67951402861974,,,,,,,,,,,,,,,,,,,,0.0,,,1,134,1,exact,,,,,,,,1.0374998964834958e-05,d62113c0592089e0cec404e36548582cb900c3b0
dv3-A-poisson-003700,3,A,poisson,3700,,,,3:1:0:3700,,test,7,150.02943967881393,,,,,,,,,,,,,,,,,,,,0.0,,,1,148,1,exact,,,,,,,,1.0708001354942098e-05,f42626eee00674ecaa0a4db34f6895cf29429209
dv3-A-poisson-003701,3,A,poisson,3701,,,,3:1:0:3701,,test,7,198.21463600221816,,,,,,,,,,,,,,,,,,,,0.0,,,1,176,1,exact,,,,,,,,1.4749999536434188e-05,8dae50e6c4f7aaba08d5176aeb02d9c06217bb5c
dv3-A-poisson-003702,3,A,poisson,3702,,,,3:1:0:3702,,test,7,424.1727261002756,,,,,,,,,,,,,,,,,,,,0.0,,,1,415,1,exact,,,,,,,,1.4042001566849649e-05,04378fb994b381e94f4fdabd88e35b74a447adb0
dv3-A-poisson-003703,3,A,poisson,3703,,,,3:1:0:3703,,test,7,314.23433843762496,,,,,,,,,,,,,,,,,,,,0.0,,,1,334,1,exact,,,,,,,,1.7958001990336925e-05,9c1d076622e88687c817e99fd9fa36b384a48b91
dv3-A-poisson-003704,3,A,poisson,3704,,,,3:1:0:3704,,test,7,114.30408412677704,,,,,,,,,,,,,,,,,,,,0.0,,,1,122,1,exact,,,,,,,,1.1416999768698588e-05,9a34b972fa983144b47e26ed10de6b8e6be2d47e
dv3-A-poisson-003705,3,A,poisson,3705,,,,3:1:0:3705,,test,7,345.4786837526905,,,,,,,,,,,,,,,,,,,,0.0,,,1,389,1,exact,,,,,,,,1.3500000932253897e-05,60d5c7477d26f001d5f6025e51ca862e498c1808
dv3-A-poisson-003706,3,A,poisson,3706,,,,3:1:0:3706,,test,7,673.8943172489165,,,,,,,,,,,,,,,,,,,,0.0,,,1,687,1,exact,,,,,,,,2.1457999537233263e-05,1475c81818b26d5aa0b76061bcdd4cb3a3d64d51
dv3-A-poisson-003707,3,A,poisson,3707,,,,3:1:0:3707,,test,7,123.48518855338656,,,,,,,,,,,,,,,,,,,,0.0,,,1,130,1,exact,,,,,,,,1.0667001333786175e-05,97c00e079b6385ccfbeeefb8a4e1109204b1a5da
dv3-A-poisson-003708,3,A,poisson,3708,,,,3:1:0:3708,,test,7,516.2636804591523,,,,,,,,,,,,,,,,,,,,0.0,,,1,504,1,exact,,,,,,,,1.487500048824586e-05,af030aa2de98648d4b5f334c8753b5d58670ef4d
dv3-A-poisson-003709,3,A,poisson,3709,,,,3:1:0:3709,,test,7,126.75882879751032,,,,,,,,,,,,,,,,,,,,0.0,,,1,120,1,exact,,,,,,,,1.0291001672158018e-05,31ee8334bc126f929778d30e068fb2cbe354a3f6
dv3-A-poisson-003710,3,A,poisson,3710,,,,3:1:0:3710,,test,7,172.8137263129128,,,,,,,,,,,,,,,,,,,,0.0,,,1,171,1,exact,,,,,,,,1.0874999134102836e-05,74a29ad86062048de51fc95f38211374f64caab4
dv3-A-poisson-003711,3,A,poisson,3711,,,,3:1:0:3711,,test,7,107.58354065698774,,,,,,,,,,,,,,,,,,,,0.0,,,1,122,1,exact,,,,,,,,1.0166000720346346e-05,5287d1470bc879b8028cf608f337287b1840da10
dv3-A-poisson-003712,3,A,poisson,3712,,,,3:1:0:3712,,test,7,230.25170248485236,,,,,,,,,,,,,,,,,,,,0.0,,,1,220,1,exact,,,,,,,,1.1500000255182385e-05,8f94d9fbda7d38733da9506e104977989fc35d3f
dv3-A-poisson-003713,3,A,poisson,3713,,,,3:1:0:3713,,test,7,117.06491525506853,,,,,,,,,,,,,,,,,,,,0.0,,,1,106,1,exact,,,,,,,,9.957999282050878e-06,593ddb7976b36e14eb172181d83426d80c2ce7b2
dv3-A-poisson-003714,3,A,poisson,3714,,,,3:1:0:3714,,test,7,233.86282905240893,,,,,,,,,,,,,,,,,,,,0.0,,,1,208,1,exact,,,,,,,,1.1125001037726179e-05,1b49ef1a4f796612bc639ea606cba00af2a04ba5
dv3-A-poisson-003715,3,A,poisson,3715,,,,3:1:0:3715,,test,7,603.4725950284612,,,,,,,,,,,,,,,,,,,,0.0,,,1,576,1,exact,,,,,,,,1.9292001525172964e-05,2e3fa9ccbdef0afa8e8fabc457ee76165d71745b
dv3-A-poisson-003716,3,A,poisson,3716,,,,3:1:0:3716,,test,7,167.96502697967776,,,,,,,,,,,,,,,,,,,,0.0,,,1,164,1,exact,,,,,,,,1.0832998668774962e-05,331727ec196a92a8630f6b0a836702cd44e088f8
dv3-A-poisson-003717,3,A,poisson,3717,,,,3:1:0:3717,,test,7,108.62557916691556,,,,,,,,,,,,,,,,,,,,0.0,,,1,114,1,exact,,,,,,,,1.0207997547695413e-05,47a8b665731b46726b2b0eec4be95f0bd938e81b
dv3-A-poisson-003718,3,A,poisson,3718,,,,3:1:0:3718,,test,7,360.90011670222435,,,,,,,,,,,,,,,,,,,,0.0,,,1,356,1,exact,,,,,,,,1.3207998563302681e-05,c14b8a417f4fe6e74da45915db1249c30f9c1477
dv3-A-poisson-003719,3,A,poisson,3719,,,,3:1:0:3719,,test,7,249.28908388608266,,,,,,,,,,,,,,,,,,,,0.0,,,1,253,1,exact,,,,,,,,1.6417001461377367e-05,b5465ce11e56756e568c231ecd50caf93118abba
dv3-A-poisson-003720,3,A,poisson,3720,,,,3:1:0:3720,,test,7,176.03448808273515,,,,,,,,,,,,,,,,,,,,0.0,,,1,172,1,exact,,,,,,,,1.1000000085914508e-05,a7cd0a5503e8068017368f35fedf4c03f1b85302
dv3-A-poisson-003721,3,A,poisson,3721,,,,3:1:0:3721,,test,7,216.2274085593968,,,,,,,,,,,,,,,,,,,,0.0,,,1,228,1,exact,,,,,,,,1.1625001206994057e-05,8a4293768c07cff337ecacacdc778d4c79b57c60
dv3-A-poisson-003722,3,A,poisson,3722,,,,3:1:0:3722,,test,7,180.61613329548783,,,,,,,,,,,,,,,,,,,,0.0,,,1,175,1,exact,,,,,,,,1.4790999557590112e-05,4a2f5b4a70cfe2ff93130429b42aa2bd7999adde
dv3-A-poisson-003723,3,A,poisson,3723,,,,3:1:0:3723,,test,7,176.359417937297,,,,,,,,,,,,,,,,,,,,0.0,,,1,177,1,exact,,,,,,,,1.2541997421067208e-05,2e42dec7d7ad983694d0c01ed0406c70ebc1917b
dv3-A-poisson-003724,3,A,poisson,3724,,,,3:1:0:3724,,test,7,329.64740177133433,,,,,,,,,,,,,,,,,,,,0.0,,,1,347,1,exact,,,,,,,,1.300000076298602e-05,b6bc712818ed7c2a12450e1010fdddfb8cf516c1
dv3-A-poisson-003725,3,A,poisson,3725,,,,3:1:0:3725,,test,7,323.68779374353403,,,,,,,,,,,,,,,,,,,,0.0,,,1,335,1,exact,,,,,,,,1.3041997590335086e-05,4e537a301e22854be0543cdb416a0b7090fb5295
dv3-A-poisson-003726,3,A,poisson,3726,,,,3:1:0:3726,,test,7,344.4148486602971,,,,,,,,,,,,,,,,,,,,0.0,,,1,363,1,exact,,,,,,,,1.3332999515114352e-05,561aa621f34a412f7af41b8fd1d428705f9a0b1f
dv3-A-poisson-003727,3,A,poisson,3727,,,,3:1:0:3727,,test,7,106.66614590220749,,,,,,,,,,,,,,,,,,,,0.0,,,1,110,1,exact,,,,,,,,1.00840006780345e-05,62af27e9e73aacdcd17d848e10c7f03f3a7bd718
dv3-A-poisson-003728,3,A,poisson,3728,,,,3:1:0:3728,,test,7,185.50794731101308,,,,,,,,,,,,,,,,,,,,0.0,,,1,209,1,exact,,,,,,,,1.1500000255182385e-05,3333623d2d8547dd27828a98ff0a1980076f4a37
dv3-A-poisson-003729,3,A,poisson,3729,,,,3:1:0:3729,,test,7,404.02480362941293,,,,,,,,,,,,,,,,,,,,0.0,,,1,392,1,exact,,,,,,,,1.3875000149710104e-05,73debdfc872698f0e9bc89039840776bbd249386
dv3-A-poisson-003730,3,A,poisson,3730,,,,3:1:0:3730,,test,7,313.55260139165273,,,,,,,,,,,,,,,,,,,,0.0,,,1,330,1,exact,,,,,,,,1.3291999493958429e-05,b9447653a87b84ea9e801f8c4bcb51269b3d9a4f
dv3-A-poisson-003731,3,A,poisson,3731,,,,3:1:0:3731,,test,7,302.16311269039744,,,,,,,,,,,,,,,,,,,,0.0,,,1,308,1,exact,,,,,,,,1.2708998838206753e-05,9abbcd67aa5c9d75e38a02a1f7f3ff0aa4bb88cf
dv3-A-poisson-003732,3,A,poisson,3732,,,,3:1:0:3732,,test,7,441.80174970695384,,,,,,,,,,,,,,,,,,,,0.0,,,1,429,1,exact,,,,,,,,1.966600029845722e-05,0d21a785249b651aad347a736c3b5f8f5deef8f0
dv3-A-poisson-003733,3,A,poisson,3733,,,,3:1:0:3733,,test,7,119.14126172472854,,,,,,,,,,,,,,,,,,,,0.0,,,1,144,1,exact,,,,,,,,1.0708001354942098e-05,de9c6e1d650c0a2ee513072c60c085aea7ed8b9d
dv3-A-poisson-003734,3,A,poisson,3734,,,,3:1:0:3734,,test,7,267.4968508608594,,,,,,,,,,,,,,,,,,,,0.0,,,1,299,1,exact,,,,,,,,1.2458000128390267e-05,73b9e08140dfbc7760e9ca0a2e205eb88619cf76
dv3-A-poisson-003735,3,A,poisson,3735,,,,3:1:0:3735,,test,7,100.66099833721537,,,,,,,,,,,,,,,,,,,,0.0,,,1,87,1,exact,,,,,,,,1.3958000636193901e-05,fe8a8735400812a4d9ecd37a14342d4bb978bf36
dv3-A-poisson-003736,3,A,poisson,3736,,,,3:1:0:3736,,test,7,340.30875191625285,,,,,,,,,,,,,,,,,,,,0.0,,,1,323,1,exact,,,,,,,,1.2959000741830096e-05,606e11d5d823835187351d426d6e375e705391db
dv3-A-poisson-003737,3,A,poisson,3737,,,,3:1:0:3737,,test,7,586.7145124882213,,,,,,,,,,,,,,,,,,,,0.0,,,1,601,1,exact,,,,,,,,2.162500095437281e-05,cbd39d6c342191ba10a967e0136958d6c5a740a0
dv3-A-poisson-003738,3,A,poisson,3738,,,,3:1:0:3738,,test,7,394.0474277836059,,,,,,,,,,,,,,,,,,,,0.0,,,1,388,1,exact,,,,,,,,1.695800165180117e-05,e75a0ea82c885d8127f82903e94af623a69394cf
dv3-A-poisson-003739,3,A,poisson,3739,,,,3:1:0:3739,,test,7,188.40668010616812,,,,,,,,,,,,,,,,,,,,0.0,,,1,183,1,exact,,,,,,,,1.0957999620586634e-05,1cadd2b9a6e39114da283b98c3c55e8fb0285658
dv3-A-poisson-003740,3,A,poisson,3740,,,,3:1:0:3740,,test,7,683.8182580812698,,,,,,,,,,,,,,,,,,,,0.0,,,1,673,1,exact,,,,,,,,1.716699989628978e-05,9dce0b8d8144e874f826ad45a063dc393462b5e8
dv3-A-poisson-003741,3,A,poisson,3741,,,,3:1:0:3741,,test,7,162.2839044407931,,,,,,,,,,,,,,,,,,,,0.0,,,1,158,1,exact,,,,,,,,1.0959000064758584e-05,719815c6818a50c68019e9a8a9274a417e0dea50
dv3-A-poisson-003742,3,A,poisson,3742,,,,3:1:0:3742,,test,7,173.07743929647881,,,,,,,,,,,,,,,,,,,,0.0,,,1,153,1,exact,,,,,,,,1.2000000424450263e-05,7bfef3c7147af1bff8de8605faadc23b1b5a37ea
dv3-A-poisson-003743,3,A,poisson,3743,,,,3:1:0:3743,,test,7,134.32270127826195,,,,,,,,,,,,,,,,,,,,0.0,,,1,140,1,exact,,,,,,,,1.049999991664663e-05,681dca736ffa289eed6199f6f2e1c71e433601e8
dv3-A-poisson-003744,3,A,poisson,3744,,,,3:1:0:3744,,test,7,119.88225958790169,,,,,,,,,,,,,,,,,,,,0.0,,,1,128,1,exact,,,,,,,,1.06250008684583e-05,565ddc2e0b8c40de887ad3c2032b08695f5a4338
dv3-A-poisson-003745,3,A,poisson,3745,,,,3:1:0:3745,,test,7,355.7469761336499,,,,,,,,,,,,,,,,,,,,0.0,,,1,348,1,exact,,,,,,,,1.2959000741830096e-05,42feb0108458ba59e1e1f3fe0e9ea7681e983963
dv3-A-poisson-003746,3,A,poisson,3746,,,,3:1:0:3746,,test,7,248.4265893161001,,,,,,,,,,,,,,,,,,,,0.0,,,1,252,1,exact,,,,,,,,1.8124999769497663e-05,bec8b59006589dc6d30eb16ae08a04d0b11998dd
dv3-A-poisson-003747,3,A,poisson,3747,,,,3:1:0:3747,,test,7,732.6668427997281,,,,,,,,,,,,,,,,,,,,0.0,,,1,779,1,exact,,,,,,,,2.2500000341096893e-05,2c06a5aa9228861ca9feab27538ab086f62d5224
dv3-A-poisson-003748,3,A,poisson,3748,,,,3:1:0:3748,,test,7,173.2431722003656,,,,,,,,,,,,,,,,,,,,0.0,,,1,156,1,exact,,,,,,,,1.091699959943071e-05,d6e15b8fd1b6a4a3587dd475aeab05462be84c4b
dv3-A-poisson-003749,3,A,poisson,3749,,,,3:1:0:3749,,test,7,130.53376029754898,,,,,,,,,,,,,,,,,,,,0.0,,,1,111,1,exact,,,,,,,,9.999999747378752e-06,3d8d75bce3c0ae139fdb9dddfcb3ba37de3e27d8
dv3-A-poisson-003750,3,A,poisson,3750,,,,3:1:0:3750,,test,7,302.9475914430377,,,,,,,,,,,,,,,,,,,,0.0,,,1,320,1,exact,,,,,,,,1.2749998859362677e-05,dc1fdc31ba87213f5b2fdf7c57a84a91f9f7d815
dv3-A-poisson-003751,3,A,poisson,3751,,,,3:1:0:3751,,test,7,215.35767275286665,,,,,,,,,,,,,,,,,,,,0.0,,,1,228,1,exact,,,,,,,,1.1583997547859326e-05,72170c5ac9003569d8ba0d8d66c10f3ed6137214
dv3-A-poisson-003752,3,A,poisson,3752,,,,3:1:0:3752,,test,7,345.08910043879786,,,,,,,,,,,,,,,,,,,,0.0,,,1,346,1,exact,,,,,,,,1.3208999007474631e-05,388c36617871334684f740d76c08efebc37336ec
dv3-A-poisson-003753,3,A,poisson,3753,,,,3:1:0:3753,,test,7,504.41493089926547,,,,,,,,,,,,,,,,,,,,0.0,,,1,500,1,exact,,,,,,,,1.5207999240374193e-05,ebc17e2daabc1c50856c8dcc8ba1a3b7e6140413
dv3-A-poisson-003754,3,A,poisson,3754,,,,3:1:0:3754,,test,7,426.67768417837505,,,,,,,,,,,,,,,,,,,,0.0,,,1,434,1,exact,,,,,,,,1.4542001736117527e-05,2b5f1d7783cd3896d36d866981a1bc34bafa6c0a
dv3-A-poisson-003755,3,A,poisson,3755,,,,3:1:0:3755,,test,7,788.4671836813852,,,,,,,,,,,,,,,,,,,,0.0,,,1,787,1,exact,,,,,,,,2.258300082758069e-05,0a3dffffed817c9619922c300da564730f552512
dv3-A-poisson-003756,3,A,poisson,3756,,,,3:1:0:3756,,test,7,197.9370679594979,,,,,,,,,,,,,,,,,,,,0.0,,,1,178,1,exact,,,,,,,,1.1166997865075245e-05,2cadd1f78bf726fb935e854882750b596d16f0f9
dv3-A-poisson-003757,3,A,poisson,3757,,,,3:1:0:3757,,test,7,325.03534437023774,,,,,,,,,,,,,,,,,,,,0.0,,,1,354,1,exact,,,,,,,,1.354100095340982e-05,c2d304bf18ee4a07dd52c61bfbf63a1093d7546e
dv3-A-poisson-003758,3,A,poisson,3758,,,,3:1:0:3758,,test,7,176.05617683033012,,,,,,,,,,,,,,,,,,,,0.0,,,1,187,1,exact,,,,,,,,1.1292002454865724e-05,df1e379819608c3eb13b72791361540a529948ce
dv3-A-poisson-003759,3,A,poisson,3759,,,,3:1:0:3759,,test,7,649.8829587817535,,,,,,,,,,,,,,,,,,,,0.0,,,1,704,1,exact,,,,,,,,2.1042000298621133e-05,2995af2a96bb21c84a778d07c7ac6cc45f1fa578
dv3-A-poisson-003760,3,A,poisson,3760,,,,3:1:0:3760,,test,7,111.19267719784689,,,,,,,,,,,,,,,,,,,,0.0,,,1,104,1,exact,,,,,,,,1.0207997547695413e-05,f8b8466b03b903b9dba149416ccfc0c47724be23
dv3-A-poisson-003761,3,A,poisson,3761,,,,3:1:0:3761,,test,7,173.4580729927287,,,,,,,,,,,,,,,,,,,,0.0,,,1,170,1,exact,,,,,,,,1.1083000572398305e-05,e272bce63cab7af08955205bc232794668f0cb44
dv3-A-poisson-003762,3,A,poisson,3762,,,,3:1:0:3762,,test,7,267.280778868193,,,,,,,,,,,,,,,,,,,,0.0,,,1,287,1,exact,,,,,,,,1.3500000932253897e-05,6d5899954d1564f650062ee674e2230c23a4501d
dv3-A-poisson-003763,3,A,poisson,3763,,,,3:1:0:3763,,test,7,383.3003864999245,,,,,,,,,,,,,,,,,,,,0.0,,,1,429,1,exact,,,,,,,,1.4542001736117527e-05,3076bb411c4d7a4bb6ed5a17a94d30723db0a63b
dv3-A-poisson-003764,3,A,poisson,3764,,,,3:1:0:3764,,test,7,105.61229415986605,,,,,,,,,,,,,,,,,,,,0.0,,,1,105,1,exact,,,,,,,,1.020900162984617e-05,34ad87ee55e99929367479740a3a8cfafe259754
dv3-A-poisson-003765,3,A,poisson,3765,,,,3:1:0:3765,,test,7,284.6050123034658,,,,,,,,,,,,,,,,,,,,0.0,,,1,270,1,exact,,,,,,,,1.2290998711250722e-05,9ae096787881c2b7e8c0f7d89787b8986da843b4
dv3-A-poisson-003766,3,A,poisson,3766,,,,3:1:0:3766,,test,7,262.2168012005334,,,,,,,,,,,,,,,,,,,,0.0,,,1,268,1,exact,,,,,,,,1.2207998224766925e-05,fa23cb72528dfe6552c792c3e04f8e64becf4483
dv3-A-poisson-003767,3,A,poisson,3767,,,,3:1:0:3767,,test,7,254.45585263806714,,,,,,,,,,,,,,,,,,,,0.0,,,1,282,1,exact,,,,,,,,1.229200279340148e-05,4711bc8273b3e7bfcd8f4fcea6532db1c65b7328
dv3-A-poisson-003768,3,A,poisson,3768,,,,3:1:0:3768,,test,7,182.8180585621147,,,,,,,,,,,,,,,,,,,,0.0,,,1,192,1,exact,,,,,,,,1.1416999768698588e-05,c7adb4051e3ffa4ff81c1ae97e878a45c93ed7e5
dv3-A-poisson-003769,3,A,poisson,3769,,,,3:1:0:3769,,test,7,112.12728059806236,,,,,,,,,,,,,,,,,,,,0.0,,,1,100,1,exact,,,,,,,,9.958999726222828e-06,3d8011ba6f9e9f1e303dc58c8454b15c12e8aaed
dv3-A-poisson-003770,3,A,poisson,3770,,,,3:1:0:3770,,test,7,281.83518829015253,,,,,,,,,,,,,,,,,,,,0.0,,,1,271,1,exact,,,,,,,,1.2417000107234344e-05,857ccf2758228089d45452ed6b034c9ee6538dcd
dv3-A-poisson-003771,3,A,poisson,3771,,,,3:1:0:3771,,test,7,108.918056774949,,,,,,,,,,,,,,,,,,,,0.0,,,1,104,1,exact,,,,,,,,1.4332999853650108e-05,6acb37298d048d263827e301a2b7d67c3288d259
dv3-A-poisson-003772,3,A,poisson,3772,,,,3:1:0:3772,,test,7,388.6802218055086,,,,,,,,,,,,,,,,,,,,0.0,,,1,346,1,exact,,,,,,,,1.3124998076818883e-05,a54b315033066ba27ca6fd5cacff7dda7b5ffd93
dv3-A-poisson-003773,3,A,poisson,3773,,,,3:1:0:3773,,test,7,100.14913527943258,,,,,,,,,,,,,,,,,,,,0.0,,,1,84,1,exact,,,,,,,,1.0042000212706625e-05,b94aae5205e77fd57fb9283cee9451a8006b01a4
dv3-A-poisson-003774,3,A,poisson,3774,,,,3:1:0:3774,,test,7,232.66560491648755,,,,,,,,,,,,,,,,,,,,0.0,,,1,227,1,exact,,,,,,,,1.1708998499670997e-05,055bb327682e53d7cecd3f9c8706a46581a2924a
dv3-A-poisson-003775,3,A,poisson,3775,,,,3:1:0:3775,,test,7,466.7659165108339,,,,,,,,,,,,,,,,,,,,0.0,,,1,493,1,exact,,,,,,,,1.8750000890577212e-05,3e421e26430aa205e195f9938811bdcfa87330e3
dv3-A-poisson-003776,3,A,poisson,3776,,,,3:1:0:3776,,test,7,219.04347962450913,,,,,,,,,,,,,,,,,,,,0.0,,,1,217,1,exact,,,,,,,,1.1582997103687376e-05,8efb1aba2b36358d8d701aa85cc7909e850b54fc
dv3-A-poisson-003777,3,A,poisson,3777,,,,3:1:0:3777,,test,7,427.2246751590232,,,,,,,,,,,,,,,,,,,,0.0,,,1,395,1,exact,,,,,,,,1.4041997928870842e-05,e3abdb04087df3fed6ae5b9814e8b7ca0977a9ca
dv3-A-poisson-003778,3,A,poisson,3778,,,,3:1:0:3778,,test,7,251.56234457672863,,,,,,,,,,,,,,,,,,,,0.0,,,1,239,1,exact,,,,,,,,1.208300091093406e-05,ba9ea295fd502f4c4741deca3ff54849d0bdb5ed
dv3-A-poisson-003779,3,A,poisson,3779,,,,3:1:0:3779,,test,7,115.14905406358108,,,,,,,,,,,,,,,,,,,,0.0,,,1,117,1,exact,,,,,,,,1.049999991664663e-05,8f0e5347d9de5b05b946cab8a4703f6c4bc5da2d
dv3-A-poisson-003780,3,A,poisson,3780,,,,3:1:0:3780,,test,7,392.25655319504637,,,,,,,,,,,,,,,,,,,,0.0,,,1,412,1,exact,,,,,,,,1.4207998901838437e-05,25f5a6ec82b9d13fe6c1e3899555bb9910a237f3
dv3-A-poisson-003781,3,A,poisson,3781,,,,3:1:0:3781,,test,7,120.51656211688604,,,,,,,,,,,,,,,,,,,,0.0,,,1,107,1,exact,,,,,,,,1.1500000255182385e-05,4bf0803f192bbe1cf42f3bc480dd976fb793fd37
dv3-A-poisson-003782,3,A,poisson,3782,,,,3:1:0:3782,,test,7,241.15491588742935,,,,,,,,,,,,,,,,,,,,0.0,,,1,258,1,exact,,,,,,,,1.2166998203611001e-05,a000f9e9726db40e6689b0050aad9dd0957efa46
dv3-A-poisson-003783,3,A,poisson,3783,,,,3:1:0:3783,,test,7,715.4153614246317,,,,,,,,,,,,,,,,,,,,0.0,,,1,700,1,exact,,,,,,,,2.2291998902801424e-05,3c38cf5eb86a01d023d79215af28663eb216db52
dv3-A-poisson-003784,3,A,poisson,3784,,,,3:1:0:3784,,test,7,694.1147226816959,,,,,,,,,,,,,,,,,,,,0.0,,,1,657,1,exact,,,,,,,,1.912500010803342e-05,072960e291d4eff4a1b5d296767913e8fbc09a81
dv3-A-poisson-003785,3,A,poisson,3785,,,,3:1:0:3785,,test,7,392.41875611675215,,,,,,,,,,,,,,,,,,,,0.0,,,1,401,1,exact,,,,,,,,1.300000076298602e-05,df060517aeac9dce1484c26129d13a778c5c4498
dv3-A-poisson-003786,3,A,poisson,3786,,,,3:1:0:3786,,test,7,589.5369028628348,,,,,,,,,,,,,,,,,,,,0.0,,,1,579,1,exact,,,,,,,,2.029100141953677e-05,6fa32afae55d448058a71e01c0f11edf5b190b4c
dv3-A-poisson-003787,3,A,poisson,3787,,,,3:1:0:3787,,test,7,523.4210811470792,,,,,,,,,,,,,,,,,,,,0.0,,,1,558,1,exact,,,,,,,,2.041700281552039e-05,2ca62626e22a35a8d5679242529fedb1808daf0d
dv3-A-poisson-003788,3,A,poisson,3788,,,,3:1:0:3788,,test,7,156.29368398150027,,,,,,,,,,,,,,,,,,,,0.0,,,1,148,1,exact,,,,,,,,1.0083000233862549e-05,e370d18481f85825da62df006ec8d5bf3ebde68d
dv3-A-poisson-003789,3,A,poisson,3789,,,,3:1:0:3789,,test,7,123.34491015005888,,,,,,,,,,,,,,,,,,,,0.0,,,1,137,1,exact,,,,,,,,9.916999260894954e-06,9880c3c2d1e33f63a103eaa3ec98b4b883947183
dv3-A-poisson-003790,3,A,poisson,3790,,,,3:1:0:3790,,test,7,166.0069340128548,,,,,,,,,,,,,,,,,,,,0.0,,,1,172,1,exact,,,,,,,,1.0332998499507084e-05,1c67a11f3e3ccba449df18e5709face699a031ed
dv3-A-poisson-003791,3,A,poisson,3791,,,,3:1:0:3791,,test,7,752.7322669449283,,,,,,,,,,,,,,,,,,,,0.0,,,1,736,1,exact,,,,,,,,1.945900294231251e-05,62f9b1b6802b61faa561b2e4964694631c169657
dv3-A-poisson-003792,3,A,poisson,3792,,,,3:1:0:3792,,test,7,115.66338216520474,,,,,,,,,,,,,,,,,,,,0.0,,,1,114,1,exact,,,,,,,,9.833998774411157e-06,da4862fec2362859fc908f52e7c7a7b50a83e80e
dv3-A-poisson-003793,3,A,poisson,3793,,,,3:1:0:3793,,test,7,281.4354838026827,,,,,,,,,,,,,,,,,,,,0.0,,,1,276,1,exact,,,,,,,,1.1541000276338309e-05,afea2b6d6d4c3d9334857d6359941b8f04676310
dv3-A-poisson-003794,3,A,poisson,3794,,,,3:1:0:3794,,test,7,294.37973324056196,,,,,,,,,,,,,,,,,,,,0.0,,,1,289,1,exact,,,,,,,,1.1457999789854512e-05,d569adca430f1572d47a5de6911786572824c4a6
dv3-A-poisson-003795,3,A,poisson,3795,,,,3:1:0:3795,,test,7,715.4772636483822,,,,,,,,,,,,,,,,,,,,0.0,,,1,710,1,exact,,,,,,,,1.9708000763785094e-05,0c24d0fbd8383a3c0c3e729ef6131069afa23ad7
dv3-A-poisson-003796,3,A,poisson,3796,,,,3:1:0:3796,,test,7,304.93287789439336,,,,,,,,,,,,,,,,,,,,0.0,,,1,301,1,exact,,,,,,,,1.2125001376261935e-05,63150b2febff8e4c4ff68c5d54e33630e6ae1878
dv3-A-poisson-003797,3,A,poisson,3797,,,,3:1:0:3797,,test,7,363.7541786648433,,,,,,,,,,,,,,,,,,,,0.0,,,1,373,1,exact,,,,,,,,1.2708998838206753e-05,55f85b0a400f8ef3926b6dac15fd486246cd9be0
dv3-A-poisson-003798,3,A,poisson,3798,,,,3:1:0:3798,,test,7,537.4144448322317,,,,,,,,,,,,,,,,,,,,0.0,,,1,577,1,exact,,,,,,,,1.4749999536434188e-05,819208aa660bf1ac25db7cdede2a9efb57bb2691
dv3-A-poisson-003799,3,A,poisson,3799,,,,3:1:0:3799,,test,7,771.8601637750968,,,,,,,,,,,,,,,,,,,,0.0,,,1,743,1,exact,,,,,,,,2.28749995585531e-05,48ea375a0a828b90f578dc505bfd610223ba6d36
dv3-A-poisson-003800,3,A,poisson,3800,,,,3:1:0:3800,,test,7,414.48239234892543,,,,,,,,,,,,,,,,,,,,0.0,,,1,391,1,exact,,,,,,,,1.4125002053333446e-05,98cc1c21897ae24291401f3cb7a53127c2d2745a
dv3-A-poisson-003801,3,A,poisson,3801,,,,3:1:0:3801,,test,7,533.0642764037812,,,,,,,,,,,,,,,,,,,,0.0,,,1,507,1,exact,,,,,,,,1.4291999832494184e-05,0a2bfe5da88413a59a0bdd30c7a9827a2194b98c
dv3-A-poisson-003802,3,A,poisson,3802,,,,3:1:0:3802,,test,7,359.89294143369517,,,,,,,,,,,,,,,,,,,,0.0,,,1,344,1,exact,,,,,,,,1.2458000128390267e-05,f0c56f626c19522632185f1e1596e4cd2befdb9c
dv3-A-poisson-003803,3,A,poisson,3803,,,,3:1:0:3803,,test,7,409.7067957864354,,,,,,,,,,,,,,,,,,,,0.0,,,1,415,1,exact,,,,,,,,1.3124998076818883e-05,3d821b1240298bbb0247e69fda67dfcb979c8719
dv3-A-poisson-003804,3,A,poisson,3804,,,,3:1:0:3804,,test,7,293.3146443936793,,,,,,,,,,,,,,,,,,,,0.0,,,1,286,1,exact,,,,,,,,1.1541000276338309e-05,61705a02b64a7654a4fd3c781ba348ecab021824
dv3-A-poisson-003805,3,A,poisson,3805,,,,3:1:0:3805,,test,7,544.1104373267281,,,,,,,,,,,,,,,,,,,,0.0,,,1,569,1,exact,,,,,,,,8.829199941828847e-05,16b5f96ef0be374c97c82eb69b6157e61eff2e7f
dv3-A-poisson-003806,3,A,poisson,3806,,,,3:1:0:3806,,test,7,101.15052248750551,,,,,,,,,,,,,,,,,,,,0.0,,,1,100,1,exact,,,,,,,,9.750001481734216e-06,e905b5d4eabdd6bb5732c1bdbf61aaefb235a06c
dv3-A-poisson-003807,3,A,poisson,3807,,,,3:1:0:3807,,test,7,136.92048372006087,,,,,,,,,,,,,,,,,,,,0.0,,,1,130,1,exact,,,,,,,,9.999999747378752e-06,5c83a3fe49baa41264b9d8a2aa415b2c9c9a1279
dv3-A-poisson-003808,3,A,poisson,3808,,,,3:1:0:3808,,test,7,143.48171984264906,,,,,,,,,,,,,,,,,,,,0.0,,,1,137,1,exact,,,,,,,,9.958999726222828e-06,8add3e6f3c70bebaa7b1af4bd355d9975ed08301
dv3-A-poisson-003809,3,A,poisson,3809,,,,3:1:0:3809,,test,7,448.73219745813503,,,,,,,,,,,,,,,,,,,,0.0,,,1,416,1,exact,,,,,,,,1.6083002265077084e-05,475f963df208255994fe54a2bc642a0c99c02e1f
dv3-A-poisson-003810,3,A,poisson,3810,,,,3:1:0:3810,,test,7,381.69012014347084,,,,,,,,,,,,,,,,,,,,0.0,,,1,399,1,exact,,,,,,,,0.0001021249991026707,82302ad404ecafbb78a7ae551d4d12c0453a19e4
dv3-A-poisson-003811,3,A,poisson,3811,,,,3:1:0:3811,,test,7,167.7006624430558,,,,,,,,,,,,,,,,,,,,0.0,,,1,177,1,exact,,,,,,,,5.0416001613484696e-05,4e0dcc951d00b627b72b629383e2a53b0aa38b29
dv3-A-poisson-003812,3,A,poisson,3812,,,,3:1:0:3812,,test,7,121.1745217086385,,,,,,,,,,,,,,,,,,,,0.0,,,1,126,1,exact,,,,,,,,2.5458000891376287e-05,f8a64932a13f90e6b8f763a42e9c9585f9ece31d
dv3-A-poisson-003813,3,A,poisson,3813,,,,3:1:0:3813,,test,7,123.20919408531057,,,,,,,,,,,,,,,,,,,,0.0,,,1,122,1,exact,,,,,,,,2.2542000806424767e-05,3f80736bf3fea28701bc575c9b5c1638c7d11037
dv3-A-poisson-003814,3,A,poisson,3814,,,,3:1:0:3814,,test,7,503.3235344838895,,,,,,,,,,,,,,,,,,,,0.0,,,1,506,1,exact,,,,,,,,3.216700133634731e-05,86bb257e08c16f0840ec8af1e341cf2b0ed15968
dv3-A-poisson-003815,3,A,poisson,3815,,,,3:1:0:3815,,test,7,121.5324865097236,,,,,,,,,,,,,,,,,,,,0.0,,,1,106,1,exact,,,,,,,,2.1916002879152074e-05,e5641579cd19921ddd42f41cee9167d87e53aaff
dv3-A-poisson-003816,3,A,poisson,3816,,,,3:1:0:3816,,test,7,240.27759560126464,,,,,,,,,,,,,,,,,,,,0.0,,,1,252,1,exact,,,,,,,,2.520800262573175e-05,15c702b90079247b4aaaae94097ebbab72b0bc1e
dv3-A-poisson-003817,3,A,poisson,3817,,,,3:1:0:3817,,test,7,104.66098888093917,,,,,,,,,,,,,,,,,,,,0.0,,,1,116,1,exact,,,,,,,,2.1709001885028556e-05,9e74229f4574c0f265f4aa13979c824af806fb48
dv3-A-poisson-003818,3,A,poisson,3818,,,,3:1:0:3818,,test,7,548.7513123976963,,,,,,,,,,,,,,,,,,,,0.0,,,1,581,1,exact,,,,,,,,3.3666001399978995e-05,e590b9c6e6cf50093060b17c86f29e3d9bd9c694
dv3-A-poisson-003819,3,A,poisson,3819,,,,3:1:0:3819,,test,7,108.71381377842701,,,,,,,,,,,,,,,,,,,,0.0,,,1,99,1,exact,,,,,,,,2.1084000763949007e-05,b425f35edb0d2d5659ba254e60c5f5eea0f7e637
dv3-A-poisson-003820,3,A,poisson,3820,,,,3:1:0:3820,,test,7,194.32774146135125,,,,,,,,,,,,,,,,,,,,0.0,,,1,220,1,exact,,,,,,,,2.4375000066356733e-05,c4f36d5042d922f1d0f2c5b1b4de36d94584bd58
dv3-A-poisson-003821,3,A,poisson,3821,,,,3:1:0:3821,,test,7,115.52745888543608,,,,,,,,,,,,,,,,,,,,0.0,,,1,131,1,exact,,,,,,,,2.2208998416317627e-05,5a61b0bae93cbe75697d1c2bdf5235a6d7fc438a
dv3-A-poisson-003822,3,A,poisson,3822,,,,3:1:0:3822,,test,7,300.43907369279157,,,,,,,,,,,,,,,,,,,,0.0,,,1,300,1,exact,,,,,,,,2.6375000743428245e-05,df05b24c148b47c6385b2e24fb01b93d38b367c9
dv3-A-poisson-003823,3,A,poisson,3823,,,,3:1:0:3823,,test,7,501.1550556395326,,,,,,,,,,,,,,,,,,,,0.0,,,1,517,1,exact,,,,,,,,3.245799962314777e-05,7135b6ade24b4c07e48e467cf2c05219babfeb64
dv3-A-poisson-003824,3,A,poisson,3824,,,,3:1:0:3824,,test,7,617.0082792044093,,,,,,,,,,,,,,,,,,,,0.0,,,1,618,1,exact,,,,,,,,3.533299968694337e-05,889404cfbd5d83ada542960c9d4f261901c1644b
dv3-A-poisson-003825,3,A,poisson,3825,,,,3:1:0:3825,,test,7,210.65453769063996,,,,,,,,,,,,,,,,,,,,0.0,,,1,194,1,exact,,,,,,,,2.3542001144960523e-05,b2e642b0f57fcbcd19e67fe0a441c559a278d07e
dv3-A-poisson-003826,3,A,poisson,3826,,,,3:1:0:3826,,test,7,104.01005476170488,,,,,,,,,,,,,,,,,,,,0.0,,,1,112,1,exact,,,,,,,,2.1500000002561137e-05,33530ace7c5a949561dde3b45a15fae47df0e93b
dv3-A-poisson-003827,3,A,poisson,3827,,,,3:1:0:3827,,test,7,191.03373768424365,,,,,,,,,,,,,,,,,,,,0.0,,,1,209,1,exact,,,,,,,,2.4375000066356733e-05,c2dbe68c9abf1c5be95f6a5675ec47dbc6e16bb2
dv3-A-poisson-003828,3,A,poisson,3828,,,,3:1:0:3828,,test,7,798.4839506633715,,,,,,,,,,,,,,,,,,,,0.0,,,1,821,1,exact,,,,,,,,3.983300121035427e-05,1fa0f3df0035a650c9f30ea995ae031ee267a57c
dv3-A-poisson-003829,3,A,poisson,3829,,,,3:1:0:3829,,test,7,416.00529485438875,,,,,,,,,,,,,,,,,,,,0.0,,,1,401,1,exact,,,,,,,,2.904100256273523e-05,f2b930f7c22dc45d75ab42f32b9145dd74c1f9a2
dv3-A-poisson-003830,3,A,poisson,3830,,,,3:1:0:3830,,test,7,250.9742442095973,,,,,,,,,,,,,,,,,,,,0.0,,,1,271,1,exact,,,,,,,,2.5749999622348696e-05,f0872f2e5425d581c7de56e1730715d1d2eb002e
dv3-A-poisson-003831,3,A,poisson,3831,,,,3:1:0:3831,,test,7,384.13953040346405,,,,,,,,,,,,,,,,,,,,0.0,,,1,392,1,exact,,,,,,,,3.120800101896748e-05,fa9b4e6ecde556b7574968146db95275b65c834b
dv3-A-poisson-003832,3,A,poisson,3832,,,,3:1:0:3832,,test,7,107.64692000742177,,,,,,,,,,,,,,,,,,,,0.0,,,1,102,1,exact,,,,,,,,2.145800317521207e-05,f6fd18c7f8a55394c105c1d83e3a950b8a5e4964
dv3-A-poisson-003833,3,A,poisson,3833,,,,3:1:0:3833,,test,7,589.9051645501136,,,,,,,,,,,,,,,,,,,,0.0,,,1,589,1,exact,,,,,,,,3.4791999496519566e-05,b7d41e2952832f705c9fc31e4eb8b795aba3967e
dv3-A-poisson-003834,3,A,poisson,3834,,,,3:1:0:3834,,test,7,361.08623035174946,,,,,,,,,,,,,,,,,,,,0.0,,,1,376,1,exact,,,,,,,,2.912499985541217e-05,762550f7e02f351da6c0347a48ff28771b337c9a
dv3-A-poisson-003835,3,A,poisson,3835,,,,3:1:0:3835,,test,7,471.57629333691267,,,,,,,,,,,,,,,,,,,,0.0,,,1,482,1,exact,,,,,,,,3.229100184398703e-05,2c8acf7b702f2e92fe349f52f8113a8738529b08
dv3-A-poisson-003836,3,A,poisson,3836,,,,3:1:0:3836,,test,7,121.73785738587704,,,,,,,,,,,,,,,,,,,,0.0,,,1,118,1,exact,,,,,,,,2.3166001483332366e-05,8356c558d45d8df6356ea9ba3cf349b855b0e638
dv3-A-poisson-003837,3,A,poisson,3837,,,,3:1:0:3837,,test,7,341.8029980057134,,,,,,,,,,,,,,,,,,,,0.0,,,1,340,1,exact,,,,,,,,2.8124999516876414e-05,82be9d7b45054a3dcc44031ebcc60de7f3aced99
dv3-A-poisson-003838,3,A,poisson,3838,,,,3:1:0:3838,,test,7,526.051327214022,,,,,,,,,,,,,,,,,,,,0.0,,,1,533,1,exact,,,,,,,,3.312499757157639e-05,ef32c2e871364a34093f75b3f7d8133fe63d7054
dv3-A-poisson-003839,3,A,poisson,3839,,,,3:1:0:3839,,test,7,621.3509987493688,,,,,,,,,,,,,,,,,,,,0.0,,,1,629,1,exact,,,,,,,,3.5708999348571524e-05,a8b6d2b926a48ee5693a35a9a42e574d75b116dc
dv3-A-poisson-003840,3,A,poisson,3840,,,,3:1:0:3840,,test,7,179.29042024990667,,,,,,,,,,,,,,,,,,,,0.0,,,1,147,1,exact,,,,,,,,2.3583001166116446e-05,200a272fa5e1a8a2ec112c0a2f042d6e4abd79dc
dv3-A-poisson-003841,3,A,poisson,3841,,,,3:1:0:3841,,test,7,159.62434020076225,,,,,,,,,,,,,,,,,,,,0.0,,,1,161,1,exact,,,,,,,,2.3791002604411915e-05,070fd53e7f4c7552bffae5448ca22b1e3428275d
dv3-A-poisson-003842,3,A,poisson,3842,,,,3:1:0:3842,,test,7,374.0711791689709,,,,,,,,,,,,,,,,,,,,0.0,,,1,339,1,exact,,,,,,,,2.8166999982204288e-05,1f2c4f5e5e9097c2685adc379cb7af232a5edb92
dv3-A-poisson-003843,3,A,poisson,3843,,,,3:1:0:3843,,test,7,146.29367967336572,,,,,,,,,,,,,,,,,,,,0.0,,,1,152,1,exact,,,,,,,,2.28749995585531e-05,94711216c400d78f461b46fed4f46808d8c6156c
dv3-A-poisson-003844,3,A,poisson,3844,,,,3:1:0:3844,,test,7,228.69659775004342,,,,,,,,,,,,,,,,,,,,0.0,,,1,244,1,exact,,,,,,,,6.941700121387839e-05,b184230dc54f9a2cfa403c5f7cbaf22764edaf7a
dv3-A-poisson-003845,3,A,poisson,3845,,,,3:1:0:3845,,test,7,136.86544018427008,,,,,,,,,,,,,,,,,,,,0.0,,,1,123,1,exact,,,,,,,,2.975000097649172e-05,9e58b8f5f1c5dbd06e5c5cfce9e1eb7f5bfdf3be
dv3-A-poisson-003846,3,A,poisson,3846,,,,3:1:0:3846,,test,7,139.23267111905443,,,,,,,,,,,,,,,,,,,,0.0,,,1,143,1,exact,,,,,,,,2.487500023562461e-05,80852d260d811c12564b941e2df3961f8b367377
dv3-A-poisson-003847,3,A,poisson,3847,,,,3:1:0:3847,,test,7,280.9463159212474,,,,,,,,,,,,,,,,,,,,0.0,,,1,265,1,exact,,,,,,,,2.704199869185686e-05,7dd9728fac1665d62739aaeea3e213e7a99225b5
dv3-A-poisson-003848,3,A,poisson,3848,,,,3:1:0:3848,,test,7,580.7540375503767,,,,,,,,,,,,,,,,,,,,0.0,,,1,548,1,exact,,,,,,,,3.387499964446761e-05,b120230196a810fdd20aab08a5e2f61f94a495f7
dv3-A-poisson-003849,3,A,poisson,3849,,,,3:1:0:3849,,test,7,137.71793172777421,,,,,,,,,,,,,,,,,,,,0.0,,,1,155,1,exact,,,,,,,,2.3042000975692645e-05,48be19405cf2a17e856c2d50968b9765703f9a7e
dv3-A-poisson-003850,3,A,poisson,3850,,,,3:1:0:3850,,test,7,367.4335339028245,,,,,,,,,,,,,,,,,,,,0.0,,,1,328,1,exact,,,,,,,,2.7417001547291875e-05,ea7e9cef71ca930297f0a69df7322670c98e3aa2
dv3-A-poisson-003851,3,A,poisson,3851,,,,3:1:0:3851,,test,7,379.014349875953,,,,,,,,,,,,,,,,,,,,0.0,,,1,367,1,exact,,,,,,,,2.891600161092356e-05,3105ba85ca6944e9c5c4b5895c2a6df29ec333e0
dv3-A-poisson-003852,3,A,poisson,3852,,,,3:1:0:3852,,test,7,180.27019484795537,,,,,,,,,,,,,,,,,,,,0.0,,,1,182,1,exact,,,,,,,,2.358299752813764e-05,32dd718ed9606a9f98d18914150c6a7f01ff0bb2
dv3-A-poisson-003853,3,A,poisson,3853,,,,3:1:0:3853,,test,7,553.5134814980081,,,,,,,,,,,,,,,,,,,,0.0,,,1,537,1,exact,,,,,,,,3.287499930593185e-05,f8ef782538a178f61474a50fda95a2ee6764c688
dv3-A-poisson-003854,3,A,poisson,3854,,,,3:1:0:3854,,test,7,313.2752175869397,,,,,,,,,,,,,,,,,,,,0.0,,,1,277,1,exact,,,,,,,,3.516600190778263e-05,723a02f0e6ddfdfda34fc1418a4835428f99d847
dv3-A-poisson-003855,3,A,poisson,3855,,,,3:1:0:3855,,test,7,302.10050816517406,,,,,,,,,,,,,,,,,,,,0.0,,,1,316,1,exact,,,,,,,,2.6916000933852047e-05,727f63a0b456cfa09c2a3f9329f1e9d2447e0cf5
dv3-A-poisson-003856,3,A,poisson,3856,,,,3:1:0:3856,,test,7,257.58008138051247,,,,,,,,,,,,,,,,,,,,0.0,,,1,255,1,exact,,,,,,,,2.5541001377860084e-05,9ff1888cae1886ca2c246b753a7ad95fea7ef062
dv3-A-poisson-003857,3,A,poisson,3857,,,,3:1:0:3857,,test,7,440.19822292860687,,,,,,,,,,,,,,,,,,,,0.0,,,1,408,1,exact,,,,,,,,2.9499999072868377e-05,6a859bf2bb678abe124bc8ac7f654d015257a0fe
dv3-A-poisson-003858,3,A,poisson,3858,,,,3:1:0:3858,,test,7,750.4980772544427,,,,,,,,,,,,,,,,,,,,0.0,,,1,804,1,exact,,,,,,,,3.9375001506414264e-05,0085bd5329355871502864a9d21c8e7d2153e0f3
dv3-A-poisson-003859,3,A,poisson,3859,,,,3:1:0:3859,,test,7,299.0412883352585,,,,,,,,,,,,,,,,,,,,0.0,,,1,313,1,exact,,,,,,,,2.716600283747539e-05,9756f6c07e1db21498f770a6bac4fff78a5e9d8a
dv3-A-poisson-003860,3,A,poisson,3860,,,,3:1:0:3860,,test,7,116.86455321367161,,,,,,,,,,,,,,,,,,,,0.0,,,1,125,1,exact,,,,,,,,2.2332998923957348e-05,382d448c09127b78adc33f51f38fe3d24c7f9dcc
dv3-A-poisson-003861,3,A,poisson,3861,,,,3:1:0:3861,,test,7,242.101617129558,,,,,,,,,,,,,,,,,,,,0.0,,,1,256,1,exact,,,,,,,,2.5915996957337484e-05,917f78e5d767adaa8d876dfdb239b501396945c8
dv3-A-poisson-003862,3,A,poisson,3862,,,,3:1:0:3862,,test,7,237.41034813757884,,,,,,,,,,,,,,,,,,,,0.0,,,1,239,1,exact,,,,,,,,3.183300214004703e-05,87f2ee563a28a3cd5a0e62ba22616b6ac2cd9b7f
dv3-A-poisson-003863,3,A,poisson,3863,,,,3:1:0:3863,,test,7,149.9829677973792,,,,,,,,,,,,,,,,,,,,0.0,,,1,148,1,exact,,,,,,,,2.4291999579872936e-05,814ab5c507343af3d383619a4ad6c990a0fbf62a
dv3-A-poisson-003864,3,A,poisson,3864,,,,3:1:0:3864,,test,7,725.4707290640147,,,,,,,,,,,,,,,,,,,,0.0,,,1,669,1,exact,,,,,,,,3.745800131582655e-05,23bf9c36eb2d188de6d72df414cd37868219b29a
dv3-A-poisson-003865,3,A,poisson,3865,,,,3:1:0:3865,,test,7,377.2691694840506,,,,,,,,,,,,,,,,,,,,0.0,,,1,344,1,exact,,,,,,,,2.8333997761365026e-05,88a06d9ac87fcd216aec22cbb929710e2fedb782
dv3-A-poisson-003866,3,A,poisson,3866,,,,3:1:0:3866,,test,7,143.16114991723302,,,,,,,,,,,,,,,,,,,,0.0,,,1,114,1,exact,,,,,,,,2.270800177939236e-05,4ce6f4eb498db2e549ea92e90c918592a1cf13cf
dv3-A-poisson-003867,3,A,poisson,3867,,,,3:1:0:3867,,test,7,161.52416191850944,,,,,,,,,,,,,,,,,,,,0.0,,,1,150,1,exact,,,,,,,,2.3125001462176442e-05,30d88098a3e80be5a3758450808d95b74a58ac84
dv3-A-poisson-003868,3,A,poisson,3868,,,,3:1:0:3868,,test,7,158.07992202282804,,,,,,,,,,,,,,,,,,,,0.0,,,1,146,1,exact,,,,,,,,2.2917000023880973e-05,fdc8647cff6d35e7a8d3c7a0739b2e7397f1c5be
dv3-A-poisson-003869,3,A,poisson,3869,,,,3:1:0:3869,,test,7,477.4882154281519,,,,,,,,,,,,,,,,,,,,0.0,,,1,469,1,exact,,,,,,,,3.170799755025655e-05,fc2f045098047ed7b4b5210efc9c3640d5fe0952
dv3-A-poisson-003870,3,A,poisson,3870,,,,3:1:0:3870,,test,7,249.27709830348226,,,,,,,,,,,,,,,,,,,,0.0,,,1,245,1,exact,,,,,,,,3.237499913666397e-05,f019a3748d721f834ead1f3474312493f11dfc7a
dv3-A-poisson-003871,3,A,poisson,3871,,,,3:1:0:3871,,test,7,726.799331790391,,,,,,,,,,,,,,,,,,,,0.0,,,1,674,1,exact,,,,,,,,3.658399873529561e-05,00d3f03c3fca0b66183b3b742f7abbe4d8b644c9
dv3-A-poisson-003872,3,A,poisson,3872,,,,3:1:0:3872,,test,7,727.0794780289199,,,,,,,,,,,,,,,,,,,,0.0,,,1,745,1,exact,,,,,,,,3.8624999433523044e-05,a9ce0574fd73d5e08b373f9e8c683d71feeb4604
dv3-A-poisson-003873,3,A,poisson,3873,,,,3:1:0:3873,,test,7,219.05110774601573,,,,,,,,,,,,,,,,,,,,0.0,,,1,233,1,exact,,,,,,,,2.537500040489249e-05,e91935cd96c33ea03313b077c19b01c8937c6332
dv3-A-poisson-003874,3,A,poisson,3874,,,,3:1:0:3874,,test,7,537.3723183384345,,,,,,,,,,,,,,,,,,,,0.0,,,1,550,1,exact,,,,,,,,3.35000004270114e-05,4103211655314b38f17f8261ba2242b97be6b945
dv3-A-poisson-003875,3,A,poisson,3875,,,,3:1:0:3875,,test,7,101.75941909551698,,,,,,,,,,,,,,,,,,,,0.0,,,1,94,1,exact,,,,,,,,2.1583000489044935e-05,2b569facb0fe4cad0a78cfdfe12959c45519a50c
dv3-A-poisson-003876,3,A,poisson,3876,,,,3:1:0:3876,,test,7,430.75264064408634,,,,,,,,,,,,,,,,,,,,0.0,,,1,407,1,exact,,,,,,,,2.9666996852029115e-05,962e41566bf5df67bf4ccfd00cdbeda6adbfc14e
dv3-A-poisson-003877,3,A,poisson,3877,,,,3:1:0:3877,,test,7,255.02955809758717,,,,,,,,,,,,,,,,,,,,0.0,,,1,246,1,exact,,,,,,,,2.4916000256780535e-05,1d0a3bb48ed01547423cf8c473f55e97476bf234
dv3-A-poisson-003878,3,A,poisson,3878,,,,3:1:0:3878,,test,7,495.9082826818966,,,,,,,,,,,,,,,,,,,,0.0,,,1,484,1,exact,,,,,,,,3.149999974993989e-05,74b960d00ef8d6a0673919bb9dedbdd9ae59683d
dv3-A-poisson-003879,3,A,poisson,3879,,,,3:1:0:3879,,test,7,332.67168784861155,,,,,,,,,,,,,,,,,,,,0.0,,,1,341,1,exact,,,,,,,,2.74580015684478e-05,e4be29a8c2a4640791a201216faf0f6c1229d8c2
dv3-A-poisson-003880,3,A,poisson,3880,,,,3:1:0:3880,,test,7,263.90929941962276,,,,,,,,,,,,,,,,,,,,0.0,,,1,280,1,exact,,,,,,,,2.5875000574160367e-05,2bfb04e5b2ef3cb41f4e1edac05a3b7e3a443959
dv3-A-poisson-003881,3,A,poisson,3881,,,,3:1:0:3881,,test,7,499.25367205638855,,,,,,,,,,,,,,,,,,,,0.0,,,1,520,1,exact,,,,,,,,3.254100010963157e-05,2b9eaa1e9e91235167b616cfa1c4d1b38ecd5171
dv3-A-poisson-003882,3,A,poisson,3882,,,,3:1:0:3882,,test,7,103.33821567188153,,,,,,,,,,,,,,,,,,,,0.0,,,1,88,1,exact,,,,,,,,2.1583000489044935e-05,60d0c3dd286beb2e52e601e66a02bafd4b6bec4d
dv3-A-poisson-003883,3,A,poisson,3883,,,,3:1:0:3883,,test,7,174.30460536720346,,,,,,,,,,,,,,,,,,,,0.0,,,1,188,1,exact,,,,,,,,2.3541997506981716e-05,aeb6926235f4fb6b1db8fc20f79d4b79060026bf
dv3-A-poisson-003884,3,A,poisson,3884,,,,3:1:0:3884,,test,7,781.3369574707946,,,,,,,,,,,,,,,,,,,,0.0,,,1,783,1,exact,,,,,,,,3.9040998672135174e-05,5996068967d90f93e36db6ebd5bf62d2666770c2
dv3-A-poisson-003885,3,A,poisson,3885,,,,3:1:0:3885,,test,7,286.3952064499131,,,,,,,,,,,,,,,,,,,,0.0,,,1,255,1,exact,,,,,,,,2.5417000870220363e-05,9019cad13a01ecad46c5ba756172aee09ab6a177
dv3-A-poisson-003886,3,A,poisson,3886,,,,3:1:0:3886,,test,7,124.64973449095802,,,,,,,,,,,,,,,,,,,,0.0,,,1,138,1,exact,,,,,,,,2.2000000171829015e-05,242f3eaa9d41e33fd13ab9bd7edd947362276132
dv3-A-poisson-003887,3,A,poisson,3887,,,,3:1:0:3887,,test,7,332.8267293465275,,,,,,,,,,,,,,,,,,,,0.0,,,1,324,1,exact,,,,,,,,2.725000013015233e-05,6914302e816e6c794c063c85dec05092e506f632
dv3-A-poisson-003888,3,A,poisson,3888,,,,3:1:0:3888,,test,7,100.27788700976299,,,,,,,,,,,,,,,,,,,,0.0,,,1,110,1,exact,,,,,,,,2.1916999685345218e-05,4725ccecb287eead5668cd6c389d5a52d89d4b14
dv3-A-poisson-003889,3,A,poisson,3889,,,,3:1:0:3889,,test,7,190.19629618162844,,,,,,,,,,,,,,,,,,,,0.0,,,1,176,1,exact,,,,,,,,2.28749995585531e-05,8d9899231d3a739a64d30b49f2ad6ba607e4ee66
dv3-A-poisson-003890,3,A,poisson,3890,,,,3:1:0:3890,,test,7,649.7605789774292,,,,,,,,,,,,,,,,,,,,0.0,,,1,629,1,exact,,,,,,,,4.562499816529453e-05,659b8be8d023364a4afb387073f4a8bf5513c193
dv3-A-poisson-003891,3,A,poisson,3891,,,,3:1:0:3891,,test,7,306.91862501828047,,,,,,,,,,,,,,,,,,,,0.0,,,1,310,1,exact,,,,,,,,3.420800203457475e-05,9cd2cf81f7ea3f0294185b28be892e618d8854c4
dv3-A-poisson-003892,3,A,poisson,3892,,,,3:1:0:3892,,test,7,344.12552471617386,,,,,,,,,,,,,,,,,,,,0.0,,,1,339,1,exact,,,,,,,,2.779200076474808e-05,c8f80d97338783ab781ab11ea5ba1af05175cdf6
dv3-A-poisson-003893,3,A,poisson,3893,,,,3:1:0:3893,,test,7,162.9603632424737,,,,,,,,,,,,,,,,,,,,0.0,,,1,148,1,exact,,,,,,,,2.316699828952551e-05,5f26f504c1775565eeed0687213ed5d0075d26e5
dv3-A-poisson-003894,3,A,poisson,3894,,,,3:1:0:3894,,test,7,582.403722278567,,,,,,,,,,,,,,,,,,,,0.0,,,1,568,1,exact,,,,,,,,3.375000233063474e-05,dd96ecd6ad1a5112ebbd7d9000069b1514044286
dv3-A-poisson-003895,3,A,poisson,3895,,,,3:1:0:3895,,test,7,293.29232857087646,,,,,,,,,,,,,,,,,,,,0.0,,,1,295,1,exact,,,,,,,,2.6290999812772498e-05,e036ef0f7a8b4d214a09b58d81e83bb35bf4ca09
dv3-A-poisson-003896,3,A,poisson,3896,,,,3:1:0:3896,,test,7,288.69196579900455,,,,,,,,,,,,,,,,,,,,0.0,,,1,289,1,exact,,,,,,,,2.6040997909149155e-05,aaad446ee1a4922b4fa68b2e6e0249d6a0d7cd10
dv3-A-poisson-003897,3,A,poisson,3897,,,,3:1:0:3897,,test,7,414.68815954537314,,,,,,,,,,,,,,,,,,,,0.0,,,1,378,1,exact,,,,,,,,3.3332999009871855e-05,d713f5221f28b9acfaf542867747671e9e7ab96c
dv3-A-poisson-003898,3,A,poisson,3898,,,,3:1:0:3898,,test,7,283.4387913157736,,,,,,,,,,,,,,,,,,,,0.0,,,1,306,1,exact,,,,,,,,2.6666999474400654e-05,27632cc29f583379f30a2c4615b7069dde7d4c22
dv3-A-poisson-003899,3,A,poisson,3899,,,,3:1:0:3899,,test,7,557.8616140070656,,,,,,,,,,,,,,,,,,,,0.0,,,1,545,1,exact,,,,,,,,3.300000025774352e-05,2eb5fc05dac06337ea489dce8e0bee8ca2ae4c8f
dv3-A-poisson-003900,3,A,poisson,3900,,,,3:1:0:3900,,test,7,598.4300048226064,,,,,,,,,,,,,,,,,,,,0.0,,,1,610,1,exact,,,,,,,,4.708399865194224e-05,c2e4dfad05e0f5c62eaee6d447eb9c32c9e26fff
dv3-A-poisson-003901,3,A,poisson,3901,,,,3:1:0:3901,,test,7,391.168498358707,,,,,,,,,,,,,,,,,,,,0.0,,,1,421,1,exact,,,,,,,,2.2416999854613096e-05,e7ee40bde98dc355bd35c4c5af29cd4025599b6a
dv3-A-poisson-003902,3,A,poisson,3902,,,,3:1:0:3902,,test,7,403.9672015685672,,,,,,,,,,,,,,,,,,,,0.0,,,1,384,1,exact,,,,,,,,1.6915997548494488e-05,0471b1b66de86a8d9e18a59bd94722202e4ffeeb
dv3-A-poisson-003903,3,A,poisson,3903,,,,3:1:0:3903,,test,7,362.8414982641387,,,,,,,,,,,,,,,,,,,,0.0,,,1,397,1,exact,,,,,,,,1.5416997484862804e-05,bc508a76d45dff99b08da50695ef9174d08d14b0
dv3-A-poisson-003904,3,A,poisson,3904,,,,3:1:0:3904,,test,7,770.2580349735725,,,,,,,,,,,,,,,,,,,,0.0,,,1,707,1,exact,,,,,,,,1.8999999156221747e-05,fdc90c37e9890ed68c9aec1bafc9591455b1460b
dv3-A-poisson-003905,3,A,poisson,3905,,,,3:1:0:3905,,test,7,450.12690843671106,,,,,,,,,,,,,,,,,,,,0.0,,,1,434,1,exact,,,,,,,,1.5749999874969944e-05,a30098ad7f363c240775385345766802cfdd2779
dv3-A-poisson-003906,3,A,poisson,3906,,,,3:1:0:3906,,test,7,650.8073867118543,,,,,,,,,,,,,,,,,,,,0.0,,,1,647,1,exact,,,,,,,,1.983399852178991e-05,801d14b671f4b287669aabfafcd1d55f58292d67
dv3-A-poisson-003907,3,A,poisson,3907,,,,3:1:0:3907,,test,7,640.0751669650562,,,,,,,,,,,,,,,,,,,,0.0,,,1,599,1,exact,,,,,,,,1.737500133458525e-05,beb1c99252bd3c19bc3c62567b65a5c1c761b4ef
dv3-A-poisson-003908,3,A,poisson,3908,,,,3:1:0:3908,,test,7,166.41990304767614,,,,,,,,,,,,,,,,,,,,0.0,,,1,180,1,exact,,,,,,,,1.2333999620750546e-05,f72536ab95a9af1312bfc82e82d9894754fd2486
dv3-A-poisson-003909,3,A,poisson,3909,,,,3:1:0:3909,,test,7,104.19140906979219,,,,,,,,,,,,,,,,,,,,0.0,,,1,102,1,exact,,,,,,,,1.3959001080365852e-05,1e88729ab8a8fd60f8691f1dd30e5e93fddae212
dv3-A-poisson-003910,3,A,poisson,3910,,,,3:1:0:3910,,test,7,268.46258027816197,,,,,,,,,,,,,,,,,,,,0.0,,,1,257,1,exact,,,,,,,,1.3041000784141943e-05,d7ddf1016d09e74dc79ee57d2547c8f43b178b7a
dv3-A-poisson-003911,3,A,poisson,3911,,,,3:1:0:3911,,test,7,260.7401659883103,,,,,,,,,,,,,,,,,,,,0.0,,,1,246,1,exact,,,,,,,,1.2417000107234344e-05,e34bf1324ef48c415292bffa6e1d71c663da5bc4
dv3-A-poisson-003912,3,A,poisson,3912,,,,3:1:0:3912,,test,7,417.3813763721746,,,,,,,,,,,,,,,,,,,,0.0,,,1,415,1,exact,,,,,,,,1.687500116531737e-05,235013e0af0432a6584b89831061f6d39918755a
dv3-A-poisson-003913,3,A,poisson,3913,,,,3:1:0:3913,,test,7,632.8980584388358,,,,,,,,,,,,,,,,,,,,0.0,,,1,637,1,exact,,,,,,,,1.8374998035142198e-05,699b35ed0eb95a42613c027770ff1f6bf9add0b0
dv3-A-poisson-003914,3,A,poisson,3914,,,,3:1:0:3914,,test,7,315.8108333252158,,,,,,,,,,,,,,,,,,,,0.0,,,1,322,1,exact,,,,,,,,1.34170004457701e-05,9e087e00c3061d3d5dba6921f8344dec31a55bc6
dv3-A-poisson-003915,3,A,poisson,3915,,,,3:1:0:3915,,test,7,102.41175883524801,,,,,,,,,,,,,,,,,,,,0.0,,,1,104,1,exact,,,,,,,,1.06250008684583e-05,7c2319647aa9c9b965e5998b5091585a8595a2c3
dv3-A-poisson-003916,3,A,poisson,3916,,,,3:1:0:3916,,test,7,339.36937058886514,,,,,,,,,,,,,,,,,,,,0.0,,,1,314,1,exact,,,,,,,,1.3207998563302681e-05,35523458892f67ce13c2edb9a67cae1408ea54ee
dv3-A-poisson-003917,3,A,poisson,3917,,,,3:1:0:3917,,test,7,489.2331669582549,,,,,,,,,,,,,,,,,,,,0.0,,,1,479,1,exact,,,,,,,,1.5083998732734472e-05,77ffa4bc0867da84181a7c4816505acc5b1654c3
dv3-A-poisson-003918,3,A,poisson,3918,,,,3:1:0:3918,,test,7,466.84116034791634,,,,,,,,,,,,,,,,,,,,0.0,,,1,527,1,exact,,,,,,,,1.7250000382773578e-05,566a6cc0c49d767a5151d9f1d2f0a8535b160aa4
dv3-A-poisson-003919,3,A,poisson,3919,,,,3:1:0:3919,,test,7,583.2864290427074,,,,,,,,,,,,,,,,,,,,0.0,,,1,595,1,exact,,,,,,,,1.6874997527338564e-05,c72f6ec6b5b75c53177776762b6253e38306569e
dv3-A-poisson-003920,3,A,poisson,3920,,,,3:1:0:3920,,test,7,759.2638601105247,,,,,,,,,,,,,,,,,,,,0.0,,,1,733,1,exact,,,,,,,,1.8667000404093415e-05,bf6a514c65cdbe7d32369dbaa1fddfca1345ec94
dv3-A-poisson-003921,3,A,poisson,3921,,,,3:1:0:3921,,test,7,383.762117511385,,,,,,,,,,,,,,,,,,,,0.0,,,1,355,1,exact,,,,,,,,1.3582997780758888e-05,0a29dcd00f8c12a6412c145d738cfd91ffb659ab
dv3-A-poisson-003922,3,A,poisson,3922,,,,3:1:0:3922,,test,7,246.2696453749595,,,,,,,,,,,,,,,,,,,,0.0,,,1,258,1,exact,,,,,,,,1.2415999663062394e-05,d9b1236691eb9c226691270fbbea1923b6ca716f
dv3-A-poisson-003923,3,A,poisson,3923,,,,3:1:0:3923,,test,7,213.073889313024,,,,,,,,,,,,,,,,,,,,0.0,,,1,235,1,exact,,,,,,,,1.2417000107234344e-05,9e555516b0e85b2bd72612f21fd33fa04c97f77c
dv3-A-poisson-003924,3,A,poisson,3924,,,,3:1:0:3924,,test,7,469.7910235726546,,,,,,,,,,,,,,,,,,,,0.0,,,1,484,1,exact,,,,,,,,1.537499701953493e-05,b6736f08977c4476fe815974c38fa904b16edaa6
dv3-A-poisson-003925,3,A,poisson,3925,,,,3:1:0:3925,,test,7,293.5004012825158,,,,,,,,,,,,,,,,,,,,0.0,,,1,283,1,exact,,,,,,,,1.2833999790018424e-05,e7a58409da7224f3fd737c018ccf7773886ac90d
dv3-A-poisson-003926,3,A,poisson,3926,,,,3:1:0:3926,,test,7,362.6702645496412,,,,,,,,,,,,,,,,,,,,0.0,,,1,359,1,exact,,,,,,,,1.3707998732570559e-05,2c0a0f853c5d0839fd6d2ce54247acc05dde9d88
dv3-A-poisson-003927,3,A,poisson,3927,,,,3:1:0:3927,,test,7,728.6346074914526,,,,,,,,,,,,,,,,,,,,0.0,,,1,737,1,exact,,,,,,,,1.820800025598146e-05,54275b0e19b2c19fe97537d1df6a449639f58d1e
dv3-A-poisson-003928,3,A,poisson,3928,,,,3:1:0:3928,,test,7,127.32128413167285,,,,,,,,,,,,,,,,,,,,0.0,,,1,111,1,exact,,,,,,,,1.0542000381974503e-05,ebca9f20edfa03c249d85d5ee7dd864b127bc2e6
dv3-A-poisson-003929,3,A,poisson,3929,,,,3:1:0:3929,,test,7,559.5740889817836,,,,,,,,,,,,,,,,,,,,0.0,,,1,566,1,exact,,,,,,,,1.6416001017205417e-05,cee126ed33e68d0fd570a190c4a956a41dc7146d
dv3-A-poisson-003930,3,A,poisson,3930,,,,3:1:0:3930,,test,7,765.2786802302522,,,,,,,,,,,,,,,,,,,,0.0,,,1,732,1,exact,,,,,,,,1.8500002624932677e-05,771766909d9038db5d67283e38b09223a5b3a468
dv3-A-poisson-003931,3,A,poisson,3931,,,,3:1:0:3931,,test,7,291.74204855691215,,,,,,,,,,,,,,,,,,,,0.0,,,1,290,1,exact,,,,,,,,1.2832999345846474e-05,8be65403369c06d329c645789cb46db77230de65
dv3-A-poisson-003932,3,A,poisson,3932,,,,3:1:0:3932,,test,7,139.94077675003197,,,,,,,,,,,,,,,,,,,,0.0,,,1,144,1,exact,,,,,,,,1.2291999155422673e-05,77d4f9b139dd9b7e0c6fd36af9563b110d6bf3d9
dv3-A-poisson-003933,3,A,poisson,3933,,,,3:1:0:3933,,test,7,161.68964158603723,,,,,,,,,,,,,,,,,,,,0.0,,,1,163,1,exact,,,,,,,,1.1416999768698588e-05,79ee9851000a3e3c14bd58854afe6313e014e4d9
dv3-A-poisson-003934,3,A,poisson,3934,,,,3:1:0:3934,,test,7,330.7374621367585,,,,,,,,,,,,,,,,,,,,0.0,,,1,308,1,exact,,,,,,,,1.3042001228313893e-05,56b9b3575e1be14b3c2ffcf0f92d60285891d5ea
dv3-A-poisson-003935,3,A,poisson,3935,,,,3:1:0:3935,,test,7,116.95720203970819,,,,,,,,,,,,,,,,,,,,0.0,,,1,82,1,exact,,,,,,,,1.0166000720346346e-05,d03973ce6ee2db118e9442f7bdb4100b938a9321
dv3-A-poisson-003936,3,A,poisson,3936,,,,3:1:0:3936,,test,7,255.74436051230524,,,,,,,,,,,,,,,,,,,,0.0,,,1,269,1,exact,,,,,,,,1.2542001059046015e-05,3cca45c0640b6f43fa8b7dacc1a65d3641da1363
dv3-A-poisson-003937,3,A,poisson,3937,,,,3:1:0:3937,,test,7,102.99084749309029,,,,,,,,,,,,,,,,,,,,0.0,,,1,87,1,exact,,,,,,,,1.0125000699190423e-05,7f9845d59ce7c16d96bbed1ce48a247b3279228b
dv3-A-poisson-003938,3,A,poisson,3938,,,,3:1:0:3938,,test,7,418.7178749173338,,,,,,,,,,,,,,,,,,,,0.0,,,1,408,1,exact,,,,,,,,1.4334000297822058e-05,915f7138ab84a2f8deae5d8b399681acf862fa63
dv3-A-poisson-003939,3,A,poisson,3939,,,,3:1:0:3939,,test,7,265.61241224837164,,,,,,,,,,,,,,,,,,,,0.0,,,1,258,1,exact,,,,,,,,1.237499964190647e-05,7590778ba565cf605f67a21944711997162f1028
dv3-A-poisson-003940,3,A,poisson,3940,,,,3:1:0:3940,,test,7,394.16650692743826,,,,,,,,,,,,,,,,,,,,0.0,,,1,384,1,exact,,,,,,,,1.3749999197898433e-05,62121bb5fbd39bcaf3276fbb810e76256e58dedb
dv3-A-poisson-003941,3,A,poisson,3941,,,,3:1:0:3941,,test,7,511.16096180958317,,,,,,,,,,,,,,,,,,,,0.0,,,1,468,1,exact,,,,,,,,1.4958000974729657e-05,80ba267ff3c70a291e1fd3b5f8354bbd19989e88
dv3-A-poisson-003942,3,A,poisson,3942,,,,3:1:0:3942,,test,7,140.4352758607437,,,,,,,,,,,,,,,,,,,,0.0,,,1,156,1,exact,,,,,,,,1.0957999620586634e-05,54ce0ec90b60a9071a16d776bea1f091ee04ca41
dv3-A-poisson-003943,3,A,poisson,3943,,,,3:1:0:3943,,test,7,336.76069503478584,,,,,,,,,,,,,,,,,,,,0.0,,,1,329,1,exact,,,,,,,,1.3542001397581771e-05,9fd25e8d70136d3507e151834f23958bb8575acf
dv3-A-poisson-003944,3,A,poisson,3944,,,,3:1:0:3944,,test,7,298.43008383847695,,,,,,,,,,,,,,,,,,,,0.0,,,1,270,1,exact,,,,,,,,1.2332999176578596e-05,8521f5ed355915ccac164abde7049675eab8bebf
dv3-A-poisson-003945,3,A,poisson,3945,,,,3:1:0:3945,,test,7,347.2865259957685,,,,,,,,,,,,,,,,,,,,0.0,,,1,335,1,exact,,,,,,,,1.3124998076818883e-05,fa5bfec1738ec9d4b5d55a1969f31562f161ea60
dv3-A-poisson-003946,3,A,poisson,3946,,,,3:1:0:3946,,test,7,359.54523800274904,,,,,,,,,,,,,,,,,,,,0.0,,,1,371,1,exact,,,,,,,,1.3916000170866027e-05,22e08a48f8911f2249b64da47ca4f83e4af94fbc
dv3-A-poisson-003947,3,A,poisson,3947,,,,3:1:0:3947,,test,7,203.72917903764255,,,,,,,,,,,,,,,,,,,,0.0,,,1,204,1,exact,,,,,,,,1.1541997082531452e-05,fd0ad7f0a363474899816d323c5381b212a6caa8
dv3-A-poisson-003948,3,A,poisson,3948,,,,3:1:0:3948,,test,7,407.4363072667462,,,,,,,,,,,,,,,,,,,,0.0,,,1,398,1,exact,,,,,,,,1.4042001566849649e-05,a71b944e68b1bfa95f28a7ec1fbc7456aa3b476f
dv3-A-poisson-003949,3,A,poisson,3949,,,,3:1:0:3949,,test,7,443.4312715050895,,,,,,,,,,,,,,,,,,,,0.0,,,1,451,1,exact,,,,,,,,1.4790999557590112e-05,f69ac99053cfd742dfdb5fe9582652f7924ba656
dv3-A-poisson-003950,3,A,poisson,3950,,,,3:1:0:3950,,test,7,502.7175479790974,,,,,,,,,,,,,,,,,,,,0.0,,,1,523,1,exact,,,,,,,,1.5749999874969944e-05,64a3d062efc7561d778209f413631fa4f3f2a082
dv3-A-poisson-003951,3,A,poisson,3951,,,,3:1:0:3951,,test,7,505.19214155102424,,,,,,,,,,,,,,,,,,,,0.0,,,1,495,1,exact,,,,,,,,1.633300053072162e-05,0f2a01dadf49be5848113d396a668423238b029b
dv3-A-poisson-003952,3,A,poisson,3952,,,,3:1:0:3952,,test,7,542.5152604527514,,,,,,,,,,,,,,,,,,,,0.0,,,1,543,1,exact,,,,,,,,1.5875000826781616e-05,7ac38b2b046413ce4c9a570135963d4ebd2b3c97
dv3-A-poisson-003953,3,A,poisson,3953,,,,3:1:0:3953,,test,7,257.8418589518099,,,,,,,,,,,,,,,,,,,,0.0,,,1,258,1,exact,,,,,,,,1.2167001841589808e-05,98d341236fcb6135080e8bfda0e7e8479de942fc
dv3-A-poisson-003954,3,A,poisson,3954,,,,3:1:0:3954,,test,7,273.96804536452504,,,,,,,,,,,,,,,,,,,,0.0,,,1,279,1,exact,,,,,,,,1.2624997907551005e-05,8b93612d98877c5aa1375b3d001881fdcd029b04
dv3-A-poisson-003955,3,A,poisson,3955,,,,3:1:0:3955,,test,7,372.1171224044482,,,,,,,,,,,,,,,,,,,,0.0,,,1,358,1,exact,,,,,,,,1.3917000615037978e-05,780934d78a8ff3e1f94862074cc060b84866f685
dv3-A-poisson-003956,3,A,poisson,3956,,,,3:1:0:3956,,test,7,265.7007740215114,,,,,,,,,,,,,,,,,,,,0.0,,,1,283,1,exact,,,,,,,,1.2458000128390267e-05,1ea2cfe2dee2f615b920debfdceaaa9d58224a73
dv3-A-poisson-003957,3,A,poisson,3957,,,,3:1:0:3957,,test,7,247.1637236232199,,,,,,,,,,,,,,,,,,,,0.0,,,1,260,1,exact,,,,,,,,3.900000228895806e-05,3617d95f9380350373e01828d2c0a2319b6d110a
dv3-A-poisson-003958,3,A,poisson,3958,,,,3:1:0:3958,,test,7,245.91809792172944,,,,,,,,,,,,,,,,,,,,0.0,,,1,228,1,exact,,,,,,,,1.4583998563466594e-05,04cebb291be1c3cfb9c77b94842b5741a144887f
dv3-A-poisson-003959,3,A,poisson,3959,,,,3:1:0:3959,,test,7,273.3433952240706,,,,,,,,,,,,,,,,,,,,0.0,,,1,266,1,exact,,,,,,,,1.3624998246086761e-05,8510ce291f76f4ccf186cada5d74335a9452bf67
dv3-A-poisson-003960,3,A,poisson,3960,,,,3:1:0:3960,,test,7,342.9273365495651,,,,,,,,,,,,,,,,,,,,0.0,,,1,333,1,exact,,,,,,,,1.3666998711414635e-05,93b4cfce4af319616b772165cc043aa1a791be24
dv3-A-poisson-003961,3,A,poisson,3961,,,,3:1:0:3961,,test,7,252.99834890089224,,,,,,,,,,,,,,,,,,,,0.0,,,1,257,1,exact,,,,,,,,7.39170027372893e-05,d1534bf3e7c2e39bfe192e8cc66595b6ddd65fc8
dv3-A-poisson-003962,3,A,poisson,3962,,,,3:1:0:3962,,test,7,726.7189953292194,,,,,,,,,,,,,,,,,,,,0.0,,,1,781,1,exact,,,,,,,,4.629099930753e-05,c9b119b5b452cf80d0da2f12bf4c211ff67b5d68
dv3-A-poisson-003963,3,A,poisson,3963,,,,3:1:0:3963,,test,7,390.0446304901395,,,,,,,,,,,,,,,,,,,,0.0,,,1,354,1,exact,,,,,,,,3.141699926345609e-05,26902abf0eddd111e8d7d9c11a326fd34b3c12b9
dv3-A-poisson-003964,3,A,poisson,3964,,,,3:1:0:3964,,test,7,787.6160075537782,,,,,,,,,,,,,,,,,,,,0.0,,,1,819,1,exact,,,,,,,,4.13330017181579e-05,239130d60eecb8791944bd974177906b55d4a438
dv3-A-poisson-003965,3,A,poisson,3965,,,,3:1:0:3965,,test,7,509.0462188970158,,,,,,,,,,,,,,,,,,,,0.0,,,1,513,1,exact,,,,,,,,3.341599949635565e-05,5ee937c74142d3c49ff5cb442b4508f58cfd349a
dv3-A-poisson-003966,3,A,poisson,3966,,,,3:1:0:3966,,test,7,131.89748953592695,,,,,,,,,,,,,,,,,,,,0.0,,,1,107,1,exact,,,,,,,,2.2791999072069302e-05,a8c895f917eb17c6f81acabd3b6737e922b670ec
dv3-A-poisson-003967,3,A,poisson,3967,,,,3:1:0:3967,,test,7,138.63916223306109,,,,,,,,,,,,,,,,,,,,0.0,,,1,136,1,exact,,,,,,,,2.6457997591933236e-05,da676fe24aca006551700b97dd5eb75644d63f05
dv3-A-poisson-003968,3,A,poisson,3968,,,,3:1:0:3968,,test,7,562.1955967468123,,,,,,,,,,,,,,,,,,,,0.0,,,1,543,1,exact,,,,,,,,3.316700167488307e-05,a73d26f774b2e112cbe19ae50b3e0db1d3a2ce61
dv3-A-poisson-003969,3,A,poisson,3969,,,,3:1:0:3969,,test,7,222.05218768014453,,,,,,,,,,,,,,,,,,,,0.0,,,1,223,1,exact,,,,,,,,2.5207998987752944e-05,258e808c6aa29f42be96c6b8db3bfdadf7d552a1
dv3-A-poisson-003970,3,A,poisson,3970,,,,3:1:0:3970,,test,7,352.42888185828764,,,,,,,,,,,,,,,,,,,,0.0,,,1,382,1,exact,,,,,,,,2.995799877680838e-05,68f1c5c67c4e002e88ad77c6dc4362f40725de5c
dv3-A-poisson-003971,3,A,poisson,3971,,,,3:1:0:3971,,test,7,195.0292860315247,,,,,,,,,,,,,,,,,,,,0.0,,,1,177,1,exact,,,,,,,,2.5000001187436283e-05,0734ab48c9942efe34e2c1592172d187213a8382
dv3-A-poisson-003972,3,A,poisson,3972,,,,3:1:0:3972,,test,7,181.49160495944153,,,,,,,,,,,,,,,,,,,,0.0,,,1,181,1,exact,,,,,,,,2.8333997761365026e-05,e45a33b185da7561ab676e69904c018ac1b7712d
dv3-A-poisson-003973,3,A,poisson,3973,,,,3:1:0:3973,,test,7,268.8295096805012,,,,,,,,,,,,,,,,,,,,0.0,,,1,261,1,exact,,,,,,,,2.725000013015233e-05,09c3fcfebb9e5140a1bf48220c8cc1930359faff
dv3-A-poisson-003974,3,A,poisson,3974,,,,3:1:0:3974,,test,7,123.96913229195148,,,,,,,,,,,,,,,,,,,,0.0,,,1,128,1,exact,,,,,,,,2.391599991824478e-05,281c81f2baca12bb2bf84fa8ed3b818f8b8d5a7e
dv3-A-poisson-003975,3,A,poisson,3975,,,,3:1:0:3975,,test,7,699.7872346512622,,,,,,,,,,,,,,,,,,,,0.0,,,1,688,1,exact,,,,,,,,3.7582998629659414e-05,457de690bb3419fcadfbf4b598063fa1da196b8c
dv3-A-poisson-003976,3,A,poisson,3976,,,,3:1:0:3976,,test,7,101.10749993141732,,,,,,,,,,,,,,,,,,,,0.0,,,1,124,1,exact,,,,,,,,2.4416000087512657e-05,77ba6aa3f291ebce8f8d3c727d384eb7b01701de
dv3-A-poisson-003977,3,A,poisson,3977,,,,3:1:0:3977,,test,7,690.0643666979516,,,,,,,,,,,,,,,,,,,,0.0,,,1,629,1,exact,,,,,,,,3.6459001421462744e-05,330903ccd0fdcd585ad658d1edceef853d6de949
dv3-A-poisson-003978,3,A,poisson,3978,,,,3:1:0:3978,,test,7,300.49706322624604,,,,,,,,,,,,,,,,,,,,0.0,,,1,279,1,exact,,,,,,,,2.8084003133699298e-05,cb1f142e372b45ebb1d888300a6e9b6e6553e9a3
dv3-A-poisson-003979,3,A,poisson,3979,,,,3:1:0:3979,,test,7,252.5724901730158,,,,,,,,,,,,,,,,,,,,0.0,,,1,202,1,exact,,,,,,,,2.6249999791616574e-05,bc30fa3086fb1a91374eba8ad917f09c6a2f2f97
dv3-A-poisson-003980,3,A,poisson,3980,,,,3:1:0:3980,,test,7,753.6742563016948,,,,,,,,,,,,,,,,,,,,0.0,,,1,788,1,exact,,,,,,,,4.820900358026847e-05,15dbaa68d8cac0b1fd04adde89e9ee8f84fafc76
dv3-A-poisson-003981,3,A,poisson,3981,,,,3:1:0:3981,,test,7,137.94933789752255,,,,,,,,,,,,,,,,,,,,0.0,,,1,160,1,exact,,,,,,,,2.462499833200127e-05,9efdda0ae50d314a6922e59c8360e15d750ac6d5
dv3-A-poisson-003982,3,A,poisson,3982,,,,3:1:0:3982,,test,7,156.25050472976113,,,,,,,,,,,,,,,,,,,,0.0,,,1,171,1,exact,,,,,,,,2.533399674575776e-05,25fb004aa12348c780eb61529a4c2724eb5eea92
dv3-A-poisson-003983,3,A,poisson,3983,,,,3:1:0:3983,,test,7,403.10285790214573,,,,,,,,,,,,,,,,,,,,0.0,,,1,394,1,exact,,,,,,,,3.0624996725237e-05,1815eb1fc4cd6113f7959b4de9c0575528697518
dv3-A-poisson-003984,3,A,poisson,3984,,,,3:1:0:3984,,test,7,438.5935485319831,,,,,,,,,,,,,,,,,,,,0.0,,,1,483,1,exact,,,,,,,,3.283299884060398e-05,11ac5b11069f2fdd7b3a3e54c31e94872ec4d6f0
dv3-A-poisson-003985,3,A,poisson,3985,,,,3:1:0:3985,,test,7,206.08670750082854,,,,,,,,,,,,,,,,,,,,0.0,,,1,214,1,exact,,,,,,,,2.683300044736825e-05,8d2e84eea9d90083110b528113a0ef4afeb2a3a8
dv3-A-poisson-003986,3,A,poisson,3986,,,,3:1:0:3986,,test,7,328.46944087294503,,,,,,,,,,,,,,,,,,,,0.0,,,1,323,1,exact,,,,,,,,2.970799687318504e-05,0da9a07798c749190cbf8c502b0e177e177cd500
dv3-A-poisson-003987,3,A,poisson,3987,,,,3:1:0:3987,,test,7,319.08422612450454,,,,,,,,,,,,,,,,,,,,0.0,,,1,322,1,exact,,,,,,,,2.995899922098033e-05,ee72e5a33ee3f8fb24eeb20f8a2bb45ba0012c08
dv3-A-poisson-003988,3,A,poisson,3988,,,,3:1:0:3988,,test,7,320.9992413995977,,,,,,,,,,,,,,,,,,,,0.0,,,1,358,1,exact,,,,,,,,4.17909977841191e-05,8ea3b3f932ce1cd5406452a4ee501bad4aa8fded
dv3-A-poisson-003989,3,A,poisson,3989,,,,3:1:0:3989,,test,7,123.31400843713678,,,,,,,,,,,,,,,,,,,,0.0,,,1,125,1,exact,,,,,,,,2.454099740134552e-05,b9679bc2311d690b4cef23a5ffbd34e6c4901dcc
dv3-A-poisson-003990,3,A,poisson,3990,,,,3:1:0:3990,,test,7,610.2644418277443,,,,,,,,,,,,,,,,,,,,0.0,,,1,608,1,exact,,,,,,,,3.745800131582655e-05,5e64b1fc6420c3555296c634b72a7dad4fca0cc6
dv3-A-poisson-003991,3,A,poisson,3991,,,,3:1:0:3991,,test,7,213.27657839301875,,,,,,,,,,,,,,,,,,,,0.0,,,1,225,1,exact,,,,,,,,2.7750000299420208e-05,530eb01339a96999e45e8fe041f0a9561b413db9
dv3-A-poisson-003992,3,A,poisson,3992,,,,3:1:0:3992,,test,7,111.51263138013437,,,,,,,,,,,,,,,,,,,,0.0,,,1,109,1,exact,,,,,,,,2.5542001822032034e-05,e9d152a7b643216c7ae1df7733047c5f52269195
dv3-A-poisson-003993,3,A,poisson,3993,,,,3:1:0:3993,,test,7,232.90850370029347,,,,,,,,,,,,,,,,,,,,0.0,,,1,208,1,exact,,,,,,,,2.9833001462975517e-05,bf1124a70c93e604bbf8c8e8605a14743a32f984
dv3-A-poisson-003994,3,A,poisson,3994,,,,3:1:0:3994,,test,7,179.9639086976331,,,,,,,,,,,,,,,,,,,,0.0,,,1,202,1,exact,,,,,,,,2.8166999982204288e-05,570adcc4beeab45bf56c213129817dcaa5f974a7
dv3-A-poisson-003995,3,A,poisson,3995,,,,3:1:0:3995,,test,7,179.99175123626912,,,,,,,,,,,,,,,,,,,,0.0,,,1,184,1,exact,,,,,,,,2.779200076474808e-05,06eb2805992c73a73485f3bc5e2de7e0adc99c29
dv3-A-poisson-003996,3,A,poisson,3996,,,,3:1:0:3996,,test,7,459.812892812093,,,,,,,,,,,,,,,,,,,,0.0,,,1,471,1,exact,,,,,,,,4.4583000999409705e-05,b742f1af901b16487593df5579c2327426b097ec
dv3-A-poisson-003997,3,A,poisson,3997,,,,3:1:0:3997,,test,7,150.81038024843514,,,,,,,,,,,,,,,,,,,,0.0,,,1,123,1,exact,,,,,,,,2.608299837447703e-05,d39dd6b6a318c681841415d373a7043246eee884
dv3-A-poisson-003998,3,A,poisson,3998,,,,3:1:0:3998,,test,7,593.2086628082957,,,,,,,,,,,,,,,,,,,,0.0,,,1,563,1,exact,,,,,,,,3.908299913746305e-05,5912531af9b2542a6926e22edc5e44a17a776828
dv3-A-poisson-003999,3,A,poisson,3999,,,,3:1:0:3999,,test,7,162.36127864868664,,,,,,,,,,,,,,,,,,,,0.0,,,1,161,1,exact,,,,,,,,2.7624999347608536e-05,9d7219e1d3f67b63f7da5702ff9cd7531b7c70a4
dv3-A-poisson-004000,3,A,poisson,4000,,,,3:1:0:4000,,test,8,158.75455715073946,,,,,,,,,,,,,,,,,,,,0.0,,,1,162,1,exact,,,,,,,,0.00020270900131436065,60382d6e0f75d2db3d7ff809e6ba3cb57af93cc8
dv3-A-poisson-004001,3,A,poisson,4001,,,,3:1:0:4001,,test,8,398.50588957719907,,,,,,,,,,,,,,,,,,,,0.0,,,1,409,1,exact,,,,,,,,4.600000102072954e-05,a445c1270b073dc01509f284dd0c6d673319e963
dv3-A-poisson-004002,3,A,poisson,4002,,,,3:1:0:4002,,test,8,174.8882280677802,,,,,,,,,,,,,,,,,,,,0.0,,,1,169,1,exact,,,,,,,,3.112500053248368e-05,8d10c31bede01e3639f27799cc82328a7f9fdd77
dv3-A-poisson-004003,3,A,poisson,4003,,,,3:1:0:4003,,test,8,289.1114622643377,,,,,,,,,,,,,,,,,,,,0.0,,,1,295,1,exact,,,,,,,,2.925000080722384e-05,056d55a3a318988d48919dcbad8f8f7e423ccbc3
dv3-A-poisson-004004,3,A,poisson,4004,,,,3:1:0:4004,,test,8,194.85381399625183,,,,,,,,,,,,,,,,,,,,0.0,,,1,204,1,exact,,,,,,,,2.9333998099900782e-05,23fc9b12d8aa8a0903a921bc6a3088ebb84803a1
dv3-A-poisson-004005,3,A,poisson,4005,,,,3:1:0:4005,,test,8,303.81926584040934,,,,,,,,,,,,,,,,,,,,0.0,,,1,322,1,exact,,,,,,,,3.7083002098370343e-05,3d9c7ddd5d8c2350da3aeb859e173f3bf4880276
dv3-A-poisson-004006,3,A,poisson,4006,,,,3:1:0:4006,,test,8,171.34662085392998,,,,,,,,,,,,,,,,,,,,0.0,,,1,162,1,exact,,,,,,,,2.5291999918408692e-05,7330323aea6681a52e349578a54bcd4f21740bb7
dv3-A-poisson-004007,3,A,poisson,4007,,,,3:1:0:4007,,test,8,406.01106304276635,,,,,,,,,,,,,,,,,,,,0.0,,,1,398,1,exact,,,,,,,,3.108400051132776e-05,187c5e98406b9c555c18f0c339f6df9d42e85577
dv3-A-poisson-004008,3,A,poisson,4008,,,,3:1:0:4008,,test,8,127.33378715576558,,,,,,,,,,,,,,,,,,,,0.0,,,1,134,1,exact,,,,,,,,2.849999873433262e-05,839006ea7c0be3a29e1eb88bb40982b7b43b9aba
dv3-A-poisson-004009,3,A,poisson,4009,,,,3:1:0:4009,,test,8,127.12265929667979,,,,,,,,,,,,,,,,,,,,0.0,,,1,111,1,exact,,,,,,,,3.095799911534414e-05,b5651c0b3e658a4480b565e815f45f6549681e6b
dv3-A-poisson-004010,3,A,poisson,4010,,,,3:1:0:4010,,test,8,347.0997910485738,,,,,,,,,,,,,,,,,,,,0.0,,,1,328,1,exact,,,,,,,,2.9667000490007922e-05,21851e78c3e6d1a20358612d9385e10a7c882183
dv3-A-poisson-004011,3,A,poisson,4011,,,,3:1:0:4011,,test,8,557.0094498442667,,,,,,,,,,,,,,,,,,,,0.0,,,1,552,1,exact,,,,,,,,4.3875003029825166e-05,37455cbd57f60feda59485500d6096147a26ae5a
dv3-A-poisson-004012,3,A,poisson,4012,,,,3:1:0:4012,,test,8,506.66487443740414,,,,,,,,,,,,,,,,,,,,0.0,,,1,534,1,exact,,,,,,,,3.720899985637516e-05,be89ec69210f1daf2c6939a45b3d11ba8a12a857
dv3-A-poisson-004013,3,A,poisson,4013,,,,3:1:0:4013,,test,8,167.01829870819637,,,,,,,,,,,,,,,,,,,,0.0,,,1,149,1,exact,,,,,,,,2.4083001335384324e-05,9499c7aa9d69a9cc32df67a4a9bfc732850cc438
dv3-A-poisson-004014,3,A,poisson,4014,,,,3:1:0:4014,,test,8,319.19033045819174,,,,,,,,,,,,,,,,,,,,0.0,,,1,342,1,exact,,,,,,,,2.9082999390084296e-05,596c176894bc162828720db9073f3157a62aa574
dv3-A-poisson-004015,3,A,poisson,4015,,,,3:1:0:4015,,test,8,720.2069730748572,,,,,,,,,,,,,,,,,,,,0.0,,,1,753,1,exact,,,,,,,,4.0208000427810475e-05,656221c2836a04da9907e64b89e9fd5196ac4c5a
dv3-A-poisson-004016,3,A,poisson,4016,,,,3:1:0:4016,,test,8,298.4294800468187,,,,,,,,,,,,,,,,,,,,0.0,,,1,305,1,exact,,,,,,,,2.8957998438272625e-05,6c12ffdbe63d5ba9a77614af5fd4a8d67eead033
dv3-A-poisson-004017,3,A,poisson,4017,,,,3:1:0:4017,,test,8,694.3339421145778,,,,,,,,,,,,,,,,,,,,0.0,,,1,732,1,exact,,,,,,,,4.024999725515954e-05,7f607f1b5b535bb6bd4e0680ee614283a9ceef0f
dv3-A-poisson-004018,3,A,poisson,4018,,,,3:1:0:4018,,test,8,592.7915929270197,,,,,,,,,,,,,,,,,,,,0.0,,,1,575,1,exact,,,,,,,,0.00017879200095194392,23eaf335cf29758eea074fcb97e21a807bb2b34f
dv3-A-poisson-004019,3,A,poisson,4019,,,,3:1:0:4019,,test,8,365.09833291836827,,,,,,,,,,,,,,,,,,,,0.0,,,1,355,1,exact,,,,,,,,8.05000017862767e-05,e60473db6505d07534889742170f772be8d0557d
dv3-A-poisson-004020,3,A,poisson,4020,,,,3:1:0:4020,,test,8,277.4849481156061,,,,,,,,,,,,,,,,,,,,0.0,,,1,277,1,exact,,,,,,,,3.6333996831672266e-05,460e75e621a89b369a0543576e231abc1995c2ab
dv3-A-poisson-004021,3,A,poisson,4021,,,,3:1:0:4021,,test,8,628.6979635356703,,,,,,,,,,,,,,,,,,,,0.0,,,1,603,1,exact,,,,,,,,4.6124998334562406e-05,a60caecafb555c729ec6e77fc7c6c8c0ca9bad5a
dv3-A-poisson-004022,3,A,poisson,4022,,,,3:1:0:4022,,test,8,105.72110473072924,,,,,,,,,,,,,,,,,,,,0.0,,,1,99,1,exact,,,,,,,,1.5124998753890395e-05,44363a62aa3a52239bccea7236d5286b8dab6814
dv3-A-poisson-004023,3,A,poisson,4023,,,,3:1:0:4023,,test,8,520.3779668318585,,,,,,,,,,,,,,,,,,,,0.0,,,1,518,1,exact,,,,,,,,1.641599737922661e-05,c69536e3d0bd7a86e6d961a255f0ceba9f37133c
dv3-A-poisson-004024,3,A,poisson,4024,,,,3:1:0:4024,,test,8,115.60643334401426,,,,,,,,,,,,,,,,,,,,0.0,,,1,131,1,exact,,,,,,,,1.1374999303370714e-05,a25d5a2d6f19aad656f89bb6321e35660bee868d
dv3-A-poisson-004025,3,A,poisson,4025,,,,3:1:0:4025,,test,8,141.73743147465686,,,,,,,,,,,,,,,,,,,,0.0,,,1,150,1,exact,,,,,,,,1.125000198953785e-05,3cd7675afb9125b4880155cc1c0bc57cce826b7c
dv3-A-poisson-004026,3,A,poisson,4026,,,,3:1:0:4026,,test,8,257.35102703495716,,,,,,,,,,,,,,,,,,,,0.0,,,1,278,1,exact,,,,,,,,1.5542002074653283e-05,851b2efe7d1f217cf5692b93be9426170067bdd6
dv3-A-poisson-004027,3,A,poisson,4027,,,,3:1:0:4027,,test,8,627.0123617371455,,,,,,,,,,,,,,,,,,,,0.0,,,1,627,1,exact,,,,,,,,1.720800355542451e-05,ee23379d5d00ff44d1d09bdb6086b0bb8b70cb57
dv3-A-poisson-004028,3,A,poisson,4028,,,,3:1:0:4028,,test,8,507.5076768898525,,,,,,,,,,,,,,,,,,,,0.0,,,1,519,1,exact,,,,,,,,1.550000160932541e-05,c5222039415e14d057a7077ab28d2748b84ef7cf
dv3-A-poisson-004029,3,A,poisson,4029,,,,3:1:0:4029,,test,8,225.42275570759278,,,,,,,,,,,,,,,,,,,,0.0,,,1,227,1,exact,,,,,,,,1.2207998224766925e-05,0bb82593263dd1f8270362c3270c708852d0b76b
dv3-A-poisson-004030,3,A,poisson,4030,,,,3:1:0:4030,,test,8,305.7577155351414,,,,,,,,,,,,,,,,,,,,0.0,,,1,298,1,exact,,,,,,,,1.2417000107234344e-05,dbd01e0b7c2f11a76cce8b1f7da7f7c0ab936524
dv3-A-poisson-004031,3,A,poisson,4031,,,,3:1:0:4031,,test,8,169.84773127330817,,,,,,,,,,,,,,,,,,,,0.0,,,1,179,1,exact,,,,,,,,1.0875002772081643e-05,35bc03e04955c4063c7ec8b0d42a77f6a78333b6
dv3-A-poisson-004032,3,A,poisson,4032,,,,3:1:0:4032,,test,8,207.9878303724013,,,,,,,,,,,,,,,,,,,,0.0,,,1,206,1,exact,,,,,,,,1.133299883804284e-05,c606c735e72e880a0942af3d63a590683cceeec0
dv3-A-poisson-004033,3,A,poisson,4033,,,,3:1:0:4033,,test,8,609.0492747994082,,,,,,,,,,,,,,,,,,,,0.0,,,1,588,1,exact,,,,,,,,0.0009040840013767593,59b858cc6023e2a1e5c09af701923141df16ad69
dv3-A-poisson-004034,3,A,poisson,4034,,,,3:1:0:4034,,test,8,179.87156012203113,,,,,,,,,,,,,,,,,,,,0.0,,,1,183,1,exact,,,,,,,,4.850000186706893e-05,d73a35702731c219c917ddcb9dfa1959db8c7cd2
dv3-A-poisson-004035,3,A,poisson,4035,,,,3:1:0:4035,,test,8,293.2984258816525,,,,,,,,,,,,,,,,,,,,0.0,,,1,295,1,exact,,,,,,,,1.9416998839005828e-05,77193b9bb6f03c360f58019cc21a9d61bb4cee03
dv3-A-poisson-004036,3,A,poisson,4036,,,,3:1:0:4036,,test,8,192.85868906958706,,,,,,,,,,,,,,,,,,,,0.0,,,1,188,1,exact,,,,,,,,1.4667002687929198e-05,b900612c9b930ee4c29ab1ca40bad59d914fcc60
dv3-A-poisson-004037,3,A,poisson,4037,,,,3:1:0:4037,,test,8,720.6462392681279,,,,,,,,,,,,,,,,,,,,0.0,,,1,757,1,exact,,,,,,,,2.00829999812413e-05,349659badcfbe7787b2f643edd298e53b1dd7ef8
dv3-A-poisson-004038,3,A,poisson,4038,,,,3:1:0:4038,,test,8,332.5189636205881,,,,,,,,,,,,,,,,,,,,0.0,,,1,351,1,exact,,,,,,,,1.4000001101521775e-05,2d93fc2b7eb0942a1823e2e7ac55f10eb4a7966b
dv3-A-poisson-004039,3,A,poisson,4039,,,,3:1:0:4039,,test,8,751.5289749055898,,,,,,,,,,,,,,,,,,,,0.0,,,1,757,1,exact,,,,,,,,2.00829999812413e-05,9651d0a5b12e2ba073ab043df98e8ceb7a8ec7ea
dv3-A-poisson-004040,3,A,poisson,4040,,,,3:1:0:4040,,test,8,308.3498724072713,,,,,,,,,,,,,,,,,,,,0.0,,,1,329,1,exact,,,,,,,,1.3541997759602964e-05,2d74fa67e2e897fb9f27436f9e256dd617137db8
dv3-A-poisson-004041,3,A,poisson,4041,,,,3:1:0:4041,,test,8,298.85185140477444,,,,,,,,,,,,,,,,,,,,0.0,,,1,299,1,exact,,,,,,,,1.2832999345846474e-05,a34f5058740d8d6f1b75e086b678830a82a03375
dv3-A-poisson-004042,3,A,poisson,4042,,,,3:1:0:4042,,test,8,265.3544154096524,,,,,,,,,,,,,,,,,,,,0.0,,,1,279,1,exact,,,,,,,,1.737500133458525e-05,ae899ad67ec05368b6ccd5c09e16c955aa7102f0
dv3-A-poisson-004043,3,A,poisson,4043,,,,3:1:0:4043,,test,8,721.9737269476734,,,,,,,,,,,,,,,,,,,,0.0,,,1,698,1,exact,,,,,,,,1.7624999600229785e-05,e6d726bf2982edab02576287d8e4417aa3d39d41
dv3-A-poisson-004044,3,A,poisson,4044,,,,3:1:0:4044,,test,8,246.0125540952245,,,,,,,,,,,,,,,,,,,,0.0,,,1,239,1,exact,,,,,,,,1.2166001397417858e-05,5b81264a67bf6f31f3e15ee2e2f29022536e1da0
dv3-A-poisson-004045,3,A,poisson,4045,,,,3:1:0:4045,,test,8,306.9372669404244,,,,,,,,,,,,,,,,,,,,0.0,,,1,296,1,exact,,,,,,,,1.2624997907551005e-05,4afac524315847a6e6a0af01bf590b17342e0790
dv3-A-poisson-004046,3,A,poisson,4046,,,,3:1:0:4046,,test,8,100.25682486802248,,,,,,,,,,,,,,,,,,,,0.0,,,1,115,1,exact,,,,,,,,1.058299676515162e-05,d7d5fbbb3b91d22c77e8a817ad1253b7070d3543
dv3-A-poisson-004047,3,A,poisson,4047,,,,3:1:0:4047,,test,8,263.3271413007681,,,,,,,,,,,,,,,,,,,,0.0,,,1,278,1,exact,,,,,,,,7.000000186963007e-05,1b33d9414d653ebd192a366dfdfe9e34b678a823
dv3-A-poisson-004048,3,A,poisson,4048,,,,3:1:0:4048,,test,8,148.43302751478993,,,,,,,,,,,,,,,,,,,,0.0,,,1,158,1,exact,,,,,,,,1.2207998224766925e-05,2c17ab3be6dc1be85684752e55f03175051ee1f9
dv3-A-poisson-004049,3,A,poisson,4049,,,,3:1:0:4049,,test,8,182.3280523520725,,,,,,,,,,,,,,,,,,,,0.0,,,1,188,1,exact,,,,,,,,1.2958000297658145e-05,194130a8fdc0dd9c596f9644a869dd1f1af80a3d
dv3-A-poisson-004050,3,A,poisson,4050,,,,3:1:0:4050,,test,8,300.3199818123962,,,,,,,,,,,,,,,,,,,,0.0,,,1,320,1,exact,,,,,,,,1.2833999790018424e-05,234101110970081e903accee149ef5275500cabf
dv3-A-poisson-004051,3,A,poisson,4051,,,,3:1:0:4051,,test,8,118.51146334083411,,,,,,,,,,,,,,,,,,,,0.0,,,1,124,1,exact,,,,,,,,1.2207998224766925e-05,d9c4636eef96789cb056aab9445fb6c1e00807ee
dv3-A-poisson-004052,3,A,poisson,4052,,,,3:1:0:4052,,test,8,238.42170629996303,,,,,,,,,,,,,,,,,,,,0.0,,,1,238,1,exact,,,,,,,,1.1792002624133602e-05,54c5ad53e7fd6aba06e2e63d5e293a33de72579c
dv3-A-poisson-004053,3,A,poisson,4053,,,,3:1:0:4053,,test,8,343.1822689412869,,,,,,,,,,,,,,,,,,,,0.0,,,1,341,1,exact,,,,,,,,1.3457996828947216e-05,52ba496fa8536df4b064c1961aeb13ec2c104acb
dv3-A-poisson-004054,3,A,poisson,4054,,,,3:1:0:4054,,test,8,115.78539712025116,,,,,,,,,,,,,,,,,,,,0.0,,,1,105,1,exact,,,,,,,,6.550000034621917e-05,eb381395b34b805a30d38a82906a386cb79390f5
dv3-A-poisson-004055,3,A,poisson,4055,,,,3:1:0:4055,,test,8,510.62105729502923,,,,,,,,,,,,,,,,,,,,0.0,,,1,529,1,exact,,,,,,,,7.716699838056229e-05,01c51fa81dfe0f24d107170d803879eb81d183c3
dv3-A-poisson-004056,3,A,poisson,4056,,,,3:1:0:4056,,test,8,408.620111059109,,,,,,,,,,,,,,,,,,,,0.0,,,1,415,1,exact,,,,,,,,2.6665999030228704e-05,05f629200a5af4e668cb5040be9266d6379dac9a
dv3-A-poisson-004057,3,A,poisson,4057,,,,3:1:0:4057,,test,8,681.2123627951255,,,,,,,,,,,,,,,,,,,,0.0,,,1,686,1,exact,,,,,,,,2.5624998670537025e-05,5c9e0f0595078c0ab5d8ac1aafd978c767d9c529
dv3-A-poisson-004058,3,A,poisson,4058,,,,3:1:0:4058,,test,8,113.82122865837493,,,,,,,,,,,,,,,,,,,,0.0,,,1,115,1,exact,,,,,,,,1.7042002582456917e-05,9a28b51c800b28e0dc58d2cb8350106686b1dcd3
dv3-A-poisson-004059,3,A,poisson,4059,,,,3:1:0:4059,,test,8,547.4742512162526,,,,,,,,,,,,,,,,,,,,0.0,,,1,498,1,exact,,,,,,,,7.704200106672943e-05,091ab70d3b0e62e297939dc7643762491c5e6861
dv3-A-poisson-004060,3,A,poisson,4060,,,,3:1:0:4060,,test,8,167.88038288949716,,,,,,,,,,,,,,,,,,,,0.0,,,1,155,1,exact,,,,,,,,5.8417001127963886e-05,299ebc7d2baa0ea78e4d4cbaac4f87a389101d0c
dv3-A-poisson-004061,3,A,poisson,4061,,,,3:1:0:4061,,test,8,493.9290715435239,,,,,,,,,,,,,,,,,,,,0.0,,,1,474,1,exact,,,,,,,,3.80830024369061e-05,59940467b1a1358e21034bfff7af6a845207f1a0
dv3-A-poisson-004062,3,A,poisson,4062,,,,3:1:0:4062,,test,8,339.6672573990791,,,,,,,,,,,,,,,,,,,,0.0,,,1,358,1,exact,,,,,,,,1.5042001905385405e-05,0e56d4568d6ccc2c97a6c89c947691d18953db94
dv3-A-poisson-004063,3,A,poisson,4063,,,,3:1:0:4063,,test,8,581.2335096893945,,,,,,,,,,,,,,,,,,,,0.0,,,1,602,1,exact,,,,,,,,0.0001205830012622755,d82bcfc8a90de1110282d34d656a54a1a694cf32
dv3-A-poisson-004064,3,A,poisson,4064,,,,3:1:0:4064,,test,8,117.4658007631203,,,,,,,,,,,,,,,,,,,,0.0,,,1,117,1,exact,,,,,,,,1.354100095340982e-05,80af097caebd261523438fcb939e65a2ade8dfc3
dv3-A-poisson-004065,3,A,poisson,4065,,,,3:1:0:4065,,test,8,685.8299823724249,,,,,,,,,,,,,,,,,,,,0.0,,,1,668,1,exact,,,,,,,,1.7959002434508875e-05,09fe43172135ef2700207c6bde14bc363fd9eef5
dv3-A-poisson-004066,3,A,poisson,4066,,,,3:1:0:4066,,test,8,316.63902047719176,,,,,,,,,,,,,,,,,,,,0.0,,,1,329,1,exact,,,,,,,,1.3458997273119166e-05,b83f8b6dbc4463673652e4ec541a9e9b3924eab4
dv3-A-poisson-004067,3,A,poisson,4067,,,,3:1:0:4067,,test,8,226.72517908127875,,,,,,,,,,,,,,,,,,,,0.0,,,1,239,1,exact,,,,,,,,6.912500248290598e-05,38f726884354f527a4117a09c34f783a525a5ded
dv3-A-poisson-004068,3,A,poisson,4068,,,,3:1:0:4068,,test,8,242.57400762387792,,,,,,,,,,,,,,,,,,,,0.0,,,1,242,1,exact,,,,,,,,3.154099977109581e-05,9ff63d28ddfb133c187faeb09d6c675b7acce8f8
dv3-A-poisson-004069,3,A,poisson,4069,,,,3:1:0:4069,,test,8,409.92873329642157,,,,,,,,,,,,,,,,,,,,0.0,,,1,401,1,exact,,,,,,,,2.1249998098937795e-05,c0cbb4e527cb2a8b0636798ddcd23544a88aca0a
dv3-A-poisson-004070,3,A,poisson,4070,,,,3:1:0:4070,,test,8,135.67328085083628,,,,,,,,,,,,,,,,,,,,0.0,,,1,116,1,exact,,,,,,,,1.2415999663062394e-05,bbf2d2fa5270d482ef34a70412506d6d18434f71
dv3-A-poisson-004071,3,A,poisson,4071,,,,3:1:0:4071,,test,8,117.408628332845,,,,,,,,,,,,,,,,,,,,0.0,,,1,129,1,exact,,,,,,,,1.1291998816886917e-05,560dfcaab28717180d432ae64b442f9a8fc626b5
dv3-A-poisson-004072,3,A,poisson,4072,,,,3:1:0:4072,,test,8,768.0856239386237,,,,,,,,,,,,,,,,,,,,0.0,,,1,762,1,exact,,,,,,,,2.079199839499779e-05,573608a651718a4256dce37a8a2bc9d694a29af2
dv3-A-poisson-004073,3,A,poisson,4073,,,,3:1:0:4073,,test,8,414.7163456102288,,,,,,,,,,,,,,,,,,,,0.0,,,1,440,1,exact,,,,,,,,1.4749999536434188e-05,f983ad8aa8bfb0697a462d0403af7981981af37d
dv3-A-poisson-004074,3,A,poisson,4074,,,,3:1:0:4074,,test,8,310.49710449513424,,,,,,,,,,,,,,,,,,,,0.0,,,1,265,1,exact,,,,,,,,1.4082997950026765e-05,3028ffab5e27984c3e67b0220da347627f07c84a
dv3-A-poisson-004075,3,A,poisson,4075,,,,3:1:0:4075,,test,8,478.26519697362534,,,,,,,,,,,,,,,,,,,,0.0,,,1,522,1,exact,,,,,,,,1.5790999896125868e-05,abd28059dfe2e632dae0bed335d36345ac10478e
dv3-A-poisson-004076,3,A,poisson,4076,,,,3:1:0:4076,,test,8,137.70551718122636,,,,,,,,,,,,,,,,,,,,0.0,,,1,129,1,exact,,,,,,,,1.0874999134102836e-05,4adcbcc276c4ce0949d592e7a3deea76a670f1b5
dv3-A-poisson-004077,3,A,poisson,4077,,,,3:1:0:4077,,test,8,552.5361651082136,,,,,,,,,,,,,,,,,,,,0.0,,,1,575,1,exact,,,,,,,,0.00010066699906019494,9f8085ad9466ffdbf9d55c57fdb5a8f86738778d
dv3-A-poisson-004078,3,A,poisson,4078,,,,3:1:0:4078,,test,8,507.4961095701246,,,,,,,,,,,,,,,,,,,,0.0,,,1,526,1,exact,,,,,,,,1.7082998965634033e-05,8953a94456d6af4348f53b337ff7b3f3e3570376
dv3-A-poisson-004079,3,A,poisson,4079,,,,3:1:0:4079,,test,8,115.68709669029657,,,,,,,,,,,,,,,,,,,,0.0,,,1,91,1,exact,,,,,,,,1.0666997695807368e-05,c652c732029f5c47ab292eab299c2c5937661f05
dv3-A-poisson-004080,3,A,poisson,4080,,,,3:1:0:4080,,test,8,241.85711490823496,,,,,,,,,,,,,,,,,,,,0.0,,,1,235,1,exact,,,,,,,,1.2125001376261935e-05,18c50b681e7c461997fa666d6fa14636c55224fc
dv3-A-poisson-004081,3,A,poisson,4081,,,,3:1:0:4081,,test,8,146.2697088020668,,,,,,,,,,,,,,,,,,,,0.0,,,1,153,1,exact,,,,,,,,1.0957999620586634e-05,a48e172c6c76cf4e91df5ac822df22429675e88d
dv3-A-poisson-004082,3,A,poisson,4082,,,,3:1:0:4082,,test,8,113.24514913056976,,,,,,,,,,,,,,,,,,,,0.0,,,1,103,1,exact,,,,,,,,7.395799912046641e-05,e79715e35e5eecea27ce0006d51227bc21bb673d
dv3-A-poisson-004083,3,A,poisson,4083,,,,3:1:0:4083,,test,8,198.218431943776,,,,,,,,,,,,,,,,,,,,0.0,,,1,201,1,exact,,,,,,,,3.204200038453564e-05,9aebbfad5c56f106f0901753a5c8b2a714a18e89
dv3-A-poisson-004084,3,A,poisson,4084,,,,3:1:0:4084,,test,8,654.0481103825866,,,,,,,,,,,,,,,,,,,,0.0,,,1,600,1,exact,,,,,,,,4.804199852515012e-05,754b0e3cb4aa5dd8126985971484cc24bed49d0a
dv3-A-poisson-004085,3,A,poisson,4085,,,,3:1:0:4085,,test,8,488.88046679047034,,,,,,,,,,,,,,,,,,,,0.0,,,1,551,1,exact,,,,,,,,3.825000021606684e-05,a0ba600961fcd861a9bbc04a3d4439046f3ed536
dv3-A-poisson-004086,3,A,poisson,4086,,,,3:1:0:4086,,test,8,657.5268537065613,,,,,,,,,,,,,,,,,,,,0.0,,,1,653,1,exact,,,,,,,,3.8334001146722585e-05,b927924422df203a9a0d9bde2d9948fc00328efb
dv3-A-poisson-004087,3,A,poisson,4087,,,,3:1:0:4087,,test,8,119.38268625435684,,,,,,,,,,,,,,,,,,,,0.0,,,1,115,1,exact,,,,,,,,2.320800194866024e-05,7bb9183173f60fa943ae2f2dcc5792f0184e844f
dv3-A-poisson-004088,3,A,poisson,4088,,,,3:1:0:4088,,test,8,294.1408207946698,,,,,,,,,,,,,,,,,,,,0.0,,,1,328,1,exact,,,,,,,,2.7625002985587344e-05,1caead382acd3e13fb14c5c48d680b0aae89a7ad
dv3-A-poisson-004089,3,A,poisson,4089,,,,3:1:0:4089,,test,8,153.42090887402045,,,,,,,,,,,,,,,,,,,,0.0,,,1,129,1,exact,,,,,,,,2.3332999262493104e-05,d8a390151d1f5b26adbdf599184e9868a75d4e63
dv3-A-poisson-004090,3,A,poisson,4090,,,,3:1:0:4090,,test,8,137.64697786464606,,,,,,,,,,,,,,,,,,,,0.0,,,1,126,1,exact,,,,,,,,2.2707998141413555e-05,887839bfdd3362a9dc9cf7e26dcfc0b1aafea0aa
dv3-A-poisson-004091,3,A,poisson,4091,,,,3:1:0:4091,,test,8,134.88866401393614,,,,,,,,,,,,,,,,,,,,0.0,,,1,155,1,exact,,,,,,,,2.3208998754853383e-05,e50c80eef8339bc2e68e60188519afba571399ea
dv3-A-poisson-004092,3,A,poisson,4092,,,,3:1:0:4092,,test,8,202.99593615253008,,,,,,,,,,,,,,,,,,,,0.0,,,1,207,1,exact,,,,,,,,2.4708999262657017e-05,a473804c5dfedeaa6d6511c968a1cf562c7a0e9f
dv3-A-poisson-004093,3,A,poisson,4093,,,,3:1:0:4093,,test,8,444.1015960999283,,,,,,,,,,,,,,,,,,,,0.0,,,1,448,1,exact,,,,,,,,3.1167000997811556e-05,7cf91422b9838a1a9f3d52ea9ce9a2308a7afb98
dv3-A-poisson-004094,3,A,poisson,4094,,,,3:1:0:4094,,test,8,481.3879581139189,,,,,,,,,,,,,,,,,,,,0.0,,,1,472,1,exact,,,,,,,,3.229100184398703e-05,0171e37beac0c32a54cfffe2280f83f73bdb1eed
dv3-A-poisson-004095,3,A,poisson,4095,,,,3:1:0:4095,,test,8,674.2746865540882,,,,,,,,,,,,,,,,,,,,0.0,,,1,698,1,exact,,,,,,,,3.7417001294670627e-05,218db2befb39a3e5a437e3f01e99c1cab2ef57c5
dv3-A-poisson-004096,3,A,poisson,4096,,,,3:1:0:4096,,test,8,497.23874289148944,,,,,,,,,,,,,,,,,,,,0.0,,,1,460,1,exact,,,,,,,,3.212500087101944e-05,706525b93a038c1bf12f9e7c03579b4046fbe64d
dv3-A-poisson-004097,3,A,poisson,4097,,,,3:1:0:4097,,test,8,434.6714177936117,,,,,,,,,,,,,,,,,,,,0.0,,,1,416,1,exact,,,,,,,,3.1040999601827934e-05,7399a622140c460a24a88c1d29d013dcae74ebaf
dv3-A-poisson-004098,3,A,poisson,4098,,,,3:1:0:4098,,test,8,351.91619179289575,,,,,,,,,,,,,,,,,,,,0.0,,,1,392,1,exact,,,,,,,,3.1042000045999885e-05,06bcb5d705fdc6d6127898de2e85cc166c78dd7f
dv3-A-poisson-004099,3,A,poisson,4099,,,,3:1:0:4099,,test,8,539.1627093224641,,,,,,,,,,,,,,,,,,,,0.0,,,1,540,1,exact,,,,,,,,4.012499994132668e-05,286988cb18a12898e75c0e2ed83cce85ed0aef7b
dv3-A-poisson-004100,3,A,poisson,4100,,,,3:1:0:4100,,test,8,344.6626892053834,,,,,,,,,,,,,,,,,,,,0.0,,,1,360,1,exact,,,,,,,,2.9292001272551715e-05,012b7ecfc17d2a28e4f9f09a6160614f9748898e
dv3-A-poisson-004101,3,A,poisson,4101,,,,3:1:0:4101,,test,8,182.55297590471736,,,,,,,,,,,,,,,,,,,,0.0,,,1,188,1,exact,,,,,,,,2.4916000256780535e-05,b3e3841d06036e1f92da7826fe4e2de3b8bf0675
dv3-A-poisson-004102,3,A,poisson,4102,,,,3:1:0:4102,,test,8,320.7093549951413,,,,,,,,,,,,,,,,,,,,0.0,,,1,326,1,exact,,,,,,,,2.858299922081642e-05,5a9d337f03cd0fdd86070bd8d9ea07d402477647
dv3-A-poisson-004103,3,A,poisson,4103,,,,3:1:0:4103,,test,8,131.4586740682792,,,,,,,,,,,,,,,,,,,,0.0,,,1,129,1,exact,,,,,,,,2.3374999727820978e-05,816394d85efb2c11568c2a8668e19355d65a69f8
dv3-A-poisson-004104,3,A,poisson,4104,,,,3:1:0:4104,,test,8,492.246877557052,,,,,,,,,,,,,,,,,,,,0.0,,,1,516,1,exact,,,,,,,,3.254199691582471e-05,fce504ff5c5de1e1ac76fea5e64bc8a876084529
dv3-A-poisson-004105,3,A,poisson,4105,,,,3:1:0:4105,,test,8,219.07343296062137,,,,,,,,,,,,,,,,,,,,0.0,,,1,235,1,exact,,,,,,,,2.5875000574160367e-05,d6ab5c2a3e3869439a9d40ad40be4955c4f3715f
dv3-A-poisson-004106,3,A,poisson,4106,,,,3:1:0:4106,,test,8,183.41905327233383,,,,,,,,,,,,,,,,,,,,0.0,,,1,202,1,exact,,,,,,,,2.5334000383736566e-05,96f81c99f26c16dc41fccd27b36f23ee4313ec4b
dv3-A-poisson-004107,3,A,poisson,4107,,,,3:1:0:4107,,test,8,332.31176751724996,,,,,,,,,,,,,,,,,,,,0.0,,,1,319,1,exact,,,,,,,,2.8166003176011145e-05,7eebbcc310b12df03229e5abb94067e5b9df9ae3
dv3-A-poisson-004108,3,A,poisson,4108,,,,3:1:0:4108,,test,8,294.96083098021495,,,,,,,,,,,,,,,,,,,,0.0,,,1,323,1,exact,,,,,,,,2.8041999030392617e-05,7995a882f492a1b760bf55b5cd6983b72167a2a2
dv3-A-poisson-004109,3,A,poisson,4109,,,,3:1:0:4109,,test,8,517.9264780223417,,,,,,,,,,,,,,,,,,,,0.0,,,1,512,1,exact,,,,,,,,3.35000004270114e-05,54ea6fb6067914673db85c8d5e26c64f5cc2f4c7
dv3-A-poisson-004110,3,A,poisson,4110,,,,3:1:0:4110,,test,8,689.6181642102641,,,,,,,,,,,,,,,,,,,,0.0,,,1,660,1,exact,,,,,,,,3.775000004679896e-05,3ae267fea7ad6826c3d73a1554dcbad60aa3b4f5
dv3-A-poisson-004111,3,A,poisson,4111,,,,3:1:0:4111,,test,8,454.1333769214696,,,,,,,,,,,,,,,,,,,,0.0,,,1,446,1,exact,,,,,,,,3.400000059627928e-05,de5548f170cd14b09e9c276c7c5499d3933878bf
dv3-A-poisson-004112,3,A,poisson,4112,,,,3:1:0:4112,,test,8,222.78996731835954,,,,,,,,,,,,,,,,,,,,0.0,,,1,235,1,exact,,,,,,,,2.6208002964267507e-05,8c7873f5f68bb51f066fdf4d09ad795b0ac8f67a
dv3-A-poisson-004113,3,A,poisson,4113,,,,3:1:0:4113,,test,8,526.1984210936743,,,,,,,,,,,,,,,,,,,,0.0,,,1,518,1,exact,,,,,,,,3.312499757157639e-05,58e3b6d50a4908c9e1060ce9eec454ced2eceebe
dv3-A-poisson-004114,3,A,poisson,4114,,,,3:1:0:4114,,test,8,159.22234373282822,,,,,,,,,,,,,,,,,,,,0.0,,,1,175,1,exact,,,,,,,,2.4665998353157192e-05,d1a16229a48d2dfb59fe03da9ecc1bad5cbfc637
dv3-A-poisson-004115,3,A,poisson,4115,,,,3:1:0:4115,,test,8,160.6976793802172,,,,,,,,,,,,,,,,,,,,0.0,,,1,158,1,exact,,,,,,,,2.3458000214304775e-05,089fafc5c2fb15a0fbd3e1531e63def33668c4d4
dv3-A-poisson-004116,3,A,poisson,4116,,,,3:1:0:4116,,test,8,334.8127172414327,,,,,,,,,,,,,,,,,,,,0.0,,,1,339,1,exact,,,,,,,,3.96249997720588e-05,b99a809d94d9984e588d7b073e1edb4fca43bdae
dv3-A-poisson-004117,3,A,poisson,4117,,,,3:1:0:4117,,test,8,477.04599679694775,,,,,,,,,,,,,,,,,,,,0.0,,,1,432,1,exact,,,,,,,,3.074999767704867e-05,49b84512504dfb5e2c5af874de2a1145064db24a
dv3-A-poisson-004118,3,A,poisson,4118,,,,3:1:0:4118,,test,8,150.20050181609952,,,,,,,,,,,,,,,,,,,,0.0,,,1,142,1,exact,,,,,,,,2.300000051036477e-05,d613054345f8581274594ec712fe6ced0dbfe517
dv3-A-poisson-004119,3,A,poisson,4119,,,,3:1:0:4119,,test,8,432.1876332472411,,,,,,,,,,,,,,,,,,,,0.0,,,1,442,1,exact,,,,,,,,3.0750001315027475e-05,e47ab4425f39ca2fd898fcb1c477ec60d46f6c9f
dv3-A-poisson-004120,3,A,poisson,4120,,,,3:1:0:4120,,test,8,104.62177000316095,,,,,,,,,,,,,,,,,,,,0.0,,,1,108,1,exact,,,,,,,,2.2208998416317627e-05,ffa040483e3345c6c33935f6975a38a304cadce2
dv3-A-poisson-004121,3,A,poisson,4121,,,,3:1:0:4121,,test,8,122.9059178339029,,,,,,,,,,,,,,,,,,,,0.0,,,1,121,1,exact,,,,,,,,2.245799987576902e-05,de183d60b888002888487a7ca4922ff352d1783b
dv3-A-poisson-004122,3,A,poisson,4122,,,,3:1:0:4122,,test,8,100.75177226737293,,,,,,,,,,,,,,,,,,,,0.0,,,1,104,1,exact,,,,,,,,2.2000000171829015e-05,46ea927ebd01b2446ed70b5d65886802c1950f0b
dv3-A-poisson-004123,3,A,poisson,4123,,,,3:1:0:4123,,test,8,333.5155693684996,,,,,,,,,,,,,,,,,,,,0.0,,,1,331,1,exact,,,,,,,,2.849999873433262e-05,6176c16188d139c11341f851b3389ffe21f67131
dv3-A-poisson-004124,3,A,poisson,4124,,,,3:1:0:4124,,test,8,252.7474665579171,,,,,,,,,,,,,,,,,,,,0.0,,,1,232,1,exact,,,,,,,,3.1457999284612015e-05,9e5ca1a6b1e404c402c98501de84754dd4fe059d
dv3-A-poisson-004125,3,A,poisson,4125,,,,3:1:0:4125,,test,8,667.73929272985,,,,,,,,,,,,,,,,,,,,0.0,,,1,731,1,exact,,,,,,,,3.941700197174214e-05,be95307f9a10b3a6862c2993d1cd501cd5b82707
dv3-A-poisson-004126,3,A,poisson,4126,,,,3:1:0:4126,,test,8,456.6913892412477,,,,,,,,,,,,,,,,,,,,0.0,,,1,413,1,exact,,,,,,,,3.154099977109581e-05,5477930d21f3d9110e762e6b4e737d687c6ec81f
dv3-A-poisson-004127,3,A,poisson,4127,,,,3:1:0:4127,,test,8,457.1339895351409,,,,,,,,,,,,,,,,,,,,0.0,,,1,459,1,exact,,,,,,,,3.225000182283111e-05,629a3da9757cad0759ed58f9de0d2753a4333671
dv3-A-poisson-004128,3,A,poisson,4128,,,,3:1:0:4128,,test,8,118.11175169714537,,,,,,,,,,,,,,,,,,,,0.0,,,1,109,1,exact,,,,,,,,2.8667000151472166e-05,2277c0c0cbe7b6362a6a540f1620db65da78965e
dv3-A-poisson-004129,3,A,poisson,4129,,,,3:1:0:4129,,test,8,361.5167317088586,,,,,,,,,,,,,,,,,,,,0.0,,,1,355,1,exact,,,,,,,,2.9708000511163846e-05,c6364d2c358911f886c3ddab0ccbcbc93c9e6ed2
dv3-A-poisson-004130,3,A,poisson,4130,,,,3:1:0:4130,,test,8,357.0367393523429,,,,,,,,,,,,,,,,,,,,0.0,,,1,359,1,exact,,,,,,,,2.995799877680838e-05,ae05851c6a8858214707b82b7293cb41a237fe1c
dv3-A-poisson-004131,3,A,poisson,4131,,,,3:1:0:4131,,test,8,675.2570849101281,,,,,,,,,,,,,,,,,,,,0.0,,,1,684,1,exact,,,,,,,,4.908300252282061e-05,99bdc2b22b3654eff7e9cd7744f49134c3b76538
dv3-A-poisson-004132,3,A,poisson,4132,,,,3:1:0:4132,,test,8,497.1685730891702,,,,,,,,,,,,,,,,,,,,0.0,,,1,459,1,exact,,,,,,,,3.308300074422732e-05,66633b81a308781672a6b5cbe3b51177b801d204
dv3-A-poisson-004133,3,A,poisson,4133,,,,3:1:0:4133,,test,8,424.0729260000604,,,,,,,,,,,,,,,,,,,,0.0,,,1,410,1,exact,,,,,,,,0.001264541999262292,28b16570b35e164223de3f93851e52420dba6bd8
dv3-A-poisson-004134,3,A,poisson,4134,,,,3:1:0:4134,,test,8,256.10374541408396,,,,,,,,,,,,,,,,,,,,0.0,,,1,290,1,exact,,,,,,,,3.054199987673201e-05,87fb983c29b21e94b2c6ec685d905903191806fe
dv3-A-poisson-004135,3,A,poisson,4135,,,,3:1:0:4135,,test,8,116.95539962852055,,,,,,,,,,,,,,,,,,,,0.0,,,1,106,1,exact,,,,,,,,1.2958000297658145e-05,7b4daae394beb6699348d03277e38240d0a36a97
dv3-A-poisson-004136,3,A,poisson,4136,,,,3:1:0:4136,,test,8,134.3760594148848,,,,,,,,,,,,,,,,,,,,0.0,,,1,145,1,exact,,,,,,,,1.1874999472638592e-05,35d887010e08310bb5cc507a921304cf124bf998
dv3-A-poisson-004137,3,A,poisson,4137,,,,3:1:0:4137,,test,8,128.06757762206013,,,,,,,,,,,,,,,,,,,,0.0,,,1,119,1,exact,,,,,,,,1.1584001185838133e-05,12a19af9dfe989244b0d4ddcf3512cbb2fffb4b6
dv3-A-poisson-004138,3,A,poisson,4138,,,,3:1:0:4138,,test,8,768.2020918583449,,,,,,,,,,,,,,,,,,,,0.0,,,1,823,1,exact,,,,,,,,2.6583998987916857e-05,bf147a3fc02bc66e5be4090b887e2d26f89e990a
dv3-A-poisson-004139,3,A,poisson,4139,,,,3:1:0:4139,,test,8,100.60595170890055,,,,,,,,,,,,,,,,,,,,0.0,,,1,107,1,exact,,,,,,,,1.1124997399747372e-05,174cf1208085df629279c8c504ca3d7f195ac23d
dv3-A-poisson-004140,3,A,poisson,4140,,,,3:1:0:4140,,test,8,281.01873177375813,,,,,,,,,,,,,,,,,,,,0.0,,,1,266,1,exact,,,,,,,,1.333300315309316e-05,32047595275eb8668c8f36bf91f7872e896d8042
dv3-A-poisson-004141,3,A,poisson,4141,,,,3:1:0:4141,,test,8,770.1130999330177,,,,,,,,,,,,,,,,,,,,0.0,,,1,776,1,exact,,,,,,,,3.400000059627928e-05,69d2d160aba4f477b82b788fc1a546625bab99ef
dv3-A-poisson-004142,3,A,poisson,4142,,,,3:1:0:4142,,test,8,434.59700569318704,,,,,,,,,,,,,,,,,,,,0.0,,,1,433,1,exact,,,,,,,,9.65409999480471e-05,cebb94eeb524527b9397062b464a88fc69bf799b
dv3-A-poisson-004143,3,A,poisson,4143,,,,3:1:0:4143,,test,8,499.2701528370244,,,,,,,,,,,,,,,,,,,,0.0,,,1,548,1,exact,,,,,,,,2.8624999686144292e-05,aa26128043760a24fb378190c6cdeec3cf972b26
dv3-A-poisson-004144,3,A,poisson,4144,,,,3:1:0:4144,,test,8,700.1786733215619,,,,,,,,,,,,,,,,,,,,0.0,,,1,743,1,exact,,,,,,,,2.445800055284053e-05,1d79948c93ed26ddd5930ee906b5a96d32fcee22
dv3-A-poisson-004145,3,A,poisson,4145,,,,3:1:0:4145,,test,8,263.9873407526615,,,,,,,,,,,,,,,,,,,,0.0,,,1,269,1,exact,,,,,,,,1.4291999832494184e-05,270cf6f089d91766e79360c571fcd71a8f745eda
dv3-A-poisson-004146,3,A,poisson,4146,,,,3:1:0:4146,,test,8,146.41281703266174,,,,,,,,,,,,,,,,,,,,0.0,,,1,132,1,exact,,,,,,,,1.2417000107234344e-05,730c0f7f2de066b2feb3371948c67d75c5906512
dv3-A-poisson-004147,3,A,poisson,4147,,,,3:1:0:4147,,test,8,202.6815875777396,,,,,,,,,,,,,,,,,,,,0.0,,,1,189,1,exact,,,,,,,,1.2417000107234344e-05,e4d8e26161362004be2ca0d0fa3f2913589bdfaf
dv3-A-poisson-004148,3,A,poisson,4148,,,,3:1:0:4148,,test,8,531.0237069548797,,,,,,,,,,,,,,,,,,,,0.0,,,1,560,1,exact,,,,,,,,1.9333001546328887e-05,ce54fb7621ee54f1cd373c832bda6dc3679c9b1c
dv3-A-poisson-004149,3,A,poisson,4149,,,,3:1:0:4149,,test,8,293.63272051881404,,,,,,,,,,,,,,,,,,,,0.0,,,1,246,1,exact,,,,,,,,1.3083001249469817e-05,5930b3df2187e42b453232a7c5aa0995161e1b69
dv3-A-poisson-004150,3,A,poisson,4150,,,,3:1:0:4150,,test,8,559.0075514147717,,,,,,,,,,,,,,,,,,,,0.0,,,1,554,1,exact,,,,,,,,1.6833000699989498e-05,aed18b2c40c7f616a0585432df710b950722f60e
dv3-A-poisson-004151,3,A,poisson,4151,,,,3:1:0:4151,,test,8,282.6947461833479,,,,,,,,,,,,,,,,,,,,0.0,,,1,297,1,exact,,,,,,,,1.4708002709085122e-05,098d636963ca2f21f6245100ad98ebbe8b50c20b
dv3-A-poisson-004152,3,A,poisson,4152,,,,3:1:0:4152,,test,8,214.9202587077675,,,,,,,,,,,,,,,,,,,,0.0,,,1,213,1,exact,,,,,,,,1.2417000107234344e-05,4ebd09065f4754613dfb9dca934be50955c2c60a
dv3-A-poisson-004153,3,A,poisson,4153,,,,3:1:0:4153,,test,8,683.9134119831762,,,,,,,,,,,,,,,,,,,,0.0,,,1,689,1,exact,,,,,,,,1.9582999811973423e-05,692109c0a65f6d03bbe2045682ed0b8116e1bcc8
dv3-A-poisson-004154,3,A,poisson,4154,,,,3:1:0:4154,,test,8,759.6691036792878,,,,,,,,,,,,,,,,,,,,0.0,,,1,752,1,exact,,,,,,,,2.0334002329036593e-05,82093e1707a6f1c700852d2e5f38883076eaa74d
dv3-A-poisson-004155,3,A,poisson,4155,,,,3:1:0:4155,,test,8,239.02623553271746,,,,,,,,,,,,,,,,,,,,0.0,,,1,231,1,exact,,,,,,,,1.2708998838206753e-05,e9c46831a37fdab7ac5c6e257313de1f2ff96868
dv3-A-poisson-004156,3,A,poisson,4156,,,,3:1:0:4156,,test,8,356.9549350529835,,,,,,,,,,,,,,,,,,,,0.0,,,1,351,1,exact,,,,,,,,1.4000001101521775e-05,0c944695d0d7455f11b0ebf731be8ad8be3847d3
dv3-A-poisson-004157,3,A,poisson,4157,,,,3:1:0:4157,,test,8,760.4106371092632,,,,,,,,,,,,,,,,,,,,0.0,,,1,797,1,exact,,,,,,,,2.058400059468113e-05,8e38f881439198a152be364a943fc61267fac080
dv3-A-poisson-004158,3,A,poisson,4158,,,,3:1:0:4158,,test,8,285.4833781924644,,,,,,,,,,,,,,,,,,,,0.0,,,1,279,1,exact,,,,,,,,1.3250002666609362e-05,73c3ca67f50debad7257c3885ec77eaa1c8fd617
dv3-A-poisson-004159,3,A,poisson,4159,,,,3:1:0:4159,,test,8,440.4694638733282,,,,,,,,,,,,,,,,,,,,0.0,,,1,476,1,exact,,,,,,,,1.5665998944314197e-05,d8c420539bb8007a2fa33d337f6124fabc2dfaf1
dv3-A-poisson-004160,3,A,poisson,4160,,,,3:1:0:4160,,test,8,375.0453202071514,,,,,,,,,,,,,,,,,,,,0.0,,,1,346,1,exact,,,,,,,,3.545900108292699e-05,44d12c3d3a39ee13f6b3cb067d7659a24226e48a
dv3-A-poisson-004161,3,A,poisson,4161,,,,3:1:0:4161,,test,8,266.0155520621322,,,,,,,,,,,,,,,,,,,,0.0,,,1,261,1,exact,,,,,,,,2.0749997929669917e-05,6280af751ecc284696265586a6940973726dcac9
dv3-A-poisson-004162,3,A,poisson,4162,,,,3:1:0:4162,,test,8,242.94959063338726,,,,,,,,,,,,,,,,,,,,0.0,,,1,233,1,exact,,,,,,,,1.3875000149710104e-05,ce983734fd9bb6305bb6c9f7a4c7913b61646360
dv3-A-poisson-004163,3,A,poisson,4163,,,,3:1:0:4163,,test,8,414.22119030301053,,,,,,,,,,,,,,,,,,,,0.0,,,1,398,1,exact,,,,,,,,1.5541998436674476e-05,dae1774a0a671c64cd2dda72421d2b3278336205
dv3-A-poisson-004164,3,A,poisson,4164,,,,3:1:0:4164,,test,8,659.4282130065269,,,,,,,,,,,,,,,,,,,,0.0,,,1,679,1,exact,,,,,,,,1.854200309026055e-05,763ed239cadd7ec1aaf6602b3308575400711693
dv3-A-poisson-004165,3,A,poisson,4165,,,,3:1:0:4165,,test,8,229.156896144542,,,,,,,,,,,,,,,,,,,,0.0,,,1,236,1,exact,,,,,,,,1.300000076298602e-05,e9d9c7d0c7ca23b1882ef8e91ace0faa7af22f81
dv3-A-poisson-004166,3,A,poisson,4166,,,,3:1:0:4166,,test,8,175.85205053145313,,,,,,,,,,,,,,,,,,,,0.0,,,1,173,1,exact,,,,,,,,1.2584001524373889e-05,bd0ef7585880768f21c985675ab1cb302ddb8a23
dv3-A-poisson-004167,3,A,poisson,4167,,,,3:1:0:4167,,test,8,300.6619589560132,,,,,,,,,,,,,,,,,,,,0.0,,,1,288,1,exact,,,,,,,,1.3542001397581771e-05,35df8a95e94f6c5e77905f974b8978524d55be6b
dv3-A-poisson-004168,3,A,poisson,4168,,,,3:1:0:4168,,test,8,211.97672159141584,,,,,,,,,,,,,,,,,,,,0.0,,,1,229,1,exact,,,,,,,,1.2417000107234344e-05,5d7a4d163789551c8ddcf1ffd599b6b9d5a2e32a
dv3-A-poisson-004169,3,A,poisson,4169,,,,3:1:0:4169,,test,8,735.6978322576501,,,,,,,,,,,,,,,,,,,,0.0,,,1,706,1,exact,,,,,,,,2.0125000446569175e-05,bc87bed9da71fbc919ca227a2877aa00e9369039
dv3-A-poisson-004170,3,A,poisson,4170,,,,3:1:0:4170,,test,8,102.73213356742717,,,,,,,,,,,,,,,,,,,,0.0,,,1,107,1,exact,,,,,,,,1.5125002391869202e-05,2c568b840a1bf7b05a94c12e535fb671da8457d9
dv3-A-poisson-004171,3,A,poisson,4171,,,,3:1:0:4171,,test,8,185.55355518961085,,,,,,,,,,,,,,,,,,,,0.0,,,1,194,1,exact,,,,,,,,1.2166998203611001e-05,cdfdc00e9ae465ca551175284842e873fbc31551
dv3-A-poisson-004172,3,A,poisson,4172,,,,3:1:0:4172,,test,8,145.54988543151813,,,,,,,,,,,,,,,,,,,,0.0,,,1,148,1,exact,,,,,,,,1.1500000255182385e-05,2d20c30c8526531770a638c79d8770b67a4cfa93
dv3-A-poisson-004173,3,A,poisson,4173,,,,3:1:0:4173,,test,8,149.59378328911902,,,,,,,,,,,,,,,,,,,,0.0,,,1,159,1,exact,,,,,,,,1.1832999007310718e-05,8646ed25b55497a1cd543a6b7504cd33480b5d4c
dv3-A-poisson-004174,3,A,poisson,4174,,,,3:1:0:4174,,test,8,108.03562887980311,,,,,,,,,,,,,,,,,,,,0.0,,,1,90,1,exact,,,,,,,,1.0666000889614224e-05,8e780a9f811c30add2489fa25052fded38bbcc6a
dv3-A-poisson-004175,3,A,poisson,4175,,,,3:1:0:4175,,test,8,131.2738776650451,,,,,,,,,,,,,,,,,,,,0.0,,,1,138,1,exact,,,,,,,,1.1374999303370714e-05,040af83bdf086a9c5c1394083ffdb9a219d167bb
dv3-A-poisson-004176,3,A,poisson,4176,,,,3:1:0:4176,,test,8,196.65268754605205,,,,,,,,,,,,,,,,,,,,0.0,,,1,206,1,exact,,,,,,,,1.937500201165676e-05,9e6114634cb2e95c039eb3b72d7f4897f489e541
dv3-A-poisson-004177,3,A,poisson,4177,,,,3:1:0:4177,,test,8,158.8214682323075,,,,,,,,,,,,,,,,,,,,0.0,,,1,146,1,exact,,,,,,,,1.2500000593718141e-05,1b86614dd059f17a1f6eaa0b584d3fa18193a92b
dv3-A-poisson-004178,3,A,poisson,4178,,,,3:1:0:4178,,test,8,101.42244086950211,,,,,,,,,,,,,,,,,,,,0.0,,,1,93,1,exact,,,,,,,,1.1375002941349521e-05,ca33892fe2ca2c21ef97c0f4538c288bbb96d3c1
dv3-A-poisson-004179,3,A,poisson,4179,,,,3:1:0:4179,,test,8,348.0887149979145,,,,,,,,,,,,,,,,,,,,0.0,,,1,343,1,exact,,,,,,,,1.4375000318977982e-05,c78fd586128c1753261dd8cb5dd8cf4d09547d5a
dv3-A-poisson-004180,3,A,poisson,4180,,,,3:1:0:4180,,test,8,395.7322233044858,,,,,,,,,,,,,,,,,,,,0.0,,,1,417,1,exact,,,,,,,,1.5000001440057531e-05,b71e168ee079ee558862c533e03fa40f8b3aee25
dv3-A-poisson-004181,3,A,poisson,4181,,,,3:1:0:4181,,test,8,671.7044264911211,,,,,,,,,,,,,,,,,,,,0.0,,,1,712,1,exact,,,,,,,,0.00012458299897843972,ab4e4efdbdc659b901b5fa7383a1fcbb7750cada
dv3-A-poisson-004182,3,A,poisson,4182,,,,3:1:0:4182,,test,8,760.720985587454,,,,,,,,,,,,,,,,,,,,0.0,,,1,742,1,exact,,,,,,,,0.00019791700105997734,6293df2af3417362579802c13b5dd8e3c179d90e
dv3-A-poisson-004183,3,A,poisson,4183,,,,3:1:0:4183,,test,8,288.8240278773704,,,,,,,,,,,,,,,,,,,,0.0,,,1,254,1,exact,,,,,,,,2.0250001398380846e-05,c8e578c6aa1a9eb53a26348c5602c0fcb2033a39
dv3-A-poisson-004184,3,A,poisson,4184,,,,3:1:0:4184,,test,8,340.15105577025037,,,,,,,,,,,,,,,,,,,,0.0,,,1,339,1,exact,,,,,,,,1.4708999515278265e-05,427e54b91303d4e884a82e68bf10033e14b7e545
dv3-A-poisson-004185,3,A,poisson,4185,,,,3:1:0:4185,,test,8,124.13799212265127,,,,,,,,,,,,,,,,,,,,0.0,,,1,114,1,exact,,,,,,,,1.341600000159815e-05,b78eda5d945ab0912be1a0232f733114a6904cf4
dv3-A-poisson-004186,3,A,poisson,4186,,,,3:1:0:4186,,test,8,300.5539113801668,,,,,,,,,,,,,,,,,,,,0.0,,,1,313,1,exact,,,,,,,,1.3500000932253897e-05,e9f52ebffee13f915df2b216421076fe15c26f67
dv3-A-poisson-004187,3,A,poisson,4187,,,,3:1:0:4187,,test,8,169.05081891625576,,,,,,,,,,,,,,,,,,,,0.0,,,1,157,1,exact,,,,,,,,1.1833002645289525e-05,67b59ab78cc3a95d39dcaade013fa6817c2e97bf
dv3-A-poisson-004188,3,A,poisson,4188,,,,3:1:0:4188,,test,8,170.2214455103707,,,,,,,,,,,,,,,,,,,,0.0,,,1,172,1,exact,,,,,,,,1.195799995912239e-05,f73d1397b9bf59c5e1b0695efe5eec70c7aefc0b
dv3-A-poisson-004189,3,A,poisson,4189,,,,3:1:0:4189,,test,8,213.2222478794477,,,,,,,,,,,,,,,,,,,,0.0,,,1,206,1,exact,,,,,,,,1.966700074262917e-05,14692b9158f92b09a5f494df28b8984e0825a28d
dv3-A-poisson-004190,3,A,poisson,4190,,,,3:1:0:4190,,test,8,589.5028563507325,,,,,,,,,,,,,,,,,,,,0.0,,,1,603,1,exact,,,,,,,,3.5707998904399574e-05,a627a2d281041f3fcf1d1a3bb68b1b21700e14be
dv3-A-poisson-004191,3,A,poisson,4191,,,,3:1:0:4191,,test,8,189.9122833738364,,,,,,,,,,,,,,,,,,,,0.0,,,1,184,1,e