case_id,dv,set,family,index,cell_id,level_id,rep,spawn_key,r_seed,split,shard,nbar,mu,s,mu1,mu2,s2,rho,tau,gamma,sigma2,sp,kappa,sigma,sigma1,lam_p,R,beta,mu_log,s_abs,grid_M,delta_tilde,tau_K,tau_K2,prior_tries,n,pattern_tries,sampler,buffer,n_parents,pad_P,min_eig,cftp_start,mh_steps,burnin,wall_s,sha1
dv3-B-lgcp-000000,3,B,lgcp,0,0,,0,3:2:5:0,,test,0,125.0,,,,,,,,,0.32794736013978476,0.6,,,,,,,4.664340057232409,0.05366563145999495,256,0.49999999999999983,0.978996102789929,,1,132,1,exact,,,2,2.5672005760922983e-05,,,,0.012154667001595953,8ba48efbc32a77aa67d802e4e1e8a4631e106d25
dv3-B-lgcp-000001,3,B,lgcp,1,0,,1,3:2:5:1,,test,0,125.0,,,,,,,,,0.32794736013978476,0.6,,,,,,,4.664340057232409,0.05366563145999495,256,0.49999999999999983,0.978996102789929,,1,111,1,exact,,,2,2.5672005760922983e-05,,,,0.011796916998719098,111a0416c9830b68e7df3429fac9a6d63e371826
dv3-B-lgcp-000002,3,B,lgcp,2,0,,2,3:2:5:2,,test,0,125.0,,,,,,,,,0.32794736013978476,0.6,,,,,,,4.664340057232409,0.05366563145999495,256,0.49999999999999983,0.978996102789929,,1,155,1,exact,,,2,2.5672005760922983e-05,,,,0.014369374999660067,f36da0b535b74d973f0a2f5fe6f6a1e99aa24697
dv3-B-lgcp-000003,3,B,lgcp,3,0,,3,3:2:5:3,,test,0,125.0,,,,,,,,,0.32794736013978476,0.6,,,,,,,4.664340057232409,0.05366563145999495,256,0.49999999999999983,0.978996102789929,,1,141,1,exact,,,2,2.5672005760922983e-05,,,,0.013091292003082344,cc0f1307c3bbfc7926f61d7a84c8da5dde9b6faa
dv3-B-lgcp-000004,3,B,lgcp,4,0,,4,3:2:5:4,,test,0,125.0,,,,,,,,,0.32794736013978476,0.6,,,,,,,4.664340057232409,0.05366563145999495,256,0.49999999999999983,0.978996102789929,,1,139,1,exact,,,2,2.5672005760922983e-05,,,,0.014014083000802202,e62152a49f17f0fcf8b6f84f1ac7a4844d833de9
dv3-B-lgcp-000005,3,B,lgcp,5,0,,5,3:2:5:5,,test,0,125.0,,,,,,,,,0.32794736013978476,0.6,,,,,,,4.664340057232409,0.05366563145999495,256,0.49999999999999983,0.978996102789929,,1,101,1,exact,,,2,2.5672005760922983e-05,,,,0.015282458000001498,7c3c962844f4008cc39333b17c8acfb83274077d
dv3-B-lgcp-000006,3,B,lgcp,6,0,,6,3:2:5:6,,test,0,125.0,,,,,,,,,0.32794736013978476,0.6,,,,,,,4.664340057232409,0.05366563145999495,256,0.49999999999999983,0.978996102789929,,1,115,1,exact,,,2,2.5672005760922983e-05,,,,0.013228750001871958,63115557e92e9a6fce0ef253d9a71b9ad53a7d2a
dv3-B-lgcp-000007,3,B,lgcp,7,0,,7,3:2:5:7,,test,0,125.0,,,,,,,,,0.32794736013978476,0.6,,,,,,,4.664340057232409,0.05366563145999495,256,0.49999999999999983,0.978996102789929,,1,125,1,exact,,,2,2.5672005760922983e-05,,,,0.018765833003271837,6657f01c934c997da9f48817e73ff8ce292c3174
dv3-B-lgcp-000008,3,B,lgcp,8,0,,8,3:2:5:8,,test,0,125.0,,,,,,,,,0.32794736013978476,0.6,,,,,,,4.664340057232409,0.05366563145999495,256,0.49999999999999983,0.978996102789929,,1,109,1,exact,,,2,2.5672005760922983e-05,,,,0.014820917000179179,08f78d8fd26552fb1fb5043295f40cbf7e9c81db
dv3-B-lgcp-000009,3,B,lgcp,9,0,,9,3:2:5:9,,test,0,125.0,,,,,,,,,0.32794736013978476,0.6,,,,,,,4.664340057232409,0.05366563145999495,256,0.49999999999999983,0.978996102789929,,1,118,1,exact,,,2,2.5672005760922983e-05,,,,0.014435832999879494,57922847d9638a405751ad9c694e70503c99adcf
dv3-B-lgcp-000010,3,B,lgcp,10,0,,10,3:2:5:10,,test,0,125.0,,,,,,,,,0.32794736013978476,0.6,,,,,,,4.664340057232409,0.05366563145999495,256,0.49999999999999983,0.978996102789929,,1,124,1,exact,,,2,2.5672005760922983e-05,,,,0.015890582999418257,a06d7ede4493db6a6b9e659811906f7c0b0488e7
dv3-B-lgcp-000011,3,B,lgcp,11,0,,11,3:2:5:11,,test,0,125.0,,,,,,,,,0.32794736013978476,0.6,,,,,,,4.664340057232409,0.05366563145999495,256,0.49999999999999983,0.978996102789929,,1,111,1,exact,,,2,2.5672005760922983e-05,,,,0.016388165997341275,01fb3ca720501e8905d4c7fa52f946d7f2cc44e4
dv3-B-lgcp-000012,3,B,lgcp,12,0,,12,3:2:5:12,,test,0,125.0,,,,,,,,,0.32794736013978476,0.6,,,,,,,4.664340057232409,0.05366563145999495,256,0.49999999999999983,0.978996102789929,,1,112,1,exact,,,2,2.5672005760922983e-05,,,,0.01110737499766401,d2bf63135f315314273d99b799c47829347bc6d0
dv3-B-lgcp-000013,3,B,lgcp,13,0,,13,3:2:5:13,,test,0,125.0,,,,,,,,,0.32794736013978476,0.6,,,,,,,4.664340057232409,0.05366563145999495,256,0.49999999999999983,0.978996102789929,,1,125,1,exact,,,2,2.5672005760922983e-05,,,,0.014931542002159404,4359dc04e3a8caf5e8f60524e0b81bcc5a24365b
dv3-B-lgcp-000014,3,B,lgcp,14,0,,14,3:2:5:14,,test,0,125.0,,,,,,,,,0.32794736013978476,0.6,,,,,,,4.664340057232409,0.05366563145999495,256,0.49999999999999983,0.978996102789929,,1,140,1,exact,,,2,2.5672005760922983e-05,,,,0.037259333999827504,73104fbe4e4cd61f240af0b54cc4369868353a91
dv3-B-lgcp-000015,3,B,lgcp,15,0,,15,3:2:5:15,,test,0,125.0,,,,,,,,,0.32794736013978476,0.6,,,,,,,4.664340057232409,0.05366563145999495,256,0.49999999999999983,0.978996102789929,,1,117,1,exact,,,2,2.5672005760922983e-05,,,,0.013687833001313265,c180d7953d606a832862afc24009b7efa791c96a
dv3-B-lgcp-000016,3,B,lgcp,16,0,,16,3:2:5:16,,test,0,125.0,,,,,,,,,0.32794736013978476,0.6,,,,,,,4.664340057232409,0.05366563145999495,256,0.49999999999999983,0.978996102789929,,1,121,1,exact,,,2,2.5672005760922983e-05,,,,0.014265166999393841,6373b2ea2c73810541a1564aef99d40a8c2e85c4
dv3-B-lgcp-000017,3,B,lgcp,17,0,,17,3:2:5:17,,test,0,125.0,,,,,,,,,0.32794736013978476,0.6,,,,,,,4.664340057232409,0.05366563145999495,256,0.49999999999999983,0.978996102789929,,1,128,1,exact,,,2,2.5672005760922983e-05,,,,0.012173333001555875,44312c76d7f40343ab28894e15263dd684147413
dv3-B-lgcp-000018,3,B,lgcp,18,0,,18,3:2:5:18,,test,0,125.0,,,,,,,,,0.32794736013978476,0.6,,,,,,,4.664340057232409,0.05366563145999495,256,0.49999999999999983,0.978996102789929,,1,140,1,exact,,,2,2.5672005760922983e-05,,,,0.012357625000731787,9c0bf6e306f6063770ba2c721969dc5d7b8bf641
dv3-B-lgcp-000019,3,B,lgcp,19,0,,19,3:2:5:19,,test,0,125.0,,,,,,,,,0.32794736013978476,0.6,,,,,,,4.664340057232409,0.05366563145999495,256,0.49999999999999983,0.978996102789929,,1,129,1,exact,,,2,2.5672005760922983e-05,,,,0.014887124998494983,d8bd4c8cf2140c9e99800be366cfa439c590010f
dv3-B-lgcp-000020,3,B,lgcp,20,0,,20,3:2:5:20,,test,0,125.0,,,,,,,,,0.32794736013978476,0.6,,,,,,,4.664340057232409,0.05366563145999495,256,0.49999999999999983,0.978996102789929,,1,153,1,exact,,,2,2.5672005760922983e-05,,,,0.016375125000195112,8d3124f6dd3494ad86b145de13390750d90876e7
dv3-B-lgcp-000021,3,B,lgcp,21,0,,21,3:2:5:21,,test,0,125.0,,,,,,,,,0.32794736013978476,0.6,,,,,,,4.664340057232409,0.05366563145999495,256,0.49999999999999983,0.978996102789929,,1,145,1,exact,,,2,2.5672005760922983e-05,,,,0.013547708000260172,e6b02f63b4a4ed8a05f4eeb8d68bdd2535e1f1d3
dv3-B-lgcp-000022,3,B,lgcp,22,0,,22,3:2:5:22,,test,0,125.0,,,,,,,,,0.32794736013978476,0.6,,,,,,,4.664340057232409,0.05366563145999495,256,0.49999999999999983,0.978996102789929,,1,137,1,exact,,,2,2.5672005760922983e-05,,,,0.017499416000646306,3df1f85e475d79f7a01fe9416f5cc1c7365c9a23
dv3-B-lgcp-000023,3,B,lgcp,23,0,,23,3:2:5:23,,test,0,125.0,,,,,,,,,0.32794736013978476,0.6,,,,,,,4.664340057232409,0.05366563145999495,256,0.49999999999999983,0.978996102789929,,1,153,1,exact,,,2,2.5672005760922983e-05,,,,0.017480624999734573,0526382d43eb9f6b1f6541597e0f53cab8972200
dv3-B-lgcp-000024,3,B,lgcp,24,0,,24,3:2:5:24,,test,0,125.0,,,,,,,,,0.32794736013978476,0.6,,,,,,,4.664340057232409,0.05366563145999495,256,0.49999999999999983,0.978996102789929,,1,139,1,exact,,,2,2.5672005760922983e-05,,,,0.013474667000991758,fe541bb8ea97d3f10bde4ee95be73c83412d73bb
dv3-B-lgcp-000025,3,B,lgcp,25,0,,25,3:2:5:25,,test,0,125.0,,,,,,,,,0.32794736013978476,0.6,,,,,,,4.664340057232409,0.05366563145999495,256,0.49999999999999983,0.978996102789929,,1,109,1,exact,,,2,2.5672005760922983e-05,,,,0.017409791002137354,8f2459c01c4ef275cc6241a64e1fa086bfbba1ac
dv3-B-lgcp-000026,3,B,lgcp,26,0,,26,3:2:5:26,,test,0,125.0,,,,,,,,,0.32794736013978476,0.6,,,,,,,4.664340057232409,0.05366563145999495,256,0.49999999999999983,0.978996102789929,,1,117,1,exact,,,2,2.5672005760922983e-05,,,,0.016819541997392662,6b395acae395a66e59c570b49550921fc63007a7
dv3-B-lgcp-000027,3,B,lgcp,27,0,,27,3:2:5:27,,test,0,125.0,,,,,,,,,0.32794736013978476,0.6,,,,,,,4.664340057232409,0.05366563145999495,256,0.49999999999999983,0.978996102789929,,1,114,1,exact,,,2,2.5672005760922983e-05,,,,0.015401458000269486,a48675f515863b70e09665daad457312b63b8c16
dv3-B-lgcp-000028,3,B,lgcp,28,0,,28,3:2:5:28,,test,0,125.0,,,,,,,,,0.32794736013978476,0.6,,,,,,,4.664340057232409,0.05366563145999495,256,0.49999999999999983,0.978996102789929,,1,126,1,exact,,,2,2.5672005760922983e-05,,,,0.014893625000695465,cc7c5c2647d3072de85bcade94f3f757f8826436
dv3-B-lgcp-000029,3,B,lgcp,29,0,,29,3:2:5:29,,test,0,125.0,,,,,,,,,0.32794736013978476,0.6,,,,,,,4.664340057232409,0.05366563145999495,256,0.49999999999999983,0.978996102789929,,1,126,1,exact,,,2,2.5672005760922983e-05,,,,0.013098334002279444,19653357ffcfd03ad93ba2e246b115c50db0054e
dv3-B-lgcp-000030,3,B,lgcp,30,0,,30,3:2:5:30,,test,0,125.0,,,,,,,,,0.32794736013978476,0.6,,,,,,,4.664340057232409,0.05366563145999495,256,0.49999999999999983,0.978996102789929,,1,113,1,exact,,,2,2.5672005760922983e-05,,,,0.01437804099987261,6a86cc1e33929ca18539d5e78a94c2dab85649eb
dv3-B-lgcp-000031,3,B,lgcp,31,0,,31,3:2:5:31,,test,0,125.0,,,,,,,,,0.32794736013978476,0.6,,,,,,,4.664340057232409,0.05366563145999495,256,0.49999999999999983,0.978996102789929,,1,127,1,exact,,,2,2.5672005760922983e-05,,,,0.013142457999492763,651a4d0046c0ec7e91a34e84cf2e0f379ca42bec
dv3-B-lgcp-000032,3,B,lgcp,32,0,,32,3:2:5:32,,test,0,125.0,,,,,,,,,0.32794736013978476,0.6,,,,,,,4.664340057232409,0.05366563145999495,256,0.49999999999999983,0.978996102789929,,1,127,1,exact,,,2,2.5672005760922983e-05,,,,0.018593792003230192,9a70df5aedbdb0ffd6f8897021dc442febec6726
dv3-B-lgcp-000033,3,B,lgcp,33,0,,33,3:2:5:33,,test,0,125.0,,,,,,,,,0.32794736013978476,0.6,,,,,,,4.664340057232409,0.05366563145999495,256,0.49999999999999983,0.978996102789929,,1,124,1,exact,,,2,2.5672005760922983e-05,,,,0.013615874999231892,e4b8fa16a56a6a55eb14199c353436f968910df1
dv3-B-lgcp-000034,3,B,lgcp,34,0,,34,3:2:5:34,,test,0,125.0,,,,,,,,,0.32794736013978476,0.6,,,,,,,4.664340057232409,0.05366563145999495,256,0.49999999999999983,0.978996102789929,,1,166,1,exact,,,2,2.5672005760922983e-05,,,,0.0152042910012824,b7dc96d5f1968afa44aedfcef54160b27e9c115c
dv3-B-lgcp-000035,3,B,lgcp,35,0,,35,3:2:5:35,,test,0,125.0,,,,,,,,,0.32794736013978476,0.6,,,,,,,4.664340057232409,0.05366563145999495,256,0.49999999999999983,0.978996102789929,,1,127,1,exact,,,2,2.5672005760922983e-05,,,,0.014212207999662496,8913f95edcb331db96af1adfb82d540d46a6c02f
dv3-B-lgcp-000036,3,B,lgcp,36,0,,36,3:2:5:36,,test,0,125.0,,,,,,,,,0.32794736013978476,0.6,,,,,,,4.664340057232409,0.05366563145999495,256,0.49999999999999983,0.978996102789929,,1,126,1,exact,,,2,2.5672005760922983e-05,,,,0.01704500000050757,aac290040e29a96cef57176a79c4bcac6d6630dc
dv3-B-lgcp-000037,3,B,lgcp,37,0,,37,3:2:5:37,,test,0,125.0,,,,,,,,,0.32794736013978476,0.6,,,,,,,4.664340057232409,0.05366563145999495,256,0.49999999999999983,0.978996102789929,,1,125,1,exact,,,2,2.5672005760922983e-05,,,,0.013622665999719175,772467c812779e1d8dbc928cc3a3ddeea32b05e5
dv3-B-lgcp-000038,3,B,lgcp,38,0,,38,3:2:5:38,,test,0,125.0,,,,,,,,,0.32794736013978476,0.6,,,,,,,4.664340057232409,0.05366563145999495,256,0.49999999999999983,0.978996102789929,,1,113,1,exact,,,2,2.5672005760922983e-05,,,,0.017529709002701566,f8b711b9f182be59b237760ea7d6dd762e396c0e
dv3-B-lgcp-000039,3,B,lgcp,39,0,,39,3:2:5:39,,test,0,125.0,,,,,,,,,0.32794736013978476,0.6,,,,,,,4.664340057232409,0.05366563145999495,256,0.49999999999999983,0.978996102789929,,1,150,1,exact,,,2,2.5672005760922983e-05,,,,0.014469207999354694,f5a32d64782161006d550c242f2968ba6db89b7c
dv3-B-lgcp-000040,3,B,lgcp,40,0,,40,3:2:5:40,,test,0,125.0,,,,,,,,,0.32794736013978476,0.6,,,,,,,4.664340057232409,0.05366563145999495,256,0.49999999999999983,0.978996102789929,,1,109,1,exact,,,2,2.5672005760922983e-05,,,,0.012399708000884857,e796ede5365c857f8eb72aed7da3ef803c63c856
dv3-B-lgcp-000041,3,B,lgcp,41,0,,41,3:2:5:41,,test,0,125.0,,,,,,,,,0.32794736013978476,0.6,,,,,,,4.664340057232409,0.05366563145999495,256,0.49999999999999983,0.978996102789929,,1,137,1,exact,,,2,2.5672005760922983e-05,,,,0.01646062500003609,b386ebcd64565938c01de174735e6f62177a52a6
dv3-B-lgcp-000042,3,B,lgcp,42,0,,42,3:2:5:42,,test,0,125.0,,,,,,,,,0.32794736013978476,0.6,,,,,,,4.664340057232409,0.05366563145999495,256,0.49999999999999983,0.978996102789929,,1,142,1,exact,,,2,2.5672005760922983e-05,,,,0.016543416000786237,5228cf13cacf72552b78ef8f39cb0593e843df9a
dv3-B-lgcp-000043,3,B,lgcp,43,0,,43,3:2:5:43,,test,0,125.0,,,,,,,,,0.32794736013978476,0.6,,,,,,,4.664340057232409,0.05366563145999495,256,0.49999999999999983,0.978996102789929,,1,159,1,exact,,,2,2.5672005760922983e-05,,,,0.011289624999335501,ac6805746f826e7b3acde29ba51278b455f7c546
dv3-B-lgcp-000044,3,B,lgcp,44,0,,44,3:2:5:44,,test,0,125.0,,,,,,,,,0.32794736013978476,0.6,,,,,,,4.664340057232409,0.05366563145999495,256,0.49999999999999983,0.978996102789929,,1,146,1,exact,,,2,2.5672005760922983e-05,,,,0.01430616700235987,460b8a973375e8066320cc114b7a03d917fb29f3
dv3-B-lgcp-000045,3,B,lgcp,45,0,,45,3:2:5:45,,test,0,125.0,,,,,,,,,0.32794736013978476,0.6,,,,,,,4.664340057232409,0.05366563145999495,256,0.49999999999999983,0.978996102789929,,1,162,1,exact,,,2,2.5672005760922983e-05,,,,0.016606291999778477,e8e284dfdf185edccc629069841835c36bb01f01
dv3-B-lgcp-000046,3,B,lgcp,46,0,,46,3:2:5:46,,test,0,125.0,,,,,,,,,0.32794736013978476,0.6,,,,,,,4.664340057232409,0.05366563145999495,256,0.49999999999999983,0.978996102789929,,1,114,1,exact,,,2,2.5672005760922983e-05,,,,0.015453290998266311,5b7a37760b98475882f9943656e410c6d7f2f572
dv3-B-lgcp-000047,3,B,lgcp,47,0,,47,3:2:5:47,,test,0,125.0,,,,,,,,,0.32794736013978476,0.6,,,,,,,4.664340057232409,0.05366563145999495,256,0.49999999999999983,0.978996102789929,,1,136,1,exact,,,2,2.5672005760922983e-05,,,,0.016144834000442643,fe2fa2906cf574fd6daa0d3d65ceef465d36a9b7
dv3-B-lgcp-000048,3,B,lgcp,48,0,,48,3:2:5:48,,test,0,125.0,,,,,,,,,0.32794736013978476,0.6,,,,,,,4.664340057232409,0.05366563145999495,256,0.49999999999999983,0.978996102789929,,1,147,1,exact,,,2,2.5672005760922983e-05,,,,0.016226832998654572,1a0af3cc40a872ba0b0f26d8de78df19267ed406
dv3-B-lgcp-000049,3,B,lgcp,49,0,,49,3:2:5:49,,test,0,125.0,,,,,,,,,0.32794736013978476,0.6,,,,,,,4.664340057232409,0.05366563145999495,256,0.49999999999999983,0.978996102789929,,1,130,1,exact,,,2,2.5672005760922983e-05,,,,0.017867041999124922,ee8dbbffda435d168ca9044aa0de3b6c12db7cf2
dv3-B-lgcp-000050,3,B,lgcp,50,0,,50,3:2:5:50,,test,0,125.0,,,,,,,,,0.32794736013978476,0.6,,,,,,,4.664340057232409,0.05366563145999495,256,0.49999999999999983,0.978996102789929,,1,141,1,exact,,,2,2.5672005760922983e-05,,,,0.012470875000872184,7becd6a2f8e566e11f3c56f51e2d9e0735b6c96c
dv3-B-lgcp-000051,3,B,lgcp,51,0,,51,3:2:5:51,,test,0,125.0,,,,,,,,,0.32794736013978476,0.6,,,,,,,4.664340057232409,0.05366563145999495,256,0.49999999999999983,0.978996102789929,,1,128,1,exact,,,2,2.5672005760922983e-05,,,,0.017444334000174422,7aba59a5e4a52b4c16f0dd1753aeddee6bb76855
dv3-B-lgcp-000052,3,B,lgcp,52,0,,52,3:2:5:52,,test,0,125.0,,,,,,,,,0.32794736013978476,0.6,,,,,,,4.664340057232409,0.05366563145999495,256,0.49999999999999983,0.978996102789929,,1,126,1,exact,,,2,2.5672005760922983e-05,,,,0.012496457999077393,83c49869ab4999fd3af0d74f01363342dea5b1c9
dv3-B-lgcp-000053,3,B,lgcp,53,0,,53,3:2:5:53,,test,0,125.0,,,,,,,,,0.32794736013978476,0.6,,,,,,,4.664340057232409,0.05366563145999495,256,0.49999999999999983,0.978996102789929,,1,143,1,exact,,,2,2.5672005760922983e-05,,,,0.018110958000761457,17d1424565d88bc59e27da30bbe6dde6e2e19599
dv3-B-lgcp-000054,3,B,lgcp,54,0,,54,3:2:5:54,,test,0,125.0,,,,,,,,,0.32794736013978476,0.6,,,,,,,4.664340057232409,0.05366563145999495,256,0.49999999999999983,0.978996102789929,,1,117,1,exact,,,2,2.5672005760922983e-05,,,,0.014935665996745229,947607fad18f5c4ef1364ac34dbdaa00651a5aa5
dv3-B-lgcp-000055,3,B,lgcp,55,0,,55,3:2:5:55,,test,0,125.0,,,,,,,,,0.32794736013978476,0.6,,,,,,,4.664340057232409,0.05366563145999495,256,0.49999999999999983,0.978996102789929,,1,108,1,exact,,,2,2.5672005760922983e-05,,,,0.015140708001126768,b1ce24290b2956fca80cf558fc2baf8705e28d7f
dv3-B-lgcp-000056,3,B,lgcp,56,0,,56,3:2:5:56,,test,0,125.0,,,,,,,,,0.32794736013978476,0.6,,,,,,,4.664340057232409,0.05366563145999495,256,0.49999999999999983,0.978996102789929,,1,144,1,exact,,,2,2.5672005760922983e-05,,,,0.01196712500313879,57e83c4fd03ef9ada193f94ec8bf06a6720bdd4a
dv3-B-lgcp-000057,3,B,lgcp,57,0,,57,3:2:5:57,,test,0,125.0,,,,,,,,,0.32794736013978476,0.6,,,,,,,4.664340057232409,0.05366563145999495,256,0.49999999999999983,0.978996102789929,,1,132,1,exact,,,2,2.5672005760922983e-05,,,,0.0168041249999078,eb784a65402c06feb1abca13bf347aa20c8e38ac
dv3-B-lgcp-000058,3,B,lgcp,58,0,,58,3:2:5:58,,test,0,125.0,,,,,,,,,0.32794736013978476,0.6,,,,,,,4.664340057232409,0.05366563145999495,256,0.49999999999999983,0.978996102789929,,1,139,1,exact,,,2,2.5672005760922983e-05,,,,0.014345166000566678,7b082bf0f35ffc1e97ddaa78185e1593e005167e
dv3-B-lgcp-000059,3,B,lgcp,59,0,,59,3:2:5:59,,test,0,125.0,,,,,,,,,0.32794736013978476,0.6,,,,,,,4.664340057232409,0.05366563145999495,256,0.49999999999999983,0.978996102789929,,1,110,1,exact,,,2,2.5672005760922983e-05,,,,0.01626616700013983,20f99dfd9ae004ef01f56ae01be6d65a502eebe9
dv3-B-lgcp-000060,3,B,lgcp,60,0,,60,3:2:5:60,,test,0,125.0,,,,,,,,,0.32794736013978476,0.6,,,,,,,4.664340057232409,0.05366563145999495,256,0.49999999999999983,0.978996102789929,,1,119,1,exact,,,2,2.5672005760922983e-05,,,,0.017467958001361694,2246ad3bb1ddbbe065203bfade20547c9f2be4ac
dv3-B-lgcp-000061,3,B,lgcp,61,0,,61,3:2:5:61,,test,0,125.0,,,,,,,,,0.32794736013978476,0.6,,,,,,,4.664340057232409,0.05366563145999495,256,0.49999999999999983,0.978996102789929,,1,135,1,exact,,,2,2.5672005760922983e-05,,,,0.018272541001351783,da81171c5242ac28ee8595e2656ca99998d79fc8
dv3-B-lgcp-000062,3,B,lgcp,62,0,,62,3:2:5:62,,test,0,125.0,,,,,,,,,0.32794736013978476,0.6,,,,,,,4.664340057232409,0.05366563145999495,256,0.49999999999999983,0.978996102789929,,1,118,1,exact,,,2,2.5672005760922983e-05,,,,0.014513999998598592,189b260fd4cb366e8c81b70b9373f25bc871a243
dv3-B-lgcp-000063,3,B,lgcp,63,0,,63,3:2:5:63,,test,0,125.0,,,,,,,,,0.32794736013978476,0.6,,,,,,,4.664340057232409,0.05366563145999495,256,0.49999999999999983,0.978996102789929,,1,137,1,exact,,,2,2.5672005760922983e-05,,,,0.015553125002043089,04b4b275ab6c6f3d59525252219db8d0091a2fd1
dv3-B-lgcp-000064,3,B,lgcp,64,0,,64,3:2:5:64,,test,0,125.0,,,,,,,,,0.32794736013978476,0.6,,,,,,,4.664340057232409,0.05366563145999495,256,0.49999999999999983,0.978996102789929,,1,112,1,exact,,,2,2.5672005760922983e-05,,,,0.01876316699781455,27303b7a623d4c6914b8e8420d043d1d35a4d7d8
dv3-B-lgcp-000065,3,B,lgcp,65,0,,65,3:2:5:65,,test,0,125.0,,,,,,,,,0.32794736013978476,0.6,,,,,,,4.664340057232409,0.05366563145999495,256,0.49999999999999983,0.978996102789929,,1,138,1,exact,,,2,2.5672005760922983e-05,,,,0.020689999997557607,8bdb66950df0f60ed9066d5ad6553ca663beff32
dv3-B-lgcp-000066,3,B,lgcp,66,0,,66,3:2:5:66,,test,0,125.0,,,,,,,,,0.32794736013978476,0.6,,,,,,,4.664340057232409,0.05366563145999495,256,0.49999999999999983,0.978996102789929,,1,135,1,exact,,,2,2.5672005760922983e-05,,,,0.017071750000468455,09a7d6ea518551620f74faf9f05f9b9cefc3ed34
dv3-B-lgcp-000067,3,B,lgcp,67,0,,67,3:2:5:67,,test,0,125.0,,,,,,,,,0.32794736013978476,0.6,,,,,,,4.664340057232409,0.05366563145999495,256,0.49999999999999983,0.978996102789929,,1,105,1,exact,,,2,2.5672005760922983e-05,,,,0.01432662499792059,d0c01396f968316595e8260211c43cb1349addcc
dv3-B-lgcp-000068,3,B,lgcp,68,0,,68,3:2:5:68,,test,0,125.0,,,,,,,,,0.32794736013978476,0.6,,,,,,,4.664340057232409,0.05366563145999495,256,0.49999999999999983,0.978996102789929,,1,148,1,exact,,,2,2.5672005760922983e-05,,,,0.017786334003176307,992d027022499129a61fa8017b306decedf49963
dv3-B-lgcp-000069,3,B,lgcp,69,0,,69,3:2:5:69,,test,0,125.0,,,,,,,,,0.32794736013978476,0.6,,,,,,,4.664340057232409,0.05366563145999495,256,0.49999999999999983,0.978996102789929,,1,134,1,exact,,,2,2.5672005760922983e-05,,,,0.021491583000170067,9a9cea68d30aa6e2b7d61190eb2a41aaaf602288
dv3-B-lgcp-000070,3,B,lgcp,70,0,,70,3:2:5:70,,test,0,125.0,,,,,,,,,0.32794736013978476,0.6,,,,,,,4.664340057232409,0.05366563145999495,256,0.49999999999999983,0.978996102789929,,1,140,1,exact,,,2,2.5672005760922983e-05,,,,0.017673415997705888,4078b09a3a411c6d19b151dddd10a7dfc5a0e8c7
dv3-B-lgcp-000071,3,B,lgcp,71,0,,71,3:2:5:71,,test,0,125.0,,,,,,,,,0.32794736013978476,0.6,,,,,,,4.664340057232409,0.05366563145999495,256,0.49999999999999983,0.978996102789929,,1,121,1,exact,,,2,2.5672005760922983e-05,,,,0.01341241699992679,ade8b74b5f534c6364b7c9db85e500a15ab52802
dv3-B-lgcp-000072,3,B,lgcp,72,0,,72,3:2:5:72,,test,0,125.0,,,,,,,,,0.32794736013978476,0.6,,,,,,,4.664340057232409,0.05366563145999495,256,0.49999999999999983,0.978996102789929,,1,112,1,exact,,,2,2.5672005760922983e-05,,,,0.015700042000389658,51f093aa203fbefa5a81cabffd7a0506c56d67af
dv3-B-lgcp-000073,3,B,lgcp,73,0,,73,3:2:5:73,,test,0,125.0,,,,,,,,,0.32794736013978476,0.6,,,,,,,4.664340057232409,0.05366563145999495,256,0.49999999999999983,0.978996102789929,,1,120,1,exact,,,2,2.5672005760922983e-05,,,,0.02090900000257534,bb3896c616ae70353fc800c0393836321ae07263
dv3-B-lgcp-000074,3,B,lgcp,74,0,,74,3:2:5:74,,test,0,125.0,,,,,,,,,0.32794736013978476,0.6,,,,,,,4.664340057232409,0.05366563145999495,256,0.49999999999999983,0.978996102789929,,1,97,1,exact,,,2,2.5672005760922983e-05,,,,0.020299540999985766,bb9290cce3f22995b7a20b24a4933bad59602ebe
dv3-B-lgcp-000075,3,B,lgcp,75,0,,75,3:2:5:75,,test,0,125.0,,,,,,,,,0.32794736013978476,0.6,,,,,,,4.664340057232409,0.05366563145999495,256,0.49999999999999983,0.978996102789929,,1,127,1,exact,,,2,2.5672005760922983e-05,,,,0.014144083001156105,dae5c73624af289e7d41cf8272b304939134195d
dv3-B-lgcp-000076,3,B,lgcp,76,0,,76,3:2:5:76,,test,0,125.0,,,,,,,,,0.32794736013978476,0.6,,,,,,,4.664340057232409,0.05366563145999495,256,0.49999999999999983,0.978996102789929,,1,138,1,exact,,,2,2.5672005760922983e-05,,,,0.011606374999246327,9799777049a52a353cde0191b90cca96c3dcdb4d
dv3-B-lgcp-000077,3,B,lgcp,77,0,,77,3:2:5:77,,test,0,125.0,,,,,,,,,0.32794736013978476,0.6,,,,,,,4.664340057232409,0.05366563145999495,256,0.49999999999999983,0.978996102789929,,1,147,1,exact,,,2,2.5672005760922983e-05,,,,0.018146540998714045,5fc90d460190d6a21e77080c8632c9012d4f54ac
dv3-B-lgcp-000078,3,B,lgcp,78,0,,78,3:2:5:78,,test,0,125.0,,,,,,,,,0.32794736013978476,0.6,,,,,,,4.664340057232409,0.05366563145999495,256,0.49999999999999983,0.978996102789929,,1,117,1,exact,,,2,2.5672005760922983e-05,,,,0.014513292000629008,2fe41a149d43bebb85e745a04776f5f14c76bcc6
dv3-B-lgcp-000079,3,B,lgcp,79,0,,79,3:2:5:79,,test,0,125.0,,,,,,,,,0.32794736013978476,0.6,,,,,,,4.664340057232409,0.05366563145999495,256,0.49999999999999983,0.978996102789929,,1,143,1,exact,,,2,2.5672005760922983e-05,,,,0.018127792001905618,e2e87e24eec25e378ad35a78437bc41c7e6e4b84
dv3-B-lgcp-000080,3,B,lgcp,80,0,,80,3:2:5:80,,test,0,125.0,,,,,,,,,0.32794736013978476,0.6,,,,,,,4.664340057232409,0.05366563145999495,256,0.49999999999999983,0.978996102789929,,1,124,1,exact,,,2,2.5672005760922983e-05,,,,0.013423166001302889,668d04632856c38e63ff9fff5de960a8965047a9
dv3-B-lgcp-000081,3,B,lgcp,81,0,,81,3:2:5:81,,test,0,125.0,,,,,,,,,0.32794736013978476,0.6,,,,,,,4.664340057232409,0.05366563145999495,256,0.49999999999999983,0.978996102789929,,1,126,1,exact,,,2,2.5672005760922983e-05,,,,0.01741737500196905,091113206c82d1a8534f3e233c08ea3a32750961
dv3-B-lgcp-000082,3,B,lgcp,82,0,,82,3:2:5:82,,test,0,125.0,,,,,,,,,0.32794736013978476,0.6,,,,,,,4.664340057232409,0.05366563145999495,256,0.49999999999999983,0.978996102789929,,1,134,1,exact,,,2,2.5672005760922983e-05,,,,0.013861416999134235,958312c08c708d1420dfb8eff8a2a58ef4dd9bc7
dv3-B-lgcp-000083,3,B,lgcp,83,0,,83,3:2:5:83,,test,0,125.0,,,,,,,,,0.32794736013978476,0.6,,,,,,,4.664340057232409,0.05366563145999495,256,0.49999999999999983,0.978996102789929,,1,114,1,exact,,,2,2.5672005760922983e-05,,,,0.023124125000322238,febccffda970d718b49c7a8e4ade91b90f050c38
dv3-B-lgcp-000084,3,B,lgcp,84,0,,84,3:2:5:84,,test,0,125.0,,,,,,,,,0.32794736013978476,0.6,,,,,,,4.664340057232409,0.05366563145999495,256,0.49999999999999983,0.978996102789929,,1,128,1,exact,,,2,2.5672005760922983e-05,,,,0.020680665998952463,87c4625dd85d9d5d5d5c34e931b8266a4f210500
dv3-B-lgcp-000085,3,B,lgcp,85,0,,85,3:2:5:85,,test,0,125.0,,,,,,,,,0.32794736013978476,0.6,,,,,,,4.664340057232409,0.05366563145999495,256,0.49999999999999983,0.978996102789929,,1,129,1,exact,,,2,2.5672005760922983e-05,,,,0.02306045799923595,309510650ce90aa243af0f8717262c5d707bdaab
dv3-B-lgcp-000086,3,B,lgcp,86,0,,86,3:2:5:86,,test,0,125.0,,,,,,,,,0.32794736013978476,0.6,,,,,,,4.664340057232409,0.05366563145999495,256,0.49999999999999983,0.978996102789929,,1,117,1,exact,,,2,2.5672005760922983e-05,,,,0.01992095899913693,0ceefa3166250bbea52edb13c3902e000afee469
dv3-B-lgcp-000087,3,B,lgcp,87,0,,87,3:2:5:87,,test,0,125.0,,,,,,,,,0.32794736013978476,0.6,,,,,,,4.664340057232409,0.05366563145999495,256,0.49999999999999983,0.978996102789929,,1,131,1,exact,,,2,2.5672005760922983e-05,,,,0.014941041001293343,6c6649e468e3c7af0f2112475bb1da2c7edbd4a6
dv3-B-lgcp-000088,3,B,lgcp,88,0,,88,3:2:5:88,,test,0,125.0,,,,,,,,,0.32794736013978476,0.6,,,,,,,4.664340057232409,0.05366563145999495,256,0.49999999999999983,0.978996102789929,,1,130,1,exact,,,2,2.5672005760922983e-05,,,,0.015733249998447718,41965380906c9a756beb1617fd696027b88b50f3
dv3-B-lgcp-000089,3,B,lgcp,89,0,,89,3:2:5:89,,test,0,125.0,,,,,,,,,0.32794736013978476,0.6,,,,,,,4.664340057232409,0.05366563145999495,256,0.49999999999999983,0.978996102789929,,1,136,1,exact,,,2,2.5672005760922983e-05,,,,0.018258375002915272,d7dc0c64cff6db1a0b39374e8dbb823352e2db33
dv3-B-lgcp-000090,3,B,lgcp,90,0,,90,3:2:5:90,,test,0,125.0,,,,,,,,,0.32794736013978476,0.6,,,,,,,4.664340057232409,0.05366563145999495,256,0.49999999999999983,0.978996102789929,,1,139,1,exact,,,2,2.5672005760922983e-05,,,,0.01436608399671968,2716371c9eb0747ca77e34d246421b63c0702605
dv3-B-lgcp-000091,3,B,lgcp,91,0,,91,3:2:5:91,,test,0,125.0,,,,,,,,,0.32794736013978476,0.6,,,,,,,4.664340057232409,0.05366563145999495,256,0.49999999999999983,0.978996102789929,,1,125,1,exact,,,2,2.5672005760922983e-05,,,,0.01769866700124112,fd1e53f8790fcda1e5a62f93e87dcf77a48c1c8f
dv3-B-lgcp-000092,3,B,lgcp,92,0,,92,3:2:5:92,,test,0,125.0,,,,,,,,,0.32794736013978476,0.6,,,,,,,4.664340057232409,0.05366563145999495,256,0.49999999999999983,0.978996102789929,,1,162,1,exact,,,2,2.5672005760922983e-05,,,,0.01772254200113821,a061da96e614688ce998fc38b10f0a33a4db827b
dv3-B-lgcp-000093,3,B,lgcp,93,0,,93,3:2:5:93,,test,0,125.0,,,,,,,,,0.32794736013978476,0.6,,,,,,,4.664340057232409,0.05366563145999495,256,0.49999999999999983,0.978996102789929,,1,146,1,exact,,,2,2.5672005760922983e-05,,,,0.01611662499999511,4d316be2001f9bb916b93cfb0aee87ed10678a6c
dv3-B-lgcp-000094,3,B,lgcp,94,0,,94,3:2:5:94,,test,0,125.0,,,,,,,,,0.32794736013978476,0.6,,,,,,,4.664340057232409,0.05366563145999495,256,0.49999999999999983,0.978996102789929,,1,90,1,exact,,,2,2.5672005760922983e-05,,,,0.021939291000308003,572231eee0bcb1755105773b94369c7f8f1caeae
dv3-B-lgcp-000095,3,B,lgcp,95,0,,95,3:2:5:95,,test,0,125.0,,,,,,,,,0.32794736013978476,0.6,,,,,,,4.664340057232409,0.05366563145999495,256,0.49999999999999983,0.978996102789929,,1,133,1,exact,,,2,2.5672005760922983e-05,,,,0.015279084000212606,abd9bf78a8750acb7bda1da0dd8688e3b7a0134f
dv3-B-lgcp-000096,3,B,lgcp,96,0,,96,3:2:5:96,,test,0,125.0,,,,,,,,,0.32794736013978476,0.6,,,,,,,4.664340057232409,0.05366563145999495,256,0.49999999999999983,0.978996102789929,,1,125,1,exact,,,2,2.5672005760922983e-05,,,,0.017550915999891004,e6e006b9752c25b86a0fe49b1808c55dac116128
dv3-B-lgcp-000097,3,B,lgcp,97,0,,97,3:2:5:97,,test,0,125.0,,,,,,,,,0.32794736013978476,0.6,,,,,,,4.664340057232409,0.05366563145999495,256,0.49999999999999983,0.978996102789929,,1,112,1,exact,,,2,2.5672005760922983e-05,,,,0.013370958000450628,61e2af9c477734f1c681384a572cf6b4e7c8b2da
dv3-B-lgcp-000098,3,B,lgcp,98,0,,98,3:2:5:98,,test,0,125.0,,,,,,,,,0.32794736013978476,0.6,,,,,,,4.664340057232409,0.05366563145999495,256,0.49999999999999983,0.978996102789929,,1,128,1,exact,,,2,2.5672005760922983e-05,,,,0.01780062499892665,669c5300fdd7219104c9b2931aef9af3ae5539b8
dv3-B-lgcp-000099,3,B,lgcp,99,0,,99,3:2:5:99,,test,0,125.0,,,,,,,,,0.32794736013978476,0.6,,,,,,,4.664340057232409,0.05366563145999495,256,0.49999999999999983,0.978996102789929,,1,126,1,exact,,,2,2.5672005760922983e-05,,,,0.01834820799922454,a3946477d3c7e72ce8c7c7c527855ae7e192f5e0
dv3-B-lgcp-000100,3,B,lgcp,100,0,,100,3:2:5:100,,test,0,125.0,,,,,,,,,0.32794736013978476,0.6,,,,,,,4.664340057232409,0.05366563145999495,256,0.49999999999999983,0.978996102789929,,1,130,1,exact,,,2,2.5672005760922983e-05,,,,0.017685541999526322,398142b1bb0766295852ffd1c0d18a4d91beb481
dv3-B-lgcp-000101,3,B,lgcp,101,0,,101,3:2:5:101,,test,0,125.0,,,,,,,,,0.32794736013978476,0.6,,,,,,,4.664340057232409,0.05366563145999495,256,0.49999999999999983,0.978996102789929,,1,107,1,exact,,,2,2.5672005760922983e-05,,,,0.02265741700102808,070d18b6ae2b5304395349d63c5ae9017c6769b8
dv3-B-lgcp-000102,3,B,lgcp,102,0,,102,3:2:5:102,,test,0,125.0,,,,,,,,,0.32794736013978476,0.6,,,,,,,4.664340057232409,0.05366563145999495,256,0.49999999999999983,0.978996102789929,,1,109,1,exact,,,2,2.5672005760922983e-05,,,,0.01799054200091632,f8dfe0f71be7d31ee51510ac68e466bfe2e43633
dv3-B-lgcp-000103,3,B,lgcp,103,0,,103,3:2:5:103,,test,0,125.0,,,,,,,,,0.32794736013978476,0.6,,,,,,,4.664340057232409,0.05366563145999495,256,0.49999999999999983,0.978996102789929,,1,143,1,exact,,,2,2.5672005760922983e-05,,,,0.02064270799746737,dbc7c9eed7fc544637171df757b083b2406bfbc3
dv3-B-lgcp-000104,3,B,lgcp,104,0,,104,3:2:5:104,,test,0,125.0,,,,,,,,,0.32794736013978476,0.6,,,,,,,4.664340057232409,0.05366563145999495,256,0.49999999999999983,0.978996102789929,,1,114,1,exact,,,2,2.5672005760922983e-05,,,,0.013017833000048995,93474baa085ed3795be7b7cc4e4761d0d28e0b90
dv3-B-lgcp-000105,3,B,lgcp,105,0,,105,3:2:5:105,,test,0,125.0,,,,,,,,,0.32794736013978476,0.6,,,,,,,4.664340057232409,0.05366563145999495,256,0.49999999999999983,0.978996102789929,,1,121,1,exact,,,2,2.5672005760922983e-05,,,,0.02310445900002378,5ace0e052be72bf8ce9ee30eb98b4b976941cb9c
dv3-B-lgcp-000106,3,B,lgcp,106,0,,106,3:2:5:106,,test,0,125.0,,,,,,,,,0.32794736013978476,0.6,,,,,,,4.664340057232409,0.05366563145999495,256,0.49999999999999983,0.978996102789929,,1,138,1,exact,,,2,2.5672005760922983e-05,,,,0.017343708001135383,00b0f685d73a626d2fdd2162bc512672efd9d3fc
dv3-B-lgcp-000107,3,B,lgcp,107,0,,107,3:2:5:107,,test,0,125.0,,,,,,,,,0.32794736013978476,0.6,,,,,,,4.664340057232409,0.05366563145999495,256,0.49999999999999983,0.978996102789929,,1,138,1,exact,,,2,2.5672005760922983e-05,,,,0.021503291998669738,224cba4ec157b8f06c0f135237f3d78d44971a0a
dv3-B-lgcp-000108,3,B,lgcp,108,0,,108,3:2:5:108,,test,0,125.0,,,,,,,,,0.32794736013978476,0.6,,,,,,,4.664340057232409,0.05366563145999495,256,0.49999999999999983,0.978996102789929,,1,105,1,exact,,,2,2.5672005760922983e-05,,,,0.014359792003233451,9f50fe8f1a2330a7d197170c546365b66ad28ebb
dv3-B-lgcp-000109,3,B,lgcp,109,0,,109,3:2:5:109,,test,0,125.0,,,,,,,,,0.32794736013978476,0.6,,,,,,,4.664340057232409,0.05366563145999495,256,0.49999999999999983,0.978996102789929,,1,99,1,exact,,,2,2.5672005760922983e-05,,,,0.01835108399973251,7cf67e69da32b9ccace3c24c4ab4fba0da19d769
dv3-B-lgcp-000110,3,B,lgcp,110,0,,110,3:2:5:110,,test,0,125.0,,,,,,,,,0.32794736013978476,0.6,,,,,,,4.664340057232409,0.05366563145999495,256,0.49999999999999983,0.978996102789929,,1,126,1,exact,,,2,2.5672005760922983e-05,,,,0.01603354200051399,5a5f7535d41499bc9d940ac50c613d8187d4f1dc
dv3-B-lgcp-000111,3,B,lgcp,111,0,,111,3:2:5:111,,test,0,125.0,,,,,,,,,0.32794736013978476,0.6,,,,,,,4.664340057232409,0.05366563145999495,256,0.49999999999999983,0.978996102789929,,1,134,1,exact,,,2,2.5672005760922983e-05,,,,0.015029332997073652,beabc1a6b7c5adf6a953ffebc91c7e775b7ff262
dv3-B-lgcp-000112,3,B,lgcp,112,0,,112,3:2:5:112,,test,0,125.0,,,,,,,,,0.32794736013978476,0.6,,,,,,,4.664340057232409,0.05366563145999495,256,0.49999999999999983,0.978996102789929,,1,124,1,exact,,,2,2.5672005760922983e-05,,,,0.021048667000286514,6fda582335c8f58bc1f3bbaa51329da27e659c85
dv3-B-lgcp-000113,3,B,lgcp,113,0,,113,3:2:5:113,,test,0,125.0,,,,,,,,,0.32794736013978476,0.6,,,,,,,4.664340057232409,0.05366563145999495,256,0.49999999999999983,0.978996102789929,,1,112,1,exact,,,2,2.5672005760922983e-05,,,,0.014882707997458056,17499e0bbc38e710adf313bca4961296b7962ce1
dv3-B-lgcp-000114,3,B,lgcp,114,0,,114,3:2:5:114,,test,0,125.0,,,,,,,,,0.32794736013978476,0.6,,,,,,,4.664340057232409,0.05366563145999495,256,0.49999999999999983,0.978996102789929,,1,117,1,exact,,,2,2.5672005760922983e-05,,,,0.013631249999889405,4365f1fc619d01a262da6a4cfd7ef0f26300e4f5
dv3-B-lgcp-000115,3,B,lgcp,115,0,,115,3:2:5:115,,test,0,125.0,,,,,,,,,0.32794736013978476,0.6,,,,,,,4.664340057232409,0.05366563145999495,256,0.49999999999999983,0.978996102789929,,1,127,1,exact,,,2,2.5672005760922983e-05,,,,0.02117187499970896,bdc9594167f4a95b9ea2441e625354d81cb64f1f
dv3-B-lgcp-000116,3,B,lgcp,116,0,,116,3:2:5:116,,test,0,125.0,,,,,,,,,0.32794736013978476,0.6,,,,,,,4.664340057232409,0.05366563145999495,256,0.49999999999999983,0.978996102789929,,1,126,1,exact,,,2,2.5672005760922983e-05,,,,0.017821957997512072,288eefe97e1ee8858acd9f01eed1586628d9b8a9
dv3-B-lgcp-000117,3,B,lgcp,117,0,,117,3:2:5:117,,test,0,125.0,,,,,,,,,0.32794736013978476,0.6,,,,,,,4.664340057232409,0.05366563145999495,256,0.49999999999999983,0.978996102789929,,1,118,1,exact,,,2,2.5672005760922983e-05,,,,0.01997049999772571,446421e5fbf92e2b3674b16f40182db89713d61d
dv3-B-lgcp-000118,3,B,lgcp,118,0,,118,3:2:5:118,,test,0,125.0,,,,,,,,,0.32794736013978476,0.6,,,,,,,4.664340057232409,0.05366563145999495,256,0.49999999999999983,0.978996102789929,,1,133,1,exact,,,2,2.5672005760922983e-05,,,,0.012960958996700356,93b26df35f7670a815d8a889a1b619511a91775a
dv3-B-lgcp-000119,3,B,lgcp,119,0,,119,3:2:5:119,,test,0,125.0,,,,,,,,,0.32794736013978476,0.6,,,,,,,4.664340057232409,0.05366563145999495,256,0.49999999999999983,0.978996102789929,,1,148,1,exact,,,2,2.5672005760922983e-05,,,,0.014301082999736536,24e4261c37c1a3000fea14cca8b54d91b4a8b3d6
dv3-B-lgcp-000120,3,B,lgcp,120,0,,120,3:2:5:120,,test,0,125.0,,,,,,,,,0.32794736013978476,0.6,,,,,,,4.664340057232409,0.05366563145999495,256,0.49999999999999983,0.978996102789929,,1,136,1,exact,,,2,2.5672005760922983e-05,,,,0.016372124999179505,fb4e1bbc7914677209eea1de4cd54962185cec0d
dv3-B-lgcp-000121,3,B,lgcp,121,0,,121,3:2:5:121,,test,0,125.0,,,,,,,,,0.32794736013978476,0.6,,,,,,,4.664340057232409,0.05366563145999495,256,0.49999999999999983,0.978996102789929,,1,153,1,exact,,,2,2.5672005760922983e-05,,,,0.02045933399858768,51c8b5789b1a5307899719cd8431134c35c2ea43
dv3-B-lgcp-000122,3,B,lgcp,122,0,,122,3:2:5:122,,test,0,125.0,,,,,,,,,0.32794736013978476,0.6,,,,,,,4.664340057232409,0.05366563145999495,256,0.49999999999999983,0.978996102789929,,1,118,1,exact,,,2,2.5672005760922983e-05,,,,0.018220166999526555,9877afb8e410bcc48459021f05e0322d93f6d51a
dv3-B-lgcp-000123,3,B,lgcp,123,0,,123,3:2:5:123,,test,0,125.0,,,,,,,,,0.32794736013978476,0.6,,,,,,,4.664340057232409,0.05366563145999495,256,0.49999999999999983,0.978996102789929,,1,119,1,exact,,,2,2.5672005760922983e-05,,,,0.020355125001515262,b7fb33ae35b8f8109d818950f78577779360f4e3
dv3-B-lgcp-000124,3,B,lgcp,124,0,,124,3:2:5:124,,test,0,125.0,,,,,,,,,0.32794736013978476,0.6,,,,,,,4.664340057232409,0.05366563145999495,256,0.49999999999999983,0.978996102789929,,1,135,1,exact,,,2,2.5672005760922983e-05,,,,0.013215082999522565,3798be8eb867a9fcc301e1bb3093cd986dd64960
dv3-B-lgcp-000125,3,B,lgcp,125,0,,125,3:2:5:125,,test,0,125.0,,,,,,,,,0.32794736013978476,0.6,,,,,,,4.664340057232409,0.05366563145999495,256,0.49999999999999983,0.978996102789929,,1,139,1,exact,,,2,2.5672005760922983e-05,,,,0.01861591600027168,a8b0f61bf8fb6f17d0f56c470fd4c7853379df6d
dv3-B-lgcp-000126,3,B,lgcp,126,0,,126,3:2:5:126,,test,0,125.0,,,,,,,,,0.32794736013978476,0.6,,,,,,,4.664340057232409,0.05366563145999495,256,0.49999999999999983,0.978996102789929,,1,108,1,exact,,,2,2.5672005760922983e-05,,,,0.011757917000068119,1b93203a5cfd84730baa1c0b80fee0bf6505bba8
dv3-B-lgcp-000127,3,B,lgcp,127,0,,127,3:2:5:127,,test,0,125.0,,,,,,,,,0.32794736013978476,0.6,,,,,,,4.664340057232409,0.05366563145999495,256,0.49999999999999983,0.978996102789929,,1,123,1,exact,,,2,2.5672005760922983e-05,,,,0.017555916001583682,d8b48e1a3e56311ce9d7dbfef92c32badec6519e
dv3-B-lgcp-000128,3,B,lgcp,128,0,,128,3:2:5:128,,test,0,125.0,,,,,,,,,0.32794736013978476,0.6,,,,,,,4.664340057232409,0.05366563145999495,256,0.49999999999999983,0.978996102789929,,1,152,1,exact,,,2,2.5672005760922983e-05,,,,0.019135125003231224,af001edcce0a15266c716e450f94a60a8ff39ac1
dv3-B-lgcp-000129,3,B,lgcp,129,0,,129,3:2:5:129,,test,0,125.0,,,,,,,,,0.32794736013978476,0.6,,,,,,,4.664340057232409,0.05366563145999495,256,0.49999999999999983,0.978996102789929,,1,124,1,exact,,,2,2.5672005760922983e-05,,,,0.019463458000245737,761d23e4dc6da94585e01adc51f6d1a34f8f0c71
dv3-B-lgcp-000130,3,B,lgcp,130,0,,130,3:2:5:130,,test,0,125.0,,,,,,,,,0.32794736013978476,0.6,,,,,,,4.664340057232409,0.05366563145999495,256,0.49999999999999983,0.978996102789929,,1,126,1,exact,,,2,2.5672005760922983e-05,,,,0.016687415998603683,ddf0bb54cfaf7c98b6286a259db628d91d12d490
dv3-B-lgcp-000131,3,B,lgcp,131,0,,131,3:2:5:131,,test,0,125.0,,,,,,,,,0.32794736013978476,0.6,,,,,,,4.664340057232409,0.05366563145999495,256,0.49999999999999983,0.978996102789929,,1,124,1,exact,,,2,2.5672005760922983e-05,,,,0.018734749999566702,6aecdf9998d21bc9dde552ba493faa5f16e09952
dv3-B-lgcp-000132,3,B,lgcp,132,0,,132,3:2:5:132,,test,0,125.0,,,,,,,,,0.32794736013978476,0.6,,,,,,,4.664340057232409,0.05366563145999495,256,0.49999999999999983,0.978996102789929,,1,138,1,exact,,,2,2.5672005760922983e-05,,,,0.019696791998285335,fb159a75d8e7e2c744009383a5747fa0bb36fce8
dv3-B-lgcp-000133,3,B,lgcp,133,0,,133,3:2:5:133,,test,0,125.0,,,,,,,,,0.32794736013978476,0.6,,,,,,,4.664340057232409,0.05366563145999495,256,0.49999999999999983,0.978996102789929,,1,108,1,exact,,,2,2.5672005760922983e-05,,,,0.017310916999122128,d45ad8a0e495006bec9e1f4e280d3b19b7cd6eb3
dv3-B-lgcp-000134,3,B,lgcp,134,0,,134,3:2:5:134,,test,0,125.0,,,,,,,,,0.32794736013978476,0.6,,,,,,,4.664340057232409,0.05366563145999495,256,0.49999999999999983,0.978996102789929,,1,128,1,exact,,,2,2.5672005760922983e-05,,,,0.019228165998356417,9729237d9af9c14bfd763a8837fb0214e1eaa980
dv3-B-lgcp-000135,3,B,lgcp,135,0,,135,3:2:5:135,,test,0,125.0,,,,,,,,,0.32794736013978476,0.6,,,,,,,4.664340057232409,0.05366563145999495,256,0.49999999999999983,0.978996102789929,,1,140,1,exact,,,2,2.5672005760922983e-05,,,,0.012582666997332126,45398f56dc305d6e689f104baba34f8b82b267b3
dv3-B-lgcp-000136,3,B,lgcp,136,0,,136,3:2:5:136,,test,0,125.0,,,,,,,,,0.32794736013978476,0.6,,,,,,,4.664340057232409,0.05366563145999495,256,0.49999999999999983,0.978996102789929,,1,124,1,exact,,,2,2.5672005760922983e-05,,,,0.02049904100204003,8997da12616389396199f7526285ad28d9bead0c
dv3-B-lgcp-000137,3,B,lgcp,137,0,,137,3:2:5:137,,test,0,125.0,,,,,,,,,0.32794736013978476,0.6,,,,,,,4.664340057232409,0.05366563145999495,256,0.49999999999999983,0.978996102789929,,1,108,1,exact,,,2,2.5672005760922983e-05,,,,0.019588375002058456,91523200767ad9b5d39efd6a2d7cb35b1fb70247
dv3-B-lgcp-000138,3,B,lgcp,138,0,,138,3:2:5:138,,test,0,125.0,,,,,,,,,0.32794736013978476,0.6,,,,,,,4.664340057232409,0.05366563145999495,256,0.49999999999999983,0.978996102789929,,1,119,1,exact,,,2,2.5672005760922983e-05,,,,0.015295957997295773,bae131b36f592c8b2e0de4ecdc7da9395be64fac
dv3-B-lgcp-000139,3,B,lgcp,139,0,,139,3:2:5:139,,test,0,125.0,,,,,,,,,0.32794736013978476,0.6,,,,,,,4.664340057232409,0.05366563145999495,256,0.49999999999999983,0.978996102789929,,1,129,1,exact,,,2,2.5672005760922983e-05,,,,0.016568582999752834,adbdc354f92236b548a419be32737430b94848c6
dv3-B-lgcp-000140,3,B,lgcp,140,0,,140,3:2:5:140,,test,0,125.0,,,,,,,,,0.32794736013978476,0.6,,,,,,,4.664340057232409,0.05366563145999495,256,0.49999999999999983,0.978996102789929,,1,116,1,exact,,,2,2.5672005760922983e-05,,,,0.01738683399889851,ec6e1f822c21494deb30ecd0dab8b0b2790fb683
dv3-B-lgcp-000141,3,B,lgcp,141,0,,141,3:2:5:141,,test,0,125.0,,,,,,,,,0.32794736013978476,0.6,,,,,,,4.664340057232409,0.05366563145999495,256,0.49999999999999983,0.978996102789929,,1,140,1,exact,,,2,2.5672005760922983e-05,,,,0.01584204100072384,f9658aae1bd505d53f19e2654d8df46c22c9592e
dv3-B-lgcp-000142,3,B,lgcp,142,0,,142,3:2:5:142,,test,0,125.0,,,,,,,,,0.32794736013978476,0.6,,,,,,,4.664340057232409,0.05366563145999495,256,0.49999999999999983,0.978996102789929,,1,114,1,exact,,,2,2.5672005760922983e-05,,,,0.012600165999174351,76d55b5c4213fb146c7568704512c6316c163b93
dv3-B-lgcp-000143,3,B,lgcp,143,0,,143,3:2:5:143,,test,0,125.0,,,,,,,,,0.32794736013978476,0.6,,,,,,,4.664340057232409,0.05366563145999495,256,0.49999999999999983,0.978996102789929,,1,128,1,exact,,,2,2.5672005760922983e-05,,,,0.013573125001130393,e6901c67cf14998338b73513026ca476a707926c
dv3-B-lgcp-000144,3,B,lgcp,144,0,,144,3:2:5:144,,test,0,125.0,,,,,,,,,0.32794736013978476,0.6,,,,,,,4.664340057232409,0.05366563145999495,256,0.49999999999999983,0.978996102789929,,1,143,1,exact,,,2,2.5672005760922983e-05,,,,0.016971791999822017,948669acd8c229313066751ed20d43fe1360d9ee
dv3-B-lgcp-000145,3,B,lgcp,145,0,,145,3:2:5:145,,test,0,125.0,,,,,,,,,0.32794736013978476,0.6,,,,,,,4.664340057232409,0.05366563145999495,256,0.49999999999999983,0.978996102789929,,1,102,1,exact,,,2,2.5672005760922983e-05,,,,0.019774125001276843,88b251f176381c9cdc207f200b1fcff50b5ea7b5
dv3-B-lgcp-000146,3,B,lgcp,146,0,,146,3:2:5:146,,test,0,125.0,,,,,,,,,0.32794736013978476,0.6,,,,,,,4.664340057232409,0.05366563145999495,256,0.49999999999999983,0.978996102789929,,1,125,1,exact,,,2,2.5672005760922983e-05,,,,0.017384082999342354,d9e39690d53c6babcaec594c3ac8faa1198eb8db
dv3-B-lgcp-000147,3,B,lgcp,147,0,,147,3:2:5:147,,test,0,125.0,,,,,,,,,0.32794736013978476,0.6,,,,,,,4.664340057232409,0.05366563145999495,256,0.49999999999999983,0.978996102789929,,1,134,1,exact,,,2,2.5672005760922983e-05,,,,0.014705874997162027,fd28aac4e39342933de669d5951cd6aa2e93e8bc
dv3-B-lgcp-000148,3,B,lgcp,148,0,,148,3:2:5:148,,test,0,125.0,,,,,,,,,0.32794736013978476,0.6,,,,,,,4.664340057232409,0.05366563145999495,256,0.49999999999999983,0.978996102789929,,1,127,1,exact,,,2,2.5672005760922983e-05,,,,0.021701666002627462,c4c166d26e24ed6f578c43b305319cb761632d6b
dv3-B-lgcp-000149,3,B,lgcp,149,0,,149,3:2:5:149,,test,0,125.0,,,,,,,,,0.32794736013978476,0.6,,,,,,,4.664340057232409,0.05366563145999495,256,0.49999999999999983,0.978996102789929,,1,125,1,exact,,,2,2.5672005760922983e-05,,,,0.017791833000956103,3df5ce57f80b0c20e4efefdfafba710104c26827
dv3-B-lgcp-000150,3,B,lgcp,150,0,,150,3:2:5:150,,test,0,125.0,,,,,,,,,0.32794736013978476,0.6,,,,,,,4.664340057232409,0.05366563145999495,256,0.49999999999999983,0.978996102789929,,1,104,1,exact,,,2,2.5672005760922983e-05,,,,0.01841266699921107,66d415c098aa1c1f2ce72af17cb642b9148c7b09
dv3-B-lgcp-000151,3,B,lgcp,151,0,,151,3:2:5:151,,test,0,125.0,,,,,,,,,0.32794736013978476,0.6,,,,,,,4.664340057232409,0.05366563145999495,256,0.49999999999999983,0.978996102789929,,1,119,1,exact,,,2,2.5672005760922983e-05,,,,0.01627766599995084,7d57febbe982670e214761e60e1de1f16a100d30
dv3-B-lgcp-000152,3,B,lgcp,152,0,,152,3:2:5:152,,test,0,125.0,,,,,,,,,0.32794736013978476,0.6,,,,,,,4.664340057232409,0.05366563145999495,256,0.49999999999999983,0.978996102789929,,1,137,1,exact,,,2,2.5672005760922983e-05,,,,0.024935500001447508,c7ebd265f73e1751a2258e693b46da800c2b9ccc
dv3-B-lgcp-000153,3,B,lgcp,153,0,,153,3:2:5:153,,test,0,125.0,,,,,,,,,0.32794736013978476,0.6,,,,,,,4.664340057232409,0.05366563145999495,256,0.49999999999999983,0.978996102789929,,1,116,1,exact,,,2,2.5672005760922983e-05,,,,0.0172707919991808,efd97acda9231660c020e78efb4896c975d57e0b
dv3-B-lgcp-000154,3,B,lgcp,154,0,,154,3:2:5:154,,test,0,125.0,,,,,,,,,0.32794736013978476,0.6,,,,,,,4.664340057232409,0.05366563145999495,256,0.49999999999999983,0.978996102789929,,1,143,1,exact,,,2,2.5672005760922983e-05,,,,0.019386125000892207,946e4f1e60e22fd3752dd2b1f5b356031177cde6
dv3-B-lgcp-000155,3,B,lgcp,155,0,,155,3:2:5:155,,test,0,125.0,,,,,,,,,0.32794736013978476,0.6,,,,,,,4.664340057232409,0.05366563145999495,256,0.49999999999999983,0.978996102789929,,1,111,1,exact,,,2,2.5672005760922983e-05,,,,0.014822375000221655,0942298f74713b33e990f53052bafa58d2d7ad87
dv3-B-lgcp-000156,3,B,lgcp,156,0,,156,3:2:5:156,,test,0,125.0,,,,,,,,,0.32794736013978476,0.6,,,,,,,4.664340057232409,0.05366563145999495,256,0.49999999999999983,0.978996102789929,,1,121,1,exact,,,2,2.5672005760922983e-05,,,,0.01769941599923186,8fad89880c3b8d3c5382dc370b7cf28a0dd7542d
dv3-B-lgcp-000157,3,B,lgcp,157,0,,157,3:2:5:157,,test,0,125.0,,,,,,,,,0.32794736013978476,0.6,,,,,,,4.664340057232409,0.05366563145999495,256,0.49999999999999983,0.978996102789929,,1,127,1,exact,,,2,2.5672005760922983e-05,,,,0.017412749999493826,09d5c9b80b981a6077a222410fe4b127becaedff
dv3-B-lgcp-000158,3,B,lgcp,158,0,,158,3:2:5:158,,test,0,125.0,,,,,,,,,0.32794736013978476,0.6,,,,,,,4.664340057232409,0.05366563145999495,256,0.49999999999999983,0.978996102789929,,1,118,1,exact,,,2,2.5672005760922983e-05,,,,0.01241604200185975,8d7bb71594c690a4334ff800f713ae291786a501
dv3-B-lgcp-000159,3,B,lgcp,159,0,,159,3:2:5:159,,test,0,125.0,,,,,,,,,0.32794736013978476,0.6,,,,,,,4.664340057232409,0.05366563145999495,256,0.49999999999999983,0.978996102789929,,1,133,1,exact,,,2,2.5672005760922983e-05,,,,0.018216292002762202,b9c736a02c015613e1af018fecd7db2fb0cea8fd
dv3-B-lgcp-000160,3,B,lgcp,160,0,,160,3:2:5:160,,test,0,125.0,,,,,,,,,0.32794736013978476,0.6,,,,,,,4.664340057232409,0.05366563145999495,256,0.49999999999999983,0.978996102789929,,1,122,1,exact,,,2,2.5672005760922983e-05,,,,0.020732875000248896,9895fca83409d07c0c44e4be485873dd1cfcbfdb
dv3-B-lgcp-000161,3,B,lgcp,161,0,,161,3:2:5:161,,test,0,125.0,,,,,,,,,0.32794736013978476,0.6,,,,,,,4.664340057232409,0.05366563145999495,256,0.49999999999999983,0.978996102789929,,1,129,1,exact,,,2,2.5672005760922983e-05,,,,0.019604791999881854,0c9b6f67a1042ee33bac45a530c75344e746a536
dv3-B-lgcp-000162,3,B,lgcp,162,0,,162,3:2:5:162,,test,0,125.0,,,,,,,,,0.32794736013978476,0.6,,,,,,,4.664340057232409,0.05366563145999495,256,0.49999999999999983,0.978996102789929,,1,114,1,exact,,,2,2.5672005760922983e-05,,,,0.012173374998383224,cd6cb0c0a6f4151bf9d976f2d877cb9fb52a410a
dv3-B-lgcp-000163,3,B,lgcp,163,0,,163,3:2:5:163,,test,0,125.0,,,,,,,,,0.32794736013978476,0.6,,,,,,,4.664340057232409,0.05366563145999495,256,0.49999999999999983,0.978996102789929,,1,123,1,exact,,,2,2.5672005760922983e-05,,,,0.01706091600135551,764d27f9262bd6d3f1bdc6f4f523a1981c8bac14
dv3-B-lgcp-000164,3,B,lgcp,164,0,,164,3:2:5:164,,test,0,125.0,,,,,,,,,0.32794736013978476,0.6,,,,,,,4.664340057232409,0.05366563145999495,256,0.49999999999999983,0.978996102789929,,1,133,1,exact,,,2,2.5672005760922983e-05,,,,0.022926792000362184,43fb71dc03bddbb34214b09f4827515722aabd1a
dv3-B-lgcp-000165,3,B,lgcp,165,0,,165,3:2:5:165,,test,0,125.0,,,,,,,,,0.32794736013978476,0.6,,,,,,,4.664340057232409,0.05366563145999495,256,0.49999999999999983,0.978996102789929,,1,133,1,exact,,,2,2.5672005760922983e-05,,,,0.01894233399798395,1beeb51825138be080eb00abd61686de009ba095
dv3-B-lgcp-000166,3,B,lgcp,166,0,,166,3:2:5:166,,test,0,125.0,,,,,,,,,0.32794736013978476,0.6,,,,,,,4.664340057232409,0.05366563145999495,256,0.49999999999999983,0.978996102789929,,1,146,1,exact,,,2,2.5672005760922983e-05,,,,0.016945625000516884,5ce07161a2036be124aa63b0effcd1f6755fbe4a
dv3-B-lgcp-000167,3,B,lgcp,167,0,,167,3:2:5:167,,test,0,125.0,,,,,,,,,0.32794736013978476,0.6,,,,,,,4.664340057232409,0.05366563145999495,256,0.49999999999999983,0.978996102789929,,1,124,1,exact,,,2,2.5672005760922983e-05,,,,0.018461249997926643,d4d78eb5c0270a5074689cbad88d1d561e70b092
dv3-B-lgcp-000168,3,B,lgcp,168,0,,168,3:2:5:168,,test,0,125.0,,,,,,,,,0.32794736013978476,0.6,,,,,,,4.664340057232409,0.05366563145999495,256,0.49999999999999983,0.978996102789929,,1,152,1,exact,,,2,2.5672005760922983e-05,,,,0.016121707998536294,7a18b81f293c9f7178fbcd662d5c7e32b2df91c8
dv3-B-lgcp-000169,3,B,lgcp,169,0,,169,3:2:5:169,,test,0,125.0,,,,,,,,,0.32794736013978476,0.6,,,,,,,4.664340057232409,0.05366563145999495,256,0.49999999999999983,0.978996102789929,,1,128,1,exact,,,2,2.5672005760922983e-05,,,,0.01188075000027311,23015587e16848dd7360c74a9e90c7f65dd47fee
dv3-B-lgcp-000170,3,B,lgcp,170,0,,170,3:2:5:170,,test,0,125.0,,,,,,,,,0.32794736013978476,0.6,,,,,,,4.664340057232409,0.05366563145999495,256,0.49999999999999983,0.978996102789929,,1,115,1,exact,,,2,2.5672005760922983e-05,,,,0.01762475000214181,eee4b37ae454ffd41928cdd3a267c80ab944c145
dv3-B-lgcp-000171,3,B,lgcp,171,0,,171,3:2:5:171,,test,0,125.0,,,,,,,,,0.32794736013978476,0.6,,,,,,,4.664340057232409,0.05366563145999495,256,0.49999999999999983,0.978996102789929,,1,123,1,exact,,,2,2.5672005760922983e-05,,,,0.014799250002397457,86c0e9259e0652617fd52d292d30c56d1bab28ed
dv3-B-lgcp-000172,3,B,lgcp,172,0,,172,3:2:5:172,,test,0,125.0,,,,,,,,,0.32794736013978476,0.6,,,,,,,4.664340057232409,0.05366563145999495,256,0.49999999999999983,0.978996102789929,,1,151,1,exact,,,2,2.5672005760922983e-05,,,,0.018939416997454828,d3a48d953cc38ed1e89b48fbabc979feb091e725
dv3-B-lgcp-000173,3,B,lgcp,173,0,,173,3:2:5:173,,test,0,125.0,,,,,,,,,0.32794736013978476,0.6,,,,,,,4.664340057232409,0.05366563145999495,256,0.49999999999999983,0.978996102789929,,1,118,1,exact,,,2,2.5672005760922983e-05,,,,0.01587854099852848,14d0378c7be74cfcba1ced3acb934f71a223ff18
dv3-B-lgcp-000174,3,B,lgcp,174,0,,174,3:2:5:174,,test,0,125.0,,,,,,,,,0.32794736013978476,0.6,,,,,,,4.664340057232409,0.05366563145999495,256,0.49999999999999983,0.978996102789929,,1,131,1,exact,,,2,2.5672005760922983e-05,,,,0.016814834001706913,89f8bc3574a1c7d5adb18b553140f33ceba862be
dv3-B-lgcp-000175,3,B,lgcp,175,0,,175,3:2:5:175,,test,0,125.0,,,,,,,,,0.32794736013978476,0.6,,,,,,,4.664340057232409,0.05366563145999495,256,0.49999999999999983,0.978996102789929,,1,125,1,exact,,,2,2.5672005760922983e-05,,,,0.01557479199982481,1cf56cf7725cb738936615eb721b8062ce2e2b15
dv3-B-lgcp-000176,3,B,lgcp,176,0,,176,3:2:5:176,,test,0,125.0,,,,,,,,,0.32794736013978476,0.6,,,,,,,4.664340057232409,0.05366563145999495,256,0.49999999999999983,0.978996102789929,,1,138,1,exact,,,2,2.5672005760922983e-05,,,,0.01924620799763943,8430d72d10d9a3686783c82a0d55f714fab0eab4
dv3-B-lgcp-000177,3,B,lgcp,177,0,,177,3:2:5:177,,test,0,125.0,,,,,,,,,0.32794736013978476,0.6,,,,,,,4.664340057232409,0.05366563145999495,256,0.49999999999999983,0.978996102789929,,1,127,1,exact,,,2,2.5672005760922983e-05,,,,0.02230562499971711,5f68c7bfd61e4fa351eecfccabd4ad0bad52e042
dv3-B-lgcp-000178,3,B,lgcp,178,0,,178,3:2:5:178,,test,0,125.0,,,,,,,,,0.32794736013978476,0.6,,,,,,,4.664340057232409,0.05366563145999495,256,0.49999999999999983,0.978996102789929,,1,121,1,exact,,,2,2.5672005760922983e-05,,,,0.015361875000962755,26e3eafa200012d2df15d87e14bc957bddda396b
dv3-B-lgcp-000179,3,B,lgcp,179,0,,179,3:2:5:179,,test,0,125.0,,,,,,,,,0.32794736013978476,0.6,,,,,,,4.664340057232409,0.05366563145999495,256,0.49999999999999983,0.978996102789929,,1,122,1,exact,,,2,2.5672005760922983e-05,,,,0.016830249998747604,d1f5b3a2e79018a55a20e289c96eb69add20477a
dv3-B-lgcp-000180,3,B,lgcp,180,0,,180,3:2:5:180,,test,0,125.0,,,,,,,,,0.32794736013978476,0.6,,,,,,,4.664340057232409,0.05366563145999495,256,0.49999999999999983,0.978996102789929,,1,119,1,exact,,,2,2.5672005760922983e-05,,,,0.018758875001367414,8c858c0424dfaac85f6fd00606fac3fe6dc6aac9
dv3-B-lgcp-000181,3,B,lgcp,181,0,,181,3:2:5:181,,test,0,125.0,,,,,,,,,0.32794736013978476,0.6,,,,,,,4.664340057232409,0.05366563145999495,256,0.49999999999999983,0.978996102789929,,1,115,1,exact,,,2,2.5672005760922983e-05,,,,0.024424249997537117,d48fa1ed304f73ce2247b222edab28ffac5b5bd5
dv3-B-lgcp-000182,3,B,lgcp,182,0,,182,3:2:5:182,,test,0,125.0,,,,,,,,,0.32794736013978476,0.6,,,,,,,4.664340057232409,0.05366563145999495,256,0.49999999999999983,0.978996102789929,,1,119,1,exact,,,2,2.5672005760922983e-05,,,,0.01692133300093701,6baaa7e67cd9b1993dfae074a4c28c3a82bdf495
dv3-B-lgcp-000183,3,B,lgcp,183,0,,183,3:2:5:183,,test,0,125.0,,,,,,,,,0.32794736013978476,0.6,,,,,,,4.664340057232409,0.05366563145999495,256,0.49999999999999983,0.978996102789929,,1,128,1,exact,,,2,2.5672005760922983e-05,,,,0.015215791998343775,f1b1fda38035d45dcd40cf75e2caf609d186ab24
dv3-B-lgcp-000184,3,B,lgcp,184,0,,184,3:2:5:184,,test,0,125.0,,,,,,,,,0.32794736013978476,0.6,,,,,,,4.664340057232409,0.05366563145999495,256,0.49999999999999983,0.978996102789929,,1,106,1,exact,,,2,2.5672005760922983e-05,,,,0.013298207999469014,d33148cd6b2af8e385d64d5c16ecdf1006e7d226
dv3-B-lgcp-000185,3,B,lgcp,185,0,,185,3:2:5:185,,test,0,125.0,,,,,,,,,0.32794736013978476,0.6,,,,,,,4.664340057232409,0.05366563145999495,256,0.49999999999999983,0.978996102789929,,1,135,1,exact,,,2,2.5672005760922983e-05,,,,0.015248416999384062,18e20ed18730fc9442ec3472b8ef39d41d54cd93
dv3-B-lgcp-000186,3,B,lgcp,186,0,,186,3:2:5:186,,test,0,125.0,,,,,,,,,0.32794736013978476,0.6,,,,,,,4.664340057232409,0.05366563145999495,256,0.49999999999999983,0.978996102789929,,1,122,1,exact,,,2,2.5672005760922983e-05,,,,0.015379290998680517,84d52b0713679fb52c7919323cb46a03a3c54b35
dv3-B-lgcp-000187,3,B,lgcp,187,0,,187,3:2:5:187,,test,0,125.0,,,,,,,,,0.32794736013978476,0.6,,,,,,,4.664340057232409,0.05366563145999495,256,0.49999999999999983,0.978996102789929,,1,133,1,exact,,,2,2.5672005760922983e-05,,,,0.013578875001257984,2cd4044ca07e92458018c20167f07edb1dbd066b
dv3-B-lgcp-000188,3,B,lgcp,188,0,,188,3:2:5:188,,test,0,125.0,,,,,,,,,0.32794736013978476,0.6,,,,,,,4.664340057232409,0.05366563145999495,256,0.49999999999999983,0.978996102789929,,1,124,1,exact,,,2,2.5672005760922983e-05,,,,0.017459749997215113,68637fe779092818cfbc9929160e429015f70b16
dv3-B-lgcp-000189,3,B,lgcp,189,0,,189,3:2:5:189,,test,0,125.0,,,,,,,,,0.32794736013978476,0.6,,,,,,,4.664340057232409,0.05366563145999495,256,0.49999999999999983,0.978996102789929,,1,124,1,exact,,,2,2.5672005760922983e-05,,,,0.017957916999876034,aa3ac47dbe517219ba1da05b44793cee5d41b683
dv3-B-lgcp-000190,3,B,lgcp,190,0,,190,3:2:5:190,,test,0,125.0,,,,,,,,,0.32794736013978476,0.6,,,,,,,4.664340057232409,0.05366563145999495,256,0.49999999999999983,0.978996102789929,,1,152,1,exact,,,2,2.5672005760922983e-05,,,,0.018550249998952495,0b7d47c51a1bd4a1eee08345f9ac3abd4c9d2d78
dv3-B-lgcp-000191,3,B,lgcp,191,0,,191,3:2:5:191,,test,0,125.0,,,,,,,,,0.32794736013978476,0.6,,,,,,,4.664340057232409,0.05366563145999495,256,0.49999999999999983,0.978996102789929,,1,109,1,exact,,,2,2.5672005760922983e-05,,,,0.020345125001767883,aa5a45b757d3ec9d5163423d0456ddbe727f209b
dv3-B-lgcp-000192,3,B,lgcp,192,0,,192,3:2:5:192,,test,0,125.0,,,,,,,,,0.32794736013978476,0.6,,,,,,,4.664340057232409,0.05366563145999495,256,0.49999999999999983,0.978996102789929,,1,125,1,exact,,,2,2.5672005760922983e-05,,,,0.014626083997427486,e89e6bd87f5d0aae03190fd1143df5f5c075fc4a
dv3-B-lgcp-000193,3,B,lgcp,193,0,,193,3:2:5:193,,test,0,125.0,,,,,,,,,0.32794736013978476,0.6,,,,,,,4.664340057232409,0.05366563145999495,256,0.49999999999999983,0.978996102789929,,1,139,1,exact,,,2,2.5672005760922983e-05,,,,0.0150588329997845,36ef24d36e53765d62520e81aa56d91003c30b16
dv3-B-lgcp-000194,3,B,lgcp,194,0,,194,3:2:5:194,,test,0,125.0,,,,,,,,,0.32794736013978476,0.6,,,,,,,4.664340057232409,0.05366563145999495,256,0.49999999999999983,0.978996102789929,,1,141,1,exact,,,2,2.5672005760922983e-05,,,,0.01349366700014798,f6750a2dd68ee5dd7acf6e6487f81538f34121ca
dv3-B-lgcp-000195,3,B,lgcp,195,0,,195,3:2:5:195,,test,0,125.0,,,,,,,,,0.32794736013978476,0.6,,,,,,,4.664340057232409,0.05366563145999495,256,0.49999999999999983,0.978996102789929,,1,139,1,exact,,,2,2.5672005760922983e-05,,,,0.016781624999566702,5041462b6ffbb4607f7ddddd1e1ad93fa6f88d5e
dv3-B-lgcp-000196,3,B,lgcp,196,0,,196,3:2:5:196,,test,0,125.0,,,,,,,,,0.32794736013978476,0.6,,,,,,,4.664340057232409,0.05366563145999495,256,0.49999999999999983,0.978996102789929,,1,122,1,exact,,,2,2.5672005760922983e-05,,,,0.022421583002142143,ad598d5bb5f448a2be92d045630e53c0c097e2ff
dv3-B-lgcp-000197,3,B,lgcp,197,0,,197,3:2:5:197,,test,0,125.0,,,,,,,,,0.32794736013978476,0.6,,,,,,,4.664340057232409,0.05366563145999495,256,0.49999999999999983,0.978996102789929,,1,133,1,exact,,,2,2.5672005760922983e-05,,,,0.015362624999397667,16d906c7bb63c53529e05de41754829963f47ade
dv3-B-lgcp-000198,3,B,lgcp,198,0,,198,3:2:5:198,,test,0,125.0,,,,,,,,,0.32794736013978476,0.6,,,,,,,4.664340057232409,0.05366563145999495,256,0.49999999999999983,0.978996102789929,,1,133,1,exact,,,2,2.5672005760922983e-05,,,,0.01955608400021447,c3678d676a0aa48074893b45e3a85ad8009112ec
dv3-B-lgcp-000199,3,B,lgcp,199,0,,199,3:2:5:199,,test,0,125.0,,,,,,,,,0.32794736013978476,0.6,,,,,,,4.664340057232409,0.05366563145999495,256,0.49999999999999983,0.978996102789929,,1,135,1,exact,,,2,2.5672005760922983e-05,,,,0.014101083997957176,3f78be03ce3dc899107c9e5dbb61fc738d803091
dv3-B-lgcp-000200,3,B,lgcp,200,0,,200,3:2:5:200,,test,0,125.0,,,,,,,,,0.32794736013978476,0.6,,,,,,,4.664340057232409,0.05366563145999495,256,0.49999999999999983,0.978996102789929,,1,112,1,exact,,,2,2.5672005760922983e-05,,,,0.021451500000694068,64a5517ad59a957db9aa708d4d3021e809298f39
dv3-B-lgcp-000201,3,B,lgcp,201,0,,201,3:2:5:201,,test,0,125.0,,,,,,,,,0.32794736013978476,0.6,,,,,,,4.664340057232409,0.05366563145999495,256,0.49999999999999983,0.978996102789929,,1,111,1,exact,,,2,2.5672005760922983e-05,,,,0.018685125000047265,d73826cff855bbf5cc6ce74df16cc38ef893ddb7
dv3-B-lgcp-000202,3,B,lgcp,202,0,,202,3:2:5:202,,test,0,125.0,,,,,,,,,0.32794736013978476,0.6,,,,,,,4.664340057232409,0.05366563145999495,256,0.49999999999999983,0.978996102789929,,1,126,1,exact,,,2,2.5672005760922983e-05,,,,0.012755542000377318,dd01c62a58ec1bcbb4e457dc1e48058c5eebd88a
dv3-B-lgcp-000203,3,B,lgcp,203,0,,203,3:2:5:203,,test,0,125.0,,,,,,,,,0.32794736013978476,0.6,,,,,,,4.664340057232409,0.05366563145999495,256,0.49999999999999983,0.978996102789929,,1,121,1,exact,,,2,2.5672005760922983e-05,,,,0.018535874998633517,979204b05ec0eca1831fb95503503269edb1defc
dv3-B-lgcp-000204,3,B,lgcp,204,0,,204,3:2:5:204,,test,0,125.0,,,,,,,,,0.32794736013978476,0.6,,,,,,,4.664340057232409,0.05366563145999495,256,0.49999999999999983,0.978996102789929,,1,138,1,exact,,,2,2.5672005760922983e-05,,,,0.01760308400116628,11c1bfabbf18652f5e6322c9a759dfc5730de6f7
dv3-B-lgcp-000205,3,B,lgcp,205,0,,205,3:2:5:205,,test,0,125.0,,,,,,,,,0.32794736013978476,0.6,,,,,,,4.664340057232409,0.05366563145999495,256,0.49999999999999983,0.978996102789929,,1,133,1,exact,,,2,2.5672005760922983e-05,,,,0.01503329199840664,ebfd21fec9ef87074b2b82ac1607caed19b4487f
dv3-B-lgcp-000206,3,B,lgcp,206,0,,206,3:2:5:206,,test,0,125.0,,,,,,,,,0.32794736013978476,0.6,,,,,,,4.664340057232409,0.05366563145999495,256,0.49999999999999983,0.978996102789929,,1,108,1,exact,,,2,2.5672005760922983e-05,,,,0.01840091600024607,21933f7dade8b35be24154006ebf66349f61aa44
dv3-B-lgcp-000207,3,B,lgcp,207,0,,207,3:2:5:207,,test,0,125.0,,,,,,,,,0.32794736013978476,0.6,,,,,,,4.664340057232409,0.05366563145999495,256,0.49999999999999983,0.978996102789929,,1,132,1,exact,,,2,2.5672005760922983e-05,,,,0.01967504200001713,c8c3e698b4d08ac4d8344562e369befc66c7754b
dv3-B-lgcp-000208,3,B,lgcp,208,0,,208,3:2:5:208,,test,0,125.0,,,,,,,,,0.32794736013978476,0.6,,,,,,,4.664340057232409,0.05366563145999495,256,0.49999999999999983,0.978996102789929,,1,130,1,exact,,,2,2.5672005760922983e-05,,,,0.01258583300295868,6ff64241ab63bb9ef8b39032f9290b0ac70732ee
dv3-B-lgcp-000209,3,B,lgcp,209,0,,209,3:2:5:209,,test,0,125.0,,,,,,,,,0.32794736013978476,0.6,,,,,,,4.664340057232409,0.05366563145999495,256,0.49999999999999983,0.978996102789929,,1,116,1,exact,,,2,2.5672005760922983e-05,,,,0.014943583999411203,fd4bab96c2a70a043c01720fadec98d276220331
dv3-B-lgcp-000210,3,B,lgcp,210,0,,210,3:2:5:210,,test,0,125.0,,,,,,,,,0.32794736013978476,0.6,,,,,,,4.664340057232409,0.05366563145999495,256,0.49999999999999983,0.978996102789929,,1,144,1,exact,,,2,2.5672005760922983e-05,,,,0.017061582999303937,ce802879e6bb53967c50272ca8cca8937196a733
dv3-B-lgcp-000211,3,B,lgcp,211,0,,211,3:2:5:211,,test,0,125.0,,,,,,,,,0.32794736013978476,0.6,,,,,,,4.664340057232409,0.05366563145999495,256,0.49999999999999983,0.978996102789929,,1,128,1,exact,,,2,2.5672005760922983e-05,,,,0.01798650000273483,19c265f3c349235718108210a7b282c0b508ab1f
dv3-B-lgcp-000212,3,B,lgcp,212,0,,212,3:2:5:212,,test,0,125.0,,,,,,,,,0.32794736013978476,0.6,,,,,,,4.664340057232409,0.05366563145999495,256,0.49999999999999983,0.978996102789929,,1,146,1,exact,,,2,2.5672005760922983e-05,,,,0.021024958001362393,20092a81ebd6d66eec87cd768041a54408939385
dv3-B-lgcp-000213,3,B,lgcp,213,0,,213,3:2:5:213,,test,0,125.0,,,,,,,,,0.32794736013978476,0.6,,,,,,,4.664340057232409,0.05366563145999495,256,0.49999999999999983,0.978996102789929,,1,144,1,exact,,,2,2.5672005760922983e-05,,,,0.01909183300085715,ab72343275a2c089dff5c339cee7cc45328f09b6
dv3-B-lgcp-000214,3,B,lgcp,214,0,,214,3:2:5:214,,test,0,125.0,,,,,,,,,0.32794736013978476,0.6,,,,,,,4.664340057232409,0.05366563145999495,256,0.49999999999999983,0.978996102789929,,1,105,1,exact,,,2,2.5672005760922983e-05,,,,0.020155541998974513,159ec1dac878a9ce1e66677d097cd113fa05b740
dv3-B-lgcp-000215,3,B,lgcp,215,0,,215,3:2:5:215,,test,0,125.0,,,,,,,,,0.32794736013978476,0.6,,,,,,,4.664340057232409,0.05366563145999495,256,0.49999999999999983,0.978996102789929,,1,107,1,exact,,,2,2.5672005760922983e-05,,,,0.01652408399968408,1bde536412de0d7e65fe9c12c6b47b55ae75e37d
dv3-B-lgcp-000216,3,B,lgcp,216,0,,216,3:2:5:216,,test,0,125.0,,,,,,,,,0.32794736013978476,0.6,,,,,,,4.664340057232409,0.05366563145999495,256,0.49999999999999983,0.978996102789929,,1,132,1,exact,,,2,2.5672005760922983e-05,,,,0.016869000002770917,97922966dbcd172aa49b75a7b7d94809b01483b0
dv3-B-lgcp-000217,3,B,lgcp,217,0,,217,3:2:5:217,,test,0,125.0,,,,,,,,,0.32794736013978476,0.6,,,,,,,4.664340057232409,0.05366563145999495,256,0.49999999999999983,0.978996102789929,,1,146,1,exact,,,2,2.5672005760922983e-05,,,,0.01763395899979514,10593d19855c8b671fbba9c52ce4cdbeda434439
dv3-B-lgcp-000218,3,B,lgcp,218,0,,218,3:2:5:218,,test,0,125.0,,,,,,,,,0.32794736013978476,0.6,,,,,,,4.664340057232409,0.05366563145999495,256,0.49999999999999983,0.978996102789929,,1,119,1,exact,,,2,2.5672005760922983e-05,,,,0.013992291998874862,e387841f0512b599d66bc511eeaecb2ddda7fadb
dv3-B-lgcp-000219,3,B,lgcp,219,0,,219,3:2:5:219,,test,0,125.0,,,,,,,,,0.32794736013978476,0.6,,,,,,,4.664340057232409,0.05366563145999495,256,0.49999999999999983,0.978996102789929,,1,132,1,exact,,,2,2.5672005760922983e-05,,,,0.013482166999892797,4875cccf46e74d6c3213a985a7a489a8f542a75f
dv3-B-lgcp-000220,3,B,lgcp,220,0,,220,3:2:5:220,,test,0,125.0,,,,,,,,,0.32794736013978476,0.6,,,,,,,4.664340057232409,0.05366563145999495,256,0.49999999999999983,0.978996102789929,,1,155,1,exact,,,2,2.5672005760922983e-05,,,,0.011732208000466926,bd373f0c212a6fb9515279ec4e10e1b92652efa8
dv3-B-lgcp-000221,3,B,lgcp,221,0,,221,3:2:5:221,,test,0,125.0,,,,,,,,,0.32794736013978476,0.6,,,,,,,4.664340057232409,0.05366563145999495,256,0.49999999999999983,0.978996102789929,,1,126,1,exact,,,2,2.5672005760922983e-05,,,,0.012962583001353778,9cf578fccf58754ba89a79574985a9ce06412f26
dv3-B-lgcp-000222,3,B,lgcp,222,0,,222,3:2:5:222,,test,0,125.0,,,,,,,,,0.32794736013978476,0.6,,,,,,,4.664340057232409,0.05366563145999495,256,0.49999999999999983,0.978996102789929,,1,101,1,exact,,,2,2.5672005760922983e-05,,,,0.014405583999177907,9c204acafbfee8be5e90d8e8d23e4c206b2225d3
dv3-B-lgcp-000223,3,B,lgcp,223,0,,223,3:2:5:223,,test,0,125.0,,,,,,,,,0.32794736013978476,0.6,,,,,,,4.664340057232409,0.05366563145999495,256,0.49999999999999983,0.978996102789929,,1,121,1,exact,,,2,2.5672005760922983e-05,,,,0.012002957999357022,80e0de08e276a932bf603a7a99807b5fbd903f41
dv3-B-lgcp-000224,3,B,lgcp,224,0,,224,3:2:5:224,,test,0,125.0,,,,,,,,,0.32794736013978476,0.6,,,,,,,4.664340057232409,0.05366563145999495,256,0.49999999999999983,0.978996102789929,,1,91,1,exact,,,2,2.5672005760922983e-05,,,,0.017409000000043306,bd975c735a4b97113f3a596bceb4cef6f1f70c8f
dv3-B-lgcp-000225,3,B,lgcp,225,0,,225,3:2:5:225,,test,0,125.0,,,,,,,,,0.32794736013978476,0.6,,,,,,,4.664340057232409,0.05366563145999495,256,0.49999999999999983,0.978996102789929,,1,117,1,exact,,,2,2.5672005760922983e-05,,,,0.014401374999579275,b39f5ad6fe453d268a7e5dc5b32d89d767f2a698
dv3-B-lgcp-000226,3,B,lgcp,226,0,,226,3:2:5:226,,test,0,125.0,,,,,,,,,0.32794736013978476,0.6,,,,,,,4.664340057232409,0.05366563145999495,256,0.49999999999999983,0.978996102789929,,1,114,1,exact,,,2,2.5672005760922983e-05,,,,0.016205125000851694,7b87d019d2e40dbe2a72fa736fa9986a8c7c3bac
dv3-B-lgcp-000227,3,B,lgcp,227,0,,227,3:2:5:227,,test,0,125.0,,,,,,,,,0.32794736013978476,0.6,,,,,,,4.664340057232409,0.05366563145999495,256,0.49999999999999983,0.978996102789929,,1,137,1,exact,,,2,2.5672005760922983e-05,,,,0.016582291998929577,8906609da6104e878d7a8481f1f88caa4802a5ab
dv3-B-lgcp-000228,3,B,lgcp,228,0,,228,3:2:5:228,,test,0,125.0,,,,,,,,,0.32794736013978476,0.6,,,,,,,4.664340057232409,0.05366563145999495,256,0.49999999999999983,0.978996102789929,,1,138,1,exact,,,2,2.5672005760922983e-05,,,,0.02042766600061441,343200dfac0e8db34eb8902c52b3a4d1f2b9b8b7
dv3-B-lgcp-000229,3,B,lgcp,229,0,,229,3:2:5:229,,test,0,125.0,,,,,,,,,0.32794736013978476,0.6,,,,,,,4.664340057232409,0.05366563145999495,256,0.49999999999999983,0.978996102789929,,1,100,1,exact,,,2,2.5672005760922983e-05,,,,0.01576425000166637,983f8183c7f56460bf6e27efdeb4f0e345423adf
dv3-B-lgcp-000230,3,B,lgcp,230,0,,230,3:2:5:230,,test,0,125.0,,,,,,,,,0.32794736013978476,0.6,,,,,,,4.664340057232409,0.05366563145999495,256,0.49999999999999983,0.978996102789929,,1,132,1,exact,,,2,2.5672005760922983e-05,,,,0.020026582998980302,45dd5b296347d3ee1f3406641f82cbee720cc936
dv3-B-lgcp-000231,3,B,lgcp,231,0,,231,3:2:5:231,,test,0,125.0,,,,,,,,,0.32794736013978476,0.6,,,,,,,4.664340057232409,0.05366563145999495,256,0.49999999999999983,0.978996102789929,,1,141,1,exact,,,2,2.5672005760922983e-05,,,,0.018919916998129338,694054f48f06072c70a656955fa3e915a19d62c6
dv3-B-lgcp-000232,3,B,lgcp,232,0,,232,3:2:5:232,,test,0,125.0,,,,,,,,,0.32794736013978476,0.6,,,,,,,4.664340057232409,0.05366563145999495,256,0.49999999999999983,0.978996102789929,,1,93,1,exact,,,2,2.5672005760922983e-05,,,,0.018637207998835947,d810f67d1ce5dcb9542ca8d342622b10262c86c6
dv3-B-lgcp-000233,3,B,lgcp,233,0,,233,3:2:5:233,,test,0,125.0,,,,,,,,,0.32794736013978476,0.6,,,,,,,4.664340057232409,0.05366563145999495,256,0.49999999999999983,0.978996102789929,,1,114,1,exact,,,2,2.5672005760922983e-05,,,,0.0178790840000147,d5903b80e9da56ef931e86885b7de9f11ce6906d
dv3-B-lgcp-000234,3,B,lgcp,234,0,,234,3:2:5:234,,test,0,125.0,,,,,,,,,0.32794736013978476,0.6,,,,,,,4.664340057232409,0.05366563145999495,256,0.49999999999999983,0.978996102789929,,1,119,1,exact,,,2,2.5672005760922983e-05,,,,0.023114084000553703,80d732b964b1284a2543944e32414e2cef4b4fb3
dv3-B-lgcp-000235,3,B,lgcp,235,0,,235,3:2:5:235,,test,0,125.0,,,,,,,,,0.32794736013978476,0.6,,,,,,,4.664340057232409,0.05366563145999495,256,0.49999999999999983,0.978996102789929,,1,108,1,exact,,,2,2.5672005760922983e-05,,,,0.020057334000739502,f97fef4c54cf10bf8bcf03314fc1572e171696f5
dv3-B-lgcp-000236,3,B,lgcp,236,0,,236,3:2:5:236,,test,0,125.0,,,,,,,,,0.32794736013978476,0.6,,,,,,,4.664340057232409,0.05366563145999495,256,0.49999999999999983,0.978996102789929,,1,139,1,exact,,,2,2.5672005760922983e-05,,,,0.01544770799955586,b318c4d38c5475b3ff92f55df262527b1705ed77
dv3-B-lgcp-000237,3,B,lgcp,237,0,,237,3:2:5:237,,test,0,125.0,,,,,,,,,0.32794736013978476,0.6,,,,,,,4.664340057232409,0.05366563145999495,256,0.49999999999999983,0.978996102789929,,1,129,1,exact,,,2,2.5672005760922983e-05,,,,0.014626749998569721,22a8b82075d478af5e89044da02a092f969215f8
dv3-B-lgcp-000238,3,B,lgcp,238,0,,238,3:2:5:238,,test,0,125.0,,,,,,,,,0.32794736013978476,0.6,,,,,,,4.664340057232409,0.05366563145999495,256,0.49999999999999983,0.978996102789929,,1,132,1,exact,,,2,2.5672005760922983e-05,,,,0.014756250002392335,7b427089e58f6f230e7b9aadf3ed1ad235e0706e
dv3-B-lgcp-000239,3,B,lgcp,239,0,,239,3:2:5:239,,test,0,125.0,,,,,,,,,0.32794736013978476,0.6,,,,,,,4.664340057232409,0.05366563145999495,256,0.49999999999999983,0.978996102789929,,1,132,1,exact,,,2,2.5672005760922983e-05,,,,0.019803541999863228,fabd4400361ff509bd60c4bc39b34ce0092c2dea
dv3-B-lgcp-000240,3,B,lgcp,240,0,,240,3:2:5:240,,test,0,125.0,,,,,,,,,0.32794736013978476,0.6,,,,,,,4.664340057232409,0.05366563145999495,256,0.49999999999999983,0.978996102789929,,1,119,1,exact,,,2,2.5672005760922983e-05,,,,0.015340540998295182,6c46497dbea90d2d51d5f7c5cf7a387d18151e5e
dv3-B-lgcp-000241,3,B,lgcp,241,0,,241,3:2:5:241,,test,0,125.0,,,,,,,,,0.32794736013978476,0.6,,,,,,,4.664340057232409,0.05366563145999495,256,0.49999999999999983,0.978996102789929,,1,127,1,exact,,,2,2.5672005760922983e-05,,,,0.019914167001843452,e51d241e8d5c757aa69309d9f7ea728f2b2becb1
dv3-B-lgcp-000242,3,B,lgcp,242,0,,242,3:2:5:242,,test,0,125.0,,,,,,,,,0.32794736013978476,0.6,,,,,,,4.664340057232409,0.05366563145999495,256,0.49999999999999983,0.978996102789929,,1,135,1,exact,,,2,2.5672005760922983e-05,,,,0.01670591699803481,e46b43e354f96e3bc897a9ce1cc12ac907529354
dv3-B-lgcp-000243,3,B,lgcp,243,0,,243,3:2:5:243,,test,0,125.0,,,,,,,,,0.32794736013978476,0.6,,,,,,,4.664340057232409,0.05366563145999495,256,0.49999999999999983,0.978996102789929,,1,102,1,exact,,,2,2.5672005760922983e-05,,,,0.015397125000163214,064519ec9d2735a3e5649b4362cf0ae56e27780f
dv3-B-lgcp-000244,3,B,lgcp,244,0,,244,3:2:5:244,,test,0,125.0,,,,,,,,,0.32794736013978476,0.6,,,,,,,4.664340057232409,0.05366563145999495,256,0.49999999999999983,0.978996102789929,,1,156,1,exact,,,2,2.5672005760922983e-05,,,,0.015628542001650203,7605f4e1b35c1e118d783e646ba6895e40e9f668
dv3-B-lgcp-000245,3,B,lgcp,245,0,,245,3:2:5:245,,test,0,125.0,,,,,,,,,0.32794736013978476,0.6,,,,,,,4.664340057232409,0.05366563145999495,256,0.49999999999999983,0.978996102789929,,1,115,1,exact,,,2,2.5672005760922983e-05,,,,0.018049665999569697,ca359b0482864c8a00f851acda359bee4ce1bf53
dv3-B-lgcp-000246,3,B,lgcp,246,0,,246,3:2:5:246,,test,0,125.0,,,,,,,,,0.32794736013978476,0.6,,,,,,,4.664340057232409,0.05366563145999495,256,0.49999999999999983,0.978996102789929,,1,143,1,exact,,,2,2.5672005760922983e-05,,,,0.019811041998764267,d57ab19f9098672b37e927ab0b05cbd366c9eb0d
dv3-B-lgcp-000247,3,B,lgcp,247,0,,247,3:2:5:247,,test,0,125.0,,,,,,,,,0.32794736013978476,0.6,,,,,,,4.664340057232409,0.05366563145999495,256,0.49999999999999983,0.978996102789929,,1,121,1,exact,,,2,2.5672005760922983e-05,,,,0.025911083997925743,3def142204b8a9ac0bb3aaf5a11650b8d9c39831
dv3-B-lgcp-000248,3,B,lgcp,248,0,,248,3:2:5:248,,test,0,125.0,,,,,,,,,0.32794736013978476,0.6,,,,,,,4.664340057232409,0.05366563145999495,256,0.49999999999999983,0.978996102789929,,1,139,1,exact,,,2,2.5672005760922983e-05,,,,0.01706291600203258,4424e5958abf8b5e34344e1e4d176b0f0bdf72ef
dv3-B-lgcp-000249,3,B,lgcp,249,0,,249,3:2:5:249,,test,0,125.0,,,,,,,,,0.32794736013978476,0.6,,,,,,,4.664340057232409,0.05366563145999495,256,0.49999999999999983,0.978996102789929,,1,121,1,exact,,,2,2.5672005760922983e-05,,,,0.014799833003053209,4d775c4631904f9b26882a8562b1a7de2ef3f58a
dv3-B-lgcp-000250,3,B,lgcp,250,0,,250,3:2:5:250,,test,0,125.0,,,,,,,,,0.32794736013978476,0.6,,,,,,,4.664340057232409,0.05366563145999495,256,0.49999999999999983,0.978996102789929,,1,106,1,exact,,,2,2.5672005760922983e-05,,,,0.02098820799801615,b65bcd4a332ce917efc37ec0511674de72630398
dv3-B-lgcp-000251,3,B,lgcp,251,0,,251,3:2:5:251,,test,0,125.0,,,,,,,,,0.32794736013978476,0.6,,,,,,,4.664340057232409,0.05366563145999495,256,0.49999999999999983,0.978996102789929,,1,94,1,exact,,,2,2.5672005760922983e-05,,,,0.020929083999362774,9e5b7714eb92ffde3b371873ec0f0cf756c3f25e
dv3-B-lgcp-000252,3,B,lgcp,252,0,,252,3:2:5:252,,test,0,125.0,,,,,,,,,0.32794736013978476,0.6,,,,,,,4.664340057232409,0.05366563145999495,256,0.49999999999999983,0.978996102789929,,1,132,1,exact,,,2,2.5672005760922983e-05,,,,0.01586108400078956,52688a472cc5acfc663baf185f6936cc775305aa
dv3-B-lgcp-000253,3,B,lgcp,253,0,,253,3:2:5:253,,test,0,125.0,,,,,,,,,0.32794736013978476,0.6,,,,,,,4.664340057232409,0.05366563145999495,256,0.49999999999999983,0.978996102789929,,1,122,1,exact,,,2,2.5672005760922983e-05,,,,0.014105791997280903,3e7204da8fb7dcfe8f969a941b4ee68c00f5a94a
dv3-B-lgcp-000254,3,B,lgcp,254,0,,254,3:2:5:254,,test,0,125.0,,,,,,,,,0.32794736013978476,0.6,,,,,,,4.664340057232409,0.05366563145999495,256,0.49999999999999983,0.978996102789929,,1,137,1,exact,,,2,2.5672005760922983e-05,,,,0.01468629100054386,e18e58d9611d9e41730d3b287f3fa585d50b91c2
dv3-B-lgcp-000255,3,B,lgcp,255,0,,255,3:2:5:255,,test,0,125.0,,,,,,,,,0.32794736013978476,0.6,,,,,,,4.664340057232409,0.05366563145999495,256,0.49999999999999983,0.978996102789929,,1,98,1,exact,,,2,2.5672005760922983e-05,,,,0.02228145900153322,97338ea5150ea2c1a1fe9fef33138dc2ca922e0a
dv3-B-lgcp-000256,3,B,lgcp,256,0,,256,3:2:5:256,,test,0,125.0,,,,,,,,,0.32794736013978476,0.6,,,,,,,4.664340057232409,0.05366563145999495,256,0.49999999999999983,0.978996102789929,,1,112,1,exact,,,2,2.5672005760922983e-05,,,,0.020045375000336207,25c53866362197a93c43fe2e793650263792c17a
dv3-B-lgcp-000257,3,B,lgcp,257,0,,257,3:2:5:257,,test,0,125.0,,,,,,,,,0.32794736013978476,0.6,,,,,,,4.664340057232409,0.05366563145999495,256,0.49999999999999983,0.978996102789929,,1,128,1,exact,,,2,2.5672005760922983e-05,,,,0.020980041001166683,d2ea3ada7c29797ee52a289046016c63aea173f3
dv3-B-lgcp-000258,3,B,lgcp,258,0,,258,3:2:5:258,,test,0,125.0,,,,,,,,,0.32794736013978476,0.6,,,,,,,4.664340057232409,0.05366563145999495,256,0.49999999999999983,0.978996102789929,,1,125,1,exact,,,2,2.5672005760922983e-05,,,,0.012027749999106163,314c588d5eb07574e36d14dd7d3341da41a2ae9c
dv3-B-lgcp-000259,3,B,lgcp,259,0,,259,3:2:5:259,,test,0,125.0,,,,,,,,,0.32794736013978476,0.6,,,,,,,4.664340057232409,0.05366563145999495,256,0.49999999999999983,0.978996102789929,,1,162,1,exact,,,2,2.5672005760922983e-05,,,,0.01854329200068605,58090720651a2af73464f49106faf4aeaaf5ec8e
dv3-B-lgcp-000260,3,B,lgcp,260,0,,260,3:2:5:260,,test,0,125.0,,,,,,,,,0.32794736013978476,0.6,,,,,,,4.664340057232409,0.05366563145999495,256,0.49999999999999983,0.978996102789929,,1,170,1,exact,,,2,2.5672005760922983e-05,,,,0.017008957998768892,b50c2eeadec2b41c4247589feb038cf22602593e
dv3-B-lgcp-000261,3,B,lgcp,261,0,,261,3:2:5:261,,test,0,125.0,,,,,,,,,0.32794736013978476,0.6,,,,,,,4.664340057232409,0.05366563145999495,256,0.49999999999999983,0.978996102789929,,1,111,1,exact,,,2,2.5672005760922983e-05,,,,0.029899332999775652,e6be39c4442e62829e70fbac7433fe01acd1a4ea
dv3-B-lgcp-000262,3,B,lgcp,262,0,,262,3:2:5:262,,test,0,125.0,,,,,,,,,0.32794736013978476,0.6,,,,,,,4.664340057232409,0.05366563145999495,256,0.49999999999999983,0.978996102789929,,1,124,1,exact,,,2,2.5672005760922983e-05,,,,0.013741208997089416,00072a3317e7dd578da3b6369bf8901f36a12f1e
dv3-B-lgcp-000263,3,B,lgcp,263,0,,263,3:2:5:263,,test,0,125.0,,,,,,,,,0.32794736013978476,0.6,,,,,,,4.664340057232409,0.05366563145999495,256,0.49999999999999983,0.978996102789929,,1,124,1,exact,,,2,2.5672005760922983e-05,,,,0.014607041997805936,ea9a428456da6d4950b36589d1b821e92ea2aa4c
dv3-B-lgcp-000264,3,B,lgcp,264,0,,264,3:2:5:264,,test,0,125.0,,,,,,,,,0.32794736013978476,0.6,,,,,,,4.664340057232409,0.05366563145999495,256,0.49999999999999983,0.978996102789929,,1,88,1,exact,,,2,2.5672005760922983e-05,,,,0.017877292000775924,36746adfa2802e954de23a726e102206f919fbb4
dv3-B-lgcp-000265,3,B,lgcp,265,0,,265,3:2:5:265,,test,0,125.0,,,,,,,,,0.32794736013978476,0.6,,,,,,,4.664340057232409,0.05366563145999495,256,0.49999999999999983,0.978996102789929,,1,116,1,exact,,,2,2.5672005760922983e-05,,,,0.015196750002360204,67cf210c775b505704f74ac2354cd9cca9378bd8
dv3-B-lgcp-000266,3,B,lgcp,266,0,,266,3:2:5:266,,test,0,125.0,,,,,,,,,0.32794736013978476,0.6,,,,,,,4.664340057232409,0.05366563145999495,256,0.49999999999999983,0.978996102789929,,1,93,1,exact,,,2,2.5672005760922983e-05,,,,0.013827415998093784,0cb2af1770a18d38c21a321278654c863446c906
dv3-B-lgcp-000267,3,B,lgcp,267,0,,267,3:2:5:267,,test,0,125.0,,,,,,,,,0.32794736013978476,0.6,,,,,,,4.664340057232409,0.05366563145999495,256,0.49999999999999983,0.978996102789929,,1,135,1,exact,,,2,2.5672005760922983e-05,,,,0.02012187500076834,38e5c490a993cbcb9920f1d3f870c22eb80d0613
dv3-B-lgcp-000268,3,B,lgcp,268,0,,268,3:2:5:268,,test,0,125.0,,,,,,,,,0.32794736013978476,0.6,,,,,,,4.664340057232409,0.05366563145999495,256,0.49999999999999983,0.978996102789929,,1,132,1,exact,,,2,2.5672005760922983e-05,,,,0.013389124997047475,fe4047adee736a2e415b29341a1d0ba7759a184f
dv3-B-lgcp-000269,3,B,lgcp,269,0,,269,3:2:5:269,,test,0,125.0,,,,,,,,,0.32794736013978476,0.6,,,,,,,4.664340057232409,0.05366563145999495,256,0.49999999999999983,0.978996102789929,,1,121,1,exact,,,2,2.5672005760922983e-05,,,,0.015927417000057176,ef9e20567ae180832382a64bab3271e50f97fe99
dv3-B-lgcp-000270,3,B,lgcp,270,0,,270,3:2:5:270,,test,0,125.0,,,,,,,,,0.32794736013978476,0.6,,,,,,,4.664340057232409,0.05366563145999495,256,0.49999999999999983,0.978996102789929,,1,128,1,exact,,,2,2.5672005760922983e-05,,,,0.01713233299960848,e1607d4524df20cff707fde3527fc1b7485ee1ef
dv3-B-lgcp-000271,3,B,lgcp,271,0,,271,3:2:5:271,,test,0,125.0,,,,,,,,,0.32794736013978476,0.6,,,,,,,4.664340057232409,0.05366563145999495,256,0.49999999999999983,0.978996102789929,,1,134,1,exact,,,2,2.5672005760922983e-05,,,,0.0182751249994908,2b77e25823288457a7de2ce2a42055bf9c83b3a0
dv3-B-lgcp-000272,3,B,lgcp,272,0,,272,3:2:5:272,,test,0,125.0,,,,,,,,,0.32794736013978476,0.6,,,,,,,4.664340057232409,0.05366563145999495,256,0.49999999999999983,0.978996102789929,,1,109,1,exact,,,2,2.5672005760922983e-05,,,,0.013325084000825882,75e3b54a827c83a1b967c3a4c27e11639b204278
dv3-B-lgcp-000273,3,B,lgcp,273,0,,273,3:2:5:273,,test,0,125.0,,,,,,,,,0.32794736013978476,0.6,,,,,,,4.664340057232409,0.05366563145999495,256,0.49999999999999983,0.978996102789929,,1,112,1,exact,,,2,2.5672005760922983e-05,,,,0.016712541997549124,497bbba7723806f7f2b3a322ed828cb7f1b766ab
dv3-B-lgcp-000274,3,B,lgcp,274,0,,274,3:2:5:274,,test,0,125.0,,,,,,,,,0.32794736013978476,0.6,,,,,,,4.664340057232409,0.05366563145999495,256,0.49999999999999983,0.978996102789929,,1,132,1,exact,,,2,2.5672005760922983e-05,,,,0.017862541000795318,4ea9aa4651f8db527cbb2bf1d2ad139c571bf3fe
dv3-B-lgcp-000275,3,B,lgcp,275,0,,275,3:2:5:275,,test,0,125.0,,,,,,,,,0.32794736013978476,0.6,,,,,,,4.664340057232409,0.05366563145999495,256,0.49999999999999983,0.978996102789929,,1,116,1,exact,,,2,2.5672005760922983e-05,,,,0.014265541998611297,dc3d6ab1610638299842914d66ee7dec224be060
dv3-B-lgcp-000276,3,B,lgcp,276,0,,276,3:2:5:276,,test,0,125.0,,,,,,,,,0.32794736013978476,0.6,,,,,,,4.664340057232409,0.05366563145999495,256,0.49999999999999983,0.978996102789929,,1,118,1,exact,,,2,2.5672005760922983e-05,,,,0.013575375000073109,7c71fe8fe33ecc96bc967df45e600a826856d294
dv3-B-lgcp-000277,3,B,lgcp,277,0,,277,3:2:5:277,,test,0,125.0,,,,,,,,,0.32794736013978476,0.6,,,,,,,4.664340057232409,0.05366563145999495,256,0.49999999999999983,0.978996102789929,,1,150,1,exact,,,2,2.5672005760922983e-05,,,,0.015221124998788582,958c8d3145161608c5b4b61ee88816c13796938b
dv3-B-lgcp-000278,3,B,lgcp,278,0,,278,3:2:5:278,,test,0,125.0,,,,,,,,,0.32794736013978476,0.6,,,,,,,4.664340057232409,0.05366563145999495,256,0.49999999999999983,0.978996102789929,,1,119,1,exact,,,2,2.5672005760922983e-05,,,,0.020427000003110152,a894579ff8bc55023c623e263daa4cf03a013342
dv3-B-lgcp-000279,3,B,lgcp,279,0,,279,3:2:5:279,,test,0,125.0,,,,,,,,,0.32794736013978476,0.6,,,,,,,4.664340057232409,0.05366563145999495,256,0.49999999999999983,0.978996102789929,,1,112,1,exact,,,2,2.5672005760922983e-05,,,,0.014046958000108134,5beb28f14b488804a0871026fe739e8c2f6899af
dv3-B-lgcp-000280,3,B,lgcp,280,0,,280,3:2:5:280,,test,0,125.0,,,,,,,,,0.32794736013978476,0.6,,,,,,,4.664340057232409,0.05366563145999495,256,0.49999999999999983,0.978996102789929,,1,105,1,exact,,,2,2.5672005760922983e-05,,,,0.014079542001127265,e1627d64e0a11c33d7f9b359bb395d6f571cb60c
dv3-B-lgcp-000281,3,B,lgcp,281,0,,281,3:2:5:281,,test,0,125.0,,,,,,,,,0.32794736013978476,0.6,,,,,,,4.664340057232409,0.05366563145999495,256,0.49999999999999983,0.978996102789929,,1,123,1,exact,,,2,2.5672005760922983e-05,,,,0.016684874997736188,a292c2d7cdafbf8914c89fdd00c406b7092cd02d
dv3-B-lgcp-000282,3,B,lgcp,282,0,,282,3:2:5:282,,test,0,125.0,,,,,,,,,0.32794736013978476,0.6,,,,,,,4.664340057232409,0.05366563145999495,256,0.49999999999999983,0.978996102789929,,1,122,1,exact,,,2,2.5672005760922983e-05,,,,0.015047666998725617,eae50bdb58e6226c450fa78c357352abed404f0b
dv3-B-lgcp-000283,3,B,lgcp,283,0,,283,3:2:5:283,,test,0,125.0,,,,,,,,,0.32794736013978476,0.6,,,,,,,4.664340057232409,0.05366563145999495,256,0.49999999999999983,0.978996102789929,,1,144,1,exact,,,2,2.5672005760922983e-05,,,,0.015675167000154033,d0cbd2d4c40c45d1cc999cc0a7982ae02fe1950b
dv3-B-lgcp-000284,3,B,lgcp,284,0,,284,3:2:5:284,,test,0,125.0,,,,,,,,,0.32794736013978476,0.6,,,,,,,4.664340057232409,0.05366563145999495,256,0.49999999999999983,0.978996102789929,,1,117,1,exact,,,2,2.5672005760922983e-05,,,,0.019660417001432506,9834b7323f4b9a44be8aaccc46469811dec425a4
dv3-B-lgcp-000285,3,B,lgcp,285,0,,285,3:2:5:285,,test,0,125.0,,,,,,,,,0.32794736013978476,0.6,,,,,,,4.664340057232409,0.05366563145999495,256,0.49999999999999983,0.978996102789929,,1,123,1,exact,,,2,2.5672005760922983e-05,,,,0.017089375000068685,c8bdd4ccb5e505a7abb410d1fe9fb98647d2356c
dv3-B-lgcp-000286,3,B,lgcp,286,0,,286,3:2:5:286,,test,0,125.0,,,,,,,,,0.32794736013978476,0.6,,,,,,,4.664340057232409,0.05366563145999495,256,0.49999999999999983,0.978996102789929,,1,141,1,exact,,,2,2.5672005760922983e-05,,,,0.019960792000347283,2dd213d8b6731a9833514b4e2e5323c9617651e1
dv3-B-lgcp-000287,3,B,lgcp,287,0,,287,3:2:5:287,,test,0,125.0,,,,,,,,,0.32794736013978476,0.6,,,,,,,4.664340057232409,0.05366563145999495,256,0.49999999999999983,0.978996102789929,,1,138,1,exact,,,2,2.5672005760922983e-05,,,,0.015570499999739695,55d12f81365ea93b45f8a5ad3d7bf027060a235c
dv3-B-lgcp-000288,3,B,lgcp,288,0,,288,3:2:5:288,,test,0,125.0,,,,,,,,,0.32794736013978476,0.6,,,,,,,4.664340057232409,0.05366563145999495,256,0.49999999999999983,0.978996102789929,,1,115,1,exact,,,2,2.5672005760922983e-05,,,,0.01673595900138025,0179f7b440e228a8c94154b44878a160d71a9fbb
dv3-B-lgcp-000289,3,B,lgcp,289,0,,289,3:2:5:289,,test,0,125.0,,,,,,,,,0.32794736013978476,0.6,,,,,,,4.664340057232409,0.05366563145999495,256,0.49999999999999983,0.978996102789929,,1,151,1,exact,,,2,2.5672005760922983e-05,,,,0.014244500001950655,76a60239f5bc88575a1f4e3d64ad3d3548cf2b42
dv3-B-lgcp-000290,3,B,lgcp,290,0,,290,3:2:5:290,,test,0,125.0,,,,,,,,,0.32794736013978476,0.6,,,,,,,4.664340057232409,0.05366563145999495,256,0.49999999999999983,0.978996102789929,,1,90,1,exact,,,2,2.5672005760922983e-05,,,,0.015785708001203602,0b932b112f9d671f906655c41a7c8ddd7eb19d47
dv3-B-lgcp-000291,3,B,lgcp,291,0,,291,3:2:5:291,,test,0,125.0,,,,,,,,,0.32794736013978476,0.6,,,,,,,4.664340057232409,0.05366563145999495,256,0.49999999999999983,0.978996102789929,,1,116,1,exact,,,2,2.5672005760922983e-05,,,,0.01809612500073854,4c8fad95a3de6dab7733f0fba759946200dda74e
dv3-B-lgcp-000292,3,B,lgcp,292,0,,292,3:2:5:292,,test,0,125.0,,,,,,,,,0.32794736013978476,0.6,,,,,,,4.664340057232409,0.05366563145999495,256,0.49999999999999983,0.978996102789929,,1,105,1,exact,,,2,2.5672005760922983e-05,,,,0.016094708000309765,6283d77582d2d18c8de61fdaca350438933cfbf5
dv3-B-lgcp-000293,3,B,lgcp,293,0,,293,3:2:5:293,,test,0,125.0,,,,,,,,,0.32794736013978476,0.6,,,,,,,4.664340057232409,0.05366563145999495,256,0.49999999999999983,0.978996102789929,,1,139,1,exact,,,2,2.5672005760922983e-05,,,,0.020268459000362782,4b545541014328371ba5741a0454559f58408fed
dv3-B-lgcp-000294,3,B,lgcp,294,0,,294,3:2:5:294,,test,0,125.0,,,,,,,,,0.32794736013978476,0.6,,,,,,,4.664340057232409,0.05366563145999495,256,0.49999999999999983,0.978996102789929,,1,144,1,exact,,,2,2.5672005760922983e-05,,,,0.01664399999935995,3bc08cf150e9fe91352a7716f03584e428504fad
dv3-B-lgcp-000295,3,B,lgcp,295,0,,295,3:2:5:295,,test,0,125.0,,,,,,,,,0.32794736013978476,0.6,,,,,,,4.664340057232409,0.05366563145999495,256,0.49999999999999983,0.978996102789929,,1,119,1,exact,,,2,2.5672005760922983e-05,,,,0.01697595899895532,d868d27d8616bbe64f5cbd98f08c4d65f368b934
dv3-B-lgcp-000296,3,B,lgcp,296,0,,296,3:2:5:296,,test,0,125.0,,,,,,,,,0.32794736013978476,0.6,,,,,,,4.664340057232409,0.05366563145999495,256,0.49999999999999983,0.978996102789929,,1,130,1,exact,,,2,2.5672005760922983e-05,,,,0.015499999997700797,42f8c23e5fcb06b38783c0c6d12d128bfc14ae4c
dv3-B-lgcp-000297,3,B,lgcp,297,0,,297,3:2:5:297,,test,0,125.0,,,,,,,,,0.32794736013978476,0.6,,,,,,,4.664340057232409,0.05366563145999495,256,0.49999999999999983,0.978996102789929,,1,135,1,exact,,,2,2.5672005760922983e-05,,,,0.017054958996595815,a6515013cb302dfaba0ecf1f2d56efabbbf25286
dv3-B-lgcp-000298,3,B,lgcp,298,0,,298,3:2:5:298,,test,0,125.0,,,,,,,,,0.32794736013978476,0.6,,,,,,,4.664340057232409,0.05366563145999495,256,0.49999999999999983,0.978996102789929,,1,119,1,exact,,,2,2.5672005760922983e-05,,,,0.01352591700197081,b7eb2fb3f3b31a31a6b548e15e2550f441a1944c
dv3-B-lgcp-000299,3,B,lgcp,299,0,,299,3:2:5:299,,test,0,125.0,,,,,,,,,0.32794736013978476,0.6,,,,,,,4.664340057232409,0.05366563145999495,256,0.49999999999999983,0.978996102789929,,1,131,1,exact,,,2,2.5672005760922983e-05,,,,0.017722707998473197,1bbc4a827e85967cff7ba0388c2149a4145dd876
dv3-B-lgcp-000300,3,B,lgcp,300,0,,300,3:2:5:300,,test,0,125.0,,,,,,,,,0.32794736013978476,0.6,,,,,,,4.664340057232409,0.05366563145999495,256,0.49999999999999983,0.978996102789929,,1,109,1,exact,,,2,2.5672005760922983e-05,,,,0.012227958999574184,a6033e9850ab56108fed4fd38d05bcea212f29c8
dv3-B-lgcp-000301,3,B,lgcp,301,0,,301,3:2:5:301,,test,0,125.0,,,,,,,,,0.32794736013978476,0.6,,,,,,,4.664340057232409,0.05366563145999495,256,0.49999999999999983,0.978996102789929,,1,115,1,exact,,,2,2.5672005760922983e-05,,,,0.017253707999770995,d655a448b623b9e9b646d9c4b655476995faf913
dv3-B-lgcp-000302,3,B,lgcp,302,0,,302,3:2:5:302,,test,0,125.0,,,,,,,,,0.32794736013978476,0.6,,,,,,,4.664340057232409,0.05366563145999495,256,0.49999999999999983,0.978996102789929,,1,125,1,exact,,,2,2.5672005760922983e-05,,,,0.01797383300072397,3612b8d0f1017569f2fa785595d5751ab7d81db0
dv3-B-lgcp-000303,3,B,lgcp,303,0,,303,3:2:5:303,,test,0,125.0,,,,,,,,,0.32794736013978476,0.6,,,,,,,4.664340057232409,0.05366563145999495,256,0.49999999999999983,0.978996102789929,,1,127,1,exact,,,2,2.5672005760922983e-05,,,,0.015639875000488246,961d258719d85862931572e790ebcce2a8972196
dv3-B-lgcp-000304,3,B,lgcp,304,0,,304,3:2:5:304,,test,0,125.0,,,,,,,,,0.32794736013978476,0.6,,,,,,,4.664340057232409,0.05366563145999495,256,0.49999999999999983,0.978996102789929,,1,131,1,exact,,,2,2.5672005760922983e-05,,,,0.016414416997577064,4ec484c34ca9315af699f10ba0a9c8664bca709e
dv3-B-lgcp-000305,3,B,lgcp,305,0,,305,3:2:5:305,,test,0,125.0,,,,,,,,,0.32794736013978476,0.6,,,,,,,4.664340057232409,0.05366563145999495,256,0.49999999999999983,0.978996102789929,,1,106,1,exact,,,2,2.5672005760922983e-05,,,,0.017848708001110936,b2d84683098cb23b7d0eff278dba6a841fccba5b
dv3-B-lgcp-000306,3,B,lgcp,306,0,,306,3:2:5:306,,test,0,125.0,,,,,,,,,0.32794736013978476,0.6,,,,,,,4.664340057232409,0.05366563145999495,256,0.49999999999999983,0.978996102789929,,1,123,1,exact,,,2,2.5672005760922983e-05,,,,0.017050083999492927,4bce24b6f53d74afcd82e32160b207de1ac0e918
dv3-B-lgcp-000307,3,B,lgcp,307,0,,307,3:2:5:307,,test,0,125.0,,,,,,,,,0.32794736013978476,0.6,,,,,,,4.664340057232409,0.05366563145999495,256,0.49999999999999983,0.978996102789929,,1,136,1,exact,,,2,2.5672005760922983e-05,,,,0.015417999999044696,c40a87fb5a50c2a0b9e1b58c3bca2376e9c47818
dv3-B-lgcp-000308,3,B,lgcp,308,0,,308,3:2:5:308,,test,0,125.0,,,,,,,,,0.32794736013978476,0.6,,,,,,,4.664340057232409,0.05366563145999495,256,0.49999999999999983,0.978996102789929,,1,129,1,exact,,,2,2.5672005760922983e-05,,,,0.02044962500076508,a5eb92d2bac25c80d84c744ce8d6840e0b3f0776
dv3-B-lgcp-000309,3,B,lgcp,309,0,,309,3:2:5:309,,test,0,125.0,,,,,,,,,0.32794736013978476,0.6,,,,,,,4.664340057232409,0.05366563145999495,256,0.49999999999999983,0.978996102789929,,1,117,1,exact,,,2,2.5672005760922983e-05,,,,0.01643658400280401,b81a088345d56ebeda17a157b9310abcd2812a58
dv3-B-lgcp-000310,3,B,lgcp,310,0,,310,3:2:5:310,,test,0,125.0,,,,,,,,,0.32794736013978476,0.6,,,,,,,4.664340057232409,0.05366563145999495,256,0.49999999999999983,0.978996102789929,,1,112,1,exact,,,2,2.5672005760922983e-05,,,,0.017366833999403752,992a96ecda8da07bce081d8a7b3ad48e63487065
dv3-B-lgcp-000311,3,B,lgcp,311,0,,311,3:2:5:311,,test,0,125.0,,,,,,,,,0.32794736013978476,0.6,,,,,,,4.664340057232409,0.05366563145999495,256,0.49999999999999983,0.978996102789929,,1,106,1,exact,,,2,2.5672005760922983e-05,,,,0.012182332997326739,0a88d3e72d63585b0606ae2ecadc04dae5532cc9
dv3-B-lgcp-000312,3,B,lgcp,312,0,,312,3:2:5:312,,test,0,125.0,,,,,,,,,0.32794736013978476,0.6,,,,,,,4.664340057232409,0.05366563145999495,256,0.49999999999999983,0.978996102789929,,1,132,1,exact,,,2,2.5672005760922983e-05,,,,0.0173992919990269,319eef6489e2f7f81b5fc67521dbccc1009f1c41
dv3-B-lgcp-000313,3,B,lgcp,313,0,,313,3:2:5:313,,test,0,125.0,,,,,,,,,0.32794736013978476,0.6,,,,,,,4.664340057232409,0.05366563145999495,256,0.49999999999999983,0.978996102789929,,1,148,1,exact,,,2,2.5672005760922983e-05,,,,0.018797458997141803,e32ecd734da9c6c7f9715965faa10ef80302018b
dv3-B-lgcp-000314,3,B,lgcp,314,0,,314,3:2:5:314,,test,0,125.0,,,,,,,,,0.32794736013978476,0.6,,,,,,,4.664340057232409,0.05366563145999495,256,0.49999999999999983,0.978996102789929,,1,98,1,exact,,,2,2.5672005760922983e-05,,,,0.017778708002879284,57ad0f2f174518356f9dfcc3bf4ad31fad315d82
dv3-B-lgcp-000315,3,B,lgcp,315,0,,315,3:2:5:315,,test,0,125.0,,,,,,,,,0.32794736013978476,0.6,,,,,,,4.664340057232409,0.05366563145999495,256,0.49999999999999983,0.978996102789929,,1,131,1,exact,,,2,2.5672005760922983e-05,,,,0.021198042002652073,913b9d41cf701b357b3651c042b08501350a9c60
dv3-B-lgcp-000316,3,B,lgcp,316,0,,316,3:2:5:316,,test,0,125.0,,,,,,,,,0.32794736013978476,0.6,,,,,,,4.664340057232409,0.05366563145999495,256,0.49999999999999983,0.978996102789929,,1,115,1,exact,,,2,2.5672005760922983e-05,,,,0.01993166700049187,6da101c18a46b27b476b7035d49aadd97d9220a3
dv3-B-lgcp-000317,3,B,lgcp,317,0,,317,3:2:5:317,,test,0,125.0,,,,,,,,,0.32794736013978476,0.6,,,,,,,4.664340057232409,0.05366563145999495,256,0.49999999999999983,0.978996102789929,,1,136,1,exact,,,2,2.5672005760922983e-05,,,,0.017690666998532834,9d2d46363a7630c3396d91d9fb81f91fc3269338
dv3-B-lgcp-000318,3,B,lgcp,318,0,,318,3:2:5:318,,test,0,125.0,,,,,,,,,0.32794736013978476,0.6,,,,,,,4.664340057232409,0.05366563145999495,256,0.49999999999999983,0.978996102789929,,1,119,1,exact,,,2,2.5672005760922983e-05,,,,0.018350667000049725,3d4e2b47a6162a82402de18aa47b164b3b6f691e
dv3-B-lgcp-000319,3,B,lgcp,319,0,,319,3:2:5:319,,test,0,125.0,,,,,,,,,0.32794736013978476,0.6,,,,,,,4.664340057232409,0.05366563145999495,256,0.49999999999999983,0.978996102789929,,1,116,1,exact,,,2,2.5672005760922983e-05,,,,0.02057487499769195,1763122643658306038ca6801dddd37d25a1c9c7
dv3-B-lgcp-000320,3,B,lgcp,320,0,,320,3:2:5:320,,test,0,125.0,,,,,,,,,0.32794736013978476,0.6,,,,,,,4.664340057232409,0.05366563145999495,256,0.49999999999999983,0.978996102789929,,1,131,1,exact,,,2,2.5672005760922983e-05,,,,0.01740925000194693,ef2727621d9846f6244dc6e7fbb127e7ce1e8806
dv3-B-lgcp-000321,3,B,lgcp,321,0,,321,3:2:5:321,,test,0,125.0,,,,,,,,,0.32794736013978476,0.6,,,,,,,4.664340057232409,0.05366563145999495,256,0.49999999999999983,0.978996102789929,,1,121,1,exact,,,2,2.5672005760922983e-05,,,,0.015431333002197789,045b510f6c7189f4c40ecaee4df075b04e4402c0
dv3-B-lgcp-000322,3,B,lgcp,322,0,,322,3:2:5:322,,test,0,125.0,,,,,,,,,0.32794736013978476,0.6,,,,,,,4.664340057232409,0.05366563145999495,256,0.49999999999999983,0.978996102789929,,1,115,1,exact,,,2,2.5672005760922983e-05,,,,0.01965741699677892,f27df30bf50012dfc369ea38fd815fb6b9fa1006
dv3-B-lgcp-000323,3,B,lgcp,323,0,,323,3:2:5:323,,test,0,125.0,,,,,,,,,0.32794736013978476,0.6,,,,,,,4.664340057232409,0.05366563145999495,256,0.49999999999999983,0.978996102789929,,1,129,1,exact,,,2,2.5672005760922983e-05,,,,0.012954833000549115,a80a13273b844332bdcb0a9efbaaa14126b718d3
dv3-B-lgcp-000324,3,B,lgcp,324,0,,324,3:2:5:324,,test,0,125.0,,,,,,,,,0.32794736013978476,0.6,,,,,,,4.664340057232409,0.05366563145999495,256,0.49999999999999983,0.978996102789929,,1,134,1,exact,,,2,2.5672005760922983e-05,,,,0.015385874998173676,7a4ce3b4714193a97dfec791a2466256fe03ac41
dv3-B-lgcp-000325,3,B,lgcp,325,0,,325,3:2:5:325,,test,0,125.0,,,,,,,,,0.32794736013978476,0.6,,,,,,,4.664340057232409,0.05366563145999495,256,0.49999999999999983,0.978996102789929,,1,149,1,exact,,,2,2.5672005760922983e-05,,,,0.018981665998580866,c68919341bb0e86f4f604baf445d8b4e84f8dedb
dv3-B-lgcp-000326,3,B,lgcp,326,0,,326,3:2:5:326,,test,0,125.0,,,,,,,,,0.32794736013978476,0.6,,,,,,,4.664340057232409,0.05366563145999495,256,0.49999999999999983,0.978996102789929,,1,145,1,exact,,,2,2.5672005760922983e-05,,,,0.016651833000651095,baeb3fe427adc9ffc39f060505b3859a157b5c6d
dv3-B-lgcp-000327,3,B,lgcp,327,0,,327,3:2:5:327,,test,0,125.0,,,,,,,,,0.32794736013978476,0.6,,,,,,,4.664340057232409,0.05366563145999495,256,0.49999999999999983,0.978996102789929,,1,120,1,exact,,,2,2.5672005760922983e-05,,,,0.01400258300054702,3b51fc0c90e54d0484c70a3a6d773e518ce76275
dv3-B-lgcp-000328,3,B,lgcp,328,0,,328,3:2:5:328,,test,0,125.0,,,,,,,,,0.32794736013978476,0.6,,,,,,,4.664340057232409,0.05366563145999495,256,0.49999999999999983,0.978996102789929,,1,120,1,exact,,,2,2.5672005760922983e-05,,,,0.017331082999589853,66c470c0498146624a44d870448fee4cc1f5d0f8
dv3-B-lgcp-000329,3,B,lgcp,329,0,,329,3:2:5:329,,test,0,125.0,,,,,,,,,0.32794736013978476,0.6,,,,,,,4.664340057232409,0.05366563145999495,256,0.49999999999999983,0.978996102789929,,1,120,1,exact,,,2,2.5672005760922983e-05,,,,0.015695665999373887,33a6b18f30eb0d1050105bf9f7f149dcd7cc9a21
dv3-B-lgcp-000330,3,B,lgcp,330,0,,330,3:2:5:330,,test,0,125.0,,,,,,,,,0.32794736013978476,0.6,,,,,,,4.664340057232409,0.05366563145999495,256,0.49999999999999983,0.978996102789929,,1,122,1,exact,,,2,2.5672005760922983e-05,,,,0.011924582999199629,d97ef6b9040665a7a119a367e76669cde1120187
dv3-B-lgcp-000331,3,B,lgcp,331,0,,331,3:2:5:331,,test,0,125.0,,,,,,,,,0.32794736013978476,0.6,,,,,,,4.664340057232409,0.05366563145999495,256,0.49999999999999983,0.978996102789929,,1,132,1,exact,,,2,2.5672005760922983e-05,,,,0.01748879199658404,0c3a1961adcf8d852c7b7f81ccd9a3539f438e20
dv3-B-lgcp-000332,3,B,lgcp,332,0,,332,3:2:5:332,,test,0,125.0,,,,,,,,,0.32794736013978476,0.6,,,,,,,4.664340057232409,0.05366563145999495,256,0.49999999999999983,0.978996102789929,,1,110,1,exact,,,2,2.5672005760922983e-05,,,,0.016057499997259583,5271d367b76ddfe4f69a82c33b05a15e4bb9cd54
dv3-B-lgcp-000333,3,B,lgcp,333,0,,333,3:2:5:333,,test,0,125.0,,,,,,,,,0.32794736013978476,0.6,,,,,,,4.664340057232409,0.05366563145999495,256,0.49999999999999983,0.978996102789929,,1,98,1,exact,,,2,2.5672005760922983e-05,,,,0.012353582998912316,cee4984428f6de3a6eaab5c70ca83ce0f171e130
dv3-B-lgcp-000334,3,B,lgcp,334,0,,334,3:2:5:334,,test,0,125.0,,,,,,,,,0.32794736013978476,0.6,,,,,,,4.664340057232409,0.05366563145999495,256,0.49999999999999983,0.978996102789929,,1,107,1,exact,,,2,2.5672005760922983e-05,,,,0.011993916999927023,e468311557c44e590426954b9fbac3c496a4e534
dv3-B-lgcp-000335,3,B,lgcp,335,0,,335,3:2:5:335,,test,0,125.0,,,,,,,,,0.32794736013978476,0.6,,,,,,,4.664340057232409,0.05366563145999495,256,0.49999999999999983,0.978996102789929,,1,150,1,exact,,,2,2.5672005760922983e-05,,,,0.012137624999013497,cab324b588f51c98807729d778fac42dceed6c79
dv3-B-lgcp-000336,3,B,lgcp,336,0,,336,3:2:5:336,,test,0,125.0,,,,,,,,,0.32794736013978476,0.6,,,,,,,4.664340057232409,0.05366563145999495,256,0.49999999999999983,0.978996102789929,,1,136,1,exact,,,2,2.5672005760922983e-05,,,,0.018632582999998704,dd21aadcc0bf8e8bb81dd20209983c11a3fed11b
dv3-B-lgcp-000337,3,B,lgcp,337,0,,337,3:2:5:337,,test,0,125.0,,,,,,,,,0.32794736013978476,0.6,,,,,,,4.664340057232409,0.05366563145999495,256,0.49999999999999983,0.978996102789929,,1,144,1,exact,,,2,2.5672005760922983e-05,,,,0.019851250002830056,06ee81496085312c2ffed4ba1c5b0a5da66e8048
dv3-B-lgcp-000338,3,B,lgcp,338,0,,338,3:2:5:338,,test,0,125.0,,,,,,,,,0.32794736013978476,0.6,,,,,,,4.664340057232409,0.05366563145999495,256,0.49999999999999983,0.978996102789929,,1,124,1,exact,,,2,2.5672005760922983e-05,,,,0.01888400000098045,b77270212b52b7933fc04ae9da5ebb6e9cd2da72
dv3-B-lgcp-000339,3,B,lgcp,339,0,,339,3:2:5:339,,test,0,125.0,,,,,,,,,0.32794736013978476,0.6,,,,,,,4.664340057232409,0.05366563145999495,256,0.49999999999999983,0.978996102789929,,1,116,1,exact,,,2,2.5672005760922983e-05,,,,0.015329833997384412,c1e93b98567205a5895f16037e421ad843cb15e8
dv3-B-lgcp-000340,3,B,lgcp,340,0,,340,3:2:5:340,,test,0,125.0,,,,,,,,,0.32794736013978476,0.6,,,,,,,4.664340057232409,0.05366563145999495,256,0.49999999999999983,0.978996102789929,,1,136,1,exact,,,2,2.5672005760922983e-05,,,,0.017067542001313996,4849e02c749586f9984688bc42d6756ad84e8a3f
dv3-B-lgcp-000341,3,B,lgcp,341,0,,341,3:2:5:341,,test,0,125.0,,,,,,,,,0.32794736013978476,0.6,,,,,,,4.664340057232409,0.05366563145999495,256,0.49999999999999983,0.978996102789929,,1,91,1,exact,,,2,2.5672005760922983e-05,,,,0.011591209000471281,39b39cdae2c9fe145cf6a6f0eb53426fa3c26f7b
dv3-B-lgcp-000342,3,B,lgcp,342,0,,342,3:2:5:342,,test,0,125.0,,,,,,,,,0.32794736013978476,0.6,,,,,,,4.664340057232409,0.05366563145999495,256,0.49999999999999983,0.978996102789929,,1,135,1,exact,,,2,2.5672005760922983e-05,,,,0.011584083000343526,71af1661c0352e9bf249eeb5bbaa6dce4dbff86d
dv3-B-lgcp-000343,3,B,lgcp,343,0,,343,3:2:5:343,,test,0,125.0,,,,,,,,,0.32794736013978476,0.6,,,,,,,4.664340057232409,0.05366563145999495,256,0.49999999999999983,0.978996102789929,,1,121,1,exact,,,2,2.5672005760922983e-05,,,,0.018351582999457605,0dad4d34d72c192d55392d6d4560404ed50a6fb8
dv3-B-lgcp-000344,3,B,lgcp,344,0,,344,3:2:5:344,,test,0,125.0,,,,,,,,,0.32794736013978476,0.6,,,,,,,4.664340057232409,0.05366563145999495,256,0.49999999999999983,0.978996102789929,,1,115,1,exact,,,2,2.5672005760922983e-05,,,,0.019433125002251472,75801aaf4a2573001e9f1a7672ad7dc772b234b0
dv3-B-lgcp-000345,3,B,lgcp,345,0,,345,3:2:5:345,,test,0,125.0,,,,,,,,,0.32794736013978476,0.6,,,,,,,4.664340057232409,0.05366563145999495,256,0.49999999999999983,0.978996102789929,,1,130,1,exact,,,2,2.5672005760922983e-05,,,,0.01388254199991934,52ba80379c2a0436a972dc50c858dd506d716e43
dv3-B-lgcp-000346,3,B,lgcp,346,0,,346,3:2:5:346,,test,0,125.0,,,,,,,,,0.32794736013978476,0.6,,,,,,,4.664340057232409,0.05366563145999495,256,0.49999999999999983,0.978996102789929,,1,118,1,exact,,,2,2.5672005760922983e-05,,,,0.017960083998332266,a88246a426e63ffc9a0ccb0dbc31580355b95fe4
dv3-B-lgcp-000347,3,B,lgcp,347,0,,347,3:2:5:347,,test,0,125.0,,,,,,,,,0.32794736013978476,0.6,,,,,,,4.664340057232409,0.05366563145999495,256,0.49999999999999983,0.978996102789929,,1,134,1,exact,,,2,2.5672005760922983e-05,,,,0.015317624998715473,8a90c23e1352187d4ddc9f6f892d5ad72c6753f1
dv3-B-lgcp-000348,3,B,lgcp,348,0,,348,3:2:5:348,,test,0,125.0,,,,,,,,,0.32794736013978476,0.6,,,,,,,4.664340057232409,0.05366563145999495,256,0.49999999999999983,0.978996102789929,,1,109,1,exact,,,2,2.5672005760922983e-05,,,,0.016272708999167662,5fb57b6856b66245228d0b87e11d79fd71bd7468
dv3-B-lgcp-000349,3,B,lgcp,349,0,,349,3:2:5:349,,test,0,125.0,,,,,,,,,0.32794736013978476,0.6,,,,,,,4.664340057232409,0.05366563145999495,256,0.49999999999999983,0.978996102789929,,1,119,1,exact,,,2,2.5672005760922983e-05,,,,0.012299207999603823,fa9ffc0c4a42822060890127d7946c5dc05e5c05
dv3-B-lgcp-000350,3,B,lgcp,350,0,,350,3:2:5:350,,test,0,125.0,,,,,,,,,0.32794736013978476,0.6,,,,,,,4.664340057232409,0.05366563145999495,256,0.49999999999999983,0.978996102789929,,1,141,1,exact,,,2,2.5672005760922983e-05,,,,0.019028292001166847,d31544d0277905606ed5501dea5dff25f4172145
dv3-B-lgcp-000351,3,B,lgcp,351,0,,351,3:2:5:351,,test,0,125.0,,,,,,,,,0.32794736013978476,0.6,,,,,,,4.664340057232409,0.05366563145999495,256,0.49999999999999983,0.978996102789929,,1,104,1,exact,,,2,2.5672005760922983e-05,,,,0.015580332998069935,7750a9758f76fe9f2319a3826217d1c6b84d54ae
dv3-B-lgcp-000352,3,B,lgcp,352,0,,352,3:2:5:352,,test,0,125.0,,,,,,,,,0.32794736013978476,0.6,,,,,,,4.664340057232409,0.05366563145999495,256,0.49999999999999983,0.978996102789929,,1,128,1,exact,,,2,2.5672005760922983e-05,,,,0.013814750000165077,5f4a4d0d1fa5aae60eb0ebc543c00e236b692165
dv3-B-lgcp-000353,3,B,lgcp,353,0,,353,3:2:5:353,,test,0,125.0,,,,,,,,,0.32794736013978476,0.6,,,,,,,4.664340057232409,0.05366563145999495,256,0.49999999999999983,0.978996102789929,,1,129,1,exact,,,2,2.5672005760922983e-05,,,,0.014888124998833518,3175061883af7254b0fe0609bc840a6837b9e54c
dv3-B-lgcp-000354,3,B,lgcp,354,0,,354,3:2:5:354,,test,0,125.0,,,,,,,,,0.32794736013978476,0.6,,,,,,,4.664340057232409,0.05366563145999495,256,0.49999999999999983,0.978996102789929,,1,107,1,exact,,,2,2.5672005760922983e-05,,,,0.012995291999686742,b3e7f3389ceb55629c048592601b475365d42bae
dv3-B-lgcp-000355,3,B,lgcp,355,0,,355,3:2:5:355,,test,0,125.0,,,,,,,,,0.32794736013978476,0.6,,,,,,,4.664340057232409,0.05366563145999495,256,0.49999999999999983,0.978996102789929,,1,130,1,exact,,,2,2.5672005760922983e-05,,,,0.013255166002636543,5df960eeec8c58ff6311bd2ae10f0e4fdd331be4
dv3-B-lgcp-000356,3,B,lgcp,356,0,,356,3:2:5:356,,test,0,125.0,,,,,,,,,0.32794736013978476,0.6,,,,,,,4.664340057232409,0.05366563145999495,256,0.49999999999999983,0.978996102789929,,1,134,1,exact,,,2,2.5672005760922983e-05,,,,0.015952792000462068,7c5b87736b990a698a8d50c90a3841097d0d2740
dv3-B-lgcp-000357,3,B,lgcp,357,0,,357,3:2:5:357,,test,0,125.0,,,,,,,,,0.32794736013978476,0.6,,,,,,,4.664340057232409,0.05366563145999495,256,0.49999999999999983,0.978996102789929,,1,123,1,exact,,,2,2.5672005760922983e-05,,,,0.014761040998564567,b084a2b344b59c15f27342c24740c39806bad029
dv3-B-lgcp-000358,3,B,lgcp,358,0,,358,3:2:5:358,,test,0,125.0,,,,,,,,,0.32794736013978476,0.6,,,,,,,4.664340057232409,0.05366563145999495,256,0.49999999999999983,0.978996102789929,,1,107,1,exact,,,2,2.5672005760922983e-05,,,,0.015728292000858346,532578d31b972d3b7d7862cebc0c1c96fb0e6378
dv3-B-lgcp-000359,3,B,lgcp,359,0,,359,3:2:5:359,,test,0,125.0,,,,,,,,,0.32794736013978476,0.6,,,,,,,4.664340057232409,0.05366563145999495,256,0.49999999999999983,0.978996102789929,,1,114,1,exact,,,2,2.5672005760922983e-05,,,,0.011530332998518134,1dcb9f2ffaef6ec4db9a9b57f2be4b03c43ca91a
dv3-B-lgcp-000360,3,B,lgcp,360,0,,360,3:2:5:360,,test,0,125.0,,,,,,,,,0.32794736013978476,0.6,,,,,,,4.664340057232409,0.05366563145999495,256,0.49999999999999983,0.978996102789929,,1,98,1,exact,,,2,2.5672005760922983e-05,,,,0.018159041999751935,25cb77f01e812c916b95a57a8d631e85a5568b25
dv3-B-lgcp-000361,3,B,lgcp,361,0,,361,3:2:5:361,,test,0,125.0,,,,,,,,,0.32794736013978476,0.6,,,,,,,4.664340057232409,0.05366563145999495,256,0.49999999999999983,0.978996102789929,,1,138,1,exact,,,2,2.5672005760922983e-05,,,,0.015775708001456223,8fdad51ce4f87b7063f658825b55c97e539fd9aa
dv3-B-lgcp-000362,3,B,lgcp,362,0,,362,3:2:5:362,,test,0,125.0,,,,,,,,,0.32794736013978476,0.6,,,,,,,4.664340057232409,0.05366563145999495,256,0.49999999999999983,0.978996102789929,,1,158,1,exact,,,2,2.5672005760922983e-05,,,,0.01437633300156449,866826e7c7683edd85da57673996a522f61eff72
dv3-B-lgcp-000363,3,B,lgcp,363,0,,363,3:2:5:363,,test,0,125.0,,,,,,,,,0.32794736013978476,0.6,,,,,,,4.664340057232409,0.05366563145999495,256,0.49999999999999983,0.978996102789929,,1,115,1,exact,,,2,2.5672005760922983e-05,,,,0.01464812499762047,89c55e1cdf5d77b1a9bca7dc431378a0d80556e3
dv3-B-lgcp-000364,3,B,lgcp,364,0,,364,3:2:5:364,,test,0,125.0,,,,,,,,,0.32794736013978476,0.6,,,,,,,4.664340057232409,0.05366563145999495,256,0.49999999999999983,0.978996102789929,,1,134,1,exact,,,2,2.5672005760922983e-05,,,,0.01716416699855472,d3869fc4f96804af07a201161fa3cee1c79fab73
dv3-B-lgcp-000365,3,B,lgcp,365,0,,365,3:2:5:365,,test,0,125.0,,,,,,,,,0.32794736013978476,0.6,,,,,,,4.664340057232409,0.05366563145999495,256,0.49999999999999983,0.978996102789929,,1,137,1,exact,,,2,2.5672005760922983e-05,,,,0.015266750000591855,f7bb49d04e22bf17b1c3968259b57b1b03bf54cb
dv3-B-lgcp-000366,3,B,lgcp,366,0,,366,3:2:5:366,,test,0,125.0,,,,,,,,,0.32794736013978476,0.6,,,,,,,4.664340057232409,0.05366563145999495,256,0.49999999999999983,0.978996102789929,,1,142,1,exact,,,2,2.5672005760922983e-05,,,,0.01743370799886179,f60146d181f5dc06330794f734358bd04ff671df
dv3-B-lgcp-000367,3,B,lgcp,367,0,,367,3:2:5:367,,test,0,125.0,,,,,,,,,0.32794736013978476,0.6,,,,,,,4.664340057232409,0.05366563145999495,256,0.49999999999999983,0.978996102789929,,1,115,1,exact,,,2,2.5672005760922983e-05,,,,0.019234291001339443,d1e1704eafc3629c5e9c6b79b15cd7473ac5ad8f
dv3-B-lgcp-000368,3,B,lgcp,368,0,,368,3:2:5:368,,test,0,125.0,,,,,,,,,0.32794736013978476,0.6,,,,,,,4.664340057232409,0.05366563145999495,256,0.49999999999999983,0.978996102789929,,1,109,1,exact,,,2,2.5672005760922983e-05,,,,0.013389250001637265,00bacabc6a08a527ef55c4d7eb6e756a4512f4b5
dv3-B-lgcp-000369,3,B,lgcp,369,0,,369,3:2:5:369,,test,0,125.0,,,,,,,,,0.32794736013978476,0.6,,,,,,,4.664340057232409,0.05366563145999495,256,0.49999999999999983,0.978996102789929,,1,107,1,exact,,,2,2.5672005760922983e-05,,,,0.015238375002809335,bf520c71ec394c3b09b525da49098949c37f54b7
dv3-B-lgcp-000370,3,B,lgcp,370,0,,370,3:2:5:370,,test,0,125.0,,,,,,,,,0.32794736013978476,0.6,,,,,,,4.664340057232409,0.05366563145999495,256,0.49999999999999983,0.978996102789929,,1,105,1,exact,,,2,2.5672005760922983e-05,,,,0.017502665999927558,eaf8391d2f9b44bd9858705b6973292b0fd98214
dv3-B-lgcp-000371,3,B,lgcp,371,0,,371,3:2:5:371,,test,0,125.0,,,,,,,,,0.32794736013978476,0.6,,,,,,,4.664340057232409,0.05366563145999495,256,0.49999999999999983,0.978996102789929,,1,104,1,exact,,,2,2.5672005760922983e-05,,,,0.02263404200130026,69e34b4b3a486784a1f5b1528f0316f6faedbe81
dv3-B-lgcp-000372,3,B,lgcp,372,0,,372,3:2:5:372,,test,0,125.0,,,,,,,,,0.32794736013978476,0.6,,,,,,,4.664340057232409,0.05366563145999495,256,0.49999999999999983,0.978996102789929,,1,131,1,exact,,,2,2.5672005760922983e-05,,,,0.02113370799997938,f79320c4db2f07d5e37847b1a1072a675cfb4cfd
dv3-B-lgcp-000373,3,B,lgcp,373,0,,373,3:2:5:373,,test,0,125.0,,,,,,,,,0.32794736013978476,0.6,,,,,,,4.664340057232409,0.05366563145999495,256,0.49999999999999983,0.978996102789929,,1,117,1,exact,,,2,2.5672005760922983e-05,,,,0.01276191699798801,a3be442d129b9bf38369bade22e8f940b11dd42e
dv3-B-lgcp-000374,3,B,lgcp,374,0,,374,3:2:5:374,,test,0,125.0,,,,,,,,,0.32794736013978476,0.6,,,,,,,4.664340057232409,0.05366563145999495,256,0.49999999999999983,0.978996102789929,,1,131,1,exact,,,2,2.5672005760922983e-05,,,,0.016344542000297224,8c4a1283d8febc759c38e974118612309ce5ac1b
dv3-B-lgcp-000375,3,B,lgcp,375,0,,375,3:2:5:375,,test,0,125.0,,,,,,,,,0.32794736013978476,0.6,,,,,,,4.664340057232409,0.05366563145999495,256,0.49999999999999983,0.978996102789929,,1,115,1,exact,,,2,2.5672005760922983e-05,,,,0.01849620799839613,546bba481d54fa1c1005295c17fce7516be0b4e6
dv3-B-lgcp-000376,3,B,lgcp,376,0,,376,3:2:5:376,,test,0,125.0,,,,,,,,,0.32794736013978476,0.6,,,,,,,4.664340057232409,0.05366563145999495,256,0.49999999999999983,0.978996102789929,,1,127,1,exact,,,2,2.5672005760922983e-05,,,,0.014127541002380894,404c26e9698370b0d7ae67d9b2bd0cc040a072d1
dv3-B-lgcp-000377,3,B,lgcp,377,0,,377,3:2:5:377,,test,0,125.0,,,,,,,,,0.32794736013978476,0.6,,,,,,,4.664340057232409,0.05366563145999495,256,0.49999999999999983,0.978996102789929,,1,118,1,exact,,,2,2.5672005760922983e-05,,,,0.011286959001154173,c60b5f654b1f1d05500adf463b46b982f6be2e72
dv3-B-lgcp-000378,3,B,lgcp,378,0,,378,3:2:5:378,,test,0,125.0,,,,,,,,,0.32794736013978476,0.6,,,,,,,4.664340057232409,0.05366563145999495,256,0.49999999999999983,0.978996102789929,,1,132,1,exact,,,2,2.5672005760922983e-05,,,,0.015569125000183703,6b1593d1b86491731e841968f40e3fb8ab4046e7
dv3-B-lgcp-000379,3,B,lgcp,379,0,,379,3:2:5:379,,test,0,125.0,,,,,,,,,0.32794736013978476,0.6,,,,,,,4.664340057232409,0.05366563145999495,256,0.49999999999999983,0.978996102789929,,1,104,1,exact,,,2,2.5672005760922983e-05,,,,0.02065704200140317,9dcaa4c951a256b1d85a161d8dad18501356fe82
dv3-B-lgcp-000380,3,B,lgcp,380,0,,380,3:2:5:380,,test,0,125.0,,,,,,,,,0.32794736013978476,0.6,,,,,,,4.664340057232409,0.05366563145999495,256,0.49999999999999983,0.978996102789929,,1,131,1,exact,,,2,2.5672005760922983e-05,,,,0.017685582999547478,da54e7ba5f4f30969b99f7b7ee8a7c73ac2b346b
dv3-B-lgcp-000381,3,B,lgcp,381,0,,381,3:2:5:381,,test,0,125.0,,,,,,,,,0.32794736013978476,0.6,,,,,,,4.664340057232409,0.05366563145999495,256,0.49999999999999983,0.978996102789929,,1,147,1,exact,,,2,2.5672005760922983e-05,,,,0.012441333001333987,fc62e47b55833d2a3dbbf4514934703548eed2fb
dv3-B-lgcp-000382,3,B,lgcp,382,0,,382,3:2:5:382,,test,0,125.0,,,,,,,,,0.32794736013978476,0.6,,,,,,,4.664340057232409,0.05366563145999495,256,0.49999999999999983,0.978996102789929,,1,116,1,exact,,,2,2.5672005760922983e-05,,,,0.01682716700088349,342fa00c3855a54ff6adbb1b9ac54f41cb16b7db
dv3-B-lgcp-000383,3,B,lgcp,383,0,,383,3:2:5:383,,test,0,125.0,,,,,,,,,0.32794736013978476,0.6,,,,,,,4.664340057232409,0.05366563145999495,256,0.49999999999999983,0.978996102789929,,1,138,1,exact,,,2,2.5672005760922983e-05,,,,0.019546291998267407,8abcb9146a173b91b05b98e433cfbc8bacadf9e4
dv3-B-lgcp-000384,3,B,lgcp,384,0,,384,3:2:5:384,,test,0,125.0,,,,,,,,,0.32794736013978476,0.6,,,,,,,4.664340057232409,0.05366563145999495,256,0.49999999999999983,0.978996102789929,,1,129,1,exact,,,2,2.5672005760922983e-05,,,,0.01116537499910919,db965a5a8dbc5a883da969c05bc3921431c67900
dv3-B-lgcp-000385,3,B,lgcp,385,0,,385,3:2:5:385,,test,0,125.0,,,,,,,,,0.32794736013978476,0.6,,,,,,,4.664340057232409,0.05366563145999495,256,0.49999999999999983,0.978996102789929,,1,100,1,exact,,,2,2.5672005760922983e-05,,,,0.018269290998432552,a6a2c5e96172cdfa7079db07793b5713bf026db2
dv3-B-lgcp-000386,3,B,lgcp,386,0,,386,3:2:5:386,,test,0,125.0,,,,,,,,,0.32794736013978476,0.6,,,,,,,4.664340057232409,0.05366563145999495,256,0.49999999999999983,0.978996102789929,,1,104,1,exact,,,2,2.5672005760922983e-05,,,,0.018348083998716902,0ad596d16fa17824905cb498afddf99991ce4d8f
dv3-B-lgcp-000387,3,B,lgcp,387,0,,387,3:2:5:387,,test,0,125.0,,,,,,,,,0.32794736013978476,0.6,,,,,,,4.664340057232409,0.05366563145999495,256,0.49999999999999983,0.978996102789929,,1,107,1,exact,,,2,2.5672005760922983e-05,,,,0.014882458999636583,30022df571da614b33226b9f049fb74ddb542ba0
dv3-B-lgcp-000388,3,B,lgcp,388,0,,388,3:2:5:388,,test,0,125.0,,,,,,,,,0.32794736013978476,0.6,,,,,,,4.664340057232409,0.05366563145999495,256,0.49999999999999983,0.978996102789929,,1,108,1,exact,,,2,2.5672005760922983e-05,,,,0.018177583999204217,a8b49eea763f1b1f9b689a0fe0e93c348849a70e
dv3-B-lgcp-000389,3,B,lgcp,389,0,,389,3:2:5:389,,test,0,125.0,,,,,,,,,0.32794736013978476,0.6,,,,,,,4.664340057232409,0.05366563145999495,256,0.49999999999999983,0.978996102789929,,1,131,1,exact,,,2,2.5672005760922983e-05,,,,0.0152119579979626,bc872664cf7e5fd3e12132bea3fe983f5f189a21
dv3-B-lgcp-000390,3,B,lgcp,390,0,,390,3:2:5:390,,test,0,125.0,,,,,,,,,0.32794736013978476,0.6,,,,,,,4.664340057232409,0.05366563145999495,256,0.49999999999999983,0.978996102789929,,1,121,1,exact,,,2,2.5672005760922983e-05,,,,0.019972916001279373,7376807b129de74ba5bf30d0f37761a3b783b119
dv3-B-lgcp-000391,3,B,lgcp,391,0,,391,3:2:5:391,,test,0,125.0,,,,,,,,,0.32794736013978476,0.6,,,,,,,4.664340057232409,0.05366563145999495,256,0.49999999999999983,0.978996102789929,,1,89,1,exact,,,2,2.5672005760922983e-05,,,,0.01663149999876623,23bfb8aea12ac7356d96fdb5147e4b10674f633c
dv3-B-lgcp-000392,3,B,lgcp,392,0,,392,3:2:5:392,,test,0,125.0,,,,,,,,,0.32794736013978476,0.6,,,,,,,4.664340057232409,0.05366563145999495,256,0.49999999999999983,0.978996102789929,,1,132,1,exact,,,2,2.5672005760922983e-05,,,,0.019525415998941753,d8734ef3bc9313a47845367621725c687e81ab6f
dv3-B-lgcp-000393,3,B,lgcp,393,0,,393,3:2:5:393,,test,0,125.0,,,,,,,,,0.32794736013978476,0.6,,,,,,,4.664340057232409,0.05366563145999495,256,0.49999999999999983,0.978996102789929,,1,101,1,exact,,,2,2.5672005760922983e-05,,,,0.01534308299960685,0f262ae955372790d2a9647f389c3e828e7f5aa1
dv3-B-lgcp-000394,3,B,lgcp,394,0,,394,3:2:5:394,,test,0,125.0,,,,,,,,,0.32794736013978476,0.6,,,,,,,4.664340057232409,0.05366563145999495,256,0.49999999999999983,0.978996102789929,,1,148,1,exact,,,2,2.5672005760922983e-05,,,,0.026229415998386685,43b6661c3889b3501a876d0f2321092c8a205d8c
dv3-B-lgcp-000395,3,B,lgcp,395,0,,395,3:2:5:395,,test,0,125.0,,,,,,,,,0.32794736013978476,0.6,,,,,,,4.664340057232409,0.05366563145999495,256,0.49999999999999983,0.978996102789929,,1,112,1,exact,,,2,2.5672005760922983e-05,,,,0.025630542000726564,00aaa94cb6395f04333a8ae11259fc4ac7ccf4c4
dv3-B-lgcp-000396,3,B,lgcp,396,0,,396,3:2:5:396,,test,0,125.0,,,,,,,,,0.32794736013978476,0.6,,,,,,,4.664340057232409,0.05366563145999495,256,0.49999999999999983,0.978996102789929,,1,130,1,exact,,,2,2.5672005760922983e-05,,,,0.025184041001921287,38012253d8b60188c926df0ec6e92dddbd677d4c
dv3-B-lgcp-000397,3,B,lgcp,397,0,,397,3:2:5:397,,test,0,125.0,,,,,,,,,0.32794736013978476,0.6,,,,,,,4.664340057232409,0.05366563145999495,256,0.49999999999999983,0.978996102789929,,1,154,1,exact,,,2,2.5672005760922983e-05,,,,0.027426042001025053,9650cd4bd0558911bfac79be103ff726ca224973
dv3-B-lgcp-000398,3,B,lgcp,398,0,,398,3:2:5:398,,test,0,125.0,,,,,,,,,0.32794736013978476,0.6,,,,,,,4.664340057232409,0.05366563145999495,256,0.49999999999999983,0.978996102789929,,1,125,1,exact,,,2,2.5672005760922983e-05,,,,0.028560165999806486,a150cf360c7c1f56b5a218c493707e8939203640
dv3-B-lgcp-000399,3,B,lgcp,399,0,,399,3:2:5:399,,test,0,125.0,,,,,,,,,0.32794736013978476,0.6,,,,,,,4.664340057232409,0.05366563145999495,256,0.49999999999999983,0.978996102789929,,1,145,1,exact,,,2,2.5672005760922983e-05,,,,0.029552541000157362,9ca0fb05c36202f9dbe7ae77e1226d17e02c1a68
dv3-B-lgcp-010000,3,B,lgcp,10000,1,,0,3:2:5:10000,,test,0,125.0,,,,,,,,,0.630406387933645,0.6,,,,,,,4.513110543335479,0.05366563145999495,256,1.0000000000000002,0.9519189100239818,,1,132,1,exact,,,2,2.5672005760926862e-05,,,,0.018890708997787442,2df25f15e49703032161e5edebcb9f0866c65b52
dv3-B-lgcp-010001,3,B,lgcp,10001,1,,1,3:2:5:10001,,test,0,125.0,,,,,,,,,0.630406387933645,0.6,,,,,,,4.513110543335479,0.05366563145999495,256,1.0000000000000002,0.9519189100239818,,1,140,1,exact,,,2,2.5672005760926862e-05,,,,0.019347791003383463,70348ffcc1a4c4c30264d97011ecdaf5a9461b34
dv3-B-lgcp-010002,3,B,lgcp,10002,1,,2,3:2:5:10002,,test,0,125.0,,,,,,,,,0.630406387933645,0.6,,,,,,,4.513110543335479,0.05366563145999495,256,1.0000000000000002,0.9519189100239818,,1,103,1,exact,,,2,2.5672005760926862e-05,,,,0.015009582999482518,2ca1d40c480b3d9dfb0ac65d398df1504b09b013
dv3-B-lgcp-010003,3,B,lgcp,10003,1,,3,3:2:5:10003,,test,0,125.0,,,,,,,,,0.630406387933645,0.6,,,,,,,4.513110543335479,0.05366563145999495,256,1.0000000000000002,0.9519189100239818,,1,116,1,exact,,,2,2.5672005760926862e-05,,,,0.02039729199896101,f664a99289573f138481410adbac4da057fd7b44
dv3-B-lgcp-010004,3,B,lgcp,10004,1,,4,3:2:5:10004,,test,0,125.0,,,,,,,,,0.630406387933645,0.6,,,,,,,4.513110543335479,0.05366563145999495,256,1.0000000000000002,0.9519189100239818,,1,115,1,exact,,,2,2.5672005760926862e-05,,,,0.022310250002192333,3b520df95ef4cfdd6eac96acb568ad430d999b71
dv3-B-lgcp-010005,3,B,lgcp,10005,1,,5,3:2:5:10005,,test,0,125.0,,,,,,,,,0.630406387933645,0.6,,,,,,,4.513110543335479,0.05366563145999495,256,1.0000000000000002,0.9519189100239818,,1,123,1,exact,,,2,2.5672005760926862e-05,,,,0.016837417002534494,b5d7cf26aaac64829df60ff16a4b263aabeb7681
dv3-B-lgcp-010006,3,B,lgcp,10006,1,,6,3:2:5:10006,,test,0,125.0,,,,,,,,,0.630406387933645,0.6,,,,,,,4.513110543335479,0.05366563145999495,256,1.0000000000000002,0.9519189100239818,,1,132,1,exact,,,2,2.5672005760926862e-05,,,,0.018521417001466034,aecd2aee7134e4756d56e6d84123b61cfff534ee
dv3-B-lgcp-010007,3,B,lgcp,10007,1,,7,3:2:5:10007,,test,0,125.0,,,,,,,,,0.630406387933645,0.6,,,,,,,4.513110543335479,0.05366563145999495,256,1.0000000000000002,0.9519189100239818,,1,106,1,exact,,,2,2.5672005760926862e-05,,,,0.011270208000496496,0677a663357ecb0ca5456e7255efcf045fc3a732
dv3-B-lgcp-010008,3,B,lgcp,10008,1,,8,3:2:5:10008,,test,0,125.0,,,,,,,,,0.630406387933645,0.6,,,,,,,4.513110543335479,0.05366563145999495,256,1.0000000000000002,0.9519189100239818,,1,136,1,exact,,,2,2.5672005760926862e-05,,,,0.018787542001518887,8c997f9ee2be54e702423a2cf03a9df765073ba9
dv3-B-lgcp-010009,3,B,lgcp,10009,1,,9,3:2:5:10009,,test,0,125.0,,,,,,,,,0.630406387933645,0.6,,,,,,,4.513110543335479,0.05366563145999495,256,1.0000000000000002,0.9519189100239818,,1,131,1,exact,,,2,2.5672005760926862e-05,,,,0.024306375002197456,f91c9265e7875148b58775579be114683ae5b70a
dv3-B-lgcp-010010,3,B,lgcp,10010,1,,10,3:2:5:10010,,test,0,125.0,,,,,,,,,0.630406387933645,0.6,,,,,,,4.513110543335479,0.05366563145999495,256,1.0000000000000002,0.9519189100239818,,1,165,1,exact,,,2,2.5672005760926862e-05,,,,0.015576458001305582,39cf57f3d756fd594796787f651d7947b5a0808f
dv3-B-lgcp-010011,3,B,lgcp,10011,1,,11,3:2:5:10011,,test,0,125.0,,,,,,,,,0.630406387933645,0.6,,,,,,,4.513110543335479,0.05366563145999495,256,1.0000000000000002,0.9519189100239818,,1,118,1,exact,,,2,2.5672005760926862e-05,,,,0.013817458999255905,9f59ff8b926b690f88cf0f86ac4e938ed01ea07a
dv3-B-lgcp-010012,3,B,lgcp,10012,1,,12,3:2:5:10012,,test,0,125.0,,,,,,,,,0.630406387933645,0.6,,,,,,,4.513110543335479,0.05366563145999495,256,1.0000000000000002,0.9519189100239818,,1,138,1,exact,,,2,2.5672005760926862e-05,,,,0.013013125000725267,ebf0054c54679af6a768fea0c4d145794d1afef2
dv3-B-lgcp-010013,3,B,lgcp,10013,1,,13,3:2:5:10013,,test,0,125.0,,,,,,,,,0.630406387933645,0.6,,,,,,,4.513110543335479,0.05366563145999495,256,1.0000000000000002,0.9519189100239818,,1,104,1,exact,,,2,2.5672005760926862e-05,,,,0.017643415998463752,fbeb88ef3724d71df71a2fa86937c460d0a833dc
dv3-B-lgcp-010014,3,B,lgcp,10014,1,,14,3:2:5:10014,,test,0,125.0,,,,,,,,,0.630406387933645,0.6,,,,,,,4.513110543335479,0.05366563145999495,256,1.0000000000000002,0.9519189100239818,,1,71,1,exact,,,2,2.5672005760926862e-05,,,,0.012803625002561603,49fa893f0811bfe86b51e3a6a9d054ac2e4b61ad
dv3-B-lgcp-010015,3,B,lgcp,10015,1,,15,3:2:5:10015,,test,0,125.0,,,,,,,,,0.630406387933645,0.6,,,,,,,4.513110543335479,0.05366563145999495,256,1.0000000000000002,0.9519189100239818,,1,101,1,exact,,,2,2.5672005760926862e-05,,,,0.016594958000496263,593530ffdac2a9cd96ce4c304adce38e2e8b3488
dv3-B-lgcp-010016,3,B,lgcp,10016,1,,16,3:2:5:10016,,test,0,125.0,,,,,,,,,0.630406387933645,0.6,,,,,,,4.513110543335479,0.05366563145999495,256,1.0000000000000002,0.9519189100239818,,1,122,1,exact,,,2,2.5672005760926862e-05,,,,0.015816209001059178,183b20838a70cb91bc88ffa0e28445cbfc4fc760
dv3-B-lgcp-010017,3,B,lgcp,10017,1,,17,3:2:5:10017,,test,0,125.0,,,,,,,,,0.630406387933645,0.6,,,,,,,4.513110543335479,0.05366563145999495,256,1.0000000000000002,0.9519189100239818,,1,132,1,exact,,,2,2.5672005760926862e-05,,,,0.019535834002454067,467adfd2f47688191f3d472776ea3bb85f2c7af3
dv3-B-lgcp-010018,3,B,lgcp,10018,1,,18,3:2:5:10018,,test,0,125.0,,,,,,,,,0.630406387933645,0.6,,,,,,,4.513110543335479,0.05366563145999495,256,1.0000000000000002,0.9519189100239818,,1,146,1,exact,,,2,2.5672005760926862e-05,,,,0.01362383300147485,41e12c628488b4c817fae438dbd7c1d0792aacbc
dv3-B-lgcp-010019,3,B,lgcp,10019,1,,19,3:2:5:10019,,test,0,125.0,,,,,,,,,0.630406387933645,0.6,,,,,,,4.513110543335479,0.05366563145999495,256,1.0000000000000002,0.9519189100239818,,1,140,1,exact,,,2,2.5672005760926862e-05,,,,0.01891629199963063,a8e09f37e4fb2eb0489b867ed93f8d55f3eade35
dv3-B-lgcp-010020,3,B,lgcp,10020,1,,20,3:2:5:10020,,test,0,125.0,,,,,,,,,0.630406387933645,0.6,,,,,,,4.513110543335479,0.05366563145999495,256,1.0000000000000002,0.9519189100239818,,1,120,1,exact,,,2,2.5672005760926862e-05,,,,0.018972457997733727,6b330d4f95f8eb2404168af39c81681979a5fa69
dv3-B-lgcp-010021,3,B,lgcp,10021,1,,21,3:2:5:10021,,test,0,125.0,,,,,,,,,0.630406387933645,0.6,,,,,,,4.513110543335479,0.05366563145999495,256,1.0000000000000002,0.9519189100239818,,1,122,1,exact,,,2,2.5672005760926862e-05,,,,0.020912833999318536,e848204c8fa1b53a8c3e83cc924ece684e0779bd
dv3-B-lgcp-010022,3,B,lgcp,10022,1,,22,3:2:5:10022,,test,0,125.0,,,,,,,,,0.630406387933645,0.6,,,,,,,4.513110543335479,0.05366563145999495,256,1.0000000000000002,0.9519189100239818,,1,78,1,exact,,,2,2.5672005760926862e-05,,,,0.017435249999834923,7fe467f7b9ebf1a8384e9d5cf31fcfe04963bd5d
dv3-B-lgcp-010023,3,B,lgcp,10023,1,,23,3:2:5:10023,,test,0,125.0,,,,,,,,,0.630406387933645,0.6,,,,,,,4.513110543335479,0.05366563145999495,256,1.0000000000000002,0.9519189100239818,,1,123,1,exact,,,2,2.5672005760926862e-05,,,,0.01487125000130618,3c9a0e4640e45d3481f0d3f957aa2492789a4d5a
dv3-B-lgcp-010024,3,B,lgcp,10024,1,,24,3:2:5:10024,,test,0,125.0,,,,,,,,,0.630406387933645,0.6,,,,,,,4.513110543335479,0.05366563145999495,256,1.0000000000000002,0.9519189100239818,,1,133,1,exact,,,2,2.5672005760926862e-05,,,,0.016137582999363076,c550c0cd9d8599a675c431c11acd3c2f5365ebc0
dv3-B-lgcp-010025,3,B,lgcp,10025,1,,25,3:2:5:10025,,test,0,125.0,,,,,,,,,0.630406387933645,0.6,,,,,,,4.513110543335479,0.05366563145999495,256,1.0000000000000002,0.9519189100239818,,1,114,1,exact,,,2,2.5672005760926862e-05,,,,0.016030291000788566,0611b70a1cba7a9f19ab6264ab93b2fb658b467c
dv3-B-lgcp-010026,3,B,lgcp,10026,1,,26,3:2:5:10026,,test,0,125.0,,,,,,,,,0.630406387933645,0.6,,,,,,,4.513110543335479,0.05366563145999495,256,1.0000000000000002,0.9519189100239818,,1,123,1,exact,,,2,2.5672005760926862e-05,,,,0.011380167001334485,3ac9c956d61da61c8659fc1113b87418141dcb28
dv3-B-lgcp-010027,3,B,lgcp,10027,1,,27,3:2:5:10027,,test,0,125.0,,,,,,,,,0.630406387933645,0.6,,,,,,,4.513110543335479,0.05366563145999495,256,1.0000000000000002,0.9519189100239818,,1,105,1,exact,,,2,2.5672005760926862e-05,,,,0.01488637500006007,08048d3c31ed049b95ce15b448810f0829305bc6
dv3-B-lgcp-010028,3,B,lgcp,10028,1,,28,3:2:5:10028,,test,0,125.0,,,,,,,,,0.630406387933645,0.6,,,,,,,4.513110543335479,0.05366563145999495,256,1.0000000000000002,0.9519189100239818,,1,129,1,exact,,,2,2.5672005760926862e-05,,,,0.017000999996525934,0dd78135fbfd4c0dcd0febae12d36250632067ec
dv3-B-lgcp-010029,3,B,lgcp,10029,1,,29,3:2:5:10029,,test,0,125.0,,,,,,,,,0.630406387933645,0.6,,,,,,,4.513110543335479,0.05366563145999495,256,1.0000000000000002,0.9519189100239818,,1,120,1,exact,,,2,2.5672005760926862e-05,,,,0.015008083999418886,510f97e79e63d68b5fa3d771a101e8095d0cbe97
dv3-B-lgcp-010030,3,B,lgcp,10030,1,,30,3:2:5:10030,,test,0,125.0,,,,,,,,,0.630406387933645,0.6,,,,,,,4.513110543335479,0.05366563145999495,256,1.0000000000000002,0.9519189100239818,,1,147,1,exact,,,2,2.5672005760926862e-05,,,,0.017013749999023275,79b8506e27eeebdd92afb7445db1afffa701c252
dv3-B-lgcp-010031,3,B,lgcp,10031,1,,31,3:2:5:10031,,test,0,125.0,,,,,,,,,0.630406387933645,0.6,,,,,,,4.513110543335479,0.05366563145999495,256,1.0000000000000002,0.9519189100239818,,1,107,1,exact,,,2,2.5672005760926862e-05,,,,0.019977916999778245,d8f7bedca7a1bcf35fa45ef3899b2d84f31a88e8
dv3-B-lgcp-010032,3,B,lgcp,10032,1,,32,3:2:5:10032,,test,0,125.0,,,,,,,,,0.630406387933645,0.6,,,,,,,4.513110543335479,0.05366563145999495,256,1.0000000000000002,0.9519189100239818,,1,113,1,exact,,,2,2.5672005760926862e-05,,,,0.015083374997630017,b9d670ce4249703e0ee6e4a589cd4d9b50651b42
dv3-B-lgcp-010033,3,B,lgcp,10033,1,,33,3:2:5:10033,,test,0,125.0,,,,,,,,,0.630406387933645,0.6,,,,,,,4.513110543335479,0.05366563145999495,256,1.0000000000000002,0.9519189100239818,,1,111,1,exact,,,2,2.5672005760926862e-05,,,,0.015094833997864043,79dbd4c6b67119fc0767fb87a4cc42b23be2c96b
dv3-B-lgcp-010034,3,B,lgcp,10034,1,,34,3:2:5:10034,,test,0,125.0,,,,,,,,,0.630406387933645,0.6,,,,,,,4.513110543335479,0.05366563145999495,256,1.0000000000000002,0.9519189100239818,,1,104,1,exact,,,2,2.5672005760926862e-05,,,,0.012840915998822311,c34c43862cfc1ebb756d70d7f86a21bb425eb519
dv3-B-lgcp-010035,3,B,lgcp,10035,1,,35,3:2:5:10035,,test,0,125.0,,,,,,,,,0.630406387933645,0.6,,,,,,,4.513110543335479,0.05366563145999495,256,1.0000000000000002,0.9519189100239818,,1,118,1,exact,,,2,2.5672005760926862e-05,,,,0.017703416000586003,585c2bfccf248bd20e6a2153065679cd5ca4273c
dv3-B-lgcp-010036,3,B,lgcp,10036,1,,36,3:2:5:10036,,test,0,125.0,,,,,,,,,0.630406387933645,0.6,,,,,,,4.513110543335479,0.05366563145999495,256,1.0000000000000002,0.9519189100239818,,1,94,1,exact,,,2,2.5672005760926862e-05,,,,0.018964916998811532,64cd13367987afc2e50441e3658b9f66e0ef8a15
dv3-B-lgcp-010037,3,B,lgcp,10037,1,,37,3:2:5:10037,,test,0,125.0,,,,,,,,,0.630406387933645,0.6,,,,,,,4.513110543335479,0.05366563145999495,256,1.0000000000000002,0.9519189100239818,,1,121,1,exact,,,2,2.5672005760926862e-05,,,,0.01971520799997961,0337ade819acb1d26337a438adb65468f0769c30
dv3-B-lgcp-010038,3,B,lgcp,10038,1,,38,3:2:5:10038,,test,0,125.0,,,,,,,,,0.630406387933645,0.6,,,,,,,4.513110543335479,0.05366563145999495,256,1.0000000000000002,0.9519189100239818,,1,146,1,exact,,,2,2.5672005760926862e-05,,,,0.0167336249978689,56dcfc62f917ba48fda96de8e45eb42cb1bb2e24
dv3-B-lgcp-010039,3,B,lgcp,10039,1,,39,3:2:5:10039,,test,0,125.0,,,,,,,,,0.630406387933645,0.6,,,,,,,4.513110543335479,0.05366563145999495,256,1.0000000000000002,0.9519189100239818,,1,95,1,exact,,,2,2.5672005760926862e-05,,,,0.01732866699967417,fbe735635d9f4d391e40b1ceded636186dddba70
dv3-B-lgcp-010040,3,B,lgcp,10040,1,,40,3:2:5:10040,,test,0,125.0,,,,,,,,,0.630406387933645,0.6,,,,,,,4.513110543335479,0.05366563145999495,256,1.0000000000000002,0.9519189100239818,,1,112,1,exact,,,2,2.5672005760926862e-05,,,,0.015594832999340724,d112ea149a2ae89154da5cf4e006a01d366e177e
dv3-B-lgcp-010041,3,B,lgcp,10041,1,,41,3:2:5:10041,,test,0,125.0,,,,,,,,,0.630406387933645,0.6,,,,,,,4.513110543335479,0.05366563145999495,256,1.0000000000000002,0.9519189100239818,,1,104,1,exact,,,2,2.5672005760926862e-05,,,,0.01401041699864436,73197b32518e68560f507dbe55c9b999e6585bd3
dv3-B-lgcp-010042,3,B,lgcp,10042,1,,42,3:2:5:10042,,test,0,125.0,,,,,,,,,0.630406387933645,0.6,,,,,,,4.513110543335479,0.05366563145999495,256,1.0000000000000002,0.9519189100239818,,1,143,1,exact,,,2,2.5672005760926862e-05,,,,0.016182999999728054,b61eff761a8d4901b2c36bc42e5b986b970f0e4f
dv3-B-lgcp-010043,3,B,lgcp,10043,1,,43,3:2:5:10043,,test,0,125.0,,,,,,,,,0.630406387933645,0.6,,,,,,,4.513110543335479,0.05366563145999495,256,1.0000000000000002,0.9519189100239818,,1,120,1,exact,,,2,2.5672005760926862e-05,,,,0.011875083000632003,4742db63b910570cea08ac3cd5d5bc235238aa9d
dv3-B-lgcp-010044,3,B,lgcp,10044,1,,44,3:2:5:10044,,test,0,125.0,,,,,,,,,0.630406387933645,0.6,,,,,,,4.513110543335479,0.05366563145999495,256,1.0000000000000002,0.9519189100239818,,1,127,1,exact,,,2,2.5672005760926862e-05,,,,0.014808167001319816,37563a932f06da6002f4e9e04a906d0d7e61811a
dv3-B-lgcp-010045,3,B,lgcp,10045,1,,45,3:2:5:10045,,test,0,125.0,,,,,,,,,0.630406387933645,0.6,,,,,,,4.513110543335479,0.05366563145999495,256,1.0000000000000002,0.9519189100239818,,1,116,1,exact,,,2,2.5672005760926862e-05,,,,0.013707291000173427,0245636b38f9fa08f9b35bc236835244b7591390
dv3-B-lgcp-010046,3,B,lgcp,10046,1,,46,3:2:5:10046,,test,0,125.0,,,,,,,,,0.630406387933645,0.6,,,,,,,4.513110543335479,0.05366563145999495,256,1.0000000000000002,0.9519189100239818,,1,137,1,exact,,,2,2.5672005760926862e-05,,,,0.024627582999528386,48a39853a41c9c7a4b03e75572bd73150a9f9278
dv3-B-lgcp-010047,3,B,lgcp,10047,1,,47,3:2:5:10047,,test,0,125.0,,,,,,,,,0.630406387933645,0.6,,,,,,,4.513110543335479,0.05366563145999495,256,1.0000000000000002,0.9519189100239818,,1,86,1,exact,,,2,2.5672005760926862e-05,,,,0.017014875000313623,946f4c21848ae3a668f762f24b6e5a6912246f03
dv3-B-lgcp-010048,3,B,lgcp,10048,1,,48,3:2:5:10048,,test,0,125.0,,,,,,,,,0.630406387933645,0.6,,,,,,,4.513110543335479,0.05366563145999495,256,1.0000000000000002,0.9519189100239818,,1,120,1,exact,,,2,2.5672005760926862e-05,,,,0.01408008299767971,8193d5e7f9bebfe099b3b508ac9cc10c06824c18
dv3-B-lgcp-010049,3,B,lgcp,10049,1,,49,3:2:5:10049,,test,0,125.0,,,,,,,,,0.630406387933645,0.6,,,,,,,4.513110543335479,0.05366563145999495,256,1.0000000000000002,0.9519189100239818,,1,107,1,exact,,,2,2.5672005760926862e-05,,,,0.014244584002881311,c0e7b8283a4cfb911b8eeefb009d182466030c81
dv3-B-lgcp-010050,3,B,lgcp,10050,1,,50,3:2:5:10050,,test,0,125.0,,,,,,,,,0.630406387933645,0.6,,,,,,,4.513110543335479,0.05366563145999495,256,1.0000000000000002,0.9519189100239818,,1,113,1,exact,,,2,2.5672005760926862e-05,,,,0.019056875000387663,2f3849fb4b369988c8821d3f3b2a2b29fbbbeaa8
dv3-B-lgcp-010051,3,B,lgcp,10051,1,,51,3:2:5:10051,,test,0,125.0,,,,,,,,,0.630406387933645,0.6,,,,,,,4.513110543335479,0.05366563145999495,256,1.0000000000000002,0.9519189100239818,,1,174,1,exact,,,2,2.5672005760926862e-05,,,,0.014637625001341803,d8ada935663cfdffe160c12c0c0bf2d5b24848c6
dv3-B-lgcp-010052,3,B,lgcp,10052,1,,52,3:2:5:10052,,test,0,125.0,,,,,,,,,0.630406387933645,0.6,,,,,,,4.513110543335479,0.05366563145999495,256,1.0000000000000002,0.9519189100239818,,1,151,1,exact,,,2,2.5672005760926862e-05,,,,0.014495458999590483,3b6c7641c3a41a76d8b99b23e99e16b88ba355f4
dv3-B-lgcp-010053,3,B,lgcp,10053,1,,53,3:2:5:10053,,test,0,125.0,,,,,,,,,0.630406387933645,0.6,,,,,,,4.513110543335479,0.05366563145999495,256,1.0000000000000002,0.9519189100239818,,1,140,1,exact,,,2,2.5672005760926862e-05,,,,0.017702582998026628,d08d0276c422d6457a9d798b485b6425e5e4901a
dv3-B-lgcp-010054,3,B,lgcp,10054,1,,54,3:2:5:10054,,test,0,125.0,,,,,,,,,0.630406387933645,0.6,,,,,,,4.513110543335479,0.05366563145999495,256,1.0000000000000002,0.9519189100239818,,1,120,1,exact,,,2,2.5672005760926862e-05,,,,0.014009582999278791,824eef062647e5bf7e56db04944f44a824089e48
dv3-B-lgcp-010055,3,B,lgcp,10055,1,,55,3:2:5:10055,,test,0,125.0,,,,,,,,,0.630406387933645,0.6,,,,,,,4.513110543335479,0.05366563145999495,256,1.0000000000000002,0.9519189100239818,,1,121,1,exact,,,2,2.5672005760926862e-05,,,,0.011869124999066116,15296d222787aa717c6e6d5e64fd134f1117aff8
dv3-B-lgcp-010056,3,B,lgcp,10056,1,,56,3:2:5:10056,,test,0,125.0,,,,,,,,,0.630406387933645,0.6,,,,,,,4.513110543335479,0.05366563145999495,256,1.0000000000000002,0.9519189100239818,,1,162,1,exact,,,2,2.5672005760926862e-05,,,,0.012897000000521075,1672867b2738fb301a1f6f393b2d67f2e627b39a
dv3-B-lgcp-010057,3,B,lgcp,10057,1,,57,3:2:5:10057,,test,0,125.0,,,,,,,,,0.630406387933645,0.6,,,,,,,4.513110543335479,0.05366563145999495,256,1.0000000000000002,0.9519189100239818,,1,148,1,exact,,,2,2.5672005760926862e-05,,,,0.020009708001452964,502448493b01c80ac3f697e0bcefa06cb460f0d1
dv3-B-lgcp-010058,3,B,lgcp,10058,1,,58,3:2:5:10058,,test,0,125.0,,,,,,,,,0.630406387933645,0.6,,,,,,,4.513110543335479,0.05366563145999495,256,1.0000000000000002,0.9519189100239818,,1,125,1,exact,,,2,2.5672005760926862e-05,,,,0.019126041999697918,26219fd03f7748a2ac9d1664b5c1831c1012909c
dv3-B-lgcp-010059,3,B,lgcp,10059,1,,59,3:2:5:10059,,test,0,125.0,,,,,,,,,0.630406387933645,0.6,,,,,,,4.513110543335479,0.05366563145999495,256,1.0000000000000002,0.9519189100239818,,1,137,1,exact,,,2,2.5672005760926862e-05,,,,0.0189009999994596,9b0cbef7717d5e90571bb8c30f4e28a7366d2aeb
dv3-B-lgcp-010060,3,B,lgcp,10060,1,,60,3:2:5:10060,,test,0,125.0,,,,,,,,,0.630406387933645,0.6,,,,,,,4.513110543335479,0.05366563145999495,256,1.0000000000000002,0.9519189100239818,,1,128,1,exact,,,2,2.5672005760926862e-05,,,,0.016368250002415152,611f003889f38c53c9f74cd724c2588013211951
dv3-B-lgcp-010061,3,B,lgcp,10061,1,,61,3:2:5:10061,,test,0,125.0,,,,,,,,,0.630406387933645,0.6,,,,,,,4.513110543335479,0.05366563145999495,256,1.0000000000000002,0.9519189100239818,,1,138,1,exact,,,2,2.5672005760926862e-05,,,,0.02092445899688755,6a170677d7cbc0fe6330692451ade7ab2bfe6209
dv3-B-lgcp-010062,3,B,lgcp,10062,1,,62,3:2:5:10062,,test,0,125.0,,,,,,,,,0.630406387933645,0.6,,,,,,,4.513110543335479,0.05366563145999495,256,1.0000000000000002,0.9519189100239818,,1,117,1,exact,,,2,2.5672005760926862e-05,,,,0.0156293750005716,fb4701334967ae1462fa62bf0e5851de32f1fb05
dv3-B-lgcp-010063,3,B,lgcp,10063,1,,63,3:2:5:10063,,test,0,125.0,,,,,,,,,0.630406387933645,0.6,,,,,,,4.513110543335479,0.05366563145999495,256,1.0000000000000002,0.9519189100239818,,1,135,1,exact,,,2,2.5672005760926862e-05,,,,0.013290667000546819,cc2cb57c1ac31af5918f7f388721da2ac8244204
dv3-B-lgcp-010064,3,B,lgcp,10064,1,,64,3:2:5:10064,,test,0,125.0,,,,,,,,,0.630406387933645,0.6,,,,,,,4.513110543335479,0.05366563145999495,256,1.0000000000000002,0.9519189100239818,,1,126,1,exact,,,2,2.5672005760926862e-05,,,,0.018195417000242742,6eca8001fbe76d7b9e8cd91ac1ceaa2c1b6afc08
dv3-B-lgcp-010065,3,B,lgcp,10065,1,,65,3:2:5:10065,,test,0,125.0,,,,,,,,,0.630406387933645,0.6,,,,,,,4.513110543335479,0.05366563145999495,256,1.0000000000000002,0.9519189100239818,,1,136,1,exact,,,2,2.5672005760926862e-05,,,,0.014426207999349572,f61d9fdd044cb80a7d6a1c739a6fcae2796aa7ce
dv3-B-lgcp-010066,3,B,lgcp,10066,1,,66,3:2:5:10066,,test,0,125.0,,,,,,,,,0.630406387933645,0.6,,,,,,,4.513110543335479,0.05366563145999495,256,1.0000000000000002,0.9519189100239818,,1,122,1,exact,,,2,2.5672005760926862e-05,,,,0.018178832997364225,662072ec6017b791a56b75f69ccf91cdde1f6d36
dv3-B-lgcp-010067,3,B,lgcp,10067,1,,67,3:2:5:10067,,test,0,125.0,,,,,,,,,0.630406387933645,0.6,,,,,,,4.513110543335479,0.05366563145999495,256,1.0000000000000002,0.9519189100239818,,1,136,1,exact,,,2,2.5672005760926862e-05,,,,0.015423083001223858,4eb0d7b546cbbf3eaddc93f744ae47120a1920af
dv3-B-lgcp-010068,3,B,lgcp,10068,1,,68,3:2:5:10068,,test,0,125.0,,,,,,,,,0.630406387933645,0.6,,,,,,,4.513110543335479,0.05366563145999495,256,1.0000000000000002,0.9519189100239818,,1,142,1,exact,,,2,2.5672005760926862e-05,,,,0.015333874998759711,c32fcb82e9244900d182a59bf215bc61cd9b3054
dv3-B-lgcp-010069,3,B,lgcp,10069,1,,69,3:2:5:10069,,test,0,125.0,,,,,,,,,0.630406387933645,0.6,,,,,,,4.513110543335479,0.05366563145999495,256,1.0000000000000002,0.9519189100239818,,1,100,1,exact,,,2,2.5672005760926862e-05,,,,0.01471345800018753,a4630c3ab48678a96b2e066fb63f6e37ea34a43a
dv3-B-lgcp-010070,3,B,lgcp,10070,1,,70,3:2:5:10070,,test,0,125.0,,,,,,,,,0.630406387933645,0.6,,,,,,,4.513110543335479,0.05366563145999495,256,1.0000000000000002,0.9519189100239818,,1,136,1,exact,,,2,2.5672005760926862e-05,,,,0.01644279099855339,f02c0aff0df3259443db361ee3421950af4da580
dv3-B-lgcp-010071,3,B,lgcp,10071,1,,71,3:2:5:10071,,test,0,125.0,,,,,,,,,0.630406387933645,0.6,,,,,,,4.513110543335479,0.05366563145999495,256,1.0000000000000002,0.9519189100239818,,1,148,1,exact,,,2,2.5672005760926862e-05,,,,0.019992749999801163,d800c291f547a2bec5626d79bfbf942f264adecf
dv3-B-lgcp-010072,3,B,lgcp,10072,1,,72,3:2:5:10072,,test,0,125.0,,,,,,,,,0.630406387933645,0.6,,,,,,,4.513110543335479,0.05366563145999495,256,1.0000000000000002,0.9519189100239818,,1,118,1,exact,,,2,2.5672005760926862e-05,,,,0.014435375000175554,e6713d993106ad0c5d704a0b9c03d81e03be309d
dv3-B-lgcp-010073,3,B,lgcp,10073,1,,73,3:2:5:10073,,test,0,125.0,,,,,,,,,0.630406387933645,0.6,,,,,,,4.513110543335479,0.05366563145999495,256,1.0000000000000002,0.9519189100239818,,1,117,1,exact,,,2,2.5672005760926862e-05,,,,0.013729625003179535,05046a51c3d8a0ced0c7b5313a7460fb6c48fbfa
dv3-B-lgcp-010074,3,B,lgcp,10074,1,,74,3:2:5:10074,,test,0,125.0,,,,,,,,,0.630406387933645,0.6,,,,,,,4.513110543335479,0.05366563145999495,256,1.0000000000000002,0.9519189100239818,,1,148,1,exact,,,2,2.5672005760926862e-05,,,,0.02054133300043759,5f9a714904c700973fa7adacc63076f52ed3271c
dv3-B-lgcp-010075,3,B,lgcp,10075,1,,75,3:2:5:10075,,test,0,125.0,,,,,,,,,0.630406387933645,0.6,,,,,,,4.513110543335479,0.05366563145999495,256,1.0000000000000002,0.9519189100239818,,1,111,1,exact,,,2,2.5672005760926862e-05,,,,0.014685415997519158,84bb5f62da6c8b74b19cb35c71659a4f494071db
dv3-B-lgcp-010076,3,B,lgcp,10076,1,,76,3:2:5:10076,,test,0,125.0,,,,,,,,,0.630406387933645,0.6,,,,,,,4.513110543335479,0.05366563145999495,256,1.0000000000000002,0.9519189100239818,,1,131,1,exact,,,2,2.5672005760926862e-05,,,,0.01225762499962002,d5c111d407214503ab606ced6a3b6e60c3174ca1
dv3-B-lgcp-010077,3,B,lgcp,10077,1,,77,3:2:5:10077,,test,0,125.0,,,,,,,,,0.630406387933645,0.6,,,,,,,4.513110543335479,0.05366563145999495,256,1.0000000000000002,0.9519189100239818,,1,120,1,exact,,,2,2.5672005760926862e-05,,,,0.017594458997336915,30875a37c81c20fc506c9aeb743f058d155a9e2e
dv3-B-lgcp-010078,3,B,lgcp,10078,1,,78,3:2:5:10078,,test,0,125.0,,,,,,,,,0.630406387933645,0.6,,,,,,,4.513110543335479,0.05366563145999495,256,1.0000000000000002,0.9519189100239818,,1,138,1,exact,,,2,2.5672005760926862e-05,,,,0.016528832999028964,ea5ccbc2bda19f035a3be1f50c23328ff08458cf
dv3-B-lgcp-010079,3,B,lgcp,10079,1,,79,3:2:5:10079,,test,0,125.0,,,,,,,,,0.630406387933645,0.6,,,,,,,4.513110543335479,0.05366563145999495,256,1.0000000000000002,0.9519189100239818,,1,119,1,exact,,,2,2.5672005760926862e-05,,,,0.01230845800091629,d1488aa74477c10119961527e37b8a3a9f916a1d
dv3-B-lgcp-010080,3,B,lgcp,10080,1,,80,3:2:5:10080,,test,0,125.0,,,,,,,,,0.630406387933645,0.6,,,,,,,4.513110543335479,0.05366563145999495,256,1.0000000000000002,0.9519189100239818,,1,98,1,exact,,,2,2.5672005760926862e-05,,,,0.016123207999044098,49b5209631df91c7bf5809b278fd896e4f9392b6
dv3-B-lgcp-010081,3,B,lgcp,10081,1,,81,3:2:5:10081,,test,0,125.0,,,,,,,,,0.630406387933645,0.6,,,,,,,4.513110543335479,0.05366563145999495,256,1.0000000000000002,0.9519189100239818,,1,102,1,exact,,,2,2.5672005760926862e-05,,,,0.014699999999720603,7f296e1ddbe9a8aa96678c51672623458ab83358
dv3-B-lgcp-010082,3,B,lgcp,10082,1,,82,3:2:5:10082,,test,0,125.0,,,,,,,,,0.630406387933645,0.6,,,,,,,4.513110543335479,0.05366563145999495,256,1.0000000000000002,0.9519189100239818,,1,97,1,exact,,,2,2.5672005760926862e-05,,,,0.0196814170012658,fe566958d4830f4c04f1a3d99f55000a39a381dd
dv3-B-lgcp-010083,3,B,lgcp,10083,1,,83,3:2:5:10083,,test,0,125.0,,,,,,,,,0.630406387933645,0.6,,,,,,,4.513110543335479,0.05366563145999495,256,1.0000000000000002,0.9519189100239818,,1,133,1,exact,,,2,2.5672005760926862e-05,,,,0.019009457999345614,5d967a406354e327e6b6ad61eb680a191b104783
dv3-B-lgcp-010084,3,B,lgcp,10084,1,,84,3:2:5:10084,,test,0,125.0,,,,,,,,,0.630406387933645,0.6,,,,,,,4.513110543335479,0.05366563145999495,256,1.0000000000000002,0.9519189100239818,,1,124,1,exact,,,2,2.5672005760926862e-05,,,,0.014931458001228748,f58bc01be7b77a32e18d88a60f0bf98dee34f63c
dv3-B-lgcp-010085,3,B,lgcp,10085,1,,85,3:2:5:10085,,test,0,125.0,,,,,,,,,0.630406387933645,0.6,,,,,,,4.513110543335479,0.05366563145999495,256,1.0000000000000002,0.9519189100239818,,1,117,1,exact,,,2,2.5672005760926862e-05,,,,0.017324874999758322,61a0d319a92153941a91c16ef6113a1a5b268e19
dv3-B-lgcp-010086,3,B,lgcp,10086,1,,86,3:2:5:10086,,test,0,125.0,,,,,,,,,0.630406387933645,0.6,,,,,,,4.513110543335479,0.05366563145999495,256,1.0000000000000002,0.9519189100239818,,1,157,1,exact,,,2,2.5672005760926862e-05,,,,0.015865249999478692,7e508ba4fa44fc3ccc061109b3820386caad434c
dv3-B-lgcp-010087,3,B,lgcp,10087,1,,87,3:2:5:10087,,test,0,125.0,,,,,,,,,0.630406387933645,0.6,,,,,,,4.513110543335479,0.05366563145999495,256,1.0000000000000002,0.9519189100239818,,1,106,1,exact,,,2,2.5672005760926862e-05,,,,0.011983790998783661,a67ca24705d13c31db1f7e7735ebb8409e42c476
dv3-B-lgcp-010088,3,B,lgcp,10088,1,,88,3:2:5:10088,,test,0,125.0,,,,,,,,,0.630406387933645,0.6,,,,,,,4.513110543335479,0.05366563145999495,256,1.0000000000000002,0.9519189100239818,,1,132,1,exact,,,2,2.5672005760926862e-05,,,,0.013342292000743328,1b6c5c00184d60401bb19dd864ab0d3da8e31b88
dv3-B-lgcp-010089,3,B,lgcp,10089,1,,89,3:2:5:10089,,test,0,125.0,,,,,,,,,0.630406387933645,0.6,,,,,,,4.513110543335479,0.05366563145999495,256,1.0000000000000002,0.9519189100239818,,1,137,1,exact,,,2,2.5672005760926862e-05,,,,0.014742374998604646,4b61b9d8ebaada7053c133e31044847fe268bebe
dv3-B-lgcp-010090,3,B,lgcp,10090,1,,90,3:2:5:10090,,test,0,125.0,,,,,,,,,0.630406387933645,0.6,,,,,,,4.513110543335479,0.05366563145999495,256,1.0000000000000002,0.9519189100239818,,1,93,1,exact,,,2,2.5672005760926862e-05,,,,0.016750708000472514,0ebb72d36ad4a981df33602a8aa6181dca7ee624
dv3-B-lgcp-010091,3,B,lgcp,10091,1,,91,3:2:5:10091,,test,0,125.0,,,,,,,,,0.630406387933645,0.6,,,,,,,4.513110543335479,0.05366563145999495,256,1.0000000000000002,0.9519189100239818,,1,149,1,exact,,,2,2.5672005760926862e-05,,,,0.01698420899992925,ada4ade5647aa18db09070f5ad546c15e39d432f
dv3-B-lgcp-010092,3,B,lgcp,10092,1,,92,3:2:5:10092,,test,0,125.0,,,,,,,,,0.630406387933645,0.6,,,,,,,4.513110543335479,0.05366563145999495,256,1.0000000000000002,0.9519189100239818,,1,135,1,exact,,,2,2.5672005760926862e-05,,,,0.012296500000957167,f696754e9887be1440dfe21f3805339e64c76d43
dv3-B-lgcp-010093,3,B,lgcp,10093,1,,93,3:2:5:10093,,test,0,125.0,,,,,,,,,0.630406387933645,0.6,,,,,,,4.513110543335479,0.05366563145999495,256,1.0000000000000002,0.9519189100239818,,1,120,1,exact,,,2,2.5672005760926862e-05,,,,0.011428542002249742,2c419ebeae002f28736b21b8c828f1ecd72cb0d3
dv3-B-lgcp-010094,3,B,lgcp,10094,1,,94,3:2:5:10094,,test,0,125.0,,,,,,,,,0.630406387933645,0.6,,,,,,,4.513110543335479,0.05366563145999495,256,1.0000000000000002,0.9519189100239818,,1,90,1,exact,,,2,2.5672005760926862e-05,,,,0.014099291001912206,f1fb200950639b27aed2d43ce0cb0b70c441eee1
dv3-B-lgcp-010095,3,B,lgcp,10095,1,,95,3:2:5:10095,,test,0,125.0,,,,,,,,,0.630406387933645,0.6,,,,,,,4.513110543335479,0.05366563145999495,256,1.0000000000000002,0.9519189100239818,,1,164,1,exact,,,2,2.5672005760926862e-05,,,,0.03274654200140503,57da8b99f37449ab13045beaafbe7f60c7c8067c
dv3-B-lgcp-010096,3,B,lgcp,10096,1,,96,3:2:5:10096,,test,0,125.0,,,,,,,,,0.630406387933645,0.6,,,,,,,4.513110543335479,0.05366563145999495,256,1.0000000000000002,0.9519189100239818,,1,135,1,exact,,,2,2.5672005760926862e-05,,,,0.014934667000488844,8248a1a82e2d348b23aac6b3b7c7de57c503df73
dv3-B-lgcp-010097,3,B,lgcp,10097,1,,97,3:2:5:10097,,test,0,125.0,,,,,,,,,0.630406387933645,0.6,,,,,,,4.513110543335479,0.05366563145999495,256,1.0000000000000002,0.9519189100239818,,1,133,1,exact,,,2,2.5672005760926862e-05,,,,0.021181959000386996,8dd6f0226205d6b14f6feb0097eeaa45e4470379
dv3-B-lgcp-010098,3,B,lgcp,10098,1,,98,3:2:5:10098,,test,0,125.0,,,,,,,,,0.630406387933645,0.6,,,,,,,4.513110543335479,0.05366563145999495,256,1.0000000000000002,0.9519189100239818,,1,156,1,exact,,,2,2.5672005760926862e-05,,,,0.01578916700236732,3b7876774d8bf4994f98630c04a8b39293c7990d
dv3-B-lgcp-010099,3,B,lgcp,10099,1,,99,3:2:5:10099,,test,0,125.0,,,,,,,,,0.630406387933645,0.6,,,,,,,4.513110543335479,0.05366563145999495,256,1.0000000000000002,0.9519189100239818,,1,109,1,exact,,,2,2.5672005760926862e-05,,,,0.01768945799994981,a72ed0e78b1185bc22b5024bd6b1600fdfa302d8
