case_id,dv,set,family,index,cell_id,level_id,rep,spawn_key,r_seed,split,shard,nbar,mu,s,mu1,mu2,s2,rho,tau,gamma,sigma2,sp,kappa,sigma,sigma1,lam_p,R,beta,mu_log,s_abs,grid_M,delta_tilde,tau_K,tau_K2,prior_tries,n,pattern_tries,sampler,buffer,n_parents,pad_P,min_eig,cftp_start,mh_steps,burnin,wall_s,sha1
dv3-B-lgcp-430300,3,B,lgcp,430300,43,,300,3:2:5:430300,,test,31,500.0,,,,,,,,,0.5384508242539636,1.4,,,,,,,5.9453826862952095,0.0626099033699941,256,4.0,2.2406537277533487,,1,568,1,exact,,,2,1.6167962020031182e-05,,,,0.019341665996762458,6dc8bd4556d374dce9b492039edcabc09d44dc18
dv3-B-lgcp-430301,3,B,lgcp,430301,43,,301,3:2:5:430301,,test,31,500.0,,,,,,,,,0.5384508242539636,1.4,,,,,,,5.9453826862952095,0.0626099033699941,256,4.0,2.2406537277533487,,1,490,1,exact,,,2,1.6167962020031182e-05,,,,0.015372040998045122,d198b99fa26e6479f3a46eb2ae3dc47490b47a66
dv3-B-lgcp-430302,3,B,lgcp,430302,43,,302,3:2:5:430302,,test,31,500.0,,,,,,,,,0.5384508242539636,1.4,,,,,,,5.9453826862952095,0.0626099033699941,256,4.0,2.2406537277533487,,1,439,1,exact,,,2,1.6167962020031182e-05,,,,0.016605832999630366,4e9ce96011fd859eac3089559f6e7a727525a120
dv3-B-lgcp-430303,3,B,lgcp,430303,43,,303,3:2:5:430303,,test,31,500.0,,,,,,,,,0.5384508242539636,1.4,,,,,,,5.9453826862952095,0.0626099033699941,256,4.0,2.2406537277533487,,1,487,1,exact,,,2,1.6167962020031182e-05,,,,0.020170791998680215,220d03ac5fb6b370f9768c1ec020f8d64c2252a9
dv3-B-lgcp-430304,3,B,lgcp,430304,43,,304,3:2:5:430304,,test,31,500.0,,,,,,,,,0.5384508242539636,1.4,,,,,,,5.9453826862952095,0.0626099033699941,256,4.0,2.2406537277533487,,1,521,1,exact,,,2,1.6167962020031182e-05,,,,0.020970041998225497,25f605c120c7c53ae18c3f4660c0220fc8d72598
dv3-B-lgcp-430305,3,B,lgcp,430305,43,,305,3:2:5:430305,,test,31,500.0,,,,,,,,,0.5384508242539636,1.4,,,,,,,5.9453826862952095,0.0626099033699941,256,4.0,2.2406537277533487,,1,498,1,exact,,,2,1.6167962020031182e-05,,,,0.019000374999450287,d1a76a29c2f7a4446e0165049f00dc4e51805558
dv3-B-lgcp-430306,3,B,lgcp,430306,43,,306,3:2:5:430306,,test,31,500.0,,,,,,,,,0.5384508242539636,1.4,,,,,,,5.9453826862952095,0.0626099033699941,256,4.0,2.2406537277533487,,1,452,1,exact,,,2,1.6167962020031182e-05,,,,0.019845333001285326,a898868d85338b36dfe04e320d506005244519fe
dv3-B-lgcp-430307,3,B,lgcp,430307,43,,307,3:2:5:430307,,test,31,500.0,,,,,,,,,0.5384508242539636,1.4,,,,,,,5.9453826862952095,0.0626099033699941,256,4.0,2.2406537277533487,,1,511,1,exact,,,2,1.6167962020031182e-05,,,,0.023120582998672035,f21d1c88f572d4d5695ab14fedcaf4c617c14e29
dv3-B-lgcp-430308,3,B,lgcp,430308,43,,308,3:2:5:430308,,test,31,500.0,,,,,,,,,0.5384508242539636,1.4,,,,,,,5.9453826862952095,0.0626099033699941,256,4.0,2.2406537277533487,,1,449,1,exact,,,2,1.6167962020031182e-05,,,,0.01965754200136871,2b467474ae100cda70b951ad9dc3e0ef0d78a393
dv3-B-lgcp-430309,3,B,lgcp,430309,43,,309,3:2:5:430309,,test,31,500.0,,,,,,,,,0.5384508242539636,1.4,,,,,,,5.9453826862952095,0.0626099033699941,256,4.0,2.2406537277533487,,1,496,1,exact,,,2,1.6167962020031182e-05,,,,0.02088641699810978,6a2a4fbe6da95d7e2cbf1e96db66989d282522bc
dv3-B-lgcp-430310,3,B,lgcp,430310,43,,310,3:2:5:430310,,test,31,500.0,,,,,,,,,0.5384508242539636,1.4,,,,,,,5.9453826862952095,0.0626099033699941,256,4.0,2.2406537277533487,,1,491,1,exact,,,2,1.6167962020031182e-05,,,,0.02091445800033398,9e1bd312517af4ad7ac88b413953840bd762e6ad
dv3-B-lgcp-430311,3,B,lgcp,430311,43,,311,3:2:5:430311,,test,31,500.0,,,,,,,,,0.5384508242539636,1.4,,,,,,,5.9453826862952095,0.0626099033699941,256,4.0,2.2406537277533487,,1,491,1,exact,,,2,1.6167962020031182e-05,,,,0.02509141699920292,a8782ba561f0b43cb801fc345f28b671c731c3ec
dv3-B-lgcp-430312,3,B,lgcp,430312,43,,312,3:2:5:430312,,test,31,500.0,,,,,,,,,0.5384508242539636,1.4,,,,,,,5.9453826862952095,0.0626099033699941,256,4.0,2.2406537277533487,,1,507,1,exact,,,2,1.6167962020031182e-05,,,,0.0178172909982095,2b235c60efceea341fe753bd54780d180cad9770
dv3-B-lgcp-430313,3,B,lgcp,430313,43,,313,3:2:5:430313,,test,31,500.0,,,,,,,,,0.5384508242539636,1.4,,,,,,,5.9453826862952095,0.0626099033699941,256,4.0,2.2406537277533487,,1,468,1,exact,,,2,1.6167962020031182e-05,,,,0.015199665998807177,e9f96621a0240908a6010d44996d8d91517c575a
dv3-B-lgcp-430314,3,B,lgcp,430314,43,,314,3:2:5:430314,,test,31,500.0,,,,,,,,,0.5384508242539636,1.4,,,,,,,5.9453826862952095,0.0626099033699941,256,4.0,2.2406537277533487,,1,401,1,exact,,,2,1.6167962020031182e-05,,,,0.018351082999288337,7210701c5f44f19e6d6af921d965cc869fb94025
dv3-B-lgcp-430315,3,B,lgcp,430315,43,,315,3:2:5:430315,,test,31,500.0,,,,,,,,,0.5384508242539636,1.4,,,,,,,5.9453826862952095,0.0626099033699941,256,4.0,2.2406537277533487,,1,430,1,exact,,,2,1.6167962020031182e-05,,,,0.02200341600109823,5ad9ab3e574364c85f9df445d8ed9b489c3c778f
dv3-B-lgcp-430316,3,B,lgcp,430316,43,,316,3:2:5:430316,,test,31,500.0,,,,,,,,,0.5384508242539636,1.4,,,,,,,5.9453826862952095,0.0626099033699941,256,4.0,2.2406537277533487,,1,598,1,exact,,,2,1.6167962020031182e-05,,,,0.01882287500120583,0ea1e119428e70b972c9a5006a510e3c1dde3280
dv3-B-lgcp-430317,3,B,lgcp,430317,43,,317,3:2:5:430317,,test,31,500.0,,,,,,,,,0.5384508242539636,1.4,,,,,,,5.9453826862952095,0.0626099033699941,256,4.0,2.2406537277533487,,1,570,1,exact,,,2,1.6167962020031182e-05,,,,0.013055915998847922,e3efc403dcefb332dcfdc00f9dcd1c7c3ef74d70
dv3-B-lgcp-430318,3,B,lgcp,430318,43,,318,3:2:5:430318,,test,31,500.0,,,,,,,,,0.5384508242539636,1.4,,,,,,,5.9453826862952095,0.0626099033699941,256,4.0,2.2406537277533487,,1,607,1,exact,,,2,1.6167962020031182e-05,,,,0.01917825000055018,66eeed28a926f6af5f8febd736997df7e320c3db
dv3-B-lgcp-430319,3,B,lgcp,430319,43,,319,3:2:5:430319,,test,31,500.0,,,,,,,,,0.5384508242539636,1.4,,,,,,,5.9453826862952095,0.0626099033699941,256,4.0,2.2406537277533487,,1,382,1,exact,,,2,1.6167962020031182e-05,,,,0.016083208996860776,a96ec86b685a736846762dbe89266a2320c83abf
dv3-B-lgcp-430320,3,B,lgcp,430320,43,,320,3:2:5:430320,,test,31,500.0,,,,,,,,,0.5384508242539636,1.4,,,,,,,5.9453826862952095,0.0626099033699941,256,4.0,2.2406537277533487,,1,551,1,exact,,,2,1.6167962020031182e-05,,,,0.014320457998110214,42323a902ef9efd51ea29e8bf6873b5b7d11140b
dv3-B-lgcp-430321,3,B,lgcp,430321,43,,321,3:2:5:430321,,test,31,500.0,,,,,,,,,0.5384508242539636,1.4,,,,,,,5.9453826862952095,0.0626099033699941,256,4.0,2.2406537277533487,,1,599,1,exact,,,2,1.6167962020031182e-05,,,,0.019090249999862863,0d59f077765b19ba116a481b579cfbae796e7175
dv3-B-lgcp-430322,3,B,lgcp,430322,43,,322,3:2:5:430322,,test,31,500.0,,,,,,,,,0.5384508242539636,1.4,,,,,,,5.9453826862952095,0.0626099033699941,256,4.0,2.2406537277533487,,1,411,1,exact,,,2,1.6167962020031182e-05,,,,0.01958004100015387,b8e8903fab9719272c14e56d5283a079ef825eed
dv3-B-lgcp-430323,3,B,lgcp,430323,43,,323,3:2:5:430323,,test,31,500.0,,,,,,,,,0.5384508242539636,1.4,,,,,,,5.9453826862952095,0.0626099033699941,256,4.0,2.2406537277533487,,1,404,1,exact,,,2,1.6167962020031182e-05,,,,0.02311600000030012,412e45fca94424bc5f0292ad2fbec4f5c8b9b39b
dv3-B-lgcp-430324,3,B,lgcp,430324,43,,324,3:2:5:430324,,test,31,500.0,,,,,,,,,0.5384508242539636,1.4,,,,,,,5.9453826862952095,0.0626099033699941,256,4.0,2.2406537277533487,,1,464,1,exact,,,2,1.6167962020031182e-05,,,,0.02230875000168453,2a87eb59497684c2cec0761060eb336c081e5638
dv3-B-lgcp-430325,3,B,lgcp,430325,43,,325,3:2:5:430325,,test,31,500.0,,,,,,,,,0.5384508242539636,1.4,,,,,,,5.9453826862952095,0.0626099033699941,256,4.0,2.2406537277533487,,1,517,1,exact,,,2,1.6167962020031182e-05,,,,0.021119584002008196,bc16358759d874f55f9f81efe18d856e40bf5b40
dv3-B-lgcp-430326,3,B,lgcp,430326,43,,326,3:2:5:430326,,test,31,500.0,,,,,,,,,0.5384508242539636,1.4,,,,,,,5.9453826862952095,0.0626099033699941,256,4.0,2.2406537277533487,,1,426,1,exact,,,2,1.6167962020031182e-05,,,,0.02512324999770499,12499b6ebe429f1997275a3fa6e23dab92d2fd87
dv3-B-lgcp-430327,3,B,lgcp,430327,43,,327,3:2:5:430327,,test,31,500.0,,,,,,,,,0.5384508242539636,1.4,,,,,,,5.9453826862952095,0.0626099033699941,256,4.0,2.2406537277533487,,1,501,1,exact,,,2,1.6167962020031182e-05,,,,0.021106041000166442,08edc663d83732744fe0c840cff007357488aa02
dv3-B-lgcp-430328,3,B,lgcp,430328,43,,328,3:2:5:430328,,test,31,500.0,,,,,,,,,0.5384508242539636,1.4,,,,,,,5.9453826862952095,0.0626099033699941,256,4.0,2.2406537277533487,,1,490,1,exact,,,2,1.6167962020031182e-05,,,,0.024447208998026326,76bab1552916473219792369fcbbb4740abd741f
dv3-B-lgcp-430329,3,B,lgcp,430329,43,,329,3:2:5:430329,,test,31,500.0,,,,,,,,,0.5384508242539636,1.4,,,,,,,5.9453826862952095,0.0626099033699941,256,4.0,2.2406537277533487,,1,616,1,exact,,,2,1.6167962020031182e-05,,,,0.02524808299858705,99ec98076cbb1ab71d12191839ec204cc2a66cb9
dv3-B-lgcp-430330,3,B,lgcp,430330,43,,330,3:2:5:430330,,test,31,500.0,,,,,,,,,0.5384508242539636,1.4,,,,,,,5.9453826862952095,0.0626099033699941,256,4.0,2.2406537277533487,,1,496,1,exact,,,2,1.6167962020031182e-05,,,,0.014780166999116773,02e285ea52ed014f0863e49ed5079fc3ee7a0c21
dv3-B-lgcp-430331,3,B,lgcp,430331,43,,331,3:2:5:430331,,test,31,500.0,,,,,,,,,0.5384508242539636,1.4,,,,,,,5.9453826862952095,0.0626099033699941,256,4.0,2.2406537277533487,,1,472,1,exact,,,2,1.6167962020031182e-05,,,,0.02100258400241728,51831452186797a375725804798137493f7cd6bf
dv3-B-lgcp-430332,3,B,lgcp,430332,43,,332,3:2:5:430332,,test,31,500.0,,,,,,,,,0.5384508242539636,1.4,,,,,,,5.9453826862952095,0.0626099033699941,256,4.0,2.2406537277533487,,1,417,1,exact,,,2,1.6167962020031182e-05,,,,0.018643457999132806,5e97cba801ee148931ead3da27c8e82a959e3b85
dv3-B-lgcp-430333,3,B,lgcp,430333,43,,333,3:2:5:430333,,test,31,500.0,,,,,,,,,0.5384508242539636,1.4,,,,,,,5.9453826862952095,0.0626099033699941,256,4.0,2.2406537277533487,,1,548,1,exact,,,2,1.6167962020031182e-05,,,,0.018844042002456263,ddde178392315ef95a849db5bac86a5bd7a1d935
dv3-B-lgcp-430334,3,B,lgcp,430334,43,,334,3:2:5:430334,,test,31,500.0,,,,,,,,,0.5384508242539636,1.4,,,,,,,5.9453826862952095,0.0626099033699941,256,4.0,2.2406537277533487,,1,596,1,exact,,,2,1.6167962020031182e-05,,,,0.018584707999252714,7267171f9ccf4ba7daa8ff00cff10c9cd0c5851e
dv3-B-lgcp-430335,3,B,lgcp,430335,43,,335,3:2:5:430335,,test,31,500.0,,,,,,,,,0.5384508242539636,1.4,,,,,,,5.9453826862952095,0.0626099033699941,256,4.0,2.2406537277533487,,1,473,1,exact,,,2,1.6167962020031182e-05,,,,0.013154083000699757,e29c90261c9592e467c60df99d814e9cb1296c8b
dv3-B-lgcp-430336,3,B,lgcp,430336,43,,336,3:2:5:430336,,test,31,500.0,,,,,,,,,0.5384508242539636,1.4,,,,,,,5.9453826862952095,0.0626099033699941,256,4.0,2.2406537277533487,,1,480,1,exact,,,2,1.6167962020031182e-05,,,,0.01658879200113006,bdc4384e00187de5eddc28aa984c42efc5f90cd8
dv3-B-lgcp-430337,3,B,lgcp,430337,43,,337,3:2:5:430337,,test,31,500.0,,,,,,,,,0.5384508242539636,1.4,,,,,,,5.9453826862952095,0.0626099033699941,256,4.0,2.2406537277533487,,1,493,1,exact,,,2,1.6167962020031182e-05,,,,0.02401845799977309,d34440f717cd33d82d0d30e8741fc9fe2986ab2d
dv3-B-lgcp-430338,3,B,lgcp,430338,43,,338,3:2:5:430338,,test,31,500.0,,,,,,,,,0.5384508242539636,1.4,,,,,,,5.9453826862952095,0.0626099033699941,256,4.0,2.2406537277533487,,1,495,1,exact,,,2,1.6167962020031182e-05,,,,0.016567167000175687,3245f425e3ae2704fd7a5165ea651ab18aaddc84
dv3-B-lgcp-430339,3,B,lgcp,430339,43,,339,3:2:5:430339,,test,31,500.0,,,,,,,,,0.5384508242539636,1.4,,,,,,,5.9453826862952095,0.0626099033699941,256,4.0,2.2406537277533487,,1,493,1,exact,,,2,1.6167962020031182e-05,,,,0.013020209000387695,b3f20de1574d2dc34358aa3d7933e81e9921cf2a
dv3-B-lgcp-430340,3,B,lgcp,430340,43,,340,3:2:5:430340,,test,31,500.0,,,,,,,,,0.5384508242539636,1.4,,,,,,,5.9453826862952095,0.0626099033699941,256,4.0,2.2406537277533487,,1,581,1,exact,,,2,1.6167962020031182e-05,,,,0.012613584000064293,164ce829276744511b2bd90adeb53cf6434d00fe
dv3-B-lgcp-430341,3,B,lgcp,430341,43,,341,3:2:5:430341,,test,31,500.0,,,,,,,,,0.5384508242539636,1.4,,,,,,,5.9453826862952095,0.0626099033699941,256,4.0,2.2406537277533487,,1,373,1,exact,,,2,1.6167962020031182e-05,,,,0.0184323339999537,8a1cf70aa35ed1911aa4ccc9b8c13b7b9f59c181
dv3-B-lgcp-430342,3,B,lgcp,430342,43,,342,3:2:5:430342,,test,31,500.0,,,,,,,,,0.5384508242539636,1.4,,,,,,,5.9453826862952095,0.0626099033699941,256,4.0,2.2406537277533487,,1,460,1,exact,,,2,1.6167962020031182e-05,,,,0.01845287499963888,0eef4f6f2a52c095908f9afd04d422a9541c4b45
dv3-B-lgcp-430343,3,B,lgcp,430343,43,,343,3:2:5:430343,,test,31,500.0,,,,,,,,,0.5384508242539636,1.4,,,,,,,5.9453826862952095,0.0626099033699941,256,4.0,2.2406537277533487,,1,559,1,exact,,,2,1.6167962020031182e-05,,,,0.015670332999434322,7ae982589272226a95ce7ae2008e8af8b43e6fb5
dv3-B-lgcp-430344,3,B,lgcp,430344,43,,344,3:2:5:430344,,test,31,500.0,,,,,,,,,0.5384508242539636,1.4,,,,,,,5.9453826862952095,0.0626099033699941,256,4.0,2.2406537277533487,,1,520,1,exact,,,2,1.6167962020031182e-05,,,,0.01836945900140563,df6a22f6e3d45b29270596542d2924b60c68ca85
dv3-B-lgcp-430345,3,B,lgcp,430345,43,,345,3:2:5:430345,,test,31,500.0,,,,,,,,,0.5384508242539636,1.4,,,,,,,5.9453826862952095,0.0626099033699941,256,4.0,2.2406537277533487,,1,536,1,exact,,,2,1.6167962020031182e-05,,,,0.02030262500193203,13a1be31808b34fcb75d0b3dce67777161f1e775
dv3-B-lgcp-430346,3,B,lgcp,430346,43,,346,3:2:5:430346,,test,31,500.0,,,,,,,,,0.5384508242539636,1.4,,,,,,,5.9453826862952095,0.0626099033699941,256,4.0,2.2406537277533487,,1,397,1,exact,,,2,1.6167962020031182e-05,,,,0.027863875002367422,c54115b9c24d0550cc3b758c7da19b86d0d8aceb
dv3-B-lgcp-430347,3,B,lgcp,430347,43,,347,3:2:5:430347,,test,31,500.0,,,,,,,,,0.5384508242539636,1.4,,,,,,,5.9453826862952095,0.0626099033699941,256,4.0,2.2406537277533487,,1,622,1,exact,,,2,1.6167962020031182e-05,,,,0.01969499999904656,18c902001b1f42296c000fc8ae8505cb33ff21c8
dv3-B-lgcp-430348,3,B,lgcp,430348,43,,348,3:2:5:430348,,test,31,500.0,,,,,,,,,0.5384508242539636,1.4,,,,,,,5.9453826862952095,0.0626099033699941,256,4.0,2.2406537277533487,,1,503,1,exact,,,2,1.6167962020031182e-05,,,,0.021813625000504544,c66171383c2f428d4fb31daa8bb7ffe7045531e4
dv3-B-lgcp-430349,3,B,lgcp,430349,43,,349,3:2:5:430349,,test,31,500.0,,,,,,,,,0.5384508242539636,1.4,,,,,,,5.9453826862952095,0.0626099033699941,256,4.0,2.2406537277533487,,1,508,1,exact,,,2,1.6167962020031182e-05,,,,0.015818750001926674,6b1fb1da128924590ebabe8fcb9540be9d739fb9
dv3-B-lgcp-430350,3,B,lgcp,430350,43,,350,3:2:5:430350,,test,31,500.0,,,,,,,,,0.5384508242539636,1.4,,,,,,,5.9453826862952095,0.0626099033699941,256,4.0,2.2406537277533487,,1,567,1,exact,,,2,1.6167962020031182e-05,,,,0.016248332998657133,738c6c51bebf118a572d29d02b53bfba2a8b54a2
dv3-B-lgcp-430351,3,B,lgcp,430351,43,,351,3:2:5:430351,,test,31,500.0,,,,,,,,,0.5384508242539636,1.4,,,,,,,5.9453826862952095,0.0626099033699941,256,4.0,2.2406537277533487,,1,513,1,exact,,,2,1.6167962020031182e-05,,,,0.01686662499923841,632c5d113d82a5f9c2665047be6bd971803151b1
dv3-B-lgcp-430352,3,B,lgcp,430352,43,,352,3:2:5:430352,,test,31,500.0,,,,,,,,,0.5384508242539636,1.4,,,,,,,5.9453826862952095,0.0626099033699941,256,4.0,2.2406537277533487,,1,529,1,exact,,,2,1.6167962020031182e-05,,,,0.018500999998650514,a36b86698c00b03259e1048fb7e05260138b7420
dv3-B-lgcp-430353,3,B,lgcp,430353,43,,353,3:2:5:430353,,test,31,500.0,,,,,,,,,0.5384508242539636,1.4,,,,,,,5.9453826862952095,0.0626099033699941,256,4.0,2.2406537277533487,,1,540,1,exact,,,2,1.6167962020031182e-05,,,,0.02174604199899477,1cc432a8d8ceb24ab9f5b32f64ee7e20ab8655d6
dv3-B-lgcp-430354,3,B,lgcp,430354,43,,354,3:2:5:430354,,test,31,500.0,,,,,,,,,0.5384508242539636,1.4,,,,,,,5.9453826862952095,0.0626099033699941,256,4.0,2.2406537277533487,,1,529,1,exact,,,2,1.6167962020031182e-05,,,,0.012080083000910236,115db3092dfae76f54d21074a691444ba8b10c7e
dv3-B-lgcp-430355,3,B,lgcp,430355,43,,355,3:2:5:430355,,test,31,500.0,,,,,,,,,0.5384508242539636,1.4,,,,,,,5.9453826862952095,0.0626099033699941,256,4.0,2.2406537277533487,,1,432,1,exact,,,2,1.6167962020031182e-05,,,,0.01478595799926552,8fab6e2706e1c071ec68e67680519ff6484b550f
dv3-B-lgcp-430356,3,B,lgcp,430356,43,,356,3:2:5:430356,,test,31,500.0,,,,,,,,,0.5384508242539636,1.4,,,,,,,5.9453826862952095,0.0626099033699941,256,4.0,2.2406537277533487,,1,438,1,exact,,,2,1.6167962020031182e-05,,,,0.014070707999053411,ec88d7cf346ed9b77881c83f73cc5a376f82f96a
dv3-B-lgcp-430357,3,B,lgcp,430357,43,,357,3:2:5:430357,,test,31,500.0,,,,,,,,,0.5384508242539636,1.4,,,,,,,5.9453826862952095,0.0626099033699941,256,4.0,2.2406537277533487,,1,467,1,exact,,,2,1.6167962020031182e-05,,,,0.020580374999553896,b53a27e96a1fa7bd371d0ea271f29d063a5c259f
dv3-B-lgcp-430358,3,B,lgcp,430358,43,,358,3:2:5:430358,,test,31,500.0,,,,,,,,,0.5384508242539636,1.4,,,,,,,5.9453826862952095,0.0626099033699941,256,4.0,2.2406537277533487,,1,609,1,exact,,,2,1.6167962020031182e-05,,,,0.013392582997767022,95987d795d8547c7382fd0fdc8e8f94fe09eded1
dv3-B-lgcp-430359,3,B,lgcp,430359,43,,359,3:2:5:430359,,test,31,500.0,,,,,,,,,0.5384508242539636,1.4,,,,,,,5.9453826862952095,0.0626099033699941,256,4.0,2.2406537277533487,,1,558,1,exact,,,2,1.6167962020031182e-05,,,,0.017061624999769265,9e8b90c20df358a8dc4320be70c20d87c7976952
dv3-B-lgcp-430360,3,B,lgcp,430360,43,,360,3:2:5:430360,,test,31,500.0,,,,,,,,,0.5384508242539636,1.4,,,,,,,5.9453826862952095,0.0626099033699941,256,4.0,2.2406537277533487,,1,468,1,exact,,,2,1.6167962020031182e-05,,,,0.018385625000519212,219a6ce8d09ad165ef316d615d7d3b8f5d5c9ac2
dv3-B-lgcp-430361,3,B,lgcp,430361,43,,361,3:2:5:430361,,test,31,500.0,,,,,,,,,0.5384508242539636,1.4,,,,,,,5.9453826862952095,0.0626099033699941,256,4.0,2.2406537277533487,,1,525,1,exact,,,2,1.6167962020031182e-05,,,,0.020701333000033628,08c8eb44c1fbfc9585c395aff8351048ef395299
dv3-B-lgcp-430362,3,B,lgcp,430362,43,,362,3:2:5:430362,,test,31,500.0,,,,,,,,,0.5384508242539636,1.4,,,,,,,5.9453826862952095,0.0626099033699941,256,4.0,2.2406537277533487,,1,429,1,exact,,,2,1.6167962020031182e-05,,,,0.027116291999846,dcba146b6a218ba5a6715ccb691aa1c9d561346c
dv3-B-lgcp-430363,3,B,lgcp,430363,43,,363,3:2:5:430363,,test,31,500.0,,,,,,,,,0.5384508242539636,1.4,,,,,,,5.9453826862952095,0.0626099033699941,256,4.0,2.2406537277533487,,1,406,1,exact,,,2,1.6167962020031182e-05,,,,0.01659720899988315,ce4ba866e483ae4fac3ef4d95646bcd545137114
dv3-B-lgcp-430364,3,B,lgcp,430364,43,,364,3:2:5:430364,,test,31,500.0,,,,,,,,,0.5384508242539636,1.4,,,,,,,5.9453826862952095,0.0626099033699941,256,4.0,2.2406537277533487,,1,463,1,exact,,,2,1.6167962020031182e-05,,,,0.01520416700077476,8b5d3f071772c7f0e17c12e7b9aae71722ef3f5a
dv3-B-lgcp-430365,3,B,lgcp,430365,43,,365,3:2:5:430365,,test,31,500.0,,,,,,,,,0.5384508242539636,1.4,,,,,,,5.9453826862952095,0.0626099033699941,256,4.0,2.2406537277533487,,1,477,1,exact,,,2,1.6167962020031182e-05,,,,0.011301583999738796,f67dad229e5a33261d48fd0f1b053b14ea7780e3
dv3-B-lgcp-430366,3,B,lgcp,430366,43,,366,3:2:5:430366,,test,31,500.0,,,,,,,,,0.5384508242539636,1.4,,,,,,,5.9453826862952095,0.0626099033699941,256,4.0,2.2406537277533487,,1,611,1,exact,,,2,1.6167962020031182e-05,,,,0.017742542000632966,f670c3398e60c64e629f443ab200ac3d1e0700f2
dv3-B-lgcp-430367,3,B,lgcp,430367,43,,367,3:2:5:430367,,test,31,500.0,,,,,,,,,0.5384508242539636,1.4,,,,,,,5.9453826862952095,0.0626099033699941,256,4.0,2.2406537277533487,,1,478,1,exact,,,2,1.6167962020031182e-05,,,,0.015230291999614565,6b8654823a9d55143e4cfb3c29c053888026d9b0
dv3-B-lgcp-430368,3,B,lgcp,430368,43,,368,3:2:5:430368,,test,31,500.0,,,,,,,,,0.5384508242539636,1.4,,,,,,,5.9453826862952095,0.0626099033699941,256,4.0,2.2406537277533487,,1,382,1,exact,,,2,1.6167962020031182e-05,,,,0.021038167000369867,6159f82974dee65ca284ddde9ba37596c4333b88
dv3-B-lgcp-430369,3,B,lgcp,430369,43,,369,3:2:5:430369,,test,31,500.0,,,,,,,,,0.5384508242539636,1.4,,,,,,,5.9453826862952095,0.0626099033699941,256,4.0,2.2406537277533487,,1,536,1,exact,,,2,1.6167962020031182e-05,,,,0.02411387500251294,c175a4c71a33b5e785b18f33ee7bb0b3a61464d1
dv3-B-lgcp-430370,3,B,lgcp,430370,43,,370,3:2:5:430370,,test,31,500.0,,,,,,,,,0.5384508242539636,1.4,,,,,,,5.9453826862952095,0.0626099033699941,256,4.0,2.2406537277533487,,1,511,1,exact,,,2,1.6167962020031182e-05,,,,0.019886999998561805,b149aa123603396f2950f98ebe9f7b18407d635a
dv3-B-lgcp-430371,3,B,lgcp,430371,43,,371,3:2:5:430371,,test,31,500.0,,,,,,,,,0.5384508242539636,1.4,,,,,,,5.9453826862952095,0.0626099033699941,256,4.0,2.2406537277533487,,1,538,1,exact,,,2,1.6167962020031182e-05,,,,0.01915079199898173,c2737f11d21306a38a2cfdc9b982184dd500ab12
dv3-B-lgcp-430372,3,B,lgcp,430372,43,,372,3:2:5:430372,,test,31,500.0,,,,,,,,,0.5384508242539636,1.4,,,,,,,5.9453826862952095,0.0626099033699941,256,4.0,2.2406537277533487,,1,506,1,exact,,,2,1.6167962020031182e-05,,,,0.013001583000004757,fd9898e3e5412d5400a64d2a4e69167914cb2581
dv3-B-lgcp-430373,3,B,lgcp,430373,43,,373,3:2:5:430373,,test,31,500.0,,,,,,,,,0.5384508242539636,1.4,,,,,,,5.9453826862952095,0.0626099033699941,256,4.0,2.2406537277533487,,1,532,1,exact,,,2,1.6167962020031182e-05,,,,0.021987750002153916,edcd70bb9a4c76eafdb435ff5081b4b8662489d2
dv3-B-lgcp-430374,3,B,lgcp,430374,43,,374,3:2:5:430374,,test,31,500.0,,,,,,,,,0.5384508242539636,1.4,,,,,,,5.9453826862952095,0.0626099033699941,256,4.0,2.2406537277533487,,1,493,1,exact,,,2,1.6167962020031182e-05,,,,0.020181542000500485,9b94017c7fcc622eedcdae41f2d9e1a6d2f8dec2
dv3-B-lgcp-430375,3,B,lgcp,430375,43,,375,3:2:5:430375,,test,31,500.0,,,,,,,,,0.5384508242539636,1.4,,,,,,,5.9453826862952095,0.0626099033699941,256,4.0,2.2406537277533487,,1,516,1,exact,,,2,1.6167962020031182e-05,,,,0.026241583000228275,36b0e9a70077447fd3dad4d0263f256c08b65135
dv3-B-lgcp-430376,3,B,lgcp,430376,43,,376,3:2:5:430376,,test,31,500.0,,,,,,,,,0.5384508242539636,1.4,,,,,,,5.9453826862952095,0.0626099033699941,256,4.0,2.2406537277533487,,1,390,1,exact,,,2,1.6167962020031182e-05,,,,0.013704416000109632,1219b22e8a2905724fb1d707078d3070a4192ce7
dv3-B-lgcp-430377,3,B,lgcp,430377,43,,377,3:2:5:430377,,test,31,500.0,,,,,,,,,0.5384508242539636,1.4,,,,,,,5.9453826862952095,0.0626099033699941,256,4.0,2.2406537277533487,,1,539,1,exact,,,2,1.6167962020031182e-05,,,,0.02152320800087182,e881ad66bb07491186496ca7574ed4d5bbd4894a
dv3-B-lgcp-430378,3,B,lgcp,430378,43,,378,3:2:5:430378,,test,31,500.0,,,,,,,,,0.5384508242539636,1.4,,,,,,,5.9453826862952095,0.0626099033699941,256,4.0,2.2406537277533487,,1,506,1,exact,,,2,1.6167962020031182e-05,,,,0.015408791998197557,3b574197eee95e9430c48adc584ae758b4819402
dv3-B-lgcp-430379,3,B,lgcp,430379,43,,379,3:2:5:430379,,test,31,500.0,,,,,,,,,0.5384508242539636,1.4,,,,,,,5.9453826862952095,0.0626099033699941,256,4.0,2.2406537277533487,,1,582,1,exact,,,2,1.6167962020031182e-05,,,,0.01740491700184066,f38d9c2a3dbd109024b70660fec29113d02b833f
dv3-B-lgcp-430380,3,B,lgcp,430380,43,,380,3:2:5:430380,,test,31,500.0,,,,,,,,,0.5384508242539636,1.4,,,,,,,5.9453826862952095,0.0626099033699941,256,4.0,2.2406537277533487,,1,539,1,exact,,,2,1.6167962020031182e-05,,,,0.017112707999331178,27302c1800deb406dd3fc88af1fd566dd95985b2
dv3-B-lgcp-430381,3,B,lgcp,430381,43,,381,3:2:5:430381,,test,31,500.0,,,,,,,,,0.5384508242539636,1.4,,,,,,,5.9453826862952095,0.0626099033699941,256,4.0,2.2406537277533487,,1,445,1,exact,,,2,1.6167962020031182e-05,,,,0.01532825000322191,13d4b1ca59735399267304320ad874968dcf909a
dv3-B-lgcp-430382,3,B,lgcp,430382,43,,382,3:2:5:430382,,test,31,500.0,,,,,,,,,0.5384508242539636,1.4,,,,,,,5.9453826862952095,0.0626099033699941,256,4.0,2.2406537277533487,,1,574,1,exact,,,2,1.6167962020031182e-05,,,,0.01865695800006506,e58178d02bb8c219e1a257a109eef4182a74584b
dv3-B-lgcp-430383,3,B,lgcp,430383,43,,383,3:2:5:430383,,test,31,500.0,,,,,,,,,0.5384508242539636,1.4,,,,,,,5.9453826862952095,0.0626099033699941,256,4.0,2.2406537277533487,,1,536,1,exact,,,2,1.6167962020031182e-05,,,,0.014446749999478925,37713a060477afb9aba46171434ee664a7075b46
dv3-B-lgcp-430384,3,B,lgcp,430384,43,,384,3:2:5:430384,,test,31,500.0,,,,,,,,,0.5384508242539636,1.4,,,,,,,5.9453826862952095,0.0626099033699941,256,4.0,2.2406537277533487,,1,626,1,exact,,,2,1.6167962020031182e-05,,,,0.0219837920012651,94c94d0e1d77dcde316b336d414fb103c86ec11d
dv3-B-lgcp-430385,3,B,lgcp,430385,43,,385,3:2:5:430385,,test,31,500.0,,,,,,,,,0.5384508242539636,1.4,,,,,,,5.9453826862952095,0.0626099033699941,256,4.0,2.2406537277533487,,1,526,1,exact,,,2,1.6167962020031182e-05,,,,0.023265249998075888,7e2485eb594ee2f90a6b8060a5d5b033a12d0b40
dv3-B-lgcp-430386,3,B,lgcp,430386,43,,386,3:2:5:430386,,test,31,500.0,,,,,,,,,0.5384508242539636,1.4,,,,,,,5.9453826862952095,0.0626099033699941,256,4.0,2.2406537277533487,,1,608,1,exact,,,2,1.6167962020031182e-05,,,,0.015731708001112565,a7fa280f7fddc97b84b93170c4591ff410209128
dv3-B-lgcp-430387,3,B,lgcp,430387,43,,387,3:2:5:430387,,test,31,500.0,,,,,,,,,0.5384508242539636,1.4,,,,,,,5.9453826862952095,0.0626099033699941,256,4.0,2.2406537277533487,,1,501,1,exact,,,2,1.6167962020031182e-05,,,,0.01920274999793037,521e71cd9dc1c5e5b8ce779a70d3d270aa932f89
dv3-B-lgcp-430388,3,B,lgcp,430388,43,,388,3:2:5:430388,,test,31,500.0,,,,,,,,,0.5384508242539636,1.4,,,,,,,5.9453826862952095,0.0626099033699941,256,4.0,2.2406537277533487,,1,496,1,exact,,,2,1.6167962020031182e-05,,,,0.02059033399928012,13c1f469cae1b9da28253ca758b058186a09e7ca
dv3-B-lgcp-430389,3,B,lgcp,430389,43,,389,3:2:5:430389,,test,31,500.0,,,,,,,,,0.5384508242539636,1.4,,,,,,,5.9453826862952095,0.0626099033699941,256,4.0,2.2406537277533487,,1,530,1,exact,,,2,1.6167962020031182e-05,,,,0.016767582997999853,80edffc6962f10f9d31463f7c0a7636d076fd045
dv3-B-lgcp-430390,3,B,lgcp,430390,43,,390,3:2:5:430390,,test,31,500.0,,,,,,,,,0.5384508242539636,1.4,,,,,,,5.9453826862952095,0.0626099033699941,256,4.0,2.2406537277533487,,1,438,1,exact,,,2,1.6167962020031182e-05,,,,0.01742095800000243,2d46021340dce5e962f5058bd49b7773ef3ef389
dv3-B-lgcp-430391,3,B,lgcp,430391,43,,391,3:2:5:430391,,test,31,500.0,,,,,,,,,0.5384508242539636,1.4,,,,,,,5.9453826862952095,0.0626099033699941,256,4.0,2.2406537277533487,,1,637,1,exact,,,2,1.6167962020031182e-05,,,,0.01895916700232192,33746b9f595f3faa110eb30bedb009ea8c885a28
dv3-B-lgcp-430392,3,B,lgcp,430392,43,,392,3:2:5:430392,,test,31,500.0,,,,,,,,,0.5384508242539636,1.4,,,,,,,5.9453826862952095,0.0626099033699941,256,4.0,2.2406537277533487,,1,458,1,exact,,,2,1.6167962020031182e-05,,,,0.016269375002593733,c53aa866ddab5a1ffa86d6fc53a75ecae95a54c2
dv3-B-lgcp-430393,3,B,lgcp,430393,43,,393,3:2:5:430393,,test,31,500.0,,,,,,,,,0.5384508242539636,1.4,,,,,,,5.9453826862952095,0.0626099033699941,256,4.0,2.2406537277533487,,1,499,1,exact,,,2,1.6167962020031182e-05,,,,0.017026666999299778,ffdbf56e21c12122d61e44a60d6ce56f985f72c5
dv3-B-lgcp-430394,3,B,lgcp,430394,43,,394,3:2:5:430394,,test,31,500.0,,,,,,,,,0.5384508242539636,1.4,,,,,,,5.9453826862952095,0.0626099033699941,256,4.0,2.2406537277533487,,1,467,1,exact,,,2,1.6167962020031182e-05,,,,0.013412249998509651,ca2853df3aec48ec4dbe2f29ca157775fb3d298c
dv3-B-lgcp-430395,3,B,lgcp,430395,43,,395,3:2:5:430395,,test,31,500.0,,,,,,,,,0.5384508242539636,1.4,,,,,,,5.9453826862952095,0.0626099033699941,256,4.0,2.2406537277533487,,1,418,1,exact,,,2,1.6167962020031182e-05,,,,0.015615791999152862,ce8a8b778b1a6528d09028f22721fe20ecbcd606
dv3-B-lgcp-430396,3,B,lgcp,430396,43,,396,3:2:5:430396,,test,31,500.0,,,,,,,,,0.5384508242539636,1.4,,,,,,,5.9453826862952095,0.0626099033699941,256,4.0,2.2406537277533487,,1,553,1,exact,,,2,1.6167962020031182e-05,,,,0.017640417001530295,b223fab3afdf56e54a070a1954fcccd6dce02eb9
dv3-B-lgcp-430397,3,B,lgcp,430397,43,,397,3:2:5:430397,,test,31,500.0,,,,,,,,,0.5384508242539636,1.4,,,,,,,5.9453826862952095,0.0626099033699941,256,4.0,2.2406537277533487,,1,380,1,exact,,,2,1.6167962020031182e-05,,,,0.016962457997578895,c7c9196a8ff67186c790510f2e6236a28fd5c4b2
dv3-B-lgcp-430398,3,B,lgcp,430398,43,,398,3:2:5:430398,,test,31,500.0,,,,,,,,,0.5384508242539636,1.4,,,,,,,5.9453826862952095,0.0626099033699941,256,4.0,2.2406537277533487,,1,484,1,exact,,,2,1.6167962020031182e-05,,,,0.017999208001128864,3b024d475c597481be0fbeb886af8148f1fe71a6
dv3-B-lgcp-430399,3,B,lgcp,430399,43,,399,3:2:5:430399,,test,31,500.0,,,,,,,,,0.5384508242539636,1.4,,,,,,,5.9453826862952095,0.0626099033699941,256,4.0,2.2406537277533487,,1,486,1,exact,,,2,1.6167962020031182e-05,,,,0.01645437499973923,d45267ba7ec6087ab7a1b55105ba1631c3083df9
dv3-B-lgcp-440000,3,B,lgcp,440000,44,,0,3:2:5:440000,,test,31,500.0,,,,,,,,,1.0090695804496879,1.4,,,,,,,5.710073308197347,0.0626099033699941,256,8.000000000000002,2.1379649132179313,,1,528,1,exact,,,2,1.616796202002444e-05,,,,0.01571962500020163,92d642cb7d3bf5c9d3cd31b90ab90510c851f4a8
dv3-B-lgcp-440001,3,B,lgcp,440001,44,,1,3:2:5:440001,,test,31,500.0,,,,,,,,,1.0090695804496879,1.4,,,,,,,5.710073308197347,0.0626099033699941,256,8.000000000000002,2.1379649132179313,,1,549,1,exact,,,2,1.616796202002444e-05,,,,0.01812808300019242,054e00df0289c0127902cac48b5428c2dd8d70d4
dv3-B-lgcp-440002,3,B,lgcp,440002,44,,2,3:2:5:440002,,test,31,500.0,,,,,,,,,1.0090695804496879,1.4,,,,,,,5.710073308197347,0.0626099033699941,256,8.000000000000002,2.1379649132179313,,1,416,1,exact,,,2,1.616796202002444e-05,,,,0.016202167000301415,b3c80e0f2143eb84a9a99c20fbf5ea88853376f1
dv3-B-lgcp-440003,3,B,lgcp,440003,44,,3,3:2:5:440003,,test,31,500.0,,,,,,,,,1.0090695804496879,1.4,,,,,,,5.710073308197347,0.0626099033699941,256,8.000000000000002,2.1379649132179313,,1,550,1,exact,,,2,1.616796202002444e-05,,,,0.018449625000357628,15615651ce5b228eec3b49afd4a9e8c2960c9045
dv3-B-lgcp-440004,3,B,lgcp,440004,44,,4,3:2:5:440004,,test,31,500.0,,,,,,,,,1.0090695804496879,1.4,,,,,,,5.710073308197347,0.0626099033699941,256,8.000000000000002,2.1379649132179313,,1,432,1,exact,,,2,1.616796202002444e-05,,,,0.02093704100116156,5cc637406803dcf6ae291e2905ddbb39992a8eb4
dv3-B-lgcp-440005,3,B,lgcp,440005,44,,5,3:2:5:440005,,test,31,500.0,,,,,,,,,1.0090695804496879,1.4,,,,,,,5.710073308197347,0.0626099033699941,256,8.000000000000002,2.1379649132179313,,1,434,1,exact,,,2,1.616796202002444e-05,,,,0.016105999999126652,b28dc4717c61807136805d103e5d2b1617d9c0d4
dv3-B-lgcp-440006,3,B,lgcp,440006,44,,6,3:2:5:440006,,test,31,500.0,,,,,,,,,1.0090695804496879,1.4,,,,,,,5.710073308197347,0.0626099033699941,256,8.000000000000002,2.1379649132179313,,1,549,1,exact,,,2,1.616796202002444e-05,,,,0.020612874999642372,9a1dfb3ec8a4ea330d7055298dd5ea535bf124d2
dv3-B-lgcp-440007,3,B,lgcp,440007,44,,7,3:2:5:440007,,test,31,500.0,,,,,,,,,1.0090695804496879,1.4,,,,,,,5.710073308197347,0.0626099033699941,256,8.000000000000002,2.1379649132179313,,1,539,1,exact,,,2,1.616796202002444e-05,,,,0.016358708999177907,fc400731125a9692863b06bf291c27c685f08bfc
dv3-B-lgcp-440008,3,B,lgcp,440008,44,,8,3:2:5:440008,,test,31,500.0,,,,,,,,,1.0090695804496879,1.4,,,,,,,5.710073308197347,0.0626099033699941,256,8.000000000000002,2.1379649132179313,,1,476,1,exact,,,2,1.616796202002444e-05,,,,0.015528915999311721,cd6d7c513dfbeb512cc6d8792540d61e17d638ee
dv3-B-lgcp-440009,3,B,lgcp,440009,44,,9,3:2:5:440009,,test,31,500.0,,,,,,,,,1.0090695804496879,1.4,,,,,,,5.710073308197347,0.0626099033699941,256,8.000000000000002,2.1379649132179313,,1,590,1,exact,,,2,1.616796202002444e-05,,,,0.011375124999176478,fa7a090c7de4be2ecdf0c3215ee4c270828f6211
dv3-B-lgcp-440010,3,B,lgcp,440010,44,,10,3:2:5:440010,,test,31,500.0,,,,,,,,,1.0090695804496879,1.4,,,,,,,5.710073308197347,0.0626099033699941,256,8.000000000000002,2.1379649132179313,,1,449,1,exact,,,2,1.616796202002444e-05,,,,0.019928624999010935,6f951ee533333a4732e8a29ab26d354a7da24252
dv3-B-lgcp-440011,3,B,lgcp,440011,44,,11,3:2:5:440011,,test,31,500.0,,,,,,,,,1.0090695804496879,1.4,,,,,,,5.710073308197347,0.0626099033699941,256,8.000000000000002,2.1379649132179313,,1,406,1,exact,,,2,1.616796202002444e-05,,,,0.020920625000144355,fe6218e86e6601dfe45b509691a9863df60c24ad
dv3-B-lgcp-440012,3,B,lgcp,440012,44,,12,3:2:5:440012,,test,31,500.0,,,,,,,,,1.0090695804496879,1.4,,,,,,,5.710073308197347,0.0626099033699941,256,8.000000000000002,2.1379649132179313,,1,686,1,exact,,,2,1.616796202002444e-05,,,,0.014968374998716172,b534bb32b564fda8e2b9f4151382c7e362afa7f3
dv3-B-lgcp-440013,3,B,lgcp,440013,44,,13,3:2:5:440013,,test,31,500.0,,,,,,,,,1.0090695804496879,1.4,,,,,,,5.710073308197347,0.0626099033699941,256,8.000000000000002,2.1379649132179313,,1,493,1,exact,,,2,1.616796202002444e-05,,,,0.022205917000974296,67f9cd7abb0c36d22d50b9084952b892a0385d25
dv3-B-lgcp-440014,3,B,lgcp,440014,44,,14,3:2:5:440014,,test,31,500.0,,,,,,,,,1.0090695804496879,1.4,,,,,,,5.710073308197347,0.0626099033699941,256,8.000000000000002,2.1379649132179313,,1,459,1,exact,,,2,1.616796202002444e-05,,,,0.01669216700247489,1dd93b39386e34af4c7f3f9f8f80e28a767cabcf
dv3-B-lgcp-440015,3,B,lgcp,440015,44,,15,3:2:5:440015,,test,31,500.0,,,,,,,,,1.0090695804496879,1.4,,,,,,,5.710073308197347,0.0626099033699941,256,8.000000000000002,2.1379649132179313,,1,698,1,exact,,,2,1.616796202002444e-05,,,,0.015816249997442355,b33a95bd4818d617fb492c2e341e1ee48266a4c3
dv3-B-lgcp-440016,3,B,lgcp,440016,44,,16,3:2:5:440016,,test,31,500.0,,,,,,,,,1.0090695804496879,1.4,,,,,,,5.710073308197347,0.0626099033699941,256,8.000000000000002,2.1379649132179313,,1,454,1,exact,,,2,1.616796202002444e-05,,,,0.01344358300048043,a63193be55c1aed563be2014760180f18cc37fa1
dv3-B-lgcp-440017,3,B,lgcp,440017,44,,17,3:2:5:440017,,test,31,500.0,,,,,,,,,1.0090695804496879,1.4,,,,,,,5.710073308197347,0.0626099033699941,256,8.000000000000002,2.1379649132179313,,1,512,1,exact,,,2,1.616796202002444e-05,,,,0.014829333002126077,07a51266290a71373d29cab9469d83d6e75f7dad
dv3-B-lgcp-440018,3,B,lgcp,440018,44,,18,3:2:5:440018,,test,31,500.0,,,,,,,,,1.0090695804496879,1.4,,,,,,,5.710073308197347,0.0626099033699941,256,8.000000000000002,2.1379649132179313,,1,415,1,exact,,,2,1.616796202002444e-05,,,,0.02028966700163437,fba97def7989299cc67fa69670af3401f8ca4205
dv3-B-lgcp-440019,3,B,lgcp,440019,44,,19,3:2:5:440019,,test,31,500.0,,,,,,,,,1.0090695804496879,1.4,,,,,,,5.710073308197347,0.0626099033699941,256,8.000000000000002,2.1379649132179313,,1,423,1,exact,,,2,1.616796202002444e-05,,,,0.013673583001946099,f875c26fa4808a8a58dcecabfe4d2997d6b6bdde
dv3-B-lgcp-440020,3,B,lgcp,440020,44,,20,3:2:5:440020,,test,31,500.0,,,,,,,,,1.0090695804496879,1.4,,,,,,,5.710073308197347,0.0626099033699941,256,8.000000000000002,2.1379649132179313,,1,448,1,exact,,,2,1.616796202002444e-05,,,,0.019768500002101064,25982a14cb37878a709c98e3d6b7b4fa9d053e6c
dv3-B-lgcp-440021,3,B,lgcp,440021,44,,21,3:2:5:440021,,test,31,500.0,,,,,,,,,1.0090695804496879,1.4,,,,,,,5.710073308197347,0.0626099033699941,256,8.000000000000002,2.1379649132179313,,1,500,1,exact,,,2,1.616796202002444e-05,,,,0.016646125000988832,931b1af424cf4de6efc046d3bb3084395a370902
dv3-B-lgcp-440022,3,B,lgcp,440022,44,,22,3:2:5:440022,,test,31,500.0,,,,,,,,,1.0090695804496879,1.4,,,,,,,5.710073308197347,0.0626099033699941,256,8.000000000000002,2.1379649132179313,,1,689,1,exact,,,2,1.616796202002444e-05,,,,0.016594583001278806,180bfca8eab13ab6f117cd0528f90bda3a10e722
dv3-B-lgcp-440023,3,B,lgcp,440023,44,,23,3:2:5:440023,,test,31,500.0,,,,,,,,,1.0090695804496879,1.4,,,,,,,5.710073308197347,0.0626099033699941,256,8.000000000000002,2.1379649132179313,,1,548,1,exact,,,2,1.616796202002444e-05,,,,0.015212291000352707,4e1607a662f8b3b8e07a46832e8c8a25790e1a71
dv3-B-lgcp-440024,3,B,lgcp,440024,44,,24,3:2:5:440024,,test,31,500.0,,,,,,,,,1.0090695804496879,1.4,,,,,,,5.710073308197347,0.0626099033699941,256,8.000000000000002,2.1379649132179313,,1,480,1,exact,,,2,1.616796202002444e-05,,,,0.016995583999232622,8a03268d078f9968da85f3ab6eed25804848f5d3
dv3-B-lgcp-440025,3,B,lgcp,440025,44,,25,3:2:5:440025,,test,31,500.0,,,,,,,,,1.0090695804496879,1.4,,,,,,,5.710073308197347,0.0626099033699941,256,8.000000000000002,2.1379649132179313,,1,500,1,exact,,,2,1.616796202002444e-05,,,,0.016057625001849374,62136882d666a8abfcb044acb0cd1720a89ff107
dv3-B-lgcp-440026,3,B,lgcp,440026,44,,26,3:2:5:440026,,test,31,500.0,,,,,,,,,1.0090695804496879,1.4,,,,,,,5.710073308197347,0.0626099033699941,256,8.000000000000002,2.1379649132179313,,1,452,1,exact,,,2,1.616796202002444e-05,,,,0.04840820800018264,cc1b56f10ab1d923c4a08c82fe6483aad5a6b4cf
dv3-B-lgcp-440027,3,B,lgcp,440027,44,,27,3:2:5:440027,,test,31,500.0,,,,,,,,,1.0090695804496879,1.4,,,,,,,5.710073308197347,0.0626099033699941,256,8.000000000000002,2.1379649132179313,,1,450,1,exact,,,2,1.616796202002444e-05,,,,0.019851541001116857,eaddcbed5ee599a4e3a319dec17676d0a4ad6358
dv3-B-lgcp-440028,3,B,lgcp,440028,44,,28,3:2:5:440028,,test,31,500.0,,,,,,,,,1.0090695804496879,1.4,,,,,,,5.710073308197347,0.0626099033699941,256,8.000000000000002,2.1379649132179313,,1,433,1,exact,,,2,1.616796202002444e-05,,,,0.018709875002969056,ca2d0fc51b16491b2e09a38f49c1b7d1893e4bd2
dv3-B-lgcp-440029,3,B,lgcp,440029,44,,29,3:2:5:440029,,test,31,500.0,,,,,,,,,1.0090695804496879,1.4,,,,,,,5.710073308197347,0.0626099033699941,256,8.000000000000002,2.1379649132179313,,1,602,1,exact,,,2,1.616796202002444e-05,,,,0.01344312500077649,232f1cba768e01cb4fb2c25a1ed77c44c0c0133b
dv3-B-lgcp-440030,3,B,lgcp,440030,44,,30,3:2:5:440030,,test,31,500.0,,,,,,,,,1.0090695804496879,1.4,,,,,,,5.710073308197347,0.0626099033699941,256,8.000000000000002,2.1379649132179313,,1,343,1,exact,,,2,1.616796202002444e-05,,,,0.017299875002208864,0d8dff42fe3e9aa30529fb6a60067229b3b1c4ad
dv3-B-lgcp-440031,3,B,lgcp,440031,44,,31,3:2:5:440031,,test,31,500.0,,,,,,,,,1.0090695804496879,1.4,,,,,,,5.710073308197347,0.0626099033699941,256,8.000000000000002,2.1379649132179313,,1,364,1,exact,,,2,1.616796202002444e-05,,,,0.016205457999603823,1147632208e3af2a9eb9ece6475bcc1269179e20
dv3-B-lgcp-440032,3,B,lgcp,440032,44,,32,3:2:5:440032,,test,31,500.0,,,,,,,,,1.0090695804496879,1.4,,,,,,,5.710073308197347,0.0626099033699941,256,8.000000000000002,2.1379649132179313,,1,622,1,exact,,,2,1.616796202002444e-05,,,,0.015551208998658694,ae548d6b6568c4c7ad7af69ee3a7ea67ce7bbf98
dv3-B-lgcp-440033,3,B,lgcp,440033,44,,33,3:2:5:440033,,test,31,500.0,,,,,,,,,1.0090695804496879,1.4,,,,,,,5.710073308197347,0.0626099033699941,256,8.000000000000002,2.1379649132179313,,1,430,1,exact,,,2,1.616796202002444e-05,,,,0.015677583000069717,dbe586acee7eba2f9caad42ac670a8c23fe89349
dv3-B-lgcp-440034,3,B,lgcp,440034,44,,34,3:2:5:440034,,test,31,500.0,,,,,,,,,1.0090695804496879,1.4,,,,,,,5.710073308197347,0.0626099033699941,256,8.000000000000002,2.1379649132179313,,1,510,1,exact,,,2,1.616796202002444e-05,,,,0.011153874998854008,e09c5190243e13dd5aa3d5ef0236789ce79b6d81
dv3-B-lgcp-440035,3,B,lgcp,440035,44,,35,3:2:5:440035,,test,31,500.0,,,,,,,,,1.0090695804496879,1.4,,,,,,,5.710073308197347,0.0626099033699941,256,8.000000000000002,2.1379649132179313,,1,414,1,exact,,,2,1.616796202002444e-05,,,,0.016571041000133846,761591d94dacd1ff36e447a9c711706263719387
dv3-B-lgcp-440036,3,B,lgcp,440036,44,,36,3:2:5:440036,,test,31,500.0,,,,,,,,,1.0090695804496879,1.4,,,,,,,5.710073308197347,0.0626099033699941,256,8.000000000000002,2.1379649132179313,,1,533,1,exact,,,2,1.616796202002444e-05,,,,0.014415749999898253,cc1907ce66f7b2dfe99020321c759ea06257f30f
dv3-B-lgcp-440037,3,B,lgcp,440037,44,,37,3:2:5:440037,,test,31,500.0,,,,,,,,,1.0090695804496879,1.4,,,,,,,5.710073308197347,0.0626099033699941,256,8.000000000000002,2.1379649132179313,,1,478,1,exact,,,2,1.616796202002444e-05,,,,0.01080191700020805,7c3c9680cd48575d8a23792e4202905f7be8dc3b
dv3-B-lgcp-440038,3,B,lgcp,440038,44,,38,3:2:5:440038,,test,31,500.0,,,,,,,,,1.0090695804496879,1.4,,,,,,,5.710073308197347,0.0626099033699941,256,8.000000000000002,2.1379649132179313,,1,495,1,exact,,,2,1.616796202002444e-05,,,,0.016017707999708364,0c045f571c55dd39e066b2df449039464a0edcb2
dv3-B-lgcp-440039,3,B,lgcp,440039,44,,39,3:2:5:440039,,test,31,500.0,,,,,,,,,1.0090695804496879,1.4,,,,,,,5.710073308197347,0.0626099033699941,256,8.000000000000002,2.1379649132179313,,1,448,1,exact,,,2,1.616796202002444e-05,,,,0.0161688750013127,047ecbb90168942c1d364793a9ca09767867bd24
dv3-B-lgcp-440040,3,B,lgcp,440040,44,,40,3:2:5:440040,,test,31,500.0,,,,,,,,,1.0090695804496879,1.4,,,,,,,5.710073308197347,0.0626099033699941,256,8.000000000000002,2.1379649132179313,,1,403,1,exact,,,2,1.616796202002444e-05,,,,0.011482791996968444,beab715cbdf8959a7dad542c8319b6a5d54fa098
dv3-B-lgcp-440041,3,B,lgcp,440041,44,,41,3:2:5:440041,,test,31,500.0,,,,,,,,,1.0090695804496879,1.4,,,,,,,5.710073308197347,0.0626099033699941,256,8.000000000000002,2.1379649132179313,,1,518,1,exact,,,2,1.616796202002444e-05,,,,0.016920832997129764,43b3ddf6f3123c617b9997da597ef0ee01c37b59
dv3-B-lgcp-440042,3,B,lgcp,440042,44,,42,3:2:5:440042,,test,31,500.0,,,,,,,,,1.0090695804496879,1.4,,,,,,,5.710073308197347,0.0626099033699941,256,8.000000000000002,2.1379649132179313,,1,351,1,exact,,,2,1.616796202002444e-05,,,,0.014663499998277985,aecbd5f8fa3461c86515b751c070ad4843d19cf5
dv3-B-lgcp-440043,3,B,lgcp,440043,44,,43,3:2:5:440043,,test,31,500.0,,,,,,,,,1.0090695804496879,1.4,,,,,,,5.710073308197347,0.0626099033699941,256,8.000000000000002,2.1379649132179313,,1,532,1,exact,,,2,1.616796202002444e-05,,,,0.01102891600021394,129fbb155884c1f69b146e58e19d1d4ccc840eed
dv3-B-lgcp-440044,3,B,lgcp,440044,44,,44,3:2:5:440044,,test,31,500.0,,,,,,,,,1.0090695804496879,1.4,,,,,,,5.710073308197347,0.0626099033699941,256,8.000000000000002,2.1379649132179313,,1,448,1,exact,,,2,1.616796202002444e-05,,,,0.016614459000265924,6962b8e149392c48b5827298355633381d2167dc
dv3-B-lgcp-440045,3,B,lgcp,440045,44,,45,3:2:5:440045,,test,31,500.0,,,,,,,,,1.0090695804496879,1.4,,,,,,,5.710073308197347,0.0626099033699941,256,8.000000000000002,2.1379649132179313,,1,522,1,exact,,,2,1.616796202002444e-05,,,,0.018432166001730366,015db92233394058f61d634477fc10ed694f373f
dv3-B-lgcp-440046,3,B,lgcp,440046,44,,46,3:2:5:440046,,test,31,500.0,,,,,,,,,1.0090695804496879,1.4,,,,,,,5.710073308197347,0.0626099033699941,256,8.000000000000002,2.1379649132179313,,1,445,1,exact,,,2,1.616796202002444e-05,,,,0.01122400000167545,da16fcdc3a90722bcabb0b03014508e75d5e9aa0
dv3-B-lgcp-440047,3,B,lgcp,440047,44,,47,3:2:5:440047,,test,31,500.0,,,,,,,,,1.0090695804496879,1.4,,,,,,,5.710073308197347,0.0626099033699941,256,8.000000000000002,2.1379649132179313,,1,374,1,exact,,,2,1.616796202002444e-05,,,,0.016076832998805912,a6e312df339604893704aa20f24f5803eada6d2c
dv3-B-lgcp-440048,3,B,lgcp,440048,44,,48,3:2:5:440048,,test,31,500.0,,,,,,,,,1.0090695804496879,1.4,,,,,,,5.710073308197347,0.0626099033699941,256,8.000000000000002,2.1379649132179313,,1,422,1,exact,,,2,1.616796202002444e-05,,,,0.016586665999057004,43673d3a6d918927f84dbd370e546d52a360db1e
dv3-B-lgcp-440049,3,B,lgcp,440049,44,,49,3:2:5:440049,,test,31,500.0,,,,,,,,,1.0090695804496879,1.4,,,,,,,5.710073308197347,0.0626099033699941,256,8.000000000000002,2.1379649132179313,,1,446,1,exact,,,2,1.616796202002444e-05,,,,0.015329834001022391,d5cf302823be5289cbfb7fdefcc8476b29a6e901
dv3-B-lgcp-440050,3,B,lgcp,440050,44,,50,3:2:5:440050,,test,31,500.0,,,,,,,,,1.0090695804496879,1.4,,,,,,,5.710073308197347,0.0626099033699941,256,8.000000000000002,2.1379649132179313,,1,422,1,exact,,,2,1.616796202002444e-05,,,,0.014480166999419453,9887611ab18f0e1a751b76475843e1aedaa4ce9b
dv3-B-lgcp-440051,3,B,lgcp,440051,44,,51,3:2:5:440051,,test,31,500.0,,,,,,,,,1.0090695804496879,1.4,,,,,,,5.710073308197347,0.0626099033699941,256,8.000000000000002,2.1379649132179313,,1,442,1,exact,,,2,1.616796202002444e-05,,,,0.015303042000596179,2cce518c3023875e9fc43562489bfa9c335e5ca3
dv3-B-lgcp-440052,3,B,lgcp,440052,44,,52,3:2:5:440052,,test,31,500.0,,,,,,,,,1.0090695804496879,1.4,,,,,,,5.710073308197347,0.0626099033699941,256,8.000000000000002,2.1379649132179313,,1,562,1,exact,,,2,1.616796202002444e-05,,,,0.015502291000302648,d9e3e7416c92912df4a2f01ce06afc1e661fdc46
dv3-B-lgcp-440053,3,B,lgcp,440053,44,,53,3:2:5:440053,,test,31,500.0,,,,,,,,,1.0090695804496879,1.4,,,,,,,5.710073308197347,0.0626099033699941,256,8.000000000000002,2.1379649132179313,,1,414,1,exact,,,2,1.616796202002444e-05,,,,0.018417250001220964,f83b32ae7f8f4bb455e24e65f72e942a95042df3
dv3-B-lgcp-440054,3,B,lgcp,440054,44,,54,3:2:5:440054,,test,31,500.0,,,,,,,,,1.0090695804496879,1.4,,,,,,,5.710073308197347,0.0626099033699941,256,8.000000000000002,2.1379649132179313,,1,443,1,exact,,,2,1.616796202002444e-05,,,,0.013174208001146326,e74f0ae00356d6b08fcf90dcd7a07fd17b94a7b3
dv3-B-lgcp-440055,3,B,lgcp,440055,44,,55,3:2:5:440055,,test,31,500.0,,,,,,,,,1.0090695804496879,1.4,,,,,,,5.710073308197347,0.0626099033699941,256,8.000000000000002,2.1379649132179313,,1,488,1,exact,,,2,1.616796202002444e-05,,,,0.017699708998407004,15dcff31f47bef80742654105d9320b5b1544096
dv3-B-lgcp-440056,3,B,lgcp,440056,44,,56,3:2:5:440056,,test,31,500.0,,,,,,,,,1.0090695804496879,1.4,,,,,,,5.710073308197347,0.0626099033699941,256,8.000000000000002,2.1379649132179313,,1,445,1,exact,,,2,1.616796202002444e-05,,,,0.01612804199976381,1b9bac5b0a7d8ffcce10000990fb2949444fcc80
dv3-B-lgcp-440057,3,B,lgcp,440057,44,,57,3:2:5:440057,,test,31,500.0,,,,,,,,,1.0090695804496879,1.4,,,,,,,5.710073308197347,0.0626099033699941,256,8.000000000000002,2.1379649132179313,,1,416,1,exact,,,2,1.616796202002444e-05,,,,0.019534499999281252,572fbd19e3a6d9f1bc3b2852117970df02ddc9cd
dv3-B-lgcp-440058,3,B,lgcp,440058,44,,58,3:2:5:440058,,test,31,500.0,,,,,,,,,1.0090695804496879,1.4,,,,,,,5.710073308197347,0.0626099033699941,256,8.000000000000002,2.1379649132179313,,1,437,1,exact,,,2,1.616796202002444e-05,,,,0.023931207997520687,3f5ea19e6d983ced3630e9b7ec30a0e7a4d5f597
dv3-B-lgcp-440059,3,B,lgcp,440059,44,,59,3:2:5:440059,,test,31,500.0,,,,,,,,,1.0090695804496879,1.4,,,,,,,5.710073308197347,0.0626099033699941,256,8.000000000000002,2.1379649132179313,,1,514,1,exact,,,2,1.616796202002444e-05,,,,0.021505542001250433,bdead9337af291a7dc565c6a8d9277ed76260157
dv3-B-lgcp-440060,3,B,lgcp,440060,44,,60,3:2:5:440060,,test,31,500.0,,,,,,,,,1.0090695804496879,1.4,,,,,,,5.710073308197347,0.0626099033699941,256,8.000000000000002,2.1379649132179313,,1,437,1,exact,,,2,1.616796202002444e-05,,,,0.015433459000632865,03c31472863e3092361dacbd0775601f37e33006
dv3-B-lgcp-440061,3,B,lgcp,440061,44,,61,3:2:5:440061,,test,31,500.0,,,,,,,,,1.0090695804496879,1.4,,,,,,,5.710073308197347,0.0626099033699941,256,8.000000000000002,2.1379649132179313,,1,452,1,exact,,,2,1.616796202002444e-05,,,,0.014387791998160537,48953df85131a3d0b6ee521d6470da81bce0317d
dv3-B-lgcp-440062,3,B,lgcp,440062,44,,62,3:2:5:440062,,test,31,500.0,,,,,,,,,1.0090695804496879,1.4,,,,,,,5.710073308197347,0.0626099033699941,256,8.000000000000002,2.1379649132179313,,1,420,1,exact,,,2,1.616796202002444e-05,,,,0.01717987500160234,acb971e819d398fcb9ae82ee4f664b1d1ed457be
dv3-B-lgcp-440063,3,B,lgcp,440063,44,,63,3:2:5:440063,,test,31,500.0,,,,,,,,,1.0090695804496879,1.4,,,,,,,5.710073308197347,0.0626099033699941,256,8.000000000000002,2.1379649132179313,,1,563,1,exact,,,2,1.616796202002444e-05,,,,0.015601041999616427,d08f10f825306c14d95f375d19f5cbaa00b42d4c
dv3-B-lgcp-440064,3,B,lgcp,440064,44,,64,3:2:5:440064,,test,31,500.0,,,,,,,,,1.0090695804496879,1.4,,,,,,,5.710073308197347,0.0626099033699941,256,8.000000000000002,2.1379649132179313,,1,482,1,exact,,,2,1.616796202002444e-05,,,,0.0153483750000305,99a0a74cd0a6e7017920dff59d3a215bfc43be6c
dv3-B-lgcp-440065,3,B,lgcp,440065,44,,65,3:2:5:440065,,test,31,500.0,,,,,,,,,1.0090695804496879,1.4,,,,,,,5.710073308197347,0.0626099033699941,256,8.000000000000002,2.1379649132179313,,1,377,1,exact,,,2,1.616796202002444e-05,,,,0.019582791999710025,fa644d9210a395091c480e0d3c930682aef34a58
dv3-B-lgcp-440066,3,B,lgcp,440066,44,,66,3:2:5:440066,,test,31,500.0,,,,,,,,,1.0090695804496879,1.4,,,,,,,5.710073308197347,0.0626099033699941,256,8.000000000000002,2.1379649132179313,,1,435,1,exact,,,2,1.616796202002444e-05,,,,0.03599249999751919,cf4c3ca47a2e385d199019c8058d796549463fe1
dv3-B-lgcp-440067,3,B,lgcp,440067,44,,67,3:2:5:440067,,test,31,500.0,,,,,,,,,1.0090695804496879,1.4,,,,,,,5.710073308197347,0.0626099033699941,256,8.000000000000002,2.1379649132179313,,1,648,1,exact,,,2,1.616796202002444e-05,,,,0.01902400000108173,dc77a3b679bc4e80eabc1d6ea713553410bd0bec
dv3-B-lgcp-440068,3,B,lgcp,440068,44,,68,3:2:5:440068,,test,31,500.0,,,,,,,,,1.0090695804496879,1.4,,,,,,,5.710073308197347,0.0626099033699941,256,8.000000000000002,2.1379649132179313,,1,468,1,exact,,,2,1.616796202002444e-05,,,,0.013953416000731522,edef61a3b49f4d1011e231dbd4250d15e1392b14
dv3-B-lgcp-440069,3,B,lgcp,440069,44,,69,3:2:5:440069,,test,31,500.0,,,,,,,,,1.0090695804496879,1.4,,,,,,,5.710073308197347,0.0626099033699941,256,8.000000000000002,2.1379649132179313,,1,676,1,exact,,,2,1.616796202002444e-05,,,,0.020190916999126785,a79807c0cce52884cd36d1a47801b97a7183ef7b
dv3-B-lgcp-440070,3,B,lgcp,440070,44,,70,3:2:5:440070,,test,31,500.0,,,,,,,,,1.0090695804496879,1.4,,,,,,,5.710073308197347,0.0626099033699941,256,8.000000000000002,2.1379649132179313,,1,532,1,exact,,,2,1.616796202002444e-05,,,,0.014683707999211038,5d82203551f8a36b10b2c5f91ed26223a2051ae1
dv3-B-lgcp-440071,3,B,lgcp,440071,44,,71,3:2:5:440071,,test,31,500.0,,,,,,,,,1.0090695804496879,1.4,,,,,,,5.710073308197347,0.0626099033699941,256,8.000000000000002,2.1379649132179313,,1,613,1,exact,,,2,1.616796202002444e-05,,,,0.016549167001358,9ee2ac710f81d0878180feb72070eb2be9ebb506
dv3-B-lgcp-440072,3,B,lgcp,440072,44,,72,3:2:5:440072,,test,31,500.0,,,,,,,,,1.0090695804496879,1.4,,,,,,,5.710073308197347,0.0626099033699941,256,8.000000000000002,2.1379649132179313,,1,521,1,exact,,,2,1.616796202002444e-05,,,,0.013012250001338543,f9175274fa4bd4eea2fb6ff6400adac423aa8f01
dv3-B-lgcp-440073,3,B,lgcp,440073,44,,73,3:2:5:440073,,test,31,500.0,,,,,,,,,1.0090695804496879,1.4,,,,,,,5.710073308197347,0.0626099033699941,256,8.000000000000002,2.1379649132179313,,1,436,1,exact,,,2,1.616796202002444e-05,,,,0.012621375000890112,432a1e93a5953e74384da6435bf826185003ec05
dv3-B-lgcp-440074,3,B,lgcp,440074,44,,74,3:2:5:440074,,test,31,500.0,,,,,,,,,1.0090695804496879,1.4,,,,,,,5.710073308197347,0.0626099033699941,256,8.000000000000002,2.1379649132179313,,1,526,1,exact,,,2,1.616796202002444e-05,,,,0.01316166600008728,b6956e49d775ffb4cb78e9eab92b5a9f86fb1503
dv3-B-lgcp-440075,3,B,lgcp,440075,44,,75,3:2:5:440075,,test,31,500.0,,,,,,,,,1.0090695804496879,1.4,,,,,,,5.710073308197347,0.0626099033699941,256,8.000000000000002,2.1379649132179313,,1,497,1,exact,,,2,1.616796202002444e-05,,,,0.01382250000096974,7c9fedf8207cb8cd48a7d0a8b81766f8e57acfc6
dv3-B-lgcp-440076,3,B,lgcp,440076,44,,76,3:2:5:440076,,test,31,500.0,,,,,,,,,1.0090695804496879,1.4,,,,,,,5.710073308197347,0.0626099033699941,256,8.000000000000002,2.1379649132179313,,1,523,1,exact,,,2,1.616796202002444e-05,,,,0.01327070899787941,76ed14813ad03d2de7bd5698b288946beaba80a9
dv3-B-lgcp-440077,3,B,lgcp,440077,44,,77,3:2:5:440077,,test,31,500.0,,,,,,,,,1.0090695804496879,1.4,,,,,,,5.710073308197347,0.0626099033699941,256,8.000000000000002,2.1379649132179313,,1,597,1,exact,,,2,1.616796202002444e-05,,,,0.01876300000003539,e1c51c2438b6eb565e6551ebb44e79c607c9f219
dv3-B-lgcp-440078,3,B,lgcp,440078,44,,78,3:2:5:440078,,test,31,500.0,,,,,,,,,1.0090695804496879,1.4,,,,,,,5.710073308197347,0.0626099033699941,256,8.000000000000002,2.1379649132179313,,1,397,1,exact,,,2,1.616796202002444e-05,,,,0.015915750002022833,f1a132cc5585393ba2a63cd355801d1016bb9a29
dv3-B-lgcp-440079,3,B,lgcp,440079,44,,79,3:2:5:440079,,test,31,500.0,,,,,,,,,1.0090695804496879,1.4,,,,,,,5.710073308197347,0.0626099033699941,256,8.000000000000002,2.1379649132179313,,1,522,1,exact,,,2,1.616796202002444e-05,,,,0.018078707998938626,e33c36ebdee1c6518120af3178adddd43e790c08
dv3-B-lgcp-440080,3,B,lgcp,440080,44,,80,3:2:5:440080,,test,31,500.0,,,,,,,,,1.0090695804496879,1.4,,,,,,,5.710073308197347,0.0626099033699941,256,8.000000000000002,2.1379649132179313,,1,460,1,exact,,,2,1.616796202002444e-05,,,,0.013667166997038294,07a14769d13f9388abfefcce743ede4b36668706
dv3-B-lgcp-440081,3,B,lgcp,440081,44,,81,3:2:5:440081,,test,31,500.0,,,,,,,,,1.0090695804496879,1.4,,,,,,,5.710073308197347,0.0626099033699941,256,8.000000000000002,2.1379649132179313,,1,729,1,exact,,,2,1.616796202002444e-05,,,,0.01658875000066473,09b4372b5cd0c22afca0fb94fda783a9dfd9fef9
dv3-B-lgcp-440082,3,B,lgcp,440082,44,,82,3:2:5:440082,,test,31,500.0,,,,,,,,,1.0090695804496879,1.4,,,,,,,5.710073308197347,0.0626099033699941,256,8.000000000000002,2.1379649132179313,,1,435,1,exact,,,2,1.616796202002444e-05,,,,0.015069666998897446,58922428779922d4e0d4363bd272660b370c71fb
dv3-B-lgcp-440083,3,B,lgcp,440083,44,,83,3:2:5:440083,,test,31,500.0,,,,,,,,,1.0090695804496879,1.4,,,,,,,5.710073308197347,0.0626099033699941,256,8.000000000000002,2.1379649132179313,,1,520,1,exact,,,2,1.616796202002444e-05,,,,0.017065416999685112,0b9490c6866e4f21981fa4020437a62e1801fee3
dv3-B-lgcp-440084,3,B,lgcp,440084,44,,84,3:2:5:440084,,test,31,500.0,,,,,,,,,1.0090695804496879,1.4,,,,,,,5.710073308197347,0.0626099033699941,256,8.000000000000002,2.1379649132179313,,1,386,1,exact,,,2,1.616796202002444e-05,,,,0.018242541002109647,0991b751fdec5f84f1abd1c88b713d86fad4f9fb
dv3-B-lgcp-440085,3,B,lgcp,440085,44,,85,3:2:5:440085,,test,31,500.0,,,,,,,,,1.0090695804496879,1.4,,,,,,,5.710073308197347,0.0626099033699941,256,8.000000000000002,2.1379649132179313,,1,390,1,exact,,,2,1.616796202002444e-05,,,,0.016115957998408703,af4d7fc5bbe09c88b4b75bd58a06339111f90be7
dv3-B-lgcp-440086,3,B,lgcp,440086,44,,86,3:2:5:440086,,test,31,500.0,,,,,,,,,1.0090695804496879,1.4,,,,,,,5.710073308197347,0.0626099033699941,256,8.000000000000002,2.1379649132179313,,1,525,1,exact,,,2,1.616796202002444e-05,,,,0.014971250002417946,815b8d8195903f1c26a22fe08b5b69b43b05f3ad
dv3-B-lgcp-440087,3,B,lgcp,440087,44,,87,3:2:5:440087,,test,31,500.0,,,,,,,,,1.0090695804496879,1.4,,,,,,,5.710073308197347,0.0626099033699941,256,8.000000000000002,2.1379649132179313,,1,536,1,exact,,,2,1.616796202002444e-05,,,,0.011384083001757972,fa1fe95c3d1eb37fe8edc3bcc303dee670a24d0a
dv3-B-lgcp-440088,3,B,lgcp,440088,44,,88,3:2:5:440088,,test,31,500.0,,,,,,,,,1.0090695804496879,1.4,,,,,,,5.710073308197347,0.0626099033699941,256,8.000000000000002,2.1379649132179313,,1,518,1,exact,,,2,1.616796202002444e-05,,,,0.019147958999383263,c28c1b8db94a704f478ee64f3f67e6c529d57c81
dv3-B-lgcp-440089,3,B,lgcp,440089,44,,89,3:2:5:440089,,test,31,500.0,,,,,,,,,1.0090695804496879,1.4,,,,,,,5.710073308197347,0.0626099033699941,256,8.000000000000002,2.1379649132179313,,1,433,1,exact,,,2,1.616796202002444e-05,,,,0.01775770800304599,58792c86bde665030faa3daab9c2342c75cf3db1
dv3-B-lgcp-440090,3,B,lgcp,440090,44,,90,3:2:5:440090,,test,31,500.0,,,,,,,,,1.0090695804496879,1.4,,,,,,,5.710073308197347,0.0626099033699941,256,8.000000000000002,2.1379649132179313,,1,490,1,exact,,,2,1.616796202002444e-05,,,,0.018080625002767192,8efed23c7d8f48b0791c4d2f28c0abad0606175c
dv3-B-lgcp-440091,3,B,lgcp,440091,44,,91,3:2:5:440091,,test,31,500.0,,,,,,,,,1.0090695804496879,1.4,,,,,,,5.710073308197347,0.0626099033699941,256,8.000000000000002,2.1379649132179313,,1,516,1,exact,,,2,1.616796202002444e-05,,,,0.017552124998474028,1eb92152977c9be7e99a0e7036b204ad954de75e
dv3-B-lgcp-440092,3,B,lgcp,440092,44,,92,3:2:5:440092,,test,31,500.0,,,,,,,,,1.0090695804496879,1.4,,,,,,,5.710073308197347,0.0626099033699941,256,8.000000000000002,2.1379649132179313,,1,524,1,exact,,,2,1.616796202002444e-05,,,,0.019377542001166148,433afc8d5a7c4150037aa094097e830be4254f7b
dv3-B-lgcp-440093,3,B,lgcp,440093,44,,93,3:2:5:440093,,test,31,500.0,,,,,,,,,1.0090695804496879,1.4,,,,,,,5.710073308197347,0.0626099033699941,256,8.000000000000002,2.1379649132179313,,1,416,1,exact,,,2,1.616796202002444e-05,,,,0.018795209001837065,d2ecd6cf48db3a35f3a3fdc2b43561240f0c481f
dv3-B-lgcp-440094,3,B,lgcp,440094,44,,94,3:2:5:440094,,test,31,500.0,,,,,,,,,1.0090695804496879,1.4,,,,,,,5.710073308197347,0.0626099033699941,256,8.000000000000002,2.1379649132179313,,1,469,1,exact,,,2,1.616796202002444e-05,,,,0.020524250001471955,ec0bfba111a460aa3b36482019cc7469c20dc64e
dv3-B-lgcp-440095,3,B,lgcp,440095,44,,95,3:2:5:440095,,test,31,500.0,,,,,,,,,1.0090695804496879,1.4,,,,,,,5.710073308197347,0.0626099033699941,256,8.000000000000002,2.1379649132179313,,1,418,1,exact,,,2,1.616796202002444e-05,,,,0.017386125000484753,120377e84d8c6c7742de6c5ee50d5cf5bee547f8
dv3-B-lgcp-440096,3,B,lgcp,440096,44,,96,3:2:5:440096,,test,31,500.0,,,,,,,,,1.0090695804496879,1.4,,,,,,,5.710073308197347,0.0626099033699941,256,8.000000000000002,2.1379649132179313,,1,570,1,exact,,,2,1.616796202002444e-05,,,,0.01718333299868391,18b16dda3da75e1dc6a0baa2ae1e6e96a60bbb91
dv3-B-lgcp-440097,3,B,lgcp,440097,44,,97,3:2:5:440097,,test,31,500.0,,,,,,,,,1.0090695804496879,1.4,,,,,,,5.710073308197347,0.0626099033699941,256,8.000000000000002,2.1379649132179313,,1,481,1,exact,,,2,1.616796202002444e-05,,,,0.015555042002233677,c8147ecf156bd9dfe697fdf888e7b5ae767bbde3
dv3-B-lgcp-440098,3,B,lgcp,440098,44,,98,3:2:5:440098,,test,31,500.0,,,,,,,,,1.0090695804496879,1.4,,,,,,,5.710073308197347,0.0626099033699941,256,8.000000000000002,2.1379649132179313,,1,509,1,exact,,,2,1.616796202002444e-05,,,,0.01756579099674127,ed7b6288ddd08c5d111e8148d2f38f6f20fefef8
dv3-B-lgcp-440099,3,B,lgcp,440099,44,,99,3:2:5:440099,,test,31,500.0,,,,,,,,,1.0090695804496879,1.4,,,,,,,5.710073308197347,0.0626099033699941,256,8.000000000000002,2.1379649132179313,,1,579,1,exact,,,2,1.616796202002444e-05,,,,0.018370624999079155,b66aa66b5e980317adfdf46f6b6575f485e02178
dv3-B-lgcp-440100,3,B,lgcp,440100,44,,100,3:2:5:440100,,test,31,500.0,,,,,,,,,1.0090695804496879,1.4,,,,,,,5.710073308197347,0.0626099033699941,256,8.000000000000002,2.1379649132179313,,1,469,1,exact,,,2,1.616796202002444e-05,,,,0.015227791998768225,3e05ce1572a3dae6112658e3615a5d4dc7e73374
dv3-B-lgcp-440101,3,B,lgcp,440101,44,,101,3:2:5:440101,,test,31,500.0,,,,,,,,,1.0090695804496879,1.4,,,,,,,5.710073308197347,0.0626099033699941,256,8.000000000000002,2.1379649132179313,,1,485,1,exact,,,2,1.616796202002444e-05,,,,0.018576208996819332,88fe97b25e43aa10919f1c2ce5ddab73e2ef01f4
dv3-B-lgcp-440102,3,B,lgcp,440102,44,,102,3:2:5:440102,,test,31,500.0,,,,,,,,,1.0090695804496879,1.4,,,,,,,5.710073308197347,0.0626099033699941,256,8.000000000000002,2.1379649132179313,,1,534,1,exact,,,2,1.616796202002444e-05,,,,0.020259000000805827,71b0c8af6a97153d5f4e84bd7d106f080f48ec08
dv3-B-lgcp-440103,3,B,lgcp,440103,44,,103,3:2:5:440103,,test,31,500.0,,,,,,,,,1.0090695804496879,1.4,,,,,,,5.710073308197347,0.0626099033699941,256,8.000000000000002,2.1379649132179313,,1,434,1,exact,,,2,1.616796202002444e-05,,,,0.01619208299962338,72951e4e67323b3edb2e0bef6c9ea0f951d6a5e5
dv3-B-lgcp-440104,3,B,lgcp,440104,44,,104,3:2:5:440104,,test,31,500.0,,,,,,,,,1.0090695804496879,1.4,,,,,,,5.710073308197347,0.0626099033699941,256,8.000000000000002,2.1379649132179313,,1,469,1,exact,,,2,1.616796202002444e-05,,,,0.01799041699996451,4051c6e181cc6d970e310b69662dad802efeed72
dv3-B-lgcp-440105,3,B,lgcp,440105,44,,105,3:2:5:440105,,test,31,500.0,,,,,,,,,1.0090695804496879,1.4,,,,,,,5.710073308197347,0.0626099033699941,256,8.000000000000002,2.1379649132179313,,1,473,1,exact,,,2,1.616796202002444e-05,,,,0.014501792000373825,53a9667892031643430eb1a880bf1fcd6b64613f
dv3-B-lgcp-440106,3,B,lgcp,440106,44,,106,3:2:5:440106,,test,31,500.0,,,,,,,,,1.0090695804496879,1.4,,,,,,,5.710073308197347,0.0626099033699941,256,8.000000000000002,2.1379649132179313,,1,422,1,exact,,,2,1.616796202002444e-05,,,,0.01767900000049849,53902d684bc00d451c07ab4d83d85171b4def5e2
dv3-B-lgcp-440107,3,B,lgcp,440107,44,,107,3:2:5:440107,,test,31,500.0,,,,,,,,,1.0090695804496879,1.4,,,,,,,5.710073308197347,0.0626099033699941,256,8.000000000000002,2.1379649132179313,,1,482,1,exact,,,2,1.616796202002444e-05,,,,0.02044962500076508,1429a5a1d5140d65550955df1f06dfd327b3cb0e
dv3-B-lgcp-440108,3,B,lgcp,440108,44,,108,3:2:5:440108,,test,31,500.0,,,,,,,,,1.0090695804496879,1.4,,,,,,,5.710073308197347,0.0626099033699941,256,8.000000000000002,2.1379649132179313,,1,507,1,exact,,,2,1.616796202002444e-05,,,,0.01823695900020539,bfeaa14c68e15129b81d607d5217f509a408af55
dv3-B-lgcp-440109,3,B,lgcp,440109,44,,109,3:2:5:440109,,test,31,500.0,,,,,,,,,1.0090695804496879,1.4,,,,,,,5.710073308197347,0.0626099033699941,256,8.000000000000002,2.1379649132179313,,1,439,1,exact,,,2,1.616796202002444e-05,,,,0.016919458998017944,e4628d35a832cfb480775a762ca8aebd8a13e62e
dv3-B-lgcp-440110,3,B,lgcp,440110,44,,110,3:2:5:440110,,test,31,500.0,,,,,,,,,1.0090695804496879,1.4,,,,,,,5.710073308197347,0.0626099033699941,256,8.000000000000002,2.1379649132179313,,1,512,1,exact,,,2,1.616796202002444e-05,,,,0.02015558299899567,b9c5f08590b4989c01c031170b01d8ab222ade2b
dv3-B-lgcp-440111,3,B,lgcp,440111,44,,111,3:2:5:440111,,test,31,500.0,,,,,,,,,1.0090695804496879,1.4,,,,,,,5.710073308197347,0.0626099033699941,256,8.000000000000002,2.1379649132179313,,1,522,1,exact,,,2,1.616796202002444e-05,,,,0.019861333999870112,18fbd2496fc9bb5fd6ebcc5be6ca818bf6a52ebc
dv3-B-lgcp-440112,3,B,lgcp,440112,44,,112,3:2:5:440112,,test,31,500.0,,,,,,,,,1.0090695804496879,1.4,,,,,,,5.710073308197347,0.0626099033699941,256,8.000000000000002,2.1379649132179313,,1,467,1,exact,,,2,1.616796202002444e-05,,,,0.019821666999632725,fdad54cfa07313a050d378e1a0c521e303388f6f
dv3-B-lgcp-440113,3,B,lgcp,440113,44,,113,3:2:5:440113,,test,31,500.0,,,,,,,,,1.0090695804496879,1.4,,,,,,,5.710073308197347,0.0626099033699941,256,8.000000000000002,2.1379649132179313,,1,488,1,exact,,,2,1.616796202002444e-05,,,,0.016723583001294173,4941681b2fd9fded3183492b687eb1c802b28729
dv3-B-lgcp-440114,3,B,lgcp,440114,44,,114,3:2:5:440114,,test,31,500.0,,,,,,,,,1.0090695804496879,1.4,,,,,,,5.710073308197347,0.0626099033699941,256,8.000000000000002,2.1379649132179313,,1,454,1,exact,,,2,1.616796202002444e-05,,,,0.015103290999832097,060e87264d4ab1eb0ea980c851bfb8d39db81215
dv3-B-lgcp-440115,3,B,lgcp,440115,44,,115,3:2:5:440115,,test,31,500.0,,,,,,,,,1.0090695804496879,1.4,,,,,,,5.710073308197347,0.0626099033699941,256,8.000000000000002,2.1379649132179313,,1,435,1,exact,,,2,1.616796202002444e-05,,,,0.017292083000938874,3547a9e8adcbbd3624ea5392b62872121b536213
dv3-B-lgcp-440116,3,B,lgcp,440116,44,,116,3:2:5:440116,,test,31,500.0,,,,,,,,,1.0090695804496879,1.4,,,,,,,5.710073308197347,0.0626099033699941,256,8.000000000000002,2.1379649132179313,,1,443,1,exact,,,2,1.616796202002444e-05,,,,0.016426250000222353,14a1fc64e03cefca37be2bc908cad59896986e81
dv3-B-lgcp-440117,3,B,lgcp,440117,44,,117,3:2:5:440117,,test,31,500.0,,,,,,,,,1.0090695804496879,1.4,,,,,,,5.710073308197347,0.0626099033699941,256,8.000000000000002,2.1379649132179313,,1,541,1,exact,,,2,1.616796202002444e-05,,,,0.021704957998736063,53cae2ce8964ab2e5cdab74fe4822c657729a351
dv3-B-lgcp-440118,3,B,lgcp,440118,44,,118,3:2:5:440118,,test,31,500.0,,,,,,,,,1.0090695804496879,1.4,,,,,,,5.710073308197347,0.0626099033699941,256,8.000000000000002,2.1379649132179313,,1,430,1,exact,,,2,1.616796202002444e-05,,,,0.025712250000651693,439312de1a8e8ebd2f4b809196b1118028967040
dv3-B-lgcp-440119,3,B,lgcp,440119,44,,119,3:2:5:440119,,test,31,500.0,,,,,,,,,1.0090695804496879,1.4,,,,,,,5.710073308197347,0.0626099033699941,256,8.000000000000002,2.1379649132179313,,1,455,1,exact,,,2,1.616796202002444e-05,,,,0.028930417000083253,310c4d5d89f7c4c1b529916683f458aacfd0bafb
dv3-B-lgcp-440120,3,B,lgcp,440120,44,,120,3:2:5:440120,,test,31,500.0,,,,,,,,,1.0090695804496879,1.4,,,,,,,5.710073308197347,0.0626099033699941,256,8.000000000000002,2.1379649132179313,,1,508,1,exact,,,2,1.616796202002444e-05,,,,0.03151204100140603,eb6c9ef6efc956ee395d614ec155d3b90b01319d
dv3-B-lgcp-440121,3,B,lgcp,440121,44,,121,3:2:5:440121,,test,31,500.0,,,,,,,,,1.0090695804496879,1.4,,,,,,,5.710073308197347,0.0626099033699941,256,8.000000000000002,2.1379649132179313,,1,377,1,exact,,,2,1.616796202002444e-05,,,,0.032721374998800457,79e6103d581e069a2750441e554a6b66881a1bf7
dv3-B-lgcp-440122,3,B,lgcp,440122,44,,122,3:2:5:440122,,test,31,500.0,,,,,,,,,1.0090695804496879,1.4,,,,,,,5.710073308197347,0.0626099033699941,256,8.000000000000002,2.1379649132179313,,1,494,1,exact,,,2,1.616796202002444e-05,,,,0.0218690420006169,e26bf0a28cfdd542be9339591fe893d841e7c393
dv3-B-lgcp-440123,3,B,lgcp,440123,44,,123,3:2:5:440123,,test,31,500.0,,,,,,,,,1.0090695804496879,1.4,,,,,,,5.710073308197347,0.0626099033699941,256,8.000000000000002,2.1379649132179313,,1,384,1,exact,,,2,1.616796202002444e-05,,,,0.0341164999990724,a3f2dcff1df3e166ed7c411ee1eac36e3032b7e4
dv3-B-lgcp-440124,3,B,lgcp,440124,44,,124,3:2:5:440124,,test,31,500.0,,,,,,,,,1.0090695804496879,1.4,,,,,,,5.710073308197347,0.0626099033699941,256,8.000000000000002,2.1379649132179313,,1,484,1,exact,,,2,1.616796202002444e-05,,,,0.028583625000464963,dec083c7c575d6c044d75dc62ed429d5eedeefb2
dv3-B-lgcp-440125,3,B,lgcp,440125,44,,125,3:2:5:440125,,test,31,500.0,,,,,,,,,1.0090695804496879,1.4,,,,,,,5.710073308197347,0.0626099033699941,256,8.000000000000002,2.1379649132179313,,1,394,1,exact,,,2,1.616796202002444e-05,,,,0.02450854099879507,08700ba01c3f8758722de37dc8e577c629fd990c
dv3-B-lgcp-440126,3,B,lgcp,440126,44,,126,3:2:5:440126,,test,31,500.0,,,,,,,,,1.0090695804496879,1.4,,,,,,,5.710073308197347,0.0626099033699941,256,8.000000000000002,2.1379649132179313,,1,587,1,exact,,,2,1.616796202002444e-05,,,,0.02452662499854341,06a43bd1ef06e09bbda83c4f16f9e68414a4ecd9
dv3-B-lgcp-440127,3,B,lgcp,440127,44,,127,3:2:5:440127,,test,31,500.0,,,,,,,,,1.0090695804496879,1.4,,,,,,,5.710073308197347,0.0626099033699941,256,8.000000000000002,2.1379649132179313,,1,367,1,exact,,,2,1.616796202002444e-05,,,,0.027217584000027273,1217ef45df3cd5257e6d335877cfd67ce831c3c0
dv3-B-lgcp-440128,3,B,lgcp,440128,44,,128,3:2:5:440128,,test,31,500.0,,,,,,,,,1.0090695804496879,1.4,,,,,,,5.710073308197347,0.0626099033699941,256,8.000000000000002,2.1379649132179313,,1,644,1,exact,,,2,1.616796202002444e-05,,,,0.019653542000014568,d77c6751a91d28416996d77dac027ba99f67eadc
dv3-B-lgcp-440129,3,B,lgcp,440129,44,,129,3:2:5:440129,,test,31,500.0,,,,,,,,,1.0090695804496879,1.4,,,,,,,5.710073308197347,0.0626099033699941,256,8.000000000000002,2.1379649132179313,,1,450,1,exact,,,2,1.616796202002444e-05,,,,0.02249308399768779,f1f497d0857f2168e68bb3206822fc30395196ee
dv3-B-lgcp-440130,3,B,lgcp,440130,44,,130,3:2:5:440130,,test,31,500.0,,,,,,,,,1.0090695804496879,1.4,,,,,,,5.710073308197347,0.0626099033699941,256,8.000000000000002,2.1379649132179313,,1,501,1,exact,,,2,1.616796202002444e-05,,,,0.02019970800029114,d28806fd2b0a4748c02ebd491210c7411df2a926
dv3-B-lgcp-440131,3,B,lgcp,440131,44,,131,3:2:5:440131,,test,31,500.0,,,,,,,,,1.0090695804496879,1.4,,,,,,,5.710073308197347,0.0626099033699941,256,8.000000000000002,2.1379649132179313,,1,523,1,exact,,,2,1.616796202002444e-05,,,,0.024896291997720255,8558546799b804f2f6ec746fb611b0f8ccd16a75
dv3-B-lgcp-440132,3,B,lgcp,440132,44,,132,3:2:5:440132,,test,31,500.0,,,,,,,,,1.0090695804496879,1.4,,,,,,,5.710073308197347,0.0626099033699941,256,8.000000000000002,2.1379649132179313,,1,503,1,exact,,,2,1.616796202002444e-05,,,,0.011718416997609893,6c86125e621152f0cc29712edadb585cbd115075
dv3-B-lgcp-440133,3,B,lgcp,440133,44,,133,3:2:5:440133,,test,31,500.0,,,,,,,,,1.0090695804496879,1.4,,,,,,,5.710073308197347,0.0626099033699941,256,8.000000000000002,2.1379649132179313,,1,558,1,exact,,,2,1.616796202002444e-05,,,,0.015321999999287073,326c1e5ac82f690b235307aaef7faf497b3ba870
dv3-B-lgcp-440134,3,B,lgcp,440134,44,,134,3:2:5:440134,,test,31,500.0,,,,,,,,,1.0090695804496879,1.4,,,,,,,5.710073308197347,0.0626099033699941,256,8.000000000000002,2.1379649132179313,,1,565,1,exact,,,2,1.616796202002444e-05,,,,0.01680616699741222,fa692777ca90d05e2eac46d9efe69716798cfdac
dv3-B-lgcp-440135,3,B,lgcp,440135,44,,135,3:2:5:440135,,test,31,500.0,,,,,,,,,1.0090695804496879,1.4,,,,,,,5.710073308197347,0.0626099033699941,256,8.000000000000002,2.1379649132179313,,1,536,1,exact,,,2,1.616796202002444e-05,,,,0.03533749999769498,accf5198b5c1845852ca7540f994d3fe959babd8
dv3-B-lgcp-440136,3,B,lgcp,440136,44,,136,3:2:5:440136,,test,31,500.0,,,,,,,,,1.0090695804496879,1.4,,,,,,,5.710073308197347,0.0626099033699941,256,8.000000000000002,2.1379649132179313,,1,549,1,exact,,,2,1.616796202002444e-05,,,,0.010695042001316324,89abcf9fab720b28f80acf5d1a467f7bae7373ee
dv3-B-lgcp-440137,3,B,lgcp,440137,44,,137,3:2:5:440137,,test,31,500.0,,,,,,,,,1.0090695804496879,1.4,,,,,,,5.710073308197347,0.0626099033699941,256,8.000000000000002,2.1379649132179313,,1,475,1,exact,,,2,1.616796202002444e-05,,,,0.01434874999904423,07789576735f4624f8bbbbd534d9e06303c0507a
dv3-B-lgcp-440138,3,B,lgcp,440138,44,,138,3:2:5:440138,,test,31,500.0,,,,,,,,,1.0090695804496879,1.4,,,,,,,5.710073308197347,0.0626099033699941,256,8.000000000000002,2.1379649132179313,,1,502,1,exact,,,2,1.616796202002444e-05,,,,0.016430875002697576,4c1bea7a9eb95ace7215ee5aab1233e97225f853
dv3-B-lgcp-440139,3,B,lgcp,440139,44,,139,3:2:5:440139,,test,31,500.0,,,,,,,,,1.0090695804496879,1.4,,,,,,,5.710073308197347,0.0626099033699941,256,8.000000000000002,2.1379649132179313,,1,537,1,exact,,,2,1.616796202002444e-05,,,,0.015145042001677211,cf07d8a8f158a11ca060ccb7d2a961b12a1a5e80
dv3-B-lgcp-440140,3,B,lgcp,440140,44,,140,3:2:5:440140,,test,31,500.0,,,,,,,,,1.0090695804496879,1.4,,,,,,,5.710073308197347,0.0626099033699941,256,8.000000000000002,2.1379649132179313,,1,574,1,exact,,,2,1.616796202002444e-05,,,,0.01788920800026972,258cca7af3afe4479828c14a0304ceda07dc92f1
dv3-B-lgcp-440141,3,B,lgcp,440141,44,,141,3:2:5:440141,,test,31,500.0,,,,,,,,,1.0090695804496879,1.4,,,,,,,5.710073308197347,0.0626099033699941,256,8.000000000000002,2.1379649132179313,,1,636,1,exact,,,2,1.616796202002444e-05,,,,0.024340916999790352,9ee2bdd114719c5fafce3e06bdc1940e20afef88
dv3-B-lgcp-440142,3,B,lgcp,440142,44,,142,3:2:5:440142,,test,31,500.0,,,,,,,,,1.0090695804496879,1.4,,,,,,,5.710073308197347,0.0626099033699941,256,8.000000000000002,2.1379649132179313,,1,409,1,exact,,,2,1.616796202002444e-05,,,,0.01989020799737773,b2cda823995107018eb9c477deac07fc480a1f41
dv3-B-lgcp-440143,3,B,lgcp,440143,44,,143,3:2:5:440143,,test,31,500.0,,,,,,,,,1.0090695804496879,1.4,,,,,,,5.710073308197347,0.0626099033699941,256,8.000000000000002,2.1379649132179313,,1,407,1,exact,,,2,1.616796202002444e-05,,,,0.012551125000754837,4638becb489eb47ff9b2920fe10dd5e1a686a7cd
dv3-B-lgcp-440144,3,B,lgcp,440144,44,,144,3:2:5:440144,,test,31,500.0,,,,,,,,,1.0090695804496879,1.4,,,,,,,5.710073308197347,0.0626099033699941,256,8.000000000000002,2.1379649132179313,,1,421,1,exact,,,2,1.616796202002444e-05,,,,0.014528125000651926,7635edf91753482c12343cbf1b5b8d256b0322e0
dv3-B-lgcp-440145,3,B,lgcp,440145,44,,145,3:2:5:440145,,test,31,500.0,,,,,,,,,1.0090695804496879,1.4,,,,,,,5.710073308197347,0.0626099033699941,256,8.000000000000002,2.1379649132179313,,1,575,1,exact,,,2,1.616796202002444e-05,,,,0.01964041699829977,3b784b47b6aabcb1b6e4f0df1015893d8b30192e
dv3-B-lgcp-440146,3,B,lgcp,440146,44,,146,3:2:5:440146,,test,31,500.0,,,,,,,,,1.0090695804496879,1.4,,,,,,,5.710073308197347,0.0626099033699941,256,8.000000000000002,2.1379649132179313,,1,613,1,exact,,,2,1.616796202002444e-05,,,,0.016224167000473244,5162cb5afdefdf3c1715d9fd86bec2024a6facb5
dv3-B-lgcp-440147,3,B,lgcp,440147,44,,147,3:2:5:440147,,test,31,500.0,,,,,,,,,1.0090695804496879,1.4,,,,,,,5.710073308197347,0.0626099033699941,256,8.000000000000002,2.1379649132179313,,1,428,1,exact,,,2,1.616796202002444e-05,,,,0.017387167001288617,9bfbb1de681a607222e732de5c0d4daf8b4072c0
dv3-B-lgcp-440148,3,B,lgcp,440148,44,,148,3:2:5:440148,,test,31,500.0,,,,,,,,,1.0090695804496879,1.4,,,,,,,5.710073308197347,0.0626099033699941,256,8.000000000000002,2.1379649132179313,,1,406,1,exact,,,2,1.616796202002444e-05,,,,0.021771874999103602,d27fa80c4380f5f3266beebe96def9228f2a66cf
dv3-B-lgcp-440149,3,B,lgcp,440149,44,,149,3:2:5:440149,,test,31,500.0,,,,,,,,,1.0090695804496879,1.4,,,,,,,5.710073308197347,0.0626099033699941,256,8.000000000000002,2.1379649132179313,,1,499,1,exact,,,2,1.616796202002444e-05,,,,0.016115499998704763,a4db013556314a024e722e7202534fb5f47c8f4a
dv3-B-lgcp-440150,3,B,lgcp,440150,44,,150,3:2:5:440150,,test,31,500.0,,,,,,,,,1.0090695804496879,1.4,,,,,,,5.710073308197347,0.0626099033699941,256,8.000000000000002,2.1379649132179313,,1,540,1,exact,,,2,1.616796202002444e-05,,,,0.022568000000319444,e105e113858a976cfdafecc11bf435e37561f5de
dv3-B-lgcp-440151,3,B,lgcp,440151,44,,151,3:2:5:440151,,test,31,500.0,,,,,,,,,1.0090695804496879,1.4,,,,,,,5.710073308197347,0.0626099033699941,256,8.000000000000002,2.1379649132179313,,1,414,1,exact,,,2,1.616796202002444e-05,,,,0.018427499999233987,fd92aa304ca85fcd350010958dc565b11ecfe95b
dv3-B-lgcp-440152,3,B,lgcp,440152,44,,152,3:2:5:440152,,test,31,500.0,,,,,,,,,1.0090695804496879,1.4,,,,,,,5.710073308197347,0.0626099033699941,256,8.000000000000002,2.1379649132179313,,1,491,1,exact,,,2,1.616796202002444e-05,,,,0.01746291699964786,73a590b3e01ebb31780c4e75d49ce5ab651da2d5
dv3-B-lgcp-440153,3,B,lgcp,440153,44,,153,3:2:5:440153,,test,31,500.0,,,,,,,,,1.0090695804496879,1.4,,,,,,,5.710073308197347,0.0626099033699941,256,8.000000000000002,2.1379649132179313,,1,387,1,exact,,,2,1.616796202002444e-05,,,,0.019961707999755163,3f95e929313004b2840c9e0cd7ceb63c0c5de45d
dv3-B-lgcp-440154,3,B,lgcp,440154,44,,154,3:2:5:440154,,test,31,500.0,,,,,,,,,1.0090695804496879,1.4,,,,,,,5.710073308197347,0.0626099033699941,256,8.000000000000002,2.1379649132179313,,1,541,1,exact,,,2,1.616796202002444e-05,,,,0.015761667000333546,eccdfce1cf48f43ae8db4470fc261cd8977a2d42
dv3-B-lgcp-440155,3,B,lgcp,440155,44,,155,3:2:5:440155,,test,31,500.0,,,,,,,,,1.0090695804496879,1.4,,,,,,,5.710073308197347,0.0626099033699941,256,8.000000000000002,2.1379649132179313,,1,482,1,exact,,,2,1.616796202002444e-05,,,,0.016945167000812944,0ebcf4bdfc323f5a08a4d8de6a59ff853356177e
dv3-B-lgcp-440156,3,B,lgcp,440156,44,,156,3:2:5:440156,,test,31,500.0,,,,,,,,,1.0090695804496879,1.4,,,,,,,5.710073308197347,0.0626099033699941,256,8.000000000000002,2.1379649132179313,,1,572,1,exact,,,2,1.616796202002444e-05,,,,0.019279500000266125,0736ae4c2685efce8ded0852615cddb5231551dd
dv3-B-lgcp-440157,3,B,lgcp,440157,44,,157,3:2:5:440157,,test,31,500.0,,,,,,,,,1.0090695804496879,1.4,,,,,,,5.710073308197347,0.0626099033699941,256,8.000000000000002,2.1379649132179313,,1,460,1,exact,,,2,1.616796202002444e-05,,,,0.018378290998953162,dea2a740d82b086d1c09efc452b4465d2ef8f20a
dv3-B-lgcp-440158,3,B,lgcp,440158,44,,158,3:2:5:440158,,test,31,500.0,,,,,,,,,1.0090695804496879,1.4,,,,,,,5.710073308197347,0.0626099033699941,256,8.000000000000002,2.1379649132179313,,1,560,1,exact,,,2,1.616796202002444e-05,,,,0.017524666000099387,8c031b60110d1a492df3face2b5e6b7a8f6e06ec
dv3-B-lgcp-440159,3,B,lgcp,440159,44,,159,3:2:5:440159,,test,31,500.0,,,,,,,,,1.0090695804496879,1.4,,,,,,,5.710073308197347,0.0626099033699941,256,8.000000000000002,2.1379649132179313,,1,420,1,exact,,,2,1.616796202002444e-05,,,,0.014836500002274988,330ef04a05c7b87681c5aef4cccb44cc771bdf9f
dv3-B-lgcp-440160,3,B,lgcp,440160,44,,160,3:2:5:440160,,test,31,500.0,,,,,,,,,1.0090695804496879,1.4,,,,,,,5.710073308197347,0.0626099033699941,256,8.000000000000002,2.1379649132179313,,1,499,1,exact,,,2,1.616796202002444e-05,,,,0.018526084000768606,c500de7b62afed8757ee58e9cbd3d8fe43b91297
dv3-B-lgcp-440161,3,B,lgcp,440161,44,,161,3:2:5:440161,,test,31,500.0,,,,,,,,,1.0090695804496879,1.4,,,,,,,5.710073308197347,0.0626099033699941,256,8.000000000000002,2.1379649132179313,,1,394,1,exact,,,2,1.616796202002444e-05,,,,0.018808458000421524,82b660e7b557ada0f7ef4db4bf49666b21392198
dv3-B-lgcp-440162,3,B,lgcp,440162,44,,162,3:2:5:440162,,test,31,500.0,,,,,,,,,1.0090695804496879,1.4,,,,,,,5.710073308197347,0.0626099033699941,256,8.000000000000002,2.1379649132179313,,1,622,1,exact,,,2,1.616796202002444e-05,,,,0.018875916000979487,bbc6050718841fc7848d41209e23d5b27661230a
dv3-B-lgcp-440163,3,B,lgcp,440163,44,,163,3:2:5:440163,,test,31,500.0,,,,,,,,,1.0090695804496879,1.4,,,,,,,5.710073308197347,0.0626099033699941,256,8.000000000000002,2.1379649132179313,,1,368,1,exact,,,2,1.616796202002444e-05,,,,0.017314374999841675,f82d294d7fdb433578463b04bf7d6a954eb2011f
dv3-B-lgcp-440164,3,B,lgcp,440164,44,,164,3:2:5:440164,,test,31,500.0,,,,,,,,,1.0090695804496879,1.4,,,,,,,5.710073308197347,0.0626099033699941,256,8.000000000000002,2.1379649132179313,,1,568,1,exact,,,2,1.616796202002444e-05,,,,0.01723774999845773,785e2885cbd1567293ce2445b99711ec61637a7b
dv3-B-lgcp-440165,3,B,lgcp,440165,44,,165,3:2:5:440165,,test,31,500.0,,,,,,,,,1.0090695804496879,1.4,,,,,,,5.710073308197347,0.0626099033699941,256,8.000000000000002,2.1379649132179313,,1,488,1,exact,,,2,1.616796202002444e-05,,,,0.02358608299982734,2131864175020d3b5485e4ca8667349030e05ad6
dv3-B-lgcp-440166,3,B,lgcp,440166,44,,166,3:2:5:440166,,test,31,500.0,,,,,,,,,1.0090695804496879,1.4,,,,,,,5.710073308197347,0.0626099033699941,256,8.000000000000002,2.1379649132179313,,1,536,1,exact,,,2,1.616796202002444e-05,,,,0.015778375000081724,36cf7762063eb279588ac2c719e1359585787885
dv3-B-lgcp-440167,3,B,lgcp,440167,44,,167,3:2:5:440167,,test,31,500.0,,,,,,,,,1.0090695804496879,1.4,,,,,,,5.710073308197347,0.0626099033699941,256,8.000000000000002,2.1379649132179313,,1,633,1,exact,,,2,1.616796202002444e-05,,,,0.018754458000330487,bf00da50fa9289b2fe25a5f4f8fc87a17d265f37
dv3-B-lgcp-440168,3,B,lgcp,440168,44,,168,3:2:5:440168,,test,31,500.0,,,,,,,,,1.0090695804496879,1.4,,,,,,,5.710073308197347,0.0626099033699941,256,8.000000000000002,2.1379649132179313,,1,505,1,exact,,,2,1.616796202002444e-05,,,,0.02015245800066623,cc38fa9a034a816ec52bafb65a030ea499f9ed6c
dv3-B-lgcp-440169,3,B,lgcp,440169,44,,169,3:2:5:440169,,test,31,500.0,,,,,,,,,1.0090695804496879,1.4,,,,,,,5.710073308197347,0.0626099033699941,256,8.000000000000002,2.1379649132179313,,1,382,1,exact,,,2,1.616796202002444e-05,,,,0.024455916998704197,db37eb7eff1ab5e79713be03a3f6b2f7258c3b16
dv3-B-lgcp-440170,3,B,lgcp,440170,44,,170,3:2:5:440170,,test,31,500.0,,,,,,,,,1.0090695804496879,1.4,,,,,,,5.710073308197347,0.0626099033699941,256,8.000000000000002,2.1379649132179313,,1,570,1,exact,,,2,1.616796202002444e-05,,,,0.019101249999948777,a07649b4ec1ee50124ace3d72bc4fb37143c137a
dv3-B-lgcp-440171,3,B,lgcp,440171,44,,171,3:2:5:440171,,test,31,500.0,,,,,,,,,1.0090695804496879,1.4,,,,,,,5.710073308197347,0.0626099033699941,256,8.000000000000002,2.1379649132179313,,1,668,1,exact,,,2,1.616796202002444e-05,,,,0.01627225000265753,6f4569159bf24c07260151ca7db5f5f52bd3eb05
dv3-B-lgcp-440172,3,B,lgcp,440172,44,,172,3:2:5:440172,,test,31,500.0,,,,,,,,,1.0090695804496879,1.4,,,,,,,5.710073308197347,0.0626099033699941,256,8.000000000000002,2.1379649132179313,,1,506,1,exact,,,2,1.616796202002444e-05,,,,0.03187837500081514,734505e9d709c98e28207d8315bb18a6a9a8b57f
dv3-B-lgcp-440173,3,B,lgcp,440173,44,,173,3:2:5:440173,,test,31,500.0,,,,,,,,,1.0090695804496879,1.4,,,,,,,5.710073308197347,0.0626099033699941,256,8.000000000000002,2.1379649132179313,,1,547,1,exact,,,2,1.616796202002444e-05,,,,0.03251770899805706,5654a7f81dbed7d8eb4e25949afd516ce8cd3e23
dv3-B-lgcp-440174,3,B,lgcp,440174,44,,174,3:2:5:440174,,test,31,500.0,,,,,,,,,1.0090695804496879,1.4,,,,,,,5.710073308197347,0.0626099033699941,256,8.000000000000002,2.1379649132179313,,1,573,1,exact,,,2,1.616796202002444e-05,,,,0.02289287500025239,5ed6e9c61b09e25de6a257f194df5f4b3f3098d9
dv3-B-lgcp-440175,3,B,lgcp,440175,44,,175,3:2:5:440175,,test,31,500.0,,,,,,,,,1.0090695804496879,1.4,,,,,,,5.710073308197347,0.0626099033699941,256,8.000000000000002,2.1379649132179313,,1,500,1,exact,,,2,1.616796202002444e-05,,,,0.026349166000727564,0371c2dd5df2be6dcd112abacdf4b8cf8f6888ef
dv3-B-lgcp-440176,3,B,lgcp,440176,44,,176,3:2:5:440176,,test,31,500.0,,,,,,,,,1.0090695804496879,1.4,,,,,,,5.710073308197347,0.0626099033699941,256,8.000000000000002,2.1379649132179313,,1,525,1,exact,,,2,1.616796202002444e-05,,,,0.031242457996995654,6ee97ad39967424276765f401ee91191c0d12b70
dv3-B-lgcp-440177,3,B,lgcp,440177,44,,177,3:2:5:440177,,test,31,500.0,,,,,,,,,1.0090695804496879,1.4,,,,,,,5.710073308197347,0.0626099033699941,256,8.000000000000002,2.1379649132179313,,1,534,1,exact,,,2,1.616796202002444e-05,,,,0.03842974999861326,77a3f36d0a3a1b31a42623cd17cc3e1705ff5e79
dv3-B-lgcp-440178,3,B,lgcp,440178,44,,178,3:2:5:440178,,test,31,500.0,,,,,,,,,1.0090695804496879,1.4,,,,,,,5.710073308197347,0.0626099033699941,256,8.000000000000002,2.1379649132179313,,1,551,1,exact,,,2,1.616796202002444e-05,,,,0.027051750003010966,8dce99a6ccb2b371ff9502dca12cff34f71966f6
dv3-B-lgcp-440179,3,B,lgcp,440179,44,,179,3:2:5:440179,,test,31,500.0,,,,,,,,,1.0090695804496879,1.4,,,,,,,5.710073308197347,0.0626099033699941,256,8.000000000000002,2.1379649132179313,,1,542,1,exact,,,2,1.616796202002444e-05,,,,0.023713582999334903,3d11a80f82a1f3721ec7fa1547f5b8f057e95b71
dv3-B-lgcp-440180,3,B,lgcp,440180,44,,180,3:2:5:440180,,test,31,500.0,,,,,,,,,1.0090695804496879,1.4,,,,,,,5.710073308197347,0.0626099033699941,256,8.000000000000002,2.1379649132179313,,1,474,1,exact,,,2,1.616796202002444e-05,,,,0.017568541999935405,09fabd08ab19a1a4c37039b3959cde070b7032ac
dv3-B-lgcp-440181,3,B,lgcp,440181,44,,181,3:2:5:440181,,test,31,500.0,,,,,,,,,1.0090695804496879,1.4,,,,,,,5.710073308197347,0.0626099033699941,256,8.000000000000002,2.1379649132179313,,1,582,1,exact,,,2,1.616796202002444e-05,,,,0.026777333998325048,9c90d90361d3149eae6ec5b79d8391b455488305
dv3-B-lgcp-440182,3,B,lgcp,440182,44,,182,3:2:5:440182,,test,31,500.0,,,,,,,,,1.0090695804496879,1.4,,,,,,,5.710073308197347,0.0626099033699941,256,8.000000000000002,2.1379649132179313,,1,473,1,exact,,,2,1.616796202002444e-05,,,,0.02073187499991036,a2eaddb64720e3cf45d5ec3ae8d4888fac99f660
dv3-B-lgcp-440183,3,B,lgcp,440183,44,,183,3:2:5:440183,,test,31,500.0,,,,,,,,,1.0090695804496879,1.4,,,,,,,5.710073308197347,0.0626099033699941,256,8.000000000000002,2.1379649132179313,,1,443,1,exact,,,2,1.616796202002444e-05,,,,0.01629170800151769,57315ee84b45888893d8c4484b8dd3babf74c42a
dv3-B-lgcp-440184,3,B,lgcp,440184,44,,184,3:2:5:440184,,test,31,500.0,,,,,,,,,1.0090695804496879,1.4,,,,,,,5.710073308197347,0.0626099033699941,256,8.000000000000002,2.1379649132179313,,1,637,1,exact,,,2,1.616796202002444e-05,,,,0.01604970799962757,3c8bfff6bb03f4dddb07b2cb165a4c4851c53a42
dv3-B-lgcp-440185,3,B,lgcp,440185,44,,185,3:2:5:440185,,test,31,500.0,,,,,,,,,1.0090695804496879,1.4,,,,,,,5.710073308197347,0.0626099033699941,256,8.000000000000002,2.1379649132179313,,1,502,1,exact,,,2,1.616796202002444e-05,,,,0.03132624999852851,aa485874a53db3dcd1ea1a22bd54c2f030c1a76b
dv3-B-lgcp-440186,3,B,lgcp,440186,44,,186,3:2:5:440186,,test,31,500.0,,,,,,,,,1.0090695804496879,1.4,,,,,,,5.710073308197347,0.0626099033699941,256,8.000000000000002,2.1379649132179313,,1,474,1,exact,,,2,1.616796202002444e-05,,,,0.03963104200011003,6341efbad932f894aaeba75ce244d104ffa11b95
dv3-B-lgcp-440187,3,B,lgcp,440187,44,,187,3:2:5:440187,,test,31,500.0,,,,,,,,,1.0090695804496879,1.4,,,,,,,5.710073308197347,0.0626099033699941,256,8.000000000000002,2.1379649132179313,,1,489,1,exact,,,2,1.616796202002444e-05,,,,0.0238312080000469,a0c0d394bf9c05bb3fbf18959431103fec726500
dv3-B-lgcp-440188,3,B,lgcp,440188,44,,188,3:2:5:440188,,test,31,500.0,,,,,,,,,1.0090695804496879,1.4,,,,,,,5.710073308197347,0.0626099033699941,256,8.000000000000002,2.1379649132179313,,1,484,1,exact,,,2,1.616796202002444e-05,,,,0.027574458999879425,5ac13b2b435f2d631ee93997924d678611f349a4
dv3-B-lgcp-440189,3,B,lgcp,440189,44,,189,3:2:5:440189,,test,31,500.0,,,,,,,,,1.0090695804496879,1.4,,,,,,,5.710073308197347,0.0626099033699941,256,8.000000000000002,2.1379649132179313,,1,492,1,exact,,,2,1.616796202002444e-05,,,,0.02060479099964141,9c058493cb2758af1ae2dbc548df93e463bbaf6b
dv3-B-lgcp-440190,3,B,lgcp,440190,44,,190,3:2:5:440190,,test,31,500.0,,,,,,,,,1.0090695804496879,1.4,,,,,,,5.710073308197347,0.0626099033699941,256,8.000000000000002,2.1379649132179313,,1,505,1,exact,,,2,1.616796202002444e-05,,,,0.026025750001281267,bf5a6bc2c2faf4590a13dc1d5ef08d2fd4706fd6
dv3-B-lgcp-440191,3,B,lgcp,440191,44,,191,3:2:5:440191,,test,31,500.0,,,,,,,,,1.0090695804496879,1.4,,,,,,,5.710073308197347,0.0626099033699941,256,8.000000000000002,2.1379649132179313,,1,351,1,exact,,,2,1.616796202002444e-05,,,,0.030601250000472646,116997a87904b4edd247dc6196f0e09d93ac822a
dv3-B-lgcp-440192,3,B,lgcp,440192,44,,192,3:2:5:440192,,test,31,500.0,,,,,,,,,1.0090695804496879,1.4,,,,,,,5.710073308197347,0.0626099033699941,256,8.000000000000002,2.1379649132179313,,1,396,1,exact,,,2,1.616796202002444e-05,,,,0.031061666002642596,7fb56d8f7567e204551a8f1961b924d2a99cd306
dv3-B-lgcp-440193,3,B,lgcp,440193,44,,193,3:2:5:440193,,test,31,500.0,,,,,,,,,1.0090695804496879,1.4,,,,,,,5.710073308197347,0.0626099033699941,256,8.000000000000002,2.1379649132179313,,1,551,1,exact,,,2,1.616796202002444e-05,,,,0.013326791999134002,98107a28fda30f9a9306adb78222feff28f1ed74
dv3-B-lgcp-440194,3,B,lgcp,440194,44,,194,3:2:5:440194,,test,31,500.0,,,,,,,,,1.0090695804496879,1.4,,,,,,,5.710073308197347,0.0626099033699941,256,8.000000000000002,2.1379649132179313,,1,559,1,exact,,,2,1.616796202002444e-05,,,,0.03003733299919986,567cd69c668c7509877321698d3c5f8aa3eb82d6
dv3-B-lgcp-440195,3,B,lgcp,440195,44,,195,3:2:5:440195,,test,31,500.0,,,,,,,,,1.0090695804496879,1.4,,,,,,,5.710073308197347,0.0626099033699941,256,8.000000000000002,2.1379649132179313,,1,901,1,exact,,,2,1.616796202002444e-05,,,,0.014980333002313273,993cdf351e8bf07fc32ace8167bbab1211cdb480
dv3-B-lgcp-440196,3,B,lgcp,440196,44,,196,3:2:5:440196,,test,31,500.0,,,,,,,,,1.0090695804496879,1.4,,,,,,,5.710073308197347,0.0626099033699941,256,8.000000000000002,2.1379649132179313,,1,530,1,exact,,,2,1.616796202002444e-05,,,,0.015479166999284644,98187e1cdbd4b7880e257b5b56e9093665442a0d
dv3-B-lgcp-440197,3,B,lgcp,440197,44,,197,3:2:5:440197,,test,31,500.0,,,,,,,,,1.0090695804496879,1.4,,,,,,,5.710073308197347,0.0626099033699941,256,8.000000000000002,2.1379649132179313,,1,430,1,exact,,,2,1.616796202002444e-05,,,,0.020672708000347484,0ebce5e9c4af7648b5f6009862f3980578733d25
dv3-B-lgcp-440198,3,B,lgcp,440198,44,,198,3:2:5:440198,,test,31,500.0,,,,,,,,,1.0090695804496879,1.4,,,,,,,5.710073308197347,0.0626099033699941,256,8.000000000000002,2.1379649132179313,,1,426,1,exact,,,2,1.616796202002444e-05,,,,0.02871866599889472,a774787ac28dd3acbe0df9c1c62bd28a9c089836
dv3-B-lgcp-440199,3,B,lgcp,440199,44,,199,3:2:5:440199,,test,31,500.0,,,,,,,,,1.0090695804496879,1.4,,,,,,,5.710073308197347,0.0626099033699941,256,8.000000000000002,2.1379649132179313,,1,453,1,exact,,,2,1.616796202002444e-05,,,,0.022279000000708038,e431ebd7a503c385f7e6f082ee4687ba1c5296fa
dv3-B-lgcp-440200,3,B,lgcp,440200,44,,200,3:2:5:440200,,test,31,500.0,,,,,,,,,1.0090695804496879,1.4,,,,,,,5.710073308197347,0.0626099033699941,256,8.000000000000002,2.1379649132179313,,1,451,1,exact,,,2,1.616796202002444e-05,,,,0.02027937500315602,57448b5adcf3dc415560a52ec62819e8572ae0bd
dv3-B-lgcp-440201,3,B,lgcp,440201,44,,201,3:2:5:440201,,test,31,500.0,,,,,,,,,1.0090695804496879,1.4,,,,,,,5.710073308197347,0.0626099033699941,256,8.000000000000002,2.1379649132179313,,1,433,1,exact,,,2,1.616796202002444e-05,,,,0.02715850000095088,e3aa4089266f3dfac53c72105eae0b7f69c5adde
dv3-B-lgcp-440202,3,B,lgcp,440202,44,,202,3:2:5:440202,,test,31,500.0,,,,,,,,,1.0090695804496879,1.4,,,,,,,5.710073308197347,0.0626099033699941,256,8.000000000000002,2.1379649132179313,,1,508,1,exact,,,2,1.616796202002444e-05,,,,0.027946457998041296,7737cd31a81346aefce3ab6fe36efad396351122
dv3-B-lgcp-440203,3,B,lgcp,440203,44,,203,3:2:5:440203,,test,31,500.0,,,,,,,,,1.0090695804496879,1.4,,,,,,,5.710073308197347,0.0626099033699941,256,8.000000000000002,2.1379649132179313,,1,404,1,exact,,,2,1.616796202002444e-05,,,,0.02923829199789907,763b3d79b2c8267b56d9af62b2dc6b529784429d
dv3-B-lgcp-440204,3,B,lgcp,440204,44,,204,3:2:5:440204,,test,31,500.0,,,,,,,,,1.0090695804496879,1.4,,,,,,,5.710073308197347,0.0626099033699941,256,8.000000000000002,2.1379649132179313,,1,562,1,exact,,,2,1.616796202002444e-05,,,,0.02275562499926309,197712d836da4ee34f12cfa0c61c20f5ed7ea6f4
dv3-B-lgcp-440205,3,B,lgcp,440205,44,,205,3:2:5:440205,,test,31,500.0,,,,,,,,,1.0090695804496879,1.4,,,,,,,5.710073308197347,0.0626099033699941,256,8.000000000000002,2.1379649132179313,,1,508,1,exact,,,2,1.616796202002444e-05,,,,0.02696579199982807,db87937d38f86e08dd34f283cf70fda29dc980ad
dv3-B-lgcp-440206,3,B,lgcp,440206,44,,206,3:2:5:440206,,test,31,500.0,,,,,,,,,1.0090695804496879,1.4,,,,,,,5.710073308197347,0.0626099033699941,256,8.000000000000002,2.1379649132179313,,1,442,1,exact,,,2,1.616796202002444e-05,,,,0.01810129200021038,16be7132e7d9c915da81b23125afd50ba4cd727f
dv3-B-lgcp-440207,3,B,lgcp,440207,44,,207,3:2:5:440207,,test,31,500.0,,,,,,,,,1.0090695804496879,1.4,,,,,,,5.710073308197347,0.0626099033699941,256,8.000000000000002,2.1379649132179313,,1,553,1,exact,,,2,1.616796202002444e-05,,,,0.02532562499982305,274bbb47f1781c798384119c773ce136cafd2009
dv3-B-lgcp-440208,3,B,lgcp,440208,44,,208,3:2:5:440208,,test,31,500.0,,,,,,,,,1.0090695804496879,1.4,,,,,,,5.710073308197347,0.0626099033699941,256,8.000000000000002,2.1379649132179313,,1,521,1,exact,,,2,1.616796202002444e-05,,,,0.015827957999135833,cc7b97d2a78bc1dfa8a77b9a9033dcc3d0190c4a
dv3-B-lgcp-440209,3,B,lgcp,440209,44,,209,3:2:5:440209,,test,31,500.0,,,,,,,,,1.0090695804496879,1.4,,,,,,,5.710073308197347,0.0626099033699941,256,8.000000000000002,2.1379649132179313,,1,445,1,exact,,,2,1.616796202002444e-05,,,,0.018932958999357652,7bbb3d9243a3d64cbc804aa9c3605527924fde43
dv3-B-lgcp-440210,3,B,lgcp,440210,44,,210,3:2:5:440210,,test,31,500.0,,,,,,,,,1.0090695804496879,1.4,,,,,,,5.710073308197347,0.0626099033699941,256,8.000000000000002,2.1379649132179313,,1,499,1,exact,,,2,1.616796202002444e-05,,,,0.017473542000516318,307bdc6c7135e3d250252e353ff54a007930f466
dv3-B-lgcp-440211,3,B,lgcp,440211,44,,211,3:2:5:440211,,test,31,500.0,,,,,,,,,1.0090695804496879,1.4,,,,,,,5.710073308197347,0.0626099033699941,256,8.000000000000002,2.1379649132179313,,1,431,1,exact,,,2,1.616796202002444e-05,,,,0.01811733399881632,cde5b8f22c8eab92df1ebc95a87a3266837218f2
dv3-B-lgcp-440212,3,B,lgcp,440212,44,,212,3:2:5:440212,,test,31,500.0,,,,,,,,,1.0090695804496879,1.4,,,,,,,5.710073308197347,0.0626099033699941,256,8.000000000000002,2.1379649132179313,,1,658,1,exact,,,2,1.616796202002444e-05,,,,0.015236875002301531,e9d080ac5c2f75a9400d8ffcdcf38de0b4efefc4
dv3-B-lgcp-440213,3,B,lgcp,440213,44,,213,3:2:5:440213,,test,31,500.0,,,,,,,,,1.0090695804496879,1.4,,,,,,,5.710073308197347,0.0626099033699941,256,8.000000000000002,2.1379649132179313,,1,567,1,exact,,,2,1.616796202002444e-05,,,,0.021987916999933077,a54aef9e1e401637f77b0788d1c2d9a979eb7dc5
dv3-B-lgcp-440214,3,B,lgcp,440214,44,,214,3:2:5:440214,,test,31,500.0,,,,,,,,,1.0090695804496879,1.4,,,,,,,5.710073308197347,0.0626099033699941,256,8.000000000000002,2.1379649132179313,,1,480,1,exact,,,2,1.616796202002444e-05,,,,0.02384245900248061,3868f9ff95734df3f7eb060913476c8bb314a9a3
dv3-B-lgcp-440215,3,B,lgcp,440215,44,,215,3:2:5:440215,,test,31,500.0,,,,,,,,,1.0090695804496879,1.4,,,,,,,5.710073308197347,0.0626099033699941,256,8.000000000000002,2.1379649132179313,,1,452,1,exact,,,2,1.616796202002444e-05,,,,0.028533874999993714,f65bc3a5e1e99e909bb7cd13be541cc103d10c6c
dv3-B-lgcp-440216,3,B,lgcp,440216,44,,216,3:2:5:440216,,test,31,500.0,,,,,,,,,1.0090695804496879,1.4,,,,,,,5.710073308197347,0.0626099033699941,256,8.000000000000002,2.1379649132179313,,1,669,1,exact,,,2,1.616796202002444e-05,,,,0.021591374999843538,419fb3e089751bbb9e750200fa10f374489fc15b
dv3-B-lgcp-440217,3,B,lgcp,440217,44,,217,3:2:5:440217,,test,31,500.0,,,,,,,,,1.0090695804496879,1.4,,,,,,,5.710073308197347,0.0626099033699941,256,8.000000000000002,2.1379649132179313,,1,434,1,exact,,,2,1.616796202002444e-05,,,,0.028843832998973085,b4d7d7bbffdcf0a97cf39ed53b1d4152c0bc7fd3
dv3-B-lgcp-440218,3,B,lgcp,440218,44,,218,3:2:5:440218,,test,31,500.0,,,,,,,,,1.0090695804496879,1.4,,,,,,,5.710073308197347,0.0626099033699941,256,8.000000000000002,2.1379649132179313,,1,467,1,exact,,,2,1.616796202002444e-05,,,,0.02220429199951468,7faacad8eee6922cdb303a9dde7e12cd7b935ef6
dv3-B-lgcp-440219,3,B,lgcp,440219,44,,219,3:2:5:440219,,test,31,500.0,,,,,,,,,1.0090695804496879,1.4,,,,,,,5.710073308197347,0.0626099033699941,256,8.000000000000002,2.1379649132179313,,1,512,1,exact,,,2,1.616796202002444e-05,,,,0.02110316700054682,18654b22e51d62cb9823599176c92abba4af7324
dv3-B-lgcp-440220,3,B,lgcp,440220,44,,220,3:2:5:440220,,test,31,500.0,,,,,,,,,1.0090695804496879,1.4,,,,,,,5.710073308197347,0.0626099033699941,256,8.000000000000002,2.1379649132179313,,1,415,1,exact,,,2,1.616796202002444e-05,,,,0.023998915999982273,1f9836772fda4a28216100ef1b4b5d14306a2426
dv3-B-lgcp-440221,3,B,lgcp,440221,44,,221,3:2:5:440221,,test,31,500.0,,,,,,,,,1.0090695804496879,1.4,,,,,,,5.710073308197347,0.0626099033699941,256,8.000000000000002,2.1379649132179313,,1,519,1,exact,,,2,1.616796202002444e-05,,,,0.016499249999469612,d34e5bccdd5efe08f4114620a110e9441778c585
dv3-B-lgcp-440222,3,B,lgcp,440222,44,,222,3:2:5:440222,,test,31,500.0,,,,,,,,,1.0090695804496879,1.4,,,,,,,5.710073308197347,0.0626099033699941,256,8.000000000000002,2.1379649132179313,,1,410,1,exact,,,2,1.616796202002444e-05,,,,0.022380292000889312,4f7f19ddee8a28dfa810e8906e620ad2cd3bc400
dv3-B-lgcp-440223,3,B,lgcp,440223,44,,223,3:2:5:440223,,test,31,500.0,,,,,,,,,1.0090695804496879,1.4,,,,,,,5.710073308197347,0.0626099033699941,256,8.000000000000002,2.1379649132179313,,1,636,1,exact,,,2,1.616796202002444e-05,,,,0.017262749999645166,dbe747637d7d8f914d8be1f4457010c935230321
dv3-B-lgcp-440224,3,B,lgcp,440224,44,,224,3:2:5:440224,,test,31,500.0,,,,,,,,,1.0090695804496879,1.4,,,,,,,5.710073308197347,0.0626099033699941,256,8.000000000000002,2.1379649132179313,,1,524,1,exact,,,2,1.616796202002444e-05,,,,0.022055165998608572,841fbcb8db4aa4af8c810299d89478ca6c580b62
dv3-B-lgcp-440225,3,B,lgcp,440225,44,,225,3:2:5:440225,,test,31,500.0,,,,,,,,,1.0090695804496879,1.4,,,,,,,5.710073308197347,0.0626099033699941,256,8.000000000000002,2.1379649132179313,,1,335,1,exact,,,2,1.616796202002444e-05,,,,0.016737624999223044,12179eb7b518a9ae7f6fd4dc260423ead1ef070a
dv3-B-lgcp-440226,3,B,lgcp,440226,44,,226,3:2:5:440226,,test,31,500.0,,,,,,,,,1.0090695804496879,1.4,,,,,,,5.710073308197347,0.0626099033699941,256,8.000000000000002,2.1379649132179313,,1,557,1,exact,,,2,1.616796202002444e-05,,,,0.018751417002931703,4c5b6ad8a1e0eca76b089c44e69e7b1e506b2156
dv3-B-lgcp-440227,3,B,lgcp,440227,44,,227,3:2:5:440227,,test,31,500.0,,,,,,,,,1.0090695804496879,1.4,,,,,,,5.710073308197347,0.0626099033699941,256,8.000000000000002,2.1379649132179313,,1,456,1,exact,,,2,1.616796202002444e-05,,,,0.05894774999978836,88805be571457def7be459cfbf8f57817782035f
dv3-B-lgcp-440228,3,B,lgcp,440228,44,,228,3:2:5:440228,,test,31,500.0,,,,,,,,,1.0090695804496879,1.4,,,,,,,5.710073308197347,0.0626099033699941,256,8.000000000000002,2.1379649132179313,,1,660,1,exact,,,2,1.616796202002444e-05,,,,0.014969624997320352,95a2a61fd5f04ef40372b94c57abd070f6320a42
dv3-B-lgcp-440229,3,B,lgcp,440229,44,,229,3:2:5:440229,,test,31,500.0,,,,,,,,,1.0090695804496879,1.4,,,,,,,5.710073308197347,0.0626099033699941,256,8.000000000000002,2.1379649132179313,,1,467,1,exact,,,2,1.616796202002444e-05,,,,0.024031167002249276,0392eb929b5d64b4e731c3025b55c614a2ab862b
dv3-B-lgcp-440230,3,B,lgcp,440230,44,,230,3:2:5:440230,,test,31,500.0,,,,,,,,,1.0090695804496879,1.4,,,,,,,5.710073308197347,0.0626099033699941,256,8.000000000000002,2.1379649132179313,,1,499,1,exact,,,2,1.616796202002444e-05,,,,0.02936658299950068,38a2cedec86093b0f4be62b8a0e52f11197254e1
dv3-B-lgcp-440231,3,B,lgcp,440231,44,,231,3:2:5:440231,,test,31,500.0,,,,,,,,,1.0090695804496879,1.4,,,,,,,5.710073308197347,0.0626099033699941,256,8.000000000000002,2.1379649132179313,,1,520,1,exact,,,2,1.616796202002444e-05,,,,0.02006170800086693,d20d5834056114866058e3ec3f923adc6c3db57d
dv3-B-lgcp-440232,3,B,lgcp,440232,44,,232,3:2:5:440232,,test,31,500.0,,,,,,,,,1.0090695804496879,1.4,,,,,,,5.710073308197347,0.0626099033699941,256,8.000000000000002,2.1379649132179313,,1,626,1,exact,,,2,1.616796202002444e-05,,,,0.027691209001204697,35ff9daf1f15f9070f24571ebed58cffc0576f8f
dv3-B-lgcp-440233,3,B,lgcp,440233,44,,233,3:2:5:440233,,test,31,500.0,,,,,,,,,1.0090695804496879,1.4,,,,,,,5.710073308197347,0.0626099033699941,256,8.000000000000002,2.1379649132179313,,1,547,1,exact,,,2,1.616796202002444e-05,,,,0.019973375001427485,d3ba0f25b89de179443681bd9bdd9a0a5e0aa873
dv3-B-lgcp-440234,3,B,lgcp,440234,44,,234,3:2:5:440234,,test,31,500.0,,,,,,,,,1.0090695804496879,1.4,,,,,,,5.710073308197347,0.0626099033699941,256,8.000000000000002,2.1379649132179313,,1,436,1,exact,,,2,1.616796202002444e-05,,,,0.018629624999448424,c421eaa3d05648b499bdd6b9537e43113ce77f94
dv3-B-lgcp-440235,3,B,lgcp,440235,44,,235,3:2:5:440235,,test,31,500.0,,,,,,,,,1.0090695804496879,1.4,,,,,,,5.710073308197347,0.0626099033699941,256,8.000000000000002,2.1379649132179313,,1,475,1,exact,,,2,1.616796202002444e-05,,,,0.020644500000344124,e689b6c72f82e95269b95f14f789a7004751f395
dv3-B-lgcp-440236,3,B,lgcp,440236,44,,236,3:2:5:440236,,test,31,500.0,,,,,,,,,1.0090695804496879,1.4,,,,,,,5.710073308197347,0.0626099033699941,256,8.000000000000002,2.1379649132179313,,1,469,1,exact,,,2,1.616796202002444e-05,,,,0.024801290997856995,40724dd879736c3ea0901d7936e713cc6cfc30ee
dv3-B-lgcp-440237,3,B,lgcp,440237,44,,237,3:2:5:440237,,test,31,500.0,,,,,,,,,1.0090695804496879,1.4,,,,,,,5.710073308197347,0.0626099033699941,256,8.000000000000002,2.1379649132179313,,1,607,1,exact,,,2,1.616796202002444e-05,,,,0.02193875000011758,9ebcd8cb90666d7b7e1e014270dabbf39c85956d
dv3-B-lgcp-440238,3,B,lgcp,440238,44,,238,3:2:5:440238,,test,31,500.0,,,,,,,,,1.0090695804496879,1.4,,,,,,,5.710073308197347,0.0626099033699941,256,8.000000000000002,2.1379649132179313,,1,330,1,exact,,,2,1.616796202002444e-05,,,,0.024157500000001164,6ec64dd426e542f4cafb10fbdd574beec1d9818a
dv3-B-lgcp-440239,3,B,lgcp,440239,44,,239,3:2:5:440239,,test,31,500.0,,,,,,,,,1.0090695804496879,1.4,,,,,,,5.710073308197347,0.0626099033699941,256,8.000000000000002,2.1379649132179313,,1,406,1,exact,,,2,1.616796202002444e-05,,,,0.013921083002060186,f07e27d404ac3084328b5727bfb351fec53384aa
dv3-B-lgcp-440240,3,B,lgcp,440240,44,,240,3:2:5:440240,,test,31,500.0,,,,,,,,,1.0090695804496879,1.4,,,,,,,5.710073308197347,0.0626099033699941,256,8.000000000000002,2.1379649132179313,,1,516,1,exact,,,2,1.616796202002444e-05,,,,0.02014437499747146,ab79948a89e86fe39c5397c62c2c3c9b5377cc8e
dv3-B-lgcp-440241,3,B,lgcp,440241,44,,241,3:2:5:440241,,test,31,500.0,,,,,,,,,1.0090695804496879,1.4,,,,,,,5.710073308197347,0.0626099033699941,256,8.000000000000002,2.1379649132179313,,1,565,1,exact,,,2,1.616796202002444e-05,,,,0.021221999999397667,c2da7c05510df4712865256866115154cf12e6cf
dv3-B-lgcp-440242,3,B,lgcp,440242,44,,242,3:2:5:440242,,test,31,500.0,,,,,,,,,1.0090695804496879,1.4,,,,,,,5.710073308197347,0.0626099033699941,256,8.000000000000002,2.1379649132179313,,1,488,1,exact,,,2,1.616796202002444e-05,,,,0.01434891700046137,110dd225c49e7d3abc5dc4e15df05e44ee93bb10
dv3-B-lgcp-440243,3,B,lgcp,440243,44,,243,3:2:5:440243,,test,31,500.0,,,,,,,,,1.0090695804496879,1.4,,,,,,,5.710073308197347,0.0626099033699941,256,8.000000000000002,2.1379649132179313,,1,408,1,exact,,,2,1.616796202002444e-05,,,,0.023446666997188004,1f34f1a400d149487ec0dec8ff5746c2c438d402
dv3-B-lgcp-440244,3,B,lgcp,440244,44,,244,3:2:5:440244,,test,31,500.0,,,,,,,,,1.0090695804496879,1.4,,,,,,,5.710073308197347,0.0626099033699941,256,8.000000000000002,2.1379649132179313,,1,549,1,exact,,,2,1.616796202002444e-05,,,,0.016720708001230378,0e17d9b0ce509ba499572b80f4e3c434a3acadc1
dv3-B-lgcp-440245,3,B,lgcp,440245,44,,245,3:2:5:440245,,test,31,500.0,,,,,,,,,1.0090695804496879,1.4,,,,,,,5.710073308197347,0.0626099033699941,256,8.000000000000002,2.1379649132179313,,1,682,1,exact,,,2,1.616796202002444e-05,,,,0.023779040999215795,df6a626d17b1a72a8742c5981e70f4387b175793
dv3-B-lgcp-440246,3,B,lgcp,440246,44,,246,3:2:5:440246,,test,31,500.0,,,,,,,,,1.0090695804496879,1.4,,,,,,,5.710073308197347,0.0626099033699941,256,8.000000000000002,2.1379649132179313,,1,464,1,exact,,,2,1.616796202002444e-05,,,,0.018043167001451366,65129248e13a1f6e95602f2bbb368d25dc27d3d9
dv3-B-lgcp-440247,3,B,lgcp,440247,44,,247,3:2:5:440247,,test,31,500.0,,,,,,,,,1.0090695804496879,1.4,,,,,,,5.710073308197347,0.0626099033699941,256,8.000000000000002,2.1379649132179313,,1,569,1,exact,,,2,1.616796202002444e-05,,,,0.022357165998982964,44cbe5ca6b5bb9e78cf340d8c922ff0a8b26f110
dv3-B-lgcp-440248,3,B,lgcp,440248,44,,248,3:2:5:440248,,test,31,500.0,,,,,,,,,1.0090695804496879,1.4,,,,,,,5.710073308197347,0.0626099033699941,256,8.000000000000002,2.1379649132179313,,1,545,1,exact,,,2,1.616796202002444e-05,,,,0.02129629100090824,896d9bc46cd8fbb8c4f2faa8a406fd6bc7ebd5b0
dv3-B-lgcp-440249,3,B,lgcp,440249,44,,249,3:2:5:440249,,test,31,500.0,,,,,,,,,1.0090695804496879,1.4,,,,,,,5.710073308197347,0.0626099033699941,256,8.000000000000002,2.1379649132179313,,1,437,1,exact,,,2,1.616796202002444e-05,,,,0.06672737500048243,2436a6b00e554df84c3b8c0ee9a9640151de5f25
dv3-B-lgcp-440250,3,B,lgcp,440250,44,,250,3:2:5:440250,,test,31,500.0,,,,,,,,,1.0090695804496879,1.4,,,,,,,5.710073308197347,0.0626099033699941,256,8.000000000000002,2.1379649132179313,,1,362,1,exact,,,2,1.616796202002444e-05,,,,0.020784666998224566,6a6ebdd7a3211cba67df5fe60fe2bc1dd4243561
dv3-B-lgcp-440251,3,B,lgcp,440251,44,,251,3:2:5:440251,,test,31,500.0,,,,,,,,,1.0090695804496879,1.4,,,,,,,5.710073308197347,0.0626099033699941,256,8.000000000000002,2.1379649132179313,,1,603,1,exact,,,2,1.616796202002444e-05,,,,0.023506500001531094,3d1c24c8be4ed424341bd7c1ce31381aad20ed21
dv3-B-lgcp-440252,3,B,lgcp,440252,44,,252,3:2:5:440252,,test,31,500.0,,,,,,,,,1.0090695804496879,1.4,,,,,,,5.710073308197347,0.0626099033699941,256,8.000000000000002,2.1379649132179313,,1,370,1,exact,,,2,1.616796202002444e-05,,,,0.018826708001142833,88c2dc34eef06057b664a17fa3ab046e385e3f40
dv3-B-lgcp-440253,3,B,lgcp,440253,44,,253,3:2:5:440253,,test,31,500.0,,,,,,,,,1.0090695804496879,1.4,,,,,,,5.710073308197347,0.0626099033699941,256,8.000000000000002,2.1379649132179313,,1,530,1,exact,,,2,1.616796202002444e-05,,,,0.020924790998833487,4e25d14eee7ca00709f98a6460d93bffda6933b9
dv3-B-lgcp-440254,3,B,lgcp,440254,44,,254,3:2:5:440254,,test,31,500.0,,,,,,,,,1.0090695804496879,1.4,,,,,,,5.710073308197347,0.0626099033699941,256,8.000000000000002,2.1379649132179313,,1,545,1,exact,,,2,1.616796202002444e-05,,,,0.020656084001529962,3acd95b7a4356ef1c08959d05565d64d3911506d
dv3-B-lgcp-440255,3,B,lgcp,440255,44,,255,3:2:5:440255,,test,31,500.0,,,,,,,,,1.0090695804496879,1.4,,,,,,,5.710073308197347,0.0626099033699941,256,8.000000000000002,2.1379649132179313,,1,415,1,exact,,,2,1.616796202002444e-05,,,,0.019875875001162058,7e5b8fb5f03fd0ff3d5a2c905f02705c7af482c1
dv3-B-lgcp-440256,3,B,lgcp,440256,44,,256,3:2:5:440256,,test,31,500.0,,,,,,,,,1.0090695804496879,1.4,,,,,,,5.710073308197347,0.0626099033699941,256,8.000000000000002,2.1379649132179313,,1,632,1,exact,,,2,1.616796202002444e-05,,,,0.03080079200299224,d69624e62b81d35fe62a696b61151cd78b1eba7a
dv3-B-lgcp-440257,3,B,lgcp,440257,44,,257,3:2:5:440257,,test,31,500.0,,,,,,,,,1.0090695804496879,1.4,,,,,,,5.710073308197347,0.0626099033699941,256,8.000000000000002,2.1379649132179313,,1,455,1,exact,,,2,1.616796202002444e-05,,,,0.022119207998912316,da9b0da0e56b6a6bf7ba1e85b689a3b6ad3a32e3
dv3-B-lgcp-440258,3,B,lgcp,440258,44,,258,3:2:5:440258,,test,31,500.0,,,,,,,,,1.0090695804496879,1.4,,,,,,,5.710073308197347,0.0626099033699941,256,8.000000000000002,2.1379649132179313,,1,437,1,exact,,,2,1.616796202002444e-05,,,,0.01915870800075936,5c190d41bcc003263119a0bbb5885c72cdd397b0
dv3-B-lgcp-440259,3,B,lgcp,440259,44,,259,3:2:5:440259,,test,31,500.0,,,,,,,,,1.0090695804496879,1.4,,,,,,,5.710073308197347,0.0626099033699941,256,8.000000000000002,2.1379649132179313,,1,496,1,exact,,,2,1.616796202002444e-05,,,,0.022465999998530606,70307aa351341e0f61d8f07275d9b2539194f81f
dv3-B-lgcp-440260,3,B,lgcp,440260,44,,260,3:2:5:440260,,test,31,500.0,,,,,,,,,1.0090695804496879,1.4,,,,,,,5.710073308197347,0.0626099033699941,256,8.000000000000002,2.1379649132179313,,1,409,1,exact,,,2,1.616796202002444e-05,,,,0.01878516700162436,76ad4a2970ac16c80b9af4138e2ec8b40c7c90ee
dv3-B-lgcp-440261,3,B,lgcp,440261,44,,261,3:2:5:440261,,test,31,500.0,,,,,,,,,1.0090695804496879,1.4,,,,,,,5.710073308197347,0.0626099033699941,256,8.000000000000002,2.1379649132179313,,1,381,1,exact,,,2,1.616796202002444e-05,,,,0.02230441699794028,46e7caff7898bc7aa8ea64879c0a25bbfa5ff481
dv3-B-lgcp-440262,3,B,lgcp,440262,44,,262,3:2:5:440262,,test,31,500.0,,,,,,,,,1.0090695804496879,1.4,,,,,,,5.710073308197347,0.0626099033699941,256,8.000000000000002,2.1379649132179313,,1,621,1,exact,,,2,1.616796202002444e-05,,,,0.01681783399908454,d6caf162bb002428bc157f705b8465150cc9d333
dv3-B-lgcp-440263,3,B,lgcp,440263,44,,263,3:2:5:440263,,test,31,500.0,,,,,,,,,1.0090695804496879,1.4,,,,,,,5.710073308197347,0.0626099033699941,256,8.000000000000002,2.1379649132179313,,1,554,1,exact,,,2,1.616796202002444e-05,,,,0.017352999999275198,1581d7ed1e98d4bdc150cb957deca02a7ee5ba32
dv3-B-lgcp-440264,3,B,lgcp,440264,44,,264,3:2:5:440264,,test,31,500.0,,,,,,,,,1.0090695804496879,1.4,,,,,,,5.710073308197347,0.0626099033699941,256,8.000000000000002,2.1379649132179313,,1,511,1,exact,,,2,1.616796202002444e-05,,,,0.022244415999011835,161abc10ac43d16a87921075943da80c1236b2c1
dv3-B-lgcp-440265,3,B,lgcp,440265,44,,265,3:2:5:440265,,test,31,500.0,,,,,,,,,1.0090695804496879,1.4,,,,,,,5.710073308197347,0.0626099033699941,256,8.000000000000002,2.1379649132179313,,1,647,1,exact,,,2,1.616796202002444e-05,,,,0.019654209001600975,0b33f6f24697e788d1f205b515e268711cb2974a
dv3-B-lgcp-440266,3,B,lgcp,440266,44,,266,3:2:5:440266,,test,31,500.0,,,,,,,,,1.0090695804496879,1.4,,,,,,,5.710073308197347,0.0626099033699941,256,8.000000000000002,2.1379649132179313,,1,433,1,exact,,,2,1.616796202002444e-05,,,,0.02356616699762526,1eda8720c5c9902d2a2ee03cfcbf0440ffba9408
dv3-B-lgcp-440267,3,B,lgcp,440267,44,,267,3:2:5:440267,,test,31,500.0,,,,,,,,,1.0090695804496879,1.4,,,,,,,5.710073308197347,0.0626099033699941,256,8.000000000000002,2.1379649132179313,,1,484,1,exact,,,2,1.616796202002444e-05,,,,0.021045207999122795,27ffc69d4e83fed32b6a3af523085d6b111994a0
dv3-B-lgcp-440268,3,B,lgcp,440268,44,,268,3:2:5:440268,,test,31,500.0,,,,,,,,,1.0090695804496879,1.4,,,,,,,5.710073308197347,0.0626099033699941,256,8.000000000000002,2.1379649132179313,,1,486,1,exact,,,2,1.616796202002444e-05,,,,0.02219791700190399,8881aa2ecc9f484a045d51f672476607590d0789
dv3-B-lgcp-440269,3,B,lgcp,440269,44,,269,3:2:5:440269,,test,31,500.0,,,,,,,,,1.0090695804496879,1.4,,,,,,,5.710073308197347,0.0626099033699941,256,8.000000000000002,2.1379649132179313,,1,550,1,exact,,,2,1.616796202002444e-05,,,,0.02746866700181272,e3026a198b90db6baf427fc7b44d46fe87bb56ec
dv3-B-lgcp-440270,3,B,lgcp,440270,44,,270,3:2:5:440270,,test,31,500.0,,,,,,,,,1.0090695804496879,1.4,,,,,,,5.710073308197347,0.0626099033699941,256,8.000000000000002,2.1379649132179313,,1,388,1,exact,,,2,1.616796202002444e-05,,,,0.02264070799719775,ac7c5411d8ce7229af97c904acb18fc7d5d05f79
dv3-B-lgcp-440271,3,B,lgcp,440271,44,,271,3:2:5:440271,,test,31,500.0,,,,,,,,,1.0090695804496879,1.4,,,,,,,5.710073308197347,0.0626099033699941,256,8.000000000000002,2.1379649132179313,,1,472,1,exact,,,2,1.616796202002444e-05,,,,0.023085083998012124,52f5c9e0c6475b6eba239024eaaee283a5610574
dv3-B-lgcp-440272,3,B,lgcp,440272,44,,272,3:2:5:440272,,test,31,500.0,,,,,,,,,1.0090695804496879,1.4,,,,,,,5.710073308197347,0.0626099033699941,256,8.000000000000002,2.1379649132179313,,1,449,1,exact,,,2,1.616796202002444e-05,,,,0.031506583000009414,0d96c35b12e81e638d4071dc904c8f8af8c20b6d
dv3-B-lgcp-440273,3,B,lgcp,440273,44,,273,3:2:5:440273,,test,31,500.0,,,,,,,,,1.0090695804496879,1.4,,,,,,,5.710073308197347,0.0626099033699941,256,8.000000000000002,2.1379649132179313,,1,535,1,exact,,,2,1.616796202002444e-05,,,,0.02966716600349173,b8dabba35cfe308a93efea4720124ca6b0cb9c60
dv3-B-lgcp-440274,3,B,lgcp,440274,44,,274,3:2:5:440274,,test,31,500.0,,,,,,,,,1.0090695804496879,1.4,,,,,,,5.710073308197347,0.0626099033699941,256,8.000000000000002,2.1379649132179313,,1,438,1,exact,,,2,1.616796202002444e-05,,,,0.026921582997601945,12ef5fe49b86007b915a10dd1617f93ecc17712d
dv3-B-lgcp-440275,3,B,lgcp,440275,44,,275,3:2:5:440275,,test,31,500.0,,,,,,,,,1.0090695804496879,1.4,,,,,,,5.710073308197347,0.0626099033699941,256,8.000000000000002,2.1379649132179313,,1,369,1,exact,,,2,1.616796202002444e-05,,,,0.026196000002528308,616a67c3e6466f6b7f1077ee72948bb9abed609e
dv3-B-lgcp-440276,3,B,lgcp,440276,44,,276,3:2:5:440276,,test,31,500.0,,,,,,,,,1.0090695804496879,1.4,,,,,,,5.710073308197347,0.0626099033699941,256,8.000000000000002,2.1379649132179313,,1,520,1,exact,,,2,1.616796202002444e-05,,,,0.03598204199806787,d79adc664b3f5b72bc4fa6b58207b30b25df4dce
dv3-B-lgcp-440277,3,B,lgcp,440277,44,,277,3:2:5:440277,,test,31,500.0,,,,,,,,,1.0090695804496879,1.4,,,,,,,5.710073308197347,0.0626099033699941,256,8.000000000000002,2.1379649132179313,,1,538,1,exact,,,2,1.616796202002444e-05,,,,0.026667792000807822,5fcbb675195407c66a65cdc9b94dcebb9679ca97
dv3-B-lgcp-440278,3,B,lgcp,440278,44,,278,3:2:5:440278,,test,31,500.0,,,,,,,,,1.0090695804496879,1.4,,,,,,,5.710073308197347,0.0626099033699941,256,8.000000000000002,2.1379649132179313,,1,546,1,exact,,,2,1.616796202002444e-05,,,,0.017989666001085425,f130cbdff0dc2d8f6b1e28ece42d02c19ab137f7
dv3-B-lgcp-440279,3,B,lgcp,440279,44,,279,3:2:5:440279,,test,31,500.0,,,,,,,,,1.0090695804496879,1.4,,,,,,,5.710073308197347,0.0626099033699941,256,8.000000000000002,2.1379649132179313,,1,496,1,exact,,,2,1.616796202002444e-05,,,,0.01654074999896693,45e8e809ebb4805dc30e3bfa70954d8eb338d00a
dv3-B-lgcp-440280,3,B,lgcp,440280,44,,280,3:2:5:440280,,test,31,500.0,,,,,,,,,1.0090695804496879,1.4,,,,,,,5.710073308197347,0.0626099033699941,256,8.000000000000002,2.1379649132179313,,1,526,1,exact,,,2,1.616796202002444e-05,,,,0.02579324999896926,88d6ec5a173d30e74028338464783c4a210816d2
dv3-B-lgcp-440281,3,B,lgcp,440281,44,,281,3:2:5:440281,,test,31,500.0,,,,,,,,,1.0090695804496879,1.4,,,,,,,5.710073308197347,0.0626099033699941,256,8.000000000000002,2.1379649132179313,,1,492,1,exact,,,2,1.616796202002444e-05,,,,0.01898050000090734,2593a9643e7dd0f87c36c98995b0c1e17688063c
dv3-B-lgcp-440282,3,B,lgcp,440282,44,,282,3:2:5:440282,,test,31,500.0,,,,,,,,,1.0090695804496879,1.4,,,,,,,5.710073308197347,0.0626099033699941,256,8.000000000000002,2.1379649132179313,,1,353,1,exact,,,2,1.616796202002444e-05,,,,0.01877779099959298,1afe4b56f57300b318ae1be71d3b0fc151d2d1d2
dv3-B-lgcp-440283,3,B,lgcp,440283,44,,283,3:2:5:440283,,test,31,500.0,,,,,,,,,1.0090695804496879,1.4,,,,,,,5.710073308197347,0.0626099033699941,256,8.000000000000002,2.1379649132179313,,1,471,1,exact,,,2,1.616796202002444e-05,,,,0.015320417001930764,8f7d3fb32569e98d9f6df8ddd29ef7b5a1db2507
dv3-B-lgcp-440284,3,B,lgcp,440284,44,,284,3:2:5:440284,,test,31,500.0,,,,,,,,,1.0090695804496879,1.4,,,,,,,5.710073308197347,0.0626099033699941,256,8.000000000000002,2.1379649132179313,,1,623,1,exact,,,2,1.616796202002444e-05,,,,0.01692195800205809,e4d3e2fa3d3024fc5033b0f2b425712d0784eb7b
dv3-B-lgcp-440285,3,B,lgcp,440285,44,,285,3:2:5:440285,,test,31,500.0,,,,,,,,,1.0090695804496879,1.4,,,,,,,5.710073308197347,0.0626099033699941,256,8.000000000000002,2.1379649132179313,,1,440,1,exact,,,2,1.616796202002444e-05,,,,0.016252249999524793,c2e049d8d88eb49e0005b2d44b26f16c41c80ba4
dv3-B-lgcp-440286,3,B,lgcp,440286,44,,286,3:2:5:440286,,test,31,500.0,,,,,,,,,1.0090695804496879,1.4,,,,,,,5.710073308197347,0.0626099033699941,256,8.000000000000002,2.1379649132179313,,1,613,1,exact,,,2,1.616796202002444e-05,,,,0.015549916999589186,75071f03760f4548a2ec7b52595badb9c824703e
dv3-B-lgcp-440287,3,B,lgcp,440287,44,,287,3:2:5:440287,,test,31,500.0,,,,,,,,,1.0090695804496879,1.4,,,,,,,5.710073308197347,0.0626099033699941,256,8.000000000000002,2.1379649132179313,,1,416,1,exact,,,2,1.616796202002444e-05,,,,0.01969445800204994,9f7565b12f3c453f2cba5fa9ea761d39cbad1562
dv3-B-lgcp-440288,3,B,lgcp,440288,44,,288,3:2:5:440288,,test,31,500.0,,,,,,,,,1.0090695804496879,1.4,,,,,,,5.710073308197347,0.0626099033699941,256,8.000000000000002,2.1379649132179313,,1,489,1,exact,,,2,1.616796202002444e-05,,,,0.019557791001716396,76c7732aacd4f2c7ba00961f3ab3ae0062f06a30
dv3-B-lgcp-440289,3,B,lgcp,440289,44,,289,3:2:5:440289,,test,31,500.0,,,,,,,,,1.0090695804496879,1.4,,,,,,,5.710073308197347,0.0626099033699941,256,8.000000000000002,2.1379649132179313,,1,491,1,exact,,,2,1.616796202002444e-05,,,,0.025506582998787053,cb76a0d1285a580c741d0514a21654f1285aaee3
dv3-B-lgcp-440290,3,B,lgcp,440290,44,,290,3:2:5:440290,,test,31,500.0,,,,,,,,,1.0090695804496879,1.4,,,,,,,5.710073308197347,0.0626099033699941,256,8.000000000000002,2.1379649132179313,,1,501,1,exact,,,2,1.616796202002444e-05,,,,0.02098945800025831,bb2d0d38db2717beb0b84e34c0a262aa9bd65694
dv3-B-lgcp-440291,3,B,lgcp,440291,44,,291,3:2:5:440291,,test,31,500.0,,,,,,,,,1.0090695804496879,1.4,,,,,,,5.710073308197347,0.0626099033699941,256,8.000000000000002,2.1379649132179313,,1,450,1,exact,,,2,1.616796202002444e-05,,,,0.02274237500023446,03042ba9d51effb2ace5f77513689c9c0dd825f2
dv3-B-lgcp-440292,3,B,lgcp,440292,44,,292,3:2:5:440292,,test,31,500.0,,,,,,,,,1.0090695804496879,1.4,,,,,,,5.710073308197347,0.0626099033699941,256,8.000000000000002,2.1379649132179313,,1,600,1,exact,,,2,1.616796202002444e-05,,,,0.02582379199884599,7e588ba08d5c2f93f454bcba1f8919061ad24238
dv3-B-lgcp-440293,3,B,lgcp,440293,44,,293,3:2:5:440293,,test,31,500.0,,,,,,,,,1.0090695804496879,1.4,,,,,,,5.710073308197347,0.0626099033699941,256,8.000000000000002,2.1379649132179313,,1,352,1,exact,,,2,1.616796202002444e-05,,,,0.02628016599919647,77a52aca10a76bd078620e1c01f8c950345bd60f
dv3-B-lgcp-440294,3,B,lgcp,440294,44,,294,3:2:5:440294,,test,31,500.0,,,,,,,,,1.0090695804496879,1.4,,,,,,,5.710073308197347,0.0626099033699941,256,8.000000000000002,2.1379649132179313,,1,488,1,exact,,,2,1.616796202002444e-05,,,,0.022557207998033846,f45c41ebd9513a449e480f44a35e4dde4c5003aa
dv3-B-lgcp-440295,3,B,lgcp,440295,44,,295,3:2:5:440295,,test,31,500.0,,,,,,,,,1.0090695804496879,1.4,,,,,,,5.710073308197347,0.0626099033699941,256,8.000000000000002,2.1379649132179313,,1,483,1,exact,,,2,1.616796202002444e-05,,,,0.04650749999927939,54bd4be03af6fa779fa3c2c968ead91c8b827a46
dv3-B-lgcp-440296,3,B,lgcp,440296,44,,296,3:2:5:440296,,test,31,500.0,,,,,,,,,1.0090695804496879,1.4,,,,,,,5.710073308197347,0.0626099033699941,256,8.000000000000002,2.1379649132179313,,1,473,1,exact,,,2,1.616796202002444e-05,,,,0.028348166997602675,06cbc6759f721d771efe52bae2e1ffb49d8f4b22
dv3-B-lgcp-440297,3,B,lgcp,440297,44,,297,3:2:5:440297,,test,31,500.0,,,,,,,,,1.0090695804496879,1.4,,,,,,,5.710073308197347,0.0626099033699941,256,8.000000000000002,2.1379649132179313,,1,560,1,exact,,,2,1.616796202002444e-05,,,,0.044827000001532724,0e99b84db0cd395a222c9844503c6435a85855b6
dv3-B-lgcp-440298,3,B,lgcp,440298,44,,298,3:2:5:440298,,test,31,500.0,,,,,,,,,1.0090695804496879,1.4,,,,,,,5.710073308197347,0.0626099033699941,256,8.000000000000002,2.1379649132179313,,1,472,1,exact,,,2,1.616796202002444e-05,,,,0.05537241600177367,3ae5c784acf5fc6778feb0855e0bbc57c33b1f0d
dv3-B-lgcp-440299,3,B,lgcp,440299,44,,299,3:2:5:440299,,test,31,500.0,,,,,,,,,1.0090695804496879,1.4,,,,,,,5.710073308197347,0.0626099033699941,256,8.000000000000002,2.1379649132179313,,1,522,1,exact,,,2,1.616796202002444e-05,,,,0.0565920000008191,d024e790441f0cd2c814ab869b62bf8e11f11c8f
dv3-B-lgcp-440300,3,B,lgcp,440300,44,,300,3:2:5:440300,,test,31,500.0,,,,,,,,,1.0090695804496879,1.4,,,,,,,5.710073308197347,0.0626099033699941,256,8.000000000000002,2.1379649132179313,,1,440,1,exact,,,2,1.616796202002444e-05,,,,0.036163333999866154,b1736cb9f7d3f38606f48ccd0ab998944c782bad
dv3-B-lgcp-440301,3,B,lgcp,440301,44,,301,3:2:5:440301,,test,31,500.0,,,,,,,,,1.0090695804496879,1.4,,,,,,,5.710073308197347,0.0626099033699941,256,8.000000000000002,2.1379649132179313,,1,463,1,exact,,,2,1.616796202002444e-05,,,,0.022824957999546314,f395155aa0e100c1d5d46c414a6ea8998dc81b3a
dv3-B-lgcp-440302,3,B,lgcp,440302,44,,302,3:2:5:440302,,test,31,500.0,,,,,,,,,1.0090695804496879,1.4,,,,,,,5.710073308197347,0.0626099033699941,256,8.000000000000002,2.1379649132179313,,1,545,1,exact,,,2,1.616796202002444e-05,,,,0.058068499998626066,bcb2ac025e48bfefe84bb526712c50757b56cae9
dv3-B-lgcp-440303,3,B,lgcp,440303,44,,303,3:2:5:440303,,test,31,500.0,,,,,,,,,1.0090695804496879,1.4,,,,,,,5.710073308197347,0.0626099033699941,256,8.000000000000002,2.1379649132179313,,1,492,1,exact,,,2,1.616796202002444e-05,,,,0.06469020800068392,3e293bed04d43e03b56c883c44510aad016d05c7
dv3-B-lgcp-440304,3,B,lgcp,440304,44,,304,3:2:5:440304,,test,31,500.0,,,,,,,,,1.0090695804496879,1.4,,,,,,,5.710073308197347,0.0626099033699941,256,8.000000000000002,2.1379649132179313,,1,530,1,exact,,,2,1.616796202002444e-05,,,,0.06640408399834996,57e3c784a145de8cf5fbf80c478d8198aa39ec7e
dv3-B-lgcp-440305,3,B,lgcp,440305,44,,305,3:2:5:440305,,test,31,500.0,,,,,,,,,1.0090695804496879,1.4,,,,,,,5.710073308197347,0.0626099033699941,256,8.000000000000002,2.1379649132179313,,1,343,1,exact,,,2,1.616796202002444e-05,,,,0.021358041998610133,3b18ff453db6295a98cb4b5e05f6e934041a4545
dv3-B-lgcp-440306,3,B,lgcp,440306,44,,306,3:2:5:440306,,test,31,500.0,,,,,,,,,1.0090695804496879,1.4,,,,,,,5.710073308197347,0.0626099033699941,256,8.000000000000002,2.1379649132179313,,1,589,1,exact,,,2,1.616796202002444e-05,,,,0.02624604200173053,0f9571123b30e0aabb92247f68b2674a0728fd3a
dv3-B-lgcp-440307,3,B,lgcp,440307,44,,307,3:2:5:440307,,test,31,500.0,,,,,,,,,1.0090695804496879,1.4,,,,,,,5.710073308197347,0.0626099033699941,256,8.000000000000002,2.1379649132179313,,1,454,1,exact,,,2,1.616796202002444e-05,,,,0.028979165999771794,7ca333650f1dc0df6f760d0365f6845760b57add
dv3-B-lgcp-440308,3,B,lgcp,440308,44,,308,3:2:5:440308,,test,31,500.0,,,,,,,,,1.0090695804496879,1.4,,,,,,,5.710073308197347,0.0626099033699941,256,8.000000000000002,2.1379649132179313,,1,518,1,exact,,,2,1.616796202002444e-05,,,,0.030191375000867993,3f9d1fc1ad81e98bf00f9d415df4af575f568112
dv3-B-lgcp-440309,3,B,lgcp,440309,44,,309,3:2:5:440309,,test,31,500.0,,,,,,,,,1.0090695804496879,1.4,,,,,,,5.710073308197347,0.0626099033699941,256,8.000000000000002,2.1379649132179313,,1,431,1,exact,,,2,1.616796202002444e-05,,,,0.07665579200329375,5a23e8f2bc4b1397f98035f909d78efaca752b10
dv3-B-lgcp-440310,3,B,lgcp,440310,44,,310,3:2:5:440310,,test,31,500.0,,,,,,,,,1.0090695804496879,1.4,,,,,,,5.710073308197347,0.0626099033699941,256,8.000000000000002,2.1379649132179313,,1,415,1,exact,,,2,1.616796202002444e-05,,,,0.04356924999956391,b7c98d116dc6127acc34541f9c71c447fbc6de1a
dv3-B-lgcp-440311,3,B,lgcp,440311,44,,311,3:2:5:440311,,test,31,500.0,,,,,,,,,1.0090695804496879,1.4,,,,,,,5.710073308197347,0.0626099033699941,256,8.000000000000002,2.1379649132179313,,1,479,1,exact,,,2,1.616796202002444e-05,,,,0.020191167001030408,ac100adbbff5dbdb692de09c4ff749014c821668
dv3-B-lgcp-440312,3,B,lgcp,440312,44,,312,3:2:5:440312,,test,31,500.0,,,,,,,,,1.0090695804496879,1.4,,,,,,,5.710073308197347,0.0626099033699941,256,8.000000000000002,2.1379649132179313,,1,636,1,exact,,,2,1.616796202002444e-05,,,,0.020352749997982755,8f8136debac6114b74fdf7ec5c52cf4f9ef4546a
dv3-B-lgcp-440313,3,B,lgcp,440313,44,,313,3:2:5:440313,,test,31,500.0,,,,,,,,,1.0090695804496879,1.4,,,,,,,5.710073308197347,0.0626099033699941,256,8.000000000000002,2.1379649132179313,,1,511,1,exact,,,2,1.616796202002444e-05,,,,0.028359334002743708,7b70f8268de436d9f58b5739845e3d64dec8ae22
dv3-B-lgcp-440314,3,B,lgcp,440314,44,,314,3:2:5:440314,,test,31,500.0,,,,,,,,,1.0090695804496879,1.4,,,,,,,5.710073308197347,0.0626099033699941,256,8.000000000000002,2.1379649132179313,,1,393,1,exact,,,2,1.616796202002444e-05,,,,0.02224854200176196,ce025674afaf8b8957cd5f351f20b3ad4807cde3
dv3-B-lgcp-440315,3,B,lgcp,440315,44,,315,3:2:5:440315,,test,31,500.0,,,,,,,,,1.0090695804496879,1.4,,,,,,,5.710073308197347,0.0626099033699941,256,8.000000000000002,2.1379649132179313,,1,579,1,exact,,,2,1.616796202002444e-05,,,,0.01635695899676648,3ce20d9f0c248c326d0f5c3804c8311d222f5a02
dv3-B-lgcp-440316,3,B,lgcp,440316,44,,316,3:2:5:440316,,test,31,500.0,,,,,,,,,1.0090695804496879,1.4,,,,,,,5.710073308197347,0.0626099033699941,256,8.000000000000002,2.1379649132179313,,1,535,1,exact,,,2,1.616796202002444e-05,,,,0.025706917000206886,7cf82ddbb32a3569e97896d15c5446d572a4f9c4
dv3-B-lgcp-440317,3,B,lgcp,440317,44,,317,3:2:5:440317,,test,31,500.0,,,,,,,,,1.0090695804496879,1.4,,,,,,,5.710073308197347,0.0626099033699941,256,8.000000000000002,2.1379649132179313,,1,586,1,exact,,,2,1.616796202002444e-05,,,,0.018462500000168802,50db13ee338d6a6ef019fe1245e0bce132514517
dv3-B-lgcp-440318,3,B,lgcp,440318,44,,318,3:2:5:440318,,test,31,500.0,,,,,,,,,1.0090695804496879,1.4,,,,,,,5.710073308197347,0.0626099033699941,256,8.000000000000002,2.1379649132179313,,1,539,1,exact,,,2,1.616796202002444e-05,,,,0.011201958997844486,4c71c32e60d6c7f2992915545beba82e0bff3169
dv3-B-lgcp-440319,3,B,lgcp,440319,44,,319,3:2:5:440319,,test,31,500.0,,,,,,,,,1.0090695804496879,1.4,,,,,,,5.710073308197347,0.0626099033699941,256,8.000000000000002,2.1379649132179313,,1,401,1,exact,,,2,1.616796202002444e-05,,,,0.017331084000034025,a637c5d22c7a7f4d6f252ce84117535c54f9f0a3
dv3-B-lgcp-440320,3,B,lgcp,440320,44,,320,3:2:5:440320,,test,31,500.0,,,,,,,,,1.0090695804496879,1.4,,,,,,,5.710073308197347,0.0626099033699941,256,8.000000000000002,2.1379649132179313,,1,628,1,exact,,,2,1.616796202002444e-05,,,,0.011426875000324799,017ff6d737532ca67dab690b0841c299ae8f54d7
dv3-B-lgcp-440321,3,B,lgcp,440321,44,,321,3:2:5:440321,,test,31,500.0,,,,,,,,,1.0090695804496879,1.4,,,,,,,5.710073308197347,0.0626099033699941,256,8.000000000000002,2.1379649132179313,,1,598,1,exact,,,2,1.616796202002444e-05,,,,0.011990125000011176,3c22fca42f147a4e98db7c7d32688ba92bdd6092
dv3-B-lgcp-440322,3,B,lgcp,440322,44,,322,3:2:5:440322,,test,31,500.0,,,,,,,,,1.0090695804496879,1.4,,,,,,,5.710073308197347,0.0626099033699941,256,8.000000000000002,2.1379649132179313,,1,394,1,exact,,,2,1.616796202002444e-05,,,,0.017504916999314446,f9e2f39712e7ddea497c9cdd6807d919e863bde4
dv3-B-lgcp-440323,3,B,lgcp,440323,44,,323,3:2:5:440323,,test,31,500.0,,,,,,,,,1.0090695804496879,1.4,,,,,,,5.710073308197347,0.0626099033699941,256,8.000000000000002,2.1379649132179313,,1,484,1,exact,,,2,1.616796202002444e-05,,,,0.016503500002727378,9b5613a9f7286f010b0368b50904f200885a5e79
dv3-B-lgcp-440324,3,B,lgcp,440324,44,,324,3:2:5:440324,,test,31,500.0,,,,,,,,,1.0090695804496879,1.4,,,,,,,5.710073308197347,0.0626099033699941,256,8.000000000000002,2.1379649132179313,,1,478,1,exact,,,2,1.616796202002444e-05,,,,0.01258225000128732,a267b4665d6bb4c4c28d0780947b92947bf6d553
dv3-B-lgcp-440325,3,B,lgcp,440325,44,,325,3:2:5:440325,,test,31,500.0,,,,,,,,,1.0090695804496879,1.4,,,,,,,5.710073308197347,0.0626099033699941,256,8.000000000000002,2.1379649132179313,,1,667,1,exact,,,2,1.616796202002444e-05,,,,0.01597220800249488,9a1c7be58e63e4915ab865924f4a62173ede04ba
dv3-B-lgcp-440326,3,B,lgcp,440326,44,,326,3:2:5:440326,,test,31,500.0,,,,,,,,,1.0090695804496879,1.4,,,,,,,5.710073308197347,0.0626099033699941,256,8.000000000000002,2.1379649132179313,,1,389,1,exact,,,2,1.616796202002444e-05,,,,0.015388250001706183,72eb7094356fc6afc0e5966306be3b1c67eb8f85
dv3-B-lgcp-440327,3,B,lgcp,440327,44,,327,3:2:5:440327,,test,31,500.0,,,,,,,,,1.0090695804496879,1.4,,,,,,,5.710073308197347,0.0626099033699941,256,8.000000000000002,2.1379649132179313,,1,453,1,exact,,,2,1.616796202002444e-05,,,,0.012806708000425715,88ba796ca385ee7d930fe123d4c97194437dc042
dv3-B-lgcp-440328,3,B,lgcp,440328,44,,328,3:2:5:440328,,test,31,500.0,,,,,,,,,1.0090695804496879,1.4,,,,,,,5.710073308197347,0.0626099033699941,256,8.000000000000002,2.1379649132179313,,1,501,1,exact,,,2,1.616796202002444e-05,,,,0.02004833400133066,0726694a1a007e548ce6763a57258469db828afc
dv3-B-lgcp-440329,3,B,lgcp,440329,44,,329,3:2:5:440329,,test,31,500.0,,,,,,,,,1.0090695804496879,1.4,,,,,,,5.710073308197347,0.0626099033699941,256,8.000000000000002,2.1379649132179313,,1,461,1,exact,,,2,1.616796202002444e-05,,,,0.011208832998818252,69ae65dd243a7137ee7a50ac82cde46ecfb1f2b9
dv3-B-lgcp-440330,3,B,lgcp,440330,44,,330,3:2:5:440330,,test,31,500.0,,,,,,,,,1.0090695804496879,1.4,,,,,,,5.710073308197347,0.0626099033699941,256,8.000000000000002,2.1379649132179313,,1,485,1,exact,,,2,1.616796202002444e-05,,,,0.017293958000664134,97bd4672e2a4abc6e77dfeb6befa3c8ace98cfb9
dv3-B-lgcp-440331,3,B,lgcp,440331,44,,331,3:2:5:440331,,test,31,500.0,,,,,,,,,1.0090695804496879,1.4,,,,,,,5.710073308197347,0.0626099033699941,256,8.000000000000002,2.1379649132179313,,1,542,1,exact,,,2,1.616796202002444e-05,,,,0.019538207998266444,43214c0f521bdec2bd44bee32ace2233e4d78b16
dv3-B-lgcp-440332,3,B,lgcp,440332,44,,332,3:2:5:440332,,test,31,500.0,,,,,,,,,1.0090695804496879,1.4,,,,,,,5.710073308197347,0.0626099033699941,256,8.000000000000002,2.1379649132179313,,1,485,1,exact,,,2,1.616796202002444e-05,,,,0.012721167000563582,29985ec1a7fa7fae0c996cfc08dd3765d9878279
dv3-B-lgcp-440333,3,B,lgcp,440333,44,,333,3:2:5:440333,,test,31,500.0,,,,,,,,,1.0090695804496879,1.4,,,,,,,5.710073308197347,0.0626099033699941,256,8.000000000000002,2.1379649132179313,,1,614,1,exact,,,2,1.616796202002444e-05,,,,0.017924499999935506,7488b3e4aaaa9c209a28d74eaba5f39712369221
dv3-B-lgcp-440334,3,B,lgcp,440334,44,,334,3:2:5:440334,,test,31,500.0,,,,,,,,,1.0090695804496879,1.4,,,,,,,5.710073308197347,0.0626099033699941,256,8.000000000000002,2.1379649132179313,,1,536,1,exact,,,2,1.616796202002444e-05,,,,0.01834995799799799,5a16cea92ad5cb9b8d6ee173b71c22bddb42e02f
dv3-B-lgcp-440335,3,B,lgcp,440335,44,,335,3:2:5:440335,,test,31,500.0,,,,,,,,,1.0090695804496879,1.4,,,,,,,5.710073308197347,0.0626099033699941,256,8.000000000000002,2.1379649132179313,,1,715,1,exact,,,2,1.616796202002444e-05,,,,0.019367332999536302,7783fb437102076ff96cff0ede9bc19264479ad6
dv3-B-lgcp-440336,3,B,lgcp,440336,44,,336,3:2:5:440336,,test,31,500.0,,,,,,,,,1.0090695804496879,1.4,,,,,,,5.710073308197347,0.0626099033699941,256,8.000000000000002,2.1379649132179313,,1,576,1,exact,,,2,1.616796202002444e-05,,,,0.01683245800086297,d8df21ac636009b8481e0b1e259cdc9e1a4478fc
dv3-B-lgcp-440337,3,B,lgcp,440337,44,,337,3:2:5:440337,,test,31,500.0,,,,,,,,,1.0090695804496879,1.4,,,,,,,5.710073308197347,0.0626099033699941,256,8.000000000000002,2.1379649132179313,,1,425,1,exact,,,2,1.616796202002444e-05,,,,0.018812499998603016,c3e1db5bb37f7232ecdccb4a3768e881150fd181
dv3-B-lgcp-440338,3,B,lgcp,440338,44,,338,3:2:5:440338,,test,31,500.0,,,,,,,,,1.0090695804496879,1.4,,,,,,,5.710073308197347,0.0626099033699941,256,8.000000000000002,2.1379649132179313,,1,590,1,exact,,,2,1.616796202002444e-05,,,,0.01675625000279979,630e551ca6c08a18179ea7864d08e3910186a5b2
dv3-B-lgcp-440339,3,B,lgcp,440339,44,,339,3:2:5:440339,,test,31,500.0,,,,,,,,,1.0090695804496879,1.4,,,,,,,5.710073308197347,0.0626099033699941,256,8.000000000000002,2.1379649132179313,,1,628,1,exact,,,2,1.616796202002444e-05,,,,0.021052707998023834,84a1098cf1e21577d92be3e6f04e6a3fd539f708
dv3-B-lgcp-440340,3,B,lgcp,440340,44,,340,3:2:5:440340,,test,31,500.0,,,,,,,,,1.0090695804496879,1.4,,,,,,,5.710073308197347,0.0626099033699941,256,8.000000000000002,2.1379649132179313,,1,580,1,exact,,,2,1.616796202002444e-05,,,,0.02076212500105612,d80fe0e2536e359ef9943d555fa972a1546d12bf
dv3-B-lgcp-440341,3,B,lgcp,440341,44,,341,3:2:5:440341,,test,31,500.0,,,,,,,,,1.0090695804496879,1.4,,,,,,,5.710073308197347,0.0626099033699941,256,8.000000000000002,2.1379649132179313,,1,593,1,exact,,,2,1.616796202002444e-05,,,,0.02457779199903598,3eb5095a4793463acd8f088ccbcf184854d6349e
dv3-B-lgcp-440342,3,B,lgcp,440342,44,,342,3:2:5:440342,,test,31,500.0,,,,,,,,,1.0090695804496879,1.4,,,,,,,5.710073308197347,0.0626099033699941,256,8.000000000000002,2.1379649132179313,,1,656,1,exact,,,2,1.616796202002444e-05,,,,0.021222790997853735,d1a34822912e847ecde83e8a3368d512b42c9d66
dv3-B-lgcp-440343,3,B,lgcp,440343,44,,343,3:2:5:440343,,test,31,500.0,,,,,,,,,1.0090695804496879,1.4,,,,,,,5.710073308197347,0.0626099033699941,256,8.000000000000002,2.1379649132179313,,1,595,1,exact,,,2,1.616796202002444e-05,,,,0.018628792000527028,85270211327ef49553ec3d565b1327da21b0f4c5
dv3-B-lgcp-440344,3,B,lgcp,440344,44,,344,3:2:5:440344,,test,31,500.0,,,,,,,,,1.0090695804496879,1.4,,,,,,,5.710073308197347,0.0626099033699941,256,8.000000000000002,2.1379649132179313,,1,528,1,exact,,,2,1.616796202002444e-05,,,,0.020151083001110237,1b964577b2f344198698412c20e86a8eebc00e7a
dv3-B-lgcp-440345,3,B,lgcp,440345,44,,345,3:2:5:440345,,test,31,500.0,,,,,,,,,1.0090695804496879,1.4,,,,,,,5.710073308197347,0.0626099033699941,256,8.000000000000002,2.1379649132179313,,1,408,1,exact,,,2,1.616796202002444e-05,,,,0.014273082997533493,70f4caa27a06c3534265e35261507003e64b58d1
dv3-B-lgcp-440346,3,B,lgcp,440346,44,,346,3:2:5:440346,,test,31,500.0,,,,,,,,,1.0090695804496879,1.4,,,,,,,5.710073308197347,0.0626099033699941,256,8.000000000000002,2.1379649132179313,,1,647,1,exact,,,2,1.616796202002444e-05,,,,0.02374049999707495,ce63b5a1cfc1bf3e0d535b733ecc10bf87b2a022
dv3-B-lgcp-440347,3,B,lgcp,440347,44,,347,3:2:5:440347,,test,31,500.0,,,,,,,,,1.0090695804496879,1.4,,,,,,,5.710073308197347,0.0626099033699941,256,8.000000000000002,2.1379649132179313,,1,462,1,exact,,,2,1.616796202002444e-05,,,,0.013706875000934815,e633ce892a080bbdfaa5ad1c9d2b20cd04a2eac6
dv3-B-lgcp-440348,3,B,lgcp,440348,44,,348,3:2:5:440348,,test,31,500.0,,,,,,,,,1.0090695804496879,1.4,,,,,,,5.710073308197347,0.0626099033699941,256,8.000000000000002,2.1379649132179313,,1,379,1,exact,,,2,1.616796202002444e-05,,,,0.017583790999196935,26ec3ceb7e333166a5cffe384b5539f7c2b5416a
dv3-B-lgcp-440349,3,B,lgcp,440349,44,,349,3:2:5:440349,,test,31,500.0,,,,,,,,,1.0090695804496879,1.4,,,,,,,5.710073308197347,0.0626099033699941,256,8.000000000000002,2.1379649132179313,,1,405,1,exact,,,2,1.616796202002444e-05,,,,0.021912292002525646,d92abf862a07e12e61c2238e38acdf1815b004f4
dv3-B-lgcp-440350,3,B,lgcp,440350,44,,350,3:2:5:440350,,test,31,500.0,,,,,,,,,1.0090695804496879,1.4,,,,,,,5.710073308197347,0.0626099033699941,256,8.000000000000002,2.1379649132179313,,1,407,1,exact,,,2,1.616796202002444e-05,,,,0.020105875002627727,c5ca654a93139b5c560be1d6dd9235c8b67cb175
dv3-B-lgcp-440351,3,B,lgcp,440351,44,,351,3:2:5:440351,,test,31,500.0,,,,,,,,,1.0090695804496879,1.4,,,,,,,5.710073308197347,0.0626099033699941,256,8.000000000000002,2.1379649132179313,,1,504,1,exact,,,2,1.616796202002444e-05,,,,0.016029291997256223,416c91801b3c39eafad28203667ddb07d4880f61
dv3-B-lgcp-440352,3,B,lgcp,440352,44,,352,3:2:5:440352,,test,31,500.0,,,,,,,,,1.0090695804496879,1.4,,,,,,,5.710073308197347,0.0626099033699941,256,8.000000000000002,2.1379649132179313,,1,705,1,exact,,,2,1.616796202002444e-05,,,,0.015459292000741698,9f44f8da20347208d92422387c2dd9874f20ab85
dv3-B-lgcp-440353,3,B,lgcp,440353,44,,353,3:2:5:440353,,test,31,500.0,,,,,,,,,1.0090695804496879,1.4,,,,,,,5.710073308197347,0.0626099033699941,256,8.000000000000002,2.1379649132179313,,1,691,1,exact,,,2,1.616796202002444e-05,,,,0.01697270899967407,b4dfb9d8ec1dd8f671088f9e7ceee8a8691c8aa2
dv3-B-lgcp-440354,3,B,lgcp,440354,44,,354,3:2:5:440354,,test,31,500.0,,,,,,,,,1.0090695804496879,1.4,,,,,,,5.710073308197347,0.0626099033699941,256,8.000000000000002,2.1379649132179313,,1,520,1,exact,,,2,1.616796202002444e-05,,,,0.02326241699847742,e2017793817df303886c96703dbcbe093d47aff0
dv3-B-lgcp-440355,3,B,lgcp,440355,44,,355,3:2:5:440355,,test,31,500.0,,,,,,,,,1.0090695804496879,1.4,,,,,,,5.710073308197347,0.0626099033699941,256,8.000000000000002,2.1379649132179313,,1,503,1,exact,,,2,1.616796202002444e-05,,,,0.03892058299970813,a0764779ac44bc6dbf3a590c1b5808646c8ee3e9
dv3-B-lgcp-440356,3,B,lgcp,440356,44,,356,3:2:5:440356,,test,31,500.0,,,,,,,,,1.0090695804496879,1.4,,,,,,,5.710073308197347,0.0626099033699941,256,8.000000000000002,2.1379649132179313,,1,559,1,exact,,,2,1.616796202002444e-05,,,,0.0185851249989355,8520c155db88ff37e4d774697f3c5157b266cc75
dv3-B-lgcp-440357,3,B,lgcp,440357,44,,357,3:2:5:440357,,test,31,500.0,,,,,,,,,1.0090695804496879,1.4,,,,,,,5.710073308197347,0.0626099033699941,256,8.000000000000002,2.1379649132179313,,1,478,1,exact,,,2,1.616796202002444e-05,,,,0.02919070899952203,0c37d0936d53bc417bbc349ad9ade6563de133e6
dv3-B-lgcp-440358,3,B,lgcp,440358,44,,358,3:2:5:440358,,test,31,500.0,,,,,,,,,1.0090695804496879,1.4,,,,,,,5.710073308197347,0.0626099033699941,256,8.000000000000002,2.1379649132179313,,1,439,1,exact,,,2,1.616796202002444e-05,,,,0.020345709002867807,72ea402114754c7bdc1c0d8c440376c98f6ccffa
dv3-B-lgcp-440359,3,B,lgcp,440359,44,,359,3:2:5:440359,,test,31,500.0,,,,,,,,,1.0090695804496879,1.4,,,,,,,5.710073308197347,0.0626099033699941,256,8.000000000000002,2.1379649132179313,,1,529,1,exact,,,2,1.616796202002444e-05,,,,0.022858667001855792,73bcb178db9ea6ccc9c3e5e57e4fce29170b56a5
dv3-B-lgcp-440360,3,B,lgcp,440360,44,,360,3:2:5:440360,,test,31,500.0,,,,,,,,,1.0090695804496879,1.4,,,,,,,5.710073308197347,0.0626099033699941,256,8.000000000000002,2.1379649132179313,,1,432,1,exact,,,2,1.616796202002444e-05,,,,0.020667459000833333,b77784d25ce7bb7cc92a16807d64b35b7cff1b55
dv3-B-lgcp-440361,3,B,lgcp,440361,44,,361,3:2:5:440361,,test,31,500.0,,,,,,,,,1.0090695804496879,1.4,,,,,,,5.710073308197347,0.0626099033699941,256,8.000000000000002,2.1379649132179313,,1,499,1,exact,,,2,1.616796202002444e-05,,,,0.020952916998794535,06cf802cab0f90270904b33a4aba1f8fff8a15b9
dv3-B-lgcp-440362,3,B,lgcp,440362,44,,362,3:2:5:440362,,test,31,500.0,,,,,,,,,1.0090695804496879,1.4,,,,,,,5.710073308197347,0.0626099033699941,256,8.000000000000002,2.1379649132179313,,1,485,1,exact,,,2,1.616796202002444e-05,,,,0.028446374999475665,1bddb4dac1ceadd6992b6473fd96124438f865b6
dv3-B-lgcp-440363,3,B,lgcp,440363,44,,363,3:2:5:440363,,test,31,500.0,,,,,,,,,1.0090695804496879,1.4,,,,,,,5.710073308197347,0.0626099033699941,256,8.000000000000002,2.1379649132179313,,1,477,1,exact,,,2,1.616796202002444e-05,,,,0.04359087500051828,6f4b16af7dd5272d6faf7ecd67b59d3bf5387292
dv3-B-lgcp-440364,3,B,lgcp,440364,44,,364,3:2:5:440364,,test,31,500.0,,,,,,,,,1.0090695804496879,1.4,,,,,,,5.710073308197347,0.0626099033699941,256,8.000000000000002,2.1379649132179313,,1,539,1,exact,,,2,1.616796202002444e-05,,,,0.015454082997166552,957a7173a2edcdf27c1fa9a8520250b8b5eb4501
dv3-B-lgcp-440365,3,B,lgcp,440365,44,,365,3:2:5:440365,,test,31,500.0,,,,,,,,,1.0090695804496879,1.4,,,,,,,5.710073308197347,0.0626099033699941,256,8.000000000000002,2.1379649132179313,,1,349,1,exact,,,2,1.616796202002444e-05,,,,0.0167657500023779,d52e01d61d3070a046c62d21229be8d106834742
dv3-B-lgcp-440366,3,B,lgcp,440366,44,,366,3:2:5:440366,,test,31,500.0,,,,,,,,,1.0090695804496879,1.4,,,,,,,5.710073308197347,0.0626099033699941,256,8.000000000000002,2.1379649132179313,,1,565,1,exact,,,2,1.616796202002444e-05,,,,0.01238833399838768,cc69054664c125504c5107d0f432372a84d55b87
dv3-B-lgcp-440367,3,B,lgcp,440367,44,,367,3:2:5:440367,,test,31,500.0,,,,,,,,,1.0090695804496879,1.4,,,,,,,5.710073308197347,0.0626099033699941,256,8.000000000000002,2.1379649132179313,,1,460,1,exact,,,2,1.616796202002444e-05,,,,0.025245958000596147,51d635700ffaa6cf53a0a67382007528ade95fe3
dv3-B-lgcp-440368,3,B,lgcp,440368,44,,368,3:2:5:440368,,test,31,500.0,,,,,,,,,1.0090695804496879,1.4,,,,,,,5.710073308197347,0.0626099033699941,256,8.000000000000002,2.1379649132179313,,1,687,1,exact,,,2,1.616796202002444e-05,,,,0.018740415998763638,27d6ee84de26cb387b4883f9e5fe0f7539434f01
dv3-B-lgcp-440369,3,B,lgcp,440369,44,,369,3:2:5:440369,,test,31,500.0,,,,,,,,,1.0090695804496879,1.4,,,,,,,5.710073308197347,0.0626099033699941,256,8.000000000000002,2.1379649132179313,,1,527,1,exact,,,2,1.616796202002444e-05,,,,0.014809249998506857,c2fdb6a27d1d3f0c30843ac603e91056c87a5b95
dv3-B-lgcp-440370,3,B,lgcp,440370,44,,370,3:2:5:440370,,test,31,500.0,,,,,,,,,1.0090695804496879,1.4,,,,,,,5.710073308197347,0.0626099033699941,256,8.000000000000002,2.1379649132179313,,1,470,1,exact,,,2,1.616796202002444e-05,,,,0.014595041000575293,e55faa6972006ffb0b12021488c67d86e1c14e9b
dv3-B-lgcp-440371,3,B,lgcp,440371,44,,371,3:2:5:440371,,test,31,500.0,,,,,,,,,1.0090695804496879,1.4,,,,,,,5.710073308197347,0.0626099033699941,256,8.000000000000002,2.1379649132179313,,1,504,1,exact,,,2,1.616796202002444e-05,,,,0.01455425000312971,4e8d2560bb862b0114bbf6d035cbda8c451f5c81
dv3-B-lgcp-440372,3,B,lgcp,440372,44,,372,3:2:5:440372,,test,31,500.0,,,,,,,,,1.0090695804496879,1.4,,,,,,,5.710073308197347,0.0626099033699941,256,8.000000000000002,2.1379649132179313,,1,450,1,exact,,,2,1.616796202002444e-05,,,,0.016365832998417318,769f2a77d8b983c3bbe97bbae6e71a585cdd8e51
dv3-B-lgcp-440373,3,B,lgcp,440373,44,,373,3:2:5:440373,,test,31,500.0,,,,,,,,,1.0090695804496879,1.4,,,,,,,5.710073308197347,0.0626099033699941,256,8.000000000000002,2.1379649132179313,,1,511,1,exact,,,2,1.616796202002444e-05,,,,0.01768974999868078,b1fca42637d50b34bed06172f1eb87d1972acbd0
dv3-B-lgcp-440374,3,B,lgcp,440374,44,,374,3:2:5:440374,,test,31,500.0,,,,,,,,,1.0090695804496879,1.4,,,,,,,5.710073308197347,0.0626099033699941,256,8.000000000000002,2.1379649132179313,,1,422,1,exact,,,2,1.616796202002444e-05,,,,0.01882708300036029,1267c97ed33ac3b47b5a5f763b61c27a136d90c5
dv3-B-lgcp-440375,3,B,lgcp,440375,44,,375,3:2:5:440375,,test,31,500.0,,,,,,,,,1.0090695804496879,1.4,,,,,,,5.710073308197347,0.0626099033699941,256,8.000000000000002,2.1379649132179313,,1,429,1,exact,,,2,1.616796202002444e-05,,,,0.01454987500255811,c59ea77cb5468923a9c05ad0fae78d2d1b96cbbb
dv3-B-lgcp-440376,3,B,lgcp,440376,44,,376,3:2:5:440376,,test,31,500.0,,,,,,,,,1.0090695804496879,1.4,,,,,,,5.710073308197347,0.0626099033699941,256,8.000000000000002,2.1379649132179313,,1,480,1,exact,,,2,1.616796202002444e-05,,,,0.019167292000929592,2405b5036b402821d2bafe29907f1c0912319924
dv3-B-lgcp-440377,3,B,lgcp,440377,44,,377,3:2:5:440377,,test,31,500.0,,,,,,,,,1.0090695804496879,1.4,,,,,,,5.710073308197347,0.0626099033699941,256,8.000000000000002,2.1379649132179313,,1,506,1,exact,,,2,1.616796202002444e-05,,,,0.020009416999528185,7f409ed6417673954d8c451d0ddde793f7dc0824
dv3-B-lgcp-440378,3,B,lgcp,440378,44,,378,3:2:5:440378,,test,31,500.0,,,,,,,,,1.0090695804496879,1.4,,,,,,,5.710073308197347,0.0626099033699941,256,8.000000000000002,2.1379649132179313,,1,540,1,exact,,,2,1.616796202002444e-05,,,,0.015681584001868032,4a1b3beca6ac670d0e256062ff6563fde8952305
dv3-B-lgcp-440379,3,B,lgcp,440379,44,,379,3:2:5:440379,,test,31,500.0,,,,,,,,,1.0090695804496879,1.4,,,,,,,5.710073308197347,0.0626099033699941,256,8.000000000000002,2.1379649132179313,,1,711,1,exact,,,2,1.616796202002444e-05,,,,0.01551883399952203,31dd8ab5d656b4c8b597ad55ca6977427231cff4
dv3-B-lgcp-440380,3,B,lgcp,440380,44,,380,3:2:5:440380,,test,31,500.0,,,,,,,,,1.0090695804496879,1.4,,,,,,,5.710073308197347,0.0626099033699941,256,8.000000000000002,2.1379649132179313,,1,570,1,exact,,,2,1.616796202002444e-05,,,,0.012932333997014211,c32f37055229679c1c44cc05c9be25ab71038556
dv3-B-lgcp-440381,3,B,lgcp,440381,44,,381,3:2:5:440381,,test,31,500.0,,,,,,,,,1.0090695804496879,1.4,,,,,,,5.710073308197347,0.0626099033699941,256,8.000000000000002,2.1379649132179313,,1,572,1,exact,,,2,1.616796202002444e-05,,,,0.018087459000525996,73bd68e45b7685e3ec2efc580416f64019490085
dv3-B-lgcp-440382,3,B,lgcp,440382,44,,382,3:2:5:440382,,test,31,500.0,,,,,,,,,1.0090695804496879,1.4,,,,,,,5.710073308197347,0.0626099033699941,256,8.000000000000002,2.1379649132179313,,1,487,1,exact,,,2,1.616796202002444e-05,,,,0.018386167001153808,4d5a4203d63647709364cebc88a7143870130516
dv3-B-lgcp-440383,3,B,lgcp,440383,44,,383,3:2:5:440383,,test,31,500.0,,,,,,,,,1.0090695804496879,1.4,,,,,,,5.710073308197347,0.0626099033699941,256,8.000000000000002,2.1379649132179313,,1,682,1,exact,,,2,1.616796202002444e-05,,,,0.019360082998900907,3d880020da522950c0975eb64ecda65497013d7d
dv3-B-lgcp-440384,3,B,lgcp,440384,44,,384,3:2:5:440384,,test,31,500.0,,,,,,,,,1.0090695804496879,1.4,,,,,,,5.710073308197347,0.0626099033699941,256,8.000000000000002,2.1379649132179313,,1,490,1,exact,,,2,1.616796202002444e-05,,,,0.013913208000303712,25fb0fb323a9ac34cd26da5e1d4575bac96c2537
dv3-B-lgcp-440385,3,B,lgcp,440385,44,,385,3:2:5:440385,,test,31,500.0,,,,,,,,,1.0090695804496879,1.4,,,,,,,5.710073308197347,0.0626099033699941,256,8.000000000000002,2.1379649132179313,,1,426,1,exact,,,2,1.616796202002444e-05,,,,0.017104167000070447,e7b4f70c3cb2cf94d2eceb6cb07ebf5e3b87c9c4
dv3-B-lgcp-440386,3,B,lgcp,440386,44,,386,3:2:5:440386,,test,31,500.0,,,,,,,,,1.0090695804496879,1.4,,,,,,,5.710073308197347,0.0626099033699941,256,8.000000000000002,2.1379649132179313,,1,533,1,exact,,,2,1.616796202002444e-05,,,,0.0222343749992433,1214766b6cfdbb6b793c12cc1a0fd60513a7af09
dv3-B-lgcp-440387,3,B,lgcp,440387,44,,387,3:2:5:440387,,test,31,500.0,,,,,,,,,1.0090695804496879,1.4,,,,,,,5.710073308197347,0.0626099033699941,256,8.000000000000002,2.1379649132179313,,1,478,1,exact,,,2,1.616796202002444e-05,,,,0.02066187500167871,b29cce2a5d02e3c5acee90705004eed5c8fd8b71
dv3-B-lgcp-440388,3,B,lgcp,440388,44,,388,3:2:5:440388,,test,31,500.0,,,,,,,,,1.0090695804496879,1.4,,,,,,,5.710073308197347,0.0626099033699941,256,8.000000000000002,2.1379649132179313,,1,508,1,exact,,,2,1.616796202002444e-05,,,,0.021021832999394974,a8509c0968ece750db33861215ef0ef216a96a45
dv3-B-lgcp-440389,3,B,lgcp,440389,44,,389,3:2:5:440389,,test,31,500.0,,,,,,,,,1.0090695804496879,1.4,,,,,,,5.710073308197347,0.0626099033699941,256,8.000000000000002,2.1379649132179313,,1,491,1,exact,,,2,1.616796202002444e-05,,,,0.016599124999629566,5fd5f184502d540fe76a488c7b234d360f62a8ba
dv3-B-lgcp-440390,3,B,lgcp,440390,44,,390,3:2:5:440390,,test,31,500.0,,,,,,,,,1.0090695804496879,1.4,,,,,,,5.710073308197347,0.0626099033699941,256,8.000000000000002,2.1379649132179313,,1,508,1,exact,,,2,1.616796202002444e-05,,,,0.01706370800093282,466e631dd6eeaa459e31922ffcf45d0892c28dee
dv3-B-lgcp-440391,3,B,lgcp,440391,44,,391,3:2:5:440391,,test,31,500.0,,,,,,,,,1.0090695804496879,1.4,,,,,,,5.710073308197347,0.0626099033699941,256,8.000000000000002,2.1379649132179313,,1,407,1,exact,,,2,1.616796202002444e-05,,,,0.011772958001529332,4437722443fb1b5038a0a10e407e7b8fc1a89aa7
dv3-B-lgcp-440392,3,B,lgcp,440392,44,,392,3:2:5:440392,,test,31,500.0,,,,,,,,,1.0090695804496879,1.4,,,,,,,5.710073308197347,0.0626099033699941,256,8.000000000000002,2.1379649132179313,,1,633,1,exact,,,2,1.616796202002444e-05,,,,0.016967083000054117,79fbbde32dd31eafddd9a60f9974172c1fa78bb4
dv3-B-lgcp-440393,3,B,lgcp,440393,44,,393,3:2:5:440393,,test,31,500.0,,,,,,,,,1.0090695804496879,1.4,,,,,,,5.710073308197347,0.0626099033699941,256,8.000000000000002,2.1379649132179313,,1,410,1,exact,,,2,1.616796202002444e-05,,,,0.015433666998433182,7cb0c2e4a7fc1d219fa02226ad15b8e4030cb6de
dv3-B-lgcp-440394,3,B,lgcp,440394,44,,394,3:2:5:440394,,test,31,500.0,,,,,,,,,1.0090695804496879,1.4,,,,,,,5.710073308197347,0.0626099033699941,256,8.000000000000002,2.1379649132179313,,1,395,1,exact,,,2,1.616796202002444e-05,,,,0.02074324999921373,8073ace8e7b4b51bb21012be7ad2744bcca2e061
dv3-B-lgcp-440395,3,B,lgcp,440395,44,,395,3:2:5:440395,,test,31,500.0,,,,,,,,,1.0090695804496879,1.4,,,,,,,5.710073308197347,0.0626099033699941,256,8.000000000000002,2.1379649132179313,,1,526,1,exact,,,2,1.616796202002444e-05,,,,0.013528707997465972,0d320751ba0e8b9d9f4ba61b6d5bd3205ad19a62
dv3-B-lgcp-440396,3,B,lgcp,440396,44,,396,3:2:5:440396,,test,31,500.0,,,,,,,,,1.0090695804496879,1.4,,,,,,,5.710073308197347,0.0626099033699941,256,8.000000000000002,2.1379649132179313,,1,681,1,exact,,,2,1.616796202002444e-05,,,,0.01634104199911235,3c8c90371d7fcff1cc552cbff19d3f7d82f175bc
dv3-B-lgcp-440397,3,B,lgcp,440397,44,,397,3:2:5:440397,,test,31,500.0,,,,,,,,,1.0090695804496879,1.4,,,,,,,5.710073308197347,0.0626099033699941,256,8.000000000000002,2.1379649132179313,,1,451,1,exact,,,2,1.616796202002444e-05,,,,0.018318958002055297,0180e541b228e10fa3ed7867a6b6c441ec975d99
dv3-B-lgcp-440398,3,B,lgcp,440398,44,,398,3:2:5:440398,,test,31,500.0,,,,,,,,,1.0090695804496879,1.4,,,,,,,5.710073308197347,0.0626099033699941,256,8.000000000000002,2.1379649132179313,,1,536,1,exact,,,2,1.616796202002444e-05,,,,0.01895241600141162,234e4bb7d249e904fd58daf2afe50621a5674e22
dv3-B-lgcp-440399,3,B,lgcp,440399,44,,399,3:2:5:440399,,test,31,500.0,,,,,,,,,1.0090695804496879,1.4,,,,,,,5.710073308197347,0.0626099033699941,256,8.000000000000002,2.1379649132179313,,1,399,1,exact,,,2,1.616796202002444e-05,,,,0.011505667000164976,7aea7a3c15090df148539824c0fb8b909afe2a3d
