case_id,dv,set,family,index,cell_id,level_id,rep,spawn_key,r_seed,split,shard,nbar,mu,s,mu1,mu2,s2,rho,tau,gamma,sigma2,sp,kappa,sigma,sigma1,lam_p,R,beta,mu_log,s_abs,grid_M,delta_tilde,tau_K,tau_K2,prior_tries,n,pattern_tries,sampler,buffer,n_parents,pad_P,min_eig,cftp_start,mh_steps,burnin,wall_s,sha1
dv3-B-lgcp-150200,3,B,lgcp,150200,15,,200,3:2:5:150200,,test,10,250.0,,,,,,,,,0.21952795892941013,0.6,,,,,,,5.411696938397541,0.03794733192202055,256,0.4999999999999999,0.9884090751672838,,1,261,1,exact,,,2,7.25885663233602e-05,,,,0.01477208299911581,f4ee92876baf13cc0de96f5d7f2e4f2530734590
dv3-B-lgcp-150201,3,B,lgcp,150201,15,,201,3:2:5:150201,,test,10,250.0,,,,,,,,,0.21952795892941013,0.6,,,,,,,5.411696938397541,0.03794733192202055,256,0.4999999999999999,0.9884090751672838,,1,239,1,exact,,,2,7.25885663233602e-05,,,,0.017450915998779237,4a051cae9201277ec5c90b84d873b57e33a4c847
dv3-B-lgcp-150202,3,B,lgcp,150202,15,,202,3:2:5:150202,,test,10,250.0,,,,,,,,,0.21952795892941013,0.6,,,,,,,5.411696938397541,0.03794733192202055,256,0.4999999999999999,0.9884090751672838,,1,242,1,exact,,,2,7.25885663233602e-05,,,,0.011886000000231434,218f7d327e4a0c88590f32648b49a6a6c8610214
dv3-B-lgcp-150203,3,B,lgcp,150203,15,,203,3:2:5:150203,,test,10,250.0,,,,,,,,,0.21952795892941013,0.6,,,,,,,5.411696938397541,0.03794733192202055,256,0.4999999999999999,0.9884090751672838,,1,246,1,exact,,,2,7.25885663233602e-05,,,,0.016230332999839447,fc6ffabc487334f1a5976dc8da9b41e3b3f05dbb
dv3-B-lgcp-150204,3,B,lgcp,150204,15,,204,3:2:5:150204,,test,10,250.0,,,,,,,,,0.21952795892941013,0.6,,,,,,,5.411696938397541,0.03794733192202055,256,0.4999999999999999,0.9884090751672838,,1,231,1,exact,,,2,7.25885663233602e-05,,,,0.019666041000164114,dc4ef7c0a5be329546095dc302b25dd7489f8e77
dv3-B-lgcp-150205,3,B,lgcp,150205,15,,205,3:2:5:150205,,test,10,250.0,,,,,,,,,0.21952795892941013,0.6,,,,,,,5.411696938397541,0.03794733192202055,256,0.4999999999999999,0.9884090751672838,,1,237,1,exact,,,2,7.25885663233602e-05,,,,0.013104041998303728,e5d3b5c5a30e50c5be82b9427e01fbf3ea0c8010
dv3-B-lgcp-150206,3,B,lgcp,150206,15,,206,3:2:5:150206,,test,10,250.0,,,,,,,,,0.21952795892941013,0.6,,,,,,,5.411696938397541,0.03794733192202055,256,0.4999999999999999,0.9884090751672838,,1,265,1,exact,,,2,7.25885663233602e-05,,,,0.01580045900118421,91474d04a8a5f67d9c588c1eed953a748ea49b82
dv3-B-lgcp-150207,3,B,lgcp,150207,15,,207,3:2:5:150207,,test,10,250.0,,,,,,,,,0.21952795892941013,0.6,,,,,,,5.411696938397541,0.03794733192202055,256,0.4999999999999999,0.9884090751672838,,1,240,1,exact,,,2,7.25885663233602e-05,,,,0.017383917002007365,18f68bfbcdd38d3e0038159dfe74bc2a6fdd249e
dv3-B-lgcp-150208,3,B,lgcp,150208,15,,208,3:2:5:150208,,test,10,250.0,,,,,,,,,0.21952795892941013,0.6,,,,,,,5.411696938397541,0.03794733192202055,256,0.4999999999999999,0.9884090751672838,,1,249,1,exact,,,2,7.25885663233602e-05,,,,0.019705832997715333,bad708fad0a08eab8cdfa7d95caf52e8df6f1baf
dv3-B-lgcp-150209,3,B,lgcp,150209,15,,209,3:2:5:150209,,test,10,250.0,,,,,,,,,0.21952795892941013,0.6,,,,,,,5.411696938397541,0.03794733192202055,256,0.4999999999999999,0.9884090751672838,,1,211,1,exact,,,2,7.25885663233602e-05,,,,0.01843537500099046,f2e18fd9294253fa6d348cee9378f4081035c496
dv3-B-lgcp-150210,3,B,lgcp,150210,15,,210,3:2:5:150210,,test,10,250.0,,,,,,,,,0.21952795892941013,0.6,,,,,,,5.411696938397541,0.03794733192202055,256,0.4999999999999999,0.9884090751672838,,1,265,1,exact,,,2,7.25885663233602e-05,,,,0.01622345799842151,b5bc172fff43c98bdec257551ca5d8fb7f6c5b34
dv3-B-lgcp-150211,3,B,lgcp,150211,15,,211,3:2:5:150211,,test,10,250.0,,,,,,,,,0.21952795892941013,0.6,,,,,,,5.411696938397541,0.03794733192202055,256,0.4999999999999999,0.9884090751672838,,1,264,1,exact,,,2,7.25885663233602e-05,,,,0.019819791999907466,f10ec296eb0b40143333e636a403dc86177a040f
dv3-B-lgcp-150212,3,B,lgcp,150212,15,,212,3:2:5:150212,,test,10,250.0,,,,,,,,,0.21952795892941013,0.6,,,,,,,5.411696938397541,0.03794733192202055,256,0.4999999999999999,0.9884090751672838,,1,248,1,exact,,,2,7.25885663233602e-05,,,,0.022054084001865704,8d89c515db73e7b6f56f238063fee844031e354b
dv3-B-lgcp-150213,3,B,lgcp,150213,15,,213,3:2:5:150213,,test,10,250.0,,,,,,,,,0.21952795892941013,0.6,,,,,,,5.411696938397541,0.03794733192202055,256,0.4999999999999999,0.9884090751672838,,1,241,1,exact,,,2,7.25885663233602e-05,,,,0.017519459001050564,a1a9826013cb17505fe3430dfdee3ca03d190733
dv3-B-lgcp-150214,3,B,lgcp,150214,15,,214,3:2:5:150214,,test,10,250.0,,,,,,,,,0.21952795892941013,0.6,,,,,,,5.411696938397541,0.03794733192202055,256,0.4999999999999999,0.9884090751672838,,1,254,1,exact,,,2,7.25885663233602e-05,,,,0.011769166998419678,f7e5a974639fe844172f242cabd04e483f960808
dv3-B-lgcp-150215,3,B,lgcp,150215,15,,215,3:2:5:150215,,test,10,250.0,,,,,,,,,0.21952795892941013,0.6,,,,,,,5.411696938397541,0.03794733192202055,256,0.4999999999999999,0.9884090751672838,,1,258,1,exact,,,2,7.25885663233602e-05,,,,0.01410487500106683,91cf0b36fc5cb6e4670ae649e85db25b65d82447
dv3-B-lgcp-150216,3,B,lgcp,150216,15,,216,3:2:5:150216,,test,10,250.0,,,,,,,,,0.21952795892941013,0.6,,,,,,,5.411696938397541,0.03794733192202055,256,0.4999999999999999,0.9884090751672838,,1,226,1,exact,,,2,7.25885663233602e-05,,,,0.014100708001933526,f94173095529abaae51abbfc2e289062c3ef950d
dv3-B-lgcp-150217,3,B,lgcp,150217,15,,217,3:2:5:150217,,test,10,250.0,,,,,,,,,0.21952795892941013,0.6,,,,,,,5.411696938397541,0.03794733192202055,256,0.4999999999999999,0.9884090751672838,,1,245,1,exact,,,2,7.25885663233602e-05,,,,0.017142500000772998,a2d1878c5f5d65f4d16fe25505d2a7c06cfbf703
dv3-B-lgcp-150218,3,B,lgcp,150218,15,,218,3:2:5:150218,,test,10,250.0,,,,,,,,,0.21952795892941013,0.6,,,,,,,5.411696938397541,0.03794733192202055,256,0.4999999999999999,0.9884090751672838,,1,227,1,exact,,,2,7.25885663233602e-05,,,,0.013026708998950198,06420242c567b55ed74fd27d59c0b5c684f00d03
dv3-B-lgcp-150219,3,B,lgcp,150219,15,,219,3:2:5:150219,,test,10,250.0,,,,,,,,,0.21952795892941013,0.6,,,,,,,5.411696938397541,0.03794733192202055,256,0.4999999999999999,0.9884090751672838,,1,235,1,exact,,,2,7.25885663233602e-05,,,,0.015848166000068886,f2673e9f21aea2d1b5d00e6505bfd9ec88764adf
dv3-B-lgcp-150220,3,B,lgcp,150220,15,,220,3:2:5:150220,,test,10,250.0,,,,,,,,,0.21952795892941013,0.6,,,,,,,5.411696938397541,0.03794733192202055,256,0.4999999999999999,0.9884090751672838,,1,261,1,exact,,,2,7.25885663233602e-05,,,,0.01478966600188869,2fb9f6b364e59349c46d0751bf0bef39c1250c65
dv3-B-lgcp-150221,3,B,lgcp,150221,15,,221,3:2:5:150221,,test,10,250.0,,,,,,,,,0.21952795892941013,0.6,,,,,,,5.411696938397541,0.03794733192202055,256,0.4999999999999999,0.9884090751672838,,1,216,1,exact,,,2,7.25885663233602e-05,,,,0.013709165999898687,7168a84cc6b59eea97365ed1e91fdb995057363c
dv3-B-lgcp-150222,3,B,lgcp,150222,15,,222,3:2:5:150222,,test,10,250.0,,,,,,,,,0.21952795892941013,0.6,,,,,,,5.411696938397541,0.03794733192202055,256,0.4999999999999999,0.9884090751672838,,1,254,1,exact,,,2,7.25885663233602e-05,,,,0.013684875000762986,3e9f031c54ac37d06c47d7b250064745b777b9bd
dv3-B-lgcp-150223,3,B,lgcp,150223,15,,223,3:2:5:150223,,test,10,250.0,,,,,,,,,0.21952795892941013,0.6,,,,,,,5.411696938397541,0.03794733192202055,256,0.4999999999999999,0.9884090751672838,,1,257,1,exact,,,2,7.25885663233602e-05,,,,0.016774708001321414,9beb2d226674027576a9bf02b0b880a5d3b14e6c
dv3-B-lgcp-150224,3,B,lgcp,150224,15,,224,3:2:5:150224,,test,10,250.0,,,,,,,,,0.21952795892941013,0.6,,,,,,,5.411696938397541,0.03794733192202055,256,0.4999999999999999,0.9884090751672838,,1,216,1,exact,,,2,7.25885663233602e-05,,,,0.015238790998409968,77a2a43380758df9b7ac0e2f5af7edc9e0c9bbc7
dv3-B-lgcp-150225,3,B,lgcp,150225,15,,225,3:2:5:150225,,test,10,250.0,,,,,,,,,0.21952795892941013,0.6,,,,,,,5.411696938397541,0.03794733192202055,256,0.4999999999999999,0.9884090751672838,,1,237,1,exact,,,2,7.25885663233602e-05,,,,0.011164666997501627,a29bfff9b86e766ad27ea8bd4976bc79e0363d9a
dv3-B-lgcp-150226,3,B,lgcp,150226,15,,226,3:2:5:150226,,test,10,250.0,,,,,,,,,0.21952795892941013,0.6,,,,,,,5.411696938397541,0.03794733192202055,256,0.4999999999999999,0.9884090751672838,,1,271,1,exact,,,2,7.25885663233602e-05,,,,0.013969416999316309,98975aa42fe00665a577fc5f0a444ddcc686fe8a
dv3-B-lgcp-150227,3,B,lgcp,150227,15,,227,3:2:5:150227,,test,10,250.0,,,,,,,,,0.21952795892941013,0.6,,,,,,,5.411696938397541,0.03794733192202055,256,0.4999999999999999,0.9884090751672838,,1,247,1,exact,,,2,7.25885663233602e-05,,,,0.014971749998949235,f0bf26f44cc63917a534f3e171b859976fef2515
dv3-B-lgcp-150228,3,B,lgcp,150228,15,,228,3:2:5:150228,,test,10,250.0,,,,,,,,,0.21952795892941013,0.6,,,,,,,5.411696938397541,0.03794733192202055,256,0.4999999999999999,0.9884090751672838,,1,281,1,exact,,,2,7.25885663233602e-05,,,,0.012214000002131797,2c6969e2c36987956d673cf72f54adfb2616702d
dv3-B-lgcp-150229,3,B,lgcp,150229,15,,229,3:2:5:150229,,test,10,250.0,,,,,,,,,0.21952795892941013,0.6,,,,,,,5.411696938397541,0.03794733192202055,256,0.4999999999999999,0.9884090751672838,,1,214,1,exact,,,2,7.25885663233602e-05,,,,0.013582333998783724,d856ae9752ebd4e1358df31517e3d679a21768f6
dv3-B-lgcp-150230,3,B,lgcp,150230,15,,230,3:2:5:150230,,test,10,250.0,,,,,,,,,0.21952795892941013,0.6,,,,,,,5.411696938397541,0.03794733192202055,256,0.4999999999999999,0.9884090751672838,,1,253,1,exact,,,2,7.25885663233602e-05,,,,0.014725208999152528,d725b1e14b86c573380339ecbe99a267555f201d
dv3-B-lgcp-150231,3,B,lgcp,150231,15,,231,3:2:5:150231,,test,10,250.0,,,,,,,,,0.21952795892941013,0.6,,,,,,,5.411696938397541,0.03794733192202055,256,0.4999999999999999,0.9884090751672838,,1,243,1,exact,,,2,7.25885663233602e-05,,,,0.014282916999945883,da955f6d2f7eb6dd76786778683267f1dce5ac09
dv3-B-lgcp-150232,3,B,lgcp,150232,15,,232,3:2:5:150232,,test,10,250.0,,,,,,,,,0.21952795892941013,0.6,,,,,,,5.411696938397541,0.03794733192202055,256,0.4999999999999999,0.9884090751672838,,1,253,1,exact,,,2,7.25885663233602e-05,,,,0.011889459001395153,b94cd50a76b906601e42821a250b5773731e5993
dv3-B-lgcp-150233,3,B,lgcp,150233,15,,233,3:2:5:150233,,test,10,250.0,,,,,,,,,0.21952795892941013,0.6,,,,,,,5.411696938397541,0.03794733192202055,256,0.4999999999999999,0.9884090751672838,,1,241,1,exact,,,2,7.25885663233602e-05,,,,0.011468333999800961,8a26ad57de504ffc36ed98e019da29be43f0fe12
dv3-B-lgcp-150234,3,B,lgcp,150234,15,,234,3:2:5:150234,,test,10,250.0,,,,,,,,,0.21952795892941013,0.6,,,,,,,5.411696938397541,0.03794733192202055,256,0.4999999999999999,0.9884090751672838,,1,277,1,exact,,,2,7.25885663233602e-05,,,,0.013088042000163114,f937f6c2ee488e7071c93cd5f28086da615a3b65
dv3-B-lgcp-150235,3,B,lgcp,150235,15,,235,3:2:5:150235,,test,10,250.0,,,,,,,,,0.21952795892941013,0.6,,,,,,,5.411696938397541,0.03794733192202055,256,0.4999999999999999,0.9884090751672838,,1,264,1,exact,,,2,7.25885663233602e-05,,,,0.011485500002891058,730715c728f2d298670ff0162541606556bd22fb
dv3-B-lgcp-150236,3,B,lgcp,150236,15,,236,3:2:5:150236,,test,10,250.0,,,,,,,,,0.21952795892941013,0.6,,,,,,,5.411696938397541,0.03794733192202055,256,0.4999999999999999,0.9884090751672838,,1,241,1,exact,,,2,7.25885663233602e-05,,,,0.015972665998560842,770b837ecfc7cd6f054578bfd610da2d12228130
dv3-B-lgcp-150237,3,B,lgcp,150237,15,,237,3:2:5:150237,,test,10,250.0,,,,,,,,,0.21952795892941013,0.6,,,,,,,5.411696938397541,0.03794733192202055,256,0.4999999999999999,0.9884090751672838,,1,240,1,exact,,,2,7.25885663233602e-05,,,,0.01830741700177896,927f30503494b5604764a0b8545c6f4a28b5fdd9
dv3-B-lgcp-150238,3,B,lgcp,150238,15,,238,3:2:5:150238,,test,10,250.0,,,,,,,,,0.21952795892941013,0.6,,,,,,,5.411696938397541,0.03794733192202055,256,0.4999999999999999,0.9884090751672838,,1,245,1,exact,,,2,7.25885663233602e-05,,,,0.016630750000331318,e8a05620ef802cdf1b7381a33150e1b1b8767de9
dv3-B-lgcp-150239,3,B,lgcp,150239,15,,239,3:2:5:150239,,test,10,250.0,,,,,,,,,0.21952795892941013,0.6,,,,,,,5.411696938397541,0.03794733192202055,256,0.4999999999999999,0.9884090751672838,,1,263,1,exact,,,2,7.25885663233602e-05,,,,0.015325500000471948,c2ceb8286e295021e24001aff59c6edd6b18cd90
dv3-B-lgcp-150240,3,B,lgcp,150240,15,,240,3:2:5:150240,,test,10,250.0,,,,,,,,,0.21952795892941013,0.6,,,,,,,5.411696938397541,0.03794733192202055,256,0.4999999999999999,0.9884090751672838,,1,301,1,exact,,,2,7.25885663233602e-05,,,,0.014159165999444667,11e7c05667ecab25c9b9c8fbdf5aa1f604d8e006
dv3-B-lgcp-150241,3,B,lgcp,150241,15,,241,3:2:5:150241,,test,10,250.0,,,,,,,,,0.21952795892941013,0.6,,,,,,,5.411696938397541,0.03794733192202055,256,0.4999999999999999,0.9884090751672838,,1,243,1,exact,,,2,7.25885663233602e-05,,,,0.015638750002835877,1c03ae16270f324924091da278f4b5f779625190
dv3-B-lgcp-150242,3,B,lgcp,150242,15,,242,3:2:5:150242,,test,10,250.0,,,,,,,,,0.21952795892941013,0.6,,,,,,,5.411696938397541,0.03794733192202055,256,0.4999999999999999,0.9884090751672838,,1,228,1,exact,,,2,7.25885663233602e-05,,,,0.010366041002271231,c69b2d85c85c56b1468359fa018b8084b373b6dc
dv3-B-lgcp-150243,3,B,lgcp,150243,15,,243,3:2:5:150243,,test,10,250.0,,,,,,,,,0.21952795892941013,0.6,,,,,,,5.411696938397541,0.03794733192202055,256,0.4999999999999999,0.9884090751672838,,1,263,1,exact,,,2,7.25885663233602e-05,,,,0.014217083997209556,a30f0348092274e972c7e0fdea37b5aacc48d950
dv3-B-lgcp-150244,3,B,lgcp,150244,15,,244,3:2:5:150244,,test,10,250.0,,,,,,,,,0.21952795892941013,0.6,,,,,,,5.411696938397541,0.03794733192202055,256,0.4999999999999999,0.9884090751672838,,1,268,1,exact,,,2,7.25885663233602e-05,,,,0.01895029200022691,7372ca2bf0e2528d2d24a398e001eae205137e60
dv3-B-lgcp-150245,3,B,lgcp,150245,15,,245,3:2:5:150245,,test,10,250.0,,,,,,,,,0.21952795892941013,0.6,,,,,,,5.411696938397541,0.03794733192202055,256,0.4999999999999999,0.9884090751672838,,1,251,1,exact,,,2,7.25885663233602e-05,,,,0.01875304200075334,5af90d933ba2829f62ce2ef63a7c2e4ec5c58240
dv3-B-lgcp-150246,3,B,lgcp,150246,15,,246,3:2:5:150246,,test,10,250.0,,,,,,,,,0.21952795892941013,0.6,,,,,,,5.411696938397541,0.03794733192202055,256,0.4999999999999999,0.9884090751672838,,1,235,1,exact,,,2,7.25885663233602e-05,,,,0.01617670899941004,5471c02c772b2d8d250070231aa9171cb0011493
dv3-B-lgcp-150247,3,B,lgcp,150247,15,,247,3:2:5:150247,,test,10,250.0,,,,,,,,,0.21952795892941013,0.6,,,,,,,5.411696938397541,0.03794733192202055,256,0.4999999999999999,0.9884090751672838,,1,285,1,exact,,,2,7.25885663233602e-05,,,,0.01754224999967846,a8603c0cdf4480031943a438cdf55cc6a707fa54
dv3-B-lgcp-150248,3,B,lgcp,150248,15,,248,3:2:5:150248,,test,10,250.0,,,,,,,,,0.21952795892941013,0.6,,,,,,,5.411696938397541,0.03794733192202055,256,0.4999999999999999,0.9884090751672838,,1,220,1,exact,,,2,7.25885663233602e-05,,,,0.018230249999760417,48af7f99f47d5572b7257b970a6b2bb25edcb9da
dv3-B-lgcp-150249,3,B,lgcp,150249,15,,249,3:2:5:150249,,test,10,250.0,,,,,,,,,0.21952795892941013,0.6,,,,,,,5.411696938397541,0.03794733192202055,256,0.4999999999999999,0.9884090751672838,,1,227,1,exact,,,2,7.25885663233602e-05,,,,0.01811045800059219,5c174cdc9be74d71dc8ca6a5c56a4dadb0209941
dv3-B-lgcp-150250,3,B,lgcp,150250,15,,250,3:2:5:150250,,test,10,250.0,,,,,,,,,0.21952795892941013,0.6,,,,,,,5.411696938397541,0.03794733192202055,256,0.4999999999999999,0.9884090751672838,,1,238,1,exact,,,2,7.25885663233602e-05,,,,0.017789000001357635,5862aab9e2bd2f40848edad7a58d5cf42d9a46f7
dv3-B-lgcp-150251,3,B,lgcp,150251,15,,251,3:2:5:150251,,test,10,250.0,,,,,,,,,0.21952795892941013,0.6,,,,,,,5.411696938397541,0.03794733192202055,256,0.4999999999999999,0.9884090751672838,,1,232,1,exact,,,2,7.25885663233602e-05,,,,0.026638542000000598,de00ce883bca5f7062a031e6c4a72544056d9be6
dv3-B-lgcp-150252,3,B,lgcp,150252,15,,252,3:2:5:150252,,test,10,250.0,,,,,,,,,0.21952795892941013,0.6,,,,,,,5.411696938397541,0.03794733192202055,256,0.4999999999999999,0.9884090751672838,,1,221,1,exact,,,2,7.25885663233602e-05,,,,0.014897208002366824,cc963dcdb3bf3be64f5adbd40203f7b5e4625988
dv3-B-lgcp-150253,3,B,lgcp,150253,15,,253,3:2:5:150253,,test,10,250.0,,,,,,,,,0.21952795892941013,0.6,,,,,,,5.411696938397541,0.03794733192202055,256,0.4999999999999999,0.9884090751672838,,1,244,1,exact,,,2,7.25885663233602e-05,,,,0.011246458998357411,50ef07729e7e7f48002be0fa8bdc4f9a2ebd3942
dv3-B-lgcp-150254,3,B,lgcp,150254,15,,254,3:2:5:150254,,test,10,250.0,,,,,,,,,0.21952795892941013,0.6,,,,,,,5.411696938397541,0.03794733192202055,256,0.4999999999999999,0.9884090751672838,,1,255,1,exact,,,2,7.25885663233602e-05,,,,0.018815750001522247,275d6c2feaf769fa14aff2bd7d70958b614c1079
dv3-B-lgcp-150255,3,B,lgcp,150255,15,,255,3:2:5:150255,,test,10,250.0,,,,,,,,,0.21952795892941013,0.6,,,,,,,5.411696938397541,0.03794733192202055,256,0.4999999999999999,0.9884090751672838,,1,246,1,exact,,,2,7.25885663233602e-05,,,,0.013712832998862723,33a273202ee86dcaf0ce6d83352be5131392d139
dv3-B-lgcp-150256,3,B,lgcp,150256,15,,256,3:2:5:150256,,test,10,250.0,,,,,,,,,0.21952795892941013,0.6,,,,,,,5.411696938397541,0.03794733192202055,256,0.4999999999999999,0.9884090751672838,,1,247,1,exact,,,2,7.25885663233602e-05,,,,0.011589292000280693,eaeb0eabc6f21c6cac07d472d5fccbeb1ffe99c4
dv3-B-lgcp-150257,3,B,lgcp,150257,15,,257,3:2:5:150257,,test,10,250.0,,,,,,,,,0.21952795892941013,0.6,,,,,,,5.411696938397541,0.03794733192202055,256,0.4999999999999999,0.9884090751672838,,1,221,1,exact,,,2,7.25885663233602e-05,,,,0.013795458002277883,fca868f50fa2d82a0046e09000cdd304ddedb27a
dv3-B-lgcp-150258,3,B,lgcp,150258,15,,258,3:2:5:150258,,test,10,250.0,,,,,,,,,0.21952795892941013,0.6,,,,,,,5.411696938397541,0.03794733192202055,256,0.4999999999999999,0.9884090751672838,,1,238,1,exact,,,2,7.25885663233602e-05,,,,0.016838625000673346,0b99fb046bbab9566b933bc658b3b9c25f290673
dv3-B-lgcp-150259,3,B,lgcp,150259,15,,259,3:2:5:150259,,test,10,250.0,,,,,,,,,0.21952795892941013,0.6,,,,,,,5.411696938397541,0.03794733192202055,256,0.4999999999999999,0.9884090751672838,,1,263,1,exact,,,2,7.25885663233602e-05,,,,0.01775558299777913,2a9738742e4e579d2b1ab6cf421924ef36cd2ec1
dv3-B-lgcp-150260,3,B,lgcp,150260,15,,260,3:2:5:150260,,test,10,250.0,,,,,,,,,0.21952795892941013,0.6,,,,,,,5.411696938397541,0.03794733192202055,256,0.4999999999999999,0.9884090751672838,,1,245,1,exact,,,2,7.25885663233602e-05,,,,0.01441095799964387,bd25afe99519afddb5acf5609774d139413c1e65
dv3-B-lgcp-150261,3,B,lgcp,150261,15,,261,3:2:5:150261,,test,10,250.0,,,,,,,,,0.21952795892941013,0.6,,,,,,,5.411696938397541,0.03794733192202055,256,0.4999999999999999,0.9884090751672838,,1,260,1,exact,,,2,7.25885663233602e-05,,,,0.017570624997460982,b115c593f38d347d69003434fa515acb8acbc1bf
dv3-B-lgcp-150262,3,B,lgcp,150262,15,,262,3:2:5:150262,,test,10,250.0,,,,,,,,,0.21952795892941013,0.6,,,,,,,5.411696938397541,0.03794733192202055,256,0.4999999999999999,0.9884090751672838,,1,239,1,exact,,,2,7.25885663233602e-05,,,,0.01266679200125509,5901221f21e171db1166343d32a4f4413a273f7b
dv3-B-lgcp-150263,3,B,lgcp,150263,15,,263,3:2:5:150263,,test,10,250.0,,,,,,,,,0.21952795892941013,0.6,,,,,,,5.411696938397541,0.03794733192202055,256,0.4999999999999999,0.9884090751672838,,1,229,1,exact,,,2,7.25885663233602e-05,,,,0.014552083001035498,07fedfb9887c97b7fd490e3016aeac27bf40725b
dv3-B-lgcp-150264,3,B,lgcp,150264,15,,264,3:2:5:150264,,test,10,250.0,,,,,,,,,0.21952795892941013,0.6,,,,,,,5.411696938397541,0.03794733192202055,256,0.4999999999999999,0.9884090751672838,,1,254,1,exact,,,2,7.25885663233602e-05,,,,0.0123109160012973,a65b6fae6eb2ce63715f7a3b031856fc2580e5e0
dv3-B-lgcp-150265,3,B,lgcp,150265,15,,265,3:2:5:150265,,test,10,250.0,,,,,,,,,0.21952795892941013,0.6,,,,,,,5.411696938397541,0.03794733192202055,256,0.4999999999999999,0.9884090751672838,,1,221,1,exact,,,2,7.25885663233602e-05,,,,0.015370834000350442,f8458eb459610b8ce20f5148cda457979d9dc54a
dv3-B-lgcp-150266,3,B,lgcp,150266,15,,266,3:2:5:150266,,test,10,250.0,,,,,,,,,0.21952795892941013,0.6,,,,,,,5.411696938397541,0.03794733192202055,256,0.4999999999999999,0.9884090751672838,,1,254,1,exact,,,2,7.25885663233602e-05,,,,0.012788332998752594,914157b5528f268ca55d77eec7a68a9c776e4213
dv3-B-lgcp-150267,3,B,lgcp,150267,15,,267,3:2:5:150267,,test,10,250.0,,,,,,,,,0.21952795892941013,0.6,,,,,,,5.411696938397541,0.03794733192202055,256,0.4999999999999999,0.9884090751672838,,1,258,1,exact,,,2,7.25885663233602e-05,,,,0.011964833000092767,4bebe02c791e66f9e75ca812c0e059f1d606585e
dv3-B-lgcp-150268,3,B,lgcp,150268,15,,268,3:2:5:150268,,test,10,250.0,,,,,,,,,0.21952795892941013,0.6,,,,,,,5.411696938397541,0.03794733192202055,256,0.4999999999999999,0.9884090751672838,,1,268,1,exact,,,2,7.25885663233602e-05,,,,0.018603374999656808,8105db04e69ede1fef3d89765c5402a016419079
dv3-B-lgcp-150269,3,B,lgcp,150269,15,,269,3:2:5:150269,,test,10,250.0,,,,,,,,,0.21952795892941013,0.6,,,,,,,5.411696938397541,0.03794733192202055,256,0.4999999999999999,0.9884090751672838,,1,248,1,exact,,,2,7.25885663233602e-05,,,,0.020771250001416774,7c0c8fc59698288a6d04d4de411160e23d42c0b0
dv3-B-lgcp-150270,3,B,lgcp,150270,15,,270,3:2:5:150270,,test,10,250.0,,,,,,,,,0.21952795892941013,0.6,,,,,,,5.411696938397541,0.03794733192202055,256,0.4999999999999999,0.9884090751672838,,1,237,1,exact,,,2,7.25885663233602e-05,,,,0.02147920800052816,59c1b81a8ceeb3c5316bccdd1d146441011ad2fd
dv3-B-lgcp-150271,3,B,lgcp,150271,15,,271,3:2:5:150271,,test,10,250.0,,,,,,,,,0.21952795892941013,0.6,,,,,,,5.411696938397541,0.03794733192202055,256,0.4999999999999999,0.9884090751672838,,1,264,1,exact,,,2,7.25885663233602e-05,,,,0.027259917002083967,79ed20df38ede474b60e9237035a78521290f371
dv3-B-lgcp-150272,3,B,lgcp,150272,15,,272,3:2:5:150272,,test,10,250.0,,,,,,,,,0.21952795892941013,0.6,,,,,,,5.411696938397541,0.03794733192202055,256,0.4999999999999999,0.9884090751672838,,1,237,1,exact,,,2,7.25885663233602e-05,,,,0.01654791699911584,bef447b5d08567e721ca96dccd0c1afb007b74f0
dv3-B-lgcp-150273,3,B,lgcp,150273,15,,273,3:2:5:150273,,test,10,250.0,,,,,,,,,0.21952795892941013,0.6,,,,,,,5.411696938397541,0.03794733192202055,256,0.4999999999999999,0.9884090751672838,,1,272,1,exact,,,2,7.25885663233602e-05,,,,0.012448375000531087,57c87e2a71e16bb27104b7d043b5cab3382ba73e
dv3-B-lgcp-150274,3,B,lgcp,150274,15,,274,3:2:5:150274,,test,10,250.0,,,,,,,,,0.21952795892941013,0.6,,,,,,,5.411696938397541,0.03794733192202055,256,0.4999999999999999,0.9884090751672838,,1,269,1,exact,,,2,7.25885663233602e-05,,,,0.011701082999934442,00ab648b55acfd71da54459b4463c417233c30f0
dv3-B-lgcp-150275,3,B,lgcp,150275,15,,275,3:2:5:150275,,test,10,250.0,,,,,,,,,0.21952795892941013,0.6,,,,,,,5.411696938397541,0.03794733192202055,256,0.4999999999999999,0.9884090751672838,,1,228,1,exact,,,2,7.25885663233602e-05,,,,0.016196541997487657,86160a49f4d199e48dcbbfe5b063a420abeb7e1d
dv3-B-lgcp-150276,3,B,lgcp,150276,15,,276,3:2:5:150276,,test,10,250.0,,,,,,,,,0.21952795892941013,0.6,,,,,,,5.411696938397541,0.03794733192202055,256,0.4999999999999999,0.9884090751672838,,1,265,1,exact,,,2,7.25885663233602e-05,,,,0.01318754100066144,3366d87cc8e29d221d173839cd72147e5b49940d
dv3-B-lgcp-150277,3,B,lgcp,150277,15,,277,3:2:5:150277,,test,10,250.0,,,,,,,,,0.21952795892941013,0.6,,,,,,,5.411696938397541,0.03794733192202055,256,0.4999999999999999,0.9884090751672838,,1,258,1,exact,,,2,7.25885663233602e-05,,,,0.018081625003105728,9cc1ff0b898facfd6a52d7bf86d16f972a7e1059
dv3-B-lgcp-150278,3,B,lgcp,150278,15,,278,3:2:5:150278,,test,10,250.0,,,,,,,,,0.21952795892941013,0.6,,,,,,,5.411696938397541,0.03794733192202055,256,0.4999999999999999,0.9884090751672838,,1,253,1,exact,,,2,7.25885663233602e-05,,,,0.0185596670016821,492e1233096011b818b6832942b7cbbf3dcfe204
dv3-B-lgcp-150279,3,B,lgcp,150279,15,,279,3:2:5:150279,,test,10,250.0,,,,,,,,,0.21952795892941013,0.6,,,,,,,5.411696938397541,0.03794733192202055,256,0.4999999999999999,0.9884090751672838,,1,268,1,exact,,,2,7.25885663233602e-05,,,,0.019886417001544032,3f8bc40368b3508472732341a530b8eb214c0736
dv3-B-lgcp-150280,3,B,lgcp,150280,15,,280,3:2:5:150280,,test,10,250.0,,,,,,,,,0.21952795892941013,0.6,,,,,,,5.411696938397541,0.03794733192202055,256,0.4999999999999999,0.9884090751672838,,1,257,1,exact,,,2,7.25885663233602e-05,,,,0.012192958001833176,ccf5ab0473bdf6bbe46c8e6c76551f8fcd9f18aa
dv3-B-lgcp-150281,3,B,lgcp,150281,15,,281,3:2:5:150281,,test,10,250.0,,,,,,,,,0.21952795892941013,0.6,,,,,,,5.411696938397541,0.03794733192202055,256,0.4999999999999999,0.9884090751672838,,1,248,1,exact,,,2,7.25885663233602e-05,,,,0.01832862499941257,b16c821d2c05e1527f6f768f8d3c5037f8af4325
dv3-B-lgcp-150282,3,B,lgcp,150282,15,,282,3:2:5:150282,,test,10,250.0,,,,,,,,,0.21952795892941013,0.6,,,,,,,5.411696938397541,0.03794733192202055,256,0.4999999999999999,0.9884090751672838,,1,213,1,exact,,,2,7.25885663233602e-05,,,,0.01571637500092038,5316cac9b42d7fede2a24317fb5712514b258164
dv3-B-lgcp-150283,3,B,lgcp,150283,15,,283,3:2:5:150283,,test,10,250.0,,,,,,,,,0.21952795892941013,0.6,,,,,,,5.411696938397541,0.03794733192202055,256,0.4999999999999999,0.9884090751672838,,1,241,1,exact,,,2,7.25885663233602e-05,,,,0.015881916999205714,ab211572b02d10653428cd27cd94c4ea85d37071
dv3-B-lgcp-150284,3,B,lgcp,150284,15,,284,3:2:5:150284,,test,10,250.0,,,,,,,,,0.21952795892941013,0.6,,,,,,,5.411696938397541,0.03794733192202055,256,0.4999999999999999,0.9884090751672838,,1,272,1,exact,,,2,7.25885663233602e-05,,,,0.01936391600247589,fd01e8812e107b4fb9be94d6d96f89b9dde7ca50
dv3-B-lgcp-150285,3,B,lgcp,150285,15,,285,3:2:5:150285,,test,10,250.0,,,,,,,,,0.21952795892941013,0.6,,,,,,,5.411696938397541,0.03794733192202055,256,0.4999999999999999,0.9884090751672838,,1,243,1,exact,,,2,7.25885663233602e-05,,,,0.019080541002040263,9d961a1ee107d36f01d2061a20576e026612354b
dv3-B-lgcp-150286,3,B,lgcp,150286,15,,286,3:2:5:150286,,test,10,250.0,,,,,,,,,0.21952795892941013,0.6,,,,,,,5.411696938397541,0.03794733192202055,256,0.4999999999999999,0.9884090751672838,,1,271,1,exact,,,2,7.25885663233602e-05,,,,0.0169792079977924,9326f3b356ed1bdbd1737a6e26f372c0a708cc6b
dv3-B-lgcp-150287,3,B,lgcp,150287,15,,287,3:2:5:150287,,test,10,250.0,,,,,,,,,0.21952795892941013,0.6,,,,,,,5.411696938397541,0.03794733192202055,256,0.4999999999999999,0.9884090751672838,,1,275,1,exact,,,2,7.25885663233602e-05,,,,0.022541167003510054,0b7c62aa6b64915c1663d6f501c5efecdd01abea
dv3-B-lgcp-150288,3,B,lgcp,150288,15,,288,3:2:5:150288,,test,10,250.0,,,,,,,,,0.21952795892941013,0.6,,,,,,,5.411696938397541,0.03794733192202055,256,0.4999999999999999,0.9884090751672838,,1,226,1,exact,,,2,7.25885663233602e-05,,,,0.019085708001512103,f088ba75cf906ed2d8f174b18bce44f06064e363
dv3-B-lgcp-150289,3,B,lgcp,150289,15,,289,3:2:5:150289,,test,10,250.0,,,,,,,,,0.21952795892941013,0.6,,,,,,,5.411696938397541,0.03794733192202055,256,0.4999999999999999,0.9884090751672838,,1,235,1,exact,,,2,7.25885663233602e-05,,,,0.018663291000848403,13252af16250aa98c76636161f636a92023e6469
dv3-B-lgcp-150290,3,B,lgcp,150290,15,,290,3:2:5:150290,,test,10,250.0,,,,,,,,,0.21952795892941013,0.6,,,,,,,5.411696938397541,0.03794733192202055,256,0.4999999999999999,0.9884090751672838,,1,271,1,exact,,,2,7.25885663233602e-05,,,,0.01853645899973344,71e4edf967b1c58120fbddeb9fe34f7cf6f31595
dv3-B-lgcp-150291,3,B,lgcp,150291,15,,291,3:2:5:150291,,test,10,250.0,,,,,,,,,0.21952795892941013,0.6,,,,,,,5.411696938397541,0.03794733192202055,256,0.4999999999999999,0.9884090751672838,,1,254,1,exact,,,2,7.25885663233602e-05,,,,0.013939332999143517,5f87c13aa7e92ccfe7aec3bbe8ffb6d44f364a60
dv3-B-lgcp-150292,3,B,lgcp,150292,15,,292,3:2:5:150292,,test,10,250.0,,,,,,,,,0.21952795892941013,0.6,,,,,,,5.411696938397541,0.03794733192202055,256,0.4999999999999999,0.9884090751672838,,1,272,1,exact,,,2,7.25885663233602e-05,,,,0.019425333000981482,e51de136d83301b5886c605e3e9b7c9e3d93e9f3
dv3-B-lgcp-150293,3,B,lgcp,150293,15,,293,3:2:5:150293,,test,10,250.0,,,,,,,,,0.21952795892941013,0.6,,,,,,,5.411696938397541,0.03794733192202055,256,0.4999999999999999,0.9884090751672838,,1,235,1,exact,,,2,7.25885663233602e-05,,,,0.017389041997375898,fbe8fe3e6502edd682980a7c102edd27ddc8fa3b
dv3-B-lgcp-150294,3,B,lgcp,150294,15,,294,3:2:5:150294,,test,10,250.0,,,,,,,,,0.21952795892941013,0.6,,,,,,,5.411696938397541,0.03794733192202055,256,0.4999999999999999,0.9884090751672838,,1,242,1,exact,,,2,7.25885663233602e-05,,,,0.018396999999822583,04143656e57a3bd48e5775b916b1628a9a10ae5d
dv3-B-lgcp-150295,3,B,lgcp,150295,15,,295,3:2:5:150295,,test,10,250.0,,,,,,,,,0.21952795892941013,0.6,,,,,,,5.411696938397541,0.03794733192202055,256,0.4999999999999999,0.9884090751672838,,1,252,1,exact,,,2,7.25885663233602e-05,,,,0.023763625002175104,560d199b3bd0c50bc874aca6352ec6fdc5af4cf2
dv3-B-lgcp-150296,3,B,lgcp,150296,15,,296,3:2:5:150296,,test,10,250.0,,,,,,,,,0.21952795892941013,0.6,,,,,,,5.411696938397541,0.03794733192202055,256,0.4999999999999999,0.9884090751672838,,1,249,1,exact,,,2,7.25885663233602e-05,,,,0.019134958001814084,390365f44e0a4a72896a0af5c5c0f436668c7efb
dv3-B-lgcp-150297,3,B,lgcp,150297,15,,297,3:2:5:150297,,test,10,250.0,,,,,,,,,0.21952795892941013,0.6,,,,,,,5.411696938397541,0.03794733192202055,256,0.4999999999999999,0.9884090751672838,,1,267,1,exact,,,2,7.25885663233602e-05,,,,0.01698095899701002,f4b76cec10f51a8de5773f482fd9e67b4e34d5cf
dv3-B-lgcp-150298,3,B,lgcp,150298,15,,298,3:2:5:150298,,test,10,250.0,,,,,,,,,0.21952795892941013,0.6,,,,,,,5.411696938397541,0.03794733192202055,256,0.4999999999999999,0.9884090751672838,,1,224,1,exact,,,2,7.25885663233602e-05,,,,0.014655082999524893,1814788575cde4ea29b79c45792daf72972bf46c
dv3-B-lgcp-150299,3,B,lgcp,150299,15,,299,3:2:5:150299,,test,10,250.0,,,,,,,,,0.21952795892941013,0.6,,,,,,,5.411696938397541,0.03794733192202055,256,0.4999999999999999,0.9884090751672838,,1,241,1,exact,,,2,7.25885663233602e-05,,,,0.02084787500280072,ec164aa13336e70540fc0418133e204142082a7e
dv3-B-lgcp-150300,3,B,lgcp,150300,15,,300,3:2:5:150300,,test,10,250.0,,,,,,,,,0.21952795892941013,0.6,,,,,,,5.411696938397541,0.03794733192202055,256,0.4999999999999999,0.9884090751672838,,1,296,1,exact,,,2,7.25885663233602e-05,,,,0.02156545799880405,5e6c92b32cec05e8d4d9af44512754b6efeca1e2
dv3-B-lgcp-150301,3,B,lgcp,150301,15,,301,3:2:5:150301,,test,10,250.0,,,,,,,,,0.21952795892941013,0.6,,,,,,,5.411696938397541,0.03794733192202055,256,0.4999999999999999,0.9884090751672838,,1,246,1,exact,,,2,7.25885663233602e-05,,,,0.01410237500022049,84433b46a1be1db09e297c024059fa0cac367edd
dv3-B-lgcp-150302,3,B,lgcp,150302,15,,302,3:2:5:150302,,test,10,250.0,,,,,,,,,0.21952795892941013,0.6,,,,,,,5.411696938397541,0.03794733192202055,256,0.4999999999999999,0.9884090751672838,,1,256,1,exact,,,2,7.25885663233602e-05,,,,0.020720415999676334,e27db40d7f22e321b6f6eb4478281df26f09c779
dv3-B-lgcp-150303,3,B,lgcp,150303,15,,303,3:2:5:150303,,test,10,250.0,,,,,,,,,0.21952795892941013,0.6,,,,,,,5.411696938397541,0.03794733192202055,256,0.4999999999999999,0.9884090751672838,,1,227,1,exact,,,2,7.25885663233602e-05,,,,0.01641337500041118,bd6175b9ed67863281b41e90901f9143503e7a26
dv3-B-lgcp-150304,3,B,lgcp,150304,15,,304,3:2:5:150304,,test,10,250.0,,,,,,,,,0.21952795892941013,0.6,,,,,,,5.411696938397541,0.03794733192202055,256,0.4999999999999999,0.9884090751672838,,1,226,1,exact,,,2,7.25885663233602e-05,,,,0.012864125001215143,1b346d7f79b0156d5c46724ca6bfcf6d361b2ed5
dv3-B-lgcp-150305,3,B,lgcp,150305,15,,305,3:2:5:150305,,test,10,250.0,,,,,,,,,0.21952795892941013,0.6,,,,,,,5.411696938397541,0.03794733192202055,256,0.4999999999999999,0.9884090751672838,,1,284,1,exact,,,2,7.25885663233602e-05,,,,0.01820620899889036,4276bcbf37b297a3d09050f57cdb261845612b29
dv3-B-lgcp-150306,3,B,lgcp,150306,15,,306,3:2:5:150306,,test,10,250.0,,,,,,,,,0.21952795892941013,0.6,,,,,,,5.411696938397541,0.03794733192202055,256,0.4999999999999999,0.9884090751672838,,1,249,1,exact,,,2,7.25885663233602e-05,,,,0.015876792000199202,397a6619d1fb7e1792e943b252d809991b96907d
dv3-B-lgcp-150307,3,B,lgcp,150307,15,,307,3:2:5:150307,,test,10,250.0,,,,,,,,,0.21952795892941013,0.6,,,,,,,5.411696938397541,0.03794733192202055,256,0.4999999999999999,0.9884090751672838,,1,255,1,exact,,,2,7.25885663233602e-05,,,,0.018191332997957943,a3f6e028d59bb503a0c8fca567bfcf5f1313e3a1
dv3-B-lgcp-150308,3,B,lgcp,150308,15,,308,3:2:5:150308,,test,10,250.0,,,,,,,,,0.21952795892941013,0.6,,,,,,,5.411696938397541,0.03794733192202055,256,0.4999999999999999,0.9884090751672838,,1,239,1,exact,,,2,7.25885663233602e-05,,,,0.016108916999655776,a10bf24bbca05c6426c087ad5dee6b6eae004e8a
dv3-B-lgcp-150309,3,B,lgcp,150309,15,,309,3:2:5:150309,,test,10,250.0,,,,,,,,,0.21952795892941013,0.6,,,,,,,5.411696938397541,0.03794733192202055,256,0.4999999999999999,0.9884090751672838,,1,232,1,exact,,,2,7.25885663233602e-05,,,,0.018946790998597862,94a547f2fdf86becd297eb61821d09977cc51350
dv3-B-lgcp-150310,3,B,lgcp,150310,15,,310,3:2:5:150310,,test,10,250.0,,,,,,,,,0.21952795892941013,0.6,,,,,,,5.411696938397541,0.03794733192202055,256,0.4999999999999999,0.9884090751672838,,1,259,1,exact,,,2,7.25885663233602e-05,,,,0.01963170900125988,8c6028de5f5666b84d32ce19ab6040d164e54543
dv3-B-lgcp-150311,3,B,lgcp,150311,15,,311,3:2:5:150311,,test,10,250.0,,,,,,,,,0.21952795892941013,0.6,,,,,,,5.411696938397541,0.03794733192202055,256,0.4999999999999999,0.9884090751672838,,1,269,1,exact,,,2,7.25885663233602e-05,,,,0.01765887500005192,f00883104e66df27098cbb0879e3a53775206eab
dv3-B-lgcp-150312,3,B,lgcp,150312,15,,312,3:2:5:150312,,test,10,250.0,,,,,,,,,0.21952795892941013,0.6,,,,,,,5.411696938397541,0.03794733192202055,256,0.4999999999999999,0.9884090751672838,,1,251,1,exact,,,2,7.25885663233602e-05,,,,0.019728208000742598,dd051eba81da9f5bedbee17ae35cddd8d88a9fcc
dv3-B-lgcp-150313,3,B,lgcp,150313,15,,313,3:2:5:150313,,test,10,250.0,,,,,,,,,0.21952795892941013,0.6,,,,,,,5.411696938397541,0.03794733192202055,256,0.4999999999999999,0.9884090751672838,,1,221,1,exact,,,2,7.25885663233602e-05,,,,0.02156887499950244,4802c01e9231544ec20eb4127b295aeb0af9f42b
dv3-B-lgcp-150314,3,B,lgcp,150314,15,,314,3:2:5:150314,,test,10,250.0,,,,,,,,,0.21952795892941013,0.6,,,,,,,5.411696938397541,0.03794733192202055,256,0.4999999999999999,0.9884090751672838,,1,250,1,exact,,,2,7.25885663233602e-05,,,,0.01916312500179629,320914222b75023e07bb2d69e4087dbb709b9039
dv3-B-lgcp-150315,3,B,lgcp,150315,15,,315,3:2:5:150315,,test,10,250.0,,,,,,,,,0.21952795892941013,0.6,,,,,,,5.411696938397541,0.03794733192202055,256,0.4999999999999999,0.9884090751672838,,1,216,1,exact,,,2,7.25885663233602e-05,,,,0.019937667002523085,00707f6242c1f738bbd7a4c3a6e8da403dd34e2c
dv3-B-lgcp-150316,3,B,lgcp,150316,15,,316,3:2:5:150316,,test,10,250.0,,,,,,,,,0.21952795892941013,0.6,,,,,,,5.411696938397541,0.03794733192202055,256,0.4999999999999999,0.9884090751672838,,1,233,1,exact,,,2,7.25885663233602e-05,,,,0.012524166999355657,2d7506b66826ebd3f63ba4083724a0d60c73c1c0
dv3-B-lgcp-150317,3,B,lgcp,150317,15,,317,3:2:5:150317,,test,10,250.0,,,,,,,,,0.21952795892941013,0.6,,,,,,,5.411696938397541,0.03794733192202055,256,0.4999999999999999,0.9884090751672838,,1,213,1,exact,,,2,7.25885663233602e-05,,,,0.021897000002354616,920b1c75194408350b3d88c5c9adfbeb2b517521
dv3-B-lgcp-150318,3,B,lgcp,150318,15,,318,3:2:5:150318,,test,10,250.0,,,,,,,,,0.21952795892941013,0.6,,,,,,,5.411696938397541,0.03794733192202055,256,0.4999999999999999,0.9884090751672838,,1,247,1,exact,,,2,7.25885663233602e-05,,,,0.020846207997237798,7659ec4bff4b6b9f7d2a4614d6b1b946b8adbe9e
dv3-B-lgcp-150319,3,B,lgcp,150319,15,,319,3:2:5:150319,,test,10,250.0,,,,,,,,,0.21952795892941013,0.6,,,,,,,5.411696938397541,0.03794733192202055,256,0.4999999999999999,0.9884090751672838,,1,256,1,exact,,,2,7.25885663233602e-05,,,,0.017842084002040792,4c3878a546ec02a40df57697ec28fa69bcff136d
dv3-B-lgcp-150320,3,B,lgcp,150320,15,,320,3:2:5:150320,,test,10,250.0,,,,,,,,,0.21952795892941013,0.6,,,,,,,5.411696938397541,0.03794733192202055,256,0.4999999999999999,0.9884090751672838,,1,241,1,exact,,,2,7.25885663233602e-05,,,,0.020345124998129904,6116edc25799be594cc857457250e078b1634004
dv3-B-lgcp-150321,3,B,lgcp,150321,15,,321,3:2:5:150321,,test,10,250.0,,,,,,,,,0.21952795892941013,0.6,,,,,,,5.411696938397541,0.03794733192202055,256,0.4999999999999999,0.9884090751672838,,1,239,1,exact,,,2,7.25885663233602e-05,,,,0.013593458003015257,1ec8ef9cf9a5c03ea20e33bf68160c3f23e45ce3
dv3-B-lgcp-150322,3,B,lgcp,150322,15,,322,3:2:5:150322,,test,10,250.0,,,,,,,,,0.21952795892941013,0.6,,,,,,,5.411696938397541,0.03794733192202055,256,0.4999999999999999,0.9884090751672838,,1,260,1,exact,,,2,7.25885663233602e-05,,,,0.01700179100225796,c96628eafaa610c2de21a4d05fb6be96ecbb9832
dv3-B-lgcp-150323,3,B,lgcp,150323,15,,323,3:2:5:150323,,test,10,250.0,,,,,,,,,0.21952795892941013,0.6,,,,,,,5.411696938397541,0.03794733192202055,256,0.4999999999999999,0.9884090751672838,,1,240,1,exact,,,2,7.25885663233602e-05,,,,0.01659500000096159,54cb5f6a775d124bea2e7b09b4b42dbff5b47c34
dv3-B-lgcp-150324,3,B,lgcp,150324,15,,324,3:2:5:150324,,test,10,250.0,,,,,,,,,0.21952795892941013,0.6,,,,,,,5.411696938397541,0.03794733192202055,256,0.4999999999999999,0.9884090751672838,,1,263,1,exact,,,2,7.25885663233602e-05,,,,0.015727333000540966,fd202d0163cf841e93f2c9488981d1636146480b
dv3-B-lgcp-150325,3,B,lgcp,150325,15,,325,3:2:5:150325,,test,10,250.0,,,,,,,,,0.21952795892941013,0.6,,,,,,,5.411696938397541,0.03794733192202055,256,0.4999999999999999,0.9884090751672838,,1,241,1,exact,,,2,7.25885663233602e-05,,,,0.019534417002432747,39c7e3bfb246b41303738c966df554d48c10956e
dv3-B-lgcp-150326,3,B,lgcp,150326,15,,326,3:2:5:150326,,test,10,250.0,,,,,,,,,0.21952795892941013,0.6,,,,,,,5.411696938397541,0.03794733192202055,256,0.4999999999999999,0.9884090751672838,,1,240,1,exact,,,2,7.25885663233602e-05,,,,0.01901937499860651,5756a695eb85d1df3395b2781b4f1c214331bb60
dv3-B-lgcp-150327,3,B,lgcp,150327,15,,327,3:2:5:150327,,test,10,250.0,,,,,,,,,0.21952795892941013,0.6,,,,,,,5.411696938397541,0.03794733192202055,256,0.4999999999999999,0.9884090751672838,,1,193,1,exact,,,2,7.25885663233602e-05,,,,0.014593167001294205,6ea0b1c08cb9f1715b81ef98490c186d447d09c8
dv3-B-lgcp-150328,3,B,lgcp,150328,15,,328,3:2:5:150328,,test,10,250.0,,,,,,,,,0.21952795892941013,0.6,,,,,,,5.411696938397541,0.03794733192202055,256,0.4999999999999999,0.9884090751672838,,1,239,1,exact,,,2,7.25885663233602e-05,,,,0.01901433300008648,c7c2470a913134067e16656b1152b12eb0b2f43e
dv3-B-lgcp-150329,3,B,lgcp,150329,15,,329,3:2:5:150329,,test,10,250.0,,,,,,,,,0.21952795892941013,0.6,,,,,,,5.411696938397541,0.03794733192202055,256,0.4999999999999999,0.9884090751672838,,1,245,1,exact,,,2,7.25885663233602e-05,,,,0.017759209000359988,d51489aeca2f62eedea8ee7bc3ab1ba71fb01822
dv3-B-lgcp-150330,3,B,lgcp,150330,15,,330,3:2:5:150330,,test,10,250.0,,,,,,,,,0.21952795892941013,0.6,,,,,,,5.411696938397541,0.03794733192202055,256,0.4999999999999999,0.9884090751672838,,1,230,1,exact,,,2,7.25885663233602e-05,,,,0.020307874998252373,a06e1e02a7c48583114b3a91c941a19635435d69
dv3-B-lgcp-150331,3,B,lgcp,150331,15,,331,3:2:5:150331,,test,10,250.0,,,,,,,,,0.21952795892941013,0.6,,,,,,,5.411696938397541,0.03794733192202055,256,0.4999999999999999,0.9884090751672838,,1,249,1,exact,,,2,7.25885663233602e-05,,,,0.023449624997738283,bbdb54eaabf3b0c1c55b9d62b14d20edc8416a92
dv3-B-lgcp-150332,3,B,lgcp,150332,15,,332,3:2:5:150332,,test,10,250.0,,,,,,,,,0.21952795892941013,0.6,,,,,,,5.411696938397541,0.03794733192202055,256,0.4999999999999999,0.9884090751672838,,1,232,1,exact,,,2,7.25885663233602e-05,,,,0.013378791998547968,9618c20374708e4fcbb68304daa342b1f398e084
dv3-B-lgcp-150333,3,B,lgcp,150333,15,,333,3:2:5:150333,,test,10,250.0,,,,,,,,,0.21952795892941013,0.6,,,,,,,5.411696938397541,0.03794733192202055,256,0.4999999999999999,0.9884090751672838,,1,238,1,exact,,,2,7.25885663233602e-05,,,,0.02110329200149863,44d462871c4f3b78a2f3cd8924292c5e38b4a70a
dv3-B-lgcp-150334,3,B,lgcp,150334,15,,334,3:2:5:150334,,test,10,250.0,,,,,,,,,0.21952795892941013,0.6,,,,,,,5.411696938397541,0.03794733192202055,256,0.4999999999999999,0.9884090751672838,,1,255,1,exact,,,2,7.25885663233602e-05,,,,0.029464791998179862,7686b0e1391571049bdac98053e8f7b72f7a984a
dv3-B-lgcp-150335,3,B,lgcp,150335,15,,335,3:2:5:150335,,test,10,250.0,,,,,,,,,0.21952795892941013,0.6,,,,,,,5.411696938397541,0.03794733192202055,256,0.4999999999999999,0.9884090751672838,,1,233,1,exact,,,2,7.25885663233602e-05,,,,0.01929629200094496,1b13c6a1bf71ee4553172450040297f9a4fac1d3
dv3-B-lgcp-150336,3,B,lgcp,150336,15,,336,3:2:5:150336,,test,10,250.0,,,,,,,,,0.21952795892941013,0.6,,,,,,,5.411696938397541,0.03794733192202055,256,0.4999999999999999,0.9884090751672838,,1,277,1,exact,,,2,7.25885663233602e-05,,,,0.017351750000671018,934d8187d1e3fe13a09b701d9a2edaa212d6102e
dv3-B-lgcp-150337,3,B,lgcp,150337,15,,337,3:2:5:150337,,test,10,250.0,,,,,,,,,0.21952795892941013,0.6,,,,,,,5.411696938397541,0.03794733192202055,256,0.4999999999999999,0.9884090751672838,,1,268,1,exact,,,2,7.25885663233602e-05,,,,0.015617542001564289,0f182f7ab487d759e0d772691ada977924e80657
dv3-B-lgcp-150338,3,B,lgcp,150338,15,,338,3:2:5:150338,,test,10,250.0,,,,,,,,,0.21952795892941013,0.6,,,,,,,5.411696938397541,0.03794733192202055,256,0.4999999999999999,0.9884090751672838,,1,249,1,exact,,,2,7.25885663233602e-05,,,,0.019762250001804205,d445417217cae654500df0ce4a6424fa37131853
dv3-B-lgcp-150339,3,B,lgcp,150339,15,,339,3:2:5:150339,,test,10,250.0,,,,,,,,,0.21952795892941013,0.6,,,,,,,5.411696938397541,0.03794733192202055,256,0.4999999999999999,0.9884090751672838,,1,275,1,exact,,,2,7.25885663233602e-05,,,,0.04347091599993291,b4a0670746aae08cb69cd6cd3a1563ba1371d5c2
dv3-B-lgcp-150340,3,B,lgcp,150340,15,,340,3:2:5:150340,,test,10,250.0,,,,,,,,,0.21952795892941013,0.6,,,,,,,5.411696938397541,0.03794733192202055,256,0.4999999999999999,0.9884090751672838,,1,228,1,exact,,,2,7.25885663233602e-05,,,,0.01281800000288058,1e43069a09a1ce90779bacbe1bf1c219a169b286
dv3-B-lgcp-150341,3,B,lgcp,150341,15,,341,3:2:5:150341,,test,10,250.0,,,,,,,,,0.21952795892941013,0.6,,,,,,,5.411696938397541,0.03794733192202055,256,0.4999999999999999,0.9884090751672838,,1,266,1,exact,,,2,7.25885663233602e-05,,,,0.013792500001727603,f08fe86b0b741f1155ee60342f1c57531c96fa43
dv3-B-lgcp-150342,3,B,lgcp,150342,15,,342,3:2:5:150342,,test,10,250.0,,,,,,,,,0.21952795892941013,0.6,,,,,,,5.411696938397541,0.03794733192202055,256,0.4999999999999999,0.9884090751672838,,1,251,1,exact,,,2,7.25885663233602e-05,,,,0.024403667001024587,386d694dfb5a7d07887a9cb04ed9022ebca9fac2
dv3-B-lgcp-150343,3,B,lgcp,150343,15,,343,3:2:5:150343,,test,10,250.0,,,,,,,,,0.21952795892941013,0.6,,,,,,,5.411696938397541,0.03794733192202055,256,0.4999999999999999,0.9884090751672838,,1,229,1,exact,,,2,7.25885663233602e-05,,,,0.021987417003401788,9fdf718bb2ce97aa4380c414880ffa117a576245
dv3-B-lgcp-150344,3,B,lgcp,150344,15,,344,3:2:5:150344,,test,10,250.0,,,,,,,,,0.21952795892941013,0.6,,,,,,,5.411696938397541,0.03794733192202055,256,0.4999999999999999,0.9884090751672838,,1,264,1,exact,,,2,7.25885663233602e-05,,,,0.014509207998344209,a447ff502c05f518762b09ec54e3da44abf9da6e
dv3-B-lgcp-150345,3,B,lgcp,150345,15,,345,3:2:5:150345,,test,10,250.0,,,,,,,,,0.21952795892941013,0.6,,,,,,,5.411696938397541,0.03794733192202055,256,0.4999999999999999,0.9884090751672838,,1,247,1,exact,,,2,7.25885663233602e-05,,,,0.015293250002287095,a91b68f29ba770153c9452f4715f7fa382b7e61d
dv3-B-lgcp-150346,3,B,lgcp,150346,15,,346,3:2:5:150346,,test,10,250.0,,,,,,,,,0.21952795892941013,0.6,,,,,,,5.411696938397541,0.03794733192202055,256,0.4999999999999999,0.9884090751672838,,1,242,1,exact,,,2,7.25885663233602e-05,,,,0.018401833000098122,59d1e675c70684cd9c5eee4d32d4b3a43f3c262b
dv3-B-lgcp-150347,3,B,lgcp,150347,15,,347,3:2:5:150347,,test,10,250.0,,,,,,,,,0.21952795892941013,0.6,,,,,,,5.411696938397541,0.03794733192202055,256,0.4999999999999999,0.9884090751672838,,1,233,1,exact,,,2,7.25885663233602e-05,,,,0.015105124999536201,7fa22b613b953b27004fe2ef0c185dda4f88ec71
dv3-B-lgcp-150348,3,B,lgcp,150348,15,,348,3:2:5:150348,,test,10,250.0,,,,,,,,,0.21952795892941013,0.6,,,,,,,5.411696938397541,0.03794733192202055,256,0.4999999999999999,0.9884090751672838,,1,225,1,exact,,,2,7.25885663233602e-05,,,,0.020686874999228166,634fc6f36caf8d239e7608d572ba09be084e05ca
dv3-B-lgcp-150349,3,B,lgcp,150349,15,,349,3:2:5:150349,,test,10,250.0,,,,,,,,,0.21952795892941013,0.6,,,,,,,5.411696938397541,0.03794733192202055,256,0.4999999999999999,0.9884090751672838,,1,244,1,exact,,,2,7.25885663233602e-05,,,,0.018646291002369253,239532c73b8a52c6d381b45de47ba7e08cad796c
dv3-B-lgcp-150350,3,B,lgcp,150350,15,,350,3:2:5:150350,,test,10,250.0,,,,,,,,,0.21952795892941013,0.6,,,,,,,5.411696938397541,0.03794733192202055,256,0.4999999999999999,0.9884090751672838,,1,280,1,exact,,,2,7.25885663233602e-05,,,,0.012839791997976135,b1258bda7b1d1a36a072cbb30078b6247829c8a5
dv3-B-lgcp-150351,3,B,lgcp,150351,15,,351,3:2:5:150351,,test,10,250.0,,,,,,,,,0.21952795892941013,0.6,,,,,,,5.411696938397541,0.03794733192202055,256,0.4999999999999999,0.9884090751672838,,1,227,1,exact,,,2,7.25885663233602e-05,,,,0.013882915998692624,ac96750038050e6639732dd348f979b01e0976fd
dv3-B-lgcp-150352,3,B,lgcp,150352,15,,352,3:2:5:150352,,test,10,250.0,,,,,,,,,0.21952795892941013,0.6,,,,,,,5.411696938397541,0.03794733192202055,256,0.4999999999999999,0.9884090751672838,,1,226,1,exact,,,2,7.25885663233602e-05,,,,0.017863540997495875,6ad68fe567d2be976948f2066be45976cd16fc70
dv3-B-lgcp-150353,3,B,lgcp,150353,15,,353,3:2:5:150353,,test,10,250.0,,,,,,,,,0.21952795892941013,0.6,,,,,,,5.411696938397541,0.03794733192202055,256,0.4999999999999999,0.9884090751672838,,1,245,1,exact,,,2,7.25885663233602e-05,,,,0.019286583999928553,b98f99a4a7207dedc596292ba42614af454e8f6f
dv3-B-lgcp-150354,3,B,lgcp,150354,15,,354,3:2:5:150354,,test,10,250.0,,,,,,,,,0.21952795892941013,0.6,,,,,,,5.411696938397541,0.03794733192202055,256,0.4999999999999999,0.9884090751672838,,1,208,1,exact,,,2,7.25885663233602e-05,,,,0.022532584000146016,0ded19743cb1748edf581d0d5294a93b19c4a744
dv3-B-lgcp-150355,3,B,lgcp,150355,15,,355,3:2:5:150355,,test,10,250.0,,,,,,,,,0.21952795892941013,0.6,,,,,,,5.411696938397541,0.03794733192202055,256,0.4999999999999999,0.9884090751672838,,1,231,1,exact,,,2,7.25885663233602e-05,,,,0.01610120799887227,598eed6519df71ecad3c813ee474243ba0f36af9
dv3-B-lgcp-150356,3,B,lgcp,150356,15,,356,3:2:5:150356,,test,10,250.0,,,,,,,,,0.21952795892941013,0.6,,,,,,,5.411696938397541,0.03794733192202055,256,0.4999999999999999,0.9884090751672838,,1,242,1,exact,,,2,7.25885663233602e-05,,,,0.019159958999807714,d3a675bd7971173560333cee029b40248112e7cd
dv3-B-lgcp-150357,3,B,lgcp,150357,15,,357,3:2:5:150357,,test,10,250.0,,,,,,,,,0.21952795892941013,0.6,,,,,,,5.411696938397541,0.03794733192202055,256,0.4999999999999999,0.9884090751672838,,1,240,1,exact,,,2,7.25885663233602e-05,,,,0.01661404200058314,1da316eb9a1902f8ab575f83b641b9e78575ddf6
dv3-B-lgcp-150358,3,B,lgcp,150358,15,,358,3:2:5:150358,,test,10,250.0,,,,,,,,,0.21952795892941013,0.6,,,,,,,5.411696938397541,0.03794733192202055,256,0.4999999999999999,0.9884090751672838,,1,244,1,exact,,,2,7.25885663233602e-05,,,,0.01943333400049596,126f55b28abc1011870d7d677825fa4610f33218
dv3-B-lgcp-150359,3,B,lgcp,150359,15,,359,3:2:5:150359,,test,10,250.0,,,,,,,,,0.21952795892941013,0.6,,,,,,,5.411696938397541,0.03794733192202055,256,0.4999999999999999,0.9884090751672838,,1,234,1,exact,,,2,7.25885663233602e-05,,,,0.019843625002977205,73765211bb4a4ede9fe12d804399e4c8355f77c2
dv3-B-lgcp-150360,3,B,lgcp,150360,15,,360,3:2:5:150360,,test,10,250.0,,,,,,,,,0.21952795892941013,0.6,,,,,,,5.411696938397541,0.03794733192202055,256,0.4999999999999999,0.9884090751672838,,1,251,1,exact,,,2,7.25885663233602e-05,,,,0.015965957998560043,99e2b09a9a2553c7e374c0819020f3cdfe7ae173
dv3-B-lgcp-150361,3,B,lgcp,150361,15,,361,3:2:5:150361,,test,10,250.0,,,,,,,,,0.21952795892941013,0.6,,,,,,,5.411696938397541,0.03794733192202055,256,0.4999999999999999,0.9884090751672838,,1,234,1,exact,,,2,7.25885663233602e-05,,,,0.021970624999084976,ad0328236afb344a86a14e96629017b194b7d9d3
dv3-B-lgcp-150362,3,B,lgcp,150362,15,,362,3:2:5:150362,,test,10,250.0,,,,,,,,,0.21952795892941013,0.6,,,,,,,5.411696938397541,0.03794733192202055,256,0.4999999999999999,0.9884090751672838,,1,254,1,exact,,,2,7.25885663233602e-05,,,,0.013872708001144929,6dd4f9c97fdb0b8922894dbd1b6482cfcafbfdd2
dv3-B-lgcp-150363,3,B,lgcp,150363,15,,363,3:2:5:150363,,test,10,250.0,,,,,,,,,0.21952795892941013,0.6,,,,,,,5.411696938397541,0.03794733192202055,256,0.4999999999999999,0.9884090751672838,,1,264,1,exact,,,2,7.25885663233602e-05,,,,0.013271874999190914,99b8de59da227560439b8f01a9487cebcd1ee454
dv3-B-lgcp-150364,3,B,lgcp,150364,15,,364,3:2:5:150364,,test,10,250.0,,,,,,,,,0.21952795892941013,0.6,,,,,,,5.411696938397541,0.03794733192202055,256,0.4999999999999999,0.9884090751672838,,1,240,1,exact,,,2,7.25885663233602e-05,,,,0.019301207998069003,b4ef45e4757278ab80e87d345252004cb7a3f6a0
dv3-B-lgcp-150365,3,B,lgcp,150365,15,,365,3:2:5:150365,,test,10,250.0,,,,,,,,,0.21952795892941013,0.6,,,,,,,5.411696938397541,0.03794733192202055,256,0.4999999999999999,0.9884090751672838,,1,242,1,exact,,,2,7.25885663233602e-05,,,,0.019462249998468906,028f4f12654af2e273cefb3c66ec74e67bf8360a
dv3-B-lgcp-150366,3,B,lgcp,150366,15,,366,3:2:5:150366,,test,10,250.0,,,,,,,,,0.21952795892941013,0.6,,,,,,,5.411696938397541,0.03794733192202055,256,0.4999999999999999,0.9884090751672838,,1,282,1,exact,,,2,7.25885663233602e-05,,,,0.021062792002339847,79599cb59b9dde31aa8b8e8b95236004dee1c2a2
dv3-B-lgcp-150367,3,B,lgcp,150367,15,,367,3:2:5:150367,,test,10,250.0,,,,,,,,,0.21952795892941013,0.6,,,,,,,5.411696938397541,0.03794733192202055,256,0.4999999999999999,0.9884090751672838,,1,257,1,exact,,,2,7.25885663233602e-05,,,,0.013023874998907559,73fd7283bc34953af6e5086fbbcddbb56c1ecfd0
dv3-B-lgcp-150368,3,B,lgcp,150368,15,,368,3:2:5:150368,,test,10,250.0,,,,,,,,,0.21952795892941013,0.6,,,,,,,5.411696938397541,0.03794733192202055,256,0.4999999999999999,0.9884090751672838,,1,250,1,exact,,,2,7.25885663233602e-05,,,,0.014380542001163121,dfaf3d306e3f60c7ac7f0561e3b406ddd8e6af8d
dv3-B-lgcp-150369,3,B,lgcp,150369,15,,369,3:2:5:150369,,test,10,250.0,,,,,,,,,0.21952795892941013,0.6,,,,,,,5.411696938397541,0.03794733192202055,256,0.4999999999999999,0.9884090751672838,,1,239,1,exact,,,2,7.25885663233602e-05,,,,0.018180667000706308,60a1f2ebe901eb7a56f3edb3aa98ccff86577580
dv3-B-lgcp-150370,3,B,lgcp,150370,15,,370,3:2:5:150370,,test,10,250.0,,,,,,,,,0.21952795892941013,0.6,,,,,,,5.411696938397541,0.03794733192202055,256,0.4999999999999999,0.9884090751672838,,1,231,1,exact,,,2,7.25885663233602e-05,,,,0.0127764169992588,a5dfcaed2f129be1f112d94a11b587178ecf2c08
dv3-B-lgcp-150371,3,B,lgcp,150371,15,,371,3:2:5:150371,,test,10,250.0,,,,,,,,,0.21952795892941013,0.6,,,,,,,5.411696938397541,0.03794733192202055,256,0.4999999999999999,0.9884090751672838,,1,256,1,exact,,,2,7.25885663233602e-05,,,,0.0151425840012962,f25c316da08d9e2905b65a5d3ca94b8ac869407d
dv3-B-lgcp-150372,3,B,lgcp,150372,15,,372,3:2:5:150372,,test,10,250.0,,,,,,,,,0.21952795892941013,0.6,,,,,,,5.411696938397541,0.03794733192202055,256,0.4999999999999999,0.9884090751672838,,1,274,1,exact,,,2,7.25885663233602e-05,,,,0.01575645899720257,c0c2ed2b3b19cdc252d6560e41b0d0ab2ea7ec57
dv3-B-lgcp-150373,3,B,lgcp,150373,15,,373,3:2:5:150373,,test,10,250.0,,,,,,,,,0.21952795892941013,0.6,,,,,,,5.411696938397541,0.03794733192202055,256,0.4999999999999999,0.9884090751672838,,1,242,1,exact,,,2,7.25885663233602e-05,,,,0.016066082996985642,eaacd417db0998b668f418f1d47b0a838eff455d
dv3-B-lgcp-150374,3,B,lgcp,150374,15,,374,3:2:5:150374,,test,10,250.0,,,,,,,,,0.21952795892941013,0.6,,,,,,,5.411696938397541,0.03794733192202055,256,0.4999999999999999,0.9884090751672838,,1,249,1,exact,,,2,7.25885663233602e-05,,,,0.019322708001709543,cde489bbe87074c165e9123f099d485b2a388d14
dv3-B-lgcp-150375,3,B,lgcp,150375,15,,375,3:2:5:150375,,test,10,250.0,,,,,,,,,0.21952795892941013,0.6,,,,,,,5.411696938397541,0.03794733192202055,256,0.4999999999999999,0.9884090751672838,,1,244,1,exact,,,2,7.25885663233602e-05,,,,0.016791874997579725,6815f0e1ccf286f06f15fd2dba8af7f041f7d2ae
dv3-B-lgcp-150376,3,B,lgcp,150376,15,,376,3:2:5:150376,,test,10,250.0,,,,,,,,,0.21952795892941013,0.6,,,,,,,5.411696938397541,0.03794733192202055,256,0.4999999999999999,0.9884090751672838,,1,221,1,exact,,,2,7.25885663233602e-05,,,,0.013665999998920597,ea2bbe169dedc6fa378c4919382065f65848eba5
dv3-B-lgcp-150377,3,B,lgcp,150377,15,,377,3:2:5:150377,,test,10,250.0,,,,,,,,,0.21952795892941013,0.6,,,,,,,5.411696938397541,0.03794733192202055,256,0.4999999999999999,0.9884090751672838,,1,287,1,exact,,,2,7.25885663233602e-05,,,,0.01660408400130109,e1b70cce8f58f9ea9c5f49aa718e407d6ea552c5
dv3-B-lgcp-150378,3,B,lgcp,150378,15,,378,3:2:5:150378,,test,10,250.0,,,,,,,,,0.21952795892941013,0.6,,,,,,,5.411696938397541,0.03794733192202055,256,0.4999999999999999,0.9884090751672838,,1,282,1,exact,,,2,7.25885663233602e-05,,,,0.02153133400133811,f0bf118fb4e26f56f327e9e1228951700329abbb
dv3-B-lgcp-150379,3,B,lgcp,150379,15,,379,3:2:5:150379,,test,10,250.0,,,,,,,,,0.21952795892941013,0.6,,,,,,,5.411696938397541,0.03794733192202055,256,0.4999999999999999,0.9884090751672838,,1,237,1,exact,,,2,7.25885663233602e-05,,,,0.01661108299958869,d2f06ba3d533bf961716b88ef29572de2e0da6b3
dv3-B-lgcp-150380,3,B,lgcp,150380,15,,380,3:2:5:150380,,test,10,250.0,,,,,,,,,0.21952795892941013,0.6,,,,,,,5.411696938397541,0.03794733192202055,256,0.4999999999999999,0.9884090751672838,,1,232,1,exact,,,2,7.25885663233602e-05,,,,0.019792583003436448,ef8910f43b28ec5afe321fdf2d11b0f935228ddf
dv3-B-lgcp-150381,3,B,lgcp,150381,15,,381,3:2:5:150381,,test,10,250.0,,,,,,,,,0.21952795892941013,0.6,,,,,,,5.411696938397541,0.03794733192202055,256,0.4999999999999999,0.9884090751672838,,1,268,1,exact,,,2,7.25885663233602e-05,,,,0.011651332999463193,92365433b3ce4a9236ebd2d19f013631ea4d32e8
dv3-B-lgcp-150382,3,B,lgcp,150382,15,,382,3:2:5:150382,,test,10,250.0,,,,,,,,,0.21952795892941013,0.6,,,,,,,5.411696938397541,0.03794733192202055,256,0.4999999999999999,0.9884090751672838,,1,230,1,exact,,,2,7.25885663233602e-05,,,,0.01635970799907227,304f86d71915dbee6107510d7ff7dcbcb74d592c
dv3-B-lgcp-150383,3,B,lgcp,150383,15,,383,3:2:5:150383,,test,10,250.0,,,,,,,,,0.21952795892941013,0.6,,,,,,,5.411696938397541,0.03794733192202055,256,0.4999999999999999,0.9884090751672838,,1,263,1,exact,,,2,7.25885663233602e-05,,,,0.013523665998945944,984a385f9fb25a9e41dd55167e18381a3b47c328
dv3-B-lgcp-150384,3,B,lgcp,150384,15,,384,3:2:5:150384,,test,10,250.0,,,,,,,,,0.21952795892941013,0.6,,,,,,,5.411696938397541,0.03794733192202055,256,0.4999999999999999,0.9884090751672838,,1,237,1,exact,,,2,7.25885663233602e-05,,,,0.020796000000700587,337156d61b748f43db1253d141567d12cc88addb
dv3-B-lgcp-150385,3,B,lgcp,150385,15,,385,3:2:5:150385,,test,10,250.0,,,,,,,,,0.21952795892941013,0.6,,,,,,,5.411696938397541,0.03794733192202055,256,0.4999999999999999,0.9884090751672838,,1,234,1,exact,,,2,7.25885663233602e-05,,,,0.019817417000012938,db08adc0b6cc5fa222e45032fb4a15b8c4b2dc1d
dv3-B-lgcp-150386,3,B,lgcp,150386,15,,386,3:2:5:150386,,test,10,250.0,,,,,,,,,0.21952795892941013,0.6,,,,,,,5.411696938397541,0.03794733192202055,256,0.4999999999999999,0.9884090751672838,,1,250,1,exact,,,2,7.25885663233602e-05,,,,0.018269584001245676,377a9291a235978ac142c6f5e2fae450f7ed2879
dv3-B-lgcp-150387,3,B,lgcp,150387,15,,387,3:2:5:150387,,test,10,250.0,,,,,,,,,0.21952795892941013,0.6,,,,,,,5.411696938397541,0.03794733192202055,256,0.4999999999999999,0.9884090751672838,,1,270,1,exact,,,2,7.25885663233602e-05,,,,0.01481575000070734,1bd9fddfb7b11eb3af1a2f717ae3281d4f388320
dv3-B-lgcp-150388,3,B,lgcp,150388,15,,388,3:2:5:150388,,test,10,250.0,,,,,,,,,0.21952795892941013,0.6,,,,,,,5.411696938397541,0.03794733192202055,256,0.4999999999999999,0.9884090751672838,,1,246,1,exact,,,2,7.25885663233602e-05,,,,0.01284733300053631,117614636f9902711b7276ba9a860fdb84087327
dv3-B-lgcp-150389,3,B,lgcp,150389,15,,389,3:2:5:150389,,test,10,250.0,,,,,,,,,0.21952795892941013,0.6,,,,,,,5.411696938397541,0.03794733192202055,256,0.4999999999999999,0.9884090751672838,,1,255,1,exact,,,2,7.25885663233602e-05,,,,0.018043750002107117,e30110972743e49450973c552c26342401d8006c
dv3-B-lgcp-150390,3,B,lgcp,150390,15,,390,3:2:5:150390,,test,10,250.0,,,,,,,,,0.21952795892941013,0.6,,,,,,,5.411696938397541,0.03794733192202055,256,0.4999999999999999,0.9884090751672838,,1,258,1,exact,,,2,7.25885663233602e-05,,,,0.01723291699818219,4892a05b2fdbe54a7405f1d89f5ed66847c1deba
dv3-B-lgcp-150391,3,B,lgcp,150391,15,,391,3:2:5:150391,,test,10,250.0,,,,,,,,,0.21952795892941013,0.6,,,,,,,5.411696938397541,0.03794733192202055,256,0.4999999999999999,0.9884090751672838,,1,231,1,exact,,,2,7.25885663233602e-05,,,,0.019996875002107117,bbc59e55839f516624c1c199bb248fe3817d913a
dv3-B-lgcp-150392,3,B,lgcp,150392,15,,392,3:2:5:150392,,test,10,250.0,,,,,,,,,0.21952795892941013,0.6,,,,,,,5.411696938397541,0.03794733192202055,256,0.4999999999999999,0.9884090751672838,,1,261,1,exact,,,2,7.25885663233602e-05,,,,0.015021833001810592,0287eaa5f76c4088f05ebbeaccc136720f8b94d7
dv3-B-lgcp-150393,3,B,lgcp,150393,15,,393,3:2:5:150393,,test,10,250.0,,,,,,,,,0.21952795892941013,0.6,,,,,,,5.411696938397541,0.03794733192202055,256,0.4999999999999999,0.9884090751672838,,1,246,1,exact,,,2,7.25885663233602e-05,,,,0.019090207999397535,4a879a0aaf7c051272471b9142eabb3538c0d9d0
dv3-B-lgcp-150394,3,B,lgcp,150394,15,,394,3:2:5:150394,,test,10,250.0,,,,,,,,,0.21952795892941013,0.6,,,,,,,5.411696938397541,0.03794733192202055,256,0.4999999999999999,0.9884090751672838,,1,216,1,exact,,,2,7.25885663233602e-05,,,,0.017633208000916056,b056dc8ab8795e81f10de4935ee4182147193efb
dv3-B-lgcp-150395,3,B,lgcp,150395,15,,395,3:2:5:150395,,test,10,250.0,,,,,,,,,0.21952795892941013,0.6,,,,,,,5.411696938397541,0.03794733192202055,256,0.4999999999999999,0.9884090751672838,,1,262,1,exact,,,2,7.25885663233602e-05,,,,0.019161790998623474,bd8159940e77e0dbe47da022b3822d625df916f3
dv3-B-lgcp-150396,3,B,lgcp,150396,15,,396,3:2:5:150396,,test,10,250.0,,,,,,,,,0.21952795892941013,0.6,,,,,,,5.411696938397541,0.03794733192202055,256,0.4999999999999999,0.9884090751672838,,1,194,1,exact,,,2,7.25885663233602e-05,,,,0.01909337500183028,e5953968c16f730e6f416d12a00f62d0f78e3258
dv3-B-lgcp-150397,3,B,lgcp,150397,15,,397,3:2:5:150397,,test,10,250.0,,,,,,,,,0.21952795892941013,0.6,,,,,,,5.411696938397541,0.03794733192202055,256,0.4999999999999999,0.9884090751672838,,1,302,1,exact,,,2,7.25885663233602e-05,,,,0.020971208999981172,c425a037b74cfb9f82bbf000a31248682dd07a00
dv3-B-lgcp-150398,3,B,lgcp,150398,15,,398,3:2:5:150398,,test,10,250.0,,,,,,,,,0.21952795892941013,0.6,,,,,,,5.411696938397541,0.03794733192202055,256,0.4999999999999999,0.9884090751672838,,1,277,1,exact,,,2,7.25885663233602e-05,,,,0.016149333998328075,6251f8b154a6486bfda054af282fc715ad44c99a
dv3-B-lgcp-150399,3,B,lgcp,150399,15,,399,3:2:5:150399,,test,10,250.0,,,,,,,,,0.21952795892941013,0.6,,,,,,,5.411696938397541,0.03794733192202055,256,0.4999999999999999,0.9884090751672838,,1,244,1,exact,,,2,7.25885663233602e-05,,,,0.018026458001259016,c2c91816692a96e69f8adac89ebb212e47187c11
dv3-B-lgcp-160000,3,B,lgcp,160000,16,,0,3:2:5:160000,,test,10,250.0,,,,,,,,,0.42768553653978486,0.6,,,,,,,5.307618149592353,0.03794733192202055,256,0.9999999999999999,0.9702014124008593,,1,251,1,exact,,,2,7.258856632334162e-05,,,,0.01581583300139755,66cafc422202dee97e9051464f9474e53194fb54
dv3-B-lgcp-160001,3,B,lgcp,160001,16,,1,3:2:5:160001,,test,10,250.0,,,,,,,,,0.42768553653978486,0.6,,,,,,,5.307618149592353,0.03794733192202055,256,0.9999999999999999,0.9702014124008593,,1,229,1,exact,,,2,7.258856632334162e-05,,,,0.021357708999858005,10f4112bda81050aa579f3651140bb7643159116
dv3-B-lgcp-160002,3,B,lgcp,160002,16,,2,3:2:5:160002,,test,10,250.0,,,,,,,,,0.42768553653978486,0.6,,,,,,,5.307618149592353,0.03794733192202055,256,0.9999999999999999,0.9702014124008593,,1,268,1,exact,,,2,7.258856632334162e-05,,,,0.01831879200108233,6452408ad5f894b6d274bbd0f7b98e0196b48f43
dv3-B-lgcp-160003,3,B,lgcp,160003,16,,3,3:2:5:160003,,test,10,250.0,,,,,,,,,0.42768553653978486,0.6,,,,,,,5.307618149592353,0.03794733192202055,256,0.9999999999999999,0.9702014124008593,,1,264,1,exact,,,2,7.258856632334162e-05,,,,0.014082665999012534,3b6ff54dbf588c594f90d5c4d933785674da0d56
dv3-B-lgcp-160004,3,B,lgcp,160004,16,,4,3:2:5:160004,,test,10,250.0,,,,,,,,,0.42768553653978486,0.6,,,,,,,5.307618149592353,0.03794733192202055,256,0.9999999999999999,0.9702014124008593,,1,261,1,exact,,,2,7.258856632334162e-05,,,,0.013643500002217479,8347787308341fc5f7eef1544be4fee9f766d936
dv3-B-lgcp-160005,3,B,lgcp,160005,16,,5,3:2:5:160005,,test,10,250.0,,,,,,,,,0.42768553653978486,0.6,,,,,,,5.307618149592353,0.03794733192202055,256,0.9999999999999999,0.9702014124008593,,1,277,1,exact,,,2,7.258856632334162e-05,,,,0.01986774999750196,9e4c007fa1adf6e0d1076b4377ab87a92de5352d
dv3-B-lgcp-160006,3,B,lgcp,160006,16,,6,3:2:5:160006,,test,10,250.0,,,,,,,,,0.42768553653978486,0.6,,,,,,,5.307618149592353,0.03794733192202055,256,0.9999999999999999,0.9702014124008593,,1,177,1,exact,,,2,7.258856632334162e-05,,,,0.014584749998903135,f6c82148b1d141973e52b8e1ba800fe6fe457aaf
dv3-B-lgcp-160007,3,B,lgcp,160007,16,,7,3:2:5:160007,,test,10,250.0,,,,,,,,,0.42768553653978486,0.6,,,,,,,5.307618149592353,0.03794733192202055,256,0.9999999999999999,0.9702014124008593,,1,243,1,exact,,,2,7.258856632334162e-05,,,,0.019045708002522588,7d0b4384a3e7a3f82eb96f789a3f46747fe4def8
dv3-B-lgcp-160008,3,B,lgcp,160008,16,,8,3:2:5:160008,,test,10,250.0,,,,,,,,,0.42768553653978486,0.6,,,,,,,5.307618149592353,0.03794733192202055,256,0.9999999999999999,0.9702014124008593,,1,231,1,exact,,,2,7.258856632334162e-05,,,,0.013998040998558281,1f1df2a4688511dedb425f47bd1827e0c6823d69
dv3-B-lgcp-160009,3,B,lgcp,160009,16,,9,3:2:5:160009,,test,10,250.0,,,,,,,,,0.42768553653978486,0.6,,,,,,,5.307618149592353,0.03794733192202055,256,0.9999999999999999,0.9702014124008593,,1,273,1,exact,,,2,7.258856632334162e-05,,,,0.019121958001051098,42f5491749456e388b4ddff2d96b695ca44dd589
dv3-B-lgcp-160010,3,B,lgcp,160010,16,,10,3:2:5:160010,,test,10,250.0,,,,,,,,,0.42768553653978486,0.6,,,,,,,5.307618149592353,0.03794733192202055,256,0.9999999999999999,0.9702014124008593,,1,267,1,exact,,,2,7.258856632334162e-05,,,,0.020524084000498988,d41e36be6da1e933663d0600dbd749507cd384c1
dv3-B-lgcp-160011,3,B,lgcp,160011,16,,11,3:2:5:160011,,test,10,250.0,,,,,,,,,0.42768553653978486,0.6,,,,,,,5.307618149592353,0.03794733192202055,256,0.9999999999999999,0.9702014124008593,,1,288,1,exact,,,2,7.258856632334162e-05,,,,0.015140916999371257,377dbd73484f4bd8db857a751037aa0da18e651b
dv3-B-lgcp-160012,3,B,lgcp,160012,16,,12,3:2:5:160012,,test,10,250.0,,,,,,,,,0.42768553653978486,0.6,,,,,,,5.307618149592353,0.03794733192202055,256,0.9999999999999999,0.9702014124008593,,1,250,1,exact,,,2,7.258856632334162e-05,,,,0.01881320800021058,a350f1ab095995c415953ee515e8df4f672d9083
dv3-B-lgcp-160013,3,B,lgcp,160013,16,,13,3:2:5:160013,,test,10,250.0,,,,,,,,,0.42768553653978486,0.6,,,,,,,5.307618149592353,0.03794733192202055,256,0.9999999999999999,0.9702014124008593,,1,277,1,exact,,,2,7.258856632334162e-05,,,,0.015227291998598957,95c44d9de99d28c53d3542889d8c1da2601147a1
dv3-B-lgcp-160014,3,B,lgcp,160014,16,,14,3:2:5:160014,,test,10,250.0,,,,,,,,,0.42768553653978486,0.6,,,,,,,5.307618149592353,0.03794733192202055,256,0.9999999999999999,0.9702014124008593,,1,226,1,exact,,,2,7.258856632334162e-05,,,,0.01740754200000083,3beb752b2bfe829c3606b3ed819640c7cf2ff38a
dv3-B-lgcp-160015,3,B,lgcp,160015,16,,15,3:2:5:160015,,test,10,250.0,,,,,,,,,0.42768553653978486,0.6,,,,,,,5.307618149592353,0.03794733192202055,256,0.9999999999999999,0.9702014124008593,,1,257,1,exact,,,2,7.258856632334162e-05,,,,0.017499624998890795,08c833a493ecf14b1edd8abbcbfef4ca4ee99094
dv3-B-lgcp-160016,3,B,lgcp,160016,16,,16,3:2:5:160016,,test,10,250.0,,,,,,,,,0.42768553653978486,0.6,,,,,,,5.307618149592353,0.03794733192202055,256,0.9999999999999999,0.9702014124008593,,1,205,1,exact,,,2,7.258856632334162e-05,,,,0.013774584000202594,6d4d7d3907cb82a571e7b1441a89cd8fbe5425d5
dv3-B-lgcp-160017,3,B,lgcp,160017,16,,17,3:2:5:160017,,test,10,250.0,,,,,,,,,0.42768553653978486,0.6,,,,,,,5.307618149592353,0.03794733192202055,256,0.9999999999999999,0.9702014124008593,,1,236,1,exact,,,2,7.258856632334162e-05,,,,0.01825499999904423,7e901bd5879046a04f286be60cb869539ba73e62
dv3-B-lgcp-160018,3,B,lgcp,160018,16,,18,3:2:5:160018,,test,10,250.0,,,,,,,,,0.42768553653978486,0.6,,,,,,,5.307618149592353,0.03794733192202055,256,0.9999999999999999,0.9702014124008593,,1,296,1,exact,,,2,7.258856632334162e-05,,,,0.013459458998113405,6496c7eb438c5c60a4228907f438e32722cbce84
dv3-B-lgcp-160019,3,B,lgcp,160019,16,,19,3:2:5:160019,,test,10,250.0,,,,,,,,,0.42768553653978486,0.6,,,,,,,5.307618149592353,0.03794733192202055,256,0.9999999999999999,0.9702014124008593,,1,246,1,exact,,,2,7.258856632334162e-05,,,,0.01732833400092204,28172d6ca22c94b75b65a241f86ccdba6e0af352
dv3-B-lgcp-160020,3,B,lgcp,160020,16,,20,3:2:5:160020,,test,10,250.0,,,,,,,,,0.42768553653978486,0.6,,,,,,,5.307618149592353,0.03794733192202055,256,0.9999999999999999,0.9702014124008593,,1,203,1,exact,,,2,7.258856632334162e-05,,,,0.012787916999513982,7df50ea9378acc597577b54fbf42705b2cdcc940
dv3-B-lgcp-160021,3,B,lgcp,160021,16,,21,3:2:5:160021,,test,10,250.0,,,,,,,,,0.42768553653978486,0.6,,,,,,,5.307618149592353,0.03794733192202055,256,0.9999999999999999,0.9702014124008593,,1,262,1,exact,,,2,7.258856632334162e-05,,,,0.015668583000660874,c78cf57b91c6f0535fc17969f468e204a9af8bab
dv3-B-lgcp-160022,3,B,lgcp,160022,16,,22,3:2:5:160022,,test,10,250.0,,,,,,,,,0.42768553653978486,0.6,,,,,,,5.307618149592353,0.03794733192202055,256,0.9999999999999999,0.9702014124008593,,1,281,1,exact,,,2,7.258856632334162e-05,,,,0.020344207998277852,a2a6dcf1935bcf532c5ed03763b0678578ba6f00
dv3-B-lgcp-160023,3,B,lgcp,160023,16,,23,3:2:5:160023,,test,10,250.0,,,,,,,,,0.42768553653978486,0.6,,,,,,,5.307618149592353,0.03794733192202055,256,0.9999999999999999,0.9702014124008593,,1,256,1,exact,,,2,7.258856632334162e-05,,,,0.01295616599963978,b21310cf0cfaf91f1d135cd1a64e8c60be4cb675
dv3-B-lgcp-160024,3,B,lgcp,160024,16,,24,3:2:5:160024,,test,10,250.0,,,,,,,,,0.42768553653978486,0.6,,,,,,,5.307618149592353,0.03794733192202055,256,0.9999999999999999,0.9702014124008593,,1,279,1,exact,,,2,7.258856632334162e-05,,,,0.018125624999811407,f96cef59b87c13e0c8b10abccf9486f0d5fee517
dv3-B-lgcp-160025,3,B,lgcp,160025,16,,25,3:2:5:160025,,test,10,250.0,,,,,,,,,0.42768553653978486,0.6,,,,,,,5.307618149592353,0.03794733192202055,256,0.9999999999999999,0.9702014124008593,,1,229,1,exact,,,2,7.258856632334162e-05,,,,0.012856541998189641,6eec13c163d91ba1a3c72de4e1fbbd178d3534ac
dv3-B-lgcp-160026,3,B,lgcp,160026,16,,26,3:2:5:160026,,test,10,250.0,,,,,,,,,0.42768553653978486,0.6,,,,,,,5.307618149592353,0.03794733192202055,256,0.9999999999999999,0.9702014124008593,,1,244,1,exact,,,2,7.258856632334162e-05,,,,0.01678054200237966,9f67e0659690b20d4f7d3eb32a924f366599c4ff
dv3-B-lgcp-160027,3,B,lgcp,160027,16,,27,3:2:5:160027,,test,10,250.0,,,,,,,,,0.42768553653978486,0.6,,,,,,,5.307618149592353,0.03794733192202055,256,0.9999999999999999,0.9702014124008593,,1,291,1,exact,,,2,7.258856632334162e-05,,,,0.019507624998368556,c43204c1b47e6a9692dc7b69985cda6dfa37f3b6
dv3-B-lgcp-160028,3,B,lgcp,160028,16,,28,3:2:5:160028,,test,10,250.0,,,,,,,,,0.42768553653978486,0.6,,,,,,,5.307618149592353,0.03794733192202055,256,0.9999999999999999,0.9702014124008593,,1,255,1,exact,,,2,7.258856632334162e-05,,,,0.013030875001277309,eda1bdee9715240f792f93124e70ad14539d3599
dv3-B-lgcp-160029,3,B,lgcp,160029,16,,29,3:2:5:160029,,test,10,250.0,,,,,,,,,0.42768553653978486,0.6,,,,,,,5.307618149592353,0.03794733192202055,256,0.9999999999999999,0.9702014124008593,,1,261,1,exact,,,2,7.258856632334162e-05,,,,0.015087250001670327,fbf39b926bb284222c83991bf060a42d34487528
dv3-B-lgcp-160030,3,B,lgcp,160030,16,,30,3:2:5:160030,,test,10,250.0,,,,,,,,,0.42768553653978486,0.6,,,,,,,5.307618149592353,0.03794733192202055,256,0.9999999999999999,0.9702014124008593,,1,282,1,exact,,,2,7.258856632334162e-05,,,,0.016127457998663886,b39a882080ec1c75a0b3f29a32a01ff0d612cd2d
dv3-B-lgcp-160031,3,B,lgcp,160031,16,,31,3:2:5:160031,,test,10,250.0,,,,,,,,,0.42768553653978486,0.6,,,,,,,5.307618149592353,0.03794733192202055,256,0.9999999999999999,0.9702014124008593,,1,251,1,exact,,,2,7.258856632334162e-05,,,,0.01281149999704212,5108c7c8e50c386abee52d2f58ce924673f9bd30
dv3-B-lgcp-160032,3,B,lgcp,160032,16,,32,3:2:5:160032,,test,10,250.0,,,,,,,,,0.42768553653978486,0.6,,,,,,,5.307618149592353,0.03794733192202055,256,0.9999999999999999,0.9702014124008593,,1,242,1,exact,,,2,7.258856632334162e-05,,,,0.011960290998104028,0eb705ec313baf4c2c08831be1d65d7acc360ba9
dv3-B-lgcp-160033,3,B,lgcp,160033,16,,33,3:2:5:160033,,test,10,250.0,,,,,,,,,0.42768553653978486,0.6,,,,,,,5.307618149592353,0.03794733192202055,256,0.9999999999999999,0.9702014124008593,,1,241,1,exact,,,2,7.258856632334162e-05,,,,0.012303041999984998,1d5e985a8f9d6d0733ecb5c0374ba6efda29acc7
dv3-B-lgcp-160034,3,B,lgcp,160034,16,,34,3:2:5:160034,,test,10,250.0,,,,,,,,,0.42768553653978486,0.6,,,,,,,5.307618149592353,0.03794733192202055,256,0.9999999999999999,0.9702014124008593,,1,263,1,exact,,,2,7.258856632334162e-05,,,,0.019637624998722458,fd5e1901d168353819d6c51e117916c8950621a2
dv3-B-lgcp-160035,3,B,lgcp,160035,16,,35,3:2:5:160035,,test,10,250.0,,,,,,,,,0.42768553653978486,0.6,,,,,,,5.307618149592353,0.03794733192202055,256,0.9999999999999999,0.9702014124008593,,1,235,1,exact,,,2,7.258856632334162e-05,,,,0.014056583000638057,f044920248b61c9d18d1deacb4d1970d852abcaf
dv3-B-lgcp-160036,3,B,lgcp,160036,16,,36,3:2:5:160036,,test,10,250.0,,,,,,,,,0.42768553653978486,0.6,,,,,,,5.307618149592353,0.03794733192202055,256,0.9999999999999999,0.9702014124008593,,1,219,1,exact,,,2,7.258856632334162e-05,,,,0.01701491600033478,a56f3e0d09b25d4dfdc675aaeab62d2c3b9be7e6
dv3-B-lgcp-160037,3,B,lgcp,160037,16,,37,3:2:5:160037,,test,10,250.0,,,,,,,,,0.42768553653978486,0.6,,,,,,,5.307618149592353,0.03794733192202055,256,0.9999999999999999,0.9702014124008593,,1,268,1,exact,,,2,7.258856632334162e-05,,,,0.014191957998264115,09261360688ca459d3c35a07814787ae3e924cfa
dv3-B-lgcp-160038,3,B,lgcp,160038,16,,38,3:2:5:160038,,test,10,250.0,,,,,,,,,0.42768553653978486,0.6,,,,,,,5.307618149592353,0.03794733192202055,256,0.9999999999999999,0.9702014124008593,,1,276,1,exact,,,2,7.258856632334162e-05,,,,0.018649124998773914,7f5ea2d21c643797b8bf0d40c3cd408cf11417b8
dv3-B-lgcp-160039,3,B,lgcp,160039,16,,39,3:2:5:160039,,test,10,250.0,,,,,,,,,0.42768553653978486,0.6,,,,,,,5.307618149592353,0.03794733192202055,256,0.9999999999999999,0.9702014124008593,,1,243,1,exact,,,2,7.258856632334162e-05,,,,0.013732000003074063,f415c6341704aace4be185891e03c915158a62a1
dv3-B-lgcp-160040,3,B,lgcp,160040,16,,40,3:2:5:160040,,test,10,250.0,,,,,,,,,0.42768553653978486,0.6,,,,,,,5.307618149592353,0.03794733192202055,256,0.9999999999999999,0.9702014124008593,,1,255,1,exact,,,2,7.258856632334162e-05,,,,0.01619804200163344,88333180b53a40b2c9f2f146dbbb3d963a9b36a9
dv3-B-lgcp-160041,3,B,lgcp,160041,16,,41,3:2:5:160041,,test,10,250.0,,,,,,,,,0.42768553653978486,0.6,,,,,,,5.307618149592353,0.03794733192202055,256,0.9999999999999999,0.9702014124008593,,1,246,1,exact,,,2,7.258856632334162e-05,,,,0.014298125002824236,fce3626b577086b311e6bd4bf3d0c3b7e630c1b5
dv3-B-lgcp-160042,3,B,lgcp,160042,16,,42,3:2:5:160042,,test,10,250.0,,,,,,,,,0.42768553653978486,0.6,,,,,,,5.307618149592353,0.03794733192202055,256,0.9999999999999999,0.9702014124008593,,1,274,1,exact,,,2,7.258856632334162e-05,,,,0.02050437500292901,48be764bcc08a2c0c1bfc4578d1e4bce0c015365
dv3-B-lgcp-160043,3,B,lgcp,160043,16,,43,3:2:5:160043,,test,10,250.0,,,,,,,,,0.42768553653978486,0.6,,,,,,,5.307618149592353,0.03794733192202055,256,0.9999999999999999,0.9702014124008593,,1,233,1,exact,,,2,7.258856632334162e-05,,,,0.0145143330009887,467c507416d7785bf07e1b7daebfbc1de14146b2
dv3-B-lgcp-160044,3,B,lgcp,160044,16,,44,3:2:5:160044,,test,10,250.0,,,,,,,,,0.42768553653978486,0.6,,,,,,,5.307618149592353,0.03794733192202055,256,0.9999999999999999,0.9702014124008593,,1,255,1,exact,,,2,7.258856632334162e-05,,,,0.016949917000602,17aa35e29bdcdea21c74d60be584395f7327ab1f
dv3-B-lgcp-160045,3,B,lgcp,160045,16,,45,3:2:5:160045,,test,10,250.0,,,,,,,,,0.42768553653978486,0.6,,,,,,,5.307618149592353,0.03794733192202055,256,0.9999999999999999,0.9702014124008593,,1,238,1,exact,,,2,7.258856632334162e-05,,,,0.017319707996648503,a7ffd2b4ef1f364d2e5b7d42c73450fb1440e7ff
dv3-B-lgcp-160046,3,B,lgcp,160046,16,,46,3:2:5:160046,,test,10,250.0,,,,,,,,,0.42768553653978486,0.6,,,,,,,5.307618149592353,0.03794733192202055,256,0.9999999999999999,0.9702014124008593,,1,250,1,exact,,,2,7.258856632334162e-05,,,,0.01703937500133179,f0633ae99b5024e237854b370310458c1163de0d
dv3-B-lgcp-160047,3,B,lgcp,160047,16,,47,3:2:5:160047,,test,10,250.0,,,,,,,,,0.42768553653978486,0.6,,,,,,,5.307618149592353,0.03794733192202055,256,0.9999999999999999,0.9702014124008593,,1,243,1,exact,,,2,7.258856632334162e-05,,,,0.015867209000134608,3001823c1d51f4de000ff2c8dae153982c06003e
dv3-B-lgcp-160048,3,B,lgcp,160048,16,,48,3:2:5:160048,,test,10,250.0,,,,,,,,,0.42768553653978486,0.6,,,,,,,5.307618149592353,0.03794733192202055,256,0.9999999999999999,0.9702014124008593,,1,280,1,exact,,,2,7.258856632334162e-05,,,,0.021169042000110494,229fdcc8ac55a0928de6676b3515360aa5fb471f
dv3-B-lgcp-160049,3,B,lgcp,160049,16,,49,3:2:5:160049,,test,10,250.0,,,,,,,,,0.42768553653978486,0.6,,,,,,,5.307618149592353,0.03794733192202055,256,0.9999999999999999,0.9702014124008593,,1,284,1,exact,,,2,7.258856632334162e-05,,,,0.015703708999353694,e8c3abd78626d55167c9ff14a82aef20fc1519ea
dv3-B-lgcp-160050,3,B,lgcp,160050,16,,50,3:2:5:160050,,test,10,250.0,,,,,,,,,0.42768553653978486,0.6,,,,,,,5.307618149592353,0.03794733192202055,256,0.9999999999999999,0.9702014124008593,,1,241,1,exact,,,2,7.258856632334162e-05,,,,0.013551541000197176,63affaa9376fbec57ad13d72d01356f7b9a57b4e
dv3-B-lgcp-160051,3,B,lgcp,160051,16,,51,3:2:5:160051,,test,10,250.0,,,,,,,,,0.42768553653978486,0.6,,,,,,,5.307618149592353,0.03794733192202055,256,0.9999999999999999,0.9702014124008593,,1,268,1,exact,,,2,7.258856632334162e-05,,,,0.01914404100170941,64bf1a733e0bee488854b3b555ab04172f81e0e4
dv3-B-lgcp-160052,3,B,lgcp,160052,16,,52,3:2:5:160052,,test,10,250.0,,,,,,,,,0.42768553653978486,0.6,,,,,,,5.307618149592353,0.03794733192202055,256,0.9999999999999999,0.9702014124008593,,1,255,1,exact,,,2,7.258856632334162e-05,,,,0.01344829200024833,9281ec48dc1e3192666cb3b52bd894c8ee863454
dv3-B-lgcp-160053,3,B,lgcp,160053,16,,53,3:2:5:160053,,test,10,250.0,,,,,,,,,0.42768553653978486,0.6,,,,,,,5.307618149592353,0.03794733192202055,256,0.9999999999999999,0.9702014124008593,,1,241,1,exact,,,2,7.258856632334162e-05,,,,0.01739816599729238,3b891f1f205a51c5c452395ff70d017e17dd2241
dv3-B-lgcp-160054,3,B,lgcp,160054,16,,54,3:2:5:160054,,test,10,250.0,,,,,,,,,0.42768553653978486,0.6,,,,,,,5.307618149592353,0.03794733192202055,256,0.9999999999999999,0.9702014124008593,,1,250,1,exact,,,2,7.258856632334162e-05,,,,0.013298165999003686,689a004466ae988cce2cb7ad0fbd2b4aa4ec53d4
dv3-B-lgcp-160055,3,B,lgcp,160055,16,,55,3:2:5:160055,,test,10,250.0,,,,,,,,,0.42768553653978486,0.6,,,,,,,5.307618149592353,0.03794733192202055,256,0.9999999999999999,0.9702014124008593,,1,207,1,exact,,,2,7.258856632334162e-05,,,,0.02071970900215092,3b6ec170f1808335f72b4dd77e94cc7d8c9cab04
dv3-B-lgcp-160056,3,B,lgcp,160056,16,,56,3:2:5:160056,,test,10,250.0,,,,,,,,,0.42768553653978486,0.6,,,,,,,5.307618149592353,0.03794733192202055,256,0.9999999999999999,0.9702014124008593,,1,296,1,exact,,,2,7.258856632334162e-05,,,,0.022433541998907458,63e6617fb47a9490df83aa1e3d43a80cd5ba9e2b
dv3-B-lgcp-160057,3,B,lgcp,160057,16,,57,3:2:5:160057,,test,10,250.0,,,,,,,,,0.42768553653978486,0.6,,,,,,,5.307618149592353,0.03794733192202055,256,0.9999999999999999,0.9702014124008593,,1,258,1,exact,,,2,7.258856632334162e-05,,,,0.01602850000199396,5e486834e6a667009c1f96682c7c2e8860d19fb1
dv3-B-lgcp-160058,3,B,lgcp,160058,16,,58,3:2:5:160058,,test,10,250.0,,,,,,,,,0.42768553653978486,0.6,,,,,,,5.307618149592353,0.03794733192202055,256,0.9999999999999999,0.9702014124008593,,1,274,1,exact,,,2,7.258856632334162e-05,,,,0.016765458000008948,e2050e2cb0ddbb82e0415100aa15e0bb3826f58a
dv3-B-lgcp-160059,3,B,lgcp,160059,16,,59,3:2:5:160059,,test,10,250.0,,,,,,,,,0.42768553653978486,0.6,,,,,,,5.307618149592353,0.03794733192202055,256,0.9999999999999999,0.9702014124008593,,1,244,1,exact,,,2,7.258856632334162e-05,,,,0.017350583999359515,6727fbae2953bfd1f342f903f33c6b32e7c3f2d4
dv3-B-lgcp-160060,3,B,lgcp,160060,16,,60,3:2:5:160060,,test,10,250.0,,,,,,,,,0.42768553653978486,0.6,,,,,,,5.307618149592353,0.03794733192202055,256,0.9999999999999999,0.9702014124008593,,1,255,1,exact,,,2,7.258856632334162e-05,,,,0.018298333998245653,7e8b59f3de0a2c907ab47b376a2c504029ff9493
dv3-B-lgcp-160061,3,B,lgcp,160061,16,,61,3:2:5:160061,,test,10,250.0,,,,,,,,,0.42768553653978486,0.6,,,,,,,5.307618149592353,0.03794733192202055,256,0.9999999999999999,0.9702014124008593,,1,234,1,exact,,,2,7.258856632334162e-05,,,,0.015661124998587184,62f7f382029ef8913ad7a7524ba04bc8a5910972
dv3-B-lgcp-160062,3,B,lgcp,160062,16,,62,3:2:5:160062,,test,10,250.0,,,,,,,,,0.42768553653978486,0.6,,,,,,,5.307618149592353,0.03794733192202055,256,0.9999999999999999,0.9702014124008593,,1,311,1,exact,,,2,7.258856632334162e-05,,,,0.014107416998740518,4567267421468759c21320f55df2a368443c33cd
dv3-B-lgcp-160063,3,B,lgcp,160063,16,,63,3:2:5:160063,,test,10,250.0,,,,,,,,,0.42768553653978486,0.6,,,,,,,5.307618149592353,0.03794733192202055,256,0.9999999999999999,0.9702014124008593,,1,236,1,exact,,,2,7.258856632334162e-05,,,,0.011856000000989297,7f1b3815ade391ee652067e33dc307f8acf9023b
dv3-B-lgcp-160064,3,B,lgcp,160064,16,,64,3:2:5:160064,,test,10,250.0,,,,,,,,,0.42768553653978486,0.6,,,,,,,5.307618149592353,0.03794733192202055,256,0.9999999999999999,0.9702014124008593,,1,302,1,exact,,,2,7.258856632334162e-05,,,,0.012122833999455906,f7c4ae41888b4bb5d971b68d0f45c2e4a12be6bb
dv3-B-lgcp-160065,3,B,lgcp,160065,16,,65,3:2:5:160065,,test,10,250.0,,,,,,,,,0.42768553653978486,0.6,,,,,,,5.307618149592353,0.03794733192202055,256,0.9999999999999999,0.9702014124008593,,1,271,1,exact,,,2,7.258856632334162e-05,,,,0.01809420800054795,68f994127c4a7b441ecbd9cfabc45601df721d9f
dv3-B-lgcp-160066,3,B,lgcp,160066,16,,66,3:2:5:160066,,test,10,250.0,,,,,,,,,0.42768553653978486,0.6,,,,,,,5.307618149592353,0.03794733192202055,256,0.9999999999999999,0.9702014124008593,,1,240,1,exact,,,2,7.258856632334162e-05,,,,0.013949583000794519,6c22ea888e8c4785a40cfeb6ea7acd94da9cf134
dv3-B-lgcp-160067,3,B,lgcp,160067,16,,67,3:2:5:160067,,test,10,250.0,,,,,,,,,0.42768553653978486,0.6,,,,,,,5.307618149592353,0.03794733192202055,256,0.9999999999999999,0.9702014124008593,,1,229,1,exact,,,2,7.258856632334162e-05,,,,0.012138250000134576,9ed381a49ad22ffaa4a4801dc8082effa6ff429c
dv3-B-lgcp-160068,3,B,lgcp,160068,16,,68,3:2:5:160068,,test,10,250.0,,,,,,,,,0.42768553653978486,0.6,,,,,,,5.307618149592353,0.03794733192202055,256,0.9999999999999999,0.9702014124008593,,1,277,1,exact,,,2,7.258856632334162e-05,,,,0.017093292000936344,9a88b72aecbb0403855227b031775b3b3416b5d1
dv3-B-lgcp-160069,3,B,lgcp,160069,16,,69,3:2:5:160069,,test,10,250.0,,,,,,,,,0.42768553653978486,0.6,,,,,,,5.307618149592353,0.03794733192202055,256,0.9999999999999999,0.9702014124008593,,1,239,1,exact,,,2,7.258856632334162e-05,,,,0.017719791998388246,53aa4133d427467d4f6dcc1a5750d07abd942183
dv3-B-lgcp-160070,3,B,lgcp,160070,16,,70,3:2:5:160070,,test,10,250.0,,,,,,,,,0.42768553653978486,0.6,,,,,,,5.307618149592353,0.03794733192202055,256,0.9999999999999999,0.9702014124008593,,1,221,1,exact,,,2,7.258856632334162e-05,,,,0.01973033300237148,2e1b5baa4e7af4986d290d64a745b85d75eb5c56
dv3-B-lgcp-160071,3,B,lgcp,160071,16,,71,3:2:5:160071,,test,10,250.0,,,,,,,,,0.42768553653978486,0.6,,,,,,,5.307618149592353,0.03794733192202055,256,0.9999999999999999,0.9702014124008593,,1,259,1,exact,,,2,7.258856632334162e-05,,,,0.017617624998820247,a348c1cdce6b6531482ce176624aa391c25ae861
dv3-B-lgcp-160072,3,B,lgcp,160072,16,,72,3:2:5:160072,,test,10,250.0,,,,,,,,,0.42768553653978486,0.6,,,,,,,5.307618149592353,0.03794733192202055,256,0.9999999999999999,0.9702014124008593,,1,285,1,exact,,,2,7.258856632334162e-05,,,,0.015496583000640385,26e40309fbb10549c246999a172237bbdb285dfd
dv3-B-lgcp-160073,3,B,lgcp,160073,16,,73,3:2:5:160073,,test,10,250.0,,,,,,,,,0.42768553653978486,0.6,,,,,,,5.307618149592353,0.03794733192202055,256,0.9999999999999999,0.9702014124008593,,1,280,1,exact,,,2,7.258856632334162e-05,,,,0.014271749998442829,49839c60b535e47dbbd77d89a99df2452c19e36c
dv3-B-lgcp-160074,3,B,lgcp,160074,16,,74,3:2:5:160074,,test,10,250.0,,,,,,,,,0.42768553653978486,0.6,,,,,,,5.307618149592353,0.03794733192202055,256,0.9999999999999999,0.9702014124008593,,1,240,1,exact,,,2,7.258856632334162e-05,,,,0.016397540999605553,195ee056eb641c6b71aa3bc59c1f973e0b786c53
dv3-B-lgcp-160075,3,B,lgcp,160075,16,,75,3:2:5:160075,,test,10,250.0,,,,,,,,,0.42768553653978486,0.6,,,,,,,5.307618149592353,0.03794733192202055,256,0.9999999999999999,0.9702014124008593,,1,242,1,exact,,,2,7.258856632334162e-05,,,,0.016785415999038378,4c82502f6a956b5a957b87e5e27473f9c7553e63
dv3-B-lgcp-160076,3,B,lgcp,160076,16,,76,3:2:5:160076,,test,10,250.0,,,,,,,,,0.42768553653978486,0.6,,,,,,,5.307618149592353,0.03794733192202055,256,0.9999999999999999,0.9702014124008593,,1,222,1,exact,,,2,7.258856632334162e-05,,,,0.021001083998271497,d9cfceb8ece14531f078b2dfd9edff6b5e19ab50
dv3-B-lgcp-160077,3,B,lgcp,160077,16,,77,3:2:5:160077,,test,10,250.0,,,,,,,,,0.42768553653978486,0.6,,,,,,,5.307618149592353,0.03794733192202055,256,0.9999999999999999,0.9702014124008593,,1,238,1,exact,,,2,7.258856632334162e-05,,,,0.013077624997094972,19b5d425427c77b3fae4d33d76de155ffff7e636
dv3-B-lgcp-160078,3,B,lgcp,160078,16,,78,3:2:5:160078,,test,10,250.0,,,,,,,,,0.42768553653978486,0.6,,,,,,,5.307618149592353,0.03794733192202055,256,0.9999999999999999,0.9702014124008593,,1,247,1,exact,,,2,7.258856632334162e-05,,,,0.02154062500267173,66b46ba63398fd5ffb0f5a80f098e49be2c98b12
dv3-B-lgcp-160079,3,B,lgcp,160079,16,,79,3:2:5:160079,,test,10,250.0,,,,,,,,,0.42768553653978486,0.6,,,,,,,5.307618149592353,0.03794733192202055,256,0.9999999999999999,0.9702014124008593,,1,243,1,exact,,,2,7.258856632334162e-05,,,,0.011619958000665065,edda5cae2962add56f12aa9a1a3175cb60c08c33
dv3-B-lgcp-160080,3,B,lgcp,160080,16,,80,3:2:5:160080,,test,10,250.0,,,,,,,,,0.42768553653978486,0.6,,,,,,,5.307618149592353,0.03794733192202055,256,0.9999999999999999,0.9702014124008593,,1,261,1,exact,,,2,7.258856632334162e-05,,,,0.01518312499683816,42e17da33292a3b921df4ff5a9ead1a019e569ce
dv3-B-lgcp-160081,3,B,lgcp,160081,16,,81,3:2:5:160081,,test,10,250.0,,,,,,,,,0.42768553653978486,0.6,,,,,,,5.307618149592353,0.03794733192202055,256,0.9999999999999999,0.9702014124008593,,1,263,1,exact,,,2,7.258856632334162e-05,,,,0.012378291998174973,7ca286f7d12242bb212d1581cc0241a74dd336bb
dv3-B-lgcp-160082,3,B,lgcp,160082,16,,82,3:2:5:160082,,test,10,250.0,,,,,,,,,0.42768553653978486,0.6,,,,,,,5.307618149592353,0.03794733192202055,256,0.9999999999999999,0.9702014124008593,,1,276,1,exact,,,2,7.258856632334162e-05,,,,0.01677245899918489,9f22f417fe52950051c98b44b936a504689ec5cd
dv3-B-lgcp-160083,3,B,lgcp,160083,16,,83,3:2:5:160083,,test,10,250.0,,,,,,,,,0.42768553653978486,0.6,,,,,,,5.307618149592353,0.03794733192202055,256,0.9999999999999999,0.9702014124008593,,1,284,1,exact,,,2,7.258856632334162e-05,,,,0.015808416999789188,4f7794fc37323c3278ade8345c510d0755b555dd
dv3-B-lgcp-160084,3,B,lgcp,160084,16,,84,3:2:5:160084,,test,10,250.0,,,,,,,,,0.42768553653978486,0.6,,,,,,,5.307618149592353,0.03794733192202055,256,0.9999999999999999,0.9702014124008593,,1,255,1,exact,,,2,7.258856632334162e-05,,,,0.020697291001852136,15fd968a8a95a818ee0d4a2f173002ba7c93fca1
dv3-B-lgcp-160085,3,B,lgcp,160085,16,,85,3:2:5:160085,,test,10,250.0,,,,,,,,,0.42768553653978486,0.6,,,,,,,5.307618149592353,0.03794733192202055,256,0.9999999999999999,0.9702014124008593,,1,276,1,exact,,,2,7.258856632334162e-05,,,,0.013196208001318155,e54bc06fb3df36a798b4420745105110860b7d61
dv3-B-lgcp-160086,3,B,lgcp,160086,16,,86,3:2:5:160086,,test,10,250.0,,,,,,,,,0.42768553653978486,0.6,,,,,,,5.307618149592353,0.03794733192202055,256,0.9999999999999999,0.9702014124008593,,1,201,1,exact,,,2,7.258856632334162e-05,,,,0.01570108400119352,c4cd441601160d17a6b9796cb96762c86cb8e88b
dv3-B-lgcp-160087,3,B,lgcp,160087,16,,87,3:2:5:160087,,test,10,250.0,,,,,,,,,0.42768553653978486,0.6,,,,,,,5.307618149592353,0.03794733192202055,256,0.9999999999999999,0.9702014124008593,,1,244,1,exact,,,2,7.258856632334162e-05,,,,0.01772112500111689,dc45c4fa9452aa0c636ff09a2ef21aada490eeca
dv3-B-lgcp-160088,3,B,lgcp,160088,16,,88,3:2:5:160088,,test,10,250.0,,,,,,,,,0.42768553653978486,0.6,,,,,,,5.307618149592353,0.03794733192202055,256,0.9999999999999999,0.9702014124008593,,1,224,1,exact,,,2,7.258856632334162e-05,,,,0.01676358399708988,d14ee5be1ad4ee301b95beb0babb79d35db1a21f
dv3-B-lgcp-160089,3,B,lgcp,160089,16,,89,3:2:5:160089,,test,10,250.0,,,,,,,,,0.42768553653978486,0.6,,,,,,,5.307618149592353,0.03794733192202055,256,0.9999999999999999,0.9702014124008593,,1,260,1,exact,,,2,7.258856632334162e-05,,,,0.0190107500020531,ca772025bc8c2b2067a632e46626a5df14741ae4
dv3-B-lgcp-160090,3,B,lgcp,160090,16,,90,3:2:5:160090,,test,10,250.0,,,,,,,,,0.42768553653978486,0.6,,,,,,,5.307618149592353,0.03794733192202055,256,0.9999999999999999,0.9702014124008593,,1,239,1,exact,,,2,7.258856632334162e-05,,,,0.016710374999092892,b8e2c44fe3e7f9fe05593dfa27393e897370f246
dv3-B-lgcp-160091,3,B,lgcp,160091,16,,91,3:2:5:160091,,test,10,250.0,,,,,,,,,0.42768553653978486,0.6,,,,,,,5.307618149592353,0.03794733192202055,256,0.9999999999999999,0.9702014124008593,,1,245,1,exact,,,2,7.258856632334162e-05,,,,0.0177569580009731,68935cbf86bdf458b07e3091dc6a07ca34caa3af
dv3-B-lgcp-160092,3,B,lgcp,160092,16,,92,3:2:5:160092,,test,10,250.0,,,,,,,,,0.42768553653978486,0.6,,,,,,,5.307618149592353,0.03794733192202055,256,0.9999999999999999,0.9702014124008593,,1,247,1,exact,,,2,7.258856632334162e-05,,,,0.01587183299852768,b7655dd10c1a318043361bed5bb9f422104c3839
dv3-B-lgcp-160093,3,B,lgcp,160093,16,,93,3:2:5:160093,,test,10,250.0,,,,,,,,,0.42768553653978486,0.6,,,,,,,5.307618149592353,0.03794733192202055,256,0.9999999999999999,0.9702014124008593,,1,248,1,exact,,,2,7.258856632334162e-05,,,,0.01887070800148649,436a8bef11a0235f7460e1d52efbb42d2d340083
dv3-B-lgcp-160094,3,B,lgcp,160094,16,,94,3:2:5:160094,,test,10,250.0,,,,,,,,,0.42768553653978486,0.6,,,,,,,5.307618149592353,0.03794733192202055,256,0.9999999999999999,0.9702014124008593,,1,272,1,exact,,,2,7.258856632334162e-05,,,,0.012862375002441695,8d1355e07a0d81ee3daf16c1f1cc9e4ff6988d2a
dv3-B-lgcp-160095,3,B,lgcp,160095,16,,95,3:2:5:160095,,test,10,250.0,,,,,,,,,0.42768553653978486,0.6,,,,,,,5.307618149592353,0.03794733192202055,256,0.9999999999999999,0.9702014124008593,,1,269,1,exact,,,2,7.258856632334162e-05,,,,0.01597599999877275,6e90e4655539a039aad7ed75692c066aea155e1b
dv3-B-lgcp-160096,3,B,lgcp,160096,16,,96,3:2:5:160096,,test,10,250.0,,,,,,,,,0.42768553653978486,0.6,,,,,,,5.307618149592353,0.03794733192202055,256,0.9999999999999999,0.9702014124008593,,1,261,1,exact,,,2,7.258856632334162e-05,,,,0.020539999997708946,1bb37cd9e7825a86c1160aed1b82fdfc3bed0f58
dv3-B-lgcp-160097,3,B,lgcp,160097,16,,97,3:2:5:160097,,test,10,250.0,,,,,,,,,0.42768553653978486,0.6,,,,,,,5.307618149592353,0.03794733192202055,256,0.9999999999999999,0.9702014124008593,,1,246,1,exact,,,2,7.258856632334162e-05,,,,0.012196457999380073,2557d2941e1f8a556fed7c1641f9f74ab8df5f96
dv3-B-lgcp-160098,3,B,lgcp,160098,16,,98,3:2:5:160098,,test,10,250.0,,,,,,,,,0.42768553653978486,0.6,,,,,,,5.307618149592353,0.03794733192202055,256,0.9999999999999999,0.9702014124008593,,1,249,1,exact,,,2,7.258856632334162e-05,,,,0.011921207998966565,05004d955b5f97c5e8e6ac6f92f9d2ca4a322aa1
dv3-B-lgcp-160099,3,B,lgcp,160099,16,,99,3:2:5:160099,,test,10,250.0,,,,,,,,,0.42768553653978486,0.6,,,,,,,5.307618149592353,0.03794733192202055,256,0.9999999999999999,0.9702014124008593,,1,270,1,exact,,,2,7.258856632334162e-05,,,,0.012671000000409549,169b20c316bc2c1445215a1e3293e270992c44fa
dv3-B-lgcp-160100,3,B,lgcp,160100,16,,100,3:2:5:160100,,test,10,250.0,,,,,,,,,0.42768553653978486,0.6,,,,,,,5.307618149592353,0.03794733192202055,256,0.9999999999999999,0.9702014124008593,,1,270,1,exact,,,2,7.258856632334162e-05,,,,0.012341249999735737,8a87f84745d34cc696e8ebd2a0ecab40600bbfd7
dv3-B-lgcp-160101,3,B,lgcp,160101,16,,101,3:2:5:160101,,test,10,250.0,,,,,,,,,0.42768553653978486,0.6,,,,,,,5.307618149592353,0.03794733192202055,256,0.9999999999999999,0.9702014124008593,,1,249,1,exact,,,2,7.258856632334162e-05,,,,0.017777207998733502,fb5e583715383f20b40900ef572ea71197f250ef
dv3-B-lgcp-160102,3,B,lgcp,160102,16,,102,3:2:5:160102,,test,10,250.0,,,,,,,,,0.42768553653978486,0.6,,,,,,,5.307618149592353,0.03794733192202055,256,0.9999999999999999,0.9702014124008593,,1,231,1,exact,,,2,7.258856632334162e-05,,,,0.01761645800070255,93861c7250c9ec77b3e35487ff2aa5eca3271d1b
dv3-B-lgcp-160103,3,B,lgcp,160103,16,,103,3:2:5:160103,,test,10,250.0,,,,,,,,,0.42768553653978486,0.6,,,,,,,5.307618149592353,0.03794733192202055,256,0.9999999999999999,0.9702014124008593,,1,262,1,exact,,,2,7.258856632334162e-05,,,,0.016486749998875894,71fb5acec46a99a4c4da99cc47b7b1361f5724ab
dv3-B-lgcp-160104,3,B,lgcp,160104,16,,104,3:2:5:160104,,test,10,250.0,,,,,,,,,0.42768553653978486,0.6,,,,,,,5.307618149592353,0.03794733192202055,256,0.9999999999999999,0.9702014124008593,,1,263,1,exact,,,2,7.258856632334162e-05,,,,0.016101417000754736,89154f0711ad33bc40403e08abd2bb810ef70ca0
dv3-B-lgcp-160105,3,B,lgcp,160105,16,,105,3:2:5:160105,,test,10,250.0,,,,,,,,,0.42768553653978486,0.6,,,,,,,5.307618149592353,0.03794733192202055,256,0.9999999999999999,0.9702014124008593,,1,272,1,exact,,,2,7.258856632334162e-05,,,,0.01273412500086124,650fd7511bf9219cffbd744346588d8773123861
dv3-B-lgcp-160106,3,B,lgcp,160106,16,,106,3:2:5:160106,,test,10,250.0,,,,,,,,,0.42768553653978486,0.6,,,,,,,5.307618149592353,0.03794733192202055,256,0.9999999999999999,0.9702014124008593,,1,264,1,exact,,,2,7.258856632334162e-05,,,,0.01736762499785982,f94d36e151bbda99ced206440e9709008696c405
dv3-B-lgcp-160107,3,B,lgcp,160107,16,,107,3:2:5:160107,,test,10,250.0,,,,,,,,,0.42768553653978486,0.6,,,,,,,5.307618149592353,0.03794733192202055,256,0.9999999999999999,0.9702014124008593,,1,233,1,exact,,,2,7.258856632334162e-05,,,,0.01938404099928448,a56ecea431e8139695db88df1314dde5e18a6ca5
dv3-B-lgcp-160108,3,B,lgcp,160108,16,,108,3:2:5:160108,,test,10,250.0,,,,,,,,,0.42768553653978486,0.6,,,,,,,5.307618149592353,0.03794733192202055,256,0.9999999999999999,0.9702014124008593,,1,259,1,exact,,,2,7.258856632334162e-05,,,,0.014116499998635845,147a7a59150f1587acdcf169bd1841028f5f0222
dv3-B-lgcp-160109,3,B,lgcp,160109,16,,109,3:2:5:160109,,test,10,250.0,,,,,,,,,0.42768553653978486,0.6,,,,,,,5.307618149592353,0.03794733192202055,256,0.9999999999999999,0.9702014124008593,,1,229,1,exact,,,2,7.258856632334162e-05,,,,0.022126833002403146,5426e0e2175168a735fc581f19efda409934b5ca
dv3-B-lgcp-160110,3,B,lgcp,160110,16,,110,3:2:5:160110,,test,10,250.0,,,,,,,,,0.42768553653978486,0.6,,,,,,,5.307618149592353,0.03794733192202055,256,0.9999999999999999,0.9702014124008593,,1,289,1,exact,,,2,7.258856632334162e-05,,,,0.013278999998874497,d97e1188306df818614c03a8ffcf331f896772a9
dv3-B-lgcp-160111,3,B,lgcp,160111,16,,111,3:2:5:160111,,test,10,250.0,,,,,,,,,0.42768553653978486,0.6,,,,,,,5.307618149592353,0.03794733192202055,256,0.9999999999999999,0.9702014124008593,,1,278,1,exact,,,2,7.258856632334162e-05,,,,0.021762959000625415,77bfd0b8e1c2e9e44924165a66d139655b2a1cc7
dv3-B-lgcp-160112,3,B,lgcp,160112,16,,112,3:2:5:160112,,test,10,250.0,,,,,,,,,0.42768553653978486,0.6,,,,,,,5.307618149592353,0.03794733192202055,256,0.9999999999999999,0.9702014124008593,,1,245,1,exact,,,2,7.258856632334162e-05,,,,0.023254250001627952,bf12aa23544617c1c2225d4983dc8987547ed16a
dv3-B-lgcp-160113,3,B,lgcp,160113,16,,113,3:2:5:160113,,test,10,250.0,,,,,,,,,0.42768553653978486,0.6,,,,,,,5.307618149592353,0.03794733192202055,256,0.9999999999999999,0.9702014124008593,,1,275,1,exact,,,2,7.258856632334162e-05,,,,0.020720291999168694,577bc5576ebc600a1959d50c770f9c4556ae2130
dv3-B-lgcp-160114,3,B,lgcp,160114,16,,114,3:2:5:160114,,test,10,250.0,,,,,,,,,0.42768553653978486,0.6,,,,,,,5.307618149592353,0.03794733192202055,256,0.9999999999999999,0.9702014124008593,,1,270,1,exact,,,2,7.258856632334162e-05,,,,0.013834665998729179,41dd97d660e383052f48cebb20b2f61066a23359
dv3-B-lgcp-160115,3,B,lgcp,160115,16,,115,3:2:5:160115,,test,10,250.0,,,,,,,,,0.42768553653978486,0.6,,,,,,,5.307618149592353,0.03794733192202055,256,0.9999999999999999,0.9702014124008593,,1,267,1,exact,,,2,7.258856632334162e-05,,,,0.01800208299755468,f728c189e6e7f46aaf79be2a9a00ae3fdd2f2b21
dv3-B-lgcp-160116,3,B,lgcp,160116,16,,116,3:2:5:160116,,test,10,250.0,,,,,,,,,0.42768553653978486,0.6,,,,,,,5.307618149592353,0.03794733192202055,256,0.9999999999999999,0.9702014124008593,,1,294,1,exact,,,2,7.258856632334162e-05,,,,0.01160429200172075,14c5ae12eb0507e54064f86495e73d1387b8d9b5
dv3-B-lgcp-160117,3,B,lgcp,160117,16,,117,3:2:5:160117,,test,10,250.0,,,,,,,,,0.42768553653978486,0.6,,,,,,,5.307618149592353,0.03794733192202055,256,0.9999999999999999,0.9702014124008593,,1,276,1,exact,,,2,7.258856632334162e-05,,,,0.01542429099936271,7ffb451b3e8e5976ceaeb0f957539920e8aba94c
dv3-B-lgcp-160118,3,B,lgcp,160118,16,,118,3:2:5:160118,,test,10,250.0,,,,,,,,,0.42768553653978486,0.6,,,,,,,5.307618149592353,0.03794733192202055,256,0.9999999999999999,0.9702014124008593,,1,238,1,exact,,,2,7.258856632334162e-05,,,,0.012693249998847023,f75580dd706225148f5ab2c48832c9d184aa307b
dv3-B-lgcp-160119,3,B,lgcp,160119,16,,119,3:2:5:160119,,test,10,250.0,,,,,,,,,0.42768553653978486,0.6,,,,,,,5.307618149592353,0.03794733192202055,256,0.9999999999999999,0.9702014124008593,,1,252,1,exact,,,2,7.258856632334162e-05,,,,0.016267333998257527,32d10f7cb210e52d81716ace77a3f8deb912beb8
dv3-B-lgcp-160120,3,B,lgcp,160120,16,,120,3:2:5:160120,,test,10,250.0,,,,,,,,,0.42768553653978486,0.6,,,,,,,5.307618149592353,0.03794733192202055,256,0.9999999999999999,0.9702014124008593,,1,259,1,exact,,,2,7.258856632334162e-05,,,,0.015197207998426165,fd0522d8eb1c9d133d16fb75eea39357e0c09e9e
dv3-B-lgcp-160121,3,B,lgcp,160121,16,,121,3:2:5:160121,,test,10,250.0,,,,,,,,,0.42768553653978486,0.6,,,,,,,5.307618149592353,0.03794733192202055,256,0.9999999999999999,0.9702014124008593,,1,278,1,exact,,,2,7.258856632334162e-05,,,,0.013103166002110811,c4ceb939d7b2a243b9646ae81aea706e15a4328d
dv3-B-lgcp-160122,3,B,lgcp,160122,16,,122,3:2:5:160122,,test,10,250.0,,,,,,,,,0.42768553653978486,0.6,,,,,,,5.307618149592353,0.03794733192202055,256,0.9999999999999999,0.9702014124008593,,1,257,1,exact,,,2,7.258856632334162e-05,,,,0.012213207999593578,0d5a8c46691f510186216882f53b9e2af3462783
dv3-B-lgcp-160123,3,B,lgcp,160123,16,,123,3:2:5:160123,,test,10,250.0,,,,,,,,,0.42768553653978486,0.6,,,,,,,5.307618149592353,0.03794733192202055,256,0.9999999999999999,0.9702014124008593,,1,240,1,exact,,,2,7.258856632334162e-05,,,,0.014167917001032038,8fb9cc0cfb2c5aea1ff6eb5a87866192e05fad42
dv3-B-lgcp-160124,3,B,lgcp,160124,16,,124,3:2:5:160124,,test,10,250.0,,,,,,,,,0.42768553653978486,0.6,,,,,,,5.307618149592353,0.03794733192202055,256,0.9999999999999999,0.9702014124008593,,1,270,1,exact,,,2,7.258856632334162e-05,,,,0.011884916999406414,85fc708739f2dfd0f6394bf95c660f889c9e618c
dv3-B-lgcp-160125,3,B,lgcp,160125,16,,125,3:2:5:160125,,test,10,250.0,,,,,,,,,0.42768553653978486,0.6,,,,,,,5.307618149592353,0.03794733192202055,256,0.9999999999999999,0.9702014124008593,,1,283,1,exact,,,2,7.258856632334162e-05,,,,0.01493395899888128,34cd7d784e495cde372fc6786fef879120db75b4
dv3-B-lgcp-160126,3,B,lgcp,160126,16,,126,3:2:5:160126,,test,10,250.0,,,,,,,,,0.42768553653978486,0.6,,,,,,,5.307618149592353,0.03794733192202055,256,0.9999999999999999,0.9702014124008593,,1,196,1,exact,,,2,7.258856632334162e-05,,,,0.01809425000101328,3d3e1843e2053be288fbee7720d08e3439fa9ce8
dv3-B-lgcp-160127,3,B,lgcp,160127,16,,127,3:2:5:160127,,test,10,250.0,,,,,,,,,0.42768553653978486,0.6,,,,,,,5.307618149592353,0.03794733192202055,256,0.9999999999999999,0.9702014124008593,,1,304,1,exact,,,2,7.258856632334162e-05,,,,0.016566916998272063,1705e82c87d510625542b3abac1727e2511084cf
dv3-B-lgcp-160128,3,B,lgcp,160128,16,,128,3:2:5:160128,,test,10,250.0,,,,,,,,,0.42768553653978486,0.6,,,,,,,5.307618149592353,0.03794733192202055,256,0.9999999999999999,0.9702014124008593,,1,252,1,exact,,,2,7.258856632334162e-05,,,,0.018006874997809064,fe55fe1c8f9435e5b1d56b9eeebe264419380109
dv3-B-lgcp-160129,3,B,lgcp,160129,16,,129,3:2:5:160129,,test,10,250.0,,,,,,,,,0.42768553653978486,0.6,,,,,,,5.307618149592353,0.03794733192202055,256,0.9999999999999999,0.9702014124008593,,1,217,1,exact,,,2,7.258856632334162e-05,,,,0.017805749997933162,2574382401b4c4091edac1c8d98bd9ffca521996
dv3-B-lgcp-160130,3,B,lgcp,160130,16,,130,3:2:5:160130,,test,10,250.0,,,,,,,,,0.42768553653978486,0.6,,,,,,,5.307618149592353,0.03794733192202055,256,0.9999999999999999,0.9702014124008593,,1,225,1,exact,,,2,7.258856632334162e-05,,,,0.017977957999391947,bd5c53a487850d32699979ce916a3fc0d2091513
dv3-B-lgcp-160131,3,B,lgcp,160131,16,,131,3:2:5:160131,,test,10,250.0,,,,,,,,,0.42768553653978486,0.6,,,,,,,5.307618149592353,0.03794733192202055,256,0.9999999999999999,0.9702014124008593,,1,248,1,exact,,,2,7.258856632334162e-05,,,,0.02011225000023842,99d9cf63d3876f4b99c738516ff9ac9ce1894af2
dv3-B-lgcp-160132,3,B,lgcp,160132,16,,132,3:2:5:160132,,test,10,250.0,,,,,,,,,0.42768553653978486,0.6,,,,,,,5.307618149592353,0.03794733192202055,256,0.9999999999999999,0.9702014124008593,,1,190,1,exact,,,2,7.258856632334162e-05,,,,0.016647625001496635,bd0c03468ca16bf3a32557ab92d3bc1d2e8d8309
dv3-B-lgcp-160133,3,B,lgcp,160133,16,,133,3:2:5:160133,,test,10,250.0,,,,,,,,,0.42768553653978486,0.6,,,,,,,5.307618149592353,0.03794733192202055,256,0.9999999999999999,0.9702014124008593,,1,239,1,exact,,,2,7.258856632334162e-05,,,,0.01588054099920555,8e4326ed36d936bd3e919307a70814968fb558f5
dv3-B-lgcp-160134,3,B,lgcp,160134,16,,134,3:2:5:160134,,test,10,250.0,,,,,,,,,0.42768553653978486,0.6,,,,,,,5.307618149592353,0.03794733192202055,256,0.9999999999999999,0.9702014124008593,,1,212,1,exact,,,2,7.258856632334162e-05,,,,0.011345124999934342,cf09ff4fc24efda5077e522d927f2fd4e3eaaad5
dv3-B-lgcp-160135,3,B,lgcp,160135,16,,135,3:2:5:160135,,test,10,250.0,,,,,,,,,0.42768553653978486,0.6,,,,,,,5.307618149592353,0.03794733192202055,256,0.9999999999999999,0.9702014124008593,,1,283,1,exact,,,2,7.258856632334162e-05,,,,0.014413042001251597,ac13b6e12ec0759b6f8b9a064f70fc2f5baa31b5
dv3-B-lgcp-160136,3,B,lgcp,160136,16,,136,3:2:5:160136,,test,10,250.0,,,,,,,,,0.42768553653978486,0.6,,,,,,,5.307618149592353,0.03794733192202055,256,0.9999999999999999,0.9702014124008593,,1,246,1,exact,,,2,7.258856632334162e-05,,,,0.013173584000469418,0e8c33001bcd232901eb2d682dbcc7fc5528389e
dv3-B-lgcp-160137,3,B,lgcp,160137,16,,137,3:2:5:160137,,test,10,250.0,,,,,,,,,0.42768553653978486,0.6,,,,,,,5.307618149592353,0.03794733192202055,256,0.9999999999999999,0.9702014124008593,,1,268,1,exact,,,2,7.258856632334162e-05,,,,0.014819959000305971,65b47a37825fc85c2b344eb4c7c03151bd8c088c
dv3-B-lgcp-160138,3,B,lgcp,160138,16,,138,3:2:5:160138,,test,10,250.0,,,,,,,,,0.42768553653978486,0.6,,,,,,,5.307618149592353,0.03794733192202055,256,0.9999999999999999,0.9702014124008593,,1,269,1,exact,,,2,7.258856632334162e-05,,,,0.015417459002492251,8342a8638ed636652e75f74c503494f96c6bc72d
dv3-B-lgcp-160139,3,B,lgcp,160139,16,,139,3:2:5:160139,,test,10,250.0,,,,,,,,,0.42768553653978486,0.6,,,,,,,5.307618149592353,0.03794733192202055,256,0.9999999999999999,0.9702014124008593,,1,228,1,exact,,,2,7.258856632334162e-05,,,,0.01195079199897009,1dddc3af7790a58044404746b05b2e616590304d
dv3-B-lgcp-160140,3,B,lgcp,160140,16,,140,3:2:5:160140,,test,10,250.0,,,,,,,,,0.42768553653978486,0.6,,,,,,,5.307618149592353,0.03794733192202055,256,0.9999999999999999,0.9702014124008593,,1,261,1,exact,,,2,7.258856632334162e-05,,,,0.014701833002618514,e19c8c111aac6ebd895fa17377f46db3dc27cd61
dv3-B-lgcp-160141,3,B,lgcp,160141,16,,141,3:2:5:160141,,test,10,250.0,,,,,,,,,0.42768553653978486,0.6,,,,,,,5.307618149592353,0.03794733192202055,256,0.9999999999999999,0.9702014124008593,,1,232,1,exact,,,2,7.258856632334162e-05,,,,0.020629665999877034,a0e230793acb4be9a0707a5e86840ed9b87a1ad1
dv3-B-lgcp-160142,3,B,lgcp,160142,16,,142,3:2:5:160142,,test,10,250.0,,,,,,,,,0.42768553653978486,0.6,,,,,,,5.307618149592353,0.03794733192202055,256,0.9999999999999999,0.9702014124008593,,1,265,1,exact,,,2,7.258856632334162e-05,,,,0.013277042002300732,1472904aef0bc11980c62dc27093299877a02255
dv3-B-lgcp-160143,3,B,lgcp,160143,16,,143,3:2:5:160143,,test,10,250.0,,,,,,,,,0.42768553653978486,0.6,,,,,,,5.307618149592353,0.03794733192202055,256,0.9999999999999999,0.9702014124008593,,1,260,1,exact,,,2,7.258856632334162e-05,,,,0.019734834000701085,d453b576fa2eea9c62e56079ba946fb14535cf64
dv3-B-lgcp-160144,3,B,lgcp,160144,16,,144,3:2:5:160144,,test,10,250.0,,,,,,,,,0.42768553653978486,0.6,,,,,,,5.307618149592353,0.03794733192202055,256,0.9999999999999999,0.9702014124008593,,1,283,1,exact,,,2,7.258856632334162e-05,,,,0.013829083000018727,aebdf6e03cf7bd6651741c9a3ca4b1c3320a4fed
dv3-B-lgcp-160145,3,B,lgcp,160145,16,,145,3:2:5:160145,,test,10,250.0,,,,,,,,,0.42768553653978486,0.6,,,,,,,5.307618149592353,0.03794733192202055,256,0.9999999999999999,0.9702014124008593,,1,248,1,exact,,,2,7.258856632334162e-05,,,,0.02253591599946958,fc2aa270e6e7efb2709613660b9c2667f08bb896
dv3-B-lgcp-160146,3,B,lgcp,160146,16,,146,3:2:5:160146,,test,10,250.0,,,,,,,,,0.42768553653978486,0.6,,,,,,,5.307618149592353,0.03794733192202055,256,0.9999999999999999,0.9702014124008593,,1,250,1,exact,,,2,7.258856632334162e-05,,,,0.013466625001456123,5f7b39149d27b0780629e8ef0cdc0e6b04fbda45
dv3-B-lgcp-160147,3,B,lgcp,160147,16,,147,3:2:5:160147,,test,10,250.0,,,,,,,,,0.42768553653978486,0.6,,,,,,,5.307618149592353,0.03794733192202055,256,0.9999999999999999,0.9702014124008593,,1,219,1,exact,,,2,7.258856632334162e-05,,,,0.012817916998756118,c0ec5ea56aa48abf295e16c5f67c6cae68c835e5
dv3-B-lgcp-160148,3,B,lgcp,160148,16,,148,3:2:5:160148,,test,10,250.0,,,,,,,,,0.42768553653978486,0.6,,,,,,,5.307618149592353,0.03794733192202055,256,0.9999999999999999,0.9702014124008593,,1,199,1,exact,,,2,7.258856632334162e-05,,,,0.015844792000279995,80cd5dc01de9ce79321372a6829e16c660964bec
dv3-B-lgcp-160149,3,B,lgcp,160149,16,,149,3:2:5:160149,,test,10,250.0,,,,,,,,,0.42768553653978486,0.6,,,,,,,5.307618149592353,0.03794733192202055,256,0.9999999999999999,0.9702014124008593,,1,230,1,exact,,,2,7.258856632334162e-05,,,,0.011688459002471063,7ff7bafba61e527ed41e958766c12ab895d21d52
dv3-B-lgcp-160150,3,B,lgcp,160150,16,,150,3:2:5:160150,,test,10,250.0,,,,,,,,,0.42768553653978486,0.6,,,,,,,5.307618149592353,0.03794733192202055,256,0.9999999999999999,0.9702014124008593,,1,246,1,exact,,,2,7.258856632334162e-05,,,,0.018066874999931315,fd9a6d43d8f1890c453ac32bc96db0d35f4a98f3
dv3-B-lgcp-160151,3,B,lgcp,160151,16,,151,3:2:5:160151,,test,10,250.0,,,,,,,,,0.42768553653978486,0.6,,,,,,,5.307618149592353,0.03794733192202055,256,0.9999999999999999,0.9702014124008593,,1,213,1,exact,,,2,7.258856632334162e-05,,,,0.022460708001744933,c72ede18a5c21e3c688e9d8ef928108941757936
dv3-B-lgcp-160152,3,B,lgcp,160152,16,,152,3:2:5:160152,,test,10,250.0,,,,,,,,,0.42768553653978486,0.6,,,,,,,5.307618149592353,0.03794733192202055,256,0.9999999999999999,0.9702014124008593,,1,240,1,exact,,,2,7.258856632334162e-05,,,,0.018256666000525,032b17ee2f4c18c9b3bab9894dfb7b047330c923
dv3-B-lgcp-160153,3,B,lgcp,160153,16,,153,3:2:5:160153,,test,10,250.0,,,,,,,,,0.42768553653978486,0.6,,,,,,,5.307618149592353,0.03794733192202055,256,0.9999999999999999,0.9702014124008593,,1,237,1,exact,,,2,7.258856632334162e-05,,,,0.016661499998008367,4ef54c0866542373a0a8c5172fb4eb39223818fa
dv3-B-lgcp-160154,3,B,lgcp,160154,16,,154,3:2:5:160154,,test,10,250.0,,,,,,,,,0.42768553653978486,0.6,,,,,,,5.307618149592353,0.03794733192202055,256,0.9999999999999999,0.9702014124008593,,1,225,1,exact,,,2,7.258856632334162e-05,,,,0.017031667000992456,8439d45a8040567614c69b5fdd1c35dda0d161ed
dv3-B-lgcp-160155,3,B,lgcp,160155,16,,155,3:2:5:160155,,test,10,250.0,,,,,,,,,0.42768553653978486,0.6,,,,,,,5.307618149592353,0.03794733192202055,256,0.9999999999999999,0.9702014124008593,,1,244,1,exact,,,2,7.258856632334162e-05,,,,0.012869833000877406,353d6e0a659dec176b50a4f67fe93efa46d3ec9b
dv3-B-lgcp-160156,3,B,lgcp,160156,16,,156,3:2:5:160156,,test,10,250.0,,,,,,,,,0.42768553653978486,0.6,,,,,,,5.307618149592353,0.03794733192202055,256,0.9999999999999999,0.9702014124008593,,1,246,1,exact,,,2,7.258856632334162e-05,,,,0.018140291998861358,df8932e8c8ae5e0cc05c18fe4976e37432b8ec37
dv3-B-lgcp-160157,3,B,lgcp,160157,16,,157,3:2:5:160157,,test,10,250.0,,,,,,,,,0.42768553653978486,0.6,,,,,,,5.307618149592353,0.03794733192202055,256,0.9999999999999999,0.9702014124008593,,1,241,1,exact,,,2,7.258856632334162e-05,,,,0.017748750000464497,0cad79329d8309cba6e69b3bca72bfb1503d7555
dv3-B-lgcp-160158,3,B,lgcp,160158,16,,158,3:2:5:160158,,test,10,250.0,,,,,,,,,0.42768553653978486,0.6,,,,,,,5.307618149592353,0.03794733192202055,256,0.9999999999999999,0.9702014124008593,,1,200,1,exact,,,2,7.258856632334162e-05,,,,0.021120999997947365,c695fb66116f59b77d09f4e5bd5cda7a094cc689
dv3-B-lgcp-160159,3,B,lgcp,160159,16,,159,3:2:5:160159,,test,10,250.0,,,,,,,,,0.42768553653978486,0.6,,,,,,,5.307618149592353,0.03794733192202055,256,0.9999999999999999,0.9702014124008593,,1,244,1,exact,,,2,7.258856632334162e-05,,,,0.016580249997787178,c6ca7a106e1ca8f3dc4a49bc4d8fc8e3e7bca4db
dv3-B-lgcp-160160,3,B,lgcp,160160,16,,160,3:2:5:160160,,test,10,250.0,,,,,,,,,0.42768553653978486,0.6,,,,,,,5.307618149592353,0.03794733192202055,256,0.9999999999999999,0.9702014124008593,,1,224,1,exact,,,2,7.258856632334162e-05,,,,0.01429150000330992,33f08458298ea0ef601dfa7b87bc389053cfa4e5
dv3-B-lgcp-160161,3,B,lgcp,160161,16,,161,3:2:5:160161,,test,10,250.0,,,,,,,,,0.42768553653978486,0.6,,,,,,,5.307618149592353,0.03794733192202055,256,0.9999999999999999,0.9702014124008593,,1,213,1,exact,,,2,7.258856632334162e-05,,,,0.016025458000513026,df98cebad23f5168cb1e1d0617e582c89a225552
dv3-B-lgcp-160162,3,B,lgcp,160162,16,,162,3:2:5:160162,,test,10,250.0,,,,,,,,,0.42768553653978486,0.6,,,,,,,5.307618149592353,0.03794733192202055,256,0.9999999999999999,0.9702014124008593,,1,235,1,exact,,,2,7.258856632334162e-05,,,,0.01814445799755049,7f2c5752b3ae881689282c26feb920662e811375
dv3-B-lgcp-160163,3,B,lgcp,160163,16,,163,3:2:5:160163,,test,10,250.0,,,,,,,,,0.42768553653978486,0.6,,,,,,,5.307618149592353,0.03794733192202055,256,0.9999999999999999,0.9702014124008593,,1,225,1,exact,,,2,7.258856632334162e-05,,,,0.014241917000617832,99cb746ac5b451848076c3432789cd560a6af837
dv3-B-lgcp-160164,3,B,lgcp,160164,16,,164,3:2:5:160164,,test,10,250.0,,,,,,,,,0.42768553653978486,0.6,,,,,,,5.307618149592353,0.03794733192202055,256,0.9999999999999999,0.9702014124008593,,1,321,1,exact,,,2,7.258856632334162e-05,,,,0.019501999999192776,b3148217688e15d45355f883f1a3a8ad684eb478
dv3-B-lgcp-160165,3,B,lgcp,160165,16,,165,3:2:5:160165,,test,10,250.0,,,,,,,,,0.42768553653978486,0.6,,,,,,,5.307618149592353,0.03794733192202055,256,0.9999999999999999,0.9702014124008593,,1,271,1,exact,,,2,7.258856632334162e-05,,,,0.01984950000041863,66cff96b9143f622a418ce193bdef3fd63c0c73b
dv3-B-lgcp-160166,3,B,lgcp,160166,16,,166,3:2:5:160166,,test,10,250.0,,,,,,,,,0.42768553653978486,0.6,,,,,,,5.307618149592353,0.03794733192202055,256,0.9999999999999999,0.9702014124008593,,1,255,1,exact,,,2,7.258856632334162e-05,,,,0.015262749999237712,2c2fb890168ab75a3ae336c2e75f39f8f118e3b7
dv3-B-lgcp-160167,3,B,lgcp,160167,16,,167,3:2:5:160167,,test,10,250.0,,,,,,,,,0.42768553653978486,0.6,,,,,,,5.307618149592353,0.03794733192202055,256,0.9999999999999999,0.9702014124008593,,1,252,1,exact,,,2,7.258856632334162e-05,,,,0.0160403750014666,a31c5f7f886787ef192a0644c3c63a98a7626c35
dv3-B-lgcp-160168,3,B,lgcp,160168,16,,168,3:2:5:160168,,test,10,250.0,,,,,,,,,0.42768553653978486,0.6,,,,,,,5.307618149592353,0.03794733192202055,256,0.9999999999999999,0.9702014124008593,,1,269,1,exact,,,2,7.258856632334162e-05,,,,0.0209044580005866,008dffb977c3f7e8855b6aeecc0d4b3125d7bfb0
dv3-B-lgcp-160169,3,B,lgcp,160169,16,,169,3:2:5:160169,,test,10,250.0,,,,,,,,,0.42768553653978486,0.6,,,,,,,5.307618149592353,0.03794733192202055,256,0.9999999999999999,0.9702014124008593,,1,236,1,exact,,,2,7.258856632334162e-05,,,,0.016990667001664406,166b965ac854b23aed179056db7dcc62258ed98d
dv3-B-lgcp-160170,3,B,lgcp,160170,16,,170,3:2:5:160170,,test,10,250.0,,,,,,,,,0.42768553653978486,0.6,,,,,,,5.307618149592353,0.03794733192202055,256,0.9999999999999999,0.9702014124008593,,1,253,1,exact,,,2,7.258856632334162e-05,,,,0.020055083001352614,60f6cfec131d840411463de73a1345923101b164
dv3-B-lgcp-160171,3,B,lgcp,160171,16,,171,3:2:5:160171,,test,10,250.0,,,,,,,,,0.42768553653978486,0.6,,,,,,,5.307618149592353,0.03794733192202055,256,0.9999999999999999,0.9702014124008593,,1,222,1,exact,,,2,7.258856632334162e-05,,,,0.018498958001146093,5c0a8460afa5a91cbe25e52896640937b7a8c4ae
dv3-B-lgcp-160172,3,B,lgcp,160172,16,,172,3:2:5:160172,,test,10,250.0,,,,,,,,,0.42768553653978486,0.6,,,,,,,5.307618149592353,0.03794733192202055,256,0.9999999999999999,0.9702014124008593,,1,210,1,exact,,,2,7.258856632334162e-05,,,,0.018042374998913147,e5d2d3e0da510cceb60b27376e2d10fce2814621
dv3-B-lgcp-160173,3,B,lgcp,160173,16,,173,3:2:5:160173,,test,10,250.0,,,,,,,,,0.42768553653978486,0.6,,,,,,,5.307618149592353,0.03794733192202055,256,0.9999999999999999,0.9702014124008593,,1,266,1,exact,,,2,7.258856632334162e-05,,,,0.019627790999948047,0f5adc6e7e03b51784ce5bb0997ec0a25fe0edad
dv3-B-lgcp-160174,3,B,lgcp,160174,16,,174,3:2:5:160174,,test,10,250.0,,,,,,,,,0.42768553653978486,0.6,,,,,,,5.307618149592353,0.03794733192202055,256,0.9999999999999999,0.9702014124008593,,1,253,1,exact,,,2,7.258856632334162e-05,,,,0.017592875003174413,2209a2049d045007f3c52a9946a663691bc54f31
dv3-B-lgcp-160175,3,B,lgcp,160175,16,,175,3:2:5:160175,,test,10,250.0,,,,,,,,,0.42768553653978486,0.6,,,,,,,5.307618149592353,0.03794733192202055,256,0.9999999999999999,0.9702014124008593,,1,296,1,exact,,,2,7.258856632334162e-05,,,,0.023194209003122523,c48eb6045acc810ccb0444be3ce0c56bb8384995
dv3-B-lgcp-160176,3,B,lgcp,160176,16,,176,3:2:5:160176,,test,10,250.0,,,,,,,,,0.42768553653978486,0.6,,,,,,,5.307618149592353,0.03794733192202055,256,0.9999999999999999,0.9702014124008593,,1,244,1,exact,,,2,7.258856632334162e-05,,,,0.017360249999910593,5334d799db3cc0a764c5a3870471fd5a35b0f1af
dv3-B-lgcp-160177,3,B,lgcp,160177,16,,177,3:2:5:160177,,test,10,250.0,,,,,,,,,0.42768553653978486,0.6,,,,,,,5.307618149592353,0.03794733192202055,256,0.9999999999999999,0.9702014124008593,,1,273,1,exact,,,2,7.258856632334162e-05,,,,0.017989333002333296,305a033c19c9bfefe56f757fadf2795b26fc4e56
dv3-B-lgcp-160178,3,B,lgcp,160178,16,,178,3:2:5:160178,,test,10,250.0,,,,,,,,,0.42768553653978486,0.6,,,,,,,5.307618149592353,0.03794733192202055,256,0.9999999999999999,0.9702014124008593,,1,255,1,exact,,,2,7.258856632334162e-05,,,,0.012930249999044463,e61a741d2398ef5a747759a49784f94439f79791
dv3-B-lgcp-160179,3,B,lgcp,160179,16,,179,3:2:5:160179,,test,10,250.0,,,,,,,,,0.42768553653978486,0.6,,,,,,,5.307618149592353,0.03794733192202055,256,0.9999999999999999,0.9702014124008593,,1,219,1,exact,,,2,7.258856632334162e-05,,,,0.015400124997540843,ee621af1424a2ea2c70388741c3956a5af75c7e8
dv3-B-lgcp-160180,3,B,lgcp,160180,16,,180,3:2:5:160180,,test,10,250.0,,,,,,,,,0.42768553653978486,0.6,,,,,,,5.307618149592353,0.03794733192202055,256,0.9999999999999999,0.9702014124008593,,1,244,1,exact,,,2,7.258856632334162e-05,,,,0.013501666999218287,b96a8656823f69af9bb437ac5fe63c309d66253e
dv3-B-lgcp-160181,3,B,lgcp,160181,16,,181,3:2:5:160181,,test,10,250.0,,,,,,,,,0.42768553653978486,0.6,,,,,,,5.307618149592353,0.03794733192202055,256,0.9999999999999999,0.9702014124008593,,1,260,1,exact,,,2,7.258856632334162e-05,,,,0.0192563330019766,64d931963e92b18c150c67871da4c021ebbf533c
dv3-B-lgcp-160182,3,B,lgcp,160182,16,,182,3:2:5:160182,,test,10,250.0,,,,,,,,,0.42768553653978486,0.6,,,,,,,5.307618149592353,0.03794733192202055,256,0.9999999999999999,0.9702014124008593,,1,263,1,exact,,,2,7.258856632334162e-05,,,,0.018625917000463232,9a7313c1a7fa7295ecfdc350deef7fd155182964
dv3-B-lgcp-160183,3,B,lgcp,160183,16,,183,3:2:5:160183,,test,10,250.0,,,,,,,,,0.42768553653978486,0.6,,,,,,,5.307618149592353,0.03794733192202055,256,0.9999999999999999,0.9702014124008593,,1,252,1,exact,,,2,7.258856632334162e-05,,,,0.02325116599968169,e9bc12b9efd6711a1d961b934a2e8f5ef91e4756
dv3-B-lgcp-160184,3,B,lgcp,160184,16,,184,3:2:5:160184,,test,10,250.0,,,,,,,,,0.42768553653978486,0.6,,,,,,,5.307618149592353,0.03794733192202055,256,0.9999999999999999,0.9702014124008593,,1,272,1,exact,,,2,7.258856632334162e-05,,,,0.017497874996479368,307ef9037793779373b4fe084aac23e105ca436a
dv3-B-lgcp-160185,3,B,lgcp,160185,16,,185,3:2:5:160185,,test,10,250.0,,,,,,,,,0.42768553653978486,0.6,,,,,,,5.307618149592353,0.03794733192202055,256,0.9999999999999999,0.9702014124008593,,1,282,1,exact,,,2,7.258856632334162e-05,,,,0.016160790997673757,68d990a874a6502ecd7a39c45e9343ee8e5bf091
dv3-B-lgcp-160186,3,B,lgcp,160186,16,,186,3:2:5:160186,,test,10,250.0,,,,,,,,,0.42768553653978486,0.6,,,,,,,5.307618149592353,0.03794733192202055,256,0.9999999999999999,0.9702014124008593,,1,230,1,exact,,,2,7.258856632334162e-05,,,,0.012808375002350658,d921969222cb7cff9028b01a8a80d53aba988c5a
dv3-B-lgcp-160187,3,B,lgcp,160187,16,,187,3:2:5:160187,,test,10,250.0,,,,,,,,,0.42768553653978486,0.6,,,,,,,5.307618149592353,0.03794733192202055,256,0.9999999999999999,0.9702014124008593,,1,219,1,exact,,,2,7.258856632334162e-05,,,,0.019709125001099892,ec0a6cd28e1e188e7723ad7f2eb7a594aba63758
dv3-B-lgcp-160188,3,B,lgcp,160188,16,,188,3:2:5:160188,,test,10,250.0,,,,,,,,,0.42768553653978486,0.6,,,,,,,5.307618149592353,0.03794733192202055,256,0.9999999999999999,0.9702014124008593,,1,261,1,exact,,,2,7.258856632334162e-05,,,,0.017772416002117097,31e71d4e9672dba67dec99c06da6d65e6532ef68
dv3-B-lgcp-160189,3,B,lgcp,160189,16,,189,3:2:5:160189,,test,10,250.0,,,,,,,,,0.42768553653978486,0.6,,,,,,,5.307618149592353,0.03794733192202055,256,0.9999999999999999,0.9702014124008593,,1,219,1,exact,,,2,7.258856632334162e-05,,,,0.019272666999313515,3971df04c96fa4401bd1487d77e63dd94e0cd2a6
dv3-B-lgcp-160190,3,B,lgcp,160190,16,,190,3:2:5:160190,,test,10,250.0,,,,,,,,,0.42768553653978486,0.6,,,,,,,5.307618149592353,0.03794733192202055,256,0.9999999999999999,0.9702014124008593,,1,231,1,exact,,,2,7.258856632334162e-05,,,,0.015490791000047466,d11a2c827fb1ce938a8fabf03e9cda828a107577
dv3-B-lgcp-160191,3,B,lgcp,160191,16,,191,3:2:5:160191,,test,10,250.0,,,,,,,,,0.42768553653978486,0.6,,,,,,,5.307618149592353,0.03794733192202055,256,0.9999999999999999,0.9702014124008593,,1,295,1,exact,,,2,7.258856632334162e-05,,,,0.01604695900095976,2f6ea20bf8c6b2d31a0b0652e2490ccfce4c770e
dv3-B-lgcp-160192,3,B,lgcp,160192,16,,192,3:2:5:160192,,test,10,250.0,,,,,,,,,0.42768553653978486,0.6,,,,,,,5.307618149592353,0.03794733192202055,256,0.9999999999999999,0.9702014124008593,,1,203,1,exact,,,2,7.258856632334162e-05,,,,0.013946875002147863,f54c7b2f52f9debffa6dd6ac58253496ed244f92
dv3-B-lgcp-160193,3,B,lgcp,160193,16,,193,3:2:5:160193,,test,10,250.0,,,,,,,,,0.42768553653978486,0.6,,,,,,,5.307618149592353,0.03794733192202055,256,0.9999999999999999,0.9702014124008593,,1,262,1,exact,,,2,7.258856632334162e-05,,,,0.017048833000444574,65163595bffdc0e62b134a1e74dc5e376a3e6375
dv3-B-lgcp-160194,3,B,lgcp,160194,16,,194,3:2:5:160194,,test,10,250.0,,,,,,,,,0.42768553653978486,0.6,,,,,,,5.307618149592353,0.03794733192202055,256,0.9999999999999999,0.9702014124008593,,1,243,1,exact,,,2,7.258856632334162e-05,,,,0.015263124998455169,88b25cc671867f19592fb030fcad12ff0410b4c5
dv3-B-lgcp-160195,3,B,lgcp,160195,16,,195,3:2:5:160195,,test,10,250.0,,,,,,,,,0.42768553653978486,0.6,,,,,,,5.307618149592353,0.03794733192202055,256,0.9999999999999999,0.9702014124008593,,1,234,1,exact,,,2,7.258856632334162e-05,,,,0.020132542002102127,f477ba57ec5fa8ee8933170b04feb2d7201f2669
dv3-B-lgcp-160196,3,B,lgcp,160196,16,,196,3:2:5:160196,,test,10,250.0,,,,,,,,,0.42768553653978486,0.6,,,,,,,5.307618149592353,0.03794733192202055,256,0.9999999999999999,0.9702014124008593,,1,248,1,exact,,,2,7.258856632334162e-05,,,,0.01788999999916996,31230ed490858b84574e301b302b9ff62ab7b035
dv3-B-lgcp-160197,3,B,lgcp,160197,16,,197,3:2:5:160197,,test,10,250.0,,,,,,,,,0.42768553653978486,0.6,,,,,,,5.307618149592353,0.03794733192202055,256,0.9999999999999999,0.9702014124008593,,1,223,1,exact,,,2,7.258856632334162e-05,,,,0.013922625003033318,155c8dbe5200c2259d40d884c0cce2b49cd2ef3c
dv3-B-lgcp-160198,3,B,lgcp,160198,16,,198,3:2:5:160198,,test,10,250.0,,,,,,,,,0.42768553653978486,0.6,,,,,,,5.307618149592353,0.03794733192202055,256,0.9999999999999999,0.9702014124008593,,1,265,1,exact,,,2,7.258856632334162e-05,,,,0.01821662500151433,081ff6a30f0c9e6dd44d1597802fd562baf7bac5
dv3-B-lgcp-160199,3,B,lgcp,160199,16,,199,3:2:5:160199,,test,10,250.0,,,,,,,,,0.42768553653978486,0.6,,,,,,,5.307618149592353,0.03794733192202055,256,0.9999999999999999,0.9702014124008593,,1,269,1,exact,,,2,7.258856632334162e-05,,,,0.017256374998396495,86cf69dd9e2db8f665f20798c205df93e1b35f5d
dv3-B-lgcp-160200,3,B,lgcp,160200,16,,200,3:2:5:160200,,test,10,250.0,,,,,,,,,0.42768553653978486,0.6,,,,,,,5.307618149592353,0.03794733192202055,256,0.9999999999999999,0.9702014124008593,,1,284,1,exact,,,2,7.258856632334162e-05,,,,0.015067457999975886,d22bbb4d95a9c1f959dd0b763f5e0b42af275c67
dv3-B-lgcp-160201,3,B,lgcp,160201,16,,201,3:2:5:160201,,test,10,250.0,,,,,,,,,0.42768553653978486,0.6,,,,,,,5.307618149592353,0.03794733192202055,256,0.9999999999999999,0.9702014124008593,,1,255,1,exact,,,2,7.258856632334162e-05,,,,0.014721999999892432,a1ff1dc7107b05762f77a156f984ba2552cf5a1f
dv3-B-lgcp-160202,3,B,lgcp,160202,16,,202,3:2:5:160202,,test,10,250.0,,,,,,,,,0.42768553653978486,0.6,,,,,,,5.307618149592353,0.03794733192202055,256,0.9999999999999999,0.9702014124008593,,1,242,1,exact,,,2,7.258856632334162e-05,,,,0.014671124998130836,9a7bd5699220c72abb582e573285e7bb5071643a
dv3-B-lgcp-160203,3,B,lgcp,160203,16,,203,3:2:5:160203,,test,10,250.0,,,,,,,,,0.42768553653978486,0.6,,,,,,,5.307618149592353,0.03794733192202055,256,0.9999999999999999,0.9702014124008593,,1,248,1,exact,,,2,7.258856632334162e-05,,,,0.015181334001681535,584e08d32b012dc6a7349b724f780a320d3a85c6
dv3-B-lgcp-160204,3,B,lgcp,160204,16,,204,3:2:5:160204,,test,10,250.0,,,,,,,,,0.42768553653978486,0.6,,,,,,,5.307618149592353,0.03794733192202055,256,0.9999999999999999,0.9702014124008593,,1,233,1,exact,,,2,7.258856632334162e-05,,,,0.01983254199876683,afbedc9fa527f85420910302523593f0c7ce2bc4
dv3-B-lgcp-160205,3,B,lgcp,160205,16,,205,3:2:5:160205,,test,10,250.0,,,,,,,,,0.42768553653978486,0.6,,,,,,,5.307618149592353,0.03794733192202055,256,0.9999999999999999,0.9702014124008593,,1,235,1,exact,,,2,7.258856632334162e-05,,,,0.015544792000582675,df0c61af7317ba6ad76a931af5f900bb9e268adf
dv3-B-lgcp-160206,3,B,lgcp,160206,16,,206,3:2:5:160206,,test,10,250.0,,,,,,,,,0.42768553653978486,0.6,,,,,,,5.307618149592353,0.03794733192202055,256,0.9999999999999999,0.9702014124008593,,1,270,1,exact,,,2,7.258856632334162e-05,,,,0.014508000000205357,385b8fa90bb09a6d9cfb240c18ce4c8da4607c37
dv3-B-lgcp-160207,3,B,lgcp,160207,16,,207,3:2:5:160207,,test,10,250.0,,,,,,,,,0.42768553653978486,0.6,,,,,,,5.307618149592353,0.03794733192202055,256,0.9999999999999999,0.9702014124008593,,1,269,1,exact,,,2,7.258856632334162e-05,,,,0.019537374999345047,909d08273c812d2c9977edecca85eb671c0ac975
dv3-B-lgcp-160208,3,B,lgcp,160208,16,,208,3:2:5:160208,,test,10,250.0,,,,,,,,,0.42768553653978486,0.6,,,,,,,5.307618149592353,0.03794733192202055,256,0.9999999999999999,0.9702014124008593,,1,223,1,exact,,,2,7.258856632334162e-05,,,,0.01582433399744332,94cc3d53e6a080cc4dc1388be4a1c9b02e448e56
dv3-B-lgcp-160209,3,B,lgcp,160209,16,,209,3:2:5:160209,,test,10,250.0,,,,,,,,,0.42768553653978486,0.6,,,,,,,5.307618149592353,0.03794733192202055,256,0.9999999999999999,0.9702014124008593,,1,261,1,exact,,,2,7.258856632334162e-05,,,,0.011299125002551591,b326d9a3216a219bce1eb7232f4d629f36e50999
dv3-B-lgcp-160210,3,B,lgcp,160210,16,,210,3:2:5:160210,,test,10,250.0,,,,,,,,,0.42768553653978486,0.6,,,,,,,5.307618149592353,0.03794733192202055,256,0.9999999999999999,0.9702014124008593,,1,275,1,exact,,,2,7.258856632334162e-05,,,,0.017179332997329766,85c32bc23583530e8800f3d3b64d3c86f14dc29c
dv3-B-lgcp-160211,3,B,lgcp,160211,16,,211,3:2:5:160211,,test,10,250.0,,,,,,,,,0.42768553653978486,0.6,,,,,,,5.307618149592353,0.03794733192202055,256,0.9999999999999999,0.9702014124008593,,1,257,1,exact,,,2,7.258856632334162e-05,,,,0.01606795800034888,66f8d9ccc809910e105512bef12636efdf1c5b90
dv3-B-lgcp-160212,3,B,lgcp,160212,16,,212,3:2:5:160212,,test,10,250.0,,,,,,,,,0.42768553653978486,0.6,,,,,,,5.307618149592353,0.03794733192202055,256,0.9999999999999999,0.9702014124008593,,1,210,1,exact,,,2,7.258856632334162e-05,,,,0.017426374997739913,31d7f1eeaffb7305d9f05fd6dccc63bba53532a4
dv3-B-lgcp-160213,3,B,lgcp,160213,16,,213,3:2:5:160213,,test,10,250.0,,,,,,,,,0.42768553653978486,0.6,,,,,,,5.307618149592353,0.03794733192202055,256,0.9999999999999999,0.9702014124008593,,1,192,1,exact,,,2,7.258856632334162e-05,,,,0.013759542001935188,3d0f145fba5ff90d1571c23998c1b36253dc4913
dv3-B-lgcp-160214,3,B,lgcp,160214,16,,214,3:2:5:160214,,test,10,250.0,,,,,,,,,0.42768553653978486,0.6,,,,,,,5.307618149592353,0.03794733192202055,256,0.9999999999999999,0.9702014124008593,,1,231,1,exact,,,2,7.258856632334162e-05,,,,0.01763304199994309,eaf9e6978244105283a6003cf1a54d0ff827445a
dv3-B-lgcp-160215,3,B,lgcp,160215,16,,215,3:2:5:160215,,test,10,250.0,,,,,,,,,0.42768553653978486,0.6,,,,,,,5.307618149592353,0.03794733192202055,256,0.9999999999999999,0.9702014124008593,,1,240,1,exact,,,2,7.258856632334162e-05,,,,0.014963834000809584,0b6d29adadc84f562ec985bc20bf3a806f623bb3
dv3-B-lgcp-160216,3,B,lgcp,160216,16,,216,3:2:5:160216,,test,10,250.0,,,,,,,,,0.42768553653978486,0.6,,,,,,,5.307618149592353,0.03794733192202055,256,0.9999999999999999,0.9702014124008593,,1,228,1,exact,,,2,7.258856632334162e-05,,,,0.018078749999403954,cda93d4fcabc19d5349929aabb51bc5ba104d9fa
dv3-B-lgcp-160217,3,B,lgcp,160217,16,,217,3:2:5:160217,,test,10,250.0,,,,,,,,,0.42768553653978486,0.6,,,,,,,5.307618149592353,0.03794733192202055,256,0.9999999999999999,0.9702014124008593,,1,224,1,exact,,,2,7.258856632334162e-05,,,,0.01657758399960585,9ba88c6c50105eaa2d36b62c29187b1e3b2aace1
dv3-B-lgcp-160218,3,B,lgcp,160218,16,,218,3:2:5:160218,,test,10,250.0,,,,,,,,,0.42768553653978486,0.6,,,,,,,5.307618149592353,0.03794733192202055,256,0.9999999999999999,0.9702014124008593,,1,242,1,exact,,,2,7.258856632334162e-05,,,,0.015054833002068335,6f5fd13a2573b316b62adb2b88b500297e77c091
dv3-B-lgcp-160219,3,B,lgcp,160219,16,,219,3:2:5:160219,,test,10,250.0,,,,,,,,,0.42768553653978486,0.6,,,,,,,5.307618149592353,0.03794733192202055,256,0.9999999999999999,0.9702014124008593,,1,254,1,exact,,,2,7.258856632334162e-05,,,,0.018561333999969065,28994cc3bd668b3c9f72bfafba8fe30e13d11d28
dv3-B-lgcp-160220,3,B,lgcp,160220,16,,220,3:2:5:160220,,test,10,250.0,,,,,,,,,0.42768553653978486,0.6,,,,,,,5.307618149592353,0.03794733192202055,256,0.9999999999999999,0.9702014124008593,,1,301,1,exact,,,2,7.258856632334162e-05,,,,0.019739332998142345,21c6e92caaee8247742a13cbc5adf0c77af0b91a
dv3-B-lgcp-160221,3,B,lgcp,160221,16,,221,3:2:5:160221,,test,10,250.0,,,,,,,,,0.42768553653978486,0.6,,,,,,,5.307618149592353,0.03794733192202055,256,0.9999999999999999,0.9702014124008593,,1,235,1,exact,,,2,7.258856632334162e-05,,,,0.02035020900075324,9010beebaa30516ade7977e0cf05470e9e1d51dc
dv3-B-lgcp-160222,3,B,lgcp,160222,16,,222,3:2:5:160222,,test,10,250.0,,,,,,,,,0.42768553653978486,0.6,,,,,,,5.307618149592353,0.03794733192202055,256,0.9999999999999999,0.9702014124008593,,1,264,1,exact,,,2,7.258856632334162e-05,,,,0.01665425000101095,56b75f5f55dd9dc6282480d89140d07486247a85
dv3-B-lgcp-160223,3,B,lgcp,160223,16,,223,3:2:5:160223,,test,10,250.0,,,,,,,,,0.42768553653978486,0.6,,,,,,,5.307618149592353,0.03794733192202055,256,0.9999999999999999,0.9702014124008593,,1,225,1,exact,,,2,7.258856632334162e-05,,,,0.023436208000930492,9c69ba804e9a534d97f95c213b6be67ac3b4e11a
dv3-B-lgcp-160224,3,B,lgcp,160224,16,,224,3:2:5:160224,,test,10,250.0,,,,,,,,,0.42768553653978486,0.6,,,,,,,5.307618149592353,0.03794733192202055,256,0.9999999999999999,0.9702014124008593,,1,259,1,exact,,,2,7.258856632334162e-05,,,,0.01748112499990384,0286cd399cbbf467f9b48d08d3fa1a24c45e1a9d
dv3-B-lgcp-160225,3,B,lgcp,160225,16,,225,3:2:5:160225,,test,10,250.0,,,,,,,,,0.42768553653978486,0.6,,,,,,,5.307618149592353,0.03794733192202055,256,0.9999999999999999,0.9702014124008593,,1,290,1,exact,,,2,7.258856632334162e-05,,,,0.017195542000990827,64cabb5947ca0840e475059650d833dce1c4f22d
dv3-B-lgcp-160226,3,B,lgcp,160226,16,,226,3:2:5:160226,,test,10,250.0,,,,,,,,,0.42768553653978486,0.6,,,,,,,5.307618149592353,0.03794733192202055,256,0.9999999999999999,0.9702014124008593,,1,248,1,exact,,,2,7.258856632334162e-05,,,,0.01653558299949509,2c012e96ba3cdd845c561f5fcd8942351a3fe31d
dv3-B-lgcp-160227,3,B,lgcp,160227,16,,227,3:2:5:160227,,test,10,250.0,,,,,,,,,0.42768553653978486,0.6,,,,,,,5.307618149592353,0.03794733192202055,256,0.9999999999999999,0.9702014124008593,,1,239,1,exact,,,2,7.258856632334162e-05,,,,0.01864479099822347,732430ba5d5043d8da17aea8d24b858a90c68362
dv3-B-lgcp-160228,3,B,lgcp,160228,16,,228,3:2:5:160228,,test,10,250.0,,,,,,,,,0.42768553653978486,0.6,,,,,,,5.307618149592353,0.03794733192202055,256,0.9999999999999999,0.9702014124008593,,1,279,1,exact,,,2,7.258856632334162e-05,,,,0.021458584000356495,d9127519849a2032a92cddbfc70d625a6c5054bd
dv3-B-lgcp-160229,3,B,lgcp,160229,16,,229,3:2:5:160229,,test,10,250.0,,,,,,,,,0.42768553653978486,0.6,,,,,,,5.307618149592353,0.03794733192202055,256,0.9999999999999999,0.9702014124008593,,1,288,1,exact,,,2,7.258856632334162e-05,,,,0.015665082999476,9a9aa06248fa3e7f932b0fe083793f9c8c0d85a1
dv3-B-lgcp-160230,3,B,lgcp,160230,16,,230,3:2:5:160230,,test,10,250.0,,,,,,,,,0.42768553653978486,0.6,,,,,,,5.307618149592353,0.03794733192202055,256,0.9999999999999999,0.9702014124008593,,1,246,1,exact,,,2,7.258856632334162e-05,,,,0.01417004200266092,e943e007bee1429402e56ec1ad670b4b4165e412
dv3-B-lgcp-160231,3,B,lgcp,160231,16,,231,3:2:5:160231,,test,10,250.0,,,,,,,,,0.42768553653978486,0.6,,,,,,,5.307618149592353,0.03794733192202055,256,0.9999999999999999,0.9702014124008593,,1,241,1,exact,,,2,7.258856632334162e-05,,,,0.019093792001513066,525d9ed99a22a8912047b51a0b904e1e14e4c43e
dv3-B-lgcp-160232,3,B,lgcp,160232,16,,232,3:2:5:160232,,test,10,250.0,,,,,,,,,0.42768553653978486,0.6,,,,,,,5.307618149592353,0.03794733192202055,256,0.9999999999999999,0.9702014124008593,,1,256,1,exact,,,2,7.258856632334162e-05,,,,0.012392749998980435,a52ab19973a03ace92505d9506a52e7145dca3ab
dv3-B-lgcp-160233,3,B,lgcp,160233,16,,233,3:2:5:160233,,test,10,250.0,,,,,,,,,0.42768553653978486,0.6,,,,,,,5.307618149592353,0.03794733192202055,256,0.9999999999999999,0.9702014124008593,,1,263,1,exact,,,2,7.258856632334162e-05,,,,0.01873537500068778,e562268a2d683296dffdb64cc57070c4503bb223
dv3-B-lgcp-160234,3,B,lgcp,160234,16,,234,3:2:5:160234,,test,10,250.0,,,,,,,,,0.42768553653978486,0.6,,,,,,,5.307618149592353,0.03794733192202055,256,0.9999999999999999,0.9702014124008593,,1,210,1,exact,,,2,7.258856632334162e-05,,,,0.015499375000217697,a01cbbb91818d7adb12dcff028877c2df82ec264
dv3-B-lgcp-160235,3,B,lgcp,160235,16,,235,3:2:5:160235,,test,10,250.0,,,,,,,,,0.42768553653978486,0.6,,,,,,,5.307618149592353,0.03794733192202055,256,0.9999999999999999,0.9702014124008593,,1,243,1,exact,,,2,7.258856632334162e-05,,,,0.0149877080002625,46b631f699732c318fb1e41d3e3d559cd0c1a0f6
dv3-B-lgcp-160236,3,B,lgcp,160236,16,,236,3:2:5:160236,,test,10,250.0,,,,,,,,,0.42768553653978486,0.6,,,,,,,5.307618149592353,0.03794733192202055,256,0.9999999999999999,0.9702014124008593,,1,247,1,exact,,,2,7.258856632334162e-05,,,,0.018174625001847744,9b28f0f21a81b4148da000e1c4e4281707654e32
dv3-B-lgcp-160237,3,B,lgcp,160237,16,,237,3:2:5:160237,,test,10,250.0,,,,,,,,,0.42768553653978486,0.6,,,,,,,5.307618149592353,0.03794733192202055,256,0.9999999999999999,0.9702014124008593,,1,263,1,exact,,,2,7.258856632334162e-05,,,,0.013372917001106543,ec5fdf48adc14d0ff2737461458db8efd37fadbf
dv3-B-lgcp-160238,3,B,lgcp,160238,16,,238,3:2:5:160238,,test,10,250.0,,,,,,,,,0.42768553653978486,0.6,,,,,,,5.307618149592353,0.03794733192202055,256,0.9999999999999999,0.9702014124008593,,1,273,1,exact,,,2,7.258856632334162e-05,,,,0.015432042000611546,0302bccff58847ee1d3a6235f671b3d13e561cc6
dv3-B-lgcp-160239,3,B,lgcp,160239,16,,239,3:2:5:160239,,test,10,250.0,,,,,,,,,0.42768553653978486,0.6,,,,,,,5.307618149592353,0.03794733192202055,256,0.9999999999999999,0.9702014124008593,,1,243,1,exact,,,2,7.258856632334162e-05,,,,0.015829625001060776,b4e6cea2e77ffc2f72e948ebac5ca2fbf75511c4
dv3-B-lgcp-160240,3,B,lgcp,160240,16,,240,3:2:5:160240,,test,10,250.0,,,,,,,,,0.42768553653978486,0.6,,,,,,,5.307618149592353,0.03794733192202055,256,0.9999999999999999,0.9702014124008593,,1,212,1,exact,,,2,7.258856632334162e-05,,,,0.01320708399725845,b8611e71aa4cc284b52d585e7b00c99f7ec6ffe8
dv3-B-lgcp-160241,3,B,lgcp,160241,16,,241,3:2:5:160241,,test,10,250.0,,,,,,,,,0.42768553653978486,0.6,,,,,,,5.307618149592353,0.03794733192202055,256,0.9999999999999999,0.9702014124008593,,1,229,1,exact,,,2,7.258856632334162e-05,,,,0.01440799999909359,81b30b6a9f9775c69dd43158fee98b8b0ed91c0d
dv3-B-lgcp-160242,3,B,lgcp,160242,16,,242,3:2:5:160242,,test,10,250.0,,,,,,,,,0.42768553653978486,0.6,,,,,,,5.307618149592353,0.03794733192202055,256,0.9999999999999999,0.9702014124008593,,1,244,1,exact,,,2,7.258856632334162e-05,,,,0.01548466700114659,1960faccc5ea53f6374f75c80cb29a84e1b1c83f
dv3-B-lgcp-160243,3,B,lgcp,160243,16,,243,3:2:5:160243,,test,10,250.0,,,,,,,,,0.42768553653978486,0.6,,,,,,,5.307618149592353,0.03794733192202055,256,0.9999999999999999,0.9702014124008593,,1,270,1,exact,,,2,7.258856632334162e-05,,,,0.01811158399868873,c47f047f02baf16d1e1d1bf1e87402150e24b6be
dv3-B-lgcp-160244,3,B,lgcp,160244,16,,244,3:2:5:160244,,test,10,250.0,,,,,,,,,0.42768553653978486,0.6,,,,,,,5.307618149592353,0.03794733192202055,256,0.9999999999999999,0.9702014124008593,,1,267,1,exact,,,2,7.258856632334162e-05,,,,0.016192708997550653,a0015135b2a989ca7ee980547951b103b79ec73a
dv3-B-lgcp-160245,3,B,lgcp,160245,16,,245,3:2:5:160245,,test,10,250.0,,,,,,,,,0.42768553653978486,0.6,,,,,,,5.307618149592353,0.03794733192202055,256,0.9999999999999999,0.9702014124008593,,1,223,1,exact,,,2,7.258856632334162e-05,,,,0.021499124999536434,89373cc8043efc7b6c8b21ae7d7314f5c8260b96
dv3-B-lgcp-160246,3,B,lgcp,160246,16,,246,3:2:5:160246,,test,10,250.0,,,,,,,,,0.42768553653978486,0.6,,,,,,,5.307618149592353,0.03794733192202055,256,0.9999999999999999,0.9702014124008593,,1,246,1,exact,,,2,7.258856632334162e-05,,,,0.0198225000021921,204a9983b81e2b573d156c6cc7412ab2fb87ccc1
dv3-B-lgcp-160247,3,B,lgcp,160247,16,,247,3:2:5:160247,,test,10,250.0,,,,,,,,,0.42768553653978486,0.6,,,,,,,5.307618149592353,0.03794733192202055,256,0.9999999999999999,0.9702014124008593,,1,256,1,exact,,,2,7.258856632334162e-05,,,,0.01932795900211204,4f80ee2829ff72361bd35c21032e64225c45ec3c
dv3-B-lgcp-160248,3,B,lgcp,160248,16,,248,3:2:5:160248,,test,10,250.0,,,,,,,,,0.42768553653978486,0.6,,,,,,,5.307618149592353,0.03794733192202055,256,0.9999999999999999,0.9702014124008593,,1,231,1,exact,,,2,7.258856632334162e-05,,,,0.018184915999881923,96623f227838c056201c02b8e7a2484b1c2a36a1
dv3-B-lgcp-160249,3,B,lgcp,160249,16,,249,3:2:5:160249,,test,10,250.0,,,,,,,,,0.42768553653978486,0.6,,,,,,,5.307618149592353,0.03794733192202055,256,0.9999999999999999,0.9702014124008593,,1,248,1,exact,,,2,7.258856632334162e-05,,,,0.012159041998529574,f9fa44f746af981f78d769cea8e90432b7a48799
dv3-B-lgcp-160250,3,B,lgcp,160250,16,,250,3:2:5:160250,,test,10,250.0,,,,,,,,,0.42768553653978486,0.6,,,,,,,5.307618149592353,0.03794733192202055,256,0.9999999999999999,0.9702014124008593,,1,234,1,exact,,,2,7.258856632334162e-05,,,,0.023899457999505103,5c66879b382b4d41d93870f8c7fefbb4e6bfd0c2
dv3-B-lgcp-160251,3,B,lgcp,160251,16,,251,3:2:5:160251,,test,10,250.0,,,,,,,,,0.42768553653978486,0.6,,,,,,,5.307618149592353,0.03794733192202055,256,0.9999999999999999,0.9702014124008593,,1,300,1,exact,,,2,7.258856632334162e-05,,,,0.02122070900077233,99b9eb4804a6182a340cb4fcdb341b423bd644af
dv3-B-lgcp-160252,3,B,lgcp,160252,16,,252,3:2:5:160252,,test,10,250.0,,,,,,,,,0.42768553653978486,0.6,,,,,,,5.307618149592353,0.03794733192202055,256,0.9999999999999999,0.9702014124008593,,1,215,1,exact,,,2,7.258856632334162e-05,,,,0.014468375000433298,ef6c5cf7a6ce6bcb51a1724ddd30702e746855d9
dv3-B-lgcp-160253,3,B,lgcp,160253,16,,253,3:2:5:160253,,test,10,250.0,,,,,,,,,0.42768553653978486,0.6,,,,,,,5.307618149592353,0.03794733192202055,256,0.9999999999999999,0.9702014124008593,,1,254,1,exact,,,2,7.258856632334162e-05,,,,0.015795209001225885,1e3e119928434537a8a552991835aa3ee5519b40
dv3-B-lgcp-160254,3,B,lgcp,160254,16,,254,3:2:5:160254,,test,10,250.0,,,,,,,,,0.42768553653978486,0.6,,,,,,,5.307618149592353,0.03794733192202055,256,0.9999999999999999,0.9702014124008593,,1,260,1,exact,,,2,7.258856632334162e-05,,,,0.019914750002499204,b09a3060f2542a58c7f1ce9f658f46b8857f6f4d
dv3-B-lgcp-160255,3,B,lgcp,160255,16,,255,3:2:5:160255,,test,10,250.0,,,,,,,,,0.42768553653978486,0.6,,,,,,,5.307618149592353,0.03794733192202055,256,0.9999999999999999,0.9702014124008593,,1,266,1,exact,,,2,7.258856632334162e-05,,,,0.016141833999427035,349cb4fcb9d69622236ede15b53128bc831d085d
dv3-B-lgcp-160256,3,B,lgcp,160256,16,,256,3:2:5:160256,,test,10,250.0,,,,,,,,,0.42768553653978486,0.6,,,,,,,5.307618149592353,0.03794733192202055,256,0.9999999999999999,0.9702014124008593,,1,223,1,exact,,,2,7.258856632334162e-05,,,,0.017655499999818858,e6586b5ec2b8436dcb9664a98f59b06b1156b9ea
dv3-B-lgcp-160257,3,B,lgcp,160257,16,,257,3:2:5:160257,,test,10,250.0,,,,,,,,,0.42768553653978486,0.6,,,,,,,5.307618149592353,0.03794733192202055,256,0.9999999999999999,0.9702014124008593,,1,268,1,exact,,,2,7.258856632334162e-05,,,,0.019990209002571646,0fedbcdb543468fb1857fff4a834ddb04e6371c1
dv3-B-lgcp-160258,3,B,lgcp,160258,16,,258,3:2:5:160258,,test,10,250.0,,,,,,,,,0.42768553653978486,0.6,,,,,,,5.307618149592353,0.03794733192202055,256,0.9999999999999999,0.9702014124008593,,1,245,1,exact,,,2,7.258856632334162e-05,,,,0.018023541000729892,ac035e1cead6ee12a9dc6c7193ff1f640636c571
dv3-B-lgcp-160259,3,B,lgcp,160259,16,,259,3:2:5:160259,,test,10,250.0,,,,,,,,,0.42768553653978486,0.6,,,,,,,5.307618149592353,0.03794733192202055,256,0.9999999999999999,0.9702014124008593,,1,233,1,exact,,,2,7.258856632334162e-05,,,,0.016710374999092892,9675fd8306d6bf3cdfa1ff0c5574bf9e151e31ac
dv3-B-lgcp-160260,3,B,lgcp,160260,16,,260,3:2:5:160260,,test,10,250.0,,,,,,,,,0.42768553653978486,0.6,,,,,,,5.307618149592353,0.03794733192202055,256,0.9999999999999999,0.9702014124008593,,1,270,1,exact,,,2,7.258856632334162e-05,,,,0.02016274999914458,5de708c0bcdbc92234a142ede4c21d130afc59d5
dv3-B-lgcp-160261,3,B,lgcp,160261,16,,261,3:2:5:160261,,test,10,250.0,,,,,,,,,0.42768553653978486,0.6,,,,,,,5.307618149592353,0.03794733192202055,256,0.9999999999999999,0.9702014124008593,,1,273,1,exact,,,2,7.258856632334162e-05,,,,0.01643720799984294,cba8b366e84e323818c4dce95fcff780c479c3e6
dv3-B-lgcp-160262,3,B,lgcp,160262,16,,262,3:2:5:160262,,test,10,250.0,,,,,,,,,0.42768553653978486,0.6,,,,,,,5.307618149592353,0.03794733192202055,256,0.9999999999999999,0.9702014124008593,,1,233,1,exact,,,2,7.258856632334162e-05,,,,0.02020408399766893,2f452d2ecf59fbcf894703f15a42de3c7ef025b9
dv3-B-lgcp-160263,3,B,lgcp,160263,16,,263,3:2:5:160263,,test,10,250.0,,,,,,,,,0.42768553653978486,0.6,,,,,,,5.307618149592353,0.03794733192202055,256,0.9999999999999999,0.9702014124008593,,1,246,1,exact,,,2,7.258856632334162e-05,,,,0.01472762500270619,5be753c443603d61f0f6f9275e5ed62be421c742
dv3-B-lgcp-160264,3,B,lgcp,160264,16,,264,3:2:5:160264,,test,10,250.0,,,,,,,,,0.42768553653978486,0.6,,,,,,,5.307618149592353,0.03794733192202055,256,0.9999999999999999,0.9702014124008593,,1,233,1,exact,,,2,7.258856632334162e-05,,,,0.018184707998443628,b7dad94e6be7ec50170fbd949d96f4fd7dcf8774
dv3-B-lgcp-160265,3,B,lgcp,160265,16,,265,3:2:5:160265,,test,10,250.0,,,,,,,,,0.42768553653978486,0.6,,,,,,,5.307618149592353,0.03794733192202055,256,0.9999999999999999,0.9702014124008593,,1,283,1,exact,,,2,7.258856632334162e-05,,,,0.014694500001496635,128e3d3162c95c91ee7f1ab007885a93d79db7b5
dv3-B-lgcp-160266,3,B,lgcp,160266,16,,266,3:2:5:160266,,test,10,250.0,,,,,,,,,0.42768553653978486,0.6,,,,,,,5.307618149592353,0.03794733192202055,256,0.9999999999999999,0.9702014124008593,,1,246,1,exact,,,2,7.258856632334162e-05,,,,0.018208457997388905,03a1b0f4a9b7cb0e0ab13f8162a672142a8bb93b
dv3-B-lgcp-160267,3,B,lgcp,160267,16,,267,3:2:5:160267,,test,10,250.0,,,,,,,,,0.42768553653978486,0.6,,,,,,,5.307618149592353,0.03794733192202055,256,0.9999999999999999,0.9702014124008593,,1,286,1,exact,,,2,7.258856632334162e-05,,,,0.016954957998677855,0a80faaaffe02c8fd47c8d6a790e5e990981051d
dv3-B-lgcp-160268,3,B,lgcp,160268,16,,268,3:2:5:160268,,test,10,250.0,,,,,,,,,0.42768553653978486,0.6,,,,,,,5.307618149592353,0.03794733192202055,256,0.9999999999999999,0.9702014124008593,,1,306,1,exact,,,2,7.258856632334162e-05,,,,0.017281000000366475,f13acd9d03fd99fecd9ca5b686ec7f1e4f7af59b
dv3-B-lgcp-160269,3,B,lgcp,160269,16,,269,3:2:5:160269,,test,10,250.0,,,,,,,,,0.42768553653978486,0.6,,,,,,,5.307618149592353,0.03794733192202055,256,0.9999999999999999,0.9702014124008593,,1,251,1,exact,,,2,7.258856632334162e-05,,,,0.01639154199801851,ae13c7dceec13e8d56f1f42e23726c002cabe7ba
dv3-B-lgcp-160270,3,B,lgcp,160270,16,,270,3:2:5:160270,,test,10,250.0,,,,,,,,,0.42768553653978486,0.6,,,,,,,5.307618149592353,0.03794733192202055,256,0.9999999999999999,0.9702014124008593,,1,229,1,exact,,,2,7.258856632334162e-05,,,,0.015762291997816646,419731d736c1da8be827cd1dbeb30a4d085f1180
dv3-B-lgcp-160271,3,B,lgcp,160271,16,,271,3:2:5:160271,,test,10,250.0,,,,,,,,,0.42768553653978486,0.6,,,,,,,5.307618149592353,0.03794733192202055,256,0.9999999999999999,0.9702014124008593,,1,280,1,exact,,,2,7.258856632334162e-05,,,,0.02140062499893247,c68540e2aa08bcace1a4c68173d26f5c28a0c836
dv3-B-lgcp-160272,3,B,lgcp,160272,16,,272,3:2:5:160272,,test,10,250.0,,,,,,,,,0.42768553653978486,0.6,,,,,,,5.307618149592353,0.03794733192202055,256,0.9999999999999999,0.9702014124008593,,1,241,1,exact,,,2,7.258856632334162e-05,,,,0.014334208000946091,6382ae229b60185b9225beaa52585867b3fd050f
dv3-B-lgcp-160273,3,B,lgcp,160273,16,,273,3:2:5:160273,,test,10,250.0,,,,,,,,,0.42768553653978486,0.6,,,,,,,5.307618149592353,0.03794733192202055,256,0.9999999999999999,0.9702014124008593,,1,231,1,exact,,,2,7.258856632334162e-05,,,,0.01540029099851381,b5b3e5240bce06af0d09f951eb93397334f31a03
dv3-B-lgcp-160274,3,B,lgcp,160274,16,,274,3:2:5:160274,,test,10,250.0,,,,,,,,,0.42768553653978486,0.6,,,,,,,5.307618149592353,0.03794733192202055,256,0.9999999999999999,0.9702014124008593,,1,257,1,exact,,,2,7.258856632334162e-05,,,,0.019949666002503363,6ee222408ca0e91ad56bc142404f77368d0dadfc
dv3-B-lgcp-160275,3,B,lgcp,160275,16,,275,3:2:5:160275,,test,10,250.0,,,,,,,,,0.42768553653978486,0.6,,,,,,,5.307618149592353,0.03794733192202055,256,0.9999999999999999,0.9702014124008593,,1,225,1,exact,,,2,7.258856632334162e-05,,,,0.017222833001142135,9a93188e4f8720e1916ac0d41362921dda00e753
dv3-B-lgcp-160276,3,B,lgcp,160276,16,,276,3:2:5:160276,,test,10,250.0,,,,,,,,,0.42768553653978486,0.6,,,,,,,5.307618149592353,0.03794733192202055,256,0.9999999999999999,0.9702014124008593,,1,224,1,exact,,,2,7.258856632334162e-05,,,,0.012831665997509845,42058587f53e6f8d1136ce421c80346a5bcc1c8b
dv3-B-lgcp-160277,3,B,lgcp,160277,16,,277,3:2:5:160277,,test,10,250.0,,,,,,,,,0.42768553653978486,0.6,,,,,,,5.307618149592353,0.03794733192202055,256,0.9999999999999999,0.9702014124008593,,1,265,1,exact,,,2,7.258856632334162e-05,,,,0.015357250002125511,2e97b42ea9f46eca99c0c780782ad7aca91c12f6
dv3-B-lgcp-160278,3,B,lgcp,160278,16,,278,3:2:5:160278,,test,10,250.0,,,,,,,,,0.42768553653978486,0.6,,,,,,,5.307618149592353,0.03794733192202055,256,0.9999999999999999,0.9702014124008593,,1,267,1,exact,,,2,7.258856632334162e-05,,,,0.01556574999995064,fc904e786ca2323161de0d1fdf83cf7fb7e2ac6a
dv3-B-lgcp-160279,3,B,lgcp,160279,16,,279,3:2:5:160279,,test,10,250.0,,,,,,,,,0.42768553653978486,0.6,,,,,,,5.307618149592353,0.03794733192202055,256,0.9999999999999999,0.9702014124008593,,1,237,1,exact,,,2,7.258856632334162e-05,,,,0.016589750001003267,6142b24baa6602b800007e0e5330aa750058f24a
dv3-B-lgcp-160280,3,B,lgcp,160280,16,,280,3:2:5:160280,,test,10,250.0,,,,,,,,,0.42768553653978486,0.6,,,,,,,5.307618149592353,0.03794733192202055,256,0.9999999999999999,0.9702014124008593,,1,221,1,exact,,,2,7.258856632334162e-05,,,,0.020101458998396993,3b2a4d8b62292552b051f153c3ad3e197b45a317
dv3-B-lgcp-160281,3,B,lgcp,160281,16,,281,3:2:5:160281,,test,10,250.0,,,,,,,,,0.42768553653978486,0.6,,,,,,,5.307618149592353,0.03794733192202055,256,0.9999999999999999,0.9702014124008593,,1,275,1,exact,,,2,7.258856632334162e-05,,,,0.020503250001638662,5922306a02f3ffea6fb0962589f92560f15ac67d
dv3-B-lgcp-160282,3,B,lgcp,160282,16,,282,3:2:5:160282,,test,10,250.0,,,,,,,,,0.42768553653978486,0.6,,,,,,,5.307618149592353,0.03794733192202055,256,0.9999999999999999,0.9702014124008593,,1,255,1,exact,,,2,7.258856632334162e-05,,,,0.01737866599796689,47ac7c48b15c6aed20636a2f736177a29fc28541
dv3-B-lgcp-160283,3,B,lgcp,160283,16,,283,3:2:5:160283,,test,10,250.0,,,,,,,,,0.42768553653978486,0.6,,,,,,,5.307618149592353,0.03794733192202055,256,0.9999999999999999,0.9702014124008593,,1,258,1,exact,,,2,7.258856632334162e-05,,,,0.017382624999299878,64cf272d70692b1fe6f1e82e92280f93a9291939
dv3-B-lgcp-160284,3,B,lgcp,160284,16,,284,3:2:5:160284,,test,10,250.0,,,,,,,,,0.42768553653978486,0.6,,,,,,,5.307618149592353,0.03794733192202055,256,0.9999999999999999,0.9702014124008593,,1,235,1,exact,,,2,7.258856632334162e-05,,,,0.013701084000786068,1519f8278d2687cfe22d49d61ea466273b14893d
dv3-B-lgcp-160285,3,B,lgcp,160285,16,,285,3:2:5:160285,,test,10,250.0,,,,,,,,,0.42768553653978486,0.6,,,,,,,5.307618149592353,0.03794733192202055,256,0.9999999999999999,0.9702014124008593,,1,214,1,exact,,,2,7.258856632334162e-05,,,,0.018686625000555068,3cf52076bfb5943d6ed77cf45b3280a88ed0de9b
dv3-B-lgcp-160286,3,B,lgcp,160286,16,,286,3:2:5:160286,,test,10,250.0,,,,,,,,,0.42768553653978486,0.6,,,,,,,5.307618149592353,0.03794733192202055,256,0.9999999999999999,0.9702014124008593,,1,247,1,exact,,,2,7.258856632334162e-05,,,,0.011158624998643063,0e27313c2f8c32324e10230007bfbff80e3a6328
dv3-B-lgcp-160287,3,B,lgcp,160287,16,,287,3:2:5:160287,,test,10,250.0,,,,,,,,,0.42768553653978486,0.6,,,,,,,5.307618149592353,0.03794733192202055,256,0.9999999999999999,0.9702014124008593,,1,241,1,exact,,,2,7.258856632334162e-05,,,,0.015661875000660075,03aba9eb5664391abff98b9cf4fc28f64a7a191f
dv3-B-lgcp-160288,3,B,lgcp,160288,16,,288,3:2:5:160288,,test,10,250.0,,,,,,,,,0.42768553653978486,0.6,,,,,,,5.307618149592353,0.03794733192202055,256,0.9999999999999999,0.9702014124008593,,1,274,1,exact,,,2,7.258856632334162e-05,,,,0.02146320899919374,bed23f84e8a3e8354f0adbb5abff3313352dd9d7
dv3-B-lgcp-160289,3,B,lgcp,160289,16,,289,3:2:5:160289,,test,10,250.0,,,,,,,,,0.42768553653978486,0.6,,,,,,,5.307618149592353,0.03794733192202055,256,0.9999999999999999,0.9702014124008593,,1,248,1,exact,,,2,7.258856632334162e-05,,,,0.016930208999838214,88b282348f140befd3d4c5f78c6c4af1729c3318
dv3-B-lgcp-160290,3,B,lgcp,160290,16,,290,3:2:5:160290,,test,10,250.0,,,,,,,,,0.42768553653978486,0.6,,,,,,,5.307618149592353,0.03794733192202055,256,0.9999999999999999,0.9702014124008593,,1,267,1,exact,,,2,7.258856632334162e-05,,,,0.01592545799940126,a5dff953a1f324f0caee600b1f2903c19cc2c006
dv3-B-lgcp-160291,3,B,lgcp,160291,16,,291,3:2:5:160291,,test,10,250.0,,,,,,,,,0.42768553653978486,0.6,,,,,,,5.307618149592353,0.03794733192202055,256,0.9999999999999999,0.9702014124008593,,1,261,1,exact,,,2,7.258856632334162e-05,,,,0.01642583300053957,f9fb71cc305af02a0f51e270c8b1b3aa97af9925
dv3-B-lgcp-160292,3,B,lgcp,160292,16,,292,3:2:5:160292,,test,10,250.0,,,,,,,,,0.42768553653978486,0.6,,,,,,,5.307618149592353,0.03794733192202055,256,0.9999999999999999,0.9702014124008593,,1,197,1,exact,,,2,7.258856632334162e-05,,,,0.013057249998382758,b8a4f87f01b46e6339575fcad8e0b7c79b30a689
dv3-B-lgcp-160293,3,B,lgcp,160293,16,,293,3:2:5:160293,,test,10,250.0,,,,,,,,,0.42768553653978486,0.6,,,,,,,5.307618149592353,0.03794733192202055,256,0.9999999999999999,0.9702014124008593,,1,246,1,exact,,,2,7.258856632334162e-05,,,,0.011570250000659144,2a0bf2dd551f8a104eb8d91ad2c868669e5b92f0
dv3-B-lgcp-160294,3,B,lgcp,160294,16,,294,3:2:5:160294,,test,10,250.0,,,,,,,,,0.42768553653978486,0.6,,,,,,,5.307618149592353,0.03794733192202055,256,0.9999999999999999,0.9702014124008593,,1,262,1,exact,,,2,7.258856632334162e-05,,,,0.016811040997708915,eedff155a8c64b920799cdcb460d3e1726f650b5
dv3-B-lgcp-160295,3,B,lgcp,160295,16,,295,3:2:5:160295,,test,10,250.0,,,,,,,,,0.42768553653978486,0.6,,,,,,,5.307618149592353,0.03794733192202055,256,0.9999999999999999,0.9702014124008593,,1,268,1,exact,,,2,7.258856632334162e-05,,,,0.013418832997558638,186cf2c29ffd56c329c73ac93ca38be2bec31544
dv3-B-lgcp-160296,3,B,lgcp,160296,16,,296,3:2:5:160296,,test,10,250.0,,,,,,,,,0.42768553653978486,0.6,,,,,,,5.307618149592353,0.03794733192202055,256,0.9999999999999999,0.9702014124008593,,1,251,1,exact,,,2,7.258856632334162e-05,,,,0.016482833001646213,c9ef2d01e2a61d68738296050f6112472e8e2585
dv3-B-lgcp-160297,3,B,lgcp,160297,16,,297,3:2:5:160297,,test,10,250.0,,,,,,,,,0.42768553653978486,0.6,,,,,,,5.307618149592353,0.03794733192202055,256,0.9999999999999999,0.9702014124008593,,1,264,1,exact,,,2,7.258856632334162e-05,,,,0.013896415999624878,7c1788e33a2533e126e441dab58aec81efdaee7c
dv3-B-lgcp-160298,3,B,lgcp,160298,16,,298,3:2:5:160298,,test,10,250.0,,,,,,,,,0.42768553653978486,0.6,,,,,,,5.307618149592353,0.03794733192202055,256,0.9999999999999999,0.9702014124008593,,1,264,1,exact,,,2,7.258856632334162e-05,,,,0.02029920799759566,e4147bd17ab25f87671ab6b5bc9ecf978978eff2
dv3-B-lgcp-160299,3,B,lgcp,160299,16,,299,3:2:5:160299,,test,10,250.0,,,,,,,,,0.42768553653978486,0.6,,,,,,,5.307618149592353,0.03794733192202055,256,0.9999999999999999,0.9702014124008593,,1,226,1,exact,,,2,7.258856632334162e-05,,,,0.012390416999551235,2d712fb658bb2b29cda561bb2c15df30e1bd5e43
