case_id,dv,set,family,index,cell_id,level_id,rep,spawn_key,r_seed,split,shard,nbar,mu,s,mu1,mu2,s2,rho,tau,gamma,sigma2,sp,kappa,sigma,sigma1,lam_p,R,beta,mu_log,s_abs,grid_M,delta_tilde,tau_K,tau_K2,prior_tries,n,pattern_tries,sampler,buffer,n_parents,pad_P,min_eig,cftp_start,mh_steps,burnin,wall_s,sha1
dv3-B-matern2-130300,3,B,matern2,130300,13,,300,3:2:3:130300,,test,11,500.0,,,,,,,0.26,,,,,,,562.0546324882555,0.011627553482998907,,,,,4.5101131926320885,0.18093924976952813,,1,506,1,exact,0.011627553482998907,587,,,,,,0.00022575000184588134,9fa0f6b65aa54ee15f31d4709902b02083e692cc
dv3-B-matern2-130301,3,B,matern2,130301,13,,301,3:2:3:130301,,test,11,500.0,,,,,,,0.26,,,,,,,562.0546324882555,0.011627553482998907,,,,,4.5101131926320885,0.18093924976952813,,1,473,1,exact,0.011627553482998907,555,,,,,,0.000168040998687502,d7f8369913fe18c6d8322f95f1fe8291de752b33
dv3-B-matern2-130302,3,B,matern2,130302,13,,302,3:2:3:130302,,test,11,500.0,,,,,,,0.26,,,,,,,562.0546324882555,0.011627553482998907,,,,,4.5101131926320885,0.18093924976952813,,1,512,1,exact,0.011627553482998907,600,,,,,,0.00016979199790512212,9bd8aefd753c1654fafd43d7cdfaad64865f12c9
dv3-B-matern2-130303,3,B,matern2,130303,13,,303,3:2:3:130303,,test,11,500.0,,,,,,,0.26,,,,,,,562.0546324882555,0.011627553482998907,,,,,4.5101131926320885,0.18093924976952813,,1,484,1,exact,0.011627553482998907,577,,,,,,0.00015574999997625127,f58ed4bf66c9599a61aca1c7e613d186d597cc24
dv3-B-matern2-130304,3,B,matern2,130304,13,,304,3:2:3:130304,,test,11,500.0,,,,,,,0.26,,,,,,,562.0546324882555,0.011627553482998907,,,,,4.5101131926320885,0.18093924976952813,,1,526,1,exact,0.011627553482998907,614,,,,,,0.0003079169982811436,e5285407ec95a46f478931d17a3a9aebd247ea61
dv3-B-matern2-130305,3,B,matern2,130305,13,,305,3:2:3:130305,,test,11,500.0,,,,,,,0.26,,,,,,,562.0546324882555,0.011627553482998907,,,,,4.5101131926320885,0.18093924976952813,,1,484,1,exact,0.011627553482998907,575,,,,,,0.0002569999996921979,defbdaae318a00b9fe21bba838d176a1e99b8d0a
dv3-B-matern2-130306,3,B,matern2,130306,13,,306,3:2:3:130306,,test,11,500.0,,,,,,,0.26,,,,,,,562.0546324882555,0.011627553482998907,,,,,4.5101131926320885,0.18093924976952813,,1,530,1,exact,0.011627553482998907,629,,,,,,0.00027320799927110784,90169993d40b81fb9aea98896275deda7b91cd6e
dv3-B-matern2-130307,3,B,matern2,130307,13,,307,3:2:3:130307,,test,11,500.0,,,,,,,0.26,,,,,,,562.0546324882555,0.011627553482998907,,,,,4.5101131926320885,0.18093924976952813,,1,498,1,exact,0.011627553482998907,607,,,,,,0.00024612499692011625,d40b030c6ebfbcc2b7bae81be23283f80957236a
dv3-B-matern2-130308,3,B,matern2,130308,13,,308,3:2:3:130308,,test,11,500.0,,,,,,,0.26,,,,,,,562.0546324882555,0.011627553482998907,,,,,4.5101131926320885,0.18093924976952813,,1,474,1,exact,0.011627553482998907,549,,,,,,0.0002168749997508712,c723029525d16613981ca758ccaaf9e62ea17266
dv3-B-matern2-130309,3,B,matern2,130309,13,,309,3:2:3:130309,,test,11,500.0,,,,,,,0.26,,,,,,,562.0546324882555,0.011627553482998907,,,,,4.5101131926320885,0.18093924976952813,,1,481,1,exact,0.011627553482998907,578,,,,,,0.00022562500089406967,b90bcfe63147aa8aa41e2e9a45aadb1bf0c25a04
dv3-B-matern2-130310,3,B,matern2,130310,13,,310,3:2:3:130310,,test,11,500.0,,,,,,,0.26,,,,,,,562.0546324882555,0.011627553482998907,,,,,4.5101131926320885,0.18093924976952813,,1,512,1,exact,0.011627553482998907,619,,,,,,0.00024116699933074415,c82cb69111a53dd4501f62d8c67e0c4d7a89d732
dv3-B-matern2-130311,3,B,matern2,130311,13,,311,3:2:3:130311,,test,11,500.0,,,,,,,0.26,,,,,,,562.0546324882555,0.011627553482998907,,,,,4.5101131926320885,0.18093924976952813,,1,497,1,exact,0.011627553482998907,590,,,,,,0.0002323749977222178,c56d552256c24dafa10a5c8f47da8ce6cc80227a
dv3-B-matern2-130312,3,B,matern2,130312,13,,312,3:2:3:130312,,test,11,500.0,,,,,,,0.26,,,,,,,562.0546324882555,0.011627553482998907,,,,,4.5101131926320885,0.18093924976952813,,1,496,1,exact,0.011627553482998907,581,,,,,,0.00023012499877950177,de0e1173f16bd3d2496e268c1bb5073d5951219b
dv3-B-matern2-130313,3,B,matern2,130313,13,,313,3:2:3:130313,,test,11,500.0,,,,,,,0.26,,,,,,,562.0546324882555,0.011627553482998907,,,,,4.5101131926320885,0.18093924976952813,,1,482,1,exact,0.011627553482998907,566,,,,,,0.0002210829989053309,8f29b65a93cb45083ec1c353ab48670a6efa5e3f
dv3-B-matern2-130314,3,B,matern2,130314,13,,314,3:2:3:130314,,test,11,500.0,,,,,,,0.26,,,,,,,562.0546324882555,0.011627553482998907,,,,,4.5101131926320885,0.18093924976952813,,1,498,1,exact,0.011627553482998907,588,,,,,,0.0002315420024388004,d32c91a8dfb7f567b3b81bade40ac5e7e8349f17
dv3-B-matern2-130315,3,B,matern2,130315,13,,315,3:2:3:130315,,test,11,500.0,,,,,,,0.26,,,,,,,562.0546324882555,0.011627553482998907,,,,,4.5101131926320885,0.18093924976952813,,1,492,1,exact,0.011627553482998907,583,,,,,,0.00022562500089406967,43b401ebbc45d2d6b4d5c709ba3da5e0c1d722a5
dv3-B-matern2-130316,3,B,matern2,130316,13,,316,3:2:3:130316,,test,11,500.0,,,,,,,0.26,,,,,,,562.0546324882555,0.011627553482998907,,,,,4.5101131926320885,0.18093924976952813,,1,499,1,exact,0.011627553482998907,580,,,,,,0.00022287500178208575,a9c55157bfd4b57dfcf124244fb16ff52c3c33e8
dv3-B-matern2-130317,3,B,matern2,130317,13,,317,3:2:3:130317,,test,11,500.0,,,,,,,0.26,,,,,,,562.0546324882555,0.011627553482998907,,,,,4.5101131926320885,0.18093924976952813,,1,494,1,exact,0.011627553482998907,570,,,,,,0.00022145899856695905,375ec2f25a16403783d57b046303cd4004ae7b5c
dv3-B-matern2-130318,3,B,matern2,130318,13,,318,3:2:3:130318,,test,11,500.0,,,,,,,0.26,,,,,,,562.0546324882555,0.011627553482998907,,,,,4.5101131926320885,0.18093924976952813,,1,510,1,exact,0.011627553482998907,598,,,,,,0.00022633300250163302,47755d0792cb0c7682196c59ddbdd89be576bd74
dv3-B-matern2-130319,3,B,matern2,130319,13,,319,3:2:3:130319,,test,11,500.0,,,,,,,0.26,,,,,,,562.0546324882555,0.011627553482998907,,,,,4.5101131926320885,0.18093924976952813,,1,512,1,exact,0.011627553482998907,593,,,,,,0.00022612499742535874,c76259b58f4ca5e489e4b87c25f4fbc07c9b2d4c
dv3-B-matern2-130320,3,B,matern2,130320,13,,320,3:2:3:130320,,test,11,500.0,,,,,,,0.26,,,,,,,562.0546324882555,0.011627553482998907,,,,,4.5101131926320885,0.18093924976952813,,1,496,1,exact,0.011627553482998907,590,,,,,,0.00022362500021699816,7f32050c3122e4c974b4b6f8a885704f477e1f40
dv3-B-matern2-130321,3,B,matern2,130321,13,,321,3:2:3:130321,,test,11,500.0,,,,,,,0.26,,,,,,,562.0546324882555,0.011627553482998907,,,,,4.5101131926320885,0.18093924976952813,,1,484,1,exact,0.011627553482998907,555,,,,,,0.00021741700038546696,e9bf4cfc7fab78dd3846112c17803b23be8e9127
dv3-B-matern2-130322,3,B,matern2,130322,13,,322,3:2:3:130322,,test,11,500.0,,,,,,,0.26,,,,,,,562.0546324882555,0.011627553482998907,,,,,4.5101131926320885,0.18093924976952813,,1,513,1,exact,0.011627553482998907,604,,,,,,0.00022979200002737343,3803cd13941c8087fbbde4eaf5b8ba0745c1a956
dv3-B-matern2-130323,3,B,matern2,130323,13,,323,3:2:3:130323,,test,11,500.0,,,,,,,0.26,,,,,,,562.0546324882555,0.011627553482998907,,,,,4.5101131926320885,0.18093924976952813,,1,496,1,exact,0.011627553482998907,600,,,,,,0.0002702080018934794,f703cadeb4176799e86a96dc0dd186cff3ecd64a
dv3-B-matern2-130324,3,B,matern2,130324,13,,324,3:2:3:130324,,test,11,500.0,,,,,,,0.26,,,,,,,562.0546324882555,0.011627553482998907,,,,,4.5101131926320885,0.18093924976952813,,1,471,1,exact,0.011627553482998907,557,,,,,,0.00015733400141471066,3107c2c4ccfa0470ba315581dfcb2fb09ce585aa
dv3-B-matern2-130325,3,B,matern2,130325,13,,325,3:2:3:130325,,test,11,500.0,,,,,,,0.26,,,,,,,562.0546324882555,0.011627553482998907,,,,,4.5101131926320885,0.18093924976952813,,1,481,1,exact,0.011627553482998907,570,,,,,,0.00015366699881269597,a39d7df5fa84cb93b5aff1947f704554ef2c33ca
dv3-B-matern2-130326,3,B,matern2,130326,13,,326,3:2:3:130326,,test,11,500.0,,,,,,,0.26,,,,,,,562.0546324882555,0.011627553482998907,,,,,4.5101131926320885,0.18093924976952813,,1,462,1,exact,0.011627553482998907,540,,,,,,0.00014583300071535632,a43fd11a171b420a54e613afc3ae367523f4e609
dv3-B-matern2-130327,3,B,matern2,130327,13,,327,3:2:3:130327,,test,11,500.0,,,,,,,0.26,,,,,,,562.0546324882555,0.011627553482998907,,,,,4.5101131926320885,0.18093924976952813,,1,506,1,exact,0.011627553482998907,583,,,,,,0.00015470799917238764,cbcc59eb9bded32e93d59bce86c69f05e27f8295
dv3-B-matern2-130328,3,B,matern2,130328,13,,328,3:2:3:130328,,test,11,500.0,,,,,,,0.26,,,,,,,562.0546324882555,0.011627553482998907,,,,,4.5101131926320885,0.18093924976952813,,1,508,1,exact,0.011627553482998907,582,,,,,,0.00015395799709949642,39e7e37919e9998cb2ca060f34c082dc0945b0c9
dv3-B-matern2-130329,3,B,matern2,130329,13,,329,3:2:3:130329,,test,11,500.0,,,,,,,0.26,,,,,,,562.0546324882555,0.011627553482998907,,,,,4.5101131926320885,0.18093924976952813,,1,510,1,exact,0.011627553482998907,610,,,,,,0.00016033299834816717,f584775c7ce19df58e02d5740c5e8f97446dea70
dv3-B-matern2-130330,3,B,matern2,130330,13,,330,3:2:3:130330,,test,11,500.0,,,,,,,0.26,,,,,,,562.0546324882555,0.011627553482998907,,,,,4.5101131926320885,0.18093924976952813,,1,510,1,exact,0.011627553482998907,592,,,,,,0.0001575839996803552,496d7117c7de8430df864b8e589aafbc515e9c42
dv3-B-matern2-130331,3,B,matern2,130331,13,,331,3:2:3:130331,,test,11,500.0,,,,,,,0.26,,,,,,,562.0546324882555,0.011627553482998907,,,,,4.5101131926320885,0.18093924976952813,,1,536,1,exact,0.011627553482998907,641,,,,,,0.0001663330003793817,c002eb8f699445906a684ff9fff60c8a4547b0bf
dv3-B-matern2-130332,3,B,matern2,130332,13,,332,3:2:3:130332,,test,11,500.0,,,,,,,0.26,,,,,,,562.0546324882555,0.011627553482998907,,,,,4.5101131926320885,0.18093924976952813,,1,492,1,exact,0.011627553482998907,584,,,,,,0.00015204200099105947,60824f9fa50db78ad8c803e9b45053db61e2e958
dv3-B-matern2-130333,3,B,matern2,130333,13,,333,3:2:3:130333,,test,11,500.0,,,,,,,0.26,,,,,,,562.0546324882555,0.011627553482998907,,,,,4.5101131926320885,0.18093924976952813,,1,491,1,exact,0.011627553482998907,555,,,,,,0.0001484160020481795,4bf9b95adffbad43cedd7d5583c4ba96b053db49
dv3-B-matern2-130334,3,B,matern2,130334,13,,334,3:2:3:130334,,test,11,500.0,,,,,,,0.26,,,,,,,562.0546324882555,0.011627553482998907,,,,,4.5101131926320885,0.18093924976952813,,1,478,1,exact,0.011627553482998907,562,,,,,,0.00014945799921406433,d61e2d8316d2a75fa3fb920d08ba4d2a4f95269b
dv3-B-matern2-130335,3,B,matern2,130335,13,,335,3:2:3:130335,,test,11,500.0,,,,,,,0.26,,,,,,,562.0546324882555,0.011627553482998907,,,,,4.5101131926320885,0.18093924976952813,,1,514,1,exact,0.011627553482998907,623,,,,,,0.00016387499999837019,64ea477497b8ac163a5926ed7952d4781d3bc9e6
dv3-B-matern2-130336,3,B,matern2,130336,13,,336,3:2:3:130336,,test,11,500.0,,,,,,,0.26,,,,,,,562.0546324882555,0.011627553482998907,,,,,4.5101131926320885,0.18093924976952813,,1,520,1,exact,0.011627553482998907,621,,,,,,0.00016079199849627912,29361cd479ace4ff36f190b308ae76356f70d2e3
dv3-B-matern2-130337,3,B,matern2,130337,13,,337,3:2:3:130337,,test,11,500.0,,,,,,,0.26,,,,,,,562.0546324882555,0.011627553482998907,,,,,4.5101131926320885,0.18093924976952813,,1,537,1,exact,0.011627553482998907,650,,,,,,0.00016608299847575836,0be4b36ce1ecee8da8ab2d460b570f67f857d939
dv3-B-matern2-130338,3,B,matern2,130338,13,,338,3:2:3:130338,,test,11,500.0,,,,,,,0.26,,,,,,,562.0546324882555,0.011627553482998907,,,,,4.5101131926320885,0.18093924976952813,,1,490,1,exact,0.011627553482998907,580,,,,,,0.00014908299999660812,df4e48e37f503501ee7b4d21e25faf3881433b6e
dv3-B-matern2-130339,3,B,matern2,130339,13,,339,3:2:3:130339,,test,11,500.0,,,,,,,0.26,,,,,,,562.0546324882555,0.011627553482998907,,,,,4.5101131926320885,0.18093924976952813,,1,506,1,exact,0.011627553482998907,591,,,,,,0.00015570899995509535,5aaa87d6c0339436c8750fa06ae38cbbd93eb631
dv3-B-matern2-130340,3,B,matern2,130340,13,,340,3:2:3:130340,,test,11,500.0,,,,,,,0.26,,,,,,,562.0546324882555,0.011627553482998907,,,,,4.5101131926320885,0.18093924976952813,,1,505,1,exact,0.011627553482998907,588,,,,,,0.00015470799917238764,ee562c23a9b2b951ea1f91b318cce5188bd5bdb5
dv3-B-matern2-130341,3,B,matern2,130341,13,,341,3:2:3:130341,,test,11,500.0,,,,,,,0.26,,,,,,,562.0546324882555,0.011627553482998907,,,,,4.5101131926320885,0.18093924976952813,,1,511,1,exact,0.011627553482998907,586,,,,,,0.00015549999807262793,c3a45aafc9c430b781201c4a1a1dd2b0ddb47ebe
dv3-B-matern2-130342,3,B,matern2,130342,13,,342,3:2:3:130342,,test,11,500.0,,,,,,,0.26,,,,,,,562.0546324882555,0.011627553482998907,,,,,4.5101131926320885,0.18093924976952813,,1,520,1,exact,0.011627553482998907,612,,,,,,0.00015908400018815883,fca2aef6ffeff0bb38b2511f2c4c403971122b01
dv3-B-matern2-130343,3,B,matern2,130343,13,,343,3:2:3:130343,,test,11,500.0,,,,,,,0.26,,,,,,,562.0546324882555,0.011627553482998907,,,,,4.5101131926320885,0.18093924976952813,,1,463,1,exact,0.011627553482998907,545,,,,,,0.0001457920006942004,40a150e5a8645f314584d606615126c4b6ec8aae
dv3-B-matern2-130344,3,B,matern2,130344,13,,344,3:2:3:130344,,test,11,500.0,,,,,,,0.26,,,,,,,562.0546324882555,0.011627553482998907,,,,,4.5101131926320885,0.18093924976952813,,1,485,1,exact,0.011627553482998907,566,,,,,,0.00014958400061004795,f5a8e924be5321c3411f48d9ca22a07eca4cac7b
dv3-B-matern2-130345,3,B,matern2,130345,13,,345,3:2:3:130345,,test,11,500.0,,,,,,,0.26,,,,,,,562.0546324882555,0.011627553482998907,,,,,4.5101131926320885,0.18093924976952813,,1,502,1,exact,0.011627553482998907,581,,,,,,0.00015095800335984677,61f3d2b83c3e9a0df1e5cfec29412233b37423c1
dv3-B-matern2-130346,3,B,matern2,130346,13,,346,3:2:3:130346,,test,11,500.0,,,,,,,0.26,,,,,,,562.0546324882555,0.011627553482998907,,,,,4.5101131926320885,0.18093924976952813,,1,489,1,exact,0.011627553482998907,572,,,,,,0.00015408399849548005,eca4733c474c72fc6ac1abdff171385efdd240d1
dv3-B-matern2-130347,3,B,matern2,130347,13,,347,3:2:3:130347,,test,11,500.0,,,,,,,0.26,,,,,,,562.0546324882555,0.011627553482998907,,,,,4.5101131926320885,0.18093924976952813,,1,481,1,exact,0.011627553482998907,571,,,,,,0.00014741600170964375,784a226eff2f6a971cec113befae32365f31d733
dv3-B-matern2-130348,3,B,matern2,130348,13,,348,3:2:3:130348,,test,11,500.0,,,,,,,0.26,,,,,,,562.0546324882555,0.011627553482998907,,,,,4.5101131926320885,0.18093924976952813,,1,493,1,exact,0.011627553482998907,576,,,,,,0.00014962499699322507,16415c54a975f4695078581e61b42218835a340b
dv3-B-matern2-130349,3,B,matern2,130349,13,,349,3:2:3:130349,,test,11,500.0,,,,,,,0.26,,,,,,,562.0546324882555,0.011627553482998907,,,,,4.5101131926320885,0.18093924976952813,,1,524,1,exact,0.011627553482998907,609,,,,,,0.00015645900202798657,d6da0a0abf2c8a426fcb395d92a4a2f2601267cd
dv3-B-matern2-130350,3,B,matern2,130350,13,,350,3:2:3:130350,,test,11,500.0,,,,,,,0.26,,,,,,,562.0546324882555,0.011627553482998907,,,,,4.5101131926320885,0.18093924976952813,,1,489,1,exact,0.011627553482998907,589,,,,,,0.0005889579988433979,ef30a96bfa29b28a065a660b28cbf5b40da2226e
dv3-B-matern2-130351,3,B,matern2,130351,13,,351,3:2:3:130351,,test,11,500.0,,,,,,,0.26,,,,,,,562.0546324882555,0.011627553482998907,,,,,4.5101131926320885,0.18093924976952813,,1,474,1,exact,0.011627553482998907,544,,,,,,0.0002478749993315432,d65b89aa3f6dd84f084e96cd39425038b59f47cd
dv3-B-matern2-130352,3,B,matern2,130352,13,,352,3:2:3:130352,,test,11,500.0,,,,,,,0.26,,,,,,,562.0546324882555,0.011627553482998907,,,,,4.5101131926320885,0.18093924976952813,,1,529,1,exact,0.011627553482998907,640,,,,,,0.0002520420021028258,e894eaab8099938d70483c109216e2da1491f57d
dv3-B-matern2-130353,3,B,matern2,130353,13,,353,3:2:3:130353,,test,11,500.0,,,,,,,0.26,,,,,,,562.0546324882555,0.011627553482998907,,,,,4.5101131926320885,0.18093924976952813,,1,552,1,exact,0.011627553482998907,641,,,,,,0.00024658300026203506,7433b88d5d09f1dbceb087b1b771a20144c221b8
dv3-B-matern2-130354,3,B,matern2,130354,13,,354,3:2:3:130354,,test,11,500.0,,,,,,,0.26,,,,,,,562.0546324882555,0.011627553482998907,,,,,4.5101131926320885,0.18093924976952813,,1,518,1,exact,0.011627553482998907,624,,,,,,0.00023962499835761264,b400b535c73a84dfdb1d0a83c53b602ee51de033
dv3-B-matern2-130355,3,B,matern2,130355,13,,355,3:2:3:130355,,test,11,500.0,,,,,,,0.26,,,,,,,562.0546324882555,0.011627553482998907,,,,,4.5101131926320885,0.18093924976952813,,1,483,1,exact,0.011627553482998907,560,,,,,,0.0002190000013797544,26fb9a685e57ff775145056c44022f2c0463351c
dv3-B-matern2-130356,3,B,matern2,130356,13,,356,3:2:3:130356,,test,11,500.0,,,,,,,0.26,,,,,,,562.0546324882555,0.011627553482998907,,,,,4.5101131926320885,0.18093924976952813,,1,525,1,exact,0.011627553482998907,621,,,,,,0.00023499999952036887,5cd6965b5e9c2650f4eadec9f526b567bbbdc9a9
dv3-B-matern2-130357,3,B,matern2,130357,13,,357,3:2:3:130357,,test,11,500.0,,,,,,,0.26,,,,,,,562.0546324882555,0.011627553482998907,,,,,4.5101131926320885,0.18093924976952813,,1,490,1,exact,0.011627553482998907,573,,,,,,0.00022120900030131452,91062a5697745dba9680928ab2e03e9effcd420f
dv3-B-matern2-130358,3,B,matern2,130358,13,,358,3:2:3:130358,,test,11,500.0,,,,,,,0.26,,,,,,,562.0546324882555,0.011627553482998907,,,,,4.5101131926320885,0.18093924976952813,,1,487,1,exact,0.011627553482998907,580,,,,,,0.00022158399951877072,20564502480d0fa889cfc91e9834b0b7744b86b3
dv3-B-matern2-130359,3,B,matern2,130359,13,,359,3:2:3:130359,,test,11,500.0,,,,,,,0.26,,,,,,,562.0546324882555,0.011627553482998907,,,,,4.5101131926320885,0.18093924976952813,,1,513,1,exact,0.011627553482998907,602,,,,,,0.00022899999748915434,bc681976cd92a2c6709a5a59a095bc6edc515377
dv3-B-matern2-130360,3,B,matern2,130360,13,,360,3:2:3:130360,,test,11,500.0,,,,,,,0.26,,,,,,,562.0546324882555,0.011627553482998907,,,,,4.5101131926320885,0.18093924976952813,,1,472,1,exact,0.011627553482998907,555,,,,,,0.00021458400078699924,223e0f1b1553a971f42133bf641f1c64dda4b5f1
dv3-B-matern2-130361,3,B,matern2,130361,13,,361,3:2:3:130361,,test,11,500.0,,,,,,,0.26,,,,,,,562.0546324882555,0.011627553482998907,,,,,4.5101131926320885,0.18093924976952813,,1,499,1,exact,0.011627553482998907,590,,,,,,0.00023670799782848917,e0672d9be144f8ed03b213c105e72f035e6a2c47
dv3-B-matern2-130362,3,B,matern2,130362,13,,362,3:2:3:130362,,test,11,500.0,,,,,,,0.26,,,,,,,562.0546324882555,0.011627553482998907,,,,,4.5101131926320885,0.18093924976952813,,1,493,1,exact,0.011627553482998907,575,,,,,,0.00022445899958256632,d266285c3f84f9867c27fb033614ef1e90b47e14
dv3-B-matern2-130363,3,B,matern2,130363,13,,363,3:2:3:130363,,test,11,500.0,,,,,,,0.26,,,,,,,562.0546324882555,0.011627553482998907,,,,,4.5101131926320885,0.18093924976952813,,1,516,1,exact,0.011627553482998907,608,,,,,,0.0002319999985047616,26ae7bf000919d4f1f028b5c1471c309b55e5b3b
dv3-B-matern2-130364,3,B,matern2,130364,13,,364,3:2:3:130364,,test,11,500.0,,,,,,,0.26,,,,,,,562.0546324882555,0.011627553482998907,,,,,4.5101131926320885,0.18093924976952813,,1,484,1,exact,0.011627553482998907,584,,,,,,0.00022083300063968636,cb8978848a9442bc13a1d1be458f573c1ca2dddf
dv3-B-matern2-130365,3,B,matern2,130365,13,,365,3:2:3:130365,,test,11,500.0,,,,,,,0.26,,,,,,,562.0546324882555,0.011627553482998907,,,,,4.5101131926320885,0.18093924976952813,,1,533,1,exact,0.011627553482998907,613,,,,,,0.00022920800256542861,d62bee90e3f7411d74b9964e9b610745bfb478a6
dv3-B-matern2-130366,3,B,matern2,130366,13,,366,3:2:3:130366,,test,11,500.0,,,,,,,0.26,,,,,,,562.0546324882555,0.011627553482998907,,,,,4.5101131926320885,0.18093924976952813,,1,489,1,exact,0.011627553482998907,570,,,,,,0.00021850000121048652,3319491fca94eaeea22d5d7873c1e0f716875dc5
dv3-B-matern2-130367,3,B,matern2,130367,13,,367,3:2:3:130367,,test,11,500.0,,,,,,,0.26,,,,,,,562.0546324882555,0.011627553482998907,,,,,4.5101131926320885,0.18093924976952813,,1,448,1,exact,0.011627553482998907,542,,,,,,0.00021149999884073623,1e1e58bac951db6f1efca9e557d9a75944ba3917
dv3-B-matern2-130368,3,B,matern2,130368,13,,368,3:2:3:130368,,test,11,500.0,,,,,,,0.26,,,,,,,562.0546324882555,0.011627553482998907,,,,,4.5101131926320885,0.18093924976952813,,1,506,1,exact,0.011627553482998907,593,,,,,,0.00022812499810243025,0459932c858594a12d4db1bdeeed07938e4487a3
dv3-B-matern2-130369,3,B,matern2,130369,13,,369,3:2:3:130369,,test,11,500.0,,,,,,,0.26,,,,,,,562.0546324882555,0.011627553482998907,,,,,4.5101131926320885,0.18093924976952813,,1,523,1,exact,0.011627553482998907,612,,,,,,0.00023183300072560087,38b325fc307fd9db99b5d177adc5e53b58ddbdfb
dv3-B-matern2-130370,3,B,matern2,130370,13,,370,3:2:3:130370,,test,11,500.0,,,,,,,0.26,,,,,,,562.0546324882555,0.011627553482998907,,,,,4.5101131926320885,0.18093924976952813,,1,485,1,exact,0.011627553482998907,575,,,,,,0.00026812500072992407,fc711d7e98d6a7735ce8d033df383a3e1f48990f
dv3-B-matern2-130371,3,B,matern2,130371,13,,371,3:2:3:130371,,test,11,500.0,,,,,,,0.26,,,,,,,562.0546324882555,0.011627553482998907,,,,,4.5101131926320885,0.18093924976952813,,1,493,1,exact,0.011627553482998907,579,,,,,,0.0002381250014877878,a0625a5c04df3ea2a9e7508cc6c2c8eca3a602a9
dv3-B-matern2-130372,3,B,matern2,130372,13,,372,3:2:3:130372,,test,11,500.0,,,,,,,0.26,,,,,,,562.0546324882555,0.011627553482998907,,,,,4.5101131926320885,0.18093924976952813,,1,512,1,exact,0.011627553482998907,595,,,,,,0.0002330839997739531,8ea8ef4007ea8a9f7f204da1eb7b9fcfa44ac305
dv3-B-matern2-130373,3,B,matern2,130373,13,,373,3:2:3:130373,,test,11,500.0,,,,,,,0.26,,,,,,,562.0546324882555,0.011627553482998907,,,,,4.5101131926320885,0.18093924976952813,,1,465,1,exact,0.011627553482998907,551,,,,,,0.00022283300131675787,15161cc3bc202bc232b70999d23cf964fa0d5f79
dv3-B-matern2-130374,3,B,matern2,130374,13,,374,3:2:3:130374,,test,11,500.0,,,,,,,0.26,,,,,,,562.0546324882555,0.011627553482998907,,,,,4.5101131926320885,0.18093924976952813,,1,535,1,exact,0.011627553482998907,645,,,,,,0.00024937499983934686,046ae74ec6baf84ad63654b4cde90ac51e5c6f67
dv3-B-matern2-130375,3,B,matern2,130375,13,,375,3:2:3:130375,,test,11,500.0,,,,,,,0.26,,,,,,,562.0546324882555,0.011627553482998907,,,,,4.5101131926320885,0.18093924976952813,,1,512,1,exact,0.011627553482998907,597,,,,,,0.00023337499806075357,bfd758be9a631ff6ed6eca485511cddbb9c59ca3
dv3-B-matern2-130376,3,B,matern2,130376,13,,376,3:2:3:130376,,test,11,500.0,,,,,,,0.26,,,,,,,562.0546324882555,0.011627553482998907,,,,,4.5101131926320885,0.18093924976952813,,1,500,1,exact,0.011627553482998907,595,,,,,,0.00022904100114828907,831d8e73a6149bc1b158fbf15f4427a6a53b899b
dv3-B-matern2-130377,3,B,matern2,130377,13,,377,3:2:3:130377,,test,11,500.0,,,,,,,0.26,,,,,,,562.0546324882555,0.011627553482998907,,,,,4.5101131926320885,0.18093924976952813,,1,522,1,exact,0.011627553482998907,632,,,,,,0.00024408399985986762,a06bd0feaac355f89c77de48fd9a0a6d599fa214
dv3-B-matern2-130378,3,B,matern2,130378,13,,378,3:2:3:130378,,test,11,500.0,,,,,,,0.26,,,,,,,562.0546324882555,0.011627553482998907,,,,,4.5101131926320885,0.18093924976952813,,1,495,1,exact,0.011627553482998907,578,,,,,,0.00022366699704434723,75fc01ac19ce792f1f30b77ae25a1e58777d17b2
dv3-B-matern2-130379,3,B,matern2,130379,13,,379,3:2:3:130379,,test,11,500.0,,,,,,,0.26,,,,,,,562.0546324882555,0.011627553482998907,,,,,4.5101131926320885,0.18093924976952813,,1,527,1,exact,0.011627553482998907,627,,,,,,0.00023950000104377978,4a267ba57ffb264d21f6c2c645503b57a2b876d4
dv3-B-matern2-130380,3,B,matern2,130380,13,,380,3:2:3:130380,,test,11,500.0,,,,,,,0.26,,,,,,,562.0546324882555,0.011627553482998907,,,,,4.5101131926320885,0.18093924976952813,,1,533,1,exact,0.011627553482998907,615,,,,,,0.00022979200002737343,ac7ae0402c59ee2f48386c045c8d1f7b09358bd6
dv3-B-matern2-130381,3,B,matern2,130381,13,,381,3:2:3:130381,,test,11,500.0,,,,,,,0.26,,,,,,,562.0546324882555,0.011627553482998907,,,,,4.5101131926320885,0.18093924976952813,,1,509,1,exact,0.011627553482998907,602,,,,,,0.00022924999939277768,ee4549edc8c501c3f081ade6bd9793a0c3f876b2
dv3-B-matern2-130382,3,B,matern2,130382,13,,382,3:2:3:130382,,test,11,500.0,,,,,,,0.26,,,,,,,562.0546324882555,0.011627553482998907,,,,,4.5101131926320885,0.18093924976952813,,1,496,1,exact,0.011627553482998907,590,,,,,,0.00022391699894797057,848be6abcfaa14bee89c9838b123c3af4fa83771
dv3-B-matern2-130383,3,B,matern2,130383,13,,383,3:2:3:130383,,test,11,500.0,,,,,,,0.26,,,,,,,562.0546324882555,0.011627553482998907,,,,,4.5101131926320885,0.18093924976952813,,1,494,1,exact,0.011627553482998907,572,,,,,,0.0002279170003021136,971d3990f36826ab4c39e4091da5928eb9e94dbc
dv3-B-matern2-130384,3,B,matern2,130384,13,,384,3:2:3:130384,,test,11,500.0,,,,,,,0.26,,,,,,,562.0546324882555,0.011627553482998907,,,,,4.5101131926320885,0.18093924976952813,,1,501,1,exact,0.011627553482998907,577,,,,,,0.00022345799879985861,fdcc23e3223e03daa3a4c41dad78632b40fa0f8f
dv3-B-matern2-130385,3,B,matern2,130385,13,,385,3:2:3:130385,,test,11,500.0,,,,,,,0.26,,,,,,,562.0546324882555,0.011627553482998907,,,,,4.5101131926320885,0.18093924976952813,,1,511,1,exact,0.011627553482998907,594,,,,,,0.0002327090005564969,e50c8b2da140f14ef0068d24eade84156faf2164
dv3-B-matern2-130386,3,B,matern2,130386,13,,386,3:2:3:130386,,test,11,500.0,,,,,,,0.26,,,,,,,562.0546324882555,0.011627553482998907,,,,,4.5101131926320885,0.18093924976952813,,1,484,1,exact,0.011627553482998907,562,,,,,,0.00021541699970839545,f524317b400ca8a647114f121090834b3d39d673
dv3-B-matern2-130387,3,B,matern2,130387,13,,387,3:2:3:130387,,test,11,500.0,,,,,,,0.26,,,,,,,562.0546324882555,0.011627553482998907,,,,,4.5101131926320885,0.18093924976952813,,1,481,1,exact,0.011627553482998907,563,,,,,,0.00021908299822825938,c50651a1cab157340519660135d8ae6a06af968a
dv3-B-matern2-130388,3,B,matern2,130388,13,,388,3:2:3:130388,,test,11,500.0,,,,,,,0.26,,,,,,,562.0546324882555,0.011627553482998907,,,,,4.5101131926320885,0.18093924976952813,,1,474,1,exact,0.011627553482998907,562,,,,,,0.0002186659985454753,79ed2aa38ff06d6a99847a47842428ab960e7d99
dv3-B-matern2-130389,3,B,matern2,130389,13,,389,3:2:3:130389,,test,11,500.0,,,,,,,0.26,,,,,,,562.0546324882555,0.011627553482998907,,,,,4.5101131926320885,0.18093924976952813,,1,496,1,exact,0.011627553482998907,595,,,,,,0.0002419159973214846,d502f350341bba2314c0f7756435d6c7de2f9f21
dv3-B-matern2-130390,3,B,matern2,130390,13,,390,3:2:3:130390,,test,11,500.0,,,,,,,0.26,,,,,,,562.0546324882555,0.011627553482998907,,,,,4.5101131926320885,0.18093924976952813,,1,466,1,exact,0.011627553482998907,557,,,,,,0.00021837500025867485,e7df6d891404cc51eebb03d5a19f860c332da7d4
dv3-B-matern2-130391,3,B,matern2,130391,13,,391,3:2:3:130391,,test,11,500.0,,,,,,,0.26,,,,,,,562.0546324882555,0.011627553482998907,,,,,4.5101131926320885,0.18093924976952813,,1,496,1,exact,0.011627553482998907,570,,,,,,0.00021999999808031134,d0fd1bcebdd5ba46eb8666b410f9f06392cec7d1
dv3-B-matern2-130392,3,B,matern2,130392,13,,392,3:2:3:130392,,test,11,500.0,,,,,,,0.26,,,,,,,562.0546324882555,0.011627553482998907,,,,,4.5101131926320885,0.18093924976952813,,1,532,1,exact,0.011627553482998907,604,,,,,,0.0002295420017617289,3a199d10f3b41965da76641c4416ed8a9f5ad41d
dv3-B-matern2-130393,3,B,matern2,130393,13,,393,3:2:3:130393,,test,11,500.0,,,,,,,0.26,,,,,,,562.0546324882555,0.011627553482998907,,,,,4.5101131926320885,0.18093924976952813,,1,555,1,exact,0.011627553482998907,637,,,,,,0.00023991700072656386,3868288ba2ca71966f86f25863e33218097613a3
dv3-B-matern2-130394,3,B,matern2,130394,13,,394,3:2:3:130394,,test,11,500.0,,,,,,,0.26,,,,,,,562.0546324882555,0.011627553482998907,,,,,4.5101131926320885,0.18093924976952813,,1,499,1,exact,0.011627553482998907,590,,,,,,0.000248334003117634,376712870c625f04d5fe727e2bca3da9b90de9c9
dv3-B-matern2-130395,3,B,matern2,130395,13,,395,3:2:3:130395,,test,11,500.0,,,,,,,0.26,,,,,,,562.0546324882555,0.011627553482998907,,,,,4.5101131926320885,0.18093924976952813,,1,525,1,exact,0.011627553482998907,617,,,,,,0.00019404100021347404,29695fd86face1071a27a333d07c90848612b091
dv3-B-matern2-130396,3,B,matern2,130396,13,,396,3:2:3:130396,,test,11,500.0,,,,,,,0.26,,,,,,,562.0546324882555,0.011627553482998907,,,,,4.5101131926320885,0.18093924976952813,,1,502,1,exact,0.011627553482998907,608,,,,,,0.00016412500190199353,90382764b7d26670b7e3030213fb167161f56d24
dv3-B-matern2-130397,3,B,matern2,130397,13,,397,3:2:3:130397,,test,11,500.0,,,,,,,0.26,,,,,,,562.0546324882555,0.011627553482998907,,,,,4.5101131926320885,0.18093924976952813,,1,498,1,exact,0.011627553482998907,588,,,,,,0.00015449999773409218,2424f788d9fe5e811f982e655f9788f8bed87816
dv3-B-matern2-130398,3,B,matern2,130398,13,,398,3:2:3:130398,,test,11,500.0,,,,,,,0.26,,,,,,,562.0546324882555,0.011627553482998907,,,,,4.5101131926320885,0.18093924976952813,,1,495,1,exact,0.011627553482998907,583,,,,,,0.0001478749982197769,5837cbcf79a9fb1695cf3c15c0bcd7804a64cf9b
dv3-B-matern2-130399,3,B,matern2,130399,13,,399,3:2:3:130399,,test,11,500.0,,,,,,,0.26,,,,,,,562.0546324882555,0.011627553482998907,,,,,4.5101131926320885,0.18093924976952813,,1,543,1,exact,0.011627553482998907,629,,,,,,0.00015654200251447037,8147ac598cc15073c39169f4a4fbd1bf8ca302ae
dv3-B-matern2-140000,3,B,matern2,140000,14,,0,3:2:3:140000,,test,11,500.0,,,,,,,0.4,,,,,,,694.7819277213943,0.01788854381999832,,,,,7.100604636723403,0.27079646319648526,,1,484,1,exact,0.01788854381999832,715,,,,,,0.00017541700071888044,23cf142c39cae4f41e251858072ac9184a76195b
dv3-B-matern2-140001,3,B,matern2,140001,14,,1,3:2:3:140001,,test,11,500.0,,,,,,,0.4,,,,,,,694.7819277213943,0.01788854381999832,,,,,7.100604636723403,0.27079646319648526,,1,484,1,exact,0.01788854381999832,703,,,,,,0.0001714589998300653,f52e77c8ec353af8997554cf0d6a062a6a7f562d
dv3-B-matern2-140002,3,B,matern2,140002,14,,2,3:2:3:140002,,test,11,500.0,,,,,,,0.4,,,,,,,694.7819277213943,0.01788854381999832,,,,,7.100604636723403,0.27079646319648526,,1,512,1,exact,0.01788854381999832,749,,,,,,0.0001833339993027039,b98d900f3b4085014eb0aa42aab5170d566a2649
dv3-B-matern2-140003,3,B,matern2,140003,14,,3,3:2:3:140003,,test,11,500.0,,,,,,,0.4,,,,,,,694.7819277213943,0.01788854381999832,,,,,7.100604636723403,0.27079646319648526,,1,516,1,exact,0.01788854381999832,772,,,,,,0.00018645800082595088,843af53ee726bef35a6280406dd4004223e2ee7c
dv3-B-matern2-140004,3,B,matern2,140004,14,,4,3:2:3:140004,,test,11,500.0,,,,,,,0.4,,,,,,,694.7819277213943,0.01788854381999832,,,,,7.100604636723403,0.27079646319648526,,1,510,1,exact,0.01788854381999832,775,,,,,,0.0001882920005300548,313395aebde637655f8dda02ac6cf4f646c20b77
dv3-B-matern2-140005,3,B,matern2,140005,14,,5,3:2:3:140005,,test,11,500.0,,,,,,,0.4,,,,,,,694.7819277213943,0.01788854381999832,,,,,7.100604636723403,0.27079646319648526,,1,503,1,exact,0.01788854381999832,761,,,,,,0.00018645899763214402,e607f14bcf28bda32457fccdbdb292b8aaeff502
dv3-B-matern2-140006,3,B,matern2,140006,14,,6,3:2:3:140006,,test,11,500.0,,,,,,,0.4,,,,,,,694.7819277213943,0.01788854381999832,,,,,7.100604636723403,0.27079646319648526,,1,485,1,exact,0.01788854381999832,738,,,,,,0.00018158299644710496,5c682cd6a5bd492d84898e2b21dcd3645917e112
dv3-B-matern2-140007,3,B,matern2,140007,14,,7,3:2:3:140007,,test,11,500.0,,,,,,,0.4,,,,,,,694.7819277213943,0.01788854381999832,,,,,7.100604636723403,0.27079646319648526,,1,501,1,exact,0.01788854381999832,763,,,,,,0.00018337500296183862,856c1f9d7a820b5e32bbad29979ca2d9a5a2d435
dv3-B-matern2-140008,3,B,matern2,140008,14,,8,3:2:3:140008,,test,11,500.0,,,,,,,0.4,,,,,,,694.7819277213943,0.01788854381999832,,,,,7.100604636723403,0.27079646319648526,,1,500,1,exact,0.01788854381999832,731,,,,,,0.00017837500126915984,c660001c63422c8e80f1fae303beb9a21d71d8e5
dv3-B-matern2-140009,3,B,matern2,140009,14,,9,3:2:3:140009,,test,11,500.0,,,,,,,0.4,,,,,,,694.7819277213943,0.01788854381999832,,,,,7.100604636723403,0.27079646319648526,,1,483,1,exact,0.01788854381999832,726,,,,,,0.00017550000120536424,d0809ba1d4107f3064ad46d457aedc767954092f
dv3-B-matern2-140010,3,B,matern2,140010,14,,10,3:2:3:140010,,test,11,500.0,,,,,,,0.4,,,,,,,694.7819277213943,0.01788854381999832,,,,,7.100604636723403,0.27079646319648526,,1,494,1,exact,0.01788854381999832,755,,,,,,0.00018666599862626754,edba23906820d421a0591c6194f319f7b06c79b8
dv3-B-matern2-140011,3,B,matern2,140011,14,,11,3:2:3:140011,,test,11,500.0,,,,,,,0.4,,,,,,,694.7819277213943,0.01788854381999832,,,,,7.100604636723403,0.27079646319648526,,1,497,1,exact,0.01788854381999832,712,,,,,,0.00018370800171396695,2fa32b517a17d6a6a8e5e6710eba3c48122ed8a1
dv3-B-matern2-140012,3,B,matern2,140012,14,,12,3:2:3:140012,,test,11,500.0,,,,,,,0.4,,,,,,,694.7819277213943,0.01788854381999832,,,,,7.100604636723403,0.27079646319648526,,1,495,1,exact,0.01788854381999832,762,,,,,,0.00019537499974831007,6721050d01027bd47a0703a5a4ccbadde8ea9f44
dv3-B-matern2-140013,3,B,matern2,140013,14,,13,3:2:3:140013,,test,11,500.0,,,,,,,0.4,,,,,,,694.7819277213943,0.01788854381999832,,,,,7.100604636723403,0.27079646319648526,,1,520,1,exact,0.01788854381999832,768,,,,,,0.00018487499983166344,8696d4f3df703ab1587f4a385bcb86c6226fa959
dv3-B-matern2-140014,3,B,matern2,140014,14,,14,3:2:3:140014,,test,11,500.0,,,,,,,0.4,,,,,,,694.7819277213943,0.01788854381999832,,,,,7.100604636723403,0.27079646319648526,,1,503,1,exact,0.01788854381999832,737,,,,,,0.0001767920002748724,ac9fd89092180001bd92ab497088c540bc1b380d
dv3-B-matern2-140015,3,B,matern2,140015,14,,15,3:2:3:140015,,test,11,500.0,,,,,,,0.4,,,,,,,694.7819277213943,0.01788854381999832,,,,,7.100604636723403,0.27079646319648526,,1,490,1,exact,0.01788854381999832,748,,,,,,0.0001804590028768871,bcb86176201580c7d9eb2d4ddfb446eb0c87bd6f
dv3-B-matern2-140016,3,B,matern2,140016,14,,16,3:2:3:140016,,test,11,500.0,,,,,,,0.4,,,,,,,694.7819277213943,0.01788854381999832,,,,,7.100604636723403,0.27079646319648526,,1,529,1,exact,0.01788854381999832,804,,,,,,0.00020520799807854928,d0cce6381b1d90744a6f0973b9fec847fdad7c9c
dv3-B-matern2-140017,3,B,matern2,140017,14,,17,3:2:3:140017,,test,11,500.0,,,,,,,0.4,,,,,,,694.7819277213943,0.01788854381999832,,,,,7.100604636723403,0.27079646319648526,,1,508,1,exact,0.01788854381999832,741,,,,,,0.00018854200243367814,2caa566f0abfb562f63624ca41a575bcdc8b5f9e
dv3-B-matern2-140018,3,B,matern2,140018,14,,18,3:2:3:140018,,test,11,500.0,,,,,,,0.4,,,,,,,694.7819277213943,0.01788854381999832,,,,,7.100604636723403,0.27079646319648526,,1,481,1,exact,0.01788854381999832,693,,,,,,0.0001651659986237064,e6270e027bdc52128526efb7a57c470149d52648
dv3-B-matern2-140019,3,B,matern2,140019,14,,19,3:2:3:140019,,test,11,500.0,,,,,,,0.4,,,,,,,694.7819277213943,0.01788854381999832,,,,,7.100604636723403,0.27079646319648526,,1,523,1,exact,0.01788854381999832,811,,,,,,0.00019645800057332963,a3c01fe774c1b73d278d9eeb6ce7a6da3681cbeb
dv3-B-matern2-140020,3,B,matern2,140020,14,,20,3:2:3:140020,,test,11,500.0,,,,,,,0.4,,,,,,,694.7819277213943,0.01788854381999832,,,,,7.100604636723403,0.27079646319648526,,1,493,1,exact,0.01788854381999832,736,,,,,,0.000176582998392405,6d370132d4557d51616a9511a0514711d8870c47
dv3-B-matern2-140021,3,B,matern2,140021,14,,21,3:2:3:140021,,test,11,500.0,,,,,,,0.4,,,,,,,694.7819277213943,0.01788854381999832,,,,,7.100604636723403,0.27079646319648526,,1,514,1,exact,0.01788854381999832,749,,,,,,0.00017808300253818743,e8935ad0ec6cf0cd7aead507da5dba497611a1c1
dv3-B-matern2-140022,3,B,matern2,140022,14,,22,3:2:3:140022,,test,11,500.0,,,,,,,0.4,,,,,,,694.7819277213943,0.01788854381999832,,,,,7.100604636723403,0.27079646319648526,,1,498,1,exact,0.01788854381999832,760,,,,,,0.0001846249979280401,6fb8f60ece6b334dc29de87670916287af74fd69
dv3-B-matern2-140023,3,B,matern2,140023,14,,23,3:2:3:140023,,test,11,500.0,,,,,,,0.4,,,,,,,694.7819277213943,0.01788854381999832,,,,,7.100604636723403,0.27079646319648526,,1,498,1,exact,0.01788854381999832,750,,,,,,0.00018295799964107573,79f5f31b3024dee3050ff79d58fc958a6a261ddf
dv3-B-matern2-140024,3,B,matern2,140024,14,,24,3:2:3:140024,,test,11,500.0,,,,,,,0.4,,,,,,,694.7819277213943,0.01788854381999832,,,,,7.100604636723403,0.27079646319648526,,1,506,1,exact,0.01788854381999832,748,,,,,,0.0001894999986689072,909efb1a90c708553784aaaff349a3c96e4e9a75
dv3-B-matern2-140025,3,B,matern2,140025,14,,25,3:2:3:140025,,test,11,500.0,,,,,,,0.4,,,,,,,694.7819277213943,0.01788854381999832,,,,,7.100604636723403,0.27079646319648526,,1,511,1,exact,0.01788854381999832,738,,,,,,0.00018483399981050752,07f84a13a9759112a3010b13d92ef9f5089e864a
dv3-B-matern2-140026,3,B,matern2,140026,14,,26,3:2:3:140026,,test,11,500.0,,,,,,,0.4,,,,,,,694.7819277213943,0.01788854381999832,,,,,7.100604636723403,0.27079646319648526,,1,516,1,exact,0.01788854381999832,780,,,,,,0.00018729200019151904,420ecda3548e031731be7ede5dde02c7f8e88985
dv3-B-matern2-140027,3,B,matern2,140027,14,,27,3:2:3:140027,,test,11,500.0,,,,,,,0.4,,,,,,,694.7819277213943,0.01788854381999832,,,,,7.100604636723403,0.27079646319648526,,1,508,1,exact,0.01788854381999832,739,,,,,,0.00018441700012772344,d315d67e6745d2c7b1e9d6b89bd7566b808a90fc
dv3-B-matern2-140028,3,B,matern2,140028,14,,28,3:2:3:140028,,test,11,500.0,,,,,,,0.4,,,,,,,694.7819277213943,0.01788854381999832,,,,,7.100604636723403,0.27079646319648526,,1,502,1,exact,0.01788854381999832,727,,,,,,0.00017420800213585608,a90334a86adc9a2879472dcf706bb62da2d2d4a5
dv3-B-matern2-140029,3,B,matern2,140029,14,,29,3:2:3:140029,,test,11,500.0,,,,,,,0.4,,,,,,,694.7819277213943,0.01788854381999832,,,,,7.100604636723403,0.27079646319648526,,1,491,1,exact,0.01788854381999832,743,,,,,,0.0001817500015022233,166ca23eb35365f322dc8dd9dd1b6369eace7639
dv3-B-matern2-140030,3,B,matern2,140030,14,,30,3:2:3:140030,,test,11,500.0,,,,,,,0.4,,,,,,,694.7819277213943,0.01788854381999832,,,,,7.100604636723403,0.27079646319648526,,1,510,1,exact,0.01788854381999832,748,,,,,,0.00017995799862546846,9d8b83150cdacf37d2cba4db2a93aeeb7c6c83e1
dv3-B-matern2-140031,3,B,matern2,140031,14,,31,3:2:3:140031,,test,11,500.0,,,,,,,0.4,,,,,,,694.7819277213943,0.01788854381999832,,,,,7.100604636723403,0.27079646319648526,,1,502,1,exact,0.01788854381999832,770,,,,,,0.00018770799943013117,66f7fe446c9023f8d694d0f84a74389fe3f77e9c
dv3-B-matern2-140032,3,B,matern2,140032,14,,32,3:2:3:140032,,test,11,500.0,,,,,,,0.4,,,,,,,694.7819277213943,0.01788854381999832,,,,,7.100604636723403,0.27079646319648526,,1,497,1,exact,0.01788854381999832,731,,,,,,0.00017574999947100878,de980c9f05390719ecd77166ba70316440d27878
dv3-B-matern2-140033,3,B,matern2,140033,14,,33,3:2:3:140033,,test,11,500.0,,,,,,,0.4,,,,,,,694.7819277213943,0.01788854381999832,,,,,7.100604636723403,0.27079646319648526,,1,515,1,exact,0.01788854381999832,766,,,,,,0.0001867909995780792,6e0c1eb4edcfa10dbf4949696fe60775cec6c83b
dv3-B-matern2-140034,3,B,matern2,140034,14,,34,3:2:3:140034,,test,11,500.0,,,,,,,0.4,,,,,,,694.7819277213943,0.01788854381999832,,,,,7.100604636723403,0.27079646319648526,,1,488,1,exact,0.01788854381999832,736,,,,,,0.000179667000338668,667ab671694f8582a7a33af969d5c00ceb477f49
dv3-B-matern2-140035,3,B,matern2,140035,14,,35,3:2:3:140035,,test,11,500.0,,,,,,,0.4,,,,,,,694.7819277213943,0.01788854381999832,,,,,7.100604636723403,0.27079646319648526,,1,455,1,exact,0.01788854381999832,682,,,,,,0.00017904199921758845,31b4b311eaa8dd705b1462670dd2932d7f77588c
dv3-B-matern2-140036,3,B,matern2,140036,14,,36,3:2:3:140036,,test,11,500.0,,,,,,,0.4,,,,,,,694.7819277213943,0.01788854381999832,,,,,7.100604636723403,0.27079646319648526,,1,507,1,exact,0.01788854381999832,747,,,,,,0.00019112500012852252,078b610e1934b6c857253ca7cded77c3ac5dc562
dv3-B-matern2-140037,3,B,matern2,140037,14,,37,3:2:3:140037,,test,11,500.0,,,,,,,0.4,,,,,,,694.7819277213943,0.01788854381999832,,,,,7.100604636723403,0.27079646319648526,,1,533,1,exact,0.01788854381999832,786,,,,,,0.0002952920003735926,1b82c0b181e3ca42a0b684ab998aff7388225277
dv3-B-matern2-140038,3,B,matern2,140038,14,,38,3:2:3:140038,,test,11,500.0,,,,,,,0.4,,,,,,,694.7819277213943,0.01788854381999832,,,,,7.100604636723403,0.27079646319648526,,1,471,1,exact,0.01788854381999832,671,,,,,,0.00019970899666077457,aba2823349dfd3f22a56a503886b43e70c1e9b87
dv3-B-matern2-140039,3,B,matern2,140039,14,,39,3:2:3:140039,,test,11,500.0,,,,,,,0.4,,,,,,,694.7819277213943,0.01788854381999832,,,,,7.100604636723403,0.27079646319648526,,1,509,1,exact,0.01788854381999832,751,,,,,,0.00019587499991757795,66b3705caf7b45a0480b69b9c646e1ec38251baa
dv3-B-matern2-140040,3,B,matern2,140040,14,,40,3:2:3:140040,,test,11,500.0,,,,,,,0.4,,,,,,,694.7819277213943,0.01788854381999832,,,,,7.100604636723403,0.27079646319648526,,1,514,1,exact,0.01788854381999832,752,,,,,,0.00018933400133391842,8cd6d6022ec044c571a290a5a49e6351837ae817
dv3-B-matern2-140041,3,B,matern2,140041,14,,41,3:2:3:140041,,test,11,500.0,,,,,,,0.4,,,,,,,694.7819277213943,0.01788854381999832,,,,,7.100604636723403,0.27079646319648526,,1,490,1,exact,0.01788854381999832,738,,,,,,0.00018641699716681615,03f08c28d364aee992a30544378505dfcd094725
dv3-B-matern2-140042,3,B,matern2,140042,14,,42,3:2:3:140042,,test,11,500.0,,,,,,,0.4,,,,,,,694.7819277213943,0.01788854381999832,,,,,7.100604636723403,0.27079646319648526,,1,515,1,exact,0.01788854381999832,739,,,,,,0.0001846249979280401,33b7f85edf0fecfaf4e70265ae2dfac92b0bcf24
dv3-B-matern2-140043,3,B,matern2,140043,14,,43,3:2:3:140043,,test,11,500.0,,,,,,,0.4,,,,,,,694.7819277213943,0.01788854381999832,,,,,7.100604636723403,0.27079646319648526,,1,501,1,exact,0.01788854381999832,742,,,,,,0.0001837919990066439,d934026882f2223f63e03196ac34840f5239657b
dv3-B-matern2-140044,3,B,matern2,140044,14,,44,3:2:3:140044,,test,11,500.0,,,,,,,0.4,,,,,,,694.7819277213943,0.01788854381999832,,,,,7.100604636723403,0.27079646319648526,,1,525,1,exact,0.01788854381999832,792,,,,,,0.0001948749995790422,171b7d3bbfd82339d2c15e2b595c05408301eb1b
dv3-B-matern2-140045,3,B,matern2,140045,14,,45,3:2:3:140045,,test,11,500.0,,,,,,,0.4,,,,,,,694.7819277213943,0.01788854381999832,,,,,7.100604636723403,0.27079646319648526,,1,492,1,exact,0.01788854381999832,739,,,,,,0.00017916700016940013,98fce65ebf6ecc0d9009f87da74543d572c9d205
dv3-B-matern2-140046,3,B,matern2,140046,14,,46,3:2:3:140046,,test,11,500.0,,,,,,,0.4,,,,,,,694.7819277213943,0.01788854381999832,,,,,7.100604636723403,0.27079646319648526,,1,497,1,exact,0.01788854381999832,762,,,,,,0.00018695800099521875,e10f4bb0bcd0f71e4b521957dacf05d84a7dc701
dv3-B-matern2-140047,3,B,matern2,140047,14,,47,3:2:3:140047,,test,11,500.0,,,,,,,0.4,,,,,,,694.7819277213943,0.01788854381999832,,,,,7.100604636723403,0.27079646319648526,,1,519,1,exact,0.01788854381999832,791,,,,,,0.00019416700160945766,10c81f048ac582500c1c3c412da8c12e350a2864
dv3-B-matern2-140048,3,B,matern2,140048,14,,48,3:2:3:140048,,test,11,500.0,,,,,,,0.4,,,,,,,694.7819277213943,0.01788854381999832,,,,,7.100604636723403,0.27079646319648526,,1,533,1,exact,0.01788854381999832,807,,,,,,0.00019500000053085387,3e16013ecc17bf36aa41ccaaeaf1ec0f883076c3
dv3-B-matern2-140049,3,B,matern2,140049,14,,49,3:2:3:140049,,test,11,500.0,,,,,,,0.4,,,,,,,694.7819277213943,0.01788854381999832,,,,,7.100604636723403,0.27079646319648526,,1,530,1,exact,0.01788854381999832,792,,,,,,0.00019266699746367522,ca4c62b771b0053232d60085494a56cfd81c809f
dv3-B-matern2-140050,3,B,matern2,140050,14,,50,3:2:3:140050,,test,11,500.0,,,,,,,0.4,,,,,,,694.7819277213943,0.01788854381999832,,,,,7.100604636723403,0.27079646319648526,,1,506,1,exact,0.01788854381999832,767,,,,,,0.00018799999816110358,f42771dcdf9754710ee1b771a3d3a4ab3d0dd916
dv3-B-matern2-140051,3,B,matern2,140051,14,,51,3:2:3:140051,,test,11,500.0,,,,,,,0.4,,,,,,,694.7819277213943,0.01788854381999832,,,,,7.100604636723403,0.27079646319648526,,1,497,1,exact,0.01788854381999832,760,,,,,,0.00018862499928218313,1f931fd748fc8977a896e833c9eb9dea4462e0a5
dv3-B-matern2-140052,3,B,matern2,140052,14,,52,3:2:3:140052,,test,11,500.0,,,,,,,0.4,,,,,,,694.7819277213943,0.01788854381999832,,,,,7.100604636723403,0.27079646319648526,,1,513,1,exact,0.01788854381999832,760,,,,,,0.00018266599727212451,99c3c237eb4d48677d02c1ffdcbb080edcf10de3
dv3-B-matern2-140053,3,B,matern2,140053,14,,53,3:2:3:140053,,test,11,500.0,,,,,,,0.4,,,,,,,694.7819277213943,0.01788854381999832,,,,,7.100604636723403,0.27079646319648526,,1,516,1,exact,0.01788854381999832,766,,,,,,0.00018658300177776255,0c174d95d3ac3b86d666038f49f70edbfa802f9a
dv3-B-matern2-140054,3,B,matern2,140054,14,,54,3:2:3:140054,,test,11,500.0,,,,,,,0.4,,,,,,,694.7819277213943,0.01788854381999832,,,,,7.100604636723403,0.27079646319648526,,1,502,1,exact,0.01788854381999832,769,,,,,,0.00018754199845716357,125afc1da0e1f72e1b16cd36be25dd3414a096e2
dv3-B-matern2-140055,3,B,matern2,140055,14,,55,3:2:3:140055,,test,11,500.0,,,,,,,0.4,,,,,,,694.7819277213943,0.01788854381999832,,,,,7.100604636723403,0.27079646319648526,,1,500,1,exact,0.01788854381999832,770,,,,,,0.0002002910005103331,88d9c037e9cee27cc4f7e8b4a00ae82bcbd2e30a
dv3-B-matern2-140056,3,B,matern2,140056,14,,56,3:2:3:140056,,test,11,500.0,,,,,,,0.4,,,,,,,694.7819277213943,0.01788854381999832,,,,,7.100604636723403,0.27079646319648526,,1,511,1,exact,0.01788854381999832,783,,,,,,0.00020487499932642095,0f3743f0a421b1c0ca31e2a41493550ddca638ce
dv3-B-matern2-140057,3,B,matern2,140057,14,,57,3:2:3:140057,,test,11,500.0,,,,,,,0.4,,,,,,,694.7819277213943,0.01788854381999832,,,,,7.100604636723403,0.27079646319648526,,1,478,1,exact,0.01788854381999832,729,,,,,,0.0001825420004024636,0267803dc9e4bfa02e99b47bf86a19b6a84934ff
dv3-B-matern2-140058,3,B,matern2,140058,14,,58,3:2:3:140058,,test,11,500.0,,,,,,,0.4,,,,,,,694.7819277213943,0.01788854381999832,,,,,7.100604636723403,0.27079646319648526,,1,530,1,exact,0.01788854381999832,778,,,,,,0.00018862499928218313,ed266b4049089ecf4e8497ea3afbdf52dfbbced1
dv3-B-matern2-140059,3,B,matern2,140059,14,,59,3:2:3:140059,,test,11,500.0,,,,,,,0.4,,,,,,,694.7819277213943,0.01788854381999832,,,,,7.100604636723403,0.27079646319648526,,1,484,1,exact,0.01788854381999832,724,,,,,,0.00018087499847752042,aaea707d0716f7946fbc6d5a370b84059808c119
dv3-B-matern2-140060,3,B,matern2,140060,14,,60,3:2:3:140060,,test,11,500.0,,,,,,,0.4,,,,,,,694.7819277213943,0.01788854381999832,,,,,7.100604636723403,0.27079646319648526,,1,519,1,exact,0.01788854381999832,755,,,,,,0.00018279199866810814,ffe0b34f21c14e840818d0dae411cd651d39e0b2
dv3-B-matern2-140061,3,B,matern2,140061,14,,61,3:2:3:140061,,test,11,500.0,,,,,,,0.4,,,,,,,694.7819277213943,0.01788854381999832,,,,,7.100604636723403,0.27079646319648526,,1,488,1,exact,0.01788854381999832,755,,,,,,0.00018237499898532405,c12ddb6077a12cf6a07422d3b8428bb1bbc51b71
dv3-B-matern2-140062,3,B,matern2,140062,14,,62,3:2:3:140062,,test,11,500.0,,,,,,,0.4,,,,,,,694.7819277213943,0.01788854381999832,,,,,7.100604636723403,0.27079646319648526,,1,517,1,exact,0.01788854381999832,813,,,,,,0.00020149999909335747,542a588697427cc4ec2cf73969001d2f491c7c1b
dv3-B-matern2-140063,3,B,matern2,140063,14,,63,3:2:3:140063,,test,11,500.0,,,,,,,0.4,,,,,,,694.7819277213943,0.01788854381999832,,,,,7.100604636723403,0.27079646319648526,,1,470,1,exact,0.01788854381999832,719,,,,,,0.00017920800019055605,383d92afef67b61b1c2c064e467def489f03e06d
dv3-B-matern2-140064,3,B,matern2,140064,14,,64,3:2:3:140064,,test,11,500.0,,,,,,,0.4,,,,,,,694.7819277213943,0.01788854381999832,,,,,7.100604636723403,0.27079646319648526,,1,516,1,exact,0.01788854381999832,772,,,,,,0.00019241599875385873,f8f5f5b1c472bdec7e775fd73ed36647e63c0cf3
dv3-B-matern2-140065,3,B,matern2,140065,14,,65,3:2:3:140065,,test,11,500.0,,,,,,,0.4,,,,,,,694.7819277213943,0.01788854381999832,,,,,7.100604636723403,0.27079646319648526,,1,522,1,exact,0.01788854381999832,789,,,,,,0.0001911670005938504,ed7ae694c590826f26b434d29d44b770c4843506
dv3-B-matern2-140066,3,B,matern2,140066,14,,66,3:2:3:140066,,test,11,500.0,,,,,,,0.4,,,,,,,694.7819277213943,0.01788854381999832,,,,,7.100604636723403,0.27079646319648526,,1,487,1,exact,0.01788854381999832,689,,,,,,0.00017137500253738835,e750bddb7b6e4bd38ef8988111cad00ba72367c8
dv3-B-matern2-140067,3,B,matern2,140067,14,,67,3:2:3:140067,,test,11,500.0,,,,,,,0.4,,,,,,,694.7819277213943,0.01788854381999832,,,,,7.100604636723403,0.27079646319648526,,1,472,1,exact,0.01788854381999832,715,,,,,,0.00023341699852608144,7df5c4cee3f7efefc52421a7580ec41062f2f91b
dv3-B-matern2-140068,3,B,matern2,140068,14,,68,3:2:3:140068,,test,11,500.0,,,,,,,0.4,,,,,,,694.7819277213943,0.01788854381999832,,,,,7.100604636723403,0.27079646319648526,,1,489,1,exact,0.01788854381999832,745,,,,,,0.00019758299822569825,501999b8115e1875a0c695cc09194c0c09d899a0
dv3-B-matern2-140069,3,B,matern2,140069,14,,69,3:2:3:140069,,test,11,500.0,,,,,,,0.4,,,,,,,694.7819277213943,0.01788854381999832,,,,,7.100604636723403,0.27079646319648526,,1,493,1,exact,0.01788854381999832,750,,,,,,0.00019208400044590235,66102e6d222bfa13387a22fa6a51b5ce1f303f2e
dv3-B-matern2-140070,3,B,matern2,140070,14,,70,3:2:3:140070,,test,11,500.0,,,,,,,0.4,,,,,,,694.7819277213943,0.01788854381999832,,,,,7.100604636723403,0.27079646319648526,,1,515,1,exact,0.01788854381999832,746,,,,,,0.00018441700012772344,7127b9b2db70de0b54b0678bfd099486c319e146
dv3-B-matern2-140071,3,B,matern2,140071,14,,71,3:2:3:140071,,test,11,500.0,,,,,,,0.4,,,,,,,694.7819277213943,0.01788854381999832,,,,,7.100604636723403,0.27079646319648526,,1,488,1,exact,0.01788854381999832,726,,,,,,0.00018112500038114376,197bf3ae14be80004bf8f52696e0e7618f500644
dv3-B-matern2-140072,3,B,matern2,140072,14,,72,3:2:3:140072,,test,11,500.0,,,,,,,0.4,,,,,,,694.7819277213943,0.01788854381999832,,,,,7.100604636723403,0.27079646319648526,,1,513,1,exact,0.01788854381999832,755,,,,,,0.00018029200145974755,4d96da12c243ba96da424d398f64d861a539d671
dv3-B-matern2-140073,3,B,matern2,140073,14,,73,3:2:3:140073,,test,11,500.0,,,,,,,0.4,,,,,,,694.7819277213943,0.01788854381999832,,,,,7.100604636723403,0.27079646319648526,,1,492,1,exact,0.01788854381999832,734,,,,,,0.00017979200129047967,24fc52602cda23596cc72f1a6869a2c6667678b4
dv3-B-matern2-140074,3,B,matern2,140074,14,,74,3:2:3:140074,,test,11,500.0,,,,,,,0.4,,,,,,,694.7819277213943,0.01788854381999832,,,,,7.100604636723403,0.27079646319648526,,1,493,1,exact,0.01788854381999832,740,,,,,,0.00017829099670052528,5aeb187c4289f9d79bd2054d9176c34b4402ab3e
dv3-B-matern2-140075,3,B,matern2,140075,14,,75,3:2:3:140075,,test,11,500.0,,,,,,,0.4,,,,,,,694.7819277213943,0.01788854381999832,,,,,7.100604636723403,0.27079646319648526,,1,505,1,exact,0.01788854381999832,756,,,,,,0.00018370800171396695,2aae73d7263f2644b43fdf303fff09107fffe2f7
dv3-B-matern2-140076,3,B,matern2,140076,14,,76,3:2:3:140076,,test,11,500.0,,,,,,,0.4,,,,,,,694.7819277213943,0.01788854381999832,,,,,7.100604636723403,0.27079646319648526,,1,514,1,exact,0.01788854381999832,774,,,,,,0.00018970800010720268,d9071cccb135c62416db7e6b1ad0ab3b9896bbc2
dv3-B-matern2-140077,3,B,matern2,140077,14,,77,3:2:3:140077,,test,11,500.0,,,,,,,0.4,,,,,,,694.7819277213943,0.01788854381999832,,,,,7.100604636723403,0.27079646319648526,,1,485,1,exact,0.01788854381999832,734,,,,,,0.00017800000205170363,b4e0110abc831ca29998888648493ec748e21e40
dv3-B-matern2-140078,3,B,matern2,140078,14,,78,3:2:3:140078,,test,11,500.0,,,,,,,0.4,,,,,,,694.7819277213943,0.01788854381999832,,,,,7.100604636723403,0.27079646319648526,,1,493,1,exact,0.01788854381999832,712,,,,,,0.00017458300135331228,a1bf760c94123efbac31b412e928d6692eb9c58c
dv3-B-matern2-140079,3,B,matern2,140079,14,,79,3:2:3:140079,,test,11,500.0,,,,,,,0.4,,,,,,,694.7819277213943,0.01788854381999832,,,,,7.100604636723403,0.27079646319648526,,1,490,1,exact,0.01788854381999832,722,,,,,,0.00017366700194543228,6681d76d7a972b57afce8e8c3835dc8766345b29
dv3-B-matern2-140080,3,B,matern2,140080,14,,80,3:2:3:140080,,test,11,500.0,,,,,,,0.4,,,,,,,694.7819277213943,0.01788854381999832,,,,,7.100604636723403,0.27079646319648526,,1,515,1,exact,0.01788854381999832,778,,,,,,0.00018987499788636342,3680658163dae68252423dfe2d4a42e4a3342f9a
dv3-B-matern2-140081,3,B,matern2,140081,14,,81,3:2:3:140081,,test,11,500.0,,,,,,,0.4,,,,,,,694.7819277213943,0.01788854381999832,,,,,7.100604636723403,0.27079646319648526,,1,479,1,exact,0.01788854381999832,751,,,,,,0.00018366599761066027,54410dbb84560b4db196135960a1bd453a320906
dv3-B-matern2-140082,3,B,matern2,140082,14,,82,3:2:3:140082,,test,11,500.0,,,,,,,0.4,,,,,,,694.7819277213943,0.01788854381999832,,,,,7.100604636723403,0.27079646319648526,,1,511,1,exact,0.01788854381999832,760,,,,,,0.00018320799790672027,d4b399cb0d6d7e86a351f72e64af67b3e73f9a71
dv3-B-matern2-140083,3,B,matern2,140083,14,,83,3:2:3:140083,,test,11,500.0,,,,,,,0.4,,,,,,,694.7819277213943,0.01788854381999832,,,,,7.100604636723403,0.27079646319648526,,1,486,1,exact,0.01788854381999832,754,,,,,,0.00018645900127012283,e9ff8de500f2b749e6f3047e4e40617c8bb6c61f
dv3-B-matern2-140084,3,B,matern2,140084,14,,84,3:2:3:140084,,test,11,500.0,,,,,,,0.4,,,,,,,694.7819277213943,0.01788854381999832,,,,,7.100604636723403,0.27079646319648526,,1,505,1,exact,0.01788854381999832,753,,,,,,0.0001817500015022233,ea913708186faead411af94bc622382933e0da0b
dv3-B-matern2-140085,3,B,matern2,140085,14,,85,3:2:3:140085,,test,11,500.0,,,,,,,0.4,,,,,,,694.7819277213943,0.01788854381999832,,,,,7.100604636723403,0.27079646319648526,,1,502,1,exact,0.01788854381999832,743,,,,,,0.00037029200029792264,4089e109b554d0f324f631d57899d936ae68e517
dv3-B-matern2-140086,3,B,matern2,140086,14,,86,3:2:3:140086,,test,11,500.0,,,,,,,0.4,,,,,,,694.7819277213943,0.01788854381999832,,,,,7.100604636723403,0.27079646319648526,,1,483,1,exact,0.01788854381999832,729,,,,,,0.00033129100120277144,0c8c0722daed2a1f09142cba93df951304e45850
dv3-B-matern2-140087,3,B,matern2,140087,14,,87,3:2:3:140087,,test,11,500.0,,,,,,,0.4,,,,,,,694.7819277213943,0.01788854381999832,,,,,7.100604636723403,0.27079646319648526,,1,494,1,exact,0.01788854381999832,729,,,,,,0.0002840830020431895,a3bd6770a6863f1c25f03cd986012ab644c10508
dv3-B-matern2-140088,3,B,matern2,140088,14,,88,3:2:3:140088,,test,11,500.0,,,,,,,0.4,,,,,,,694.7819277213943,0.01788854381999832,,,,,7.100604636723403,0.27079646319648526,,1,543,1,exact,0.01788854381999832,793,,,,,,0.0003097500011790544,08fb5b303afef0fef198950b22b1ff63495cd86b
dv3-B-matern2-140089,3,B,matern2,140089,14,,89,3:2:3:140089,,test,11,500.0,,,,,,,0.4,,,,,,,694.7819277213943,0.01788854381999832,,,,,7.100604636723403,0.27079646319648526,,1,475,1,exact,0.01788854381999832,723,,,,,,0.0002774579988908954,2cc99bf7be62faa1c80db5a6246e5811130fa0f9
dv3-B-matern2-140090,3,B,matern2,140090,14,,90,3:2:3:140090,,test,11,500.0,,,,,,,0.4,,,,,,,694.7819277213943,0.01788854381999832,,,,,7.100604636723403,0.27079646319648526,,1,511,1,exact,0.01788854381999832,721,,,,,,0.0002749999985098839,51bca303b23b1432b96fe89bdc752cff586e807c
dv3-B-matern2-140091,3,B,matern2,140091,14,,91,3:2:3:140091,,test,11,500.0,,,,,,,0.4,,,,,,,694.7819277213943,0.01788854381999832,,,,,7.100604636723403,0.27079646319648526,,1,500,1,exact,0.01788854381999832,754,,,,,,0.00029350000113481656,aafce3bff4420677820ee69f53aac5766cc4ffd7
dv3-B-matern2-140092,3,B,matern2,140092,14,,92,3:2:3:140092,,test,11,500.0,,,,,,,0.4,,,,,,,694.7819277213943,0.01788854381999832,,,,,7.100604636723403,0.27079646319648526,,1,484,1,exact,0.01788854381999832,715,,,,,,0.0002705830011109356,24f8254c68baf2ef1c954667bdacc450736a0d44
dv3-B-matern2-140093,3,B,matern2,140093,14,,93,3:2:3:140093,,test,11,500.0,,,,,,,0.4,,,,,,,694.7819277213943,0.01788854381999832,,,,,7.100604636723403,0.27079646319648526,,1,504,1,exact,0.01788854381999832,750,,,,,,0.0002815830011968501,529527779942c6640480d0b7aa6f51958f775399
dv3-B-matern2-140094,3,B,matern2,140094,14,,94,3:2:3:140094,,test,11,500.0,,,,,,,0.4,,,,,,,694.7819277213943,0.01788854381999832,,,,,7.100604636723403,0.27079646319648526,,1,526,1,exact,0.01788854381999832,771,,,,,,0.0002936249984486494,9ed20c5c1e39c9e7d64498cb8ec797782a92342b
dv3-B-matern2-140095,3,B,matern2,140095,14,,95,3:2:3:140095,,test,11,500.0,,,,,,,0.4,,,,,,,694.7819277213943,0.01788854381999832,,,,,7.100604636723403,0.27079646319648526,,1,510,1,exact,0.01788854381999832,738,,,,,,0.00028175000261398964,d1fb4f64946e75cc21f6fe9ad258a08b5adf7f32
dv3-B-matern2-140096,3,B,matern2,140096,14,,96,3:2:3:140096,,test,11,500.0,,,,,,,0.4,,,,,,,694.7819277213943,0.01788854381999832,,,,,7.100604636723403,0.27079646319648526,,1,463,1,exact,0.01788854381999832,712,,,,,,0.00028612499954761006,24f367095ad61ead2aad25ecda0872f06aa2785c
dv3-B-matern2-140097,3,B,matern2,140097,14,,97,3:2:3:140097,,test,11,500.0,,,,,,,0.4,,,,,,,694.7819277213943,0.01788854381999832,,,,,7.100604636723403,0.27079646319648526,,1,482,1,exact,0.01788854381999832,730,,,,,,0.000274417001492111,e4eca4f7962f03e0698b4f525f6dbb9697a21a1e
dv3-B-matern2-140098,3,B,matern2,140098,14,,98,3:2:3:140098,,test,11,500.0,,,,,,,0.4,,,,,,,694.7819277213943,0.01788854381999832,,,,,7.100604636723403,0.27079646319648526,,1,491,1,exact,0.01788854381999832,748,,,,,,0.00028333299997029826,8bc4161835cb275ba565a35e1ae012502f7bd593
dv3-B-matern2-140099,3,B,matern2,140099,14,,99,3:2:3:140099,,test,11,500.0,,,,,,,0.4,,,,,,,694.7819277213943,0.01788854381999832,,,,,7.100604636723403,0.27079646319648526,,1,508,1,exact,0.01788854381999832,754,,,,,,0.00028287500026635826,713f17abffda9abe07a2a0be9fe442b3c520c7f6
dv3-B-matern2-140100,3,B,matern2,140100,14,,100,3:2:3:140100,,test,11,500.0,,,,,,,0.4,,,,,,,694.7819277213943,0.01788854381999832,,,,,7.100604636723403,0.27079646319648526,,1,526,1,exact,0.01788854381999832,798,,,,,,0.00030899999910616316,c64dd7b8f0e462eb0697469988bfe7796266f4d1
dv3-B-matern2-140101,3,B,matern2,140101,14,,101,3:2:3:140101,,test,11,500.0,,,,,,,0.4,,,,,,,694.7819277213943,0.01788854381999832,,,,,7.100604636723403,0.27079646319648526,,1,501,1,exact,0.01788854381999832,740,,,,,,0.00029299999732756987,f4c09d4f091ea0c622ee21e0095d3da80412fa0b
dv3-B-matern2-140102,3,B,matern2,140102,14,,102,3:2:3:140102,,test,11,500.0,,,,,,,0.4,,,,,,,694.7819277213943,0.01788854381999832,,,,,7.100604636723403,0.27079646319648526,,1,492,1,exact,0.01788854381999832,732,,,,,,0.0002979579985549208,f48a36e0358276a9fed06e9b308a30a6932df26f
dv3-B-matern2-140103,3,B,matern2,140103,14,,103,3:2:3:140103,,test,11,500.0,,,,,,,0.4,,,,,,,694.7819277213943,0.01788854381999832,,,,,7.100604636723403,0.27079646319648526,,1,513,1,exact,0.01788854381999832,743,,,,,,0.00030287499976111576,383d371b19b60ec47605a519206f062cd879cd60
dv3-B-matern2-140104,3,B,matern2,140104,14,,104,3:2:3:140104,,test,11,500.0,,,,,,,0.4,,,,,,,694.7819277213943,0.01788854381999832,,,,,7.100604636723403,0.27079646319648526,,1,504,1,exact,0.01788854381999832,746,,,,,,0.00030741699811187573,b75f6d00cdc79f8fe286f41ca78dc914dc2bd8c4
dv3-B-matern2-140105,3,B,matern2,140105,14,,105,3:2:3:140105,,test,11,500.0,,,,,,,0.4,,,,,,,694.7819277213943,0.01788854381999832,,,,,7.100604636723403,0.27079646319648526,,1,508,1,exact,0.01788854381999832,755,,,,,,0.00037820799843757413,60af63065a616ec25084ba380b0a5f505331db4d
dv3-B-matern2-140106,3,B,matern2,140106,14,,106,3:2:3:140106,,test,11,500.0,,,,,,,0.4,,,,,,,694.7819277213943,0.01788854381999832,,,,,7.100604636723403,0.27079646319648526,,1,530,1,exact,0.01788854381999832,789,,,,,,0.0003835829993477091,8f8679a1ad268f6426a16f2b79dc45b09436b4f4
dv3-B-matern2-140107,3,B,matern2,140107,14,,107,3:2:3:140107,,test,11,500.0,,,,,,,0.4,,,,,,,694.7819277213943,0.01788854381999832,,,,,7.100604636723403,0.27079646319648526,,1,490,1,exact,0.01788854381999832,730,,,,,,0.00031075000151759014,afce2bfa5f8552a0a4ab588c98cf4292d29c1cae
dv3-B-matern2-140108,3,B,matern2,140108,14,,108,3:2:3:140108,,test,11,500.0,,,,,,,0.4,,,,,,,694.7819277213943,0.01788854381999832,,,,,7.100604636723403,0.27079646319648526,,1,531,1,exact,0.01788854381999832,784,,,,,,0.00031591699735145085,e9a096e9599e79ed314407e531ee8a95ef10deb3
dv3-B-matern2-140109,3,B,matern2,140109,14,,109,3:2:3:140109,,test,11,500.0,,,,,,,0.4,,,,,,,694.7819277213943,0.01788854381999832,,,,,7.100604636723403,0.27079646319648526,,1,509,1,exact,0.01788854381999832,771,,,,,,0.00030895899908500724,73d0d2ec29ee10594c00d4125211911abe6e349a
dv3-B-matern2-140110,3,B,matern2,140110,14,,110,3:2:3:140110,,test,11,500.0,,,,,,,0.4,,,,,,,694.7819277213943,0.01788854381999832,,,,,7.100604636723403,0.27079646319648526,,1,498,1,exact,0.01788854381999832,720,,,,,,0.00034787500044330955,ce1f0a616503dbf640d8ba79792f634e0bd2c36d
dv3-B-matern2-140111,3,B,matern2,140111,14,,111,3:2:3:140111,,test,11,500.0,,,,,,,0.4,,,,,,,694.7819277213943,0.01788854381999832,,,,,7.100604636723403,0.27079646319648526,,1,515,1,exact,0.01788854381999832,798,,,,,,0.00023170900021796115,689d5bb7ac16a092197c06f54acd0fc5da8149e2
dv3-B-matern2-140112,3,B,matern2,140112,14,,112,3:2:3:140112,,test,11,500.0,,,,,,,0.4,,,,,,,694.7819277213943,0.01788854381999832,,,,,7.100604636723403,0.27079646319648526,,1,496,1,exact,0.01788854381999832,731,,,,,,0.00019879100000252947,b7d7250694b5f3ab09e4a26112fead076fbe663f
dv3-B-matern2-140113,3,B,matern2,140113,14,,113,3:2:3:140113,,test,11,500.0,,,,,,,0.4,,,,,,,694.7819277213943,0.01788854381999832,,,,,7.100604636723403,0.27079646319648526,,1,504,1,exact,0.01788854381999832,756,,,,,,0.00019874999998137355,6fbaeffd00ec06b8f868d7b69d57b7a802eccf08
dv3-B-matern2-140114,3,B,matern2,140114,14,,114,3:2:3:140114,,test,11,500.0,,,,,,,0.4,,,,,,,694.7819277213943,0.01788854381999832,,,,,7.100604636723403,0.27079646319648526,,1,489,1,exact,0.01788854381999832,722,,,,,,0.00018950000230688602,fdabc9b29a125dc9c5ee2458b3e166d6057179b5
dv3-B-matern2-140115,3,B,matern2,140115,14,,115,3:2:3:140115,,test,11,500.0,,,,,,,0.4,,,,,,,694.7819277213943,0.01788854381999832,,,,,7.100604636723403,0.27079646319648526,,1,487,1,exact,0.01788854381999832,732,,,,,,0.0001919999995152466,cf3c9b46bf1e9d6adae211ca368431c7264ed492
dv3-B-matern2-140116,3,B,matern2,140116,14,,116,3:2:3:140116,,test,11,500.0,,,,,,,0.4,,,,,,,694.7819277213943,0.01788854381999832,,,,,7.100604636723403,0.27079646319648526,,1,489,1,exact,0.01788854381999832,751,,,,,,0.0006087920010031667,9d1a195212b8018fca76f607073b4b19f3d9095e
dv3-B-matern2-140117,3,B,matern2,140117,14,,117,3:2:3:140117,,test,11,500.0,,,,,,,0.4,,,,,,,694.7819277213943,0.01788854381999832,,,,,7.100604636723403,0.27079646319648526,,1,493,1,exact,0.01788854381999832,740,,,,,,0.0002963330007332843,5ea5311f0c37e93304f1a9c26e916ec3b6bd25a1
dv3-B-matern2-140118,3,B,matern2,140118,14,,118,3:2:3:140118,,test,11,500.0,,,,,,,0.4,,,,,,,694.7819277213943,0.01788854381999832,,,,,7.100604636723403,0.27079646319648526,,1,480,1,exact,0.01788854381999832,716,,,,,,0.0002725830017880071,171cb924eb9d8cc4a320879986dd75c67734ce99
dv3-B-matern2-140119,3,B,matern2,140119,14,,119,3:2:3:140119,,test,11,500.0,,,,,,,0.4,,,,,,,694.7819277213943,0.01788854381999832,,,,,7.100604636723403,0.27079646319648526,,1,490,1,exact,0.01788854381999832,721,,,,,,0.0002795410000544507,08f61ba7c14f275ab88bec5045074e4a986043cf
dv3-B-matern2-140120,3,B,matern2,140120,14,,120,3:2:3:140120,,test,11,500.0,,,,,,,0.4,,,,,,,694.7819277213943,0.01788854381999832,,,,,7.100604636723403,0.27079646319648526,,1,496,1,exact,0.01788854381999832,719,,,,,,0.00027637499806587584,8be3b681d6450eb84253b82df60e6f9c488e2406
dv3-B-matern2-140121,3,B,matern2,140121,14,,121,3:2:3:140121,,test,11,500.0,,,,,,,0.4,,,,,,,694.7819277213943,0.01788854381999832,,,,,7.100604636723403,0.27079646319648526,,1,507,1,exact,0.01788854381999832,753,,,,,,0.00029245800033095293,f6309c1760855a54416fe1568daacb9d171079a3
dv3-B-matern2-140122,3,B,matern2,140122,14,,122,3:2:3:140122,,test,11,500.0,,,,,,,0.4,,,,,,,694.7819277213943,0.01788854381999832,,,,,7.100604636723403,0.27079646319648526,,1,486,1,exact,0.01788854381999832,718,,,,,,0.0002777919980871957,8ae4ea99d091a542647d53994e2ecc811d7bd2a7
dv3-B-matern2-140123,3,B,matern2,140123,14,,123,3:2:3:140123,,test,11,500.0,,,,,,,0.4,,,,,,,694.7819277213943,0.01788854381999832,,,,,7.100604636723403,0.27079646319648526,,1,540,1,exact,0.01788854381999832,761,,,,,,0.00029387500035227276,7ca384a066d6c83a437a28d7474ec3fa45d2fea9
dv3-B-matern2-140124,3,B,matern2,140124,14,,124,3:2:3:140124,,test,11,500.0,,,,,,,0.4,,,,,,,694.7819277213943,0.01788854381999832,,,,,7.100604636723403,0.27079646319648526,,1,529,1,exact,0.01788854381999832,769,,,,,,0.0002977500007546041,c79bee2f73c3fe49ddc992d09272463bac340576
dv3-B-matern2-140125,3,B,matern2,140125,14,,125,3:2:3:140125,,test,11,500.0,,,,,,,0.4,,,,,,,694.7819277213943,0.01788854381999832,,,,,7.100604636723403,0.27079646319648526,,1,556,1,exact,0.01788854381999832,807,,,,,,0.000313959000777686,49ce4a6c4e2769df040841528b07217aa16861fb
dv3-B-matern2-140126,3,B,matern2,140126,14,,126,3:2:3:140126,,test,11,500.0,,,,,,,0.4,,,,,,,694.7819277213943,0.01788854381999832,,,,,7.100604636723403,0.27079646319648526,,1,482,1,exact,0.01788854381999832,708,,,,,,0.0002753329972620122,5963bfbc820a734db44fca90ccf11e50ec55b3bb
dv3-B-matern2-140127,3,B,matern2,140127,14,,127,3:2:3:140127,,test,11,500.0,,,,,,,0.4,,,,,,,694.7819277213943,0.01788854381999832,,,,,7.100604636723403,0.27079646319648526,,1,507,1,exact,0.01788854381999832,765,,,,,,0.0002982499972858932,f7b9884c4a81745190e218053635d3fe4bab589a
dv3-B-matern2-140128,3,B,matern2,140128,14,,128,3:2:3:140128,,test,11,500.0,,,,,,,0.4,,,,,,,694.7819277213943,0.01788854381999832,,,,,7.100604636723403,0.27079646319648526,,1,532,1,exact,0.01788854381999832,797,,,,,,0.000310334002278978,e36a1b017b867df999bfad4ae044ac3c1e3d79f5
dv3-B-matern2-140129,3,B,matern2,140129,14,,129,3:2:3:140129,,test,11,500.0,,,,,,,0.4,,,,,,,694.7819277213943,0.01788854381999832,,,,,7.100604636723403,0.27079646319648526,,1,503,1,exact,0.01788854381999832,722,,,,,,0.0002880829997593537,d167f0b8e0b2f1cca65b6a140eaa202f9dc6dba8
dv3-B-matern2-140130,3,B,matern2,140130,14,,130,3:2:3:140130,,test,11,500.0,,,,,,,0.4,,,,,,,694.7819277213943,0.01788854381999832,,,,,7.100604636723403,0.27079646319648526,,1,490,1,exact,0.01788854381999832,713,,,,,,0.00028775000100722536,fa62e581884bf29aaa210a034267dc765fa575a0
dv3-B-matern2-140131,3,B,matern2,140131,14,,131,3:2:3:140131,,test,11,500.0,,,,,,,0.4,,,,,,,694.7819277213943,0.01788854381999832,,,,,7.100604636723403,0.27079646319648526,,1,522,1,exact,0.01788854381999832,753,,,,,,0.0003145830014545936,2cf104fa95b5c0f4488e949bc336f823ab7a4816
dv3-B-matern2-140132,3,B,matern2,140132,14,,132,3:2:3:140132,,test,11,500.0,,,,,,,0.4,,,,,,,694.7819277213943,0.01788854381999832,,,,,7.100604636723403,0.27079646319648526,,1,499,1,exact,0.01788854381999832,715,,,,,,0.0002822090027621016,acac22f239a2b9ac1c2bb385966757c3a59eca09
dv3-B-matern2-140133,3,B,matern2,140133,14,,133,3:2:3:140133,,test,11,500.0,,,,,,,0.4,,,,,,,694.7819277213943,0.01788854381999832,,,,,7.100604636723403,0.27079646319648526,,1,521,1,exact,0.01788854381999832,743,,,,,,0.0003589169973565731,f52cf9e7df24480f23e51b5271e8fbb949250ee5
dv3-B-matern2-140134,3,B,matern2,140134,14,,134,3:2:3:140134,,test,11,500.0,,,,,,,0.4,,,,,,,694.7819277213943,0.01788854381999832,,,,,7.100604636723403,0.27079646319648526,,1,492,1,exact,0.01788854381999832,712,,,,,,0.0003230839975003619,75bcdc8dd8011522876fcb7065be760bc320a3a7
dv3-B-matern2-140135,3,B,matern2,140135,14,,135,3:2:3:140135,,test,11,500.0,,,,,,,0.4,,,,,,,694.7819277213943,0.01788854381999832,,,,,7.100604636723403,0.27079646319648526,,1,482,1,exact,0.01788854381999832,695,,,,,,0.0003056249988730997,a7105428b37308f0c765944c74ff279de981b455
dv3-B-matern2-140136,3,B,matern2,140136,14,,136,3:2:3:140136,,test,11,500.0,,,,,,,0.4,,,,,,,694.7819277213943,0.01788854381999832,,,,,7.100604636723403,0.27079646319648526,,1,480,1,exact,0.01788854381999832,747,,,,,,0.0003052080028282944,d7bce46c5a0231e24a602b3f0c212aa8f0372e2c
dv3-B-matern2-140137,3,B,matern2,140137,14,,137,3:2:3:140137,,test,11,500.0,,,,,,,0.4,,,,,,,694.7819277213943,0.01788854381999832,,,,,7.100604636723403,0.27079646319648526,,1,490,1,exact,0.01788854381999832,735,,,,,,0.0002860829990822822,f0dd9dd25dcecf5c387c080d51a3616c6300c613
dv3-B-matern2-140138,3,B,matern2,140138,14,,138,3:2:3:140138,,test,11,500.0,,,,,,,0.4,,,,,,,694.7819277213943,0.01788854381999832,,,,,7.100604636723403,0.27079646319648526,,1,523,1,exact,0.01788854381999832,771,,,,,,0.0002980410026793834,12283fd29c2f1f11966645142e125bf560b58c65
dv3-B-matern2-140139,3,B,matern2,140139,14,,139,3:2:3:140139,,test,11,500.0,,,,,,,0.4,,,,,,,694.7819277213943,0.01788854381999832,,,,,7.100604636723403,0.27079646319648526,,1,473,1,exact,0.01788854381999832,690,,,,,,0.0002694589966267813,1feb79e51af262d740537c25b3532ef8c53b5d03
dv3-B-matern2-140140,3,B,matern2,140140,14,,140,3:2:3:140140,,test,11,500.0,,,,,,,0.4,,,,,,,694.7819277213943,0.01788854381999832,,,,,7.100604636723403,0.27079646319648526,,1,496,1,exact,0.01788854381999832,721,,,,,,0.0002850420023605693,74d3568878705514b814477fb3acf55c82a14f27
dv3-B-matern2-140141,3,B,matern2,140141,14,,141,3:2:3:140141,,test,11,500.0,,,,,,,0.4,,,,,,,694.7819277213943,0.01788854381999832,,,,,7.100604636723403,0.27079646319648526,,1,500,1,exact,0.01788854381999832,743,,,,,,0.0002874169986171182,2ff2b6a35b9d141c5c2f67270b2b862a8f50889f
dv3-B-matern2-140142,3,B,matern2,140142,14,,142,3:2:3:140142,,test,11,500.0,,,,,,,0.4,,,,,,,694.7819277213943,0.01788854381999832,,,,,7.100604636723403,0.27079646319648526,,1,505,1,exact,0.01788854381999832,777,,,,,,0.0003060410017496906,77920743970bfb45a4facf84d264d848713bd76f
dv3-B-matern2-140143,3,B,matern2,140143,14,,143,3:2:3:140143,,test,11,500.0,,,,,,,0.4,,,,,,,694.7819277213943,0.01788854381999832,,,,,7.100604636723403,0.27079646319648526,,1,524,1,exact,0.01788854381999832,796,,,,,,0.0003045409976039082,96887960038cfb5f308f523d7de53390c7b67be3
dv3-B-matern2-140144,3,B,matern2,140144,14,,144,3:2:3:140144,,test,11,500.0,,,,,,,0.4,,,,,,,694.7819277213943,0.01788854381999832,,,,,7.100604636723403,0.27079646319648526,,1,478,1,exact,0.01788854381999832,712,,,,,,0.0002748340011748951,52b0a18946f2c34c3d2b9019be9605e25f3b8fb8
dv3-B-matern2-140145,3,B,matern2,140145,14,,145,3:2:3:140145,,test,11,500.0,,,,,,,0.4,,,,,,,694.7819277213943,0.01788854381999832,,,,,7.100604636723403,0.27079646319648526,,1,516,1,exact,0.01788854381999832,779,,,,,,0.0003008330022566952,483455818e7ee5125306f45d0857c32223a06e38
dv3-B-matern2-140146,3,B,matern2,140146,14,,146,3:2:3:140146,,test,11,500.0,,,,,,,0.4,,,,,,,694.7819277213943,0.01788854381999832,,,,,7.100604636723403,0.27079646319648526,,1,501,1,exact,0.01788854381999832,766,,,,,,0.0003132919991912786,c06a724e6efad213a94b2324c969f29ba7801df6
dv3-B-matern2-140147,3,B,matern2,140147,14,,147,3:2:3:140147,,test,11,500.0,,,,,,,0.4,,,,,,,694.7819277213943,0.01788854381999832,,,,,7.100604636723403,0.27079646319648526,,1,510,1,exact,0.01788854381999832,751,,,,,,0.0003302080003777519,2319119d1c48a99dd868bf4aa502facf1376e1ad
dv3-B-matern2-140148,3,B,matern2,140148,14,,148,3:2:3:140148,,test,11,500.0,,,,,,,0.4,,,,,,,694.7819277213943,0.01788854381999832,,,,,7.100604636723403,0.27079646319648526,,1,485,1,exact,0.01788854381999832,722,,,,,,0.0003617080001276918,6030f82a64965396598260414b35bd2b0b8281d9
dv3-B-matern2-140149,3,B,matern2,140149,14,,149,3:2:3:140149,,test,11,500.0,,,,,,,0.4,,,,,,,694.7819277213943,0.01788854381999832,,,,,7.100604636723403,0.27079646319648526,,1,496,1,exact,0.01788854381999832,753,,,,,,0.00020333300199126825,95ee9f7ea2dd3e53130261af1cba1f367bf4d9e1
dv3-B-matern2-140150,3,B,matern2,140150,14,,150,3:2:3:140150,,test,11,500.0,,,,,,,0.4,,,,,,,694.7819277213943,0.01788854381999832,,,,,7.100604636723403,0.27079646319648526,,1,515,1,exact,0.01788854381999832,703,,,,,,0.0001772499999788124,d5e9b084d1274ef85fd93a19654b31706c0a73cf
dv3-B-matern2-140151,3,B,matern2,140151,14,,151,3:2:3:140151,,test,11,500.0,,,,,,,0.4,,,,,,,694.7819277213943,0.01788854381999832,,,,,7.100604636723403,0.27079646319648526,,1,490,1,exact,0.01788854381999832,728,,,,,,0.0001813750022847671,52e6861729b7dfca502d32f716daefd7da30ef09
dv3-B-matern2-140152,3,B,matern2,140152,14,,152,3:2:3:140152,,test,11,500.0,,,,,,,0.4,,,,,,,694.7819277213943,0.01788854381999832,,,,,7.100604636723403,0.27079646319648526,,1,487,1,exact,0.01788854381999832,709,,,,,,0.0001769579976098612,3b1e38cb13921215a4c37246d3f9b34d320d4f04
dv3-B-matern2-140153,3,B,matern2,140153,14,,153,3:2:3:140153,,test,11,500.0,,,,,,,0.4,,,,,,,694.7819277213943,0.01788854381999832,,,,,7.100604636723403,0.27079646319648526,,1,502,1,exact,0.01788854381999832,770,,,,,,0.0002047079979092814,6fb8e595fbc56dca7f4a51823fbe0ffc954d23d0
dv3-B-matern2-140154,3,B,matern2,140154,14,,154,3:2:3:140154,,test,11,500.0,,,,,,,0.4,,,,,,,694.7819277213943,0.01788854381999832,,,,,7.100604636723403,0.27079646319648526,,1,523,1,exact,0.01788854381999832,781,,,,,,0.00020733299970743246,a87ffb7a2a08c02b5ebeb997e8cdb3156092cd69
dv3-B-matern2-140155,3,B,matern2,140155,14,,155,3:2:3:140155,,test,11,500.0,,,,,,,0.4,,,,,,,694.7819277213943,0.01788854381999832,,,,,7.100604636723403,0.27079646319648526,,1,516,1,exact,0.01788854381999832,758,,,,,,0.0001872080028988421,c65483a62fe748dd7c00f96018de68b915b9d0cb
dv3-B-matern2-140156,3,B,matern2,140156,14,,156,3:2:3:140156,,test,11,500.0,,,,,,,0.4,,,,,,,694.7819277213943,0.01788854381999832,,,,,7.100604636723403,0.27079646319648526,,1,511,1,exact,0.01788854381999832,765,,,,,,0.00018495800031814724,8da463052726a2b09e53c7d472ebe228d8e633e8
dv3-B-matern2-140157,3,B,matern2,140157,14,,157,3:2:3:140157,,test,11,500.0,,,,,,,0.4,,,,,,,694.7819277213943,0.01788854381999832,,,,,7.100604636723403,0.27079646319648526,,1,544,1,exact,0.01788854381999832,809,,,,,,0.00019762499869102612,cd6699f24b892752743546a3987d6b2692eaf59a
dv3-B-matern2-140158,3,B,matern2,140158,14,,158,3:2:3:140158,,test,11,500.0,,,,,,,0.4,,,,,,,694.7819277213943,0.01788854381999832,,,,,7.100604636723403,0.27079646319648526,,1,542,1,exact,0.01788854381999832,814,,,,,,0.00019437499940977432,057cdda5173842fe415c1b5b580e882d1ef64bfb
dv3-B-matern2-140159,3,B,matern2,140159,14,,159,3:2:3:140159,,test,11,500.0,,,,,,,0.4,,,,,,,694.7819277213943,0.01788854381999832,,,,,7.100604636723403,0.27079646319648526,,1,518,1,exact,0.01788854381999832,789,,,,,,0.00018962499962071888,82282f0399621fa2ab7f5ef7395b256eaea06fd8
dv3-B-matern2-140160,3,B,matern2,140160,14,,160,3:2:3:140160,,test,11,500.0,,,,,,,0.4,,,,,,,694.7819277213943,0.01788854381999832,,,,,7.100604636723403,0.27079646319648526,,1,478,1,exact,0.01788854381999832,718,,,,,,0.00017083400234696455,32fe8c30b8c34f590c5b6b510d7d9405d6b7d310
dv3-B-matern2-140161,3,B,matern2,140161,14,,161,3:2:3:140161,,test,11,500.0,,,,,,,0.4,,,,,,,694.7819277213943,0.01788854381999832,,,,,7.100604636723403,0.27079646319648526,,1,467,1,exact,0.01788854381999832,696,,,,,,0.00018199999976786785,36342fffdaab9d1f8560b3d708c789a27387c444
dv3-B-matern2-140162,3,B,matern2,140162,14,,162,3:2:3:140162,,test,11,500.0,,,,,,,0.4,,,,,,,694.7819277213943,0.01788854381999832,,,,,7.100604636723403,0.27079646319648526,,1,495,1,exact,0.01788854381999832,753,,,,,,0.00019366600099601783,5c66dba181793b2ce1c0d3d67a1eece0c3a1b8a9
dv3-B-matern2-140163,3,B,matern2,140163,14,,163,3:2:3:140163,,test,11,500.0,,,,,,,0.4,,,,,,,694.7819277213943,0.01788854381999832,,,,,7.100604636723403,0.27079646319648526,,1,496,1,exact,0.01788854381999832,760,,,,,,0.0001940830006788019,d75ec3569888fdb815c76db7599d3ceacb24de34
dv3-B-matern2-140164,3,B,matern2,140164,14,,164,3:2:3:140164,,test,11,500.0,,,,,,,0.4,,,,,,,694.7819277213943,0.01788854381999832,,,,,7.100604636723403,0.27079646319648526,,1,524,1,exact,0.01788854381999832,769,,,,,,0.00019816699932562187,cb7593a36942dc3c46b4ad8db01a57bded6e14d8
dv3-B-matern2-140165,3,B,matern2,140165,14,,165,3:2:3:140165,,test,11,500.0,,,,,,,0.4,,,,,,,694.7819277213943,0.01788854381999832,,,,,7.100604636723403,0.27079646319648526,,1,478,1,exact,0.01788854381999832,713,,,,,,0.00018520800222177058,aaa821f01ea853abdaf07c1742b1d6920218ff4e
dv3-B-matern2-140166,3,B,matern2,140166,14,,166,3:2:3:140166,,test,11,500.0,,,,,,,0.4,,,,,,,694.7819277213943,0.01788854381999832,,,,,7.100604636723403,0.27079646319648526,,1,517,1,exact,0.01788854381999832,790,,,,,,0.00020183399828965776,42884250bf1725d1794e3c5c21e378bf01eea8a4
dv3-B-matern2-140167,3,B,matern2,140167,14,,167,3:2:3:140167,,test,11,500.0,,,,,,,0.4,,,,,,,694.7819277213943,0.01788854381999832,,,,,7.100604636723403,0.27079646319648526,,1,500,1,exact,0.01788854381999832,762,,,,,,0.0001921660004882142,0fe7da4d01e86de6ca166dec1f7a37735a27eebf
dv3-B-matern2-140168,3,B,matern2,140168,14,,168,3:2:3:140168,,test,11,500.0,,,,,,,0.4,,,,,,,694.7819277213943,0.01788854381999832,,,,,7.100604636723403,0.27079646319648526,,1,493,1,exact,0.01788854381999832,704,,,,,,0.00018075000116368756,1489744727bf1380f210a6f931545780d26f2d63
dv3-B-matern2-140169,3,B,matern2,140169,14,,169,3:2:3:140169,,test,11,500.0,,,,,,,0.4,,,,,,,694.7819277213943,0.01788854381999832,,,,,7.100604636723403,0.27079646319648526,,1,511,1,exact,0.01788854381999832,780,,,,,,0.00021033300072303973,2876ab237cfe72759cdc632a3fa6193237d501d5
dv3-B-matern2-140170,3,B,matern2,140170,14,,170,3:2:3:140170,,test,11,500.0,,,,,,,0.4,,,,,,,694.7819277213943,0.01788854381999832,,,,,7.100604636723403,0.27079646319648526,,1,470,1,exact,0.01788854381999832,723,,,,,,0.00020000000222353265,438de91180fad260d3af5c688894b0e934a669ae
dv3-B-matern2-140171,3,B,matern2,140171,14,,171,3:2:3:140171,,test,11,500.0,,,,,,,0.4,,,,,,,694.7819277213943,0.01788854381999832,,,,,7.100604636723403,0.27079646319648526,,1,505,1,exact,0.01788854381999832,761,,,,,,0.00019570899894461036,f1736c46ce360af9a2199a4f7a79ae0a8e279469
dv3-B-matern2-140172,3,B,matern2,140172,14,,172,3:2:3:140172,,test,11,500.0,,,,,,,0.4,,,,,,,694.7819277213943,0.01788854381999832,,,,,7.100604636723403,0.27079646319648526,,1,529,1,exact,0.01788854381999832,799,,,,,,0.00020279199816286564,566be740a77a67d1356699df0c4190bc2850cfb7
dv3-B-matern2-140173,3,B,matern2,140173,14,,173,3:2:3:140173,,test,11,500.0,,,,,,,0.4,,,,,,,694.7819277213943,0.01788854381999832,,,,,7.100604636723403,0.27079646319648526,,1,511,1,exact,0.01788854381999832,750,,,,,,0.00018770799943013117,12c5c5b6af60c2606a548421ce11923a24685ad1
dv3-B-matern2-140174,3,B,matern2,140174,14,,174,3:2:3:140174,,test,11,500.0,,,,,,,0.4,,,,,,,694.7819277213943,0.01788854381999832,,,,,7.100604636723403,0.27079646319648526,,1,505,1,exact,0.01788854381999832,726,,,,,,0.00018566700236988254,d2ced06f90dab49a253e7c3d529ef8f36eed828d
dv3-B-matern2-140175,3,B,matern2,140175,14,,175,3:2:3:140175,,test,11,500.0,,,,,,,0.4,,,,,,,694.7819277213943,0.01788854381999832,,,,,7.100604636723403,0.27079646319648526,,1,519,1,exact,0.01788854381999832,778,,,,,,0.00019800000154646114,bcb03dea042b42b2f50244ee357a9eb39b6ade3d
dv3-B-matern2-140176,3,B,matern2,140176,14,,176,3:2:3:140176,,test,11,500.0,,,,,,,0.4,,,,,,,694.7819277213943,0.01788854381999832,,,,,7.100604636723403,0.27079646319648526,,1,499,1,exact,0.01788854381999832,729,,,,,,0.00019162499665981159,75a4ea075d4fb390494ef89ce7e6c31f87ae76e9
dv3-B-matern2-140177,3,B,matern2,140177,14,,177,3:2:3:140177,,test,11,500.0,,,,,,,0.4,,,,,,,694.7819277213943,0.01788854381999832,,,,,7.100604636723403,0.27079646319648526,,1,480,1,exact,0.01788854381999832,729,,,,,,0.00019016700025531463,c3c5e10b58c7564904268297280cbebc8973472f
dv3-B-matern2-140178,3,B,matern2,140178,14,,178,3:2:3:140178,,test,11,500.0,,,,,,,0.4,,,,,,,694.7819277213943,0.01788854381999832,,,,,7.100604636723403,0.27079646319648526,,1,492,1,exact,0.01788854381999832,726,,,,,,0.00018529199951444753,68ea667f642216b9540a82a6aa955418cccf2b5e
dv3-B-matern2-140179,3,B,matern2,140179,14,,179,3:2:3:140179,,test,11,500.0,,,,,,,0.4,,,,,,,694.7819277213943,0.01788854381999832,,,,,7.100604636723403,0.27079646319648526,,1,489,1,exact,0.01788854381999832,726,,,,,,0.00018770899987430312,31b97750b6d0f55f934b57cc7444c0e4ec6489c5
dv3-B-matern2-140180,3,B,matern2,140180,14,,180,3:2:3:140180,,test,11,500.0,,,,,,,0.4,,,,,,,694.7819277213943,0.01788854381999832,,,,,7.100604636723403,0.27079646319648526,,1,510,1,exact,0.01788854381999832,771,,,,,,0.0002002910005103331,1a65e4ead4433f1cf58b2f04144df73c7a8a6e7f
dv3-B-matern2-140181,3,B,matern2,140181,14,,181,3:2:3:140181,,test,11,500.0,,,,,,,0.4,,,,,,,694.7819277213943,0.01788854381999832,,,,,7.100604636723403,0.27079646319648526,,1,516,1,exact,0.01788854381999832,797,,,,,,0.00020033300097566098,f9e12b54afdc8b74529c3d3266879680a9a7fa91
dv3-B-matern2-140182,3,B,matern2,140182,14,,182,3:2:3:140182,,test,11,500.0,,,,,,,0.4,,,,,,,694.7819277213943,0.01788854381999832,,,,,7.100604636723403,0.27079646319648526,,1,495,1,exact,0.01788854381999832,713,,,,,,0.00018395799997961149,1308626c9cead1d27dee7770e1486bb3a89a6f86
dv3-B-matern2-140183,3,B,matern2,140183,14,,183,3:2:3:140183,,test,11,500.0,,,,,,,0.4,,,,,,,694.7819277213943,0.01788854381999832,,,,,7.100604636723403,0.27079646319648526,,1,506,1,exact,0.01788854381999832,732,,,,,,0.00019025000074179843,2677cd3adbadbd5a934f29a1ce67df7c9490fd30
dv3-B-matern2-140184,3,B,matern2,140184,14,,184,3:2:3:140184,,test,11,500.0,,,,,,,0.4,,,,,,,694.7819277213943,0.01788854381999832,,,,,7.100604636723403,0.27079646319648526,,1,476,1,exact,0.01788854381999832,715,,,,,,0.0001878749972092919,78d9c983fca751b31889604b2793d8f8db51adbf
dv3-B-matern2-140185,3,B,matern2,140185,14,,185,3:2:3:140185,,test,11,500.0,,,,,,,0.4,,,,,,,694.7819277213943,0.01788854381999832,,,,,7.100604636723403,0.27079646319648526,,1,524,1,exact,0.01788854381999832,760,,,,,,0.00019320800129207782,61554e257eef79436b510bd50417aafdd84f34e7
dv3-B-matern2-140186,3,B,matern2,140186,14,,186,3:2:3:140186,,test,11,500.0,,,,,,,0.4,,,,,,,694.7819277213943,0.01788854381999832,,,,,7.100604636723403,0.27079646319648526,,1,488,1,exact,0.01788854381999832,730,,,,,,0.0002973750015371479,3776d79db238ffd482056d4fbc6647ca5da79504
dv3-B-matern2-140187,3,B,matern2,140187,14,,187,3:2:3:140187,,test,11,500.0,,,,,,,0.4,,,,,,,694.7819277213943,0.01788854381999832,,,,,7.100604636723403,0.27079646319648526,,1,523,1,exact,0.01788854381999832,783,,,,,,0.0003709580014401581,5afa5dbd2a96cbfb80cc59060c8968a7d26def0f
dv3-B-matern2-140188,3,B,matern2,140188,14,,188,3:2:3:140188,,test,11,500.0,,,,,,,0.4,,,,,,,694.7819277213943,0.01788854381999832,,,,,7.100604636723403,0.27079646319648526,,1,520,1,exact,0.01788854381999832,753,,,,,,0.00030616699950769544,67fd01e166b2bd430b1a059b6d6f5b02322d715c
dv3-B-matern2-140189,3,B,matern2,140189,14,,189,3:2:3:140189,,test,11,500.0,,,,,,,0.4,,,,,,,694.7819277213943,0.01788854381999832,,,,,7.100604636723403,0.27079646319648526,,1,507,1,exact,0.01788854381999832,755,,,,,,0.0002993750022142194,8857144fee062d2fe1372da216bdcf0d64ab026c
dv3-B-matern2-140190,3,B,matern2,140190,14,,190,3:2:3:140190,,test,11,500.0,,,,,,,0.4,,,,,,,694.7819277213943,0.01788854381999832,,,,,7.100604636723403,0.27079646319648526,,1,492,1,exact,0.01788854381999832,744,,,,,,0.00027920799766434357,dd812635f2058458b6a4f5dfb8298b3db990dd0b
dv3-B-matern2-140191,3,B,matern2,140191,14,,191,3:2:3:140191,,test,11,500.0,,,,,,,0.4,,,,,,,694.7819277213943,0.01788854381999832,,,,,7.100604636723403,0.27079646319648526,,1,497,1,exact,0.01788854381999832,767,,,,,,0.00022229199748835526,a389cca582c1cc22ba81453988d44ee94bddec82
dv3-B-matern2-140192,3,B,matern2,140192,14,,192,3:2:3:140192,,test,11,500.0,,,,,,,0.4,,,,,,,694.7819277213943,0.01788854381999832,,,,,7.100604636723403,0.27079646319648526,,1,517,1,exact,0.01788854381999832,765,,,,,,0.00019587499991757795,066baee8f9fc46837358b2a8f63cca49477a2d5f
dv3-B-matern2-140193,3,B,matern2,140193,14,,193,3:2:3:140193,,test,11,500.0,,,,,,,0.4,,,,,,,694.7819277213943,0.01788854381999832,,,,,7.100604636723403,0.27079646319648526,,1,511,1,exact,0.01788854381999832,736,,,,,,0.00019383399921935052,fe98512d62f8dca9375ef5a3dc2053c8932f1b6d
dv3-B-matern2-140194,3,B,matern2,140194,14,,194,3:2:3:140194,,test,11,500.0,,,,,,,0.4,,,,,,,694.7819277213943,0.01788854381999832,,,,,7.100604636723403,0.27079646319648526,,1,487,1,exact,0.01788854381999832,726,,,,,,0.00018612500207382254,53f162b15f2bfee3fa5ddafb0dc7be17df753269
dv3-B-matern2-140195,3,B,matern2,140195,14,,195,3:2:3:140195,,test,11,500.0,,,,,,,0.4,,,,,,,694.7819277213943,0.01788854381999832,,,,,7.100604636723403,0.27079646319648526,,1,493,1,exact,0.01788854381999832,731,,,,,,0.0003636250003182795,5c7c3c71e04e343fd7e8d2c4262ba5b2caa574cc
dv3-B-matern2-140196,3,B,matern2,140196,14,,196,3:2:3:140196,,test,11,500.0,,,,,,,0.4,,,,,,,694.7819277213943,0.01788854381999832,,,,,7.100604636723403,0.27079646319648526,,1,510,1,exact,0.01788854381999832,787,,,,,,0.00032208299671765417,2b094124dc15ad84bedb27d7c9ce44fdd794e223
dv3-B-matern2-140197,3,B,matern2,140197,14,,197,3:2:3:140197,,test,11,500.0,,,,,,,0.4,,,,,,,694.7819277213943,0.01788854381999832,,,,,7.100604636723403,0.27079646319648526,,1,485,1,exact,0.01788854381999832,744,,,,,,0.0002960420024464838,dee855062db230a050cc55924c8be9c99f08f216
dv3-B-matern2-140198,3,B,matern2,140198,14,,198,3:2:3:140198,,test,11,500.0,,,,,,,0.4,,,,,,,694.7819277213943,0.01788854381999832,,,,,7.100604636723403,0.27079646319648526,,1,481,1,exact,0.01788854381999832,714,,,,,,0.00028324999948381446,aebd260302c4c0dbc571205ef735b9f49849bc03
dv3-B-matern2-140199,3,B,matern2,140199,14,,199,3:2:3:140199,,test,11,500.0,,,,,,,0.4,,,,,,,694.7819277213943,0.01788854381999832,,,,,7.100604636723403,0.27079646319648526,,1,519,1,exact,0.01788854381999832,776,,,,,,0.0003043329998035915,8c73c822f5c20c2c4dd5c51d921effe016299bc8
dv3-B-matern2-140200,3,B,matern2,140200,14,,200,3:2:3:140200,,test,11,500.0,,,,,,,0.4,,,,,,,694.7819277213943,0.01788854381999832,,,,,7.100604636723403,0.27079646319648526,,1,487,1,exact,0.01788854381999832,736,,,,,,0.0002852079996955581,822fbb5b5cd2c1d28acc76ea7daef1071496aaab
dv3-B-matern2-140201,3,B,matern2,140201,14,,201,3:2:3:140201,,test,11,500.0,,,,,,,0.4,,,,,,,694.7819277213943,0.01788854381999832,,,,,7.100604636723403,0.27079646319648526,,1,477,1,exact,0.01788854381999832,734,,,,,,0.0002971659996546805,1a68dcaf4b4b4a4a8ad0ecf3ba89dee6fd64803e
dv3-B-matern2-140202,3,B,matern2,140202,14,,202,3:2:3:140202,,test,11,500.0,,,,,,,0.4,,,,,,,694.7819277213943,0.01788854381999832,,,,,7.100604636723403,0.27079646319648526,,1,518,1,exact,0.01788854381999832,800,,,,,,0.0003117079977528192,48a23bbee806d02405d8d9fe2820d1c1875ef764
dv3-B-matern2-140203,3,B,matern2,140203,14,,203,3:2:3:140203,,test,11,500.0,,,,,,,0.4,,,,,,,694.7819277213943,0.01788854381999832,,,,,7.100604636723403,0.27079646319648526,,1,519,1,exact,0.01788854381999832,784,,,,,,0.0003041669988306239,b4f7cc63eeb8bf9e7db63140096d11582fb3dfd7
dv3-B-matern2-140204,3,B,matern2,140204,14,,204,3:2:3:140204,,test,11,500.0,,,,,,,0.4,,,,,,,694.7819277213943,0.01788854381999832,,,,,7.100604636723403,0.27079646319648526,,1,519,1,exact,0.01788854381999832,756,,,,,,0.0002985840001201723,fe02dff4bf1a72a477c8c66369c37fa86fdaa3a6
dv3-B-matern2-140205,3,B,matern2,140205,14,,205,3:2:3:140205,,test,11,500.0,,,,,,,0.4,,,,,,,694.7819277213943,0.01788854381999832,,,,,7.100604636723403,0.27079646319648526,,1,473,1,exact,0.01788854381999832,729,,,,,,0.0002888329981942661,e0e0e79343cf0d0db6024a99cd08f1eec11951ae
dv3-B-matern2-140206,3,B,matern2,140206,14,,206,3:2:3:140206,,test,11,500.0,,,,,,,0.4,,,,,,,694.7819277213943,0.01788854381999832,,,,,7.100604636723403,0.27079646319648526,,1,495,1,exact,0.01788854381999832,731,,,,,,0.00027991699971607886,a22ed25f064dd623adf3c37f013d8d342e6a89be
dv3-B-matern2-140207,3,B,matern2,140207,14,,207,3:2:3:140207,,test,11,500.0,,,,,,,0.4,,,,,,,694.7819277213943,0.01788854381999832,,,,,7.100604636723403,0.27079646319648526,,1,488,1,exact,0.01788854381999832,703,,,,,,0.00028716599990730174,fbb75191045c7fe9d082ffddf5eba0fb33f89003
dv3-B-matern2-140208,3,B,matern2,140208,14,,208,3:2:3:140208,,test,11,500.0,,,,,,,0.4,,,,,,,694.7819277213943,0.01788854381999832,,,,,7.100604636723403,0.27079646319648526,,1,480,1,exact,0.01788854381999832,740,,,,,,0.00021725000260630623,3935019909e9ef0bad270b796d96833b131a91bf
dv3-B-matern2-140209,3,B,matern2,140209,14,,209,3:2:3:140209,,test,11,500.0,,,,,,,0.4,,,,,,,694.7819277213943,0.01788854381999832,,,,,7.100604636723403,0.27079646319648526,,1,495,1,exact,0.01788854381999832,751,,,,,,0.0001894589986477513,5be72f8de1224771f7789f227497e129aff2aa7e
dv3-B-matern2-140210,3,B,matern2,140210,14,,210,3:2:3:140210,,test,11,500.0,,,,,,,0.4,,,,,,,694.7819277213943,0.01788854381999832,,,,,7.100604636723403,0.27079646319648526,,1,478,1,exact,0.01788854381999832,714,,,,,,0.0001773329968273174,d519f1057153959fe1a0838860384823cc8bc006
dv3-B-matern2-140211,3,B,matern2,140211,14,,211,3:2:3:140211,,test,11,500.0,,,,,,,0.4,,,,,,,694.7819277213943,0.01788854381999832,,,,,7.100604636723403,0.27079646319648526,,1,469,1,exact,0.01788854381999832,681,,,,,,0.0001675830026215408,35f9c17d68d7e1d2191dd135d68fcbefcd4531d3
dv3-B-matern2-140212,3,B,matern2,140212,14,,212,3:2:3:140212,,test,11,500.0,,,,,,,0.4,,,,,,,694.7819277213943,0.01788854381999832,,,,,7.100604636723403,0.27079646319648526,,1,473,1,exact,0.01788854381999832,699,,,,,,0.0001795839998521842,37aa4898c3069b910660bae480dc9058381ada10
dv3-B-matern2-140213,3,B,matern2,140213,14,,213,3:2:3:140213,,test,11,500.0,,,,,,,0.4,,,,,,,694.7819277213943,0.01788854381999832,,,,,7.100604636723403,0.27079646319648526,,1,482,1,exact,0.01788854381999832,752,,,,,,0.0004436669987626374,1406a6e9284b9a30862b2cec55e9b0192bbcbd67
dv3-B-matern2-140214,3,B,matern2,140214,14,,214,3:2:3:140214,,test,11,500.0,,,,,,,0.4,,,,,,,694.7819277213943,0.01788854381999832,,,,,7.100604636723403,0.27079646319648526,,1,501,1,exact,0.01788854381999832,745,,,,,,0.0003205419998266734,795f2c79477f171d269b0d7337172c029e8f03b1
dv3-B-matern2-140215,3,B,matern2,140215,14,,215,3:2:3:140215,,test,11,500.0,,,,,,,0.4,,,,,,,694.7819277213943,0.01788854381999832,,,,,7.100604636723403,0.27079646319648526,,1,510,1,exact,0.01788854381999832,773,,,,,,0.0002980409990414046,bf27456d01f271fbcc516106350f69f92fded684
dv3-B-matern2-140216,3,B,matern2,140216,14,,216,3:2:3:140216,,test,11,500.0,,,,,,,0.4,,,,,,,694.7819277213943,0.01788854381999832,,,,,7.100604636723403,0.27079646319648526,,1,514,1,exact,0.01788854381999832,776,,,,,,0.0003039999974134844,9aeb588f42e9935855c3c9eb27e4e86b4ebdd6cc
dv3-B-matern2-140217,3,B,matern2,140217,14,,217,3:2:3:140217,,test,11,500.0,,,,,,,0.4,,,,,,,694.7819277213943,0.01788854381999832,,,,,7.100604636723403,0.27079646319648526,,1,508,1,exact,0.01788854381999832,719,,,,,,0.0002843749971361831,b3f48af126e4f69c5e1942b2f3332617327beb37
dv3-B-matern2-140218,3,B,matern2,140218,14,,218,3:2:3:140218,,test,11,500.0,,,,,,,0.4,,,,,,,694.7819277213943,0.01788854381999832,,,,,7.100604636723403,0.27079646319648526,,1,517,1,exact,0.01788854381999832,767,,,,,,0.000299166000331752,5193936d656397eecf9d840933c422ad23ae0fb9
dv3-B-matern2-140219,3,B,matern2,140219,14,,219,3:2:3:140219,,test,11,500.0,,,,,,,0.4,,,,,,,694.7819277213943,0.01788854381999832,,,,,7.100604636723403,0.27079646319648526,,1,505,1,exact,0.01788854381999832,750,,,,,,0.000299166000331752,4260dfc12df90be48d6fdd2f207ed9c82c66b018
dv3-B-matern2-140220,3,B,matern2,140220,14,,220,3:2:3:140220,,test,11,500.0,,,,,,,0.4,,,,,,,694.7819277213943,0.01788854381999832,,,,,7.100604636723403,0.27079646319648526,,1,525,1,exact,0.01788854381999832,781,,,,,,0.00030500000138999894,bc2be8b7ca0b5f4c299aab81b0ebf147041c4f3c
dv3-B-matern2-140221,3,B,matern2,140221,14,,221,3:2:3:140221,,test,11,500.0,,,,,,,0.4,,,,,,,694.7819277213943,0.01788854381999832,,,,,7.100604636723403,0.27079646319648526,,1,504,1,exact,0.01788854381999832,742,,,,,,0.00029187499967520125,e9dc6175f1ae7ff7d492c8cc45f2a27894610aca
dv3-B-matern2-140222,3,B,matern2,140222,14,,222,3:2:3:140222,,test,11,500.0,,,,,,,0.4,,,,,,,694.7819277213943,0.01788854381999832,,,,,7.100604636723403,0.27079646319648526,,1,512,1,exact,0.01788854381999832,790,,,,,,0.00031216699790093116,10af6cce3d08ebd54177ae2852e82e213c6d86b8
dv3-B-matern2-140223,3,B,matern2,140223,14,,223,3:2:3:140223,,test,11,500.0,,,,,,,0.4,,,,,,,694.7819277213943,0.01788854381999832,,,,,7.100604636723403,0.27079646319648526,,1,504,1,exact,0.01788854381999832,744,,,,,,0.0002933750001830049,c945b1a7267d6a0798d486b880e36a2a8953dab5
dv3-B-matern2-140224,3,B,matern2,140224,14,,224,3:2:3:140224,,test,11,500.0,,,,,,,0.4,,,,,,,694.7819277213943,0.01788854381999832,,,,,7.100604636723403,0.27079646319648526,,1,472,1,exact,0.01788854381999832,675,,,,,,0.00025991700022132136,ae20cafae107a0c235678361ddb15ca8450e2fee
dv3-B-matern2-140225,3,B,matern2,140225,14,,225,3:2:3:140225,,test,11,500.0,,,,,,,0.4,,,,,,,694.7819277213943,0.01788854381999832,,,,,7.100604636723403,0.27079646319648526,,1,462,1,exact,0.01788854381999832,712,,,,,,0.00027754199982155114,c86eeee48bbac611804ec96a5f31136d67b09aa9
dv3-B-matern2-140226,3,B,matern2,140226,14,,226,3:2:3:140226,,test,11,500.0,,,,,,,0.4,,,,,,,694.7819277213943,0.01788854381999832,,,,,7.100604636723403,0.27079646319648526,,1,483,1,exact,0.01788854381999832,690,,,,,,0.0002720000011322554,3b86b42a955a0475bf34b4bc046a979ad85e9016
dv3-B-matern2-140227,3,B,matern2,140227,14,,227,3:2:3:140227,,test,11,500.0,,,,,,,0.4,,,,,,,694.7819277213943,0.01788854381999832,,,,,7.100604636723403,0.27079646319648526,,1,518,1,exact,0.01788854381999832,768,,,,,,0.00029999999969732016,08bca0c662b6816131dbfaaa7a38e311bed41bb3
dv3-B-matern2-140228,3,B,matern2,140228,14,,228,3:2:3:140228,,test,11,500.0,,,,,,,0.4,,,,,,,694.7819277213943,0.01788854381999832,,,,,7.100604636723403,0.27079646319648526,,1,512,1,exact,0.01788854381999832,747,,,,,,0.0003164999980072025,e219f700ef7c34df6d50919b5f46a1bb120d8c15
dv3-B-matern2-140229,3,B,matern2,140229,14,,229,3:2:3:140229,,test,11,500.0,,,,,,,0.4,,,,,,,694.7819277213943,0.01788854381999832,,,,,7.100604636723403,0.27079646319648526,,1,493,1,exact,0.01788854381999832,744,,,,,,0.0002897910017054528,d6765790f6e45c08baa00d79366c4e5066fa2a1f
dv3-B-matern2-140230,3,B,matern2,140230,14,,230,3:2:3:140230,,test,11,500.0,,,,,,,0.4,,,,,,,694.7819277213943,0.01788854381999832,,,,,7.100604636723403,0.27079646319648526,,1,518,1,exact,0.01788854381999832,764,,,,,,0.00029504200210794806,72119a375b6d4b6002ad84140773f893293f976f
dv3-B-matern2-140231,3,B,matern2,140231,14,,231,3:2:3:140231,,test,11,500.0,,,,,,,0.4,,,,,,,694.7819277213943,0.01788854381999832,,,,,7.100604636723403,0.27079646319648526,,1,491,1,exact,0.01788854381999832,756,,,,,,0.0002930000009655487,ee2c810100fa0e5c92a12f3d347d8e5fd5233bd4
dv3-B-matern2-140232,3,B,matern2,140232,14,,232,3:2:3:140232,,test,11,500.0,,,,,,,0.4,,,,,,,694.7819277213943,0.01788854381999832,,,,,7.100604636723403,0.27079646319648526,,1,517,1,exact,0.01788854381999832,795,,,,,,0.0003080409987887833,067d3841a5ff592123613f8e732eb13d603b5de4
dv3-B-matern2-140233,3,B,matern2,140233,14,,233,3:2:3:140233,,test,11,500.0,,,,,,,0.4,,,,,,,694.7819277213943,0.01788854381999832,,,,,7.100604636723403,0.27079646319648526,,1,525,1,exact,0.01788854381999832,796,,,,,,0.0003175830024702009,3e88a2d3a26b3040c02be0a24f347cd881611d5a
dv3-B-matern2-140234,3,B,matern2,140234,14,,234,3:2:3:140234,,test,11,500.0,,,,,,,0.4,,,,,,,694.7819277213943,0.01788854381999832,,,,,7.100604636723403,0.27079646319648526,,1,506,1,exact,0.01788854381999832,733,,,,,,0.00029466699925251305,a9528d22fdf70e74cf9f29bd38796cbae247d391
dv3-B-matern2-140235,3,B,matern2,140235,14,,235,3:2:3:140235,,test,11,500.0,,,,,,,0.4,,,,,,,694.7819277213943,0.01788854381999832,,,,,7.100604636723403,0.27079646319648526,,1,498,1,exact,0.01788854381999832,776,,,,,,0.00030183299895725213,e4d1e5042f5b3c87e9f411e48d17fe7ce31507fb
dv3-B-matern2-140236,3,B,matern2,140236,14,,236,3:2:3:140236,,test,11,500.0,,,,,,,0.4,,,,,,,694.7819277213943,0.01788854381999832,,,,,7.100604636723403,0.27079646319648526,,1,508,1,exact,0.01788854381999832,775,,,,,,0.00029562500276369974,39543cf4250b45307124783385f685ab64729242
dv3-B-matern2-140237,3,B,matern2,140237,14,,237,3:2:3:140237,,test,11,500.0,,,,,,,0.4,,,,,,,694.7819277213943,0.01788854381999832,,,,,7.100604636723403,0.27079646319648526,,1,509,1,exact,0.01788854381999832,735,,,,,,0.0002773749984044116,67cbb4427c89cc3a104b6bfc0a08dcede6b07942
dv3-B-matern2-140238,3,B,matern2,140238,14,,238,3:2:3:140238,,test,11,500.0,,,,,,,0.4,,,,,,,694.7819277213943,0.01788854381999832,,,,,7.100604636723403,0.27079646319648526,,1,480,1,exact,0.01788854381999832,718,,,,,,0.00027483300073072314,f31a03dcb9df91adf26314e263bb87c1216480a9
dv3-B-matern2-140239,3,B,matern2,140239,14,,239,3:2:3:140239,,test,11,500.0,,,,,,,0.4,,,,,,,694.7819277213943,0.01788854381999832,,,,,7.100604636723403,0.27079646319648526,,1,499,1,exact,0.01788854381999832,762,,,,,,0.00028908300009788945,68dd255edd92bad23a69ec02e63d707f2abcceb1
dv3-B-matern2-140240,3,B,matern2,140240,14,,240,3:2:3:140240,,test,11,500.0,,,,,,,0.4,,,,,,,694.7819277213943,0.01788854381999832,,,,,7.100604636723403,0.27079646319648526,,1,490,1,exact,0.01788854381999832,711,,,,,,0.000271250002697343,e8ac0d2a4df3ca7c19b3c8059a17c1e32c851125
dv3-B-matern2-140241,3,B,matern2,140241,14,,241,3:2:3:140241,,test,11,500.0,,,,,,,0.4,,,,,,,694.7819277213943,0.01788854381999832,,,,,7.100604636723403,0.27079646319648526,,1,497,1,exact,0.01788854381999832,741,,,,,,0.00029083300250931643,32677ab7ab728ad40c20e87b3cf2d89fdd10d89e
dv3-B-matern2-140242,3,B,matern2,140242,14,,242,3:2:3:140242,,test,11,500.0,,,,,,,0.4,,,,,,,694.7819277213943,0.01788854381999832,,,,,7.100604636723403,0.27079646319648526,,1,524,1,exact,0.01788854381999832,766,,,,,,0.0002990829998452682,f4cf5e0d86b5f24f56519d78619c02d5cad07f09
dv3-B-matern2-140243,3,B,matern2,140243,14,,243,3:2:3:140243,,test,11,500.0,,,,,,,0.4,,,,,,,694.7819277213943,0.01788854381999832,,,,,7.100604636723403,0.27079646319648526,,1,482,1,exact,0.01788854381999832,725,,,,,,0.00048666699876775965,b082ba28184c4e3aac36163e98c06f71bd35d4be
dv3-B-matern2-140244,3,B,matern2,140244,14,,244,3:2:3:140244,,test,11,500.0,,,,,,,0.4,,,,,,,694.7819277213943,0.01788854381999832,,,,,7.100604636723403,0.27079646319648526,,1,495,1,exact,0.01788854381999832,767,,,,,,0.0003102089976891875,995cfb82845c7ceb950eddbf1a6c5559e7b40699
dv3-B-matern2-140245,3,B,matern2,140245,14,,245,3:2:3:140245,,test,11,500.0,,,,,,,0.4,,,,,,,694.7819277213943,0.01788854381999832,,,,,7.100604636723403,0.27079646319648526,,1,550,1,exact,0.01788854381999832,792,,,,,,0.0003107919983449392,ec06eb443271283e317df8bb81b3d89854c26759
dv3-B-matern2-140246,3,B,matern2,140246,14,,246,3:2:3:140246,,test,11,500.0,,,,,,,0.4,,,,,,,694.7819277213943,0.01788854381999832,,,,,7.100604636723403,0.27079646319648526,,1,496,1,exact,0.01788854381999832,762,,,,,,0.0003122080015600659,a1a805e257522c1ed7d30a2308d7a2c13777cf40
dv3-B-matern2-140247,3,B,matern2,140247,14,,247,3:2:3:140247,,test,11,500.0,,,,,,,0.4,,,,,,,694.7819277213943,0.01788854381999832,,,,,7.100604636723403,0.27079646319648526,,1,489,1,exact,0.01788854381999832,743,,,,,,0.00030616699950769544,d0ac307aecb5b3cf3bf12bff7d87b16303cb8c9f
dv3-B-matern2-140248,3,B,matern2,140248,14,,248,3:2:3:140248,,test,11,500.0,,,,,,,0.4,,,,,,,694.7819277213943,0.01788854381999832,,,,,7.100604636723403,0.27079646319648526,,1,509,1,exact,0.01788854381999832,748,,,,,,0.00029091699980199337,251a5f8d0dc25896a03bc001a08cff39c91ebe98
dv3-B-matern2-140249,3,B,matern2,140249,14,,249,3:2:3:140249,,test,11,500.0,,,,,,,0.4,,,,,,,694.7819277213943,0.01788854381999832,,,,,7.100604636723403,0.27079646319648526,,1,523,1,exact,0.01788854381999832,783,,,,,,0.00030304100073408335,726f42f4646faa35dbcc9ea531ef2f9087f5a9e9
dv3-B-matern2-140250,3,B,matern2,140250,14,,250,3:2:3:140250,,test,11,500.0,,,,,,,0.4,,,,,,,694.7819277213943,0.01788854381999832,,,,,7.100604636723403,0.27079646319648526,,1,503,1,exact,0.01788854381999832,765,,,,,,0.00029641700166394003,9bcb6827e84360b6682694cfc02c1b5750a6b771
dv3-B-matern2-140251,3,B,matern2,140251,14,,251,3:2:3:140251,,test,11,500.0,,,,,,,0.4,,,,,,,694.7819277213943,0.01788854381999832,,,,,7.100604636723403,0.27079646319648526,,1,499,1,exact,0.01788854381999832,742,,,,,,0.00029004099997109734,1380641396d01fbafa80e9fc123f27d57927cd52
dv3-B-matern2-140252,3,B,matern2,140252,14,,252,3:2:3:140252,,test,11,500.0,,,,,,,0.4,,,,,,,694.7819277213943,0.01788854381999832,,,,,7.100604636723403,0.27079646319648526,,1,516,1,exact,0.01788854381999832,791,,,,,,0.0003137909989163745,19b71e5c93a61a0aaac58d32c14494836d00e918
dv3-B-matern2-140253,3,B,matern2,140253,14,,253,3:2:3:140253,,test,11,500.0,,,,,,,0.4,,,,,,,694.7819277213943,0.01788854381999832,,,,,7.100604636723403,0.27079646319648526,,1,469,1,exact,0.01788854381999832,711,,,,,,0.0002757500005827751,c7684ddde094d09472e2e826afc032cf3575b5d7
dv3-B-matern2-140254,3,B,matern2,140254,14,,254,3:2:3:140254,,test,11,500.0,,,,,,,0.4,,,,,,,694.7819277213943,0.01788854381999832,,,,,7.100604636723403,0.27079646319648526,,1,504,1,exact,0.01788854381999832,760,,,,,,0.0002950410016637761,19d03c3781d4caa1f3c019a909ec51b181187740
dv3-B-matern2-140255,3,B,matern2,140255,14,,255,3:2:3:140255,,test,11,500.0,,,,,,,0.4,,,,,,,694.7819277213943,0.01788854381999832,,,,,7.100604636723403,0.27079646319648526,,1,496,1,exact,0.01788854381999832,701,,,,,,0.0002687920023163315,3a90f88bda030fb7825f670d881a285044c10391
dv3-B-matern2-140256,3,B,matern2,140256,14,,256,3:2:3:140256,,test,11,500.0,,,,,,,0.4,,,,,,,694.7819277213943,0.01788854381999832,,,,,7.100604636723403,0.27079646319648526,,1,482,1,exact,0.01788854381999832,719,,,,,,0.00027366599897504784,3e2d92df2b950c2394f59330c8178146983b960a
dv3-B-matern2-140257,3,B,matern2,140257,14,,257,3:2:3:140257,,test,11,500.0,,,,,,,0.4,,,,,,,694.7819277213943,0.01788854381999832,,,,,7.100604636723403,0.27079646319648526,,1,484,1,exact,0.01788854381999832,716,,,,,,0.0002753750013653189,891590b4fec3499f5dc93065f7541aaa5b712df0
dv3-B-matern2-140258,3,B,matern2,140258,14,,258,3:2:3:140258,,test,11,500.0,,,,,,,0.4,,,,,,,694.7819277213943,0.01788854381999832,,,,,7.100604636723403,0.27079646319648526,,1,481,1,exact,0.01788854381999832,745,,,,,,0.00028504099827841856,0ed9b28e2526feee518ea3a4731a6df5a47990c8
dv3-B-matern2-140259,3,B,matern2,140259,14,,259,3:2:3:140259,,test,11,500.0,,,,,,,0.4,,,,,,,694.7819277213943,0.01788854381999832,,,,,7.100604636723403,0.27079646319648526,,1,515,1,exact,0.01788854381999832,747,,,,,,0.00028625000049942173,87dcbb98d88e57527139805a29d6238d11260f5f
dv3-B-matern2-140260,3,B,matern2,140260,14,,260,3:2:3:140260,,test,11,500.0,,,,,,,0.4,,,,,,,694.7819277213943,0.01788854381999832,,,,,7.100604636723403,0.27079646319648526,,1,493,1,exact,0.01788854381999832,732,,,,,,0.00027341700115357526,85d207b13dd09bdd330e44487103ec84e162d53c
dv3-B-matern2-140261,3,B,matern2,140261,14,,261,3:2:3:140261,,test,11,500.0,,,,,,,0.4,,,,,,,694.7819277213943,0.01788854381999832,,,,,7.100604636723403,0.27079646319648526,,1,499,1,exact,0.01788854381999832,745,,,,,,0.0002814999970723875,330e688ff6590c8a0241f17af1083a3b7f714928
dv3-B-matern2-140262,3,B,matern2,140262,14,,262,3:2:3:140262,,test,11,500.0,,,,,,,0.4,,,,,,,694.7819277213943,0.01788854381999832,,,,,7.100604636723403,0.27079646319648526,,1,500,1,exact,0.01788854381999832,697,,,,,,0.0002730000014707912,63660d4efc09630024d56ddc62e5e42617e7bf02
dv3-B-matern2-140263,3,B,matern2,140263,14,,263,3:2:3:140263,,test,11,500.0,,,,,,,0.4,,,,,,,694.7819277213943,0.01788854381999832,,,,,7.100604636723403,0.27079646319648526,,1,506,1,exact,0.01788854381999832,745,,,,,,0.0002962500002468005,7dc3ab419d9a913748c85dc949589d18ad2ddce3
dv3-B-matern2-140264,3,B,matern2,140264,14,,264,3:2:3:140264,,test,11,500.0,,,,,,,0.4,,,,,,,694.7819277213943,0.01788854381999832,,,,,7.100604636723403,0.27079646319648526,,1,493,1,exact,0.01788854381999832,739,,,,,,0.0003169170013279654,95e8033df9f03275c7d398135339f407b3bf768d
dv3-B-matern2-140265,3,B,matern2,140265,14,,265,3:2:3:140265,,test,11,500.0,,,,,,,0.4,,,,,,,694.7819277213943,0.01788854381999832,,,,,7.100604636723403,0.27079646319648526,,1,496,1,exact,0.01788854381999832,738,,,,,,0.000207042001420632,3739391f7006dc6a9fb3a87200a8880c139a4b2f
dv3-B-matern2-140266,3,B,matern2,140266,14,,266,3:2:3:140266,,test,11,500.0,,,,,,,0.4,,,,,,,694.7819277213943,0.01788854381999832,,,,,7.100604636723403,0.27079646319648526,,1,512,1,exact,0.01788854381999832,755,,,,,,0.00019783399693551473,46a8f7e8788d46ff2c0201b055fdc11276e5c306
dv3-B-matern2-140267,3,B,matern2,140267,14,,267,3:2:3:140267,,test,11,500.0,,,,,,,0.4,,,,,,,694.7819277213943,0.01788854381999832,,,,,7.100604636723403,0.27079646319648526,,1,519,1,exact,0.01788854381999832,793,,,,,,0.00019858400264638476,6aa3eaee0af341362514401869ce9b5a092ec038
dv3-B-matern2-140268,3,B,matern2,140268,14,,268,3:2:3:140268,,test,11,500.0,,,,,,,0.4,,,,,,,694.7819277213943,0.01788854381999832,,,,,7.100604636723403,0.27079646319648526,,1,522,1,exact,0.01788854381999832,758,,,,,,0.00018954099869006313,775e87c1773f6c4677b4f996448d936b24f1f084
dv3-B-matern2-140269,3,B,matern2,140269,14,,269,3:2:3:140269,,test,11,500.0,,,,,,,0.4,,,,,,,694.7819277213943,0.01788854381999832,,,,,7.100604636723403,0.27079646319648526,,1,516,1,exact,0.01788854381999832,786,,,,,,0.00019287499890197068,a7af19a3db6dbc4d69c5ba5c523577489c5de4e5
dv3-B-matern2-140270,3,B,matern2,140270,14,,270,3:2:3:140270,,test,11,500.0,,,,,,,0.4,,,,,,,694.7819277213943,0.01788854381999832,,,,,7.100604636723403,0.27079646319648526,,1,500,1,exact,0.01788854381999832,731,,,,,,0.00019175000124960206,b99afe6d7d2b96b8f38176c03054900640c9f0bd
dv3-B-matern2-140271,3,B,matern2,140271,14,,271,3:2:3:140271,,test,11,500.0,,,,,,,0.4,,,,,,,694.7819277213943,0.01788854381999832,,,,,7.100604636723403,0.27079646319648526,,1,492,1,exact,0.01788854381999832,750,,,,,,0.00018379099856247194,429d2c07c17a1d7d6f76aea0635c47ba209e52da
dv3-B-matern2-140272,3,B,matern2,140272,14,,272,3:2:3:140272,,test,11,500.0,,,,,,,0.4,,,,,,,694.7819277213943,0.01788854381999832,,,,,7.100604636723403,0.27079646319648526,,1,478,1,exact,0.01788854381999832,740,,,,,,0.00017870800002128817,88a6aac8e8b36691c4a4501fd0ad7addbe9caff0
dv3-B-matern2-140273,3,B,matern2,140273,14,,273,3:2:3:140273,,test,11,500.0,,,,,,,0.4,,,,,,,694.7819277213943,0.01788854381999832,,,,,7.100604636723403,0.27079646319648526,,1,492,1,exact,0.01788854381999832,748,,,,,,0.0001810829999158159,858ef055c8141c795efafa7e891e32d668e984eb
dv3-B-matern2-140274,3,B,matern2,140274,14,,274,3:2:3:140274,,test,11,500.0,,,,,,,0.4,,,,,,,694.7819277213943,0.01788854381999832,,,,,7.100604636723403,0.27079646319648526,,1,494,1,exact,0.01788854381999832,704,,,,,,0.00017662499885773286,d2469a0bbbb91d962a2a39b41081e246d57ac98e
dv3-B-matern2-140275,3,B,matern2,140275,14,,275,3:2:3:140275,,test,11,500.0,,,,,,,0.4,,,,,,,694.7819277213943,0.01788854381999832,,,,,7.100604636723403,0.27079646319648526,,1,523,1,exact,0.01788854381999832,766,,,,,,0.00019566699847928248,d4b611364fca437abe9ddf33fe2b38b096706483
dv3-B-matern2-140276,3,B,matern2,140276,14,,276,3:2:3:140276,,test,11,500.0,,,,,,,0.4,,,,,,,694.7819277213943,0.01788854381999832,,,,,7.100604636723403,0.27079646319648526,,1,495,1,exact,0.01788854381999832,724,,,,,,0.00017341700004180893,eacd6180b2c58d2d0a8556e2b9177012a3e7e194
dv3-B-matern2-140277,3,B,matern2,140277,14,,277,3:2:3:140277,,test,11,500.0,,,,,,,0.4,,,,,,,694.7819277213943,0.01788854381999832,,,,,7.100604636723403,0.27079646319648526,,1,499,1,exact,0.01788854381999832,753,,,,,,0.00018908299898612313,92c777f2a6ac1e9c6c57fa6c5c2fd25b08cb4384
dv3-B-matern2-140278,3,B,matern2,140278,14,,278,3:2:3:140278,,test,11,500.0,,,,,,,0.4,,,,,,,694.7819277213943,0.01788854381999832,,,,,7.100604636723403,0.27079646319648526,,1,476,1,exact,0.01788854381999832,698,,,,,,0.00017212500097230077,6b4e85a6719b5d671f0d39df810a26541643aed7
dv3-B-matern2-140279,3,B,matern2,140279,14,,279,3:2:3:140279,,test,11,500.0,,,,,,,0.4,,,,,,,694.7819277213943,0.01788854381999832,,,,,7.100604636723403,0.27079646319648526,,1,480,1,exact,0.01788854381999832,689,,,,,,0.00021137499788892455,cdae7a5d48391be987063c1300c93ae2232d1f29
dv3-B-matern2-140280,3,B,matern2,140280,14,,280,3:2:3:140280,,test,11,500.0,,,,,,,0.4,,,,,,,694.7819277213943,0.01788854381999832,,,,,7.100604636723403,0.27079646319648526,,1,463,1,exact,0.01788854381999832,680,,,,,,0.0001940000001923181,44573c383691e90d3dda0d917a8753fcf5be6e50
dv3-B-matern2-140281,3,B,matern2,140281,14,,281,3:2:3:140281,,test,11,500.0,,,,,,,0.4,,,,,,,694.7819277213943,0.01788854381999832,,,,,7.100604636723403,0.27079646319648526,,1,481,1,exact,0.01788854381999832,720,,,,,,0.00018825000006472692,2c96b8088713b625fb73ee9c9e2d99283d264ca7
dv3-B-matern2-140282,3,B,matern2,140282,14,,282,3:2:3:140282,,test,11,500.0,,,,,,,0.4,,,,,,,694.7819277213943,0.01788854381999832,,,,,7.100604636723403,0.27079646319648526,,1,499,1,exact,0.01788854381999832,737,,,,,,0.00018241699945065193,9c6f8aad746398eebb24e349ef783c63a7070a0d
dv3-B-matern2-140283,3,B,matern2,140283,14,,283,3:2:3:140283,,test,11,500.0,,,,,,,0.4,,,,,,,694.7819277213943,0.01788854381999832,,,,,7.100604636723403,0.27079646319648526,,1,491,1,exact,0.01788854381999832,759,,,,,,0.00019124999744235538,e453b8366536f3039fb8e118498362fbe7145646
dv3-B-matern2-140284,3,B,matern2,140284,14,,284,3:2:3:140284,,test,11,500.0,,,,,,,0.4,,,,,,,694.7819277213943,0.01788854381999832,,,,,7.100604636723403,0.27079646319648526,,1,511,1,exact,0.01788854381999832,735,,,,,,0.00017895899873110466,2ef965dc248ef2a1d216ae63dddc0ed680087fa4
dv3-B-matern2-140285,3,B,matern2,140285,14,,285,3:2:3:140285,,test,11,500.0,,,,,,,0.4,,,,,,,694.7819277213943,0.01788854381999832,,,,,7.100604636723403,0.27079646319648526,,1,524,1,exact,0.01788854381999832,773,,,,,,0.00018904100215877406,e8ee2ceec61473270d95c2b39c8b98b4bff4657a
dv3-B-matern2-140286,3,B,matern2,140286,14,,286,3:2:3:140286,,test,11,500.0,,,,,,,0.4,,,,,,,694.7819277213943,0.01788854381999832,,,,,7.100604636723403,0.27079646319648526,,1,474,1,exact,0.01788854381999832,708,,,,,,0.00018545800048741512,f2e4dfaa1617bc097d7d93aba00a4b02b851134d
dv3-B-matern2-140287,3,B,matern2,140287,14,,287,3:2:3:140287,,test,11,500.0,,,,,,,0.4,,,,,,,694.7819277213943,0.01788854381999832,,,,,7.100604636723403,0.27079646319648526,,1,494,1,exact,0.01788854381999832,753,,,,,,0.00019870899996021762,bdb3b5362378b6530dba8a1d1c1f12e73145855c
dv3-B-matern2-140288,3,B,matern2,140288,14,,288,3:2:3:140288,,test,11,500.0,,,,,,,0.4,,,,,,,694.7819277213943,0.01788854381999832,,,,,7.100604636723403,0.27079646319648526,,1,493,1,exact,0.01788854381999832,765,,,,,,0.00019624999913503416,ff04e00b7c7267db96540cd7ecf64ff84896d734
dv3-B-matern2-140289,3,B,matern2,140289,14,,289,3:2:3:140289,,test,11,500.0,,,,,,,0.4,,,,,,,694.7819277213943,0.01788854381999832,,,,,7.100604636723403,0.27079646319648526,,1,512,1,exact,0.01788854381999832,771,,,,,,0.00020679199951700866,82bd451726f1fe688c3f8df58016658b1827a688
dv3-B-matern2-140290,3,B,matern2,140290,14,,290,3:2:3:140290,,test,11,500.0,,,,,,,0.4,,,,,,,694.7819277213943,0.01788854381999832,,,,,7.100604636723403,0.27079646319648526,,1,513,1,exact,0.01788854381999832,804,,,,,,0.00021354099953896366,7f5a54b515aa7085631ec8ea875d97ae568b39b3
dv3-B-matern2-140291,3,B,matern2,140291,14,,291,3:2:3:140291,,test,11,500.0,,,,,,,0.4,,,,,,,694.7819277213943,0.01788854381999832,,,,,7.100604636723403,0.27079646319648526,,1,477,1,exact,0.01788854381999832,716,,,,,,0.00018537500000093132,198fe80108076fb5f76365fb061d47f4d4f9a432
dv3-B-matern2-140292,3,B,matern2,140292,14,,292,3:2:3:140292,,test,11,500.0,,,,,,,0.4,,,,,,,694.7819277213943,0.01788854381999832,,,,,7.100604636723403,0.27079646319648526,,1,513,1,exact,0.01788854381999832,739,,,,,,0.0002092080030706711,73c3968350b67b01b0fbcf1632d8691003e6cb7f
dv3-B-matern2-140293,3,B,matern2,140293,14,,293,3:2:3:140293,,test,11,500.0,,,,,,,0.4,,,,,,,694.7819277213943,0.01788854381999832,,,,,7.100604636723403,0.27079646319648526,,1,522,1,exact,0.01788854381999832,772,,,,,,0.0002156670016120188,03ec0ff42839bd796e07e34c4e0ed6ab4219ca70
dv3-B-matern2-140294,3,B,matern2,140294,14,,294,3:2:3:140294,,test,11,500.0,,,,,,,0.4,,,,,,,694.7819277213943,0.01788854381999832,,,,,7.100604636723403,0.27079646319648526,,1,501,1,exact,0.01788854381999832,749,,,,,,0.00019837500076391734,e2004bd6c7899517be0038b00ccc3a1594efc2d0
dv3-B-matern2-140295,3,B,matern2,140295,14,,295,3:2:3:140295,,test,11,500.0,,,,,,,0.4,,,,,,,694.7819277213943,0.01788854381999832,,,,,7.100604636723403,0.27079646319648526,,1,489,1,exact,0.01788854381999832,710,,,,,,0.0001837919990066439,aa33aaefbb9a477bad2045241b261fa979749659
dv3-B-matern2-140296,3,B,matern2,140296,14,,296,3:2:3:140296,,test,11,500.0,,,,,,,0.4,,,,,,,694.7819277213943,0.01788854381999832,,,,,7.100604636723403,0.27079646319648526,,1,495,1,exact,0.01788854381999832,726,,,,,,0.0001883750010165386,7672ed4f18da56df2f93471b99b39a81111e5b57
dv3-B-matern2-140297,3,B,matern2,140297,14,,297,3:2:3:140297,,test,11,500.0,,,,,,,0.4,,,,,,,694.7819277213943,0.01788854381999832,,,,,7.100604636723403,0.27079646319648526,,1,488,1,exact,0.01788854381999832,698,,,,,,0.00018037499830825254,e24d72706227c42ba9e3f485df8836eaf75dadea
dv3-B-matern2-140298,3,B,matern2,140298,14,,298,3:2:3:140298,,test,11,500.0,,,,,,,0.4,,,,,,,694.7819277213943,0.01788854381999832,,,,,7.100604636723403,0.27079646319648526,,1,526,1,exact,0.01788854381999832,757,,,,,,0.00019470800179988146,0be73bf4c56f49ff2dea35d2525c9a1bc04be3f6
dv3-B-matern2-140299,3,B,matern2,140299,14,,299,3:2:3:140299,,test,11,500.0,,,,,,,0.4,,,,,,,694.7819277213943,0.01788854381999832,,,,,7.100604636723403,0.27079646319648526,,1,501,1,exact,0.01788854381999832,746,,,,,,0.0001936250009748619,06567e34cd47194938b13c02c8c9c9d6b130b7d7
dv3-B-matern2-140300,3,B,matern2,140300,14,,300,3:2:3:140300,,test,11,500.0,,,,,,,0.4,,,,,,,694.7819277213943,0.01788854381999832,,,,,7.100604636723403,0.27079646319648526,,1,512,1,exact,0.01788854381999832,769,,,,,,0.0006165420018078294,da5f0868c3c9b33bd8892db357be8fd7882f5e1a
dv3-B-matern2-140301,3,B,matern2,140301,14,,301,3:2:3:140301,,test,11,500.0,,,,,,,0.4,,,,,,,694.7819277213943,0.01788854381999832,,,,,7.100604636723403,0.27079646319648526,,1,490,1,exact,0.01788854381999832,746,,,,,,0.0003217919984308537,8f561a4143570c9171169bcb4964897b60af0902
dv3-B-matern2-140302,3,B,matern2,140302,14,,302,3:2:3:140302,,test,11,500.0,,,,,,,0.4,,,,,,,694.7819277213943,0.01788854381999832,,,,,7.100604636723403,0.27079646319648526,,1,490,1,exact,0.01788854381999832,712,,,,,,0.00028508300238172524,c31b7d46a36ad044048047c7ab7112b242ae9585
dv3-B-matern2-140303,3,B,matern2,140303,14,,303,3:2:3:140303,,test,11,500.0,,,,,,,0.4,,,,,,,694.7819277213943,0.01788854381999832,,,,,7.100604636723403,0.27079646319648526,,1,478,1,exact,0.01788854381999832,746,,,,,,0.0002982080004585441,bc5059ac6bf685352d5d30be2a4576bbf08c43eb
dv3-B-matern2-140304,3,B,matern2,140304,14,,304,3:2:3:140304,,test,11,500.0,,,,,,,0.4,,,,,,,694.7819277213943,0.01788854381999832,,,,,7.100604636723403,0.27079646319648526,,1,508,1,exact,0.01788854381999832,770,,,,,,0.0003147909992549103,27830b1d10a270e1e58da8a1d7d6b8fe9f593208
dv3-B-matern2-140305,3,B,matern2,140305,14,,305,3:2:3:140305,,test,11,500.0,,,,,,,0.4,,,,,,,694.7819277213943,0.01788854381999832,,,,,7.100604636723403,0.27079646319648526,,1,518,1,exact,0.01788854381999832,757,,,,,,0.00032133299828274176,d646144f6a01e9ed0649230ef415deca6981cfa9
dv3-B-matern2-140306,3,B,matern2,140306,14,,306,3:2:3:140306,,test,11,500.0,,,,,,,0.4,,,,,,,694.7819277213943,0.01788854381999832,,,,,7.100604636723403,0.27079646319648526,,1,495,1,exact,0.01788854381999832,714,,,,,,0.0003028329992957879,c4aa0153afcb060695d10e259bdcbb1e8c470f19
dv3-B-matern2-140307,3,B,matern2,140307,14,,307,3:2:3:140307,,test,11,500.0,,,,,,,0.4,,,,,,,694.7819277213943,0.01788854381999832,,,,,7.100604636723403,0.27079646319648526,,1,489,1,exact,0.01788854381999832,724,,,,,,0.00030741699811187573,6955fda325b4912d8611f16523fad5cc40b77ac2
dv3-B-matern2-140308,3,B,matern2,140308,14,,308,3:2:3:140308,,test,11,500.0,,,,,,,0.4,,,,,,,694.7819277213943,0.01788854381999832,,,,,7.100604636723403,0.27079646319648526,,1,512,1,exact,0.01788854381999832,748,,,,,,0.0003026669983228203,81c84305463e47fe8154c9e63b96ae2f0a502db6
dv3-B-matern2-140309,3,B,matern2,140309,14,,309,3:2:3:140309,,test,11,500.0,,,,,,,0.4,,,,,,,694.7819277213943,0.01788854381999832,,,,,7.100604636723403,0.27079646319648526,,1,520,1,exact,0.01788854381999832,747,,,,,,0.0003032080021512229,f04b722dd634cf964ee5d3cb8c59d29532613a99
dv3-B-matern2-140310,3,B,matern2,140310,14,,310,3:2:3:140310,,test,11,500.0,,,,,,,0.4,,,,,,,694.7819277213943,0.01788854381999832,,,,,7.100604636723403,0.27079646319648526,,1,534,1,exact,0.01788854381999832,773,,,,,,0.0002982499972858932,14dbc8e4e3d7998679486abc143b30f9660a6ec2
dv3-B-matern2-140311,3,B,matern2,140311,14,,311,3:2:3:140311,,test,11,500.0,,,,,,,0.4,,,,,,,694.7819277213943,0.01788854381999832,,,,,7.100604636723403,0.27079646319648526,,1,511,1,exact,0.01788854381999832,756,,,,,,0.00029370899937930517,db696eb0baeaa1f96f91e509fcea9ee97cce88ae
dv3-B-matern2-140312,3,B,matern2,140312,14,,312,3:2:3:140312,,test,11,500.0,,,,,,,0.4,,,,,,,694.7819277213943,0.01788854381999832,,,,,7.100604636723403,0.27079646319648526,,1,496,1,exact,0.01788854381999832,705,,,,,,0.0002854170015780255,88e15bea2b06bd3665169b64fc5910f1931b16aa
dv3-B-matern2-140313,3,B,matern2,140313,14,,313,3:2:3:140313,,test,11,500.0,,,,,,,0.4,,,,,,,694.7819277213943,0.01788854381999832,,,,,7.100604636723403,0.27079646319648526,,1,518,1,exact,0.01788854381999832,750,,,,,,0.00031362500158138573,93fd6a4878ed013560d0dcad660e67b86bf5a65f
dv3-B-matern2-140314,3,B,matern2,140314,14,,314,3:2:3:140314,,test,11,500.0,,,,,,,0.4,,,,,,,694.7819277213943,0.01788854381999832,,,,,7.100604636723403,0.27079646319648526,,1,525,1,exact,0.01788854381999832,778,,,,,,0.00031725000008009374,44f669ec1d695e4135de23b7f2fa85de39d2622a
dv3-B-matern2-140315,3,B,matern2,140315,14,,315,3:2:3:140315,,test,11,500.0,,,,,,,0.4,,,,,,,694.7819277213943,0.01788854381999832,,,,,7.100604636723403,0.27079646319648526,,1,510,1,exact,0.01788854381999832,775,,,,,,0.00031295900043915026,e0c64c5d953b0dab643e10dc34abc347916ae5a8
dv3-B-matern2-140316,3,B,matern2,140316,14,,316,3:2:3:140316,,test,11,500.0,,,,,,,0.4,,,,,,,694.7819277213943,0.01788854381999832,,,,,7.100604636723403,0.27079646319648526,,1,482,1,exact,0.01788854381999832,739,,,,,,0.0004897079998045228,c6e76920d15082bc6664c1f6b513a172e5661f44
dv3-B-matern2-140317,3,B,matern2,140317,14,,317,3:2:3:140317,,test,11,500.0,,,,,,,0.4,,,,,,,694.7819277213943,0.01788854381999832,,,,,7.100604636723403,0.27079646319648526,,1,507,1,exact,0.01788854381999832,779,,,,,,0.00036412500048754737,8097e029ff42c532a5af8d65c4cb1af7a968579e
dv3-B-matern2-140318,3,B,matern2,140318,14,,318,3:2:3:140318,,test,11,500.0,,,,,,,0.4,,,,,,,694.7819277213943,0.01788854381999832,,,,,7.100604636723403,0.27079646319648526,,1,475,1,exact,0.01788854381999832,719,,,,,,0.000304541001241887,80e8e703bb87faaec4826bcbd658e65417b163e2
dv3-B-matern2-140319,3,B,matern2,140319,14,,319,3:2:3:140319,,test,11,500.0,,,,,,,0.4,,,,,,,694.7819277213943,0.01788854381999832,,,,,7.100604636723403,0.27079646319648526,,1,505,1,exact,0.01788854381999832,749,,,,,,0.000306792000628775,c2603739a09ae2f48d885ceb51cb10a616909951
dv3-B-matern2-140320,3,B,matern2,140320,14,,320,3:2:3:140320,,test,11,500.0,,,,,,,0.4,,,,,,,694.7819277213943,0.01788854381999832,,,,,7.100604636723403,0.27079646319648526,,1,509,1,exact,0.01788854381999832,766,,,,,,0.0003087090008193627,2d4bbb999690a5605f7c8eb34dd9ef4760fde7a7
dv3-B-matern2-140321,3,B,matern2,140321,14,,321,3:2:3:140321,,test,11,500.0,,,,,,,0.4,,,,,,,694.7819277213943,0.01788854381999832,,,,,7.100604636723403,0.27079646319648526,,1,489,1,exact,0.01788854381999832,756,,,,,,0.00030204200083971955,46e7f49128260b7efcb6214134bcd1738e193bad
dv3-B-matern2-140322,3,B,matern2,140322,14,,322,3:2:3:140322,,test,11,500.0,,,,,,,0.4,,,,,,,694.7819277213943,0.01788854381999832,,,,,7.100604636723403,0.27079646319648526,,1,510,1,exact,0.01788854381999832,772,,,,,,0.00030654199872515164,0c1e60f69f2d8969801480365dde25e225fa1bbc
dv3-B-matern2-140323,3,B,matern2,140323,14,,323,3:2:3:140323,,test,11,500.0,,,,,,,0.4,,,,,,,694.7819277213943,0.01788854381999832,,,,,7.100604636723403,0.27079646319648526,,1,468,1,exact,0.01788854381999832,712,,,,,,0.000276250000752043,a713b49e309c31b612655b46afbd02818f6a1390
dv3-B-matern2-140324,3,B,matern2,140324,14,,324,3:2:3:140324,,test,11,500.0,,,,,,,0.4,,,,,,,694.7819277213943,0.01788854381999832,,,,,7.100604636723403,0.27079646319648526,,1,495,1,exact,0.01788854381999832,728,,,,,,0.00027591699836193584,55acdb9f194c203fa3bca4062181915b9219926d
dv3-B-matern2-140325,3,B,matern2,140325,14,,325,3:2:3:140325,,test,11,500.0,,,,,,,0.4,,,,,,,694.7819277213943,0.01788854381999832,,,,,7.100604636723403,0.27079646319648526,,1,481,1,exact,0.01788854381999832,740,,,,,,0.0002892079974117223,f0e93b689bbcab17a9ddad2d0817def8fffe0ec2
dv3-B-matern2-140326,3,B,matern2,140326,14,,326,3:2:3:140326,,test,11,500.0,,,,,,,0.4,,,,,,,694.7819277213943,0.01788854381999832,,,,,7.100604636723403,0.27079646319648526,,1,470,1,exact,0.01788854381999832,694,,,,,,0.000277584000286879,3018f32f4eeadf74a89a6a2fd1305a69edc45033
dv3-B-matern2-140327,3,B,matern2,140327,14,,327,3:2:3:140327,,test,11,500.0,,,,,,,0.4,,,,,,,694.7819277213943,0.01788854381999832,,,,,7.100604636723403,0.27079646319648526,,1,514,1,exact,0.01788854381999832,758,,,,,,0.00029466699925251305,58cc5b6d724f6edcdeb156e2f4ad1bea81597540
dv3-B-matern2-140328,3,B,matern2,140328,14,,328,3:2:3:140328,,test,11,500.0,,,,,,,0.4,,,,,,,694.7819277213943,0.01788854381999832,,,,,7.100604636723403,0.27079646319648526,,1,508,1,exact,0.01788854381999832,746,,,,,,0.0002792089981085155,168f043136f49cd823ac7083481995eb7542f3c2
dv3-B-matern2-140329,3,B,matern2,140329,14,,329,3:2:3:140329,,test,11,500.0,,,,,,,0.4,,,,,,,694.7819277213943,0.01788854381999832,,,,,7.100604636723403,0.27079646319648526,,1,506,1,exact,0.01788854381999832,781,,,,,,0.00030129199876682833,753e34fe9e84b7d68bcba0b5cde119932bcae264
dv3-B-matern2-140330,3,B,matern2,140330,14,,330,3:2:3:140330,,test,11,500.0,,,,,,,0.4,,,,,,,694.7819277213943,0.01788854381999832,,,,,7.100604636723403,0.27079646319648526,,1,495,1,exact,0.01788854381999832,761,,,,,,0.0002954160008812323,ca88394e9bdd069f40313f6e77b84086738b22ae
dv3-B-matern2-140331,3,B,matern2,140331,14,,331,3:2:3:140331,,test,11,500.0,,,,,,,0.4,,,,,,,694.7819277213943,0.01788854381999832,,,,,7.100604636723403,0.27079646319648526,,1,513,1,exact,0.01788854381999832,773,,,,,,0.0003044579971174244,8d5d7f8228e855ddd79fbde01faa79712c5debba
dv3-B-matern2-140332,3,B,matern2,140332,14,,332,3:2:3:140332,,test,11,500.0,,,,,,,0.4,,,,,,,694.7819277213943,0.01788854381999832,,,,,7.100604636723403,0.27079646319648526,,1,525,1,exact,0.01788854381999832,778,,,,,,0.000324332999298349,7ca98ccd7877825f695f824a498bf9860069382e
dv3-B-matern2-140333,3,B,matern2,140333,14,,333,3:2:3:140333,,test,11,500.0,,,,,,,0.4,,,,,,,694.7819277213943,0.01788854381999832,,,,,7.100604636723403,0.27079646319648526,,1,483,1,exact,0.01788854381999832,701,,,,,,0.00021204199947533198,c0f38652ff517c43e62fd78a09205e1c313e9004
dv3-B-matern2-140334,3,B,matern2,140334,14,,334,3:2:3:140334,,test,11,500.0,,,,,,,0.4,,,,,,,694.7819277213943,0.01788854381999832,,,,,7.100604636723403,0.27079646319648526,,1,497,1,exact,0.01788854381999832,735,,,,,,0.00019083399820374325,f1283e6d6af84cee3634462d77feebb7b10c2c22
dv3-B-matern2-140335,3,B,matern2,140335,14,,335,3:2:3:140335,,test,11,500.0,,,,,,,0.4,,,,,,,694.7819277213943,0.01788854381999832,,,,,7.100604636723403,0.27079646319648526,,1,503,1,exact,0.01788854381999832,769,,,,,,0.00019004200294148177,21e649cf358e72bb5369d8fa68857f7ccf79d843
dv3-B-matern2-140336,3,B,matern2,140336,14,,336,3:2:3:140336,,test,11,500.0,,,,,,,0.4,,,,,,,694.7819277213943,0.01788854381999832,,,,,7.100604636723403,0.27079646319648526,,1,494,1,exact,0.01788854381999832,743,,,,,,0.0001866669990704395,b6d266e5ed72c4cb2c0a7852fc71c999210eeaaa
dv3-B-matern2-140337,3,B,matern2,140337,14,,337,3:2:3:140337,,test,11,500.0,,,,,,,0.4,,,,,,,694.7819277213943,0.01788854381999832,,,,,7.100604636723403,0.27079646319648526,,1,496,1,exact,0.01788854381999832,731,,,,,,0.00018104199989465997,ebac13eaa46285e42331aad290d97fc5b13d80d8
dv3-B-matern2-140338,3,B,matern2,140338,14,,338,3:2:3:140338,,test,11,500.0,,,,,,,0.4,,,,,,,694.7819277213943,0.01788854381999832,,,,,7.100604636723403,0.27079646319648526,,1,502,1,exact,0.01788854381999832,736,,,,,,0.00018333299885853194,fc6a12884c18b63720c986e20c6b2399d453fbc5
dv3-B-matern2-140339,3,B,matern2,140339,14,,339,3:2:3:140339,,test,11,500.0,,,,,,,0.4,,,,,,,694.7819277213943,0.01788854381999832,,,,,7.100604636723403,0.27079646319648526,,1,505,1,exact,0.01788854381999832,801,,,,,,0.00020412500089150853,33ac2ec6ece34382964a65e31605b35c9c0e56dd
dv3-B-matern2-140340,3,B,matern2,140340,14,,340,3:2:3:140340,,test,11,500.0,,,,,,,0.4,,,,,,,694.7819277213943,0.01788854381999832,,,,,7.100604636723403,0.27079646319648526,,1,516,1,exact,0.01788854381999832,771,,,,,,0.00019020800027647056,7f02cfe99ca8db1518a034ed343f113f4451cde7
dv3-B-matern2-140341,3,B,matern2,140341,14,,341,3:2:3:140341,,test,11,500.0,,,,,,,0.4,,,,,,,694.7819277213943,0.01788854381999832,,,,,7.100604636723403,0.27079646319648526,,1,492,1,exact,0.01788854381999832,735,,,,,,0.00019729099949472584,3e18748b5142fb6ccfce25bfeadc506dd7defe17
dv3-B-matern2-140342,3,B,matern2,140342,14,,342,3:2:3:140342,,test,11,500.0,,,,,,,0.4,,,,,,,694.7819277213943,0.01788854381999832,,,,,7.100604636723403,0.27079646319648526,,1,515,1,exact,0.01788854381999832,761,,,,,,0.00019754200184252113,1ec9074d01e3dbb4455695d88a28556f59041198
dv3-B-matern2-140343,3,B,matern2,140343,14,,343,3:2:3:140343,,test,11,500.0,,,,,,,0.4,,,,,,,694.7819277213943,0.01788854381999832,,,,,7.100604636723403,0.27079646319648526,,1,512,1,exact,0.01788854381999832,738,,,,,,0.00018745900160865858,2e30e8f801e3adbb949a0c50cb9c9b842d870ec0
dv3-B-matern2-140344,3,B,matern2,140344,14,,344,3:2:3:140344,,test,11,500.0,,,,,,,0.4,,,,,,,694.7819277213943,0.01788854381999832,,,,,7.100604636723403,0.27079646319648526,,1,453,1,exact,0.01788854381999832,701,,,,,,0.00018779200036078691,ec4cf4f1b0dba4348f14a6dd6576519390cab4ee
dv3-B-matern2-140345,3,B,matern2,140345,14,,345,3:2:3:140345,,test,11,500.0,,,,,,,0.4,,,,,,,694.7819277213943,0.01788854381999832,,,,,7.100604636723403,0.27079646319648526,,1,526,1,exact,0.01788854381999832,748,,,,,,0.00019629099915619008,9c36863c78a861d2066062c0b2893d246b66568f
dv3-B-matern2-140346,3,B,matern2,140346,14,,346,3:2:3:140346,,test,11,500.0,,,,,,,0.4,,,,,,,694.7819277213943,0.01788854381999832,,,,,7.100604636723403,0.27079646319648526,,1,497,1,exact,0.01788854381999832,748,,,,,,0.00018887500118580647,a0119cec125de88459087b831c6cc560f57e44b8
dv3-B-matern2-140347,3,B,matern2,140347,14,,347,3:2:3:140347,,test,11,500.0,,,,,,,0.4,,,,,,,694.7819277213943,0.01788854381999832,,,,,7.100604636723403,0.27079646319648526,,1,530,1,exact,0.01788854381999832,788,,,,,,0.00019791700105997734,dc82dcf0300205415d5bae896583dd51f4397ed2
dv3-B-matern2-140348,3,B,matern2,140348,14,,348,3:2:3:140348,,test,11,500.0,,,,,,,0.4,,,,,,,694.7819277213943,0.01788854381999832,,,,,7.100604636723403,0.27079646319648526,,1,488,1,exact,0.01788854381999832,737,,,,,,0.00018037500194623135,e4d08609fdad25f13df879b025a1c59c210c11e2
dv3-B-matern2-140349,3,B,matern2,140349,14,,349,3:2:3:140349,,test,11,500.0,,,,,,,0.4,,,,,,,694.7819277213943,0.01788854381999832,,,,,7.100604636723403,0.27079646319648526,,1,496,1,exact,0.01788854381999832,711,,,,,,0.00018208300025435165,86c72cf136820555e4abf1ad0bdab072bf2f6b5d
dv3-B-matern2-140350,3,B,matern2,140350,14,,350,3:2:3:140350,,test,11,500.0,,,,,,,0.4,,,,,,,694.7819277213943,0.01788854381999832,,,,,7.100604636723403,0.27079646319648526,,1,496,1,exact,0.01788854381999832,760,,,,,,0.00018891699801315553,880998aeb013c5ea5d4c85ca4b899d7d803f268a
dv3-B-matern2-140351,3,B,matern2,140351,14,,351,3:2:3:140351,,test,11,500.0,,,,,,,0.4,,,,,,,694.7819277213943,0.01788854381999832,,,,,7.100604636723403,0.27079646319648526,,1,501,1,exact,0.01788854381999832,735,,,,,,0.00017733400090946816,d2ad4fcd5f8430219fbdb322fc836290bfde4e6b
dv3-B-matern2-140352,3,B,matern2,140352,14,,352,3:2:3:140352,,test,11,500.0,,,,,,,0.4,,,,,,,694.7819277213943,0.01788854381999832,,,,,7.100604636723403,0.27079646319648526,,1,506,1,exact,0.01788854381999832,735,,,,,,0.0001838749994931277,afc61ebccfb6ebc7912885be9e7244e046a7d3c7
dv3-B-matern2-140353,3,B,matern2,140353,14,,353,3:2:3:140353,,test,11,500.0,,,,,,,0.4,,,,,,,694.7819277213943,0.01788854381999832,,,,,7.100604636723403,0.27079646319648526,,1,503,1,exact,0.01788854381999832,740,,,,,,0.000349958998413058,1c568da04512e1b9aadb07449f31432f720af46d
dv3-B-matern2-140354,3,B,matern2,140354,14,,354,3:2:3:140354,,test,11,500.0,,,,,,,0.4,,,,,,,694.7819277213943,0.01788854381999832,,,,,7.100604636723403,0.27079646319648526,,1,484,1,exact,0.01788854381999832,717,,,,,,0.000296041998808505,d557878a8ff5d75af05e5b24d68bd37e6c4b5e98
dv3-B-matern2-140355,3,B,matern2,140355,14,,355,3:2:3:140355,,test,11,500.0,,,,,,,0.4,,,,,,,694.7819277213943,0.01788854381999832,,,,,7.100604636723403,0.27079646319648526,,1,464,1,exact,0.01788854381999832,698,,,,,,0.0002782080009637866,cf778cbd5f9af2559faffd055c1b620a3391121b
dv3-B-matern2-140356,3,B,matern2,140356,14,,356,3:2:3:140356,,test,11,500.0,,,,,,,0.4,,,,,,,694.7819277213943,0.01788854381999832,,,,,7.100604636723403,0.27079646319648526,,1,494,1,exact,0.01788854381999832,724,,,,,,0.0002947089997178409,dafbd61e0da3104f4bf00f55b0574e9ac61082ee
dv3-B-matern2-140357,3,B,matern2,140357,14,,357,3:2:3:140357,,test,11,500.0,,,,,,,0.4,,,,,,,694.7819277213943,0.01788854381999832,,,,,7.100604636723403,0.27079646319648526,,1,520,1,exact,0.01788854381999832,781,,,,,,0.0003325830002722796,833a377261149db334aa91cb675bfd9f40ed7a01
dv3-B-matern2-140358,3,B,matern2,140358,14,,358,3:2:3:140358,,test,11,500.0,,,,,,,0.4,,,,,,,694.7819277213943,0.01788854381999832,,,,,7.100604636723403,0.27079646319648526,,1,479,1,exact,0.01788854381999832,712,,,,,,0.00028000000020256266,8b96f48652bacd4cf90dfe5b090834f51066e2c8
dv3-B-matern2-140359,3,B,matern2,140359,14,,359,3:2:3:140359,,test,11,500.0,,,,,,,0.4,,,,,,,694.7819277213943,0.01788854381999832,,,,,7.100604636723403,0.27079646319648526,,1,525,1,exact,0.01788854381999832,762,,,,,,0.0003018340030394029,76eb70c72f8ec82ba80ae9f198d626dc27fa24cc
dv3-B-matern2-140360,3,B,matern2,140360,14,,360,3:2:3:140360,,test,11,500.0,,,,,,,0.4,,,,,,,694.7819277213943,0.01788854381999832,,,,,7.100604636723403,0.27079646319648526,,1,466,1,exact,0.01788854381999832,720,,,,,,0.0002819580004143063,82763e2442c5fa9029a54039994862ed71b3f70c
dv3-B-matern2-140361,3,B,matern2,140361,14,,361,3:2:3:140361,,test,11,500.0,,,,,,,0.4,,,,,,,694.7819277213943,0.01788854381999832,,,,,7.100604636723403,0.27079646319648526,,1,456,1,exact,0.01788854381999832,667,,,,,,0.000269042000581976,3aec889d3c258a092a2c3e1503dc9b5449eb47c3
dv3-B-matern2-140362,3,B,matern2,140362,14,,362,3:2:3:140362,,test,11,500.0,,,,,,,0.4,,,,,,,694.7819277213943,0.01788854381999832,,,,,7.100604636723403,0.27079646319648526,,1,506,1,exact,0.01788854381999832,743,,,,,,0.00029474999973899685,b0885377bc25eb379a4c41c579e2ba617af0b7ab
dv3-B-matern2-140363,3,B,matern2,140363,14,,363,3:2:3:140363,,test,11,500.0,,,,,,,0.4,,,,,,,694.7819277213943,0.01788854381999832,,,,,7.100604636723403,0.27079646319648526,,1,498,1,exact,0.01788854381999832,744,,,,,,0.0003198750018782448,20ab0a16ee26cb1e95e7b05acf67e91b51962e24
dv3-B-matern2-140364,3,B,matern2,140364,14,,364,3:2:3:140364,,test,11,500.0,,,,,,,0.4,,,,,,,694.7819277213943,0.01788854381999832,,,,,7.100604636723403,0.27079646319648526,,1,498,1,exact,0.01788854381999832,753,,,,,,0.00030958299976191483,b828784e09d9f80ce884675893c7b003019a5a84
dv3-B-matern2-140365,3,B,matern2,140365,14,,365,3:2:3:140365,,test,11,500.0,,,,,,,0.4,,,,,,,694.7819277213943,0.01788854381999832,,,,,7.100604636723403,0.27079646319648526,,1,490,1,exact,0.01788854381999832,721,,,,,,0.00028533300064736977,2bf9e3d38d039a0cb6bc8b201ea9acae43e31473
dv3-B-matern2-140366,3,B,matern2,140366,14,,366,3:2:3:140366,,test,11,500.0,,,,,,,0.4,,,,,,,694.7819277213943,0.01788854381999832,,,,,7.100604636723403,0.27079646319648526,,1,509,1,exact,0.01788854381999832,775,,,,,,0.00030741699811187573,cbc577e8e3a716f10a696257275b9998d875ada2
dv3-B-matern2-140367,3,B,matern2,140367,14,,367,3:2:3:140367,,test,11,500.0,,,,,,,0.4,,,,,,,694.7819277213943,0.01788854381999832,,,,,7.100604636723403,0.27079646319648526,,1,479,1,exact,0.01788854381999832,754,,,,,,0.0002952919967356138,06f02b231cd380fe95730d29b851e7ca6844314c
dv3-B-matern2-140368,3,B,matern2,140368,14,,368,3:2:3:140368,,test,11,500.0,,,,,,,0.4,,,,,,,694.7819277213943,0.01788854381999832,,,,,7.100604636723403,0.27079646319648526,,1,514,1,exact,0.01788854381999832,752,,,,,,0.00029791700217174366,69b849c106896459913f62f542e936c3b84b0e20
dv3-B-matern2-140369,3,B,matern2,140369,14,,369,3:2:3:140369,,test,11,500.0,,,,,,,0.4,,,,,,,694.7819277213943,0.01788854381999832,,,,,7.100604636723403,0.27079646319648526,,1,527,1,exact,0.01788854381999832,793,,,,,,0.00030862499988870695,9edb1f0119dc15eda3d5988e1f625367a428e97b
dv3-B-matern2-140370,3,B,matern2,140370,14,,370,3:2:3:140370,,test,11,500.0,,,,,,,0.4,,,,,,,694.7819277213943,0.01788854381999832,,,,,7.100604636723403,0.27079646319648526,,1,506,1,exact,0.01788854381999832,768,,,,,,0.00031391700031235814,d7162a8db61581b17d86692217cf38c9c4bd4e73
dv3-B-matern2-140371,3,B,matern2,140371,14,,371,3:2:3:140371,,test,11,500.0,,,,,,,0.4,,,,,,,694.7819277213943,0.01788854381999832,,,,,7.100604636723403,0.27079646319648526,,1,498,1,exact,0.01788854381999832,714,,,,,,0.0002793749990814831,a1f99595b2b595f0e344aaa5673e5736e34758cd
dv3-B-matern2-140372,3,B,matern2,140372,14,,372,3:2:3:140372,,test,11,500.0,,,,,,,0.4,,,,,,,694.7819277213943,0.01788854381999832,,,,,7.100604636723403,0.27079646319648526,,1,516,1,exact,0.01788854381999832,753,,,,,,0.0002863750014512334,a47d28c79bdf017abc19e813a0dfa68f33375fc7
dv3-B-matern2-140373,3,B,matern2,140373,14,,373,3:2:3:140373,,test,11,500.0,,,,,,,0.4,,,,,,,694.7819277213943,0.01788854381999832,,,,,7.100604636723403,0.27079646319648526,,1,493,1,exact,0.01788854381999832,695,,,,,,0.00027062499793828465,48ee4a141af9ecc5eeb6acdcb428bdc0a7d60a48
dv3-B-matern2-140374,3,B,matern2,140374,14,,374,3:2:3:140374,,test,11,500.0,,,,,,,0.4,,,,,,,694.7819277213943,0.01788854381999832,,,,,7.100604636723403,0.27079646319648526,,1,530,1,exact,0.01788854381999832,811,,,,,,0.0003161250024277251,565499a9089d7e7ea4f9c3a0770afae6a4a5cf5b
dv3-B-matern2-140375,3,B,matern2,140375,14,,375,3:2:3:140375,,test,11,500.0,,,,,,,0.4,,,,,,,694.7819277213943,0.01788854381999832,,,,,7.100604636723403,0.27079646319648526,,1,508,1,exact,0.01788854381999832,746,,,,,,0.0002903339991462417,1312f7af04ec81e85d3f8393471b5c0415ba0a0d
dv3-B-matern2-140376,3,B,matern2,140376,14,,376,3:2:3:140376,,test,11,500.0,,,,,,,0.4,,,,,,,694.7819277213943,0.01788854381999832,,,,,7.100604636723403,0.27079646319648526,,1,537,1,exact,0.01788854381999832,798,,,,,,0.0003116250009043142,2954410cea05a77f317f66e779458096f3137845
dv3-B-matern2-140377,3,B,matern2,140377,14,,377,3:2:3:140377,,test,11,500.0,,,,,,,0.4,,,,,,,694.7819277213943,0.01788854381999832,,,,,7.100604636723403,0.27079646319648526,,1,512,1,exact,0.01788854381999832,756,,,,,,0.00028949999978067353,b61e7f79fdb6e8d60d4059f31259cae1011c5e7e
dv3-B-matern2-140378,3,B,matern2,140378,14,,378,3:2:3:140378,,test,11,500.0,,,,,,,0.4,,,,,,,694.7819277213943,0.01788854381999832,,,,,7.100604636723403,0.27079646319648526,,1,514,1,exact,0.01788854381999832,796,,,,,,0.00031112500073504634,8f90ecfa2fe3fe4f99c2747cdc3bbe82100399c3
dv3-B-matern2-140379,3,B,matern2,140379,14,,379,3:2:3:140379,,test,11,500.0,,,,,,,0.4,,,,,,,694.7819277213943,0.01788854381999832,,,,,7.100604636723403,0.27079646319648526,,1,527,1,exact,0.01788854381999832,768,,,,,,0.0002975000024889596,b201cdbf9b2c548d4a211e3e4e51c3949e4a099c
dv3-B-matern2-140380,3,B,matern2,140380,14,,380,3:2:3:140380,,test,11,500.0,,,,,,,0.4,,,,,,,694.7819277213943,0.01788854381999832,,,,,7.100604636723403,0.27079646319648526,,1,506,1,exact,0.01788854381999832,745,,,,,,0.0004594160018314142,aaf43bd4204731725d3f8cf1459f1c71b9f62224
dv3-B-matern2-140381,3,B,matern2,140381,14,,381,3:2:3:140381,,test,11,500.0,,,,,,,0.4,,,,,,,694.7819277213943,0.01788854381999832,,,,,7.100604636723403,0.27079646319648526,,1,489,1,exact,0.01788854381999832,756,,,,,,0.00021479099814314395,e301a4031c169ba0695e65bd4c39f695fa678498
dv3-B-matern2-140382,3,B,matern2,140382,14,,382,3:2:3:140382,,test,11,500.0,,,,,,,0.4,,,,,,,694.7819277213943,0.01788854381999832,,,,,7.100604636723403,0.27079646319648526,,1,508,1,exact,0.01788854381999832,727,,,,,,0.00018716599879553542,37437070eabd61873e1e3df904ef50fb492cda90
dv3-B-matern2-140383,3,B,matern2,140383,14,,383,3:2:3:140383,,test,11,500.0,,,,,,,0.4,,,,,,,694.7819277213943,0.01788854381999832,,,,,7.100604636723403,0.27079646319648526,,1,479,1,exact,0.01788854381999832,715,,,,,,0.00017895800192491151,fb3eb5a0d0f119417f4ef28df2239ae0bfeb0034
dv3-B-matern2-140384,3,B,matern2,140384,14,,384,3:2:3:140384,,test,11,500.0,,,,,,,0.4,,,,,,,694.7819277213943,0.01788854381999832,,,,,7.100604636723403,0.27079646319648526,,1,508,1,exact,0.01788854381999832,755,,,,,,0.00018379100220045075,10be13d000a373b882c44d2b49534188fee2f8ac
dv3-B-matern2-140385,3,B,matern2,140385,14,,385,3:2:3:140385,,test,11,500.0,,,,,,,0.4,,,,,,,694.7819277213943,0.01788854381999832,,,,,7.100604636723403,0.27079646319648526,,1,497,1,exact,0.01788854381999832,724,,,,,,0.0001805419997253921,b5eb9b494a105227f0ec1517086115af073f16b4
dv3-B-matern2-140386,3,B,matern2,140386,14,,386,3:2:3:140386,,test,11,500.0,,,,,,,0.4,,,,,,,694.7819277213943,0.01788854381999832,,,,,7.100604636723403,0.27079646319648526,,1,501,1,exact,0.01788854381999832,752,,,,,,0.00018600000112201087,6ca638027566bf30acb27069a222d00729fedc5d
dv3-B-matern2-140387,3,B,matern2,140387,14,,387,3:2:3:140387,,test,11,500.0,,,,,,,0.4,,,,,,,694.7819277213943,0.01788854381999832,,,,,7.100604636723403,0.27079646319648526,,1,507,1,exact,0.01788854381999832,775,,,,,,0.00018854200243367814,18e0b1770c8bc079a60048cde96eadf0a933021d
dv3-B-matern2-140388,3,B,matern2,140388,14,,388,3:2:3:140388,,test,11,500.0,,,,,,,0.4,,,,,,,694.7819277213943,0.01788854381999832,,,,,7.100604636723403,0.27079646319648526,,1,512,1,exact,0.01788854381999832,772,,,,,,0.00018925000040326267,6fbe05e43804343366e12b54f435b329cc573a5a
dv3-B-matern2-140389,3,B,matern2,140389,14,,389,3:2:3:140389,,test,11,500.0,,,,,,,0.4,,,,,,,694.7819277213943,0.01788854381999832,,,,,7.100604636723403,0.27079646319648526,,1,515,1,exact,0.01788854381999832,772,,,,,,0.00018766699940897524,1b866d103b484d3d8643da3d7e747c8f31d087c4
dv3-B-matern2-140390,3,B,matern2,140390,14,,390,3:2:3:140390,,test,11,500.0,,,,,,,0.4,,,,,,,694.7819277213943,0.01788854381999832,,,,,7.100604636723403,0.27079646319648526,,1,496,1,exact,0.01788854381999832,721,,,,,,0.00017616699915379286,046fa43432cc97f3f21317145627da2db1502544
dv3-B-matern2-140391,3,B,matern2,140391,14,,391,3:2:3:140391,,test,11,500.0,,,,,,,0.4,,,,,,,694.7819277213943,0.01788854381999832,,,,,7.100604636723403,0.27079646319648526,,1,498,1,exact,0.01788854381999832,737,,,,,,0.00018854200243367814,cdfc3df796776a53b2982e50c8967c6f6eb124cd
dv3-B-matern2-140392,3,B,matern2,140392,14,,392,3:2:3:140392,,test,11,500.0,,,,,,,0.4,,,,,,,694.7819277213943,0.01788854381999832,,,,,7.100604636723403,0.27079646319648526,,1,499,1,exact,0.01788854381999832,766,,,,,,0.00018662500224309042,01d43262c1ee48e993e2c5d3c587ed0a7c772bd8
dv3-B-matern2-140393,3,B,matern2,140393,14,,393,3:2:3:140393,,test,11,500.0,,,,,,,0.4,,,,,,,694.7819277213943,0.01788854381999832,,,,,7.100604636723403,0.27079646319648526,,1,497,1,exact,0.01788854381999832,723,,,,,,0.00017358400145894848,3407d2deeb6308f75c6501eeca1ab334741d6569
dv3-B-matern2-140394,3,B,matern2,140394,14,,394,3:2:3:140394,,test,11,500.0,,,,,,,0.4,,,,,,,694.7819277213943,0.01788854381999832,,,,,7.100604636723403,0.27079646319648526,,1,471,1,exact,0.01788854381999832,730,,,,,,0.00017970800035982393,9ede49008e51f07d44125f77adef3b054a053fc2
dv3-B-matern2-140395,3,B,matern2,140395,14,,395,3:2:3:140395,,test,11,500.0,,,,,,,0.4,,,,,,,694.7819277213943,0.01788854381999832,,,,,7.100604636723403,0.27079646319648526,,1,483,1,exact,0.01788854381999832,719,,,,,,0.00017808300253818743,92dec27a94e8a1035f9e9d53107406782954c8a4
dv3-B-matern2-140396,3,B,matern2,140396,14,,396,3:2:3:140396,,test,11,500.0,,,,,,,0.4,,,,,,,694.7819277213943,0.01788854381999832,,,,,7.100604636723403,0.27079646319648526,,1,493,1,exact,0.01788854381999832,744,,,,,,0.00017762499919626862,7989e67889b1755b03401d6b64ac5fa2855792ac
dv3-B-matern2-140397,3,B,matern2,140397,14,,397,3:2:3:140397,,test,11,500.0,,,,,,,0.4,,,,,,,694.7819277213943,0.01788854381999832,,,,,7.100604636723403,0.27079646319648526,,1,462,1,exact,0.01788854381999832,684,,,,,,0.00017050000315066427,76d7fab1c30bcbcaa737331610db702a2d705a83
dv3-B-matern2-140398,3,B,matern2,140398,14,,398,3:2:3:140398,,test,11,500.0,,,,,,,0.4,,,,,,,694.7819277213943,0.01788854381999832,,,,,7.100604636723403,0.27079646319648526,,1,490,1,exact,0.01788854381999832,746,,,,,,0.00018395799997961149,b115a53bc4965842bda0015f37b0703177722f6e
dv3-B-matern2-140399,3,B,matern2,140399,14,,399,3:2:3:140399,,test,11,500.0,,,,,,,0.4,,,,,,,694.7819277213943,0.01788854381999832,,,,,7.100604636723403,0.27079646319648526,,1,495,1,exact,0.01788854381999832,736,,,,,,0.00017979100084630772,c083b3ced590785dcd139e42f7fe6459a58d66e2
