case_id,dv,set,family,index,cell_id,level_id,rep,spawn_key,r_seed,split,shard,nbar,mu,s,mu1,mu2,s2,rho,tau,gamma,sigma2,sp,kappa,sigma,sigma1,lam_p,R,beta,mu_log,s_abs,grid_M,delta_tilde,tau_K,tau_K2,prior_tries,n,pattern_tries,sampler,buffer,n_parents,pad_P,min_eig,cftp_start,mh_steps,burnin,wall_s,sha1
dv3-A-thomas-000000,3,A,thomas,0,,,,3:1:1:0,,test,0,125.35028155464896,13.02104962082069,0.8710253317784922,,,,,,,,,9.626741714754973,0.07779794559580444,,,,,,,,5.03011161184239,1.4503523128146942,,1,211,1,exact,0.2893318422053809,36,,,,,,0.0003867089981213212,c44028a981a1d59d9513ab2c57395ea6bc29b5a3
dv3-A-thomas-000001,3,A,thomas,1,,,,3:1:1:1,,test,0,580.1238028436038,0.4791234748893885,0.18182849099220422,,,,,,,,,1210.802294706041,0.007549211484161109,,,,,,,,2.2653738717885155,0.30276429723081105,,1,562,1,exact,0.02807564196178651,1344,,,,,,0.00027083399982075207,a6be293930d3c3c877b536b655a429eaf0e5eb2a
dv3-A-thomas-000002,3,A,thomas,2,,,,3:1:1:2,,test,0,292.8396586706163,26.48162007762491,0.42231925795522307,,,,,,,,,11.058222941505193,0.02467890805291151,,,,,,,,23.29309478963932,0.7032076911826364,,1,327,1,exact,0.09178126589182285,16,,,,,,0.00014729200120200403,be54fc9ef219e13493eb8d1cac1182b11dcd1462
dv3-A-thomas-000003,3,A,thomas,3,,,,3:1:1:3,,test,0,262.5661629469728,0.6069865806962887,0.4249845110950838,,,,,,,,,432.5732582848486,0.026227308418187198,,,,,,,,0.8912609815978991,0.7076456287656234,,1,305,1,exact,0.09753979237636873,657,,,,,,0.00018037499830825254,8778a76df92a4629561c322c2e6675458b8eb480
dv3-A-thomas-000004,3,A,thomas,4,,,,3:1:1:4,,test,0,700.9707384829906,5.576253240016211,0.16101162950766543,,,,,,,,,125.70640326244451,0.006081452244917497,,,,,,,,18.432065836766313,0.26810194919324337,,1,481,1,exact,0.022617021154359627,100,,,,,,0.00014683300105389208,615579bc1205ee3859480a91d5ac0e764bcdf2ed
dv3-A-thomas-000005,3,A,thomas,5,,,,3:1:1:5,,test,0,135.37499904350992,18.070468384035077,0.5925564103243236,,,,,,,,,7.491504711804327,0.050928451025876786,,,,,,,,9.225317201332572,0.9866711435731368,,1,121,1,exact,0.18940374894395803,11,,,,,,0.00012270899969735183,fe8e073e49a260e041b6446d399ddb4b19b121e8
dv3-A-thomas-000006,3,A,thomas,6,,,,3:1:1:6,,test,0,105.70154705179795,0.225025990419392,0.4431526996073829,,,,,,,,,469.73039360829733,0.04310351897440154,,,,,,,,0.19285413041625607,0.7378976470102173,,1,95,1,exact,0.16030269764695104,767,,,,,,0.00015304099724744447,ac5f7c77cca356ef61d70159ffa295fef3636c6d
dv3-A-thomas-000007,3,A,thomas,7,,,,3:1:1:7,,test,0,606.5088159086009,17.027020852431843,1.335967391555494,,,,,,,,,35.62037194674474,0.054247196533625544,,,,,,,,10.414824922966943,2.224531624391696,,1,592,1,exact,0.20174621819830765,70,,,,,,0.0001855830014392268,e957e001b99fa6ac94e57cb175744053682f64b0
dv3-A-thomas-000008,3,A,thomas,8,,,,3:1:1:8,,test,0,515.0896808788764,0.4785285845654267,0.12181376609651301,,,,,,,,,1076.403160631778,0.005367288571313857,,,,,,,,2.8884217604349134,0.20283322533227424,,1,536,1,exact,0.0199610346789141,1208,,,,,,0.00020899999799439684,755c4a5e1521c9f5f020ecefe58bb329a266447d
dv3-A-thomas-000009,3,A,thomas,9,,,,3:1:1:9,,test,0,306.6449905886964,5.240059666559501,0.2378517457463928,,,,,,,,,58.51937002656922,0.013582771857756745,,,,,,,,9.677338509463732,0.3960491353861353,,1,348,1,exact,0.05051455245718081,80,,,,,,0.00014116699821897782,aeb938d7442473b695e2eb70ca6e36eddec5c412
dv3-A-thomas-000010,3,A,thomas,10,,,,3:1:1:10,,test,0,384.2082353721043,0.9907559717217498,0.15108271101961412,,,,,,,,,387.793004875279,0.007707817698594162,,,,,,,,3.898198617514353,0.2515692154511713,,1,383,1,exact,0.02866550108795875,413,,,,,,0.0001568750012665987,81ae4123060f7aed23a26d563d4184fe08867a99
dv3-A-thomas-000011,3,A,thomas,11,,,,3:1:1:11,,test,0,108.5137312979825,0.2015209967139637,0.4302506782330913,,,,,,,,,538.4735738083187,0.04130277343502678,,,,,,,,0.18017832190053878,0.7164143722333741,,1,101,1,exact,0.15360569529990553,967,,,,,,0.0001666249991103541,c481f177b8a65cc6fece39a6132ad30d4a3fcdc5
dv3-A-thomas-000012,3,A,thomas,12,,,,3:1:1:12,,test,0,337.8825864692415,1.0225645381915027,0.9114583147606944,,,,,,,,,330.42666144751826,0.04958540972012496,,,,,,,,0.7669256441963479,1.5176776456640806,,1,322,1,exact,0.18440895618721906,614,,,,,,0.00018199999976786785,d4836c20ee98b40358c1783ad59ee9892964abba
dv3-A-thomas-000013,3,A,thomas,13,,,,3:1:1:13,,test,0,384.6966827420703,0.3221265533447433,0.3102823767634183,,,,,,,,,1194.2408309642321,0.01581968708254677,,,,,,,,0.78794231392716,0.516654047070708,,1,339,1,exact,0.05883367705474172,1450,,,,,,0.00020124999718973413,efebfc986fef8d7df8bba86504e4f38be2287473
dv3-A-thomas-000014,3,A,thomas,14,,,,3:1:1:14,,test,0,120.06986461025053,0.10994665871963497,0.13587735564391654,,,,,,,,,1092.0737929510876,0.012400239574033483,,,,,,,,0.3198532778797437,0.22625063798651426,,1,108,1,exact,0.046116695399430446,1325,,,,,,0.00016987500202958472,bc20c80b5990a91362ed38fccaf34002b95b4fff
dv3-A-thomas-000015,3,A,thomas,15,,,,3:1:1:15,,test,0,203.5481969997735,0.16186237256931657,0.383139876027012,,,,,,,,,1257.5386964169527,0.026854911436153917,,,,,,,,0.23306924445884208,0.6379697410093549,,1,231,1,exact,0.0998738583465087,1874,,,,,,0.00021087499771965668,1c7b548dd00659873635fcec6a94189474b3daef
dv3-A-thomas-000016,3,A,thomas,16,,,,3:1:1:16,,test,0,287.43605733514784,2.4439216624703377,0.5005899719842984,,,,,,,,,117.61263126765074,0.029526469543199846,,,,,,,,2.9758269436380758,0.8335369789496607,,1,334,1,exact,0.10980942698846528,188,,,,,,0.00014945799921406433,88f77b750473a23f60118ea87e0582d7e299896a
dv3-A-thomas-000017,3,A,thomas,17,,,,3:1:1:17,,test,0,175.55426702058628,1.3689062813704236,0.38091367388741215,,,,,,,,,128.2441825344226,0.02874887589802719,,,,,,,,1.6913398760784835,0.6342628712959689,,1,205,1,exact,0.1069175434030826,204,,,,,,0.00013699999908567406,5c5d53091e32885912c6c8b46ee1df39269d1c4f
dv3-A-thomas-000018,3,A,thomas,18,,,,3:1:1:18,,test,0,540.1165350647378,0.6919896641404879,0.7416221653199595,,,,,,,,,780.5268821978867,0.03191089352603379,,,,,,,,0.8381438380257545,1.2348819069477774,,1,565,1,exact,0.1186771390889406,1223,,,,,,0.00023316599981626496,96619a3d0e2ad9d1bf308873c1b9ead8a5047aec
dv3-A-thomas-000019,3,A,thomas,19,,,,3:1:1:19,,test,0,408.90953832479255,0.137831868028366,0.5350184467553335,,,,,,,,,2966.7271014613134,0.026457885681399056,,,,,,,,0.20383140770349695,0.8908641498011641,,1,393,1,exact,0.09839731301942489,4271,,,,,,0.0004865420014539268,ae766c5cbd9df6874193c3866179ba4529fdfeec
dv3-A-thomas-000020,3,A,thomas,20,,,,3:1:1:20,,test,0,215.53954130135287,0.18665173626272474,0.20058221554157032,,,,,,,,,1154.768477470612,0.013662461366016985,,,,,,,,0.5127137997733628,0.33399129693072316,,1,204,1,exact,0.0508109190521185,1392,,,,,,0.00018899999849963933,fde66e05124715c8073dc32e7a9ea636e6002dc3
dv3-A-thomas-000021,3,A,thomas,21,,,,3:1:1:21,,test,0,719.0876014084807,8.426589338580609,1.157409068571017,,,,,,,,,85.33554591490336,0.04316144545018028,,,,,,,,6.935776812903297,1.9272125140690721,,1,667,1,exact,0.16051812716531655,141,,,,,,0.00019762499869102612,f05477880d33f9561cc9a125f92ffa67764023fd
dv3-A-thomas-000022,3,A,thomas,22,,,,3:1:1:22,,test,0,158.9800164334379,0.5108179199049346,0.31853320025594767,,,,,,,,,311.2263885789769,0.025262913563535355,,,,,,,,0.7337739448909671,0.5303925693598152,,1,156,1,exact,0.0939531920134299,415,,,,,,0.00014420799925574102,5f9ffd240f2ec691011a184260ad7466706ae9dc
dv3-A-thomas-000023,3,A,thomas,23,,,,3:1:1:23,,test,0,490.3931867693548,0.4691001591650483,1.3612054490355165,,,,,,,,,1045.3912180337052,0.06146833720699569,,,,,,,,0.27478500002644674,2.2665557466550075,,1,464,1,exact,0.22860175940636573,2207,,,,,,0.000280790998658631,8672f3b0824bf891af481ef6b79c9583c2c4104d
dv3-A-thomas-000024,3,A,thomas,24,,,,3:1:1:24,,test,0,132.5835924873201,0.6749087184758575,0.11786112392226189,,,,,,,,,196.44670287669842,0.010235891811649191,,,,,,,,1.838999595823379,0.19625164439541593,,1,135,1,exact,0.03806745039086415,231,,,,,,0.0001311249980062712,320fe2abf4297451f665b67444825035f8e244d5
dv3-A-thomas-000025,3,A,thomas,25,,,,3:1:1:25,,test,0,116.02068024810825,2.90356734934279,0.6562771446998895,,,,,,,,,39.957977993646,0.06092837230928986,,,,,,,,1.6163705396050836,1.0927731260346012,,1,114,1,exact,0.22659362105023037,77,,,,,,0.00012645799870369956,c102f4dbc9ac7f9bc62c56c07b2cf7d3fceb1796
dv3-A-thomas-000026,3,A,thomas,26,,,,3:1:1:26,,test,0,116.4129906269175,0.10867214734338648,0.15427970094227267,,,,,,,,,1071.2311615511858,0.014299078987628657,,,,,,,,0.27602959028544766,0.2568925528550394,,1,119,1,exact,0.0531785104818239,1306,,,,,,0.00017783299699658528,d4763f9d41580ca4be5b74b36ce101a40ac3bdcd
dv3-A-thomas-000027,3,A,thomas,27,,,,3:1:1:27,,test,0,108.52815419987725,7.846030633509288,0.381440869182962,,,,,,,,,13.832236868457898,0.03661474509067417,,,,,,,,5.729261636595089,0.6351407090445503,,1,115,1,exact,0.13617084060297466,23,,,,,,0.00011662500037346035,4377831a5fc464ff9edb9d4a989a95592dc94f0d
dv3-A-thomas-000028,3,A,thomas,28,,,,3:1:1:28,,test,0,115.44211535401278,0.13368282244246874,0.46018416218585145,,,,,,,,,863.5523490962651,0.042830143524812334,,,,,,,,0.11571734806656353,0.7662568924191449,,3,140,1,exact,0.15928600984320992,1512,,,,,,0.00018537500000093132,8cbac1672144f53618c44354a0ffc99364414b1c
dv3-A-thomas-000029,3,A,thomas,29,,,,3:1:1:29,,test,0,399.1623909151298,0.10968769956728,0.4852137062819553,,,,,,,,,3639.0807035778193,0.024286126489907748,,,,,,,,0.1783170778186879,0.8079338171239173,,1,379,1,exact,0.09032050478382882,4988,,,,,,0.00042383300024084747,64512f5dec4c0ba34e4bc31b416bdb2935b8fe9a
dv3-A-thomas-000030,3,A,thomas,30,,,,3:1:1:30,,test,0,265.6193263209469,0.11259348157847476,0.7123859062471527,,,,,,,,,2359.1003901572853,0.04371047071567237,,,,,,,,0.09917452382086184,1.1862003423396446,,1,283,1,exact,0.1625599611786133,4190,,,,,,0.0003122909984085709,00f44e966cc8b66f9ee910404263ffd01fcf35a5
dv3-A-thomas-000031,3,A,thomas,31,,,,3:1:1:31,,test,0,369.2560500439145,0.8671601891852898,0.6330804189858483,,,,,,,,,425.822189082315,0.032945421729689436,,,,,,,,0.9982016315108043,1.0541480441206306,,1,363,1,exact,0.12252456653300481,655,,,,,,0.0001835410002968274,89d2322ce85ce6185ba6422043196c7bae321d17
dv3-A-thomas-000032,3,A,thomas,32,,,,3:1:1:32,,test,0,403.6126273217386,15.463908439807277,0.3183339757013514,,,,,,,,,26.100298568941135,0.0158453056406509,,,,,,,,21.33073771037695,0.5300608387166452,,1,353,1,exact,0.058928952894664585,33,,,,,,0.0001377910011797212,771e66f3176df851f64c7b6429ba5d4b75adac12
dv3-A-thomas-000033,3,A,thomas,33,,,,3:1:1:33,,test,0,204.62767116490053,0.8713056651679539,0.14207065191393217,,,,,,,,,234.8517625275124,0.009931667980078048,,,,,,,,2.6109861927327254,0.23656315272224884,,1,185,1,exact,0.03693603694598258,255,,,,,,0.00013491700156009756,3cba2acebeb6818c85826ad20eccd08a5117769b
dv3-A-thomas-000034,3,A,thomas,34,,,,3:1:1:34,,test,0,104.2600059327894,9.35092270262831,0.8341497892075381,,,,,,,,,11.149702467702415,0.08169306148182863,,,,,,,,3.539035273277411,1.3889505068019148,,1,71,1,exact,0.30381784239826515,25,,,,,,0.00011641600212897174,744b640f3532125aa59a88ac9600c98ad2233130
dv3-A-thomas-000035,3,A,thomas,35,,,,3:1:1:35,,test,0,446.66364835308843,0.1914588588506187,0.790332797866486,,,,,,,,,2332.9484518738686,0.03739553066930698,,,,,,,,0.19560024801798997,1.3159904304258152,,1,433,1,exact,0.13907459504151615,3816,,,,,,0.00030899999910616316,71e7d19f11bbfe67de35a44e3f07591e6319a154
dv3-A-thomas-000036,3,A,thomas,36,,,,3:1:1:36,,test,0,416.7306728339508,3.55940502978837,0.7083788278502618,,,,,,,,,117.07874471895326,0.034700668290692654,,,,,,,,3.6831673664635587,1.1795281191464408,,1,430,1,exact,0.12905235742941518,202,,,,,,0.0001580419993842952,008e198191725d2834aa341b168c0217cf8f4304
dv3-A-thomas-000037,3,A,thomas,37,,,,3:1:1:37,,test,0,283.31607581640895,7.137086778957486,0.2542434310790902,,,,,,,,,39.69631932341348,0.015104770530412556,,,,,,,,11.3521628457313,0.4233430818029017,,1,232,1,exact,0.05617489061162944,43,,,,,,0.00012425000022631139,f8dec71e8500062dda632dde10cf242554698f68
dv3-A-thomas-000038,3,A,thomas,38,,,,3:1:1:38,,test,0,371.5514694824461,3.3270897772248236,1.3474116211166538,,,,,,,,,111.67461486186973,0.06990219239854514,,,,,,,,1.6310570826714947,2.2435875165762775,,1,358,1,exact,0.25996740589968415,244,,,,,,0.00017041700266418047,9d01be86af6dd8c031ac321b54e43e1cbe8f85e6
dv3-A-thomas-000039,3,A,thomas,39,,,,3:1:1:39,,test,0,701.4056258884845,0.37643881014194475,0.11539781228457624,,,,,,,,,1863.2659730913601,0.004357254760272992,,,,,,,,2.8527363282950526,0.19214996147006871,,1,670,1,exact,0.016204702284785495,1933,,,,,,0.0002491249979357235,d4c10cb59ed30cfb56af13e205c01d02509033e1
dv3-A-thomas-000040,3,A,thomas,40,,,,3:1:1:40,,test,0,125.5239555490496,19.833525939059818,0.11858219167708883,,,,,,,,,6.328877474168363,0.010584154351520384,,,,,,,,17.34751813558365,0.19745230096389255,,1,150,1,exact,0.039362644517911785,7,,,,,,0.000112292000267189,b5a0cefb34027a006f6deb77b9c97c901c0ad2b2
dv3-A-thomas-000041,3,A,thomas,41,,,,3:1:1:41,,test,0,120.36447321066947,0.15307493034866437,0.2850872076706434,,,,,,,,,786.310814818017,0.025985349985580473,,,,,,,,0.21592264920369914,0.47470133865653263,,1,148,1,exact,0.0966399449767093,1154,,,,,,0.00020808299814234488,db2e6de7262e146971a30eda1bed0e18e44d6774
dv3-A-thomas-000042,3,A,thomas,42,,,,3:1:1:42,,test,0,234.73335195770107,0.2591958488788909,0.13634868128107702,,,,,,,,,905.6215713831901,0.008899457670428214,,,,,,,,1.0387339147695895,0.22703544665166386,,1,244,1,exact,0.033097229787937534,1031,,,,,,0.00016850000247359276,0ee4e07f113d43614e276e1009530eaca7ccdfbb
dv3-A-thomas-000043,3,A,thomas,43,,,,3:1:1:43,,test,0,214.05079641006117,0.10766228865783097,0.4015743394360638,,,,,,,,,1988.1687365048588,0.02744779930987504,,,,,,,,0.15213900272051295,0.6686651360402028,,1,228,1,exact,0.10207881812290433,2948,,,,,,0.0001588749983056914,da0546ddb3155308ee4605583a848ff0dfeb7035
dv3-A-thomas-000044,3,A,thomas,44,,,,3:1:1:44,,test,0,217.6755075400995,0.10664697370224092,0.866641843461172,,,,,,,,,2041.0847113941647,0.058740125634644126,,,,,,,,0.06839597436111518,1.4430533259916127,,1,223,1,exact,0.2184554955929793,4141,,,,,,0.00017462500181864016,b07c398ef1bdd1af018961204a44c21bcad4c78c
dv3-A-thomas-000045,3,A,thomas,45,,,,3:1:1:45,,test,0,289.3307774458121,25.571489302518525,0.22955566298587027,,,,,,,,,11.314584536823048,0.013495553275918995,,,,,,,,28.08176618429865,0.38223525147249743,,1,299,1,exact,0.050190185113488155,12,,,,,,7.93330000306014e-05,3a0736ccef5fb7d7921478b6a7ee35fec8e303df
dv3-A-thomas-000046,3,A,thomas,46,,,,3:1:1:46,,test,0,489.0757293981475,4.251347548897293,0.6985177431494051,,,,,,,,,115.04016638794988,0.03158561857136507,,,,,,,,4.826766353818567,1.1631083360690109,,1,469,1,exact,0.11746743617022179,196,,,,,,0.00010408399975858629,80a2f64fbfda5a8e61da2648b883cc9b340a188d
dv3-A-thomas-000047,3,A,thomas,47,,,,3:1:1:47,,test,0,392.6954135155807,0.9872177630617973,0.1535295072069378,,,,,,,,,397.77993084085034,0.007747542039263447,,,,,,,,3.904779129291306,0.2556433983478101,,1,374,1,exact,0.02881323656578168,401,,,,,,9.241600128007121e-05,c8343dd2c8ca6e8e96ca1a8817335e8637a778ea
dv3-A-thomas-000048,3,A,thomas,48,,,,3:1:1:48,,test,0,368.1544520052536,0.10086594306918505,0.37446966116309727,,,,,,,,,3649.938133753753,0.019516485326315065,,,,,,,,0.20351425804961998,0.6235328862799945,,1,348,1,exact,0.07258213066671962,4819,,,,,,0.00017429199942853302,80832adf57b1e3eedd8ca5f005dac72c809ee08e
dv3-A-thomas-000049,3,A,thomas,49,,,,3:1:1:49,,test,0,401.5419756948284,24.606532212910125,0.20929976089856261,,,,,,,,,16.31851137008873,0.010444875230028133,,,,,,,,33.47443879152662,0.3485069621006038,,1,358,1,exact,0.03884466316900232,18,,,,,,7.737499981885776e-05,38035114e2fa3459bea0db83fc5f640c78b6e502
dv3-A-thomas-000050,3,A,thomas,50,,,,3:1:1:50,,test,0,226.90401800072547,5.4512751470880705,1.422559217303756,,,,,,,,,41.624025916565905,0.0944385392148776,,,,,,,,1.9126646890195507,2.3687164720222547,,1,234,1,exact,0.3512184842024826,119,,,,,,9.504199988441542e-05,5acaec044d6f5b41869dfbb8a45d2e961b4a3201
dv3-A-thomas-000051,3,A,thomas,51,,,,3:1:1:51,,test,0,105.52715061145237,1.5085612499776533,0.4424255825892363,,,,,,,,,69.9521816651565,0.04306833927488405,,,,,,,,1.2146025899350714,0.736686917757599,,1,115,1,exact,0.16017186376449213,120,,,,,,7.270800051628612e-05,e2caeeaae5587308cdf6e63a429232f4f50ce956
dv3-A-thomas-000052,3,A,thomas,52,,,,3:1:1:52,,test,0,306.7847334156579,1.627521539176639,0.22744617535483447,,,,,,,,,188.49810956779098,0.012985592384826099,,,,,,,,3.966523679133012,0.37872272416369945,,1,318,1,exact,0.048293632152576,221,,,,,,8.36670005810447e-05,9941a0b642f0fe4c034d37577241853db4212aab
dv3-A-thomas-000053,3,A,thomas,53,,,,3:1:1:53,,test,0,168.26519194505386,0.2051448965493922,0.385885026651062,,,,,,,,,820.2260683806048,0.029748206293417564,,,,,,,,0.2621195379958037,0.6425407166301055,,1,165,1,exact,0.11063406961795634,1262,,,,,,0.00010124999971594661,63b9d21e9c8f4e31b28c35f2786a975de11bb30c
dv3-A-thomas-000054,3,A,thomas,54,,,,3:1:1:54,,test,0,369.2617477065134,0.7019165856053311,1.116491970492522,,,,,,,,,526.076396083536,0.058101647027191825,,,,,,,,0.43781233815438797,1.8590810767081867,,1,362,1,exact,0.21608098312625343,1068,,,,,,0.00012649999916902743,09baf96d24afade4c019137c0e691cde079d4b77
dv3-A-thomas-000055,3,A,thomas,55,,,,3:1:1:55,,test,0,363.1686982371743,0.3387439605337422,0.6963933338640976,,,,,,,,,1072.1038322423437,0.03654268048071136,,,,,,,,0.35347585860064007,1.159570962576073,,1,339,1,exact,0.13590283113050505,1695,,,,,,0.00012808300016331486,3c95ac12d4ccf00373cac2b0888ff3eb7a50ea19
dv3-A-thomas-000056,3,A,thomas,56,,,,3:1:1:56,,test,0,441.7490292127672,0.6089951429440283,0.1646586876223859,,,,,,,,,725.3736492498883,0.007834239563983348,,,,,,,,2.6635345459274204,0.2741746992943846,,1,458,1,exact,0.02913566608946319,821,,,,,,0.00010312499944120646,fdc261a292ed84f55a8e6d1a1ca954f07d904495
dv3-A-thomas-000057,3,A,thomas,57,,,,3:1:1:57,,test,0,346.0143036638829,0.17897652476659892,0.11280497996153958,,,,,,,,,1933.294347485604,0.006064307945066826,,,,,,,,1.0499399309058035,0.18783261245706293,,1,340,1,exact,0.022553261220583386,2146,,,,,,0.00011979200280620717,97b477a97abd1eafa37868a4424fcedac31c9bcd
dv3-A-thomas-000058,3,A,thomas,58,,,,3:1:1:58,,test,0,534.3161286260241,3.606137783143671,0.48515219825980244,,,,,,,,,148.16852842495413,0.020988377246847927,,,,,,,,6.00459454963673,0.8078313995489842,,1,607,1,exact,0.07805612098399034,219,,,,,,9.649999992689118e-05,dbf17529fc56594ef20a3e81cf05eff06121a912
dv3-A-thomas-000059,3,A,thomas,59,,,,3:1:1:59,,test,0,574.5810275166283,8.187853015733058,1.3273747662858266,,,,,,,,,70.17480973492854,0.05537553263157108,,,,,,,,5.145804697485552,2.2102239648112723,,1,443,1,exact,0.2059425187477018,120,,,,,,0.00010191700130235404,15bdb2b09dcba89028b13472bacf1cdbb3621931
dv3-A-thomas-000060,3,A,thomas,60,,,,3:1:1:60,,test,0,135.18297403420442,13.079878552336675,0.3279794677979897,,,,,,,,,10.335185720058115,0.02820886799051959,,,,,,,,10.14009640645349,0.5461216365605279,,1,67,1,exact,0.1049092450927854,8,,,,,,6.154199945740402e-05,d8e7d4eb006dc5efb9516adec4f50ddc87d39efa
dv3-A-thomas-000061,3,A,thomas,61,,,,3:1:1:61,,test,0,258.1676231199823,5.819953761694983,0.6180436687039359,,,,,,,,,44.35905055108109,0.03846522469001467,,,,,,,,5.088255910165845,1.0291102125525646,,1,305,1,exact,0.14305280473892143,83,,,,,,7.783399996696971e-05,6610d4f75b99c1708bc6575b896afca5ffa8cebd
dv3-A-thomas-000062,3,A,thomas,62,,,,3:1:1:62,,test,0,571.6663007252149,0.22046404608551506,0.48395386269231155,,,,,,,,,2593.013740224441,0.02024103261724763,,,,,,,,0.43516611194286625,0.8058360399441266,,1,559,1,exact,0.07527673398619007,3300,,,,,,0.00016666699957568198,116ed1cfaa1cc3447269d36e42e70989cc6b41b5
dv3-A-thomas-000063,3,A,thomas,63,,,,3:1:1:63,,test,0,306.851461598399,9.637165557478948,0.7427461738817929,,,,,,,,,31.840426499705206,0.0424010220548149,,,,,,,,7.538428695760211,1.2367535039700475,,1,368,1,exact,0.1576901000220265,64,,,,,,0.00016229199900408275,0a04471b9e412ca0c072cc6a4a006d8f65779c26
dv3-A-thomas-000064,3,A,thomas,64,,,,3:1:1:64,,test,0,243.30212402002047,1.2111844878593203,0.9373869373764381,,,,,,,,,200.8794914885668,0.06009605270156217,,,,,,,,0.7413167452935471,1.560851634303491,,1,240,1,exact,0.2234982107079231,418,,,,,,0.00014229199950932525,5762297c504617b2bad4f362e20385877d967f7c
dv3-A-thomas-000065,3,A,thomas,65,,,,3:1:1:65,,test,0,128.97019876101876,0.3233266306295468,0.6247364936051192,,,,,,,,,398.8851722788868,0.05501133585465376,,,,,,,,0.21213670595248407,1.040254497018867,,1,103,1,exact,0.2045880649303965,772,,,,,,0.00010762499732663855,c20b9cfd50c1097fd5fb9c4bf16438691897461c
dv3-A-thomas-000066,3,A,thomas,66,,,,3:1:1:66,,test,0,132.2188806621344,3.441240425992184,0.12394266302740126,,,,,,,,,38.42186662212445,0.01077889112030058,,,,,,,,5.911091679786429,0.2063780712452552,,1,97,1,exact,0.04008687377132971,36,,,,,,7.416600055876188e-05,5d5085c5b6b6fa6d5c5060ac87241a48789fa1f0
dv3-A-thomas-000067,3,A,thomas,67,,,,3:1:1:67,,test,0,248.9417457558378,0.1407372032070097,0.27540581375195244,,,,,,,,,1768.8410745925548,0.01745517625401481,,,,,,,,0.31898904075614626,0.45858076035765216,,1,257,1,exact,0.06491608824521561,2196,,,,,,0.00012862500079791062,c388ee0496498bb2ade68557d9018430785a49a1
dv3-A-thomas-000068,3,A,thomas,68,,,,3:1:1:68,,test,0,490.5882714117856,0.2487873941623128,1.467153512395403,,,,,,,,,1971.9177214088193,0.06623948954937214,,,,,,,,0.13299566798258966,2.4429708440420104,,1,506,1,exact,0.24634575362228425,4399,,,,,,0.00021629200273309834,88401ce1ee86f4d189a11be215299cc09ac1fb2b
dv3-A-thomas-000069,3,A,thomas,69,,,,3:1:1:69,,test,0,118.92347764584584,0.22917152506713043,0.5867898910730734,,,,,,,,,518.9278101239236,0.0538082444650476,,,,,,,,0.15518190085957811,0.9770692591872209,,1,137,1,exact,0.2001137482189414,1070,,,,,,9.245800174539909e-05,add4ad1d0b871d4ced26a4e5dc9e5cf50089dfd4
dv3-A-thomas-000070,3,A,thomas,70,,,,3:1:1:70,,test,0,179.1432047883473,5.959405093760248,0.8739811884311955,,,,,,,,,30.060585237932205,0.06529830609015826,,,,,,,,3.1000104673294415,1.455274136986953,,1,211,1,exact,0.2428454768216296,85,,,,,,9.233399759978056e-05,d1495102fe4c5ae5afcc1ec0b3ed7f7c6e567ae4
dv3-A-thomas-000071,3,A,thomas,71,,,,3:1:1:71,,test,0,115.60111199313204,1.5384921041769712,0.9130608730101106,,,,,,,,,75.1392299507275,0.08492170923575645,,,,,,,,0.6217142464457227,1.5203460801844813,,2,118,1,exact,0.31582523662085216,208,,,,,,7.808400187059306e-05,b5035fd7721918bfb4d88244be221373409f36c5
dv3-A-thomas-000072,3,A,thomas,72,,,,3:1:1:72,,test,0,461.91129695390015,1.2725655357665009,0.6583359074198079,,,,,,,,,362.97643144616393,0.030631499083073756,,,,,,,,1.5648232168479765,1.0962011908260965,,1,460,1,exact,0.11391905006417186,557,,,,,,0.00010508299965295009,4c497260e80c03ba601bb97ffa6bff51a4ef75e1
dv3-A-thomas-000073,3,A,thomas,73,,,,3:1:1:73,,test,0,516.9534579634081,0.7211144823974891,0.8696658515757382,,,,,,,,,716.8812589156345,0.038249582134923826,,,,,,,,0.7193843550373192,1.4480886297915334,,1,495,1,exact,0.14225082652157278,1155,,,,,,0.00013216699881013483,1bb7f90b8d4c46e4e1af71f6ca461e225bff65ab
dv3-A-thomas-000074,3,A,thomas,74,,,,3:1:1:74,,test,0,440.6481385472675,3.7649225087549065,0.46079443043135915,,,,,,,,,117.040427132986,0.021951350854410898,,,,,,,,5.847143960434938,0.767273055702826,,1,425,1,exact,0.08163743570557576,148,,,,,,8.287499804282561e-05,da54b55e5b550b7ffb8e9b3ed302ed8ffa67d2ee
dv3-A-thomas-000075,3,A,thomas,75,,,,3:1:1:75,,test,0,469.60383655029483,0.17662224210354466,0.32399613417182943,,,,,,,,,2658.8035060442157,0.01495112974186732,,,,,,,,0.4727357413194989,0.5394889510040494,,1,519,1,exact,0.0556034979861913,3262,,,,,,0.0002176669986511115,89ec9e02c937d1e7c5729ee095edb23edbd98e3b
dv3-A-thomas-000076,3,A,thomas,76,,,,3:1:1:76,,test,0,128.09583766633776,5.773485158244783,0.9482452641588568,,,,,,,,,22.18691728745703,0.08378247263375443,,,,,,,,2.233920016739905,1.5789319343678108,,1,84,1,exact,0.31158839691717216,48,,,,,,0.0002274999969813507,0fcefcdd933df7da360c1a8820be14327786c100
dv3-A-thomas-000077,3,A,thomas,77,,,,3:1:1:77,,test,0,345.815685989545,0.4618856962283955,0.6200210227874947,,,,,,,,,748.7040382790818,0.03334141834804265,,,,,,,,0.533061981768816,1.0324027230728814,,1,325,1,exact,0.12399728448484511,1075,,,,,,0.00021787500008940697,72c25143707239faed933411c432e1c05928fc3b
dv3-A-thomas-000078,3,A,thomas,78,,,,3:1:1:78,,test,0,371.57784036295277,0.1923964211241248,0.540324859905253,,,,,,,,,1931.3136813663953,0.028030448479466567,,,,,,,,0.2662830407944473,0.8996999072745109,,1,318,1,exact,0.10424569998985227,2747,,,,,,0.0002688329986995086,f91a41772077b8dc547f8b0dec5482fc0e78ccee
dv3-A-thomas-000079,3,A,thomas,79,,,,3:1:1:79,,test,0,359.57077496352497,0.15050218442382618,0.18297296544776886,,,,,,,,,2389.1399074377878,0.009649276109390769,,,,,,,,0.6004282029842155,0.3046699722014761,,1,368,1,exact,0.03588581692353792,2720,,,,,,0.00025024999922607094,6357422dca9af915c6279bb1f634b05fbe628d96
dv3-A-thomas-000080,3,A,thomas,80,,,,3:1:1:80,,test,0,117.5874098628172,9.190748134600524,0.36012911566326583,,,,,,,,,12.794106436246949,0.03321068416654491,,,,,,,,6.948667374056327,0.5996543117151917,,1,92,1,exact,0.12351108190864245,22,,,,,,0.00012387499737087637,91b56a115f8493b4a0e48735b6fed5205a96fffd
dv3-A-thomas-000081,3,A,thomas,81,,,,3:1:1:81,,test,0,731.70839264096,0.9403625215042656,0.11049893726835816,,,,,,,,,778.1130956500385,0.0040849719899777375,,,,,,,,6.236659424304493,0.18399279950159353,,1,767,1,exact,0.015192078173351902,857,,,,,,0.00021970800298731774,6b0f2e252ddd02edc9ccd828be5757d5f2806daf
dv3-A-thomas-000082,3,A,thomas,82,,,,3:1:1:82,,test,0,496.6442207037722,3.708941289199855,0.484427991866177,,,,,,,,,133.9045786866352,0.021737346946529203,,,,,,,,5.952278261711984,0.8066255168040987,,1,454,1,exact,0.0808415516442118,174,,,,,,0.00016125000183819793,f3d5345abe4d54e6a23e3985de7d4759d2900a65
dv3-A-thomas-000083,3,A,thomas,83,,,,3:1:1:83,,test,0,725.5879882398697,2.5097068337845396,0.2098549315682468,,,,,,,,,289.1126479285676,0.007790657954480077,,,,,,,,9.2470785708687,0.34943138190265394,,1,729,1,exact,0.028973585365257837,339,,,,,,0.00017729200044414029,6dcda0598877cb90ef0ddc909c7622129ea72bd6
dv3-A-thomas-000084,3,A,thomas,84,,,,3:1:1:84,,test,0,628.5239145679786,18.782529667140334,1.3140578902788658,,,,,,,,,33.46321958258737,0.052414759202448785,,,,,,,,11.789238106827991,2.1880499117596512,,1,702,1,exact,0.19493135355509686,63,,,,,,0.0003334579996590037,d48ce98beb012b54795f5758ef068e1cebdab93d
dv3-A-thomas-000085,3,A,thomas,85,,,,3:1:1:85,,test,0,169.45115502904522,0.24657099582802422,0.21538152191990154,,,,,,,,,687.2306876970731,0.016545739206158965,,,,,,,,0.5468758854381992,0.35863375846515355,,1,177,1,exact,0.06153387687175557,867,,,,,,0.00010158300210605375,d9acecd2cfc05f17c7d0afa8343571f609f84df8
dv3-A-thomas-000086,3,A,thomas,86,,,,3:1:1:86,,test,0,660.4414563423561,0.15091417488732906,0.40395283088034406,,,,,,,,,4376.271856738671,0.015718586624292624,,,,,,,,0.3887413468600996,0.6726255840792721,,1,689,1,exact,0.058457682783807426,5475,,,,,,0.00021574999846052378,6ddf74771c9977bfdffab47159068f895bbf9f75
dv3-A-thomas-000087,3,A,thomas,87,,,,3:1:1:87,,test,0,142.4870303426053,0.35183386419444534,0.7834075447316657,,,,,,,,,404.9838427828484,0.06562964909300993,,,,,,,,0.18822538251703966,1.3044591275641573,,1,126,1,exact,0.24407774691157538,853,,,,,,0.00010570900121820159,9effe614870e07f25d491030f3ebe26a4c740f5f
dv3-A-thomas-000088,3,A,thomas,88,,,,3:1:1:88,,test,0,465.0957276255587,0.3895286141605322,0.1414853222497653,,,,,,,,,1193.996309174565,0.006560549448807501,,,,,,,,2.0778638764658126,0.2355885149003498,,1,437,1,exact,0.024398791553762275,1319,,,,,,0.00011329199696774594,4d3fc81d1a8153cd03ffd7cfc9763bce90143c67
dv3-A-thomas-000089,3,A,thomas,89,,,,3:1:1:89,,test,0,710.5055040902586,0.6837040811076074,0.13040572196242736,,,,,,,,,1039.200326169229,0.004892298243213647,,,,,,,,4.365100640347611,0.2171397702823351,,1,710,1,exact,0.018194537818277418,1103,,,,,,0.00012387499737087637,9070fc9d14c845b40a7327b7e824162c1bc4d7e6
dv3-A-thomas-000090,3,A,thomas,90,,,,3:1:1:90,,test,0,147.6330818820507,0.1012168454614638,1.1987109229536417,,,,,,,,,1458.5821283894777,0.09865579936137353,,,,,,,,0.03400920810071343,1.995984612700308,,1,170,1,exact,0.36690254421075613,4468,,,,,,0.0001700000029813964,d032009bc5a4423fe94b776e2bbd4f4913664766
dv3-A-thomas-000091,3,A,thomas,91,,,,3:1:1:91,,test,0,209.31225271969097,4.489344121980794,0.28427269541858996,,,,,,,,,46.62423887152094,0.019648880958646066,,,,,,,,6.351506205386437,0.4733450867939496,,1,236,1,exact,0.07307451220596094,66,,,,,,6.887500057928264e-05,f4d65a4fdba26bff76b765c4f5cf38425da6eabc
dv3-A-thomas-000092,3,A,thomas,92,,,,3:1:1:92,,test,0,134.5453133951455,2.6758669963734816,0.12642595177764246,,,,,,,,,50.28101679847711,0.01089938377137341,,,,,,,,4.980684826124559,0.21051301824495391,,1,113,1,exact,0.04053498792704582,51,,,,,,6.137500167824328e-05,57108281cb5517c1c142de281cacae4fd46e2de9
dv3-A-thomas-000093,3,A,thomas,93,,,,3:1:1:93,,test,0,519.9213795230282,17.465900954487342,0.178505635746245,,,,,,,,,29.767796169109154,0.007828581802773208,,,,,,,,32.54240829836985,0.2972313803163453,,1,591,1,exact,0.02911462478225191,38,,,,,,8.095899829640985e-05,082ac6b1437c56e03d1303e87407c4feff91a54f
dv3-A-thomas-000094,3,A,thomas,94,,,,3:1:1:94,,test,0,279.41248568115896,0.7623873580198341,0.16307504628594885,,,,,,,,,366.4967457053371,0.009755838583533643,,,,,,,,2.5686598342379625,0.2715377635002434,,1,262,1,exact,0.03628212452160621,413,,,,,,7.96249987615738e-05,dca4f5979c09be0fa874988b576e984c057efdec
dv3-A-thomas-000095,3,A,thomas,95,,,,3:1:1:95,,test,0,117.89377343082901,2.4493072210090947,0.11181302236321333,,,,,,,,,48.13351809017153,0.010297859273475773,,,,,,,,4.612531957266841,0.18618089471194407,,1,129,1,exact,0.038297908402959054,67,,,,,,6.183299774420448e-05,772e7dbc0e2e030d8ebd791b3b04062312cca2ad
dv3-A-thomas-000096,3,A,thomas,96,,,,3:1:1:96,,test,0,137.9983815810026,10.400678585731477,0.2608669905754955,,,,,,,,,13.268209419558485,0.02220660315495898,,,,,,,,9.589246024996374,0.4343720318049209,,1,155,1,exact,0.08258672321926458,21,,,,,,6.262499664444476e-05,0eaa120a1debaba1aee93f6e8fbbfe75ae53283a
dv3-A-thomas-000097,3,A,thomas,97,,,,3:1:1:97,,test,0,220.2731214217278,4.745230974047061,0.3284381399728904,,,,,,,,,46.419894548117995,0.022129562645854008,,,,,,,,6.26404472179988,0.5468853758289745,,1,216,1,exact,0.08230020829585528,69,,,,,,6.87909996486269e-05,c8ac2ad77964cb9bc6f67fb0b19c87b0fe66b559
dv3-A-thomas-000098,3,A,thomas,98,,,,3:1:1:98,,test,0,196.7197600243651,0.7831490782955561,0.10914156112173085,,,,,,,,,251.1906934149824,0.007781551006555051,,,,,,,,2.7334879075400833,0.18173261996169343,,1,216,1,exact,0.02893971647579248,293,,,,,,7.416600055876188e-05,c89d0af18a0c30fc62077e69402d9f07b1ff1df9
dv3-A-thomas-000099,3,A,thomas,99,,,,3:1:1:99,,test,0,671.1310410541902,1.9939503730606654,0.11122485209374931,,,,,,,,,336.5836232042327,0.004293368581085797,,,,,,,,10.20891262198846,0.1852015269719678,,1,652,1,exact,0.015967108531195543,344,,,,,,9.616599709261209e-05,bcf2aa42cfe2bed1c77174779e2c6452b0a30f5d
dv3-A-thomas-000100,3,A,thomas,100,,,,3:1:1:100,,test,0,479.09081202929383,29.663708906261856,0.30139230518476445,,,,,,,,,16.150738720610903,0.013769660708793246,,,,,,,,37.1892866898455,0.5018511068980475,,1,621,1,exact,0.05120959517513343,23,,,,,,7.97079992480576e-05,c62bf1a1f92d7568916805b1f4c83766e0fa29ed
dv3-A-thomas-000101,3,A,thomas,101,,,,3:1:1:101,,test,0,328.3707095526268,6.314670075061185,0.3621038356434605,,,,,,,,,52.00124561526599,0.019982550512994916,,,,,,,,9.124905639045503,0.6029424361657042,,1,304,1,exact,0.07431543477927896,67,,,,,,7.245800225064158e-05,ab7b7f0e330ccfab24efc3ad92496014b1c218c3
dv3-A-thomas-000102,3,A,thomas,102,,,,3:1:1:102,,test,0,523.4970544041521,4.131435818370431,0.18273566416095005,,,,,,,,,126.71068302124463,0.007986678360035701,,,,,,,,12.30910403143898,0.3042748396403268,,1,531,1,exact,0.029702588485004913,147,,,,,,8.162499943864532e-05,779e99d526a49b98cde20ee0fd36f5dfc19981ff
dv3-A-thomas-000103,3,A,thomas,103,,,,3:1:1:103,,test,0,748.0321895344886,0.6462111397081213,0.1733872844701378,,,,,,,,,1157.5662249839233,0.0063395305847185205,,,,,,,,3.5423421397981,0.2887087664034494,,1,794,1,exact,0.023576818754618666,1309,,,,,,0.00013395799760473892,12f96328ecfc89bf6cce55dee25ab2a84f710dee
dv3-A-thomas-000104,3,A,thomas,104,,,,3:1:1:104,,test,0,370.9536521323596,0.21195454282691123,1.1014198529967494,,,,,,,,,1750.1566476699302,0.057186441749362736,,,,,,,,0.13515228140756802,1.8339843548661545,,1,369,1,exact,0.212677319610431,3565,,,,,,0.00017762499919626862,6f08d439f6e285d442f48200e3d6f4d74191aca3
dv3-A-thomas-000105,3,A,thomas,105,,,,3:1:1:105,,test,0,493.76077913028774,0.4434503225615181,0.20932833568757359,,,,,,,,,1113.4522944490366,0.00942040828351111,,,,,,,,1.7527199619968168,0.3485545422453117,,1,518,1,exact,0.035034653706101065,1296,,,,,,0.00011545799861778505,90958d15396f03cd15ca39ac04020a0ba0b1b2a3
dv3-A-thomas-000106,3,A,thomas,106,,,,3:1:1:106,,test,0,158.12547974401784,0.18789049738919775,0.1731072176023821,,,,,,,,,841.5831664784812,0.013766205483369228,,,,,,,,0.4914076961496423,0.2882424244790844,,1,184,1,exact,0.051196745134820545,1021,,,,,,9.208299888996407e-05,0a5294b03a753aa3f77d7b64ea8da8baff92e876
dv3-A-thomas-000107,3,A,thomas,107,,,,3:1:1:107,,test,0,691.1386693310388,0.2676213254356212,0.6720014241378109,,,,,,,,,2582.524648235847,0.02556157425933927,,,,,,,,0.4125468382025873,1.1189557687409486,,1,663,1,exact,0.09506391606468231,3699,,,,,,0.00019041699852095917,edd370f08053b4ee503e73ffe15285707f0b7e61
dv3-A-thomas-000108,3,A,thomas,108,,,,3:1:1:108,,test,0,286.48641918949806,3.403786983908515,0.336169118999112,,,,,,,,,84.1669647788976,0.019861214253622705,,,,,,,,5.413715127364801,0.559758300303063,,1,249,1,exact,0.07386418323039018,101,,,,,,7.183300112956204e-05,bb2b5135c9d25c8415501cb7d886d23058a10f3e
dv3-A-thomas-000109,3,A,thomas,109,,,,3:1:1:109,,test,0,367.65231565986016,1.1473776890125815,0.10746753500894933,,,,,,,,,320.4283290328375,0.005604780831590492,,,,,,,,5.075118574090975,0.17894518364290415,,1,399,1,exact,0.020844272310051037,342,,,,,,8.458399679511786e-05,26e76dd0ef725ca61a12d482a90bbdd3ef32f5e5
dv3-A-thomas-000110,3,A,thomas,110,,,,3:1:1:110,,test,0,574.1777013905916,3.7125727305765843,0.5762618251142774,,,,,,,,,154.65763045170522,0.024048981552117304,,,,,,,,5.541994971258694,0.9595388794660847,,1,603,1,exact,0.0894385588507438,232,,,,,,9.520900130155496e-05,888a48804c686c4af670943a8880668cc9736d56
dv3-A-thomas-000111,3,A,thomas,111,,,,3:1:1:111,,test,0,329.36687625807355,0.3291872434712224,0.19517946546794826,,,,,,,,,1000.5456857469838,0.01075459756498183,,,,,,,,1.1424772107450198,0.32499512795726987,,1,328,1,exact,0.03999652563860894,1167,,,,,,0.00010387499787611887,665cbd35cf663460ed1d478915982dbf1ba23eda
dv3-A-thomas-000112,3,A,thomas,112,,,,3:1:1:112,,test,0,141.21677715893927,8.449533394607917,0.5477436288813041,,,,,,,,,16.712967517124316,0.04609291630043319,,,,,,,,5.36585653234524,0.9120529679147609,,1,165,1,exact,0.1714203155840399,36,,,,,,6.566700176335871e-05,a45896224e7c91f48092841afff8af895376f038
dv3-A-thomas-000113,3,A,thomas,113,,,,3:1:1:113,,test,0,264.15906605985964,20.795473114810935,0.16467462579163306,,,,,,,,,12.702719702574138,0.010131970694764058,,,,,,,,25.912580841255657,0.2742012380869849,,1,146,1,exact,0.03768096604398138,7,,,,,,5.783400047221221e-05,849f5ab23e126262f82ece526dd8a124e80c9ccb
dv3-A-thomas-000114,3,A,thomas,114,,,,3:1:1:114,,test,0,105.39481319038562,5.745688333553442,0.9833083450133095,,,,,,,,,18.34328753526452,0.09578116291878508,,,,,,,,1.9352168750282692,1.6373157936613503,,1,50,1,exact,0.356211723891078,45,,,,,,6.233300155145116e-05,e52d1a32f2c2202c3a6d91044a384a9b8fdb9096
dv3-A-thomas-000115,3,A,thomas,115,,,,3:1:1:115,,test,0,137.53868668618807,3.828759077965172,0.4369026189989964,,,,,,,,,35.922523168860295,0.03725394006610056,,,,,,,,3.2209531153515822,0.7274905801489784,,1,139,1,exact,0.13854801725400587,64,,,,,,6.20419996266719e-05,63f5116c029dae423e3c155c1401f6e994ebf0c0
dv3-A-thomas-000116,3,A,thomas,116,,,,3:1:1:116,,test,0,125.07390572210059,0.7062787424150331,0.4543070191006729,,,,,,,,,177.0885886986005,0.040622447943712954,,,,,,,,0.622580339042373,0.7564708072671469,,1,134,1,exact,0.15107555358223368,309,,,,,,7.145799827412702e-05,f2859c8f2138cd43fd73ea6a5755942d016fef51
dv3-A-thomas-000117,3,A,thomas,117,,,,3:1:1:117,,test,0,471.3634563400567,0.6983440630768172,0.13807924182156184,,,,,,,,,674.9730988809268,0.006359902222952901,,,,,,,,3.484865793509432,0.22991701896740024,,1,514,1,exact,0.023652581213048064,764,,,,,,0.00010166600259253755,d9b8f0583f5a498c6be1cd9f5bf7d4f300e1db92
dv3-A-thomas-000118,3,A,thomas,118,,,,3:1:1:118,,test,0,150.69366515779285,0.5331631461192429,0.17622763566225455,,,,,,,,,282.64081314444405,0.014355770825204107,,,,,,,,1.2045953003926528,0.2934382613680575,,1,174,1,exact,0.05338934836035777,364,,,,,,7.14999987394549e-05,cdc5473bbf60cb03842406d4b721508598189849
dv3-A-thomas-000119,3,A,thomas,119,,,,3:1:1:119,,test,0,346.1686198457727,3.3751700353303535,0.13448023854600943,,,,,,,,,102.56331272859578,0.007227941393723909,,,,,,,,9.754920563498253,0.22392428542213463,,1,324,1,exact,0.026880833199166725,103,,,,,,6.924999979673885e-05,cbcafa94c6017ebb573f3dce677338c8bf00c298
dv3-A-thomas-000120,3,A,thomas,120,,,,3:1:1:120,,test,0,443.31972654820595,8.06280062574276,0.36138127327322656,,,,,,,,,54.983342280941805,0.017163549836612235,,,,,,,,13.02052446255464,0.6017392908993296,,1,478,1,exact,0.06383152479130105,78,,,,,,0.00011654199988697655,4074b7ec2fcd0bbc9f5457727b2f5b7ed40be9d9
dv3-A-thomas-000121,3,A,thomas,121,,,,3:1:1:121,,test,0,139.35251362443802,1.6012754216992868,0.6144139612028237,,,,,,,,,87.02594927520711,0.05204795519548732,,,,,,,,1.069470904868859,1.0230663531181552,,1,138,1,exact,0.19356720340627598,173,,,,,,8.729100227355957e-05,896c805af84008c9a83f8a1c4d1e8838b9608399
dv3-A-thomas-000122,3,A,thomas,122,,,,3:1:1:122,,test,0,343.7543165249056,0.11127844837862111,0.4648019760940789,,,,,,,,,3089.1364997766086,0.025069396868659884,,,,,,,,0.17468931477947897,0.7739460569446708,,1,374,1,exact,0.09323350023497712,4410,,,,,,0.00017250000018975697,b158da46b5a14bde7e3621adc00d5e65454aa9ec
dv3-A-thomas-000123,3,A,thomas,123,,,,3:1:1:123,,test,0,478.9028514306559,4.551051758512317,0.12464255021022366,,,,,,,,,105.22904964438447,0.005695641093154071,,,,,,,,14.616404126730039,0.20754345984795314,,1,551,1,exact,0.0211821831206788,128,,,,,,8.549999984097667e-05,b61c9e26b6edde8249bde9214499a4e0395dc1ee
dv3-A-thomas-000124,3,A,thomas,124,,,,3:1:1:124,,test,0,372.43898908873814,1.642138000982332,0.5515599753484549,,,,,,,,,226.8012730147795,0.028580194099321023,,,,,,,,2.1217476374501167,0.9184076016127644,,1,372,1,exact,0.10629021301289805,300,,,,,,9.04160006029997e-05,7d1021f0e4447736ed6be270410b4eb5255162eb
dv3-A-thomas-000125,3,A,thomas,125,,,,3:1:1:125,,test,0,125.83695644600294,1.289262817968081,0.3289842949365094,,,,,,,,,97.60380481950607,0.029327231220428893,,,,,,,,1.4694870376647913,0.5477947834957098,,1,129,1,exact,0.10906845638154557,139,,,,,,6.720800229231827e-05,1f2aba2db694c4a0de2f63b7f5a2c9b6118b075b
dv3-A-thomas-000126,3,A,thomas,126,,,,3:1:1:126,,test,0,767.5412419093595,26.204445204017368,0.14821841373249858,,,,,,,,,29.290497697378797,0.00534996943415005,,,,,,,,52.57118828478814,0.24679984762294224,,1,1045,1,exact,0.019896624522288034,43,,,,,,0.00010354200276196934,bac3ac5eec9f2aad792c99faf372df06175affdc
dv3-A-thomas-000127,3,A,thomas,127,,,,3:1:1:127,,test,0,756.3495950433189,3.3643965003243523,1.1617202419161157,,,,,,,,,224.80988640025078,0.04224159100218477,,,,,,,,2.9423284524621534,1.9343910885649964,,1,737,1,exact,0.1570971733090015,408,,,,,,0.00012829200204578228,a951300efbe5f33fb002e93ed4b406e1e5fa5e19
dv3-A-thomas-000128,3,A,thomas,128,,,,3:1:1:128,,test,0,134.87347080433702,19.331422999859736,0.23714463472446778,,,,,,,,,6.976903397402024,0.02041973193895227,,,,,,,,14.91787425654048,0.39487171830232703,,1,202,1,exact,0.07594131970954938,15,,,,,,6.900000153109431e-05,6d34d856dc2df67bc04b51888d8a1c2e12217d94
dv3-A-thomas-000129,3,A,thomas,129,,,,3:1:1:129,,test,0,178.5617753610884,6.595550676268596,0.15001198732477078,,,,,,,,,27.073065483913307,0.011226172645764613,,,,,,,,10.206623043760343,0.24978634355233603,,2,239,1,exact,0.04175032113817021,39,,,,,,6.650000068475492e-05,89b1cb18d5bbb39d66a58a25f1360b77d97c2257
dv3-A-thomas-000130,3,A,thomas,130,,,,3:1:1:130,,test,0,671.1155172653977,0.16819099266257465,0.3333450921528926,,,,,,,,,3990.1989199373593,0.012867536982397806,,,,,,,,0.523946409684118,0.5550559871573568,,1,622,1,exact,0.04785458216474808,4637,,,,,,0.0001878749972092919,f812f4cb15d0bf50e5e21f53064029d206fc68d3
dv3-A-thomas-000131,3,A,thomas,131,,,,3:1:1:131,,test,0,464.67886642295406,0.523995657907484,0.17832438501279516,,,,,,,,,886.7990782186923,0.008272452351159977,,,,,,,,2.260309695562259,0.2969295780485265,,1,537,1,exact,0.03076538666911056,1084,,,,,,0.0001114999977289699,2224fe5f3b465895183e14ede095210942f98fa1
dv3-A-thomas-000132,3,A,thomas,132,,,,3:1:1:132,,test,0,162.1433443381479,0.13907583993752348,0.6724156748933691,,,,,,,,,1165.8627725059,0.052806607257120726,,,,,,,,0.09696963409407111,1.1196455414943796,,1,180,1,exact,0.19638864293021555,2346,,,,,,0.00011974999870290048,06dbf5d6ed2e88fd113bbde43551e4ac43252f64
dv3-A-thomas-000133,3,A,thomas,133,,,,3:1:1:133,,test,0,136.17348728291284,0.5190796839814081,0.8493150361118448,,,,,,,,,262.3363839602518,0.0727817565866734,,,,,,,,0.2484111209536016,1.4142022992809657,,1,124,1,exact,0.2706765525862609,611,,,,,,8.408299981965683e-05,2b3b82268f75f1d06e158eec287541ff0465f39d
dv3-A-thomas-000134,3,A,thomas,134,,,,3:1:1:134,,test,0,216.61206361013163,0.33451288638897037,0.15152669297544932,,,,,,,,,647.5447506624779,0.010295509059465335,,,,,,,,1.1409918854352215,0.25230849390037413,,1,218,1,exact,0.038289167918309885,819,,,,,,8.470900138490833e-05,de05623b796252d0e3b71415ce53c726016004e2
dv3-A-thomas-000135,3,A,thomas,135,,,,3:1:1:135,,test,0,729.7129579364828,0.3985263510411887,0.26729645144596453,,,,,,,,,1831.028126571899,0.009895031111900208,,,,,,,,1.5558466376283935,0.44507778639485485,,1,737,1,exact,0.036799783829253724,2126,,,,,,0.0001479579987062607,9e17976f9d5316609ad7f8544884e189524b5ca2
dv3-A-thomas-000136,3,A,thomas,136,,,,3:1:1:136,,test,0,243.98393763343597,5.005881617170337,0.37139360642619834,,,,,,,,,48.73945416458974,0.02377682191641576,,,,,,,,6.4689017595817795,0.6184109191692372,,1,263,1,exact,0.08842639267889413,75,,,,,,7.133400140446611e-05,715318d2fed67dbb3f9d88548f8d45b1eabb83d7
dv3-A-thomas-000137,3,A,thomas,137,,,,3:1:1:137,,test,0,699.3840712882177,0.6209730592863498,0.3833779139128229,,,,,,,,,1126.2711978068442,0.014496702333969887,,,,,,,,1.679908145864224,0.6383661000882791,,1,711,1,exact,0.05391347496477785,1350,,,,,,0.00014400000145542435,1bcad261d7df9d0e0e348bc75b96035bd798da93
dv3-A-thomas-000138,3,A,thomas,138,,,,3:1:1:138,,test,0,419.23302684067005,9.681307538979995,1.493031072291273,,,,,,,,,43.303347729912076,0.072919066764342,,,,,,,,4.365800142953677,2.4860598076756424,,1,296,1,exact,0.2711872114006313,89,,,,,,8.779199924902059e-05,ef2bc5edb7dba12e4127bce34d63a24be9c8e706
dv3-A-thomas-000139,3,A,thomas,139,,,,3:1:1:139,,test,0,538.1005212138347,4.528745332847707,0.34228215915029997,,,,,,,,,118.81889611034349,0.014755453320675934,,,,,,,,9.488364046161163,0.5699371798351903,,1,554,1,exact,0.05487577414996556,146,,,,,,8.4916999185225e-05,2e2a453eeddb4557ee361038539c3af409b6d0b9
dv3-A-thomas-000140,3,A,thomas,140,,,,3:1:1:140,,test,0,162.11429381070585,2.7857004920617174,0.39073498622730574,,,,,,,,,58.19516285856125,0.03068821619737179,,,,,,,,2.9624811307363172,0.6506164290483658,,1,135,1,exact,0.11412998194725373,84,,,,,,6.462500095949508e-05,49b64c5c43ddbafde2545780dabd836578829055
dv3-A-thomas-000141,3,A,thomas,141,,,,3:1:1:141,,test,0,271.95640470163175,0.8823057812403676,0.4692475734433914,,,,,,,,,308.23373311609566,0.0284545937779229,,,,,,,,1.1823707352411303,0.7813484620897119,,1,276,1,exact,0.1058231033470399,458,,,,,,8.766699829720892e-05,e4464d2eb9cffed417c80cecfd4ac0adb6a69d1f
dv3-A-thomas-000142,3,A,thomas,142,,,,3:1:1:142,,test,0,339.70936499781135,27.01547579217965,0.8613541216724588,,,,,,,,,12.57462084366285,0.04673346434892069,,,,,,,,16.64667555337868,1.4342486916761883,,1,349,1,exact,0.17380252433609136,26,,,,,,7.850000110920519e-05,d5c7367602f26943c68f3bfbe9bd2db5b7bf4f25
dv3-A-thomas-000143,3,A,thomas,143,,,,3:1:1:143,,test,0,104.52148937100667,4.285485412073643,0.24100001171411917,,,,,,,,,24.38965002110023,0.023572968122683596,,,,,,,,4.573714168820987,0.40129134208329814,,1,99,1,exact,0.08766825705938154,36,,,,,,5.97079997533001e-05,626e8ca728a2093411975aa94738e87803eae258
dv3-A-thomas-000144,3,A,thomas,144,,,,3:1:1:144,,test,0,783.8206161009423,0.13836254322981373,0.954347539573268,,,,,,,,,5664.97693526096,0.034087740661829256,,,,,,,,0.15781980635359136,1.5890928894374554,,1,772,1,exact,0.12677286947328092,8971,,,,,,0.0003456250015005935,af3c2d4364cf8efe485c119e7aa4800f59fed937
dv3-A-thomas-000145,3,A,thomas,145,,,,3:1:1:145,,test,0,200.2909469645262,1.4456904909668233,0.11661101372687313,,,,,,,,,138.54344911031347,0.008239652779883505,,,,,,,,4.236212692635143,0.19417007438016362,,1,158,1,exact,0.03064340452281748,137,,,,,,6.679199941572733e-05,9c9fbb3d98f42c070599681b1ae56f6d523b4f7c
dv3-A-thomas-000146,3,A,thomas,146,,,,3:1:1:146,,test,0,201.46608955467613,0.1045392690062825,0.3596663375401685,,,,,,,,,1927.180967207343,0.025339545100972465,,,,,,,,0.1600744476425126,0.5988837355945366,,1,181,1,exact,0.09423818596446432,2676,,,,,,0.00012066699855495244,b4d6b678c2e10657c189c15f5cffb334f1f1c4fd
dv3-A-thomas-000147,3,A,thomas,147,,,,3:1:1:147,,test,0,234.95849482324806,9.33540526164137,1.0173955094325358,,,,,,,,,25.168537223411036,0.06637342684239454,,,,,,,,4.7122964664898355,1.694074645498385,,1,269,1,exact,0.24684386862305188,57,,,,,,7.733399979770184e-05,ed3d59638b86bdfff583643a6fd6eaa3b93adf6f
dv3-A-thomas-000148,3,A,thomas,148,,,,3:1:1:148,,test,0,509.04052162368157,14.266108217164712,1.1703465029210862,,,,,,,,,35.68180711059051,0.051872631955938435,,,,,,,,9.190067652179042,1.9487547553184725,,1,544,1,exact,0.19291517338811018,80,,,,,,9.71670015132986e-05,0e77cd2938a7d3cecdbd2d5ae36f5b3985add1f8
dv3-A-thomas-000149,3,A,thomas,149,,,,3:1:1:149,,test,0,275.0001670369383,0.5283753213416942,0.9465964542036756,,,,,,,,,520.4636854322325,0.057081896599928204,,,,,,,,0.3447743794318131,1.576186485705593,,1,289,1,exact,0.21228851447620956,1075,,,,,,0.00011145800090162084,f09847136ae74b3cc03bf201af3f8f73d2bf51a5
dv3-A-thomas-000150,3,A,thomas,150,,,,3:1:1:150,,test,0,100.90766370451189,1.6710810466118045,0.16825845269826728,,,,,,,,,60.38466171889564,0.01675000014978018,,,,,,,,2.664302877073067,0.28016870132040356,,1,117,1,exact,0.0622935266884176,71,,,,,,6.145900260889903e-05,e830c5d59174801caff613b04cf0394984559dde
dv3-A-thomas-000151,3,A,thomas,151,,,,3:1:1:151,,test,0,338.11208257414506,0.7902661701608866,0.6456071221992158,,,,,,,,,427.8458263059779,0.0351105770635766,,,,,,,,0.8558560929611372,1.0750063731664166,,1,333,1,exact,0.13057681491330347,717,,,,,,0.00010066699906019494,bd91a8aa32fce184dbff3dd09dabe3955b4cd773
dv3-A-thomas-000152,3,A,thomas,152,,,,3:1:1:152,,test,0,310.37043486289815,3.6709745466504593,0.2450512398318097,,,,,,,,,84.54714978781105,0.013909666960764079,,,,,,,,7.313989805526704,0.4080370793837681,,1,221,1,exact,0.05173028073427982,94,,,,,,6.941699757589959e-05,ea520699d052a90fccce4392b02893e0ffc93625
dv3-A-thomas-000153,3,A,thomas,153,,,,3:1:1:153,,test,0,568.0424619578744,0.12273751030409774,0.2754959232467939,,,,,,,,,4628.108070226267,0.011559120099460658,,,,,,,,0.4259900495330776,0.4587308025085308,,1,580,1,exact,0.04298855820725629,5612,,,,,,0.00020783299987670034,f6f6a00344140fe6383676752e648b785c16713a
dv3-A-thomas-000154,3,A,thomas,154,,,,3:1:1:154,,test,0,509.7277793650232,18.00365302710799,0.2603770775314728,,,,,,,,,28.312464064794472,0.011532769096325968,,,,,,,,29.255220587604533,0.43355627307718614,,1,486,1,exact,0.04289055839219009,33,,,,,,7.737499981885776e-05,082b63eb003ffec2f153e04c3060256285727c29
dv3-A-thomas-000155,3,A,thomas,155,,,,3:1:1:155,,test,0,759.5314502330488,0.15298027252847302,0.3568412818927331,,,,,,,,,4964.898007301452,0.012947985668742388,,,,,,,,0.4752835572348132,0.5941797093824376,,1,750,1,exact,0.048153772155496835,5785,,,,,,0.00022204199922271073,6710da0a04d86e2802367a372c822fc4cddec4c7
dv3-A-thomas-000156,3,A,thomas,156,,,,3:1:1:156,,test,0,103.37598928523639,0.38889866681057367,0.5665876735215928,,,,,,,,,265.8172889432639,0.055725924548711024,,,,,,,,0.2537912079872174,0.9434303604310285,,1,103,1,exact,0.2072456320639157,536,,,,,,7.833399649825878e-05,927af870aa100a2539df8613a6a19a967bd72624
dv3-A-thomas-000157,3,A,thomas,157,,,,3:1:1:157,,test,0,394.3448915427616,4.152346879511608,0.30704940497700434,,,,,,,,,94.96915912505455,0.015462159556064519,,,,,,,,8.021301076344221,0.5112707959336645,,1,374,1,exact,0.05750402628975003,110,,,,,,7.612500121467747e-05,740cb1510efc984774f9ddc5d7d5a0998b9951c7
dv3-A-thomas-000158,3,A,thomas,158,,,,3:1:1:158,,test,0,372.17354118928307,23.45918803422105,0.1442446566251828,,,,,,,,,15.864723904611512,0.007476993219799708,,,,,,,,33.58830770931183,0.24018310801630938,,1,373,1,exact,0.027807061046075464,18,,,,,,6.945800123503432e-05,6763e9f55aa355298cddddfbc580c596b9000180
dv3-A-thomas-000159,3,A,thomas,159,,,,3:1:1:159,,test,0,129.7521240621593,1.4238202893346894,0.1765852758166421,,,,,,,,,91.12956532090772,0.015502339726506225,,,,,,,,2.5784450865912683,0.29403377128739855,,1,132,1,exact,0.057653457006011155,124,,,,,,6.579199907719158e-05,a0417ede8854d45e18e52a732dca8e9acf4a4d7d
dv3-A-thomas-000160,3,A,thomas,160,,,,3:1:1:160,,test,0,270.4485478916938,0.14032273979291063,0.23327627182723482,,,,,,,,,1927.3322933319564,0.014184964031980248,,,,,,,,0.3896814213053587,0.38843047156688176,,1,273,1,exact,0.05275411508053042,2431,,,,,,0.0001262499972654041,735ce35ee1de8f2ad326c0f47b607ed2209b8e5b
dv3-A-thomas-000161,3,A,thomas,161,,,,3:1:1:161,,test,0,306.6345446286784,0.2446144204201426,0.7386349738698432,,,,,,,,,1253.542387656508,0.04218123853943214,,,,,,,,0.2240155527737227,1.229907906915367,,1,278,1,exact,0.15687272150508663,2074,,,,,,0.00012425000022631139,1e5cc8b2f21431f586cbeb473d0f4df3c52ac1a9
dv3-A-thomas-000162,3,A,thomas,162,,,,3:1:1:162,,test,0,193.54030012897687,0.5022871633720657,0.309742079386657,,,,,,,,,385.3180296897479,0.022264579870731695,,,,,,,,0.8376433862992747,0.5157543929258699,,1,186,1,exact,0.08280233958099588,524,,,,,,7.979100337252021e-05,ccf855e7f93328e48a1690beaf4c0e4c5a8f36f7
dv3-A-thomas-000163,3,A,thomas,163,,,,3:1:1:163,,test,0,747.746107204269,1.2135382291878334,0.17648162446419066,,,,,,,,,616.1702113865024,0.0064539026802038595,,,,,,,,5.909183302295398,0.2938611804645262,,1,741,1,exact,0.024002170463204752,671,,,,,,0.0001241669997398276,2b09ae49733a59bc7199ae79e1bbb4ed9ecf4d11
dv3-A-thomas-000164,3,A,thomas,164,,,,3:1:1:164,,test,0,310.653606977268,0.5326111521063559,1.4433721755176028,,,,,,,,,583.2653066851937,0.08189174561653423,,,,,,,,0.2266651021215189,2.403372320687796,,1,310,1,exact,0.30455675197063375,1481,,,,,,0.00014933400234440342,68d7cb21877761bbed62b927ce381154e18d8e48
dv3-A-thomas-000165,3,A,thomas,165,,,,3:1:1:165,,test,0,175.88226783153442,0.2536328668053931,0.5925825409614179,,,,,,,,,693.452193506471,0.044682536981487095,,,,,,,,0.2133724117231218,0.9867146539379476,,1,157,1,exact,0.16617509164613362,1191,,,,,,9.7999996796716e-05,2dda44cca15d8857943ad82550d2522068b83db2
dv3-A-thomas-000166,3,A,thomas,166,,,,3:1:1:166,,test,0,294.97364014348574,0.3262760281473738,0.16884336988965784,,,,,,,,,904.0616370696126,0.009830880288162092,,,,,,,,1.218399169737106,0.2811426523300788,,1,278,1,exact,0.03656120585821611,1051,,,,,,9.345899889012799e-05,a28b464d93d4ee100940193305df514711212c30
dv3-A-thomas-000167,3,A,thomas,167,,,,3:1:1:167,,test,0,492.1321108428019,12.118018254726012,0.2187017890108964,,,,,,,,,40.611600056871595,0.00985851460458865,,,,,,,,23.45263669910796,0.36416236581891936,,1,758,1,exact,0.03666397833657078,69,,,,,,8.750000051804818e-05,7217a66a6fa9d30aef1a6c950373a3c670b22d99
dv3-A-thomas-000168,3,A,thomas,168,,,,3:1:1:168,,test,0,499.64393124063616,26.647513390230287,0.2688279016567141,,,,,,,,,18.750114651366285,0.012026632317779182,,,,,,,,36.90591691782491,0.4476278182642908,,1,387,1,exact,0.04472724385433484,18,,,,,,6.97920004313346e-05,1c28d374f3c88f6eea24064981355bac8d72ebdc
dv3-A-thomas-000169,3,A,thomas,169,,,,3:1:1:169,,test,0,172.7987599124978,29.034937116911575,0.14173318821114902,,,,,,,,,5.951408099032875,0.01078204762316068,,,,,,,,25.30513414063417,0.23600123879854792,,1,217,1,exact,0.040098612857502804,8,,,,,,6.0583999584196135e-05,531782e07ae473c25f52a3dc036daa8e7e773267
dv3-A-thomas-000170,3,A,thomas,170,,,,3:1:1:170,,test,0,633.7132134139094,0.2922178118420417,0.21167949504523406,,,,,,,,,2168.6330803012893,0.008408768758938114,,,,,,,,1.3103997524789164,0.35246947937488526,,1,634,1,exact,0.03127234963687555,2526,,,,,,0.00015499999790336005,14076089214de3094ebdd59f3f5fc4d42034bf9d
dv3-A-thomas-000171,3,A,thomas,171,,,,3:1:1:171,,test,0,134.76377261258074,0.17124216206087955,0.1156955525370123,,,,,,,,,786.9777570588597,0.009966211155802696,,,,,,,,0.5799956833646873,0.19264573151025452,,1,134,1,exact,0.03706450358596254,911,,,,,,7.904100129962899e-05,3489635b1d33da669203054fcbc2def93b9ac946
dv3-A-thomas-000172,3,A,thomas,172,,,,3:1:1:172,,test,0,582.1169837328945,5.683957901940605,0.10447864358321085,,,,,,,,,102.4140209648895,0.004330343926612275,,,,,,,,19.503862859923647,0.17396835296540758,,1,621,1,exact,0.016104620450763933,113,,,,,,8.258300294983201e-05,af080c3491478d10713a7c6fb9b4348f3e12932f
dv3-A-thomas-000173,3,A,thomas,173,,,,3:1:1:173,,test,0,645.6101907077131,4.253853746840527,0.2866308963667727,,,,,,,,,151.77066000147005,0.011280745810435693,,,,,,,,11.053031939277567,0.47727174894084157,,1,584,1,exact,0.04195327963724544,173,,,,,,8.654100020066835e-05,5e0807e479beaa8147451ebb84e505410aa9d7ac
dv3-A-thomas-000174,3,A,thomas,174,,,,3:1:1:174,,test,0,282.9823087295027,4.208321181119443,0.22012100045292604,,,,,,,,,67.24351506227654,0.013085244299889599,,,,,,,,8.294401656347667,0.3665255078794585,,1,276,1,exact,0.04866423926750439,84,,,,,,6.833299994468689e-05,75a26419c04277f6edb9f0aa8e5bbcc381cebad0
dv3-A-thomas-000175,3,A,thomas,175,,,,3:1:1:175,,test,0,193.09865003552324,3.3577182601223665,0.3957252962890371,,,,,,,,,57.50888998902668,0.028477653018713273,,,,,,,,3.8616649153305325,0.658925840354368,,1,201,1,exact,0.10590886104368138,94,,,,,,6.712500180583447e-05,3bfe6b3ae8b7ea13c0424c7e2a884660c3ec5068
dv3-A-thomas-000176,3,A,thomas,176,,,,3:1:1:176,,test,0,642.4271097239559,0.14370069417707523,1.099545755249628,,,,,,,,,4470.59155422259,0.043381181561958526,,,,,,,,0.12588167980961548,1.830863777423902,,1,685,1,exact,0.16133532938746975,7794,,,,,,0.0002840409979398828,1697cae7b5a1446a2f4d52cb1a7a16d5fd18e4fe
dv3-A-thomas-000177,3,A,thomas,177,,,,3:1:1:177,,test,0,356.5582068942011,1.2826772287984796,0.5732847203566613,,,,,,,,,277.97968100532927,0.030360236355959858,,,,,,,,1.587611279504103,0.9545816748783793,,1,357,1,exact,0.1129102195101456,420,,,,,,9.26669999898877e-05,2e4f5569f9a562cd813d4d24a18e2049ac71e906
dv3-A-thomas-000178,3,A,thomas,178,,,,3:1:1:178,,test,0,110.13791667420759,7.277057291768822,0.11177611086858662,,,,,,,,,15.13495253071404,0.01065075920323917,,,,,,,,9.012482304779628,0.18611943304183168,,1,116,1,exact,0.039610349059465276,19,,,,,,5.895799768040888e-05,ba05842cac00da1a352c0d1c49d0a5f8496031f0
dv3-A-thomas-000179,3,A,thomas,179,,,,3:1:1:179,,test,0,405.9460586416249,2.6627437411030614,0.2142662110433713,,,,,,,,,152.4540466945042,0.01063455998562193,,,,,,,,7.0949462296540595,0.35677664403889436,,1,385,1,exact,0.03955010390209528,163,,,,,,7.541600280092098e-05,64f408d3cff91cb83b65b0d602a88b52e86f9319
dv3-A-thomas-000180,3,A,thomas,180,,,,3:1:1:180,,test,0,745.1010939472453,0.2533922271676195,0.32578324499764294,,,,,,,,,2940.504932909246,0.011934964850497568,,,,,,,,0.8465069016049249,0.5424646857214112,,1,732,1,exact,0.044386331032334546,3526,,,,,,0.00019083400184172206,bbf7273027b5a23b5d619772bdd090df0ce25c30
dv3-A-thomas-000181,3,A,thomas,181,,,,3:1:1:181,,test,0,546.4263853846137,0.18739322691121954,0.16657022609040006,,,,,,,,,2915.9345531922118,0.007125765796008968,,,,,,,,1.0011664098629547,0.27735761962628563,,1,565,1,exact,0.02650084046685357,3236,,,,,,0.00015212499783956446,9279ad777a7a2164cf0f43f99a6b9b5cd0b2d5f8
dv3-A-thomas-000182,3,A,thomas,182,,,,3:1:1:182,,test,0,120.55194493756079,7.225177378116547,0.3457866675646743,,,,,,,,,16.684980676417133,0.03149351488558364,,,,,,,,5.970293942815892,0.575772569115647,,1,163,1,exact,0.11712490104442944,29,,,,,,6.187500184751116e-05,cced2db4466828a537a339031570d1e951b8380e
dv3-A-thomas-000183,3,A,thomas,183,,,,3:1:1:183,,test,0,772.12551399678,0.6720608210380008,0.17949491540568221,,,,,,,,,1148.8923172224634,0.006459638272404418,,,,,,,,3.6307420985513272,0.2988786390007232,,1,809,1,exact,0.024023501225152483,1290,,,,,,0.00013095800022711046,36a0bb537034a5d90636f55047af521371f2232b
dv3-A-thomas-000184,3,A,thomas,184,,,,3:1:1:184,,test,0,140.16657567422092,0.28587499749581236,0.18328601461476715,,,,,,,,,490.3072213451411,0.015481288224829293,,,,,,,,0.6411828232312857,0.3051912332564831,,1,121,1,exact,0.057575166124231046,616,,,,,,7.491699943784624e-05,f45c56e49270d4c26f72f88227db9fc713f27c25
dv3-A-thomas-000185,3,A,thomas,185,,,,3:1:1:185,,test,0,148.99582435207637,0.2212671274433869,0.1360257031925945,,,,,,,,,673.3753272509864,0.011143815957575043,,,,,,,,0.6710749745170574,0.2264976528579258,,1,146,1,exact,0.04144403525710567,797,,,,,,7.862499842303805e-05,357b76279f7f24ce7a790c6077fd8fc0c0414b3e
dv3-A-thomas-000186,3,A,thomas,186,,,,3:1:1:186,,test,0,267.8043863549665,27.416134340754695,0.17400228956189992,,,,,,,,,9.76813080306764,0.010632762660154806,,,,,,,,30.467684131100768,0.2897328170535134,,1,236,1,exact,0.03954341961905332,10,,,,,,6.29579990345519e-05,bedaf04a702f8d52f9ffc50b7185390cde9dfe9f
dv3-A-thomas-000187,3,A,thomas,187,,,,3:1:1:187,,test,0,130.14478987035443,0.15522232270297656,1.0959383161806344,,,,,,,,,838.4411958542272,0.09606666577469165,,,,,,,,0.05479761770957197,1.8248569973611801,,1,120,1,exact,0.35727351371883925,2466,,,,,,0.00031370800206786953,c70093e17f527c8098d0eaf5ee839a96de84c528
dv3-A-thomas-000188,3,A,thomas,188,,,,3:1:1:188,,test,0,403.55184088286046,0.5992262867698661,0.2755007299124928,,,,,,,,,673.4548363327145,0.013714282379604757,,,,,,,,1.6301045549772128,0.4587388061319147,,1,373,1,exact,0.05100364225594445,763,,,,,,0.0002625420020194724,089c59f52d5aedd6e7ce715f5dd2939a2fee7acb
dv3-A-thomas-000189,3,A,thomas,189,,,,3:1:1:189,,test,0,108.52637770232327,0.47356292495831964,0.7344393323425078,,,,,,,,,229.16992015765413,0.07049986303389956,,,,,,,,0.23980954178360464,1.2229217055146713,,1,109,1,exact,0.26219015284544,469,,,,,,0.00016074999803095125,0d1e8ee94ff04223cd1c73cf86b2fc8ddc4790aa
dv3-A-thomas-000190,3,A,thomas,190,,,,3:1:1:190,,test,0,134.04829324728286,0.6793931885786098,0.2991617156024471,,,,,,,,,197.3059128363232,0.02583898029436881,,,,,,,,0.9138944966532883,0.49813693161333017,,4,172,1,exact,0.09609559368212207,318,,,,,,0.0001414580001437571,2baaf9991e0d14925d9317df123c0733df5b3fcc
dv3-A-thomas-000191,3,A,thomas,191,,,,3:1:1:191,,test,0,327.0721861234354,0.13834642460394547,0.2487583407690123,,,,,,,,,2364.153515783072,0.013754849551751148,,,,,,,,0.3940284843547731,0.4142098073423582,,1,334,1,exact,0.05115451223792519,2948,,,,,,0.0002635830023791641,e07f7e0f2e7ae38cb0c9f838f314f40a3970125c
dv3-A-thomas-000192,3,A,thomas,192,,,,3:1:1:192,,test,0,250.57977465800633,11.48334097738121,0.7051725793109563,,,,,,,,,21.821155981658514,0.04454740488303804,,,,,,,,8.174220744735484,1.174189365134608,,1,228,1,exact,0.16567253314428734,37,,,,,,0.00013262499851407483,05247228e0faf69986f1d090b21964aa9a0b2e04
dv3-A-thomas-000193,3,A,thomas,193,,,,3:1:1:193,,test,0,290.3746838190501,0.3123749033302106,0.1838553488928965,,,,,,,,,929.5711042192653,0.010789390066442741,,,,,,,,1.0829371975179218,0.3061392370135766,,1,281,1,exact,0.04012591952511231,1068,,,,,,0.00017441599993617274,6934855b42f826373c1681976c2a845c0b846bbd
dv3-A-thomas-000194,3,A,thomas,194,,,,3:1:1:194,,test,0,210.16866417583898,0.770268319978646,1.3917314423181968,,,,,,,,,272.85123732164584,0.09600004952599739,,,,,,,,0.2731801258552115,2.3173848595903364,,1,215,1,exact,0.3570257667917461,789,,,,,,0.00018729200019151904,f6654de600483a3c11fd1022f654701d3d4b63aa
dv3-A-thomas-000195,3,A,thomas,195,,,,3:1:1:195,,test,0,515.8423218308103,27.414774195391363,0.1594870543463078,,,,,,,,,18.816216327527783,0.007022099058253358,,,,,,,,43.734600560265896,0.26556336503195377,,1,442,1,exact,0.02611530216014705,17,,,,,,0.00013354100155993365,ed360c3e2276385f874e8c07644bcabcf44cc850
dv3-A-thomas-000196,3,A,thomas,196,,,,3:1:1:196,,test,0,200.0109526346124,0.6509600008149978,0.43709667361612986,,,,,,,,,307.2553649751136,0.030906555935854917,,,,,,,,0.7934356670537736,0.7278137022816001,,1,234,1,exact,0.11494199103410255,507,,,,,,0.00015350000103353523,21e987d74541c8f130cfd6588a67995e45208f77
dv3-A-thomas-000197,3,A,thomas,197,,,,3:1:1:197,,test,0,437.6113945482805,5.5082680547850025,0.9901979725186421,,,,,,,,,79.44627788550157,0.04733449214776385,,,,,,,,4.098096887949381,1.6487877759587972,,1,485,1,exact,0.1760377566282062,158,,,,,,0.0001748750000842847,cc5ef9d93e6ce6134f3a1221e5f6860f60f5b8ae
dv3-A-thomas-000198,3,A,thomas,198,,,,3:1:1:198,,test,0,667.4319339061212,3.3361943261736826,0.17336736893240323,,,,,,,,,200.0578709309197,0.006710638857127426,,,,,,,,12.063577539017873,0.28867560485790017,,1,616,1,exact,0.024956976537596366,217,,,,,,0.0001597500013303943,4abb326deffd4f2f919c138804004b2208352832
dv3-A-thomas-000199,3,A,thomas,199,,,,3:1:1:199,,test,0,498.4378157228264,10.08909219292265,0.1058282825545533,,,,,,,,,49.40363376523343,0.0047401955266899685,,,,,,,,25.6070590860118,0.17621564926338618,,1,421,1,exact,0.017628865308043265,54,,,,,,0.00013612499969894998,35dfad0c6a875ded3f87e9756ebf930ac1a2b2f3
dv3-A-thomas-000200,3,A,thomas,200,,,,3:1:1:200,,test,0,509.7047765241121,0.186593797817897,1.3719741981676545,,,,,,,,,2731.6276451029184,0.06076963001437029,,,,,,,,0.11094474798051132,2.2844868901477313,,1,516,1,exact,0.2260032558384854,5831,,,,,,0.0007550839982286561,113e44ceaeb9ef3bab2c0976570ae30cfa0ffc39
dv3-A-thomas-000201,3,A,thomas,201,,,,3:1:1:201,,test,0,160.42179092571726,0.25433115470676154,0.25693155681781116,,,,,,,,,630.7594958654602,0.020285502403925168,,,,,,,,0.4593972827603856,0.42781910476118934,,1,166,1,exact,0.07544211785594854,851,,,,,,9.60830002441071e-05,2146c4ea3e913ae4ca205a5c782f99acf63128dc
dv3-A-thomas-000202,3,A,thomas,202,,,,3:1:1:202,,test,0,164.10507829223295,0.1676521420682695,0.7380211453646991,,,,,,,,,978.8427172341636,0.057611315869447136,,,,,,,,0.10644707542422242,1.2288858154105315,,1,154,1,exact,0.21425743346726836,2001,,,,,,0.00011675000132527202,3caae8d5abd440f0bca1d356b5914aa3fa7d58ef
dv3-A-thomas-000203,3,A,thomas,203,,,,3:1:1:203,,test,0,291.2310717839157,2.357217843240269,0.3335337262850225,,,,,,,,,123.54864554375884,0.01954433514310414,,,,,,,,4.022187658991545,0.5553700835904097,,1,334,1,exact,0.0726857045944751,180,,,,,,8.216700007324107e-05,a272c8194556e9e0a92088f664281ea76a4441b5
dv3-A-thomas-000204,3,A,thomas,204,,,,3:1:1:204,,test,0,520.0367737459936,4.9949866053043985,0.43256849505307815,,,,,,,,,104.11174540363,0.018968712664400197,,,,,,,,8.591991039518085,0.720273790395972,,1,482,1,exact,0.07054495510677627,117,,,,,,8.404199979850091e-05,9ab44f5a44fa1e8e7f49eec5c8e32d527958b21b
dv3-A-thomas-000205,3,A,thomas,205,,,,3:1:1:205,,test,0,681.2773033370395,20.47529409464903,0.2719164081283933,,,,,,,,,33.27313884663972,0.010417738563034816,,,,,,,,36.503912975576306,0.4527705188734646,,1,607,1,exact,0.038743741457093854,36,,,,,,8.179200085578486e-05,47b53c2ade4735ea587450376461162d6bb4d93b
dv3-A-thomas-000206,3,A,thomas,206,,,,3:1:1:206,,test,0,186.68635105675654,0.4513414127960978,0.29095632680767003,,,,,,,,,413.6255742636577,0.021294699786034935,,,,,,,,0.7811978556900808,0.48447406305846347,,1,197,1,exact,0.07919533955709347,557,,,,,,8.137499753502198e-05,1b4a08491e60f321b941ef6700b0117ca8fbc90a
dv3-A-thomas-000207,3,A,thomas,207,,,,3:1:1:207,,test,0,218.5760348065775,0.1550070753518692,0.13237561005453496,,,,,,,,,1410.1035988867313,0.008953785849127226,,,,,,,,0.6333778146434298,0.22041984911143275,,1,213,1,exact,0.033299277180143944,1573,,,,,,0.00010120899969479069,497f931cd1c3ecfe5878a95b71cc1e20a1023c1a
dv3-A-thomas-000208,3,A,thomas,208,,,,3:1:1:208,,test,0,250.58136071888447,0.29177492292852936,0.2982609193941724,,,,,,,,,858.8173315369693,0.018841781823891374,,,,,,,,0.6030046171794874,0.4966370075395052,,1,264,1,exact,0.07007289721841121,1074,,,,,,9.425000098417513e-05,98055636104e5c66aa8fd127412bed79251c54da
dv3-A-thomas-000209,3,A,thomas,209,,,,3:1:1:209,,test,0,127.31448414664712,0.1737490009125104,0.2387923558590623,,,,,,,,,732.7494459133902,0.02116320860742484,,,,,,,,0.2995660823895248,0.3976153539593444,,1,134,1,exact,0.07870632169615054,997,,,,,,8.275000072899275e-05,9b5c02e6089f7b4dbea166fa26e4fab06d9b3d65
dv3-A-thomas-000210,3,A,thomas,210,,,,3:1:1:210,,test,0,422.66366091340933,0.40488618080698313,0.1980004315288203,,,,,,,,,1043.907352113114,0.009630940096347065,,,,,,,,1.5566261081617627,0.32969234456106666,,1,439,1,exact,0.03581762498875085,1224,,,,,,0.00010920799832092598,62ffd1eba8a8bb0bcc87c80404791f97583ee852
dv3-A-thomas-000211,3,A,thomas,211,,,,3:1:1:211,,test,0,607.6717647950543,19.110894995210085,0.5197937668457387,,,,,,,,,31.797137964881284,0.021086113436791034,,,,,,,,24.162989159168816,0.865513394876898,,1,569,1,exact,0.07841960348561439,42,,,,,,9.566699736751616e-05,416c97085a51a6eac46cc6cf88def9530f9daba5
dv3-A-thomas-000212,3,A,thomas,212,,,,3:1:1:212,,test,0,755.894056161306,0.5124262128276061,0.11732812869680559,,,,,,,,,1475.1276129888558,0.0042674818122043195,,,,,,,,3.789483406356635,0.1953641491300586,,1,796,1,exact,0.015870835210970147,1544,,,,,,0.0001465419991291128,6ed2b3da474510060a6414ee7aea50e50af881b5
dv3-A-thomas-000213,3,A,thomas,213,,,,3:1:1:213,,test,0,786.0751058507783,0.6076179039719903,0.626421671606022,,,,,,,,,1293.6997094921257,0.02234265362054403,,,,,,,,1.0741828570348602,1.0430605024494133,,1,760,1,exact,0.0830926971436293,1768,,,,,,0.00016504199811606668,fa44305be47675a84c378047447fdb7929942a00
dv3-A-thomas-000214,3,A,thomas,214,,,,3:1:1:214,,test,0,262.8240232226626,2.0212609433713746,0.21943896559528558,,,,,,,,,130.02973420358268,0.013535715508972675,,,,,,,,4.530927422050975,0.3653898453480608,,1,249,1,exact,0.050339549120307504,155,,,,,,7.279099736479111e-05,55dcf83d748bab77192b056017229d7e5bd8ab39
dv3-A-thomas-000215,3,A,thomas,215,,,,3:1:1:215,,test,0,147.70977212048683,0.1172348300138822,0.2902059610722304,,,,,,,,,1259.9478508477043,0.023878207116761495,,,,,,,,0.18196109295397186,0.48322462215227346,,1,157,1,exact,0.08880344591036116,1766,,,,,,0.0001005000012810342,c332a647d29ceefb535fad4daf8b9953adfd5620
dv3-A-thomas-000216,3,A,thomas,216,,,,3:1:1:216,,test,0,343.3319873282488,0.20000315362138307,0.23241125847315758,,,,,,,,,1716.6328685906376,0.012542959750408143,,,,,,,,0.6181591444478121,0.3869901298535818,,1,356,1,exact,0.04664747408817495,2082,,,,,,0.00011766699753934518,00d8d11a9f3b448cbbdd4709efdee00ddc2cd420
dv3-A-thomas-000217,3,A,thomas,217,,,,3:1:1:217,,test,0,322.6370065218799,3.5469749644504684,0.4188001440799908,,,,,,,,,90.96117388916106,0.023315768394462897,,,,,,,,5.078046822727503,0.697347982214609,,1,325,1,exact,0.08671172703007403,132,,,,,,7.737499981885776e-05,d3d6f93c5caf8e368c991b1a485c2c02bf5ecfa6
dv3-A-thomas-000218,3,A,thomas,218,,,,3:1:1:218,,test,0,277.6138860081648,0.24960137637954932,0.3220945710981934,,,,,,,,,1112.2289870149555,0.019331377964064464,,,,,,,,0.5041802556576913,0.5363226407933236,,1,268,1,exact,0.07189371333493041,1403,,,,,,0.00010162500257138163,f75a3860f617382a3c09b66c2d14b18d8977778a
dv3-A-thomas-000219,3,A,thomas,219,,,,3:1:1:219,,test,0,308.26532052214077,0.9664121791873168,0.11123566653007709,,,,,,,,,318.9791345359179,0.006335512126784272,,,,,,,,4.064362065713488,0.18521953418963133,,1,241,1,exact,0.023561874043315088,330,,,,,,7.558300058008172e-05,a2dcc3fa9dd266e9cccd8492c991997ea8853f06
dv3-A-thomas-000220,3,A,thomas,220,,,,3:1:1:220,,test,0,100.08930011026524,3.735272024401813,0.23730448601688003,,,,,,,,,26.795719148806594,0.02371986003447827,,,,,,,,4.065334334437315,0.39513788816352174,,1,95,1,exact,0.08821455050092603,41,,,,,,6.325000140350312e-05,be625fb2259f364e29a200b13dde9235e54731b1
dv3-A-thomas-000221,3,A,thomas,221,,,,3:1:1:221,,test,0,107.91900471962452,0.2996861556924006,0.1534661839033179,,,,,,,,,360.1067405675995,0.014772830959152449,,,,,,,,0.6845532046120524,0.25553795813096514,,1,90,1,exact,0.05494040187393801,414,,,,,,6.820799899287522e-05,f6626dbe912dc3e0717a221a2a6550d5150a4a39
dv3-A-thomas-000222,3,A,thomas,222,,,,3:1:1:222,,test,0,229.35163750256874,7.8897047658640505,0.5696705116583323,,,,,,,,,29.06973636008432,0.037616017746769696,,,,,,,,6.739589177502317,0.948563622643419,,1,212,1,exact,0.13989459011742994,44,,,,,,6.912500248290598e-05,3136461666c851c0077b563e5319e7143411b198
dv3-A-thomas-000223,3,A,thomas,223,,,,3:1:1:223,,test,0,176.73685387320447,2.981094306877483,0.2196880797621273,,,,,,,,,59.2858982909285,0.016525055735068343,,,,,,,,4.830692366746956,0.3658046476446783,,1,218,1,exact,0.061456954701793104,89,,,,,,6.770799882360734e-05,b2a43d2034d7c52651b79f9b262d71222104f50d
dv3-A-thomas-000224,3,A,thomas,224,,,,3:1:1:224,,test,0,497.9903014476138,2.3165082513914483,0.10533771238300844,,,,,,,,,214.97454245996656,0.004720341725258647,,,,,,,,10.071736695231229,0.17539879634655398,,1,493,1,exact,0.017555028693221217,231,,,,,,8.358299965038896e-05,31b21a7cbb375f3ff15f62c3a156f65c016a5dcd
dv3-A-thomas-000225,3,A,thomas,225,,,,3:1:1:225,,test,0,195.04501528448307,0.9190979536714474,0.18280495630495286,,,,,,,,,212.2135236025195,0.013089424081842738,,,,,,,,2.2345325638378557,0.30439021862833987,,1,204,1,exact,0.04867978394549373,270,,,,,,7.387499863398261e-05,df6ea7cdf51a16e82b7cbc28cd8524e5d67b8efa
dv3-A-thomas-000226,3,A,thomas,226,,,,3:1:1:226,,test,0,149.68070382034108,2.1755948855981626,0.6991241228783142,,,,,,,,,68.79989689771106,0.05714409763793482,,,,,,,,1.2968335710326417,1.1641180245478426,,1,159,1,exact,0.21251984116196862,141,,,,,,7.158299922593869e-05,ca7b0cb72d1519d20a27fe7565f922c207145f44
dv3-A-thomas-000227,3,A,thomas,227,,,,3:1:1:227,,test,0,166.65876392698001,1.539313669688976,0.2056696337367812,,,,,,,,,108.26822837261884,0.015931479037135102,,,,,,,,2.8755789254967468,0.342462403885344,,1,149,1,exact,0.05924943317679704,125,,,,,,6.641599975409918e-05,732029cbbd9ca05a7dee6781b9845218666747f4
dv3-A-thomas-000228,3,A,thomas,228,,,,3:1:1:228,,test,0,292.6394867446388,0.23267902222087522,0.37988278194366204,,,,,,,,,1257.696048193141,0.022206655054511304,,,,,,,,0.4072318510137318,0.63254632361322,,1,298,1,exact,0.08258691623455525,1692,,,,,,0.00011995800014119595,492d486e5cb9d21a20cd925ccb612f1e7275890c
dv3-A-thomas-000229,3,A,thomas,229,,,,3:1:1:229,,test,0,653.5683462009385,0.8873696773956468,0.3369045697260897,,,,,,,,,736.5231907845952,0.013178360893010256,,,,,,,,2.5459382661929073,0.5609829060911121,,1,709,1,exact,0.049010541412389586,953,,,,,,0.00012879199857707135,d71c10f280bcfd5775a9c23c5e6dd8fa4747fcc9
dv3-A-thomas-000230,3,A,thomas,230,,,,3:1:1:230,,test,0,198.1122879455566,4.638049018828261,0.29565461809024673,,,,,,,,,42.714573981714175,0.0210053034668345,,,,,,,,6.210619446085475,0.492297231202206,,1,178,1,exact,0.07811906987515686,48,,,,,,6.454200047301129e-05,6aa2b986480cb917626c32dc86c6ba05208dcbc6
dv3-A-thomas-000231,3,A,thomas,231,,,,3:1:1:231,,test,0,246.2692153069797,7.526874609695497,0.3866278123779163,,,,,,,,,32.7186552290583,0.024637011648181238,,,,,,,,8.801176277596062,0.6437775359940948,,1,244,1,exact,0.09162545247194964,48,,,,,,6.904099791427143e-05,51b6f99f06bbaae65d8a4a2058ad09c87d3132ee
dv3-A-thomas-000232,3,A,thomas,232,,,,3:1:1:232,,test,0,394.2507215897529,1.6730702871728687,0.36473095801705185,,,,,,,,,235.64504409193256,0.018369036577116114,,,,,,,,3.2364007501063026,0.6073168818581224,,1,419,1,exact,0.06831474985223321,298,,,,,,8.545899981982075e-05,3aed10901712302e95e17e2f617dc5bc51350c64
dv3-A-thomas-000233,3,A,thomas,233,,,,3:1:1:233,,test,0,303.7822327072662,21.15288237618413,0.3699245494890943,,,,,,,,,14.361268942207719,0.02122423124187032,,,,,,,,21.459075042822583,0.6159647789151588,,1,327,1,exact,0.0789332658796392,21,,,,,,7.137500142562203e-05,3942c443f0cd7211eea99b1bf6f101179299ca81
dv3-A-thomas-000234,3,A,thomas,234,,,,3:1:1:234,,test,0,108.79419953046745,11.311301825336713,0.5819283637767562,,,,,,,,,9.618185528987853,0.055791322354337695,,,,,,,,5.785987743988444,0.9689742852515849,,3,113,1,exact,0.2074888475811539,22,,,,,,6.349999966914766e-05,a321b363dd1f22f2f8611b7d69e62a7ddc03b057
dv3-A-thomas-000235,3,A,thomas,235,,,,3:1:1:235,,test,0,479.7047144902011,22.968833989322743,0.1904677105065254,,,,,,,,,20.88502684608178,0.00869629709086657,,,,,,,,36.1666268064436,0.31714954131771433,,1,465,1,exact,0.03234167224335305,21,,,,,,7.75419975980185e-05,1444f085743c3b318a8b0aed70e57e98d4d848ec
dv3-A-thomas-000236,3,A,thomas,236,,,,3:1:1:236,,test,0,135.30077065383534,8.456524304537899,1.1142951748519503,,,,,,,,,15.999572138784123,0.09579660426980198,,,,,,,,2.7648985195301985,1.8554231720275285,,1,125,1,exact,0.3562691505300676,50,,,,,,7.233400174300186e-05,26e6c6226395d18824152a1f914003fa18f68d1e
dv3-A-thomas-000237,3,A,thomas,237,,,,3:1:1:237,,test,0,426.17878640766287,9.649623501770817,1.2571351102872306,,,,,,,,,44.16532793527687,0.06089561792096443,,,,,,,,5.348457422517888,2.0932672658357494,,1,407,1,exact,0.22647180694007707,85,,,,,,9.666600089985877e-05,828a1819881651790868d0cdb12eb596afd6ad75
dv3-A-thomas-000238,3,A,thomas,238,,,,3:1:1:238,,test,0,259.9070228144244,17.931402825155498,0.5278314584919105,,,,,,,,,14.494516985018462,0.0327405720433236,,,,,,,,14.507135031311366,0.878897029363066,,1,291,1,exact,0.12176272717236983,18,,,,,,6.737500007147901e-05,52e2eb137030cfe83c4015c22859056bef752349
dv3-A-thomas-000239,3,A,thomas,239,,,,3:1:1:239,,test,0,307.85605300523287,0.8390818154088815,0.30691159317971756,,,,,,,,,366.89634711630083,0.017491999051750043,,,,,,,,1.7377655037852895,0.5110413242390585,,1,331,1,exact,0.06505303283703354,450,,,,,,8.608299685874954e-05,c762249bacc4e2047fc3e5e523132ddb6f8d5a32
dv3-A-thomas-000240,3,A,thomas,240,,,,3:1:1:240,,test,0,158.87547010639182,0.3449346163023359,0.2375948565510072,,,,,,,,,460.59590020137944,0.018849880898721732,,,,,,,,0.6571891098098864,0.3956213868177855,,1,154,1,exact,0.07010301781122226,574,,,,,,7.733299935352989e-05,c812251ba20c30ad87d99efedc1025dc08991076
dv3-A-thomas-000241,3,A,thomas,241,,,,3:1:1:241,,test,0,184.69987261200043,3.1187031779566494,1.015095491013806,,,,,,,,,59.2232931679681,0.07469191610293138,,,,,,,,1.4711502062160284,1.6902448636178629,,1,223,1,exact,0.2777804673170744,145,,,,,,7.641699994564988e-05,0d2fe425f03e8bfdf1c959101d57190269dd8198
dv3-A-thomas-000242,3,A,thomas,242,,,,3:1:1:242,,test,0,136.7781520141274,0.2736223170060962,0.30354989921819975,,,,,,,,,499.87937208747496,0.02595504147143209,,,,,,,,0.38330999490239126,0.5054437366211332,,1,137,1,exact,0.0965272271129418,692,,,,,,7.870799890952185e-05,4154da97e32594e2c949e075752ec9aac8bd8405
dv3-A-thomas-000243,3,A,thomas,243,,,,3:1:1:243,,test,0,396.54096708841416,0.5239684664346667,0.7132164631146278,,,,,,,,,756.8031141008724,0.03581602039611107,,,,,,,,0.5571641844823814,1.1875833102393347,,1,422,1,exact,0.13320037029655396,1229,,,,,,0.00016916700042202137,52f899539877add23e972f7b1b4a16c100c442ff
dv3-A-thomas-000244,3,A,thomas,244,,,,3:1:1:244,,test,0,161.56094903953786,7.480965989829686,0.5975176416989727,,,,,,,,,21.596268350795697,0.04700916472147453,,,,,,,,4.94171600712236,0.9949321356891055,,1,129,1,exact,0.17482785856666538,33,,,,,,0.00011054200149374083,b95e87b74877fdeeb5d4c275a4b6ce090cb176c4
dv3-A-thomas-000245,3,A,thomas,245,,,,3:1:1:245,,test,0,215.74228843388266,13.208309364893186,0.3139843860508789,,,,,,,,,16.3338306571855,0.021376687639246994,,,,,,,,13.746889298343913,0.5228182968763558,,1,160,1,exact,0.07950025373479624,17,,,,,,0.00012683300155913457,c70e6e2949844223e7ebb600407387e290d1dc5e
dv3-A-thomas-000246,3,A,thomas,246,,,,3:1:1:246,,test,0,137.9246822708202,0.877086171769871,0.2171144804322927,,,,,,,,,157.25328560647827,0.018487057566686435,,,,,,,,1.5298317648292457,0.361519323666026,,1,129,1,exact,0.06875367185807503,186,,,,,,9.249999857274815e-05,9285f7161061e339915187f60c21b95eae629a35
dv3-A-thomas-000247,3,A,thomas,247,,,,3:1:1:247,,test,0,317.5109752927417,1.5673241962169187,0.2787531199445079,,,,,,,,,202.5815565529609,0.015643731952544378,,,,,,,,3.3679754426791497,0.46415439076878967,,1,370,1,exact,0.05817929702556232,274,,,,,,0.00010116699922946282,7fe7d57e58f72f08e55ccc9327d7f23ff73605b8
dv3-A-thomas-000248,3,A,thomas,248,,,,3:1:1:248,,test,0,464.2262530757005,0.19197180108059592,0.1741981915925737,,,,,,,,,2418.2002276511616,0.008084977089063534,,,,,,,,0.9171648815532226,0.2900590153314586,,1,477,1,exact,0.030068163078758765,2816,,,,,,0.00015545800124527887,b5384d840a9e48e8d38452251c54c769255d28a9
dv3-A-thomas-000249,3,A,thomas,249,,,,3:1:1:249,,test,0,615.5135731478986,11.987377414505794,0.7125630910669722,,,,,,,,,51.34680855239215,0.02872132729969461,,,,,,,,13.531105722508489,1.1864953744171804,,1,580,1,exact,0.10681508971173254,70,,,,,,9.512500037089922e-05,94825e5ebf972886ed981d8468d152e1e4fc3f9c
dv3-A-thomas-000250,3,A,thomas,250,,,,3:1:1:250,,test,0,404.7683684850065,0.1442901240579622,0.366112669229822,,,,,,,,,2805.239590218999,0.018197489382328416,,,,,,,,0.3145061527460199,0.6096175819410825,,1,428,1,exact,0.06767676300678409,3670,,,,,,0.0001674169980105944,bb9867904841f191788f9662a8640c92c9b1e1db
dv3-A-thomas-000251,3,A,thomas,251,,,,3:1:1:251,,test,0,156.2390429825697,2.494625341569371,0.3397563566169307,,,,,,,,,62.63026370295733,0.02718146159485828,,,,,,,,2.9061708676177793,0.5657314427431296,,1,173,1,exact,0.1010883037700584,86,,,,,,7.058399933157489e-05,2b7537fc8ca4bdab120435e819419f35aeba0208
dv3-A-thomas-000252,3,A,thomas,252,,,,3:1:1:252,,test,0,375.33822214538793,20.063110299350583,0.2589457092914011,,,,,,,,,18.707878117857785,0.013365872775025768,,,,,,,,26.417767126831237,0.4311728886201133,,1,254,1,exact,0.049707901192824096,17,,,,,,6.958299854886718e-05,4b1e8584af54b98f423a13631c663285e7c265d3
dv3-A-thomas-000253,3,A,thomas,253,,,,3:1:1:253,,test,0,688.3432087571304,2.093585058445484,0.7755716368171832,,,,,,,,,328.7868367135915,0.029561019114320852,,,,,,,,2.6870878743893125,1.2914114850305383,,1,691,1,exact,0.10993791741302973,504,,,,,,0.00011941699995077215,72989bdca56cd9957574f7a0c9dccf0aa6f3df07
dv3-A-thomas-000254,3,A,thomas,254,,,,3:1:1:254,,test,0,558.0890103258118,16.95621343604968,0.2555052086013265,,,,,,,,,32.913540067813095,0.0108155353855978,,,,,,,,29.744199329510188,0.4254440791916876,,1,647,1,exact,0.04022315439806748,44,,,,,,8.52089979161974e-05,9464f279d539d6cfca64305d03740579611e3126
dv3-A-thomas-000255,3,A,thomas,255,,,,3:1:1:255,,test,0,636.6887251263694,3.7548416592928797,0.4846782700419998,,,,,,,,,169.5647334557037,0.019208345975219233,,,,,,,,6.819500598974994,0.8070422573028055,,1,600,1,exact,0.0714361553401766,228,,,,,,9.658300041337498e-05,01cef08d6687b381cb1ddfbf71961b7fd3a7fbb5
dv3-A-thomas-000256,3,A,thomas,256,,,,3:1:1:256,,test,0,435.6158616647888,5.6354445003177895,0.31068582517326454,,,,,,,,,77.29929052450501,0.01488571147202967,,,,,,,,10.707095066287089,0.5173258327386714,,1,394,1,exact,0.055360206362215086,84,,,,,,7.708300108788535e-05,e3899b4648081b9cb3a1f0220ca0d34c3d24da14
dv3-A-thomas-000257,3,A,thomas,257,,,,3:1:1:257,,test,0,182.19685554967256,27.379808614665617,0.9706499784723337,,,,,,,,,6.654423999592216,0.07191048378745384,,,,,,,,10.979981713603362,1.616238230794523,,1,130,1,exact,0.26743627468263426,12,,,,,,6.741700053680688e-05,9b06600667033c22fc4684a30791bdd04b286fe5
dv3-A-thomas-000258,3,A,thomas,258,,,,3:1:1:258,,test,0,144.6359204859313,0.38207178622036464,0.4261375015561198,,,,,,,,,378.5569249086368,0.0354333058829546,,,,,,,,0.39290665634994654,0.7095654838155362,,1,146,1,exact,0.13177704871290188,589,,,,,,8.804200115264393e-05,9126a373ab54665c192ccb423964a0b7c33fe5d0
dv3-A-thomas-000259,3,A,thomas,259,,,,3:1:1:259,,test,0,351.1646715183769,5.922765923240501,0.2548492958809049,,,,,,,,,59.29065508741995,0.013599659319185546,,,,,,,,11.01506081265897,0.4243519128718796,,1,384,1,exact,0.05057735720463202,75,,,,,,7.662500138394535e-05,fa38a15c083b2d28d3d2d51732d5045811405bdc
dv3-A-thomas-000260,3,A,thomas,260,,,,3:1:1:260,,test,0,118.7174459580806,0.2925909280539948,0.3330102211523943,,,,,,,,,405.74547798752144,0.030563303297273754,,,,,,,,0.3487081100806762,0.5544983903661411,,1,133,1,exact,0.11366542881254305,623,,,,,,7.995799751370214e-05,93e4c1c57126f8e0293294b51ac11d39d81e113f
dv3-A-thomas-000261,3,A,thomas,261,,,,3:1:1:261,,test,0,330.492902712404,23.22194131202979,0.27493967179424367,,,,,,,,,14.23192394949327,0.015123640354723451,,,,,,,,26.62436884110887,0.45780458308496313,,1,407,1,exact,0.05624506779931931,19,,,,,,7.316599658224732e-05,8705e7d9b02efe0ebb7163bf933f5d56618b062e
dv3-A-thomas-000262,3,A,thomas,262,,,,3:1:1:262,,test,0,109.46821893137152,3.288364975569949,0.1621976487093145,,,,,,,,,33.289558715239075,0.015502456741280896,,,,,,,,4.690757910699493,0.27007680070375234,,1,125,1,exact,0.0576538921858872,43,,,,,,6.104099884396419e-05,7ef1800718228a7cc283aa2d49f4732a3d8f5b76
dv3-A-thomas-000263,3,A,thomas,263,,,,3:1:1:263,,test,0,574.4289674594262,1.3416415127431005,0.3472226230554185,,,,,,,,,428.15384139758555,0.014487379854635805,,,,,,,,3.416256612860992,0.5781635918461195,,1,573,1,exact,0.053878804510449074,541,,,,,,0.0001062500014086254,4afbef5e24e7a7482764ce1120dbf5cc919b7352
dv3-A-thomas-000264,3,A,thomas,264,,,,3:1:1:264,,test,0,305.0426242118507,0.49413749249205613,1.023826829009555,,,,,,,,,617.3233742565176,0.05862005771385595,,,,,,,,0.311063249062403,1.7047834950377372,,1,300,1,exact,0.21800896101619371,1315,,,,,,0.0001269999993382953,c71949ea0851dca7d26009adec7e12629473ff62
dv3-A-thomas-000265,3,A,thomas,265,,,,3:1:1:265,,test,0,222.64659918544695,1.9073517937944882,0.45027208446791617,,,,,,,,,116.73074673996742,0.03017636956935276,,,,,,,,2.2601296365204275,0.7497522003987039,,1,209,1,exact,0.11222641589962605,182,,,,,,7.333400208153762e-05,a9830a5ac4f17529e6cae2f69c9db0dc225ddb17
dv3-A-thomas-000266,3,A,thomas,266,,,,3:1:1:266,,test,0,273.8214637907617,0.1260176418237002,0.4218157134468272,,,,,,,,,2172.8819856337286,0.025491125440761278,,,,,,,,0.19545265841080428,0.7023692345778602,,1,286,1,exact,0.09480191574700988,3105,,,,,,0.0001381250003760215,8f7bbd5c2b93534e5cd3188b34539c1a99143adb
dv3-A-thomas-000267,3,A,thomas,267,,,,3:1:1:267,,test,0,411.06800340562836,2.6657615546667985,1.3894175084976659,,,,,,,,,154.20284034256355,0.06852924236761697,,,,,,,,1.3483975584351127,2.3135319070459426,,1,430,1,exact,0.2548613821009554,356,,,,,,0.0001044589989760425,b2bb5612b08ba5407ae5e6f42140ef25bb5237c9
dv3-A-thomas-000268,3,A,thomas,268,,,,3:1:1:268,,test,0,303.50381072851815,0.34861176809467365,0.4735137346183659,,,,,,,,,870.6069000117478,0.027180065962859646,,,,,,,,0.4976162162997956,0.7884520864060457,,1,303,1,exact,0.10108311339164784,1258,,,,,,0.00010558400026638992,6711aa1105d3fe8c18c4825aafa5924c7e016ed3
dv3-A-thomas-000269,3,A,thomas,269,,,,3:1:1:269,,test,0,734.8373736095516,1.2941219492247729,0.6506327039943638,,,,,,,,,567.8269919227832,0.024001604278337925,,,,,,,,2.0839454977348644,1.083374515761018,,1,690,1,exact,0.08926236198852233,742,,,,,,0.00012100000094505958,d665897160bf18ba2a96f9aa4ade3815a3e114ae
dv3-A-thomas-000270,3,A,thomas,270,,,,3:1:1:270,,test,0,113.94028168826418,0.15036475774646868,0.40109419637288896,,,,,,,,,757.7592209497645,0.03757575656539908,,,,,,,,0.14824936723546783,0.6678656453976796,,1,105,1,exact,0.1397448581201887,1268,,,,,,8.86249981704168e-05,5662bfe58c668248b0e87d9216659967ccd0dc6b
dv3-A-thomas-000271,3,A,thomas,271,,,,3:1:1:271,,test,0,593.0580143240212,1.632998690529866,0.2164651333739323,,,,,,,,,363.1711511854239,0.008888722822007847,,,,,,,,5.797924853756658,0.3604380898906668,,1,588,1,exact,0.03305730670969332,410,,,,,,9.479199798079208e-05,4c288a0b256f2f3609c5cafcf3ca341dc1d81b36
dv3-A-thomas-000272,3,A,thomas,272,,,,3:1:1:272,,test,0,759.7572158044221,2.5499283043819663,0.9954866899942547,,,,,,,,,297.95238340576276,0.03611586666432113,,,,,,,,2.644381811603666,1.6575940682016606,,1,748,1,exact,0.13431550351112953,485,,,,,,0.00012208399857627228,df5b4af3e6603259ed48fa32e8b5f967b7a600a9
dv3-A-thomas-000273,3,A,thomas,273,,,,3:1:1:273,,test,0,282.9291457859002,2.7308909552846004,0.4877765516511631,,,,,,,,,103.60323807085686,0.028998936764073314,,,,,,,,3.3474332572128693,0.8122012345835535,,1,248,1,exact,0.10784752388627546,146,,,,,,7.424999785143882e-05,6ad6eae0fc4eeb08fe2986003d2493b0f4683d7a
dv3-A-thomas-000274,3,A,thomas,274,,,,3:1:1:274,,test,0,278.4782561624572,0.12020508946122002,0.2668812918634222,,,,,,,,,2316.6927241653816,0.015992725602710988,,,,,,,,0.2977783626272126,0.444386500345231,,1,260,1,exact,0.059477210163851296,2840,,,,,,0.00012704199980362318,116e98651c9795efdcfec4b945943dcc3a7c3d12
dv3-A-thomas-000275,3,A,thomas,275,,,,3:1:1:275,,test,0,382.2276929168476,0.17056182083113125,0.3917170357339598,,,,,,,,,2240.99209925345,0.020036016692477135,,,,,,,,0.33413675214343197,0.6522516487386657,,1,392,1,exact,0.07451427638218766,2899,,,,,,0.00013941699944552965,6367f57ae58110af2009a9fb4b253a9d79808b7e
dv3-A-thomas-000276,3,A,thomas,276,,,,3:1:1:276,,test,0,716.7804403131488,0.22016536405004397,1.434947626506292,,,,,,,,,3255.6457888181876,0.05359730802654135,,,,,,,,0.15004801132001716,2.389344526435214,,1,707,1,exact,0.19932927212675333,6322,,,,,,0.0002913329990406055,838e3445a3b4f1a5300659367dc843e6c7049a4f
dv3-A-thomas-000277,3,A,thomas,277,,,,3:1:1:277,,test,0,211.48121219460302,2.512618368961446,0.5467531755000996,,,,,,,,,84.16766143519665,0.03759719271756344,,,,,,,,2.4052628438867365,0.9104037548554438,,1,242,1,exact,0.1398245795234727,152,,,,,,7.816699871909805e-05,bda5995b9e9cae94de14d7c632563db2f10e4709
dv3-A-thomas-000278,3,A,thomas,278,,,,3:1:1:278,,test,0,180.0776420503797,1.110811220032803,0.625488292741001,,,,,,,,,162.11363263423092,0.04661109308257099,,,,,,,,0.8749610662713401,1.0415063246933527,,1,175,1,exact,0.17334742357919075,312,,,,,,7.858300159568898e-05,c3a9b8301d16458c1a8d446f47822c34d1d6cbae
dv3-A-thomas-000279,3,A,thomas,279,,,,3:1:1:279,,test,0,555.8722004562557,4.905478001060226,0.11252392983883047,,,,,,,,,113.316622831886,0.00477262611888306,,,,,,,,16.9965625558068,0.18736463330580713,,1,619,1,exact,0.017749475215042464,132,,,,,,8.562500079278834e-05,67487a6e2a3b88d9ab46354431d5f43082c2407b
dv3-A-thomas-000280,3,A,thomas,280,,,,3:1:1:280,,test,0,118.09897277154047,15.909116078360498,0.3601528182558061,,,,,,,,,7.423352258531706,0.03314085873244683,,,,,,,,10.441908156695753,0.5996937791206232,,2,181,1,exact,0.1232513999681276,17,,,,,,6.391700298991054e-05,a98cde097dea4b17d6f18d15cfffb978af700aff
dv3-A-thomas-000281,3,A,thomas,281,,,,3:1:1:281,,test,0,189.81478343570032,14.015885788163525,0.16967974274029926,,,,,,,,,13.542831777068255,0.012315866713308803,,,,,,,,16.519157957937672,0.28253530447697606,,1,245,1,exact,0.04580291133947031,20,,,,,,6.58329990983475e-05,15aed22a8ed448f0eac73e56a19e180518b91f21
dv3-A-thomas-000282,3,A,thomas,282,,,,3:1:1:282,,test,0,689.8319210486442,5.052099431684294,0.3617437711963351,,,,,,,,,136.5436152587093,0.013773027618743853,,,,,,,,11.462357916180306,0.6023428895341679,,1,700,1,exact,0.05122211676874478,174,,,,,,9.308299922849983e-05,1e67a69933e570f481c0223f7eb4caef32316d5d
dv3-A-thomas-000283,3,A,thomas,283,,,,3:1:1:283,,test,0,205.7713647665751,0.18659974619360586,0.81869166456164,,,,,,,,,1102.7419327413113,0.057072631795256845,,,,,,,,0.12359841837313586,1.363211040894329,,1,222,1,exact,0.21225405851490223,2178,,,,,,0.00012229200001456775,c683292fbe01b6ab69efc90caf872086f275ccbf
dv3-A-thomas-000284,3,A,thomas,284,,,,3:1:1:284,,test,0,239.60172218374973,0.2932044814787267,0.19977596387097935,,,,,,,,,817.1830149913105,0.012906196321598545,,,,,,,,0.8516038721700842,0.3326487998385149,,1,250,1,exact,0.04799835688455245,972,,,,,,9.212500299327075e-05,5929e5f85ae850d4d666dba81b13746712dacc6c
dv3-A-thomas-000285,3,A,thomas,285,,,,3:1:1:285,,test,0,281.0318764912594,10.096588509471818,0.16073942444204561,,,,,,,,,27.834339908734282,0.009588366310248635,,,,,,,,17.211893751311933,0.2676486980281188,,1,329,1,exact,0.03565929237640253,40,,,,,,7.099999857018702e-05,c010c3867299ad121867f2b21c9ed0bfde918103
dv3-A-thomas-000286,3,A,thomas,286,,,,3:1:1:286,,test,0,319.23785454968356,0.6689349897080025,0.13149681234307617,,,,,,,,,477.2330038962896,0.0073596647787721415,,,,,,,,2.8153839618927616,0.21895655493753305,,1,339,1,exact,0.02737071463968113,553,,,,,,8.887500007404014e-05,4cf0024154c72dc973fdf2fd597340cc1c2f3dca
dv3-A-thomas-000287,3,A,thomas,287,,,,3:1:1:287,,test,0,679.6922395830561,0.5499035442377044,0.27464801099874964,,,,,,,,,1236.0208380276388,0.01053465463803263,,,,,,,,1.9699836920328742,0.45731893600459816,,1,637,1,exact,0.039178554267425496,1440,,,,,,0.000143291999847861,898bd2257faa6e1b0545967259faaddd8523477b
dv3-A-thomas-000288,3,A,thomas,288,,,,3:1:1:288,,test,0,686.4399436957003,0.20826693317928713,0.29339169438057017,,,,,,,,,3295.9622212556264,0.011198156733324298,,,,,,,,0.7364264732834715,0.4885292160638273,,1,723,1,exact,0.041646129497949595,3857,,,,,,0.00019050000264542177,f18416c709479a7c082130e5d22c6b0d9f16f788
dv3-A-thomas-000289,3,A,thomas,289,,,,3:1:1:289,,test,0,218.46063543941477,2.172685762636432,0.5467378186733521,,,,,,,,,100.54865696469841,0.036990697411573153,,,,,,,,2.1313620365778307,0.910378184061601,,1,201,1,exact,0.13756901348214332,163,,,,,,7.516600089729764e-05,0542b4f242fbb74c7725e9dfeb7e12ef22ccdba3
dv3-A-thomas-000290,3,A,thomas,290,,,,3:1:1:290,,test,0,681.6254432264777,1.766329165045481,0.7092685319794816,,,,,,,,,385.89944429124944,0.02716675683302667,,,,,,,,2.481101660231364,1.1810095736971367,,1,737,1,exact,0.10103361651839193,583,,,,,,0.00011629100117716007,05efc3b6f627c078423fdb05333d2f398088de5e
dv3-A-thomas-000291,3,A,thomas,291,,,,3:1:1:291,,test,0,109.47391103816935,1.3767327426879674,0.1192032638822632,,,,,,,,,79.51718415909086,0.011392861819105581,,,,,,,,2.8494566099421323,0.19848645402045212,,1,116,1,exact,0.042370240921772245,82,,,,,,6.162499994388781e-05,02feaf5be2ed94e605509ad0102aa4fcb71356c0
dv3-A-thomas-000292,3,A,thomas,292,,,,3:1:1:292,,test,0,290.62849873260757,26.253558152567777,0.5771993977659334,,,,,,,,,11.070061324399266,0.03385764679021111,,,,,,,,19.738173312368563,0.961100040334948,,1,280,1,exact,0.12591714657153072,17,,,,,,7.183300112956204e-05,b07745f4ee5cc47fef5291e6d62730ecf2763232
dv3-A-thomas-000293,3,A,thomas,293,,,,3:1:1:293,,test,0,163.7227556814331,5.196098459207433,0.8421956576465162,,,,,,,,,31.50878624929019,0.06582009047999021,,,,,,,,2.642587657059358,1.4023477565411935,,1,227,1,exact,0.24478600156926808,77,,,,,,7.233399810502306e-05,0f87d135cc4d5d6e2bcab561efb124bc53b5b6f2
dv3-A-thomas-000294,3,A,thomas,294,,,,3:1:1:294,,test,0,521.3824102534807,4.5561025820193235,0.1602069437889412,,,,,,,,,114.43605600785162,0.00701621918652339,,,,,,,,13.956634249173641,0.26676205958193017,,1,530,1,exact,0.026093434820250932,132,,,,,,8.004199844435789e-05,7647c337b807392815d89bc113c1a2e2e50b210c
dv3-A-thomas-000295,3,A,thomas,295,,,,3:1:1:295,,test,0,265.4386077872424,1.179194927985151,1.3406190257718869,,,,,,,,,225.10155148037148,0.08228550391541561,,,,,,,,0.49941248817948525,2.2322771034242495,,1,294,1,exact,0.3060211455754586,570,,,,,,0.00011187500058440492,a9be898b89aa8ed4a701426d5008173c6275ff98
dv3-A-thomas-000296,3,A,thomas,296,,,,3:1:1:296,,test,0,182.07420469699397,12.128125030870688,0.35561714081855816,,,,,,,,,15.012559998643312,0.02635472416076036,,,,,,,,11.15847439650439,0.5921413807904138,,1,175,1,exact,0.09801365362350489,26,,,,,,6.633399971178733e-05,705f758ac41e521f96dfc21e33811ab6e67442c4
dv3-A-thomas-000297,3,A,thomas,297,,,,3:1:1:297,,test,0,235.01455446332162,1.542857146417809,0.1668390293220667,,,,,,,,,152.32424791172414,0.01088304124147467,,,,,,,,4.05417088911989,0.27780520636632194,,1,229,1,exact,0.04047420978893835,164,,,,,,7.091599763953127e-05,8309c34a9521d662e09dd6043046ac6e6750ed17
dv3-A-thomas-000298,3,A,thomas,298,,,,3:1:1:298,,test,0,728.7132914719235,0.701163528466997,0.34845313509898745,,,,,,,,,1039.291494617754,0.012908210256008775,,,,,,,,2.0929953350854915,0.5802125287980364,,1,704,1,exact,0.04800584673982472,1259,,,,,,0.00014758399993297644,25335907df681243a2392e2b5395ab61b0fc7ba4
dv3-A-thomas-000299,3,A,thomas,299,,,,3:1:1:299,,test,0,332.50266388856227,8.174509623101425,0.5182335597313887,,,,,,,,,40.67554865296129,0.02842025491729639,,,,,,,,8.954141542710595,0.8629154796220717,,1,307,1,exact,0.10569539655827814,51,,,,,,7.42919983167667e-05,107a6451951520cf4691efaa6d0094b1b74a054d
dv3-A-thomas-000300,3,A,thomas,300,,,,3:1:1:300,,test,0,433.8421229113174,15.10456208311544,0.7303356538569838,,,,,,,,,28.722588614223096,0.03506361139631652,,,,,,,,13.253090534095671,1.2160886326230083,,1,428,1,exact,0.13040214882251283,54,,,,,,8.441699901595712e-05,6b7e28325ab9eaaabd90c690517b6f20b5c5fd77
dv3-A-thomas-000301,3,A,thomas,301,,,,3:1:1:301,,test,0,187.17934388725843,0.17208021561984516,1.0836990855206534,,,,,,,,,1087.7447079725298,0.07920995135453011,,,,,,,,0.0783823474975805,1.8044773415152005,,1,190,1,exact,0.29458311489964,2780,,,,,,0.0001392920021316968,1a05ec9e641cf211d48a796c8f06ec0f0e972405
dv3-A-thomas-000302,3,A,thomas,302,,,,3:1:1:302,,test,0,673.6064733017744,0.20125510455579604,0.1177778553108597,,,,,,,,,3347.0280159528747,0.00453795845600964,,,,,,,,1.592607747305361,0.19611299306264077,,1,669,1,exact,0.016876742308212855,3464,,,,,,0.00017074999777833,3df59781fcd42f1aa04bbd1e9e25e6a4b1e1d5c4
dv3-A-thomas-000303,3,A,thomas,303,,,,3:1:1:303,,test,0,792.9884201557609,0.21719033738633536,0.18742416727757266,,,,,,,,,3651.1220052354506,0.006655675923400616,,,,,,,,1.2723379171201512,0.3120817094186696,,1,827,1,exact,0.02475256848097735,4008,,,,,,0.0004861659981543198,b2e636d299e95ecc21831bde1541c5a4fb6fd5a1
dv3-A-thomas-000304,3,A,thomas,304,,,,3:1:1:304,,test,0,366.1322059050186,0.16827727685687408,1.0269820440150113,,,,,,,,,2175.767356970171,0.0536715186902984,,,,,,,,0.11529874417075894,1.7100372726417106,,1,397,1,exact,0.19960526280866242,4283,,,,,,0.0006328330018732231,2a3ab6a7e32c98aa286184e81b04539e16ab4e1b
dv3-A-thomas-000305,3,A,thomas,305,,,,3:1:1:305,,test,0,237.42641272380158,0.47013151082939086,0.20541941010014725,,,,,,,,,505.02127012278237,0.013331436927680802,,,,,,,,1.2787164675969311,0.34204575420034344,,1,238,1,exact,0.04957983370885753,629,,,,,,0.00022508300025947392,9592b0fab02e25d208072dc42988e007ec165dfe
dv3-A-thomas-000306,3,A,thomas,306,,,,3:1:1:306,,test,0,195.18697023298836,21.81832162950796,1.1631911544411084,,,,,,,,,8.946012142795155,0.08325794350605532,,,,,,,,7.963006268076697,1.936840318575581,,1,223,1,exact,0.30963766444415747,29,,,,,,0.00016479199985042214,a72d0dd10404679f7f47ed743dc6a6bf393fd7d5
dv3-A-thomas-000307,3,A,thomas,307,,,,3:1:1:307,,test,0,278.24912268558785,2.0983468204609763,0.6196944286157176,,,,,,,,,132.60397183743942,0.03715016010646352,,,,,,,,2.076130085077136,1.0318589081055007,,1,260,1,exact,0.13816205787325578,217,,,,,,0.0001572500004840549,6c9bd0fdd4f13057b7c390b58596d7cc7cec53f1
dv3-A-thomas-000308,3,A,thomas,308,,,,3:1:1:308,,test,0,619.3241600229388,7.852524396106235,1.244947173294045,,,,,,,,,78.8694346916054,0.05002555462704087,,,,,,,,5.5285701284106015,2.0729730195473968,,1,605,1,exact,0.1860458623520287,147,,,,,,0.00018737500067800283,8dbc17a74bd0921b4fdfb0a13d4cba6c09105724
dv3-A-thomas-000309,3,A,thomas,309,,,,3:1:1:309,,test,0,141.50549647081584,0.9470837409196738,0.10521383601148866,,,,,,,,,149.4118105474028,0.00884476299912435,,,,,,,,2.604350183279754,0.17519252865790944,,1,123,1,exact,0.03289381940369188,155,,,,,,0.00012674999743467197,12c869cff6e2e90d199c488c98c56bd2c26c4f00
dv3-A-thomas-000310,3,A,thomas,310,,,,3:1:1:310,,test,0,249.6820734051397,0.32687798183816885,0.5427841044464892,,,,,,,,,763.8387633240853,0.03435052979819135,,,,,,,,0.3687323296093792,0.9037948180400519,,1,296,1,exact,0.12775018660361023,1229,,,,,,0.0001910840001073666,1f96915a6e5ce3927778f57757277ff13638ae9d
dv3-A-thomas-000311,3,A,thomas,311,,,,3:1:1:311,,test,0,735.4321875878796,5.3399212403877225,0.40851355682015067,,,,,,,,,137.72341472483612,0.015063821354999849,,,,,,,,11.386462823326147,0.6802196909020971,,1,787,1,exact,0.056022599953203765,186,,,,,,0.00017629200010560453,cb7bd3e867b993840be2de2d228019668ad7eae0
dv3-A-thomas-000312,3,A,thomas,312,,,,3:1:1:312,,test,0,672.409686896161,12.950904570378242,0.17571985693742823,,,,,,,,,51.919901288912264,0.006776475310157379,,,,,,,,30.31643923726793,0.2925927543304536,,1,574,1,exact,0.025201823391758686,50,,,,,,0.00016441700063296594,29a9b8c45890f83715c5372142c948fe38ceae26
dv3-A-thomas-000313,3,A,thomas,313,,,,3:1:1:313,,test,0,430.9521996224226,2.883251885087717,0.320841520159193,,,,,,,,,149.46741276796627,0.015455249289013552,,,,,,,,6.060260859116311,0.5342361741187631,,1,465,1,exact,0.05747832689266858,188,,,,,,0.00016695799786248244,8f9cf623bf49d8f30489cb1bb3ef4e41dc206144
dv3-A-thomas-000314,3,A,thomas,314,,,,3:1:1:314,,test,0,509.28822330689246,0.22131228725647728,0.973929858545411,,,,,,,,,2301.2198266094547,0.04315646498171093,,,,,,,,0.19471133767782342,1.6216995893522923,,1,498,1,exact,0.16049960472097374,3969,,,,,,0.00035408300027484074,6e2bf65ee67570b1bbe90d67be817d1a8af9c37b
dv3-A-thomas-000315,3,A,thomas,315,,,,3:1:1:315,,test,0,751.1906304029534,0.2599480590546171,0.5391399571541927,,,,,,,,,2889.772030362121,0.019671000010493597,,,,,,,,0.5272663525145773,0.8977269147761734,,1,798,1,exact,0.07315677332442455,3779,,,,,,0.0003385839991096873,abff658a50f584ce0438a658749ec0b244785ec4
dv3-A-thomas-000316,3,A,thomas,316,,,,3:1:1:316,,test,0,384.8417762277013,0.9542712632155173,0.40338397742767107,,,,,,,,,403.28341747496046,0.020562576860617184,,,,,,,,1.7358085964494503,0.6716783809490804,,1,358,1,exact,0.07647256232808482,520,,,,,,0.00016295899695251137,551963b90de0117ebe0a2ce20ea8ed01210fa3c3
dv3-A-thomas-000317,3,A,thomas,317,,,,3:1:1:317,,test,0,245.1505375724715,1.1023654790925401,0.8158922587340668,,,,,,,,,222.38589852639234,0.052109437788115005,,,,,,,,0.7911666842649598,1.3585497244338334,,1,259,1,exact,0.1937958581818269,437,,,,,,0.00015791700207046233,2322fa53980ded6709c650ba857bbdbc7602b2cb
dv3-A-thomas-000318,3,A,thomas,318,,,,3:1:1:318,,test,0,152.95149084488216,4.381056788736985,0.2782237363209799,,,,,,,,,34.912008271177086,0.02249662252646178,,,,,,,,5.200256776412151,0.4632729092151105,,1,164,1,exact,0.08366531004298498,56,,,,,,0.00011991700012004003,411d11f528d6c7d4046939febb5d882464062f25
dv3-A-thomas-000319,3,A,thomas,319,,,,3:1:1:319,,test,0,127.67587353139372,0.20205437901323187,0.1137307675023111,,,,,,,,,631.8886735091876,0.010065226468755272,,,,,,,,0.664026769042504,0.18937414982910628,,1,130,1,exact,0.037432743167145725,731,,,,,,0.0001497919984103646,9852187f0fc3afbfdb99cdaf48e9c4ba61c1e7da
dv3-A-thomas-000320,3,A,thomas,320,,,,3:1:1:320,,test,0,245.5224413093348,14.553698013142156,0.2505275818881365,,,,,,,,,16.870106902563542,0.015988582039498184,,,,,,,,17.4818082326567,0.4171557870463115,,1,160,1,exact,0.05946180018395435,15,,,,,,0.00011749999976018444,ce5c8d2289121ae251926ed15955ff987ea8eb6b
dv3-A-thomas-000321,3,A,thomas,321,,,,3:1:1:321,,test,0,100.37097047381609,0.28290607873010876,0.41959943554180185,,,,,,,,,354.7854854316142,0.041882329929562034,,,,,,,,0.24791017392975018,0.6986788897989885,,1,103,1,exact,0.15576107545733506,637,,,,,,0.00014529100008076057,22487e290840255f6eb452eb4d04e26bd4da1fc3
dv3-A-thomas-000322,3,A,thomas,322,,,,3:1:1:322,,test,0,163.9515101025118,0.2589542445793049,0.2987339021176156,,,,,,,,,633.1292633139349,0.023330647991260767,,,,,,,,0.4153520426639034,0.49742457543430635,,1,165,1,exact,0.08676706449586225,803,,,,,,0.00015358300152001902,8654ea266d355bfebc170697e89bad35971f2817
dv3-A-thomas-000323,3,A,thomas,323,,,,3:1:1:323,,test,0,340.7457702052842,0.5808615424002369,0.28875873827280635,,,,,,,,,586.6213294088193,0.015642994721437084,,,,,,,,1.3878817330730362,0.4808148381222074,,1,329,1,exact,0.058176555250920706,700,,,,,,0.00016700000196578912,b4bd5607811ad49723f3a962dd327f0ecdf845d3
dv3-A-thomas-000324,3,A,thomas,324,,,,3:1:1:324,,test,0,141.3499401058341,23.97584117642086,0.2883954000489299,,,,,,,,,5.895515367562798,0.024257191380136177,,,,,,,,16.535850473238604,0.48020984029481095,,1,79,1,exact,0.09021289463357987,5,,,,,,0.00011954200090258382,a4640f675b800cedebae384d8ea6490039074e98
dv3-A-thomas-000325,3,A,thomas,325,,,,3:1:1:325,,test,0,294.5802691150968,4.747275177604319,0.13884636057556266,,,,,,,,,62.052494977498824,0.008089704783777428,,,,,,,,11.31220173635749,0.2311943554792981,,1,333,1,exact,0.030085745453337937,74,,,,,,0.00013575000048149377,af181a05950c3dcd4d8c12f062e30c73dbed064c
dv3-A-thomas-000326,3,A,thomas,326,,,,3:1:1:326,,test,0,228.62145371887772,0.659303961557761,0.9804556519952975,,,,,,,,,346.7618383161321,0.06484395018176971,,,,,,,,0.37363368112474066,1.6325657482086238,,1,229,1,exact,0.2411557197080684,772,,,,,,0.00018558299780124798,d3906c3e576e1981531ed9a74e18ad914c1d0996
dv3-A-thomas-000327,3,A,thomas,327,,,,3:1:1:327,,test,0,354.421026779315,4.029472259271089,0.4609306278302019,,,,,,,,,87.95718247317775,0.024483631101077097,,,,,,,,5.519931224029792,0.7674998392476944,,1,328,1,exact,0.09105502768872113,109,,,,,,0.00014270799874793738,31778584e9f210f2fc08b3256013aa450bed9f77
dv3-A-thomas-000328,3,A,thomas,328,,,,3:1:1:328,,test,0,218.60659716673766,2.0545118254970403,0.27208317890613815,,,,,,,,,106.40318271901452,0.018402213331208245,,,,,,,,3.542967920785644,0.4530482104335003,,1,204,1,exact,0.06843813474763576,130,,,,,,0.000143291999847861,78c2b6a0f7495423c2230f3cc856a8272405a132
dv3-A-thomas-000329,3,A,thomas,329,,,,3:1:1:329,,test,0,330.17816456719265,1.662082163095111,0.14651429132640237,,,,,,,,,198.65333489431023,0.008063169961873435,,,,,,,,5.502664131240271,0.24396229768859712,,1,303,1,exact,0.029987062013238357,207,,,,,,0.0001520830010122154,c83e28d1d08e7587e855d0ff18bd10f32316b94c
dv3-A-thomas-000330,3,A,thomas,330,,,,3:1:1:330,,test,0,633.1124321022885,9.438068104986673,0.5675940192898351,,,,,,,,,67.08072298903828,0.022557833659263074,,,,,,,,13.199930861459002,0.9451060360505669,,1,699,1,exact,0.08389295525496641,100,,,,,,0.00017341599959763698,17751247da15fe900b7c6d2933ac73d8e2104a23
dv3-A-thomas-000331,3,A,thomas,331,,,,3:1:1:331,,test,0,286.6738849051491,0.6653869144386104,0.1156836834256519,,,,,,,,,430.8378759552508,0.006832474859926967,,,,,,,,2.9057973904466308,0.19262596814346764,,1,263,1,exact,0.02541008664052988,444,,,,,,0.0002083750005112961,c4acc83d7ef8841a2643f0f776b44730a1d11c74
dv3-A-thomas-000332,3,A,thomas,332,,,,3:1:1:332,,test,0,173.3584719977845,0.524289735139268,1.1592852385222734,,,,,,,,,330.65395024706135,0.08804765032760267,,,,,,,,0.20791654845343388,1.9303365419575402,,1,178,1,exact,0.32745066307399157,929,,,,,,0.00018770899987430312,94018205c251b931e6a5f31ec02b07a54c0f81d6
dv3-A-thomas-000333,3,A,thomas,333,,,,3:1:1:333,,test,0,139.85801525501643,0.6641976454785881,0.3199960344533683,,,,,,,,,210.56686395544452,0.027058325444365386,,,,,,,,0.8608421225039977,0.5328283480726586,,3,125,1,exact,0.10063035839641978,281,,,,,,0.00013995799963595346,7e39b21816dc2ca2579856f9f4c942ba2e3dcdf8
dv3-A-thomas-000334,3,A,thomas,334,,,,3:1:1:334,,test,0,381.8297073610522,5.447501258133932,1.447197832548136,,,,,,,,,70.09263316661442,0.07406159248682519,,,,,,,,2.461754181534196,2.4097424574907524,,1,357,1,exact,0.27543628339760345,163,,,,,,0.00016854099885676987,dbca8a708648e3719725c5d20217af6a2e51f0b5
dv3-A-thomas-000335,3,A,thomas,335,,,,3:1:1:335,,test,0,183.2670844619672,0.39324287432538063,0.1300422646945398,,,,,,,,,466.0404458093922,0.009605993506573282,,,,,,,,1.3323826863699166,0.21653457423365796,,1,183,1,exact,0.03572484821012625,518,,,,,,0.00014695799836772494,955896757998fcdaf504b0a1364c7a765950af7e
dv3-A-thomas-000336,3,A,thomas,336,,,,3:1:1:336,,test,0,599.8440479622599,0.3853044188746747,0.5056302720769703,,,,,,,,,1556.8055246139468,0.02064495261127601,,,,,,,,0.7394479068062592,0.8419296291172058,,1,585,1,exact,0.07677891910278678,2133,,,,,,0.0010618329979479313,c640d71355694a06049c156c0ec00536a5c09405
dv3-A-thomas-000337,3,A,thomas,337,,,,3:1:1:337,,test,0,749.7994183950477,0.46132558289843884,0.15808435906422696,,,,,,,,,1625.3150620526428,0.0057731966795417896,,,,,,,,2.842663184890343,0.2632277241816627,,1,758,1,exact,0.02147061362499391,1792,,,,,,0.00029549999817390926,95e77ca89be902983f8ce4cff533cb2e15f7c6d6
dv3-A-thomas-000338,3,A,thomas,338,,,,3:1:1:338,,test,0,390.3055351839806,0.2117768768180285,1.4510423828936307,,,,,,,,,1843.0035471689137,0.07344762255723723,,,,,,,,0.0999100209394497,2.4161440537266916,,1,383,1,exact,0.27315291910789175,4469,,,,,,0.00037895800051046535,a178c5ccb22c7b50e17f78a206547443f76a2c9f
dv3-A-thomas-000339,3,A,thomas,339,,,,3:1:1:339,,test,0,242.89754853842314,3.8063949736013223,0.15063026648125752,,,,,,,,,63.81301736236056,0.009664973744309083,,,,,,,,8.490334459064957,0.25081584587776745,,1,242,1,exact,0.035944196686581796,75,,,,,,0.00014700000247103162,3eb3f9279f98a00755459990f22acf86366e07eb
dv3-A-thomas-000340,3,A,thomas,340,,,,3:1:1:340,,test,0,114.12640400984134,4.800052371407277,0.34357152767230287,,,,,,,,,23.776074754863934,0.03216059679879032,,,,,,,,4.224515490269646,0.5720841192521405,,1,96,1,exact,0.11960578967679437,34,,,,,,0.00012970799798495136,f12b7f016fc12555c1632f6ec3283212bc1c59dc
dv3-A-thomas-000341,3,A,thomas,341,,,,3:1:1:341,,test,0,106.01080739066435,0.13114271003605163,0.6654785888604768,,,,,,,,,808.3621831630716,0.06463369967673657,,,,,,,,0.0736626532143314,1.1080945355650154,,1,95,1,exact,0.24037379461377478,1831,,,,,,0.00020133299767621793,c08cd8e796cadd76f08d8bea0279218b17808706
dv3-A-thomas-000342,3,A,thomas,342,,,,3:1:1:342,,test,0,512.0448378066511,0.31911670502193723,0.23000977120223892,,,,,,,,,1604.56920539917,0.01016464674093138,,,,,,,,1.21249258258695,0.38299139125150206,,1,480,1,exact,0.03780248879835715,1822,,,,,,0.00022445899958256632,a856e3d9675040aab7335e418709d89bf9ec4e2e
dv3-A-thomas-000343,3,A,thomas,343,,,,3:1:1:343,,test,0,608.8743144827183,0.8205766389454863,0.4887273248812811,,,,,,,,,742.0078583582099,0.019806274530769347,,,,,,,,1.6136128775941414,0.8137843758573536,,1,616,1,exact,0.07365986149539218,956,,,,,,0.00021100000230944715,cb9d4b35b84dbecf43fdcba356826888ca2ac768
dv3-A-thomas-000344,3,A,thomas,344,,,,3:1:1:344,,test,0,608.8451143611751,9.78853011390409,0.1983082207869642,,,,,,,,,62.19985097623011,0.008036876697090129,,,,,,,,23.16033153762205,0.33020484729333166,,1,577,1,exact,0.029889276928052787,69,,,,,,0.00015433299995493144,b22a3728d02b8711d6ae654ed577cfbcb9aa433f
dv3-A-thomas-000345,3,A,thomas,345,,,,3:1:1:345,,test,0,197.87180420582447,0.46903453614694296,1.1551036500568534,,,,,,,,,421.8704358773137,0.08211622941025681,,,,,,,,0.20349762606522465,1.9233737404398419,,1,210,1,exact,0.30539161090020567,1121,,,,,,0.0001953329992829822,7c3c7b2746ec70e7486189fe4de91194f6cc331b
dv3-A-thomas-000346,3,A,thomas,346,,,,3:1:1:346,,test,0,544.6771553526529,0.14067100269621302,0.7632652372867461,,,,,,,,,3871.993125185252,0.032704378672161256,,,,,,,,0.1678954495609588,1.2709199856789095,,1,552,1,exact,0.12162812342835287,6023,,,,,,0.0003985410003224388,2886ce6bd233634cac73714a19d19b307ff881a3
dv3-A-thomas-000347,3,A,thomas,347,,,,3:1:1:347,,test,0,180.87529547550162,3.2415630485900593,0.6242731411966806,,,,,,,,,55.79878989371334,0.04641785028182084,,,,,,,,2.43275725360932,1.039482964650394,,1,182,1,exact,0.1726287504175053,101,,,,,,0.00013441700139082968,a8f0e0dffb072daba214d493ff8dc0e3795fb6d9
dv3-A-thomas-000348,3,A,thomas,348,,,,3:1:1:348,,test,0,120.77396057248329,2.053197985153495,0.5186740485086483,,,,,,,,,58.822364645684345,0.04719629039927254,,,,,,,,1.494385351671874,0.863648941547413,,1,146,1,exact,0.17552378204724822,110,,,,,,0.00013195900100981817,22865d1c8018dc08d441dd18ddb59108d466ce63
dv3-A-thomas-000349,3,A,thomas,349,,,,3:1:1:349,,test,0,149.52526790800673,0.35221575611122696,0.6769037029702407,,,,,,,,,424.52748156101177,0.055356623881758486,,,,,,,,0.22678319600933874,1.1271185984351888,,1,156,1,exact,0.20587219679542942,817,,,,,,0.00016487500033690594,668cdc1856b6670b52b41aee87e215ff0b9c867e
dv3-A-thomas-000350,3,A,thomas,350,,,,3:1:1:350,,test,0,200.11447905560487,0.12726851460143104,0.21042936416532898,,,,,,,,,1572.3800948121911,0.014875346356239855,,,,,,,,0.3264810491221741,0.35038787491765405,,1,207,1,exact,0.05532165832571911,1946,,,,,,0.00020108399985474534,63a7f3a135bbe8bf5f40e5c7a311c49c2fb63ad9
dv3-A-thomas-000351,3,A,thomas,351,,,,3:1:1:351,,test,0,196.03033690889762,1.8551257001546198,0.1331845306513063,,,,,,,,,105.6695710121201,0.009512444620501045,,,,,,,,4.715704667258876,0.22176679025723758,,1,178,1,exact,0.03537693836062759,127,,,,,,0.00013537500126403756,03b84d51b5fcc11fe119dcd1d5668dbf77066df5
dv3-A-thomas-000352,3,A,thomas,352,,,,3:1:1:352,,test,0,499.17242017643815,1.9653607248641376,0.32925242833097945,,,,,,,,,253.9851406723034,0.0147368171733732,,,,,,,,4.646035470354699,0.5482412548836526,,1,494,1,exact,0.05480646601092132,288,,,,,,0.00016074999803095125,a8b174f7fd774c63ae3833854479d9d7ff316116
dv3-A-thomas-000353,3,A,thomas,353,,,,3:1:1:353,,test,0,110.66445871078511,0.6181402941977862,0.5693705208612158,,,,,,,,,179.02806167069872,0.05412412591949374,,,,,,,,0.41239324490156826,0.9480641052005305,,1,108,1,exact,0.2012885165554763,363,,,,,,0.00013979200230096467,78ac763b81577fea4209a0669b3a82a81563dae4
dv3-A-thomas-000354,3,A,thomas,354,,,,3:1:1:354,,test,0,148.98921072794477,0.16403182088793195,0.1848403138645539,,,,,,,,,908.2945609055671,0.01514325681244994,,,,,,,,0.3863289406137256,0.30777931127154096,,1,128,1,exact,0.056318021728990364,1099,,,,,,0.00016125000183819793,08d6a80c08b3b0a049e68dddec9af4b7c4869d7f
dv3-A-thomas-000355,3,A,thomas,355,,,,3:1:1:355,,test,0,791.1667921759115,1.225688755446513,0.4386236189099639,,,,,,,,,645.4875176591572,0.015594016472725571,,,,,,,,2.996582446098814,0.7303562329723343,,1,767,1,exact,0.05799440433653384,789,,,,,,0.0002288329997099936,a94d82652412f31cece87160830e3b26493c5c85
dv3-A-thomas-000356,3,A,thomas,356,,,,3:1:1:356,,test,0,282.99956190501445,1.9293627070149428,0.19772422712456425,,,,,,,,,146.68033173651605,0.011753494407457524,,,,,,,,4.846891902267913,0.3292324340602958,,1,272,1,exact,0.043711439463045676,173,,,,,,0.00014487500084214844,deeadee279c5ba160c52cc3f08d011e26bcc27ef
dv3-A-thomas-000357,3,A,thomas,357,,,,3:1:1:357,,test,0,560.1978860128445,0.45431527963055257,0.4114386597234414,,,,,,,,,1233.059751959906,0.01738338559747716,,,,,,,,1.0333289682669557,0.6850903067225881,,1,576,1,exact,0.0646490976100504,1547,,,,,,0.0002524580013414379,b8e8f8ccd4444ac71217a5c6289a1c60f521417e
dv3-A-thomas-000358,3,A,thomas,358,,,,3:1:1:358,,test,0,209.13333667848448,19.70699284165015,0.11164375550036748,,,,,,,,,10.612138460642628,0.007720097827715768,,,,,,,,23.629957645350487,0.18589904689758704,,1,210,1,exact,0.028711171090605527,11,,,,,,0.0001327499994658865,b64dca6bf22cb7e2bd7373c4a1af6ea53d6d0b32
dv3-A-thomas-000359,3,A,thomas,359,,,,3:1:1:359,,test,0,740.8800023550345,0.10941649268904688,0.18209183715014543,,,,,,,,,6771.191290700183,0.006689852482943471,,,,,,,,0.6558846184287477,0.3032027973470603,,1,740,1,exact,0.024879671669333386,7503,,,,,,0.00047537499995087273,1c239a7bc95acf363e2cf08ef8c77411043910ea
dv3-A-thomas-000360,3,A,thomas,360,,,,3:1:1:360,,test,0,331.20271678388866,0.11031406481203661,0.7000356254089551,,,,,,,,,3002.361642173396,0.03846566074264212,,,,,,,,0.11092633682069152,1.1656357758177767,,1,360,1,exact,0.14305442642583144,5040,,,,,,0.00036137499773758464,f991e48f55cff5ce5b044007107cdf017ed2cacd
dv3-A-thomas-000361,3,A,thomas,361,,,,3:1:1:361,,test,0,358.58539143604634,0.4417438300117562,1.0351620344181605,,,,,,,,,811.7496319677023,0.05466533817332238,,,,,,,,0.29704432878800435,1.7236578501004458,,1,356,1,exact,0.20330129384959564,1632,,,,,,0.00026691699895309284,ac9e1472bdf0e81854647dacba02390ee7e6628d
dv3-A-thomas-000362,3,A,thomas,362,,,,3:1:1:362,,test,0,541.5153948530094,3.6562775357257244,0.2948437860515493,,,,,,,,,148.105659256396,0.012670290588735993,,,,,,,,8.856491618063952,0.4909471072968221,,1,620,1,exact,0.04712101957502312,208,,,,,,0.00018508399807615206,4a6b3b87a86520307e161a13268069c797d7a4b7
dv3-A-thomas-000363,3,A,thomas,363,,,,3:1:1:363,,test,0,241.9243517510497,0.4821297256696404,1.1281739518899256,,,,,,,,,501.782692230884,0.07253310600798465,,,,,,,,0.23995345725047673,1.8785328516679203,,1,254,1,exact,0.2697518169849994,1245,,,,,,0.0002186250021622982,3e7a69e7d0f265c0032028fbad184cfd5d6fcf5a
dv3-A-thomas-000364,3,A,thomas,364,,,,3:1:1:364,,test,0,546.6110236250609,3.800480208448672,0.49111919070065757,,,,,,,,,143.826830727842,0.021006210430625248,,,,,,,,6.304333253628502,0.8177670936917383,,1,520,1,exact,0.07812244288844637,187,,,,,,0.00017079200188163668,4f21404babc2c1031b8f6f038cd47e5be3322e51
dv3-A-thomas-000365,3,A,thomas,365,,,,3:1:1:365,,test,0,608.4551874519922,8.849594261731077,0.39401961246723405,,,,,,,,,68.75515073986813,0.015973627054337577,,,,,,,,15.91582669648205,0.6560856904923296,,1,494,1,exact,0.05940618234760231,75,,,,,,0.00017916700016940013,b7ed2488d6305fc56a857faae4d52b4631bdcc4a
dv3-A-thomas-000366,3,A,thomas,366,,,,3:1:1:366,,test,0,209.56163595279867,11.528606409571616,0.8203461771296985,,,,,,,,,18.177534084155244,0.05666844146392379,,,,,,,,6.563211136900887,1.3659659850298398,,1,189,1,exact,0.2107508680094128,38,,,,,,0.00013745800242759287,158fb8924eafe65cd5d604585948454c13254af9
dv3-A-thomas-000367,3,A,thomas,367,,,,3:1:1:367,,test,0,605.9651154274525,0.3110268313216873,0.2727169559084645,,,,,,,,,1948.2727996566891,0.011078687927873077,,,,,,,,1.088440512247675,0.4541035183649653,,1,598,1,exact,0.04120182304097881,2321,,,,,,0.00027112500174553134,2955a4fe1d4fabad659189cb387ad5f1e1b7004e
dv3-A-thomas-000368,3,A,thomas,368,,,,3:1:1:368,,test,0,267.5945780304533,15.47372353355207,0.6123055108560824,,,,,,,,,17.293483203976155,0.03743083482904916,,,,,,,,12.044930730850977,1.0195555530010023,,1,242,1,exact,0.1392058917936025,29,,,,,,0.00014124999870546162,9dc83a200d431db90d2b40ccba10e8281f0ddc1a
dv3-A-thomas-000369,3,A,thomas,369,,,,3:1:1:369,,test,0,120.30544952908157,4.454663021183094,0.6250892367301284,,,,,,,,,27.006633039805145,0.05699009367691381,,,,,,,,2.5535541081734103,1.040841852849428,,1,116,1,exact,0.21194709789210597,54,,,,,,0.00013183299961383455,fe95e24281ce7af45432d3d05439542a130772e6
dv3-A-thomas-000370,3,A,thomas,370,,,,3:1:1:370,,test,0,455.39027383667667,0.1187090874207381,0.3453916631551042,,,,,,,,,3836.1871338682486,0.016185270991977793,,,,,,,,0.2931018333928318,0.5751148436304165,,1,484,1,exact,0.060193289640733026,4842,,,,,,0.00034183299794676714,d383b70b9cc128e6aed2993a86cd8ea5e68c744c
dv3-A-thomas-000371,3,A,thomas,371,,,,3:1:1:371,,test,0,551.2360211355655,0.2487696474494781,0.8718320381459383,,,,,,,,,2215.84918733912,0.037133341344781995,,,,,,,,0.2581979687518876,1.4516955670268294,,1,585,1,exact,0.13809950862129725,3676,,,,,,0.0003485830020508729,b201537c9d47c31c312a70f7ad98b6f4da499699
dv3-A-thomas-000372,3,A,thomas,372,,,,3:1:1:372,,test,0,767.2228562554374,0.11131782130517312,0.16991132670265108,,,,,,,,,6892.183544916211,0.006134251316282837,,,,,,,,0.7264703521593532,0.2829209170684284,,1,706,1,exact,0.02281338177118408,7540,,,,,,0.00044174999857204966,d8395910861203a9ba41e8b4dcc32ea4ba6985fc
dv3-A-thomas-000373,3,A,thomas,373,,,,3:1:1:373,,test,0,407.9452685855985,8.765707982081556,0.1344208809534831,,,,,,,,,46.538770104993326,0.006655271652796635,,,,,,,,20.00777494152657,0.22382544854740458,,1,508,1,exact,0.02475106499193656,65,,,,,,0.00014474999989033677,07213c351abdda5c8062d34962d39a08e6eb53cc
dv3-A-thomas-000374,3,A,thomas,374,,,,3:1:1:374,,test,0,157.64477897403012,0.42118990324043026,0.16957200731276056,,,,,,,,,374.2843258140517,0.013505614997436818,,,,,,,,1.0472710230359727,0.2823559132230113,,1,127,1,exact,0.050227604821685,448,,,,,,0.00013808299991069362,1ebdb4349404c048c7ff554427753eb807ea273a
dv3-A-thomas-000375,3,A,thomas,375,,,,3:1:1:375,,test,0,104.90194497254386,1.0085961950073883,0.24832582266204317,,,,,,,,,104.00787301381344,0.02424544238229415,,,,,,,,1.3633109565068482,0.4134896174536255,,1,98,1,exact,0.09016919991691778,140,,,,,,0.0001242079997609835,416f4a995b9d9de7ef5ff80f1bfed9ff0dc5dce4
dv3-A-thomas-000376,3,A,thomas,376,,,,3:1:1:376,,test,0,350.5400052832467,0.7879669748295646,0.20059855531753512,,,,,,,,,444.8663668411582,0.010714181682886674,,,,,,,,2.512442028268921,0.33401850444237274,,1,360,1,exact,0.03984621830682283,519,,,,,,0.00015954199989209883,d48d8f4dc1753ff1f80476e213a37c8451563166
dv3-A-thomas-000377,3,A,thomas,377,,,,3:1:1:377,,test,0,766.5287274857848,2.935783519258493,0.4602966584644033,,,,,,,,,261.09851849001154,0.016625457469539095,,,,,,,,6.306597991317255,0.7664442110100378,,1,761,1,exact,0.06183035040745818,353,,,,,,0.00019154100300511345,09847980bbb951d8b8e3fde1f0e0da23b7ba44ee
dv3-A-thomas-000378,3,A,thomas,378,,,,3:1:1:378,,test,0,490.6576061426252,10.830458643799025,0.9685974254082993,,,,,,,,,45.303492887953645,0.043727438989587364,,,,,,,,8.40072025168302,1.6128205057583074,,1,611,1,exact,0.16262306646903288,89,,,,,,0.0001666249991103541,0b79914807f6c82ecc664a8c580c91981cd1db5a
dv3-A-thomas-000379,3,A,thomas,379,,,,3:1:1:379,,test,0,531.7826267049769,3.533067683333712,0.11804039846296455,,,,,,,,,150.51583336869462,0.00511874617321476,,,,,,,,13.167488667835466,0.19655015608646628,,1,585,1,exact,0.019036701403048868,162,,,,,,0.00015291699673980474,b1b1f6099841b00dce8869c52e23bdc4550c0bc1
dv3-A-thomas-000380,3,A,thomas,380,,,,3:1:1:380,,test,0,132.02704365908528,9.969223432696724,0.6996216288762358,,,,,,,,,13.243463199557493,0.06088800967259287,,,,,,,,4.9226451261366435,1.164946426373139,,1,121,1,exact,0.2264435117389578,29,,,,,,0.00012449999849195592,b21a61a063bf4da1e45da0ab1caecd41d7ff4890
dv3-A-thomas-000381,3,A,thomas,381,,,,3:1:1:381,,test,0,517.9560105396663,18.34354929234749,0.5618577825501456,,,,,,,,,28.236411737162868,0.02468766197003512,,,,,,,,20.721498706513415,0.9355545753539255,,1,367,1,exact,0.09181382185391787,35,,,,,,0.00015583400090690702,b98fbf12185a148e61f901038b44ffe77ed3740c
dv3-A-thomas-000382,3,A,thomas,382,,,,3:1:1:382,,test,0,499.5197284773871,26.089244681810346,1.2239760755405091,,,,,,,,,19.146576858380907,0.0547641821509947,,,,,,,,14.89913514058442,2.0380538512759068,,1,372,1,exact,0.203668896232047,26,,,,,,0.00014537500101141632,9a1964d2e02ace5368f0729ab2f313e626a89c6d
dv3-A-thomas-000383,3,A,thomas,383,,,,3:1:1:383,,test,0,685.3996454099737,3.811956860196666,0.5508762152659219,,,,,,,,,179.80257136871498,0.02104176102298581,,,,,,,,6.457811278698646,0.9172690663934876,,1,676,1,exact,0.07825465612750301,241,,,,,,0.00018745800116448663,b6fd932e6c875fa8a0ad3403c890d855f4039487
dv3-A-thomas-000384,3,A,thomas,384,,,,3:1:1:384,,test,0,238.62528140701662,0.5711169316586886,1.1267523684080363,,,,,,,,,417.82210993811697,0.07294075475088055,,,,,,,,0.2822914099062138,1.8761657599019352,,1,244,1,exact,0.2712678693801045,957,,,,,,0.00019683299979078583,76e28564fecc34d9c877519ea653fe5f1f09dac4
dv3-A-thomas-000385,3,A,thomas,385,,,,3:1:1:385,,test,0,550.203355349234,2.910652860637658,0.2400848929699178,,,,,,,,,189.03090876618552,0.010235362212288688,,,,,,,,8.421332165588277,0.3997675694228148,,1,494,1,exact,0.03806548080211175,199,,,,,,0.00015312500181607902,a7da6542db7c9abed1bb2be710e515cd2ec229a2
dv3-A-thomas-000386,3,A,thomas,386,,,,3:1:1:386,,test,0,767.1734961799217,5.114897208359064,0.5688434795660207,,,,,,,,,149.98805741905466,0.02053742492880691,,,,,,,,8.710575079870871,0.9471865238793602,,1,799,1,exact,0.07637902187904134,209,,,,,,0.00019637500008684583,ee3e01d206116b8544b4702e5889e7e46ba0a846
dv3-A-thomas-000387,3,A,thomas,387,,,,3:1:1:387,,test,0,133.9925834850048,0.5175361534548101,0.1970312030608761,,,,,,,,,258.904779097147,0.017021374566466393,,,,,,,,1.023204835320108,0.32807847330056217,,1,138,1,exact,0.06330277261780455,335,,,,,,0.0001353330007987097,64a465707ecd177898b07e351601ad017eca818f
dv3-A-thomas-000388,3,A,thomas,388,,,,3:1:1:388,,test,0,227.09408144501978,1.377317065564106,0.11515228089190668,,,,,,,,,164.88148380852968,0.007641341986335403,,,,,,,,4.426068235930412,0.1917411248837667,,1,198,1,exact,0.028418276818186018,178,,,,,,0.00013062499783700332,3d084d15fbefe064311896cb2dc7cf5efd79ffad
dv3-A-thomas-000389,3,A,thomas,389,,,,3:1:1:389,,test,0,143.62008171663072,0.6027315445724368,0.11370239795512556,,,,,,,,,238.28200632590307,0.009487723928295945,,,,,,,,1.7699410480609024,0.1893269114344547,,1,121,1,exact,0.03528500169878495,258,,,,,,0.00013879099788027816,8aad1cc052ec24b3ce04ad104eaa0a911d1d0526
dv3-A-thomas-000390,3,A,thomas,390,,,,3:1:1:390,,test,0,407.69429337704156,1.6809142484640347,0.19056379622560438,,,,,,,,,242.54318371658727,0.009437850193855665,,,,,,,,5.338570405809041,0.3173095345346856,,1,368,1,exact,0.035099520458210305,283,,,,,,0.00018595900110085495,82bec223cf39f4103800395b4a05c189637d9f71
dv3-A-thomas-000391,3,A,thomas,391,,,,3:1:1:391,,test,0,365.01278978521236,6.203793055600843,0.9180317402576451,,,,,,,,,58.837035103173754,0.04805113559408549,,,,,,,,4.458730365381082,1.5286231170812565,,1,347,1,exact,0.17870296541927017,100,,,,,,0.00015454200183739886,887115d2d3058a109b2fa95f8dfcb520869ffa4c
dv3-A-thomas-000392,3,A,thomas,392,,,,3:1:1:392,,test,0,282.63312151508757,12.839968080012028,0.40992409872180524,,,,,,,,,22.011980072992735,0.024383268610194575,,,,,,,,13.784245580289625,0.6825683972310045,,1,296,1,exact,0.09068177793060764,35,,,,,,0.00013691599815501831,1729171b2fd3b9287a89843345bae22bae2892aa
dv3-A-thomas-000393,3,A,thomas,393,,,,3:1:1:393,,test,0,202.40560170155715,6.644505421011084,0.11215809363247242,,,,,,,,,30.462101973988215,0.007883505139084321,,,,,,,,12.085646784937047,0.18675547606474346,,1,242,1,exact,0.029318885575429166,38,,,,,,0.00012645800234167837,3878be8c2dc4918715faaeccc659147649e69e7c
dv3-A-thomas-000394,3,A,thomas,394,,,,3:1:1:394,,test,0,132.09596733994087,19.442157261561647,1.1128838233487128,,,,,,,,,6.794306082540686,0.09682891152066264,,,,,,,,5.808717292904537,1.853073117623559,,1,144,1,exact,0.3601083182140738,16,,,,,,0.00012358299863990396,cf1bd8ee7b22d55da5f4a1b047ea44de290b46bc
dv3-A-thomas-000395,3,A,thomas,395,,,,3:1:1:395,,test,0,537.0538292368274,1.3640648269724194,0.3121352704650187,,,,,,,,,393.71576674169773,0.01346895608225738,,,,,,,,3.643979459096321,0.5197393174612129,,1,512,1,exact,0.05009126971179376,487,,,,,,0.00019108299966319464,37cadca23908e03c1ab9216291fd2ac7b20fde05
dv3-A-thomas-000396,3,A,thomas,396,,,,3:1:1:396,,test,0,207.2874189250999,0.10846395525146968,1.074863666455587,,,,,,,,,1911.118015607228,0.07465637709361901,,,,,,,,0.05266075917682728,1.789765403746937,,1,222,1,exact,0.27764829715556494,4550,,,,,,0.00032049999936134554,77b716f0e1add8e90a5add3a631d9eae3ccc8613
dv3-A-thomas-000397,3,A,thomas,397,,,,3:1:1:397,,test,0,632.5242207330103,2.3711260367749816,0.621145158355446,,,,,,,,,266.7611130420211,0.024697587016552443,,,,,,,,3.5583440141249802,1.03427453157421,,1,620,1,exact,0.09185073326553471,380,,,,,,0.00019741700089070946,b782c9a78ef735fbf04e1d738f101d1d2d7fe14c
dv3-A-thomas-000398,3,A,thomas,398,,,,3:1:1:398,,test,0,118.50620562424359,0.13985334658337,0.5106521260641065,,,,,,,,,847.3605281486714,0.04690882967818043,,,,,,,,0.11042885646679733,0.8502915645043075,,2,130,1,exact,0.17445471088658568,1576,,,,,,0.00019616600184235722,a30dd89ef3309ad4a9e271afae04147cdf569e13
dv3-A-thomas-000399,3,A,thomas,399,,,,3:1:1:399,,test,0,130.3545405173008,1.9374779190942903,0.9348527122712762,,,,,,,,,67.28052961668715,0.08188042926363873,,,,,,,,0.8040070913131623,1.5566318727094628,,2,143,1,exact,0.30451466626766016,180,,,,,,0.00014087499948800541,8b1565e9750ec8353b23d52cc8a07d403fcb07fc
dv3-A-thomas-000400,3,A,thomas,400,,,,3:1:1:400,,test,0,183.38192359249496,0.11980685926944551,0.12548987505321643,,,,,,,,,1530.646281112079,0.009266813547391636,,,,,,,,0.4733081045669391,0.20895434825831735,,1,197,1,exact,0.03446343235039353,1727,,,,,,0.0002022500011662487,2f85ecfb5ef1bf2bddd95a2ba8c13b0bdd7f9ca1
dv3-A-thomas-000401,3,A,thomas,401,,,,3:1:1:401,,test,0,211.20580670846226,1.7231697090059122,1.3224743038721742,,,,,,,,,122.56819836410995,0.09099851711184988,,,,,,,,0.6495635182164193,2.2020641596526898,,1,196,1,exact,0.3384249852909905,361,,,,,,0.00016412500190199353,c822ea14ca97d6b27259b7591b3925c05783b7bc
dv3-A-thomas-000402,3,A,thomas,402,,,,3:1:1:402,,test,0,129.4923218690984,0.4624141152141166,0.40971648796303173,,,,,,,,,280.0354003232323,0.036004885347126786,,,,,,,,0.4649431060063415,0.6822227026419189,,1,126,1,exact,0.1339027621629062,434,,,,,,0.00013945899991085753,85c3cfa409251302f965771036f8a754fc042846
dv3-A-thomas-000403,3,A,thomas,403,,,,3:1:1:403,,test,0,331.0293510658988,1.319363426342174,0.27679808324616745,,,,,,,,,250.9008090239778,0.015213524110104347,,,,,,,,2.9916380968121272,0.460899041132418,,1,343,1,exact,0.056579346967355525,300,,,,,,0.00015095900016603991,328200ca9831dc5855d2386a3eccbbc527652047
dv3-A-thomas-000404,3,A,thomas,404,,,,3:1:1:404,,test,0,175.63283987006622,19.328467125362366,0.4923387989199741,,,,,,,,,9.086744371963407,0.03715020375240586,,,,,,,,12.866793971898234,0.8197978745853339,,1,128,1,exact,0.13816222019323487,14,,,,,,0.0001265419996343553,a3be56b77cca7f6693ae64dd1c958fb92427b0b9
dv3-A-thomas-000405,3,A,thomas,405,,,,3:1:1:405,,test,0,257.264160895781,22.732306907868743,0.16721032231966573,,,,,,,,,11.317116293495472,0.010424937004159253,,,,,,,,26.85959614463662,0.2784234497608052,,1,223,1,exact,0.038770512578305216,10,,,,,,0.00012304200208745897,8526e96926b5d3e479c97175d18e007f69624a7a
dv3-A-thomas-000406,3,A,thomas,406,,,,3:1:1:406,,test,0,100.19901667807063,1.00814866485077,0.27679384745228724,,,,,,,,,99.38912798431615,0.02765188249296384,,,,,,,,1.2208890686736527,0.4608919880729642,,1,112,1,exact,0.10283780684521583,150,,,,,,0.0001266250001208391,85ce8e04bcfb42f9c6d0e608ceb0c74aac05ec06
dv3-A-thomas-000407,3,A,thomas,407,,,,3:1:1:407,,test,0,240.3952329886492,7.967963964425035,0.13639548888792938,,,,,,,,,30.170220907367774,0.008797050419618781,,,,,,,,14.27552108781256,0.22711338642950823,,1,207,1,exact,0.03271637553394706,30,,,,,,0.00012816600064979866,3f43d0ef8ccf96ec5b13642bd94c6654308f276c
dv3-A-thomas-000408,3,A,thomas,408,,,,3:1:1:408,,test,0,786.9477933734812,11.670537679331204,0.8223751958516564,,,,,,,,,67.430294558509,0.029315482181738312,,,,,,,,13.423039657758189,1.3693445228160226,,1,887,1,exact,0.10902476151296704,97,,,,,,0.00033074999737436883,5d6b2c964d5aaa86fdfedae59ed728bb0d50e62b
dv3-A-thomas-000409,3,A,thomas,409,,,,3:1:1:409,,test,0,721.5340727997188,0.20973298960770195,0.10771865211241066,,,,,,,,,3440.250740473983,0.004010167271182812,,,,,,,,1.835785400964852,0.17936332104775873,,1,733,1,exact,0.014913878190963696,3674,,,,,,0.0002265839975734707,520358768a0309ed287e15638626ee4096ba63b3
dv3-A-thomas-000410,3,A,thomas,410,,,,3:1:1:410,,test,0,592.0510196619389,6.909904371996365,0.13708962831966864,,,,,,,,,85.68150697733712,0.005634106242804279,,,,,,,,20.470030234612054,0.22826920439887005,,1,612,1,exact,0.02095333399779788,99,,,,,,9.808400136535056e-05,278b0399160d7e2a12673f1427ec7fe2972119b7
dv3-A-thomas-000411,3,A,thomas,411,,,,3:1:1:411,,test,0,248.80246051881153,0.5464470574711918,0.14291721100708543,,,,,,,,,455.3093609291293,0.009060604986887344,,,,,,,,1.9905144452138603,0.23797276607549328,,1,240,1,exact,0.03369653931443598,498,,,,,,8.8541997683933e-05,511dbd9152da334ead5664112d4c2eb81d2edc7f
dv3-A-thomas-000412,3,A,thomas,412,,,,3:1:1:412,,test,0,219.71548423270283,1.9687131151062953,0.42460134674415495,,,,,,,,,111.60360671485641,0.028645145667449648,,,,,,,,2.4256804717912055,0.7070076182712294,,1,202,1,exact,0.1065317689655246,159,,,,,,7.716600157436915e-05,fa20b8da3159825183d63636e19bfdbbac3803ca
dv3-A-thomas-000413,3,A,thomas,413,,,,3:1:1:413,,test,0,135.48671212208626,10.869501982627463,0.8431421969355706,,,,,,,,,12.464850030721953,0.07243566860903826,,,,,,,,4.571127699782801,1.403923847840682,,1,75,1,exact,0.26938944569201784,16,,,,,,6.329199823085219e-05,19cbbdc6bf223f286812c0abe0dd90cae86539e6
dv3-A-thomas-000414,3,A,thomas,414,,,,3:1:1:414,,test,0,166.84980593858543,0.705968248022208,0.5111311501915115,,,,,,,,,236.3417992325014,0.03957031398198171,,,,,,,,0.6586255355222628,0.8510891919965612,,1,155,1,exact,0.14716265003364737,367,,,,,,7.912499859230593e-05,cdf264f78ce8615d5babb71c2e59d2de37d61e8d
dv3-A-thomas-000415,3,A,thomas,415,,,,3:1:1:415,,test,0,207.30798582106254,16.515349746729694,1.4038217583842565,,,,,,,,,12.552442969735647,0.09749985130749578,,,,,,,,5.245128071293756,2.3375165563726403,,1,215,1,exact,0.3626035543420544,33,,,,,,7.65410004532896e-05,e9d68a34ac08501863afbb5b9f30789a425e3e3b
dv3-A-thomas-000416,3,A,thomas,416,,,,3:1:1:416,,test,0,107.99997063849618,0.8250160859206762,0.2638114656759512,,,,,,,,,130.90650289318137,0.025385273571247143,,,,,,,,1.0990488633571567,0.43927490444956774,,1,93,1,exact,0.09440825089927052,188,,,,,,6.945799759705551e-05,04ba5b71243bd6b4da1f42d392b2b3e333814658
dv3-A-thomas-000417,3,A,thomas,417,,,,3:1:1:417,,test,0,257.3714731659611,7.516994779182214,0.20115737638947181,,,,,,,,,34.238612733739444,0.012538793741717163,,,,,,,,12.494561120683533,0.3349490025628787,,1,185,1,exact,0.04663198063317464,37,,,,,,6.562500129803084e-05,18db2893eb3ad989cd46f7a66d29570bc9687150
dv3-A-thomas-000418,3,A,thomas,418,,,,3:1:1:418,,test,0,270.15600331812476,1.5855011198828992,0.328338490341654,,,,,,,,,170.39155629109726,0.019976273971179404,,,,,,,,2.781494359616481,0.5467194483090024,,1,270,1,exact,0.07429209221679542,216,,,,,,7.737499981885776e-05,aab7ca31d4833b4a54f8d9dbbe791095b8a84129
dv3-A-thomas-000419,3,A,thomas,419,,,,3:1:1:419,,test,0,117.67317875582933,3.1966523971809497,0.44824400645315515,,,,,,,,,36.811377696118114,0.0413214686223341,,,,,,,,2.510576056226237,0.7463752289927502,,1,147,1,exact,0.15367522300970016,79,,,,,,6.883400055812672e-05,e0f62e6abdcb14faff4cc07de42ad920ae89c1a2
dv3-A-thomas-000420,3,A,thomas,420,,,,3:1:1:420,,test,0,376.18678654959837,0.13752744059526842,0.2930234260275046,,,,,,,,,2735.358012345217,0.015107777262802715,,,,,,,,0.3577219318563699,0.48791600903285093,,1,389,1,exact,0.05618607269895579,3474,,,,,,0.00015654199887649156,27c82721d3216311af6702764e46aed1d7d32b2b
dv3-A-thomas-000421,3,A,thomas,421,,,,3:1:1:421,,test,0,453.0371650354825,6.335648458993309,0.3335106959622693,,,,,,,,,71.50604519295993,0.0156690566670511,,,,,,,,11.467982821457706,0.5553317355876005,,1,429,1,exact,0.05827348005630228,75,,,,,,7.612499757669866e-05,6db11edfbd30c63e7bcc726b040e3bd16b758385
dv3-A-thomas-000422,3,A,thomas,422,,,,3:1:1:422,,test,0,592.488832564692,5.221486620788712,0.4759647047934091,,,,,,,,,113.47129191249289,0.01955395737985973,,,,,,,,8.887891492988132,0.7925332194481302,,1,531,1,exact,0.0727214898515961,139,,,,,,8.637499922770076e-05,3825ba55eeb135f3d170f4c6b865bfb9df427f87
dv3-A-thomas-000423,3,A,thomas,423,,,,3:1:1:423,,test,0,492.22660231748085,28.888208736245833,0.5198049394320486,,,,,,,,,17.039014319357488,0.023429221669892607,,,,,,,,29.52015721813853,0.8655319984533997,,1,485,1,exact,0.08713366163172608,22,,,,,,7.612499757669866e-05,e26b20d08e9b6870fa217ee44518057d4c54662b
dv3-A-thomas-000424,3,A,thomas,424,,,,3:1:1:424,,test,0,235.18064895383816,11.679016598254078,0.6345886838696595,,,,,,,,,20.137024977684835,0.041380099555041745,,,,,,,,8.755403771842829,1.056659469888359,,1,287,1,exact,0.1538932724149975,37,,,,,,7.220800034701824e-05,f98854f41cc3e732a598f8cb16cd3df6612be58b
dv3-A-thomas-000425,3,A,thomas,425,,,,3:1:1:425,,test,0,457.9703370087635,0.18565161519244508,0.11305463824774493,,,,,,,,,2466.8265694000825,0.005282867399188831,,,,,,,,1.2643781428105454,0.1882483207718509,,1,457,1,exact,0.01964707094805964,2671,,,,,,0.0001379589994030539,b8d34a97837f7d011da687520f7ee20653e8f443
dv3-A-thomas-000426,3,A,thomas,426,,,,3:1:1:426,,test,0,122.3352972569397,0.7851787819474484,0.21700168062883468,,,,,,,,,155.80565862148774,0.019619467081775123,,,,,,,,1.3054294817637166,0.3613314996730127,,2,125,1,exact,0.07296512151297674,200,,,,,,6.66250016365666e-05,223ed97e8351a24e542b56dae673f1a17eda1146
dv3-A-thomas-000427,3,A,thomas,427,,,,3:1:1:427,,test,0,591.1984178728466,0.18167458575498252,0.1280684880304105,,,,,,,,,3254.161364485911,0.005267149565488062,,,,,,,,1.2657846264782835,0.21324802050742533,,1,617,1,exact,0.01958861606541083,3660,,,,,,0.00016375000268453732,ea5f9479b0d6f67bbd2a0497ea5b83bf35f46348
dv3-A-thomas-000428,3,A,thomas,428,,,,3:1:1:428,,test,0,103.79512010689429,0.10268802866862924,0.23610794727138606,,,,,,,,,1010.7811149227297,0.023175127789720015,,,,,,,,0.16640756318994795,0.393145520463542,,2,112,1,exact,0.0861886823025108,1401,,,,,,9.04159969650209e-05,c7c94bcf56cc5c6d11e3974c90f3136b067c6e81
dv3-A-thomas-000429,3,A,thomas,429,,,,3:1:1:429,,test,0,125.56552301603057,12.118223755046069,0.37325548042615453,,,,,,,,,10.361710227024375,0.03330972046565204,,,,,,,,8.643447480896862,0.6215111427373534,,1,94,1,exact,0.1238793995376804,14,,,,,,6.158399992273189e-05,ac932026e4fe286ef52249bf6fc532486024aa85
dv3-A-thomas-000430,3,A,thomas,430,,,,3:1:1:430,,test,0,110.8967305404116,0.28690064312642133,0.10236742428517576,,,,,,,,,386.53357250072634,0.0097208088826847,,,,,,,,0.9062043731763447,0.17045294224191912,,1,124,1,exact,0.036151848486668414,444,,,,,,7.075000030454248e-05,4d1a423e678c7fb2b45eac1f0a73face9986d631
dv3-A-thomas-000431,3,A,thomas,431,,,,3:1:1:431,,test,0,794.9851491918408,2.5544712563463365,0.6657918833616764,,,,,,,,,311.21319029007554,0.02361342525798868,,,,,,,,4.07661653062413,1.1086162051282633,,1,727,1,exact,0.08781871781253545,401,,,,,,0.00011475000064820051,437ba7c1df9a9cbf6d510c2aff37b8937a5d6b02
dv3-A-thomas-000432,3,A,thomas,432,,,,3:1:1:432,,test,0,119.10353589510592,0.24566824739442394,0.8679884604596634,,,,,,,,,484.8145299945233,0.0795337800722634,,,,,,,,0.10876045527216066,1.4452955903747273,,1,137,1,exact,0.2957874392393541,1254,,,,,,9.937499999068677e-05,ff2056db795acdf4692f63f4acc13e72dd6d46a9
dv3-A-thomas-000433,3,A,thomas,433,,,,3:1:1:433,,test,0,150.51648997009696,0.4589422633014758,0.6971371278443623,,,,,,,,,327.96389002688943,0.05682326338158778,,,,,,,,0.28693031298920146,1.1608094607921144,,1,145,1,exact,0.21132665327351505,690,,,,,,8.683299893164076e-05,16b29d2aa2b18f35f524a0894bb616655e5cf231
dv3-A-thomas-000434,3,A,thomas,434,,,,3:1:1:434,,test,0,127.09591718193474,9.428507991929656,0.10979500580970546,,,,,,,,,13.479960699054681,0.009739054277870819,,,,,,,,11.428021372463906,0.18282067673791297,,1,169,1,exact,0.036219703412149244,19,,,,,,6.216700057848357e-05,9b412a50b1f2639356ce05a79a47a57a425a5c67
dv3-A-thomas-000435,3,A,thomas,435,,,,3:1:1:435,,test,0,671.3178444182248,0.261447855052101,0.46173673194902287,,,,,,,,,2567.6930655424403,0.017820928555118187,,,,,,,,0.5902868512877036,0.7688420906500897,,1,689,1,exact,0.06627632708261241,3241,,,,,,0.00017225000192411244,17edacb5c3949235b087b6e89adbc45aeb54d608
dv3-A-thomas-000436,3,A,thomas,436,,,,3:1:1:436,,test,0,116.70456459872311,0.5442853643327554,0.3150688423263499,,,,,,,,,214.41797308254345,0.029164970122451363,,,,,,,,0.6617054781034768,0.5246240350218404,,1,122,1,exact,0.108465004683219,312,,,,,,7.083399759721942e-05,3a9a5b9da2028b88368fa2e0bfc28cfe95363ca2
dv3-A-thomas-000437,3,A,thomas,437,,,,3:1:1:437,,test,0,128.83707080453698,1.0404678507579919,0.526096264454272,,,,,,,,,123.82609487710533,0.046349472619696644,,,,,,,,0.7986908569881648,0.8760077417684875,,1,111,1,exact,0.1723744527648285,194,,,,,,6.833299994468689e-05,983363564d8211ec56efdca56b7a80bc67d5ebf2
dv3-A-thomas-000438,3,A,thomas,438,,,,3:1:1:438,,test,0,113.14940687868913,0.23043861877743288,0.8486946268504201,,,,,,,,,491.0175537372644,0.07978574631050785,,,,,,,,0.10202719680207414,1.4131692500981576,,1,125,1,exact,0.2967245058331634,1236,,,,,,9.574999785399996e-05,9e9b6dad588b3a502821bc53a0f319a71195aae9
dv3-A-thomas-000439,3,A,thomas,439,,,,3:1:1:439,,test,0,147.30095330963613,0.29500581265174647,0.118277587834614,,,,,,,,,499.31542699304197,0.009745400239846054,,,,,,,,0.9595493749117342,0.196945102296635,,1,135,1,exact,0.036243304149351216,605,,,,,,7.516700134146959e-05,8d92aecb15efb7563d6abf9bd7f2feaf699b89c0
dv3-A-thomas-000440,3,A,thomas,440,,,,3:1:1:440,,test,0,233.84980672248804,4.0640062387843665,0.8949682826343267,,,,,,,,,57.54169481600935,0.0585246919859472,,,,,,,,2.470215360164831,1.4902199410941888,,1,244,1,exact,0.2176542943019536,125,,,,,,7.608399755554274e-05,927722632e5497acd2963f427427c7336891abeb
dv3-A-thomas-000441,3,A,thomas,441,,,,3:1:1:441,,test,0,205.3034183730594,27.870507247377606,0.3592033509395913,,,,,,,,,7.366332322221255,0.025069304714644608,,,,,,,,21.31653448181267,0.5981128123361069,,1,135,1,exact,0.09323315751267511,11,,,,,,6.450000000768341e-05,48a308ae4d87a66da707f00e77e39a510b6d3232
dv3-A-thomas-000442,3,A,thomas,442,,,,3:1:1:442,,test,0,705.0636888723902,11.784934648785695,0.5639814865286327,,,,,,,,,59.82754337505292,0.021239812249906988,,,,,,,,17.017394775714667,0.9390907744339722,,1,945,1,exact,0.07899121190538759,107,,,,,,0.00010837499939952977,f1555d8322258ce9d8431baee7e9370cd46ced32
dv3-A-thomas-000443,3,A,thomas,443,,,,3:1:1:443,,test,0,100.12231821008784,16.276898528694375,0.23604647773744297,,,,,,,,,6.151191397647608,0.023590224612683543,,,,,,,,11.562645429913909,0.393043166975682,,2,81,1,exact,0.08773243423017243,8,,,,,,5.758299812441692e-05,43d6e5e60b2314ecf035ac19d16a53feac215a53
dv3-A-thomas-000444,3,A,thomas,444,,,,3:1:1:444,,test,0,338.04247160715136,1.984283181440554,0.2865779433988749,,,,,,,,,170.35999436418072,0.015586805908462927,,,,,,,,4.1910116745075126,0.47718357646564596,,1,343,1,exact,0.057967588129171625,206,,,,,,7.804200140526518e-05,764bab898e5b6c902b3ab0a183b8d39678cd4ceb
dv3-A-thomas-000445,3,A,thomas,445,,,,3:1:1:445,,test,0,612.9073076392747,12.64940911337518,0.5810741978099404,,,,,,,,,48.45343384389404,0.023471140415576176,,,,,,,,16.402799134854792,0.967552005622852,,1,528,1,exact,0.08728955813797289,69,,,,,,8.733399954508059e-05,4fd8e5137cdd5abddff5faaff5acdab32244ee2c
dv3-A-thomas-000446,3,A,thomas,446,,,,3:1:1:446,,test,0,264.29221061823216,3.4649785479102153,0.9521774964811005,,,,,,,,,76.2752804855404,0.05857006843779726,,,,,,,,2.113210943562348,1.5854795306718654,,1,221,1,exact,0.21782305007443545,146,,,,,,7.850000110920519e-05,ad84637b8d1df52eb0fcb7672cb80f1f1ec4ac5a
dv3-A-thomas-000447,3,A,thomas,447,,,,3:1:1:447,,test,0,424.08300729672544,2.7858274079948506,0.7593924484121879,,,,,,,,,152.22874399170578,0.036875748014719316,,,,,,,,2.7596245096423884,1.2644713692078022,,1,341,1,exact,0.13714151478025072,229,,,,,,8.945800072979182e-05,98b0a7d79035d6ce2dff7f23ce186f44942cadec
dv3-A-thomas-000448,3,A,thomas,448,,,,3:1:1:448,,test,0,654.5536573858315,0.32295139840974363,0.9745748903918874,,,,,,,,,2026.7868806543097,0.03809277318438384,,,,,,,,0.3243368498742123,1.6227736378285473,,1,670,1,exact,0.14166765144944757,3273,,,,,,0.00018629100304679014,9dacb35e627404402d22c8d133967a3e6cba2daf
dv3-A-thomas-000449,3,A,thomas,449,,,,3:1:1:449,,test,0,211.7698360202068,4.195068727621054,0.21360828437252383,,,,,,,,,50.480659500493466,0.014678647517429201,,,,,,,,7.056351323710442,0.355681124271659,,1,190,1,exact,0.0545901321015123,58,,,,,,6.612499782931991e-05,f23f6c8f30291e93f8d83369076e1f2cf8aa5762
dv3-A-thomas-000450,3,A,thomas,450,,,,3:1:1:450,,test,0,513.3068455611345,1.4057128298568984,0.11974345244947532,,,,,,,,,365.1576870173328,0.005285222163433035,,,,,,,,6.789747838533769,0.19938592698550636,,1,503,1,exact,0.019655828355103194,401,,,,,,9.154199869954027e-05,e3be63fa6afad920b62963c26d5eda22f6b5e2bc
dv3-A-thomas-000451,3,A,thomas,451,,,,3:1:1:451,,test,0,137.91371076419486,0.5899122114736811,0.8274852695600883,,,,,,,,,233.7868382477922,0.0704622568988215,,,,,,,,0.29163210986342064,1.377853353674644,,1,124,1,exact,0.2620502950091304,521,,,,,,8.237500151153654e-05,fa41912ac4527e60ad11753bd7ec63791f9188bd
dv3-A-thomas-000452,3,A,thomas,452,,,,3:1:1:452,,test,0,149.84057249345696,10.883512112505088,0.10989814217407633,,,,,,,,,13.767667178069392,0.008977918092274786,,,,,,,,13.45020509634587,0.182992410049383,,1,113,1,exact,0.033389025390240745,11,,,,,,5.816699922434054e-05,bff8be21a4d7138272957ab07113abda2208670e
dv3-A-thomas-000453,3,A,thomas,453,,,,3:1:1:453,,test,0,126.26996485350217,0.8611359131538283,0.42490959097835956,,,,,,,,,146.63186487142366,0.03781346751479257,,,,,,,,0.8079295452721929,0.707520878588329,,1,132,1,exact,0.14062890905975642,256,,,,,,7.087500125635415e-05,de2a89c7e094e9290f70a3d4279a317605b13e9e
dv3-A-thomas-000454,3,A,thomas,454,,,,3:1:1:454,,test,0,744.0713566401706,1.1096461726822988,0.37029172899277296,,,,,,,,,670.5483017542067,0.01357490247807207,,,,,,,,3.0821803048443823,0.6165761728929793,,1,765,1,exact,0.05048528610440319,830,,,,,,0.0001242910002474673,f38c5740bcfb9d0887d9db12627c2916ade8afec
dv3-A-thomas-000455,3,A,thomas,455,,,,3:1:1:455,,test,0,111.17344467779822,1.2403435641566907,0.14097721536961902,,,,,,,,,89.63116985525298,0.013370523042783489,,,,,,,,2.439501016192742,0.23474246144829633,,1,122,1,exact,0.04972519561527684,113,,,,,,6.270900121307932e-05,0cfb607bcdb92f972f61d2a27eec734d39d09124
dv3-A-thomas-000456,3,A,thomas,456,,,,3:1:1:456,,test,0,279.94215059665623,1.2407752580270581,0.1725094078268196,,,,,,,,,225.61874020746424,0.01031047413353253,,,,,,,,3.6965340887358584,0.28724700590860497,,1,255,1,exact,0.038344823275471854,264,,,,,,7.458400068571791e-05,1f78fc9ef4d40d326b288b05fd9fc39821e44b92
dv3-A-thomas-000457,3,A,thomas,457,,,,3:1:1:457,,test,0,451.1836699876636,6.882581878396668,0.24365690666125983,,,,,,,,,65.55442099480975,0.011471020082019034,,,,,,,,14.464098916762609,0.4057153623625052,,1,456,1,exact,0.04266091279002196,77,,,,,,7.60000002628658e-05,d91c1efbd483cc24c420044cd0953a83b000fb84
dv3-A-thomas-000458,3,A,thomas,458,,,,3:1:1:458,,test,0,161.62768294042755,0.6858996955901173,0.3132796335713911,,,,,,,,,235.64332216443157,0.02464190555027116,,,,,,,,0.9968375862460944,0.5216448070233111,,1,147,1,exact,0.09164365297450028,352,,,,,,7.370900129899383e-05,a13235696daf512ddb31c240a7c9606739a56696
dv3-A-thomas-000459,3,A,thomas,459,,,,3:1:1:459,,test,0,622.6922423007948,0.5511367107965025,1.3482898512497545,,,,,,,,,1129.8326351748194,0.05403143947921689,,,,,,,,0.37317157538760104,2.245049865670219,,1,678,1,exact,0.20094381415610849,2343,,,,,,0.0001843329991970677,4c64f603b2e818bfdac6858603bddeffc619a774
dv3-A-thomas-000460,3,A,thomas,460,,,,3:1:1:460,,test,0,233.0077290643144,2.9897765213356844,0.9062139871619417,,,,,,,,,77.93483138338983,0.05936706756904492,,,,,,,,1.815078085825828,1.5089452674145545,,1,269,1,exact,0.22078710298243934,157,,,,,,7.96249987615738e-05,85cac26a4071b3a50365e8908d23d4915979e9f7
dv3-A-thomas-000461,3,A,thomas,461,,,,3:1:1:461,,test,0,364.0799127246109,2.242473480189773,0.10133268401601697,,,,,,,,,162.35639615849547,0.005310692881949824,,,,,,,,8.31657371293058,0.16872998667704173,,1,383,1,exact,0.019750554377163533,189,,,,,,7.695800013607368e-05,f09bfe4eb4b249a65dfd796e07d68501a4e9d919
dv3-A-thomas-000462,3,A,thomas,462,,,,3:1:1:462,,test,0,685.3143411337408,1.9180270960759256,1.4621685021225976,,,,,,,,,357.30169950978234,0.05585377280041577,,,,,,,,1.232997821002161,2.434670257463425,,1,669,1,exact,0.20772110181964235,703,,,,,,0.000136042002850445,8860cb2ea74b78cbf65b303b31348ffa41c5c9f5
dv3-A-thomas-000463,3,A,thomas,463,,,,3:1:1:463,,test,0,678.4494555294561,0.9001490721160498,0.17083694615276102,,,,,,,,,753.7078874442127,0.006558779798293187,,,,,,,,4.440351287380139,0.28446217455116096,,1,709,1,exact,0.024392210194326042,823,,,,,,0.00011304199870210141,d1f661cfcd121c11cb9de52d341b5c0f689427e8
dv3-A-thomas-000464,3,A,thomas,464,,,,3:1:1:464,,test,0,510.47480236655485,0.15571208312037046,0.23867005131706379,,,,,,,,,3278.3249195371777,0.010563571389466274,,,,,,,,0.5882560910426491,0.3974117035385316,,1,544,1,exact,0.03928609614271304,3813,,,,,,0.00046100000326987356,66d6ea0946a6017988f7b044b2d47b744c3abbf6
dv3-A-thomas-000465,3,A,thomas,465,,,,3:1:1:465,,test,0,286.87895280177986,7.233340019388184,0.3624434127555003,,,,,,,,,39.660648059241225,0.021398871341620405,,,,,,,,9.55280581613513,0.603507869146649,,1,283,1,exact,0.07958275528963141,56,,,,,,0.00019316600082674995,41fe2238477fc949507002c16d6b0ad89d999760
dv3-A-thomas-000466,3,A,thomas,466,,,,3:1:1:466,,test,0,192.88596382920338,0.11939440872189698,0.2777644831729167,,,,,,,,,1615.5359860987194,0.019999834432658296,,,,,,,,0.22905409879877564,0.46250820256289304,,1,199,1,exact,0.07437971396144036,2134,,,,,,0.00026662500022212043,094d6f4c089876214c160423838a915be1717fe3
dv3-A-thomas-000467,3,A,thomas,467,,,,3:1:1:467,,test,0,391.59039558666984,11.495046016485258,0.29914602274598184,,,,,,,,,34.06601374410184,0.015117055843219193,,,,,,,,17.479029995854717,0.4981108012933054,,1,448,1,exact,0.0562205798924863,44,,,,,,0.00015537499712081626,f2233d702b80f0c1cd1cea797d11961d42732973
dv3-A-thomas-000468,3,A,thomas,468,,,,3:1:1:468,,test,0,450.3751927181811,11.541586731022088,0.39651384722912386,,,,,,,,,39.0219476068779,0.01868405461327939,,,,,,,,16.42155780368984,0.6602388637969719,,1,280,1,exact,0.06948630712194032,39,,,,,,0.0001381250003760215,b7942e2fd931bea616eff5a08c717a1ab3ca8d7e
dv3-A-thomas-000469,3,A,thomas,469,,,,3:1:1:469,,test,0,585.8415211931509,12.435438639913876,0.11782659359542531,,,,,,,,,47.1106438748998,0.0048680300211550055,,,,,,,,30.531516362991663,0.1961941476297508,,1,655,1,exact,0.01810428390036863,54,,,,,,0.00015358300152001902,21960f8c54c5811c44ddeea7e87f272e4a7434bd
dv3-A-thomas-000470,3,A,thomas,470,,,,3:1:1:470,,test,0,441.6225045791067,19.59640953502723,0.5819222001714881,,,,,,,,,22.53588871929508,0.0276910438598893,,,,,,,,19.275382076785913,0.9689640221756104,,1,647,1,exact,0.1029834486144046,49,,,,,,0.00017304199718637392,ee8b95744b731c74d79a18d162723e4811f7e484
dv3-A-thomas-000471,3,A,thomas,471,,,,3:1:1:471,,test,0,130.14817066332012,3.6618913681117236,0.27201477591678386,,,,,,,,,35.541242920712804,0.023843689715677328,,,,,,,,4.179807746713005,0.4529343119850925,,2,123,1,exact,0.08867507512669405,51,,,,,,0.00013391600077738985,1cbe0e578f96902483e185fa876e75fcafec27ca
dv3-A-thomas-000472,3,A,thomas,472,,,,3:1:1:472,,test,0,148.55024468808492,26.09622510960283,0.5089310985078648,,,,,,,,,5.692403558912501,0.04175632832497817,,,,,,,,13.880119797060882,0.8474258656485506,,1,184,1,exact,0.1552924734126938,16,,,,,,0.00013291700088302605,7a665c826b2de78350db5794ec30c6a09ff05ba5
dv3-A-thomas-000473,3,A,thomas,473,,,,3:1:1:473,,test,0,498.77406643411337,11.855644669523342,0.6872985228793974,,,,,,,,,42.070598464905466,0.0307746752214294,,,,,,,,12.298065030529246,1.1444271089302334,,1,562,1,exact,0.11445152448304038,71,,,,,,0.00016179200247279368,60bfc66e517b7782ae49cdf13b6d767c6f547522
dv3-A-thomas-000474,3,A,thomas,474,,,,3:1:1:474,,test,0,136.71845874522134,0.16446160214224892,0.8260840353615013,,,,,,,,,831.3092962998651,0.07064975372207273,,,,,,,,0.08177676412465609,1.375520145687953,,1,145,1,exact,0.2627475987857723,2008,,,,,,0.00021662500148522668,7a553a208c1b19ce804c6f265532f2a35e8a0af5
dv3-A-thomas-000475,3,A,thomas,475,,,,3:1:1:475,,test,0,109.39400370839553,6.254341760744687,0.620722367934148,,,,,,,,,17.49088999181431,0.05934725509351733,,,,,,,,3.3279255076182106,1.0335705393446,,1,107,1,exact,0.22071342005933453,38,,,,,,0.00012758299999404699,449bdfc8285001042dd238c6300f203350eab333
dv3-A-thomas-000476,3,A,thomas,476,,,,3:1:1:476,,test,0,225.41303332173817,0.11611842814587253,0.15184502748871476,,,,,,,,,1941.2339360860574,0.010113723189540265,,,,,,,,0.4390462198580578,0.25283855563419366,,1,228,1,exact,0.037613103271235654,2284,,,,,,0.0002156249975087121,99680f4b0adfa4350b82ef26c79afdc745a0d25b
dv3-A-thomas-000477,3,A,thomas,477,,,,3:1:1:477,,test,0,455.593935274241,1.7634696147633218,0.11666849491358065,,,,,,,,,258.35088478991855,0.005465937080630986,,,,,,,,7.65363017690743,0.19426578683425993,,1,471,1,exact,0.02032791011133013,260,,,,,,0.00015787500160513446,738d4273b4d266f5df0b23a5779116289dcec83f
dv3-A-thomas-000478,3,A,thomas,478,,,,3:1:1:478,,test,0,136.50871289359364,0.2986207918221147,0.36109009682508025,,,,,,,,,457.1306373566595,0.030905472792028786,,,,,,,,0.35240780432874097,0.6012544503102002,,1,127,1,exact,0.11493796280435706,682,,,,,,0.00015424999946844764,337b8ca3f6130f3ce90ae974f91973d6cec8e9c9
dv3-A-thomas-000479,3,A,thomas,479,,,,3:1:1:479,,test,0,390.1137377521568,2.264569615445172,0.11959994989621357,,,,,,,,,172.26837942690833,0.00605529597350963,,,,,,,,8.25698353173799,0.19914697956064442,,1,355,1,exact,0.022519745549795717,161,,,,,,0.00014674999692942947,2def89f2f95f93eb2af6bbe0590a744863a85b7a
dv3-A-thomas-000480,3,A,thomas,480,,,,3:1:1:480,,test,0,223.8659361078283,19.368077600818893,1.2945066142724275,,,,,,,,,11.55850057614201,0.08651875594052043,,,,,,,,6.944233601375834,2.1554949017732974,,1,302,1,exact,0.32176467964391203,37,,,,,,0.00015583400090690702,f87d9c70715bda1b8234041b1ea6825354b94b43
dv3-A-thomas-000481,3,A,thomas,481,,,,3:1:1:481,,test,0,525.1052688666799,0.4981702583406385,0.2847341477271537,,,,,,,,,1054.0678815627405,0.01242557132260515,,,,,,,,1.5366851665910901,0.47411345528859783,,1,522,1,exact,0.0462109045899739,1267,,,,,,0.00023395799871650524,3fbee3a66284ec3d475c21a738a95b8f8e7ca08c
dv3-A-thomas-000482,3,A,thomas,482,,,,3:1:1:482,,test,0,592.438727581357,18.11120549162342,0.20488562811437536,,,,,,,,,32.71117032244843,0.008417628894873413,,,,,,,,34.017988215568295,0.34115694889312886,,1,415,1,exact,0.0313053006284823,25,,,,,,0.0001437090031686239,7357c3bccd12c93b9f5638a84109689e36ad3141
dv3-A-thomas-000483,3,A,thomas,483,,,,3:1:1:483,,test,0,251.7097744702713,0.7615890465109484,0.1901202156478235,,,,,,,,,330.5060329102997,0.011983350384660167,,,,,,,,2.163927696469942,0.31657092442378265,,1,240,1,exact,0.044566277631542826,371,,,,,,0.00014666700008092448,6d92a8f7569830ba52b57d92ec306b7ad4084d41
dv3-A-thomas-000484,3,A,thomas,484,,,,3:1:1:484,,test,0,264.9142438629114,1.6050566147816605,0.33164265838934837,,,,,,,,,165.04978168570602,0.020375943734867563,,,,,,,,2.7566324414296464,0.5522212489972982,,1,323,1,exact,0.07577847065668986,230,,,,,,0.00014645799819845706,12801d022032cc0f56c82a586540c3e3ef172509
dv3-A-thomas-000485,3,A,thomas,485,,,,3:1:1:485,,test,0,368.67344942779414,19.255709001926895,0.17229010404419914,,,,,,,,,19.146189288117174,0.00897303583332151,,,,,,,,28.5691441508646,0.286881841157675,,1,285,1,exact,0.03337086818870724,20,,,,,,0.00012983299893676303,ef8d5d1c41f92141bb945b058850d08b778ce641
dv3-A-thomas-000486,3,A,thomas,486,,,,3:1:1:486,,test,0,196.63315512104714,7.2142069530665225,0.366589312972629,,,,,,,,,27.25637847656489,0.026142759406520402,,,,,,,,7.716267722531617,0.6104112458329893,,1,160,1,exact,0.09722535320815094,35,,,,,,0.0001253340014955029,551b124f172818ab61ee638aaf536ae529305be1
dv3-A-thomas-000487,3,A,thomas,487,,,,3:1:1:487,,test,0,596.3667585972295,2.8844369442227404,0.27961419963591044,,,,,,,,,206.75326593347683,0.01144992147979499,,,,,,,,7.915792214830107,0.46558818250409256,,1,567,1,exact,0.04258244674053067,231,,,,,,0.00018383399947197177,aeebacb78c33f2ee6b382704816e4123b4078f6c
dv3-A-thomas-000488,3,A,thomas,488,,,,3:1:1:488,,test,0,130.09201629774154,0.18163205104646007,0.11574729945088841,,,,,,,,,716.2393176106623,0.010148118846018659,,,,,,,,0.6011946986991006,0.19273189577377597,,2,113,1,exact,0.03774102128470687,825,,,,,,0.00015987499864422716,95fdd350f11479368209b5d5fd8530da026d4fc0
dv3-A-thomas-000489,3,A,thomas,489,,,,3:1:1:489,,test,0,411.30928552947967,1.3447263962212122,0.3480350358238808,,,,,,,,,305.8683808730842,0.017160846571488114,,,,,,,,2.836836050639476,0.5795163478392129,,1,432,1,exact,0.06382147130373989,408,,,,,,0.00017604099775780924,4f2aa797329aaaf4931bf7f330808c4c8cf48ec1
dv3-A-thomas-000490,3,A,thomas,490,,,,3:1:1:490,,test,0,278.31476674443076,1.7385415909186825,0.16539935664112007,,,,,,,,,160.08519335874115,0.009914382979698532,,,,,,,,4.936972005806887,0.2754079941081622,,1,293,1,exact,0.03687175374462005,183,,,,,,0.00014162500156089664,1ef2030ebbb597fb4eb93cc61feedc2d5e737229
dv3-A-thomas-000491,3,A,thomas,491,,,,3:1:1:491,,test,0,287.491430322633,8.525437040693655,0.10035552282760543,,,,,,,,,33.7216061710828,0.005918734050867161,,,,,,,,17.697228013231236,0.16710290657052898,,1,288,1,exact,0.02201186950820285,36,,,,,,0.00013612499969894998,28152a6f016bd87ce81b1264e552d661091eb45c
dv3-A-thomas-000492,3,A,thomas,492,,,,3:1:1:492,,test,0,554.6442409195507,4.3918433435714235,0.6850376788514067,,,,,,,,,126.28962317870769,0.02908755419916566,,,,,,,,5.444953909473031,1.1406625566890094,,1,564,1,exact,0.1081770935882827,195,,,,,,0.0001847080020525027,90cc67a674bd853674a7addaf103b35e88bc1c07
dv3-A-thomas-000493,3,A,thomas,493,,,,3:1:1:493,,test,0,727.3504096906081,23.685120414748518,0.20250506701287338,,,,,,,,,30.70917086145331,0.007508687854801698,,,,,,,,44.97766391699719,0.3371930546487326,,1,667,1,exact,0.027924933916148365,29,,,,,,0.00019220800095354207,4c42b6043f92501026afc323a2bf0a158f878ca3
dv3-A-thomas-000494,3,A,thomas,494,,,,3:1:1:494,,test,0,431.33697294567054,14.788514600202678,0.19972114520623024,,,,,,,,,29.167024857233397,0.009616470519297255,,,,,,,,25.53860735001945,0.3325575207742862,,1,519,1,exact,0.03576381239316504,37,,,,,,0.0001309590006712824,3acdf194a7ffd793d726f8b56a8ead8119950571
dv3-A-thomas-000495,3,A,thomas,495,,,,3:1:1:495,,test,0,158.6003724228938,3.501015034962474,0.2511364858397828,,,,,,,,,45.30125430455164,0.019941494886084477,,,,,,,,4.777019330624832,0.41816967863170207,,1,152,1,exact,0.07416274822597832,61,,,,,,8.2208000094397e-05,c66235a085882a0d17f21c8f0698cddc3567853f
dv3-A-thomas-000496,3,A,thomas,496,,,,3:1:1:496,,test,0,138.10740618628506,9.602751279577731,0.28916696915283346,,,,,,,,,14.382066364667747,0.024605953482647002,,,,,,,,8.665746756354952,0.48149458712537446,,1,181,1,exact,0.09150994664231982,26,,,,,,7.191599797806703e-05,359f83b937134b32cbf3f875faf784c0686fdd71
dv3-A-thomas-000497,3,A,thomas,497,,,,3:1:1:497,,test,0,409.57410406176473,0.769325317027591,0.14010168898579786,,,,,,,,,532.3808992068772,0.006922725733736173,,,,,,,,3.466724576967119,0.23328461439221526,,1,390,1,exact,0.025745731128053097,624,,,,,,9.800000043469481e-05,d2da819e0567076ebb41d1b71fe493004a599c03
dv3-A-thomas-000498,3,A,thomas,498,,,,3:1:1:498,,test,0,243.8233077974076,17.721939185849248,0.4762277686401271,,,,,,,,,13.758274714772611,0.03049840350151428,,,,,,,,14.802008697387638,0.7929712494853581,,1,207,1,exact,0.11342406540221085,17,,,,,,6.795900117140263e-05,8cdb0f3b0492291d67d351b371b0f051f9492c08
dv3-A-thomas-000499,3,A,thomas,499,,,,3:1:1:499,,test,0,474.3174130192152,15.970606223246762,0.45199947080606395,,,,,,,,,29.69939940844577,0.020754075486896128,,,,,,,,20.08566199079744,0.7526284873208554,,1,563,1,exact,0.07718474887615832,46,,,,,,8.57499981066212e-05,7a9a2407af0aa9296313132af9ab5c827a52d023
dv3-A-thomas-000500,3,A,thomas,500,,,,3:1:1:500,,test,1,353.6841427997784,0.19079621007075592,0.31046754313267727,,,,,,,,,1853.7272971439852,0.0165085302721334,,,,,,,,0.4528286969014087,0.5169623692998238,,1,349,1,exact,0.06139549623270826,2311,,,,,,0.0006308330011961516,0fdf9f20b501545dab11c65d5551308790661906
dv3-A-thomas-000501,3,A,thomas,501,,,,3:1:1:501,,test,1,363.22493661929457,1.5937345362772595,0.6519963173128839,,,,,,,,,227.9080539145102,0.034210334007426145,,,,,,,,1.7289229303464664,1.0856450808733578,,1,366,1,exact,0.12722879614656293,386,,,,,,0.00019491700004437007,cc7417e79ecd9304487d431bcd5c9c9fe1400ceb
dv3-A-thomas-000502,3,A,thomas,502,,,,3:1:1:502,,test,1,134.71321474864158,13.142590983442595,0.23822069063014553,,,,,,,,,10.250126091450085,0.02052458475094467,,,,,,,,11.544004588311687,0.396663468914598,,1,169,1,exact,0.0763312690458955,14,,,,,,0.00012637499821721576,acc3f84fba3e59b8ca140c67ddecd51e4966acc5
dv3-A-thomas-000503,3,A,thomas,503,,,,3:1:1:503,,test,1,339.3214231235869,6.90589187274686,0.6707107234334004,,,,,,,,,49.135061680109935,0.03641074876924442,,,,,,,,6.403480392818949,1.1168066110947856,,1,371,1,exact,0.13541217492060512,84,,,,,,0.00015633300063200295,6128db7eb220ad43a302d6b7355c3dc0574d73b4
dv3-A-thomas-000504,3,A,thomas,504,,,,3:1:1:504,,test,1,145.21661002164652,24.115836722462276,0.7326697534568896,,,,,,,,,6.021628512950871,0.06079951514841797,,,,,,,,10.25451101816753,1.219975163392614,,1,174,1,exact,0.2261143991446788,16,,,,,,0.00012629200136871077,b56e7c758a94148831f26b108abb8df5ff328e60
dv3-A-thomas-000505,3,A,thomas,505,,,,3:1:1:505,,test,1,596.5507295330248,24.01219249778592,0.35692579644917877,,,,,,,,,24.843659302999114,0.01461350009432934,,,,,,,,34.29715417155609,0.5943204353497952,,1,407,1,exact,0.054347847761018954,19,,,,,,0.00013504199887393042,43ce84f19febe9fce3b20e49828c3554c71cff05
dv3-A-thomas-000506,3,A,thomas,506,,,,3:1:1:506,,test,1,116.86430436467066,8.363712306031305,0.23422286923095514,,,,,,,,,13.972779082847765,0.02166647986793699,,,,,,,,7.9448225871181215,0.3900066596336363,,1,87,1,exact,0.08057799581065127,16,,,,,,0.0001115829982154537,5418d3a89d5159152bceb7641c6d8951788c2c87
dv3-A-thomas-000507,3,A,thomas,507,,,,3:1:1:507,,test,1,524.5282252388569,2.0538897199138098,0.28950903328138083,,,,,,,,,255.3828572942409,0.012640891035779013,,,,,,,,5.463972394748363,0.48206416126044194,,1,502,1,exact,0.04701168215291108,311,,,,,,0.0001604999997653067,61d48bab4c3df270ee5bed43e37e462d7d71dd17
dv3-A-thomas-000508,3,A,thomas,508,,,,3:1:1:508,,test,1,344.9444291220809,0.6612501956176026,0.18143958951985525,,,,,,,,,521.6549369787415,0.009769165947364431,,,,,,,,2.3131294292209663,0.30211673380263077,,1,345,1,exact,0.03633168920740058,575,,,,,,0.0001614579996385146,775ac60c421d291fc4d9efa36a0eefbbfd629440
dv3-A-thomas-000509,3,A,thomas,509,,,,3:1:1:509,,test,1,192.06183161543166,0.14923148113244686,0.22259929427425737,,,,,,,,,1287.006134080863,0.016062134194876693,,,,,,,,0.3532561733301438,0.37065213777696454,,1,204,1,exact,0.05973534186234782,1609,,,,,,0.00019295799938845448,894164124bc9caea14ce673fbbeaf19a44725459
dv3-A-thomas-000510,3,A,thomas,510,,,,3:1:1:510,,test,1,271.66713937757294,7.817074539903345,0.4445457877629986,,,,,,,,,34.75304450415692,0.026971055620580206,,,,,,,,8.734387453570225,0.7402172909456314,,1,318,1,exact,0.10030580048307987,59,,,,,,0.0001358339977741707,c55850849c3a1c1a680c7bee67d6149c76194674
dv3-A-thomas-000511,3,A,thomas,511,,,,3:1:1:511,,test,1,141.3325334013249,0.1239074516561177,0.9479277812563778,,,,,,,,,1140.629812915266,0.07973595122175105,,,,,,,,0.053629061532582914,1.5784032906589653,,1,134,1,exact,0.2965393170771822,2961,,,,,,0.00024133300030371174,ab89208caa63352f240a8def124bd29fd5adb2db
dv3-A-thomas-000512,3,A,thomas,512,,,,3:1:1:512,,test,1,300.81319324860374,0.45848717628241853,0.11024054977818357,,,,,,,,,656.0994697555273,0.006356132332389283,,,,,,,,2.2519767726257887,0.18356255610877287,,1,286,1,exact,0.02363856092789361,705,,,,,,0.00015824999718461186,42ba9567a5ecee90dfbe7bfcda2762e94a18a45f
dv3-A-thomas-000513,3,A,thomas,513,,,,3:1:1:513,,test,1,384.52909111690553,0.27827321904495406,0.26941024742121344,,,,,,,,,1381.840093835211,0.013738822416452141,,,,,,,,0.7776023997168795,0.448597487567335,,1,385,1,exact,0.05109490705753356,1689,,,,,,0.0016832500004966278,8b1424aa368d0695f78900cf2ffc676418fa8a84
dv3-A-thomas-000514,3,A,thomas,514,,,,3:1:1:514,,test,1,365.31839750887553,0.19789246321053372,0.6388670936119228,,,,,,,,,1846.0450265870954,0.033425256400890516,,,,,,,,0.2287730739426543,1.0637834894070457,,1,393,1,exact,0.12430907958549484,2903,,,,,,0.00040012499812291935,fec5501b5a83b6dd58e904bdd5a6d462dab63c06
dv3-A-thomas-000515,3,A,thomas,515,,,,3:1:1:515,,test,1,213.29288361443645,1.558428864079821,0.5667130808821874,,,,,,,,,136.8640484853801,0.03880387119176706,,,,,,,,1.4932571544259443,0.9436391773837008,,1,244,1,exact,0.14431223666168044,229,,,,,,0.00011004199768649414,04500a72073c245d0b109e1f2d4942a584c0ad1e
dv3-A-thomas-000516,3,A,thomas,516,,,,3:1:1:516,,test,1,584.2687721275217,6.687078585594236,0.17793622964827363,,,,,,,,,87.3727988461499,0.0073613598219881655,,,,,,,,18.301879706292112,0.2962832569713705,,1,579,1,exact,0.02737701853334508,90,,,,,,0.00010520900104893371,f46c58c9a073c4d4efe2fbebb8f70dbd71ba102c
dv3-A-thomas-000517,3,A,thomas,517,,,,3:1:1:517,,test,1,202.92143433354858,11.948276594764865,0.2318507566981548,,,,,,,,,16.983322466978926,0.016275882876080092,,,,,,,,13.97988123691153,0.3860568331789005,,1,191,1,exact,0.06053027673148768,21,,,,,,7.662499774596654e-05,9d1a9282253c6a712d407a0c48059075c92bfd9d
dv3-A-thomas-000518,3,A,thomas,518,,,,3:1:1:518,,test,1,274.5540270529462,2.9192698029000352,0.24588720273912218,,,,,,,,,94.04887029633272,0.014839593936608622,,,,,,,,5.795985977664488,0.4094290489302477,,1,274,1,exact,0.05518869448771562,120,,,,,,8.245799836004153e-05,5f91c38ca65c72b7e2eb533d6071871f5b526549
dv3-A-thomas-000519,3,A,thomas,519,,,,3:1:1:519,,test,1,172.1503764986087,0.17961652434495576,0.1517515479494651,,,,,,,,,958.4328453432923,0.011565892233104478,,,,,,,,0.561857810233521,0.2526829019912913,,1,172,1,exact,0.04301374388391937,1175,,,,,,9.59999997576233e-05,1093ff910120d83849df9858119e233c0b1395ca
dv3-A-thomas-000520,3,A,thomas,520,,,,3:1:1:520,,test,1,167.0964480782788,0.7818996889189764,0.3383892277256578,,,,,,,,,213.70573546243475,0.026177786423421664,,,,,,,,1.0735463355155372,0.5634550238181774,,1,229,1,exact,0.09735561926144307,358,,,,,,8.2208000094397e-05,032124956f1e2057b7426b5eca99a0a202a09d31
dv3-A-thomas-000521,3,A,thomas,521,,,,3:1:1:521,,test,1,113.93759860041138,20.567780773556464,0.1399942832481775,,,,,,,,,5.539615569361688,0.01311525594960105,,,,,,,,16.434261295640304,0.23310577210797404,,3,233,1,exact,0.048775853087537,12,,,,,,6.616599785047583e-05,7631333bc94145bb2691d922da6c9dcdae4baf73
dv3-A-thomas-000522,3,A,thomas,522,,,,3:1:1:522,,test,1,168.3679335066694,12.913807838542969,0.40411665139197717,,,,,,,,,13.037822430976014,0.031144191053754648,,,,,,,,10.36503657893316,0.6728983631239969,,1,197,1,exact,0.11582575995509485,17,,,,,,6.65420011500828e-05,ba29db34cb0a7049a7c294802cfc6c5a49582b83
dv3-A-thomas-000523,3,A,thomas,523,,,,3:1:1:523,,test,1,254.34003674118281,0.6386673053701055,0.7935116778939927,,,,,,,,,398.235567411414,0.04975605711635467,,,,,,,,0.4835977721595296,1.3212836128762506,,1,252,1,exact,0.18504359666699743,742,,,,,,0.00010083300003316253,b8846f2e9102141161caacbf4b993d3efc9552fe
dv3-A-thomas-000524,3,A,thomas,524,,,,3:1:1:524,,test,1,187.43374153776128,0.14551808813171715,0.10010245983654509,,,,,,,,,1288.0442833203233,0.007311742062144735,,,,,,,,0.6917733042787051,0.16668152905028769,,1,164,1,exact,0.027192489266515983,1383,,,,,,9.516700083622709e-05,c1c74ad02956dfb749fb446dac479757b3f7cfc1
dv3-A-thomas-000525,3,A,thomas,525,,,,3:1:1:525,,test,1,405.2874175351017,0.9854224980555509,0.10907681594778987,,,,,,,,,411.28289473278755,0.005418148345013517,,,,,,,,4.807036575660723,0.1816248121754639,,1,386,1,exact,0.02015018301574968,406,,,,,,8.633400284452364e-05,d1acd2657931e94cda51e7cb7bd2816e6aeae68f
dv3-A-thomas-000526,3,A,thomas,526,,,,3:1:1:526,,test,1,664.3383763954632,10.201308645503769,0.2092257831482469,,,,,,,,,65.12285820194948,0.008117466999743951,,,,,,,,24.373311204551875,0.34838378106630696,,1,699,1,exact,0.030188993592190214,76,,,,,,9.395899905939586e-05,ab2a76721a1d9524867196ec612c14d78924ab7b
dv3-A-thomas-000527,3,A,thomas,527,,,,3:1:1:527,,test,1,117.03933331218819,0.30921369146299726,0.3810467858865748,,,,,,,,,378.5063098546332,0.03522186783282885,,,,,,,,0.32134421227166965,0.6344845173133755,,1,121,1,exact,0.13099070711883165,568,,,,,,7.87089993536938e-05,c5f9d170af620e8401d6519ab069eea91fd903af
dv3-A-thomas-000528,3,A,thomas,528,,,,3:1:1:528,,test,1,668.3288921247998,5.224770625264307,0.266127507674107,,,,,,,,,127.9154512339938,0.010294248520043233,,,,,,,,13.744684541268303,0.44313136733996666,,1,640,1,exact,0.038284479951418524,153,,,,,,9.204199886880815e-05,7a7e2fc4ffae68316d7ad493a7d522e7898a5198
dv3-A-thomas-000529,3,A,thomas,529,,,,3:1:1:529,,test,1,153.89407856407678,1.1803019947994904,0.6675446120932894,,,,,,,,,130.38534141444055,0.05381078654746537,,,,,,,,0.7749910353677144,1.1115346899034895,,1,169,1,exact,0.20012320226536048,287,,,,,,8.308299948112108e-05,7dae7da81acb468fbdd3fd08881141a7a19dfdb7
dv3-A-thomas-000530,3,A,thomas,530,,,,3:1:1:530,,test,1,158.99112649735602,3.402044143239858,0.1377539020349114,,,,,,,,,46.73399867937766,0.01092489989847777,,,,,,,,6.238868495848344,0.22937529268826246,,1,178,1,exact,0.040629882824391915,61,,,,,,6.579100227099843e-05,9e66ec3d9bc909692b6ac23c94ebfecf5cf49ff4
dv3-A-thomas-000531,3,A,thomas,531,,,,3:1:1:531,,test,1,211.71073501826402,14.483827530267298,0.10012936376031951,,,,,,,,,14.617043359280936,0.006881609371163622,,,,,,,,20.311621094257816,0.16672632702188095,,1,251,1,exact,0.02559281869782381,20,,,,,,6.420899808290415e-05,da42929a4bfa745359aa3f82b065aceae699fcd9
dv3-A-thomas-000532,3,A,thomas,532,,,,3:1:1:532,,test,1,173.85056290773935,1.2525161829295597,0.6282284598636005,,,,,,,,,138.8010512575681,0.04764634117481023,,,,,,,,0.9550999346974607,1.0460690022398784,,2,200,1,exact,0.17719752830076502,279,,,,,,8.058400271693245e-05,ef63b346b6085c64512e788403affab1d5b6f025
dv3-A-thomas-000533,3,A,thomas,533,,,,3:1:1:533,,test,1,174.32130763105488,0.14684736305486248,0.8166379497827029,,,,,,,,,1187.0918483291257,0.061852081653414805,,,,,,,,0.08721396680272979,1.3597913814759153,,1,174,1,exact,0.2300289113288005,2525,,,,,,0.00012812500062864274,9c7a3ad6ab37c5eb107c33b0d9c20e5d5f7fddf9
dv3-A-thomas-000534,3,A,thomas,534,,,,3:1:1:534,,test,1,115.87491344050633,1.306663766305423,0.5631484976454945,,,,,,,,,88.67997753403796,0.05231523957438723,,,,,,,,0.8804546538555095,0.9377037569625726,,1,108,1,exact,0.19456123841770953,172,,,,,,7.387499863398261e-05,84232fcdebaa3a6a8c89dd43473819cdc06868a1
dv3-A-thomas-000535,3,A,thomas,535,,,,3:1:1:535,,test,1,250.60602374321726,27.333722656175752,0.14628156003655887,,,,,,,,,9.168382473749714,0.009240465084664942,,,,,,,,30.46621846513369,0.24357477467155736,,1,175,1,exact,0.03436544198314654,8,,,,,,6.362500062095933e-05,cf26b3a043e614173488d7bbf58b7df26e8bb76d
dv3-A-thomas-000536,3,A,thomas,536,,,,3:1:1:536,,test,1,141.73787470472823,0.676996001552345,0.843532411864246,,,,,,,,,209.36294214400783,0.07085309345534307,,,,,,,,0.3307715108618382,1.4045735983171044,,1,146,1,exact,0.2635038226059529,525,,,,,,8.683299893164076e-05,c0af5f66bc6eaa0d99bf74c9172cc51c3a05be49
dv3-A-thomas-000537,3,A,thomas,537,,,,3:1:1:537,,test,1,193.7807195308715,19.601549875411177,0.5386466641756078,,,,,,,,,9.885989667274032,0.038694451294175786,,,,,,,,13.262573252623612,0.8969055280882282,,1,289,1,exact,0.14390530225870163,20,,,,,,7.125000047381036e-05,8ae99459db3586a67ba481de73e6182348f3c36b
dv3-A-thomas-000538,3,A,thomas,538,,,,3:1:1:538,,test,1,499.42673013547534,12.825411902147806,0.21952425266760545,,,,,,,,,38.940404717281545,0.009823055910465487,,,,,,,,24.51563369225474,0.36553185763872487,,1,440,1,exact,0.036532106868574006,44,,,,,,7.76250017224811e-05,fc79189e65e50abc196d6406fb5e7ecf7ffa2935
dv3-A-thomas-000539,3,A,thomas,539,,,,3:1:1:539,,test,1,795.5491793207627,0.2985649525677582,0.11727077210822051,,,,,,,,,2664.576576985257,0.004157729859998454,,,,,,,,2.463485821889098,0.195268644145445,,1,735,1,exact,0.015462665891405589,2763,,,,,,0.00015683400124544278,168b84069f3682705b897516634726e1b1576a06
dv3-A-thomas-000540,3,A,thomas,540,,,,3:1:1:540,,test,1,130.9375117750374,18.328783192316234,0.4152240417038846,,,,,,,,,7.143819117786762,0.036286948605215356,,,,,,,,11.344801070323207,0.6913933811682106,,1,246,1,exact,0.13495176006967893,17,,,,,,6.70830013405066e-05,052c8e56eb9dc815ea763e97b6ab8806c905881a
dv3-A-thomas-000541,3,A,thomas,541,,,,3:1:1:541,,test,1,664.8033994283492,1.3547204382807447,0.20748558173126372,,,,,,,,,490.7310620278536,0.008047135367497897,,,,,,,,5.376323181826203,0.34548615563820195,,1,648,1,exact,0.029927429092418134,539,,,,,,0.00010437500168336555,adca4b39b60b26a119891cc24f7618ac48871975
dv3-A-thomas-000542,3,A,thomas,542,,,,3:1:1:542,,test,1,606.6275024545553,4.216306387451726,0.9333121819993695,,,,,,,,,143.8765228874157,0.03789360175214582,,,,,,,,4.073827150166114,1.554066721546455,,1,559,1,exact,0.14092692960952255,226,,,,,,0.00010141700113308616,b9b9ea62119eacd20762c9dc201421aed266a06a
dv3-A-thomas-000543,3,A,thomas,543,,,,3:1:1:543,,test,1,114.43939233013852,0.36737628661500094,0.7216850835298652,,,,,,,,,311.50457038090616,0.06746211575415278,,,,,,,,0.1951448760209881,1.2016844881930349,,1,136,1,exact,0.25089272063341356,672,,,,,,8.583400267525576e-05,0b07ff71c1d55c04502a0125285b60841eeebe1a
dv3-A-thomas-000544,3,A,thomas,544,,,,3:1:1:544,,test,1,446.1310782239827,1.5411327098900773,0.8840967833300332,,,,,,,,,289.48258340179115,0.04185704562253078,,,,,,,,1.3649067903357266,1.472117707342214,,1,491,1,exact,0.1556670427026625,507,,,,,,0.00010633399870130233,3d84be257b611bbfac88401ee01f4313ab186ce4
dv3-A-thomas-000545,3,A,thomas,545,,,,3:1:1:545,,test,1,361.9976556452065,1.1056024275424903,0.7827308416930883,,,,,,,,,327.42118380641335,0.04113955290110698,,,,,,,,1.0075860651645967,1.303332343093853,,1,405,1,exact,0.1529986754434929,539,,,,,,0.00010108299829880707,032cc8549b1301206b53c9849b7bc811e7f8fb3f
dv3-A-thomas-000546,3,A,thomas,546,,,,3:1:1:546,,test,1,664.2453644155378,28.80174380998238,0.17318606857010915,,,,,,,,,23.062678732157785,0.006719681478743458,,,,,,,,49.53639007017678,0.28837371995263517,,1,774,1,exact,0.024990606196458126,32,,,,,,8.95000011951197e-05,e8514b1ff4734067e0659492ed315f0712e2584d
dv3-A-thomas-000547,3,A,thomas,547,,,,3:1:1:547,,test,1,123.23067207162572,1.9543173547107966,0.29085820275667856,,,,,,,,,63.055609558285695,0.0262012437705023,,,,,,,,2.307994169485393,0.4843106757962266,,2,136,1,exact,0.097442857521941,101,,,,,,6.525000208057463e-05,64b1b5f98b3e1fbf08ef0a2d1022ad1a9943836d
dv3-A-thomas-000548,3,A,thomas,548,,,,3:1:1:548,,test,1,214.14284684447983,1.0690721449291574,0.22873255967335482,,,,,,,,,200.30719896707262,0.015630619968000553,,,,,,,,2.259626351288622,0.3808646945559096,,1,236,1,exact,0.0581305333388868,256,,,,,,7.595900024170987e-05,f7a556417c54e9dfbf5d83f42879443387b79b46
dv3-A-thomas-000549,3,A,thomas,549,,,,3:1:1:549,,test,1,409.367502959232,28.45970815337685,1.289971291268914,,,,,,,,,14.384107551386082,0.06375633781850491,,,,,,,,13.536824844107711,2.147943093613968,,1,654,1,exact,0.23711087139930123,41,,,,,,9.741699977894314e-05,a62dff4135c7222218fb1e84cf9ecd718c9221b4
dv3-A-thomas-000550,3,A,thomas,550,,,,3:1:1:550,,test,1,311.9185838422015,0.10658493599322638,0.36359411467288694,,,,,,,,,2926.479065128156,0.02058714956531791,,,,,,,,0.2025692630194499,0.6054239135214254,,1,304,1,exact,0.07656394862195905,3792,,,,,,0.00015987499864422716,9bef1719597c89a92c781f7d3eddc57f8bdac0e5
dv3-A-thomas-000551,3,A,thomas,551,,,,3:1:1:551,,test,1,566.5234160333957,0.15897485061498526,0.13382211928181467,,,,,,,,,3563.6040156152485,0.005622364151334465,,,,,,,,1.0622198048360494,0.2228284449659405,,1,580,1,exact,0.020909664966047913,3822,,,,,,0.000168040998687502,08c9ed464251e68868f654ff8e70ad3afe71bdec
dv3-A-thomas-000552,3,A,thomas,552,,,,3:1:1:552,,test,1,362.40258366902697,2.7607362344733843,0.15261901694408997,,,,,,,,,131.2702673814675,0.008017020778837652,,,,,,,,8.171238873139595,0.2541273326143138,,1,381,1,exact,0.029815432440737966,138,,,,,,7.987500066519715e-05,827618a32f455f88234909b19ac3a2d531107545
dv3-A-thomas-000553,3,A,thomas,553,,,,3:1:1:553,,test,1,392.1154396991164,0.6274768526682051,0.17153060797624667,,,,,,,,,624.9082145926708,0.008662328619310374,,,,,,,,2.4709447716623654,0.285617197250615,,1,376,1,exact,0.03221534293764983,691,,,,,,9.758300075191073e-05,e0b59413003f54110a69f149901bd6020b4985ea
dv3-A-thomas-000554,3,A,thomas,554,,,,3:1:1:554,,test,1,387.93974279983894,15.429648247199339,0.14941766297659378,,,,,,,,,25.142487799114573,0.007586121648366645,,,,,,,,26.690789570880334,0.24879672859913993,,1,333,1,exact,0.02821291147094777,27,,,,,,7.137499778764322e-05,d2b6807f802cfb0dc8b52af76c0d4a41efeb195c
dv3-A-thomas-000555,3,A,thomas,555,,,,3:1:1:555,,test,1,264.82550407725876,0.4086407162604574,0.648896615691155,,,,,,,,,648.0644085120133,0.03987453259179082,,,,,,,,0.3912542011924522,1.0804837391165911,,1,258,1,exact,0.14829404405870988,1081,,,,,,0.00010437500168336555,634bfdf476717872091c391470a128105970d481
dv3-A-thomas-000556,3,A,thomas,556,,,,3:1:1:556,,test,1,498.6341258868147,2.3004946039642076,0.9252706013693279,,,,,,,,,216.75083481072696,0.04143599430147878,,,,,,,,2.0559416648123303,1.5406766114773798,,1,516,1,exact,0.15410114589844723,364,,,,,,0.00010245899829897098,25296917be1087e673e9069fc07a8f04c3f7d3dc
dv3-A-thomas-000557,3,A,thomas,557,,,,3:1:1:557,,test,1,125.58441845898601,2.558619534327873,0.5738492276079643,,,,,,,,,49.08288112948217,0.051207069434250546,,,,,,,,1.6914073442742583,0.9555216411085877,,1,103,1,exact,0.19043993539785145,82,,,,,,7.229100083350204e-05,a7a8d8bec52a8fdc7e112624ddee7b4edd33db56
dv3-A-thomas-000558,3,A,thomas,558,,,,3:1:1:558,,test,1,239.90272305405546,0.22907834202114588,0.2000410100871335,,,,,,,,,1047.2518743474684,0.012915209342627222,,,,,,,,0.6749765150358124,0.333090130737373,,1,223,1,exact,0.04803187645834186,1259,,,,,,9.566700100549497e-05,0f67b842b2dc17dc67dc60eb6c0087412f1c71fc
dv3-A-thomas-000559,3,A,thomas,559,,,,3:1:1:559,,test,1,354.1962865339623,0.14008679002654015,0.18317461678842606,,,,,,,,,2528.406043616661,0.009732923050698063,,,,,,,,0.556614529188397,0.3050057437084967,,1,331,1,exact,0.03619690127721769,2802,,,,,,0.00013050000052317046,ae31d91b406e0449eee397598069f1d062407f25
dv3-A-thomas-000560,3,A,thomas,560,,,,3:1:1:560,,test,1,100.41106366724162,0.45172199210125463,0.5714047843397032,,,,,,,,,222.28508999564986,0.05702339739571854,,,,,,,,0.2871473456819925,0.9514513760791794,,1,101,1,exact,0.21207095497136777,428,,,,,,7.533300231443718e-05,17cd024f2e161e10e855958eb463234803e846d4
dv3-A-thomas-000561,3,A,thomas,561,,,,3:1:1:561,,test,1,356.1699378302557,0.8565551171297496,1.3156800978961645,,,,,,,,,415.81671827932547,0.06971426853854085,,,,,,,,0.4321966333930669,2.1907510646237256,,1,308,1,exact,0.25926851396631767,911,,,,,,0.00011837500278488733,54b055bb27da66132c8fae9b9dc617b67d4aa587
dv3-A-thomas-000562,3,A,thomas,562,,,,3:1:1:562,,test,1,294.7694754582692,15.025494509337586,1.3569164319390974,,,,,,,,,19.61795502138614,0.07903361506559219,,,,,,,,6.141823212341189,2.2594140647330914,,1,186,1,exact,0.2939273173340958,36,,,,,,7.391600229311734e-05,aaf689e5964a371cc1cd3e0a445e15df951f2b19
dv3-A-thomas-000563,3,A,thomas,563,,,,3:1:1:563,,test,1,383.4007663879957,6.71211472327029,0.6647261520067106,,,,,,,,,57.12071116108612,0.033948162865030065,,,,,,,,6.633253592166405,1.1068416460205992,,1,316,1,exact,0.12625377734598114,71,,,,,,7.5916999776382e-05,a33b3f3e20f409207525dd99479b7f9cdbca166a
dv3-A-thomas-000564,3,A,thomas,564,,,,3:1:1:564,,test,1,425.3215532345618,0.2181069319350527,0.17310948776237095,,,,,,,,,1950.0597686698602,0.008393868780100965,,,,,,,,0.9932193634515967,0.2882462045434179,,1,451,1,exact,0.03121693636994725,2235,,,,,,0.00013012499766773544,6e633db873b3fce7f3c0be70a932e51547fcd0ef
dv3-A-thomas-000565,3,A,thomas,565,,,,3:1:1:565,,test,1,269.24341860127277,0.9474445300115882,0.6740826942903573,,,,,,,,,284.1785561820486,0.04108096432353232,,,,,,,,0.8724906080193896,1.1224213108660832,,1,263,1,exact,0.15278078355763336,468,,,,,,9.133300045505166e-05,18a0e5311827d05607c59b67400a48e0e1eaa9a8
dv3-A-thomas-000566,3,A,thomas,566,,,,3:1:1:566,,test,1,679.3441752057364,0.16188434370910654,0.4047365307692661,,,,,,,,,4196.47854536486,0.015528427428890698,,,,,,,,0.4221897965855457,0.6739305299918438,,1,705,1,exact,0.05775047760124667,5329,,,,,,0.000243041999056004,b2c1ea2b525a127e315ce6c5b94de7646aed94fe
dv3-A-thomas-000567,3,A,thomas,567,,,,3:1:1:567,,test,1,686.7882581002482,0.2453171632674759,0.105871175535175,,,,,,,,,2799.593183585873,0.004039859902182896,,,,,,,,2.077268770498322,0.17628707076099195,,1,735,1,exact,0.015024305575149562,2993,,,,,,0.00015829200128791854,c78f78ed324d12876ead751ff5efadfc90a5b229
dv3-A-thomas-000568,3,A,thomas,568,,,,3:1:1:568,,test,1,212.16837599542785,1.9424127962667965,0.8413853527732477,,,,,,,,,109.22929276578235,0.05776364912301389,,,,,,,,1.2316389748206371,1.400998510423827,,1,213,1,exact,0.2148239633485662,240,,,,,,7.904199810582213e-05,e8eaeeb6d919de80103b978f903f6ac060e72ec5
dv3-A-thomas-000569,3,A,thomas,569,,,,3:1:1:569,,test,1,242.86407449271982,1.1182730557976732,1.0461717337371128,,,,,,,,,217.17779323537658,0.06713072589979299,,,,,,,,0.6050921610738811,1.7419902019713527,,1,221,1,exact,0.24966027630193677,478,,,,,,9.212499935529195e-05,b2705c93778fc2fe33a36f9811759171c277a0bb
dv3-A-thomas-000570,3,A,thomas,570,,,,3:1:1:570,,test,1,113.65497883445876,1.0313705629525187,0.6564161331590482,,,,,,,,,110.19800536976456,0.06157224853569407,,,,,,,,0.5939459914470904,1.0930045569997417,,1,111,1,exact,0.22898820735082062,254,,,,,,7.183399793575518e-05,da1d3df2b27560859e66e5c5259cd38ba31fa6d7
dv3-A-thomas-000571,3,A,thomas,571,,,,3:1:1:571,,test,1,219.97034950103208,16.56451478216962,0.10061434668737723,,,,,,,,,13.279613221017051,0.006783875033612864,,,,,,,,22.484049614610747,0.16753387656639027,,1,252,1,exact,0.02522934308527745,18,,,,,,6.370900155161507e-05,16288da7715b0e17e7c2aab4688e39deec3ba050
dv3-A-thomas-000572,3,A,thomas,572,,,,3:1:1:572,,test,1,689.1794789394486,24.159980041568915,0.1412498204367705,,,,,,,,,28.52566424945996,0.0053804888495322225,,,,,,,,47.488639322838296,0.23519637865966017,,1,691,1,exact,0.020010126731220802,31,,,,,,8.458299998892471e-05,2aec3f6ac087071ea2a9be8941fe337f9616b3e9
dv3-A-thomas-000573,3,A,thomas,573,,,,3:1:1:573,,test,1,259.14775872973325,11.859182671322257,0.5099000735736333,,,,,,,,,21.852075805898618,0.03167461509145191,,,,,,,,10.69648786782961,0.8490393149667554,,1,238,1,exact,0.11779841569557295,31,,,,,,7.054199886624701e-05,7ccf73ee2f7987660a60f9525839bcf77132bbd4
dv3-A-thomas-000574,3,A,thomas,574,,,,3:1:1:574,,test,1,115.09479277313216,0.4872630247232955,0.13789635447948284,,,,,,,,,236.20670342981927,0.012853604933542102,,,,,,,,1.1787226352124525,0.22961249156745975,,1,125,1,exact,0.047802768645377545,282,,,,,,6.974999996600673e-05,0f7370b24064923d2f839ae94b6cf7e69d1e5a59
dv3-A-thomas-000575,3,A,thomas,575,,,,3:1:1:575,,test,1,375.546800004066,1.6382382076548279,0.942982705998475,,,,,,,,,229.2382134962345,0.04865995411999434,,,,,,,,1.2270189398210987,1.5701692002419878,,1,359,1,exact,0.180967171553776,405,,,,,,0.00010158300210605375,8a48a6e03665ec8bc446b4610ff6642b779720c5
dv3-A-thomas-000576,3,A,thomas,576,,,,3:1:1:576,,test,1,424.56693288136574,4.588190624056183,0.853976281929,,,,,,,,,92.53471960282853,0.04144505551418134,,,,,,,,3.9464522318053286,1.42196378267859,,1,447,1,exact,0.15413484469786626,164,,,,,,0.0015999999995983671,a6e64da1c7e87131b919714ccb6bf72eee3f10f7
dv3-A-thomas-000577,3,A,thomas,577,,,,3:1:1:577,,test,1,362.56946717363434,0.23497751454863447,0.23253611697471666,,,,,,,,,1542.9964346592471,0.012212225132228645,,,,,,,,0.7379398671705173,0.38719803289601223,,1,346,1,exact,0.04541746659085451,1862,,,,,,0.0002654589989106171,14c7175c171bd39a00162d47a7a19c1e1d9f695c
dv3-A-thomas-000578,3,A,thomas,578,,,,3:1:1:578,,test,1,201.6116990103019,0.1754483115768837,0.7660973292596537,,,,,,,,,1149.1230505341914,0.05395430263023108,,,,,,,,0.12382551399464772,1.2756357281414434,,1,203,1,exact,0.20065694094309416,2234,,,,,,0.0004267920012352988,eacae05e8687055425bf5cca41138b2927216963
dv3-A-thomas-000579,3,A,thomas,579,,,,3:1:1:579,,test,1,277.0273420225283,6.677567694297789,0.8830813876430548,,,,,,,,,41.48626486543771,0.05305659975321318,,,,,,,,4.359707134616505,1.4704269626195272,,1,291,1,exact,0.1973183691444236,76,,,,,,0.00016341700029443018,bcca9e7a31d890322646f6dc1ccd6e75550030ae
dv3-A-thomas-000580,3,A,thomas,580,,,,3:1:1:580,,test,1,283.56211599355066,9.612064118662301,0.7567126123969683,,,,,,,,,29.50064757090006,0.04493728897899393,,,,,,,,7.083649801374786,1.260009149544567,,1,254,1,exact,0.1671225185245643,54,,,,,,0.00014441700113820843,e586468c59e754000b628db3324bf9fcafae4a2a
dv3-A-thomas-000581,3,A,thomas,581,,,,3:1:1:581,,test,1,114.70007471896903,3.41376114242536,0.5206804184799884,,,,,,,,,33.59932635400454,0.04861713863412117,,,,,,,,2.3078530198370575,0.866989766690068,,1,117,1,exact,0.1808079400559809,65,,,,,,0.0001262500009033829,dd09a1ac62ae838d49f78e898114e90b11dbd2b5
dv3-A-thomas-000582,3,A,thomas,582,,,,3:1:1:582,,test,1,703.2384278512992,1.325148702551791,0.1040777762480159,,,,,,,,,530.6864252269186,0.003924702186026954,,,,,,,,8.0924873547745,0.17330086506864947,,1,752,1,exact,0.014596032130338188,590,,,,,,0.00019899999824701808,e3565895f7b253632ba38595588bb831cd00e92f
dv3-A-thomas-000583,3,A,thomas,583,,,,3:1:1:583,,test,1,156.5406328550025,0.11550690548184123,0.46205300965637264,,,,,,,,,1355.2491273312849,0.03692991098339165,,,,,,,,0.11708752362828712,0.7693687275774105,,2,139,1,exact,0.13734294775364433,2160,,,,,,0.00022125000032247044,aa78f28248d6a0f7cc8375f23124ca2763131b06
dv3-A-thomas-000584,3,A,thomas,584,,,,3:1:1:584,,test,1,122.25007406587838,6.493467308206163,0.7650511319942322,,,,,,,,,18.826625016096415,0.06919359521860316,,,,,,,,3.0040635334007226,1.273893695426429,,1,211,1,exact,0.25733212130593247,53,,,,,,0.00016741600120440125,95064c757e3c64a72892a326448344a2fdc0d56f
dv3-A-thomas-000585,3,A,thomas,585,,,,3:1:1:585,,test,1,515.0035914465552,0.36091881123964464,0.13968492263309337,,,,,,,,,1426.9236609687284,0.006155231659426332,,,,,,,,2.0588486839344484,0.23259065289477626,,1,452,1,exact,0.02289140801320525,1520,,,,,,0.00023337500169873238,8572048711879a510ebbad11a68aa78a1b63eff2
dv3-A-thomas-000586,3,A,thomas,586,,,,3:1:1:586,,test,1,152.30739839217898,0.10079656522470729,0.725721360799034,,,,,,,,,1511.0375839954252,0.0588043435670235,,,,,,,,0.06138922498949406,1.20840533069775,,1,141,1,exact,0.21869432314216009,3199,,,,,,0.000276708000455983,b6f09d283d12a7bac3ea23162a9c0d0009abb086
dv3-A-thomas-000587,3,A,thomas,587,,,,3:1:1:587,,test,1,532.8470701735754,0.4653266435194436,0.6291663054103958,,,,,,,,,1145.1032894730656,0.02725612831587812,,,,,,,,0.6722939563347632,1.0476306175089547,,1,532,1,exact,0.1013659905364461,1576,,,,,,0.00025133399685728364,2959f68181209d4545abca3110219ce48c40471b
dv3-A-thomas-000588,3,A,thomas,588,,,,3:1:1:588,,test,1,267.0368160277765,0.8661017650700757,0.5955288454106715,,,,,,,,,308.32036926534926,0.036443261011652926,,,,,,,,0.8975924763792242,0.9916205726481486,,1,258,1,exact,0.1355330884861015,466,,,,,,0.00017795800158637576,8e92006c0b090ab18b0f7fc540fb8e27a90bda8d
dv3-A-thomas-000589,3,A,thomas,589,,,,3:1:1:589,,test,1,134.58734390913742,0.21946314026089453,0.6649784244989453,,,,,,,,,613.2571681474254,0.05731990256311391,,,,,,,,0.1378737099146812,1.1072617072739557,,1,151,1,exact,0.21317366257693393,1266,,,,,,0.00018487499983166344,9b559191741df701374149e47235346e13e8c69b
dv3-A-thomas-000590,3,A,thomas,590,,,,3:1:1:590,,test,1,400.7122150659085,1.4713438300036839,0.5131555507417467,,,,,,,,,272.344374506199,0.025634965675955215,,,,,,,,2.1334570488121543,0.8544600400224183,,1,394,1,exact,0.09533685995296796,388,,,,,,0.00016204100029426627,c9dd7ef4af2c7b771d6b3899ae08e51ccb6c00d8
dv3-A-thomas-000591,3,A,thomas,591,,,,3:1:1:591,,test,1,210.88630222235844,0.38509451067851747,0.13817591598380716,,,,,,,,,547.6221976023164,0.009514986279363914,,,,,,,,1.3639388758854314,0.23007799200651455,,1,229,1,exact,0.035386390831839004,648,,,,,,0.00015137499940465204,80cd1e1be42b49148903c298b22f176b76b80c8a
dv3-A-thomas-000592,3,A,thomas,592,,,,3:1:1:592,,test,1,177.0265342255332,1.539844343388435,0.5368324909730892,,,,,,,,,114.96391501233524,0.040347776782277626,,,,,,,,1.3803874712823003,0.893884731557837,,1,170,1,exact,0.15005404700477645,186,,,,,,0.00013616700016427785,cc14edb66eea342843895fe1ea8e0a860951aff3
dv3-A-thomas-000593,3,A,thomas,593,,,,3:1:1:593,,test,1,151.86746219880868,1.8247984196092557,0.4219749309597532,,,,,,,,,83.22424031435104,0.03424161839404099,,,,,,,,1.8080577306469685,0.7026343491269873,,1,153,1,exact,0.1273451432961209,133,,,,,,0.00012858300033258274,0bdc7916b0336921bea2207a330daeb7722c18cb
dv3-A-thomas-000594,3,A,thomas,594,,,,3:1:1:594,,test,1,455.76343353719375,21.924554387872195,0.30002974472421085,,,,,,,,,20.78780829357719,0.01405382603580366,,,,,,,,29.616895560289173,0.4995822949092173,,1,478,1,exact,0.05226641071088007,25,,,,,,0.00013966600090498105,f790811af9dcd93b5fca1d07602b7e33c633fca4
dv3-A-thomas-000595,3,A,thomas,595,,,,3:1:1:595,,test,1,179.95276106940722,10.730131161681676,0.11022365060677067,,,,,,,,,16.770788572653775,0.008216664104760931,,,,,,,,15.173443800997763,0.18353441714260377,,1,250,1,exact,0.030557909261057843,25,,,,,,0.00011958300092373975,6722ccf53ba79ce8a3de309f82bd0eb729384391
dv3-A-thomas-000596,3,A,thomas,596,,,,3:1:1:596,,test,1,308.8412236755679,0.5890493123460306,0.1387582453839188,,,,,,,,,524.304531390646,0.007895709607202437,,,,,,,,2.402551828375643,0.23104763406106582,,1,323,1,exact,0.029364274193556656,617,,,,,,0.00016170900198630989,a9a58e2f465d6c26cefed5c58203ea3d5a3d27e4
dv3-A-thomas-000597,3,A,thomas,597,,,,3:1:1:597,,test,1,289.62383019855577,0.4493339395583693,0.48244066836897326,,,,,,,,,644.5625507016326,0.028348283291407532,,,,,,,,0.6146117225258636,0.8033164061211806,,1,292,1,exact,0.10542773289511242,886,,,,,,0.00017312500131083652,9dd38f98ca44dd34b331a85af854ea3f23e140d4
dv3-A-thomas-000598,3,A,thomas,598,,,,3:1:1:598,,test,1,199.1121235797453,29.460129712198462,0.14974969061056898,,,,,,,,,6.758698129468845,0.010612484810891786,,,,,,,,27.410894331479412,0.24934959087453556,,1,214,1,exact,0.03946800596335456,6,,,,,,0.00011579199781408533,e149fbc42a76dcfc2af18af70775533a7b820f02
dv3-A-thomas-000599,3,A,thomas,599,,,,3:1:1:599,,test,1,101.94980337517838,4.886130443831329,0.7853251580297824,,,,,,,,,20.865141556727895,0.07777791810251085,,,,,,,,2.059910658602059,1.307652163151686,,1,69,1,exact,0.28925735962765964,68,,,,,,0.00012495899864006788,bfa3be665bd399a1aab1f2fbba62b17191ca06e1
dv3-A-thomas-000600,3,A,thomas,600,,,,3:1:1:600,,test,1,381.22370850534236,0.3654840610802653,1.3933907276506434,,,,,,,,,1043.0652088590543,0.07136462125918858,,,,,,,,0.17848213133917432,2.320147750899846,,1,384,1,exact,0.26540620294122325,2465,,,,,,0.0002836250023392495,2d077cd1d0b80a9aa7fc2b281ca1132b40673529
dv3-A-thomas-000601,3,A,thomas,601,,,,3:1:1:601,,test,1,468.5472703013853,0.38477819469945596,0.11909134263933337,,,,,,,,,1217.7074396519793,0.005501783360350593,,,,,,,,2.332969488994684,0.19830009292667666,,1,488,1,exact,0.020461223016549606,1370,,,,,,0.00020162500004516914,c94ea25c58181930568c9f99a3fa02d41c314633
dv3-A-thomas-000602,3,A,thomas,602,,,,3:1:1:602,,test,1,154.67868642380512,0.3430984779278363,0.46032241112214783,,,,,,,,,450.8288330452419,0.03701236886661509,,,,,,,,0.34150720650241756,0.7664870919979473,,1,154,1,exact,0.1376496099807081,744,,,,,,0.0001509159992565401,91c6ae8d9870795dc51f6eaf300f78319956a215
dv3-A-thomas-000603,3,A,thomas,603,,,,3:1:1:603,,test,1,468.01830502251744,5.652213180838642,0.10041838604909831,,,,,,,,,82.80266331941068,0.00464175076097325,,,,,,,,17.725509869627885,0.16720758070038122,,1,486,1,exact,0.017262747601435965,87,,,,,,0.00013991699961479753,65d587f7cfb85c472bb92b4852e8bea96dc9c601
dv3-A-thomas-000604,3,A,thomas,604,,,,3:1:1:604,,test,1,206.55103649008439,23.16201875299989,0.17072124041969786,,,,,,,,,8.917661223434264,0.011878835501512605,,,,,,,,23.523368640561333,0.28426951186796273,,1,81,1,exact,0.04417758505814157,4,,,,,,0.0012846249992435332,ad218b872dbb6bd68ce36f22ad0e7c60f9784f4a
dv3-A-thomas-000605,3,A,thomas,605,,,,3:1:1:605,,test,1,371.53487184392714,1.5813471359957452,1.2913758377040017,,,,,,,,,234.94833195494326,0.06699661569790094,,,,,,,,0.824453208975844,2.1502818168362023,,1,373,1,exact,0.24916151825023242,542,,,,,,0.00014641699817730114,95076c6b76456783137500302c3a3200ec2eae9a
dv3-A-thomas-000606,3,A,thomas,606,,,,3:1:1:606,,test,1,448.26545993718094,3.996304580996592,0.15504611028980747,,,,,,,,,112.16999376593894,0.00732307086958842,,,,,,,,11.950654103148386,0.25816870812768833,,1,531,1,exact,0.027234621288159597,141,,,,,,9.487499846727587e-05,d89e8aa485e10a3c2520f647ecc4d5dd917b0881
dv3-A-thomas-000607,3,A,thomas,607,,,,3:1:1:607,,test,1,225.9866844688637,9.067997734282015,0.19533985432615592,,,,,,,,,24.92134328778114,0.0129941966291262,,,,,,,,13.214459502486868,0.3252621929242281,,1,136,1,exact,0.04832563147897297,19,,,,,,7.19579984433949e-05,093a3825692a386feb5c79ca7a0b4db3fa7b72f4
dv3-A-thomas-000608,3,A,thomas,608,,,,3:1:1:608,,test,1,267.65023926398356,13.893218445204235,0.47731398270742864,,,,,,,,,19.264811844686214,0.029175636472583196,,,,,,,,12.989036810927438,0.7947799145462305,,1,133,1,exact,0.10850467301519892,19,,,,,,6.737500007147901e-05,90222e9229402dbb641fb7ae8877d83a9f01f840
dv3-A-thomas-000609,3,A,thomas,609,,,,3:1:1:609,,test,1,607.6017122852795,2.699357884501357,0.7485935223785815,,,,,,,,,225.09120253149376,0.03036942507034242,,,,,,,,3.3217434887326553,1.2464899778781422,,1,571,1,exact,0.1129443924904145,324,,,,,,0.001039957998727914,18bc695fc47374ce8c4b03ed7a8cdeda0970c8ba
dv3-A-thomas-000610,3,A,thomas,610,,,,3:1:1:610,,test,1,286.4618395503597,0.6352679690262992,0.6626984280134834,,,,,,,,,450.9307150956017,0.0391545784124099,,,,,,,,0.6210119874357485,1.1034652640991665,,1,271,1,exact,0.1456165225968195,748,,,,,,0.00016350000078091398,e332c32bdc8ecd9e14ae82ba5e82426e86715c19
dv3-A-thomas-000611,3,A,thomas,611,,,,3:1:1:611,,test,1,352.69479468676906,0.17715228150351203,0.16825920227851734,,,,,,,,,1990.9130816346665,0.008959407716889498,,,,,,,,0.752044197427037,0.2801699494533908,,1,323,1,exact,0.03332018499903088,2237,,,,,,0.0001687499971012585,946df767aeba247635c4fff6f4ec4d253f437015
dv3-A-thomas-000612,3,A,thomas,612,,,,3:1:1:612,,test,1,132.82097648762817,0.4094588362444467,0.22334346065632782,,,,,,,,,324.38175643212674,0.019379381253466967,,,,,,,,0.7365811672873432,0.37189125608268714,,1,132,1,exact,0.07207223835957442,451,,,,,,9.341700206277892e-05,db15595e02082da33f93a4cab30d29f88a7ff559
dv3-A-thomas-000613,3,A,thomas,613,,,,3:1:1:613,,test,1,446.8376192986088,1.7579190130054538,0.46867571153342164,,,,,,,,,254.18555462044057,0.022171627972296944,,,,,,,,2.9169546752797837,0.7803962495495302,,1,470,1,exact,0.08245664993836263,356,,,,,,0.00035316700086696073,9420eea964db607efa6ff206a8f31053dcb6c210
dv3-A-thomas-000614,3,A,thomas,614,,,,3:1:1:614,,test,1,393.26458510894525,0.33301761028470994,0.49187409522909226,,,,,,,,,1180.912279001485,0.024803417963676373,,,,,,,,0.5235584076520858,0.8190240921840025,,1,407,1,exact,0.09224432030256,1644,,,,,,0.005564290997426724,eb93c3908c2a333faaf5d975456f4f6deccb97fd
dv3-A-thomas-000615,3,A,thomas,615,,,,3:1:1:615,,test,1,508.9693623865456,0.47536375148816323,0.48286419200406244,,,,,,,,,1070.694517184319,0.02140322318179714,,,,,,,,0.8723471630937439,0.8040216192318361,,1,533,1,exact,0.07959893985499074,1404,,,,,,0.00017841600129031576,182b35807fb50a3ccf29d0be475867ed4eb34f76
dv3-A-thomas-000616,3,A,thomas,616,,,,3:1:1:616,,test,1,280.8953645785466,16.794004238393427,0.596291265028891,,,,,,,,,16.72593150455332,0.035578379339302135,,,,,,,,13.454015992493673,0.9928900845857199,,1,240,1,exact,0.13231657928866042,27,,,,,,8.029200034798123e-05,3a25c15b3e0c76b8886039805e0242cabd80b750
dv3-A-thomas-000617,3,A,thomas,617,,,,3:1:1:617,,test,1,470.19830811930257,13.933938943870993,0.9926055626514613,,,,,,,,,33.744823342011614,0.04577582431248876,,,,,,,,10.033809680185744,1.6527966764925102,,1,448,1,exact,0.17024104525346861,53,,,,,,9.099999806494452e-05,6eb7ba003e3eed7b2cb7e3e1f0938949355daf4a
dv3-A-thomas-000618,3,A,thomas,618,,,,3:1:1:618,,test,1,210.11407699158053,13.249353857731514,0.21408521356425855,,,,,,,,,15.8584395320509,0.014769272299268622,,,,,,,,15.710968042976136,0.35647526346720787,,1,297,1,exact,0.054927167159163924,28,,,,,,7.225000081234612e-05,f229222e537f3b51043b8c58385de86b6c9fc48e
dv3-A-thomas-000619,3,A,thomas,619,,,,3:1:1:619,,test,1,457.03629119268385,1.2567958231241048,0.7544696095715862,,,,,,,,,363.65198131912706,0.03529119850548653,,,,,,,,1.341538860808197,1.2562743048543439,,1,479,1,exact,0.13124854903339328,576,,,,,,0.00010758300049928948,ecd403f2377cc9b89a9a459ec45b621d397df605
dv3-A-thomas-000620,3,A,thomas,620,,,,3:1:1:620,,test,1,684.5630694680044,4.755128018681283,0.4094716477040008,,,,,,,,,143.96312082000497,0.01565009949607407,,,,,,,,9.973457018393248,0.6818150168686123,,1,867,1,exact,0.05820297802492111,206,,,,,,0.00010516700058360584,71fb7125ff07388a7a8be0d1df38cd1b865e806f
dv3-A-thomas-000621,3,A,thomas,621,,,,3:1:1:621,,test,1,562.3402532997942,0.1283276544841805,0.8856357612802657,,,,,,,,,4382.066013441525,0.03734698597827215,,,,,,,,0.13265363411608783,1.4746802737200864,,1,610,1,exact,0.13889405653527626,7267,,,,,,0.0009291660026065074,8050fe7c3fb4171f397715b9b0bfc6156b0a2b4d
dv3-A-thomas-000622,3,A,thomas,622,,,,3:1:1:622,,test,1,244.53935716015044,0.5573394437654916,0.5065185532343109,,,,,,,,,438.7619787108479,0.03239074780107311,,,,,,,,0.6635163332960371,0.8434087142643026,,1,235,1,exact,0.12046172504842823,660,,,,,,0.00013504199887393042,88edb8306e6fecadd876daffb3a31be8c8c9f874
dv3-A-thomas-000623,3,A,thomas,623,,,,3:1:1:623,,test,1,264.5437863960697,1.6714795611032789,0.35634835672406096,,,,,,,,,158.26923197400907,0.021909172652522155,,,,,,,,2.6923352293931373,0.5933589351381703,,1,288,1,exact,0.08148057427742465,237,,,,,,0.0011259999992034864,d91a65c9a84ebaa83ca0426cbad1cdd7fafd656a
dv3-A-thomas-000624,3,A,thomas,624,,,,3:1:1:624,,test,1,131.60835412442106,2.6531095538606664,0.8882040795686387,,,,,,,,,49.60532215223132,0.07742318525901937,,,,,,,,1.1568093940702315,1.4789568041878975,,1,125,1,exact,0.28793810233478223,129,,,,,,0.00022429199816542678,6957505da614910fb9f520016a98b40777ea8244
dv3-A-thomas-000625,3,A,thomas,625,,,,3:1:1:625,,test,1,285.03930034096703,1.65993409932259,0.5978879837632892,,,,,,,,,171.71723892972017,0.03541338602399466,,,,,,,,1.7432400286893583,0.9955487956758102,,1,269,1,exact,0.13170296642904192,274,,,,,,0.0001728329989418853,90b2615c57837c73687f54663ec8f78d9bec077e
dv3-A-thomas-000626,3,A,thomas,626,,,,3:1:1:626,,test,1,591.7812501986514,0.5902157878590606,0.12382264665430026,,,,,,,,,1002.6523559209918,0.005090019921867968,,,,,,,,3.616397855620354,0.2061782308755759,,1,623,1,exact,0.018929868000724805,1101,,,,,,0.0002180419978685677,c6bc14fd6bfc7e24fc481e7ace4ec76d3ba210b4
dv3-A-thomas-000627,3,A,thomas,627,,,,3:1:1:627,,test,1,133.44751796334288,5.243158991093553,0.12593924550948588,,,,,,,,,25.451739722184172,0.01090199144399851,,,,,,,,7.795407346000842,0.20970259914928768,,1,150,1,exact,0.040544685904527235,29,,,,,,0.00012429200069163926,ec515261c023f355c134bc6b823944a243adaa71
dv3-A-thomas-000628,3,A,thomas,628,,,,3:1:1:628,,test,1,351.5477043536043,0.7053088894334538,0.10534887579774677,,,,,,,,,498.43084302537056,0.005618724943584213,,,,,,,,3.490478836473552,0.1754173846513873,,1,363,1,exact,0.020896130692430726,540,,,,,,0.00016370799858123064,b90d3cd6a237719e25b045dd43c5f4e144ca31b4
dv3-A-thomas-000629,3,A,thomas,629,,,,3:1:1:629,,test,1,315.80702963317253,2.813810083149635,1.3533761754598406,,,,,,,,,112.23466413897924,0.07615661468851209,,,,,,,,1.2867178005859676,2.2535191510201193,,1,264,1,exact,0.2832277055030727,264,,,,,,0.00016766699991421774,0463c0c7a9f367bda66304d506e10d20915e9981
dv3-A-thomas-000630,3,A,thomas,630,,,,3:1:1:630,,test,1,733.6611015540248,0.15812218765648556,1.4737243790160146,,,,,,,,,4639.836524067549,0.05440872151970653,,,,,,,,0.1056639147806645,2.453912054650595,,1,750,1,exact,0.20234693228435582,9199,,,,,,0.0027348330004315358,46c9343cdba26f4ab7312ac58ed8f6c18d3c06bc
dv3-A-thomas-000631,3,A,thomas,631,,,,3:1:1:631,,test,1,481.703527450895,2.2459660886388053,0.39862054312910655,,,,,,,,,214.47497800059716,0.018162254762421486,,,,,,,,4.379145462707937,0.6637467425686472,,1,524,1,exact,0.06754572487449145,279,,,,,,0.00013779199798591435,979abb8ca9f3890da415bd2db5e43eb168a739b5
dv3-A-thomas-000632,3,A,thomas,632,,,,3:1:1:632,,test,1,429.8557602778322,0.22319489657865985,0.6420443888677188,,,,,,,,,1925.9210979599595,0.030967324098656546,,,,,,,,0.2778415383714378,1.0690740330394906,,1,424,1,exact,0.11516798883335266,2933,,,,,,0.0004888330004177988,e4e625dda0445a94e7e6429a574b2ea626900a50
dv3-A-thomas-000633,3,A,thomas,633,,,,3:1:1:633,,test,1,106.72761887570057,0.24560710594431062,0.4974300272845638,,,,,,,,,434.54613605479386,0.048149700235728995,,,,,,,,0.18799158420932346,0.8282753258881259,,1,119,1,exact,0.1790695289464254,777,,,,,,0.0002647500004968606,6bd3470df6573714a39c0eda8d9ffb72308a920a
dv3-A-thomas-000634,3,A,thomas,634,,,,3:1:1:634,,test,1,377.8082009761242,1.0746651589312455,1.4736603230389695,,,,,,,,,351.55899289770826,0.07581614536326726,,,,,,,,0.4838231316127809,2.453805394452473,,1,368,1,exact,0.2819614944696952,869,,,,,,0.00025433299742871895,7f7e93d8a489fe588ff121810f8fbc3fb701bb97
dv3-A-thomas-000635,3,A,thomas,635,,,,3:1:1:635,,test,1,132.89431596499753,0.5412222756004835,0.49134136134623163,,,,,,,,,245.5448010109191,0.042621636585955344,,,,,,,,0.4582583852775608,0.8181370320826115,,1,138,1,exact,0.1585105691002689,439,,,,,,0.0001567920007801149,c172177c396a39720670c47c196e2eb08bfbaea0
dv3-A-thomas-000636,3,A,thomas,636,,,,3:1:1:636,,test,1,409.60503675159066,1.0026683335055526,0.4487079368172818,,,,,,,,,408.51498253616916,0.022170786881930714,,,,,,,,1.7121866547886802,0.7471477237205697,,1,390,1,exact,0.08245352190942487,552,,,,,,0.0001740829975460656,e1e45f8a092d89f29f2e0be4d307d5b3e7deb0c3
dv3-A-thomas-000637,3,A,thomas,637,,,,3:1:1:637,,test,1,294.3854474791615,0.22027279103343492,0.18292886187622479,,,,,,,,,1336.4585162698424,0.010661641215767759,,,,,,,,0.7906669047310773,0.304596534937761,,1,306,1,exact,0.03965081944345404,1560,,,,,,0.00019412499750615098,2983e2e9aaee6f14ccca0ecb370abce0cc6f3c3f
dv3-A-thomas-000638,3,A,thomas,638,,,,3:1:1:638,,test,1,687.8683037394103,6.865163738592031,0.20939815177500512,,,,,,,,,100.19692609407223,0.00798399387456146,,,,,,,,19.01691999757124,0.3486707936563599,,1,648,1,exact,0.02969260483927124,103,,,,,,0.00015695900219725445,e53a01e7accfa1c5e4be992f4c831c7826899cd3
dv3-A-thomas-000639,3,A,thomas,639,,,,3:1:1:639,,test,1,137.41925537793304,1.6198608282055273,0.15129239647643156,,,,,,,,,84.8339888125854,0.01290604891253624,,,,,,,,3.1950844160823757,0.2519183646391034,,1,165,1,exact,0.047997808667819636,100,,,,,,0.00012595799853443168,20dfc51a7108aa80096951b846b4bfaaa0e7394f
dv3-A-thomas-000640,3,A,thomas,640,,,,3:1:1:640,,test,1,297.27266422798454,0.19716951239313896,0.4059906515379388,,,,,,,,,1507.700965630267,0.02354716059691155,,,,,,,,0.32587854523083243,0.6760187780496579,,1,302,1,exact,0.08757227844558647,2086,,,,,,0.00036229100078344345,d03984d2a522f7e3bb8c1f1e3103c76cc47ac3f7
dv3-A-thomas-000641,3,A,thomas,641,,,,3:1:1:641,,test,1,667.7000486911373,12.155824070037973,0.17067507173226973,,,,,,,,,54.928406732777894,0.006605099892938959,,,,,,,,29.211404088235252,0.28419263596074396,,1,619,1,exact,0.02456447538992154,58,,,,,,0.00020595900059561245,bba7c3e3826b30a4fdff3701fa3892e30f15e075
dv3-A-thomas-000642,3,A,thomas,642,,,,3:1:1:642,,test,1,427.4037257037458,0.2940812834997619,0.7466481810765179,,,,,,,,,1453.3523542109126,0.036115768423186166,,,,,,,,0.3117533705387633,1.2432507721355253,,1,397,1,exact,0.13431513815072907,2310,,,,,,0.0014542080025421456,45a5ccacd2c335499e0c6f7e9e930719a32e5c5c
dv3-A-thomas-000643,3,A,thomas,643,,,,3:1:1:643,,test,1,575.7292313780363,0.7398497501032121,1.3498571324804116,,,,,,,,,778.1704748805006,0.0562572715742573,,,,,,,,0.47910566538957045,2.2476595601013476,,1,583,1,exact,0.20922172041142012,1590,,,,,,0.00038495899934787303,a5f3a71503352eb7bc9766429a83a51babccff36
dv3-A-thomas-000644,3,A,thomas,644,,,,3:1:1:644,,test,1,218.63965256759897,2.7132225812962325,0.13063621927473532,,,,,,,,,80.58301374712305,0.008834849153957219,,,,,,,,6.657009463100209,0.21752357348277798,,1,218,1,exact,0.03285694965008107,83,,,,,,0.00014287500016507693,fb01d451c3e124f783344ee6a7b52fa8a1aae72f
dv3-A-thomas-000645,3,A,thomas,645,,,,3:1:1:645,,test,1,736.7700336097192,0.19468623489729836,0.9084690889788182,,,,,,,,,3784.397155753631,0.03346911108998597,,,,,,,,0.2267061879511412,1.5127002582470956,,1,741,1,exact,0.12447217589720537,5879,,,,,,0.0028369159990688786,6d95b87fd3b7db4584c4737b322ee9591b0b657f
dv3-A-thomas-000646,3,A,thomas,646,,,,3:1:1:646,,test,1,492.8576936539714,0.14759458951564847,0.13393910349323926,,,,,,,,,3339.2666714366046,0.006033184651181269,,,,,,,,0.9315305525624487,0.22302323645524888,,1,501,1,exact,0.022437513177541318,3604,,,,,,0.001307624999753898,91095dfd24fae89f84ca7c8011021c04b60c2d61
dv3-A-thomas-000647,3,A,thomas,647,,,,3:1:1:647,,test,1,278.7017201272461,4.5840395049131,0.15286131876767894,,,,,,,,,60.798280605683715,0.009156463687695852,,,,,,,,10.365079350899997,0.25453079161535563,,1,238,1,exact,0.03405303940301718,65,,,,,,0.00012495799819589593,71b6b0a8599b4e33438e735760ce668dc699ecf9
dv3-A-thomas-000648,3,A,thomas,648,,,,3:1:1:648,,test,1,125.03502369354698,0.33693802017448166,0.22803924564037859,,,,,,,,,371.0920590938304,0.020393593355830162,,,,,,,,0.5830359817540679,0.3797102509656402,,2,134,1,exact,0.07584410988801181,520,,,,,,0.0011075000002165325,b1d2e5c5a1b7c531a218029d572fa5ffb6f0f4f6
dv3-A-thomas-000649,3,A,thomas,649,,,,3:1:1:649,,test,1,225.93195283043727,0.12732933377935227,0.4853090295107347,,,,,,,,,1774.3904418910454,0.032287137533622744,,,,,,,,0.15378802525721835,0.8080925407112587,,1,221,1,exact,0.12007639675571784,2659,,,,,,0.004518375000770902,7153f78c7cfebc1d20365f697e6cca78944f9447
dv3-A-thomas-000650,3,A,thomas,650,,,,3:1:1:650,,test,1,565.6161127024552,10.186235106314975,0.14681953537723266,,,,,,,,,55.52749438816708,0.006173379266578991,,,,,,,,25.294778302307012,0.24447056237269155,,1,614,1,exact,0.022958899263377564,63,,,,,,0.0002585000002000015,a6cf323a3fd29fcb5aed295af6105dd3c4504da0
dv3-A-thomas-000651,3,A,thomas,651,,,,3:1:1:651,,test,1,252.0455889923328,0.19335006009383726,0.22975362215916448,,,,,,,,,1303.5712989693886,0.014471808808033233,,,,,,,,0.5192988520243075,0.3825648751175916,,1,251,1,exact,0.05382089553143832,1550,,,,,,0.00020787500034202822,89a6036877ecf54c5b89a73777f6383ed1f2fb3d
dv3-A-thomas-000652,3,A,thomas,652,,,,3:1:1:652,,test,1,224.75867242107702,4.381242971770348,0.6571005544119282,,,,,,,,,51.30020724010607,0.04383021535530783,,,,,,,,3.5263147115833626,1.0941441931398608,,1,321,1,exact,0.16300529346746254,103,,,,,,0.0001451659991289489,6d5224b00793f4c654355f894bd52a0c05f27bbe
dv3-A-thomas-000653,3,A,thomas,653,,,,3:1:1:653,,test,1,650.9915325991592,1.791153897805951,0.534100575103034,,,,,,,,,363.4481288272226,0.020933188090572975,,,,,,,,3.205781285486337,0.8893357932480184,,1,713,1,exact,0.07785087160198541,542,,,,,,0.00021391700283857062,ceed63039e22d1d361625dda1628fe926a8543a7
dv3-A-thomas-000654,3,A,thomas,654,,,,3:1:1:654,,test,1,582.0448684730334,1.9945167638859225,0.15309387052699003,,,,,,,,,291.82250007216476,0.006345700499824871,,,,,,,,8.218076757037057,0.2549180156944502,,1,559,1,exact,0.023599764770613044,325,,,,,,0.00016362499809474684,9aa25efbe4a00e515a7a98127f059c2e74ace6b9
dv3-A-thomas-000655,3,A,thomas,655,,,,3:1:1:655,,test,1,286.36694248744476,3.8894485557481397,0.2776880945854931,,,,,,,,,73.62661785672128,0.016409517794657245,,,,,,,,6.852857377748576,0.46238100722149433,,1,266,1,exact,0.06102726719670863,87,,,,,,0.0001322089992754627,eb109b661e24c160b888b03b22a340d5d07cf3aa
dv3-A-thomas-000656,3,A,thomas,656,,,,3:1:1:656,,test,1,204.4332671422612,15.203466423577147,0.29666931093589055,,,,,,,,,13.44649052042706,0.020748984115574593,,,,,,,,15.133711160675308,0.49398680561730496,,1,189,1,exact,0.07716581398227997,20,,,,,,0.00012279200018383563,a558e3dd672431f80454de7bfb367f6ebb39e9dd
dv3-A-thomas-000657,3,A,thomas,657,,,,3:1:1:657,,test,1,126.54609017150804,16.191019356621794,0.385159824720244,,,,,,,,,7.81581983099497,0.03423864859168372,,,,,,,,10.56430633561939,0.6413331762070595,,1,133,1,exact,0.12733409855219566,11,,,,,,0.00011495899889268912,26ba7f8a92398cc2ef6fb6a205197f929555052b
dv3-A-thomas-000658,3,A,thomas,658,,,,3:1:1:658,,test,1,105.39292150284074,9.246104707794833,0.15835695046461123,,,,,,,,,11.398629458953707,0.015425221467004556,,,,,,,,9.425418080517284,0.2636816186363664,,1,133,1,exact,0.0573666529275948,19,,,,,,0.00011812499724328518,5c82c9994e328421a14cd0c967652c07dee54a68
dv3-A-thomas-000659,3,A,thomas,659,,,,3:1:1:659,,test,1,262.9358044777826,0.10295115450904933,0.5657695211124564,,,,,,,,,2553.9859725873275,0.034891101741919006,,,,,,,,0.11511821302198307,0.9420680473093159,,1,249,1,exact,0.12976058257390818,4099,,,,,,0.00035600000046542846,9f58a2c80e3a9d688e5ed80761f99ec5ac83c6ab
dv3-A-thomas-000660,3,A,thomas,660,,,,3:1:1:660,,test,1,601.8654072508847,13.511957786653102,0.1437040233909194,,,,,,,,,44.54316811479368,0.005857593590007376,,,,,,,,31.06660888354562,0.2392828946320472,,1,608,1,exact,0.021784487126336953,48,,,,,,0.0001642499992158264,881a0038225cdad027cd117630f50f1030158b64
dv3-A-thomas-000661,3,A,thomas,661,,,,3:1:1:661,,test,1,434.13014889246887,0.19761159009119297,1.4750713270557019,,,,,,,,,2196.886066713639,0.07079507521979793,,,,,,,,0.09730473225718765,2.456154870253458,,1,446,1,exact,0.26328805183150344,5144,,,,,,0.0011437499997555278,691f9b48a2824f2db05f011f2218faebfdd93b23
dv3-A-thomas-000662,3,A,thomas,662,,,,3:1:1:662,,test,1,765.616627471023,2.6460403417027085,1.2091572132001538,,,,,,,,,289.3442762019093,0.04369956285923713,,,,,,,,2.240101235489238,2.0133788269287587,,1,737,1,exact,0.16251939468070967,482,,,,,,0.0001894999986689072,f2766a905319c6ddc20f5bae7da66eac2b52cd83
dv3-A-thomas-000663,3,A,thomas,663,,,,3:1:1:663,,test,1,397.9066181673949,11.975607023156492,0.8245509632266226,,,,,,,,,33.226425800211004,0.041335854710678584,,,,,,,,9.42564928132075,1.3729674131376917,,1,464,1,exact,0.1537287251094145,66,,,,,,0.00011466700016171671,3e0a109837edb3f79cda3d45dd037be0da04ebba
dv3-A-thomas-000664,3,A,thomas,664,,,,3:1:1:664,,test,1,115.41142966994613,11.325372131001163,0.12936858362922096,,,,,,,,,10.190519864157766,0.01204216054573031,,,,,,,,11.725513032474929,0.2154128216788963,,1,110,1,exact,0.04478499359007499,14,,,,,,7.325000115088187e-05,8bccce42523973296245c72191bd83578e259841
dv3-A-thomas-000665,3,A,thomas,665,,,,3:1:1:665,,test,1,213.65176368339158,2.772314385722309,0.16847420290215526,,,,,,,,,77.06621037776925,0.011526041240326274,,,,,,,,5.877106415755048,0.28052794897461386,,1,162,1,exact,0.04286553738481545,72,,,,,,7.104099859134294e-05,d6429acd4a75fa720d34c2aa0b6bf9cf9b96ca97
dv3-A-thomas-000666,3,A,thomas,666,,,,3:1:1:666,,test,1,303.970896496472,0.16376271226964056,0.13559551423675728,,,,,,,,,1856.1667200282695,0.007777308392078084,,,,,,,,0.7863620995071375,0.22578134126022303,,1,295,1,exact,0.028923938122611202,2098,,,,,,0.00011954100045841187,8f45e8a696a16da08a59de7c1a55973a46f37905
dv3-A-thomas-000667,3,A,thomas,667,,,,3:1:1:667,,test,1,557.3971808408576,23.977039193328952,0.4048308262160982,,,,,,,,,23.247123064132968,0.01714712014819276,,,,,,,,31.073006268039315,0.6740875422099863,,1,570,1,exact,0.06377042250921812,30,,,,,,0.00034225000126753,6546de0d9b31beba3c6ffea83916e4e594765815
dv3-A-thomas-000668,3,A,thomas,668,,,,3:1:1:668,,test,1,348.76884262256164,7.664592136353921,0.2790210270140517,,,,,,,,,45.50390111018647,0.014940601863567939,,,,,,,,12.650101792813567,0.4646004853010105,,1,331,1,exact,0.055564344633239025,60,,,,,,0.00019049999900744297,aa18419ff6917369968da0184ce63b81325005ec
dv3-A-thomas-000669,3,A,thomas,669,,,,3:1:1:669,,test,1,243.9590228650153,1.3629726805231908,0.11840258756919103,,,,,,,,,178.9903982311437,0.007580585509167333,,,,,,,,4.549501906773294,0.1971532405074662,,1,212,1,exact,0.028192322477999757,178,,,,,,0.00015370899927802384,0245ee54798c0bd0e4fe5db1b0bdf0bae99db0f6
dv3-A-thomas-000670,3,A,thomas,670,,,,3:1:1:670,,test,1,577.4374698639992,12.096746192515482,0.15067926638190338,,,,,,,,,47.734941336644084,0.006270483309163552,,,,,,,,28.239699122975644,0.25089743606422543,,1,613,1,exact,0.023320030798553937,59,,,,,,0.00015574999997625127,00d8c529361e186491a0e9837cfbb2be795f0527
dv3-A-thomas-000671,3,A,thomas,671,,,,3:1:1:671,,test,1,107.71763773755248,1.0397210116295432,0.1394980397391195,,,,,,,,,103.60244386013495,0.01344078686775869,,,,,,,,2.0997568338972346,0.2322794724645274,,2,97,1,exact,0.049986507938690784,110,,,,,,0.00012016699838568456,17407bce8f32790e97d0b53055bcdb9a7610e10c
dv3-A-thomas-000672,3,A,thomas,672,,,,3:1:1:672,,test,1,143.03369532770975,4.327341287498776,0.30690259826288935,,,,,,,,,33.0534815317014,0.025661461416447227,,,,,,,,4.6421593638365755,0.511026346720094,,1,127,1,exact,0.09543539804865211,47,,,,,,0.00012841699935961515,342f130548662294b77dd58a93f806e8798bbaaf
dv3-A-thomas-000673,3,A,thomas,673,,,,3:1:1:673,,test,1,135.49592530181306,2.8018154052334103,0.28099257979689923,,,,,,,,,48.36004722107141,0.024139692524787745,,,,,,,,3.370800245582194,0.46788333602201154,,1,159,1,exact,0.08977591445351688,73,,,,,,0.00012466699990909547,bc4aa6fb1ba9e8340ed46dd3e79ddda1d675905d
dv3-A-thomas-000674,3,A,thomas,674,,,,3:1:1:674,,test,1,741.9540521186798,0.45846646455943507,1.054028598026725,,,,,,,,,1618.3387651519138,0.0386958052676838,,,,,,,,0.45219573104562677,1.7550727391584666,,1,748,1,exact,0.14391033770849881,2710,,,,,,0.00047774999984540045,6dffceafa3efbe098390a15a6f78cd4cd9e170ff
dv3-A-thomas-000675,3,A,thomas,675,,,,3:1:1:675,,test,1,253.0440482412649,1.1693812911419146,1.1880202451815978,,,,,,,,,216.39139445626364,0.07468369181159289,,,,,,,,0.5563908781144398,1.9781834665492757,,1,225,1,exact,0.2777498810420054,517,,,,,,0.0002137080009561032,c064cbcf80bcc1f976e3daf39ae45db0af00eade
dv3-A-thomas-000676,3,A,thomas,676,,,,3:1:1:676,,test,1,143.1195507030335,0.19621621855999716,1.0890975703859471,,,,,,,,,729.397150517768,0.09103686781438697,,,,,,,,0.07263456416687976,1.813466408450931,,1,135,1,exact,0.33856761218595477,2076,,,,,,0.0002361250008107163,6bbc015b677b19920cf3fe1aaf3d90973e2f7efc
dv3-A-thomas-000677,3,A,thomas,677,,,,3:1:1:677,,test,1,271.90788569265305,0.14527592247594173,1.0946003933948558,,,,,,,,,1871.6651807024807,0.06638113876631133,,,,,,,,0.08013412489268962,1.8226292097918342,,1,279,1,exact,0.24687254939523298,4101,,,,,,0.0008668750015203841,ed99ece407205404a91f4f4c78c95845ca43b82c
dv3-A-thomas-000678,3,A,thomas,678,,,,3:1:1:678,,test,1,150.70404094219876,0.48872774976432654,0.11867762510703724,,,,,,,,,308.35990183669946,0.00966732675948698,,,,,,,,1.4880807909135192,0.1976112080482168,,1,159,1,exact,0.03595294758881892,351,,,,,,0.00021166700025787577,9bb29d57db9f8227770893b6b415531ab0aa276c
dv3-A-thomas-000679,3,A,thomas,679,,,,3:1:1:679,,test,1,112.21876230941747,0.8952118321633176,0.45023559908533345,,,,,,,,,125.35442258201174,0.04250177750582216,,,,,,,,0.7524291611095368,0.7496914482516858,,1,148,1,exact,0.158064811205322,257,,,,,,0.00028500000189524144,186cf662519386f64d4a900f6742523e29b1925e
dv3-A-thomas-000680,3,A,thomas,680,,,,3:1:1:680,,test,1,790.7481309177216,2.2460971571567234,1.1929016924952005,,,,,,,,,352.05428598587844,0.0424214557397151,,,,,,,,1.9738188054077614,1.9863116094894022,,1,834,1,exact,0.15776609323302895,650,,,,,,0.0011909999993804377,15498d39259378d81c489ad9a8314624afcf0441
dv3-A-thomas-000681,3,A,thomas,681,,,,3:1:1:681,,test,1,120.84990816970954,0.1365302573409049,0.5994469170614481,,,,,,,,,885.1511051353048,0.05452900443402507,,,,,,,,0.09128162116804812,0.9981445898875493,,1,109,1,exact,0.20279426642562515,1791,,,,,,0.0002594170000520535,cbae06ced2261199f59970c7cd32427b129c26dd
dv3-A-thomas-000682,3,A,thomas,682,,,,3:1:1:682,,test,1,318.6098286294463,28.24916743022198,0.18344386842855812,,,,,,,,,11.278556418218047,0.010277171778587743,,,,,,,,33.198937480883,0.30545407709760414,,1,332,1,exact,0.03822097126842769,14,,,,,,0.0001450829986424651,c2235b7626ed5672ae392af4e800ea589cb7e5cb
dv3-A-thomas-000683,3,A,thomas,683,,,,3:1:1:683,,test,1,381.34899094357485,1.3805491548258648,1.0639625234072845,,,,,,,,,276.2299260482878,0.05448350392744856,,,,,,,,0.9185642389801154,1.771613809923429,,1,346,1,exact,0.2026250492915705,541,,,,,,0.0001928329984366428,a004c2163c16aefe00f76fcbe1bd7f394d510d8a
dv3-A-thomas-000684,3,A,thomas,684,,,,3:1:1:684,,test,1,274.2782079699166,0.6936073922655339,0.21776040006267516,,,,,,,,,395.4372618118156,0.013148713243966425,,,,,,,,1.8764033990120437,0.36259485039945044,,1,287,1,exact,0.04890028131684057,493,,,,,,0.0001633749998291023,80da4f408f265d7bc50f5533fabda87bddbf54fa
dv3-A-thomas-000685,3,A,thomas,685,,,,3:1:1:685,,test,1,462.68667226535405,15.017048928694809,0.4062110750577955,,,,,,,,,30.81075878904844,0.018884620642522925,,,,,,,,20.076951381616357,0.6763858072853866,,1,438,1,exact,0.0702322154911194,41,,,,,,0.000154958001076011,b5c90d789a2d44d39fad923bd6ebc76d20bb6ae8
dv3-A-thomas-000686,3,A,thomas,686,,,,3:1:1:686,,test,1,425.59626807485864,3.659159459224052,0.2178222959209189,,,,,,,,,116.30984460160941,0.010558529211443568,,,,,,,,9.20688777819316,0.3626979137638352,,1,422,1,exact,0.039267344199524,141,,,,,,0.00015287499991245568,5615699c1e6ef37b6d6ec4868a56904ce7488b22
dv3-A-thomas-000687,3,A,thomas,687,,,,3:1:1:687,,test,1,290.5287634407535,1.9926908795937512,1.3111034778363468,,,,,,,,,145.79720638857114,0.07692055366544916,,,,,,,,0.9112715019314419,2.18313049235509,,1,305,1,exact,0.2860688071521838,381,,,,,,0.00018195799930253997,279b1b088b5d5fdf7e8ebf2c232d536e6638e648
dv3-A-thomas-000688,3,A,thomas,688,,,,3:1:1:688,,test,1,186.664790310892,1.199949687090897,0.10758835136650469,,,,,,,,,155.56051417741818,0.007874700573998005,,,,,,,,3.681336804174269,0.1791463560740761,,1,154,1,exact,0.02928614125272589,158,,,,,,0.0001357910005026497,ff0b452879b33ff2023b925f3808225f82d21cd4
dv3-A-thomas-000689,3,A,thomas,689,,,,3:1:1:689,,test,1,102.24222333532632,0.4940751913449817,0.4527172098103982,,,,,,,,,206.93656578263003,0.04477255326466383,,,,,,,,0.4020563653241568,0.7538236011561879,,1,110,1,exact,0.16650986368722734,370,,,,,,0.00016954099919530563,56b0ef3849022e586293e757bc9655d281831553
dv3-A-thomas-000690,3,A,thomas,690,,,,3:1:1:690,,test,1,116.77729466243416,0.2560921835524843,0.11827765495192832,,,,,,,,,455.99710636424584,0.010945194924827494,,,,,,,,0.7644216208457331,0.19694521405429405,,1,111,1,exact,0.0407053603619593,543,,,,,,0.00015250000069499947,4812bc59a404825ebd91441d60659d0dad815e64
dv3-A-thomas-000691,3,A,thomas,691,,,,3:1:1:691,,test,1,154.24847183625522,0.2385531120532882,0.14816155986509974,,,,,,,,,646.6001240084391,0.01192957870116803,,,,,,,,0.6903012176344969,0.24670517972401212,,1,183,1,exact,0.04436629985418487,797,,,,,,0.00016600000162725337,9cbd8244c88d17ffdf2af6fdec33accb1669f671
dv3-A-thomas-000692,3,A,thomas,692,,,,3:1:1:692,,test,1,362.80819219991554,0.45043291452952855,0.41482021930082413,,,,,,,,,805.4655432515718,0.021778169535993264,,,,,,,,0.7947766375354565,0.690720972760697,,1,411,1,exact,0.08099337152740764,1138,,,,,,0.00020670800222433172,c2ec1e43e4574512d26f6b54e830461ac5283b58
dv3-A-thomas-000693,3,A,thomas,693,,,,3:1:1:693,,test,1,432.9187355262118,0.9128512782693943,0.18615350444095755,,,,,,,,,474.2489229427927,0.008946806113132755,,,,,,,,3.3972780446908137,0.3099659170109683,,1,425,1,exact,0.03327331942691637,545,,,,,,0.0003006669976457488,71c74a0d247868bd290fe036383fcf4204fbec0b
dv3-A-thomas-000694,3,A,thomas,694,,,,3:1:1:694,,test,1,483.43206874707266,1.2824900912515917,0.14650969078739925,,,,,,,,,376.9479951890214,0.006663442027308674,,,,,,,,5.531397439656559,0.24395463728867542,,1,534,1,exact,0.024781450749439177,445,,,,,,0.00021329200171749108,2f3cc1d10f20fdf84ce78e97e34157299c860cb4
dv3-A-thomas-000695,3,A,thomas,695,,,,3:1:1:695,,test,1,147.71041495366777,8.933637676859119,0.200087035187721,,,,,,,,,16.534184650927063,0.016463167240433965,,,,,,,,9.938571302713111,0.3331667675568193,,1,149,1,exact,0.06122679036998782,24,,,,,,0.00014141599967842922,71937129cc7772e9e819766e95420a36bbc3f6e2
dv3-A-thomas-000696,3,A,thomas,696,,,,3:1:1:696,,test,1,258.9371922043128,0.2161855454884592,0.7687747055076266,,,,,,,,,1197.7544179434321,0.04777512899978441,,,,,,,,0.17193366772773905,1.2800938520235512,,1,271,1,exact,0.17767649234496996,2207,,,,,,0.0002538330008974299,65af35c24f0b92bd3fd4b168d18ff84af0c56f28
dv3-A-thomas-000697,3,A,thomas,697,,,,3:1:1:697,,test,1,181.49211123799085,0.22947170214597437,0.25006126341999424,,,,,,,,,790.9128207997422,0.018561691262582527,,,,,,,,0.4610147086023794,0.41637931586447186,,1,189,1,exact,0.06903123580348308,1030,,,,,,0.00017341599959763698,066660a0d12196752a2c50e7b30a1b275e09320f
dv3-A-thomas-000698,3,A,thomas,698,,,,3:1:1:698,,test,1,106.06972865761026,19.488669144797427,0.33373385145329965,,,,,,,,,5.442635814150807,0.032404440818335656,,,,,,,,11.82355912178503,0.5557033138537255,,3,117,1,exact,0.12051264960536326,8,,,,,,0.00011641700257314369,03893f129cbb18367d15f374d64f824468db2a5b
dv3-A-thomas-000699,3,A,thomas,699,,,,3:1:1:699,,test,1,176.92302969388402,17.41121835418591,0.3490212241645574,,,,,,,,,10.161438797380262,0.0262397476182942,,,,,,,,14.320627450597009,0.5811584591402135,,1,65,1,exact,0.09758605396663256,6,,,,,,0.00011254100172664039,6c87fb58664a7935f809d1b97cce55acf51287ba
dv3-A-thomas-000700,3,A,thomas,700,,,,3:1:1:700,,test,1,588.6127103111505,0.39294512155292,0.23403490119568066,,,,,,,,,1497.951439083788,0.009646412068024053,,,,,,,,1.5396068111535106,0.3896936723246002,,1,587,1,exact,0.03587516550648008,1692,,,,,,0.00024050000138231553,d49611ee58201bdb422e0949c445266511473e87
dv3-A-thomas-000701,3,A,thomas,701,,,,3:1:1:701,,test,1,174.3556825791732,0.16096113600465184,0.2031365360555992,,,,,,,,,1083.2160290800523,0.015384025434518523,,,,,,,,0.3913420646167858,0.33824451957538204,,1,167,1,exact,0.057213444203643875,1398,,,,,,0.0001943339993886184,e4b0fc8bbf5d737e6f93c58e663fdc6a295724fc
dv3-A-thomas-000702,3,A,thomas,702,,,,3:1:1:702,,test,1,329.869173317945,0.8719994266732398,0.3775781298229395,,,,,,,,,378.2905850941062,0.020789113245176367,,,,,,,,1.5609464789002363,0.6287088261127761,,1,364,1,exact,0.07731505487681595,479,,,,,,0.00017587500042282045,52831c930547e6eea42c13619976076951253100
dv3-A-thomas-000703,3,A,thomas,703,,,,3:1:1:703,,test,1,303.9793228111235,23.643307412011204,0.5609966065301009,,,,,,,,,12.856886623937259,0.032176456339227666,,,,,,,,18.957510957442047,0.934120623220912,,1,256,1,exact,0.11966477156913262,19,,,,,,0.00013995799963595346,7c494b7ce7abcde33394b32c2c6d21831f75f222
dv3-A-thomas-000704,3,A,thomas,704,,,,3:1:1:704,,test,1,461.1210654941708,2.5956172309167957,1.4926936938545958,,,,,,,,,177.6537233617064,0.06951254940411931,,,,,,,,1.28786704529809,2.485498035729321,,1,450,1,exact,0.25851831717997215,409,,,,,,0.0002484579999872949,50676b7a925a4690ff99f0f3e58d6d3796436bff
dv3-A-thomas-000705,3,A,thomas,705,,,,3:1:1:705,,test,1,462.04890257714067,1.6136908410024575,1.1762206897152396,,,,,,,,,286.33049828188064,0.054719843022417544,,,,,,,,1.0701857742334207,1.9585359179230206,,1,475,1,exact,0.20350399828191784,599,,,,,,0.00018812499911291525,7615b62d2990d06f59587c3011e87de5edbc18bc
dv3-A-thomas-000706,3,A,thomas,706,,,,3:1:1:706,,test,1,131.3925182686159,0.2712521993286672,1.0717402405611507,,,,,,,,,484.3924531996587,0.09349840865728637,,,,,,,,0.09864480354835505,1.7845645584848924,,1,143,1,exact,0.34772212316032014,1436,,,,,,0.00013683399811270647,4b4e0015137795c046f3c6a7b0d8db3e665c2708
dv3-A-thomas-000707,3,A,thomas,707,,,,3:1:1:707,,test,1,310.47249833033754,20.199723356810534,0.7166402844374059,,,,,,,,,15.370136157120127,0.040671449375338495,,,,,,,,14.532114218062558,1.1932843466994527,,1,497,1,exact,0.15125779071426,34,,,,,,9.745799980009906e-05,1bad02ad1c29b342187e4138dc33457cc80db2a6
dv3-A-thomas-000708,3,A,thomas,708,,,,3:1:1:708,,test,1,636.9952225467121,7.2821599342373915,0.27653284086822855,,,,,,,,,87.47339090313731,0.01095667116521549,,,,,,,,16.93436182858706,0.460457383602763,,1,820,1,exact,0.0407480406891533,130,,,,,,0.00010900000052060932,b94d57ac793de63c9874466648b8b0a62f2ddf45
dv3-A-thomas-000709,3,A,thomas,709,,,,3:1:1:709,,test,1,406.72995017296853,0.37524352098992886,0.7607646486095125,,,,,,,,,1083.9093213387814,0.03772222027376856,,,,,,,,0.37951157450417616,1.2667562324112305,,1,377,1,exact,0.14028955906613574,1706,,,,,,0.00013470799967763014,c1a5bd55260747e879f3eb3152166de9b23e7520
dv3-A-thomas-000710,3,A,thomas,710,,,,3:1:1:710,,test,1,111.32886948186153,0.3058474325713215,0.7673573948587532,,,,,,,,,364.001321004715,0.07272668349827173,,,,,,,,0.14995726420051403,1.2777338749912264,,1,99,1,exact,0.2704717348625902,838,,,,,,9.133400089922361e-05,6d980fb607e668082f15eac1fc37b335320804bd
dv3-A-thomas-000711,3,A,thomas,711,,,,3:1:1:711,,test,1,522.2519473783169,1.4752776760537014,0.19350453804798623,,,,,,,,,354.00247414799657,0.008467420357631563,,,,,,,,5.424876923056381,0.3222061908635822,,1,482,1,exact,0.031490475899314814,392,,,,,,9.4292001449503e-05,7aeaf226a1e3bfaf11cb766400ea462337dc14eb
dv3-A-thomas-000712,3,A,thomas,712,,,,3:1:1:712,,test,1,779.8485952144733,15.09680979093828,1.0992192488570982,,,,,,,,,51.656515913883354,0.03936218315334459,,,,,,,,12.992973565675253,1.8303201086185559,,1,785,1,exact,0.14638860805081438,81,,,,,,0.000103832997410791,076ef8ba941b59dacd0c93df7890f44db90b3711
dv3-A-thomas-000713,3,A,thomas,713,,,,3:1:1:713,,test,1,112.65151334201869,1.3806836326202847,0.9415817965530157,,,,,,,,,81.59111231602473,0.08871346422519537,,,,,,,,0.5325174590964513,1.5678365330047248,,3,156,1,exact,0.3299268359353843,249,,,,,,8.033300036913715e-05,e9303fdd0c2fbbb073fc23a3b08043f83065379f
dv3-A-thomas-000714,3,A,thomas,714,,,,3:1:1:714,,test,1,204.2168426031078,2.7703580878776664,0.578989011722736,,,,,,,,,73.71496251575029,0.04051581159776628,,,,,,,,2.459755162049733,0.9640799430388043,,1,168,1,exact,0.15067897125370924,103,,,,,,7.241700222948566e-05,e21c899cbb0f10c65bdd8b651c1fcaddc5876fdb
dv3-A-thomas-000715,3,A,thomas,715,,,,3:1:1:715,,test,1,130.49978310234908,2.6484825643264496,0.15835644041369046,,,,,,,,,49.273415977928934,0.013862157727201034,,,,,,,,4.409897138154596,0.26368076934587437,,1,106,1,exact,0.05155359311144749,53,,,,,,6.175000089569949e-05,9d16592d5ce33a90fb88c1facb9712685da3d639
dv3-A-thomas-000716,3,A,thomas,716,,,,3:1:1:716,,test,1,621.835889592993,2.0872054022026254,0.7707738040965468,,,,,,,,,297.9275010196746,0.030909291769141332,,,,,,,,2.5502458903228367,1.28342256952028,,1,622,1,exact,0.11495216564319619,425,,,,,,0.00010895800005528145,dc2dee4d0e61f0cdbe4fe033b2a817583c8e8e57
dv3-A-thomas-000717,3,A,thomas,717,,,,3:1:1:717,,test,1,122.84131180322262,0.17783259621896613,0.36783234521214925,,,,,,,,,690.7693775778177,0.03318774109005824,,,,,,,,0.19765330188221367,0.6124810302786499,,1,115,1,exact,0.12342575622896146,1028,,,,,,8.624999827588908e-05,0fccbf126c168ebf5560c681baa1cc056cad669f
dv3-A-thomas-000718,3,A,thomas,718,,,,3:1:1:718,,test,1,118.6503094850967,0.5341403838277493,0.23520854799750168,,,,,,,,,222.13319396452766,0.021593282333895774,,,,,,,,0.854277752472283,0.39164792243805335,,1,87,1,exact,0.08030577297485729,275,,,,,,6.854200182715431e-05,4bfd76ee71dcff08e765a4b1c1c9dadb95e0a7bf
dv3-A-thomas-000719,3,A,thomas,719,,,,3:1:1:719,,test,1,781.8084570684689,1.9391795304793207,0.21323297093767657,,,,,,,,,403.1645573709329,0.0076261295017029575,,,,,,,,7.77466825489687,0.35505618641003595,,1,854,1,exact,0.02836170133705321,496,,,,,,0.000855709000461502,366920876ff07a28739b00000a2fd3539e09c062
dv3-A-thomas-000720,3,A,thomas,720,,,,3:1:1:720,,test,1,336.64783623608747,0.3554081976177126,0.7001999830740782,,,,,,,,,947.214607014202,0.03816226844863173,,,,,,,,0.3577410272536048,1.1659094492817312,,1,336,1,exact,0.14192610548284657,1519,,,,,,0.0002733330002229195,a69280bdd90342efc10b0765e032ec8c16f6d809
dv3-A-thomas-000721,3,A,thomas,721,,,,3:1:1:721,,test,1,408.37568359845784,0.15483151077820778,1.1137902412735967,,,,,,,,,2637.5489171803383,0.05511546440742204,,,,,,,,0.10321734277761735,1.8545824024695552,,1,392,1,exact,0.20497532073474836,5267,,,,,,0.00040499999886378646,c9674c41fb0b6afcd9b8f0ccee9cbd42763d1d01
dv3-A-thomas-000722,3,A,thomas,722,,,,3:1:1:722,,test,1,301.10565630971706,1.6405170369027033,0.44900516116645717,,,,,,,,,183.54314495764373,0.0258756862269084,,,,,,,,2.3143212094135177,0.7476426347254782,,1,277,1,exact,0.09623210365035083,276,,,,,,0.00016029200196499005,a5bf9d7b813bb10ff8a025419f3d5abc7dae9bf8
dv3-A-thomas-000723,3,A,thomas,723,,,,3:1:1:723,,test,1,131.31420254717574,1.8363283713211904,0.9828435273895059,,,,,,,,,71.5091073023604,0.08576864156487289,,,,,,,,0.7229693835705454,1.6365418215492602,,1,132,1,exact,0.3189749919149016,201,,,,,,0.00014870800077915192,377c81246c2c8dfdba5f507fb0126e93f702f8b5
dv3-A-thomas-000724,3,A,thomas,724,,,,3:1:1:724,,test,1,609.9277105374107,4.650451411198226,0.8786377358807175,,,,,,,,,131.15451740205538,0.035577110202284774,,,,,,,,4.746575410955209,1.4630277970893013,,1,651,1,exact,0.13231185934717055,217,,,,,,0.000191791001270758,b832b4debf65c2fd79c4cda3beca5dfb6999c722
dv3-A-thomas-000725,3,A,thomas,725,,,,3:1:1:725,,test,1,489.46063246395084,17.8154854306452,0.3381950423558093,,,,,,,,,27.473886937821412,0.015286510304777836,,,,,,,,25.551776245379564,0.5631316839680038,,1,465,1,exact,0.05685078382855691,31,,,,,,0.00014612500308430754,3569c196faeaa5694e22b7702f3c24c1f52ef3b8
dv3-A-thomas-000726,3,A,thomas,726,,,,3:1:1:726,,test,1,189.34947619177808,4.151919382005044,0.3054697167367936,,,,,,,,,45.60528728289938,0.02219913785616846,,,,,,,,5.439891287813093,0.5086404424765064,,1,166,1,exact,0.08255895964999377,53,,,,,,0.0001283330020669382,949301e453b477924469e657a9eeac0fbc61f956
dv3-A-thomas-000727,3,A,thomas,727,,,,3:1:1:727,,test,1,433.8009603952944,7.393229344800357,0.12044098206695264,,,,,,,,,58.675436695384775,0.005782678313646239,,,,,,,,19.195583464981873,0.200547389984406,,1,372,1,exact,0.021505875978537415,54,,,,,,0.00026775000151246786,4f45134cbafda251b504ebea1750663e95bb6ee3
dv3-A-thomas-000728,3,A,thomas,728,,,,3:1:1:728,,test,1,258.52400362273397,0.33387836267179566,1.2221456123306371,,,,,,,,,774.3059524850509,0.07601031221870973,,,,,,,,0.15635699563193303,2.03500593010404,,1,261,1,exact,0.2826836042060148,1961,,,,,,0.0002757500005827751,51bf655ba06a5e8f6338656874f4d588843c3d8f
dv3-A-thomas-000729,3,A,thomas,729,,,,3:1:1:729,,test,1,134.0957657637542,0.19639083403378912,0.34702121422422133,,,,,,,,,682.8005310099297,0.029967360525121018,,,,,,,,0.24050942231595623,0.5778282241438374,,2,138,1,exact,0.11144910781851886,1070,,,,,,0.00018745899797067977,303d1c1cd87cabc785cdc86f1d06f42d57919939
dv3-A-thomas-000730,3,A,thomas,730,,,,3:1:1:730,,test,1,153.80605156155946,4.81380687709384,0.6407900672967546,,,,,,,,,31.95102244201667,0.051668881420464115,,,,,,,,3.034721637980809,1.066985450623929,,1,102,1,exact,0.19215742178776077,49,,,,,,0.00025262499912059866,49b24e522930264403d2f89db8b589af12cdab0f
dv3-A-thomas-000731,3,A,thomas,731,,,,3:1:1:731,,test,1,124.50635441449982,5.8102559532194045,0.3309140804035714,,,,,,,,,21.428721112623638,0.02965647221550251,,,,,,,,5.2446048147249575,0.551008087074005,,1,115,1,exact,0.11029290906991218,35,,,,,,0.00014954099970054813,3a8713c6cec54f6691b95bf10b16500f417a94ef
dv3-A-thomas-000732,3,A,thomas,732,,,,3:1:1:732,,test,1,791.1847992513711,1.1708003230044255,0.17937102260666807,,,,,,,,,675.7640766796924,0.006376954477227128,,,,,,,,5.858680850467234,0.2986723439585063,,1,826,1,exact,0.023715998827808102,752,,,,,,0.00022737499966751784,e286c121fe90a38f62b749f6799e53019e1752b5
dv3-A-thomas-000733,3,A,thomas,733,,,,3:1:1:733,,test,1,442.06205349750974,2.1810756099206965,0.48212480128650514,,,,,,,,,202.6807559934078,0.02293072861509522,,,,,,,,3.446300864310018,0.8027904529291371,,1,361,1,exact,0.08527975774304943,258,,,,,,0.000191791001270758,e154586558e1983667a3e4673132d8b4f7e3680f
dv3-A-thomas-000734,3,A,thomas,734,,,,3:1:1:734,,test,1,202.8265657846012,0.3675241838327292,0.13240813617041847,,,,,,,,,551.8727058160433,0.009297201714677161,,,,,,,,1.3224863872859227,0.22047400864695646,,1,190,1,exact,0.03457644644549118,595,,,,,,0.00011954200090258382,8ba85b5597ffa1c72959de50adc5fd78b2f8a650
dv3-A-thomas-000735,3,A,thomas,735,,,,3:1:1:735,,test,1,674.4342617134056,19.830989177552595,0.37375842010272264,,,,,,,,,34.009108455206146,0.014392000750989562,,,,,,,,31.40309336719099,0.6223485922310753,,1,750,1,exact,0.05352408805162072,42,,,,,,9.741700341692194e-05,3665185667a41de24803b1b57632903c3bc50c10
dv3-A-thomas-000736,3,A,thomas,736,,,,3:1:1:736,,test,1,145.34361712782948,28.21366851448254,0.1278213899649515,,,,,,,,,5.15153203324914,0.010602433417293536,,,,,,,,22.564883089873902,0.21283657523981325,,2,239,1,exact,0.039430624664860865,10,,,,,,7.245899905683473e-05,ce407f1e5b4a6da721efee0fbba8e968c6f425e4
dv3-A-thomas-000737,3,A,thomas,737,,,,3:1:1:737,,test,1,251.88532612638318,0.2511315734023121,0.43668651199261127,,,,,,,,,1003.0014255629401,0.027514925677952155,,,,,,,,0.35831372733385203,0.7271307383796395,,1,213,1,exact,0.10232846219239188,1448,,,,,,0.00010937499973806553,c6e777293202e3d036dc288e5e1b24c8373e7453
dv3-A-thomas-000738,3,A,thomas,738,,,,3:1:1:738,,test,1,105.01199737592077,19.3324660239981,0.13016978332291784,,,,,,,,,5.431898716157862,0.012702544423826371,,,,,,,,15.454620854335799,0.21674690667778726,,3,149,1,exact,0.0472409721194434,9,,,,,,6.291600220720284e-05,7163ce630c01e40dcd53643ee172e4336ab90ce0
dv3-A-thomas-000739,3,A,thomas,739,,,,3:1:1:739,,test,1,253.45050064289393,16.34782361393584,1.4235667638956944,,,,,,,,,15.503623395278005,0.0894192994797067,,,,,,,,5.752701390302407,2.370394147144404,,1,215,1,exact,0.33255184888292777,37,,,,,,7.704200106672943e-05,20823978c2e143c168f6983dd39b419637eed7fe
dv3-A-thomas-000740,3,A,thomas,740,,,,3:1:1:740,,test,1,555.2145880523324,0.15921541401756206,1.1759853219611258,,,,,,,,,3487.1911835815727,0.04990814944610797,,,,,,,,0.11943165724417236,1.95814400490501,,1,534,1,exact,0.18560923054866132,6610,,,,,,0.00046741700134589337,1702d7c3521aff559342d0646a1505964ad556e9
dv3-A-thomas-000741,3,A,thomas,741,,,,3:1:1:741,,test,1,690.5784382472951,13.89146528076278,0.12355747380564855,,,,,,,,,49.7124258881188,0.004701782261491448,,,,,,,,35.4370606521792,0.2057366891197783,,1,629,1,exact,0.017486005741509787,51,,,,,,8.412500028498471e-05,3a4fed7cf1ba416cc8359a97fcbde655e98c0200
dv3-A-thomas-000742,3,A,thomas,742,,,,3:1:1:742,,test,1,100.52968602650701,0.9525746734837462,0.32389739113285704,,,,,,,,,105.53470381366625,0.03230429643624173,,,,,,,,1.0130569965180356,0.539324533059217,,1,94,1,exact,0.12014021099743019,162,,,,,,6.541699985973537e-05,c80d6e8ca36fcdced424f68a9f56045130348c0f
dv3-A-thomas-000743,3,A,thomas,743,,,,3:1:1:743,,test,1,123.50053298778472,23.58933494177424,0.1770744196227656,,,,,,,,,5.235439375150769,0.01593387519301812,,,,,,,,17.494532918065012,0.29484824915001323,,1,248,1,exact,0.0592583445200277,11,,,,,,6.500000017695129e-05,c721243c9ed5c3fcc19637fd0b55ce51d110acc6
dv3-A-thomas-000744,3,A,thomas,744,,,,3:1:1:744,,test,1,698.7876504878376,1.5929272592329766,0.16607987146213618,,,,,,,,,438.68145669395886,0.006282672034583946,,,,,,,,7.306791747198355,0.2765411256125584,,1,690,1,exact,0.023365360869329076,465,,,,,,0.00010279200068907812,144652040c2083fcfbffd1020b14e3c1da86b162
dv3-A-thomas-000745,3,A,thomas,745,,,,3:1:1:745,,test,1,116.84543535099942,2.530820748672912,0.3066048355454065,,,,,,,,,46.168989017602186,0.028364368858072787,,,,,,,,2.7178895684236535,0.5105305392731515,,1,91,1,exact,0.10548755538271841,55,,,,,,6.0917001974303275e-05,a0595f4e319a66d12355cff62426426867859233
dv3-A-thomas-000746,3,A,thomas,746,,,,3:1:1:746,,test,1,639.8289679907539,13.360452422781336,0.3079683567560804,,,,,,,,,47.88976808148809,0.012175145119068188,,,,,,,,25.145907247980997,0.5128009510158673,,1,730,1,exact,0.04527956541062985,61,,,,,,8.541600254829973e-05,413591c3010a19942d9ed2a689cb8176b9ec6fd7
dv3-A-thomas-000747,3,A,thomas,747,,,,3:1:1:747,,test,1,267.47876265580214,0.32522032514257726,0.15112554136577858,,,,,,,,,822.4540164841754,0.00924045203085528,,,,,,,,1.2639149414155577,0.2516405326555647,,1,293,1,exact,0.034365393435813206,934,,,,,,9.254199903807603e-05,3b400ff39845db2b1308798e3cdef6a5755d75ae
dv3-A-thomas-000748,3,A,thomas,748,,,,3:1:1:748,,test,1,211.00086704560414,1.3621130242525155,0.516991904708603,,,,,,,,,154.90701820533192,0.03559111737682324,,,,,,,,1.4092239135490814,0.8608479883926969,,1,239,1,exact,0.13236395226019376,258,,,,,,8.008299846551381e-05,c1b46431ed553cef396b9d0ba98a33faf5d99067
dv3-A-thomas-000749,3,A,thomas,749,,,,3:1:1:749,,test,1,198.84855807221803,6.033644836543987,0.790239731422085,,,,,,,,,32.9566229798366,0.056039936972295416,,,,,,,,3.6909513305589714,1.315835464630955,,1,203,1,exact,0.20841344944386395,74,,,,,,7.30419997125864e-05,8fc5b4c31c9a74d64957386c2f6d3a14ad3906dc
dv3-A-thomas-000750,3,A,thomas,750,,,,3:1:1:750,,test,1,214.80738173126514,4.896297345523146,0.263863824591191,,,,,,,,,43.871392313963725,0.018003429910049894,,,,,,,,7.136677778668605,0.439362087762204,,1,254,1,exact,0.06695505263022143,60,,,,,,6.762499833712354e-05,ae74e40785e0688bdc76222d3785fc50ba2285eb
dv3-A-thomas-000751,3,A,thomas,751,,,,3:1:1:751,,test,1,133.8147891135384,1.9847918558212503,1.073756721193006,,,,,,,,,67.42006156518093,0.09282262336030792,,,,,,,,0.7133494376856543,1.7879222189816149,,1,106,1,exact,0.3452088665002287,188,,,,,,7.416699736495502e-05,2d3c5b0fc7f18ca6483319b0cb56578f2f9d54e2
dv3-A-thomas-000752,3,A,thomas,752,,,,3:1:1:752,,test,1,798.6259611122987,2.524998994115509,0.7529966915954948,,,,,,,,,316.2876353509409,0.026645345513809458,,,,,,,,3.5906913590966987,1.2538217355486398,,1,801,1,exact,0.09909447922651993,459,,,,,,0.0001160829997388646,a24ee48d1fa7c9eb563430922c2eade2c1174ea7
dv3-A-thomas-000753,3,A,thomas,753,,,,3:1:1:753,,test,1,358.1394901425673,0.2108446858224336,0.14781003348908325,,,,,,,,,1698.5938665970482,0.007810481532974884,,,,,,,,0.9979534412027872,0.24611984991341995,,1,359,1,exact,0.029047309580480747,1901,,,,,,0.0001161660002253484,80994fb343daaf47a0d5e9f5e32d2ba22e7c0a83
dv3-A-thomas-000754,3,A,thomas,754,,,,3:1:1:754,,test,1,170.3534144055367,9.90542634811122,0.37220263671146536,,,,,,,,,17.197989104024778,0.028517012374859218,,,,,,,,8.94597387065212,0.6197580429583677,,1,121,1,exact,0.10605523913804507,22,,,,,,6.662499799858779e-05,7b24f9439a137fc4b54f40b4e389545309cf30f8
dv3-A-thomas-000755,3,A,thomas,755,,,,3:1:1:755,,test,1,206.33160087426208,1.982659788123138,0.10331616513669523,,,,,,,,,104.06808173054415,0.007192591639791738,,,,,,,,5.649543593192232,0.17203269938337154,,1,178,1,exact,0.026749366881536178,110,,,,,,6.349999966914766e-05,bcd51279f77e115599442a68d7d543bd77adc359
dv3-A-thomas-000756,3,A,thomas,756,,,,3:1:1:756,,test,1,463.0469715067153,1.3601580514346479,0.13792126723928286,,,,,,,,,340.4361507975557,0.00640941975794312,,,,,,,,5.849001570165059,0.22965397403355609,,1,439,1,exact,0.02383673774199582,370,,,,,,8.53750025271438e-05,a21acfa7c3ccf51d1817a03f0aa03ae37c6475ae
dv3-A-thomas-000757,3,A,thomas,757,,,,3:1:1:757,,test,1,688.0014455454951,4.892005526421457,0.8823574231989428,,,,,,,,,140.63791257586212,0.0336395260503408,,,,,,,,5.308795258323208,1.4692214827470078,,1,823,1,exact,0.12510595194413324,238,,,,,,0.00010633399870130233,31fc312fec194dcb65258366c369b151c29147b9
dv3-A-thomas-000758,3,A,thomas,758,,,,3:1:1:758,,test,1,506.4385274007982,7.211522846234655,0.13151129671515577,,,,,,,,,70.22629452879352,0.005843858496079791,,,,,,,,19.885846972244767,0.21898067299906224,,1,545,1,exact,0.021733406085590982,82,,,,,,7.974999971338548e-05,b12a2a350b75a04c8a1214865306e8c1fb13aa4d
dv3-A-thomas-000759,3,A,thomas,759,,,,3:1:1:759,,test,1,701.0472837609527,0.42890406994442487,0.21071142848371896,,,,,,,,,1634.5083502047223,0.007958192423333954,,,,,,,,2.0018967285129308,0.3508575428154913,,1,694,1,exact,0.029596648816807465,1846,,,,,,0.00013925000166636892,112670d6dd3fb02d83ec4875392ef748a09d715f
dv3-A-thomas-000760,3,A,thomas,760,,,,3:1:1:760,,test,1,335.8897882864254,18.618561986284515,0.6883316035165404,,,,,,,,,18.040587051452246,0.03755772775562914,,,,,,,,14.538944256467301,1.1461473010265357,,1,412,1,exact,0.13967780867944116,39,,,,,,7.745800030534156e-05,ca0548fcd83b0103d710625b789e532b2ada3107
dv3-A-thomas-000761,3,A,thomas,761,,,,3:1:1:761,,test,1,177.11647575266642,16.75953142002544,1.004004084112207,,,,,,,,,10.568104281306784,0.07544075018918998,,,,,,,,6.8838687912029455,1.671776459697558,,1,260,1,exact,0.2805653936287413,32,,,,,,7.229199763969518e-05,a1654b9d3333ccb927729655b4b780a9ff688876
dv3-A-thomas-000762,3,A,thomas,762,,,,3:1:1:762,,test,1,205.44416772518014,3.4207289834791257,0.10635081371449072,,,,,,,,,60.058592398696476,0.0074198292096354646,,,,,,,,8.08268225704213,0.17708572071674514,,1,233,1,exact,0.027594467149899885,74,,,,,,6.458300049416721e-05,e7294a5e32703a97c163e4634a7d8bee7e6d523d
dv3-A-thomas-000763,3,A,thomas,763,,,,3:1:1:763,,test,1,559.5294335848064,0.1717790360608268,0.3121151922776818,,,,,,,,,3257.262623051846,0.013194819085608852,,,,,,,,0.5220628292721123,0.5197058850863109,,1,525,1,exact,0.049071749701984566,4001,,,,,,0.00017233300241059624,75346ae438fd65455b9fdd96b6e01438301f8621
dv3-A-thomas-000764,3,A,thomas,764,,,,3:1:1:764,,test,1,389.73985035330327,24.67132855110153,0.3420561325134849,,,,,,,,,15.797278591869835,0.017326465334060185,,,,,,,,28.048755786269425,0.5695608207977406,,1,368,1,exact,0.06443741021204619,18,,,,,,6.87079991621431e-05,7f1cdabc1ac11e09f5d3d24ac917fd41d2d172bd
dv3-A-thomas-000765,3,A,thomas,765,,,,3:1:1:765,,test,1,402.77292117627513,10.66732714823037,0.3726853597857264,,,,,,,,,37.75762340269954,0.018570012679523025,,,,,,,,15.085271200941019,0.6205618296011443,,1,323,1,exact,0.06906218329026714,48,,,,,,7.308299973374233e-05,d8f5e73ee5f100f5c1578f4e255b0d5fd9b6315a
dv3-A-thomas-000766,3,A,thomas,766,,,,3:1:1:766,,test,1,165.3925763306691,24.345724847433093,0.7503602303814567,,,,,,,,,6.793495669861207,0.058346095957505346,,,,,,,,11.264024690989697,1.2494317396668684,,1,86,1,exact,0.21699009272794142,9,,,,,,5.9124999097548425e-05,9d3e13240d568d456b821a9b5274abc1c4c6e5a1
dv3-A-thomas-000767,3,A,thomas,767,,,,3:1:1:767,,test,1,628.3647123185518,6.818074947817287,0.38807979313339946,,,,,,,,,92.1616023771804,0.01548157482529141,,,,,,,,13.300661428101591,0.6461952425406743,,1,547,1,exact,0.057576231996074395,104,,,,,,0.0004320410007494502,f6346c489e1e210d1cc1e32e2062ee48b3664453
dv3-A-thomas-000768,3,A,thomas,768,,,,3:1:1:768,,test,1,241.47891496798923,0.334154549318408,1.2715420979092829,,,,,,,,,722.6563740058186,0.08182596492307755,,,,,,,,0.14417245690690614,2.1172564737910124,,1,235,1,exact,0.30431211248724366,1793,,,,,,0.00026420799986226484,34eb1f21be1f7efccdfd879bdff4e5c6843e0655
dv3-A-thomas-000769,3,A,thomas,769,,,,3:1:1:769,,test,1,133.8039517862078,15.102036349522152,0.38475929054259606,,,,,,,,,8.859994022623415,0.03326248143760048,,,,,,,,10.329820417794647,0.6406662430540053,,1,108,1,exact,0.12370371681359975,9,,,,,,0.00012358400272205472,80da7a950ca01200e637ddba924493f53fee38d9
dv3-A-thomas-000770,3,A,thomas,770,,,,3:1:1:770,,test,1,524.3336725768974,0.8625253287497415,0.16888358544270707,,,,,,,,,607.9052464893246,0.007375365817231459,,,,,,,,3.8016701917188587,0.28120961561834157,,1,529,1,exact,0.0274291070605501,687,,,,,,0.00023070799943525344,57f5d119ed077f38d00d5a9bc749fbfd4fc6f407
dv3-A-thomas-000771,3,A,thomas,771,,,,3:1:1:771,,test,1,712.8380585233022,3.4394243061341214,1.368527854208046,,,,,,,,,207.25505057691618,0.0512575922359971,,,,,,,,2.4225505028188,2.278748351037316,,1,772,1,exact,0.1906278305304383,391,,,,,,0.00023354100267169997,28e64d1d5905a8e15efa1f4d7f4075f7afdbfecf
dv3-A-thomas-000772,3,A,thomas,772,,,,3:1:1:772,,test,1,541.9041626783039,0.12072314559387885,0.13732123378272215,,,,,,,,,4488.817450974212,0.00589897360891351,,,,,,,,0.7874839136590857,0.22865485279133907,,1,503,1,exact,0.021938380098817333,4850,,,,,,0.00036295799873187207,9eabfe72d4d68f61ec2dadb4521f4c3bce619777
dv3-A-thomas-000773,3,A,thomas,773,,,,3:1:1:773,,test,1,741.8445309801857,1.8462007617184737,0.1906642831967469,,,,,,,,,401.82224293400503,0.007000239444314017,,,,,,,,7.817156319729232,0.3174768563170575,,1,823,1,exact,0.026034005895540942,439,,,,,,0.00019141600205330178,ee9feef0ea7f30765a1ec6f1909e3c804fd573b9
dv3-A-thomas-000774,3,A,thomas,774,,,,3:1:1:774,,test,1,229.7656964241443,1.9656673974437588,1.3606778635297223,,,,,,,,,116.88940698866034,0.08976617593425788,,,,,,,,0.7510965096389073,2.2656772591637497,,1,239,1,exact,0.33384188813582005,323,,,,,,0.00016658299864502624,7250c1f69be3f7e0e52b871ec4636f7a38b2a709
dv3-A-thomas-000775,3,A,thomas,775,,,,3:1:1:775,,test,1,792.1142163805208,1.3300722139053045,0.19090713948167246,,,,,,,,,595.5422631187422,0.0067831007291462185,,,,,,,,6.223816137324323,0.31788123855678435,,1,887,1,exact,0.02522646343420123,712,,,,,,0.0002249589997518342,6143847b27646dc6292279ddc6cf74e5f3557048
dv3-A-thomas-000776,3,A,thomas,776,,,,3:1:1:776,,test,1,228.81637883432288,0.5130735456264817,0.9635891178702997,,,,,,,,,445.9718899654623,0.06370130545045044,,,,,,,,0.2973108126593063,1.6044811266885926,,1,226,1,exact,0.23690620511527297,959,,,,,,0.00019320800129207782,24abc54c7197d56fbeddee8a08fe179e2d071628
dv3-A-thomas-000777,3,A,thomas,777,,,,3:1:1:777,,test,1,279.0538894252992,2.37156449199033,0.19705223000499772,,,,,,,,,117.66658270005715,0.011796069265819834,,,,,,,,5.666716206628061,0.32811348545913616,,1,260,1,exact,0.043869776063161045,124,,,,,,0.0001457920006942004,555afd605b56e36b1ea0e28f10820587e59fa5e9
dv3-A-thomas-000778,3,A,thomas,778,,,,3:1:1:778,,test,1,364.2911055398245,3.0644408505708967,0.2881543920303921,,,,,,,,,118.87685985910223,0.015097358212179442,,,,,,,,6.242319249471753,0.4798085356204918,,1,365,1,exact,0.05614732407792505,144,,,,,,0.00014725000073667616,b964cb17e2e888d2b34f83dcd89b688535de499f
dv3-A-thomas-000779,3,A,thomas,779,,,,3:1:1:779,,test,1,275.53645159552127,4.266736037541785,0.18866251804011658,,,,,,,,,64.57780588514386,0.01136569757710449,,,,,,,,8.922141270478118,0.3141436986938428,,1,230,1,exact,0.042269216657955286,75,,,,,,0.00013512499936041422,e2d2207220f0b42b29738769c6204211329d5c2c
dv3-A-thomas-000780,3,A,thomas,780,,,,3:1:1:780,,test,1,109.64146552357843,0.16870271043091506,0.7213223740789442,,,,,,,,,649.9093301081098,0.06888774798896571,,,,,,,,0.0882041165281228,1.2010805373412854,,1,105,1,exact,0.2561946704168799,1515,,,,,,0.00019587499991757795,725f57969fd5f21737f74ecdc2e866f9e7ab9be0
dv3-A-thomas-000781,3,A,thomas,781,,,,3:1:1:781,,test,1,543.0579727073342,0.8880417176652803,0.14205979342059918,,,,,,,,,611.5230421100814,0.006096043842771623,,,,,,,,4.418565307799896,0.23654507214485962,,1,543,1,exact,0.02267128754732826,663,,,,,,0.00018383299902779981,a7b3f6fb1fd919e3337755fbc2eb4f9a77f5b8f2
dv3-A-thomas-000782,3,A,thomas,782,,,,3:1:1:782,,test,1,130.0526232808994,0.1444691308535061,0.21102456995103697,,,,,,,,,900.210463734116,0.018504334287491393,,,,,,,,0.2859252334398296,0.35137895756061194,,1,136,1,exact,0.06881792426756328,1202,,,,,,0.00017895899873110466,9a7be6c5ee93050f8d1bbf68be7d48f3ae84d9ea
dv3-A-thomas-000783,3,A,thomas,783,,,,3:1:1:783,,test,1,106.86987823606546,4.304641839480815,0.11284900267545091,,,,,,,,,24.826659736447457,0.010916164409084425,,,,,,,,6.318677035268009,0.18790591508398805,,1,84,1,exact,0.04059739539532954,22,,,,,,0.00011533400174812414,51d414069c12e5759f4a9025f14c365e7aae8703
dv3-A-thomas-000784,3,A,thomas,784,,,,3:1:1:784,,test,1,108.52002433273209,0.2603678206684137,0.19148653472143184,,,,,,,,,416.79507111954376,0.018381599468578043,,,,,,,,0.5029549112333518,0.31884599491387333,,1,128,1,exact,0.06836147145268512,545,,,,,,0.00014154200107441284,96e1dc7fdf21e18f1c43e8c42e7b80fc681e2325
dv3-A-thomas-000785,3,A,thomas,785,,,,3:1:1:785,,test,1,434.48424230853976,3.3484672842844496,0.11390685354556865,,,,,,,,,129.75615570375413,0.00546465615151526,,,,,,,,11.704450680848995,0.18966735232365545,,1,398,1,exact,0.020323146314832046,131,,,,,,0.00013979199866298586,8b3845c5824ad1f3e2b7296f9d56739cce92ec93
dv3-A-thomas-000786,3,A,thomas,786,,,,3:1:1:786,,test,1,343.95193692361727,6.130282114123648,1.2277983412501643,,,,,,,,,56.107032355196395,0.06620307508609224,,,,,,,,3.1738862445779876,2.0444183411591936,,1,434,1,exact,0.2462103276330373,138,,,,,,0.0001683750015217811,ac3d79198175a3ee8b4ba34b1a95c29d5b8522d2
dv3-A-thomas-000787,3,A,thomas,787,,,,3:1:1:787,,test,1,635.6543714860964,0.4312530425704358,0.14519009571056987,,,,,,,,,1473.9707520608995,0.005758726758624721,,,,,,,,2.5723752454161177,0.2417573673565248,,1,652,1,exact,0.02141679975056009,1633,,,,,,0.00023345799854723737,58cacdc2bb8260333ec6a836cf8ee74e283f7629
dv3-A-thomas-000788,3,A,thomas,788,,,,3:1:1:788,,test,1,100.32772350498898,2.2741336585708742,0.28415283546468095,,,,,,,,,44.11689837440671,0.02836883589863938,,,,,,,,2.431837246660546,0.4731455068793094,,1,100,1,exact,0.10550416838022676,59,,,,,,0.00011679100134642795,0e99ed0cf7c34e5c11f0907a9f9602128ec12e4c
dv3-A-thomas-000789,3,A,thomas,789,,,,3:1:1:789,,test,1,173.85714843287974,11.756096997531143,0.2429257434556047,,,,,,,,,14.788679309926659,0.01842371744495203,,,,,,,,12.552567971877917,0.4044978957657512,,1,253,1,exact,0.068518108901154,23,,,,,,0.0001229170011356473,ff3605e08d46a9e9e37bd7f94727e7a0fd4939d5
dv3-A-thomas-000790,3,A,thomas,790,,,,3:1:1:790,,test,1,277.82918877999685,9.440321395131688,0.31159849282091767,,,,,,,,,29.43005615500247,0.018694179693567858,,,,,,,,12.462533691209781,0.5188455240556875,,1,313,1,exact,0.06952396246244968,42,,,,,,0.00015604199870722368,a6134522c89fd074e8dea4ad5d42e8a9d65b70aa
dv3-A-thomas-000791,3,A,thomas,791,,,,3:1:1:791,,test,1,201.36719877379088,7.612803808799652,0.10148640087167903,,,,,,,,,26.451121535672602,0.007151769134295401,,,,,,,,13.42841806590713,0.16898594203102993,,1,238,1,exact,0.026597547310617697,35,,,,,,0.00010187500083702616,fa58bd8683be650e37b6def1f5ea85f8a2e53b70
dv3-A-thomas-000792,3,A,thomas,792,,,,3:1:1:792,,test,1,485.8019940431572,23.958432925636192,0.6828466670960371,,,,,,,,,20.276868506008817,0.030980865582198272,,,,,,,,21.608588079495462,1.137014282808942,,1,549,1,exact,0.11521834983388186,33,,,,,,9.620800119591877e-05,cafa8975e0f5dac11745fdd0e5874a8971fa6df7
dv3-A-thomas-000793,3,A,thomas,793,,,,3:1:1:793,,test,1,755.129024185599,18.14830123271737,0.2083692906394719,,,,,,,,,41.608799330720196,0.007582687038769512,,,,,,,,38.55368968168861,0.34695762749110165,,1,691,1,exact,0.028200138101234933,42,,,,,,8.98750004125759e-05,0b8c602d5bda1ecb0b81922b8608b9746cfc44a8
dv3-A-thomas-000794,3,A,thomas,794,,,,3:1:1:794,,test,1,311.92439428637164,1.4779787317867554,0.1748722864792828,,,,,,,,,211.04795865991966,0.009901393449690082,,,,,,,,4.4318918839298975,0.2911814569440336,,1,305,1,exact,0.0368234454683803,245,,,,,,8.058299863478169e-05,1e0f5ae82dda917ed9fd3b406802fb1d4f652ad1
dv3-A-thomas-000795,3,A,thomas,795,,,,3:1:1:795,,test,1,463.33728892923904,0.12420014560515001,0.15595478574136765,,,,,,,,,3730.5696114258544,0.0072451950172793935,,,,,,,,0.669722480979186,0.2596817520021728,,1,445,1,exact,0.02694499970960342,4130,,,,,,0.00018016700050793588,1fea06538f7f06ef7a3e80a7b59184218d5cf009
dv3-A-thomas-000796,3,A,thomas,796,,,,3:1:1:796,,test,1,612.0744269907976,6.369585312515436,0.14674625588332554,,,,,,,,,96.09329288488345,0.005931505153098097,,,,,,,,19.249549904567075,0.2443485440115802,,1,604,1,exact,0.022059365447937143,101,,,,,,8.57499981066212e-05,27249a06faa04d1f247dcb407f2a0c6abc055187
dv3-A-thomas-000797,3,A,thomas,797,,,,3:1:1:797,,test,1,650.2066356961742,5.78169344499231,0.2618464775658162,,,,,,,,,112.45954872604612,0.010268831729350288,,,,,,,,14.721378081832967,0.4360029846256418,,1,723,1,exact,0.038189954487824085,154,,,,,,9.591599882696755e-05,30d7d35a7ba7f0f20ce950527a3be563be941e64
dv3-A-thomas-000798,3,A,thomas,798,,,,3:1:1:798,,test,1,386.82497472740914,0.7669945705103458,0.20415810048241834,,,,,,,,,504.33860890308785,0.01038028705031792,,,,,,,,2.5460788833338728,0.33994553592366794,,1,381,1,exact,0.03860445866389446,599,,,,,,9.491699893260375e-05,0ef75164d8ae79d82d5f07f17b2e7258e6690b57
dv3-A-thomas-000799,3,A,thomas,799,,,,3:1:1:799,,test,1,214.25170779089012,0.10843447765855618,1.0843168210966754,,,,,,,,,1975.8633270271882,0.07407881881201495,,,,,,,,0.052932380608837634,1.805505938719787,,1,229,1,exact,0.27550034838496795,4685,,,,,,0.00017458299771533348,bcfae6b6fdf4200424588e9e4fe119488e0e4d15
dv3-A-thomas-000800,3,A,thomas,800,,,,3:1:1:800,,test,1,185.15324392529186,0.11624444387634028,0.2362112867684116,,,,,,,,,1592.7922036622765,0.01735941088655452,,,,,,,,0.2552852610303192,0.3933175920130687,,1,192,1,exact,0.06455993526489506,2033,,,,,,0.0001078750028682407,87efaf6cadf5f7c0c033584d6e143cb565fd04b5
dv3-A-thomas-000801,3,A,thomas,801,,,,3:1:1:801,,test,1,102.97252575669175,12.147268656503613,0.1986108373510786,,,,,,,,,8.477010648937986,0.0195723178366142,,,,,,,,10.2607209592025,0.330708736925064,,1,106,1,exact,0.07278977269294647,10,,,,,,5.8833000366576016e-05,f0d0e41fbc763f9ee2dfacf2cac1b797cdc6dcf4
dv3-A-thomas-000802,3,A,thomas,802,,,,3:1:1:802,,test,1,170.9104461579162,11.12015518837961,0.5904208061642457,,,,,,,,,15.369429946131955,0.045162434996029156,,,,,,,,7.259244308085474,0.983115129390976,,1,120,1,exact,0.16795984027355298,24,,,,,,6.308299998636357e-05,e1bb4afe1b3cc6172516f3de98b27dd79c35ca46
dv3-A-thomas-000803,3,A,thomas,803,,,,3:1:1:803,,test,1,713.3226988527125,0.17085477498810656,0.13257566656544859,,,,,,,,,4175.023489407117,0.00496387455118731,,,,,,,,1.2892099958442604,0.22075296505273925,,1,734,1,exact,0.018460731287599525,4455,,,,,,0.00018491700029699132,115a7ebf68616f4e294f375bb75d8c37c3cfdf25
dv3-A-thomas-000804,3,A,thomas,804,,,,3:1:1:804,,test,1,141.50642255058185,3.5443065610695026,0.6204030653981882,,,,,,,,,39.92499523175613,0.05215378822464856,,,,,,,,2.2508314105992744,1.0330388657472647,,1,136,1,exact,0.19396079818643236,72,,,,,,6.616700193262659e-05,08d4406119f2f233b3b320c4ff71f9bf5a1273dc
dv3-A-thomas-000805,3,A,thomas,805,,,,3:1:1:805,,test,1,217.84697439532135,7.128121474083798,0.25698250409825757,,,,,,,,,30.561624852685604,0.017411163363994023,,,,,,,,9.66943288555808,0.42790393754771255,,1,217,1,exact,0.06475240358165575,35,,,,,,6.466700142482296e-05,9a13f03bdf9afcbd0075e674460377b77b06eb65
dv3-A-thomas-000806,3,A,thomas,806,,,,3:1:1:806,,test,1,613.5259500860645,0.3007326900596763,1.1994594301076802,,,,,,,,,2040.1039539942224,0.04842494040028314,,,,,,,,0.2327827287335773,1.9972309588654666,,1,593,1,exact,0.1800931516558618,3746,,,,,,0.0001998329971684143,3f38d1309dce73ef52359a4a68a3951874c9ce7e
dv3-A-thomas-000807,3,A,thomas,807,,,,3:1:1:807,,test,1,269.8593311552209,22.169315496037427,0.5613681941770047,,,,,,,,,12.172650581090602,0.034172683405875495,,,,,,,,16.90423865136189,0.9347393572386701,,1,146,1,exact,0.12708877293870874,11,,,,,,6.241600203793496e-05,9262f1ea5113090f24eae51a21f7b1d8c0ae64f4
dv3-A-thomas-000808,3,A,thomas,808,,,,3:1:1:808,,test,1,205.13075125978776,0.5628799600213532,0.6097537071566298,,,,,,,,,364.4307238296528,0.04257347145308889,,,,,,,,0.5070099464580874,1.0153065211275052,,1,199,1,exact,0.15833144217711437,633,,,,,,8.575000174460001e-05,a66ce8a0e2639b840ededa9586cafbf981bdd800
dv3-A-thomas-000809,3,A,thomas,809,,,,3:1:1:809,,test,1,126.02850865596302,0.3319305818221422,0.7146197645226028,,,,,,,,,379.68333006294876,0.06365618759623529,,,,,,,,0.18614637764508865,1.189919960355442,,1,124,1,exact,0.23673841107165844,822,,,,,,8.554200030630454e-05,d98f10c3c9d3ad71e55df5280e957c1321ccaeaa
dv3-A-thomas-000810,3,A,thomas,810,,,,3:1:1:810,,test,1,309.1367822922719,8.102216419239287,0.6173556122970006,,,,,,,,,38.15459453270153,0.035112363147344124,,,,,,,,7.531047191853192,1.0279645234839034,,1,308,1,exact,0.13058345738827928,57,,,,,,7.291600195458159e-05,d7c98461443c05a9014af850729e060b4dec8a5d
dv3-A-thomas-000811,3,A,thomas,811,,,,3:1:1:811,,test,1,114.15128429304322,5.9237521677613865,0.29731656981135285,,,,,,,,,19.270097914339573,0.027827789698596988,,,,,,,,5.4490854665205015,0.4950645623400627,,1,91,1,exact,0.10349200864287596,25,,,,,,5.9041001804871485e-05,78bb4b916c53276dcd88fe490cc849f890e0ea19
dv3-A-thomas-000812,3,A,thomas,812,,,,3:1:1:812,,test,1,112.28396738984338,0.1218032716719192,0.13292933439227814,,,,,,,,,921.8468917015928,0.012544748400201873,,,,,,,,0.3456573235176958,0.2213418606128294,,2,122,1,exact,0.04665412610624454,1091,,,,,,8.137499753502198e-05,02ab28c5cc26459db060db21cf52556e065a5f8c
dv3-A-thomas-000813,3,A,thomas,813,,,,3:1:1:813,,test,1,623.4242957397237,3.0351189070642937,0.530762589687784,,,,,,,,,205.40358214259496,0.021257316693567504,,,,,,,,5.131167622993608,0.8837776829491313,,1,677,1,exact,0.07905631121992979,279,,,,,,9.804200090002269e-05,d637ffe4d59ac8d5cd2a7b3eba808bbfcdb25504
dv3-A-thomas-000814,3,A,thomas,814,,,,3:1:1:814,,test,1,259.62757988561157,0.41281667783172626,0.7339516261956366,,,,,,,,,628.9173713845007,0.04555038211204047,,,,,,,,0.34436862502594406,1.2221096215117362,,1,254,1,exact,0.16940262199348402,1134,,,,,,0.00010362499961047433,fe0308035a202225c3c395672663cd5edddfe58b
dv3-A-thomas-000815,3,A,thomas,815,,,,3:1:1:815,,test,1,179.84239710940957,8.620201472731964,0.19374277145131225,,,,,,,,,20.862899513230623,0.014447059673200863,,,,,,,,11.130575136485454,0.3226028755005239,,1,171,1,exact,0.05372885309099597,22,,,,,,6.112499977461994e-05,a8903afe5c98fc6cebdc8d4ce0aaf9541c83b77c
dv3-A-thomas-000816,3,A,thomas,816,,,,3:1:1:816,,test,1,193.54032209425827,4.076139748007188,0.10128416890477827,,,,,,,,,47.48127739950023,0.007280410026049559,,,,,,,,8.884488482337304,0.1686492037178965,,1,276,1,exact,0.027075964907755132,64,,,,,,6.68339998810552e-05,158ca84b4dd2367e88815f6e69d6ad1b2b048f5f
dv3-A-thomas-000817,3,A,thomas,817,,,,3:1:1:817,,test,1,348.03957857890447,7.6632549085169845,0.43702668147383145,,,,,,,,,45.41667773469095,0.02342575707739243,,,,,,,,9.768386832614112,0.7276971577199695,,1,357,1,exact,0.08712077675510253,66,,,,,,7.529200229328126e-05,db1bccb09ef7cd48246837dac15bd5b42f087ccf
dv3-A-thomas-000818,3,A,thomas,818,,,,3:1:1:818,,test,1,438.21693458902945,8.653950418068398,0.3690459788490351,,,,,,,,,50.63779123047501,0.01762933373413882,,,,,,,,13.51741918590865,0.6145018628399407,,1,441,1,exact,0.06556378278486222,63,,,,,,7.687499964958988e-05,85b279867252a6c77907c123c538b95add9ea621
dv3-A-thomas-000819,3,A,thomas,819,,,,3:1:1:819,,test,1,797.1311071997785,1.9976680622048688,0.8965865548588378,,,,,,,,,399.0308111148195,0.031756113336736516,,,,,,,,2.398515677841357,1.4929145410994389,,1,779,1,exact,0.1181015090133221,590,,,,,,0.00012216700270073488,8162dd59588284758ebe1a12b9aaf4d3cb9570f4
dv3-A-thomas-000820,3,A,thomas,820,,,,3:1:1:820,,test,1,618.9061319502961,16.477750254346866,0.1744481328580069,,,,,,,,,37.56011120432095,0.007012194159618702,,,,,,,,33.90262476325272,0.2904751948375686,,1,674,1,exact,0.026078465678837995,37,,,,,,7.966600242070854e-05,482c59a8f2865bb9f439748f96be677869e17e70
dv3-A-thomas-000821,3,A,thomas,821,,,,3:1:1:821,,test,1,101.61007676214051,0.501685302061279,0.23521706011661006,,,,,,,,,202.5374798596934,0.023334603612271854,,,,,,,,0.7518249607522776,0.39166209604608215,,1,88,1,exact,0.0867817755156127,278,,,,,,6.466700142482296e-05,2fc6800459581e5584b8cbc5a065809276d78f1e
dv3-A-thomas-000822,3,A,thomas,822,,,,3:1:1:822,,test,1,144.14023028544952,0.6391035889569728,0.7504638853510988,,,,,,,,,225.53500367708568,0.06250822859259982,,,,,,,,0.35817679653039286,1.249604336512758,,1,131,1,exact,0.23246913261251084,477,,,,,,7.895800081314519e-05,6141b306af0a134cc49337862c7ffa25b598cd36
dv3-A-thomas-000823,3,A,thomas,823,,,,3:1:1:823,,test,1,120.66357447520488,1.5374843581163702,0.7578595420719463,,,,,,,,,78.48117207711587,0.06899230104465112,,,,,,,,0.7747586687160175,1.26191891272372,,1,130,1,exact,0.2565835049545787,186,,,,,,6.933300028322265e-05,b6595c972906e061093e257a6518a22dcc6ad649
dv3-A-thomas-000824,3,A,thomas,824,,,,3:1:1:824,,test,1,354.1216819171194,0.18482255466674058,1.0928085865863724,,,,,,,,,1916.0090204122948,0.058072141235409054,,,,,,,,0.11664869450902329,1.8196456557504208,,1,351,1,exact,0.21597125060019687,3963,,,,,,0.00019483299911371432,7c279a1464ca83737dfc8ce02cb611e91e8669fe
dv3-A-thomas-000825,3,A,thomas,825,,,,3:1:1:825,,test,1,286.14915603941404,0.19922177737162663,0.2438845922322273,,,,,,,,,1436.3347211064872,0.014417439223101205,,,,,,,,0.537676082194242,0.4060944837065113,,1,306,1,exact,0.05361869414876872,1760,,,,,,0.00012216700270073488,8e539c8ff006a2a3e989ca1d23d25f3b5c977524
dv3-A-thomas-000826,3,A,thomas,826,,,,3:1:1:826,,test,1,178.30279941918675,9.253470759901246,0.5427079034005464,,,,,,,,,19.26874834811599,0.040643122414957884,,,,,,,,6.824671623868351,0.9036679349757025,,1,176,1,exact,0.15115244228162167,29,,,,,,6.391699935193174e-05,0c9bbb5cebdba0c5a64437752e8b6d13b52adc0c
dv3-A-thomas-000827,3,A,thomas,827,,,,3:1:1:827,,test,1,255.5253776643296,0.3436473032536015,1.0976576353828207,,,,,,,,,743.568697455366,0.06866728609349186,,,,,,,,0.1820408827736177,1.8277198516208444,,1,289,1,exact,0.25537476899319783,1695,,,,,,0.00011879200246767141,752043c1f15b981e7713eaf2439dcef4eced04d3
dv3-A-thomas-000828,3,A,thomas,828,,,,3:1:1:828,,test,1,192.7132287525165,0.8296228298618143,0.12974174735871455,,,,,,,,,232.29017068469014,0.009345961310509895,,,,,,,,2.5598314381669702,0.21603418004630967,,1,195,1,exact,0.03475778418621728,277,,,,,,7.029200060060248e-05,72bbb7afef94da7f5f9e762577c04e4e79ce1875
dv3-A-thomas-000829,3,A,thomas,829,,,,3:1:1:829,,test,1,173.18084331259396,1.461577293938936,0.2570379401395721,,,,,,,,,118.48900775262686,0.01953202660283664,,,,,,,,2.4096672995838935,0.42799624461135405,,1,163,1,exact,0.07263992893030836,152,,,,,,6.454199683503248e-05,52ab73a82213c6082adc10cc3c7f34ff643a1a38
dv3-A-thomas-000830,3,A,thomas,830,,,,3:1:1:830,,test,1,443.73865247491597,0.24950268517283775,0.7810900194684083,,,,,,,,,1778.4924926460224,0.037079806443486116,,,,,,,,0.25691145990645486,1.3006001948753583,,1,432,1,exact,0.13790041144083062,2973,,,,,,0.00015220800196402706,60c7e7aec19b0c7cb96efb526a5ed55ac9133a1d
dv3-A-thomas-000831,3,A,thomas,831,,,,3:1:1:831,,test,1,695.926567982057,14.802867211428302,0.35382862480822486,,,,,,,,,47.0129575603285,0.01341254698069803,,,,,,,,26.541278161244485,0.5891633062873491,,1,671,1,exact,0.049881483333164785,58,,,,,,8.270900070783682e-05,deeb68bb1c1d5b15c387eeaa4dfb6a00c9e12dcc
dv3-A-thomas-000832,3,A,thomas,832,,,,3:1:1:832,,test,1,275.1944079475084,0.6680753338678432,0.30530131687493245,,,,,,,,,411.9212220488095,0.018403858066526863,,,,,,,,1.3564801849936075,0.5083600383134849,,1,241,1,exact,0.0684442515453999,510,,,,,,8.00420020823367e-05,05c153d2638cd176b6a61fb065e076cccab082ed
dv3-A-thomas-000833,3,A,thomas,833,,,,3:1:1:833,,test,1,529.4766910560271,10.28891911311054,0.13760086420210876,,,,,,,,,51.46086631989821,0.0059799525569824395,,,,,,,,25.125353078517044,0.22912046798149965,,1,588,1,exact,0.022239542141660542,65,,,,,,8.008300210349262e-05,9255eddec99ce0fd89c2a7e20f2f13c21570ef97
dv3-A-thomas-000834,3,A,thomas,834,,,,3:1:1:834,,test,1,117.54635347636095,2.794573434878178,0.17370111894646179,,,,,,,,,42.062359861187566,0.01602131043654672,,,,,,,,4.1620407683768885,0.28923133508425697,,1,119,1,exact,0.05958351763212039,56,,,,,,6.304199996520765e-05,5e19b709b32ba983a8b74a6d57eb665d62bf9819
dv3-A-thomas-000835,3,A,thomas,835,,,,3:1:1:835,,test,1,360.26355564687026,0.11725432498807196,0.26648076224931766,,,,,,,,,3072.496947839827,0.014039631095607626,,,,,,,,0.3263562515368879,0.4437195747909751,,1,349,1,exact,0.05221361949428096,3757,,,,,,0.00014683400149806403,da74c13e385faf90dc98b2211beb34cf73deff2d
dv3-A-thomas-000836,3,A,thomas,836,,,,3:1:1:836,,test,1,558.7693028610628,1.9213175397785704,1.2215164657320317,,,,,,,,,290.82610827852034,0.05167530586770105,,,,,,,,1.3639673578618754,2.0339583323005135,,1,546,1,exact,0.19218131441294484,565,,,,,,0.00011783300215029158,476bf9104bd91274960da4c7f8dfc42e2301a0c2
dv3-A-thomas-000837,3,A,thomas,837,,,,3:1:1:837,,test,1,307.7432509828655,0.1614344515689125,1.329076088923007,,,,,,,,,1906.3046827491917,0.07576272313949413,,,,,,,,0.0759067112149157,2.2130568528245758,,1,294,1,exact,0.2817628163387932,4660,,,,,,0.00018583299970487133,c7d5d12d6767dbd5e29748703718f4315823bce6
dv3-A-thomas-000838,3,A,thomas,838,,,,3:1:1:838,,test,1,230.23171932124004,0.25844031076858337,1.247689485867953,,,,,,,,,890.8506518837833,0.08222879707045,,,,,,,,0.11120470163964886,2.077539269504683,,1,217,1,exact,0.3058102518841933,2299,,,,,,0.00013137499990989454,68d5426c44d2924fdb65ec8522983b9ead84bff0
dv3-A-thomas-000839,3,A,thomas,839,,,,3:1:1:839,,test,1,560.3585293976246,4.784651922860959,0.13757786744908415,,,,,,,,,117.11584007192751,0.0058118658307090496,,,,,,,,15.686619035554912,0.22908217587595506,,1,490,1,exact,0.021614424835663528,120,,,,,,7.824999920558184e-05,077517ff5c790194ed15cdf272093d49a8a78b21
dv3-A-thomas-000840,3,A,thomas,840,,,,3:1:1:840,,test,1,488.0735414574814,20.15325162011548,0.3506372131160817,,,,,,,,,24.218103890010614,0.01587140497687195,,,,,,,,27.39824555884725,0.5838492572465563,,1,476,1,exact,0.05902601675633012,29,,,,,,7.42920019547455e-05,30b8c3c42dd716a9a0626279996d9ad66d702ba5
dv3-A-thomas-000841,3,A,thomas,841,,,,3:1:1:841,,test,1,247.16026776613975,2.334611344303955,0.14395138660677959,,,,,,,,,105.86784321474654,0.009156437261611037,,,,,,,,6.208158853203255,0.23969478140403758,,1,240,1,exact,0.034052941123972114,113,,,,,,6.7915996623924e-05,492f0f0c078d1e7cad8dfb4abfb2d9f566dcef2b
dv3-A-thomas-000842,3,A,thomas,842,,,,3:1:1:842,,test,1,411.07118223752866,1.9426013962287207,1.4384184501936883,,,,,,,,,211.60861051349175,0.07094580632404504,,,,,,,,0.9465783207767233,2.395123826966129,,1,392,1,exact,0.26384862329306935,496,,,,,,0.00010762500096461736,81e1cd587b324604fba07c6daf82ea5648df956a
dv3-A-thomas-000843,3,A,thomas,843,,,,3:1:1:843,,test,1,391.5474589688357,1.01975813448253,0.6810696084248504,,,,,,,,,383.9611038430442,0.03441908304293977,,,,,,,,1.118431552088157,1.1340552860269535,,1,404,1,exact,0.12800513725096108,635,,,,,,0.00010020799891208299,525c02448cc8587ef074880b909fa7d23b9e60d7
dv3-A-thomas-000844,3,A,thomas,844,,,,3:1:1:844,,test,1,213.5647962852783,0.36086216926087006,0.2393522858467957,,,,,,,,,591.8181912022224,0.01637844801189573,,,,,,,,0.810194833020173,0.39854769854577016,,1,202,1,exact,0.06091171816241904,751,,,,,,8.254199929069728e-05,d6f864039c69edb63722054e1a2c65e4a7a493f5
dv3-A-thomas-000845,3,A,thomas,845,,,,3:1:1:845,,test,1,626.9243310688828,15.869450510451907,0.492813636361606,,,,,,,,,39.50510640907063,0.01968226858089546,,,,,,,,21.869499695704246,0.8205885307884958,,1,660,1,exact,0.07319868132351659,51,,,,,,8.283400165964849e-05,bdf954554b6254a3ba8827ad5790c0672ab08e90
dv3-A-thomas-000846,3,A,thomas,846,,,,3:1:1:846,,test,1,111.6127228051742,11.289408508813676,0.22204739024242728,,,,,,,,,9.886498722943529,0.021017875819045538,,,,,,,,9.780157434418216,0.3697331572837312,,1,108,1,exact,0.07816582666029066,10,,,,,,5.6000000768108293e-05,55393445e66c5bdad1fff87d088f6c272d90c486
dv3-A-thomas-000847,3,A,thomas,847,,,,3:1:1:847,,test,1,411.9794451417242,12.878356536612273,1.1437434123572776,,,,,,,,,31.990063636652337,0.056349599215634594,,,,,,,,7.57174365653219,1.904457703878583,,1,340,1,exact,0.20956508843176552,61,,,,,,8.200000229408033e-05,6720d17a749a4544ef3bd4d963fe5aa8f5063f22
dv3-A-thomas-000848,3,A,thomas,848,,,,3:1:1:848,,test,1,267.36235520016015,0.2699983364560767,1.3690950089854397,,,,,,,,,990.2370463073377,0.08373045632915341,,,,,,,,0.11261333422528719,2.2796927256876347,,1,284,1,exact,0.31139494742284846,2582,,,,,,0.00014591699800803326,90781d85c33f8ec2fc87d53e27069a4afb03457d
dv3-A-thomas-000849,3,A,thomas,849,,,,3:1:1:849,,test,1,261.2654002274761,1.0562518041645028,0.1301880865494068,,,,,,,,,247.3514357063158,0.008054346225639185,,,,,,,,3.706173963511875,0.21677738354901216,,1,248,1,exact,0.029954246392719867,282,,,,,,7.341599848587066e-05,418b9c43dc4ab05e9764394e0c370a68d2b83e66
dv3-A-thomas-000850,3,A,thomas,850,,,,3:1:1:850,,test,1,627.2183375096511,0.3921727781065781,0.39067543731749116,,,,,,,,,1599.3418526851353,0.015599358300613899,,,,,,,,1.0001591749365644,0.6505172736094547,,1,650,1,exact,0.058014270682513,1927,,,,,,0.00013641600162372924,7583ffce60ebe8968511af1581eca0af6a94eaa3
dv3-A-thomas-000851,3,A,thomas,851,,,,3:1:1:851,,test,1,152.42508827496758,0.48820553451333604,0.11211250315931896,,,,,,,,,312.2149945041311,0.009080835775694945,,,,,,,,1.5552965753834824,0.1866795629474459,,1,195,1,exact,0.03377177795152522,402,,,,,,7.225000081234612e-05,a4a0d8b083920e3917781623958240cec5fcf125
dv3-A-thomas-000852,3,A,thomas,852,,,,3:1:1:852,,test,1,108.93301620917406,0.29580633683699725,0.27951219656080334,,,,,,,,,368.25788579776474,0.026780642911980075,,,,,,,,0.40069163257459434,0.4654183362430272,,1,93,1,exact,0.09959765248075572,505,,,,,,7.079200076987036e-05,85b0d56ad0bc4348e7193b48d4b85e2c9c81f0a7
dv3-A-thomas-000853,3,A,thomas,853,,,,3:1:1:853,,test,1,536.4333606955623,9.875364089420659,0.19385209668712922,,,,,,,,,54.32036285834119,0.008369752452570604,,,,,,,,22.31685487368327,0.32278491395891457,,1,458,1,exact,0.031127247350293187,52,,,,,,7.35829999030102e-05,75ff8c93f379bb2a0dce0e291f36ddabb0e549a2
dv3-A-thomas-000854,3,A,thomas,854,,,,3:1:1:854,,test,1,223.0202182732572,15.34651111616189,0.1759738300729271,,,,,,,,,14.532307479215106,0.011783545098397264,,,,,,,,19.008982517388745,0.2930156473405932,,1,337,1,exact,0.0438231984780499,30,,,,,,6.849999772384763e-05,d9589952afee3c90f9bc4e2123bc51dbc6653738
dv3-A-thomas-000855,3,A,thomas,855,,,,3:1:1:855,,test,1,262.9938577612471,20.153921967578825,1.4032864921156565,,,,,,,,,13.049264464967147,0.08653136247750717,,,,,,,,7.229836535435064,2.3366252795724,,1,117,1,exact,0.3218115635627903,20,,,,,,6.550000034621917e-05,92a394530415f8695ac8368abb6efbff1f643b32
dv3-A-thomas-000856,3,A,thomas,856,,,,3:1:1:856,,test,1,265.8748761201523,0.3956456192018496,0.1248259130683615,,,,,,,,,672.0025781064161,0.0076553685071278086,,,,,,,,1.7437660235821053,0.20784877903406856,,1,256,1,exact,0.028470441680246563,729,,,,,,8.291700214613229e-05,37ea5690e95932c6065f3f8d80da9a9cc172eb8b
dv3-A-thomas-000857,3,A,thomas,857,,,,3:1:1:857,,test,1,326.5769736361344,1.999205828588966,0.19009312575361637,,,,,,,,,163.35335209913407,0.010518980060988876,,,,,,,,5.465151846377534,0.3165258167911068,,1,301,1,exact,0.039120260256997226,175,,,,,,7.20409989298787e-05,4ed9d10c8bb60c3b6abdcc77f448a4ce7e3506db
dv3-A-thomas-000858,3,A,thomas,858,,,,3:1:1:858,,test,1,404.0194185760402,1.2648869491751908,0.30555494984475806,,,,,,,,,319.41148482834274,0.015201561604328884,,,,,,,,2.962003537146937,0.5087823649106248,,1,403,1,exact,0.05653485821116922,403,,,,,,9.733299884828739e-05,b1248e41247051f341b9a54adfd5886c9722fe8a
dv3-A-thomas-000859,3,A,thomas,859,,,,3:1:1:859,,test,1,145.61826585542133,0.7751028661246988,0.33499716687977804,,,,,,,,,187.86960056472583,0.027760878589490834,,,,,,,,0.971039940265631,0.557806872021048,,1,154,1,exact,0.10324316512505005,251,,,,,,7.075000030454248e-05,83c79f64dca113f0308d8ce60fe5c002ee24790f
dv3-A-thomas-000860,3,A,thomas,860,,,,3:1:1:860,,test,1,403.4930516701973,2.3976812134172514,0.14283477390867147,,,,,,,,,168.2846949845873,0.007110758375304964,,,,,,,,8.142779158810285,0.2378354993026633,,1,401,1,exact,0.026445027621851212,183,,,,,,7.70840015320573e-05,5da5d4879b363101eb20be2300b7b2602f49e515
dv3-A-thomas-000861,3,A,thomas,861,,,,3:1:1:861,,test,1,232.03907201545672,0.17982985817018185,0.9288040963110797,,,,,,,,,1290.325613201934,0.06097384215216209,,,,,,,,0.11016397991479239,1.5465602664918956,,1,233,1,exact,0.22676272414546328,2737,,,,,,0.00013291700088302605,fcf548cbc0b940aa14982738299dc2af8faf7655
dv3-A-thomas-000862,3,A,thomas,862,,,,3:1:1:862,,test,1,392.5487230524256,4.677094280712182,0.9159705205014131,,,,,,,,,83.93004277704065,0.04623115164781815,,,,,,,,3.5837447549096937,1.525190961055936,,1,364,1,exact,0.17193441511983726,127,,,,,,8.758299736655317e-05,ee0088496c46abf119406f893c88b034a1dfb00f
dv3-A-thomas-000863,3,A,thomas,863,,,,3:1:1:863,,test,1,505.3712005238547,0.7401254445359835,0.1730266743610431,,,,,,,,,682.8183036467469,0.00769675771932439,,,,,,,,3.2448873299944307,0.28810831118513563,,1,489,1,exact,0.02862436884272567,720,,,,,,9.812499774852768e-05,798de5379fc7d1f0c6d8191f29965af93fbc7647
dv3-A-thomas-000864,3,A,thomas,864,,,,3:1:1:864,,test,1,649.74214104388,6.786213953159264,0.24241321892100381,,,,,,,,,95.74442325700593,0.009510115267662758,,,,,,,,17.108928672153823,0.40364448643652434,,1,598,1,exact,0.035368275459021555,97,,,,,,8.279200119432062e-05,c062884a60930d077f9a8813f3a3d24dacfb448b
dv3-A-thomas-000865,3,A,thomas,865,,,,3:1:1:865,,test,1,241.42243085252434,4.605722852920837,0.11110734567562425,,,,,,,,,52.41792408316973,0.007150788998457266,,,,,,,,10.688007725068072,0.1850058659514665,,1,187,1,exact,0.026593902169277685,54,,,,,,6.600000051548705e-05,b6627a3abc92c754ccd9aba1d2118673361f190f
dv3-A-thomas-000866,3,A,thomas,866,,,,3:1:1:866,,test,1,236.38638145664422,7.511930047682997,0.16534067085075593,,,,,,,,,31.468128690782468,0.010753961295560164,,,,,,,,12.753703845993606,0.27531027585740797,,1,260,1,exact,0.03999415934214058,42,,,,,,6.504199700430036e-05,c4d9fa112bb961600011f773cf9cddeae11afdea
dv3-A-thomas-000867,3,A,thomas,867,,,,3:1:1:867,,test,1,103.67243307825278,1.7722890195522734,0.6833302372472368,,,,,,,,,58.49634677782022,0.06711181636811393,,,,,,,,0.9188521895359395,1.1378194799273411,,1,80,1,exact,0.24958995144189008,120,,,,,,6.395799937308766e-05,7e90133735ac2704256ac2701debe31d3876d92b
dv3-A-thomas-000868,3,A,thomas,868,,,,3:1:1:868,,test,1,139.942178572663,1.6641715623355404,0.18320552594552908,,,,,,,,,84.09119692939869,0.015486891426572474,,,,,,,,2.9667974444186624,0.3050572108310429,,1,129,1,exact,0.057596004523885275,93,,,,,,6.162499994388781e-05,da9a9b05607041b3a87a1da42d1f3ae845eb774f
dv3-A-thomas-000869,3,A,thomas,869,,,,3:1:1:869,,test,1,136.82807498697483,1.9256935682464211,1.0649634361375557,,,,,,,,,71.05391908826567,0.09104311085246326,,,,,,,,0.7055647195975084,1.7732804389413366,,1,178,1,exact,0.3385908301474798,206,,,,,,7.612499757669866e-05,293e1f7b162b06b0664907b098b7a0d94259d506
dv3-A-thomas-000870,3,A,thomas,870,,,,3:1:1:870,,test,1,125.79487894519768,6.215850864031136,0.6552478287385527,,,,,,,,,20.237756937369074,0.05842168917067445,,,,,,,,3.3632486308662943,1.0910592025347028,,1,207,1,exact,0.2172712251339059,63,,,,,,7.449999975506216e-05,aedc0a084f4fefdc2690954c6081fd8cd1b8ad0e
dv3-A-thomas-000871,3,A,thomas,871,,,,3:1:1:871,,test,1,226.04243892616728,0.3258449533633012,0.49867679335264525,,,,,,,,,693.7116459623084,0.03316837278523485,,,,,,,,0.3794205117647712,0.8303513275661583,,1,251,1,exact,0.12335372518402796,1136,,,,,,0.0001098749999073334,9212efab8d4a0ab8191b4fc2190538da3015f48f
dv3-A-thomas-000872,3,A,thomas,872,,,,3:1:1:872,,test,1,181.55305169903497,24.591918958453384,1.1055023631767007,,,,,,,,,7.382630530206215,0.08204609180417319,,,,,,,,8.872143312133353,1.840782180216988,,1,118,1,exact,0.3051307679869303,21,,,,,,6.966599903535098e-05,5d608f2bec11a302fdbdd70c854f7a3ec9cde590
dv3-A-thomas-000873,3,A,thomas,873,,,,3:1:1:873,,test,1,223.90300758796772,0.16468557578220397,0.7550695594743204,,,,,,,,,1359.5787398167681,0.05046113311345202,,,,,,,,0.12541114903610423,1.2572732869703138,,1,227,1,exact,0.1876657859237016,2554,,,,,,0.0001308329992752988,37eaa1ebe6b03a888c1238bdebc090067e24ac65
dv3-A-thomas-000874,3,A,thomas,874,,,,3:1:1:874,,test,1,539.0851133092762,10.292177096847587,0.4243695091267055,,,,,,,,,52.37814198459466,0.01827744572067358,,,,,,,,15.927116172541,0.7066215833163347,,1,419,1,exact,0.06797412194720642,51,,,,,,7.2750000981614e-05,96b5060ec90c5e3572cc23f42726cd197b141aba
dv3-A-thomas-000875,3,A,thomas,875,,,,3:1:1:875,,test,1,121.81979041379608,0.1818850053283045,0.4156878110085736,,,,,,,,,669.7626898595075,0.037662432482208665,,,,,,,,0.1780859893723506,0.692165607714475,,1,120,1,exact,0.14006720728369554,1078,,,,,,8.208299914258532e-05,9f823770f048220c7450c671baa929104308b091
dv3-A-thomas-000876,3,A,thomas,876,,,,3:1:1:876,,test,1,457.49113243683183,4.144167010681133,0.2313409633723912,,,,,,,,,110.39399021750305,0.010815863545490224,,,,,,,,10.226365070999314,0.3852079716106967,,1,541,1,exact,0.04022437483011727,141,,,,,,8.104099833872169e-05,c62d2eef81fa424ad1a8bc6263186cc0f1e83be8
dv3-A-thomas-000877,3,A,thomas,877,,,,3:1:1:877,,test,1,352.9404992884442,0.4725140412524321,0.6065336337784726,,,,,,,,,746.9418228354659,0.03228524903332893,,,,,,,,0.5636934245992368,1.0099447472490033,,1,356,1,exact,0.12006937339199236,1145,,,,,,0.00011712500054272823,dcad36e98cfc8a951d68325988b1a86415ceb9cc
dv3-A-thomas-000878,3,A,thomas,878,,,,3:1:1:878,,test,1,581.7475856528386,8.580788775088612,0.10197288368462486,,,,,,,,,67.79651625288153,0.004227828928812657,,,,,,,,25.266174994234202,0.16979598904936397,,1,584,1,exact,0.015723365483940703,70,,,,,,7.937499685795046e-05,6e387e019e39086e2004daf3919e1cf2bc95b813
dv3-A-thomas-000879,3,A,thomas,879,,,,3:1:1:879,,test,1,343.9186108493444,1.8141793405859978,0.6219891895856515,,,,,,,,,189.57255391203788,0.03353937748995318,,,,,,,,2.0031420918467457,1.0356799357595472,,1,361,1,exact,0.12473349779705703,302,,,,,,8.670900206197985e-05,333607b4a99a8a7f5740574acd74d69f23ee5e96
dv3-A-thomas-000880,3,A,thomas,880,,,,3:1:1:880,,test,1,158.50622672176536,15.772805804961866,0.7119337512573708,,,,,,,,,10.049336096682424,0.05654789183299957,,,,,,,,7.95018162133405,1.1854474548962428,,1,183,1,exact,0.21030254194469003,20,,,,,,6.41250007902272e-05,4f101d1c07f9ed6a0cc89260c219a57d4f16d4cd
dv3-A-thomas-000881,3,A,thomas,881,,,,3:1:1:881,,test,1,527.3906338206662,16.583764946132195,1.1805289098173775,,,,,,,,,31.80162258291466,0.05140559858371571,,,,,,,,10.647174699609549,1.965709574946855,,1,561,1,exact,0.1911782685775559,50,,,,,,0.0007970830010890495,4c6767b471226c8f44ec1a45bc1ad79000d64b2a
dv3-A-thomas-000882,3,A,thomas,882,,,,3:1:1:882,,test,1,160.19741107626845,1.3172224870776696,1.102036441296475,,,,,,,,,121.61757990609104,0.08706993275474749,,,,,,,,0.515362135635612,1.8350110417303993,,1,135,1,exact,0.32381451530242344,334,,,,,,0.00022625000201514922,7c8c4bd743d4b84ff230be7020cbe8fd62d3258e
dv3-A-thomas-000883,3,A,thomas,883,,,,3:1:1:883,,test,1,260.67668398049483,0.35675198148016385,0.3692156261781579,,,,,,,,,730.6944250146764,0.022868041903173725,,,,,,,,0.6039218093427624,0.6147843441722042,,1,255,1,exact,0.08504662482799438,963,,,,,,0.00018849999833037145,79ba644a94e35a1b1be0567952b3454f57ee9550
dv3-A-thomas-000884,3,A,thomas,884,,,,3:1:1:884,,test,1,230.15955687154323,28.666985103697712,0.466342431198679,,,,,,,,,8.028732566015647,0.03073904892187846,,,,,,,,20.780960732681514,0.7765110829459032,,1,353,1,exact,0.11431902968769465,15,,,,,,0.00014350000128615648,b84559ba475a35c02a2cc2a7a2d809cf7304613b
dv3-A-thomas-000885,3,A,thomas,885,,,,3:1:1:885,,test,1,133.83729429955972,7.793507481529954,0.6602217913502227,,,,,,,,,17.172921770684685,0.05706913375532,,,,,,,,4.203003228620161,1.0993413935508467,,1,191,1,exact,0.21224104924671033,40,,,,,,0.00013937499898020178,6f910c09f2d94be9e2e79c27cbda5be4a695367e
dv3-A-thomas-000886,3,A,thomas,886,,,,3:1:1:886,,test,1,230.7764551157085,0.823718421590502,0.9464322818498341,,,,,,,,,280.1642516020301,0.06230082478538296,,,,,,,,0.4876835874532503,1.5759131208051622,,1,232,1,exact,0.23169779443432506,600,,,,,,0.00018408299729344435,0bc4e296c49874d64f95f9c01dbda2c1e45fa68f
dv3-A-thomas-000887,3,A,thomas,887,,,,3:1:1:887,,test,1,426.2657880378299,28.875721259953153,0.13716765780576315,,,,,,,,,14.762082796144897,0.006643722498040257,,,,,,,,41.841904168599044,0.22839913201577855,,1,322,1,exact,0.02470811349500451,14,,,,,,0.00014241700046113692,723cd94a6902d64a7fe06065c4b6c18b10defa2f
dv3-A-thomas-000888,3,A,thomas,888,,,,3:1:1:888,,test,1,380.9572959078785,5.959496029972059,0.43266836743350806,,,,,,,,,63.92441474781293,0.022167514295903145,,,,,,,,8.388676412824601,0.7204400888176804,,1,365,1,exact,0.08244135110803827,91,,,,,,0.00016450000111944973,f2527b851b2432165a46f5d556744c927097bf7c
dv3-A-thomas-000889,3,A,thomas,889,,,,3:1:1:889,,test,1,483.36780528606874,1.2891747748608369,0.5838860999256482,,,,,,,,,374.94357996435906,0.026557627556463067,,,,,,,,1.848901986675233,0.9722341297679653,,1,516,1,exact,0.0987682546970782,533,,,,,,0.00019491700004437007,5d4772838ec80bfaa5b8c88cb5be15bfccda3113
dv3-A-thomas-000890,3,A,thomas,890,,,,3:1:1:890,,test,1,540.2682304489281,5.236576482256699,0.21071589148151249,,,,,,,,,103.1720308639701,0.009065516959328604,,,,,,,,13.95768506727358,0.3508649741942765,,1,498,1,exact,0.03371480702092113,118,,,,,,0.0001793750016076956,1a8613823fe42a102a58c7e5fd913e562d3edfb2
dv3-A-thomas-000891,3,A,thomas,891,,,,3:1:1:891,,test,1,705.5609084692262,24.06993128192963,0.5760591987225201,,,,,,,,,29.31295898625694,0.02168701903304543,,,,,,,,29.47504035819472,0.9592014843924852,,1,703,1,exact,0.08065438130428706,37,,,,,,0.00017600000137463212,a3ed45f4bf638ca9cd8e53bad22058dfb2e0d18b
dv3-A-thomas-000892,3,A,thomas,892,,,,3:1:1:892,,test,1,151.36967962764473,1.6566262855217024,0.26971222535481604,,,,,,,,,91.37225513717814,0.021922051136176866,,,,,,,,2.3744940568648056,0.4491003138095124,,1,157,1,exact,0.0815284695704442,115,,,,,,0.0001308329992752988,eb62e357600f382c60952c1bec414746f7f1863a
dv3-A-thomas-000893,3,A,thomas,893,,,,3:1:1:893,,test,1,244.2215169972991,0.4239887243675843,0.35083204202756946,,,,,,,,,576.0094619534435,0.02244953185544364,,,,,,,,0.7240630927563514,0.5841736686638482,,1,253,1,exact,0.08349017906115735,792,,,,,,0.00017279099847655743,cafe5e0a9be84b3ae800a32a5404a2954f1b3110
dv3-A-thomas-000894,3,A,thomas,894,,,,3:1:1:894,,test,1,139.1351196267979,3.905900744605418,0.17043005359240387,,,,,,,,,35.621775545362354,0.014448667523304396,,,,,,,,5.832917865268107,0.2837846539964188,,1,115,1,exact,0.05373483271203715,45,,,,,,0.0001242079997609835,2242a89f77f0540952c70c092c6b105e39bfa14a
dv3-A-thomas-000895,3,A,thomas,895,,,,3:1:1:895,,test,1,205.74959832264352,13.751875727040545,0.6170756116165677,,,,,,,,,14.961566146069414,0.0430198492624897,,,,,,,,9.526135500790122,1.02749829176866,,1,135,1,exact,0.1599915286090176,18,,,,,,0.00012558399976114742,fc285dd52c5b1ba7364ad61a935901001cb01c37
dv3-A-thomas-000896,3,A,thomas,896,,,,3:1:1:896,,test,1,108.25588191081847,2.0417292442342894,0.17484399631272063,,,,,,,,,53.02166397259874,0.016804475938277476,,,,,,,,3.153772033249034,0.2911343507267901,,1,109,1,exact,0.06249612304389725,65,,,,,,0.0001228340006491635,1645fa4f2a67278327f47d8dcd909539d2f27379
dv3-A-thomas-000897,3,A,thomas,897,,,,3:1:1:897,,test,1,360.1677858178317,4.579168526452916,0.2803189799018492,,,,,,,,,78.65353365730402,0.014770665770613204,,,,,,,,8.700098381522743,0.466761718624613,,1,349,1,exact,0.054932349502066435,95,,,,,,0.00014141700012260117,81df8ac8b19b06e507cc27c773c4e34bda944ca3
dv3-A-thomas-000898,3,A,thomas,898,,,,3:1:1:898,,test,1,110.8709903669421,1.0281345262460226,0.8330864737154124,,,,,,,,,107.83704616142006,0.07911906015742665,,,,,,,,0.4535962429559272,1.3871799703697454,,1,126,1,exact,0.2942450890392294,282,,,,,,0.0001404169997840654,a4c9da5574c1fc68a9de38ac184ef35b6cefe208
dv3-A-thomas-000899,3,A,thomas,899,,,,3:1:1:899,,test,1,697.9050209973163,21.960603426414956,0.17166896913889076,,,,,,,,,31.77986540013981,0.006498208439048364,,,,,,,,43.38439341690087,0.285847583698544,,1,664,1,exact,0.02416694431074809,32,,,,,,0.0001547920001030434,14657f6412e3135c8189dff77b28032fd745913d
dv3-A-thomas-000900,3,A,thomas,900,,,,3:1:1:900,,test,1,192.29492612508417,1.7286737535662642,0.15303067215340982,,,,,,,,,111.23841368469823,0.01103556500273481,,,,,,,,4.117673534928926,0.25481278349976644,,1,205,1,exact,0.04104144817148852,133,,,,,,0.00012870900172856636,ca523c12cf6fc4a0afe08a127a32e276c3869278
dv3-A-thomas-000901,3,A,thomas,901,,,,3:1:1:901,,test,1,105.5497110583929,2.4083303597748578,0.4860678559390579,,,,,,,,,43.826923756531556,0.04731168083032809,,,,,,,,1.7159406872755123,0.8093560695951963,,1,114,1,exact,0.17595292096260767,76,,,,,,0.0001221249985974282,d1cce99feefb3f2458c5ebed82739b9802a389df
dv3-A-thomas-000902,3,A,thomas,902,,,,3:1:1:902,,test,1,728.2540009334036,0.9272478920384599,0.4009613562358665,,,,,,,,,785.3929970467892,0.014858024791802767,,,,,,,,2.4069981494540267,0.6676444520604299,,1,681,1,exact,0.05525723914202369,955,,,,,,0.00023237500136019662,1ad9bfbfe13a14d6d713d9dabf84db8dfcf1ca8a
dv3-A-thomas-000903,3,A,thomas,903,,,,3:1:1:903,,test,1,436.6555227043525,4.326626764314562,0.23286607847888974,,,,,,,,,100.92285433673844,0.011143888315714058,,,,,,,,10.28120013268928,0.3877474548396199,,1,463,1,exact,0.04144430435821752,118,,,,,,0.00014854199980618432,2fa3f40d471a658b989314e51b4fea0efada05c3
dv3-A-thomas-000904,3,A,thomas,904,,,,3:1:1:904,,test,1,138.14930238289293,0.28123557351960904,0.8414177059301473,,,,,,,,,491.22271643654824,0.07158751688079379,,,,,,,,0.13732028613657596,1.4010523819637517,,1,153,1,exact,0.2662351554325089,1197,,,,,,0.00018324999837204814,8f925ca10eb714e8ada33451adc80ae49ec42477
dv3-A-thomas-000905,3,A,thomas,905,,,,3:1:1:905,,test,1,666.8409933229113,22.004427361384796,0.14374172730345075,,,,,,,,,30.304855580706434,0.005566365433178686,,,,,,,,43.80470621155253,0.2393456757645205,,1,687,1,exact,0.020701404810062184,35,,,,,,0.00015058300050441176,da4da56fae0543113b34399066e1b599e2689a6b
dv3-A-thomas-000906,3,A,thomas,906,,,,3:1:1:906,,test,1,168.38350974676752,0.1726570116094585,1.18873029320014,,,,,,,,,975.2486051805562,0.0916080315969134,,,,,,,,0.06504485649106274,1.979365774053237,,1,178,1,exact,0.3406917797090658,2861,,,,,,0.0002753750013653189,154a66826063fdb6b0b2e9a93a664cf069d79144
dv3-A-thomas-000907,3,A,thomas,907,,,,3:1:1:907,,test,1,465.68599252252557,1.609455052734467,1.0745617345097587,,,,,,,,,289.34389421520297,0.04979489073089277,,,,,,,,1.1866232012755258,1.7892626540794265,,1,477,1,exact,0.18518801951965447,531,,,,,,0.0001924580028571654,34b0de8101b89929238d159709604b8a920210e3
dv3-A-thomas-000908,3,A,thomas,908,,,,3:1:1:908,,test,1,542.2371480977945,0.19903313029895364,0.35586326593535106,,,,,,,,,2724.356227947268,0.015282293160707273,,,,,,,,0.5218645077231481,0.5925512059922291,,1,551,1,exact,0.056835100200236945,3339,,,,,,0.00031308300094679,a7efe124585af0c7575f2b7639891531fd100c3a
dv3-A-thomas-000909,3,A,thomas,909,,,,3:1:1:909,,test,1,203.54637157566384,2.059381110059546,0.13909339844509336,,,,,,,,,98.83861252363259,0.00974933145760618,,,,,,,,5.093689122934866,0.23160570051411483,,1,292,1,exact,0.03625792441300904,139,,,,,,0.00014304100113804452,14e14cdcbbc27fb9275472ca1375571e54f9b75f
dv3-A-thomas-000910,3,A,thomas,910,,,,3:1:1:910,,test,1,200.3626841455282,0.24043441912669433,0.16761190399042972,,,,,,,,,833.3361124970598,0.011841219698366542,,,,,,,,0.7421667554654678,0.27909212710430714,,1,203,1,exact,0.04403769126612771,976,,,,,,0.00016591700114076957,139d223e264c3aba5276aa11b1bda3e89ad1ce32
dv3-A-thomas-000911,3,A,thomas,911,,,,3:1:1:911,,test,1,104.41500754115056,0.48785941016227885,0.17120033096921822,,,,,,,,,214.02683922078808,0.016754178488848182,,,,,,,,0.955031630503654,0.28506724996029326,,2,117,1,exact,0.06230906600029333,279,,,,,,0.00013174999912735075,d6ccd8000665bd65a1e226bf2ba47b892baca693
dv3-A-thomas-000912,3,A,thomas,912,,,,3:1:1:912,,test,1,496.85250353065584,0.44270864861292536,0.5158209129760619,,,,,,,,,1122.3013263629964,0.023141164234225662,,,,,,,,0.7532670942454631,0.8588981592595877,,1,501,1,exact,0.08606237127972262,1511,,,,,,0.0002285839982505422,b8ef9d40b8c3cdf387bd8fee2c2595712878ba29
dv3-A-thomas-000913,3,A,thomas,913,,,,3:1:1:913,,test,1,105.69799241713034,1.4504367483457816,0.2037047564674707,,,,,,,,,72.87321735172426,0.019813801168000564,,,,,,,,2.1801056486902493,0.3391906686234971,,1,106,1,exact,0.07368785318333511,102,,,,,,0.00012641700232052244,affaf3ac294ed365a0116fd731e262cab49ce4af
dv3-A-thomas-000914,3,A,thomas,914,,,,3:1:1:914,,test,1,470.2410986143663,0.10742649623507042,0.3319722593850311,,,,,,,,,4377.328825705958,0.015308812452583498,,,,,,,,0.28254643494556,0.5527700706548939,,1,472,1,exact,0.05693372588390724,5393,,,,,,0.0004639999970095232,63afbcff0f0f1a99e819fa3d6195e1b5b60db3ae
dv3-A-thomas-000915,3,A,thomas,915,,,,3:1:1:915,,test,1,167.57002611541478,25.04417782607024,0.48415555000784266,,,,,,,,,6.690977331305298,0.03740130415500753,,,,,,,,15.21969602283044,0.8061718713532414,,1,239,1,exact,0.13909606673001504,13,,,,,,0.00013187500007916242,369486acbf4d799dc572fb51c5326b2a1a005287
dv3-A-thomas-000916,3,A,thomas,916,,,,3:1:1:916,,test,1,128.28462971079415,18.667689877874356,0.7478451908218657,,,,,,,,,6.872014188688762,0.06602742988414335,,,,,,,,7.809349174680366,1.2452439241017053,,1,192,1,exact,0.24555710023139818,20,,,,,,0.00012916700143250637,cb0587527a765a06d0413d6cc072b0c23ba68e02
dv3-A-thomas-000917,3,A,thomas,917,,,,3:1:1:917,,test,1,235.74936062947023,1.655755045185605,0.3144238181867394,,,,,,,,,142.3817860709242,0.020478124330598552,,,,,,,,2.7673440670015617,0.523549999378359,,1,259,1,exact,0.07615848197670709,194,,,,,,0.00013862500054528937,6a881145221b89a3317cb741b55ccff39de55b76
dv3-A-thomas-000918,3,A,thomas,918,,,,3:1:1:918,,test,1,520.815800808847,0.28576807360948925,0.12979174603527208,,,,,,,,,1822.5122009975041,0.005687285091292126,,,,,,,,1.783560155441426,0.2161174333037492,,1,549,1,exact,0.021151107012001732,2063,,,,,,0.00024466600007144734,c3e7c4b47f7948b0b51a51167377201b25a8cda4
dv3-A-thomas-000919,3,A,thomas,919,,,,3:1:1:919,,test,1,196.2654676588448,23.40944269017552,0.25469881242177506,,,,,,,,,8.384029908632277,0.01818046442755549,,,,,,,,20.876091920570147,0.42410134147627665,,1,281,1,exact,0.06761344691931945,16,,,,,,0.0001308329992752988,d027974a0a7b82c63626220d24d360738d43026d
dv3-A-thomas-000920,3,A,thomas,920,,,,3:1:1:920,,test,1,306.118061403753,1.4351066462465905,0.8814252420436568,,,,,,,,,213.3068383484816,0.05037800978198931,,,,,,,,1.0602405035942153,1.4676692993084726,,1,327,1,exact,0.18735664888366577,426,,,,,,0.0001795839998521842,bd4b72adc29cfd74e553fad752e155d5a1dab237
dv3-A-thomas-000921,3,A,thomas,921,,,,3:1:1:921,,test,1,156.99487810188623,3.329289920467932,0.41150918898748556,,,,,,,,,47.155664376570904,0.03284254438152564,,,,,,,,3.2451294080971675,0.6852077456505912,,1,162,1,exact,0.12214196397920368,69,,,,,,0.00012754199997289106,e83599e10e42b48a08de97078e3a7ea4ec6a8a5e
dv3-A-thomas-000922,3,A,thomas,922,,,,3:1:1:922,,test,1,253.88379087934706,21.98272399495345,0.3377998028766924,,,,,,,,,11.54924161981158,0.021200295023239394,,,,,,,,21.063828500680607,0.5624735670663031,,1,299,1,exact,0.07884424668795133,19,,,,,,0.00013033399955020286,135d929a08f4cb4a95e77fec369f43f31772898b
dv3-A-thomas-000923,3,A,thomas,923,,,,3:1:1:923,,test,1,113.29382977749837,0.15988671761031778,0.6949315549963464,,,,,,,,,708.5881270864699,0.06528883261217783,,,,,,,,0.08854086416029047,1.1571369411023948,,1,117,1,exact,0.2428102448008458,1561,,,,,,0.0002058749996649567,a7ab847cd9c6a12bd2848a47b9249ad89b687bbb
dv3-A-thomas-000924,3,A,thomas,924,,,,3:1:1:924,,test,1,465.23846521609,0.1488274626674041,0.4433210405702484,,,,,,,,,3126.025646595839,0.020553251511859712,,,,,,,,0.2881686546070574,0.7381779530999781,,1,457,1,exact,0.07643788120232316,4155,,,,,,0.0003158750005241018,512747fcc4e13073f61cc70ee1669a229c651ba7
dv3-A-thomas-000925,3,A,thomas,925,,,,3:1:1:925,,test,1,140.30014059090377,12.903153334674592,0.2066577235628686,,,,,,,,,10.873321966489833,0.01744707339381045,,,,,,,,12.275386535163284,0.34410768136723807,,1,211,1,exact,0.06488595357453625,20,,,,,,0.00012791699919034727,64b9c5b9968478d8898741d7c3a6bbeeda0c1471
dv3-A-thomas-000926,3,A,thomas,926,,,,3:1:1:926,,test,1,250.73645945343824,0.41848824173121435,0.18777207582687683,,,,,,,,,599.1481586583756,0.011858295348708612,,,,,,,,1.2817658262437095,0.31266101515263833,,1,222,1,exact,0.04410119589124974,674,,,,,,0.00015625000014551915,2716aefb6a5e3b2e38b500365fb2573e18c96ced
dv3-A-thomas-000927,3,A,thomas,927,,,,3:1:1:927,,test,1,655.2875083229603,0.1788504439444021,0.4982191526076938,,,,,,,,,3663.88527683311,0.019462762100827348,,,,,,,,0.3694393100739023,0.8295893057412322,,1,647,1,exact,0.07238233310547894,4838,,,,,,0.0006184999983815942,79db53dfa551b795742ee2c67f97522c38ee1593
dv3-A-thomas-000928,3,A,thomas,928,,,,3:1:1:928,,test,1,351.60138178465866,1.1727012489429092,0.10046480145672106,,,,,,,,,299.8217850467862,0.005357826472578166,,,,,,,,5.2303060849595076,0.1672848674236714,,1,338,1,exact,0.01992584497772906,307,,,,,,0.00018700000146054663,53b0f34fa096f1b646f22a402a201e3c8697adba
dv3-A-thomas-000929,3,A,thomas,929,,,,3:1:1:929,,test,1,283.49172412859525,0.16561796241416804,0.17208697842317286,,,,,,,,,1711.7208785581795,0.010220633529326492,,,,,,,,0.6259228816078023,0.2865436148128156,,1,257,1,exact,0.0380107045873663,2021,,,,,,0.00023024999973131344,eda101ae2962095a1e9e2a8789579c928c1dde3a
dv3-A-thomas-000930,3,A,thomas,930,,,,3:1:1:930,,test,1,328.43839970614073,0.21768371726039312,0.47330896436789094,,,,,,,,,1508.7871699345474,0.026116667881824127,,,,,,,,0.32594162406650073,0.788111121573524,,1,293,1,exact,0.09712831839767481,2074,,,,,,0.00022354199973051436,3e27dd66374a24e66474673cf19659843cbabeeb
dv3-A-thomas-000931,3,A,thomas,931,,,,3:1:1:931,,test,1,193.74838615978214,0.7531767872537088,0.5786478433549334,,,,,,,,,257.2415791865312,0.04157146140422263,,,,,,,,0.6859345031427695,0.9635118604432138,,1,211,1,exact,0.15460495028678853,456,,,,,,0.00015287499991245568,364c14fb31bfcc45a77fd029752735c0a69111e9
dv3-A-thomas-000932,3,A,thomas,932,,,,3:1:1:932,,test,1,107.56199315074817,1.5700354576395612,0.2241403782607038,,,,,,,,,68.50927641625375,0.021611787065317505,,,,,,,,2.1919213719098662,0.37321821093515906,,1,122,1,exact,0.08037459237607364,105,,,,,,0.00012237500050105155,6fefd57d65d110237655dbc5a186f50474ad6d5b
dv3-A-thomas-000933,3,A,thomas,933,,,,3:1:1:933,,test,1,292.72755919251733,3.886632009771947,0.31262045366745583,,,,,,,,,75.31651014465182,0.018271978822718356,,,,,,,,6.42271087944844,0.5205472004861035,,1,290,1,exact,0.06795379046358664,95,,,,,,0.00013612499969894998,e7a07938c724cc4d2b143415dd9a2dac43ea036f
dv3-A-thomas-000934,3,A,thomas,934,,,,3:1:1:934,,test,1,664.416333507101,0.15777428324199777,0.8750705566304746,,,,,,,,,4211.1827089590015,0.03394868224307611,,,,,,,,0.1807777931492172,1.4570880540220696,,1,656,1,exact,0.12625570892149657,6692,,,,,,0.0004625830006261822,4f6a229fec33672b79273ffaaee025a2ae76007a
dv3-A-thomas-000935,3,A,thomas,935,,,,3:1:1:935,,test,1,190.66340316210403,15.345412583510484,0.5877472316738036,,,,,,,,,12.424781811795837,0.04256541990117712,,,,,,,,10.224791481477283,0.9786633358503937,,1,258,1,exact,0.158301498322821,21,,,,,,0.00012895799955003895,e37dc7fee01fab07259c6102b748ef16c0fb7f1b
dv3-A-thomas-000936,3,A,thomas,936,,,,3:1:1:936,,test,1,584.7034719453402,1.2210916069503097,0.8818851470219586,,,,,,,,,478.8366971136947,0.03647070779225977,,,,,,,,1.2735771223456402,1.4684350913292317,,1,588,1,exact,0.13563516351565102,801,,,,,,0.00023191600121208467,20c638c7f0a67cc352ef9c76cc90ad9d90c0e2ee
dv3-A-thomas-000937,3,A,thomas,937,,,,3:1:1:937,,test,1,710.8414431903351,21.858164412905857,1.0143411954359192,,,,,,,,,32.52063758705321,0.03804500923684589,,,,,,,,18.42424111316927,1.6889888790947718,,1,758,1,exact,0.1414900165411435,56,,,,,,0.00019658399833133444,97c0a3a3f5fa43e0038a6f2561d1f183e9d3b9b6
dv3-A-thomas-000938,3,A,thomas,938,,,,3:1:1:938,,test,1,334.73761510754275,12.198688059988712,0.6271525897738788,,,,,,,,,27.4404602742053,0.03427843306071903,,,,,,,,10.933125459239111,1.0442775610314694,,1,266,1,exact,0.1274820576484031,37,,,,,,0.0001352500003122259,9005dfbfdc3e5ae977d5fd412b21b7c28d57fced
dv3-A-thomas-000939,3,A,thomas,939,,,,3:1:1:939,,test,1,166.0458885766984,0.15803863544528207,0.4233312070991021,,,,,,,,,1050.666427920334,0.03285233340387678,,,,,,,,0.18275029183725866,0.7048926970346235,,1,163,1,exact,0.12217836951470407,1670,,,,,,0.00019070800044573843,0cf6f8bfcce4392f117cdc01d54d8cb76367dfba
dv3-A-thomas-000940,3,A,thomas,940,,,,3:1:1:940,,test,1,567.3342446308918,0.8564268082991419,0.23860732635320311,,,,,,,,,662.4433508306612,0.010017613577843589,,,,,,,,3.0534904913289096,0.3973072596227378,,1,594,1,exact,0.03725567004092497,775,,,,,,0.0001982909998332616,322376afaa7e9cf3f57d3f079c495966ed6a8ef0
dv3-A-thomas-000941,3,A,thomas,941,,,,3:1:1:941,,test,1,712.8906121623733,11.86075918971911,0.11115132731743821,,,,,,,,,60.104973110010185,0.004162969273196845,,,,,,,,33.74308888367924,0.1850791001888635,,1,727,1,exact,0.01548215135546452,63,,,,,,0.0001594580025994219,1f7d356a5b2e1f610811df9dd47c58fdec023ca7
dv3-A-thomas-000942,3,A,thomas,942,,,,3:1:1:942,,test,1,133.26041390637212,2.54762131036832,0.7674968330066823,,,,,,,,,52.3077795604976,0.06648535823548736,,,,,,,,1.2997074398278314,1.2779660547372855,,1,82,1,exact,0.24726014331920407,117,,,,,,0.00013554100223700516,1385b7c600a1b152395525058c242802158e6b94
dv3-A-thomas-000943,3,A,thomas,943,,,,3:1:1:943,,test,1,136.43242981100744,1.8032061656048552,0.16008643726056604,,,,,,,,,75.66102668312665,0.0137055267796563,,,,,,,,3.351770260002061,0.26656140305018344,,1,141,1,exact,0.050971080035396084,91,,,,,,0.00012979099847143516,f484cc7f3907813930be3794619623a6bc9bd377
dv3-A-thomas-000944,3,A,thomas,944,,,,3:1:1:944,,test,1,167.37836501497196,7.9054014816075115,0.6843072165527755,,,,,,,,,21.172658391150637,0.05289339694226071,,,,,,,,4.75722684709093,1.139446257179005,,1,127,1,exact,0.19671141520001867,37,,,,,,0.00013183299961383455,eca57332cfc72f3bb95411a923fe21357700739b
dv3-A-thomas-000945,3,A,thomas,945,,,,3:1:1:945,,test,1,194.04574803785823,7.810795360753811,0.13015058295932658,,,,,,,,,24.84327639831177,0.009343165725812027,,,,,,,,12.521371078638214,0.21671493597529962,,1,216,1,exact,0.03474738736063942,31,,,,,,0.0001296659975196235,4fe6bc28b868b9c94c85d2c4221f7abdc076fb05
dv3-A-thomas-000946,3,A,thomas,946,,,,3:1:1:946,,test,1,382.8224208465549,2.254144528769747,0.1759706391553051,,,,,,,,,169.8304682599431,0.00899376485973623,,,,,,,,6.740613767544517,0.2930103341142331,,1,363,1,exact,0.033447959779671035,187,,,,,,0.00014937500236555934,092b7ac9e6027e7638b7c6b7d7752a593541e55f
dv3-A-thomas-000947,3,A,thomas,947,,,,3:1:1:947,,test,1,215.22349236891208,0.257781221332743,0.770400065217421,,,,,,,,,834.9075671850527,0.0525135615423098,,,,,,,,0.1878415987610583,1.2828002534659098,,1,232,1,exact,0.19529880108584158,1555,,,,,,0.00024950000079115853,9a393a0acdafaa2e2ebc931a4b01986f0ee36a6a
dv3-A-thomas-000948,3,A,thomas,948,,,,3:1:1:948,,test,1,102.73805317768077,3.073370186217007,0.261709787700233,,,,,,,,,33.42846678165393,0.025819884738689798,,,,,,,,3.329225858599289,0.4357753810698622,,1,106,1,exact,0.0960245769957529,44,,,,,,0.00012666599650401622,ba57a6097c871133b9b21c450254234eb93923e4
dv3-A-thomas-000949,3,A,thomas,949,,,,3:1:1:949,,test,1,637.9041101554119,0.22789611436539353,0.8774619085384989,,,,,,,,,2799.1004231543793,0.03474166051679009,,,,,,,,0.25360345178123805,1.4610699161379226,,1,610,1,exact,0.12920480819404706,4458,,,,,,0.0003031249980267603,21db09f49e88c0e70aee2232f019b69967d7cf7c
dv3-A-thomas-000950,3,A,thomas,950,,,,3:1:1:950,,test,1,259.3457214668215,0.10448609329134767,0.18965171029845843,,,,,,,,,2482.1075541954206,0.011776526664292198,,,,,,,,0.35096138634063395,0.3157908118458508,,1,254,1,exact,0.04379709680591108,2947,,,,,,0.0001414580001437571,658dcfccbccf29792a81b4fcb269532297cf9efe
dv3-A-thomas-000951,3,A,thomas,951,,,,3:1:1:951,,test,1,195.55261263253746,0.14863594063383267,1.154151030357357,,,,,,,,,1315.6482328475645,0.08253360826192115,,,,,,,,0.06433737985706842,1.921787524592851,,1,191,1,exact,0.30694384973022587,3331,,,,,,0.00015620799968019128,5e95c62f5108f470551b3c7a7e92c0050caba012
dv3-A-thomas-000952,3,A,thomas,952,,,,3:1:1:952,,test,1,264.7397687037331,0.1242273526116307,1.1061461657569989,,,,,,,,,2131.0908035799757,0.06798340703089903,,,,,,,,0.06672452535655131,1.8418541818307927,,1,258,1,exact,0.2528314114853571,4765,,,,,,0.0004079999998793937,bd2f2aa9cf3f4e11c6103ee5831b21f6fb431400
dv3-A-thomas-000953,3,A,thomas,953,,,,3:1:1:953,,test,1,116.54835268122727,0.1803082302595812,0.9283962131543637,,,,,,,,,646.3839865403711,0.08599640386114611,,,,,,,,0.07320219603919487,1.5458810964860206,,1,113,1,exact,0.3198220436495069,1793,,,,,,0.00013829199815518223,b97e34388e642d238caff4b64e32bfa555f1a978
dv3-A-thomas-000954,3,A,thomas,954,,,,3:1:1:954,,test,1,149.16622833644902,2.060843161936984,0.45123685155224735,,,,,,,,,72.38116470554114,0.036946159939352345,,,,,,,,1.8702931532342937,0.7513586429682101,,1,136,1,exact,0.1374033778887336,110,,,,,,7.84579970058985e-05,420b9c748120ee1365dab732d18a5fd18b4b9259
dv3-A-thomas-000955,3,A,thomas,955,,,,3:1:1:955,,test,1,277.52691712378083,9.474813026139394,0.26371607277199455,,,,,,,,,29.291017813030333,0.01583011405587933,,,,,,,,13.582787309422262,0.4391160648454461,,1,244,1,exact,0.05887245514045892,35,,,,,,7.408300007227808e-05,93f483048eef8e2ac938d02d3853734878155338
dv3-A-thomas-000956,3,A,thomas,956,,,,3:1:1:956,,test,1,115.4024755223289,0.5710138762893785,0.16186141327720022,,,,,,,,,202.1010001932864,0.015067311452182637,,,,,,,,1.2022047921651464,0.26951693198486965,,1,119,1,exact,0.05603557968216239,279,,,,,,7.254199954331852e-05,c23f11a37cc92a74f74b6bad22df3ced4e8c3e0f
dv3-A-thomas-000957,3,A,thomas,957,,,,3:1:1:957,,test,1,204.26489691648112,16.349773114381073,0.5781173203150043,,,,,,,,,12.49343923536236,0.04045005452641215,,,,,,,,11.411928753319671,0.9626284816367772,,1,177,1,exact,0.15043441962130794,16,,,,,,6.59160032228101e-05,b0c7c43e8d057efe8718081a6580a9f6fb451fcd
dv3-A-thomas-000958,3,A,thomas,958,,,,3:1:1:958,,test,1,756.3764387600585,0.20316239103774247,0.10812498936273907,,,,,,,,,3723.014062280566,0.003931489152471231,,,,,,,,1.8184524081768614,0.18003991695065083,,1,777,1,exact,0.014621272970430688,3937,,,,,,0.00018283299868926406,a8c4f95a6c5ad53c90c932a7224415e65d0d9eae
dv3-A-thomas-000959,3,A,thomas,959,,,,3:1:1:959,,test,1,103.37293492640009,3.3781378452760515,0.1245632554912801,,,,,,,,,30.600567431241917,0.012251422770839935,,,,,,,,5.111485275707704,0.2074114254801593,,1,102,1,exact,0.04556324325504083,34,,,,,,6.0792001022491604e-05,7b983b2f0d16f65145f77f9fab2e127b067340e5
dv3-A-thomas-000960,3,A,thomas,960,,,,3:1:1:960,,test,1,504.81764795561855,3.84972928630892,0.12822678880042168,,,,,,,,,131.1306874878032,0.00570704769160225,,,,,,,,13.267899314966783,0.2135116085794706,,1,501,1,exact,0.021224604448350556,135,,,,,,8.170799992512912e-05,d5dcc22acb42d02c4d3d76844eb2a7204a4bcaa6
dv3-A-thomas-000961,3,A,thomas,961,,,,3:1:1:961,,test,1,216.09985038677587,0.4105169030632098,0.18024019624733867,,,,,,,,,526.4091411931499,0.012260958387398168,,,,,,,,1.1796284661150827,0.30011961300338036,,1,220,1,exact,0.04559870637021988,599,,,,,,8.362500011571683e-05,59714f56c4b5341b7936ede91f04045aef3b537a
dv3-A-thomas-000962,3,A,thomas,962,,,,3:1:1:962,,test,1,156.8585024395552,0.9983002857334571,0.12087784211357305,,,,,,,,,157.12557101424682,0.009651452247693353,,,,,,,,2.6839949023003973,0.20127480967689476,,1,154,1,exact,0.035893910017759864,191,,,,,,6.966699947952293e-05,247a5b72e798e4e9ac23d6ce6d6da3b9dc3dbdd8
dv3-A-thomas-000963,3,A,thomas,963,,,,3:1:1:963,,test,1,610.3175892274462,10.692690757114605,0.39457417969586644,,,,,,,,,57.07801741309676,0.015971684368377276,,,,,,,,18.41906413449962,0.6570091054991193,,1,588,1,exact,0.05939895746648989,72,,,,,,0.00010991700037266128,9e948423e1041cbd7e8b200a488a1db66bdce8e0
dv3-A-thomas-000964,3,A,thomas,964,,,,3:1:1:964,,test,1,114.0091490082436,3.404192840155005,0.9846397672445178,,,,,,,,,33.490802184711825,0.09221626324314632,,,,,,,,1.227275766578892,1.639532757097331,,2,75,1,exact,0.34295380322838187,75,,,,,,0.0001857919996837154,ea6a147b5cd6e7ac3bd7cfd3463e10d9eb90eac3
dv3-A-thomas-000965,3,A,thomas,965,,,,3:1:1:965,,test,1,127.04061477824733,8.848626594000805,0.2959117777003041,,,,,,,,,14.357099763298676,0.026253726561801867,,,,,,,,7.759822152024409,0.4927254300405195,,1,108,1,exact,0.09763804188798682,20,,,,,,0.0001451660027669277,cbb350aa2aa94037cc1b22196828e234fd58d210
dv3-A-thomas-000966,3,A,thomas,966,,,,3:1:1:966,,test,1,460.4371429873064,8.793836242362447,0.11698960196381712,,,,,,,,,52.359076323169155,0.005452078347859261,,,,,,,,22.201515377526796,0.1948004651449592,,1,519,1,exact,0.020276369255684563,61,,,,,,0.0001571669999975711,aa32bc30597d9baa22b23fc2c6e397edab96cabc
dv3-A-thomas-000967,3,A,thomas,967,,,,3:1:1:967,,test,1,224.37389226079523,0.19877833358828262,0.5453255255561887,,,,,,,,,1128.7643286391922,0.036405723446987864,,,,,,,,0.21070743760218827,0.9080265617675997,,1,240,1,exact,0.13539348566428827,1811,,,,,,0.0002410829984000884,399ed0f336ac8adb365e09accb4f60219504c7f9
dv3-A-thomas-000968,3,A,thomas,968,,,,3:1:1:968,,test,1,120.28157761258849,11.236585386380217,0.38353988446365483,,,,,,,,,10.70445989387318,0.034971235457109104,,,,,,,,7.8959855753075,0.6386357987462129,,1,178,1,exact,0.13005860118174098,18,,,,,,0.00014320799891720526,447e881f70f4a6bcc4e18e03bd447d101a12250c
dv3-A-thomas-000969,3,A,thomas,969,,,,3:1:1:969,,test,1,766.1060742079185,0.599537545499777,0.11608458159219961,,,,,,,,,1277.8283528003058,0.004194016044034276,,,,,,,,4.359793430862683,0.19329350737779558,,1,786,1,exact,0.01559761480802909,1354,,,,,,0.00026612500005285256,5850153264a2f633c9b52a100aef3407463a2df0
dv3-A-thomas-000970,3,A,thomas,970,,,,3:1:1:970,,test,1,163.24467792702282,20.064008831978327,0.5790553074059962,,,,,,,,,8.136194481077029,0.04532110925254653,,,,,,,,11.427711826188915,0.9641903325924005,,1,149,1,exact,0.16854995244935853,12,,,,,,0.00020566700186464004,8b7503f01dd7a46cf21692a60eefb63a1dcf7bf7
dv3-A-thomas-000971,3,A,thomas,971,,,,3:1:1:971,,test,1,736.0180623969267,0.12905343043544704,1.1735714581334915,,,,,,,,,5703.204168331546,0.04325788706955015,,,,,,,,0.11324044674785277,1.9541246579842027,,1,749,1,exact,0.16087679513763714,9911,,,,,,0.00035762500192504376,6efc77fa37987d83c4f7d6809815556e1c052866
dv3-A-thomas-000972,3,A,thomas,972,,,,3:1:1:972,,test,1,217.279962740988,0.1762108998346512,0.3739065351137665,,,,,,,,,1233.0676646272973,0.02536607175998541,,,,,,,,0.2677874829727663,0.6225952199019278,,1,240,1,exact,0.09433683904663752,1743,,,,,,0.00012283300020499155,dbc4c5ebcbc83564bb3cb0eefd0450769b4697c8
dv3-A-thomas-000973,3,A,thomas,973,,,,3:1:1:973,,test,1,528.9693595089697,23.575462809856297,1.2068855513107568,,,,,,,,,22.437284212627254,0.052474804572170734,,,,,,,,14.262825484294817,2.0095962617667413,,1,510,1,exact,0.19515466327496808,40,,,,,,9.962499825633131e-05,4b066823898d145086e7317ce7404915e0686357
dv3-A-thomas-000974,3,A,thomas,974,,,,3:1:1:974,,test,1,620.3863005841122,7.44859553927961,0.94825794772089,,,,,,,,,83.28903043702017,0.03807109707384455,,,,,,,,6.923389013013748,1.578953053883924,,1,668,1,exact,0.1415870376370114,140,,,,,,0.00010829199891304597,9bffff82705f56e1756af298f04dbaafbf2f2d0a
dv3-A-thomas-000975,3,A,thomas,975,,,,3:1:1:975,,test,1,229.51515081677388,0.17032186865361412,0.2532206739622546,,,,,,,,,1347.5377685266121,0.01671450350181006,,,,,,,,0.39440840221212176,0.42164007949547005,,1,235,1,exact,0.06216151406943832,1668,,,,,,0.0001082499984477181,75426e9c941a6f9ad1a57bd3b8826091b5a8feca
dv3-A-thomas-000976,3,A,thomas,976,,,,3:1:1:976,,test,1,198.01283517023714,25.577409445488403,0.42987173518835314,,,,,,,,,7.741707994011278,0.030548663832408837,,,,,,,,18.391543047856167,0.7157833906748483,,1,211,1,exact,0.11361098440137217,12,,,,,,6.737500007147901e-05,4b7028046bc1d3a9bf3337b333b09a3413dbc12e
dv3-A-thomas-000977,3,A,thomas,977,,,,3:1:1:977,,test,1,196.71214190940447,3.8305802989335804,0.8455978761665858,,,,,,,,,51.35309184463994,0.06029041869426225,,,,,,,,2.2434125755049426,1.4080128219752936,,1,226,1,exact,0.22422106103898665,109,,,,,,7.712499791523442e-05,9db3b571a8ad60bafa7c93ba3950bb23ac9482c6
dv3-A-thomas-000978,3,A,thomas,978,,,,3:1:1:978,,test,1,779.127039795785,1.0475521550200042,0.1049920193199319,,,,,,,,,743.7596649122512,0.0037614227778794496,,,,,,,,7.134588334958337,0.1748231796391348,,1,756,1,exact,0.013988793319702174,808,,,,,,0.00011799999992945231,8b5216919b6044932d534be427a18f98af04b092
dv3-A-thomas-000979,3,A,thomas,979,,,,3:1:1:979,,test,1,282.999313205464,17.8583252283215,0.3398280527862721,,,,,,,,,15.846912271294938,0.0202007054524444,,,,,,,,19.20059904570816,0.5658508246959046,,1,423,1,exact,0.07512675659547517,27,,,,,,7.420800102408975e-05,703605c8ba063ded0f261c93500bfa30c33f2a78
dv3-A-thomas-000980,3,A,thomas,980,,,,3:1:1:980,,test,1,163.2659458517206,1.3320640199545422,0.10398068689493177,,,,,,,,,122.56614052025232,0.008137760005299685,,,,,,,,3.6851714580306627,0.17313920069144045,,1,164,1,exact,0.030264463614391435,141,,,,,,6.887500057928264e-05,ea9467fca4036df2a8a4cef1372ef301be3225ed
dv3-A-thomas-000981,3,A,thomas,981,,,,3:1:1:981,,test,1,290.6974343712679,2.123833943551952,1.4296466904609804,,,,,,,,,136.8738997951499,0.08385097634950656,,,,,,,,0.872580249669042,2.380517888939262,,1,268,1,exact,0.31184316336536927,367,,,,,,0.00010058399857371114,c244ea0048f6516da01ce619289f81660ab8c67d
dv3-A-thomas-000982,3,A,thomas,982,,,,3:1:1:982,,test,1,150.0517748864269,0.22004542812247505,1.0228731721685531,,,,,,,,,681.9127130553678,0.08350283485720814,,,,,,,,0.08941081855173663,1.703195552236861,,1,158,1,exact,0.3105484194162403,1766,,,,,,0.00011587499830056913,28cf8c615250a8efa299173a3bf228e3a81e1020
dv3-A-thomas-000983,3,A,thomas,983,,,,3:1:1:983,,test,1,188.74849044856998,8.147218579285502,0.7507793240673922,,,,,,,,,23.16723046175139,0.05464753293270249,,,,,,,,4.902622639746276,1.2501295764283338,,1,254,1,exact,0.20323507586620276,52,,,,,,7.349999941652641e-05,ab4fdb003ee7de3c25e270c3c9b82a225955cc23
dv3-A-thomas-000984,3,A,thomas,984,,,,3:1:1:984,,test,1,660.0390876335207,5.932164065913703,0.15570532972333462,,,,,,,,,111.26446947516412,0.006060642275362953,,,,,,,,18.681231131257036,0.25926638048598394,,1,650,1,exact,0.022539628534524448,119,,,,,,8.754200098337606e-05,05bfa4637b557cc74a1c061be473a2112676347b
dv3-A-thomas-000985,3,A,thomas,985,,,,3:1:1:985,,test,1,103.19922268171955,3.5102130401268234,0.10184246273272009,,,,,,,,,29.399703522835463,0.01002514539065271,,,,,,,,5.581829764356064,0.1695788239195642,,1,92,1,exact,0.03728368097692746,28,,,,,,5.9250000049360096e-05,3f534f9a049bf586e89580ae20512a94cf981f2f
dv3-A-thomas-000986,3,A,thomas,986,,,,3:1:1:986,,test,1,329.26555578424393,0.12646257991538504,0.12835804859348726,,,,,,,,,2603.6599601601715,0.007073754040760213,,,,,,,,0.672410971209555,0.21373017047142331,,1,323,1,exact,0.026307407891645963,2926,,,,,,0.00013158300134819,8a2a5b5eae7c2d9fb8ef23395ccf05c3e1d89c59
dv3-A-thomas-000987,3,A,thomas,987,,,,3:1:1:987,,test,1,354.58612884576246,17.57567182695669,1.4893962325304164,,,,,,,,,20.17482644970168,0.07909506363501856,,,,,,,,6.95986953415657,2.4800074024682015,,1,469,1,exact,0.29415584557680013,59,,,,,,9.391600178787485e-05,28b218d0cf59db5419ab49187bbed21b2e960cc0
dv3-A-thomas-000988,3,A,thomas,988,,,,3:1:1:988,,test,1,341.25023292916694,0.2975375313741576,1.3871780366770914,,,,,,,,,1146.914916424577,0.07509235519020233,,,,,,,,0.13887203177121238,2.3098029418643886,,1,325,1,exact,0.2792697068840559,2769,,,,,,0.0001588749983056914,0325500c3fe8a2027bfc7ee6af50354725e25960
dv3-A-thomas-000989,3,A,thomas,989,,,,3:1:1:989,,test,1,163.7111714729315,0.27903322681733056,0.37261099630706196,,,,,,,,,586.7085197710351,0.029121685629620298,,,,,,,,0.35923606879735387,0.6204380062870166,,1,167,1,exact,0.10830402894081567,887,,,,,,8.729199907975271e-05,c27059357e344f9feae73e64b923093756a959ff
dv3-A-thomas-000990,3,A,thomas,990,,,,3:1:1:990,,test,1,182.11111824836513,7.684379938742744,0.15088397027121866,,,,,,,,,23.698869616038362,0.011180851329163162,,,,,,,,11.399516476046038,0.25123829039816814,,1,177,1,exact,0.041581770414586855,34,,,,,,6.41250007902272e-05,2976fffd6633ce0a0f4a7f8368c04ec6edb00296
dv3-A-thomas-000991,3,A,thomas,991,,,,3:1:1:991,,test,1,229.76155563690162,1.4826624488076527,0.7248867792453004,,,,,,,,,154.96551883517003,0.047822414291930855,,,,,,,,1.1618914556975066,1.2070156612558538,,1,205,1,exact,0.1778523471259822,304,,,,,,8.225000055972487e-05,ce1c1095d92bc54385d70030592ddd69f1e57c62
dv3-A-thomas-000992,3,A,thomas,992,,,,3:1:1:992,,test,1,332.45987548151476,1.8408742717479845,1.2970047123244595,,,,,,,,,180.598903783815,0.07113313263621164,,,,,,,,0.9114624324992648,2.159654507877984,,1,346,1,exact,0.26454529293617657,407,,,,,,0.00010145800115424208,ee73ab73eabb1972c2d8cba8601ef80fde0ee9a9
dv3-A-thomas-000993,3,A,thomas,993,,,,3:1:1:993,,test,1,765.8477279578442,10.19072518773111,0.12578310028429648,,,,,,,,,75.15144544176984,0.004545179935310851,,,,,,,,31.201798861035464,0.2094426002948043,,1,698,1,exact,0.01690359910878344,69,,,,,,8.558300032746047e-05,e3fe0bc0fd55feba6fa99c55ad6c5a3e18fd502e
dv3-A-thomas-000994,3,A,thomas,994,,,,3:1:1:994,,test,1,170.12433987429847,0.9509665242134642,0.33888963371289443,,,,,,,,,178.89624454972983,0.02598214833603111,,,,,,,,1.3025046204318018,0.5642882544424268,,2,150,1,exact,0.09662803798925457,244,,,,,,7.133400140446611e-05,d9b919c3b9ff90f4494324fd6d77c1211fafe774
dv3-A-thomas-000995,3,A,thomas,995,,,,3:1:1:995,,test,1,157.96648326221302,7.356716473667124,0.5998630755562463,,,,,,,,,21.472416916928022,0.047727606453628696,,,,,,,,4.773648801917931,0.9988375392351825,,1,158,1,exact,0.17749975521238603,33,,,,,,6.395899981725961e-05,37d10e48f102f74433093294a106aafd7f034cad
dv3-A-thomas-000996,3,A,thomas,996,,,,3:1:1:996,,test,1,186.94115192735708,0.24167839319199513,0.2822324664924362,,,,,,,,,773.5120606286328,0.02064213024303235,,,,,,,,0.4401302258482359,0.46994788279337635,,1,215,1,exact,0.07676842266876058,1043,,,,,,9.32080001803115e-05,f83b83e423036fd4e1beb6ac6e22ae3072388562
dv3-A-thomas-000997,3,A,thomas,997,,,,3:1:1:997,,test,1,161.88122247417564,5.162776216315204,0.11871976189460126,,,,,,,,,31.355459871106735,0.00933092673052717,,,,,,,,8.817392011664564,0.1976813704017884,,1,205,1,exact,0.03470187033540962,44,,,,,,0.00015900000289548188,85c18b442e97b4f1ec144799406ac9604193212c
dv3-A-thomas-000998,3,A,thomas,998,,,,3:1:1:998,,test,1,541.8844451743742,0.2870976222138028,0.32314946117170934,,,,,,,,,1887.4570990728391,0.013881937786616873,,,,,,,,0.8208849738310746,0.538079147983264,,1,569,1,exact,0.05162715547849829,2275,,,,,,0.00017787500109989196,f50665cbd4e4dc98d91dd935c30cdf7e9403811c
dv3-A-thomas-000999,3,A,thomas,999,,,,3:1:1:999,,test,1,518.1647532117577,0.15433557339909065,0.5864433804731269,,,,,,,,,3357.3902749682643,0.02576274616681812,,,,,,,,0.23802076222784815,0.9764922811916199,,1,510,1,exact,0.09581207770500673,4710,,,,,,0.00022562500089406967,fa89cb4414ce17708aab7433610fe6bdf65d4afc
dv3-A-thomas-001000,3,A,thomas,1000,,,,3:1:1:1000,,test,2,510.6087461166272,0.23340049597941137,1.1334258277178222,,,,,,,,,2187.6934921409456,0.05015901276536021,,,,,,,,0.1738836198391934,1.8872777985434062,,1,536,1,exact,0.18654219536855654,4164,,,,,,0.0021755830020993017,a5e1183737539dcfd503fdab4c9eeba45000bd26
dv3-A-thomas-001001,3,A,thomas,1001,,,,3:1:1:1001,,test,2,256.7473376090897,14.276198779809244,0.11029109947445409,,,,,,,,,17.984292707678332,0.0068831540859920866,,,,,,,,22.24607263894965,0.18364672687421815,,1,250,1,exact,0.025598563517736195,19,,,,,,0.0003130839977529831,81869a4be4881c2cf3e429d91332f793b223c9ba
dv3-A-thomas-001002,3,A,thomas,1002,,,,3:1:1:1002,,test,2,434.7608323276086,0.6182456805087236,0.32739814949927015,,,,,,,,,703.2169346818008,0.015701856884178928,,,,,,,,1.4973332012071092,0.5451536781002293,,1,399,1,exact,0.0583954646045272,836,,,,,,0.00030499999775202014,75feeb409de38c3f1ba36abe629659a8829890dc
dv3-A-thomas-001003,3,A,thomas,1003,,,,3:1:1:1003,,test,2,274.7849325762779,0.7206320259135137,0.13172578656925177,,,,,,,,,381.3110196260638,0.007946471734768614,,,,,,,,2.7967947194035245,0.21933782203321056,,1,290,1,exact,0.029553059382812077,451,,,,,,0.0001851250017352868,58cb54315f7e9b838433ca2820eaade7b83e93ef
dv3-A-thomas-001004,3,A,thomas,1004,,,,3:1:1:1004,,test,2,314.22667715042763,0.3971882312578696,0.21393833834473452,,,,,,,,,791.127864376273,0.012068883410190655,,,,,,,,1.2237020637912008,0.3562307001846488,,1,294,1,exact,0.04488437636354162,901,,,,,,0.00018395799997961149,282e9741fb0de538b25b47b3be9441b573478508
dv3-A-thomas-001005,3,A,thomas,1005,,,,3:1:1:1005,,test,2,175.24173614696613,3.1743214501558326,0.14334186603904128,,,,,,,,,55.20604604753033,0.010828150422817862,,,,,,,,6.249168173494465,0.23867986308550562,,1,180,1,exact,0.04027006992945353,66,,,,,,0.0002282919995195698,4a98eb70741c41f31ad9a8e3141fff6e707dfe40
dv3-A-thomas-001006,3,A,thomas,1006,,,,3:1:1:1006,,test,2,115.75955249117156,1.0055903391764038,0.5130017742208305,,,,,,,,,115.11601492311539,0.0476804611959207,,,,,,,,0.7535772145213895,0.8542039853192651,,1,120,1,exact,0.17732442122175893,213,,,,,,0.00020162500004516914,54514e6d0950407b943756f10ecb2bf01cb6414d
dv3-A-thomas-001007,3,A,thomas,1007,,,,3:1:1:1007,,test,2,502.1036586835706,0.3449415338012489,0.1727813462641884,,,,,,,,,1455.6196035612127,0.0077108128173126655,,,,,,,,1.647838313734101,0.2876998131085698,,1,537,1,exact,0.028676639983848763,1706,,,,,,0.0003537920019880403,206f6d2058af085189d4245567709ef73ceaa68d
dv3-A-thomas-001008,3,A,thomas,1008,,,,3:1:1:1008,,test,2,148.9739624166762,0.15595099771708718,0.23154219793456035,,,,,,,,,955.2613615652006,0.018970333544214853,,,,,,,,0.3006685066038123,0.3855430491360131,,1,151,1,exact,0.07055098318552792,1264,,,,,,0.00017158399714389816,a181ec8cd66d097fb6cec3eae69beda723b69020
dv3-A-thomas-001009,3,A,thomas,1009,,,,3:1:1:1009,,test,2,265.1029979695363,25.143800268989235,1.339800409514323,,,,,,,,,10.543473744360652,0.08228729509659381,,,,,,,,9.298931948487162,2.230914017944243,,1,179,1,exact,0.30602780700778875,19,,,,,,0.0001049999991664663,0c5eeac561c0757426a29e3b2893d6708b8d9ebd
dv3-A-thomas-001010,3,A,thomas,1010,,,,3:1:1:1010,,test,2,301.1116247094832,0.5262864891617666,0.8006177262766446,,,,,,,,,572.143938540154,0.04613828425606387,,,,,,,,0.4359437965661205,1.3331159595724238,,1,310,1,exact,0.17158903975894182,1099,,,,,,0.00014449999798671342,d06050ec9c449e24c060fb4714904504be300a05
dv3-A-thomas-001011,3,A,thomas,1011,,,,3:1:1:1011,,test,2,133.67750548828369,7.365321316318404,1.1110959662345377,,,,,,,,,18.149582312466322,0.09609978245732204,,,,,,,,2.422991007054604,1.8500961402545637,,1,101,1,exact,0.35739667520748525,45,,,,,,8.2208000094397e-05,2b1dfcf067a7439be159cadec725fb1694b5c61b
dv3-A-thomas-001012,3,A,thomas,1012,,,,3:1:1:1012,,test,2,344.5211592841388,1.1596339977893413,0.3211007520902582,,,,,,,,,297.0947384613713,0.01729949289943871,,,,,,,,2.4027449101714904,0.5346678235978983,,1,383,1,exact,0.06433709928303605,393,,,,,,0.00010099999781232327,6fcd526b849c2af0f87b472e8d8e4be6acdae1b2
dv3-A-thomas-001013,3,A,thomas,1013,,,,3:1:1:1013,,test,2,216.1453391701832,0.7387145476947734,1.159018810870724,,,,,,,,,292.5965649988681,0.07883472319568545,,,,,,,,0.333033215568674,1.9298929108178655,,1,215,1,exact,0.2931876351910895,714,,,,,,0.00010929199925158173,a974cf84a5f7ce0b6986c42a54dbbb0a63593012
dv3-A-thomas-001014,3,A,thomas,1014,,,,3:1:1:1014,,test,2,136.71733242500443,2.913486956761813,0.6085598184237252,,,,,,,,,46.92567169648788,0.05204649473597867,,,,,,,,1.8831972917438362,1.0133185659879274,,1,148,1,exact,0.19356177193328697,88,,,,,,8.658399747218937e-05,0457cac5681f6e1ca2b332658e94b7484f693b6d
dv3-A-thomas-001015,3,A,thomas,1015,,,,3:1:1:1015,,test,2,670.6467310445399,0.394385857966266,0.1753174432395149,,,,,,,,,1700.4837204428968,0.006769837160531374,,,,,,,,2.1110465434596923,0.29192269157087214,,1,678,1,exact,0.025177136003866653,1850,,,,,,0.00016808299915282987,0f4b6905c83015d7d7e363009cf76ab83f962b61
dv3-A-thomas-001016,3,A,thomas,1016,,,,3:1:1:1016,,test,2,241.98789969445085,2.265291365658348,1.3772814468407162,,,,,,,,,106.82418313289396,0.0885372181197883,,,,,,,,0.8761903186491156,2.2933240388583673,,1,220,1,exact,0.3292713737638781,258,,,,,,9.92499990388751e-05,cc31697311865ce2e0754c6110c904762778b800
dv3-A-thomas-001017,3,A,thomas,1017,,,,3:1:1:1017,,test,2,113.38704137151385,0.7036374618478529,0.4844928183231108,,,,,,,,,161.14412253398677,0.045499396074749426,,,,,,,,0.5598463579257509,0.8067334599353891,,1,104,1,exact,0.1692130040802706,268,,,,,,8.241700197686441e-05,45197509914677c27f1ef3f741028e0eac86fb6b
dv3-A-thomas-001018,3,A,thomas,1018,,,,3:1:1:1018,,test,2,157.03785659145325,0.2823759410299162,0.326731559875973,,,,,,,,,556.1304409245544,0.026072874049239705,,,,,,,,0.4006142882849092,0.5440437335709775,,1,153,1,exact,0.09696544841233207,800,,,,,,9.241699808626436e-05,11f77a29146ed61dd57c11a0487d3bf704e9e467
dv3-A-thomas-001019,3,A,thomas,1019,,,,3:1:1:1019,,test,2,212.49257820435633,0.3554793570974409,0.12448593283694259,,,,,,,,,597.7634817937114,0.008539813673155561,,,,,,,,1.3709715051702307,0.20728267481532803,,1,212,1,exact,0.03175970783318536,688,,,,,,8.887500007404014e-05,ca9405d23c64edd0460cced481356cd4febe7a94
dv3-A-thomas-001020,3,A,thomas,1020,,,,3:1:1:1020,,test,2,340.4584918254626,0.41074262538996353,1.2432421827890927,,,,,,,,,828.8852210121304,0.06737885890194104,,,,,,,,0.217972971548808,2.070134024133641,,1,326,1,exact,0.2505830870275109,1826,,,,,,0.00016733300071791746,994080a902bf86edc6f76d27e183bcf8d936dfb3
dv3-A-thomas-001021,3,A,thomas,1021,,,,3:1:1:1021,,test,2,144.85468256343827,0.28926822362381927,1.1305213109092733,,,,,,,,,500.7625128981173,0.0939317652493537,,,,,,,,0.10308502332053236,1.8824414608191213,,1,155,1,exact,0.3493337834702994,1418,,,,,,0.00011604199971770868,36366b546c971129212c7f92c439e3c1e5496cc9
dv3-A-thomas-001022,3,A,thomas,1022,,,,3:1:1:1022,,test,2,103.39184368533796,4.555916095094942,0.4667947145657058,,,,,,,,,22.693974499805474,0.04590740985397064,,,,,,,,3.094677087605402,0.7772641841514394,,1,81,1,exact,0.17073041405148737,32,,,,,,6.645800021942705e-05,f72fe7e14c5dec1f12f99815f72843d6d40fbf41
dv3-A-thomas-001023,3,A,thomas,1023,,,,3:1:1:1023,,test,2,191.93648278490062,7.822172003166604,0.27585544741193296,,,,,,,,,24.53749197885192,0.01991144591563159,,,,,,,,9.43383253622641,0.45932944951154914,,1,143,1,exact,0.07405099560949306,26,,,,,,6.77090029057581e-05,28d4c31162ba85b9e719311270d615adcd682f62
dv3-A-thomas-001024,3,A,thomas,1024,,,,3:1:1:1024,,test,2,256.85972895739695,0.1850803025129666,0.8018875994120696,,,,,,,,,1387.828555874559,0.05003403033402691,,,,,,,,0.1402718256832613,1.3352304370413903,,1,224,1,exact,0.18607738364603565,2574,,,,,,0.00025504199948045425,2de88bca4331c3cc14a5199afe88d61ce9e4696e
dv3-A-thomas-001025,3,A,thomas,1025,,,,3:1:1:1025,,test,2,262.83679282686967,23.03342917824358,0.28089344941556865,,,,,,,,,11.411101264727632,0.01732600884326858,,,,,,,,23.548288110662156,0.46771827310984637,,1,327,1,exact,0.06443571251526675,19,,,,,,8.054199861362576e-05,7344f55549abbdee3af84c4713496619d064f940
dv3-A-thomas-001026,3,A,thomas,1026,,,,3:1:1:1026,,test,2,708.6225332930557,0.26749847678200656,0.23969188396528535,,,,,,,,,2649.0712837611254,0.009004214863722782,,,,,,,,1.1497293868080263,0.39911316650474826,,1,755,1,exact,0.0334868235167701,3009,,,,,,0.0005380410002544522,5e01d8228b5011d0c95c38142c881d809f369a11
dv3-A-thomas-001027,3,A,thomas,1027,,,,3:1:1:1027,,test,2,517.500049466918,6.889152078885946,0.11558546371176162,,,,,,,,,75.11810503544633,0.005080986275820916,,,,,,,,20.16012170225102,0.19246242159205573,,1,427,1,exact,0.01889627172215205,67,,,,,,0.00026870799774769694,be18b0d01cb22f472ca28eb53577ff64bff6a46c
dv3-A-thomas-001028,3,A,thomas,1028,,,,3:1:1:1028,,test,2,299.0349749179832,22.139632783389374,0.3680235183424519,,,,,,,,,13.506772124167261,0.021282104918108134,,,,,,,,22.058465518339695,0.6127993544209758,,1,395,1,exact,0.07914849903564157,22,,,,,,0.00018166700101573952,4e13d3b0aede66e5c4404dd45047172f56c2f859
dv3-A-thomas-001029,3,A,thomas,1029,,,,3:1:1:1029,,test,2,159.54709954869304,12.666653254408335,0.4125481529472385,,,,,,,,,12.595836985840469,0.03266105359697927,,,,,,,,9.705200620779301,0.6869377341216291,,1,244,1,exact,0.12146699675951744,25,,,,,,0.00013945899991085753,0a1299b373ca585c7c286b5c1177b20fbf918ede
dv3-A-thomas-001030,3,A,thomas,1030,,,,3:1:1:1030,,test,2,318.19250350154823,1.906412878948142,0.6626960638053929,,,,,,,,,166.90639630860554,0.03715090684277976,,,,,,,,1.9060855129396943,1.1034613274344713,,1,281,1,exact,0.13816483499792617,271,,,,,,0.00015441700088558719,9d9cb84a6b4da6ce90866d87b58e7f31c2fea0aa
dv3-A-thomas-001031,3,A,thomas,1031,,,,3:1:1:1031,,test,2,300.01480035147915,21.033504411537614,0.45286139630386757,,,,,,,,,14.26366213073417,0.026145319980908188,,,,,,,,19.306239059911693,0.754063687416197,,1,300,1,exact,0.09723487602651135,21,,,,,,0.00013991700325277634,072dc971c51243ab5a432aa624f70455033223db
dv3-A-thomas-001032,3,A,thomas,1032,,,,3:1:1:1032,,test,2,202.5769571697007,0.16242514302960312,1.0971266835361642,,,,,,,,,1247.2019626467538,0.07708355863329497,,,,,,,,0.07608193728864723,1.826835758804371,,1,209,1,exact,0.28667502531481354,3150,,,,,,0.00031804199898033403,3d8ce52031ee8c9e05160e829ebd7def279185da
dv3-A-thomas-001033,3,A,thomas,1033,,,,3:1:1:1033,,test,2,711.2454045660581,9.710093129268918,0.13785596946252907,,,,,,,,,73.24805180520534,0.005169110784159007,,,,,,,,28.14125264136304,0.22954524610328667,,1,883,1,exact,0.019224008221434087,95,,,,,,0.00019337499907123856,11d3c14f07ecbe687cc737954b2f1194b4a9bf4f
dv3-A-thomas-001034,3,A,thomas,1034,,,,3:1:1:1034,,test,2,155.679017061838,1.7882904948299931,0.7296226571096057,,,,,,,,,87.05465779296551,0.05847675589435441,,,,,,,,1.0646668199800724,1.214901415163468,,1,174,1,exact,0.21747601918707168,189,,,,,,0.00014033299885340966,224c284fa4d73365197599bb5ef040af5229e708
dv3-A-thomas-001035,3,A,thomas,1035,,,,3:1:1:1035,,test,2,152.8544186432722,3.156988664288984,0.5172573229943012,,,,,,,,,48.41779141379908,0.04183768531543506,,,,,,,,2.4808350231650307,0.8612899388279841,,1,177,1,exact,0.15559504140141003,91,,,,,,0.000131207998492755,cb115f0ba0e010950819bc55e70aa69b42b72515
dv3-A-thomas-001036,3,A,thomas,1036,,,,3:1:1:1036,,test,2,206.87676965344218,0.1182360096240444,1.343013750293995,,,,,,,,,1749.6934335931094,0.09337370595788626,,,,,,,,0.04372961983863525,2.2362645813109165,,1,228,1,exact,0.34725835176547026,4982,,,,,,0.00041491599768050946,07829506382d987c0c31cf7fd02f0067a08682d9
dv3-A-thomas-001037,3,A,thomas,1037,,,,3:1:1:1037,,test,2,265.1251187517607,0.851069377287692,0.2148384942412799,,,,,,,,,311.51998394854576,0.013194309337887934,,,,,,,,2.233982328892047,0.3577295580695081,,1,252,1,exact,0.04906985394180705,355,,,,,,0.0001465419991291128,910bad8e79434feb924bd2cfc4e1742ef60266e8
dv3-A-thomas-001038,3,A,thomas,1038,,,,3:1:1:1038,,test,2,213.72873912540916,0.10771318432134272,0.17877514498763847,,,,,,,,,1984.2393526106173,0.01222857008896891,,,,,,,,0.33752046558704507,0.2976801426396887,,1,214,1,exact,0.04547825375442561,2462,,,,,,0.00021708299755118787,16c0ad27bafddebd3b24904528432550311d132a
dv3-A-thomas-001039,3,A,thomas,1039,,,,3:1:1:1039,,test,2,555.6622045134081,2.6635184602589965,0.8406559835001146,,,,,,,,,208.61961829968934,0.03566258991869729,,,,,,,,2.7812100861796307,1.3997840309206597,,1,516,1,exact,0.1326297598216808,320,,,,,,0.00021816700245835818,849ae24e04764fcf4b0420243dc9a157df8031b5
dv3-A-thomas-001040,3,A,thomas,1040,,,,3:1:1:1040,,test,2,249.83323369755556,0.2804619778186528,0.27121767579183664,,,,,,,,,890.7918129961209,0.01715903599669802,,,,,,,,0.6340996057941753,0.45160705321593414,,1,234,1,exact,0.06381473774624738,1075,,,,,,0.00018600000112201087,51f91e46d2f052e58cfe17b4d1051edd6849a216
dv3-A-thomas-001041,3,A,thomas,1041,,,,3:1:1:1041,,test,2,344.3808792724193,0.6072986846510617,0.8755049424370844,,,,,,,,,567.0700233284578,0.04717795228970366,,,,,,,,0.4842959327134253,1.4578113538346986,,1,344,1,exact,0.17545558231544947,1038,,,,,,0.00020358300025691278,78a364bc2732909d0fe8273b75f7f7181ab8f3ce
dv3-A-thomas-001042,3,A,thomas,1042,,,,3:1:1:1042,,test,2,237.55398061445993,0.21864529542487304,0.17186414988254245,,,,,,,,,1086.4810978568892,0.011150751516845117,,,,,,,,0.7398822656241543,0.2861725809548168,,1,262,1,exact,0.041469828716366924,1341,,,,,,0.0001830830005928874,6f1747d62a15a369014c2ca66660bf45416268fb
dv3-A-thomas-001043,3,A,thomas,1043,,,,3:1:1:1043,,test,2,217.17527656839962,0.5524217945182536,1.4070758159409895,,,,,,,,,393.13307100381525,0.09547997729467048,,,,,,,,0.19722498108654823,2.3429349176203016,,1,190,1,exact,0.35509160958981356,1167,,,,,,0.00019958299890276976,ddd6e86f936ee33002903e1ed2025857a269401e
dv3-A-thomas-001044,3,A,thomas,1044,,,,3:1:1:1044,,test,2,429.61664202070926,0.10262433534530108,0.471159207846023,,,,,,,,,4186.303770691173,0.022731449754570747,,,,,,,,0.17910192289868088,0.7845315421632291,,1,459,1,exact,0.08453863637555609,5781,,,,,,0.0005994999992253724,d60c898e7f39f2468cbc55d7036c6e2c7044ee32
dv3-A-thomas-001045,3,A,thomas,1045,,,,3:1:1:1045,,test,2,264.78424510398105,10.735393585477924,0.10059026371149904,,,,,,,,,24.664605260692287,0.006181727779178615,,,,,,,,19.515694270094833,0.1674937757811547,,1,275,1,exact,0.0229899475193646,28,,,,,,0.00015337500008172356,7888fe958adc083372579ed2315ae6fb3966d6d7
dv3-A-thomas-001046,3,A,thomas,1046,,,,3:1:1:1046,,test,2,236.0280749368385,1.0246834197427668,0.15127543693832943,,,,,,,,,230.34243590678008,0.009846606529974341,,,,,,,,3.135048371212439,0.25189012515580333,,1,237,1,exact,0.03661969201077013,261,,,,,,0.00013712500003748573,cbfb6851e40784295603f7f7023e1709a2d571ad
dv3-A-thomas-001047,3,A,thomas,1047,,,,3:1:1:1047,,test,2,127.22783704703262,0.7922469683781814,0.1171243676030278,,,,,,,,,160.591131459275,0.010383796947146372,,,,,,,,2.057238632331199,0.19502486465366012,,1,175,1,exact,0.038617512028061726,217,,,,,,0.00014279199967859313,b456cf1a4052016e3b56f49d12c95924ebdd5cb1
dv3-A-thomas-001048,3,A,thomas,1048,,,,3:1:1:1048,,test,2,273.44211291109883,6.880572157738168,0.3256967008531183,,,,,,,,,39.74118818063332,0.01969611896700666,,,,,,,,9.521296095330296,0.5423205802682258,,1,356,1,exact,0.07325019113779407,60,,,,,,0.0001450829986424651,4e148b24930450b578f53d1eb262d5fe23a94bfe
dv3-A-thomas-001049,3,A,thomas,1049,,,,3:1:1:1049,,test,2,532.5388695439831,2.4626544091180254,0.17757256029557303,,,,,,,,,216.2458798815813,0.007694850747734538,,,,,,,,8.61155858828542,0.29567770777831526,,1,507,1,exact,0.028617276783945714,235,,,,,,0.00015483300012419932,9826ef634a2a90f5905640447f09f493b691626f
dv3-A-thomas-001050,3,A,thomas,1050,,,,3:1:1:1050,,test,2,328.82121178098583,1.3126213379381857,0.18877388577000284,,,,,,,,,250.5072881852472,0.010410270223301129,,,,,,,,3.927604951845959,0.3143291381279447,,1,342,1,exact,0.03871596657850528,314,,,,,,0.00015166700177360326,c99c3154c4734427b38d7cbfbe2e85cb06dc3dc5
dv3-A-thomas-001051,3,A,thomas,1051,,,,3:1:1:1051,,test,2,151.72901504017986,8.253518925455449,0.3441509663167449,,,,,,,,,18.38355450694106,0.02793924551436037,,,,,,,,7.471124724825654,0.573048947882767,,1,198,1,exact,0.10390651465909989,31,,,,,,0.00013133399988873862,13b241d899e1d1ad25a817fb15d60c8a8135dc1d
dv3-A-thomas-001052,3,A,thomas,1052,,,,3:1:1:1052,,test,2,197.52749349469065,7.34124289240464,0.41421964307721115,,,,,,,,,26.90654653302039,0.02947249574648975,,,,,,,,7.259094283712082,0.6897209477520557,,1,199,1,exact,0.1096086975487178,50,,,,,,0.00012937499923282303,39b2d2d2c923e32125a3f25f1e679768e5372367
dv3-A-thomas-001053,3,A,thomas,1053,,,,3:1:1:1053,,test,2,590.7183445405332,0.12086371388773082,0.41692017176884005,,,,,,,,,4887.474706339456,0.017153892300391112,,,,,,,,0.28516637866121697,0.6942176229816143,,1,584,1,exact,0.06379560825488581,6290,,,,,,0.0004837499982386362,784c3aa5cf833480815e842b9e73e57d27a4aa79
dv3-A-thomas-001054,3,A,thomas,1054,,,,3:1:1:1054,,test,2,571.7901862650111,2.209167239431287,1.0616507335096463,,,,,,,,,258.82612056668415,0.04439799066458695,,,,,,,,1.8515018211986751,1.7677644272448163,,1,531,1,exact,0.16511685920270627,437,,,,,,0.00024604200007161126,db3329156432bb319815b806451dc409fc1613aa
dv3-A-thomas-001055,3,A,thomas,1055,,,,3:1:1:1055,,test,2,150.68292433574553,0.3185982563512297,0.4197972058096866,,,,,,,,,472.95589769213734,0.034198536687834125,,,,,,,,0.34150862648799973,0.6990081988959432,,1,133,1,exact,0.12718492172051601,715,,,,,,0.00016687500101397745,0528da4b782a7f2ca649af766e758f1db791cb1d
dv3-A-thomas-001056,3,A,thomas,1056,,,,3:1:1:1056,,test,2,201.78600223065914,2.4966374215862692,0.39496836718744943,,,,,,,,,80.82311051095755,0.027804609273288563,,,,,,,,3.0505056000133726,0.6576654707266755,,1,218,1,exact,0.10340580025901405,108,,,,,,0.0001361659997201059,3730e27ce467bca047dd3576aa1231ab460153e2
dv3-A-thomas-001057,3,A,thomas,1057,,,,3:1:1:1057,,test,2,301.43397248178786,8.760846695425576,0.5901997854830945,,,,,,,,,34.40694523728852,0.033994053128200044,,,,,,,,8.22262075997608,0.9827471058164686,,1,277,1,exact,0.1264244439912322,54,,,,,,0.00014054200073587708,70d91bdeeb7cac291dace1b462153bae1fe53656
dv3-A-thomas-001058,3,A,thomas,1058,,,,3:1:1:1058,,test,2,220.54677551171022,0.5156427492499114,1.0851751450439888,,,,,,,,,427.7123567286312,0.0730717455194073,,,,,,,,0.2547730763734813,1.8069351418401927,,1,211,1,exact,0.27175502620769804,1024,,,,,,0.00019412500114412978,b96bd334f610f880be75cb54bedc2b6ad57374a5
dv3-A-thomas-001059,3,A,thomas,1059,,,,3:1:1:1059,,test,2,114.85416634665108,0.34660095406202285,0.5489171346390771,,,,,,,,,331.3729088180709,0.05121927309969521,,,,,,,,0.24681904095924512,0.9140069831744688,,1,122,1,exact,0.19048532103082316,658,,,,,,0.0001536250019853469,9d5e75b2d5eadb60a3fad0349f6159aeb83c05b9
dv3-A-thomas-001060,3,A,thomas,1060,,,,3:1:1:1060,,test,2,387.8055556862428,4.058802386105778,0.9706249667810726,,,,,,,,,95.54679405279529,0.04928836875111144,,,,,,,,2.9195001313476494,1.6161965835967382,,1,425,1,exact,0.18330425592660207,194,,,,,,0.0001593750021129381,28885e1f9c60edb1897ca90f56eb036f5d242afc
dv3-A-thomas-001061,3,A,thomas,1061,,,,3:1:1:1061,,test,2,218.05348762860467,0.23680849221948364,0.33338030573514577,,,,,,,,,920.8009627733448,0.02257659393917911,,,,,,,,0.40142354639551575,0.5551146216179174,,1,202,1,exact,0.0839627250452459,1215,,,,,,0.00016983399837045,e2519dd136b212d3c45026fdb2a9e7fad8c1e3e6
dv3-A-thomas-001062,3,A,thomas,1062,,,,3:1:1:1062,,test,2,142.58362511407765,0.957293644533256,0.9979320463026742,,,,,,,,,148.94450195958063,0.08357302903767978,,,,,,,,0.3874358647193439,1.661665853542657,,1,164,1,exact,0.3108094727305974,412,,,,,,0.00014745800217497163,e01ba737dceb40d764ef66a93aa24a9582f955b1
dv3-A-thomas-001063,3,A,thomas,1063,,,,3:1:1:1063,,test,2,289.13251964384125,6.3406717335102005,0.8027846663282766,,,,,,,,,45.59966700622385,0.04721180429191803,,,,,,,,4.672082525817599,1.3367241514366008,,1,305,1,exact,0.1755814784697504,81,,,,,,0.000136958002258325,b7552c53d503355df0799122b3a75a692080fffb
dv3-A-thomas-001064,3,A,thomas,1064,,,,3:1:1:1064,,test,2,120.01227323016568,1.1384883848423286,0.1400429075342129,,,,,,,,,105.41370015539192,0.012783456202979637,,,,,,,,2.387138767769345,0.23318673685508004,,1,94,1,exact,0.04754188435998195,96,,,,,,0.00011904199709533714,1e59cfa8d422e256ac25ba6b97c3a8828cfde163
dv3-A-thomas-001065,3,A,thomas,1065,,,,3:1:1:1065,,test,2,343.82467686486746,4.50299748430612,0.2454301780773347,,,,,,,,,76.35462335103844,0.013236081747362788,,,,,,,,9.051078572796916,0.4086680529510798,,1,396,1,exact,0.04922520622128124,101,,,,,,0.00013320899961399846,c99a93f127ed037ecebe53d9b75a157fff055529
dv3-A-thomas-001066,3,A,thomas,1066,,,,3:1:1:1066,,test,2,646.4580940340683,12.076695667322426,0.23614440667676267,,,,,,,,,53.52938517638386,0.009287684937954182,,,,,,,,25.89460993407496,0.39320622935567473,,1,703,1,exact,0.03454105339597002,63,,,,,,0.0001953329992829822,1e59917150813ef68a646b4fb2008142a8094183
dv3-A-thomas-001067,3,A,thomas,1067,,,,3:1:1:1067,,test,2,491.11488191414907,0.34993526084911397,0.569704999700741,,,,,,,,,1403.4449707139095,0.025707419444248456,,,,,,,,0.5351139363107866,0.9486210490008933,,1,481,1,exact,0.09560631671168392,1967,,,,,,0.00028316699899733067,2c57a3fed3b89e69a87cc2c34765d3f05314a890
dv3-A-thomas-001068,3,A,thomas,1068,,,,3:1:1:1068,,test,2,130.40927600967518,0.3578207946571663,0.2366272925834969,,,,,,,,,364.4541568206575,0.020720994371821455,,,,,,,,0.6108484513569065,0.39401028713230407,,1,126,1,exact,0.07706171966383836,471,,,,,,0.00014520900003844872,563dc50055e302888e00cb551d7d35b4d843549c
dv3-A-thomas-001069,3,A,thomas,1069,,,,3:1:1:1069,,test,2,389.12534625096043,12.367578221571009,0.8702060280206289,,,,,,,,,31.46334223884385,0.044114090246250966,,,,,,,,9.109108371984378,1.4489880825715984,,1,496,1,exact,0.16406102886668697,73,,,,,,0.00016520800272701308,674254104cc58a0d63515cdce5591024dd607443
dv3-A-thomas-001070,3,A,thomas,1070,,,,3:1:1:1070,,test,2,296.4814112618205,5.983372752796522,0.11093887492603685,,,,,,,,,49.550884344160295,0.006442953880168219,,,,,,,,14.039048943628396,0.18472534375263813,,1,213,1,exact,0.023961451695376248,46,,,,,,0.0001260839999304153,1a151cb6f75fcf6734f0cab22af2570bea3b4fc3
dv3-A-thomas-001071,3,A,thomas,1071,,,,3:1:1:1071,,test,2,181.5165605378514,1.1814772432711704,0.33322854526974993,,,,,,,,,153.63525753173568,0.024733414189393517,,,,,,,,1.68431509670125,0.5548619238674039,,1,171,1,exact,0.09198397511195794,198,,,,,,0.00029295899730641395,564930be72a3f9692d80d45a88db7edf93ed38d5
dv3-A-thomas-001072,3,A,thomas,1072,,,,3:1:1:1072,,test,2,328.3387279889054,0.23947926637502936,1.12101306597582,,,,,,,,,1371.052838765258,0.0618656554993559,,,,,,,,0.14149775149676652,1.8666091944923946,,1,319,1,exact,0.23007939268562647,2875,,,,,,0.0004195830006210599,ff4901d9d0a49f945ef16d24f21a19ab0f085dfe
dv3-A-thomas-001073,3,A,thomas,1073,,,,3:1:1:1073,,test,2,104.45414037643881,3.5439433358624606,0.12197924938686133,,,,,,,,,29.473987159847933,0.011935019334451106,,,,,,,,5.348382558160289,0.20310877308517233,,1,104,1,exact,0.04438653365905595,34,,,,,,0.00021887500042794272,73255b527c8006f18d08bbd360b752f2c553e956
dv3-A-thomas-001074,3,A,thomas,1074,,,,3:1:1:1074,,test,2,412.75469961111423,1.4949691877695543,0.5841264183262945,,,,,,,,,276.0957904603578,0.028751521705313452,,,,,,,,1.9404996724910784,0.9726342861531736,,1,401,1,exact,0.10692738320399754,383,,,,,,0.00043283299964969046,86944b762df7c3ced71fe2f94e017ebee23d04ba
dv3-A-thomas-001075,3,A,thomas,1075,,,,3:1:1:1075,,test,2,405.3472128538659,2.133144106713217,0.3069909166995627,,,,,,,,,190.0233610932322,0.015247966533495218,,,,,,,,4.685500115494729,0.5111734065634992,,1,429,1,exact,0.056707438907745225,241,,,,,,0.00017212500097230077,09b60b8c21633954979b8c6421b54cc5f8ee666f
dv3-A-thomas-001076,3,A,thomas,1076,,,,3:1:1:1076,,test,2,257.38786664547416,0.34767926507493696,0.1582724936428874,,,,,,,,,740.3026078935083,0.009865325288067196,,,,,,,,1.2661293903321578,0.2635409888036266,,1,262,1,exact,0.036689307380704715,880,,,,,,0.0004315410005801823,58f5560baa40e2da8da2d3c29d827a0ae20765d4
dv3-A-thomas-001077,3,A,thomas,1077,,,,3:1:1:1077,,test,2,492.5186960676762,0.21415285722192073,0.11234210893938064,,,,,,,,,2299.846485621682,0.005062105730627063,,,,,,,,1.4981951114193612,0.18706188164932352,,1,548,1,exact,0.01882605466332172,2611,,,,,,0.00031770799978403375,8b5beeea8ba76265dd34b0a50d608431db355e37
dv3-A-thomas-001078,3,A,thomas,1078,,,,3:1:1:1078,,test,2,233.21539319069169,7.458161063892698,1.1561658059787745,,,,,,,,,31.269825254882296,0.07570795488794686,,,,,,,,3.331430418190706,1.9251423460609696,,1,176,1,exact,0.28155913230840934,67,,,,,,0.0002617499994812533,f66d78c82b5be88c925ece49d6b0a51a6bd72f9a
dv3-A-thomas-001079,3,A,thomas,1079,,,,3:1:1:1079,,test,2,110.84627769152415,20.41076002921289,0.5160223454496508,,,,,,,,,5.430776587097955,0.04901262371532635,,,,,,,,10.058069253212583,0.8592335663290342,,1,165,1,exact,0.18227875559273474,15,,,,,,0.00020204199972795323,f49c2c94a0c3a8b0abddcdb035246dc88cf7b98f
dv3-A-thomas-001080,3,A,thomas,1080,,,,3:1:1:1080,,test,2,120.24402522319212,0.30172281054031763,0.14404977820952738,,,,,,,,,398.52480827638504,0.013136535413429016,,,,,,,,0.769088643372253,0.23985861416917134,,1,116,1,exact,0.04885499176431486,480,,,,,,0.0001782079998520203,f22c5bd54ea32e302870f3d2dc9e674f233e1c6e
dv3-A-thomas-001081,3,A,thomas,1081,,,,3:1:1:1081,,test,2,558.7471562004066,6.190717486268687,1.2012025725391804,,,,,,,,,90.25563796760795,0.050816949452621094,,,,,,,,4.332667616255922,2.000133481403967,,1,493,1,exact,0.18898907275486587,155,,,,,,0.00022120900030131452,4f9c3d8c1a59b208fb86a176e349f2470bea18c5
dv3-A-thomas-001082,3,A,thomas,1082,,,,3:1:1:1082,,test,2,322.50902145638395,15.434504723918131,0.38175991467755693,,,,,,,,,20.895326881244642,0.021257852589549635,,,,,,,,17.414358947377416,0.6356719546399385,,1,219,1,exact,0.07905830422592182,24,,,,,,0.00016583300021011382,e7ebada51f45840f29021644d75456b00096a165
dv3-A-thomas-001083,3,A,thomas,1083,,,,3:1:1:1083,,test,2,128.2782328804056,0.4419283721425298,0.764112339949941,,,,,,,,,290.26928562765727,0.06746534243110856,,,,,,,,0.23176296877424343,1.2723305041356432,,1,122,1,exact,0.25090472069820535,608,,,,,,0.00016270799824269488,1257353c9a62d83ea7bb5528126ac3f447479b63
dv3-A-thomas-001084,3,A,thomas,1084,,,,3:1:1:1084,,test,2,130.08806848636257,3.120858651149236,0.4828701331553301,,,,,,,,,41.683422105149965,0.042336174366221425,,,,,,,,2.417455081283309,0.8040315118976031,,1,92,1,exact,0.15744893039910368,66,,,,,,0.0001290420004806947,fa2fda0ab7e983a8899ba0ed5da803a7599ea47e
dv3-A-thomas-001085,3,A,thomas,1085,,,,3:1:1:1085,,test,2,202.77797691344307,0.612837303718091,0.23927993496332048,,,,,,,,,330.8838670283071,0.0168033506027036,,,,,,,,1.2906088347822808,0.39842722642245293,,1,212,1,exact,0.062491937902346334,431,,,,,,0.0001528329994471278,887e8079d859ce1984c3efa50631eb17bceebac2
dv3-A-thomas-001086,3,A,thomas,1086,,,,3:1:1:1086,,test,2,409.5842478880142,0.57433772369387,0.864048958032644,,,,,,,,,713.1418170719503,0.04269398841322757,,,,,,,,0.5076870206577044,1.4387358885521635,,1,441,1,exact,0.15877964673864714,1190,,,,,,0.00025391700182808563,cb798e33540aafceab82d9c01283237123f61f8b
dv3-A-thomas-001087,3,A,thomas,1087,,,,3:1:1:1087,,test,2,188.8262666583446,5.5575841369779715,0.9382952698159933,,,,,,,,,33.97632172619198,0.06828232865995304,,,,,,,,2.8027592194639817,1.5623641070255228,,1,151,1,exact,0.25394310595166825,78,,,,,,0.00014370799908647314,d68eda93f96027ab5d8c71b1fbdf3f25829d2066
dv3-A-thomas-001088,3,A,thomas,1088,,,,3:1:1:1088,,test,2,262.7911663227677,3.273437693432431,0.19950043327578615,,,,,,,,,80.27987422824981,0.012306610683653716,,,,,,,,6.965545513339785,0.3321900113034287,,1,285,1,exact,0.04576848801259317,104,,,,,,0.00013695900270249695,053d6790ca9054a1ea59eb1af252c9868d7cc6d9
dv3-A-thomas-001089,3,A,thomas,1089,,,,3:1:1:1089,,test,2,277.09671584436535,0.9626401857008662,0.5313787133843503,,,,,,,,,287.85076704710855,0.03192188021898214,,,,,,,,1.147821399594123,0.8848035961983709,,1,299,1,exact,0.11871799878113616,472,,,,,,0.0002202079995186068,1a29b0ca6a7e766b981a40bfdabfb8732dcec452
dv3-A-thomas-001090,3,A,thomas,1090,,,,3:1:1:1090,,test,2,609.8115953450241,6.230501117053367,0.1631015922113722,,,,,,,,,97.87520841235742,0.006604810499316224,,,,,,,,18.31589929374718,0.2715819653654807,,1,501,1,exact,0.0245633991302678,95,,,,,,0.00015779200111865066,d55f517b218d5a0f70d3c16622a6acd0d9c8dfb5
dv3-A-thomas-001091,3,A,thomas,1091,,,,3:1:1:1091,,test,2,773.1423056613767,4.104226072481518,0.23442531939888625,,,,,,,,,188.37712445842814,0.008430916679989651,,,,,,,,13.238912005198069,0.39034376127531767,,1,853,1,exact,0.03135471812038479,226,,,,,,0.00020104199938941747,6669266d330908a24cb4d300dc1424421098e044
dv3-A-thomas-001092,3,A,thomas,1092,,,,3:1:1:1092,,test,2,257.61324301890573,0.18775633860053487,0.4571963474334899,,,,,,,,,1372.0614970395031,0.02848515976979171,,,,,,,,0.2597008438113329,0.7612818545204177,,1,272,1,exact,0.1059367787746943,1979,,,,,,0.0002651249997143168,f533e687f93150ce93f337efec9c43e4390012f8
dv3-A-thomas-001093,3,A,thomas,1093,,,,3:1:1:1093,,test,2,134.94362396250918,0.30059813830853604,1.041092333732234,,,,,,,,,448.9170316284597,0.08962167653720175,,,,,,,,0.11420565300056576,1.7335324461794002,,1,129,1,exact,0.3333044924960299,1194,,,,,,0.00018008299957728013,77e88c3d0383bc837da14f5ec7dd19fc298b2304
dv3-A-thomas-001094,3,A,thomas,1094,,,,3:1:1:1094,,test,2,575.9897518974151,3.0075161123502525,0.8709233946503545,,,,,,,,,191.51676346209243,0.03628879760086084,,,,,,,,3.0746830170651513,1.450182576362536,,1,573,1,exact,0.134958636514966,303,,,,,,0.00017512500198790804,80aba969014c4da422151aa461a5b2808c5f4d12
dv3-A-thomas-001095,3,A,thomas,1095,,,,3:1:1:1095,,test,2,157.37634300057528,1.3426195500974476,0.7899687473045196,,,,,,,,,117.21588814132258,0.06297094133042191,,,,,,,,0.7476985681477533,1.3153842464776957,,1,134,1,exact,0.23418996891250154,243,,,,,,0.00013691699859919026,147311b270a51f2b0081894d34337a23181bca38
dv3-A-thomas-001096,3,A,thomas,1096,,,,3:1:1:1096,,test,2,577.7638795172165,21.68268744787258,0.3051838743357824,,,,,,,,,26.64632236692156,0.012696569330298117,,,,,,,,33.425266717105345,0.508164483658454,,1,425,1,exact,0.04721875064810968,24,,,,,,0.0001331249986833427,168111dfee87149d37e0465fa4f3c89e04b124e6
dv3-A-thomas-001097,3,A,thomas,1097,,,,3:1:1:1097,,test,2,465.7382157629801,0.16341432581154297,0.4977017379987567,,,,,,,,,2850.0452053395315,0.023062066483407802,,,,,,,,0.2812603030265286,0.8287277539041304,,1,404,1,exact,0.08576820544046852,3825,,,,,,0.0005558329976338428,7deeff39e9819b55ea7d656762fc945fb98013fd
dv3-A-thomas-001098,3,A,thomas,1098,,,,3:1:1:1098,,test,2,122.1389241950372,1.346193804410583,0.5399861275353418,,,,,,,,,90.72907912283438,0.0488602356892013,,,,,,,,0.9692681962165608,0.8991358808814749,,1,141,1,exact,0.18171202201138964,172,,,,,,0.00012774999777320772,a5c4770927904d2f2bac6ad92d29b6ebfeb0ab89
dv3-A-thomas-001099,3,A,thomas,1099,,,,3:1:1:1099,,test,2,715.4075040165832,0.2070049467238626,0.11197645018675934,,,,,,,,,3455.992310033595,0.004186488957363574,,,,,,,,1.756403379464245,0.18645301988811344,,1,675,1,exact,0.015569621448613296,3687,,,,,,0.00042545799806248397,0bc9b5335dc01318630eeb70c2f12a11cb026e65
dv3-A-thomas-001100,3,A,thomas,1100,,,,3:1:1:1100,,test,2,237.3385605464888,2.928028715444574,0.19713773568420073,,,,,,,,,81.05745660709914,0.012796335318708624,,,,,,,,6.069998406871109,0.32825586175413746,,1,266,1,exact,0.047589782003696145,106,,,,,,0.00013758299974142574,8f9536990833b9e1d2dcee148422ff059cc79f70
dv3-A-thomas-001101,3,A,thomas,1101,,,,3:1:1:1101,,test,2,136.02879533691393,0.7919158623913268,0.4183257037845439,,,,,,,,,171.7717775296879,0.03586733626180773,,,,,,,,0.7857580382350005,0.6965579873032224,,1,137,1,exact,0.13339121484704525,301,,,,,,0.00013625000065076165,a0501db2976cc60103d9a269591602be07788559
dv3-A-thomas-001102,3,A,thomas,1102,,,,3:1:1:1102,,test,2,432.7380788003066,0.7983845193925534,0.7024513417769989,,,,,,,,,542.0171211856075,0.03376787177936641,,,,,,,,0.8992544173309553,1.1696582074207045,,1,450,1,exact,0.1255832718262173,907,,,,,,0.0001916250002977904,671e3c57ea406a9746a5de76caae986c990c4be4
dv3-A-thomas-001103,3,A,thomas,1103,,,,3:1:1:1103,,test,2,139.97253827196815,5.705950326142179,0.195371187231214,,,,,,,,,24.53097736071675,0.01651349869773521,,,,,,,,7.176536440444998,0.3253143656334022,,1,171,1,exact,0.06141397388942816,35,,,,,,0.00011862499741255306,100850b75bd73d1c5ca47daf2af7ab1f81eec24a
dv3-A-thomas-001104,3,A,thomas,1104,,,,3:1:1:1104,,test,2,315.8034559355651,0.23032222501215963,0.22196352091140842,,,,,,,,,1371.13757006686,0.012490308524514392,,,,,,,,0.7103661605681283,0.36959350568718224,,1,380,1,exact,0.04645166331109664,1684,,,,,,0.00020266700084903277,19f373f2c658a7a38dcbd8e52d6976c609ce9e08
dv3-A-thomas-001105,3,A,thomas,1105,,,,3:1:1:1105,,test,2,701.0518628696144,0.5067398664345472,0.2950215348857275,,,,,,,,,1383.4551202814541,0.011142397414143636,,,,,,,,1.7480380669667541,0.49124307851986804,,1,656,1,exact,0.041438759670698926,1614,,,,,,0.00022804200125392526,5a2a8c839d4ec5a2f15418204b2cb8a94e459943
dv3-A-thomas-001106,3,A,thomas,1106,,,,3:1:1:1106,,test,2,347.60480949835915,4.106834998226091,0.11744550198134518,,,,,,,,,84.64055888500604,0.006299317525643798,,,,,,,,11.688035598397676,0.1955595884685989,,1,288,1,exact,0.023427265724989172,82,,,,,,0.00013699999908567406,7544939ac75d0a9175ac542d958cad73132b27f2
dv3-A-thomas-001107,3,A,thomas,1107,,,,3:1:1:1107,,test,2,520.6797358679357,0.10621264058177958,0.12521078967658586,,,,,,,,,4902.2388768033,0.005487271093269128,,,,,,,,0.7409243043589054,0.20848964062387643,,1,515,1,exact,0.020407251656032303,5365,,,,,,0.0004036249993077945,e68a67e28d9d761f172be72df4a0e0566b7d0c29
dv3-A-thomas-001108,3,A,thomas,1108,,,,3:1:1:1108,,test,2,621.7146704497111,8.01242564642462,0.12200752109942355,,,,,,,,,77.59381464302741,0.004893178351764153,,,,,,,,23.793067124198302,0.20315584857449034,,1,606,1,exact,0.01819781095648574,81,,,,,,0.00014991699936217628,2ca2730711cf64c027392653da71bea229826ef3
dv3-A-thomas-001109,3,A,thomas,1109,,,,3:1:1:1109,,test,2,590.7554995731069,0.2500115984550626,0.15663032005254318,,,,,,,,,2362.912373760492,0.006444243596765054,,,,,,,,1.4394917058272032,0.26080659041370163,,1,535,1,exact,0.023966248172661443,2540,,,,,,0.00026058300136355683,27391ef0feac0c7dfefed37e7a7667e58e4a3aa2
dv3-A-thomas-001110,3,A,thomas,1110,,,,3:1:1:1110,,test,2,773.2869387391697,0.5125367615359618,1.1679069194645677,,,,,,,,,1508.7443414240101,0.04199889789659797,,,,,,,,0.46166453624925735,1.9446925824064154,,1,779,1,exact,0.15619459364841776,2620,,,,,,0.00032750000173109584,2dc2dffea75bf45ba77cb8d7b54c0bed3a5746a7
dv3-A-thomas-001111,3,A,thomas,1111,,,,3:1:1:1111,,test,2,134.34764977024255,10.543128859177784,0.3048626796134392,,,,,,,,,12.742673599525727,0.026302027399905035,,,,,,,,8.955036600085698,0.5076296593641213,,1,119,1,exact,0.09781767350115383,19,,,,,,0.0001149159979831893,28eb57b2209a4886f3d2cf6755a67e5cc13b9c29
dv3-A-thomas-001112,3,A,thomas,1112,,,,3:1:1:1112,,test,2,115.66962330589612,0.27047491833808346,0.2702421147418131,,,,,,,,,427.65378770283405,0.025127157971723303,,,,,,,,0.38945381969682236,0.44998263751460826,,1,98,1,exact,0.09344831472948809,624,,,,,,0.00013954200039734133,18b3729811bf1822597f3801bc9cb1377402fe48
dv3-A-thomas-001113,3,A,thomas,1113,,,,3:1:1:1113,,test,2,305.4671672202863,4.5202217735704044,0.21299329381116017,,,,,,,,,67.5779159788892,0.012186630990986562,,,,,,,,9.175364885684662,0.3546570978162954,,1,273,1,exact,0.04532228155764412,75,,,,,,0.00012737500219373032,0a943c21484098915e3879052d87b31c8bcaddf2
dv3-A-thomas-001114,3,A,thomas,1114,,,,3:1:1:1114,,test,2,292.39659278078693,1.4111113925429972,0.5442100784032359,,,,,,,,,207.2101425344261,0.03182588041249822,,,,,,,,1.6578868818102737,0.9061692204262124,,1,269,1,exact,0.1183609739182219,290,,,,,,0.0001449169976694975,5481534c9dd1c005d8ed9c0ae7bef34b03a707c8
dv3-A-thomas-001115,3,A,thomas,1115,,,,3:1:1:1115,,test,2,127.00079522459109,0.3938066322531562,0.1250328550717071,,,,,,,,,322.4953183189393,0.011094837048153868,,,,,,,,1.1136137388997693,0.20819336007232375,,1,122,1,exact,0.04126188188552867,387,,,,,,0.00012799999967683107,2bfb489f4383fa6bb553ac70a29cff0bb1cc3f9e
dv3-A-thomas-001116,3,A,thomas,1116,,,,3:1:1:1116,,test,2,345.0333210898259,19.410198171417967,0.17651663152784833,,,,,,,,,17.775878331726496,0.009502877086199792,,,,,,,,27.697766979594185,0.29391947104906874,,1,468,1,exact,0.035341356542836065,25,,,,,,0.00014395800099009648,fa5dceb8c93f0227a99fe02c0b0542a66ea7be2c
dv3-A-thomas-001117,3,A,thomas,1117,,,,3:1:1:1117,,test,2,195.86775640393026,0.17030232222593045,0.8390503567064983,,,,,,,,,1150.1179422796338,0.05995239705649683,,,,,,,,0.10622295283073951,1.3971104869390125,,1,185,1,exact,0.22296395299569632,2373,,,,,,0.0005276660012896173,844d17f6204e4e2fa6a061938fefa802690bb5e0
dv3-A-thomas-001118,3,A,thomas,1118,,,,3:1:1:1118,,test,2,430.68466838153955,1.277918451210836,0.10645441519392713,,,,,,,,,337.020463217714,0.005129605573388624,,,,,,,,6.118879752957675,0.17725822849560022,,1,398,1,exact,0.01907708769131763,370,,,,,,0.0001802080005290918,aeb13996f09ad530123054bfe1b9bc47a734942a
dv3-A-thomas-001119,3,A,thomas,1119,,,,3:1:1:1119,,test,2,254.32430955544905,0.7505849848062857,1.3426281693408828,,,,,,,,,338.83479513127514,0.08419025359659979,,,,,,,,0.3100507642895913,2.2356225469099402,,1,217,1,exact,0.313104941040449,869,,,,,,0.0002055000004475005,2df53efea3fae63748fc50d8e4c8ae37f9858cdf
dv3-A-thomas-001120,3,A,thomas,1120,,,,3:1:1:1120,,test,2,139.97655447665835,3.2494511447161196,1.1313699641236659,,,,,,,,,43.07698384826372,0.09562622138754363,,,,,,,,1.1097927628161774,1.883854561112954,,1,104,1,exact,0.35563549378210935,124,,,,,,0.00014399999781744555,f1d3eb903a4d9d493440ec2f050b02e23b04c181
dv3-A-thomas-001121,3,A,thomas,1121,,,,3:1:1:1121,,test,2,184.45264038117756,0.5138421064222872,0.931924808539216,,,,,,,,,358.96754679265257,0.06861805993782345,,,,,,,,0.2733407881600729,1.5517565932031576,,1,202,1,exact,0.2551916961087514,801,,,,,,0.00017070799731300212,807d5e4f3ab16aa25e60a3851235b78674b6382e
dv3-A-thomas-001122,3,A,thomas,1122,,,,3:1:1:1122,,test,2,128.1196880755151,23.88108242971598,0.8459527652144502,,,,,,,,,5.364902887152709,0.07473743316268874,,,,,,,,8.697405870961978,1.4086037510017915,,2,95,1,exact,0.2779497460126815,12,,,,,,0.0001274169990210794,fddb3334cda7e676f705a73e791a4f2062c631aa
dv3-A-thomas-001123,3,A,thomas,1123,,,,3:1:1:1123,,test,2,372.74407652657607,4.52587049483273,0.1299404061103955,,,,,,,,,82.35853786628338,0.006730368518228764,,,,,,,,12.446989682359499,0.21636496856582732,,1,454,1,exact,0.025030351472484693,100,,,,,,0.00014108300092630088,19e8e472f8506d63b7a9d60fddb71a68a4d955ad
dv3-A-thomas-001124,3,A,thomas,1124,,,,3:1:1:1124,,test,2,104.34251067391078,0.13689839690791858,0.9631759542941749,,,,,,,,,762.1894268352482,0.09429203107586213,,,,,,,,0.05010112608945954,1.6037931642076624,,1,99,1,exact,0.3506736180182306,2172,,,,,,0.0002115420029440429,e70cafa4656bfc6758c830d40ec2ab112177a85a
dv3-A-thomas-001125,3,A,thomas,1125,,,,3:1:1:1125,,test,2,286.35699567194706,1.2274695972311065,0.2649226955106709,,,,,,,,,233.29049967339608,0.015655439584152678,,,,,,,,2.7074745608327273,0.44112522349547145,,1,279,1,exact,0.05822283790051923,280,,,,,,0.0001715420003165491,9c9ade9dc7460073e770421efa1130a6ba7efea2
dv3-A-thomas-001126,3,A,thomas,1126,,,,3:1:1:1126,,test,2,202.99966451779804,20.29497535722888,0.24653333896461357,,,,,,,,,10.002459275984855,0.01730326255084188,,,,,,,,19.565327377841715,0.41050493631818546,,1,177,1,exact,0.06435111867874886,11,,,,,,0.00011679199815262109,0fde5479e81e0fbcc79689366ed6c4c24f38a68a
dv3-A-thomas-001127,3,A,thomas,1127,,,,3:1:1:1127,,test,2,281.4445462997591,15.7461650705459,0.9061800027698,,,,,,,,,17.873847063004387,0.054015457066612614,,,,,,,,9.23893222852449,1.5088886796897847,,1,335,1,exact,0.20088437530015585,41,,,,,,0.00014537500101141632,050d83927078c886a2b67dc7ce85bb84d4005ee3
dv3-A-thomas-001128,3,A,thomas,1128,,,,3:1:1:1128,,test,2,368.1140288947364,0.9076438357365175,0.9440927134788807,,,,,,,,,405.5710118892905,0.049206611724041754,,,,,,,,0.6783025352896626,1.5720174839344505,,1,324,1,exact,0.18300020019512805,726,,,,,,0.00018799999816110358,10e3be52b867b2ff286a3aabb393a4539a6af5a8
dv3-A-thomas-001129,3,A,thomas,1129,,,,3:1:1:1129,,test,2,226.32191440015293,0.687575399059503,0.1760689454560137,,,,,,,,,329.15941249458075,0.011703599698079001,,,,,,,,1.9612685544043014,0.29317402484215477,,1,220,1,exact,0.04352588021632993,393,,,,,,0.000143291999847861,ee6bd49e1c3c418e235763f22df12f57e9249e22
dv3-A-thomas-001130,3,A,thomas,1130,,,,3:1:1:1130,,test,2,158.5483769061964,2.764159016022698,0.9173766189764039,,,,,,,,,57.35863095688648,0.07285624213583129,,,,,,,,1.2969567184969994,1.5275322685941266,,2,144,1,exact,0.27095356557150735,151,,,,,,0.00013766700067208149,00351d23263d7e2f3989f8d173a4e071bd83fa08
dv3-A-thomas-001131,3,A,thomas,1131,,,,3:1:1:1131,,test,2,138.5367074834739,0.3418775783801423,0.1198391829439221,,,,,,,,,405.2231449043184,0.010181608846919637,,,,,,,,1.0523757523683255,0.19954532871466651,,1,149,1,exact,0.03786557115015553,503,,,,,,0.00013949999993201345,8cb97deff94f79a6e2c9e2a3b5c0a30f241eb05d
dv3-A-thomas-001132,3,A,thomas,1132,,,,3:1:1:1132,,test,2,113.0646121058972,4.8929190683814765,0.36297300335151195,,,,,,,,,23.10780344529543,0.034135870036144496,,,,,,,,4.12330408485741,0.6043896953321195,,1,137,1,exact,0.12695186340979397,42,,,,,,0.00011575000098673627,3e3769317f3d81390b87b1507161d62a6aa20087
dv3-A-thomas-001133,3,A,thomas,1133,,,,3:1:1:1133,,test,2,290.0196198158653,0.6002240442829204,0.2031490280777436,,,,,,,,,483.1856080713125,0.011928918170305286,,,,,,,,1.793772673010403,0.33826532015666005,,1,326,1,exact,0.04436384332901717,579,,,,,,0.00016825000056996942,d1e5ba6bcbc6666be0492f3cd12377378754c829
dv3-A-thomas-001134,3,A,thomas,1134,,,,3:1:1:1134,,test,2,667.6815999393068,5.0184469298646945,1.3663877463563416,,,,,,,,,133.04546391951357,0.05287973311883601,,,,,,,,3.3773679940298247,2.2751848377166937,,1,727,1,exact,0.19666059921544785,251,,,,,,0.00022766699839849025,c2848e692f97a5bae0d9ba27dffaf1cbfcbef209
dv3-A-thomas-001135,3,A,thomas,1135,,,,3:1:1:1135,,test,2,199.91867867660483,5.893088943951305,0.22595630857344717,,,,,,,,,33.924259514494906,0.01598077307878326,,,,,,,,8.563321466324679,0.37624193324599015,,2,260,1,exact,0.059432758530321275,44,,,,,,0.00013462500282912515,720f1c2162de902f04d1d29b09afc2a6aa8c4867
dv3-A-thomas-001136,3,A,thomas,1136,,,,3:1:1:1136,,test,2,243.1340490458207,0.40314002805344534,0.4473933260058116,,,,,,,,,603.1007395117504,0.028692382371957568,,,,,,,,0.5458910678387014,0.7449587531346351,,1,237,1,exact,0.10670744304830815,901,,,,,,0.00017208399731316604,e28a766875609d84dc09989434635aa657994fa8
dv3-A-thomas-001137,3,A,thomas,1137,,,,3:1:1:1137,,test,2,104.3688811754325,0.9453466969149485,0.2272430954964335,,,,,,,,,110.40275648714983,0.02224360542663465,,,,,,,,1.3884906698375992,0.37838457401860953,,1,107,1,exact,0.0827243352776257,156,,,,,,0.00015212499783956446,23a319e663624973a6c570833a2792411cc0c78e
dv3-A-thomas-001138,3,A,thomas,1138,,,,3:1:1:1138,,test,2,414.7784367230974,1.7421207670624739,1.4037828638376384,,,,,,,,,238.08822244997847,0.06892739278705806,,,,,,,,0.8801236369241101,2.3374517927043685,,1,475,1,exact,0.2563421100745479,571,,,,,,0.00021104199913679622,9df2296f2f0bf5c3634bd5842276c890a2a97924
dv3-A-thomas-001139,3,A,thomas,1139,,,,3:1:1:1139,,test,2,412.0214165572373,0.1303629022644795,0.15020675802659256,,,,,,,,,3160.572596959606,0.007399963493375627,,,,,,,,0.6803312791732286,0.2501106580441763,,1,407,1,exact,0.027520586223634163,3560,,,,,,0.00029225000253063627,dbed32acaf549a80daee7f9a727f1ecc41483f0f
dv3-A-thomas-001140,3,A,thomas,1140,,,,3:1:1:1140,,test,2,146.1881739388899,0.4657977037171015,1.2030964139671227,,,,,,,,,313.8447716085696,0.09950486427522669,,,,,,,,0.1546885389905169,2.003286934231237,,1,141,1,exact,0.370060230622598,883,,,,,,0.00018112500038114376,dbc485e0f272a7aba2208ab53805f836dbb345fe
dv3-A-thomas-001141,3,A,thomas,1141,,,,3:1:1:1141,,test,2,137.08050902533023,0.9603678763328944,0.6704482414324962,,,,,,,,,142.73749924743808,0.05726343575541283,,,,,,,,0.591661798063852,1.1163695498943882,,1,162,1,exact,0.21296366158821256,286,,,,,,0.00013758299974142574,65b68c663a5329b995678fb51ec9e41ab56b3431
dv3-A-thomas-001142,3,A,thomas,1142,,,,3:1:1:1142,,test,2,407.42443311852145,0.8280355745746789,0.1538517530107633,,,,,,,,,492.03735398421173,0.0076221749718336515,,,,,,,,3.4549328252998714,0.25617997280761234,,1,466,1,exact,0.028346994375277035,578,,,,,,0.00017754199870978482,b527bfc286de7ecc5e1cc90992b9c5ea31f5557e
dv3-A-thomas-001143,3,A,thomas,1143,,,,3:1:1:1143,,test,2,100.85741047780328,0.542017636465003,0.4108327627204351,,,,,,,,,186.0777282739128,0.04090827467522157,,,,,,,,0.4780498303425953,0.6840814220351091,,1,94,1,exact,0.15213854790869813,306,,,,,,0.00014945799921406433,e3574ec7abe53cac01d3c895cea793ec39717530
dv3-A-thomas-001144,3,A,thomas,1144,,,,3:1:1:1144,,test,2,161.77679862584023,11.944608848299055,0.49022274622675827,,,,,,,,,13.543917651926936,0.0385420969986637,,,,,,,,8.400118625251164,0.8162744157309548,,1,211,1,exact,0.14333869412206218,27,,,,,,0.00014691699834656902,9e7041a7b86d810f8ecafbed2978c2e4d18423d8
dv3-A-thomas-001145,3,A,thomas,1145,,,,3:1:1:1145,,test,2,123.79268252296092,0.24021494647156605,0.17906403636551813,,,,,,,,,515.3412988713178,0.01609388459953276,,,,,,,,0.5246197553563516,0.29816117833724354,,1,114,1,exact,0.05985342214068362,609,,,,,,0.00014979100160417147,8453665cecb8e5d9c1ffed3c90c86427ba3279c7
dv3-A-thomas-001146,3,A,thomas,1146,,,,3:1:1:1146,,test,2,217.8182796758854,5.917133980826758,1.1782033112870411,,,,,,,,,36.811449661555784,0.07983127713362745,,,,,,,,2.515941856252822,1.9618371993865888,,1,209,1,exact,0.2968938357149416,81,,,,,,0.00014154199743643403,66ab0a8664fe8b7116dac60ea7d452397bce5133
dv3-A-thomas-001147,3,A,thomas,1147,,,,3:1:1:1147,,test,2,456.91102573695525,0.3010220657043683,0.34970815630513863,,,,,,,,,1517.8655580208676,0.016360250250930863,,,,,,,,0.7229912966418426,0.5823022761826001,,1,434,1,exact,0.06084404038939231,1844,,,,,,0.0002615000012156088,4329c30c728dff86f294327d1acc3aee4a5e4c09
dv3-A-thomas-001148,3,A,thomas,1148,,,,3:1:1:1148,,test,2,637.199753430411,0.2952737661594757,0.11029522022422517,,,,,,,,,2157.9964983623468,0.004369370705670733,,,,,,,,2.264846433163755,0.18365358837266482,,1,626,1,exact,0.016249761685456575,2290,,,,,,0.00026658299975679256,199a40071dbcf83a57bc484571b58d2fc65605b8
dv3-A-thomas-001149,3,A,thomas,1149,,,,3:1:1:1149,,test,2,270.3662640514555,0.21335707636275425,0.2986798485311452,,,,,,,,,1267.2008290541676,0.01816476034593489,,,,,,,,0.46154853345818503,0.49733457030897527,,1,260,1,exact,0.06755504318088348,1574,,,,,,0.00020904200209770352,ba7b66459c139adaf33138f25d7f52d1e517b3a4
dv3-A-thomas-001150,3,A,thomas,1150,,,,3:1:1:1150,,test,2,738.8536967884182,0.4624161407902177,0.17511042551214848,,,,,,,,,1597.8112172421133,0.0064421788553109,,,,,,,,2.602716734843857,0.2915779844438515,,1,748,1,exact,0.023958569365155242,1806,,,,,,0.00030133300242596306,af3cb56aa0da89a60cea6801df000e3cd27e3aed
dv3-A-thomas-001151,3,A,thomas,1151,,,,3:1:1:1151,,test,2,314.36062146171906,2.5925198033824075,0.6302024760295116,,,,,,,,,121.25678694973871,0.03554397836034525,,,,,,,,2.6593725219730575,1.0493559547627367,,1,326,1,exact,0.13218864148080395,200,,,,,,0.00015645800158381462,f4f869a4a43ce7a4a0eb4f7359e06ad6f01170d6
dv3-A-thomas-001152,3,A,thomas,1152,,,,3:1:1:1152,,test,2,323.6714797387165,10.343565229855647,0.21312889032325777,,,,,,,,,31.29206154223031,0.01184650131847871,,,,,,,,16.931322244734115,0.35488288081910296,,1,274,1,exact,0.04405733369839478,35,,,,,,0.0001238330005435273,ae6a54ceb815ae3d0ea53a0619ef96b04d438b2d
dv3-A-thomas-001153,3,A,thomas,1153,,,,3:1:1:1153,,test,2,370.2717504020598,1.1303596116078343,0.3383365089872645,,,,,,,,,327.5698694465753,0.01758282178788741,,,,,,,,2.3286269604496486,0.5633672413606897,,1,331,1,exact,0.0653908040899826,404,,,,,,0.00015941600213409401,6e410f8eca56007702895bfc9a8221dae7c7ec8d
dv3-A-thomas-001154,3,A,thomas,1154,,,,3:1:1:1154,,test,2,112.88971501733995,0.38074725242200014,0.18012011044468995,,,,,,,,,296.495153410113,0.016952549308264803,,,,,,,,0.7655438205331768,0.2999196570259208,,1,141,1,exact,0.06304681034793709,398,,,,,,0.00024695799947949126,cd92c99352e460de3783edcb2684a0bc5f4b5740
dv3-A-thomas-001155,3,A,thomas,1155,,,,3:1:1:1155,,test,2,418.6319864213405,0.23196429649607264,0.19662557654779056,,,,,,,,,1804.7259545756358,0.009610009231735935,,,,,,,,0.9280482969838555,0.3274030608528078,,1,436,1,exact,0.035739782758207224,2038,,,,,,0.00031054200007929467,a1aa32fa704f3139b22d90d7f6aca8861c463fc8
dv3-A-thomas-001156,3,A,thomas,1156,,,,3:1:1:1156,,test,2,527.7655219443405,0.7763973689561793,1.2322947919011518,,,,,,,,,679.7621205928226,0.05364065909353363,,,,,,,,0.5324265559123333,2.051905422605839,,1,543,1,exact,0.19949049545955974,1364,,,,,,0.0003076659995713271,9eed6df3daf3c97cb8b4e1bd914516fb3840d8ac
dv3-A-thomas-001157,3,A,thomas,1157,,,,3:1:1:1157,,test,2,485.2075422911276,0.4584448570801965,0.48546793267528826,,,,,,,,,1058.3771086044694,0.02203924823581704,,,,,,,,0.8166555355952485,0.808357131836012,,1,480,1,exact,0.08196432751605359,1429,,,,,,0.0002026250003837049,4fc5026ff3d502203b0b542b8f2d60956031126f
dv3-A-thomas-001158,3,A,thomas,1158,,,,3:1:1:1158,,test,2,517.6878083838006,0.5288181284894546,0.7255484634715679,,,,,,,,,978.9524611468081,0.031888380097493826,,,,,,,,0.642708655551913,1.2081174377632724,,1,545,1,exact,0.11859341127705636,1530,,,,,,0.00019062499995925464,05983274dc6b9f8b4a95b58a83258ce8f1a3c32b
dv3-A-thomas-001159,3,A,thomas,1159,,,,3:1:1:1159,,test,2,699.7149748438949,0.2688099441841114,1.0153563896750812,,,,,,,,,2603.0100075637492,0.03838467978348732,,,,,,,,0.2684916573528433,1.690679288384842,,1,750,1,exact,0.14275325690372673,4246,,,,,,0.0003610839994507842,e8866d1f9df81ffa4cffa10a4a729e69e14935e1
dv3-A-thomas-001160,3,A,thomas,1160,,,,3:1:1:1160,,test,2,145.16774069432648,26.034273768937734,0.3985490958731694,,,,,,,,,5.576024204966702,0.033078573260106874,,,,,,,,15.471445962291769,0.663627775083877,,1,154,1,exact,0.12301975926969091,6,,,,,,7.866600208217278e-05,4ccab68b2f48c48c6df68f90063c7ab882962c4c
dv3-A-thomas-001161,3,A,thomas,1161,,,,3:1:1:1161,,test,2,386.3436708819346,0.3409836237987263,0.2588931141747867,,,,,,,,,1133.0270544311627,0.01317145033354017,,,,,,,,0.9846752044732667,0.43108531200639,,1,391,1,exact,0.04898484092779661,1369,,,,,,0.00012245800098753534,6daf05bdba7ca19f8ad6872b78feb8ab3aaf9cd5
dv3-A-thomas-001162,3,A,thomas,1162,,,,3:1:1:1162,,test,2,174.9075599088341,16.404094938786834,1.1210184625548147,,,,,,,,,10.662432798731984,0.08476342069620008,,,,,,,,5.982671527835615,1.8666181803858477,,1,182,1,exact,0.3152365589327833,33,,,,,,8.21249996079132e-05,2355d1f3182312166e187ad395281aa58b7377a9
dv3-A-thomas-001163,3,A,thomas,1163,,,,3:1:1:1163,,test,2,188.0613118494292,1.7374891325896848,1.3260508856147406,,,,,,,,,108.23740322860519,0.09669643421117223,,,,,,,,0.6083116149941795,2.208019558896602,,1,169,1,exact,0.3596156329161302,289,,,,,,9.741599933477119e-05,957897afb8c2b0083e22dc14000df0a0938041dd
dv3-A-thomas-001164,3,A,thomas,1164,,,,3:1:1:1164,,test,2,368.25087629140495,0.1515817736285139,0.35333531223693676,,,,,,,,,2429.3875673594416,0.018412601265882914,,,,,,,,0.3233915286514929,0.5883418869754131,,1,394,1,exact,0.06847676764794068,3151,,,,,,0.00017366599786328152,9ce19c623eda7a488bad41ac8a37a8ea7e8c0a70
dv3-A-thomas-001165,3,A,thomas,1165,,,,3:1:1:1165,,test,2,104.82478364800019,4.837046115416329,0.591532353679168,,,,,,,,,21.671239253624073,0.05777587292241358,,,,,,,,2.69771084632543,0.9849659774091148,,1,116,1,exact,0.21486942386004856,46,,,,,,7.320799704757519e-05,79c32a39ac8dc624379087b41bdb47a14b85a046
dv3-A-thomas-001166,3,A,thomas,1166,,,,3:1:1:1166,,test,2,245.48203178625857,0.8615039689170132,0.15965831294891886,,,,,,,,,284.9459092972621,0.010190175914199568,,,,,,,,2.692110379884854,0.2658485293105623,,1,215,1,exact,0.0378974322146016,316,,,,,,9.108399899560027e-05,382b895201d48725c8b2e8916206aa8be9129ebc
dv3-A-thomas-001167,3,A,thomas,1167,,,,3:1:1:1167,,test,2,109.52940341078488,0.9874337017609087,0.2763642817528319,,,,,,,,,110.92329866345364,0.026406847146511335,,,,,,,,1.254235399217847,0.46017671426521073,,1,143,1,exact,0.09820749986678395,171,,,,,,7.416700100293383e-05,1dfb6574530f29761070ded55330cc946d7b9b64
dv3-A-thomas-001168,3,A,thomas,1168,,,,3:1:1:1168,,test,2,309.55510039271155,1.333512030283802,1.2531226808054798,,,,,,,,,232.13521390341796,0.07122371269574702,,,,,,,,0.6678130429873905,2.086586132501796,,1,292,1,exact,0.2648821616708422,533,,,,,,0.00010674999793991446,f4b7ede5acc7876c75e23aefacdfa2caa167ba72
dv3-A-thomas-001169,3,A,thomas,1169,,,,3:1:1:1169,,test,2,662.6531467306182,5.255231553996131,0.13443713650017072,,,,,,,,,126.09399603462384,0.005222472011168142,,,,,,,,18.27530765512966,0.22385251580810792,,1,628,1,exact,0.019422459504365202,128,,,,,,9.045900151249953e-05,2adcff9142fcd94a9cb01ba470bdb952635b4ee1
dv3-A-thomas-001170,3,A,thomas,1170,,,,3:1:1:1170,,test,2,683.0071981160853,22.579051303105075,0.11950361880225187,,,,,,,,,30.24959680312866,0.004572654796614393,,,,,,,,47.092895767197945,0.19898657776769307,,1,677,1,exact,0.017005778570906918,34,,,,,,9.56250005401671e-05,d2ecf6ea882559135124acef64acde0073b49f83
dv3-A-thomas-001171,3,A,thomas,1171,,,,3:1:1:1171,,test,2,335.36352158170547,0.48614978427621697,0.44059355891919055,,,,,,,,,689.8357922363308,0.024059147414386632,,,,,,,,0.7780139929882972,0.7336363982491058,,1,337,1,exact,0.08947636586011229,974,,,,,,0.00011170799916726537,d9a3331541a5de5f9ae186a78b548451633ec338
dv3-A-thomas-001172,3,A,thomas,1172,,,,3:1:1:1172,,test,2,381.81287483687345,2.0910403117308096,0.14413546339106476,,,,,,,,,182.59469829198883,0.007376418769885485,,,,,,,,7.080143684899265,0.240001289355165,,1,290,1,exact,0.02743302300882883,171,,,,,,7.987499702721834e-05,5202e7cdae2b119330f2c42d12adbd79a05c8818
dv3-A-thomas-001173,3,A,thomas,1173,,,,3:1:1:1173,,test,2,343.2865320889642,15.999875100961544,0.42089318225905503,,,,,,,,,21.45557574185899,0.02271660927727,,,,,,,,17.53734981127563,0.7008331193892271,,1,376,1,exact,0.08448344439582259,29,,,,,,8.433399852947332e-05,92942f61b500aaac1e326aa4db8cb668f4659eb0
dv3-A-thomas-001174,3,A,thomas,1174,,,,3:1:1:1174,,test,2,663.1493404066418,9.703349479390837,0.3686536652511089,,,,,,,,,68.3423122927933,0.014315709770252502,,,,,,,,18.547483910825687,0.613848617849994,,1,807,1,exact,0.05324036063656801,90,,,,,,0.00011191700104973279,6532c3df6d5561cc2e45b97a755ca6bf652789c4
dv3-A-thomas-001175,3,A,thomas,1175,,,,3:1:1:1175,,test,2,410.1632134031652,2.3685739159738772,0.7125615747891076,,,,,,,,,173.1688467212221,0.0351839055090949,,,,,,,,2.4717351911479417,1.1864928496489244,,1,332,1,exact,0.13084952461103885,236,,,,,,0.00010020799891208299,6b7c7e3a00b8b58f6585bfe80a14183517e9110a
dv3-A-thomas-001176,3,A,thomas,1176,,,,3:1:1:1176,,test,2,281.53482054511176,2.032845425939216,0.18811335358777595,,,,,,,,,138.49297981672018,0.011211237881962906,,,,,,,,5.19478189495044,0.3132292798996826,,1,278,1,exact,0.04169477850538527,162,,,,,,7.866600208217278e-05,45be287820b50fff43e205eee3e9a871eaf21bd0
dv3-A-thomas-001177,3,A,thomas,1177,,,,3:1:1:1177,,test,2,129.57241273151533,0.632583716201429,0.9634972839484709,,,,,,,,,204.83045866178531,0.08464361865156482,,,,,,,,0.25734079474199834,1.604328213178434,,1,133,1,exact,0.3147910131537935,521,,,,,,9.27500004763715e-05,3bbffc74879e6ac581782a03134477585ac81a48
dv3-A-thomas-001178,3,A,thomas,1178,,,,3:1:1:1178,,test,2,404.7265483176953,2.042074836195361,0.1768161302885838,,,,,,,,,198.19378856445394,0.00878903178337603,,,,,,,,6.467904587137916,0.2944181691976414,,1,396,1,exact,0.032686554093569395,220,,,,,,8.579099812777713e-05,7bf9ef3a8f2d28013ad322c7817a18d49735b1b9
dv3-A-thomas-001179,3,A,thomas,1179,,,,3:1:1:1179,,test,2,349.61742394687434,0.253324576059127,0.19988117750928855,,,,,,,,,1380.1164868633678,0.010689942396027514,,,,,,,,0.8977783201661481,0.33282399203797697,,1,361,1,exact,0.03975607199939792,1678,,,,,,0.00013729199781664647,2555c15951b7c75ebd8422a192f855f0df184667
dv3-A-thomas-001180,3,A,thomas,1180,,,,3:1:1:1180,,test,2,700.8388236103199,1.8659533726662518,0.8084238236307724,,,,,,,,,375.59289201792575,0.030537257230168213,,,,,,,,2.3297775736718362,1.3461139642670736,,1,679,1,exact,0.11356856305959626,554,,,,,,0.0001297919989156071,a8363fe83e3551de79289968942d67435805db61
dv3-A-thomas-001181,3,A,thomas,1181,,,,3:1:1:1181,,test,2,258.9515814819524,24.382860985437674,0.1999620714918474,,,,,,,,,10.620229579974543,0.012426200113795447,,,,,,,,27.11576496307374,0.3329586893543655,,1,368,1,exact,0.04621324307477652,18,,,,,,7.375000132014975e-05,d8035132391acb6cd2c58eca5ab431511c9ef396
dv3-A-thomas-001182,3,A,thomas,1182,,,,3:1:1:1182,,test,2,560.0644983832882,0.714868651819113,0.1541826179986981,,,,,,,,,783.4509136162321,0.00651502960464459,,,,,,,,3.560468861415269,0.25673089915036384,,1,546,1,exact,0.024229502502905034,845,,,,,,0.00011441599781392142,195011b9bd40058105710bf30e7142a743f2a45e
dv3-A-thomas-001183,3,A,thomas,1183,,,,3:1:1:1183,,test,2,531.8271667874325,0.5082275900067934,0.5656744528270562,,,,,,,,,1046.4350563500961,0.024529082637469626,,,,,,,,0.8155347901428656,0.9419097482305463,,1,526,1,exact,0.09122406270185424,1428,,,,,,0.00015520799934165552,9b52447fa94df426827af383a040f27b919f7ac0
dv3-A-thomas-001184,3,A,thomas,1184,,,,3:1:1:1184,,test,2,673.4283557461573,0.5311345732874381,0.7713864120458633,,,,,,,,,1267.9053287342924,0.02972530264045507,,,,,,,,0.6961119134357239,1.2844426286663506,,1,704,1,exact,0.11054889055501167,1890,,,,,,0.0001765830020303838,d0bb9ce254c773b7bbf3b13f6311617f5ca2d14c
dv3-A-thomas-001185,3,A,thomas,1185,,,,3:1:1:1185,,test,2,132.6174659119906,2.4946001474008455,0.16250804188890414,,,,,,,,,53.1618127458889,0.01411154272064377,,,,,,,,4.203769583037638,0.27059363924963087,,2,138,1,exact,0.052481060013286285,67,,,,,,6.766599835827947e-05,c9b6e10e38105904ad51ccdea6c673fd15619d05
dv3-A-thomas-001186,3,A,thomas,1186,,,,3:1:1:1186,,test,2,487.4512423838627,27.811992607926864,0.25578502244636564,,,,,,,,,17.5266565490504,0.011585359636734118,,,,,,,,38.034895353017944,0.42590999980559385,,1,346,1,exact,0.04308614347894702,15,,,,,,7.241699859150685e-05,8f8d07b57438c5cb1a30726c61ea0623c7eeb447
dv3-A-thomas-001187,3,A,thomas,1187,,,,3:1:1:1187,,test,2,467.4514949750946,11.396691370917008,0.31110849493747206,,,,,,,,,41.01642132452361,0.014389430082700464,,,,,,,,18.87232145225087,0.5180296240610472,,1,383,1,exact,0.05351452769387492,47,,,,,,7.883400030550547e-05,6989d051447d561302191e5ec5b4361fc5de1a6c
dv3-A-thomas-001188,3,A,thomas,1188,,,,3:1:1:1188,,test,2,624.8169161943441,0.5567145808666191,0.2508635744217224,,,,,,,,,1122.3289952666812,0.0100360130297012,,,,,,,,2.054893095703884,0.4177152513126145,,1,616,1,exact,0.037324097905706774,1269,,,,,,0.00012933300240547396,e09c3eb03054bbebd9c6c29a35b444f8f953467c
dv3-A-thomas-001189,3,A,thomas,1189,,,,3:1:1:1189,,test,2,162.3567933340881,3.327869376550712,0.13878231477681155,,,,,,,,,48.787009032899164,0.010891780847266897,,,,,,,,6.221717233138762,0.2310877122291471,,1,176,1,exact,0.04050671252695603,62,,,,,,0.0001360829992336221,020b25d3e4429a7709bb5a0ad03c34c163aaeb9a
dv3-A-thomas-001190,3,A,thomas,1190,,,,3:1:1:1190,,test,2,124.90332235734967,9.722636849440068,0.5641807010430595,,,,,,,,,12.84665099515086,0.05048138142492742,,,,,,,,5.5685717828501,0.9394224883591634,,2,129,1,exact,0.18774108972788123,25,,,,,,9.225000030710362e-05,3ac0f061f5c3caa870d5420e71d06f1041eb83e6
dv3-A-thomas-001191,3,A,thomas,1191,,,,3:1:1:1191,,test,2,532.804703943548,0.28101501118428035,0.2874367244523474,,,,,,,,,1896.0008637906974,0.012452548156806506,,,,,,,,0.8879424306219474,0.47861354071773277,,1,557,1,exact,0.04631123188109414,2316,,,,,,0.0001632919993426185,6e2fc11a73d0b7834944b055bd8165e61fedad68
dv3-A-thomas-001192,3,A,thomas,1192,,,,3:1:1:1192,,test,2,106.00623917264716,2.372616075541566,0.8077181147762658,,,,,,,,,44.679052909329414,0.07845020980482326,,,,,,,,1.0318868271859871,1.344938881945165,,2,104,1,exact,0.29175762355159457,106,,,,,,8.462500045425259e-05,78a82a2f9946e5fc039e4dbd966852c2aaee3a20
dv3-A-thomas-001193,3,A,thomas,1193,,,,3:1:1:1193,,test,2,530.2603902979646,17.670191905191313,0.4395211805915695,,,,,,,,,30.008751073166316,0.019086891952916452,,,,,,,,23.41651764868633,0.7318507712059727,,1,455,1,exact,0.07098446582900765,35,,,,,,8.687500303494744e-05,2b462b19066ffd46129a4e23ade90716ec79c1a6
dv3-A-thomas-001194,3,A,thomas,1194,,,,3:1:1:1194,,test,2,773.9255226058191,1.14185046775039,1.2491169790870054,,,,,,,,,677.7818501318862,0.04490074295385992,,,,,,,,0.9484413503890275,2.0799162016285195,,1,745,1,exact,0.16698660325461304,1177,,,,,,0.0001896250032586977,4fd737a19b810195e5cde872f216ac9e36ad6609
dv3-A-thomas-001195,3,A,thomas,1195,,,,3:1:1:1195,,test,2,231.29961851880662,4.680332670123849,0.41645341911154854,,,,,,,,,49.41948250714539,0.027382870578005907,,,,,,,,5.465137319227569,0.693440428827418,,1,255,1,exact,0.10183734709870329,79,,,,,,8.016699939616956e-05,94f82743f032edfbc5d1245f6bd429bc41b1535f
dv3-A-thomas-001196,3,A,thomas,1196,,,,3:1:1:1196,,test,2,249.51991679193188,5.485644700539047,1.1231248359131223,,,,,,,,,45.48597847895851,0.07110095311729157,,,,,,,,2.6625213516037083,1.8701255220904052,,1,219,1,exact,0.2644256167748188,109,,,,,,8.583400267525576e-05,652eb62e038886562046956a0ffc37e2a81230d5
dv3-A-thomas-001197,3,A,thomas,1197,,,,3:1:1:1197,,test,2,253.41271783063317,0.8134372661080033,0.8807355280566362,,,,,,,,,311.53320408237425,0.05532625987920244,,,,,,,,0.5472951751449048,1.4665208501879246,,1,258,1,exact,0.20575927256935908,637,,,,,,0.0009645419995649718,76376eee478b4020a99810bf54b16e46f3889d23
dv3-A-thomas-001198,3,A,thomas,1198,,,,3:1:1:1198,,test,2,456.01990256159615,1.03525545443198,0.14257417712364856,,,,,,,,,440.49021969346046,0.006676501869992149,,,,,,,,4.608673169446703,0.2374015771926159,,1,499,1,exact,0.02483002051967648,511,,,,,,0.00019054199947277084,633a32b0df218f7b32a8e7209390b9c2ce558430
dv3-A-thomas-001199,3,A,thomas,1199,,,,3:1:1:1199,,test,2,288.5189056453832,5.069495076855919,0.19577121555961816,,,,,,,,,56.91274994280525,0.011525551065954877,,,,,,,,10.122114619521016,0.3259804564922154,,1,261,1,exact,0.042863714418247476,66,,,,,,0.00013729200145462528,fe342dbf1dc3e0345403586a686861f9b0e95206
dv3-A-thomas-001200,3,A,thomas,1200,,,,3:1:1:1200,,test,2,353.18718412662633,2.6757907533402143,0.40164300015336657,,,,,,,,,131.99357374478535,0.02137163430952056,,,,,,,,4.287618723613363,0.6687794636337945,,1,411,1,exact,0.07948146031823719,186,,,,,,0.00016708299881429411,4c31246d350c0721ef09bc560fee7b68acc09fc4
dv3-A-thomas-001201,3,A,thomas,1201,,,,3:1:1:1201,,test,2,554.7068483649077,0.12312616526236864,0.21006296041687664,,,,,,,,,4505.190648818527,0.008919031912956772,,,,,,,,0.5480685506245165,0.34977777265701515,,1,557,1,exact,0.033170026718591546,5107,,,,,,0.00035608299731393345,d0be6de2c60cd0b4e7fac7fcf49aed3b53790dd1
dv3-A-thomas-001202,3,A,thomas,1202,,,,3:1:1:1202,,test,2,407.6846502295584,21.963224693635922,0.24528208007890392,,,,,,,,,18.562149043063304,0.012147968033878204,,,,,,,,30.006865187166277,0.40842145360808624,,1,448,1,exact,0.045178493382781675,22,,,,,,0.00013791599849355407,e936e135f09507f4eaedd64b4dbc668386f588cc
dv3-A-thomas-001203,3,A,thomas,1203,,,,3:1:1:1203,,test,2,353.2307097609416,2.5379828928538557,0.30485231477104685,,,,,,,,,139.17773471031887,0.016220351826909004,,,,,,,,5.046471465799026,0.5076124007694659,,1,364,1,exact,0.06032375584416575,177,,,,,,0.0001442500033590477,25dffa7a0e222d7b752c14acfed2ab0791ba3d60
dv3-A-thomas-001204,3,A,thomas,1204,,,,3:1:1:1204,,test,2,180.89725874171506,13.503670219254637,0.11571353287100435,,,,,,,,,13.396154956729983,0.008603361277470486,,,,,,,,17.304325732339485,0.19267567073020497,,1,175,1,exact,0.03199604242124378,16,,,,,,0.00012687500202446245,3d801ad73983bbdc9cfb8b54f241514c668a1431
dv3-A-thomas-001205,3,A,thomas,1205,,,,3:1:1:1205,,test,2,170.67592255484124,1.8216608168376955,0.12615148955996738,,,,,,,,,93.69248159551753,0.009656200023788268,,,,,,,,4.381289295097929,0.210056008675126,,1,174,1,exact,0.035911567075326105,109,,,,,,0.00012520800009951927,10da110ccb9a6485065298c056afe497dac1209c
dv3-A-thomas-001206,3,A,thomas,1206,,,,3:1:1:1206,,test,2,526.0385369464946,4.669938166513282,0.13707598476800625,,,,,,,,,112.64357646500723,0.00597657802956001,,,,,,,,15.011682262535532,0.22824648639517187,,1,548,1,exact,0.0222269922185459,124,,,,,,0.0001573329973325599,fb38d9a9cc610695eedfd8a5cbdb8ffcf6299972
dv3-A-thomas-001207,3,A,thomas,1207,,,,3:1:1:1207,,test,2,206.4753313677839,0.40567979247102404,0.11690199698575476,,,,,,,,,508.9613414316947,0.008135567340266875,,,,,,,,1.5859773550455205,0.1946545932880668,,1,214,1,exact,0.030256309056987334,577,,,,,,0.0001474999990023207,98eb4217bab52eb89b711dbb6d87d31478d3b92a
dv3-A-thomas-001208,3,A,thomas,1208,,,,3:1:1:1208,,test,2,773.9649920806702,0.18994909160384063,0.698988456499237,,,,,,,,,4074.5917000480204,0.02512518944478501,,,,,,,,0.299444032408243,1.1638921252088832,,1,784,1,exact,0.0934409937453525,5712,,,,,,0.00045037499876343645,26de8d5b90ec9ca00abedbe1d2f601c1e0fc238c
dv3-A-thomas-001209,3,A,thomas,1209,,,,3:1:1:1209,,test,2,389.89320283868545,3.434154231223663,0.6926812471350151,,,,,,,,,113.53398146586973,0.03508008186465826,,,,,,,,3.504636543616713,1.1533899327294432,,1,413,1,exact,0.13046340276579893,179,,,,,,0.00016429199968115427,52baf978d1752dc85ef5ac83a89f798a655f2e7b
dv3-A-thomas-001210,3,A,thomas,1210,,,,3:1:1:1210,,test,2,610.6261343703853,8.445911924920187,0.12457093531967614,,,,,,,,,72.29842553397876,0.0050411431659178815,,,,,,,,24.213182072642216,0.20742421323324736,,1,665,1,exact,0.01874809453959084,78,,,,,,0.00015654199887649156,8602784987767656d1b2bb6ae1bbd86c5a61a5b0
dv3-A-thomas-001211,3,A,thomas,1211,,,,3:1:1:1211,,test,2,469.0853070848764,0.5276028291615628,0.2850015953738677,,,,,,,,,889.0879297033354,0.013158954222754664,,,,,,,,1.5317640360123173,0.47455878483162783,,1,484,1,exact,0.048938367685781234,1044,,,,,,0.00020508400120888837,31e20d919741dcdb65a6d984507506af1efdc60a
dv3-A-thomas-001212,3,A,thomas,1212,,,,3:1:1:1212,,test,2,755.0200291884473,4.278923199315953,0.8188437775558705,,,,,,,,,176.45094198212018,0.02980038101153439,,,,,,,,5.287215585073002,1.3634643256438561,,1,815,1,exact,0.11082810825475682,291,,,,,,0.00025954200100386515,d8e13dd111cdd63506f0f4646e037fcc2714a618
dv3-A-thomas-001213,3,A,thomas,1213,,,,3:1:1:1213,,test,2,115.72427408503478,1.3307909859509799,0.13706855584558453,,,,,,,,,86.9590155830057,0.01274164803939994,,,,,,,,2.6740740314297056,0.2282341164279356,,1,128,1,exact,0.047386399110402426,110,,,,,,0.00015941700257826596,6da2be2f09882743f37f1b4ec3d3a5448e441f20
dv3-A-thomas-001214,3,A,thomas,1214,,,,3:1:1:1214,,test,2,130.58822228959946,17.5042789403892,0.3711908316568253,,,,,,,,,7.460359991652184,0.032482185019339256,,,,,,,,11.55825978416581,0.6180732770307013,,1,157,1,exact,0.12080178157054423,17,,,,,,0.00013312500232132152,5d4b4206029be166c1531042841bbc582387fb40
dv3-A-thomas-001215,3,A,thomas,1215,,,,3:1:1:1215,,test,2,514.4607303615795,5.218998203487704,0.13338519523777118,,,,,,,,,98.57461342251094,0.005880733704655465,,,,,,,,16.164387374528015,0.22210091871075235,,1,490,1,exact,0.02187054559418853,104,,,,,,0.00015133399938349612,1e43e96bf703b5ccab4c8cf2ebb465689586253e
dv3-A-thomas-001216,3,A,thomas,1216,,,,3:1:1:1216,,test,2,419.8203688880297,4.660526010436412,0.21677802823311998,,,,,,,,,90.08003988131755,0.010579947405658614,,,,,,,,11.00297316213163,0.3609590940063152,,1,422,1,exact,0.03934699881689844,109,,,,,,0.00015370900291600265,41461f48479c22e9d3c0567b20a4cef2e40a4c7c
dv3-A-thomas-001217,3,A,thomas,1217,,,,3:1:1:1217,,test,2,462.8593202560224,2.517412517454129,0.19671302395048487,,,,,,,,,183.86312018664074,0.009143418706753132,,,,,,,,7.743081057244665,0.32754867032950163,,1,433,1,exact,0.034004524903838755,196,,,,,,0.00014945799921406433,2806ce5e4954573eb60fa4ab10d5d905a277c344
dv3-A-thomas-001218,3,A,thomas,1218,,,,3:1:1:1218,,test,2,272.84354252884924,29.305077614231962,0.2542586873320013,,,,,,,,,9.310452820515419,0.01539284728491308,,,,,,,,28.955837624206097,0.42336848513032194,,1,236,1,exact,0.057246252810693454,9,,,,,,0.00012270799925317988,f1e0f3dce9ce738211945f3e0b2d7f4b7e4cc976
dv3-A-thomas-001219,3,A,thomas,1219,,,,3:1:1:1219,,test,2,119.60530778611161,1.2044115309406926,0.4794767850660329,,,,,,,,,99.30601352902622,0.04384220194676678,,,,,,,,0.9705855555293267,0.7983812166995881,,1,104,1,exact,0.16304987179870278,160,,,,,,0.000131665998196695,3aeb1b65bbb066d1dc9df3f98ece78eede5540c5
dv3-A-thomas-001220,3,A,thomas,1220,,,,3:1:1:1220,,test,2,299.36165196156674,0.2279686407319718,0.16911518285918326,,,,,,,,,1313.170315883637,0.009774274153703022,,,,,,,,0.8795719589504266,0.2815952506123805,,1,320,1,exact,0.03635068671098491,1497,,,,,,0.00022312500004773028,9669c623440f18f315029630e77a45bcea058a17
dv3-A-thomas-001221,3,A,thomas,1221,,,,3:1:1:1221,,test,2,214.15526927549436,0.35159232780435545,0.13005705390501798,,,,,,,,,609.1010876513258,0.008887293639919991,,,,,,,,1.3230635917608349,0.21655919988441594,,1,191,1,exact,0.033051991557947864,650,,,,,,0.00015387500025099143,19cbe200a46b6a7d408f68e6a3805e2e45c9925b
dv3-A-thomas-001222,3,A,thomas,1222,,,,3:1:1:1222,,test,2,163.76896327663698,29.077958235574876,0.14844237367672827,,,,,,,,,5.632065427354419,0.011599575351821129,,,,,,,,24.230183407180924,0.24717276539150834,,1,269,1,exact,0.043139011957708154,11,,,,,,0.0001267909974558279,3a5f5bb6efd79be62b68ad67dfd66dc025256882
dv3-A-thomas-001223,3,A,thomas,1223,,,,3:1:1:1223,,test,2,608.5429670451023,3.7467169940717646,1.3148213848216033,,,,,,,,,162.42031837685317,0.053299254578455364,,,,,,,,2.526388554817784,2.189321213563951,,1,564,1,exact,0.19822080643977466,290,,,,,,0.0001919169990287628,32360b3d2fa0ab4ae2e07691162aace303dbaa72
dv3-A-thomas-001224,3,A,thomas,1224,,,,3:1:1:1224,,test,2,121.60396024470637,0.9443579948108298,0.23870355089289375,,,,,,,,,128.76892122787143,0.02164636713928699,,,,,,,,1.4220774353305425,0.3974674839911897,,1,140,1,exact,0.08050319624123443,174,,,,,,0.00013029099864070304,3dec45ba2109c66f9f3ccca6c9ec7c86cd9f14b8
dv3-A-thomas-001225,3,A,thomas,1225,,,,3:1:1:1225,,test,2,184.67098892885105,0.14589539713417327,0.9265040129798714,,,,,,,,,1265.7766629814762,0.06817858245439337,,,,,,,,0.07851618475686781,1.5427303765250067,,1,190,1,exact,0.25355727210288836,2904,,,,,,0.0002657919976627454,5cdcd557c950f02807e2f663f8eb9ce5b09c761d
dv3-A-thomas-001226,3,A,thomas,1226,,,,3:1:1:1226,,test,2,358.8078506675389,0.16842348954684128,0.17935042181391073,,,,,,,,,2130.3907883214156,0.009468287444157288,,,,,,,,0.6807057654817926,0.29863804138849903,,1,352,1,exact,0.035212717093853985,2434,,,,,,0.00023549999968963675,c253faf037f0a0d08cb069c6b71fbe964ef9c4ff
dv3-A-thomas-001227,3,A,thomas,1227,,,,3:1:1:1227,,test,2,150.37828119164922,11.121846233130027,0.17052242227926068,,,,,,,,,13.520981862138925,0.013905574459419118,,,,,,,,12.251463659594753,0.2839384579487572,,1,181,1,exact,0.05171506065431116,19,,,,,,0.00012154200157965533,c3d39aed4b9cb490c918299ab2371b875c9aa8e4
dv3-A-thomas-001228,3,A,thomas,1228,,,,3:1:1:1228,,test,2,746.4823436451807,0.455920655943187,0.650130740766078,,,,,,,,,1637.3075751544827,0.023795286147844385,,,,,,,,0.7576151217951592,1.0825386921603362,,1,713,1,exact,0.08849506145996847,2248,,,,,,0.0002852910001820419,27ea8a7de483ee4d474543962d16f36fc93cc867
dv3-A-thomas-001229,3,A,thomas,1229,,,,3:1:1:1229,,test,2,643.1211341270965,1.4779701192291386,0.1097264276175336,,,,,,,,,435.13811663697754,0.004326780355665812,,,,,,,,8.034776523520433,0.18270648655767788,,1,619,1,exact,0.016091367471666944,454,,,,,,0.00017641600061324425,5bf32ea8a92504dfe701109d9d7c5dcab7d3d47e
dv3-A-thomas-001230,3,A,thomas,1230,,,,3:1:1:1230,,test,2,101.49942336347084,0.8883053504363396,0.9957232542631929,,,,,,,,,114.26186199780724,0.09883411148890407,,,,,,,,0.3060867160679492,1.6579879735475398,,2,119,1,exact,0.3675656899525989,349,,,,,,0.00016666599913151003,1a203e2bfeafe88888d6d08482a8f2d96a3ab35d
dv3-A-thomas-001231,3,A,thomas,1231,,,,3:1:1:1231,,test,2,281.8846022858711,0.9047508949298542,0.26662953592609157,,,,,,,,,311.5604569893526,0.015880807446922694,,,,,,,,2.0394595019911943,0.4439672992122091,,1,231,1,exact,0.059060984697452835,346,,,,,,0.0001525410007161554,fdbb98c8a991dc01902c83f25943b187d6d4f12f
dv3-A-thomas-001232,3,A,thomas,1232,,,,3:1:1:1232,,test,2,345.4887217346365,0.6100923382848316,1.1549409908313915,,,,,,,,,566.2892320626709,0.06213593790530256,,,,,,,,0.3554052858487968,1.9231028950634304,,1,345,1,exact,0.2310845774090707,1171,,,,,,0.00021808299788972363,2758596001edc3648a578af2f14201df76ac74bf
dv3-A-thomas-001233,3,A,thomas,1233,,,,3:1:1:1233,,test,2,594.2452770132893,3.506531772979881,0.28140026911162025,,,,,,,,,169.4680999591498,0.011543609823326943,,,,,,,,9.241597705802274,0.468562183259793,,1,626,1,exact,0.04293087523462104,204,,,,,,0.00016554200192331336,4a112539b4bc323c0fbab44bb567c97e11e9ff6a
dv3-A-thomas-001234,3,A,thomas,1234,,,,3:1:1:1234,,test,2,124.80141554201074,0.31878202791864474,0.2077163528090376,,,,,,,,,391.49451541183146,0.018593490780584403,,,,,,,,0.6017207440407407,0.3458704146880469,,1,101,1,exact,0.0691494987351616,522,,,,,,0.00013875000149710104,ecab4799f37b44775dd2cce5f0ce370157a16b64
dv3-A-thomas-001235,3,A,thomas,1235,,,,3:1:1:1235,,test,2,465.06053556709867,11.648225207056282,0.2779322558796928,,,,,,,,,39.92544162739689,0.012887960867832114,,,,,,,,20.087871736919713,0.4627875624441987,,1,520,1,exact,0.047930538931375326,53,,,,,,0.00015520900342380628,173afbd12f0531db7eab54e18a34a24b265b336a
dv3-A-thomas-001236,3,A,thomas,1236,,,,3:1:1:1236,,test,2,374.47543214135766,21.591694337812314,0.20277328807702247,,,,,,,,,17.34349450684655,0.010478499046918019,,,,,,,,29.723197827916884,0.3376396720162665,,1,409,1,exact,0.03896971069831975,21,,,,,,0.0002398329997959081,ebfbdc64f7fa4af74037fd25654998bc0b89330c
dv3-A-thomas-001237,3,A,thomas,1237,,,,3:1:1:1237,,test,2,131.22630155355367,6.471176451361797,0.3308864928907605,,,,,,,,,20.27858497444284,0.028884748781432833,,,,,,,,5.879004193155048,0.5509621508520028,,1,102,1,exact,0.10742285689639458,24,,,,,,0.00016645800133119337,3f4e1ba707856cd0de68b761d068b47d4a7436b1
dv3-A-thomas-001238,3,A,thomas,1238,,,,3:1:1:1238,,test,2,456.3725327564729,3.891419798684865,0.9867318448812861,,,,,,,,,117.27661274445576,0.04618908887125174,,,,,,,,3.032033938550611,1.6430162948641136,,1,489,1,exact,0.17177798296036273,214,,,,,,0.00029591699785669334,9a25a486c500aa5e9fb8fc4dd06e205b7afb06b4
dv3-A-thomas-001239,3,A,thomas,1239,,,,3:1:1:1239,,test,2,121.80421082373365,2.283186367304288,0.6899398135953124,,,,,,,,,53.34834359910156,0.06251439835950995,,,,,,,,1.2532001574300573,1.1488251464601196,,1,134,1,exact,0.23249207807736105,129,,,,,,0.00015020799764897674,97286af591f17fe9d24d6f8c17d1a780f54c2e77
dv3-A-thomas-001240,3,A,thomas,1240,,,,3:1:1:1240,,test,2,277.2733297225749,24.079321893052672,0.14203277269465964,,,,,,,,,11.514997430329354,0.008529714917730814,,,,,,,,30.02955845414217,0.23650007968490402,,1,130,1,exact,0.03172215039527814,6,,,,,,0.00012220899952808395,03b31b6281eb2777c4c8723e71dbda97bb95929d
dv3-A-thomas-001241,3,A,thomas,1241,,,,3:1:1:1241,,test,2,117.49179766345297,21.671891697291706,0.3531494536149523,,,,,,,,,5.421390956754167,0.032580276393285125,,,,,,,,13.06791549492347,0.5880324120699001,,1,128,1,exact,0.12116658500732992,8,,,,,,0.0001413749996572733,201a098cb0648ee34cbd47ba3cc871e2e80a4005
dv3-A-thomas-001242,3,A,thomas,1242,,,,3:1:1:1242,,test,2,486.2478607067233,0.19425820314002648,0.4247386230593817,,,,,,,,,2503.1007846614484,0.01926162409326867,,,,,,,,0.40101405442521265,0.707236198329719,,1,492,1,exact,0.0716342975395165,3222,,,,,,0.000378249998902902,b6c1eda9e354efa2c6513c9a0884f84eed6164c9
dv3-A-thomas-001243,3,A,thomas,1243,,,,3:1:1:1243,,test,2,203.7913305571482,2.2199565228777156,0.23160667384298655,,,,,,,,,91.79969447913997,0.016224010442867167,,,,,,,,4.040836774260123,0.3856504085657508,,1,197,1,exact,0.06033736229722811,123,,,,,,0.00014945799921406433,8b290ef8af9fb19ba57e22f533c3cd6ece4375ec
dv3-A-thomas-001244,3,A,thomas,1244,,,,3:1:1:1244,,test,2,273.60931194553535,0.5256645100287746,0.9166650706065547,,,,,,,,,520.5017777033457,0.05541728511666595,,,,,,,,0.35477637358987535,1.5263474628413671,,1,283,1,exact,0.2060977969280784,1050,,,,,,0.00024412499988102354,ad1876d8d481d962bd7997f7f652b59f383a689a
dv3-A-thomas-001245,3,A,thomas,1245,,,,3:1:1:1245,,test,2,399.1994470611766,9.687496569039398,0.4959380656284463,,,,,,,,,41.207699452198185,0.024821754632686342,,,,,,,,11.62914667548596,0.8257910467751837,,1,426,1,exact,0.09231251467689641,64,,,,,,0.00014591700164601207,c0327db6e699b2e7a267ffe546f714eeae6140c9
dv3-A-thomas-001246,3,A,thomas,1246,,,,3:1:1:1246,,test,2,185.05984720848627,0.46296054118452235,0.7503963916827858,,,,,,,,,399.7313609816412,0.05516131837484551,,,,,,,,0.31302571226485215,1.2494919521832024,,1,171,1,exact,0.2051458523955198,807,,,,,,0.00017712499902700074,102059e653d66adeac56e98d846136ff63f208b1
dv3-A-thomas-001247,3,A,thomas,1247,,,,3:1:1:1247,,test,2,591.4167445808795,1.9335555022772521,0.2898303077752269,,,,,,,,,305.8700636647545,0.011917824610630507,,,,,,,,5.4998580716886885,0.48259911838303976,,1,616,1,exact,0.04432258619770428,336,,,,,,0.00018737500067800283,5821d182c9a564ec15bf83b3bf855a68b7270251
dv3-A-thomas-001248,3,A,thomas,1248,,,,3:1:1:1248,,test,2,768.1602040534026,4.362795944068831,0.17161443473460103,,,,,,,,,176.07062395336348,0.006191956721277375,,,,,,,,16.008055962256414,0.2857567779590277,,1,781,1,exact,0.023027989123658662,194,,,,,,0.00020349999977042899,f8a74d8448f7f743ddd5af171be9f53571ff1822
dv3-A-thomas-001249,3,A,thomas,1249,,,,3:1:1:1249,,test,2,520.4974915989529,1.9582518206912156,0.573447030102808,,,,,,,,,265.79701655287107,0.02513529504236021,,,,,,,,2.926724005415857,0.9548519383335596,,1,525,1,exact,0.09347857662933005,406,,,,,,0.0001322090029134415,202233dfd70ce80c292473535d2561857d84a070
dv3-A-thomas-001250,3,A,thomas,1250,,,,3:1:1:1250,,test,2,339.34184037359313,0.20009213685527227,0.7622432190899193,,,,,,,,,1695.927914543893,0.041378511530330384,,,,,,,,0.1857727026438023,1.2692182137539991,,1,352,1,exact,0.15388736652491666,2938,,,,,,0.00029262500174809247,4964ce593fc3423645dc4b8020cc11f6aeac696c
dv3-A-thomas-001251,3,A,thomas,1251,,,,3:1:1:1251,,test,2,137.4204486520636,5.885872131539813,0.7004939539107655,,,,,,,,,23.34750833537269,0.05975561357376993,,,,,,,,3.1440143158242364,1.1663989428329913,,1,99,1,exact,0.2222321119793696,36,,,,,,0.00015066599735291675,ab56c28d5afc18a3806c0789d70f91ea66ba1966
dv3-A-thomas-001252,3,A,thomas,1252,,,,3:1:1:1252,,test,2,149.28334190164242,0.8410160581735362,0.12640341245250866,,,,,,,,,177.50355709716916,0.010345539046237612,,,,,,,,2.208522048277045,0.21047548780680886,,1,141,1,exact,0.038475230263883116,213,,,,,,0.0001632089988561347,faf8e4ae72f3aff9f26656aa623480018ab89df5
dv3-A-thomas-001253,3,A,thomas,1253,,,,3:1:1:1253,,test,2,251.031568896452,1.172139926923824,0.12591117979967692,,,,,,,,,214.16518892523507,0.007946943459955978,,,,,,,,3.9980899949527533,0.20965586667705396,,1,265,1,exact,0.029554813736560485,218,,,,,,0.00020737500017276034,72345be4b31bce8108ad56541a89847d14c6fd35
dv3-A-thomas-001254,3,A,thomas,1254,,,,3:1:1:1254,,test,2,123.30435624773746,1.1513343548865507,0.4919599268580407,,,,,,,,,107.09691387597613,0.04430375310600174,,,,,,,,0.9195540459803778,0.8191670112209309,,1,152,1,exact,0.16476638816877878,211,,,,,,0.00016770799993537366,4b2bf646491fe19993461295d94accd9ead29205
dv3-A-thomas-001255,3,A,thomas,1255,,,,3:1:1:1255,,test,2,272.62802459108167,7.307856904438563,0.9369446314036507,,,,,,,,,37.30615256375586,0.05674514089766389,,,,,,,,4.423007665382839,1.5601151465491176,,1,235,1,exact,0.21103611446791734,76,,,,,,0.00016779100042185746,f775552b78f941e598e2de6b00a1f3be42735933
dv3-A-thomas-001256,3,A,thomas,1256,,,,3:1:1:1256,,test,2,104.71568268020054,1.2189751929321297,0.19141801445912376,,,,,,,,,85.90468722199084,0.018705828266019554,,,,,,,,1.953020314474726,0.31873190119318867,,1,135,1,exact,0.06956728369542957,124,,,,,,0.0001474169985158369,fd0acc872c6fce157f7bb15c155d756f252e8e6b
dv3-A-thomas-001257,3,A,thomas,1257,,,,3:1:1:1257,,test,2,248.69123645998488,24.00813473345846,0.16393071540727114,,,,,,,,,10.358623825673607,0.010395134032165123,,,,,,,,27.349197575968628,0.27296254604540765,,1,174,1,exact,0.038659674834143475,8,,,,,,0.0002149579995602835,a16baf902ebdd787c06ce2c73e1ce5ea39ce290f
dv3-A-thomas-001258,3,A,thomas,1258,,,,3:1:1:1258,,test,2,146.87803350883496,9.249717453968543,0.13622905558842546,,,,,,,,,15.87919136338783,0.011240647303582825,,,,,,,,11.389759182995066,0.2268362568076039,,1,245,1,exact,0.04180415262921747,26,,,,,,0.00021320800078683533,c0ee5139b863f671852d5c1a9a19d945304f4d33
dv3-A-thomas-001259,3,A,thomas,1259,,,,3:1:1:1259,,test,2,100.66807266695545,5.013444600466553,0.1752459701631761,,,,,,,,,20.07962203423715,0.01746635018143551,,,,,,,,5.909291727772921,0.29180368109231314,,1,71,1,exact,0.06495764426550048,26,,,,,,0.00015483400056837127,d84105763bcc390ff14fc6827e45bfa9b17aafbe
dv3-A-thomas-001260,3,A,thomas,1260,,,,3:1:1:1260,,test,2,342.9832587192397,5.487867607250202,0.18920069477462484,,,,,,,,,62.49845719056948,0.010216126589928055,,,,,,,,11.82537372968741,0.31503982173770806,,1,443,1,exact,0.03799394320544456,86,,,,,,0.00016512500224052928,a9976dbd48eeaed89f9963b447a1f2335502928a
dv3-A-thomas-001261,3,A,thomas,1261,,,,3:1:1:1261,,test,2,669.560611561979,1.7389302334979555,1.057717278266575,,,,,,,,,385.04167600509214,0.040876589163973895,,,,,,,,1.6009770268244916,1.761214794644013,,1,685,1,exact,0.15202070897001793,661,,,,,,0.00023004200193099678,92dfcbfa882d0317231333042d21593406bd4097
dv3-A-thomas-001262,3,A,thomas,1262,,,,3:1:1:1262,,test,2,267.5520384266314,5.137962345267708,0.8665969437619963,,,,,,,,,52.073569334944374,0.052980130169931326,,,,,,,,3.411775202463857,1.442978563088436,,1,271,1,exact,0.19703397750356247,99,,,,,,0.00014537500101141632,41e0b5840531121a7592dde10faff69444c15f7a
dv3-A-thomas-001263,3,A,thomas,1263,,,,3:1:1:1263,,test,2,703.9821733586327,0.8848413411684448,0.43473552110102365,,,,,,,,,795.6027149782749,0.01638491888808919,,,,,,,,2.0991640088299435,0.7238821254534037,,1,728,1,exact,0.060935783457657856,1038,,,,,,0.00022824999905424193,f19ff99c4027f7a3459562b46bcb5baf8e1d4ab6
dv3-A-thomas-001264,3,A,thomas,1264,,,,3:1:1:1264,,test,2,341.04965683108907,0.3494246350304843,0.21904815149259488,,,,,,,,,976.0320900137318,0.011861258863065962,,,,,,,,1.1065285257554451,0.3647390971814596,,1,381,1,exact,0.04411221724999961,1192,,,,,,0.00020112499987590127,f78ba7bc58aba47660995e8d9d8067645daa51a8
dv3-A-thomas-001265,3,A,thomas,1265,,,,3:1:1:1265,,test,2,369.8890249576995,8.945696577122389,0.4644345380753989,,,,,,,,,41.34826413670781,0.024148423643352877,,,,,,,,10.909669693137966,0.7733342325111374,,1,397,1,exact,0.08980838562739707,61,,,,,,0.00013916599709773436,3879ef99ae6826714adc5cef952884527d37db95
dv3-A-thomas-001266,3,A,thomas,1266,,,,3:1:1:1266,,test,2,249.63861262348024,0.5679961077088849,1.2736415805234258,,,,,,,,,439.5076114701609,0.08061045061236594,,,,,,,,0.2484195036777278,2.1207523416539127,,1,234,1,exact,0.29979159472739986,1155,,,,,,0.0001965830015251413,561377c813b18f795ffa5ea9bcdc0fe0e8d32971
dv3-A-thomas-001267,3,A,thomas,1267,,,,3:1:1:1267,,test,2,563.6576916159858,6.722665144875433,1.1722975054617644,,,,,,,,,83.84438008869918,0.049377616461037895,,,,,,,,4.835523958921572,1.9520033876417164,,1,575,1,exact,0.1836361696311077,164,,,,,,0.0001847080020525027,66562841f9c8d826ad2e3edcf27596145e023719
dv3-A-thomas-001268,3,A,thomas,1268,,,,3:1:1:1268,,test,2,215.0681439404876,12.735266788753826,0.7200670485050956,,,,,,,,,16.887604123881296,0.049100384580322745,,,,,,,,8.161074236471768,1.1989902831512618,,1,271,1,exact,0.1826051396964342,33,,,,,,0.00013054200098849833,10bfff158a0e05a4a648d0da3f99d3f5f421f248
dv3-A-thomas-001269,3,A,thomas,1269,,,,3:1:1:1269,,test,2,507.5034629199813,0.9873211882431019,0.6376722363431344,,,,,,,,,514.0206337747732,0.02830596749612779,,,,,,,,1.3490510287736424,1.0617939215494356,,1,502,1,exact,0.1052703597548719,774,,,,,,0.00018962499962071888,842be6de36ca547a44bbe5fbd01c11cf1cb0c971
dv3-A-thomas-001270,3,A,thomas,1270,,,,3:1:1:1270,,test,2,512.7557848022337,0.10554768617305843,0.23869010339733043,,,,,,,,,4858.048559790382,0.010540934829291004,,,,,,,,0.4030742476392517,0.3974450924423102,,1,547,1,exact,0.0392019104022472,5694,,,,,,0.0004615420002664905,08cba1664117f85d0a787a34ca31a4941152ee30
dv3-A-thomas-001271,3,A,thomas,1271,,,,3:1:1:1271,,test,2,140.96053715976825,0.34309991226074305,0.6955319466562041,,,,,,,,,410.84399069342675,0.058582555070603386,,,,,,,,0.20874554532573758,1.158136658792225,,1,143,1,exact,0.21786948806768924,834,,,,,,0.00015620799968019128,559ea3b6b1fd4012e7aa353be6231f07b462659d
dv3-A-thomas-001272,3,A,thomas,1272,,,,3:1:1:1272,,test,2,471.748119019781,3.764424976327439,0.4404503935433355,,,,,,,,,125.31744475885849,0.02027878420653207,,,,,,,,6.313172411362445,0.7333980122614532,,1,529,1,exact,0.07541713276909105,174,,,,,,0.00015787500160513446,9a3c4a958f77f41f954372fc28bcd200ac1c8e30
dv3-A-thomas-001273,3,A,thomas,1273,,,,3:1:1:1273,,test,2,316.7351606861865,1.4849710260262006,0.18779621202510619,,,,,,,,,213.29383209164249,0.010552094928062068,,,,,,,,4.280785143164071,0.31270120455890166,,1,312,1,exact,0.0392434149935561,236,,,,,,0.0001392499980283901,42a482d08c9f0379c42955c440d6d9a255769e98
dv3-A-thomas-001274,3,A,thomas,1274,,,,3:1:1:1274,,test,2,111.89670486953125,0.758263231199962,0.9178967831391014,,,,,,,,,147.56973603012923,0.08677311717571942,,,,,,,,0.3025947489911951,1.5283983987385523,,1,116,1,exact,0.322710653270878,403,,,,,,0.00015079199874890037,61965c25c514a7f1bf9d6b2b6c65aed30be0b7c9
dv3-A-thomas-001275,3,A,thomas,1275,,,,3:1:1:1275,,test,2,113.08242827681849,0.4345804644804833,0.5246865934960199,,,,,,,,,260.21056517577756,0.04934037030710969,,,,,,,,0.3216318883836519,0.8736604856554716,,1,114,1,exact,0.1834976505706289,482,,,,,,0.00013804099944536574,955fe4212728cde55bcb2d92a403a646d2c4ba66
dv3-A-thomas-001276,3,A,thomas,1276,,,,3:1:1:1276,,test,2,656.2133228071094,1.5697555232138367,0.2222465228285187,,,,,,,,,418.0353648086627,0.008675858359790074,,,,,,,,5.760702431537085,0.3700647347892955,,1,674,1,exact,0.03226566026553777,485,,,,,,0.00018850000196835026,1f31e40ca1d4d56bc5699f44cedf92ced6baff72
dv3-A-thomas-001277,3,A,thomas,1277,,,,3:1:1:1277,,test,2,211.5732452151483,16.95367749412109,0.26531859405084385,,,,,,,,,12.479489791433986,0.018240524136184957,,,,,,,,17.272957007688074,0.44178443780581467,,1,266,1,exact,0.06783680996582409,18,,,,,,0.00012866600081906654,3ede17e187a8af943e94bac6e3c667e8e0f8f0f7
dv3-A-thomas-001278,3,A,thomas,1278,,,,3:1:1:1278,,test,2,160.5960605501574,4.585638190052783,0.668214208310857,,,,,,,,,35.02152893320807,0.05272884543108745,,,,,,,,2.894753356823677,1.1126496407405886,,1,142,1,exact,0.19609944541725866,60,,,,,,0.00012650000280700624,afcbe87f81c9bfc54cba47f9451b964c3908f3c4
dv3-A-thomas-001279,3,A,thomas,1279,,,,3:1:1:1279,,test,2,153.63956654006134,7.980561505029392,0.3082656902340598,,,,,,,,,19.251723884746312,0.02486987795909457,,,,,,,,7.787591892581848,0.5132960437321539,,1,107,1,exact,0.09249148612114358,23,,,,,,0.00011916700168512762,6a9a57c2bc955e68733b81475b6466f43a7097c3
dv3-A-thomas-001280,3,A,thomas,1280,,,,3:1:1:1280,,test,2,298.24653582457637,0.1606986089828362,0.7277596398063504,,,,,,,,,1855.9372586506415,0.042140556135805765,,,,,,,,0.14766184162256224,1.2117992878704844,,1,282,1,exact,0.15672142297533218,3173,,,,,,0.00028250000104890205,29f7ecb4c78ccf05d54d4857fb23aaf59d9c7abe
dv3-A-thomas-001281,3,A,thomas,1281,,,,3:1:1:1281,,test,2,168.25831508232417,2.790641825606654,0.22669091875237843,,,,,,,,,60.29376953301655,0.017476153667773768,,,,,,,,4.376143877470134,0.3774651394297353,,1,213,1,exact,0.0649941035928074,85,,,,,,0.00012370799959171563,044911c0320b96689b96eea98de6821704d707c2
dv3-A-thomas-001282,3,A,thomas,1282,,,,3:1:1:1282,,test,2,588.6123662467899,0.370791149856553,0.2747794113891916,,,,,,,,,1587.4498797355461,0.011325815898488996,,,,,,,,1.266753913686343,0.4575377320065389,,1,591,1,exact,0.04212089603771662,1848,,,,,,0.00024316700000781566,a90da19cd642921fc42e3a348f145aed8f472694
dv3-A-thomas-001283,3,A,thomas,1283,,,,3:1:1:1283,,test,2,264.9242015768108,0.16582096432635154,0.1585540208255914,,,,,,,,,1597.652037865457,0.009741289333582303,,,,,,,,0.6497365097690213,0.2640097623118795,,1,278,1,exact,0.03622801562118616,1808,,,,,,0.00019624999913503416,d5e20d5e4bbbd963ec5f2793d5d6fc6cdb93709b
dv3-A-thomas-001284,3,A,thomas,1284,,,,3:1:1:1284,,test,2,113.19002652105668,0.44481884070624356,0.11782877011847044,,,,,,,,,254.463202011281,0.01107508999030379,,,,,,,,1.2090228800635114,0.19619777177834583,,2,135,1,exact,0.04118844225184499,303,,,,,,0.00013295800090418197,496a618f6896e4c7a0345ce1ecca584c52ee3e46
dv3-A-thomas-001285,3,A,thomas,1285,,,,3:1:1:1285,,test,2,159.25840185496702,0.18137454116940613,0.7560140524202383,,,,,,,,,878.063706340228,0.059907154449679374,,,,,,,,0.10948043292169307,1.2588459708849735,,1,137,1,exact,0.22279569499509722,1764,,,,,,0.000189124999451451,c741fb29f1f9e901e22a48ced4e49b56abc8ccbc
dv3-A-thomas-001286,3,A,thomas,1286,,,,3:1:1:1286,,test,2,156.1181572543726,2.1109073889112078,0.10602985704725504,,,,,,,,,73.95784299892821,0.008485969522605077,,,,,,,,4.885596553373126,0.17655129281016738,,1,152,1,exact,0.03155946054964275,77,,,,,,0.00012879199857707135,2541f70ec8f8082cde928d2b0a2ce93ed89bb87b
dv3-A-thomas-001287,3,A,thomas,1287,,,,3:1:1:1287,,test,2,197.9531783681966,0.209646835464281,1.0602886497453408,,,,,,,,,944.2221149191793,0.07536034408906868,,,,,,,,0.10094252527150209,1.765496409007305,,1,204,1,exact,0.28026636201685895,2346,,,,,,0.00023041700114845298,31a2f9dda06da1ae9629053cbce77ec1c8476f72
dv3-A-thomas-001288,3,A,thomas,1288,,,,3:1:1:1288,,test,2,131.50828360908628,2.799340297511138,0.2630890626990048,,,,,,,,,46.978312613871495,0.02294173394326716,,,,,,,,3.459597007167247,0.43807202459042616,,1,147,1,exact,0.08532068673994872,77,,,,,,0.00012712500029010698,52133e5d91bae7633f45ca0e4df7bbfdde88dc77
dv3-A-thomas-001289,3,A,thomas,1289,,,,3:1:1:1289,,test,2,338.1468576301432,26.3455890783748,0.7019340079486723,,,,,,,,,12.835046376233949,0.03817188493854585,,,,,,,,18.954474088825613,1.1687967900921423,,1,317,1,exact,0.1419618693673694,22,,,,,,0.0001359999987471383,b184171f233c160debf9468847afc1c87210bfb7
dv3-A-thomas-001290,3,A,thomas,1290,,,,3:1:1:1290,,test,2,104.77354956663136,12.151332409430545,0.13775555990808916,,,,,,,,,8.622391852708885,0.013458086260156045,,,,,,,,11.52583103594712,0.2293780532281802,,2,165,1,exact,0.05005084466420492,13,,,,,,0.00011645799895632081,fc830d406c1723e595b9166733f45c13b0b843dd
dv3-A-thomas-001291,3,A,thomas,1291,,,,3:1:1:1291,,test,2,433.32878201158167,0.22589964761522224,1.028116143313924,,,,,,,,,1918.235759046761,0.049389361347971256,,,,,,,,0.1700283676166925,1.7119256718433518,,1,423,1,exact,0.18367984905923268,3620,,,,,,0.0003246670021326281,2b3fd90cc4b174aa778ff5916e9b9f7772a4f8e6
dv3-A-thomas-001292,3,A,thomas,1292,,,,3:1:1:1292,,test,2,286.54628237594693,0.15391658748575357,0.7232350995747244,,,,,,,,,1861.6985151289784,0.04272500337586427,,,,,,,,0.13944451969224542,1.2042654342040668,,1,321,1,exact,0.15889499189598882,3284,,,,,,0.00026162500216742046,db955bbc3248a54f4ae7ba3dd7f001334730233b
dv3-A-thomas-001293,3,A,thomas,1293,,,,3:1:1:1293,,test,2,578.9961603902534,0.3408183057105356,0.46774419503512954,,,,,,,,,1698.841144061104,0.019438849819653985,,,,,,,,0.6985939176975895,0.7788451728374852,,1,535,1,exact,0.07229340293759035,2143,,,,,,0.00023866700212238356,05d50daf86dc73bf302a65dc91d8efdc2d6bc5a6
dv3-A-thomas-001294,3,A,thomas,1294,,,,3:1:1:1294,,test,2,149.80925614330954,0.8043203018646413,0.5025931390813115,,,,,,,,,186.25571901642843,0.041062674447301224,,,,,,,,0.6954019170039744,0.836872470956736,,1,135,1,exact,0.15271276320641297,291,,,,,,0.0001287500017497223,fd1dc28d42b48cd0c8f0a4e3fc5b4833a915ba2a
dv3-A-thomas-001295,3,A,thomas,1295,,,,3:1:1:1295,,test,2,215.7642126030654,2.918528983285939,1.3001214295819499,,,,,,,,,73.92909710293125,0.08851038102875987,,,,,,,,1.1264328117297655,2.164844182526781,,1,272,1,exact,0.32917156617992166,212,,,,,,0.00015129199891816825,d11dec39f8e4b9df409ca62df943ff226b18d39b
dv3-A-thomas-001296,3,A,thomas,1296,,,,3:1:1:1296,,test,2,284.1582947533646,17.47130508529285,0.2304414615014415,,,,,,,,,16.26428554513457,0.01367037575164508,,,,,,,,21.845527121279183,0.38371020274988843,,1,171,1,exact,0.05084035278274164,14,,,,,,0.00011516700033098459,15efbf857d2f30d18b9423b901482afb4214c43b
dv3-A-thomas-001297,3,A,thomas,1297,,,,3:1:1:1297,,test,2,329.4833617548691,3.0602507231970675,0.259033966246894,,,,,,,,,107.66547958222695,0.014270525670892441,,,,,,,,6.347362655556637,0.43131984609063806,,1,350,1,exact,0.05307232022616747,147,,,,,,0.00013466699965647422,654233aa4cb76261f7ecd77eac35cdd7b3ad8fbf
dv3-A-thomas-001298,3,A,thomas,1298,,,,3:1:1:1298,,test,2,237.8127448440189,0.18067405090611321,0.15437211064038492,,,,,,,,,1316.2529076607557,0.010010396489627258,,,,,,,,0.6792701036178879,0.2570464250955975,,1,257,1,exact,0.037228829570871445,1523,,,,,,0.0002854590020433534,3ac5b2c359933d83d0c19484e7915fb8914b59bb
dv3-A-thomas-001299,3,A,thomas,1299,,,,3:1:1:1299,,test,2,212.6684772885685,1.7809989295355981,0.6394874394135606,,,,,,,,,119.40966036628814,0.043851096547792685,,,,,,,,1.5120459216341355,1.0648164329223773,,1,212,1,exact,0.16308295096654968,207,,,,,,0.00013575000048149377,967044484e7d70c2ca31c75135ef43f0506c611f
dv3-A-thomas-001300,3,A,thomas,1300,,,,3:1:1:1300,,test,2,372.65087310802426,7.881150841873593,0.2536407057482852,,,,,,,,,47.28381432925774,0.013139168475916622,,,,,,,,13.981406949175932,0.42233947829605517,,1,361,1,exact,0.048864784167113505,56,,,,,,0.00013283400039654225,e568f5c824da107eace7c2a0a486262757d390a7
dv3-A-thomas-001301,3,A,thomas,1301,,,,3:1:1:1301,,test,2,789.770138408233,0.1830730091713238,0.5880879894777323,,,,,,,,,4313.962729859039,0.02092627631233081,,,,,,,,0.34944065610505815,0.9792307348122913,,1,747,1,exact,0.07782516658475899,5768,,,,,,0.00040291700133820996,f5f7aa904ef197d4513c2c58b712d5f6cd380d8f
dv3-A-thomas-001302,3,A,thomas,1302,,,,3:1:1:1302,,test,2,721.9765008058628,0.10012322437068844,0.7930218175626735,,,,,,,,,7210.879447238666,0.02951369634391239,,,,,,,,0.1336905059018213,1.3204679419209246,,1,737,1,exact,0.10976192324974322,10806,,,,,,0.0006424580024031457,e2edf0f4e9d38c7ff16fb6ddd0e09301d16f38ea
dv3-A-thomas-001303,3,A,thomas,1303,,,,3:1:1:1303,,test,2,530.6378999127038,7.883503502985537,0.16325955957750815,,,,,,,,,67.30990855927794,0.007087278317172179,,,,,,,,20.172492172867248,0.27184499828365855,,1,654,1,exact,0.026357704898575925,91,,,,,,0.00016737499754526652,154b0462b002ff309c7abb9846c6f6eeca8ba27b
dv3-A-thomas-001304,3,A,thomas,1304,,,,3:1:1:1304,,test,2,347.67952708375327,0.46793769158734655,0.18213601827044,,,,,,,,,743.0038941816134,0.009768014125735162,,,,,,,,1.7050578480450007,0.30327636373791494,,1,354,1,exact,0.03632740556377302,851,,,,,,0.0001778330006345641,9e2266c2f1e523d27741f5a28c283eaf35308b1c
dv3-A-thomas-001305,3,A,thomas,1305,,,,3:1:1:1305,,test,2,328.70389868642286,0.21695969287479644,0.12779914510822496,,,,,,,,,1515.0459254941516,0.007048967709114747,,,,,,,,1.1066125438650642,0.21279953512372882,,1,338,1,exact,0.026215227115642503,1724,,,,,,0.00020354200023575686,fa88683b356929836f0e2b679218dd714e3d5b52
dv3-A-thomas-001306,3,A,thomas,1306,,,,3:1:1:1306,,test,2,214.21940965797685,0.9521063200622557,0.6145733362205552,,,,,,,,,224.99526065951292,0.04198984824102228,,,,,,,,0.8626402480182235,1.0233317299299867,,1,239,1,exact,0.15616093783014406,406,,,,,,0.0001569579981151037,34ab93fd4161611f35818f25eb841595b65f32f0
dv3-A-thomas-001307,3,A,thomas,1307,,,,3:1:1:1307,,test,2,530.8966742200221,10.268838861669964,0.7126663847816844,,,,,,,,,51.69977651530558,0.030930096288603045,,,,,,,,10.922843683703606,1.186667369734155,,1,596,1,exact,0.11502953799404628,77,,,,,,0.00016479199985042214,735a40766905a7dcd7bb462e6680ebccd994aa48
dv3-A-thomas-001308,3,A,thomas,1308,,,,3:1:1:1308,,test,2,152.16244992543145,0.557285776157342,0.30908830138819976,,,,,,,,,273.04204850631334,0.02505698550823942,,,,,,,,0.7915344031511153,0.5146657811512918,,1,172,1,exact,0.09318734218096648,364,,,,,,0.00014100000043981709,786542145fcb4e835ae1d099f52b93154bc77127
dv3-A-thomas-001309,3,A,thomas,1309,,,,3:1:1:1309,,test,2,162.66463224129973,2.5685028149281117,0.7446901173682634,,,,,,,,,63.33052519775122,0.05838872912715983,,,,,,,,1.5288620958086119,1.2399903821970295,,1,204,1,exact,0.21714864618871368,136,,,,,,0.0001424999973096419,a3f67538d1b7d070a24b279c6f055c32395a55da
dv3-A-thomas-001310,3,A,thomas,1310,,,,3:1:1:1310,,test,2,538.8239744070759,14.421974440959671,0.7237709649625305,,,,,,,,,37.361318078387974,0.031180114188631713,,,,,,,,14.508592465314587,1.2051577086032224,,1,636,1,exact,0.11595935868591191,64,,,,,,0.00017370899877278134,81303b2512ae0279338e0e0593feee9af43f0dbc
dv3-A-thomas-001311,3,A,thomas,1311,,,,3:1:1:1311,,test,2,300.154736271192,4.184036281215819,0.3131146723976095,,,,,,,,,71.73808162676148,0.018073023719955082,,,,,,,,6.876097418470069,0.5213701286515233,,1,312,1,exact,0.06721387315654449,91,,,,,,0.00014341599671752192,6f82622effe0e2aca505bc9ac8f6a726f06980f1
dv3-A-thomas-001312,3,A,thomas,1312,,,,3:1:1:1312,,test,2,454.0206349716283,3.0403443295413375,0.23148563348079226,,,,,,,,,149.33197880258558,0.01086391219904983,,,,,,,,7.991692899592805,0.38544886314238863,,1,361,1,exact,0.040403068564809394,144,,,,,,0.00013737499830313027,780e0017d22c2c49e1fb989d7f70624a2a6ba990
dv3-A-thomas-001313,3,A,thomas,1313,,,,3:1:1:1313,,test,2,447.8028962842732,1.737529024470379,0.2550351866955345,,,,,,,,,257.72398042143163,0.012051931489837164,,,,,,,,4.744637550801503,0.4246614413816631,,1,503,1,exact,0.044821331892286854,331,,,,,,0.00016549999782000668,9e03d83abd9800c899d79be680715a826b6583db
dv3-A-thomas-001314,3,A,thomas,1314,,,,3:1:1:1314,,test,2,221.34344359173718,23.304436930226686,0.13384202955925453,,,,,,,,,9.497909958281243,0.008996201667533399,,,,,,,,25.94358613983469,0.22286159775252448,,1,305,1,exact,0.033457022308040596,15,,,,,,0.0001304159995925147,fbcbf591f882b27a0f0e28886816e47bb68d94db
dv3-A-thomas-001315,3,A,thomas,1315,,,,3:1:1:1315,,test,2,644.4989759856343,1.0242415532868019,0.16238336705340872,,,,,,,,,629.2450974259249,0.006396323589021975,,,,,,,,4.923733820834347,0.27038604203125677,,1,589,1,exact,0.02378803287388177,668,,,,,,0.0001875829984783195,0c208e888d0ebd949f1227bddeb3a9f44ffda985
dv3-A-thomas-001316,3,A,thomas,1316,,,,3:1:1:1316,,test,2,116.29787560921324,2.497293807386306,0.32162595784212644,,,,,,,,,46.569560724187205,0.029823952692764732,,,,,,,,2.5933816748528478,0.5355423485389473,,1,152,1,exact,0.11091577172584237,74,,,,,,0.00012295800115680322,a0a8b2b24360008c42550eb5648d72cfaa2dcf30
dv3-A-thomas-001317,3,A,thomas,1317,,,,3:1:1:1317,,test,2,665.7223216937318,0.25439713486717896,0.16873003946879767,,,,,,,,,2616.862497454251,0.006539519641923922,,,,,,,,1.4593196856843604,0.28095394480113567,,1,714,1,exact,0.024320581355276292,2919,,,,,,0.0003697499996633269,84127185e202ef5601c05391b5a031b50b888b89
dv3-A-thomas-001318,3,A,thomas,1318,,,,3:1:1:1318,,test,2,411.30036984362823,3.2400230151118317,0.5983355488888632,,,,,,,,,126.9436568583856,0.029502937300705693,,,,,,,,3.917734019630477,0.9962940404939903,,1,488,1,exact,0.10972191019068979,207,,,,,,0.00016037499881349504,e8a6ead8e9de5d370508d2d56d945af518d89c5a
dv3-A-thomas-001319,3,A,thomas,1319,,,,3:1:1:1319,,test,2,209.95627232078792,11.651412366049737,0.46551348713705987,,,,,,,,,18.019813025635013,0.032126827499563554,,,,,,,,10.100748305587963,0.7751308005441175,,1,149,1,exact,0.11948020109626775,23,,,,,,0.00011941699995077215,d9b14839586103d93c62c08257dc5b4f10343fe3
dv3-A-thomas-001320,3,A,thomas,1320,,,,3:1:1:1320,,test,2,117.29972534814867,2.311165335704302,0.1367682199840413,,,,,,,,,50.75349804534987,0.012628061755390099,,,,,,,,4.0536103896581555,0.22773402441508792,,3,118,1,exact,0.046963969847648175,65,,,,,,0.00042587499774526805,c828a89699ebdfc067beac17722c74b31b310f3a
dv3-A-thomas-001321,3,A,thomas,1321,,,,3:1:1:1321,,test,2,199.5162259734778,0.8789271254449377,0.21268474836501047,,,,,,,,,226.99973660782976,0.015057304640369957,,,,,,,,1.9462937766852644,0.35414333594840813,,1,190,1,exact,0.05599836418406419,256,,,,,,0.00014583400115952827,14926631bd67cd3188593d2da8cfabafe1d5de30
dv3-A-thomas-001322,3,A,thomas,1322,,,,3:1:1:1322,,test,2,475.69780007111257,11.992269975400129,0.31339996948833665,,,,,,,,,39.6670356026771,0.014369226096717092,,,,,,,,19.71010886000022,0.5218451794683929,,1,434,1,exact,0.05343938873693084,45,,,,,,0.000139667001349153,3fc41fe22b4a0f8e2779da427d871c9078146fea
dv3-A-thomas-001323,3,A,thomas,1323,,,,3:1:1:1323,,test,2,114.53667515543535,2.7533798978386996,1.0514956141808713,,,,,,,,,41.598573173771754,0.0982505928424867,,,,,,,,0.9300143625705009,1.7508550443967597,,1,121,1,exact,0.36539557448700194,131,,,,,,0.0001332909996563103,f66132caa49fe03ad1630acc57c6b221fe99bfc3
dv3-A-thomas-001324,3,A,thomas,1324,,,,3:1:1:1324,,test,2,287.4891082286192,0.13352914866582116,1.4702929784767687,,,,,,,,,2153.0063742719453,0.08671479173241742,,,,,,,,0.05328445244394338,2.448198397967239,,1,297,1,exact,0.32249373998571634,5914,,,,,,0.0003957499975513201,f0632821de27f44eb8dbd971ea007fc10e95c1af
dv3-A-thomas-001325,3,A,thomas,1325,,,,3:1:1:1325,,test,2,296.4791369563913,0.9428241975517342,0.1260451387262058,,,,,,,,,314.4585573071517,0.007320302563083114,,,,,,,,3.676145894429451,0.20987892292102864,,1,274,1,exact,0.027224325910629572,342,,,,,,0.0001520000005257316,fdc623f2b3d986cdd5cf1ebbdfde31fdd18d7b90
dv3-A-thomas-001326,3,A,thomas,1326,,,,3:1:1:1326,,test,2,137.21122948412759,7.335349470362019,0.3781660175196197,,,,,,,,,18.705479546478358,0.032284024786942075,,,,,,,,6.1120290252762945,0.6296877233382041,,1,152,1,exact,0.1200648203994974,25,,,,,,0.00011408299906179309,3b0684b79c2aa030eec07e6fdf3e0e32c2e20516
dv3-A-thomas-001327,3,A,thomas,1327,,,,3:1:1:1327,,test,2,326.8354465234026,2.810250080982806,0.2540580558156067,,,,,,,,,116.30119637221078,0.014052978916116383,,,,,,,,5.976524500741114,0.42303441174208617,,1,344,1,exact,0.052263260258797926,145,,,,,,0.00013954200039734133,79d5ef49c5404689d500e9973afb0c96fd9d5d48
dv3-A-thomas-001328,3,A,thomas,1328,,,,3:1:1:1328,,test,2,700.2119090326776,2.0816346073536063,0.22347687358340784,,,,,,,,,336.37599344241346,0.008445353653013068,,,,,,,,7.538072961333977,0.37211340317794417,,1,698,1,exact,0.03140840946105895,397,,,,,,0.000180125000042608,277a7d4ad1d538719b877ecaff90f129039b2de0
dv3-A-thomas-001329,3,A,thomas,1329,,,,3:1:1:1329,,test,2,409.767010963525,0.1901572593357025,0.37245184682672755,,,,,,,,,2154.8849220640313,0.018399314216610004,,,,,,,,0.4085026426540368,0.620173005019585,,1,402,1,exact,0.06842735289265167,2838,,,,,,0.0002557910011091735,2ee3bfb7cc017fdd804818ccd71c7e72f97ca333
dv3-A-thomas-001330,3,A,thomas,1330,,,,3:1:1:1330,,test,2,764.3916093169835,3.4388235587204807,0.8096289946482211,,,,,,,,,222.2828814169805,0.029283844851244932,,,,,,,,4.376873326968052,1.348120705642695,,1,764,1,exact,0.10890710175930635,334,,,,,,0.00019304200031911023,b4dbb49689ad4958bc980339bb6bc52ea4e17d3c
dv3-A-thomas-001331,3,A,thomas,1331,,,,3:1:1:1331,,test,2,192.85863159802378,0.5071438276811459,0.23442194052424112,,,,,,,,,380.2838979226991,0.016880243853641348,,,,,,,,1.0742814202860074,0.390338135079985,,1,175,1,exact,0.0627779051702041,472,,,,,,0.00013883300198358484,a5d7b5aed2718b900ac7f933c2cc35ebf9b4a4e2
dv3-A-thomas-001332,3,A,thomas,1332,,,,3:1:1:1332,,test,2,552.5471565428021,0.874508127790943,0.10903070523902558,,,,,,,,,631.8376456243666,0.004638356734762569,,,,,,,,5.130631423556308,0.181548032809053,,1,561,1,exact,0.017250125162006375,699,,,,,,0.00017837499763118103,9a6ef5295ed6220b46220d67e70cee3758712940
dv3-A-thomas-001333,3,A,thomas,1333,,,,3:1:1:1333,,test,2,190.30823828476355,21.233405576035494,0.648919575275665,,,,,,,,,8.962680885234432,0.047039433276779674,,,,,,,,12.375909738674997,1.0805219693324992,,1,113,1,exact,0.17494042782283611,10,,,,,,0.00012479200086090714,2256cf50999aaa162a936b0a43b6d09ca824f30f
dv3-A-thomas-001334,3,A,thomas,1334,,,,3:1:1:1334,,test,2,280.7143361963563,11.511491300757282,1.2327586537573403,,,,,,,,,24.385575149406538,0.0735776247097962,,,,,,,,5.183800954931451,2.0526778032604587,,1,330,1,exact,0.2736363992564033,59,,,,,,0.00014387500050361268,5d9bb31eb49e55772bf4d8e6de0f4e65a9b37107
dv3-A-thomas-001335,3,A,thomas,1335,,,,3:1:1:1335,,test,2,617.1634784029357,0.35873959565382085,0.5311831981897251,,,,,,,,,1720.3662095847667,0.021381797904813454,,,,,,,,0.662693820749787,0.8844780420446978,,1,669,1,exact,0.07951925889668296,2343,,,,,,0.00027341699751559645,9e8bb1c6071accdd6a3f35ccae47b15a1d82e099
dv3-A-thomas-001336,3,A,thomas,1336,,,,3:1:1:1336,,test,2,101.83673311950692,0.3613535353298971,0.9143002838467077,,,,,,,,,281.82022081653423,0.09060175810881603,,,,,,,,0.13842339999846584,1.5224098345987367,,2,83,1,exact,0.3369494320179547,762,,,,,,0.00017262499750358984,c7436e5461853980a01c25da4dd9c1c600f5d498
dv3-A-thomas-001337,3,A,thomas,1337,,,,3:1:1:1337,,test,2,190.12056819615015,7.359914813081388,0.610567920261134,,,,,,,,,25.831897926078312,0.04428120500100308,,,,,,,,5.382266314351318,1.0166622748767453,,1,227,1,exact,0.16468253139457295,49,,,,,,0.00015212499783956446,9b57fd66d2526016520d6ae569ad0c7f22ecbbf6
dv3-A-thomas-001338,3,A,thomas,1338,,,,3:1:1:1338,,test,2,135.08371700493058,5.615528934814314,0.794261005826745,,,,,,,,,24.055386157385602,0.0683379175168269,,,,,,,,2.6546414067835906,1.322531325727615,,2,205,1,exact,0.25414984182678974,59,,,,,,0.00014762499995413236,45095e0b1b62df7755cd85aa2588da922bf75dbf
dv3-A-thomas-001339,3,A,thomas,1339,,,,3:1:1:1339,,test,2,762.9232432794424,29.0743145397671,0.9634562420029609,,,,,,,,,26.240455032428557,0.03488121239036338,,,,,,,,25.222817891787454,1.6042598738564635,,1,851,1,exact,0.12972380391244237,44,,,,,,0.00019683299979078583,9f7dc08da786606375ba3df9ee1cfd2a23813da4
dv3-A-thomas-001340,3,A,thomas,1340,,,,3:1:1:1340,,test,2,260.70244950162476,2.147033538618296,0.8759165167038205,,,,,,,,,121.42448863160165,0.05424880298850721,,,,,,,,1.4446830727110243,1.4584966699419086,,1,220,1,exact,0.2017521926304957,237,,,,,,0.00016458299796795473,f8c8a958f858ed9d94d154b2266922e292bda5e0
dv3-A-thomas-001341,3,A,thomas,1341,,,,3:1:1:1341,,test,2,475.03127996410024,4.733508461554015,0.34001390436277573,,,,,,,,,100.35500809227392,0.01560039422465531,,,,,,,,9.26808013732854,0.5661602878699227,,1,441,1,exact,0.058018123301100684,126,,,,,,0.00015254200116032735,fe75c931992c52f7e89f768c127368a541ee63a7
dv3-A-thomas-001342,3,A,thomas,1342,,,,3:1:1:1342,,test,2,302.7547750836954,0.13370223333100736,0.11805492987996345,,,,,,,,,2264.395796098362,0.006784824630262436,,,,,,,,0.7316316190210036,0.19657435248292449,,1,321,1,exact,0.02523287465087174,2534,,,,,,0.00023179200070444494,350a6d35650a86068120d6289ccab54508b41bea
dv3-A-thomas-001343,3,A,thomas,1343,,,,3:1:1:1343,,test,2,523.1820345594004,3.7599584438304796,0.3015353340165569,,,,,,,,,139.14569598976888,0.01318292553788932,,,,,,,,8.769539743467881,0.5020892655249221,,1,443,1,exact,0.049027517401945074,150,,,,,,0.00014637499771197326,08bbd4f4f9d1cfb43799eb0b502171c7d73ba140
dv3-A-thomas-001344,3,A,thomas,1344,,,,3:1:1:1344,,test,2,148.58974826756975,3.9894643840231687,0.10501257768596323,,,,,,,,,37.2455382388261,0.008614833645320381,,,,,,,,7.23811005792287,0.17485741156400927,,1,159,1,exact,0.03203870834640475,45,,,,,,0.00012883300223620608,fed7635b9bf041a4b0fdf3b6a17b68fec64b0ba4
dv3-A-thomas-001345,3,A,thomas,1345,,,,3:1:1:1345,,test,2,635.6368693441314,7.503613975376062,0.2872210299633746,,,,,,,,,84.71076356406978,0.01139230740434174,,,,,,,,17.025985677261833,0.47825438583494156,,1,524,1,exact,0.042368179044125744,90,,,,,,0.0001969580007425975,8575c3657c7f44dd51fd991ea7c8c14922bf528f
dv3-A-thomas-001346,3,A,thomas,1346,,,,3:1:1:1346,,test,2,297.22359875103257,1.0384436194577389,0.15675611802078382,,,,,,,,,286.2202561427829,0.009092490495255144,,,,,,,,3.5005943842343745,0.2610160577707677,,1,280,1,exact,0.033815122045702965,319,,,,,,0.00015620799968019128,ef8581c5d513f94079d2dd4eb84fff32912abe69
dv3-A-thomas-001347,3,A,thomas,1347,,,,3:1:1:1347,,test,2,202.76482962095392,0.26769426276771113,0.3727552867373002,,,,,,,,,757.4492913092462,0.026177459609994944,,,,,,,,0.3920901039626299,0.6206782656130981,,1,216,1,exact,0.09735440383692143,1070,,,,,,0.0001813749986467883,39d5e62d503f84a429223b53ce141fcfc59c2da8
dv3-A-thomas-001348,3,A,thomas,1348,,,,3:1:1:1348,,test,2,492.3368952844937,11.952460827844076,0.7855533185488275,,,,,,,,,41.191257798357405,0.03540335959813634,,,,,,,,11.044022199959313,1.308032075336116,,1,519,1,exact,0.13166567798598464,72,,,,,,0.00016441700063296594,13ae2e6727cc4577eb130ebc887cd39f391959f6
dv3-A-thomas-001349,3,A,thomas,1349,,,,3:1:1:1349,,test,2,520.5106230143699,0.648272192301868,0.7989059053043712,,,,,,,,,802.9198679125111,0.03501715291441129,,,,,,,,0.7107957355577221,1.3302655906845384,,1,503,1,exact,0.13022936896241802,1281,,,,,,0.00023275000057765283,223fc8bf8d41daf9f90e944021ece77e6a0c336d
dv3-A-thomas-001350,3,A,thomas,1350,,,,3:1:1:1350,,test,2,130.2619279212738,3.1732671198065434,0.3554917872409036,,,,,,,,,41.049783394602834,0.03114732977954239,,,,,,,,3.1261092212571473,0.5919326533922109,,2,124,1,exact,0.1158374329280428,61,,,,,,0.00012312499893596396,4b143b341ddbeb6b7da9f3c1815540d3a3b2e7a3
dv3-A-thomas-001351,3,A,thomas,1351,,,,3:1:1:1351,,test,2,485.5804467568704,7.238862171957777,1.0008689531189974,,,,,,,,,67.07966462435675,0.04541994693634212,,,,,,,,5.591681434086341,1.6665561241675977,,1,494,1,exact,0.16891753142477856,120,,,,,,0.00016520799908903427,ea91021c7ec09f8b716418d193bdd410b299d9cc
dv3-A-thomas-001352,3,A,thomas,1352,,,,3:1:1:1352,,test,2,101.36062096074672,0.7936069759826156,0.2042857103381943,,,,,,,,,127.72143394435972,0.020290995652605153,,,,,,,,1.2764449585742288,0.3401580202713788,,1,101,1,exact,0.0754625473383481,171,,,,,,0.00012524999692686833,4c6bfbe3a2404999457f33e1ec1bd902e672f3dd
dv3-A-thomas-001353,3,A,thomas,1353,,,,3:1:1:1353,,test,2,574.3829570497395,1.3198353342549392,0.412370970140326,,,,,,,,,435.19289273611145,0.017206292913549328,,,,,,,,2.895367027094791,0.6866427053958033,,1,582,1,exact,0.0639904869990692,533,,,,,,0.00020779199985554442,e9508177db53044323018484856c13437cd8df81
dv3-A-thomas-001354,3,A,thomas,1354,,,,3:1:1:1354,,test,2,195.71624101405183,0.5079056335088906,0.5939254849086465,,,,,,,,,385.33977200043387,0.04245399143447167,,,,,,,,0.45702589978564295,0.9889508022895305,,1,217,1,exact,0.1578870940181944,650,,,,,,0.00012208399857627228,b468bb2e9a739cf716f256d7bffdb2742bc26a86
dv3-A-thomas-001355,3,A,thomas,1355,,,,3:1:1:1355,,test,2,103.77399047202994,0.1626281717041932,0.10844981092032879,,,,,,,,,638.1058668038523,0.010645952903527343,,,,,,,,0.5091143583888454,0.18058078032180036,,1,115,1,exact,0.03959247435160296,748,,,,,,9.179100015899166e-05,27e0bd33e842e6f273e786df03f00457cac25d00
dv3-A-thomas-001356,3,A,thomas,1356,,,,3:1:1:1356,,test,2,113.22744418015314,0.4505617339014083,0.3049153533948956,,,,,,,,,251.30284189852998,0.028655199788019056,,,,,,,,0.5627913222713739,0.5077173669633986,,1,136,1,exact,0.10656916040566898,416,,,,,,8.462500045425259e-05,e59828770c7bc67ff6a902b25ed4c28bd04e5640
dv3-A-thomas-001357,3,A,thomas,1357,,,,3:1:1:1357,,test,2,514.0065160035657,0.15112351377952693,0.4993353701383374,,,,,,,,,3401.2345474804556,0.022024599400057614,,,,,,,,0.27326695348793684,0.8314479298456171,,1,498,1,exact,0.08190984825437156,4621,,,,,,0.0002702080018934794,28c1e5f11dd89b995f01dad43c0b12f30038ebbb
dv3-A-thomas-001358,3,A,thomas,1358,,,,3:1:1:1358,,test,2,362.24944306753696,0.16558323455481938,0.33831737235108167,,,,,,,,,2187.718122800697,0.01777544311497394,,,,,,,,0.3656434647682992,0.5633353767712976,,1,382,1,exact,0.06610716598086774,2759,,,,,,0.0004109999972570222,46875dcb7e5d51aaa1d602745c6a52d460c10f2f
dv3-A-thomas-001359,3,A,thomas,1359,,,,3:1:1:1359,,test,2,657.2473233715583,0.11667562381195157,0.6697905898577523,,,,,,,,,5633.116000569725,0.02612610263481058,,,,,,,,0.17592102538907592,1.1152744881922119,,1,671,1,exact,0.09716340639956764,7905,,,,,,0.000571374999708496,de3388036e932c187867ff387ba2cb27b75ec34d
dv3-A-thomas-001360,3,A,thomas,1360,,,,3:1:1:1360,,test,2,189.88412504053207,1.6772108110329442,1.1663587448998303,,,,,,,,,113.21422673372113,0.08464237113531359,,,,,,,,0.694785640872549,1.942114702660917,,1,174,1,exact,0.3147863736202893,318,,,,,,0.00010612500045681372,3919992401eead0f59ec17963531d95fc85960eb
dv3-A-thomas-001361,3,A,thomas,1361,,,,3:1:1:1361,,test,2,317.1957384299472,0.7356057087992841,0.5908609026915874,,,,,,,,,431.20347576924064,0.033175813557068355,,,,,,,,0.8455349008568658,0.9838479381773616,,1,317,1,exact,0.12338139753714127,625,,,,,,0.00010395799836260267,239c53a3ee32968fa83588608396d287f1f6a0f3
dv3-A-thomas-001362,3,A,thomas,1362,,,,3:1:1:1362,,test,2,302.64630948505777,0.9067391506566301,0.2084315011323851,,,,,,,,,333.77439285145175,0.011981071643398587,,,,,,,,2.576221586254932,0.3470612147565762,,1,317,1,exact,0.04455780295522493,391,,,,,,8.899999738787301e-05,cb914651324fa6b545b08f40338e0fa5b59ac8ea
dv3-A-thomas-001363,3,A,thomas,1363,,,,3:1:1:1363,,test,2,174.51817523635293,0.721646712574386,1.0552521156965184,,,,,,,,,241.83325745887595,0.0798796033877577,,,,,,,,0.32196305458252084,1.7571100297141053,,1,198,1,exact,0.2970735618507323,617,,,,,,0.00020516700169537216,6755fe199a7b96a150498851a944acf4d8e76059
dv3-A-thomas-001364,3,A,thomas,1364,,,,3:1:1:1364,,test,2,116.22980142361301,6.103563796463831,0.6311583138730223,,,,,,,,,19.042940370501587,0.0585436181378069,,,,,,,,3.302554950473106,1.0509475291710044,,1,127,1,exact,0.21772468097272604,44,,,,,,0.00018583400014904328,61a11436e277e4e6074455ffc961e0acf31ea17b
dv3-A-thomas-001365,3,A,thomas,1365,,,,3:1:1:1365,,test,2,248.27920162956536,1.1916276100176577,1.1963829295569215,,,,,,,,,208.35301191610216,0.07592766384353035,,,,,,,,0.5568761011742274,1.99210824942594,,1,241,1,exact,0.2823762335362266,497,,,,,,0.00018604199794935994,2a63c7e39d07ff5054bcb3a405a890a8c40f40c4
dv3-A-thomas-001366,3,A,thomas,1366,,,,3:1:1:1366,,test,2,111.95087160166442,19.189985335245126,0.7205852989121649,,,,,,,,,5.833817464990491,0.06810384908331117,,,,,,,,7.710394996972637,1.1998532266835418,,1,108,1,exact,0.25327933746382,10,,,,,,0.00011845900007756427,0f55ae59db897bf8ff3d1a7e6a3017f631b9e7fd
dv3-A-thomas-001367,3,A,thomas,1367,,,,3:1:1:1367,,test,2,222.7367289840768,4.644902889769404,0.2904669858566104,,,,,,,,,47.952935566137214,0.019462600105431452,,,,,,,,6.679097363882569,0.4836592569279975,,1,237,1,exact,0.07238173064193103,69,,,,,,0.0001335420020041056,05967b224c330eaf5021a5437667bfee3abf1e26
dv3-A-thomas-001368,3,A,thomas,1368,,,,3:1:1:1368,,test,2,454.1115717761618,2.0363908343026647,0.10523123048310497,,,,,,,,,222.99823988928253,0.0049381396125871635,,,,,,,,8.815809341580568,0.17522149235301504,,1,471,1,exact,0.01836502262669339,260,,,,,,0.00015433299995493144,8d964bfe58b8263a6701e4fac249aabde061bc82
dv3-A-thomas-001369,3,A,thomas,1369,,,,3:1:1:1369,,test,2,138.87878503156352,3.047084620812713,1.126329722872434,,,,,,,,,45.57759377044213,0.09557572271111378,,,,,,,,1.0442179441194253,1.8754620089228335,,1,157,1,exact,0.35544768837197305,138,,,,,,0.0001364169984299224,15cd6c991aaead96e3a33c79ddb9fb69a277b3fd
dv3-A-thomas-001370,3,A,thomas,1370,,,,3:1:1:1370,,test,2,613.7059442717825,25.93324343744108,1.2519021877577852,,,,,,,,,23.66483566747943,0.05053476302348867,,,,,,,,16.277631971581613,2.084553878272308,,1,676,1,exact,0.1879396167729505,49,,,,,,0.00017912499970407225,eb4afe232e8e6e200bd2ca4706c91525c423aae8
dv3-A-thomas-001371,3,A,thomas,1371,,,,3:1:1:1371,,test,2,134.1068727902361,3.263294025703482,0.9436626821035011,,,,,,,,,41.09555306200952,0.08148755049410615,,,,,,,,1.3341295508572446,1.5713014347254208,,1,140,1,exact,0.30305354364698295,109,,,,,,0.00014766700041946024,c70280fd2e692ef780995a064b8998f816b5aeed
dv3-A-thomas-001372,3,A,thomas,1372,,,,3:1:1:1372,,test,2,389.5765925584917,0.46173049973058067,0.5298947591256136,,,,,,,,,843.731555064717,0.02684684137877928,,,,,,,,0.6631706308388174,0.8823326502766542,,1,399,1,exact,0.09984384567009384,1261,,,,,,0.0002613750002637971,d020de6469f755347743529adfb216db4d83323c
dv3-A-thomas-001373,3,A,thomas,1373,,,,3:1:1:1373,,test,2,778.808121099965,0.10520334989780791,0.4161892102003291,,,,,,,,,7402.883290850349,0.014913362729010341,,,,,,,,0.2853941901742552,0.6930004921327286,,1,800,1,exact,0.055463041842769775,9126,,,,,,0.0004297920022509061,0110c3d92b915b408f4455bb8c0a92f8a5a050bf
dv3-A-thomas-001374,3,A,thomas,1374,,,,3:1:1:1374,,test,2,359.844769341302,29.30886382571979,0.6390092197794095,,,,,,,,,12.277677206494875,0.03368600642914071,,,,,,,,22.33583529073431,1.0640201449992601,,1,369,1,exact,0.12527881323914034,19,,,,,,0.00015845800226088613,5c5f0630e67ea8c71912585ad8c3bbc3d9376f26
dv3-A-thomas-001375,3,A,thomas,1375,,,,3:1:1:1375,,test,2,506.23444936771807,6.1065383108004525,0.21022484665193275,,,,,,,,,82.90039685370618,0.009343470022043776,,,,,,,,15.087462653626936,0.350047330919973,,1,496,1,exact,0.03474851904334175,89,,,,,,0.00015104100020835176,662e16b8c5563c547cac04de5057835f17a35431
dv3-A-thomas-001376,3,A,thomas,1376,,,,3:1:1:1376,,test,2,158.02689788895538,1.0190048029273235,0.5637411731253785,,,,,,,,,155.079639894716,0.044845022625492614,,,,,,,,0.8139385384942052,0.9386906263699677,,2,139,1,exact,0.16677937843484,284,,,,,,0.00014437500067288056,cccc6d40a4eb6fa219e774c5e317edb2f3683310
dv3-A-thomas-001377,3,A,thomas,1377,,,,3:1:1:1377,,test,2,101.35698863783884,17.640414222645557,0.5036284973874169,,,,,,,,,5.745726112696587,0.05002457951389243,,,,,,,,8.724022536964108,0.8385964556206329,,1,111,1,exact,0.18604223589015445,11,,,,,,0.00012083300316589884,ecc31e0218d01050ce899afa5846beacae486c80
dv3-A-thomas-001378,3,A,thomas,1378,,,,3:1:1:1378,,test,2,292.37921876135294,0.5545216074649445,0.8234908390971928,,,,,,,,,527.2638880529763,0.04815989391150509,,,,,,,,0.4377202322033105,1.371202190672979,,1,291,1,exact,0.17910743939468407,1002,,,,,,0.000285707999864826,f99fd92fcd72b98bd4abd72346bb45db125fe171
dv3-A-thomas-001379,3,A,thomas,1379,,,,3:1:1:1379,,test,2,758.3683446011185,3.9103606898781806,0.17937978461526752,,,,,,,,,193.9382079418213,0.006513784702435654,,,,,,,,14.39352113748738,0.29868693365983123,,1,845,1,exact,0.02422487269106722,238,,,,,,0.00022191600146470591,9c396a74e2159c57ba202fda3f6692d78d6a4520
dv3-A-thomas-001380,3,A,thomas,1380,,,,3:1:1:1380,,test,2,413.1208059814927,0.37357982375289517,0.19069488283917113,,,,,,,,,1105.8434629348505,0.009382109671210018,,,,,,,,1.4745009898785493,0.31752780806385766,,1,477,1,exact,0.03489222053558323,1296,,,,,,0.0003423749985813629,ea6e7dc70a8515654bea4a175dd73d8fe00b9b80
dv3-A-thomas-001381,3,A,thomas,1381,,,,3:1:1:1381,,test,2,298.69895965430817,13.529711355976133,0.3873675688213109,,,,,,,,,22.07726031955379,0.022413330900945976,,,,,,,,15.113530545152445,0.6450093112702584,,1,241,1,exact,0.0833555471145913,22,,,,,,0.00010816600115504116,5fea18773b89c441f9dfcd3d6394b356687218fd
dv3-A-thomas-001382,3,A,thomas,1382,,,,3:1:1:1382,,test,2,363.04595062711314,9.041417546004032,0.8259069913501937,,,,,,,,,40.15365386897388,0.04334613147478249,,,,,,,,6.981475472292654,1.3752253480719692,,1,356,1,exact,0.1612049775354454,76,,,,,,9.920800221152604e-05,b65395915a23ead025bda8f1cc82e6aa9eb9e84c
dv3-A-thomas-001383,3,A,thomas,1383,,,,3:1:1:1383,,test,2,359.8109620136923,25.240229898085772,0.2269850041526913,,,,,,,,,14.255455020280163,0.011966302328660503,,,,,,,,31.249184113466583,0.3779548237419446,,1,373,1,exact,0.04450287563023511,19,,,,,,8.183300087694079e-05,515ddfe21cff2e9e4de9e3d7c67fb09afa35d596
dv3-A-thomas-001384,3,A,thomas,1384,,,,3:1:1:1384,,test,2,184.405564411518,21.719016499142544,0.2916517043650548,,,,,,,,,8.490511732830914,0.021477192408028978,,,,,,,,18.40097108812854,0.48563194264225595,,1,209,1,exact,0.07987403262676335,15,,,,,,7.170899698394351e-05,dd823de113c68d8287fe733b51b555eb3b6bce7d
dv3-A-thomas-001385,3,A,thomas,1385,,,,3:1:1:1385,,test,2,211.09725518835515,1.4256938341378607,0.10920348919976275,,,,,,,,,148.06633102682173,0.007516146243653653,,,,,,,,4.4241966608272065,0.18183573697554462,,1,217,1,exact,0.027952671787243723,167,,,,,,7.929200000944547e-05,2bae51d747e62f4123b2b8248976942acb769457
dv3-A-thomas-001386,3,A,thomas,1386,,,,3:1:1:1386,,test,2,510.3457978726109,3.6056140771437626,0.15546679553495524,,,,,,,,,141.5419917255505,0.006881852743325338,,,,,,,,11.884575669001796,0.2588691950090759,,1,534,1,exact,0.02559372380290533,154,,,,,,0.00019254200014984235,04e46831102edbdb2506337c32761be054d28e5a
dv3-A-thomas-001387,3,A,thomas,1387,,,,3:1:1:1387,,test,2,668.728114941497,0.12651206461474987,0.46912130599656643,,,,,,,,,5285.8841326942575,0.018140964208693655,,,,,,,,0.28244613777274463,0.7811382129995253,,1,642,1,exact,0.06746654495419317,6921,,,,,,0.0004425000006449409,173d13ac245af29b4ad73e783f12384bda26af73
dv3-A-thomas-001388,3,A,thomas,1388,,,,3:1:1:1388,,test,2,430.50620721536814,3.468019809469588,0.7176042309731347,,,,,,,,,124.13602887730083,0.034585597408752264,,,,,,,,3.610358478549138,1.1948894229659137,,1,428,1,exact,0.12862440692248292,192,,,,,,0.0001290420004806947,17f19110eccc5c1e75cbe0f9e66d2bddd354b2c9
dv3-A-thomas-001389,3,A,thomas,1389,,,,3:1:1:1389,,test,2,345.3294576267999,0.2089934838488083,0.2721673494298915,,,,,,,,,1652.345572059179,0.014646006095991518,,,,,,,,0.5545665812640268,0.4531883635488491,,1,339,1,exact,0.054468738117076844,1998,,,,,,0.00016945799870882183,b8e2b80cada1de84d1c091e4d3b23dfe38cf3edc
dv3-A-thomas-001390,3,A,thomas,1390,,,,3:1:1:1390,,test,2,195.0472822064645,1.5269506758447413,0.39426584435649703,,,,,,,,,127.73646542221165,0.02823054118444454,,,,,,,,1.9272459858341202,0.6564956934819695,,1,192,1,exact,0.10498984805828478,188,,,,,,8.82499989529606e-05,c74e2e8839198cfd1e278729f2b25a0564bffef9
dv3-A-thomas-001391,3,A,thomas,1391,,,,3:1:1:1391,,test,2,201.19453103751735,0.2636552906017648,0.3179507197828236,,,,,,,,,763.0968852485854,0.022415670125726924,,,,,,,,0.4478140879800907,0.5294226757521976,,1,164,1,exact,0.08336424673011483,1009,,,,,,9.800000043469481e-05,4aa5d683ba5af03876332ed34402abf739cc7abb
dv3-A-thomas-001392,3,A,thomas,1392,,,,3:1:1:1392,,test,2,394.575414600595,0.3967466315914578,0.2818386987473635,,,,,,,,,994.5274469447833,0.014188471568745175,,,,,,,,1.068669962865401,0.46929221648960545,,1,423,1,exact,0.052767159667582525,1216,,,,,,0.0010018329994636588,08c04d9890366644714ab4dd2be48666bb9eddd7
dv3-A-thomas-001393,3,A,thomas,1393,,,,3:1:1:1393,,test,2,182.4599795041361,18.014162984173378,0.35718283499710984,,,,,,,,,10.128695941323453,0.026442759138164483,,,,,,,,14.791689557635726,0.5947484326064457,,1,235,1,exact,0.09834105715576755,17,,,,,,0.00025041600019903854,71188ea3da205313078e98ee9d7997462fc72c8b
dv3-A-thomas-001394,3,A,thomas,1394,,,,3:1:1:1394,,test,2,733.3180909823627,0.41574253979982134,0.3938712484415434,,,,,,,,,1763.8755257892371,0.014544810925276137,,,,,,,,1.1359301198074534,0.6558386481848922,,1,764,1,exact,0.05409239160893784,2174,,,,,,0.00030183300259523094,dd5d5d154e39fea2b62de943304062a41920c95e
dv3-A-thomas-001395,3,A,thomas,1395,,,,3:1:1:1395,,test,2,144.64401264519196,0.26337837490939225,0.10632934884446282,,,,,,,,,549.1871255373665,0.008841031209077052,,,,,,,,0.9277007744606992,0.17704997936370587,,1,160,1,exact,0.03287994081498572,669,,,,,,0.0002242499977000989,6948306a15404f80da61a687fb20b7ef733346fb
dv3-A-thomas-001396,3,A,thomas,1396,,,,3:1:1:1396,,test,2,635.4884761068051,0.5270260514202537,0.126657357385786,,,,,,,,,1205.8008790917677,0.005024311796214684,,,,,,,,3.331571639735564,0.21089833385716925,,1,611,1,exact,0.01868549839819185,1260,,,,,,0.000352167000528425,b9b7320ece4198b5851cac7bff10b4612fb28598
dv3-A-thomas-001397,3,A,thomas,1397,,,,3:1:1:1397,,test,2,403.4119825791703,2.8529593712843986,0.5123884056068422,,,,,,,,,141.40123642824776,0.025510848106036182,,,,,,,,3.9656517053934133,0.8531826595834343,,1,425,1,exact,0.09487526466430439,190,,,,,,0.00013079199925414287,5b0e8e0b6d8210b27e7a7128b4b1f5859513b93f
dv3-A-thomas-001398,3,A,thomas,1398,,,,3:1:1:1398,,test,2,632.3298967632778,1.25427279412466,0.4042247378123891,,,,,,,,,504.14064605823825,0.016075001794454404,,,,,,,,2.947654458873776,0.6730783388194318,,1,620,1,exact,0.05978319667730557,688,,,,,,0.00012745799904223531,cbd263c143bfae4cd99d2f1861767c593a2a33ba
dv3-A-thomas-001399,3,A,thomas,1399,,,,3:1:1:1399,,test,2,197.72569693980654,0.23938919170788503,1.3683075057605174,,,,,,,,,825.9591651952339,0.09730880780454504,,,,,,,,0.08404131917758548,2.2783814468052137,,1,186,1,exact,0.36189306040514135,2477,,,,,,0.0001516660013294313,51c152b8f906567356c068c00cd4548e12095721
dv3-A-thomas-001400,3,A,thomas,1400,,,,3:1:1:1400,,test,2,259.7485064887186,3.8753724884114717,0.11286673592228953,,,,,,,,,67.02542975299656,0.007003085618382012,,,,,,,,9.923513423305302,0.18793544287684064,,1,289,1,exact,0.026044590863820292,83,,,,,,7.945800098241307e-05,495e97e65d37d1453d4a75d0ab51012fbf1b62f6
dv3-A-thomas-001401,3,A,thomas,1401,,,,3:1:1:1401,,test,2,182.81575288545193,5.924605220233565,1.3037050418479128,,,,,,,,,30.85703537867875,0.09642120116991312,,,,,,,,2.016370071791965,2.170811288360038,,1,170,1,exact,0.35859203669834544,88,,,,,,8.125000022118911e-05,8faa90213c30d9e3870a59c93527ad810e06b99c
dv3-A-thomas-001402,3,A,thomas,1402,,,,3:1:1:1402,,test,2,730.0756480037369,0.7620796009403054,0.4302673125478969,,,,,,,,,958.0044487517055,0.015924082636236136,,,,,,,,1.8706395110640512,0.7164420701843638,,1,737,1,exact,0.05922192583992074,1186,,,,,,0.0001339999980700668,08a9024cd050fed6aeba5bbc3ee7729fc6801dba
dv3-A-thomas-001403,3,A,thomas,1403,,,,3:1:1:1403,,test,2,122.88294275112477,0.9711220639183463,0.1010896434995524,,,,,,,,,126.53707223508927,0.009119286569096078,,,,,,,,2.5339102256805313,0.16832529767168028,,1,89,1,exact,0.033914777086062886,124,,,,,,8.120799975586124e-05,0ac01deb7c89ee9376ff529a499b75c85ab8d518
dv3-A-thomas-001404,3,A,thomas,1404,,,,3:1:1:1404,,test,2,243.48202723858066,25.034602086192777,1.323560176395861,,,,,,,,,9.725819743420935,0.08482233761735272,,,,,,,,8.94738029712597,2.20387225600614,,1,297,1,exact,0.3154556719338223,31,,,,,,8.345800233655609e-05,ad33aad2a8edcc75a358945063d20497aec023c8
dv3-A-thomas-001405,3,A,thomas,1405,,,,3:1:1:1405,,test,2,109.14146351282395,9.829190175933107,0.29234284647005104,,,,,,,,,11.103810340353183,0.02798321342002373,,,,,,,,7.831125970674815,0.4867827697352157,,1,102,1,exact,0.10407003202509289,12,,,,,,6.24999993306119e-05,13e8d5febc45621cfd3afdf0c07b84de8a67a2c8
dv3-A-thomas-001406,3,A,thomas,1406,,,,3:1:1:1406,,test,2,129.76469348442126,5.845030849963752,0.3275235042932276,,,,,,,,,22.200856901418405,0.028751744429936426,,,,,,,,5.429957362237577,0.5453624075237092,,2,180,1,exact,0.1069282115205421,38,,,,,,6.616600148845464e-05,79549e8f24e2bba643a2377292daeab255fbc650
dv3-A-thomas-001407,3,A,thomas,1407,,,,3:1:1:1407,,test,2,156.0053291310595,0.16037865392695685,0.20061652635091837,,,,,,,,,972.7312538868848,0.016061902649920554,,,,,,,,0.36456352120309,0.3340484281757937,,1,149,1,exact,0.05973448074283882,1216,,,,,,8.99580008990597e-05,919c9b682b82fc5bda6216d305658eb7ac782b04
dv3-A-thomas-001408,3,A,thomas,1408,,,,3:1:1:1408,,test,2,663.2412821160873,0.21169986867354065,0.19302202869792617,,,,,,,,,3132.9319487621515,0.007494990742162633,,,,,,,,1.0791299222014559,0.3214027600949438,,1,627,1,exact,0.02787399412844054,3450,,,,,,0.0001624590004212223,6234ea804bf1ab8102aa3b919acf4807e01749cf
dv3-A-thomas-001409,3,A,thomas,1409,,,,3:1:1:1409,,test,2,127.34008861041484,0.8821992869701196,0.14462957721100844,,,,,,,,,144.34390334610177,0.012816650534717889,,,,,,,,1.9683145967049478,0.24082404283362668,,1,133,1,exact,0.04766533462694019,162,,,,,,6.554100036737509e-05,a32a43047810ef38e4762518a0948d138bc22d1f
dv3-A-thomas-001410,3,A,thomas,1410,,,,3:1:1:1410,,test,2,305.3253925503223,0.9725235769660092,0.9865767095160868,,,,,,,,,313.9516612058381,0.05646110801082658,,,,,,,,0.6360447058150627,1.642757977536813,,1,311,1,exact,0.20997979147935783,642,,,,,,0.00012916600098833442,61730a590f6a95a93b045e6ae73de89b1ad88b35
dv3-A-thomas-001411,3,A,thomas,1411,,,,3:1:1:1411,,test,2,252.39750818801303,3.0031909890328476,1.1708964898561407,,,,,,,,,84.0431091827748,0.073701439873638,,,,,,,,1.428660476590831,1.9496705436361847,,1,247,1,exact,0.27409686989188037,186,,,,,,8.254199929069728e-05,8b5c48fe6e6dfcf52943447d872792f16d9c4fe4
dv3-A-thomas-001412,3,A,thomas,1412,,,,3:1:1:1412,,test,2,635.4363367157707,0.34137391243862153,0.1704510562288456,,,,,,,,,1861.4086008403501,0.006761821061665657,,,,,,,,1.8293650172897244,0.2838196256800508,,1,658,1,exact,0.02514732400003601,2082,,,,,,0.00013945800310466439,8aef5bad25d2210cd3bc9da356e52e149f433706
dv3-A-thomas-001413,3,A,thomas,1413,,,,3:1:1:1413,,test,2,372.0082513115085,4.324670713130035,0.11420462053341517,,,,,,,,,86.02001770494633,0.00592116807222122,,,,,,,,12.581837461036237,0.19016316688121976,,1,307,1,exact,0.02202092167374455,83,,,,,,7.179200110840611e-05,369f1638215f02d9cb35d18e944d853aa379db77
dv3-A-thomas-001414,3,A,thomas,1414,,,,3:1:1:1414,,test,2,213.0872777371645,0.19730855573723943,1.312655714813988,,,,,,,,,1079.9697810415173,0.0899232662174341,,,,,,,,0.07628466691152218,2.185715136461779,,1,219,1,exact,0.3344261094886573,3070,,,,,,0.000525125000422122,f56d961744f7621f3f4e45d5f27479d071400124
dv3-A-thomas-001415,3,A,thomas,1415,,,,3:1:1:1415,,test,2,232.39639179852878,3.043136940047423,0.3002756966002787,,,,,,,,,76.36737891752817,0.019697245266837908,,,,,,,,4.776548192758668,0.4999918316463037,,1,216,1,exact,0.07325437986543405,100,,,,,,0.00027112500174553134,05877a83f2244844981d273a28282898ff1ec4a7
dv3-A-thomas-001416,3,A,thomas,1416,,,,3:1:1:1416,,test,2,703.0997419685623,11.108296574904983,0.1637281829404363,,,,,,,,,63.29500992590994,0.00617468735572484,,,,,,,,28.833525042063577,0.2726253073670627,,1,751,1,exact,0.022963764068475424,72,,,,,,0.00024033299996517599,bfd471bcb3c3e518f449b24e9f73d376d3425748
dv3-A-thomas-001417,3,A,thomas,1417,,,,3:1:1:1417,,test,2,285.8436318451715,8.778418968395258,1.1714145439258625,,,,,,,,,32.56208582368737,0.06928613746992879,,,,,,,,4.296848190106148,1.9505331602453364,,1,249,1,exact,0.25767628746421367,81,,,,,,0.0001685840034042485,f00770b997b8ec9e9a06958a8dfca7ed04978e4e
dv3-A-thomas-001418,3,A,thomas,1418,,,,3:1:1:1418,,test,2,105.40818053040081,1.1484393873848642,0.23120973556048183,,,,,,,,,91.78384309025488,0.022520029677953402,,,,,,,,1.626767629593133,0.3849894629708621,,1,116,1,exact,0.08375236162525988,131,,,,,,0.0001270829998247791,61bf3d94df93223715cbe2aa60a839b1cdc58c13
dv3-A-thomas-001419,3,A,thomas,1419,,,,3:1:1:1419,,test,2,606.3213233965675,13.205716598909389,1.1679561146795183,,,,,,,,,45.913549549188524,0.047432400429421324,,,,,,,,9.488710539022684,1.9447744978125234,,1,564,1,exact,0.176401879141753,88,,,,,,0.00038087500070105307,c735890d964e36354d22b8bf199030ce9d4b5ef5
dv3-A-thomas-001420,3,A,thomas,1420,,,,3:1:1:1420,,test,2,407.43597738607866,0.13817189664427224,0.3080570167206309,,,,,,,,,2948.7615591977797,0.015261647472965798,,,,,,,,0.35987040273751514,0.5129485795404904,,1,397,1,exact,0.05675831854717283,3566,,,,,,0.0005477500017150305,b6adec2366407e00223ffb2b9637b8fb04d0bd82
dv3-A-thomas-001421,3,A,thomas,1421,,,,3:1:1:1421,,test,2,145.05598647287857,4.710766879727328,0.5447010993095989,,,,,,,,,30.792435749075914,0.04522623377956796,,,,,,,,3.301120878499961,0.9069868238657471,,1,160,1,exact,0.16819710900128582,58,,,,,,0.00014200000077835284,f3068d2f5ab5e353b5a1e638421d5161009fff2b
dv3-A-thomas-001422,3,A,thomas,1422,,,,3:1:1:1422,,test,2,102.5999918214434,0.3740866392113451,0.16664353221831743,,,,,,,,,274.26799320538737,0.016451852204935398,,,,,,,,0.7604596167779947,0.27747968233593306,,1,110,1,exact,0.06118470956643513,378,,,,,,0.0001917080007842742,578e3c221682b5465c4f5c6e7faaee0aba0464f1
dv3-A-thomas-001423,3,A,thomas,1423,,,,3:1:1:1423,,test,2,530.1727717133322,1.3538538637344053,0.10252521587731589,,,,,,,,,391.60265809703355,0.004452685102313822,,,,,,,,7.156975363559117,0.17071568247719549,,1,571,1,exact,0.016559609300048017,445,,,,,,0.0001961250018212013,8482e49bdf52c295a8865308d7a8fe4182b25c2f
dv3-A-thomas-001424,3,A,thomas,1424,,,,3:1:1:1424,,test,2,115.31679292854933,0.9271507172652589,0.23495903107672444,,,,,,,,,124.37761281001853,0.02187992679955674,,,,,,,,1.3887609283229594,0.3912324495121435,,1,100,1,exact,0.08137180846811506,165,,,,,,0.00013549999857787043,d99a58879c2a9eb99931ad29659869e39f99a35b
dv3-A-thomas-001425,3,A,thomas,1425,,,,3:1:1:1425,,test,2,102.62137139306707,0.2103019867614307,0.1657842135315142,,,,,,,,,487.97147841252723,0.016365311129097015,,,,,,,,0.4492350055054971,0.2760488228656291,,2,98,1,exact,0.06086286187872311,625,,,,,,0.0001826249972509686,ff6beb8eb4ed39e15c7a01c4540362fda209de07
dv3-A-thomas-001426,3,A,thomas,1426,,,,3:1:1:1426,,test,2,192.68784639843608,4.170124007489974,0.4682510696810024,,,,,,,,,46.20674254586884,0.033732739830109174,,,,,,,,4.08410891302875,0.7796891744848858,,1,178,1,exact,0.12545261552776346,66,,,,,,0.00015279099898179993,c37bcafc34521cc2a42ffff6a850df7d07cad5fc
dv3-A-thomas-001427,3,A,thomas,1427,,,,3:1:1:1427,,test,2,508.9674589918932,7.844973053117458,0.16429277994512612,,,,,,,,,64.87816536089161,0.007282382230261122,,,,,,,,19.672718041421653,0.2735654230464633,,1,524,1,exact,0.027083299567730618,75,,,,,,0.00015441700088558719,b172d10f14265fc316647848e2b34ccba85d57e1
dv3-A-thomas-001428,3,A,thomas,1428,,,,3:1:1:1428,,test,2,284.17054198291424,0.12302080160524115,0.18881973382522632,,,,,,,,,2309.9389556473798,0.01120102723708522,,,,,,,,0.43321328237674694,0.31440548014752256,,1,276,1,exact,0.04165680494875802,2685,,,,,,0.00028758400003425777,79cbff202b61dde4ba98817422dd4829f6550f6d
dv3-A-thomas-001429,3,A,thomas,1429,,,,3:1:1:1429,,test,2,398.5193530795422,0.26957916896378026,0.18149702016405292,,,,,,,,,1478.3017345568192,0.009091693594006833,,,,,,,,1.1155885211626444,0.3022123620979278,,1,346,1,exact,0.03381215835682322,1650,,,,,,0.00014362499859998934,f08570077d8061c1a1fdd404040f124476fa4540
dv3-A-thomas-001430,3,A,thomas,1430,,,,3:1:1:1430,,test,2,151.41279186259024,20.25537055460526,0.603900574022148,,,,,,,,,7.475192391785942,0.0490776951604269,,,,,,,,10.516203291664855,1.0055604151658397,,1,87,1,exact,0.1825207573697961,7,,,,,,7.333300163736567e-05,4e7e3fb99c76b05f1a347dd9c7ebb120fafcca51
dv3-A-thomas-001431,3,A,thomas,1431,,,,3:1:1:1431,,test,2,349.92564798651426,20.113863268155512,1.4531502313067395,,,,,,,,,17.39723708575271,0.07768239874307083,,,,,,,,8.052862392144315,2.4196538515586017,,1,319,1,exact,0.28890212155522205,36,,,,,,0.00026795800295076333,12fb47a43d9e9c3688c2cecd118278317f5d3a37
dv3-A-thomas-001432,3,A,thomas,1432,,,,3:1:1:1432,,test,2,330.17301106913067,0.3929919032577223,0.39416770103342547,,,,,,,,,840.1521973662767,0.021692532119540787,,,,,,,,0.697045806824468,0.6563322741296144,,1,310,1,exact,0.08067488456384904,1149,,,,,,0.00022825000269222073,cb0b3ff80795cfa15a277d7c18ad1f3f1298148c
dv3-A-thomas-001433,3,A,thomas,1433,,,,3:1:1:1433,,test,2,223.99484853468667,6.993939969232873,0.3243214219109589,,,,,,,,,32.02699044030477,0.021669885678936567,,,,,,,,8.670995353537599,0.54003059061838,,1,221,1,exact,0.08059066207790505,45,,,,,,0.0001349159974779468,19629a590edcbdaf621731ca8c1524968480d68d
dv3-A-thomas-001434,3,A,thomas,1434,,,,3:1:1:1434,,test,2,387.48305236478234,0.3057707184991625,0.1127951323675299,,,,,,,,,1267.2340054884742,0.005730123761509393,,,,,,,,1.7761070576516949,0.1878162151374598,,1,410,1,exact,0.021310424732754747,1388,,,,,,0.0002148749990737997,4225bca50e04e54a5f65a3d7bdf54911bc2ac904
dv3-A-thomas-001435,3,A,thomas,1435,,,,3:1:1:1435,,test,2,386.4934589198211,3.7100842886809797,0.9875832325679665,,,,,,,,,104.17376772246551,0.05023456358294643,,,,,,,,2.625895063221403,1.644433948352971,,1,438,1,exact,0.18682317010464936,219,,,,,,0.00012087499999324791,57d9070a36ac44e9ad8d4dd45ac2a2f456d2624b
dv3-A-thomas-001436,3,A,thomas,1436,,,,3:1:1:1436,,test,2,420.8526055323211,1.3260853306995475,0.15141576852966257,,,,,,,,,317.364649008152,0.007380845169385677,,,,,,,,5.192388345480261,0.25212379258271433,,1,413,1,exact,0.027449484861541258,343,,,,,,0.0001580419993842952,3be7abb7c6414b6927276ac66988e6d42c66af0b
dv3-A-thomas-001437,3,A,thomas,1437,,,,3:1:1:1437,,test,2,111.34026732441981,21.66287839288431,0.3243828554160194,,,,,,,,,5.139680208009301,0.030741974823640324,,,,,,,,13.163767944219693,0.5401328841142155,,1,115,1,exact,0.11432991116458185,10,,,,,,0.00018591700063552707,51b4f274642765093d8725ff0554210b5aa1fa3a
dv3-A-thomas-001438,3,A,thomas,1438,,,,3:1:1:1438,,test,2,609.7661422858992,0.8427555631492345,0.17782158486057495,,,,,,,,,723.5385548892808,0.007201166020471177,,,,,,,,3.8461501944278575,0.29609236087808305,,1,604,1,exact,0.026781255144635585,803,,,,,,0.00021887500042794272,50fda742361ad36423ff3987efdd32d397d061a8
dv3-A-thomas-001439,3,A,thomas,1439,,,,3:1:1:1439,,test,2,724.5734423159516,0.363710619222674,0.22040186598356348,,,,,,,,,1992.1701595199977,0.00818792886832213,,,,,,,,1.683965920364031,0.36699317966475337,,1,716,1,exact,0.030451042443028476,2261,,,,,,0.00026583300132188015,2a3f597df091f09a0bfb92767f170127c4299fe0
dv3-A-thomas-001440,3,A,thomas,1440,,,,3:1:1:1440,,test,2,146.7849773198995,0.3977146401954592,0.1402026592349425,,,,,,,,,369.071093907333,0.01157218707955922,,,,,,,,1.0994995073003297,0.23345274088524548,,1,157,1,exact,0.04303715452165796,428,,,,,,0.00013775000115856528,7073b8c64591e98cbba5cea019490fbdcb9103c1
dv3-A-thomas-001441,3,A,thomas,1441,,,,3:1:1:1441,,test,2,357.35273743734723,14.393978671916503,0.12337561269184663,,,,,,,,,24.8265434861706,0.006526506363206829,,,,,,,,25.613108440230864,0.20543387050200618,,1,394,1,exact,0.024272184757197595,36,,,,,,0.00013454200234264135,6ed718f9180b40e3cde9fdfa71084cba54e2fd50
dv3-A-thomas-001442,3,A,thomas,1442,,,,3:1:1:1442,,test,2,115.75020669279674,12.343751845668782,0.5832506117583826,,,,,,,,,9.377230532499045,0.05421186090855229,,,,,,,,6.39309270029249,0.971175972559979,,2,92,1,exact,0.20161480442613633,14,,,,,,0.00011800000356743112,3bdd67b376a6763949dd1025355c9db9e097c391
dv3-A-thomas-001443,3,A,thomas,1443,,,,3:1:1:1443,,test,2,141.58705368200128,0.7880151696127937,0.11743116930561431,,,,,,,,,179.67554324058608,0.009868965098013925,,,,,,,,2.138856905662309,0.19553572299805896,,2,120,1,exact,0.03670284389390052,196,,,,,,0.00012304100164328702,7c597318f455c222b13d91a749a0d21115b3cfe7
dv3-A-thomas-001444,3,A,thomas,1444,,,,3:1:1:1444,,test,2,484.74652751727444,1.6291808642912273,1.13375859578749,,,,,,,,,297.5400326274779,0.05149478383631894,,,,,,,,1.1600561393695994,1.8878318937251022,,1,505,1,exact,0.19150995000224685,577,,,,,,0.00021787499645142816,cf73513952f2c66342d93eb8a5a1d5677478aa61
dv3-A-thomas-001445,3,A,thomas,1445,,,,3:1:1:1445,,test,2,186.17169632047793,0.33446308667522145,0.26288421058840933,,,,,,,,,556.6285301351026,0.019266715047100594,,,,,,,,0.6419718279118912,0.4377309234518629,,1,165,1,exact,0.07165323088074413,746,,,,,,0.00015466699915123172,2cc2913de1db2566987560b28e17e0703b9e8a7f
dv3-A-thomas-001446,3,A,thomas,1446,,,,3:1:1:1446,,test,2,236.10369521796866,0.6607839848100459,0.5980257431012689,,,,,,,,,357.30844064848344,0.03891961067936365,,,,,,,,0.6472487736249515,0.9957781800199402,,1,216,1,exact,0.14474267372407038,584,,,,,,0.00015908400018815883,262a116cd0a4d77462fb172e7fe8368f724e3d7c
dv3-A-thomas-001447,3,A,thomas,1447,,,,3:1:1:1447,,test,2,347.3048624553176,11.485993825226288,0.24197958346760662,,,,,,,,,30.2372496224527,0.012984442065404844,,,,,,,,17.954261205912363,0.4029224360439498,,1,227,1,exact,0.04828935409568482,23,,,,,,0.00012712499665212817,7113d81ecae1aa0beade6eb9e577af538fdfcae6
dv3-A-thomas-001448,3,A,thomas,1448,,,,3:1:1:1448,,test,2,383.3374583470753,0.11273572337708976,0.39739048957273226,,,,,,,,,3400.319320831869,0.02029676576511777,,,,,,,,0.21887017769650058,0.6616985690479864,,1,359,1,exact,0.07548400648190547,4474,,,,,,0.0003354170003149193,5c36cb5a7c8853022cd6d1c0ce0ed7cac6acd64f
dv3-A-thomas-001449,3,A,thomas,1449,,,,3:1:1:1449,,test,2,133.77656905133048,13.648381139050905,0.6439057845071302,,,,,,,,,9.80164370326437,0.05567142011954628,,,,,,,,6.892273251052966,1.072173460085052,,1,126,1,exact,0.20704292919332168,24,,,,,,0.00012566700024763122,92afb66e67fd1b34b17496e8ba3d53202486d248
dv3-A-thomas-001450,3,A,thomas,1450,,,,3:1:1:1450,,test,2,177.9838210164573,1.036743844274539,1.1547856502657738,,,,,,,,,171.67579243357014,0.08655877777725927,,,,,,,,0.41972877262009317,1.9228442360550209,,1,186,1,exact,0.321913521514522,474,,,,,,0.00016066700118244626,05289e649dd9f954bb47c71a8e2a96d06e7d05b0
dv3-A-thomas-001451,3,A,thomas,1451,,,,3:1:1:1451,,test,2,165.75689960072106,0.45428252955673254,0.3582355008676125,,,,,,,,,364.87623629827635,0.027824848889666916,,,,,,,,0.6043371362409178,0.5965012362554364,,1,181,1,exact,0.10348107172598445,539,,,,,,0.0001471659998060204,3652615cbdf08bc88ba09d787b75a5b7f7a5bf7a
dv3-A-thomas-001452,3,A,thomas,1452,,,,3:1:1:1452,,test,2,289.216184165844,0.2098158931551551,0.4337247586634252,,,,,,,,,1378.4283917518767,0.02550368396644966,,,,,,,,0.3227943601471432,0.7221990955969885,,1,291,1,exact,0.094848621111078,1971,,,,,,0.0002339589991606772,2625aaa9b15fc76e3461ba32c9d7d29fec9b920f
dv3-A-thomas-001453,3,A,thomas,1453,,,,3:1:1:1453,,test,2,413.63403528693976,3.0297937458048256,1.2837707366284583,,,,,,,,,136.5221760919119,0.06312179469531996,,,,,,,,1.6868856769434006,2.1376184928986746,,1,445,1,exact,0.23475099506344385,316,,,,,,0.00019966599938925356,3c7f18a7eb7e3b49759adb7531ae8835f6d0cdb8
dv3-A-thomas-001454,3,A,thomas,1454,,,,3:1:1:1454,,test,2,517.7724584823492,0.5907337191428746,0.28070841398350915,,,,,,,,,876.4904418078781,0.012336329411305167,,,,,,,,1.8135277420944333,0.467410168905469,,1,500,1,exact,0.04587901245065568,1009,,,,,,0.00020466700152610429,7c47ea9be15bb9bf4efcd00702370e2c38415c44
dv3-A-thomas-001455,3,A,thomas,1455,,,,3:1:1:1455,,test,2,169.2042344313561,22.513693982182975,0.11292911413853123,,,,,,,,,7.51561403318629,0.008681610707514175,,,,,,,,22.445059121582062,0.18803930941997624,,1,139,1,exact,0.03228705334155377,7,,,,,,0.00012133400014135987,b2702b5e3c25d4dfcd8f215ddf7bef1eb7414905
dv3-A-thomas-001456,3,A,thomas,1456,,,,3:1:1:1456,,test,2,159.3878599373618,0.947797947186134,0.14909225391594824,,,,,,,,,168.16649625646457,0.011809389872277703,,,,,,,,2.3163709619104442,0.24825488697123405,,1,185,1,exact,0.04391931561817413,222,,,,,,0.00013962499724584632,2c864345895db47a50421874c6c64684b20ed79c
dv3-A-thomas-001457,3,A,thomas,1457,,,,3:1:1:1457,,test,2,196.95394176447104,13.385087202536424,0.23835542260904363,,,,,,,,,14.714430977121241,0.016984106251886316,,,,,,,,14.776101377498087,0.39688781237520204,,1,201,1,exact,0.0631641711414961,19,,,,,,0.0001294169996981509,3a5e139533c429b7c3b7d97774e993cc9ed3410c
dv3-A-thomas-001458,3,A,thomas,1458,,,,3:1:1:1458,,test,2,655.9365040016484,1.2637914680206415,0.6899459141473826,,,,,,,,,519.0227348416748,0.02693916601661099,,,,,,,,1.801078749340362,1.1488353045456328,,1,633,1,exact,0.1001872025202037,731,,,,,,0.00023579199842060916,c1af67e48add29d63ffe361a4c871cabaa72de8d
dv3-A-thomas-001459,3,A,thomas,1459,,,,3:1:1:1459,,test,2,244.00594438006374,1.0166197183403967,0.9517392253810913,,,,,,,,,240.01693059662136,0.06092811829638402,,,,,,,,0.6141096776254547,1.584749761421366,,1,255,1,exact,0.22659267637204603,521,,,,,,0.00017287499940721318,4544afc3e7a76fdd9b8dcb9205eae5710acbe875
dv3-A-thomas-001460,3,A,thomas,1460,,,,3:1:1:1460,,test,2,442.4225938158859,11.897111324392284,0.6965573958297813,,,,,,,,,37.18739631433055,0.03311602936273809,,,,,,,,11.3388151021376,1.1598441436681641,,1,392,1,exact,0.12315905913285732,51,,,,,,0.0001482500010752119,cdca11b273ecdbb7b871a4f9e3b3594bfa124d51
dv3-A-thomas-001461,3,A,thomas,1461,,,,3:1:1:1461,,test,2,664.0483767880188,2.5365515133712524,0.23990865951269616,,,,,,,,,261.79179617978764,0.009309922471602882,,,,,,,,8.195305085369974,0.3994741214679145,,1,674,1,exact,0.03462375515020541,297,,,,,,0.00018529199951444753,bd053eea1f837dc53bfebd1393ddf743c9da5f48
dv3-A-thomas-001462,3,A,thomas,1462,,,,3:1:1:1462,,test,2,616.6236248549023,10.161166490656816,0.618592474147421,,,,,,,,,60.68433436474909,0.024911194469156402,,,,,,,,13.126442897988502,1.0300240335577686,,1,602,1,exact,0.09264514290318503,76,,,,,,0.00017545800074003637,1a074ccab8aa745811a6fcc12b4cb940dc5401ee
dv3-A-thomas-001463,3,A,thomas,1463,,,,3:1:1:1463,,test,2,141.20734729414477,7.0029777016316235,0.580636951497863,,,,,,,,,20.1639007448567,0.048862538254655655,,,,,,,,4.374704628174863,0.9668239427561885,,1,151,1,exact,0.1817205852902732,40,,,,,,0.00019808300203294493,8a52c9b9114c140e0a766ed99447bb3cf21a342b
dv3-A-thomas-001464,3,A,thomas,1464,,,,3:1:1:1464,,test,2,196.70145455217707,0.12332193314882867,0.24925562738884946,,,,,,,,,1595.0240928739884,0.01777219977136768,,,,,,,,0.2656954296130839,0.4150378438791831,,1,195,1,exact,0.06609510393252808,2112,,,,,,0.00022537499899044633,26f6fc9632bf611a4a66e3999fb4c3ec8c292f01
dv3-A-thomas-001465,3,A,thomas,1465,,,,3:1:1:1465,,test,2,135.51321313979392,0.8577000781852844,0.68755750036225,,,,,,,,,157.99603682736253,0.0590633672165501,,,,,,,,0.5131021953851649,1.1448583347253034,,1,151,1,exact,0.21965763636487243,326,,,,,,0.00015491699741687626,f48e80e7875d10d5cefc2f893322dfa550fd7a12
dv3-A-thomas-001466,3,A,thomas,1466,,,,3:1:1:1466,,test,2,599.3081871890422,3.9671645928297212,0.32830166667248095,,,,,,,,,151.0671345152242,0.013410592997468215,,,,,,,,9.33502413470299,0.5466581328778629,,1,653,1,exact,0.0498742164373208,195,,,,,,0.00017454200133215636,0ae26001dc923087be154f8638e6a0ae44f3efa5
dv3-A-thomas-001467,3,A,thomas,1467,,,,3:1:1:1467,,test,2,415.7512785071663,14.979552948882631,0.563991859757178,,,,,,,,,27.754585195293057,0.027660246049993314,,,,,,,,15.48020057196537,0.9391080469924883,,1,424,1,exact,0.1028689110516855,44,,,,,,0.00015529200027231127,ed25d46c307551deb8df0acda6ac050caa628b40
dv3-A-thomas-001468,3,A,thomas,1468,,,,3:1:1:1468,,test,2,152.75953224602915,0.3744250821038666,0.5795342839576313,,,,,,,,,407.9842391639063,0.04688943212025455,,,,,,,,0.28919276764891166,0.964987880865801,,1,146,1,exact,0.17438257104888177,680,,,,,,0.00016429199968115427,3454ddb9578df6f85aed030cb05c98d6858b791a
dv3-A-thomas-001469,3,A,thomas,1469,,,,3:1:1:1469,,test,2,108.65834058238704,0.4474217993497341,0.1412318848670531,,,,,,,,,242.85437307772435,0.013548812138063535,,,,,,,,1.0429036274768386,0.23516651397711624,,1,111,1,exact,0.05038825569980031,281,,,,,,0.00013845799912814982,47adf27f63c7dabcef3602d21cfd9a02a83c8e41
dv3-A-thomas-001470,3,A,thomas,1470,,,,3:1:1:1470,,test,2,350.809613047667,6.047079256853118,0.5180555059529576,,,,,,,,,58.01306682893177,0.027659259633666163,,,,,,,,7.134570201931383,0.8626190006335379,,1,337,1,exact,0.10286524255310331,82,,,,,,0.00016737500118324533,e39d0e68862d8d74e4fab06bbf169623fa28116c
dv3-A-thomas-001471,3,A,thomas,1471,,,,3:1:1:1471,,test,2,133.24243575619502,0.9101971601037306,0.5202967430652067,,,,,,,,,146.38854261093283,0.045074386641569875,,,,,,,,0.7200722673112203,0.8663509052185394,,1,130,1,exact,0.16763238699180166,265,,,,,,0.00014533299690810964,3aa5db89fd3db8f5954e5e8f750bd42ef3322b67
dv3-A-thomas-001472,3,A,thomas,1472,,,,3:1:1:1472,,test,2,591.8268893219174,1.0487819484089569,0.8486111140000645,,,,,,,,,564.2992713783278,0.034882802469065013,,,,,,,,1.1506454403622537,1.4130301920808488,,1,585,1,exact,0.1297297174413469,875,,,,,,0.00022462500055553392,07fe1570d9ee72c1008612d312770fae68f773fc
dv3-A-thomas-001473,3,A,thomas,1473,,,,3:1:1:1473,,test,2,122.5280694976425,10.085439374713077,0.8244600470310616,,,,,,,,,12.149006597060461,0.0744820839349567,,,,,,,,4.176194826452432,1.3728160277420052,,1,99,1,exact,0.27700009802519765,26,,,,,,0.00013749999925494194,38a78e50fdc86408b615080989d68a8a7e22a987
dv3-A-thomas-001474,3,A,thomas,1474,,,,3:1:1:1474,,test,2,311.9230524471817,1.072641480669241,0.5008244602458943,,,,,,,,,290.79898369450257,0.02835709874920461,,,,,,,,1.4203227000186094,0.8339274275165688,,1,320,1,exact,0.10546051772798659,440,,,,,,0.00017174999811686575,fbbe4118d3ee7935c00eed3f70b07e45cc273612
dv3-A-thomas-001475,3,A,thomas,1475,,,,3:1:1:1475,,test,2,748.0109680357059,14.455000754513685,1.118041710407252,,,,,,,,,51.747556485054744,0.040879353883300946,,,,,,,,12.032760465136134,1.8616615629323938,,1,698,1,exact,0.15203099100677292,81,,,,,,0.00018683300004340708,b74b5900cbcef753b0ffd3b8d280ebf45b1848e4
dv3-A-thomas-001476,3,A,thomas,1476,,,,3:1:1:1476,,test,2,704.9775845384089,10.724211880071472,0.3714822234692453,,,,,,,,,65.73700635740428,0.013991052367157936,,,,,,,,20.554646382603206,0.6185584762248689,,1,645,1,exact,0.05203295440233409,82,,,,,,0.00016591600069659762,0ef7078161c6af364c5f57e9158bd1fd8b00bcd2
dv3-A-thomas-001477,3,A,thomas,1477,,,,3:1:1:1477,,test,2,430.83210174574884,1.2902220416248111,1.2295861376180535,,,,,,,,,333.9208972148627,0.05923861968374584,,,,,,,,0.7837799895156818,2.0473952173789876,,1,455,1,exact,0.22030940317949013,668,,,,,,0.00019887500093318522,64b8fa9de1c792a1cc0e66440626e4288d8c162c
dv3-A-thomas-001478,3,A,thomas,1478,,,,3:1:1:1478,,test,2,103.86258999103953,6.350890677336908,0.4947323449000802,,,,,,,,,16.354019501811326,0.048544578068853816,,,,,,,,3.9386038136819623,0.8237833900708446,,1,145,1,exact,0.18053808611755762,34,,,,,,0.00012229200001456775,ab4e0f7b0de902a23bcc73b5277e248b803d8f0b
dv3-A-thomas-001479,3,A,thomas,1479,,,,3:1:1:1479,,test,2,461.4952608174346,0.12209840257753948,1.2875252718868728,,,,,,,,,3779.699415185704,0.05993384487988601,,,,,,,,0.0738523501464685,2.143870204182969,,1,463,1,exact,0.2228949571450396,7848,,,,,,0.0005032909975852817,9289fabc21a3a4793a191c8b5c758641f82264bc
dv3-A-thomas-001480,3,A,thomas,1480,,,,3:1:1:1480,,test,2,103.11710192351435,0.22154702775744553,0.13392746085864268,,,,,,,,,465.4411434325771,0.013188769728650062,,,,,,,,0.5645591606333812,0.22300385019701008,,2,108,1,exact,0.04904925204372842,585,,,,,,0.00014725000073667616,7e35ed75b83d959f84f211db75fde59fb07a42af
dv3-A-thomas-001481,3,A,thomas,1481,,,,3:1:1:1481,,test,2,151.36476803391673,2.0762283736668086,0.1011858460780518,,,,,,,,,72.90371808501622,0.008224459524117175,,,,,,,,4.801830338939937,0.16848548547235012,,1,140,1,exact,0.030586900554154754,75,,,,,,0.00012445799802662805,699e08d7fc21eb5f50f53eb7f86edca1a69bd5e7
dv3-A-thomas-001482,3,A,thomas,1482,,,,3:1:1:1482,,test,2,384.3447063445757,14.739313342366476,0.6434437491311306,,,,,,,,,26.07616090498739,0.03282087342630265,,,,,,,,13.343159454616766,1.0714041207194391,,1,384,1,exact,0.12206136933947383,35,,,,,,0.00014066699804970995,0d6f20344918470a379760ce8a8b138b3aed41f9
dv3-A-thomas-001483,3,A,thomas,1483,,,,3:1:1:1483,,test,2,342.2611302239798,0.17621888148072032,1.0909241373820098,,,,,,,,,1942.250043514354,0.058967913458562324,,,,,,,,0.10972674461511575,1.816507842001252,,1,337,1,exact,0.21930264226531718,3922,,,,,,0.0003157089995511342,ce1d0e0701dc00aa6a8d7243352ee18984d3b2d3
dv3-A-thomas-001484,3,A,thomas,1484,,,,3:1:1:1484,,test,2,444.81250692633427,0.30814049322778825,0.3637536442346508,,,,,,,,,1443.537985763894,0.017247210265069743,,,,,,,,0.701332092098868,0.6056895476659504,,1,477,1,exact,0.06414265930391481,1877,,,,,,0.00022829099907539785,a90f353abd611bd44a0be95aeef9e1d5e7adb94d
dv3-A-thomas-001485,3,A,thomas,1485,,,,3:1:1:1485,,test,2,304.6695364208051,3.5695814663354946,0.2410145055079953,,,,,,,,,85.35161314964373,0.013807932826109847,,,,,,,,7.177245193223477,0.40131547583314764,,1,249,1,exact,0.05135192981036717,101,,,,,,0.0001345410018984694,b7106445f7179763bad1186c206a2030b6917561
dv3-A-thomas-001486,3,A,thomas,1486,,,,3:1:1:1486,,test,2,794.5970238126988,8.214080607598053,0.3465302202183649,,,,,,,,,96.73596617467983,0.012293276433961827,,,,,,,,18.45275979476578,0.5770106654965842,,1,899,1,exact,0.04571889771816785,117,,,,,,0.00017770900012692437,a7e728599df7dd864f79c0135f6ae7c1ee0dbaab
dv3-A-thomas-001487,3,A,thomas,1487,,,,3:1:1:1487,,test,2,122.18861679429477,22.043961859021536,0.3016426027723447,,,,,,,,,5.542951742328879,0.02728835179499054,,,,,,,,14.272170471237018,0.5022678797194506,,1,133,1,exact,0.10148583018648392,8,,,,,,0.0001184169996122364,47d14c8af93a5d8dafdb3fc9494bcfcd44e44f6a
dv3-A-thomas-001488,3,A,thomas,1488,,,,3:1:1:1488,,test,2,283.6940940031768,3.3363412987184695,0.4605728698289473,,,,,,,,,85.03149666137193,0.027344702628208015,,,,,,,,4.2104678232182104,0.7669041331004482,,1,288,1,exact,0.10169539986418888,134,,,,,,0.00014062500122236088,bdaf3af125bdc6e4b41b0e53102d6ed7d3ac11c4
dv3-A-thomas-001489,3,A,thomas,1489,,,,3:1:1:1489,,test,2,378.17214035682684,0.7519687735345593,0.9574024612960401,,,,,,,,,502.9093676048061,0.04923226015855801,,,,,,,,0.5626608658205918,1.5941796677714948,,1,397,1,exact,0.1830955871459201,941,,,,,,0.00020275000133551657,57e4c76b4a77b3df84d35b8a64312de1559ba801
dv3-A-thomas-001490,3,A,thomas,1490,,,,3:1:1:1490,,test,2,200.39417727588952,0.1622957322885052,0.606691420463917,,,,,,,,,1234.7470537281818,0.0428573490558845,,,,,,,,0.14662968922526268,1.0102074793140954,,1,174,1,exact,0.1593871876617629,2141,,,,,,0.0002157079979951959,cbf6030ca33262133000eabfe6580332345cce96
dv3-A-thomas-001491,3,A,thomas,1491,,,,3:1:1:1491,,test,2,321.0456631897621,2.5694385534442556,0.13653945769075845,,,,,,,,,124.94778781901982,0.007620347384788497,,,,,,,,7.72090273966673,0.22735311021082463,,1,319,1,exact,0.0283401975489275,155,,,,,,0.0001389579992974177,03d47137a7de37bbf369c8dfa7c354b3715563ac
dv3-A-thomas-001492,3,A,thomas,1492,,,,3:1:1:1492,,test,2,390.180151921769,0.15875208729432688,0.46706727788281777,,,,,,,,,2457.7954127832895,0.023645410361343613,,,,,,,,0.26432745465568785,0.7777180318444273,,1,410,1,exact,0.08793767093920146,3531,,,,,,0.0002820409972628113,294244f51eeec3726363a07977140bc165b911e8
dv3-A-thomas-001493,3,A,thomas,1493,,,,3:1:1:1493,,test,2,484.62829102697117,0.6289440959222463,1.1464334985422124,,,,,,,,,770.5427146372064,0.052076823498447174,,,,,,,,0.4462952521157052,1.9089369911939413,,1,523,1,exact,0.1936745651008908,1500,,,,,,0.0002455829999234993,9db4debae60b77318eb7b8fb3c2f14d964d9d132
dv3-A-thomas-001494,3,A,thomas,1494,,,,3:1:1:1494,,test,2,112.15118248919332,11.305015323509572,0.3691340851994302,,,,,,,,,9.92048036024923,0.034856375100704586,,,,,,,,7.8454633619260825,0.6146485695365281,,1,73,1,exact,0.12963143362274726,10,,,,,,0.00011820900181191973,9491899353d83c6369cce97c9c34f36db8f42292
dv3-A-thomas-001495,3,A,thomas,1495,,,,3:1:1:1495,,test,2,440.9857571011048,0.15575171633464038,1.3868967504134917,,,,,,,,,2831.3380261802367,0.06604376891120756,,,,,,,,0.08350654501218137,2.309334569512758,,1,464,1,exact,0.24561786534240626,6384,,,,,,0.00042704199950094335,0f27fad804c8a4f9b920a2253787dc7b77279896
dv3-A-thomas-001496,3,A,thomas,1496,,,,3:1:1:1496,,test,2,169.08626870367073,16.493197531036795,0.3705935917951724,,,,,,,,,10.251879199620646,0.028499926179504576,,,,,,,,13.02026963786643,0.6170788074291286,,1,88,1,exact,0.10599169529584744,12,,,,,,0.00012841699935961515,0aa6a86a100f2ba61b0d1d9742286c2058045d08
dv3-A-thomas-001497,3,A,thomas,1497,,,,3:1:1:1497,,test,2,198.11456266083368,6.878908269451578,0.8728280547334744,,,,,,,,,28.80029139807506,0.06201125160243087,,,,,,,,3.764453578651031,1.453354043432315,,1,136,1,exact,0.2306208669931804,52,,,,,,0.00013141700037522241,c10cd0353ce9630aa6037debee041b9a11efacef
dv3-A-thomas-001498,3,A,thomas,1498,,,,3:1:1:1498,,test,2,583.6403365036032,11.542296459788433,0.13781480159663848,,,,,,,,,50.56535660272766,0.005704573953032497,,,,,,,,28.096096430961435,0.2294766971101292,,1,500,1,exact,0.021215404573828932,50,,,,,,0.00014495900177280419,8d83f95504e03329212300ca6b5d44b10eb88f52
dv3-A-thomas-001499,3,A,thomas,1499,,,,3:1:1:1499,,test,2,118.17941635060447,1.7788341503740215,0.8672675270544424,,,,,,,,,66.43644452505919,0.07977782007807199,,,,,,,,0.7670971251614755,1.4440951575130188,,2,125,1,exact,0.29669502804406694,163,,,,,,0.0001376250002067536,cf066ec51d195424d612b3a7b43968a70366a552
dv3-A-thomas-001500,3,A,thomas,1500,,,,3:1:1:1500,,test,3,163.74326890018423,0.2885429400598864,0.6332809865424525,,,,,,,,,567.4831928523349,0.04948968858120947,,,,,,,,0.2148470410728199,1.0544820110088293,,1,183,1,exact,0.18405296769358578,1058,,,,,,0.00032375000228057615,e0422662146d426719c3b2948812e0c4f1f8b154
dv3-A-thomas-001501,3,A,thomas,1501,,,,3:1:1:1501,,test,3,128.00228133915286,0.5284197992349676,0.5318580213767999,,,,,,,,,242.23596754790645,0.047009632769413646,,,,,,,,0.4078074844478342,0.8856016963569283,,2,119,1,exact,0.17482959924466693,418,,,,,,0.00011891699978150427,844e6a11f4999ce1816222807096d48a6377b377
dv3-A-thomas-001502,3,A,thomas,1502,,,,3:1:1:1502,,test,3,738.9623552844924,1.1167137198200068,0.4147637425809696,,,,,,,,,661.7294496960235,0.01525771952512906,,,,,,,,2.7996937269072983,0.6906269328536211,,1,712,1,exact,0.05674371044441399,818,,,,,,0.0001474999990023207,14a47547c4c60805716725dc55a90df8eac5b212
dv3-A-thomas-001503,3,A,thomas,1503,,,,3:1:1:1503,,test,3,433.7150223860494,9.275527851935601,0.19299005297846752,,,,,,,,,46.75906636359703,0.009266861941371937,,,,,,,,18.97489097608405,0.32134951702958303,,1,515,1,exact,0.034463612328404065,60,,,,,,9.941700045601465e-05,deab84e5d84242978aabe5df215dade9833f02f2
dv3-A-thomas-001504,3,A,thomas,1504,,,,3:1:1:1504,,test,3,316.31167049915547,20.86280842619964,0.26984852333562737,,,,,,,,,15.161509612575909,0.015172684876121535,,,,,,,,24.357854487193947,0.4493272648343443,,1,255,1,exact,0.05642746518292007,16,,,,,,8.029099990380928e-05,489330f88fc4fa83d7bdeba7f82aa171b2ae2d01
dv3-A-thomas-001505,3,A,thomas,1505,,,,3:1:1:1505,,test,3,587.5481253794364,4.305363997084561,0.16789840378279006,,,,,,,,,136.46886204681022,0.006926675539608175,,,,,,,,13.854212071225465,0.2795691805507578,,1,585,1,exact,0.025760420521205425,162,,,,,,9.862499791779555e-05,6e5d517d1dd39bc9b00dfa352beed96f8659693d
dv3-A-thomas-001506,3,A,thomas,1506,,,,3:1:1:1506,,test,3,303.41963797273064,0.7584898305392264,0.5712413062145557,,,,,,,,,400.0312538890907,0.0327942543447794,,,,,,,,0.8817441182735242,0.9511791671453494,,1,334,1,exact,0.12196237253646117,618,,,,,,0.00010933400335488841,34d52699a06f43d7da4b4626a98d65d1f7a9ad34
dv3-A-thomas-001507,3,A,thomas,1507,,,,3:1:1:1507,,test,3,766.7219724202765,7.368735017629948,0.40314414206190546,,,,,,,,,104.05069127684307,0.014559330307021834,,,,,,,,15.209807516488642,0.6712790288697067,,1,765,1,exact,0.054146389429008714,131,,,,,,0.0001111249985115137,98c20e5e5004fafda4437afa7b11b6773d00a043
dv3-A-thomas-001508,3,A,thomas,1508,,,,3:1:1:1508,,test,3,283.3880759315929,21.689179224369795,0.765581887393473,,,,,,,,,13.06587367829854,0.045477948318863835,,,,,,,,13.942559641789487,1.2747774611364984,,1,240,1,exact,0.16913323952255604,19,,,,,,0.00034558399784145877,94d879353464f8ab6758eb9dea36d9c8b5e56051
dv3-A-thomas-001509,3,A,thomas,1509,,,,3:1:1:1509,,test,3,315.3270786245818,1.381282294088177,1.1279307832480823,,,,,,,,,228.28576024912996,0.063518731415901,,,,,,,,0.7841023152753622,1.878127949319809,,1,281,1,exact,0.23622720927096746,497,,,,,,0.00024487500195391476,f12f6954aadaf576236c43cf7422703b4955fbf5
dv3-A-thomas-001510,3,A,thomas,1510,,,,3:1:1:1510,,test,3,166.47377016128644,6.1443484292762065,0.1493492968345421,,,,,,,,,27.09380369252542,0.011575247201652534,,,,,,,,9.32228426948734,0.24868289150551554,,1,240,1,exact,0.04304853516617051,45,,,,,,0.00015374999929917976,91d21ef4e9d417fe653ac1ec65b843bc45d8ffcc
dv3-A-thomas-001511,3,A,thomas,1511,,,,3:1:1:1511,,test,3,614.4474075639945,8.967889923600698,0.6698250570914431,,,,,,,,,68.51638599476561,0.027022095945319947,,,,,,,,11.062930765988966,1.1153318799008982,,1,523,1,exact,0.10049562029220999,89,,,,,,0.0001751669988152571,f2b601fd4fa91161d237136a142082715e16fc38
dv3-A-thomas-001512,3,A,thomas,1512,,,,3:1:1:1512,,test,3,274.37540817869586,0.9973748687923165,0.2411426727309161,,,,,,,,,275.09757540906025,0.014557992064654586,,,,,,,,2.3845774127670802,0.4015288882580316,,1,295,1,exact,0.05414141248358338,347,,,,,,0.00016350000078091398,ad5ce863849b01a9ab83536f3114e82643015568
dv3-A-thomas-001513,3,A,thomas,1513,,,,3:1:1:1513,,test,3,786.3146948355337,7.260834139905237,1.004942303496523,,,,,,,,,108.29536657695863,0.035837931288087786,,,,,,,,7.24450607771119,1.6733386974469375,,1,828,1,exact,0.1332818572650264,177,,,,,,0.0001995410020754207,daa503c0aeaf309c9ca935d22857ea09e814d4fb
dv3-A-thomas-001514,3,A,thomas,1514,,,,3:1:1:1514,,test,3,188.97674191414444,2.905517255551218,0.4552553408961161,,,,,,,,,65.04065379515113,0.033116991065225664,,,,,,,,3.0010405160914284,0.758049866634462,,1,224,1,exact,0.12316263572026272,103,,,,,,0.0001377909975417424,5a028fa258025dfcf58da30bd0dc0289f8a2dc24
dv3-A-thomas-001515,3,A,thomas,1515,,,,3:1:1:1515,,test,3,188.38446427777134,15.055999091754181,0.21538748907157612,,,,,,,,,12.512252632968417,0.015692709352457347,,,,,,,,16.06666386331932,0.35864369442443783,,1,150,1,exact,0.05836144478325341,13,,,,,,0.0001238330005435273,7947c87ed5611a9a000865d4a3da07d784212925
dv3-A-thomas-001516,3,A,thomas,1516,,,,3:1:1:1516,,test,3,161.7666378967018,0.5228079942140619,0.6845051311110266,,,,,,,,,309.41883002360333,0.05381857920299577,,,,,,,,0.35375565330749026,1.1397758065351793,,1,162,1,exact,0.20015218327974352,580,,,,,,0.0001665419986238703,fc1c63b46ee5317a82ea96c565c101a15b62f3b6
dv3-A-thomas-001517,3,A,thomas,1517,,,,3:1:1:1517,,test,3,508.32070595353935,16.146221267812503,0.12849488210879678,,,,,,,,,31.482332461705873,0.005699239790944226,,,,,,,,33.03503665676178,0.21395801321968702,,1,523,1,exact,0.02119556673708656,34,,,,,,0.00014666700008092448,880315b18ac48ff62feadc3b113309b74bac9b67
dv3-A-thomas-001518,3,A,thomas,1518,,,,3:1:1:1518,,test,3,300.6252291934574,17.161702917243932,0.17930384162702762,,,,,,,,,17.51721438385883,0.01034134155075746,,,,,,,,23.902496742258013,0.29856048028974275,,1,232,1,exact,0.0384596197089948,21,,,,,,0.00012487500134739093,915fd47eb42e159a9ff1d4c401f4bd750ff3360e
dv3-A-thomas-001519,3,A,thomas,1519,,,,3:1:1:1519,,test,3,400.6781956499152,21.918578474893035,0.4151749477245017,,,,,,,,,18.280300253452936,0.020741171617494735,,,,,,,,24.03114129280894,0.6913116343303799,,1,452,1,exact,0.07713675917312839,24,,,,,,0.00013991699961479753,fcafba22c671dfa330295230257b5de4894cf074
dv3-A-thomas-001520,3,A,thomas,1520,,,,3:1:1:1520,,test,3,311.7677062976277,1.3642121335131103,0.19410604706846135,,,,,,,,,228.53315744580388,0.010993184109935222,,,,,,,,3.878166554365194,0.3232077690808812,,1,334,1,exact,0.040883832932498525,270,,,,,,0.0001888330007204786,fb656dd606ee3924a11bae151326b47f29296e16
dv3-A-thomas-001521,3,A,thomas,1521,,,,3:1:1:1521,,test,3,755.4527387634447,0.17548886427081023,0.32029217596223664,,,,,,,,,4304.847158835378,0.011653132375898554,,,,,,,,0.6058530974652329,0.5333214560301857,,1,718,1,exact,0.04333819141316404,5050,,,,,,0.0004673749972425867,7fb435dbdd7dfd519ff6939a9413cc9d429a5e71
dv3-A-thomas-001522,3,A,thomas,1522,,,,3:1:1:1522,,test,3,111.8542931147612,6.969406711632044,0.11543718463460012,,,,,,,,,16.04932783275149,0.010914890861959686,,,,,,,,8.779067903703826,0.19221552073319773,,2,129,1,exact,0.04059265905257763,23,,,,,,0.0001583340017532464,54b4c88cd1fa634ace983de60de1d8a3d01170e6
dv3-A-thomas-001523,3,A,thomas,1523,,,,3:1:1:1523,,test,3,191.88437055781372,1.3134128769264635,1.1010802895423342,,,,,,,,,146.09600220065235,0.07948756396381011,,,,,,,,0.5883752854588409,1.8334189446266465,,1,191,1,exact,0.2956155607701227,371,,,,,,0.00016758399942773394,3cfddf86da95fa0a9ad4cde8767a02a2db9a427f
dv3-A-thomas-001524,3,A,thomas,1524,,,,3:1:1:1524,,test,3,439.7389751040453,10.672750016256138,0.19672069073001233,,,,,,,,,41.20203082000978,0.009381073976548266,,,,,,,,20.838968039423097,0.32756143635479823,,1,414,1,exact,0.034888368770062274,44,,,,,,0.00014470899986918084,9ae8b2b675acdeb77a1bd0ea6985dce972505462
dv3-A-thomas-001525,3,A,thomas,1525,,,,3:1:1:1525,,test,3,297.5536112740213,4.665921072495047,0.304624402999159,,,,,,,,,63.771676942427995,0.017659649445793846,,,,,,,,7.607297706471469,0.5072329027762212,,1,287,1,exact,0.06567652741627558,81,,,,,,0.0001462500003981404,d8441c50884a1796ce35336526ed75684d3b25f1
dv3-A-thomas-001526,3,A,thomas,1526,,,,3:1:1:1526,,test,3,126.2541158249748,0.2929295865221146,0.136112947692317,,,,,,,,,431.00499790397004,0.012113695895578633,,,,,,,,0.8062534919812149,0.22664292447901005,,1,160,1,exact,0.04505103473545375,536,,,,,,0.00014062499758438207,4c7ed5ea94204d46ba90c75bb6844cad55c4b31a
dv3-A-thomas-001527,3,A,thomas,1527,,,,3:1:1:1527,,test,3,179.98784644715727,10.171457179931807,0.10707103255953465,,,,,,,,,17.695384571079124,0.007980873011916042,,,,,,,,14.765299589479417,0.17828496375771313,,1,126,1,exact,0.02968099829964409,16,,,,,,0.00011270799950580113,b37859224d449767d628611c10e4dd8e1485de52
dv3-A-thomas-001528,3,A,thomas,1528,,,,3:1:1:1528,,test,3,497.926013810822,0.29392381235962267,0.37118278908686053,,,,,,,,,1694.0649000619176,0.01663433419892775,,,,,,,,0.7002460865743964,0.6180598852732818,,1,500,1,exact,0.06186336311039151,2142,,,,,,0.0002397499993094243,fabdf6a2783619b8237a7ead6f38f6a181dc43ac
dv3-A-thomas-001529,3,A,thomas,1529,,,,3:1:1:1529,,test,3,135.05277248021628,0.9171891058884122,0.4419236634762369,,,,,,,,,147.2463765794523,0.0380273012396579,,,,,,,,0.855250377225359,0.7358511676136873,,1,135,1,exact,0.14142416020767695,245,,,,,,0.00013187500007916242,e3f16db1d63e692c6f4251f9e053693fe6b4db65
dv3-A-thomas-001530,3,A,thomas,1530,,,,3:1:1:1530,,test,3,304.14666591750427,0.15600193481646507,0.15551008616145992,,,,,,,,,1949.6339341901764,0.008916964383506849,,,,,,,,0.664822467391971,0.25894127863050864,,1,325,1,exact,0.03316233754248312,2241,,,,,,0.00021850000121048652,431be1a7cd1495762d4c90e545dddc09d5b95884
dv3-A-thomas-001531,3,A,thomas,1531,,,,3:1:1:1531,,test,3,574.2304579566191,22.563718551445213,0.11220434446201373,,,,,,,,,25.44928295605954,0.004682378970543017,,,,,,,,43.330944584526264,0.18683248874755243,,1,659,1,exact,0.017413844582600476,33,,,,,,0.00014774999726796523,0d87dc9772459724ed2f006da68cd68bbb567ac6
dv3-A-thomas-001532,3,A,thomas,1532,,,,3:1:1:1532,,test,3,332.1682029992343,2.239149834353593,0.11847154270222766,,,,,,,,,148.34567919619636,0.006500324168161137,,,,,,,,7.5645008531244775,0.19726805833541147,,1,346,1,exact,0.024174812742197252,177,,,,,,0.00013791700257570483,80f73df5d54475567fdc0086073707c0f8e14ec4
dv3-A-thomas-001533,3,A,thomas,1533,,,,3:1:1:1533,,test,3,786.7162314547413,5.783195005375752,0.3404398456572424,,,,,,,,,136.0348787691668,0.012137558319638024,,,,,,,,14.08577317931081,0.5668695266475041,,1,654,1,exact,0.04513977948391356,136,,,,,,0.00016320800204994157,3459ca40c60b320091ecfddd106f538eab92a660
dv3-A-thomas-001534,3,A,thomas,1534,,,,3:1:1:1534,,test,3,260.6318947594382,0.6202324899717544,0.11695075721690887,,,,,,,,,420.21644943383643,0.007244180408536472,,,,,,,,2.6183328083731374,0.19473578439864375,,1,296,1,exact,0.026941226362962208,490,,,,,,0.0001512910021119751,42d40645ab457bd8739d938eb552bc339985fe7b
dv3-A-thomas-001535,3,A,thomas,1535,,,,3:1:1:1535,,test,3,316.343888810408,8.204186332231211,0.22295491083881372,,,,,,,,,38.55883764702051,0.012535374639902399,,,,,,,,14.002811272352911,0.3712442781982154,,1,341,1,exact,0.046619264937160086,51,,,,,,0.00013333400056581013,8f35cf2f17ee5c4a47b8ae11bcdd9de4913bba42
dv3-A-thomas-001536,3,A,thomas,1536,,,,3:1:1:1536,,test,3,111.33643859889675,0.7409955529447299,0.1351975736708699,,,,,,,,,150.2525057761058,0.012812982560695898,,,,,,,,1.66217134971226,0.22511872675403055,,1,90,1,exact,0.047651693371084186,173,,,,,,0.00012370900003588758,e185dda7acade669b86b451c00593c146e53005e
dv3-A-thomas-001537,3,A,thomas,1537,,,,3:1:1:1537,,test,3,132.45959545913666,2.4759256141870893,0.29876757104480967,,,,,,,,,53.49902060875387,0.02595922628404249,,,,,,,,2.877551927869261,0.49748063787548263,,1,139,1,exact,0.09654279050002842,82,,,,,,0.00012120800238335505,865f122a778b8b8238fa39db31aec30a0398c838
dv3-A-thomas-001538,3,A,thomas,1538,,,,3:1:1:1538,,test,3,394.3376883459755,8.321619380552892,0.12973248960639633,,,,,,,,,47.38713347879359,0.006533029350205149,,,,,,,,19.1546100417194,0.2160187648775467,,1,252,1,exact,0.02429644385337876,35,,,,,,0.00012537499787868,c0650c306d09f5979151a3a95cb12ad06c2a58a1
dv3-A-thomas-001539,3,A,thomas,1539,,,,3:1:1:1539,,test,3,735.3172325929484,2.517335413284782,0.8345885677411543,,,,,,,,,292.1014135472153,0.030777621851470465,,,,,,,,3.089273110150781,1.389681120984793,,1,731,1,exact,0.11446248304873964,448,,,,,,0.0003047919999517035,d7e3f11e2e8585fead4c1a9f14e105e233bea78f
dv3-A-thomas-001540,3,A,thomas,1540,,,,3:1:1:1540,,test,3,202.93778692151062,1.2048607583683253,0.4021461634742403,,,,,,,,,168.43256410503216,0.028229453448511257,,,,,,,,1.5505074010056177,0.6696172855197121,,1,206,1,exact,0.10498580275041708,251,,,,,,0.00016083299851743504,ca3d4127610085d61ca12cf3d5fde95694df54c9
dv3-A-thomas-001541,3,A,thomas,1541,,,,3:1:1:1541,,test,3,231.29488584718715,0.1430834007693943,0.15114185531527594,,,,,,,,,1616.5039732314035,0.009938062734348769,,,,,,,,0.5461901565230407,0.2516676971633251,,1,216,1,exact,0.03695981914253583,1851,,,,,,0.00020649999714805745,e7f0a1995374bdffba712fe76b99facc567948d1
dv3-A-thomas-001542,3,A,thomas,1542,,,,3:1:1:1542,,test,3,155.7493676971908,1.080954277085045,0.24922629284740405,,,,,,,,,144.08506538980748,0.019970121697016806,,,,,,,,1.769073117140213,0.41498899866368993,,1,143,1,exact,0.07426921180776166,189,,,,,,0.0036006250011269003,915ab5af6e5e8490a21bcc0d1db6d1b978ff9bc3
dv3-A-thomas-001543,3,A,thomas,1543,,,,3:1:1:1543,,test,3,204.24269235289518,0.4488569671702348,1.0877515956281514,,,,,,,,,455.028455145787,0.0761125838759486,,,,,,,,0.21255477762245112,1.8112252134687217,,1,188,1,exact,0.2830639541852811,1047,,,,,,0.00022412500038626604,7e241ede6774824dd3f7372654807d3fd3848cae
dv3-A-thomas-001544,3,A,thomas,1544,,,,3:1:1:1544,,test,3,238.36356793040795,1.6633622782054793,0.2649518741909198,,,,,,,,,143.3022565520524,0.017161176468022333,,,,,,,,3.213317134500488,0.44117380918504895,,1,226,1,exact,0.06382269819438914,181,,,,,,0.00014237499999580905,10480756774415ee7377a130724f7d1492fbf115
dv3-A-thomas-001545,3,A,thomas,1545,,,,3:1:1:1545,,test,3,134.23606718244417,7.36455398714547,0.9852789524009161,,,,,,,,,18.227317963416084,0.0850402631790712,,,,,,,,2.7493213053990337,1.6405970701960169,,1,113,1,exact,0.31626614069045544,42,,,,,,0.0001271660003112629,2897299847582cd105fd1af6d1858bdfac63e578
dv3-A-thomas-001546,3,A,thomas,1546,,,,3:1:1:1546,,test,3,594.5871428549287,0.15855865883662176,0.10169644967147225,,,,,,,,,3749.9506316308407,0.004170595156690074,,,,,,,,1.357689474132224,0.1693356962247019,,1,625,1,exact,0.015510512141892002,3971,,,,,,0.00038129200038383715,557f74fa28ce2a2e305f7f810c85894051766b4a
dv3-A-thomas-001547,3,A,thomas,1547,,,,3:1:1:1547,,test,3,472.196811143828,3.269605090321139,1.0329246973578032,,,,,,,,,144.42013579610895,0.04753430370729478,,,,,,,,2.4990543444665123,1.7199324395278168,,1,494,1,exact,0.17678085911208635,256,,,,,,0.0001915419998113066,52598f638c9ae2a399d8752d7bcd20d3d7166860
dv3-A-thomas-001548,3,A,thomas,1548,,,,3:1:1:1548,,test,3,345.5981057732695,0.14968880020195385,0.24969897677841205,,,,,,,,,2308.7773120434063,0.013431703179330377,,,,,,,,0.43557638733756193,0.41577606903645165,,1,347,1,exact,0.049952725551677145,2819,,,,,,0.00025991700022132136,cbb086000e42ea7ea02b42102165e73639012284
dv3-A-thomas-001549,3,A,thomas,1549,,,,3:1:1:1549,,test,3,158.96419694171172,0.3939990013559489,0.353292035646088,,,,,,,,,403.46345141646526,0.02802103592562981,,,,,,,,0.5171937042381688,0.5882698267248806,,1,192,1,exact,0.10421069454696313,605,,,,,,0.00017133299843408167,a820618fcd5be20fcc20b2d27f32f90bd393c1ce
dv3-A-thomas-001550,3,A,thomas,1550,,,,3:1:1:1550,,test,3,364.9463146848694,2.8859781609856956,0.37104821641190305,,,,,,,,,126.45498140575785,0.0194229797385692,,,,,,,,4.940496874794073,0.6178358070711384,,1,379,1,exact,0.07223438184441051,162,,,,,,0.00018683300004340708,6cce0231d8e77789b8045ed06aad5d51747d24ae
dv3-A-thomas-001551,3,A,thomas,1551,,,,3:1:1:1551,,test,3,100.59153137951935,15.245703483640737,0.6830849547765613,,,,,,,,,6.598024911573164,0.06810735430611613,,,,,,,,6.2990693127470925,1.137411057823347,,1,119,1,exact,0.2532923734452168,19,,,,,,0.00014058400120120496,f48b65a98baac159ccb8c720074c786ada85ccc9
dv3-A-thomas-001552,3,A,thomas,1552,,,,3:1:1:1552,,test,3,278.39734878819314,0.24350535338110443,0.9101902094089418,,,,,,,,,1143.290465374205,0.054550610092052115,,,,,,,,0.16799250019554013,1.51556611174801,,1,265,1,exact,0.20287461822400682,2218,,,,,,0.00025216699941665865,3f2e981d80234f16d521d2a94ded87e8244828cc
dv3-A-thomas-001553,3,A,thomas,1553,,,,3:1:1:1553,,test,3,181.31715778912329,1.2943068348679885,0.9135993623858545,,,,,,,,,140.08823325700553,0.06784788849245395,,,,,,,,0.6885697137000495,1.5212427238101511,,1,175,1,exact,0.25232741580679496,326,,,,,,0.000185042001248803,82a78389518b71c45ca8db381a4e7ac191e77d90
dv3-A-thomas-001554,3,A,thomas,1554,,,,3:1:1:1554,,test,3,217.52200339411067,19.008857795485238,0.20550554304086016,,,,,,,,,11.44319168118423,0.01393387606010537,,,,,,,,20.509751084478864,0.34218917495426965,,1,232,1,exact,0.05182031477382812,16,,,,,,0.00013862500054528937,99d3251e0b9f19839c5a8f86cbac9b89247db016
dv3-A-thomas-001555,3,A,thomas,1555,,,,3:1:1:1555,,test,3,211.53123432639003,0.4362416237595612,0.11140955681457874,,,,,,,,,484.8946611361815,0.007660113326986321,,,,,,,,1.7663040467075306,0.18550908050602608,,1,216,1,exact,0.02848808774352089,567,,,,,,0.00015170899860095233,71e3b3d11883655e110af7c989f0162d0575f2e4
dv3-A-thomas-001556,3,A,thomas,1556,,,,3:1:1:1556,,test,3,556.0531892491564,6.373568473183994,0.831679773660391,,,,,,,,,87.24362052258195,0.03526939188559973,,,,,,,,6.396979616001085,1.3848376611350977,,1,521,1,exact,0.1311674498545422,147,,,,,,0.00017016600031638518,53fcc9c1c720a38881f07c0b2c1b6616e1a067f3
dv3-A-thomas-001557,3,A,thomas,1557,,,,3:1:1:1557,,test,3,724.1512220378595,7.491205534239814,0.8416283669867287,,,,,,,,,96.66684737563328,0.03127560582407488,,,,,,,,8.48204580837875,1.401403155631848,,1,634,1,exact,0.11631449365234818,139,,,,,,0.00017258300067624077,718312f61cf6504faa10d73dddc2bc25620dd6e6
dv3-A-thomas-001558,3,A,thomas,1558,,,,3:1:1:1558,,test,3,730.2632692302795,2.0897314835121636,1.1045049770297333,,,,,,,,,349.453159409238,0.04087219377485546,,,,,,,,1.9182072504557124,1.8391214233454627,,1,734,1,exact,0.15200436244542648,593,,,,,,0.0002290419979544822,494f6cf6eca334b41c1bda866dd3ca519245a295
dv3-A-thomas-001559,3,A,thomas,1559,,,,3:1:1:1559,,test,3,165.125968244023,0.14304735230877516,0.9717461567412649,,,,,,,,,1154.3448066594758,0.07562147483201744,,,,,,,,0.06758285148529738,1.6180634873394217,,1,152,1,exact,0.2812375115547447,2746,,,,,,0.0002684579994820524,f781a2be285e38b7efd39cdd5bf2960037168a4f
dv3-A-thomas-001560,3,A,thomas,1560,,,,3:1:1:1560,,test,3,720.5946492229979,1.6724967332721417,0.1384642327753662,,,,,,,,,430.84966020423656,0.005158127668721719,,,,,,,,8.598484442336025,0.2305580709550879,,1,660,1,exact,0.01918316183406115,432,,,,,,0.000198500001715729,7905c9586f05e8179027e28472b1b73add79b55a
dv3-A-thomas-001561,3,A,thomas,1561,,,,3:1:1:1561,,test,3,300.10225775136286,0.7158419177085842,0.34889771374278483,,,,,,,,,419.22979128128264,0.020140186703678817,,,,,,,,1.327738495393382,0.5809528007978679,,1,297,1,exact,0.07490168637113682,586,,,,,,0.0001845419974415563,68c14a28011ae13e208255ee6a30e8824252004c
dv3-A-thomas-001562,3,A,thomas,1562,,,,3:1:1:1562,,test,3,177.73208567364827,8.622406334010284,0.3382640957625785,,,,,,,,,20.61281721004037,0.025373068060423994,,,,,,,,8.766688504137335,0.5632466654324475,,1,141,1,exact,0.09436285840330583,29,,,,,,0.0001507499982835725,0ec858fb67dcbdf0e7784a708a86825539c571a1
dv3-A-thomas-001563,3,A,thomas,1563,,,,3:1:1:1563,,test,3,378.21932253155774,8.797482244622332,0.12605365671075497,,,,,,,,,42.99176878279615,0.006481620396986575,,,,,,,,19.440011617719975,0.20989310629565702,,1,367,1,exact,0.024105253108858866,45,,,,,,0.00015504199836868793,0049661f687e669aab182ca3e27ad1f3df6b65b7
dv3-A-thomas-001564,3,A,thomas,1564,,,,3:1:1:1564,,test,3,449.169733928444,22.002155094307223,0.11091437066597101,,,,,,,,,20.414806277075144,0.005233383694139019,,,,,,,,38.22865974224514,0.1846845414832165,,1,429,1,exact,0.01946304023321796,25,,,,,,0.000158582999574719,d6d207bf64e7cb5089cf655b0783e51a1849b6c0
dv3-A-thomas-001565,3,A,thomas,1565,,,,3:1:1:1565,,test,3,165.00801273380577,18.90032430434489,0.7581929763384841,,,,,,,,,8.73043287917938,0.059023810014606416,,,,,,,,9.084059255375028,1.2624741171959684,,1,189,1,exact,0.21951052247872535,21,,,,,,0.00013537500126403756,f3c814f3003cadfc178030dce60c65de4fe3ba46
dv3-A-thomas-001566,3,A,thomas,1566,,,,3:1:1:1566,,test,3,692.1735470528608,0.6696099973143368,0.17707154989728152,,,,,,,,,1033.696554455611,0.006730406413997688,,,,,,,,3.4117265660631593,0.29484347074364414,,1,640,1,exact,0.025030492407474052,1066,,,,,,0.00023820900241844356,931682694b60524a38f00090327330a1edf129c1
dv3-A-thomas-001567,3,A,thomas,1567,,,,3:1:1:1567,,test,3,570.7725023523168,3.4780539818481913,0.6143518174153053,,,,,,,,,164.10685553793962,0.025714946566137147,,,,,,,,4.933984481298308,1.0229628769244488,,1,553,1,exact,0.095634310202076,229,,,,,,0.00018774999989545904,6b0e30fc290da1bad0b38d4410a409975db165a4
dv3-A-thomas-001568,3,A,thomas,1568,,,,3:1:1:1568,,test,3,130.7153909762289,0.8821072658837308,0.33617484487240984,,,,,,,,,148.18536932157895,0.02940369099142726,,,,,,,,1.0379409069658991,0.559767834507497,,1,155,1,exact,0.10935281153036266,210,,,,,,0.00020829099958064035,1d2fab41312b05627c2c64ab4525c570116f3001
dv3-A-thomas-001569,3,A,thomas,1569,,,,3:1:1:1569,,test,3,239.97537739623388,0.562262341497599,0.4461086236299733,,,,,,,,,426.8032192180145,0.02879766510631694,,,,,,,,0.7514802663511753,0.7428195833606962,,1,206,1,exact,0.10709899127302451,641,,,,,,0.00016495800082338974,cd1a8254df44b9d36c1f3dd0e91bfc8fbeb8c147
dv3-A-thomas-001570,3,A,thomas,1570,,,,3:1:1:1570,,test,3,131.65340813792773,0.2201707652156349,0.2551963090894444,,,,,,,,,597.9604422457568,0.022241206161949263,,,,,,,,0.3606134382038432,0.42492972776568405,,2,151,1,exact,0.08271541237270777,786,,,,,,0.00015749999874969944,3c93b22e1d92a7d259f8e2a173a93184c54c44a8
dv3-A-thomas-001571,3,A,thomas,1571,,,,3:1:1:1571,,test,3,216.49989058651335,27.783924960148376,0.11437665663246305,,,,,,,,,7.792271642579226,0.00777335598377678,,,,,,,,29.189856562695226,0.19044962577631555,,1,155,1,exact,0.028909239050981403,6,,,,,,0.0001205000007757917,178c5d4f95710ac3e55629c59ef9c46603dba3e0
dv3-A-thomas-001572,3,A,thomas,1572,,,,3:1:1:1572,,test,3,610.4541967269517,26.28209282755129,0.33860561032676295,,,,,,,,,23.227001012910886,0.013704639241786479,,,,,,,,37.741869735419236,0.5638153244828261,,1,424,1,exact,0.05096777926742675,19,,,,,,0.00013870800103177316,7422012c6eabfb81ea6bc24e917ecd918fd7438c
dv3-A-thomas-001573,3,A,thomas,1573,,,,3:1:1:1573,,test,3,260.4021927129158,6.600869407427878,1.071062918430695,,,,,,,,,39.4496810404836,0.06637318606904537,,,,,,,,3.420472821950903,1.7834367431589924,,1,283,1,exact,0.24684297318299703,103,,,,,,0.00015970800086506642,d9598c305fe428a6f54e96ce9be5b8d9fca950f5
dv3-A-thomas-001574,3,A,thomas,1574,,,,3:1:1:1574,,test,3,100.76054881393375,0.4668282553467112,0.7526016015122787,,,,,,,,,215.84072442037458,0.07497558723558279,,,,,,,,0.22159538063385698,1.2531638674074315,,3,100,1,exact,0.2788354449358529,497,,,,,,0.00014512499910779297,05e9b02cec81a93d709a81b27e4fc504e595e716
dv3-A-thomas-001575,3,A,thomas,1575,,,,3:1:1:1575,,test,3,119.94864715357826,2.1602969235704736,0.11066555032078645,,,,,,,,,55.52414848387173,0.010104498667795237,,,,,,,,4.29240276644569,0.18427022843174998,,1,109,1,exact,0.03757879712279545,63,,,,,,0.00012012499792035669,62efbef74b08c15d948e378c642512ff282376f9
dv3-A-thomas-001576,3,A,thomas,1576,,,,3:1:1:1576,,test,3,232.1730998348628,20.3319935306018,0.15993461865580388,,,,,,,,,11.41910159893656,0.010496307111155026,,,,,,,,23.812344848277963,0.2663086084912749,,1,310,1,exact,0.03903593918279123,16,,,,,,0.00012966699796379544,da33e4d1fea9a4f9bf58491edbee9edc065a0367
dv3-A-thomas-001577,3,A,thomas,1577,,,,3:1:1:1577,,test,3,732.2967449967944,22.823910184036365,0.17155656019278173,,,,,,,,,32.08463138402033,0.0063396280447068935,,,,,,,,45.594175591449826,0.2856604105257071,,1,692,1,exact,0.0235771812099221,33,,,,,,0.00016387499999837019,30356787c7947a5200ea35a354453b37eafbb993
dv3-A-thomas-001578,3,A,thomas,1578,,,,3:1:1:1578,,test,3,171.44928613711835,0.5134215317037641,0.6721301762250528,,,,,,,,,333.9347408515812,0.05133168889776184,,,,,,,,0.3689702554592892,1.1191701550288073,,1,185,1,exact,0.1909033972370586,661,,,,,,0.0001704579990473576,cecbffc1e411c14a1ebdd437b348ac7caa4a4d1b
dv3-A-thomas-001579,3,A,thomas,1579,,,,3:1:1:1579,,test,3,678.1982668816008,13.114533661024266,0.2569349912979535,,,,,,,,,51.713487067952094,0.00986608643470477,,,,,,,,27.40410273098827,0.42782482354574825,,1,650,1,exact,0.0366921380975977,62,,,,,,0.0001720000000204891,acfbab35184ddcb7bbad533256e1eb9c0c5ff0e6
dv3-A-thomas-001580,3,A,thomas,1580,,,,3:1:1:1580,,test,3,103.97551381296462,2.189217238593681,0.19695474116803813,,,,,,,,,47.49437926030441,0.01931527528522636,,,,,,,,3.075489212482553,0.32795115589764195,,1,88,1,exact,0.0718338272068715,55,,,,,,0.00012129199967603199,98350393e2c7ddb79759b32ee3445a66c52394a1
dv3-A-thomas-001581,3,A,thomas,1581,,,,3:1:1:1581,,test,3,160.2111355698222,16.730100288544957,0.36218208060263113,,,,,,,,,9.576220871761194,0.02861413421703532,,,,,,,,12.797004054233842,0.6030727225688189,,1,182,1,exact,0.10641643687019582,13,,,,,,0.00012141600018367171,2eb40a1499d1e7a1ca29c43b18a774e7a5d976e0
dv3-A-thomas-001582,3,A,thomas,1582,,,,3:1:1:1582,,test,3,427.621608072047,0.4262322538338082,0.4838796491713234,,,,,,,,,1003.2596177922766,0.023399551638527003,,,,,,,,0.7105848851653604,0.8057124663259086,,1,400,1,exact,0.0870233182959534,1342,,,,,,0.00022870799875818193,b994a92964848d34400a4216f53686ed21cb4a77
dv3-A-thomas-001583,3,A,thomas,1583,,,,3:1:1:1583,,test,3,107.24012241755214,5.2078876969875605,0.683917271607268,,,,,,,,,20.591865389029778,0.06604271534756398,,,,,,,,2.5649371573949367,1.138796956254045,,3,89,1,exact,0.2456139471218473,42,,,,,,0.0001307500024267938,03150ebf6e6e8e8f8f7390f666ec5db6e2199cbc
dv3-A-thomas-001584,3,A,thomas,1584,,,,3:1:1:1584,,test,3,344.73829723855897,18.372127680045097,1.2593021911695617,,,,,,,,,18.76420103551734,0.06782428012485422,,,,,,,,8.596512240312496,2.096875692198422,,1,258,1,exact,0.2522396158984969,40,,,,,,0.00015016600082162768,302bc817dc0105e2980471d9c5bc18600b652656
dv3-A-thomas-001585,3,A,thomas,1585,,,,3:1:1:1585,,test,3,563.8137271118434,23.881442986963435,1.374047064301065,,,,,,,,,23.608863476952454,0.057867375491242976,,,,,,,,13.172305273482836,2.2879384386630983,,1,633,1,exact,0.21520972342198663,52,,,,,,0.0001953329992829822,b53dd7482ad6480dbb5a5bc54ab04023bfd245af
dv3-A-thomas-001586,3,A,thomas,1586,,,,3:1:1:1586,,test,3,213.15874426965706,0.2452781061777467,0.1534110049395092,,,,,,,,,869.0492094520105,0.010507634028448076,,,,,,,,0.8443882259832522,0.25544607912944944,,1,236,1,exact,0.03907806417493347,1030,,,,,,0.00017145799938589334,430b6a3f54dc7e3e56f4de915e7610ffb8d72067
dv3-A-thomas-001587,3,A,thomas,1587,,,,3:1:1:1587,,test,3,127.44275510649743,16.243369846379007,0.1111610144382027,,,,,,,,,7.845832257209063,0.009846795660970867,,,,,,,,15.78084914912078,0.18509523030298614,,1,78,1,exact,0.03662039539206412,6,,,,,,0.00011479200111352839,eb6ff81aff2930b98d07de010a6ed5a86dcd4a9c
dv3-A-thomas-001588,3,A,thomas,1588,,,,3:1:1:1588,,test,3,618.8824031497679,1.9004236783555535,0.19080745844803887,,,,,,,,,325.6549632581352,0.007669927866517087,,,,,,,,7.205732565728274,0.3177152587483911,,1,608,1,exact,0.028524588177832964,391,,,,,,0.00018333299885853194,69054b617e7abbf9b05c8f55a59a57ad49a2f356
dv3-A-thomas-001589,3,A,thomas,1589,,,,3:1:1:1589,,test,3,257.01474756284813,0.5470883572488453,0.13882074631596308,,,,,,,,,469.78654207759706,0.00865915179526202,,,,,,,,2.071982761471154,0.23115170493941609,,1,291,1,exact,0.0322035282766426,546,,,,,,0.0001610830004210584,c142dd4d26cdd2a0c40b088fb4b8ecbf6404cc2f
dv3-A-thomas-001590,3,A,thomas,1590,,,,3:1:1:1590,,test,3,322.51195425535906,0.18906135940262364,0.505905380945539,,,,,,,,,1705.8586443808438,0.028170619020892854,,,,,,,,0.26192125767764146,0.8423877154314003,,1,310,1,exact,0.10476699654419189,2542,,,,,,0.0002549999990151264,09655e7604105348f7c6733d3e50eb7cca7601da
dv3-A-thomas-001591,3,A,thomas,1591,,,,3:1:1:1591,,test,3,266.31002691364205,0.8857532328403611,1.222146513918622,,,,,,,,,300.6593902679427,0.07489098006953582,,,,,,,,0.42117520364698513,2.0350074313465085,,1,272,1,exact,0.2785207894905365,737,,,,,,0.00018520799858379178,9b77267c0446a668d3a80ab36c82659ac232aae1
dv3-A-thomas-001592,3,A,thomas,1592,,,,3:1:1:1592,,test,3,271.1466202793325,0.23455254287019045,0.6753701301154731,,,,,,,,,1156.016545211341,0.0410147200177356,,,,,,,,0.22014905233628734,1.1245650321316227,,1,248,1,exact,0.15253441989230782,1978,,,,,,0.00021854099759366363,e5da4d9f4d30701fac974233e86e100842203f56
dv3-A-thomas-001593,3,A,thomas,1593,,,,3:1:1:1593,,test,3,592.1076159425321,2.2175283724000914,0.10494682971267251,,,,,,,,,267.012419463061,0.004312896142150731,,,,,,,,10.553187392399725,0.17474793400733435,,1,572,1,exact,0.016039731852716777,261,,,,,,0.00016362500173272565,a8c5e54a0d561887128fb20d5d79350a7e7710b3
dv3-A-thomas-001594,3,A,thomas,1594,,,,3:1:1:1594,,test,3,603.1515583352377,0.16947132915698573,0.6463222325744238,,,,,,,,,3559.0182795847586,0.02631696895699952,,,,,,,,0.25450764368569456,1.0761971100471488,,1,623,1,exact,0.0978732413983066,5065,,,,,,0.00037591699947370216,a199bdcbd36a3d0dbdf0b59429ff51b2dff4120c
dv3-A-thomas-001595,3,A,thomas,1595,,,,3:1:1:1595,,test,3,733.3383465990066,4.602964806428745,0.3273139299441068,,,,,,,,,159.31869511033136,0.012086826582194824,,,,,,,,11.641752341926205,0.5450134433422275,,1,720,1,exact,0.04495110731602649,177,,,,,,0.0001760829982231371,1165f67701567809afc860224ea622b116196d3f
dv3-A-thomas-001596,3,A,thomas,1596,,,,3:1:1:1596,,test,3,103.47738227753698,0.520160932115503,0.4892977395850457,,,,,,,,,198.93339904766162,0.048100599879467965,,,,,,,,0.39302584002322444,0.8147341786411363,,1,83,1,exact,0.17888692391204888,334,,,,,,0.00012799999967683107,1dcaa64767a3537a5f9c25b5b8db3439e28e0cc3
dv3-A-thomas-001597,3,A,thomas,1597,,,,3:1:1:1597,,test,3,209.7735109433048,1.715847483689878,0.2981289007607243,,,,,,,,,122.25650177962976,0.02058395175528903,,,,,,,,2.7661954458458107,0.4964171820954333,,1,193,1,exact,0.07655205591374428,142,,,,,,0.00012525000056484714,e0d41d4b69ce20d3bb312a135a053ee8b9a70703
dv3-A-thomas-001598,3,A,thomas,1598,,,,3:1:1:1598,,test,3,234.8120410454613,1.000309182886905,0.14589675908276387,,,,,,,,,234.7394636204286,0.009521063527306443,,,,,,,,3.132714014138756,0.24293403905463754,,1,218,1,exact,0.03540899221712347,280,,,,,,0.00013100000069243833,c1d60e62c67da8fc0284b4d6d2975d357ddec9f8
dv3-A-thomas-001599,3,A,thomas,1599,,,,3:1:1:1599,,test,3,684.2644967165985,4.684253719526807,0.6886733576343529,,,,,,,,,146.0775905165362,0.026326994241191958,,,,,,,,6.413434433088307,1.1467163589598695,,1,564,1,exact,0.09791052559548966,183,,,,,,0.00016970900105661713,818f76ec0c9b0b01bb570edaa209c825d0ace94c
dv3-A-thomas-001600,3,A,thomas,1600,,,,3:1:1:1600,,test,3,333.61186713995244,0.1407449242021318,0.2169718377658934,,,,,,,,,2370.329651539216,0.011879074939187695,,,,,,,,0.46409840336307334,0.3612818080467089,,1,337,1,exact,0.04417847553080247,2861,,,,,,0.00026804100343724713,5be759a8f4b4f11311e9a4def87d12954181ae05
dv3-A-thomas-001601,3,A,thomas,1601,,,,3:1:1:1601,,test,3,119.78816259193734,3.3281489271918936,0.9179068846834098,,,,,,,,,35.99242858792617,0.0838671095665536,,,,,,,,1.3298160327436241,1.5284152189131397,,1,136,1,exact,0.3119031630655307,106,,,,,,0.00023837499975343235,bea3603105aa60efb7879ced12959ccc83701304
dv3-A-thomas-001602,3,A,thomas,1602,,,,3:1:1:1602,,test,3,318.8276762036926,8.288844555115505,0.9368273353580423,,,,,,,,,38.464670688862945,0.052466434010427596,,,,,,,,5.398838644909269,1.559919835821834,,1,363,1,exact,0.19512353301785282,71,,,,,,0.00013112500164425,8b57a36c1d889b9a262db1ec2e240e81c17b60b8
dv3-A-thomas-001603,3,A,thomas,1603,,,,3:1:1:1603,,test,3,251.68786421862706,11.595511451849813,1.056244844758304,,,,,,,,,21.705628532536675,0.06657841694295207,,,,,,,,5.738737131553089,1.758763032030145,,1,352,1,exact,0.2476062301863805,58,,,,,,0.00012116600191802718,838e7f37cee2edbe8c1a1974ec70dfe0aa95bfe9
dv3-A-thomas-001604,3,A,thomas,1604,,,,3:1:1:1604,,test,3,661.4581541881719,0.7806755009279014,0.5834365731229932,,,,,,,,,847.2894991606254,0.022685192158209803,,,,,,,,1.3337496879056674,0.9714856185431866,,1,652,1,exact,0.08436660361211218,1169,,,,,,0.0001553330002934672,8834d011e5f02d51bf5ebaf4c1dd1bf4fb4a7f7f
dv3-A-thomas-001605,3,A,thomas,1605,,,,3:1:1:1605,,test,3,285.2155121763006,0.18011316405897007,0.21152085148777997,,,,,,,,,1583.535071778093,0.012524679319767586,,,,,,,,0.5600933658656391,0.35220532052430753,,1,250,1,exact,0.04657948886526149,1862,,,,,,0.00013179199959267862,8eeddcbde8d726b7e42b51b7a64795824df139bf
dv3-A-thomas-001606,3,A,thomas,1606,,,,3:1:1:1606,,test,3,282.4237443329022,1.9402384669051598,0.5739476662062558,,,,,,,,,145.5613570961673,0.03415243638197905,,,,,,,,2.0946894144686876,0.9556855521264348,,1,240,1,exact,0.12701347392305642,207,,,,,,8.970799899543636e-05,52e40f168b0395fe34949952723f5678c404f334
dv3-A-thomas-001607,3,A,thomas,1607,,,,3:1:1:1607,,test,3,344.8561899353688,7.592696138945975,0.2429705044033995,,,,,,,,,45.41946413033224,0.013083819449374631,,,,,,,,13.381489428443857,0.4045724276327239,,1,351,1,exact,0.04865894022494992,60,,,,,,8.954100121627562e-05,0f387e98fe4c12798d2a08b9004837c3ab062700
dv3-A-thomas-001608,3,A,thomas,1608,,,,3:1:1:1608,,test,3,360.991255571269,0.5843766316774505,1.2445085713300283,,,,,,,,,617.7373221359746,0.06550124443902137,,,,,,,,0.31724149054726636,2.0722426993721874,,1,343,1,exact,0.2436002078865827,1322,,,,,,0.0001435410013073124,b8dcbcbb5498bdfe538f4119552a27db31b6d68a
dv3-A-thomas-001609,3,A,thomas,1609,,,,3:1:1:1609,,test,3,321.6464668847226,1.0074983354940483,0.8581198679483475,,,,,,,,,319.25260375442343,0.047847424367929436,,,,,,,,0.7914457645198758,1.4288633059728626,,1,360,1,exact,0.17794536001092343,623,,,,,,0.00011462499969638884,7f18506f7e58f0d71df930fce04f77a0aefd8820
dv3-A-thomas-001610,3,A,thomas,1610,,,,3:1:1:1610,,test,3,187.45184466179202,0.6647355727913637,1.1503078066450412,,,,,,,,,281.99460407187553,0.08401739422541686,,,,,,,,0.2805852516830841,1.9153881373460526,,1,201,1,exact,0.3124620741893542,745,,,,,,0.0001123750007536728,0fb094042d149f5900c6f43850e43f439932c827
dv3-A-thomas-001611,3,A,thomas,1611,,,,3:1:1:1611,,test,3,165.9898327474617,0.7696160043739375,0.599131264700055,,,,,,,,,215.67876941760076,0.04650302874880539,,,,,,,,0.6052057699553903,0.9976189942295478,,1,164,1,exact,0.1729455305404267,390,,,,,,0.00020975000006728806,a408eaceba1aa601cf54bdc151afdce14b5ab66f
dv3-A-thomas-001612,3,A,thomas,1612,,,,3:1:1:1612,,test,3,106.64118405200833,0.13931196915932698,0.12253576847126993,,,,,,,,,765.4847224939156,0.011865892227695568,,,,,,,,0.40645208797162713,0.20403543814501562,,1,115,1,exact,0.044129448809440246,927,,,,,,0.0001773330004652962,85926a13ca7765ad38b9705df64f1767d86c58eb
dv3-A-thomas-001613,3,A,thomas,1613,,,,3:1:1:1613,,test,3,155.63399766028013,3.834794240708685,0.22706424961237617,,,,,,,,,40.584706216602214,0.018201053453250675,,,,,,,,5.325792393676229,0.37808677608769253,,1,165,1,exact,0.0676900178452993,54,,,,,,0.0001296659975196235,2cbcadbcc374f584fe690b880d1b26b364e859d2
dv3-A-thomas-001614,3,A,thomas,1614,,,,3:1:1:1614,,test,3,557.1972881717513,0.33424923843649323,0.3413775611620451,,,,,,,,,1667.0113917929475,0.01446207050237982,,,,,,,,0.9179270739345251,0.5684309253824592,,1,583,1,exact,0.05378467861217286,2069,,,,,,0.0007400419999612495,f83a87bc80c86f10f3136a57068319c57fd58c7d
dv3-A-thomas-001615,3,A,thomas,1615,,,,3:1:1:1615,,test,3,205.0778369980895,3.969781515683029,0.5075748005828847,,,,,,,,,51.65972892661938,0.035443833566269616,,,,,,,,3.8083068287668356,0.8451674814654591,,1,201,1,exact,0.1318162013407041,82,,,,,,0.000152291999256704,b0c9b04264551bbbf16959be92dd18b50b699176
dv3-A-thomas-001616,3,A,thomas,1616,,,,3:1:1:1616,,test,3,746.4512465757275,3.3997090925512006,0.44416116941587935,,,,,,,,,219.56327034310385,0.016256979723333873,,,,,,,,7.317257895878194,0.7395768593887715,,1,804,1,exact,0.0604599755947974,284,,,,,,0.00019049999900744297,4f5da1d82112e18e54e692c640dc6439e5928cbd
dv3-A-thomas-001617,3,A,thomas,1617,,,,3:1:1:1617,,test,3,503.6683828495901,3.8578887179433794,0.524798786493014,,,,,,,,,130.55544617111016,0.023384090192422893,,,,,,,,5.81311013243883,0.8738472992494458,,1,528,1,exact,0.08696581692300323,181,,,,,,0.00016375000268453732,0f41a1b668fa05c024024c3d93a2a170a1071f71
dv3-A-thomas-001618,3,A,thomas,1618,,,,3:1:1:1618,,test,3,285.18854627868404,0.4305693142253847,0.31499353029745975,,,,,,,,,662.3522319321622,0.01865243752920184,,,,,,,,0.8809895325907134,0.5244986322679841,,1,313,1,exact,0.06936872266503386,858,,,,,,0.00017779200061340816,858d860dab422bf0b90106b16d65a09a655e8591
dv3-A-thomas-001619,3,A,thomas,1619,,,,3:1:1:1619,,test,3,497.22929442921225,1.7968413333046358,0.11326742122545959,,,,,,,,,276.7240964536028,0.0050795666050561196,,,,,,,,8.20173989329789,0.18860262767039532,,1,550,1,exact,0.01889099194317385,320,,,,,,0.00016454100114060566,6d075f7c7db165e838c15ae150e8ad1191094b0e
dv3-A-thomas-001620,3,A,thomas,1620,,,,3:1:1:1620,,test,3,640.4895022045985,12.530652561909035,0.9295213664286452,,,,,,,,,51.1138186172022,0.03672851498021316,,,,,,,,11.478946783773837,1.5477545995795452,,1,652,1,exact,0.13659395269771865,90,,,,,,0.00017504200150142424,4b4dc2a6b1c0ccf0578cf4685d7586dcc9c0fa89
dv3-A-thomas-001621,3,A,thomas,1621,,,,3:1:1:1621,,test,3,705.3880292361271,0.10599982948612666,0.10476528736152396,,,,,,,,,6654.614754153437,0.00394460359284434,,,,,,,,0.9981129520993395,0.17444564616419608,,1,706,1,exact,0.014670045790375808,7095,,,,,,0.00044691600123769604,db39f2d53df0bb7397f5ad8c3f328360d37537e2
dv3-A-thomas-001622,3,A,thomas,1622,,,,3:1:1:1622,,test,3,301.74567954200506,16.81149930869837,0.7538078913197378,,,,,,,,,17.948766734081836,0.0433950456283513,,,,,,,,11.84808678965093,1.2551724716906167,,1,317,1,exact,0.16138689007893994,35,,,,,,0.00015062500096973963,195ac0f05082bdb5686b555cf68b7ebeeaa52860
dv3-A-thomas-001623,3,A,thomas,1623,,,,3:1:1:1623,,test,3,107.55424671540419,7.330031115246664,0.13298552103677228,,,,,,,,,14.673095519565864,0.01282302762057253,,,,,,,,8.562176128198207,0.22143541751274753,,2,92,1,exact,0.047689051114362765,18,,,,,,0.00019879200044670142,42ce4046b009f71247918b27b69c79445096d4a3
dv3-A-thomas-001624,3,A,thomas,1624,,,,3:1:1:1624,,test,3,597.2124177150836,2.2630266846562335,0.3461471928658789,,,,,,,,,263.8998566673126,0.014164341836896318,,,,,,,,5.575224301531547,0.5763728831195608,,1,578,1,exact,0.052677420797047,298,,,,,,0.00017166700126836076,27fad7534857adf00d459f37dfca23d0462ac4e8
dv3-A-thomas-001625,3,A,thomas,1625,,,,3:1:1:1625,,test,3,335.10962932003997,1.1641300065322477,0.25391059293715706,,,,,,,,,287.862719317988,0.013870348272033227,,,,,,,,2.8838271872083814,0.4227888699432305,,1,343,1,exact,0.05158405388270328,369,,,,,,0.00019541700021363795,12683bbc6dbe35e74d2c07bb2505b2ce2cd00b66
dv3-A-thomas-001626,3,A,thomas,1626,,,,3:1:1:1626,,test,3,403.67847499532303,0.901297485216033,1.3453932867740932,,,,,,,,,447.88594400500835,0.06696246926724998,,,,,,,,0.4740847587049432,2.240226769448764,,1,496,1,exact,0.24903452711172205,1024,,,,,,0.0002875829995900858,1b94d4d635f91c12995bc27b5891bc349ed4ec28
dv3-A-thomas-001627,3,A,thomas,1627,,,,3:1:1:1627,,test,3,333.327446584799,1.9686100259792458,0.8536693700574514,,,,,,,,,169.32121760326396,0.04675780994219574,,,,,,,,1.5580480642432493,1.4214527408908364,,1,412,1,exact,0.17389306599882948,328,,,,,,0.00017533400023239665,1b9146bb876d634cc2b437b7f158319d065df44d
dv3-A-thomas-001628,3,A,thomas,1628,,,,3:1:1:1628,,test,3,108.74281841825571,0.4454182953232022,0.16414769292636794,,,,,,,,,244.13639843722694,0.015741078715922924,,,,,,,,0.9268502179133509,0.27332383731349086,,1,118,1,exact,0.058541331243372886,325,,,,,,9.76250012172386e-05,40e6dd26d326165f6171852685c9dccd8bb353d4
dv3-A-thomas-001629,3,A,thomas,1629,,,,3:1:1:1629,,test,3,183.549125002464,24.348061912411588,0.15756964719490973,,,,,,,,,7.538551760824076,0.011630446914340264,,,,,,,,23.11586372616477,0.2623706727012274,,1,184,1,exact,0.04325382380764859,9,,,,,,0.000638749999779975,7d3d5766777928e8f9dcaabc53b78392d820061c
dv3-A-thomas-001630,3,A,thomas,1630,,,,3:1:1:1630,,test,3,172.9193847932187,2.2530955266407666,0.2753300912003759,,,,,,,,,76.74747153354451,0.02093783811984833,,,,,,,,3.3442994425577055,0.4584546740386848,,1,139,1,exact,0.0778681651375183,88,,,,,,0.0001356250031676609,e9e57f1031a34bee31af3be43578d91119b1ce87
dv3-A-thomas-001631,3,A,thomas,1631,,,,3:1:1:1631,,test,3,413.605542507754,4.588477755407977,0.972242278727955,,,,,,,,,90.14003435459152,0.04780588119472715,,,,,,,,3.407783084314935,1.618889584634853,,1,474,1,exact,0.177790860264926,185,,,,,,0.0001709159987512976,16b6deebcaa30ad64539decb34ff151837b49d78
dv3-A-thomas-001632,3,A,thomas,1632,,,,3:1:1:1632,,test,3,428.5822883734901,0.3334057596734518,1.1396802370818206,,,,,,,,,1285.4675599883374,0.0550510881389751,,,,,,,,0.2218369985075015,1.8976920732555358,,1,425,1,exact,0.20473590433112207,2593,,,,,,0.00042504199882387184,e70b1e180c1f65284bc8244ff5c7ddedb71be39e
dv3-A-thomas-001633,3,A,thomas,1633,,,,3:1:1:1633,,test,3,144.50334858387325,8.075222092997635,0.3913311321135085,,,,,,,,,17.89465935669784,0.03255408129963143,,,,,,,,6.604038131441286,0.6516090770613274,,1,92,1,exact,0.12106916502219377,19,,,,,,0.00030241700005717576,85b95f19f4389e7e27cca62ec7c00d6433b9a450
dv3-A-thomas-001634,3,A,thomas,1634,,,,3:1:1:1634,,test,3,241.05595713067464,0.29258623465194783,0.5815445164231366,,,,,,,,,823.8800346073283,0.03745622720302526,,,,,,,,0.3004417916931055,0.9683351374831117,,1,259,1,exact,0.13930032645102444,1310,,,,,,0.0004673750008805655,e86d5f25646d386c1bd59fd5599e4d688d35ce57
dv3-A-thomas-001635,3,A,thomas,1635,,,,3:1:1:1635,,test,3,129.93516750947484,9.297223781225803,0.18849231023024568,,,,,,,,,13.975695386816147,0.01653599308540579,,,,,,,,9.805984903446458,0.3138602840999166,,1,87,1,exact,0.06149763088800527,15,,,,,,0.0001981250024982728,7fae4c79738808380a6d8be0e877b95ed7128838
dv3-A-thomas-001636,3,A,thomas,1636,,,,3:1:1:1636,,test,3,474.2156981581385,23.898254199688232,0.2002203355679134,,,,,,,,,19.843110471405268,0.009194332845426537,,,,,,,,36.496171244840426,0.3333887272492158,,1,454,1,exact,0.03419387542490793,26,,,,,,0.00017699999807518907,9da59c556068c423012201681fb3e6c5a9d91199
dv3-A-thomas-001637,3,A,thomas,1637,,,,3:1:1:1637,,test,3,251.1908945817411,23.813327205254357,0.9134705138294619,,,,,,,,,10.548332554147091,0.05763583466917052,,,,,,,,12.24419442170078,1.52102817689062,,1,266,1,exact,0.2143486192876432,19,,,,,,0.00014929200187907554,98e7543aca49ef07ebeb7010207d24356518eeea
dv3-A-thomas-001638,3,A,thomas,1638,,,,3:1:1:1638,,test,3,132.52065801115526,13.51131433477522,1.0491582376870345,,,,,,,,,9.808124859479848,0.09113793898431559,,,,,,,,4.474065802514353,1.7469630572408488,,1,161,1,exact,0.3389434975331236,29,,,,,,0.00014799999917158857,12a01be8525d5fcf2231648f969a4c668957f1bd
dv3-A-thomas-001639,3,A,thomas,1639,,,,3:1:1:1639,,test,3,565.8222543461293,8.374248111153177,0.9419683087086398,,,,,,,,,67.56693219926734,0.039600099708079026,,,,,,,,7.3776135616572,1.5684801179595915,,1,661,1,exact,0.14727342364003457,117,,,,,,0.0013546249974751845,6cf8ab222389c510c48644ef1b73b7072a361238
dv3-A-thomas-001640,3,A,thomas,1640,,,,3:1:1:1640,,test,3,240.79807396178543,8.373744243301957,1.4624935908775591,,,,,,,,,28.756320585548874,0.09424698527438917,,,,,,,,2.892096825782486,2.4352115657473825,,1,215,1,exact,0.3505060919399521,89,,,,,,0.0003020000003743917,77b9ceb0a05b6437168e4643186ff979c87c3828
dv3-A-thomas-001641,3,A,thomas,1641,,,,3:1:1:1641,,test,3,209.53675861947065,23.67741134397282,0.22057771771884177,,,,,,,,,8.849648112939047,0.015238124870717866,,,,,,,,22.523345909575266,0.36728599201092543,,1,182,1,exact,0.056670837601631954,10,,,,,,0.00012845800301874988,79cab4a29d1816f8eb7ba13a55b0a51c54b5dada
dv3-A-thomas-001642,3,A,thomas,1642,,,,3:1:1:1642,,test,3,149.09679960135318,22.233618280192296,0.12471207018249549,,,,,,,,,6.70591703619298,0.010213493757280397,,,,,,,,19.854296540732463,0.20765921819491806,,1,65,1,exact,0.03798415165742448,3,,,,,,0.000121667002531467,be74a9407e0c5a13213427e830cb8e7dff1a7bba
dv3-A-thomas-001643,3,A,thomas,1643,,,,3:1:1:1643,,test,3,225.85448626764105,6.257081369134863,0.2171600844469652,,,,,,,,,36.09582055009601,0.014449926600457269,,,,,,,,9.813181630633267,0.3615952593314318,,1,246,1,exact,0.05373951524072514,49,,,,,,0.0001422080022166483,a6f61853c78b6a1a561d38f4a0ffe61329dc6482
dv3-A-thomas-001644,3,A,thomas,1644,,,,3:1:1:1644,,test,3,581.7285213713849,25.228854283556515,0.39295515803168307,,,,,,,,,23.05806339174664,0.016292315635823465,,,,,,,,33.44454792915454,0.6543132575949591,,1,637,1,exact,0.06059139043587481,36,,,,,,0.0003116250009043142,dc5e772550db9e970b70ad21b467958f30498298
dv3-A-thomas-001645,3,A,thomas,1645,,,,3:1:1:1645,,test,3,728.3253389942663,28.40358540061414,0.3924280909140887,,,,,,,,,25.642021199848894,0.014541103906696714,,,,,,,,40.90031593135549,0.6534356332766735,,1,1029,1,exact,0.054078605145729076,39,,,,,,0.00014141700012260117,02bf5f496e5df88430691eee6c907f963bd3749b
dv3-A-thomas-001646,3,A,thomas,1646,,,,3:1:1:1646,,test,3,213.8495803701888,17.951829585789508,0.5464987161727186,,,,,,,,,11.912411453564044,0.03737101942009605,,,,,,,,13.066735581412688,0.9099800522827175,,1,214,1,exact,0.13898343730162158,16,,,,,,7.625000216648914e-05,920acf7fd2d12ee1a86a2ee0fea1faf14cc0dd37
dv3-A-thomas-001647,3,A,thomas,1647,,,,3:1:1:1647,,test,3,273.58712313032794,8.950106183169408,0.2503597172014633,,,,,,,,,30.5680309854654,0.015136191927958557,,,,,,,,13.2616051345037,0.4168762740084309,,1,136,1,exact,0.05629174730709907,26,,,,,,6.670799848507158e-05,1a99ebf674bb59e1ef9acfdc627794fee0bb1bdb
dv3-A-thomas-001648,3,A,thomas,1648,,,,3:1:1:1648,,test,3,169.64620704851524,2.832048475546596,0.7686133483159097,,,,,,,,,59.9022963460302,0.05901139012834588,,,,,,,,1.6771827679005389,1.2798251746755365,,1,134,1,exact,0.21946433271697494,116,,,,,,7.216700032586232e-05,db37c84480d235e2ed82f48f66819fbd49973240
dv3-A-thomas-001649,3,A,thomas,1649,,,,3:1:1:1649,,test,3,127.39535266795367,24.971074028049305,0.24554698550732326,,,,,,,,,5.1017169916221485,0.021754936206718912,,,,,,,,16.884548878881514,0.4088625500799887,,1,111,1,exact,0.0809069663928243,5,,,,,,6.137499804026447e-05,88fc7e840aae1c2768a85ae31e9fabe4264a6460
dv3-A-thomas-001650,3,A,thomas,1650,,,,3:1:1:1650,,test,3,212.5766046240496,0.11379685272405671,0.3408696557246182,,,,,,,,,1868.0358861902935,0.023379251828927933,,,,,,,,0.1883979702226657,0.5675852073545355,,1,212,1,exact,0.08694782296940286,2506,,,,,,0.00020366700118756853,4b4eb1df990a5e89b4c8d6a10f8d98d02b7ca747
dv3-A-thomas-001651,3,A,thomas,1651,,,,3:1:1:1651,,test,3,133.37557159670493,0.27264150546360705,0.17974504120872828,,,,,,,,,489.19760536793353,0.015563912161981896,,,,,,,,0.6106798307770971,0.29929512578211426,,1,117,1,exact,0.05788244590859483,621,,,,,,7.916700269561261e-05,45cb3b04779315218426f3404e0322727872543f
dv3-A-thomas-001652,3,A,thomas,1652,,,,3:1:1:1652,,test,3,460.00879377181263,3.918721526701334,0.6213749760449727,,,,,,,,,117.38746696783905,0.02897148072304977,,,,,,,,4.777343792960912,1.034657203128492,,1,465,1,exact,0.10774541441708355,171,,,,,,8.804100070847198e-05,99db2cae105e5f5eb8ec452b71ed49938d04a1fe
dv3-A-thomas-001653,3,A,thomas,1653,,,,3:1:1:1653,,test,3,105.64517514901995,0.6128367368510672,0.19702301900040017,,,,,,,,,172.3871445629312,0.019168676840042153,,,,,,,,1.0619127204939454,0.3280648459459877,,1,103,1,exact,0.07128862517248927,258,,,,,,6.895800106576644e-05,7ab51d5113c72e20363121300978820bb5dc1882
dv3-A-thomas-001654,3,A,thomas,1654,,,,3:1:1:1654,,test,3,123.67771949388006,0.7109517018870388,0.30646948737886026,,,,,,,,,173.96078969304006,0.027557607331988206,,,,,,,,0.89275102741344,0.5103051697928119,,1,114,1,exact,0.10248719596737847,215,,,,,,6.675000258837827e-05,90d4c9e6e729d19229408d9f1c163c487d728e85
dv3-A-thomas-001655,3,A,thomas,1655,,,,3:1:1:1655,,test,3,110.6945756825692,13.384323585021065,0.49617850667459423,,,,,,,,,8.270464695462978,0.04716010656383725,,,,,,,,7.4532523490436065,0.8261914073785478,,1,146,1,exact,0.17538921376675737,15,,,,,,6.012499943608418e-05,8bb0195bbd53b77cc5b91692aeddf2de57ab504e
dv3-A-thomas-001656,3,A,thomas,1656,,,,3:1:1:1656,,test,3,339.23147810101983,1.2805665976247012,0.11809641685878747,,,,,,,,,264.90732987277187,0.006411928171866036,,,,,,,,5.121256411626696,0.19664343283397034,,1,301,1,exact,0.02384606657472749,269,,,,,,7.820900282240473e-05,a20f0ea0ac2d7a4d5bf5eb412dfd77a49deaaafc
dv3-A-thomas-001657,3,A,thomas,1657,,,,3:1:1:1657,,test,3,430.39488745611084,0.17536302359632824,1.2547725746943519,,,,,,,,,2454.3080897535488,0.06048274118477039,,,,,,,,0.10490114943614975,2.0893333860319987,,1,424,1,exact,0.22493631155171032,5106,,,,,,0.00021958299839752726,7332433ea0c736873d2f238b0a7a5334323a14aa
dv3-A-thomas-001658,3,A,thomas,1658,,,,3:1:1:1658,,test,3,403.84588856139504,1.967034806166347,0.33708170768521845,,,,,,,,,205.3069357468415,0.01677364133927278,,,,,,,,4.052818093385051,0.5612778601404795,,1,409,1,exact,0.062381448661876365,240,,,,,,8.458400043309666e-05,f29befd2806e59bef095225878d1f1f0fc35babc
dv3-A-thomas-001659,3,A,thomas,1659,,,,3:1:1:1659,,test,3,100.05840451293209,2.1156439665674784,0.13784680112538425,,,,,,,,,47.294538256014604,0.013780656437319115,,,,,,,,3.4769856894794278,0.22952997982055354,,1,107,1,exact,0.05125048847079074,63,,,,,,6.145800216472708e-05,0c02b3bb9ce397a979834875ad7125f8475ff7e3
dv3-A-thomas-001660,3,A,thomas,1660,,,,3:1:1:1660,,test,3,533.619724080334,7.9529023196949815,1.115337895524333,,,,,,,,,67.09748248244547,0.04828258585073329,,,,,,,,5.775921856358774,1.8571594158354117,,1,527,1,exact,0.1795637327393063,132,,,,,,9.745799980009906e-05,6b45eb5bca48563a6f5acc9aa1dcf9c2f1e7cb7b
dv3-A-thomas-001661,3,A,thomas,1661,,,,3:1:1:1661,,test,3,191.90884973104366,0.12753054823137916,0.1871272567922072,,,,,,,,,1504.8069062077793,0.013507953280370692,,,,,,,,0.35785246005617566,0.31158732103128545,,2,184,1,exact,0.05023630093446374,1851,,,,,,0.00010087500049849041,088e1786e679e00f087c185d154436bc7ea6a7b5
dv3-A-thomas-001662,3,A,thomas,1662,,,,3:1:1:1662,,test,3,768.9405033001169,28.30206622766613,1.1059835603254016,,,,,,,,,27.169058863569973,0.039884330166197864,,,,,,,,22.19317390214482,1.8415834260270416,,1,765,1,exact,0.14833048139944716,43,,,,,,9.937499999068677e-05,d3a11f8a985e9305b656c99bd68542c683b4367e
dv3-A-thomas-001663,3,A,thomas,1663,,,,3:1:1:1663,,test,3,453.67270985867975,4.063403947726562,1.0211982772415584,,,,,,,,,111.64843950907355,0.047944494683018285,,,,,,,,3.035470314910164,1.7004066692475128,,1,407,1,exact,0.17830636611298722,198,,,,,,9.612500070943497e-05,b2f6edc12c2aedccd2559a0f216fc3471791ddab
dv3-A-thomas-001664,3,A,thomas,1664,,,,3:1:1:1664,,test,3,414.78261584251095,8.5939521116884,1.0282069589751708,,,,,,,,,48.26447837408547,0.05048591895575944,,,,,,,,5.801190362714227,1.7120768898384242,,1,532,1,exact,0.1877579648798488,110,,,,,,9.620799755793996e-05,1491b1e3cea319d96a31d4a6794aeb23756f7b39
dv3-A-thomas-001665,3,A,thomas,1665,,,,3:1:1:1665,,test,3,150.74001237857865,0.11590630340503583,0.39532940437018715,,,,,,,,,1300.5333441772882,0.03219918244167061,,,,,,,,0.13337423951445995,0.6582666370692508,,1,162,1,exact,0.11974929031876809,2038,,,,,,0.0008115000018733554,91793752ce6a16f4cfaea0a98a0777678a4f3f38
dv3-A-thomas-001666,3,A,thomas,1666,,,,3:1:1:1666,,test,3,116.21832005678843,10.108833658846697,0.1446118916292955,,,,,,,,,11.496709113922408,0.013414259709923104,,,,,,,,10.662153245749447,0.24079459440841447,,1,129,1,exact,0.049887853001387955,12,,,,,,0.0001315829977102112,7121b1eb807d8da2b67573a04ec538cb16ba8e68
dv3-A-thomas-001667,3,A,thomas,1667,,,,3:1:1:1667,,test,3,293.93530618128113,0.10694369211378932,1.042009292126923,,,,,,,,,2748.505315007552,0.060777903388242585,,,,,,,,0.06511942612995261,1.7350592820588764,,1,291,1,exact,0.22603402465230682,5861,,,,,,0.0003787500027101487,643de565300b9521b0d8de4537254018db8e9d64
dv3-A-thomas-001668,3,A,thomas,1668,,,,3:1:1:1668,,test,3,223.2341939205428,6.405866911378952,0.16643423453041875,,,,,,,,,34.8483971035996,0.011139412942111477,,,,,,,,10.984254015390729,0.2771311788256037,,1,296,1,exact,0.041427660370010944,51,,,,,,0.0001311249980062712,7263199a80acaecbfdeb0a14dbcd0ee290c750c0
dv3-A-thomas-001669,3,A,thomas,1669,,,,3:1:1:1669,,test,3,116.12817693455233,1.7272068894024408,0.6335729049313352,,,,,,,,,67.23466519678428,0.05879329387062792,,,,,,,,1.0245632867617194,1.0549680870103215,,1,133,1,exact,0.21865322913910565,151,,,,,,0.00012799999967683107,1d34d167815b53375506552780bdf195ef8f149c
dv3-A-thomas-001670,3,A,thomas,1670,,,,3:1:1:1670,,test,3,178.70590466901527,28.605400006611923,1.0487242327349113,,,,,,,,,6.247278647657741,0.07844980205606675,,,,,,,,10.491311196509114,1.746240391592538,,1,199,1,exact,0.29175610712724714,13,,,,,,0.00012404100198182277,e25eb0df81e3a7a975e8f6fc7e8fcc85dbdc8859
dv3-A-thomas-001671,3,A,thomas,1671,,,,3:1:1:1671,,test,3,182.8894818501811,21.783789841849043,0.21321656557444266,,,,,,,,,8.39566866821449,0.015766183569070863,,,,,,,,20.1527701578988,0.35502886968841973,,1,238,1,exact,0.058634696606095014,14,,,,,,0.00012812500062864274,59d54a32a973e5a9d7e4dcff8ee0f9d0f6e205a6
dv3-A-thomas-001672,3,A,thomas,1672,,,,3:1:1:1672,,test,3,244.76361720675848,1.0576870693018268,0.2556535765730235,,,,,,,,,231.41402056501036,0.01634099290699955,,,,,,,,2.2627376314188825,0.4256911280696566,,1,225,1,exact,0.06077242200984567,298,,,,,,0.0001371669968648348,6f774eedd79236b32d5da38ca3b0e098b56e393a
dv3-A-thomas-001673,3,A,thomas,1673,,,,3:1:1:1673,,test,3,212.5430702069541,0.5977569696358408,0.12120857472267617,,,,,,,,,355.567698920244,0.00831399711722267,,,,,,,,2.157736202007714,0.2018255155944328,,1,202,1,exact,0.030919892338982118,406,,,,,,0.00013662499986821786,9e606e3353f1bbd1b57087686acf3089d57ba930
dv3-A-thomas-001674,3,A,thomas,1674,,,,3:1:1:1674,,test,3,179.39147273714823,27.10682126522271,0.1975109419904072,,,,,,,,,6.617945755495222,0.014746544396035954,,,,,,,,23.187188496488197,0.3288772910164281,,1,136,1,exact,0.05484264171236179,7,,,,,,0.00014566699974238873,a573e00360380340eddee431ba66de010108c38f
dv3-A-thomas-001675,3,A,thomas,1675,,,,3:1:1:1675,,test,3,149.9569417155546,1.5434592275988896,0.7355794817180682,,,,,,,,,97.15639975073253,0.06006843528037978,,,,,,,,0.885326906713729,1.2248201787547341,,1,130,1,exact,0.22339550106326,192,,,,,,0.0001292080014536623,1da17e237e8b18f95441c314483e5d4b490de318
dv3-A-thomas-001676,3,A,thomas,1676,,,,3:1:1:1676,,test,3,733.61390279051,0.48226283435189726,0.6629386153796673,,,,,,,,,1521.1910405171448,0.024475949041850555,,,,,,,,0.7767388679159363,1.1038652022976827,,1,678,1,exact,0.09102645798381538,2017,,,,,,0.0002863750014512334,606aa4c8da345819ef7d11da8eada88c54008215
dv3-A-thomas-001677,3,A,thomas,1677,,,,3:1:1:1677,,test,3,742.2954427137921,0.42158975390541065,0.17152115269123003,,,,,,,,,1760.7056050046608,0.006295486392305961,,,,,,,,2.4470291831632047,0.28560145316833424,,1,727,1,exact,0.023413017676947773,1889,,,,,,0.0002443750017846469,16485e97d6683dad9c2887e886b675c750555af2
dv3-A-thomas-001678,3,A,thomas,1678,,,,3:1:1:1678,,test,3,615.4194821659443,3.9134215777521484,0.462631082483677,,,,,,,,,157.2586724784807,0.018648726849643464,,,,,,,,7.241172411901774,0.770331281973325,,1,530,1,exact,0.06935492258658402,183,,,,,,0.00015499999790336005,9abe683889ea638a41d81b2760bc16020634f0d4
dv3-A-thomas-001679,3,A,thomas,1679,,,,3:1:1:1679,,test,3,369.59541222977293,0.5131765006367013,0.7753919472961678,,,,,,,,,720.2111004132372,0.04033276542716583,,,,,,,,0.4810283060744453,1.2911122823519419,,1,370,1,exact,0.14999821952764664,1176,,,,,,0.00020120800036238506,40d7500ea024988e043b1f975181cc0882c60873
dv3-A-thomas-001680,3,A,thomas,1680,,,,3:1:1:1680,,test,3,159.00079895004774,0.2580190601995277,0.35804874320725505,,,,,,,,,616.2366409175022,0.028395041016267338,,,,,,,,0.33815879166290974,0.5961902643528372,,1,143,1,exact,0.10560162564468845,946,,,,,,0.00015645799794583581,14691d7a0896ec9bd184a3624c1d6cd7f42d26d4
dv3-A-thomas-001681,3,A,thomas,1681,,,,3:1:1:1681,,test,3,794.5117409717863,0.6804074640397667,0.2306059876747631,,,,,,,,,1167.699919478471,0.008181264240410699,,,,,,,,3.0253044918714185,0.3839841567983984,,1,751,1,exact,0.030426256581956433,1282,,,,,,0.00023016699924482964,496c1e8ed006d3e6bcc618a70f9fe54d600fc524
dv3-A-thomas-001682,3,A,thomas,1682,,,,3:1:1:1682,,test,3,132.9006857330339,0.2491966995870433,0.5134018529989134,,,,,,,,,533.3163960568919,0.044534216996060944,,,,,,,,0.20463927635416612,0.8548701601823037,,1,130,1,exact,0.1656234871752112,917,,,,,,0.00015483400056837127,e154560a8aff4a1c834ffb8cf2deca471ccf4f37
dv3-A-thomas-001683,3,A,thomas,1683,,,,3:1:1:1683,,test,3,156.3646529651368,1.3342078772802435,0.5403738169292697,,,,,,,,,117.19661952819756,0.04321405347977688,,,,,,,,1.0881924082104693,0.8997814260666981,,1,146,1,exact,0.16071377729465364,195,,,,,,0.00013379099982557818,6822c74a78304ebd7da23547103f0aaf3d129df7
dv3-A-thomas-001684,3,A,thomas,1684,,,,3:1:1:1684,,test,3,135.5083816229634,1.4925307656881983,1.0862341633939143,,,,,,,,,90.7910139865567,0.09331261890992094,,,,,,,,0.5351127474580881,1.808698523061255,,1,144,1,exact,0.3470311680270394,243,,,,,,0.00014016600107424892,8110b5b916f74d2136caaa403f1d1fba6d36176b
dv3-A-thomas-001685,3,A,thomas,1685,,,,3:1:1:1685,,test,3,463.725907318355,0.18605881775126623,0.28949932854981625,,,,,,,,,2492.3618935292257,0.0134436402091488,,,,,,,,0.5503379231519836,0.4820480018224137,,1,479,1,exact,0.04999711956235924,3020,,,,,,0.00026058399816975,d93b917993ce00b0b9487a31526d8c101a87999a
dv3-A-thomas-001686,3,A,thomas,1686,,,,3:1:1:1686,,test,3,229.2144227630589,3.1350795209801348,0.16818460301583904,,,,,,,,,73.1127938634866,0.011108751808930376,,,,,,,,6.7727076465959115,0.28004573353312723,,1,209,1,exact,0.041313631110247676,79,,,,,,0.0001195840013679117,1b2533d129bb3f29784b0c677273e4cb7b27e5ee
dv3-A-thomas-001687,3,A,thomas,1687,,,,3:1:1:1687,,test,3,397.71047472271476,0.8849163865148795,0.10257721140720691,,,,,,,,,449.43282866423385,0.005143602204300935,,,,,,,,4.50051734834673,0.17080226071353619,,1,399,1,exact,0.019129141392421355,479,,,,,,0.00015429199993377551,16a8ff7c66a0a2cc3c85ff46d7f3dc4e24b0ca1d
dv3-A-thomas-001688,3,A,thomas,1688,,,,3:1:1:1688,,test,3,482.6890368351707,4.633301278719165,0.8174946908526203,,,,,,,,,104.1782106965869,0.03720927630613929,,,,,,,,4.472892323536447,1.361217948932571,,1,534,1,exact,0.13838191199440744,175,,,,,,0.0001703749985608738,feb8b4705bd40a683cd028e71ab4d839c2d4177d
dv3-A-thomas-001689,3,A,thomas,1689,,,,3:1:1:1689,,test,3,239.35304889274508,0.33057111076731394,0.28733592883180153,,,,,,,,,724.0591845341971,0.018572503639839356,,,,,,,,0.6850319620052878,0.47844570500039285,,1,256,1,exact,0.06907144721274819,937,,,,,,0.00016391700046369806,4583ce266f867e763fd3e74ddc4bd4aa3b7f9bc1
dv3-A-thomas-001690,3,A,thomas,1690,,,,3:1:1:1690,,test,3,186.17715577932492,1.8560202441659843,0.6850638899750949,,,,,,,,,100.3098734318951,0.05020741718769213,,,,,,,,1.3441753181784097,1.14070620107279,,1,176,1,exact,0.18672221221317792,188,,,,,,0.00013454199870466255,845e4e7259ffa2a2cd1968842c8d208574927638
dv3-A-thomas-001691,3,A,thomas,1691,,,,3:1:1:1691,,test,3,345.32390088855215,9.004962481906842,0.5148467348150051,,,,,,,,,38.348177638984254,0.02770541396778426,,,,,,,,9.941152116844139,0.8572760462194338,,1,494,1,exact,0.10303689128256374,66,,,,,,0.00014362500223796815,5eae67654f472c6d932a2752d9cdc75ef2c258fe
dv3-A-thomas-001692,3,A,thomas,1692,,,,3:1:1:1692,,test,3,350.2096312002758,2.920410137357922,0.27443404485178957,,,,,,,,,119.91796176858516,0.014664725695928745,,,,,,,,6.080841154821874,0.4569626590000317,,1,314,1,exact,0.05453835661784453,139,,,,,,0.00013404199853539467,d2d82166d28c07e5aaf644f97aa4c46fb7ad0c3b
dv3-A-thomas-001693,3,A,thomas,1693,,,,3:1:1:1693,,test,3,291.8089655765776,0.6024177218333322,0.19117424414052897,,,,,,,,,484.39638310858135,0.011191287847238171,,,,,,,,1.8980448953754143,0.31832599698756975,,1,287,1,exact,0.04162058399735857,603,,,,,,0.00016133300232468173,7b77a65ee6bb23d57c678a79c43c57d2b97f60d8
dv3-A-thomas-001694,3,A,thomas,1694,,,,3:1:1:1694,,test,3,127.22065369394713,2.7325881998512633,0.1891277544742277,,,,,,,,,46.556833444890025,0.016767814268643634,,,,,,,,4.058176197487827,0.3149183681708383,,1,112,1,exact,0.062359777690144655,56,,,,,,0.00011433300096541643,2f977e11a99c4fb73ba14ab277b316689cec5195
dv3-A-thomas-001695,3,A,thomas,1695,,,,3:1:1:1695,,test,3,125.75747006870304,0.7593756652399243,1.0844887148151363,,,,,,,,,165.60639986925318,0.09670705125322288,,,,,,,,0.2649571227457645,1.8057921605356542,,1,112,1,exact,0.3596551178705433,481,,,,,,0.00016754099851823412,6f4371647b689981b689e3e018d6f7986e7bbecc
dv3-A-thomas-001696,3,A,thomas,1696,,,,3:1:1:1696,,test,3,292.1216106870128,4.712348768424347,0.10094105668811285,,,,,,,,,61.99066008110613,0.0059058988355274,,,,,,,,12.350694111936647,0.16807788440163782,,1,357,1,exact,0.021964135130759906,76,,,,,,0.00013045900050201453,0edc832ff83fe4d967bfb80f28a32a162cc2b063
dv3-A-thomas-001697,3,A,thomas,1697,,,,3:1:1:1697,,test,3,601.2605204864982,5.396875630033719,0.7576325145987662,,,,,,,,,111.40900063371325,0.030897778847716797,,,,,,,,6.255683447219797,1.2615408871844092,,1,546,1,exact,0.11490934889862259,162,,,,,,0.0001729159994283691,e373c97d68713f66a1c8beb0734868bd4d059b9d
dv3-A-thomas-001698,3,A,thomas,1698,,,,3:1:1:1698,,test,3,108.18610292496957,2.815350424706731,0.1810225239940127,,,,,,,,,38.42722453857199,0.017403911952078556,,,,,,,,3.964878607224243,0.3014222741492405,,1,124,1,exact,0.0647254354611993,60,,,,,,0.00011379200077499263,d8dde50be73b8013cf7c205192e0b3057cb2c74e
dv3-A-thomas-001699,3,A,thomas,1699,,,,3:1:1:1699,,test,3,458.64690720466683,6.674653227673456,1.208313511710452,,,,,,,,,68.71471693886555,0.05642095037318012,,,,,,,,4.114522211908123,2.0119739717973752,,1,464,1,exact,0.2098304445629337,149,,,,,,0.0009463749993301462,62cad59f21fbf6b0fba2ae6861d936e48f168eb8
dv3-A-thomas-001700,3,A,thomas,1700,,,,3:1:1:1700,,test,3,226.29601526449048,22.781126942169493,0.14493577577601555,,,,,,,,,9.933486426678936,0.009634676699226914,,,,,,,,25.621207103393132,0.24133389688807977,,1,168,1,exact,0.03583152147646061,9,,,,,,0.0014681249995192047,151606bdceb0942f540e3686b47aa9589000b7e6
dv3-A-thomas-001701,3,A,thomas,1701,,,,3:1:1:1701,,test,3,267.7095249193627,2.4369976263722157,0.19625333381823207,,,,,,,,,109.85218944094039,0.011994582372584816,,,,,,,,5.682410495249313,0.32678323605088005,,1,255,1,exact,0.04460804957979904,136,,,,,,0.00012016600157949142,10735f5c0ac584ac74dad9ddeab546c42a16ecfd
dv3-A-thomas-001702,3,A,thomas,1702,,,,3:1:1:1702,,test,3,752.8389637886422,11.87023680333337,1.2301782535296732,,,,,,,,,63.42240481480807,0.04483498217011266,,,,,,,,9.167733333044044,2.0483811550441056,,1,561,1,exact,0.1667420378157605,84,,,,,,0.0001524580002296716,bf1cc4219f24fb409c174c13b379500c64e638c7
dv3-A-thomas-001703,3,A,thomas,1703,,,,3:1:1:1703,,test,3,367.8733148701961,0.22224601338085687,0.9994537369235816,,,,,,,,,1655.2527052072774,0.05210909771344329,,,,,,,,0.1571346930622652,1.6641996346290409,,1,377,1,exact,0.1937945934385165,3232,,,,,,0.0001838749994931277,bf2ae6810bf2fd2bef587f24a032b326de383d74
dv3-A-thomas-001704,3,A,thomas,1704,,,,3:1:1:1704,,test,3,102.15130870301792,2.101218336611134,0.4715995346144241,,,,,,,,,48.61527568228277,0.046660716183555453,,,,,,,,1.5297302088523934,0.7852647343261261,,1,112,1,exact,0.17353197270981138,87,,,,,,7.633399945916608e-05,b1ed952e593d0cd75abaadfce1ea0f5d6c107237
dv3-A-thomas-001705,3,A,thomas,1705,,,,3:1:1:1705,,test,3,570.1821915178657,13.188812445519458,0.20805550938691053,,,,,,,,,43.232261727368005,0.008713093934500673,,,,,,,,27.128463892629227,0.34643514743367204,,1,730,1,exact,0.032404139981731896,57,,,,,,9.304200284532271e-05,711fbd1b50277c2fe38cc6d447c65b9418e9986f
dv3-A-thomas-001706,3,A,thomas,1706,,,,3:1:1:1706,,test,3,425.6709478007097,0.22739898003282377,0.3917946456843677,,,,,,,,,1871.9123003070044,0.018989848123429874,,,,,,,,0.47117943482094293,0.6523808777828334,,1,401,1,exact,0.07062355822733532,2451,,,,,,0.00014254100096877664,56dbcc6ac1f7f61b4ea4795034192101d2e5408c
dv3-A-thomas-001707,3,A,thomas,1707,,,,3:1:1:1707,,test,3,454.8949225061044,16.489222225405978,0.22884450743280765,,,,,,,,,27.587409296068515,0.010729635004568503,,,,,,,,27.13456830426469,0.38105109980259205,,1,415,1,exact,0.0399036894649126,27,,,,,,7.445799928973429e-05,34c196d74cf9883b4051797659f80824628deae3
dv3-A-thomas-001708,3,A,thomas,1708,,,,3:1:1:1708,,test,3,426.01702567460177,2.86829666068021,0.7026996908018419,,,,,,,,,148.52613800888113,0.03404523093915606,,,,,,,,3.0668294549711677,1.1700717356723238,,1,423,1,exact,0.12661477511386718,218,,,,,,8.979099948192015e-05,ac4cbca8e8cdadc4927d146b4a4bfb3ba579311a
dv3-A-thomas-001709,3,A,thomas,1709,,,,3:1:1:1709,,test,3,134.41413755938723,25.760781917617635,0.26871231319681643,,,,,,,,,5.217781742388117,0.023177420102171033,,,,,,,,17.29094761133605,0.447435350853722,,1,51,1,exact,0.08619720745030596,4,,,,,,6.566599768120795e-05,e0e670b27672bcc5133153a79874c421810ae5d7
dv3-A-thomas-001710,3,A,thomas,1710,,,,3:1:1:1710,,test,3,281.8069674491051,0.39195305889234633,0.1013747154872605,,,,,,,,,718.9814215138097,0.006038843643787574,,,,,,,,2.0362682331436526,0.1687999736674368,,1,279,1,exact,0.022458559064335238,832,,,,,,9.170799967250787e-05,229f1495288fc4c4112482250134ec4ae5dadfc5
dv3-A-thomas-001711,3,A,thomas,1711,,,,3:1:1:1711,,test,3,232.31865113912633,0.5147006424079282,0.13228419714442693,,,,,,,,,451.36654590572897,0.00867892483503138,,,,,,,,1.9158373724945186,0.22026763663177318,,1,232,1,exact,0.032277064537512425,479,,,,,,8.129100024234504e-05,353b913532d06c617bf0eb82b18c1870cb0e5f64
dv3-A-thomas-001712,3,A,thomas,1712,,,,3:1:1:1712,,test,3,721.1040555680178,26.74869404134023,1.1611457937732237,,,,,,,,,26.95847709250957,0.04324020898163139,,,,,,,,19.62223768396081,1.933434569664525,,1,611,1,exact,0.16081105003723592,40,,,,,,9.499999941908754e-05,ff497cc5b05fc0ae5faf8b00396d60065157780e
dv3-A-thomas-001713,3,A,thomas,1713,,,,3:1:1:1713,,test,3,233.39809777537525,1.032286264380652,0.6644878120354689,,,,,,,,,226.0982305285334,0.04349490268398001,,,,,,,,0.8995932448397037,1.1064447839364382,,1,204,1,exact,0.16175826011501218,378,,,,,,8.399999933317304e-05,7ff92cd5d3903294e445ff9bf4519e6df99d41bb
dv3-A-thomas-001714,3,A,thomas,1714,,,,3:1:1:1714,,test,3,246.11369843941824,1.4897820686212526,1.05333458982028,,,,,,,,,165.20114157850543,0.0671426460570323,,,,,,,,0.8022133897448729,1.7539171396935522,,1,254,1,exact,0.24970460756321894,386,,,,,,9.375000081490725e-05,6f03c6bb71d93e86de515e485e92a03ab13219e9
dv3-A-thomas-001715,3,A,thomas,1715,,,,3:1:1:1715,,test,3,472.62214284136394,0.16738771415048226,0.3674128628222071,,,,,,,,,2823.517515846322,0.016900413247144155,,,,,,,,0.39560654097744485,0.6117825462825582,,1,452,1,exact,0.06285291547714268,3655,,,,,,0.00016458300160593353,24073e83a5d856ba0025645b14a2c9763449f131
dv3-A-thomas-001716,3,A,thomas,1716,,,,3:1:1:1716,,test,3,681.385887570768,12.754291979881536,1.1779852851606607,,,,,,,,,53.424046481417996,0.04512771024672835,,,,,,,,9.710246226229868,1.961474162072847,,1,621,1,exact,0.16783069835844996,93,,,,,,0.00010008399840444326,c7334073fefb6a8e41fb0b0ba45f7f494a81a7f5
dv3-A-thomas-001717,3,A,thomas,1717,,,,3:1:1:1717,,test,3,761.4100935362405,8.723488184037953,0.19176670947578098,,,,,,,,,87.28275633243271,0.006949665495203703,,,,,,,,24.373491000531075,0.3193125164812,,1,639,1,exact,0.025845920545065088,77,,,,,,8.466700091958046e-05,4408875f518a3cfba23ad6ce15c074f36d7dd001
dv3-A-thomas-001718,3,A,thomas,1718,,,,3:1:1:1718,,test,3,265.56439398423186,2.4809825329823796,0.26992533525171564,,,,,,,,,107.04000953404453,0.01656375227160428,,,,,,,,4.717985161606768,0.4494551650642066,,1,337,1,exact,0.061600867759100286,157,,,,,,7.829100286471657e-05,77f93fe7c78af2f57426cbfd011e8d116f71755d
dv3-A-thomas-001719,3,A,thomas,1719,,,,3:1:1:1719,,test,3,242.5293888910535,0.9351884096673212,0.36744880521970996,,,,,,,,,259.3374622524776,0.02359471051654087,,,,,,,,1.4694670874238722,0.6118423943001124,,1,250,1,exact,0.08774911738057001,344,,,,,,8.079200051724911e-05,df923de22a4ed31dd1d3f6b73dc145c42d703590
dv3-A-thomas-001720,3,A,thomas,1720,,,,3:1:1:1720,,test,3,100.98061529208124,0.10846942433902983,0.1475341691094994,,,,,,,,,930.9592625517978,0.01468160748099741,,,,,,,,0.2650029263085404,0.24566050559086658,,1,92,1,exact,0.05460114025481881,1147,,,,,,8.912500197766349e-05,6e7d0d6472b60bb84a307ad69e37def2c9e0c719
dv3-A-thomas-001721,3,A,thomas,1721,,,,3:1:1:1721,,test,3,165.6156157340602,1.8568416924193647,0.2158152374843969,,,,,,,,,89.19210313415141,0.016769938220712047,,,,,,,,3.2306426208115626,0.3593559422514565,,1,148,1,exact,0.06236767670290141,108,,,,,,8.216700007324107e-05,2dc3561a52b8b6199c42a6bbfd0a6a9d9e3faf6f
dv3-A-thomas-001722,3,A,thomas,1722,,,,3:1:1:1722,,test,3,124.64015750707824,0.8688095727113327,0.17192628775558083,,,,,,,,,143.46084737315698,0.015399736555478149,,,,,,,,1.7102830385160432,0.28627604730026807,,1,103,1,exact,0.05727187412149771,174,,,,,,6.741700053680688e-05,9ef810edfdc03837d9790cc98c006d53b2569b48
dv3-A-thomas-001723,3,A,thomas,1723,,,,3:1:1:1723,,test,3,225.01651520661926,0.4033452054591405,0.44822554879872245,,,,,,,,,557.8757653768957,0.02988060664138734,,,,,,,,0.5190660438817347,0.7463444949821321,,1,206,1,exact,0.11112646869473601,818,,,,,,0.0034444159973645583,b80081c9ae8e81eff1c40cc4e518f7cd230ca1d5
dv3-A-thomas-001724,3,A,thomas,1724,,,,3:1:1:1724,,test,3,227.83321551751698,5.5805212406095706,0.6870636990109174,,,,,,,,,40.82651166338547,0.04551855674095395,,,,,,,,4.247184071095447,1.1440361015412075,,1,208,1,exact,0.16928426291375753,75,,,,,,0.0002738330003921874,de644043974fb83c25769f2f31cfb15e86fd18c0
dv3-A-thomas-001725,3,A,thomas,1725,,,,3:1:1:1725,,test,3,108.05190045401176,2.7625306242204535,0.140272085383898,,,,,,,,,39.11337652030643,0.013494445655038979,,,,,,,,4.350506741958906,0.23356834300614113,,3,109,1,exact,0.05018606585317574,49,,,,,,0.00016950000281212851,b37f0649e5cab64f2bb2a8f61dc3d8eb8fb9f16a
dv3-A-thomas-001726,3,A,thomas,1726,,,,3:1:1:1726,,test,3,795.7898551597798,10.421780104239245,1.3098916183085456,,,,,,,,,76.35834254803343,0.046434007158885515,,,,,,,,7.837696620907585,2.181112613879197,,1,809,1,exact,0.17268883810966232,130,,,,,,0.00031524999940302223,adb09a533b75cf7a48a65045a209c836e1537b30
dv3-A-thomas-001727,3,A,thomas,1727,,,,3:1:1:1727,,test,3,722.9527444271121,0.7040842952425406,0.15503604586183092,,,,,,,,,1026.798565615033,0.005766041024111944,,,,,,,,4.056869817456358,0.25815194975584727,,1,724,1,exact,0.021444001624486075,1090,,,,,,0.00033870900006149895,4383f4b2192806fb556809ca07c8d5187a2e9983
dv3-A-thomas-001728,3,A,thomas,1728,,,,3:1:1:1728,,test,3,153.45722849317582,1.0620696119014037,0.6061079330514894,,,,,,,,,144.48886096876848,0.04892786811859672,,,,,,,,0.7696069923521156,1.0092359090425571,,1,130,1,exact,0.18196354813126261,272,,,,,,0.0001004170007945504,aaa00284891898c11699958872b3d785d5a7e560
dv3-A-thomas-001729,3,A,thomas,1729,,,,3:1:1:1729,,test,3,347.94964869730603,15.056968305954138,0.7024844395095577,,,,,,,,,23.108878336398742,0.037659843212024514,,,,,,,,12.21411026747693,1.169713318760426,,1,433,1,exact,0.14005757774519537,41,,,,,,9.245799810742028e-05,d573da6769138e0c280699ffbcce560ccd4f6561
dv3-A-thomas-001730,3,A,thomas,1730,,,,3:1:1:1730,,test,3,710.8693256219829,0.8894655767434838,1.346386392216195,,,,,,,,,799.2094851209661,0.05049807538459327,,,,,,,,0.6488864627674594,2.241880398479139,,1,725,1,exact,0.18780317483908607,1541,,,,,,0.0001793749979697168,e1827250c9565ef345d6c2b97caf95414a4d490c
dv3-A-thomas-001731,3,A,thomas,1731,,,,3:1:1:1731,,test,3,331.42872178552807,28.71688891173257,0.799265773317338,,,,,,,,,11.54124747998449,0.04390319683442322,,,,,,,,18.269842827328468,1.3308648102317457,,1,173,1,exact,0.1632767127914256,19,,,,,,8.012499893084168e-05,537cd0c43ed5a798e026a8ed5396de46072041e5
dv3-A-thomas-001732,3,A,thomas,1732,,,,3:1:1:1732,,test,3,598.5130433421193,0.2590070366326179,0.25317386744988235,,,,,,,,,2310.7983903582713,0.010348611092509499,,,,,,,,0.9739534514930493,0.4215621415400546,,1,581,1,exact,0.03848665525461235,2653,,,,,,0.0003699589979078155,aac1a111e8f71f591e042586487de849a0643370
dv3-A-thomas-001733,3,A,thomas,1733,,,,3:1:1:1733,,test,3,381.8236381741746,9.790090509327804,1.3822498965940944,,,,,,,,,39.00103250428386,0.07073838825820203,,,,,,,,4.558053325497786,2.3015970503633283,,1,432,1,exact,0.2630772320868179,99,,,,,,0.00025320799977635033,40143eb2ccc0bcfc7db5c933a613481032c8218b
dv3-A-thomas-001734,3,A,thomas,1734,,,,3:1:1:1734,,test,3,541.5868273637842,11.510086697218508,0.6357773036781653,,,,,,,,,47.05323614066803,0.027319388477954634,,,,,,,,13.357597152146461,1.0586386516933288,,1,531,1,exact,0.10160125612208125,65,,,,,,0.0001735420009936206,1aeb10eb6f35f4a9a5ab9292ae9fe51faff5cd12
dv3-A-thomas-001735,3,A,thomas,1735,,,,3:1:1:1735,,test,3,117.31166403298015,2.317275181792853,0.12468772424073221,,,,,,,,,50.62483081625949,0.011512061494399862,,,,,,,,4.231005394196567,0.20761867954276209,,1,110,1,exact,0.042813546479252645,61,,,,,,0.0001332079991698265,b1c330191acff3e241931211b9f717be37eb07f6
dv3-A-thomas-001736,3,A,thomas,1736,,,,3:1:1:1736,,test,3,211.28168919220727,6.595633525583982,0.2581899267205436,,,,,,,,,32.03357014495438,0.017762674770602428,,,,,,,,8.953174081839212,0.42991442809131325,,1,162,1,exact,0.06605968029765813,31,,,,,,0.00013508300253306516,cf8fff05d149308667f92901e14dd1b0e34a6f4b
dv3-A-thomas-001737,3,A,thomas,1737,,,,3:1:1:1737,,test,3,123.0889503953318,4.068439306352646,0.2778282934522069,,,,,,,,,30.25458686409187,0.025041880404462143,,,,,,,,4.350561635981564,0.46261445364741766,,1,168,1,exact,0.09313116605100427,58,,,,,,0.0001394159990013577,9878ea3ad66bc6591c8ffc21e2fe5ad065f68402
dv3-A-thomas-001738,3,A,thomas,1738,,,,3:1:1:1738,,test,3,245.43060759687992,0.20325494536414188,1.2872328934192843,,,,,,,,,1207.501284444411,0.08216611778381015,,,,,,,,0.08721792813763116,2.1433833621001805,,1,273,1,exact,0.30557714658388313,3312,,,,,,0.0004487080004764721,3cddf00a594bc5a0e979e2b2ec4da65f481846b9
dv3-A-thomas-001739,3,A,thomas,1739,,,,3:1:1:1739,,test,3,558.5049368659303,26.382123871309147,0.3335159734281546,,,,,,,,,21.169824673339154,0.014112473215621929,,,,,,,,36.15819867125434,0.5553405231447166,,1,516,1,exact,0.05248452053944969,24,,,,,,0.00017375000243191607,cf86673150ebd6633df2a08a737a8daf0d6b81c9
dv3-A-thomas-001740,3,A,thomas,1740,,,,3:1:1:1740,,test,3,610.908318784648,6.664550950982573,0.9402052645386064,,,,,,,,,91.66533848684587,0.03803948767566567,,,,,,,,6.247263420390221,1.5655444568527195,,1,568,1,exact,0.14146948176408883,162,,,,,,0.00022333300148602575,0cda9dc496d01ccd584fc80030eb850b19695936
dv3-A-thomas-001741,3,A,thomas,1741,,,,3:1:1:1741,,test,3,787.1804752688627,1.369407097463374,0.19095859491523762,,,,,,,,,574.8330622259803,0.006806158422267128,,,,,,,,6.353646781390583,0.31796691747375194,,1,843,1,exact,0.025312215375034475,693,,,,,,0.00027329099975759163,12325b7db582d852d7b739f47fb14f41df9c596c
dv3-A-thomas-001742,3,A,thomas,1742,,,,3:1:1:1742,,test,3,632.0945126395878,0.365346627802807,0.9474555831591609,,,,,,,,,1730.122750662847,0.03768494183283746,,,,,,,,0.37085005422820566,1.5776170292525298,,1,716,1,exact,0.14015091992976092,2943,,,,,,0.0003292920009698719,f2f93bcd43a90a49788920143e2e17f9addca246
dv3-A-thomas-001743,3,A,thomas,1743,,,,3:1:1:1743,,test,3,213.19528852273925,0.660558454217405,0.2197708342648198,,,,,,,,,322.75007179390633,0.015051551030945949,,,,,,,,1.5197977580397195,0.36594244293029976,,1,212,1,exact,0.055976966415765425,417,,,,,,0.0001537910029583145,5b40ead000f46e2e5faf432729aa520ef4e15c93
dv3-A-thomas-001744,3,A,thomas,1744,,,,3:1:1:1744,,test,3,125.87727303431171,1.0384216964935093,0.15738681226335755,,,,,,,,,121.21980257092838,0.014027965083856552,,,,,,,,2.1103605359380397,0.2620662325705384,,1,125,1,exact,0.05217023340425919,159,,,,,,0.0001315000008617062,acd1eedaf935c00bfd4eb268227cc84e27cb146c
dv3-A-thomas-001745,3,A,thomas,1745,,,,3:1:1:1745,,test,3,236.7342703476546,21.596018857807593,1.3773717538767434,,,,,,,,,10.96194034216951,0.08952010984903523,,,,,,,,7.400591377329826,2.293474409936896,,1,275,1,exact,0.33292676430836543,27,,,,,,0.00014654200276709162,f31b66f6baf9f49c2df1963882499e6531ea2fa9
dv3-A-thomas-001746,3,A,thomas,1746,,,,3:1:1:1746,,test,3,142.28230949356148,0.29737493442796153,0.17541119548483236,,,,,,,,,478.4610033366113,0.014705569752005675,,,,,,,,0.6954970293613139,0.292078799299163,,1,153,1,exact,0.05469025633572751,609,,,,,,0.0001520000005257316,4d91ebac996875deb4f0f2a2d8e24cc5df9c2c8f
dv3-A-thomas-001747,3,A,thomas,1747,,,,3:1:1:1747,,test,3,484.8675140504109,0.12781378328286902,0.4290689613107085,,,,,,,,,3793.546373455937,0.01948567950908689,,,,,,,,0.2618903676570874,0.7144466844877483,,1,456,1,exact,0.0724675633246001,4989,,,,,,0.0006275840023590717,944ad9b923a007747069e61df1dfab51a61482a4
dv3-A-thomas-001748,3,A,thomas,1748,,,,3:1:1:1748,,test,3,100.99593618927432,0.222568842619379,0.8071008886229235,,,,,,,,,453.77392001804225,0.08031115574916918,,,,,,,,0.09822712036031657,1.3439111329849807,,1,97,1,exact,0.2986785121971589,1213,,,,,,0.00018825000006472692,db43a07f725956e5063122857cabf4ea3a536f7a
dv3-A-thomas-001749,3,A,thomas,1749,,,,3:1:1:1749,,test,3,179.69806531950033,5.671806140147522,0.3478777063018035,,,,,,,,,31.682688173617027,0.025951047776954003,,,,,,,,6.270241800165836,0.5792543770010595,,1,226,1,exact,0.09651237449733992,53,,,,,,0.0001337080029770732,8274cc6b37c0becd3cb31280e4b950efeb61f700
dv3-A-thomas-001750,3,A,thomas,1750,,,,3:1:1:1750,,test,3,154.6279929337294,0.8194004595806196,1.209559495466584,,,,,,,,,188.7086968597383,0.09727095410571428,,,,,,,,0.28040013519838214,2.0140486708405656,,1,148,1,exact,0.3617522818751543,587,,,,,,0.00017545800074003637,beba6ce751f6fc7a8f125c591772077385df0d94
dv3-A-thomas-001751,3,A,thomas,1751,,,,3:1:1:1751,,test,3,199.04409418503016,1.4985590672787936,0.775852539758831,,,,,,,,,132.8236560914951,0.05499263606507899,,,,,,,,1.007583145305389,1.2918792191092514,,1,205,1,exact,0.20451852010469335,259,,,,,,0.0001519170000392478,0f4b42e056bea4a5f6a4d28a8fdcb5de6d3c9a17
dv3-A-thomas-001752,3,A,thomas,1752,,,,3:1:1:1752,,test,3,127.26719895309006,0.10418246535834053,0.19334148779284965,,,,,,,,,1221.5798360630888,0.017138263403531737,,,,,,,,0.22386575542597456,0.3219346943800534,,1,107,1,exact,0.06373748412981631,1554,,,,,,0.00017899999875226058,d6a03cb580d3c0bcf6cf88a0b635eb892ad29873
dv3-A-thomas-001753,3,A,thomas,1753,,,,3:1:1:1753,,test,3,177.67987320601117,0.6725727641515077,0.2011803984390626,,,,,,,,,264.17940582260326,0.015092686326174356,,,,,,,,1.5047024533680575,0.3349873367899689,,1,177,1,exact,0.05612994925685396,312,,,,,,0.0001379589994030539,b8480991348d0c2b7d62dfe7569a29c901c8edde
dv3-A-thomas-001754,3,A,thomas,1754,,,,3:1:1:1754,,test,3,281.985960228389,0.1401260363006025,0.29039351822008047,,,,,,,,,2012.3737720195297,0.017293112846560512,,,,,,,,0.31959911102244953,0.48353692528886977,,1,287,1,exact,0.06431337176120396,2578,,,,,,0.0005190410010982305,e2fd284c94af89363c8eff65b69cc83a167bad4a
dv3-A-thomas-001755,3,A,thomas,1755,,,,3:1:1:1755,,test,3,565.6859006542452,0.3199438057519539,0.6031350584671471,,,,,,,,,1768.0789266250406,0.02535869476643093,,,,,,,,0.49857569277613206,1.0042857481553817,,1,575,1,exact,0.09430940388599532,2515,,,,,,0.00028174999897601083,b18d6f5cf60614b64b993aa37de81ce2178bc895
dv3-A-thomas-001756,3,A,thomas,1756,,,,3:1:1:1756,,test,3,215.35013251470602,16.23963637068207,0.15052905521099602,,,,,,,,,13.260773061611431,0.010257647346753,,,,,,,,19.948187567048326,0.2506473180582528,,1,188,1,exact,0.038148359584565125,14,,,,,,0.0001287500017497223,065dc22bc4a87932f18cb90864c87908bf16a530
dv3-A-thomas-001757,3,A,thomas,1757,,,,3:1:1:1757,,test,3,158.15942433395486,9.157209981296628,0.12866797539132005,,,,,,,,,17.271573400303314,0.01023111413501789,,,,,,,,12.1262974520587,0.21424623244073734,,1,100,1,exact,0.03804968213271017,12,,,,,,0.00032191599893849343,882bc6bebbf0e37797af410689c3821e68a6c46d
dv3-A-thomas-001758,3,A,thomas,1758,,,,3:1:1:1758,,test,3,268.0933238955122,0.1695885580871137,0.4697141255497698,,,,,,,,,1580.8455884022487,0.028687362490360226,,,,,,,,0.23321667995441034,0.7821253223047332,,1,245,1,exact,0.10668877402589261,2345,,,,,,0.0008379999999306165,6e269c4470b260e6d91fe85e797909fbf3168c96
dv3-A-thomas-001759,3,A,thomas,1759,,,,3:1:1:1759,,test,3,500.1879311176884,1.369151064969051,0.9410830244858126,,,,,,,,,365.3270584345599,0.042078605168056206,,,,,,,,1.21902002164546,1.5670060230357916,,1,444,1,exact,0.15649102630498163,619,,,,,,0.00016549999782000668,8991a8c4ce553d951e85c4c8defedc9c0891fbed
dv3-A-thomas-001760,3,A,thomas,1760,,,,3:1:1:1760,,test,3,708.6111219514165,2.695509119292917,0.40633731198567125,,,,,,,,,262.88581881603824,0.015264504844811677,,,,,,,,6.251041923722411,0.6765960055581892,,1,753,1,exact,0.05676894516017273,336,,,,,,0.00012120799874537624,e7851cf93dfeff003abccc1e36f8c96cf9a900af
dv3-A-thomas-001761,3,A,thomas,1761,,,,3:1:1:1761,,test,3,497.8729163099042,0.1733765669920323,0.21573040416474265,,,,,,,,,2871.627492386468,0.00966834426670467,,,,,,,,0.7071009063629936,0.3592146855085406,,1,525,1,exact,0.035956731714935575,3352,,,,,,0.00031262500124285,4bb5fc0bf59eedf27f596548884f866ddcebf579
dv3-A-thomas-001762,3,A,thomas,1762,,,,3:1:1:1762,,test,3,795.3932478005476,0.584491290764978,0.2962224443497767,,,,,,,,,1360.8299394154233,0.010503330017756848,,,,,,,,2.1388572784643305,0.4932427239436221,,1,755,1,exact,0.03906205748821922,1521,,,,,,0.00018325000201002695,c2fb12dd026e49553dee57f6ffcdae0e0456f26a
dv3-A-thomas-001763,3,A,thomas,1763,,,,3:1:1:1763,,test,3,195.09816098115525,0.35016094413198223,0.2045686864895039,,,,,,,,,557.1671091554376,0.014645782112031495,,,,,,,,0.866385901228703,0.3406292064706198,,1,200,1,exact,0.054467905117037044,670,,,,,,0.0002522079994378146,1bb38daa94ffddd888fa8a3d5a99e7334c7dab0f
dv3-A-thomas-001764,3,A,thomas,1764,,,,3:1:1:1764,,test,3,183.0952839021834,7.6751427908413055,0.23308257658182693,,,,,,,,,23.85561922322406,0.01722547597830046,,,,,,,,9.723494404281592,0.3881079478274344,,1,167,1,exact,0.06406182913312022,30,,,,,,9.862500155577436e-05,8f5d38ff5a639e2a035b757badd807ab046ba46b
dv3-A-thomas-001765,3,A,thomas,1765,,,,3:1:1:1765,,test,3,501.0825720789724,3.1380090815776773,0.5793964781569811,,,,,,,,,159.68168321139666,0.025883392734159502,,,,,,,,4.408164860145469,0.9647584191562498,,1,447,1,exact,0.09626076427786297,216,,,,,,9.974999920814298e-05,d2a07ca862952b2043637ea9647be504d5475bcb
dv3-A-thomas-001766,3,A,thomas,1766,,,,3:1:1:1766,,test,3,735.6119432347455,4.025563339746767,0.47655539782795214,,,,,,,,,182.73515559216617,0.0175706977130301,,,,,,,,7.955727757598376,0.7935167878675052,,1,680,1,exact,0.06534571445571737,224,,,,,,0.00010262499927193858,8fefb0e27df968acc167611d637b04bdf2741d29
dv3-A-thomas-001767,3,A,thomas,1767,,,,3:1:1:1767,,test,3,129.13102392743266,0.6194529794265881,0.13575811342022834,,,,,,,,,208.45976727235373,0.011946769836476632,,,,,,,,1.551347880002749,0.22605208666016166,,2,134,1,exact,0.04443023396980126,262,,,,,,7.245899905683473e-05,ede1a199042bea412c3d33b58de582bb36415e99
dv3-A-thomas-001768,3,A,thomas,1768,,,,3:1:1:1768,,test,3,132.4879718467478,0.4834512872457463,1.0471434016293895,,,,,,,,,274.04616626742364,0.09097413491421799,,,,,,,,0.1807700503756629,1.7436081351398105,,2,111,1,exact,0.3383343074960459,743,,,,,,9.533299817121588e-05,2891724671425980618b9fe511099c618acbbba8
dv3-A-thomas-001769,3,A,thomas,1769,,,,3:1:1:1769,,test,3,131.47877853605496,1.0782596863976284,0.5357575807226923,,,,,,,,,121.93609776445793,0.046724051554300136,,,,,,,,0.8194117451467526,0.8920948885867398,,1,147,1,exact,0.1737675179977233,237,,,,,,7.524999818997458e-05,0b688b44698df1e546001b4021382162dc89008d
dv3-A-thomas-001770,3,A,thomas,1770,,,,3:1:1:1770,,test,3,105.4265751862721,0.27061933763592605,0.14326643881841253,,,,,,,,,389.5751726659914,0.0139530585446937,,,,,,,,0.6496151246773104,0.23855426852482306,,3,110,1,exact,0.05189165475024412,500,,,,,,0.0008946249981818255,999ffbc67026cac3c3d35fd6f75ea47c7504df6e
dv3-A-thomas-001771,3,A,thomas,1771,,,,3:1:1:1771,,test,3,414.4365810287138,0.5359359229707115,0.4680213614851053,,,,,,,,,773.2950214112864,0.0229898763011111,,,,,,,,0.9044151613869799,0.7793066852494562,,1,429,1,exact,0.08549972896241904,1097,,,,,,0.00026162500216742046,d7e3457fa114aecf92b6d7b05c18c2d020bb7575
dv3-A-thomas-001772,3,A,thomas,1772,,,,3:1:1:1772,,test,3,161.7762995086609,2.726407382418451,0.30365064092182653,,,,,,,,,59.336803645667125,0.023873536264731644,,,,,,,,3.493702286633286,0.5056114825609139,,1,176,1,exact,0.08878607493466101,85,,,,,,0.00025758300034794956,0d1052f2016048d6201286de22c59ebbf78cc129
dv3-A-thomas-001773,3,A,thomas,1773,,,,3:1:1:1773,,test,3,106.4310849961246,5.842194905421888,0.17583280241853036,,,,,,,,,18.21765393300222,0.017043769539235594,,,,,,,,6.740876550615383,0.29278082089265567,,1,93,1,exact,0.06338605989072454,26,,,,,,0.0002058749996649567,dd973834018f13131984372c2c6bc4e019ea754b
dv3-A-thomas-001774,3,A,thomas,1774,,,,3:1:1:1774,,test,3,155.6790199869313,7.105125901388108,0.20130702792455832,,,,,,,,,21.91080385451252,0.016134068352269482,,,,,,,,8.7758477831147,0.33519818871408485,,1,165,1,exact,0.060002866179558974,32,,,,,,0.00013791699893772602,c5c6e9c20c194228940ca436371c739529b37f8c
dv3-A-thomas-001775,3,A,thomas,1775,,,,3:1:1:1775,,test,3,679.1233116292716,17.198503287855825,0.618943697671587,,,,,,,,,39.48734958284497,0.023750722528017725,,,,,,,,21.27249890883364,1.0306088590869513,,1,573,1,exact,0.08832932862318153,52,,,,,,0.0001833749993238598,1d1e36f3c51f7443ddef62edf7f114e126d326fb
dv3-A-thomas-001776,3,A,thomas,1776,,,,3:1:1:1776,,test,3,517.0131220498117,1.9126398077362408,1.3711211193545028,,,,,,,,,270.3138980787696,0.06030107262997625,,,,,,,,1.133833475063202,2.2830664207485905,,1,451,1,exact,0.224260683201542,557,,,,,,0.00014133299919194542,80388afbc010945ad7adc2269199bac63f1d71a8
dv3-A-thomas-001777,3,A,thomas,1777,,,,3:1:1:1777,,test,3,221.34230231994812,1.208131760438013,0.1666632109181356,,,,,,,,,183.21039936877378,0.011202308619370202,,,,,,,,3.206334988240884,0.2775124495204835,,1,222,1,exact,0.041661570430600044,231,,,,,,9.083299664780498e-05,724b6ad5d207f01c475f0802cb507fc110fb2773
dv3-A-thomas-001778,3,A,thomas,1778,,,,3:1:1:1778,,test,3,715.8712598975488,8.115131025407235,0.14897410130587313,,,,,,,,,88.2143809700996,0.005567924153084769,,,,,,,,24.592134240950656,0.24805814997055733,,1,743,1,exact,0.020707201715089114,101,,,,,,0.0001020419986161869,b614fa548a7ec8926d6f513c8615436cd298ba81
dv3-A-thomas-001779,3,A,thomas,1779,,,,3:1:1:1779,,test,3,260.0240457239478,4.957677276917063,0.8884313111924995,,,,,,,,,52.44876404816007,0.055095623281639194,,,,,,,,3.163174032254085,1.4793351696603898,,1,310,1,exact,0.20490153126087196,114,,,,,,8.94170007086359e-05,3de575b14f768c93c8993ab126407e93d0219f06
dv3-A-thomas-001780,3,A,thomas,1780,,,,3:1:1:1780,,test,3,100.10144644313095,2.8117228009851765,0.11294313049435017,,,,,,,,,35.601463418818255,0.011288588565098944,,,,,,,,4.59916721300602,0.18806264818331364,,1,104,1,exact,0.041982446971129454,37,,,,,,6.520799797726795e-05,3e7d2de12b422b540a222ad2342800d1f5807b0c
dv3-A-thomas-001781,3,A,thomas,1781,,,,3:1:1:1781,,test,3,109.83548434307534,0.19245760324789854,0.13206323698377254,,,,,,,,,570.699637164242,0.012601162243283006,,,,,,,,0.5231980076709035,0.21989971383050325,,1,95,1,exact,0.04686393011867118,636,,,,,,7.824999920558184e-05,c77d2a82c5576026a9e8ee7c5cca6a9e8468c703
dv3-A-thomas-001782,3,A,thomas,1782,,,,3:1:1:1782,,test,3,229.99172418690014,0.1455740340526912,1.3371553051878426,,,,,,,,,1579.8952449421959,0.08817099610351556,,,,,,,,0.057592025407834424,2.226509630336234,,1,224,1,exact,0.32790938804802294,4323,,,,,,0.00018295900008524768,8a9753b37beae88042d3a90489e0181df200dfde
dv3-A-thomas-001783,3,A,thomas,1783,,,,3:1:1:1783,,test,3,469.7704899915343,13.895781402947282,0.5360701002349045,,,,,,,,,33.806698333056424,0.024733109420986485,,,,,,,,16.148752618491617,0.8926152677086779,,1,468,1,exact,0.09198284167322794,48,,,,,,8.379099745070562e-05,1956428bc1fd3351b769eb21bf2d187fe17c57c6
dv3-A-thomas-001784,3,A,thomas,1784,,,,3:1:1:1784,,test,3,293.84947885681214,2.393201477301665,0.16218786692364073,,,,,,,,,122.78509838967986,0.009461410807425638,,,,,,,,6.5219342628477905,0.2700605129622163,,1,259,1,exact,0.03518714276848449,127,,,,,,0.0002272079982503783,882fd982192fe4f0388d1de08a2c6218135b8943
dv3-A-thomas-001785,3,A,thomas,1785,,,,3:1:1:1785,,test,3,533.8609051081543,0.5745390902009239,0.10070870173387897,,,,,,,,,929.1985771089242,0.004358659450449655,,,,,,,,3.8028585963164327,0.1676909880244923,,1,516,1,exact,0.016209926350709464,965,,,,,,0.0002255830004287418,d9d804c99daaf739724eea5c069d409032bcf55d
dv3-A-thomas-001786,3,A,thomas,1786,,,,3:1:1:1786,,test,3,104.84877198531721,2.061838054782393,0.372020437649093,,,,,,,,,50.85208886416784,0.03633165028641999,,,,,,,,1.8551379315705183,0.6194546616193143,,1,123,1,exact,0.13511800635900653,94,,,,,,0.00014037499931873754,2f2eed06d2978bdd67de85857eb8951a82ff884e
dv3-A-thomas-001787,3,A,thomas,1787,,,,3:1:1:1787,,test,3,327.9035093607417,0.46242265615873956,0.18442599900686996,,,,,,,,,709.099143378,0.010184720433601151,,,,,,,,1.6312290627805268,0.3070894317810691,,1,327,1,exact,0.03787714319232001,849,,,,,,0.00021470799765666015,1331535e1c43822b6dc4d942a0aac834f56494b1
dv3-A-thomas-001788,3,A,thomas,1788,,,,3:1:1:1788,,test,3,152.11291253280487,17.90597570571934,0.32463466675298136,,,,,,,,,8.495092087286736,0.026321573876602472,,,,,,,,13.530601207464532,0.5405521774936743,,1,115,1,exact,0.09789036717022417,12,,,,,,8.008299846551381e-05,8294454db17d869d4a533a705c0ac012c373de7a
dv3-A-thomas-001789,3,A,thomas,1789,,,,3:1:1:1789,,test,3,749.9390845396641,8.090870862449412,1.4660026072260939,,,,,,,,,92.68953828199271,0.05353302052581189,,,,,,,,5.263451785473247,2.4410544612305833,,1,641,1,exact,0.19909018585173172,161,,,,,,0.00013024999861954711,8d6a6073f7aa0a36f17804ce873e32a8c5995167
dv3-A-thomas-001790,3,A,thomas,1790,,,,3:1:1:1790,,test,3,134.75915181242695,3.626769752722264,1.0963991704470866,,,,,,,,,37.15679819797668,0.09444730364555798,,,,,,,,1.2570261822909046,1.825624370050393,,1,172,1,exact,0.35125107926466853,104,,,,,,7.891600034781732e-05,07fdb00ab1c6bf55553bcde9a7c365c440267c44
dv3-A-thomas-001791,3,A,thomas,1791,,,,3:1:1:1791,,test,3,123.6934694246729,16.14541348022906,0.7320610783591364,,,,,,,,,7.661214101214708,0.06582243309261795,,,,,,,,6.923044402083689,1.2189616528739513,,2,169,1,exact,0.2447947137842497,19,,,,,,6.89999978931155e-05,e20665bc428d4064de961ff6f142e8d388bcf69d
dv3-A-thomas-001792,3,A,thomas,1792,,,,3:1:1:1792,,test,3,232.84269492303275,1.5840816607755557,0.4678725493164759,,,,,,,,,146.9890730311432,0.030661701880387686,,,,,,,,1.8938941883929865,0.7790588967350787,,1,266,1,exact,0.11403137476528924,234,,,,,,8.045800132094882e-05,437055704ab245760aece2362ebdfb98999c993c
dv3-A-thomas-001793,3,A,thomas,1793,,,,3:1:1:1793,,test,3,353.7291011927665,19.041404702929533,0.22532413900343562,,,,,,,,,18.576838563719253,0.011980427765036425,,,,,,,,25.971922862215493,0.37518930186489674,,1,474,1,exact,0.044555408360981416,28,,,,,,7.687499964958988e-05,203505979167c9793f5103c7110835d5330b5b9c
dv3-A-thomas-001794,3,A,thomas,1794,,,,3:1:1:1794,,test,3,702.5548633598182,1.908096080945914,1.0055061129985,,,,,,,,,368.1967959451684,0.037935393472631,,,,,,,,1.8945819721807209,1.6742775018483083,,1,751,1,exact,0.1410823537069625,602,,,,,,0.00012716699711745605,5bbb9c625cf959e38ca3dde0c3ccd15a4109cbd0
dv3-A-thomas-001795,3,A,thomas,1795,,,,3:1:1:1795,,test,3,128.28213167803258,0.6276673419325012,0.1127228775809161,,,,,,,,,204.3791720675949,0.009952426589747288,,,,,,,,1.7515548621135628,0.18769590302591274,,1,125,1,exact,0.03701323855755762,248,,,,,,6.912500248290598e-05,9d5c1e63bcf37aada0cee3d836635533e4a95f0c
dv3-A-thomas-001796,3,A,thomas,1796,,,,3:1:1:1796,,test,3,233.41253211914199,20.246117851731356,0.24832695925384884,,,,,,,,,11.528754985449302,0.01625405727173426,,,,,,,,21.092706556762373,0.4134915100031231,,1,167,1,exact,0.060449106949120486,9,,,,,,0.001684082999418024,c48795e4411df0ad8bbf12b764783f889db3735a
dv3-A-thomas-001797,3,A,thomas,1797,,,,3:1:1:1797,,test,3,205.82088922491266,4.365512343443458,0.8870570241614563,,,,,,,,,47.147018043376754,0.06183107740135611,,,,,,,,2.4781669930366097,1.4770468316508913,,1,208,1,exact,0.22995079616912956,102,,,,,,9.14999982342124e-05,17a63dc783e02f333434e824b3b81908d87b263f
dv3-A-thomas-001798,3,A,thomas,1798,,,,3:1:1:1798,,test,3,365.6595907767759,5.7572205033341035,0.2878543136386286,,,,,,,,,63.513216241242844,0.015053388063306783,,,,,,,,10.287589036999952,0.47930887232294883,,1,456,1,exact,0.05598379836939968,99,,,,,,8.762499783188105e-05,b9603c220f3f23f4d7151ef3e67af536752a00b0
dv3-A-thomas-001799,3,A,thomas,1799,,,,3:1:1:1799,,test,3,417.50707065854493,0.15639631400407789,0.7615764034135215,,,,,,,,,2669.545464144755,0.037271902557756066,,,,,,,,0.16086604643903296,1.2681078928216447,,1,404,1,exact,0.13861482005659256,4340,,,,,,0.00025883299895212986,77b17959cc56afa149effbb3675e440bb4dcd5eb
dv3-A-thomas-001800,3,A,thomas,1800,,,,3:1:1:1800,,test,3,321.30915131105553,0.1197808984533697,0.20101864950246862,,,,,,,,,2682.474046027799,0.011214368001528353,,,,,,,,0.42043213468671115,0.33471800714394656,,1,311,1,exact,0.041706419471650616,3052,,,,,,0.000134374997287523,765c04f4d06f75f4b2f4e8cc3e921374a52d22d0
dv3-A-thomas-001801,3,A,thomas,1801,,,,3:1:1:1801,,test,3,190.2480822965347,14.837361356260619,0.2155693271775908,,,,,,,,,12.822231509260883,0.01562884277929517,,,,,,,,15.993193282429012,0.35894647473173125,,1,222,1,exact,0.058123923944793716,22,,,,,,6.508400110760704e-05,9fce02eb3d004f7471b9ee6b387e12f51d452c0d
dv3-A-thomas-001802,3,A,thomas,1802,,,,3:1:1:1802,,test,3,570.853599294065,14.790794087486058,0.1099678396029966,,,,,,,,,38.595196168476384,0.004602600934155799,,,,,,,,33.94071494809239,0.1831084638810498,,1,649,1,exact,0.01711714875009913,45,,,,,,7.929099956527352e-05,9fe04f9ff192ba8c9b0467d7e31fd6767444a93e
dv3-A-thomas-001803,3,A,thomas,1803,,,,3:1:1:1803,,test,3,275.54955754043743,6.2396215556541845,0.18177077678933481,,,,,,,,,44.161261237188576,0.010950254278699292,,,,,,,,11.83893669505823,0.30266819677935464,,1,274,1,exact,0.04072417618241427,53,,,,,,6.81669989717193e-05,2ae3a40abd6d7896fd931d8d0142d1c141fa611b
dv3-A-thomas-001804,3,A,thomas,1804,,,,3:1:1:1804,,test,3,131.88494498648032,0.11336960508222974,0.5045716445337537,,,,,,,,,1163.3183770096134,0.043936476896714226,,,,,,,,0.09493251059275953,0.8401668986319988,,1,109,1,exact,0.16340048189172285,1966,,,,,,0.00010087500049849041,830752d76965d04791fe5e4e45ccd9696f9301fb
dv3-A-thomas-001805,3,A,thomas,1805,,,,3:1:1:1805,,test,3,135.88350227578957,0.10944244473907966,0.253576389918293,,,,,,,,,1241.5978334525303,0.021753314999097093,,,,,,,,0.18645801661343908,0.42223238541439434,,1,109,1,exact,0.08090093709495241,1663,,,,,,9.358399984193966e-05,f3fcf289ff3a1d83fa2650e385bd4eb8b2db8e12
dv3-A-thomas-001806,3,A,thomas,1806,,,,3:1:1:1806,,test,3,765.7610207507151,0.5186555207163883,0.2409561200081159,,,,,,,,,1476.4347243291936,0.008707456899245665,,,,,,,,2.2203341671038497,0.40121825759884894,,1,758,1,exact,0.03238317575468943,1676,,,,,,0.00013633300113724545,42a852e2fa535407c5b52416bd511c0c7c882286
dv3-A-thomas-001807,3,A,thomas,1807,,,,3:1:1:1807,,test,3,194.64305919303683,20.36405608441724,0.4538485544118861,,,,,,,,,9.558167507797204,0.03253055670842765,,,,,,,,15.066081325715238,0.7557074134857421,,1,175,1,exact,0.12098167667969331,14,,,,,,6.262500028242357e-05,c7f4f7e8bbbcd8ba2d398e36e512051f1d97daca
dv3-A-thomas-001808,3,A,thomas,1808,,,,3:1:1:1808,,test,3,114.1876860580423,0.10960628284998726,0.6701237300028908,,,,,,,,,1041.798728037565,0.06271123606729152,,,,,,,,0.0633790823599435,1.1158292029202055,,1,124,1,exact,0.23322412075756002,2221,,,,,,0.0001084159994206857,7ac85e74f355da59db6cb90712636ee16b37bf1f
dv3-A-thomas-001809,3,A,thomas,1809,,,,3:1:1:1809,,test,3,154.41518968786175,0.2736803995620684,0.1596552024582785,,,,,,,,,564.2172034787668,0.012848075062004707,,,,,,,,0.7357078652072202,0.2658433500039111,,1,130,1,exact,0.04778220296196752,663,,,,,,7.562499740743078e-05,67f7bbc5ef0b8a3cc823b17a2e4c86020d806880
dv3-A-thomas-001810,3,A,thomas,1810,,,,3:1:1:1810,,test,3,283.3797379212292,21.001790665315983,0.7861508288521735,,,,,,,,,13.493122678783047,0.04670049452792227,,,,,,,,13.312334195591873,1.309026995252646,,1,261,1,exact,0.1736799090282757,23,,,,,,6.966700311750174e-05,b9f4e3c201e931f5cef1470ad61cbaeeab9deb66
dv3-A-thomas-001811,3,A,thomas,1811,,,,3:1:1:1811,,test,3,278.0310018138206,1.281276755983013,1.159450239648926,,,,,,,,,216.9952748424843,0.06953532716970896,,,,,,,,0.6634496064404559,1.9306112868552219,,1,239,1,exact,0.2586030280657019,466,,,,,,9.516700083622709e-05,4d108722c4a1dc2e40580ebb0c6ee26ac2b422fe
dv3-A-thomas-001812,3,A,thomas,1812,,,,3:1:1:1812,,test,3,138.88804669374014,2.8949754204209888,0.5370009608576626,,,,,,,,,47.97555299227479,0.04556618066356551,,,,,,,,2.1197722054577057,0.8941652523163226,,2,135,1,exact,0.169461377067052,82,,,,,,6.679200305370614e-05,05d94a1f0affabf4aba3c78b489636cce7fa33fc
dv3-A-thomas-001813,3,A,thomas,1813,,,,3:1:1:1813,,test,3,441.8706111102396,0.1726674734693563,0.9664384359626663,,,,,,,,,2559.0842457578406,0.045975518422667144,,,,,,,,0.14078803471887993,1.6092255525215025,,1,478,1,exact,0.17098371094127046,4673,,,,,,0.0002252080012112856,948d65b0cd5046598ed54e81b462210aa538bae1
dv3-A-thomas-001814,3,A,thomas,1814,,,,3:1:1:1814,,test,3,181.36818462207856,10.108284741799208,0.253460358948511,,,,,,,,,17.942528258240994,0.01882042786863676,,,,,,,,11.408182963937014,0.4220391811765361,,1,213,1,exact,0.06999348150678962,31,,,,,,6.53749993944075e-05,4c87e2162c1fd8337307a573617fb476f0f8c796
dv3-A-thomas-001815,3,A,thomas,1815,,,,3:1:1:1815,,test,3,213.20640427026274,22.006501716849662,0.5088347010108621,,,,,,,,,9.688336974841283,0.03484789891676936,,,,,,,,15.869980041801837,0.8472653532872834,,1,68,1,exact,0.1295999105549584,11,,,,,,5.954200241831131e-05,45842fb4661ffbafb67e0ffffb42d6049b7f09d1
dv3-A-thomas-001816,3,A,thomas,1816,,,,3:1:1:1816,,test,3,431.37466982693127,1.719606775349686,0.25845257737161276,,,,,,,,,250.85657721906233,0.012443815045768487,,,,,,,,4.575639265841355,0.4303517701126557,,1,451,1,exact,0.04627875329717444,306,,,,,,8.391599840251729e-05,9c4d7e90203adfb29905a2e466c679eed802594e
dv3-A-thomas-001817,3,A,thomas,1817,,,,3:1:1:1817,,test,3,667.3894152828813,0.503039542310506,0.19662074697519288,,,,,,,,,1326.7136261644591,0.007610964292666412,,,,,,,,2.375659148399969,0.3273950190869355,,1,699,1,exact,0.02830530167464092,1541,,,,,,0.0001459159975638613,36d5cdb41a648ed0b91a22b62c373a3c97bc2a8e
dv3-A-thomas-001818,3,A,thomas,1818,,,,3:1:1:1818,,test,3,269.7038655648148,8.099918491875028,0.6662314768934242,,,,,,,,,33.29710858638305,0.04056780986338925,,,,,,,,6.5973762109607375,1.109348176372047,,1,245,1,exact,0.15087235366077617,53,,,,,,7.070799983921461e-05,d23cb096a66a2644c819936db2f78a6061bb95e8
dv3-A-thomas-001819,3,A,thomas,1819,,,,3:1:1:1819,,test,3,127.91919515174143,6.712024176926021,0.220571810068387,,,,,,,,,19.05821430016451,0.019502134532112816,,,,,,,,7.264900535750036,0.367276155127671,,2,159,1,exact,0.07252875982650207,33,,,,,,6.08750015089754e-05,d520c93d5370c379e8cbaecc2b35deaefdc8c40b
dv3-A-thomas-001820,3,A,thomas,1820,,,,3:1:1:1820,,test,3,414.2625386160091,0.20321144530191002,0.9298179628341882,,,,,,,,,2038.5787719807897,0.045683576916506506,,,,,,,,0.1674881589361129,1.5482484649897204,,1,433,1,exact,0.16989797566707027,3715,,,,,,0.00017745900186127983,5d108e507be11a292ab58b107dee95f101550738
dv3-A-thomas-001821,3,A,thomas,1821,,,,3:1:1:1821,,test,3,146.85463597719152,29.07926593206941,1.1323742437230209,,,,,,,,,5.050149351096109,0.09344286638430736,,,,,,,,8.522255934218611,1.8855267963356233,,1,129,1,exact,0.34751556053147153,15,,,,,,6.766699880245142e-05,330ecf4810f89633eb9c7d57cb374ef9403b757a
dv3-A-thomas-001822,3,A,thomas,1822,,,,3:1:1:1822,,test,3,344.0032183672309,10.194133008680074,0.1496323302814879,,,,,,,,,33.74521580936014,0.008067596828577873,,,,,,,,19.43130896937653,0.2491541731082487,,1,469,1,exact,0.030003525603491073,50,,,,,,7.283300146809779e-05,aa84b54642136bffc7a3db8faf2486906afbdbf1
dv3-A-thomas-001823,3,A,thomas,1823,,,,3:1:1:1823,,test,3,175.98821872639826,0.31522561568202706,0.18760364234118235,,,,,,,,,558.2928860195178,0.014141629934083825,,,,,,,,0.7965345571146925,0.3123805550022617,,1,186,1,exact,0.052592954856071274,675,,,,,,7.887500032666139e-05,b7302fdc0fe7ef96b0a20c78a9441464afb16031
dv3-A-thomas-001824,3,A,thomas,1824,,,,3:1:1:1824,,test,3,421.4227895214596,0.12977562701767595,0.3215487097010002,,,,,,,,,3247.318461917816,0.015663462167539006,,,,,,,,0.3303037732937888,0.5354137219467513,,1,403,1,exact,0.05825267402038893,3989,,,,,,0.00016037500245147385,2bd4fd096ce8b5f60b7db8c6d1b63e6db29e8845
dv3-A-thomas-001825,3,A,thomas,1825,,,,3:1:1:1825,,test,3,228.25533633689813,8.087362895214039,0.7165868685108556,,,,,,,,,28.223703980437886,0.04743057347126186,,,,,,,,5.705832220728194,1.1931954033475354,,1,268,1,exact,0.17639508465423973,57,,,,,,7.220800034701824e-05,fdacd013524d8e380c607845b1652bc22e283cad
dv3-A-thomas-001826,3,A,thomas,1826,,,,3:1:1:1826,,test,3,277.15848373257626,1.0553777627914622,0.45412766849037,,,,,,,,,262.61542881052867,0.027278084756324084,,,,,,,,1.4586722922289943,0.7561721689119036,,1,252,1,exact,0.10144764690042657,351,,,,,,7.900000127847306e-05,a42da0079b7c2a05d98218c78c858af8cfe97c5d
dv3-A-thomas-001827,3,A,thomas,1827,,,,3:1:1:1827,,test,3,558.1380912947462,1.604589037437197,0.7515883413281815,,,,,,,,,347.83865418038016,0.031813335334139964,,,,,,,,1.9193237267571637,1.2514766785302862,,1,554,1,exact,0.11831431856499622,537,,,,,,0.00010558299982221797,acda2d8a6f84b76de889438753edb652a0353600
dv3-A-thomas-001828,3,A,thomas,1828,,,,3:1:1:1828,,test,3,163.25700244886477,0.37316141936831043,0.6438771831369026,,,,,,,,,437.4970025712386,0.05039264177412437,,,,,,,,0.2718620650683099,1.0721258356797152,,1,176,1,exact,0.18741106550363112,858,,,,,,8.99580008990597e-05,125f9b366ea9fa8c1efc89a89f5dc9f446398f77
dv3-A-thomas-001829,3,A,thomas,1829,,,,3:1:1:1829,,test,3,275.83857797598455,0.10932105531663375,0.4948285838023038,,,,,,,,,2523.1971753021885,0.029793894534850523,,,,,,,,0.1450081088965939,0.8239436383544826,,1,271,1,exact,0.11080398494103699,3753,,,,,,0.0001462500003981404,1e19b048203ee25b1ffd2e80077a2c686a6a16c8
dv3-A-thomas-001830,3,A,thomas,1830,,,,3:1:1:1830,,test,3,272.4110916336285,0.17256138635040533,0.10074320068086613,,,,,,,,,1578.6329572043833,0.00610384295655623,,,,,,,,1.0034313416280243,0.16774843253928082,,1,292,1,exact,0.02270029258006516,1783,,,,,,0.00010445799853187054,040c8c8461182beec49412343acb92900a178fd8
dv3-A-thomas-001831,3,A,thomas,1831,,,,3:1:1:1831,,test,3,376.06212661182974,1.1504839883863267,0.49362400710256626,,,,,,,,,326.87297729305726,0.025454611579111563,,,,,,,,1.6935153031146917,0.8219378865827633,,1,357,1,exact,0.09466612009358695,475,,,,,,9.508400034974329e-05,472e25c1e98ddba8f84a8b4bcb72b61d3e8bf5f7
dv3-A-thomas-001832,3,A,thomas,1832,,,,3:1:1:1832,,test,3,764.5817555733834,0.13598051244533335,0.14077046018851638,,,,,,,,,5622.730359107591,0.005090958596116764,,,,,,,,1.029684944468998,0.23439819148948085,,1,789,1,exact,0.018933358945730554,6012,,,,,,0.000248874999670079,5fb7e86d4c3272f6fd01c71d70e0ac4f1f258e60
dv3-A-thomas-001833,3,A,thomas,1833,,,,3:1:1:1833,,test,3,122.48947629698267,0.5632040447942656,0.9675396452888674,,,,,,,,,217.4868547716613,0.0874217267731389,,,,,,,,0.22222287778932426,1.6110591863262596,,1,99,1,exact,0.3251228430563058,583,,,,,,8.533399886800908e-05,fb7e723abdc47774185409922ca00e28f7ba3cd2
dv3-A-thomas-001834,3,A,thomas,1834,,,,3:1:1:1834,,test,3,260.0593483473102,12.129378648314848,0.6689827404645742,,,,,,,,,21.440450981670082,0.04148381399198658,,,,,,,,9.064283535013137,1.1139293307173892,,1,133,1,exact,0.1542789881157751,25,,,,,,6.36670010862872e-05,eb9f092c06f1f790dcfa2f0c31c9d9b8add733e3
dv3-A-thomas-001835,3,A,thomas,1835,,,,3:1:1:1835,,test,3,368.7860713714469,16.052317902613474,0.14863812787022476,,,,,,,,,22.974007467881314,0.007740035840579273,,,,,,,,26.487960239826922,0.24749871750440625,,1,290,1,exact,0.028785320889132132,20,,,,,,6.395799937308766e-05,205b00ab446dc453faa9467f6166dbcb86ab69f7
dv3-A-thomas-001836,3,A,thomas,1836,,,,3:1:1:1836,,test,3,390.49361487314604,27.600732924600205,0.13396927506690257,,,,,,,,,14.14794367743415,0.006779508957078699,,,,,,,,38.74641615956157,0.2230734754208074,,1,345,1,exact,0.02521310557467013,12,,,,,,6.53749993944075e-05,0afd7750c297becc343758e672edc6b449f424da
dv3-A-thomas-001837,3,A,thomas,1837,,,,3:1:1:1837,,test,3,473.2745217134498,18.598053411557256,0.15194933439840452,,,,,,,,,25.447529977483892,0.006984611254302879,,,,,,,,33.5065286532781,0.2530122380314693,,1,400,1,exact,0.025975884399251685,23,,,,,,6.683300307486206e-05,47381264812490fda5147b03fbe7b89997c4fe45
dv3-A-thomas-001838,3,A,thomas,1838,,,,3:1:1:1838,,test,3,265.1756827922678,0.1553101990333322,0.27498984148310623,,,,,,,,,1707.3938765306495,0.016886894990908636,,,,,,,,0.3632884119453428,0.45788812109656885,,1,266,1,exact,0.06280264085934817,2207,,,,,,0.00011399999857530929,40408bedc778eb55807846a7aa00f7948851600c
dv3-A-thomas-001839,3,A,thomas,1839,,,,3:1:1:1839,,test,3,227.53242732394585,1.7367003561641885,0.8725867683879813,,,,,,,,,131.01421124049958,0.05784781681348427,,,,,,,,1.1045748188019526,1.4529522753132156,,1,248,1,exact,0.2151369843769683,269,,,,,,8.158300261129625e-05,b8e72cd17b9977bef1ef2883a60dbb18403d486f
dv3-A-thomas-001840,3,A,thomas,1840,,,,3:1:1:1840,,test,3,654.533927297879,8.94541059531005,0.16873391642590974,,,,,,,,,73.16980258469542,0.006595326582483745,,,,,,,,23.72636183963607,0.2809604003581775,,1,800,1,exact,0.02452812828722112,93,,,,,,8.904200149117969e-05,f3d157e30a0eb35fe260dc4259b6b0fb097d1b19
dv3-A-thomas-001841,3,A,thomas,1841,,,,3:1:1:1841,,test,3,477.93596903408843,0.28445411640037205,0.16825591521681876,,,,,,,,,1680.1865098038825,0.007696361936679388,,,,,,,,1.3818758424461823,0.2801644761366422,,1,478,1,exact,0.028622896920544254,1870,,,,,,0.00013766699703410268,e12ae34792442fede9d5106a6a1b44dd305fcd17
dv3-A-thomas-001842,3,A,thomas,1842,,,,3:1:1:1842,,test,3,521.6206897595963,13.932162854139797,0.27884784394002876,,,,,,,,,37.44003678543006,0.012209275294816191,,,,,,,,24.225930417278324,0.46431211656730603,,1,392,1,exact,0.045406496096888176,34,,,,,,7.075000030454248e-05,faf83d5afe2a5091f59a673f8b8b55f2511c787b
dv3-A-thomas-001843,3,A,thomas,1843,,,,3:1:1:1843,,test,3,336.97168072622486,26.583647167397544,0.9801497670655351,,,,,,,,,12.675901038119795,0.05339440348598066,,,,,,,,14.776183915665154,1.632056416391109,,1,457,1,exact,0.1985746667954343,31,,,,,,8.016700303414837e-05,51a5928b1da045e027a9fe776aa9aa79c05e0190
dv3-A-thomas-001844,3,A,thomas,1844,,,,3:1:1:1844,,test,3,191.79470411622603,4.589687723543558,0.8873649476942108,,,,,,,,,41.788181608169886,0.0640743138000815,,,,,,,,2.4909847871515005,1.477559557965049,,1,171,1,exact,0.23829342931676348,75,,,,,,6.93340007273946e-05,b5f5265281afdc30c1ed2389c35dae8992b8611f
dv3-A-thomas-001845,3,A,thomas,1845,,,,3:1:1:1845,,test,3,634.3361172289069,0.10417054208971242,0.12080165990184627,,,,,,,,,6089.400174980486,0.004796375567851743,,,,,,,,0.8223932629118209,0.20114795797357213,,1,645,1,exact,0.017837799807277482,6626,,,,,,0.00025350000214530155,13eb8b27af89ab28b56c6eb8e93fd141fa7373c1
dv3-A-thomas-001846,3,A,thomas,1846,,,,3:1:1:1846,,test,3,250.78243908316017,12.506343836668943,0.5781513409176902,,,,,,,,,20.052418385288526,0.036508414802281196,,,,,,,,10.167096015896167,0.9626851296560581,,1,255,1,exact,0.13577539650753795,34,,,,,,6.837500041001476e-05,359bbaebc32f15a4fe3e0b79158412440c5522aa
dv3-A-thomas-001847,3,A,thomas,1847,,,,3:1:1:1847,,test,3,556.5979144441379,4.602507465483944,0.45732830104776234,,,,,,,,,120.93362555482848,0.01938461993812349,,,,,,,,7.965997075985119,0.7615015717004606,,1,473,1,exact,0.07209172111417414,132,,,,,,7.999999797903001e-05,51470cee5c849c38a53b8b5cb95dc527bd0e482b
dv3-A-thomas-001848,3,A,thomas,1848,,,,3:1:1:1848,,test,3,414.86444856051065,22.89783845457613,0.7854874194650324,,,,,,,,,18.118061640774656,0.0385643595861767,,,,,,,,17.311932598720105,1.3079223461639469,,1,334,1,exact,0.14342148905203195,25,,,,,,7.191699842223898e-05,ca025394165a148da7fd5fdb4f4d709fd2245eb8
dv3-A-thomas-001849,3,A,thomas,1849,,,,3:1:1:1849,,test,3,232.87646994691733,0.19674355821336292,1.1280746861010498,,,,,,,,,1183.6548655604229,0.07392222820995165,,,,,,,,0.09617889069965489,1.8783675632874028,,1,220,1,exact,0.27491798535442713,2883,,,,,,0.0001514590003353078,981dd7da88944e4e13981876096e4be6698c9af1
dv3-A-thomas-001850,3,A,thomas,1850,,,,3:1:1:1850,,test,3,229.49738498937128,2.0245110217451803,0.2245042641779502,,,,,,,,,113.35941495222815,0.014819574134422494,,,,,,,,4.122844792166809,0.37382412073183674,,1,212,1,exact,0.05511424051334985,131,,,,,,6.837500041001476e-05,809209d0f001b65678b31e5737661e82462310f3
dv3-A-thomas-001851,3,A,thomas,1851,,,,3:1:1:1851,,test,3,251.7077581675649,0.5770657718887481,0.4413152641276814,,,,,,,,,436.1855622518041,0.027816382406049327,,,,,,,,0.7992138876272961,0.7348381162475569,,1,252,1,exact,0.1034495847338368,581,,,,,,8.54579993756488e-05,575dbefd5700c4642783a90545ab5862da58e9dc
dv3-A-thomas-001852,3,A,thomas,1852,,,,3:1:1:1852,,test,3,620.4179533651645,2.1819690087130055,0.14396363865045889,,,,,,,,,284.3385725863754,0.005779771064553677,,,,,,,,9.303156407394681,0.2397151823949602,,1,679,1,exact,0.021495063871234853,327,,,,,,0.00012841699935961515,1029de8de55089d0fcc6733b303195180a23ad62
dv3-A-thomas-001853,3,A,thomas,1853,,,,3:1:1:1853,,test,3,203.4191553532147,0.8466239358814538,0.9118139266036472,,,,,,,,,240.27097124466124,0.06393082336957136,,,,,,,,0.48598704912432267,1.518269778223346,,1,214,1,exact,0.23775978604019116,519,,,,,,0.00010304199895472266,21bd61dbda129d6e49217f3dfaa6328123d6cd54
dv3-A-thomas-001854,3,A,thomas,1854,,,,3:1:1:1854,,test,3,231.01803412263388,0.23868316762089578,0.9412585778170701,,,,,,,,,967.8857391802485,0.06192785036690493,,,,,,,,0.1434825221256155,1.5672983385066768,,1,231,1,exact,0.23031069642335203,2085,,,,,,0.00013558399950852618,3a991e6f6365cac5c8fff5068efe28c512fefb91
dv3-A-thomas-001855,3,A,thomas,1855,,,,3:1:1:1855,,test,3,548.3836642287745,0.15677796692524393,0.48195019034620334,,,,,,,,,3497.8363030454334,0.02058068860146611,,,,,,,,0.3043592365718977,0.8024997066421234,,1,526,1,exact,0.07653992019088227,4590,,,,,,0.00018779099991661496,ffa518a7ce9629fbd8e60a8489bbec429b8a73ef
dv3-A-thomas-001856,3,A,thomas,1856,,,,3:1:1:1856,,test,3,168.3239815920962,1.1627284393269843,0.23944653514736045,,,,,,,,,144.76637527635106,0.018455914063216505,,,,,,,,2.0445360138258897,0.39870463392533734,,1,150,1,exact,0.06863784865525552,185,,,,,,0.00027983400286757387,07fe667490e04d743ac5ac61fecefac0a04ec89a
dv3-A-thomas-001857,3,A,thomas,1857,,,,3:1:1:1857,,test,3,576.2732526247912,26.245930104428737,1.2645631945620859,,,,,,,,,21.956671008871997,0.05267763953338393,,,,,,,,15.753944406197578,2.1056358374659467,,1,317,1,exact,0.19590900983954673,28,,,,,,0.00021595799989881925,d3c9e9b3b563e7dbece0afcd643077157ce0f46a
dv3-A-thomas-001858,3,A,thomas,1858,,,,3:1:1:1858,,test,3,343.20061734750817,0.378188887887196,0.6132729964142978,,,,,,,,,907.4846679521585,0.03310394959840189,,,,,,,,0.4410332410628698,1.0211665221264437,,1,317,1,exact,0.12311413429015058,1390,,,,,,0.00021770800231024623,ebc84ff2ebb7ac034c773b732012c12fe280d44b
dv3-A-thomas-001859,3,A,thomas,1859,,,,3:1:1:1859,,test,3,483.39892826919464,0.38478711990284264,0.5891611756276497,,,,,,,,,1256.2762713867635,0.026796697798474784,,,,,,,,0.5622439964331823,0.9810177069677799,,1,462,1,exact,0.09965736086830167,1839,,,,,,0.0003088330013270024,bceac112ebee724cae9d44ca1692f15cd7093547
dv3-A-thomas-001860,3,A,thomas,1860,,,,3:1:1:1860,,test,3,460.8013604404789,23.36819856280428,0.22792123520162708,,,,,,,,,19.719164881367767,0.010617637981267403,,,,,,,,34.24015856654012,0.37951375069574556,,1,419,1,exact,0.03948717068893384,20,,,,,,0.00013845799912814982,6ec2cfe3e19ad1f3d685bb52476aad51a8dff2ec
dv3-A-thomas-001861,3,A,thomas,1861,,,,3:1:1:1861,,test,3,443.081509872572,0.11822651265817369,0.3373672634655682,,,,,,,,,3747.733904269392,0.016027328001468815,,,,,,,,0.2942280419198289,0.5617533417038254,,1,460,1,exact,0.05960589705526797,4612,,,,,,0.00047116700079641305,f42240bfb6d3b855ff18109d8aa894d315a4ce6e
dv3-A-thomas-001862,3,A,thomas,1862,,,,3:1:1:1862,,test,3,286.16953013612067,21.485792969966752,0.16624284552132318,,,,,,,,,13.319011801711664,0.009827233352863998,,,,,,,,27.3979361968576,0.27681249522150886,,1,286,1,exact,0.03654764284572111,15,,,,,,0.00013258299804874696,6a8298013710bc8241364a931b4f1535be6d3efa
dv3-A-thomas-001863,3,A,thomas,1863,,,,3:1:1:1863,,test,3,192.73000507696517,1.2825190475117343,0.4536200274493458,,,,,,,,,150.27457522045248,0.03267514730338501,,,,,,,,1.4338881171310516,0.7553268911328685,,1,179,1,exact,0.12151941148598158,232,,,,,,0.00013595899872598238,a9bd0be63d22dfe1e8475d2c1d772c8fcf149ee0
dv3-A-thomas-001864,3,A,thomas,1864,,,,3:1:1:1864,,test,3,256.0837901832612,0.26881343055807233,0.36785965562273804,,,,,,,,,952.6450730218961,0.02298746682314787,,,,,,,,0.4556387053548972,0.6125265050951865,,1,253,1,exact,0.08549076807415246,1309,,,,,,0.0001821249970817007,22543e2d73dc1aaf1da1e5f626e19fa452726161
dv3-A-thomas-001865,3,A,thomas,1865,,,,3:1:1:1865,,test,3,495.586928922639,2.686796274675133,0.3751984760912438,,,,,,,,,184.452737855073,0.016853928380825587,,,,,,,,5.487023503372544,0.6247464427382124,,1,460,1,exact,0.06268003749297972,213,,,,,,0.000243957998463884,2f6fcf16f57e6d2f3ef349ed0b6f3fe27baaf139
dv3-A-thomas-001866,3,A,thomas,1866,,,,3:1:1:1866,,test,3,423.37945556907226,0.9646993204088748,0.4663545533357689,,,,,,,,,438.871933059545,0.022664770789999553,,,,,,,,1.6193292527304564,0.7765312676281657,,1,384,1,exact,0.0842906562070827,546,,,,,,0.0001822500016714912,ec3df07d248290732c005aa53debb7021c91f54b
dv3-A-thomas-001867,3,A,thomas,1867,,,,3:1:1:1867,,test,3,239.68895178791607,1.1884045906063647,0.745180424151005,,,,,,,,,201.68968858124197,0.048132390269224286,,,,,,,,0.9281384252094083,1.2408067965427365,,1,274,1,exact,0.1790051528956317,421,,,,,,0.00016720799976610579,21a93ee725c4c974180615909a6e631e1f3eef06
dv3-A-thomas-001868,3,A,thomas,1868,,,,3:1:1:1868,,test,3,138.59114261359474,0.5516557928478263,0.46459398523943174,,,,,,,,,251.22756691838995,0.039464430985233265,,,,,,,,0.5047618944788087,0.7735997294544404,,1,141,1,exact,0.14676886942321046,448,,,,,,0.00014725000073667616,947f530f6c90318e5ae2239ee314546eb4ab1c1f
dv3-A-thomas-001869,3,A,thomas,1869,,,,3:1:1:1869,,test,3,614.56219576733,20.22690933822373,0.5554082420857179,,,,,,,,,30.383395974686216,0.022404197863458937,,,,,,,,24.49337063821114,0.9248153860469106,,1,638,1,exact,0.08332158119761472,44,,,,,,0.0001720000000204891,88b962dc1dbfb9f98731bed4b75a930bbe771167
dv3-A-thomas-001870,3,A,thomas,1870,,,,3:1:1:1870,,test,3,317.16684258560423,1.409681405437708,0.8447557218504237,,,,,,,,,224.99186082909526,0.04743372732598517,,,,,,,,1.1121100611672592,1.4066105430568394,,1,349,1,exact,0.17640681389194846,413,,,,,,0.0001674170016485732,8673616f64f05f47275a5af2deb9f45042ff88e9
dv3-A-thomas-001871,3,A,thomas,1871,,,,3:1:1:1871,,test,3,112.4362375189501,0.2776915365079223,0.5900593983827441,,,,,,,,,404.8961626014209,0.055647105588429356,,,,,,,,0.18190144806950495,0.9825133459609812,,1,138,1,exact,0.2069525030512617,823,,,,,,0.0001589579987921752,79cb2cfbbdecbf0080872fdc97be8e1b69b8f3c3
dv3-A-thomas-001872,3,A,thomas,1872,,,,3:1:1:1872,,test,3,383.94450533556443,2.4078288266818295,0.1734382767535756,,,,,,,,,159.45672760495563,0.008851374609939986,,,,,,,,7.153195136660431,0.28879367412486856,,1,356,1,exact,0.032918408093310654,175,,,,,,0.0001454579978599213,f4944fd1cc846ac9ededda41867c7c4627464cac
dv3-A-thomas-001873,3,A,thomas,1873,,,,3:1:1:1873,,test,3,494.81131597013166,0.71785799726566,1.3759947161121533,,,,,,,,,689.288574975665,0.061858153888396404,,,,,,,,0.4165119791410602,2.2911814916556006,,1,514,1,exact,0.23005149407080064,1480,,,,,,0.00029075000202283263,3a411376a5bf4534d98f217c3056b0432a21e8c5
dv3-A-thomas-001874,3,A,thomas,1874,,,,3:1:1:1874,,test,3,121.06459671864746,1.4875943302487635,1.0637356090430934,,,,,,,,,81.38280326626574,0.0966774346577274,,,,,,,,0.5169665848101035,1.7712359727229388,,1,117,1,exact,0.3595449732636526,270,,,,,,0.00015429199993377551,f318286c9dfee25782e1a9080c2aab7fc1dac4aa
dv3-A-thomas-001875,3,A,thomas,1875,,,,3:1:1:1875,,test,3,177.02258589235873,0.5831284535722511,1.288506547763623,,,,,,,,,303.5739120736032,0.09684390423481562,,,,,,,,0.20495952285673624,2.1455041356949813,,1,165,1,exact,0.36016407636517045,834,,,,,,0.00017787499746191315,bcf009d10a7639d7114250cd5587e191d3410325
dv3-A-thomas-001876,3,A,thomas,1876,,,,3:1:1:1876,,test,3,320.29606744504696,12.647546614485305,0.14894623487234537,,,,,,,,,25.32475880169598,0.008322498511680968,,,,,,,,21.540546560192208,0.24801174931509723,,1,357,1,exact,0.030951509165121883,29,,,,,,0.00012954200064996257,dc72edc7f6e95cc6c36189810b8ce8215cceb5a8
dv3-A-thomas-001877,3,A,thomas,1877,,,,3:1:1:1877,,test,3,669.0685250137913,10.13014107747086,0.8363176430205294,,,,,,,,,66.04730574797031,0.032332252283165226,,,,,,,,10.6961776039086,1.392560220178558,,1,650,1,exact,0.12024417925300354,101,,,,,,0.0001862499993876554,edc17388385d9cdd951a77343cca913da6f92d25
dv3-A-thomas-001878,3,A,thomas,1878,,,,3:1:1:1878,,test,3,174.16600875649655,21.087517594724133,0.15306825465055462,,,,,,,,,8.259199214613625,0.01159854282744652,,,,,,,,20.69671430211292,0.2548753624623599,,1,121,1,exact,0.04313517198253734,6,,,,,,0.00011287500092294067,dfe34f13d15374537c7283174451067512b77ce1
dv3-A-thomas-001879,3,A,thomas,1879,,,,3:1:1:1879,,test,3,605.0670684136039,0.40940491225370823,0.8569549966515164,,,,,,,,,1477.9184379659905,0.03483824404524859,,,,,,,,0.4542317615733501,1.4269236680336987,,1,605,1,exact,0.12956400392860767,2358,,,,,,0.00027970800147159025,c6cc8d2ddd9461cc3af01ae8970a4e4e3a7ee632
dv3-A-thomas-001880,3,A,thomas,1880,,,,3:1:1:1880,,test,3,152.10755827195385,1.8366546917690088,0.8083221905883882,,,,,,,,,82.81772232615407,0.06554040248847136,,,,,,,,0.9585908818923166,1.3459447341509079,,1,144,1,exact,0.2437458373180255,193,,,,,,0.0001381250003760215,2a4ba09a071cfe56f04dbcda68f47f09083f3b5d
dv3-A-thomas-001881,3,A,thomas,1881,,,,3:1:1:1881,,test,3,284.21565233796764,0.13247937637790183,0.3891459991403161,,,,,,,,,2145.3577161114727,0.02308280453063976,,,,,,,,0.22539933752778418,0.6479705919956793,,1,275,1,exact,0.08584533058000034,2895,,,,,,0.0002409999979136046,02b4d4dcd552f6459a4ad46cb87bd3f498162608
dv3-A-thomas-001882,3,A,thomas,1882,,,,3:1:1:1882,,test,3,118.08121016396265,11.460741139060538,0.1922942449145863,,,,,,,,,10.30310419991233,0.017696031754201903,,,,,,,,10.658901148008537,0.32019092060545296,,1,68,1,exact,0.06581183382102408,9,,,,,,0.00011129199992865324,a8eadbcbfff85f09ccbbfa1d43c2090629bd8500
dv3-A-thomas-001883,3,A,thomas,1883,,,,3:1:1:1883,,test,3,399.9898526055415,5.080628839420485,1.104272903815528,,,,,,,,,78.72841438485513,0.055214345547398215,,,,,,,,3.2315124751638895,1.8387349960962371,,1,374,1,exact,0.2053430613244204,168,,,,,,0.00017458299771533348,a0615b54e25b70560c8e2062ffffaf8243f664d0
dv3-A-thomas-001884,3,A,thomas,1884,,,,3:1:1:1884,,test,3,112.00100835518121,8.070135511821437,0.36858037292423,,,,,,,,,13.878454480859451,0.034827414825225514,,,,,,,,6.059270850827049,0.6137265781205831,,2,148,1,exact,0.12952372988081726,23,,,,,,0.00011891599933733232,74d50c20698dc531021995062d3c2376e25ac9e6
dv3-A-thomas-001885,3,A,thomas,1885,,,,3:1:1:1885,,test,3,602.9583548015642,13.137662960806843,0.4527644842346143,,,,,,,,,45.895404426217205,0.018438631882216734,,,,,,,,19.59095738714522,0.7539023182359297,,1,623,1,exact,0.06857357593921273,60,,,,,,0.0001920830000017304,313b330770d4ba1513ec9568ce0838338a1e8ff2
dv3-A-thomas-001886,3,A,thomas,1886,,,,3:1:1:1886,,test,3,200.84374195343554,1.921717856469156,1.3666474231608752,,,,,,,,,104.51260640438304,0.09643336792815228,,,,,,,,0.6740127185335247,2.275617227958744,,1,198,1,exact,0.35863728507281145,320,,,,,,0.00016016700101317838,83d6efce43ae7794717e56ccb56b7e44acf0dca0
dv3-A-thomas-001887,3,A,thomas,1887,,,,3:1:1:1887,,test,3,140.2442970504243,5.638331695343873,1.0415493692830584,,,,,,,,,24.873367625079215,0.08795028584439334,,,,,,,,2.0599542253647,1.734293460290004,,1,166,1,exact,0.32708856295583816,79,,,,,,0.0001367920012853574,eff6154b8c9646d95c2303473dd86e957bdf0bf1
dv3-A-thomas-001888,3,A,thomas,1888,,,,3:1:1:1888,,test,3,350.5992350662026,20.462026962531173,0.1216274107541267,,,,,,,,,17.134140019862095,0.0064957003029493966,,,,,,,,31.35277469604815,0.20252292333303906,,1,289,1,exact,0.024157616511248262,17,,,,,,0.00012604100265889429,954362e56332db7358dd07d01cc409df031d945b
dv3-A-thomas-001889,3,A,thomas,1889,,,,3:1:1:1889,,test,3,151.53523354343815,7.007020565329234,0.22962973262405817,,,,,,,,,21.62620076973016,0.018653971496176237,,,,,,,,8.10472353049285,0.3823585855101377,,1,126,1,exact,0.06937442751349979,20,,,,,,0.00011612500020419247,c27268dec22b9bba33ce9c09d4ceac00ddba5518
dv3-A-thomas-001890,3,A,thomas,1890,,,,3:1:1:1890,,test,3,288.4241776130066,0.3685399384934538,0.1894201030299417,,,,,,,,,782.6130833799164,0.011153475997393608,,,,,,,,1.2229648969016544,0.3154051604470883,,1,285,1,exact,0.04147996110444107,959,,,,,,0.00018708300194703043,2fb4570c48187aee54c82e8f368f660e33e6f6af
dv3-A-thomas-001891,3,A,thomas,1891,,,,3:1:1:1891,,test,3,670.6248073112275,11.503214656692705,0.2753812324097711,,,,,,,,,58.298904030365996,0.010633947991372732,,,,,,,,24.277186247647375,0.4585398297380891,,1,584,1,exact,0.03954782788539351,63,,,,,,0.00016629099991405383,a89c84b3ce3eefc00e6887539b6d2ce03f07cd32
dv3-A-thomas-001892,3,A,thomas,1892,,,,3:1:1:1892,,test,3,148.49070531577155,2.216956746527968,0.13973330371682657,,,,,,,,,66.97952296467966,0.011467012664431144,,,,,,,,4.342325395449776,0.23267121268348603,,1,127,1,exact,0.04264600913794849,71,,,,,,0.00012508399959187955,cec5fed054d4705f915241c5774aa7d7f274720a
dv3-A-thomas-001893,3,A,thomas,1893,,,,3:1:1:1893,,test,3,115.25119364947562,0.4775513884186278,0.14945164384061058,,,,,,,,,241.33778362810438,0.013921241908667017,,,,,,,,1.095111404102226,0.24885331044919654,,1,112,1,exact,0.05177332815634914,289,,,,,,0.00013625000065076165,c649567fee9aae9e081057770101391614222d0f
dv3-A-thomas-001894,3,A,thomas,1894,,,,3:1:1:1894,,test,3,429.75653463177235,0.44183695833894243,0.37858998329307747,,,,,,,,,972.6586391672945,0.018262401003207474,,,,,,,,0.9393379101480736,0.6303936726575348,,1,450,1,exact,0.06791817039493095,1290,,,,,,0.00021950000154902227,68dd4b5c775f1fb51f28702cdd86ec5f4351485c
dv3-A-thomas-001895,3,A,thomas,1895,,,,3:1:1:1895,,test,3,693.405238674848,23.962365884454183,0.1233715559134325,,,,,,,,,28.93726112097726,0.004685128239293271,,,,,,,,48.87570590024099,0.20542711552285592,,1,714,1,exact,0.017424069158405622,32,,,,,,0.00015837499813642353,4cbfd4147e1f7b4a7a380ccdc042ca1808660e57
dv3-A-thomas-001896,3,A,thomas,1896,,,,3:1:1:1896,,test,3,276.6834205107222,0.11589227529834034,0.15286250810588178,,,,,,,,,2387.419004402656,0.009189870954918635,,,,,,,,0.4898148623764569,0.25453277199336566,,1,287,1,exact,0.03417728158055274,2668,,,,,,0.000243499998759944,654ccb938fc658b06a164f6b6511e9b439668ab5
dv3-A-thomas-001897,3,A,thomas,1897,,,,3:1:1:1897,,test,3,643.955399639886,23.940647907139013,0.13050650059860927,,,,,,,,,26.897993827805337,0.005142854648022887,,,,,,,,45.72495051476291,0.21730757771885395,,1,549,1,exact,0.019126361218299488,24,,,,,,0.00015012500080047175,e43db7665e68393f887c65b9bcec01e28341acd7
dv3-A-thomas-001898,3,A,thomas,1898,,,,3:1:1:1898,,test,3,111.74960886552327,0.11555192152674801,0.4059201039525553,,,,,,,,,967.0943363728956,0.038398791403869426,,,,,,,,0.11174941399894447,0.6759013086146238,,1,109,1,exact,0.14280573825256426,1529,,,,,,0.00019058399993809871,9a1c830ed6eb674db0649d7a886243ac0fb6b5b7
dv3-A-thomas-001899,3,A,thomas,1899,,,,3:1:1:1899,,test,3,501.0089149095968,0.9094573300024786,1.2003802967827495,,,,,,,,,550.8877639242638,0.05362855946293107,,,,,,,,0.6233722453935064,1.9987643024586474,,1,472,1,exact,0.19944549673388087,1055,,,,,,0.0002361250008107163,f45e4c61d0648ef8dfc0b78564afb0d650e73406
dv3-A-thomas-001900,3,A,thomas,1900,,,,3:1:1:1900,,test,3,533.6816764138683,4.240863839082755,0.12724772677930488,,,,,,,,,125.84268127063869,0.0055081896733366,,,,,,,,14.507323390375088,0.21188136337889024,,1,516,1,exact,0.020485048200155554,137,,,,,,0.0001557909999974072,534c5bd320e7f7f04a99081d35ac8bdbea05f53e
dv3-A-thomas-001901,3,A,thomas,1901,,,,3:1:1:1901,,test,3,511.46304071717594,0.28151013289726273,0.4959005710523829,,,,,,,,,1816.8548160354662,0.021927417226895278,,,,,,,,0.5083949325308291,0.8257286142107937,,1,532,1,exact,0.08154842615028841,2513,,,,,,0.0001792920011212118,417e0bc5e61e0d42c690c305dcf49479c36443e8
dv3-A-thomas-001902,3,A,thomas,1902,,,,3:1:1:1902,,test,3,794.2968139945552,0.11077779672667301,0.3768972478988318,,,,,,,,,7170.18064508323,0.013373083489814544,,,,,,,,0.3351034351194597,0.6275750833416366,,1,794,1,exact,0.04973471795999547,8666,,,,,,0.0003009169995493721,7cb08ef74fd6cd64f622cc00ba1f41077219fa09
dv3-A-thomas-001903,3,A,thomas,1903,,,,3:1:1:1903,,test,3,238.6991317428646,0.1252989893317698,0.3362942574526155,,,,,,,,,1905.0363695339238,0.021766772177983385,,,,,,,,0.22567860491665415,0.5599666694960579,,1,285,1,exact,0.08095098456507825,2534,,,,,,0.00012900000001536682,d90513bd5e24868404a08ce178d47fb269aff861
dv3-A-thomas-001904,3,A,thomas,1904,,,,3:1:1:1904,,test,3,242.59231484697904,18.193528538983426,0.9991352170853187,,,,,,,,,13.333989298841864,0.06414838805943641,,,,,,,,8.858513032924586,1.6636692643088589,,1,275,1,exact,0.23856891270845235,33,,,,,,7.712500155321322e-05,fca710502368a77f97e0efec1b77279e9dad6e52
dv3-A-thomas-001905,3,A,thomas,1905,,,,3:1:1:1905,,test,3,517.3741646765816,15.273127429798146,0.8736301775949086,,,,,,,,,33.87480180825148,0.038408315306107034,,,,,,,,12.806079509652523,1.454689665606319,,1,441,1,exact,0.1428411578019918,51,,,,,,8.541699935449287e-05,d863ec364ce21f917e243a05bd3e893b47efad9e
dv3-A-thomas-001906,3,A,thomas,1906,,,,3:1:1:1906,,test,3,133.54113108618876,4.1109166991422645,0.6536197215911594,,,,,,,,,32.48451400488165,0.05656107075255562,,,,,,,,2.3923551176383016,1.0883482263086608,,1,117,1,exact,0.2103515545637795,63,,,,,,6.612499782931991e-05,c55a6c88498d330eb73c9f59012232de21053188
dv3-A-thomas-001907,3,A,thomas,1907,,,,3:1:1:1907,,test,3,669.2894718584292,10.014958035335852,0.13524093853338556,,,,,,,,,66.82898415519767,0.00522758591626075,,,,,,,,27.641245170738564,0.2251909339865298,,1,782,1,exact,0.019441478201709668,79,,,,,,8.895800056052394e-05,793624286fc6192b34847cf58b1bda9e25bdfa73
dv3-A-thomas-001908,3,A,thomas,1908,,,,3:1:1:1908,,test,3,346.4993646905308,0.17746034172333885,0.3305162404393854,,,,,,,,,1952.5453480233023,0.017755854713024037,,,,,,,,0.39154989624777137,0.5503456400806332,,1,369,1,exact,0.06603431639109233,2537,,,,,,0.00012900000001536682,b68a472b38a223be1b9e59da35be1548df77e4b3
dv3-A-thomas-001909,3,A,thomas,1909,,,,3:1:1:1909,,test,3,264.66858189503836,11.773161168217134,0.13593561273903523,,,,,,,,,22.48067261743928,0.008355684898901945,,,,,,,,19.28376035500771,0.2263476424128617,,1,251,1,exact,0.03107492988628941,24,,,,,,6.520800161524676e-05,297c759c08cda9cb4b958b2185c7a52d47943b4a
dv3-A-thomas-001910,3,A,thomas,1910,,,,3:1:1:1910,,test,3,150.71015313831325,0.42311509849529516,0.11785779668985397,,,,,,,,,356.1918581357103,0.009600349908999758,,,,,,,,1.3264003244465647,0.19624610419004873,,1,161,1,exact,0.03570385957771304,405,,,,,,7.133300096029416e-05,9156a4441ef716d2b643d13a7439f8a0ab0d3e0d
dv3-A-thomas-001911,3,A,thomas,1911,,,,3:1:1:1911,,test,3,478.4714221478838,0.7918217798684118,0.622137097457637,,,,,,,,,604.2665588554512,0.02844186671483818,,,,,,,,1.074288350367917,1.0359262185212432,,1,502,1,exact,0.1057757711896164,911,,,,,,0.00011962499775108881,53ac9521c0310bd3075e72406f4eb14bdddd9ce6
dv3-A-thomas-001912,3,A,thomas,1912,,,,3:1:1:1912,,test,3,105.44857305578039,1.7896218234472727,0.10159177411710817,,,,,,,,,58.922265963799695,0.009893231940840335,,,,,,,,3.603613671962548,0.1691613999937793,,2,111,1,exact,0.0367930926824219,71,,,,,,6.054200275684707e-05,bc90136e2c0b82a4d70afa7d563d1909eb626abf
dv3-A-thomas-001913,3,A,thomas,1913,,,,3:1:1:1913,,test,3,120.14306549660883,1.3242602634830087,0.10904981658172222,,,,,,,,,90.72466252261775,0.009948911897096463,,,,,,,,3.0552053456531887,0.181579855282028,,1,131,1,exact,0.03700016735764789,112,,,,,,6.291699901339598e-05,0c1d4950c58d37731b8f2b3c25df1835b4a03db4
dv3-A-thomas-001914,3,A,thomas,1914,,,,3:1:1:1914,,test,3,630.0098208309478,0.1731825889329346,0.24251954154512503,,,,,,,,,3637.835793498391,0.009662134503199062,,,,,,,,0.699693843668635,0.40382152521848935,,1,612,1,exact,0.03593363750208744,4026,,,,,,0.00018633400031831115,e0374f6c9443d382fc0113c9f1529c225f01ad42
dv3-A-thomas-001915,3,A,thomas,1915,,,,3:1:1:1915,,test,3,783.8454704521624,4.849198078007204,0.2037296573286024,,,,,,,,,161.64434981676118,0.007276776366567964,,,,,,,,16.04683714733539,0.33923213127701113,,1,827,1,exact,0.027062451268240546,182,,,,,,9.929200314218178e-05,6172959a8db568918a4b1334b7f02c0f2a3584a6
dv3-A-thomas-001916,3,A,thomas,1916,,,,3:1:1:1916,,test,3,147.05818112205102,1.2696261370932334,0.10436599642940435,,,,,,,,,115.82794086039834,0.008606259337708705,,,,,,,,3.295800821675715,0.1737807831507368,,1,156,1,exact,0.03200682035504556,147,,,,,,6.662499799858779e-05,6bc5bf02026ee1405e1c75029b6ba76eb272005f
dv3-A-thomas-001917,3,A,thomas,1917,,,,3:1:1:1917,,test,3,525.9657690627307,0.16422910916779276,1.1791710641201707,,,,,,,,,3202.63424509812,0.05141597470849439,,,,,,,,0.11888205675168935,1.9634486135539546,,1,528,1,exact,0.19121685755666296,6237,,,,,,0.0002442500008328352,79d06c539636fc3cec4e922776e43f5ff4db14e3
dv3-A-thomas-001918,3,A,thomas,1918,,,,3:1:1:1918,,test,3,168.08928157119794,19.612874548826653,1.1157303628642985,,,,,,,,,8.570354190189523,0.0860576022227736,,,,,,,,6.819628554530473,1.857812916822646,,1,108,1,exact,0.3200496413652824,26,,,,,,7.049999840091914e-05,b3c46c3fdae5d9c83a022d6767292d237b65d795
dv3-A-thomas-001919,3,A,thomas,1919,,,,3:1:1:1919,,test,3,113.9129973226152,7.074513730181924,0.1550028744720862,,,,,,,,,16.10188370073117,0.014522892156689818,,,,,,,,8.222698774117237,0.2580967157688663,,2,156,1,exact,0.05401087534722444,23,,,,,,6.062499960535206e-05,611efc184e33df3d090c807dffa11dd6e93f5afd
dv3-A-thomas-001920,3,A,thomas,1920,,,,3:1:1:1920,,test,3,168.83213790569408,14.84944067333679,0.12844081701491525,,,,,,,,,11.369595772643747,0.009884973274981128,,,,,,,,17.071989270529237,0.21386798893325953,,2,130,1,exact,0.03676237856794364,11,,,,,,5.862499892828055e-05,e9dd3f89a16dad36dc1bd045dc21f816884a71c0
dv3-A-thomas-001921,3,A,thomas,1921,,,,3:1:1:1921,,test,3,166.55865854670486,0.17316479077300395,1.0616553356719585,,,,,,,,,961.8506037121666,0.0822621279425679,,,,,,,,0.07427667628783723,1.7677720903477248,,1,193,1,exact,0.30593420994707443,2540,,,,,,0.00013350000153877772,9ed7c8db1a6c56f124bd9c41cd3525d1d40bf8f6
dv3-A-thomas-001922,3,A,thomas,1922,,,,3:1:1:1922,,test,3,117.56006442839262,0.368399798425573,0.14452789082687376,,,,,,,,,319.1100129012232,0.013329742414113482,,,,,,,,0.9039715898632701,0.24065472389762013,,1,134,1,exact,0.04957353178496584,392,,,,,,7.016700328676961e-05,1f4ba6a2c01a527ede592b49f770d17d9dfeda97
dv3-A-thomas-001923,3,A,thomas,1923,,,,3:1:1:1923,,test,3,182.68495907256408,0.16529691291181342,0.3399157771528346,,,,,,,,,1105.192806413918,0.025148954008974173,,,,,,,,0.25298556393307864,0.5659968953476897,,1,224,1,exact,0.09352937455134168,1593,,,,,,0.00010270799975842237,a72a7f8e16407832dbd77a4a525608346f6a83c9
dv3-A-thomas-001924,3,A,thomas,1924,,,,3:1:1:1924,,test,3,599.0462650688435,11.163846814772782,0.5693462972832201,,,,,,,,,53.65948449562597,0.023261960728039408,,,,,,,,14.855777186327595,0.9480237702974125,,1,426,1,exact,0.08651161543160119,57,,,,,,7.845800064387731e-05,3f81b62f37de20cc465ca52db5dc8eec39fb4ab1
dv3-A-thomas-001925,3,A,thomas,1925,,,,3:1:1:1925,,test,3,284.48532749768486,21.401841768243344,0.1469442200526226,,,,,,,,,13.292562882125978,0.008712094386891167,,,,,,,,28.15910882903151,0.2446781759755647,,1,277,1,exact,0.032400422647694146,15,,,,,,6.38330020592548e-05,3e6193b638c735c49f8c7ace94549c622be1762f
dv3-A-thomas-001926,3,A,thomas,1926,,,,3:1:1:1926,,test,3,480.85941765878476,0.5239724632103572,0.2260321131799252,,,,,,,,,917.7188715463775,0.010307683671929142,,,,,,,,1.89579175952962,0.37636815619533065,,1,478,1,exact,0.03833444550276682,990,,,,,,0.0001044590026140213,bc8970db75e9c47bace60d2ab79f11ca5f59d9c3
dv3-A-thomas-001927,3,A,thomas,1927,,,,3:1:1:1927,,test,3,757.1496872357123,0.9694401462786845,0.668694902784469,,,,,,,,,781.0174667741219,0.024301727073285546,,,,,,,,1.5548951014605188,1.1134500495417161,,1,687,1,exact,0.09037852361059358,1062,,,,,,0.0001328329999523703,684347a35231d56de8db6d635330400d94dc8e87
dv3-A-thomas-001928,3,A,thomas,1928,,,,3:1:1:1928,,test,3,694.8772220815914,0.26339638305980245,1.0538132230106576,,,,,,,,,2638.142612322144,0.03997694528546276,,,,,,,,0.2521678035871163,1.7547141162329565,,1,727,1,exact,0.14867491855479573,4510,,,,,,0.00021895900135859847,d3f7ba6075dfb66775fb21f42b3c83b10372ed10
dv3-A-thomas-001929,3,A,thomas,1929,,,,3:1:1:1929,,test,3,268.6250434016928,0.23198317351592218,0.14707622277590762,,,,,,,,,1157.9505501646036,0.008973651895039507,,,,,,,,0.9553654865749632,0.2448979749274774,,1,218,1,exact,0.03337315933239254,1302,,,,,,9.462500020163134e-05,075d01891e4c16d22f5284af50d2e4c61551794a
dv3-A-thomas-001930,3,A,thomas,1930,,,,3:1:1:1930,,test,3,309.00319765252624,0.7385091084088813,0.24703099446265778,,,,,,,,,418.4148768567987,0.014053029562966203,,,,,,,,1.879409979666913,0.41133358707751483,,1,370,1,exact,0.05226344861526735,563,,,,,,9.058399882633239e-05,2c41632bd5d5750e097ba4575acd725c17014b43
dv3-A-thomas-001931,3,A,thomas,1931,,,,3:1:1:1931,,test,3,476.4971382964914,6.8594528906370345,0.5472816876352539,,,,,,,,,69.46576438288497,0.025071525988509657,,,,,,,,8.982680759016862,0.9112837852857947,,1,407,1,exact,0.09324141846679794,91,,,,,,8.075000005192123e-05,3a455620fd8964a7596bba4c30c89f3d467dd83e
dv3-A-thomas-001932,3,A,thomas,1932,,,,3:1:1:1932,,test,3,436.25061983491344,0.40511179827441013,0.3502383176138384,,,,,,,,,1076.8647610194034,0.0167685546096031,,,,,,,,0.9399333104594588,0.5831850526670309,,1,451,1,exact,0.06236253103037777,1405,,,,,,0.00013683300130651332,d933a6369de48c8ea56d7c8e709091ac19aa7b8b
dv3-A-thomas-001933,3,A,thomas,1933,,,,3:1:1:1933,,test,3,319.74362885714413,0.13752973911825847,0.6102508307299322,,,,,,,,,2324.905368883194,0.03412773214407936,,,,,,,,0.15644588292619058,1.0161342861740414,,1,321,1,exact,0.12692159845504689,3611,,,,,,0.00016279199917335063,7b101762c6afab763e3e1c6b5159edc1dfc56121
dv3-A-thomas-001934,3,A,thomas,1934,,,,3:1:1:1934,,test,3,176.2413943835434,2.7165078326106595,0.9682113010997528,,,,,,,,,64.87792608872002,0.07293167489793832,,,,,,,,1.3145284138284588,1.6121775666111866,,1,193,1,exact,0.27123410125732683,148,,,,,,7.574999835924245e-05,7636eaeca98905c7232e18a95c5da09682d2a3d9
dv3-A-thomas-001935,3,A,thomas,1935,,,,3:1:1:1935,,test,3,129.92813521019926,0.18158806093959826,0.16917373410653305,,,,,,,,,715.5103399304282,0.01484162085160927,,,,,,,,0.4364812552706737,0.2816927448343207,,1,116,1,exact,0.055196232618017656,940,,,,,,8.091699783108197e-05,ea98d96c8898c6c3a2104a1bb3a5755246d9765e
dv3-A-thomas-001936,3,A,thomas,1936,,,,3:1:1:1936,,test,3,153.45570025751124,22.492114751605985,1.1238331404469089,,,,,,,,,6.8226443779171175,0.09072152084668195,,,,,,,,7.091767424443861,1.871304926501821,,2,118,1,exact,0.33739483161442135,15,,,,,,6.374999793479219e-05,6f3b81d538bfd9413cc7dca04eb5bedbb5f921be
dv3-A-thomas-001937,3,A,thomas,1937,,,,3:1:1:1937,,test,3,123.8731238995075,2.561257348441371,0.10241797278342664,,,,,,,,,48.36418486993871,0.00920211444802374,,,,,,,,5.042163539243587,0.17053711101253086,,1,148,1,exact,0.03422281533325019,61,,,,,,6.166700040921569e-05,d42560d0ce44976c14e8cbf44e87857b772743ee
dv3-A-thomas-001938,3,A,thomas,1938,,,,3:1:1:1938,,test,3,112.91976398094306,0.8892348203352326,0.40407025341651237,,,,,,,,,126.98531523807563,0.038025234336387256,,,,,,,,0.8276804956469076,0.6728211054271537,,1,112,1,exact,0.1414164733603396,193,,,,,,6.658400161541067e-05,1167fc4e4ee0f3c8985118b69e62ae1c88e03804
dv3-A-thomas-001939,3,A,thomas,1939,,,,3:1:1:1939,,test,3,148.09295912533202,12.331747279658225,0.18227102719429866,,,,,,,,,12.009081581619666,0.0149778830606758,,,,,,,,12.663151649818202,0.3035011683421269,,1,156,1,exact,0.055702994019880686,17,,,,,,6.0625003243330866e-05,b7ce4beb61ae8346b8db08e7bd2a176972e60c3b
dv3-A-thomas-001940,3,A,thomas,1940,,,,3:1:1:1940,,test,3,505.1499488152576,14.483019521349952,0.14950800330700684,,,,,,,,,34.87877290164509,0.006652031311831642,,,,,,,,29.789256075179054,0.2489471551164577,,1,571,1,exact,0.024739014110469252,43,,,,,,7.666599776712246e-05,6139be90b216d7835e807f395f7c4ab5892276a3
dv3-A-thomas-001941,3,A,thomas,1941,,,,3:1:1:1941,,test,3,155.55406607512987,2.2208959469184215,0.1299132062357405,,,,,,,,,70.04113195441106,0.01041627932107799,,,,,,,,4.673869941885591,0.21631967780369346,,1,134,1,exact,0.038738314512200146,86,,,,,,6.183300138218328e-05,807269f629cb985d2f485f5a143dcf8c9550f584
dv3-A-thomas-001942,3,A,thomas,1942,,,,3:1:1:1942,,test,3,106.89842071765696,0.23616231446377378,0.27229165611563316,,,,,,,,,452.64809061673844,0.026335931795992085,,,,,,,,0.3273342320542812,0.453395347757673,,2,109,1,exact,0.09794376450913099,606,,,,,,7.874999937484972e-05,88d8d509640c73fc1b550563d0aa8e540ba4a103
dv3-A-thomas-001943,3,A,thomas,1943,,,,3:1:1:1943,,test,3,343.15386494811867,0.3837192892554341,0.2651880484676225,,,,,,,,,894.2835936498573,0.01431559818507333,,,,,,,,1.0150609128185046,0.44156706515126026,,1,350,1,exact,0.05323994564944713,1111,,,,,,0.00011191700104973279,37d41ab9b7c74ca4f006461031808d2bd377ce2a
dv3-A-thomas-001944,3,A,thomas,1944,,,,3:1:1:1944,,test,3,250.07935018903052,0.2326700985388803,0.8530008014887562,,,,,,,,,1074.8237601628946,0.05393994796209101,,,,,,,,0.16269689305969498,1.4203395012013518,,1,254,1,exact,0.200603555695638,2080,,,,,,0.0004359579979791306,59fa0e8b14e0f912be506657cc7eaae7c72e9c2d
dv3-A-thomas-001945,3,A,thomas,1945,,,,3:1:1:1945,,test,3,146.89563782166599,2.383414896429248,0.5998537227973301,,,,,,,,,61.632424149794524,0.049492672891660705,,,,,,,,1.629589604900974,0.998821965870057,,1,102,1,exact,0.18406406639335163,100,,,,,,0.0001601250005478505,0c17fb1425a14aa3c493bde30f958285f24df6cd
dv3-A-thomas-001946,3,A,thomas,1946,,,,3:1:1:1946,,test,3,594.8302031589876,5.748822884863908,0.262985864430824,,,,,,,,,103.46991289731986,0.010782907993728632,,,,,,,,14.085706245499441,0.4379001882023513,,1,510,1,exact,0.04010181258982862,118,,,,,,0.0001596670008439105,af7ef3fe260caadbfe21e3667f6e4e911c7b693c
dv3-A-thomas-001947,3,A,thomas,1947,,,,3:1:1:1947,,test,3,143.70895079559455,0.2569929580555388,0.575927099349255,,,,,,,,,559.1941191032074,0.04804250065455379,,,,,,,,0.19377554465541882,0.9589815245077995,,1,134,1,exact,0.17867085193680085,994,,,,,,0.00017800000205170363,fa63efaab1d2577011d721a77f9026a6dcbb0b94
dv3-A-thomas-001948,3,A,thomas,1948,,,,3:1:1:1948,,test,3,475.36031658490253,0.5752767180704342,1.1481800199418222,,,,,,,,,826.3159304957334,0.05266214243467616,,,,,,,,0.40268913441402254,1.9118451400834027,,1,476,1,exact,0.19585137587397577,1666,,,,,,0.0002722909994190559,127fd351ca3778ad5963ad1226003f689013fdcb
dv3-A-thomas-001949,3,A,thomas,1949,,,,3:1:1:1949,,test,3,244.65738339789422,7.5049951765230105,0.5942591962635648,,,,,,,,,32.59927257025121,0.037992401650892856,,,,,,,,6.428020539139977,0.9895064681441963,,1,232,1,exact,0.14129436806172413,48,,,,,,0.0001384999995934777,46e5bc42b69750e9ac6b22d647c3af4d6210cd5b
dv3-A-thomas-001950,3,A,thomas,1950,,,,3:1:1:1950,,test,3,367.4337740987185,0.5857261049002463,0.12580281374781435,,,,,,,,,627.3132971618113,0.006562976028158424,,,,,,,,2.769910443566711,0.2094754253647117,,1,304,1,exact,0.024407816042371622,672,,,,,,0.00016645800133119337,480fdbfd383cb989fb14f31097072d629eed9dfa
dv3-A-thomas-001951,3,A,thomas,1951,,,,3:1:1:1951,,test,3,392.93507342269953,6.1677389501563376,0.10577530885385128,,,,,,,,,63.70812328442331,0.00533609931764835,,,,,,,,16.705576652697218,0.17612744226580707,,1,421,1,exact,0.01984504133036302,70,,,,,,0.00014045799980522133,ed2f65fe24e0f4fb0f48be27c28f32ba07e52190
dv3-A-thomas-001952,3,A,thomas,1952,,,,3:1:1:1952,,test,3,388.47647968903755,0.4359350009987595,0.8386078355573634,,,,,,,,,891.1339507013868,0.04254774533412236,,,,,,,,0.387559671227781,1.3963736408925183,,1,358,1,exact,0.15823576631657107,1547,,,,,,0.0002267500021844171,6734c9039a5164ec5f522904b35332e3b55546ea
dv3-A-thomas-001953,3,A,thomas,1953,,,,3:1:1:1953,,test,3,333.14747842347,23.967493572179265,0.2539967145564883,,,,,,,,,13.899971535203722,0.013915853044817041,,,,,,,,27.987333867092392,0.4229322718458197,,1,260,1,exact,0.0517532868828532,15,,,,,,0.0001287500017497223,397656ef103231e2899ee3048aee30076abe4ea3
dv3-A-thomas-001954,3,A,thomas,1954,,,,3:1:1:1954,,test,3,105.81561162355622,0.41267005939128804,0.422078878639522,,,,,,,,,256.41698304849234,0.04103162782015971,,,,,,,,0.3664123099828316,0.7028074333672086,,1,103,1,exact,0.15259730028825588,436,,,,,,0.00014029199883225374,51dbab473827d5ff165e91d37b984f7a56dd57e0
dv3-A-thomas-001955,3,A,thomas,1955,,,,3:1:1:1955,,test,3,337.85945934409165,0.19170491739919682,0.28631899219998863,,,,,,,,,1762.3932861385597,0.01557693886258712,,,,,,,,0.48148028520436714,0.47675239443625084,,1,329,1,exact,0.05793089242289676,2130,,,,,,0.0002233340019301977,ee8383e3760711a6b7fad80fb7bb16bab1f0101b
dv3-A-thomas-001956,3,A,thomas,1956,,,,3:1:1:1956,,test,3,512.7916744948799,1.7256805145380607,0.7579868607984857,,,,,,,,,297.15330860773304,0.03347273465036684,,,,,,,,1.9458789447607012,1.2621309123094544,,1,533,1,exact,0.12448565197799787,497,,,,,,0.00019720800264622085,978f111873f6caf20760c6e723b72c6aba683f95
dv3-A-thomas-001957,3,A,thomas,1957,,,,3:1:1:1957,,test,3,264.7358685074423,5.1237734425018155,0.7320140741017771,,,,,,,,,51.66814486984384,0.04498969382974639,,,,,,,,3.9764563461601066,1.2188833856515342,,1,265,1,exact,0.1673174130284305,94,,,,,,0.00016016700101317838,7454df6aacec1a7b0f74f408b25410fa5bcee224
dv3-A-thomas-001958,3,A,thomas,1958,,,,3:1:1:1958,,test,3,181.86848142150836,3.69307672966222,0.11113430351928662,,,,,,,,,49.24579009170562,0.00824080071529898,,,,,,,,7.753224974487976,0.18505075370556245,,1,174,1,exact,0.030647673713551867,51,,,,,,0.0001304159995925147,8b18d059539fad0102d88b93fa1a86051be9aff7
dv3-A-thomas-001959,3,A,thomas,1959,,,,3:1:1:1959,,test,3,660.3780653509251,0.29689952398435976,1.0039459489628773,,,,,,,,,2224.2476393654065,0.03906735526100624,,,,,,,,0.290769248497956,1.6716796583242681,,1,665,1,exact,0.1452921382588359,3622,,,,,,0.0015840830019442365,2d726166fe584405ecdffde03309f30fca69f464
dv3-A-thomas-001960,3,A,thomas,1960,,,,3:1:1:1960,,test,3,201.85794301573532,0.11659107187576599,0.6919692384650138,,,,,,,,,1731.3327664645344,0.0487039143054943,,,,,,,,0.09203955837982766,1.1522043605266554,,1,218,1,exact,0.18113066020835403,3172,,,,,,0.00034791600046446547,c1309042025945d8a471a77e2a84bc1ad21d4e02
dv3-A-thomas-001961,3,A,thomas,1961,,,,3:1:1:1961,,test,3,252.23497977230838,20.111411300914025,1.1571570190275506,,,,,,,,,12.541883610169355,0.07286007886284163,,,,,,,,8.586128286114892,1.926792824049766,,1,234,1,exact,0.270967834422509,35,,,,,,0.0002034169992839452,588d29de4b1ebac49810ad47252367d339148533
dv3-A-thomas-001962,3,A,thomas,1962,,,,3:1:1:1962,,test,3,431.9111366780401,2.6204435829662844,0.8065456512134013,,,,,,,,,164.823673169535,0.03880893748273562,,,,,,,,2.472421695186998,1.3429866020538108,,1,428,1,exact,0.14433107828131264,274,,,,,,0.00019754100139834918,b1afa320151571b35fbfa6d2c19a81d11269be06
dv3-A-thomas-001963,3,A,thomas,1963,,,,3:1:1:1963,,test,3,165.34594711100894,0.21068324349106488,0.26618632121070734,,,,,,,,,784.8082475435276,0.020700887115578204,,,,,,,,0.37784142963599365,0.44322929830215696,,1,145,1,exact,0.07698694044639243,1054,,,,,,0.00018533299953560345,a4a8702390c7c5c157677f1b898f817344fdbe0c
dv3-A-thomas-001964,3,A,thomas,1964,,,,3:1:1:1964,,test,3,109.70021081911206,0.23365798510279961,0.860108816080622,,,,,,,,,469.490528093224,0.08212013754207141,,,,,,,,0.10014519824522916,1.4321751218506198,,1,108,1,exact,0.3054061453068515,1212,,,,,,0.0001866669990704395,748b69e4b87acc1e65cb45133f4ec4b9251dd8ef
dv3-A-thomas-001965,3,A,thomas,1965,,,,3:1:1:1965,,test,3,750.946754464104,0.6615478873461822,0.7571392840668976,,,,,,,,,1135.1358969288644,0.027629384341764863,,,,,,,,0.9367963523589012,1.260719604477067,,1,703,1,exact,0.10275413585001457,1600,,,,,,0.0002562500012572855,6729db94af47b6bc273cf9f4c4aed99531287d17
dv3-A-thomas-001966,3,A,thomas,1966,,,,3:1:1:1966,,test,3,271.447981774093,0.6470646829035763,0.1332879607991538,,,,,,,,,419.5067184875911,0.00808998311440095,,,,,,,,2.5269841503575368,0.2219390127502839,,1,266,1,exact,0.030086780569515224,441,,,,,,0.0001450000017939601,86e54b1d14e3bb68f09b92c29c295628ef8a0780
dv3-A-thomas-001967,3,A,thomas,1967,,,,3:1:1:1967,,test,3,392.8888235884035,20.46754135341105,0.111384965336589,,,,,,,,,19.195701955815323,0.005619423155151834,,,,,,,,33.94270553492399,0.18546813300923498,,1,376,1,exact,0.020898727352761045,19,,,,,,0.00012549999883049168,8ba992c96580e34322b74c49ecfc4fbbdbdecf06
dv3-A-thomas-001968,3,A,thomas,1968,,,,3:1:1:1968,,test,3,766.4420781079291,28.234308652507522,0.16963933848195795,,,,,,,,,27.145771038380303,0.006127550516976965,,,,,,,,53.10553975667262,0.28246802697379114,,1,533,1,exact,0.022788461388099812,24,,,,,,0.0001385830000799615,9e982f5b492762c84c57630e6eeddef0c2831d9a
dv3-A-thomas-001969,3,A,thomas,1969,,,,3:1:1:1969,,test,3,165.66503154444976,0.3631438406509413,1.1259084105058275,,,,,,,,,456.1967270255568,0.08747574291461309,,,,,,,,0.14400402253359296,1.8747604778157212,,1,154,1,exact,0.325323729976929,1278,,,,,,0.0001874999979918357,144b7e9b31f3fb348157212dd6524ee8d37e262c
dv3-A-thomas-001970,3,A,thomas,1970,,,,3:1:1:1970,,test,3,170.09635581265513,4.620464383053086,0.2787170460994603,,,,,,,,,36.81369267481719,0.021370566066624696,,,,,,,,5.866146280349603,0.46409432387671656,,1,159,1,exact,0.079477487505297,51,,,,,,0.00011845799963339232,f1317351e953de3118d63d60cc8599a1a6b2b59f
dv3-A-thomas-001971,3,A,thomas,1971,,,,3:1:1:1971,,test,3,212.27300329639826,17.879953947306547,0.19101785726465337,,,,,,,,,11.87212248543712,0.013110721340149718,,,,,,,,19.80357880504859,0.3180655957583002,,1,257,1,exact,0.04875898880023239,18,,,,,,0.00011995800014119595,6c62f5a27d0f34556fea8546ee7f5445fce81aff
dv3-A-thomas-001972,3,A,thomas,1972,,,,3:1:1:1972,,test,3,775.0382255372577,6.7197986044232,0.9036932676013651,,,,,,,,,115.3365258636027,0.032460819926336475,,,,,,,,7.431969963590678,1.5047479940273676,,1,685,1,exact,0.1207223244374536,159,,,,,,0.000180582999746548,fe9b196244b97c28d3122ba391e68a569135d021
dv3-A-thomas-001973,3,A,thomas,1973,,,,3:1:1:1973,,test,3,135.92340236869066,0.1131440418594124,1.0378027459487607,,,,,,,,,1201.3306236450599,0.08901592250370523,,,,,,,,0.0433558487268665,1.7280549232235227,,1,121,1,exact,0.33105168325932505,3242,,,,,,0.00025920799816958606,097f03cdbc3db0d7a7a6767a760e398a6ed62bc8
dv3-A-thomas-001974,3,A,thomas,1974,,,,3:1:1:1974,,test,3,297.9292295486625,1.6715040765438365,0.10765573227263935,,,,,,,,,178.2402051717934,0.006237069775151589,,,,,,,,6.0968855294645135,0.1792585526422889,,1,336,1,exact,0.023195765314726113,217,,,,,,0.00013679100084118545,0d3037fc532a5a1fcaa5354f1292e9f6de780717
dv3-A-thomas-001975,3,A,thomas,1975,,,,3:1:1:1975,,test,3,770.2650257751945,3.6910141277747948,0.7375988982899088,,,,,,,,,208.6865558110353,0.026576645891163084,,,,,,,,5.136674770591113,1.2281827279122024,,1,738,1,exact,0.09883898419735349,299,,,,,,0.00019187499856343493,844128f7d334f3deb35383a66af15f2dc85d52cd
dv3-A-thomas-001976,3,A,thomas,1976,,,,3:1:1:1976,,test,3,475.2367303180157,1.9591489193103957,0.21949399660604413,,,,,,,,,242.57305079457416,0.010068566590660443,,,,,,,,6.022879803423269,0.36548147799158814,,1,484,1,exact,0.037445165135574485,284,,,,,,0.00012116699872422032,ec24ca429340f82ccfc849fc84ee8fda0ad707f4
dv3-A-thomas-001977,3,A,thomas,1977,,,,3:1:1:1977,,test,3,245.0011951217523,11.128062920678527,0.21719276400357185,,,,,,,,,22.016517777454613,0.013875902857325859,,,,,,,,15.451867104586576,0.3616496743625187,,1,250,1,exact,0.05160471147697645,29,,,,,,7.249999907799065e-05,ec9e3f3d5689b5e1c6fc6dd023f5856ac821f8b6
dv3-A-thomas-001978,3,A,thomas,1978,,,,3:1:1:1978,,test,3,186.6443843512275,25.75617260417299,0.5930004236715974,,,,,,,,,7.246588505971868,0.04340577749528624,,,,,,,,14.990390204242413,0.9874104742925136,,1,220,1,exact,0.1614268020689907,10,,,,,,8.899999738787301e-05,dacf78ad716a836c6a5237276ba603939aa83add
dv3-A-thomas-001979,3,A,thomas,1979,,,,3:1:1:1979,,test,3,309.28287950349466,1.9552777083351456,0.6908532196893089,,,,,,,,,158.1784920807177,0.039283289350645255,,,,,,,,1.8533085942349485,1.1503460673709522,,1,256,1,exact,0.14609520069797527,247,,,,,,9.179200060316361e-05,37bffcf2c08ae759a9d809c78b8eca1a8de76f60
dv3-A-thomas-001980,3,A,thomas,1980,,,,3:1:1:1980,,test,3,244.52710754012102,2.266728340193937,0.7567120296736034,,,,,,,,,107.87667106116463,0.04839128255951901,,,,,,,,1.7224009341525437,1.260008179246518,,1,280,1,exact,0.17996797759119515,197,,,,,,8.170800356310792e-05,c72fa00c56313891d49190b871774590982df00c
dv3-A-thomas-001981,3,A,thomas,1981,,,,3:1:1:1981,,test,3,672.6858743846859,2.6570882987782976,0.35202277276411614,,,,,,,,,253.16654877219554,0.013572648604064035,,,,,,,,6.724606144775756,0.5861563653945666,,1,599,1,exact,0.050476903909811174,290,,,,,,0.00010124999971594661,1d9964d7d1977f382f2433cd3d99dfc8477b750d
dv3-A-thomas-001982,3,A,thomas,1982,,,,3:1:1:1982,,test,3,219.09872973149956,29.227638555857848,0.18477899980353013,,,,,,,,,7.496285726702593,0.012483394121932822,,,,,,,,27.594702526758194,0.30767721666307263,,1,174,1,exact,0.046425948533908704,8,,,,,,6.358300015563145e-05,a7e96b9f983b8cd4b7cf8e8b185f4d5f470c110f
dv3-A-thomas-001983,3,A,thomas,1983,,,,3:1:1:1983,,test,3,154.3437236718463,0.6039017020796655,0.6064991933328792,,,,,,,,,255.57756028891865,0.048818647206883115,,,,,,,,0.44548650491748965,1.009887400145425,,1,148,1,exact,0.1815573537600432,491,,,,,,8.341599823324941e-05,5c50bd32a42f40ca5c4e2b60b254c4b406ee5d7d
dv3-A-thomas-001984,3,A,thomas,1984,,,,3:1:1:1984,,test,3,111.62247224144531,4.773468439763913,0.11664374682945439,,,,,,,,,23.383934271275074,0.011040421217105576,,,,,,,,6.870357957863762,0.19422457857114667,,1,83,1,exact,0.041059508512790305,20,,,,,,5.7792000006884336e-05,85de9c16ca1ce70a5bc060831eebc30f50e45584
dv3-A-thomas-001985,3,A,thomas,1985,,,,3:1:1:1985,,test,3,274.9006679909395,0.4506873343079457,1.0058094131265656,,,,,,,,,609.958716530306,0.060663546755821376,,,,,,,,0.2745329230282365,1.6747825296886798,,1,299,1,exact,0.22560873045111116,1282,,,,,,0.00017808299890020862,5bbd990c233e89922711553e530a98ef572882cd
dv3-A-thomas-001986,3,A,thomas,1986,,,,3:1:1:1986,,test,3,535.8659121101081,8.553506106021574,0.15869231493986127,,,,,,,,,62.648685283905316,0.006855321543821277,,,,,,,,21.581910655144583,0.2642400371169422,,1,563,1,exact,0.025495053834570815,73,,,,,,0.00018241699945065193,1f9c49ed6d8030203d6b1977471df22be6dafa5c
dv3-A-thomas-001987,3,A,thomas,1987,,,,3:1:1:1987,,test,3,107.51948730634193,2.695952179545669,0.2716203074416949,,,,,,,,,39.881822875827666,0.026195014551146183,,,,,,,,2.9905217097194723,0.4522774788893092,,2,69,1,exact,0.09741969095246408,44,,,,,,0.000152749998960644,a94218d866b846fa46089908009f242067b730d2
dv3-A-thomas-001988,3,A,thomas,1988,,,,3:1:1:1988,,test,3,453.85731986643395,0.7685206789202339,0.12902541083008487,,,,,,,,,590.5596717372657,0.006056414331744607,,,,,,,,3.864454334691098,0.214841401486207,,1,418,1,exact,0.022523904742508243,616,,,,,,0.00017708299856167287,7f8d56acd378cd67db9f61de096188be155519c4
dv3-A-thomas-001989,3,A,thomas,1989,,,,3:1:1:1989,,test,3,763.4601873718494,0.23781649048609063,0.9487687936313322,,,,,,,,,3210.2912031514593,0.03433738314023743,,,,,,,,0.26846570913989554,1.5798036681205834,,1,737,1,exact,0.12770129396595095,5040,,,,,,0.00110145799771999,79110695a0df8ad4f4a6702dce75d071b5a8d507
dv3-A-thomas-001990,3,A,thomas,1990,,,,3:1:1:1990,,test,3,297.76270539493095,5.126430435089449,1.1258054596274154,,,,,,,,,58.08382834121798,0.06524214026466274,,,,,,,,2.7447591044720907,1.874589053358632,,1,261,1,exact,0.24263659519069256,120,,,,,,0.0005242079969320912,f72914f2a4e84b6c99eee6e4de40fa87b43b1c18
dv3-A-thomas-001991,3,A,thomas,1991,,,,3:1:1:1991,,test,3,392.60486094153276,0.28854947895984384,0.1574262213246234,,,,,,,,,1360.6153868542242,0.007945097572386369,,,,,,,,1.3284760441602605,0.26213185296189495,,1,407,1,exact,0.029547948850258812,1519,,,,,,0.00027508399944053963,a0c9cca8c3db5b359b937bcb2d1339a530c63bdd
dv3-A-thomas-001992,3,A,thomas,1992,,,,3:1:1:1992,,test,3,576.5184437344764,15.318162858696255,0.7237208008424537,,,,,,,,,37.636265461636725,0.030141471612886352,,,,,,,,15.89796063276087,1.2050741798642532,,1,647,1,exact,0.11209662982421877,58,,,,,,0.00017770900012692437,c4d8f48548d617673af1ea0d517bdff6d16ce9cb
dv3-A-thomas-001993,3,A,thomas,1993,,,,3:1:1:1993,,test,3,479.8157614364394,0.35800036357796006,0.34441859223230153,,,,,,,,,1340.2661288972467,0.015723503884359134,,,,,,,,0.8961617007274891,0.5734945742628909,,1,498,1,exact,0.058475970155058045,1707,,,,,,0.00022908300161361694,082d11f181a01a1f5ffee3dedf0783c93b8e28e3
dv3-A-thomas-001994,3,A,thomas,1994,,,,3:1:1:1994,,test,3,361.7473778195185,0.12144909608952403,0.11212013546290218,,,,,,,,,2978.5925911944446,0.005894960751567161,,,,,,,,0.7513031380659148,0.18669227156652984,,1,357,1,exact,0.02192345621619248,3141,,,,,,0.0002561250003054738,45b58c71f1e1195afee07c59cc76ffb1fb7209da
dv3-A-thomas-001995,3,A,thomas,1995,,,,3:1:1:1995,,test,3,647.5806019787483,0.27592832542307477,0.5585960883678885,,,,,,,,,2346.916000689046,0.02195083142858675,,,,,,,,0.49519613400414225,0.9301234982906768,,1,665,1,exact,0.08163550395237279,3145,,,,,,0.0003199170023435727,c0340994f5ad03ac0f8ecf8236cb66c192b535bb
dv3-A-thomas-001996,3,A,thomas,1996,,,,3:1:1:1996,,test,3,634.4631027718225,0.12356317960895623,0.7044067827051995,,,,,,,,,5134.726257285748,0.027965355450095604,,,,,,,,0.17383216107601,1.1729142301439444,,1,602,1,exact,0.10400361794053341,7550,,,,,,0.0006862080008431803,01aac5700deff0105bbce0cf5a4e004ccb9b2fa1
dv3-A-thomas-001997,3,A,thomas,1997,,,,3:1:1:1997,,test,3,547.159226733335,24.214009269795795,0.5383436754078016,,,,,,,,,22.5968042151472,0.023014563992481932,,,,,,,,27.076968919440077,0.8964010186966962,,1,536,1,exact,0.08559154289361501,27,,,,,,0.00015395800073747523,912a08b90e0672075335d4b9a68c48919f8958b1
dv3-A-thomas-001998,3,A,thomas,1998,,,,3:1:1:1998,,test,3,754.9726859153644,1.4176489889120916,0.7690547356018373,,,,,,,,,532.5526218550989,0.02798927382514423,,,,,,,,1.9528097765040584,1.2805601327159475,,1,723,1,exact,0.10409257077164456,777,,,,,,0.00022566699772141874,4e8c8384a43781d64bdcf7bd7b85caf2f82ec1fb
dv3-A-thomas-001999,3,A,thomas,1999,,,,3:1:1:1999,,test,3,338.989577608856,7.945976054656086,0.10194838198266834,,,,,,,,,42.661791990956104,0.005537161168708958,,,,,,,,18.23764475862111,0.16975519103947376,,1,325,1,exact,0.020592793669053658,47,,,,,,0.00012737499855575152,9f78fc56b8f2d95677fb75e248d40fe604916a81
dv3-A-thomas-002000,3,A,thomas,2000,,,,3:1:1:2000,,test,4,155.98531074159914,1.3969069444286304,0.14909785387464322,,,,,,,,,111.66478294329119,0.011937944101681095,,,,,,,,3.0906862085278513,0.24826421151410163,,1,153,1,exact,0.0443974109166004,130,,,,,,0.0003901659983966965,d86b1e898bddfd7b48b485f5d9a0c94e3bc0de48
dv3-A-thomas-002001,3,A,thomas,2001,,,,3:1:1:2001,,test,4,357.2410386588076,0.3679725155610079,0.12619091125844414,,,,,,,,,970.8361998562877,0.006676477731805196,,,,,,,,1.8463068301710015,0.210121650108819,,1,365,1,exact,0.024829930749361274,1056,,,,,,0.0002342080006201286,6c83e42d9e9e8b05eba5620640082c46f5e247fa
dv3-A-thomas-002002,3,A,thomas,2002,,,,3:1:1:2002,,test,4,312.1878108004041,0.3046463214042763,0.23612852061433923,,,,,,,,,1024.7549005724577,0.01336412333661165,,,,,,,,0.8664899228209113,0.3931797773266272,,1,297,1,exact,0.0497013950025217,1191,,,,,,0.0001972919999388978,9f1fa2b79cbc4d078f99d4b2396feff53099c9a6
dv3-A-thomas-002003,3,A,thomas,2003,,,,3:1:1:2003,,test,4,661.7447702882091,17.11768688994327,0.2562056894143709,,,,,,,,,38.65853923738888,0.009959637018726052,,,,,,,,32.47387819617246,0.4266104562535428,,1,613,1,exact,0.03704005426179685,40,,,,,,0.00015941699894028716,5570c975bb9f8702bf0515c0cf79eee1001720a2
dv3-A-thomas-002004,3,A,thomas,2004,,,,3:1:1:2004,,test,4,111.56527803599236,1.7208412647415838,0.32883402604128376,,,,,,,,,64.83182401646206,0.031132372896478907,,,,,,,,1.8065538014403701,0.5475445693724424,,1,106,1,exact,0.11578180803335866,99,,,,,,0.00012275000335648656,f3c9aa278ccc9ece3ae3ed3fa478a7688e7f163b
dv3-A-thomas-002005,3,A,thomas,2005,,,,3:1:1:2005,,test,4,117.30355355235022,6.938461677849649,0.8096767684268631,,,,,,,,,16.906276779884827,0.07475772802054692,,,,,,,,2.972925838974306,1.3482002542020965,,1,97,1,exact,0.278025222923626,46,,,,,,0.0001247910004167352,cbfca07015d0e49b85c55da63bd9ee361ad8c788
dv3-A-thomas-002006,3,A,thomas,2006,,,,3:1:1:2006,,test,4,353.9648580174432,8.586789706691354,0.620142490181238,,,,,,,,,41.222024773893324,0.03296183760191419,,,,,,,,8.376800164708328,1.032604979550414,,1,231,1,exact,0.12258561743243182,55,,,,,,0.0001327499994658865,75eb839ce0448cd6c5af628bfde4b960ba009594
dv3-A-thomas-002007,3,A,thomas,2007,,,,3:1:1:2007,,test,4,221.8346295043895,1.282064745668646,0.2590378643144186,,,,,,,,,173.02919392631316,0.017391962065080875,,,,,,,,2.479640938002068,0.4313263367988225,,1,241,1,exact,0.06468099363445559,236,,,,,,0.00015220800196402706,744fa9f5e875db7fba56bb54efc4dedd35e0b38c
dv3-A-thomas-002008,3,A,thomas,2008,,,,3:1:1:2008,,test,4,536.8108328293753,19.2619374030821,0.5109044286826695,,,,,,,,,27.8689947742993,0.022051037694824686,,,,,,,,23.204834394847776,0.8507116759212912,,1,472,1,exact,0.08200817270845763,33,,,,,,0.0001434580008208286,f3259ecefee8d0c618ffaadddcf176835874dda5
dv3-A-thomas-002009,3,A,thomas,2009,,,,3:1:1:2009,,test,4,391.04794597117177,17.401327636031887,0.33046107545303127,,,,,,,,,22.472305225806576,0.016711110363000287,,,,,,,,22.38376412066156,0.5502537843531061,,1,372,1,exact,0.06214889493026733,24,,,,,,0.0001299579998885747,e46d640295676f9ab5a11f193174426adccdb70e
dv3-A-thomas-002010,3,A,thomas,2010,,,,3:1:1:2010,,test,4,322.6112052102885,1.4727488590994233,0.9714549519177507,,,,,,,,,219.0537804304009,0.05408576073607601,,,,,,,,1.0029187114259304,1.6175785995022056,,1,269,1,exact,0.20114583580587825,420,,,,,,0.0001756250021571759,1503c4e63744ff84ef1e0931ea698534dedcf22d
dv3-A-thomas-002011,3,A,thomas,2011,,,,3:1:1:2011,,test,4,197.71629211954962,26.357727024105266,0.4186647964611367,,,,,,,,,7.501264882921416,0.02977455065457697,,,,,,,,18.96628434119781,0.6971226136462366,,1,281,1,exact,0.11073204473140696,13,,,,,,0.0001221249985974282,ae82e9700431c7187a106970e5c6bf866bc1561e
dv3-A-thomas-002012,3,A,thomas,2012,,,,3:1:1:2012,,test,4,104.41711635703092,11.792444836090212,0.10005256973022886,,,,,,,,,8.854577469590305,0.00979134604837963,,,,,,,,11.948027801051307,0.16659845657415823,,1,109,1,exact,0.036414177368725174,11,,,,,,0.00012066699855495244,445454c3aa9eb8c7ba894ccca495b962109a6f0f
dv3-A-thomas-002013,3,A,thomas,2013,,,,3:1:1:2013,,test,4,193.70233082207847,1.62570065333131,0.10791228340461259,,,,,,,,,119.15006026795442,0.007753601186555958,,,,,,,,4.678792511842381,0.17968573829813303,,1,259,1,exact,0.028835770634450333,148,,,,,,0.00013691699859919026,c0aab8083003ee09fbc236211e675070dea3049a
dv3-A-thomas-002014,3,A,thomas,2014,,,,3:1:1:2014,,test,4,176.73567034187238,0.48747378804422486,0.5120166425652134,,,,,,,,,362.55420224941093,0.038514296702749785,,,,,,,,0.476261768483193,0.8525636335143022,,1,159,1,exact,0.14323530436325782,578,,,,,,0.00014791699868510477,0f98196bde0496109c81bc735f89e35652b9fd2a
dv3-A-thomas-002015,3,A,thomas,2015,,,,3:1:1:2015,,test,4,258.32640136141214,5.248183045428044,0.16348092117612978,,,,,,,,,49.22206392676286,0.0101714455645318,,,,,,,,10.631419142113053,0.2722135895229899,,1,206,1,exact,0.03782777373540882,48,,,,,,0.0001988340009120293,8537b3c4d81ec47a59a3ab2739ce566e275e519d
dv3-A-thomas-002016,3,A,thomas,2016,,,,3:1:1:2016,,test,4,764.3014880207718,0.7384612077561519,0.10697356208529013,,,,,,,,,1034.9920618621752,0.0038694042554821353,,,,,,,,5.374557799575166,0.1781226647721451,,1,761,1,exact,0.014390378215030425,1074,,,,,,0.00023854100072639994,fdb42c2bcc095882e216059d17e1c9ba19a96480
dv3-A-thomas-002017,3,A,thomas,2017,,,,3:1:1:2017,,test,4,132.5673544336332,0.5376352304493914,0.6479836315355939,,,,,,,,,246.5749023233179,0.05627891819641783,,,,,,,,0.3418244578983868,1.0789635207793384,,1,118,1,exact,0.20930222455608957,483,,,,,,0.00016483299987157807,5a60b388658c261c6399813d9de9dbb35b23f29c
dv3-A-thomas-002018,3,A,thomas,2018,,,,3:1:1:2018,,test,4,189.28258147747917,0.26634817789978155,0.3798470781310501,,,,,,,,,710.6584432828381,0.027609177249192287,,,,,,,,0.3690506138793873,0.632486872865568,,1,198,1,exact,0.10267898533961403,1073,,,,,,0.00017875000048661605,12b2614fc48bcb2f7282478dc262ed88cc4448f0
dv3-A-thomas-002019,3,A,thomas,2019,,,,3:1:1:2019,,test,4,273.76896792824175,0.23845755596916496,0.3733683531117138,,,,,,,,,1148.0825877609973,0.022565522542349243,,,,,,,,0.41251299816782305,0.6216990880870257,,1,237,1,exact,0.08392155033791861,1511,,,,,,0.0001962080023076851,ead8fad69968f0b9e4a0dab8aa6ac80b3ffd1488
dv3-A-thomas-002020,3,A,thomas,2020,,,,3:1:1:2020,,test,4,219.09424779576798,0.11748771696476319,0.1551985285989536,,,,,,,,,1864.8268385492463,0.010485088770972088,,,,,,,,0.42732479240752436,0.2584225012598973,,1,222,1,exact,0.038994217990711434,2206,,,,,,0.0004117499993299134,db5cdb0410816966f38662d2dcda315adcf971d6
dv3-A-thomas-002021,3,A,thomas,2021,,,,3:1:1:2021,,test,4,239.82186913025686,0.5188481166255409,0.2539131145973626,,,,,,,,,462.21979312558494,0.016396106893067194,,,,,,,,1.1738465367483926,0.4227930687828943,,1,278,1,exact,0.06097739183261041,564,,,,,,0.00016312499792547897,f99dc097eb6a5182b4eb7f88260b58d29e96712e
dv3-A-thomas-002022,3,A,thomas,2022,,,,3:1:1:2022,,test,4,314.8219403711391,2.394696698769621,0.13577904475091548,,,,,,,,,131.46631075780599,0.007652445641205708,,,,,,,,7.2841273959052595,0.22608693961192414,,1,340,1,exact,0.028459571493697496,134,,,,,,0.00013979100185679272,4ed45f257a725ac55f927445c27debc51aa83264
dv3-A-thomas-002023,3,A,thomas,2023,,,,3:1:1:2023,,test,4,366.4199801232681,3.964947171606924,0.1753398245208996,,,,,,,,,92.41484546054228,0.009159905520325985,,,,,,,,9.973846999451935,0.291959958848913,,1,319,1,exact,0.03406583963530883,102,,,,,,0.00013712500003748573,321545bb57bdaeda54fc67c24614ee285d452f25
dv3-A-thomas-002024,3,A,thomas,2024,,,,3:1:1:2024,,test,4,135.015597837849,3.140293173227175,0.7585827226207735,,,,,,,,,42.9945837506305,0.06528463421799559,,,,,,,,1.6142051575161611,1.2631230873249715,,1,170,1,exact,0.2427946309036696,93,,,,,,0.00013066600149613805,89e868d2c2c9b4c41a1c4cd2ef01b19288a17474
dv3-A-thomas-002025,3,A,thomas,2025,,,,3:1:1:2025,,test,4,147.64560812508952,5.310871671530994,0.5860977006457979,,,,,,,,,27.800635612520253,0.048234718811131845,,,,,,,,3.4681281093166922,0.975916686523166,,1,154,1,exact,0.17938571442991855,58,,,,,,0.00012937499923282303,43c786cac9c40c853aa4409c00b7c82b3c235d6e
dv3-A-thomas-002026,3,A,thomas,2026,,,,3:1:1:2026,,test,4,367.83887426869563,0.34095156556718137,1.0606381876480784,,,,,,,,,1078.859613554748,0.05530169557462054,,,,,,,,0.22565937198958402,1.7660784277927022,,1,381,1,exact,0.2056679175156652,2150,,,,,,0.0002501250019122381,8177bbb16d8029335af64d0c9f449fea5717b2ed
dv3-A-thomas-002027,3,A,thomas,2027,,,,3:1:1:2027,,test,4,450.9512039993459,0.4045059306273706,0.5710916755852959,,,,,,,,,1114.8197587608686,0.026893111619604906,,,,,,,,0.5810822318781939,0.9509300158046282,,1,450,1,exact,0.10001592545851036,1634,,,,,,0.00022220800019567832,63e3dc74e4df741128cd4b5caef56865aacb4905
dv3-A-thomas-002028,3,A,thomas,2028,,,,3:1:1:2028,,test,4,220.6944725235967,0.10704153527997706,1.0496295069466124,,,,,,,,,2061.764827516252,0.07065457737489332,,,,,,,,0.05521734339167328,1.7477477720311656,,1,221,1,exact,0.2627655380301322,4820,,,,,,0.0003396659994905349,97d9677cddd244152cfb718ef1f9303458101516
dv3-A-thomas-002029,3,A,thomas,2029,,,,3:1:1:2029,,test,4,234.0813930337815,0.1437330850509075,0.16621074736698763,,,,,,,,,1628.5839335520723,0.01086364725817906,,,,,,,,0.5086136668803537,0.2767590482887054,,1,243,1,exact,0.04040208324534333,1796,,,,,,0.00019820899979094975,ec21e359653b050ede8203b324755b0e730c538c
dv3-A-thomas-002030,3,A,thomas,2030,,,,3:1:1:2030,,test,4,277.9956052290979,1.8430403646082105,0.4055644110721165,,,,,,,,,150.8353319696249,0.024324329221382904,,,,,,,,2.717850293264727,0.6753090411190932,,1,341,1,exact,0.09046258137197435,217,,,,,,0.00014729200120200403,5f6da5babf77e9ed9df4b1783762cff52438064b
dv3-A-thomas-002031,3,A,thomas,2031,,,,3:1:1:2031,,test,4,254.2241142828841,0.21979371764287203,0.15065175028611497,,,,,,,,,1156.6486840900325,0.009448564024653794,,,,,,,,0.8632484565674017,0.250851618759366,,1,246,1,exact,0.03513936537157093,1335,,,,,,0.00018141700275009498,2a796850acb6385f9630de83d797a07c598639b2
dv3-A-thomas-002032,3,A,thomas,2032,,,,3:1:1:2032,,test,4,343.4187429503579,0.6871347843118264,0.13193495751302273,,,,,,,,,499.78366805327113,0.007119473608404748,,,,,,,,2.9821246977363893,0.219686114500724,,1,348,1,exact,0.026477439717423897,537,,,,,,0.00016141700325533748,8efc77e3134331ff12bf39a100bfab66cb9b0762
dv3-A-thomas-002033,3,A,thomas,2033,,,,3:1:1:2033,,test,4,147.87404737210892,6.915593380190285,0.8509668214328899,,,,,,,,,21.382698380690524,0.06997882525926807,,,,,,,,3.1180390849362323,1.4169527022523232,,1,88,1,exact,0.26025240477204037,37,,,,,,0.00013283400039654225,a500407aab35984b2a9a83d26f88ba0a90132e8d
dv3-A-thomas-002034,3,A,thomas,2034,,,,3:1:1:2034,,test,4,230.90165581496657,1.9385375494776635,0.2692234683317484,,,,,,,,,119.11126296066988,0.01771737556310704,,,,,,,,3.5407123879417,0.44828647998293103,,1,232,1,exact,0.0658912117982047,138,,,,,,0.00013516600301954895,3d59d60fd0105190932a5fac6be86877c65d3474
dv3-A-thomas-002035,3,A,thomas,2035,,,,3:1:1:2035,,test,4,353.27956187174783,5.754715133727059,0.11189151803077013,,,,,,,,,61.389582918059276,0.005953027782655466,,,,,,,,14.857710112626755,0.18631159857190469,,1,372,1,exact,0.022139408462071353,69,,,,,,0.00013958300041849725,3b519b76a85d802d16bf10ee141bdecc321d6094
dv3-A-thomas-002036,3,A,thomas,2036,,,,3:1:1:2036,,test,4,132.87549862819776,3.2698944116209483,0.5433855129581963,,,,,,,,,40.63602119871781,0.047139568411698286,,,,,,,,2.2968830974725885,0.9047962288992744,,1,144,1,exact,0.17531283204037176,76,,,,,,0.00012991699986741878,afcc60ba82e89888a5a02ee6eed3554d014b7e21
dv3-A-thomas-002037,3,A,thomas,2037,,,,3:1:1:2037,,test,4,201.067485801976,3.044376591780297,0.6228410453044861,,,,,,,,,66.04553666088837,0.04392444686487079,,,,,,,,2.4862186324326983,1.0370983685730608,,1,262,1,exact,0.16335574200497655,142,,,,,,0.00014837499838904478,c09587328db69be184f5e58cd4b16fa43ac2d51e
dv3-A-thomas-002038,3,A,thomas,2038,,,,3:1:1:2038,,test,4,275.0766002180225,21.600257923539527,0.11502759113474866,,,,,,,,,12.734875721935227,0.006935458877548042,,,,,,,,29.27632500251143,0.1915335028191946,,1,338,1,exact,0.02579308589980112,17,,,,,,0.00013308300185599364,46818a7fd72ceef6002e868607550fe46dcc501a
dv3-A-thomas-002039,3,A,thomas,2039,,,,3:1:1:2039,,test,4,396.5287746280312,10.698570296877113,0.21618885408253397,,,,,,,,,37.063716330749074,0.010856652710591372,,,,,,,,19.167752239845974,0.3599780546946246,,1,482,1,exact,0.04037607040755641,53,,,,,,0.00015637499745935202,134036440310e61453946376b4777e63ea2e33fd
dv3-A-thomas-002040,3,A,thomas,2040,,,,3:1:1:2040,,test,4,104.71684678393412,0.36541348593293244,0.27842975350099414,,,,,,,,,286.5708322630263,0.02720867321970305,,,,,,,,0.4834811296505692,0.4636159503215076,,1,116,1,exact,0.10118950425145214,395,,,,,,0.0001395840008626692,834c8014134c4c0464924331e3f50cea2a6a9526
dv3-A-thomas-002041,3,A,thomas,2041,,,,3:1:1:2041,,test,4,590.8805175499236,8.894039206182306,0.16000037286292307,,,,,,,,,66.43556474758945,0.006582201291188036,,,,,,,,23.045334934734967,0.2664180964279551,,1,510,1,exact,0.02447931511251597,67,,,,,,0.00015133300257730298,878fdda8cd99a29ac4a36685b630aba841b25b53
dv3-A-thomas-002042,3,A,thomas,2042,,,,3:1:1:2042,,test,4,626.3481475799854,1.7210248747794208,1.4515718901009411,,,,,,,,,363.9390439724253,0.05800035487030118,,,,,,,,1.061813103244932,2.4170257410608667,,1,630,1,exact,0.21570427592492977,757,,,,,,0.0002492499988875352,d5a8b626e458d2c937795e026cfc21638db398fb
dv3-A-thomas-002043,3,A,thomas,2043,,,,3:1:1:2043,,test,4,152.53730681802585,3.9476746448904607,0.9591773484499779,,,,,,,,,38.639786846531884,0.07766241243558647,,,,,,,,1.6790664416904135,1.5971350487400857,,2,170,1,exact,0.2888277921482043,85,,,,,,0.00013625000065076165,53ffaab3fd26f43f86e5af3b1ad4e5ce219c5f44
dv3-A-thomas-002044,3,A,thomas,2044,,,,3:1:1:2044,,test,4,237.16227259284705,0.5463613407460571,0.10926284165708783,,,,,,,,,434.07586684116717,0.007094955724260632,,,,,,,,2.3306132164529214,0.1819345652996037,,1,275,1,exact,0.02638625730210344,533,,,,,,0.00015558299855911173,8ea10182044a5b024807e485de26f656bdfc2325
dv3-A-thomas-002045,3,A,thomas,2045,,,,3:1:1:2045,,test,4,532.617010562577,3.587579674732789,0.13401646287479071,,,,,,,,,148.46137475741148,0.005806984074289682,,,,,,,,12.726587367008378,0.22315204827490281,,1,527,1,exact,0.021596269503061923,180,,,,,,0.00015404200166813098,e9ee17feadaa29820ebd8bdcf84c14ad7f8f1eed
dv3-A-thomas-002046,3,A,thomas,2046,,,,3:1:1:2046,,test,4,201.9786120263546,24.841755752713553,1.0549688659315737,,,,,,,,,8.130609367427331,0.07423128033090116,,,,,,,,9.96320071324802,1.7566383879182772,,1,185,1,exact,0.2760673552871034,20,,,,,,0.00013424999997369014,c6d0ec9a136d39170b534b35a70ae37b8aa4e787
dv3-A-thomas-002047,3,A,thomas,2047,,,,3:1:1:2047,,test,4,230.1636094644556,2.2631526585049926,0.8230333406869113,,,,,,,,,101.7004348334586,0.054249919592412356,,,,,,,,1.5331158418778605,1.3704404058508246,,1,260,1,exact,0.20175634529882666,207,,,,,,0.00014775000090594403,779a54e00431a69c3a756cdc2a69916016b3a8fe
dv3-A-thomas-002048,3,A,thomas,2048,,,,3:1:1:2048,,test,4,768.9983993052084,6.29040020842205,0.12056761549533906,,,,,,,,,122.24951892180354,0.00434778393913937,,,,,,,,23.397019318132866,0.20075824847386564,,1,746,1,exact,0.016169480144858753,130,,,,,,0.00016483400031575002,a15dc089ee8bcb315e76daada049f661a38921f4
dv3-A-thomas-002049,3,A,thomas,2049,,,,3:1:1:2049,,test,4,464.82698818910427,0.3855523357888837,0.20834504061622017,,,,,,,,,1205.6132074469622,0.009663567828661356,,,,,,,,1.5005134337416877,0.34691724855374384,,1,436,1,exact,0.03593896806311074,1371,,,,,,0.00021637499958160333,b98a581cc4769ad9b53d830c0419d991da240b06
dv3-A-thomas-002050,3,A,thomas,2050,,,,3:1:1:2050,,test,4,374.99016264342873,2.8768090573379506,0.12846838328468155,,,,,,,,,130.34934024798474,0.006634165803786944,,,,,,,,9.215359491000417,0.21391388978327222,,1,418,1,exact,0.02467257199152998,166,,,,,,0.0002181250019930303,1978adfec4142b1f3c06110bed3b52a2ca6fef07
dv3-A-thomas-002051,3,A,thomas,2051,,,,3:1:1:2051,,test,4,584.4936331510904,0.22626669706852948,0.20044049881000184,,,,,,,,,2583.206635018253,0.008290783653400715,,,,,,,,1.047701923703848,0.3337553230940321,,1,570,1,exact,0.030833561084343732,2884,,,,,,0.00039658300011069514,2012881af650aec4d51667773550451b5a517b71
dv3-A-thomas-002052,3,A,thomas,2052,,,,3:1:1:2052,,test,4,199.74014212078,0.7213866457998157,1.192208449170099,,,,,,,,,276.8836147490978,0.08435668758689067,,,,,,,,0.3020252765527861,1.9851572836354672,,1,195,1,exact,0.313723911794081,747,,,,,,0.00022970799909671769,083a45b870f9c23a8437c4efbc214ce097790040
dv3-A-thomas-002053,3,A,thomas,2053,,,,3:1:1:2053,,test,4,498.695461683201,0.8657600222020556,0.12712572853033774,,,,,,,,,576.020431637363,0.005692666565596946,,,,,,,,4.485500199274241,0.21167822296942873,,1,496,1,exact,0.021171120803657413,640,,,,,,0.00018612499843584374,ef87b0aa91a73309e6ec8331c581b29a06080d86
dv3-A-thomas-002054,3,A,thomas,2054,,,,3:1:1:2054,,test,4,367.6109823675911,0.8165777826727196,0.3247526705886383,,,,,,,,,450.18489379465245,0.016937858188704212,,,,,,,,1.7821284753358222,0.5407486667686954,,1,330,1,exact,0.06299217383210146,558,,,,,,0.00016458400205010548,df250e2a0042592135e5106b5f6811aecb358e02
dv3-A-thomas-002055,3,A,thomas,2055,,,,3:1:1:2055,,test,4,165.46301095892667,3.199215565852713,0.5122760174107736,,,,,,,,,51.719869309533216,0.03982479629319757,,,,,,,,2.706422868567558,0.8529955209616811,,1,172,1,exact,0.14810907394431605,93,,,,,,0.00013054199735051952,83a8db2b10610fafdbd630b62c5cc4a1ada88345
dv3-A-thomas-002056,3,A,thomas,2056,,,,3:1:1:2056,,test,4,285.4688537638095,1.7359392705236694,0.17844326237016894,,,,,,,,,164.4463366956921,0.01056138292037818,,,,,,,,4.7707374640728295,0.29712752183261404,,1,269,1,exact,0.0392779571900965,178,,,,,,0.00013283400039654225,c820913ec8c8e86714d8d1201a30e5f84012895a
dv3-A-thomas-002057,3,A,thomas,2057,,,,3:1:1:2057,,test,4,452.7994332786468,0.14781415209660245,0.3957995483115031,,,,,,,,,3063.3023080410076,0.018600403133277096,,,,,,,,0.3156010254681722,0.6590494780817517,,1,496,1,exact,0.06917520588877901,3966,,,,,,0.00033554200126673095,2735e92a0ccc195b0ecc82d0f84f81e77211422b
dv3-A-thomas-002058,3,A,thomas,2058,,,,3:1:1:2058,,test,4,652.6248282427385,23.880924651381964,0.11438545630166104,,,,,,,,,27.32828974463398,0.004477535244355536,,,,,,,,47.470505218627274,0.19046427818665046,,1,672,1,exact,0.016652027387967068,30,,,,,,0.00015466699915123172,fd65f1351272187e1b0055ecaa332b63a376f0ba
dv3-A-thomas-002059,3,A,thomas,2059,,,,3:1:1:2059,,test,4,123.74268636660868,0.843751154528956,0.12173621916600869,,,,,,,,,146.65779798036655,0.010943595684204064,,,,,,,,2.087262708029765,0.20270410122312926,,1,116,1,exact,0.04069941275971655,174,,,,,,0.00012245800098753534,98557dffe64c9a5569e4f855b5b087dd0e37d787
dv3-A-thomas-002060,3,A,thomas,2060,,,,3:1:1:2060,,test,4,222.9552552922773,0.14626658087050176,0.4095224449858475,,,,,,,,,1524.3075620238394,0.027426402965409116,,,,,,,,0.2078778263150195,0.6818995998910838,,1,230,1,exact,0.10199924476510706,2167,,,,,,0.00021320900123100728,d997be9e6be4da4e1d6f504ef78525619f3a5210
dv3-A-thomas-002061,3,A,thomas,2061,,,,3:1:1:2061,,test,4,245.29310147222404,0.5506021017404045,0.6353587589322451,,,,,,,,,445.4997550806186,0.04056732339362853,,,,,,,,0.518218769016257,1.0579417289769455,,1,240,1,exact,0.15087054447171638,758,,,,,,0.00016474999938509427,bd3939577bbec075d50f4cf61364a37142c4a18b
dv3-A-thomas-002062,3,A,thomas,2062,,,,3:1:1:2062,,test,4,108.10692075780209,20.242059345647817,0.5697775769070613,,,,,,,,,5.34070762820117,0.05479975354108696,,,,,,,,9.300096754392737,0.9487418979764672,,1,106,1,exact,0.2038011868182107,11,,,,,,0.00011545800225576386,f0290b93a1f31025e5ab86671d77a6b7521a86c1
dv3-A-thomas-002063,3,A,thomas,2063,,,,3:1:1:2063,,test,4,122.0681318399485,11.617588678943857,0.7134585897987558,,,,,,,,,10.507183135273953,0.06457547687831343,,,,,,,,5.328169965783377,1.187986477614045,,2,93,1,exact,0.24015726306660976,25,,,,,,0.00011795799946412444,87fb8c8de5167b1484abb9d86662af3aac7b96c0
dv3-A-thomas-002064,3,A,thomas,2064,,,,3:1:1:2064,,test,4,146.56116009264386,1.7077491690880882,0.9562695308020678,,,,,,,,,85.82124514861,0.07898977400496722,,,,,,,,0.7267290413215858,1.592293214757739,,1,133,1,exact,0.2937642717068917,218,,,,,,0.0001339170012215618,98744cb182b22fd0cbd27dc7da801aa1d6e9d687
dv3-A-thomas-002065,3,A,thomas,2065,,,,3:1:1:2065,,test,4,632.650169407535,0.3096172833959401,0.13887414077695456,,,,,,,,,2043.3296309188881,0.005521277439480139,,,,,,,,1.980801004492942,0.23124061254883355,,1,628,1,exact,0.020533721818201164,2195,,,,,,0.00024783299886621535,ef3dd7f3efb274d45df635e953dadb0fda36a171
dv3-A-thomas-002066,3,A,thomas,2066,,,,3:1:1:2066,,test,4,582.8439773748989,8.825300213428882,0.23122407216530597,,,,,,,,,66.0423966640844,0.009577604271024292,,,,,,,,20.128268625288662,0.3850133349837715,,1,627,1,exact,0.035619268175110075,78,,,,,,0.0013662920027854852,4fd10b126bcaa7c45b8fd7c22bb77989e7abcfa4
dv3-A-thomas-002067,3,A,thomas,2067,,,,3:1:1:2067,,test,4,770.2207676830266,0.4347254798037014,0.13003803671489597,,,,,,,,,1771.7405660943011,0.004685573898775353,,,,,,,,3.1268749323686484,0.21652753418576126,,1,785,1,exact,0.017425726573366385,1920,,,,,,0.00036108300264459103,cd23407ca57f10eb43937a49d30b1a779287578a
dv3-A-thomas-002068,3,A,thomas,2068,,,,3:1:1:2068,,test,4,183.23796025175176,0.13815563571225356,1.190569675340908,,,,,,,,,1326.3154941677103,0.08795227797421569,,,,,,,,0.05537794772406405,1.9824285462191922,,1,191,1,exact,0.3270959717194887,3581,,,,,,0.001457665999623714,e2ff467767256f0bcfb91c5195cb097da102925f
dv3-A-thomas-002069,3,A,thomas,2069,,,,3:1:1:2069,,test,4,102.36913870983906,10.203888954043245,0.74589167970906,,,,,,,,,10.032365029734644,0.07372100346132883,,,,,,,,4.201388963792217,1.241991114731877,,1,125,1,exact,0.2741696271970172,25,,,,,,0.00015024999811430462,4e45c8f22d3fe709c05443b54293891ecfa077c6
dv3-A-thomas-002070,3,A,thomas,2070,,,,3:1:1:2070,,test,4,286.7156779473075,20.145764406183815,0.5036705301969616,,,,,,,,,14.232057526658014,0.029745468962433352,,,,,,,,17.300666245515274,0.8386664448394456,,1,409,1,exact,0.1106238894388999,24,,,,,,0.00010520799696678296,ea52d5ae8a3def00bd9e91ee31af9481bafeb179
dv3-A-thomas-002071,3,A,thomas,2071,,,,3:1:1:2071,,test,4,278.0004458253863,14.254593194876373,1.1967329773929227,,,,,,,,,19.502516979952112,0.07177521672107262,,,,,,,,6.466210589101965,1.9926911173059172,,1,302,1,exact,0.2669332142328233,48,,,,,,0.00011595800242503174,365243a9074a5f8619e9899ea30255b3202515ae
dv3-A-thomas-002072,3,A,thomas,2072,,,,3:1:1:2072,,test,4,218.7634147220129,4.598609154551298,0.1068967125895538,,,,,,,,,47.57164772429076,0.007227315314776783,,,,,,,,10.134736739320687,0.17799470196806427,,1,264,1,exact,0.026878504801241168,60,,,,,,8.241700197686441e-05,533508f0a01184d06a4e419d35a477bd13aa1c14
dv3-A-thomas-002073,3,A,thomas,2073,,,,3:1:1:2073,,test,4,122.5520882829872,22.462156814123855,0.25799954383631,,,,,,,,,5.455935923567605,0.023305508333694335,,,,,,,,15.280623660674122,0.42959741979500493,,1,100,1,exact,0.08667356969493398,7,,,,,,7.170900062192231e-05,b007ac0c555036894a5d386651209e5da4904cb1
dv3-A-thomas-002074,3,A,thomas,2074,,,,3:1:1:2074,,test,4,305.00630468049343,0.1251678432543256,0.6074221545906663,,,,,,,,,2436.7784628257778,0.03478053192061208,,,,,,,,0.1398551801390757,1.0114242314476063,,1,314,1,exact,0.12934937158567386,3823,,,,,,0.00018933300088974647,874190b41be50024a6e6c82904e2d3747368b60c
dv3-A-thomas-002075,3,A,thomas,2075,,,,3:1:1:2075,,test,4,675.6951466332475,9.36318989700762,0.5483099969484466,,,,,,,,,72.1650584966981,0.02109360282714616,,,,,,,,13.987152054867543,0.9129960326065848,,1,596,1,exact,0.07844745665181112,90,,,,,,9.287500142818317e-05,3effc42ad6f6f0a89d7ea5ff53c3095d606d096e
dv3-A-thomas-002076,3,A,thomas,2076,,,,3:1:1:2076,,test,4,329.60623595403,0.2052645245184441,0.439770203701574,,,,,,,,,1605.763279004469,0.02422300901898051,,,,,,,,0.331000554911415,0.7322654218830109,,1,318,1,exact,0.09008576986893015,2228,,,,,,0.0001246249994437676,acfd869128b1eb8cfebf64a8608dcd75d8552e28
dv3-A-thomas-002077,3,A,thomas,2077,,,,3:1:1:2077,,test,4,242.11358539387388,0.5322144779959477,0.2769957640057199,,,,,,,,,454.9173226281855,0.017801784856102926,,,,,,,,1.1224975815165754,0.46122820118822305,,1,249,1,exact,0.06620513135038206,560,,,,,,9.708300058264285e-05,4800ac73d57c27c67de3118ec11fe31d17b94b8a
dv3-A-thomas-002078,3,A,thomas,2078,,,,3:1:1:2078,,test,4,367.722611268083,0.5374429586206032,1.3256522181336075,,,,,,,,,684.2077012449413,0.06913045815010256,,,,,,,,0.27276790013685215,2.20735573399713,,1,391,1,exact,0.25709731350733545,1587,,,,,,0.00016004100325517356,c6a9a91437fa8d5767428a526f5189e7040d4d9a
dv3-A-thomas-002079,3,A,thomas,2079,,,,3:1:1:2079,,test,4,162.05402240166816,0.6582537992829626,0.12552438980447786,,,,,,,,,246.1877509528908,0.009860483511921191,,,,,,,,1.9325994156377466,0.20901181908894867,,1,183,1,exact,0.03667130073539883,295,,,,,,7.487499897251837e-05,5d1d551242c68248b40a86a8701aa2ab95d6c1a0
dv3-A-thomas-002080,3,A,thomas,2080,,,,3:1:1:2080,,test,4,220.0871319512832,1.7122076674616897,1.1790173967243616,,,,,,,,,128.53997568972315,0.07947360029777241,,,,,,,,0.7582512527360963,1.9631927405560237,,1,208,1,exact,0.2955636296659311,310,,,,,,8.766700193518773e-05,3ddf1de26fa025c9bffd1fddab9f3d5ea5aca5a2
dv3-A-thomas-002081,3,A,thomas,2081,,,,3:1:1:2081,,test,4,355.38124498569243,8.908093606102549,0.5202284283538189,,,,,,,,,39.89419742314294,0.027596043997675908,,,,,,,,9.92031112341534,0.8662371537625877,,1,365,1,exact,0.10263014256071698,56,,,,,,7.737499981885776e-05,62b7cb20e25f23bbb09b04568b9127044a920e0f
dv3-A-thomas-002082,3,A,thomas,2082,,,,3:1:1:2082,,test,4,231.83511845518353,0.20048259784782188,1.2450483597627182,,,,,,,,,1156.3852471183561,0.08177049158713234,,,,,,,,0.08687566106238113,2.0731415060695584,,1,237,1,exact,0.3041058062363602,2944,,,,,,0.00014774999726796523,0c884e4503c05c63e5acc46c87073d56f50ae4e9
dv3-A-thomas-002083,3,A,thomas,2083,,,,3:1:1:2083,,test,4,109.39865391850539,0.24145026553983776,0.2487823431958478,,,,,,,,,453.08980577805704,0.023785570079841827,,,,,,,,0.3707904929873238,0.4142497740046399,,1,106,1,exact,0.08845892724289314,643,,,,,,7.670799823245034e-05,b15ce43922469b929274b594590af54f9d0a74ef
dv3-A-thomas-002084,3,A,thomas,2084,,,,3:1:1:2084,,test,4,213.0646166695298,0.4795518007612074,0.5163926105639385,,,,,,,,,444.2994819982445,0.0353772729596494,,,,,,,,0.5163375085282659,0.8598500981855365,,1,187,1,exact,0.1315686613474016,703,,,,,,8.783299927017651e-05,fabb0c1451d3214dffb7fc9216486317c7191119
dv3-A-thomas-002085,3,A,thomas,2085,,,,3:1:1:2085,,test,4,171.17384851221888,0.1193036309794615,0.5000052866152096,,,,,,,,,1434.7748438745086,0.0382169380804801,,,,,,,,0.11879663777448082,0.832563413949438,,1,173,1,exact,0.14212942274494447,2375,,,,,,0.0001156250000349246,9deed60027059472ffdbe78b50b79b191ea9380a
dv3-A-thomas-002086,3,A,thomas,2086,,,,3:1:1:2086,,test,4,246.3126534961745,0.5176566409485728,0.13627937812548402,,,,,,,,,475.82245452279386,0.008683339506954645,,,,,,,,1.9557095153431165,0.2269200493281504,,1,258,1,exact,0.032293482775172924,514,,,,,,8.116699973470531e-05,4fe167449406948ee9c4e50c4a3c95820d1f084e
dv3-A-thomas-002087,3,A,thomas,2087,,,,3:1:1:2087,,test,4,733.4817365887927,13.758066947890999,1.2300398065142628,,,,,,,,,53.312848335952424,0.04541763481712655,,,,,,,,10.366172249287178,2.0481506256419437,,1,747,1,exact,0.16890893261529955,89,,,,,,0.00010237499736831523,104eb7b8c03dea6c93647c4d08303a551a7dd70b
dv3-A-thomas-002088,3,A,thomas,2088,,,,3:1:1:2088,,test,4,521.772626876713,1.1918235372803545,0.5410370439621621,,,,,,,,,437.7935244233859,0.023685707176148218,,,,,,,,1.9329462933781074,0.9008857715156562,,1,564,1,exact,0.08808753545777114,615,,,,,,0.00012091600001440383,cb406256a7011251bb4a0799232ffd70c56eb0bc
dv3-A-thomas-002089,3,A,thomas,2089,,,,3:1:1:2089,,test,4,159.9973655356625,0.6973944849147895,1.057181696761214,,,,,,,,,229.42161000199425,0.08357823963766621,,,,,,,,0.28837692898086253,1.7603229929401352,,1,177,1,exact,0.310828851037846,593,,,,,,9.966600191546604e-05,395bf0a0d8a1ce9dd14f2675822fd81e9b22a5b0
dv3-A-thomas-002090,3,A,thomas,2090,,,,3:1:1:2090,,test,4,133.16498679004894,0.23058576136974238,0.8472822534776189,,,,,,,,,577.5074141569391,0.07342316221731505,,,,,,,,0.110155337800491,1.4108174941697538,,2,128,1,exact,0.27306195070048134,1442,,,,,,0.0001139170017268043,0c48032b84bdbe191b7708aca340bfe152487dbc
dv3-A-thomas-002091,3,A,thomas,2091,,,,3:1:1:2091,,test,4,349.06586250590135,0.8006228516576872,0.23098426148914597,,,,,,,,,435.99287952268855,0.012363137526833537,,,,,,,,2.274622138049548,0.38461402401528777,,1,316,1,exact,0.04597871227424969,509,,,,,,9.349999891128391e-05,9183dbb82af6776592308327df4b50eab060e87f
dv3-A-thomas-002092,3,A,thomas,2092,,,,3:1:1:2092,,test,4,642.8713525323107,0.21345771305765804,0.4044472956554028,,,,,,,,,3011.7035516006945,0.0159514401671844,,,,,,,,0.5385401407360939,0.6734489219363325,,1,613,1,exact,0.0593236689485187,3792,,,,,,0.00019587499991757795,7f380598349313aff2b2940cbecfd0d1363f9b04
dv3-A-thomas-002093,3,A,thomas,2093,,,,3:1:1:2093,,test,4,774.7568415566438,0.3762537323743254,1.2130468352922694,,,,,,,,,2059.1339696953696,0.04358076597574055,,,,,,,,0.32527937403417334,2.0198554725456623,,1,752,1,exact,0.16207758711256512,3562,,,,,,0.00023108300229068846,8bf20e3eb9908e2f0039fc4194a5ce4e76b5869b
dv3-A-thomas-002094,3,A,thomas,2094,,,,3:1:1:2094,,test,4,118.3561167132678,4.261891852833539,0.9827691771589878,,,,,,,,,27.77079306566124,0.09033502590061485,,,,,,,,1.5544978882198115,1.6364180202947431,,1,132,1,exact,0.3359574505384525,85,,,,,,7.633300265297294e-05,edf2578c884547ca2deaf964d803dd2d32681495
dv3-A-thomas-002095,3,A,thomas,2095,,,,3:1:1:2095,,test,4,566.8118793026874,0.9633296658862552,0.19723791977718352,,,,,,,,,588.3882738950276,0.008284588500014504,,,,,,,,3.900066226182063,0.3284226792112924,,1,548,1,exact,0.03081052120677049,673,,,,,,0.00011062500198022462,3e0f98c0b1156e734c9b812202fa64dcc10b8ab7
dv3-A-thomas-002096,3,A,thomas,2096,,,,3:1:1:2096,,test,4,439.7735767594681,1.7895466891854004,0.32852835105696393,,,,,,,,,245.74579664062998,0.015666005980486963,,,,,,,,3.9816445309561748,0.5470355871370204,,1,439,1,exact,0.058262134502678295,302,,,,,,9.249999857274815e-05,7b699abe0777a716c000ad2b07aff13faec655a7
dv3-A-thomas-002097,3,A,thomas,2097,,,,3:1:1:2097,,test,4,362.964610530314,8.360587876827719,0.4008613465562939,,,,,,,,,43.41376657690663,0.021040789888590792,,,,,,,,11.307608124836946,0.6674779250206527,,1,273,1,exact,0.07825104446267835,46,,,,,,7.654200089746155e-05,3edbfc118a5f036131e20cb9476c396fc204a490
dv3-A-thomas-002098,3,A,thomas,2098,,,,3:1:1:2098,,test,4,178.60039450871557,11.925243946605253,0.11451842951046992,,,,,,,,,14.976665912109711,0.008569079590191613,,,,,,,,15.971551104498038,0.190685693102959,,1,185,1,exact,0.03186854826110441,16,,,,,,6.550000034621917e-05,af23441497bb24b71c6c5da10d21643f2f5dbd92
dv3-A-thomas-002099,3,A,thomas,2099,,,,3:1:1:2099,,test,4,463.40999518223134,10.23541803360796,0.2518335421778732,,,,,,,,,45.27514105048042,0.011698518757220333,,,,,,,,19.183111913805078,0.4193303535687297,,1,401,1,exact,0.04350698411351492,54,,,,,,8.129100024234504e-05,c1d695fc286eb1e72992a67b09cf87427df476f0
dv3-A-thomas-002100,3,A,thomas,2100,,,,3:1:1:2100,,test,4,307.6010727987085,1.4678329330331976,1.4594248865681871,,,,,,,,,209.5613648367103,0.08321235722645492,,,,,,,,0.6090074145305264,2.4301018379012884,,1,282,1,exact,0.309468128318813,552,,,,,,0.00011416699999244884,059d4f385a5f35cc8f5ae8260c370a43533c4377
dv3-A-thomas-002101,3,A,thomas,2101,,,,3:1:1:2101,,test,4,129.1818048017533,5.369990573832629,0.7465227268765082,,,,,,,,,24.05624423834968,0.06568139375008282,,,,,,,,2.6512278594904406,1.2430418771901108,,1,128,1,exact,0.2442701861442637,61,,,,,,7.287499829544686e-05,d5dab24de2b757c30ad4743ddc9ca848826888a2
dv3-A-thomas-002102,3,A,thomas,2102,,,,3:1:1:2102,,test,4,164.29572020959563,1.2557697700606296,0.3543751158725728,,,,,,,,,130.83267659936047,0.027647132441548945,,,,,,,,1.5837565741331994,0.5900732735985078,,2,141,1,exact,0.10282014132569708,175,,,,,,7.299999924725853e-05,ee03191c8791a3a1d0e905b81f513c91b846517a
dv3-A-thomas-002103,3,A,thomas,2103,,,,3:1:1:2103,,test,4,524.9108633334372,0.13066160305634494,0.5998604193639592,,,,,,,,,4017.3306545694295,0.026182277791873675,,,,,,,,0.19828127565341447,0.998833116384909,,1,535,1,exact,0.09737232273475835,5833,,,,,,0.0002609170005598571,04c0612d94cdaa5cc331f79487f0ed4ac3e28290
dv3-A-thomas-002104,3,A,thomas,2104,,,,3:1:1:2104,,test,4,122.64907562383567,0.21342364438776912,0.1765215974111538,,,,,,,,,574.6742633679085,0.01593917024055066,,,,,,,,0.47343269578410674,0.29392773978715764,,1,117,1,exact,0.05927803688909248,748,,,,,,8.333300138474442e-05,0df0448cf707b7da5c4613e96b89997328778d15
dv3-A-thomas-002105,3,A,thomas,2105,,,,3:1:1:2105,,test,4,147.3929363951656,0.16653752264962737,0.12501712042000795,,,,,,,,,885.0434067357936,0.010297484711517433,,,,,,,,0.5520366975124157,0.20816716015866957,,1,133,1,exact,0.03829651540086117,1037,,,,,,8.850000085658394e-05,44cc695f309f6233d1f72f59b9e82d3a5cc9fb85
dv3-A-thomas-002106,3,A,thomas,2106,,,,3:1:1:2106,,test,4,350.59423491532857,0.10089270174423091,0.3815473061701309,,,,,,,,,3474.9216628582917,0.020377270307366368,,,,,,,,0.19481584534434487,0.6353179382534807,,1,318,1,exact,0.07578340420168206,4563,,,,,,0.00017574999947100878,96994458f6c5b3fd379e59e8ee907d41fa428716
dv3-A-thomas-002107,3,A,thomas,2107,,,,3:1:1:2107,,test,4,145.22518588574636,11.01106463629423,0.38571528348943634,,,,,,,,,13.18902310382058,0.032007066861081686,,,,,,,,8.47422053587412,0.6422580757262576,,1,185,1,exact,0.11903480930744499,22,,,,,,7.099999857018702e-05,0742ec6c189ce9ad2ef655e77d8dea68bc86662e
dv3-A-thomas-002108,3,A,thomas,2108,,,,3:1:1:2108,,test,4,188.82632656168857,1.547501253344543,0.19201978328848823,,,,,,,,,122.02014450947097,0.01397380578773515,,,,,,,,3.266473828409069,0.31973391202066537,,1,196,1,exact,0.05196881408914302,145,,,,,,7.462500070687383e-05,940039ba6303d44f0c4a27ccf9dece039fc1f073
dv3-A-thomas-002109,3,A,thomas,2109,,,,3:1:1:2109,,test,4,127.95528142095209,1.298866468295377,0.8492106191872018,,,,,,,,,98.51303774812177,0.07507343855554509,,,,,,,,0.597831250961216,1.414028433696777,,1,119,1,exact,0.27919935560791626,226,,,,,,7.987500066519715e-05,abe9b3fffbb3dd115315836a6692d5450eb93020
dv3-A-thomas-002110,3,A,thomas,2110,,,,3:1:1:2110,,test,4,466.9541346687555,3.0441197370340927,0.10781692525259004,,,,,,,,,153.39545583174473,0.004989417313642002,,,,,,,,11.644508782985103,0.17952695655977732,,1,484,1,exact,0.0185557252422526,169,,,,,,9.504199988441542e-05,72e964a2417ba64dea52055d10f0a418663b0dbb
dv3-A-thomas-002111,3,A,thomas,2111,,,,3:1:1:2111,,test,4,167.3950236095055,5.524764989078565,1.2278088987639,,,,,,,,,30.299030626717045,0.09489853438010272,,,,,,,,1.9034923438048796,2.0444359205726794,,1,127,1,exact,0.35292921380518466,88,,,,,,0.00017058299999916926,42253c76a2f71bbb71558a82d3775991b9099cb5
dv3-A-thomas-002112,3,A,thomas,2112,,,,3:1:1:2112,,test,4,368.1207629120312,3.7700587156456873,1.4814304204943438,,,,,,,,,97.64324395912868,0.07721223107688398,,,,,,,,1.6363433927489337,2.466743455383706,,1,343,1,exact,0.28715356025374494,249,,,,,,0.0002351669972995296,a0adc46ee3395e06ea8d4468c074a8d728046f39
dv3-A-thomas-002113,3,A,thomas,2113,,,,3:1:1:2113,,test,4,293.27444131747615,24.39867406324479,0.21853886617584803,,,,,,,,,12.02009750846573,0.01276120182950463,,,,,,,,27.799588016730937,0.3638910815037546,,1,340,1,exact,0.047459119978154905,15,,,,,,0.00015366599836852401,a2def34da56f55cddf9d1ae4bbe67df19d774453
dv3-A-thomas-002114,3,A,thomas,2114,,,,3:1:1:2114,,test,4,103.3344178548478,8.73004817027095,0.4280847647241,,,,,,,,,11.836637764123662,0.04211213630109846,,,,,,,,5.650926296740584,0.7128078896748151,,2,61,1,exact,0.15661572914154176,19,,,,,,0.00012412499927449971,7b9640bbebb75023573f79c6a3a3fb3b9283a4a5
dv3-A-thomas-002115,3,A,thomas,2115,,,,3:1:1:2115,,test,4,121.28825116031221,2.1783106840616386,0.5988149550528512,,,,,,,,,55.679959726479574,0.05437299692095866,,,,,,,,1.37466448078126,0.9970923041188815,,1,134,1,exact,0.2022140719126762,111,,,,,,0.00013270799900055863,36df0dbacf10114b8c94a63069954ca5104a6a29
dv3-A-thomas-002116,3,A,thomas,2116,,,,3:1:1:2116,,test,4,534.0405102129968,28.823111864031638,0.9627056751778789,,,,,,,,,18.528204474667636,0.041658768842087565,,,,,,,,20.66432258636619,1.6030100981140556,,1,593,1,exact,0.1549296480875111,35,,,,,,0.00017899999875226058,8a8e3a9167075b2492af2f20bdef10d6294fb875
dv3-A-thomas-002117,3,A,thomas,2117,,,,3:1:1:2117,,test,4,259.1957062890134,4.085543868352857,0.12116015455752592,,,,,,,,,63.44215473899971,0.007525682936947253,,,,,,,,10.011067153411743,0.2017448907308951,,1,301,1,exact,0.027988138906819355,79,,,,,,0.00013420799950836226,712a9a7708bc43345165c68b65d0724b722b006d
dv3-A-thomas-002118,3,A,thomas,2118,,,,3:1:1:2118,,test,4,229.5325671192928,0.7614370031258526,0.2514112298259468,,,,,,,,,301.44656245627056,0.0165944367270831,,,,,,,,1.6347074653972826,0.4186271573768395,,1,246,1,exact,0.061714983754873255,389,,,,,,0.0001475829994888045,77fa2014a94c4bac64301adc1bdf365006e40b72
dv3-A-thomas-002119,3,A,thomas,2119,,,,3:1:1:2119,,test,4,341.1137803535982,3.1947332216653788,0.1580629834070683,,,,,,,,,106.77379195242456,0.008558162779687831,,,,,,,,8.716944975614648,0.26319213137779474,,1,316,1,exact,0.031827948462872256,113,,,,,,0.00014083299902267754,9152966985804213a8fe1d7bf4bd6fb19012feee
dv3-A-thomas-002120,3,A,thomas,2120,,,,3:1:1:2120,,test,4,598.3184414847655,0.31813331603601025,0.9940519251985074,,,,,,,,,1880.7160750716232,0.04063898722812467,,,,,,,,0.29917558527443266,1.6552050281084083,,1,605,1,exact,0.15113706345361852,3247,,,,,,0.00035112499972456135,6e00c4618b065124f6f71f999ce4a945a85bfc5b
dv3-A-thomas-002121,3,A,thomas,2121,,,,3:1:1:2121,,test,4,359.04932737112205,0.640694796192395,0.1541983698712166,,,,,,,,,560.4061863853545,0.008137719645622963,,,,,,,,2.5847962041303303,0.2567571277385632,,1,371,1,exact,0.030264313516088357,619,,,,,,0.0001748750000842847,438ce755b9e802f7e8b8a269eeff4b58e30a353a
dv3-A-thomas-002122,3,A,thomas,2122,,,,3:1:1:2122,,test,4,377.98126232837177,0.24772157855269797,0.4159150570510926,,,,,,,,,1525.8309935561936,0.02139289243628473,,,,,,,,0.45137111999983476,0.6925439971956081,,1,345,1,exact,0.07956051964212305,1965,,,,,,0.00023762500131851994,cfa18caf820f77c80ef9ea197dc63f6b024fd51e
dv3-A-thomas-002123,3,A,thomas,2123,,,,3:1:1:2123,,test,4,157.70437414502044,0.2772828733724217,0.7713229657249046,,,,,,,,,568.7490620208841,0.06142064782931485,,,,,,,,0.16203995615994227,1.2843369836122003,,1,168,1,exact,0.22842440182458956,1146,,,,,,0.00018529199951444753,69b6304bd7c536d4c79a4a98c20cfe1ccc722411
dv3-A-thomas-002124,3,A,thomas,2124,,,,3:1:1:2124,,test,4,165.4615203121879,0.2947186817515469,0.10864165777817597,,,,,,,,,561.4218933419188,0.008445937799626187,,,,,,,,1.1087204285435486,0.18090022629407393,,1,172,1,exact,0.03141058191194306,651,,,,,,0.00015387500025099143,a7f7d64cf2e6289e1d45c73e5276125f5cbf85a6
dv3-A-thomas-002125,3,A,thomas,2125,,,,3:1:1:2125,,test,4,390.02985376319293,0.3561722794387643,0.772938917497886,,,,,,,,,1095.0595435944074,0.039137785571950356,,,,,,,,0.3464272969484041,1.2870277198122084,,1,397,1,exact,0.14555406974631285,1891,,,,,,0.00025654099954408593,3688ec17defc40816977da23d1ff1b828c780028
dv3-A-thomas-002126,3,A,thomas,2126,,,,3:1:1:2126,,test,4,367.33137954882864,0.23184355923551234,0.1326856399964358,,,,,,,,,1584.3932898549253,0.006923009198210364,,,,,,,,1.1964835048719868,0.2209360828268857,,1,354,1,exact,0.025746785337105657,1771,,,,,,0.0002289160001964774,268ed697075c9ba38ee02f8769c793ad2a6dc674
dv3-A-thomas-002127,3,A,thomas,2127,,,,3:1:1:2127,,test,4,205.65238285200815,0.27936847334997955,0.8418169654331105,,,,,,,,,736.1331090297243,0.05870171654737955,,,,,,,,0.17863506373465945,1.4017171926442327,,1,211,1,exact,0.21831265156425106,1529,,,,,,0.00021262500013108365,5a5c71962cf122ce68ff4cef5d535f5d8e1e31a8
dv3-A-thomas-002128,3,A,thomas,2128,,,,3:1:1:2128,,test,4,113.90606286231619,1.3380537141695175,0.1925555177816784,,,,,,,,,85.12816911316123,0.01804191147908574,,,,,,,,2.178922563470928,0.3206259684659888,,1,116,1,exact,0.06709816621985194,111,,,,,,0.00015979200179572217,f2cc3d2a03977b26fb1de701b75d4cf392f9bc43
dv3-A-thomas-002129,3,A,thomas,2129,,,,3:1:1:2129,,test,4,137.30876773302785,0.13952238866892977,0.2900498147788228,,,,,,,,,984.1342958859844,0.024752750121273495,,,,,,,,0.20798351844840446,0.4829646215190901,,1,121,1,exact,0.09205588576138123,1373,,,,,,0.0001765000015439,130a5b8880c8b6b722f0a74205b245fde35ae7b2
dv3-A-thomas-002130,3,A,thomas,2130,,,,3:1:1:2130,,test,4,110.36287626876975,5.199226110369299,0.15782651459394867,,,,,,,,,21.22678912707082,0.015023407954930231,,,,,,,,6.555119427906025,0.2627983849762793,,1,136,1,exact,0.05587230185211154,31,,,,,,0.00012370900003588758,20ac83b00c4e19024dd8e6ac80b9da6938120d97
dv3-A-thomas-002131,3,A,thomas,2131,,,,3:1:1:2131,,test,4,406.3408174889549,2.953138686612089,0.122075749039326,,,,,,,,,137.59625287192955,0.006055976381568351,,,,,,,,10.101829977613349,0.2032694555464415,,1,371,1,exact,0.022522275998582936,148,,,,,,0.00014475000352831557,2b19f4a34e73bdcb0b900837a3e8adda84869e52
dv3-A-thomas-002132,3,A,thomas,2132,,,,3:1:1:2132,,test,4,154.32129608099848,22.413490064457637,0.3747574831944057,,,,,,,,,6.885197068247513,0.030167365323672778,,,,,,,,14.995578676943948,0.6240121413987118,,1,139,1,exact,0.1121929289615031,8,,,,,,0.00011962499775108881,a75d43279168e97c1dd50fb30dcdeadd1c3c01d0
dv3-A-thomas-002133,3,A,thomas,2133,,,,3:1:1:2133,,test,4,273.98640127963677,2.9014421381747457,0.6731146144027018,,,,,,,,,94.43110985215013,0.04066535012104144,,,,,,,,2.5925111394874936,1.12080935211721,,1,302,1,exact,0.15123510748698024,165,,,,,,0.00015133399938349612,2628d40c2d012a010a5f8797715928bfa9be797c
dv3-A-thomas-002134,3,A,thomas,2134,,,,3:1:1:2134,,test,4,611.4350783568838,22.01605015398922,0.15419080764837534,,,,,,,,,27.77224225418537,0.006235672644554927,,,,,,,,41.42871466030961,0.256744535811569,,1,711,1,exact,0.023190569363004794,35,,,,,,0.00016758399942773394,a86b5bff40ec77c858a040e0d5440f616b60165f
dv3-A-thomas-002135,3,A,thomas,2135,,,,3:1:1:2135,,test,4,228.98107804847535,22.03721415914753,1.4977597737587438,,,,,,,,,10.390654480862615,0.09897884107778719,,,,,,,,6.725169223473967,2.4939336120987043,,1,241,1,exact,0.36810394167958843,30,,,,,,0.00014966699745855294,9cea75e3ede046aeff08f15ea91fc360c0907b07
dv3-A-thomas-002136,3,A,thomas,2136,,,,3:1:1:2136,,test,4,335.6043565170663,0.33270860807418523,0.45258481504661446,,,,,,,,,1008.7035573249593,0.024705075398581376,,,,,,,,0.5235562376456823,0.7536031494140253,,1,327,1,exact,0.0918785826817497,1401,,,,,,0.00021970799934933893,7c78e0deb25f76ea1b26b55a25f6ad3582cf364d
dv3-A-thomas-002137,3,A,thomas,2137,,,,3:1:1:2137,,test,4,186.9832264615136,0.8609729365428545,0.10451205247591305,,,,,,,,,217.17665971281852,0.007643020986246733,,,,,,,,2.9194268158790213,0.17402398242075337,,1,212,1,exact,0.028424521046535332,244,,,,,,0.00014245800048229285,fb3c34cffe339cb5b1008cc68d7d6a4663997315
dv3-A-thomas-002138,3,A,thomas,2138,,,,3:1:1:2138,,test,4,283.9620504337251,0.11196717267648953,0.9852465132865726,,,,,,,,,2536.1187895150847,0.05846753103764315,,,,,,,,0.07139958344303256,1.6405430555275597,,1,314,1,exact,0.21744171179288654,5217,,,,,,0.0003784590007853694,83536223f44812cbb982526cc3616b27299f57d6
dv3-A-thomas-002139,3,A,thomas,2139,,,,3:1:1:2139,,test,4,440.37702892881015,0.38095058723661185,0.4881837168914375,,,,,,,,,1155.9951439457632,0.023263280705273844,,,,,,,,0.6400893325195391,0.8128792091801407,,1,433,1,exact,0.08651652444869647,1577,,,,,,0.00023687499924562871,ceb57d75a9243201d80fc8d598d087eb02bafdc9
dv3-A-thomas-002140,3,A,thomas,2140,,,,3:1:1:2140,,test,4,483.97646348972694,19.804906262353413,0.11029457700449499,,,,,,,,,24.43720041279388,0.005013511766739239,,,,,,,,37.35168407997274,0.18365251734156016,,1,493,1,exact,0.018645332910529264,28,,,,,,0.00014279099923442118,319d660c1bd8a4c12f427e4cfbf10a6a44428512
dv3-A-thomas-002141,3,A,thomas,2141,,,,3:1:1:2141,,test,4,407.18143120308275,1.7737548899738453,0.16846859924274493,,,,,,,,,229.55901827511624,0.008348817785557992,,,,,,,,5.990894041505208,0.280518618269651,,1,416,1,exact,0.031049390978555757,249,,,,,,0.0001565409984323196,9e64aee24041dcd28374e43fea37dab10c3eb5c6
dv3-A-thomas-002142,3,A,thomas,2142,,,,3:1:1:2142,,test,4,423.5361931909782,0.66511258262712,0.847202973682522,,,,,,,,,636.788724576609,0.04116633530240043,,,,,,,,0.6089912143724732,1.4106854846517944,,1,385,1,exact,0.15309827963542336,1072,,,,,,0.00021991699759382755,f563357213f18cf597b60371ce82db12b00344b1
dv3-A-thomas-002143,3,A,thomas,2143,,,,3:1:1:2143,,test,4,365.6934975553722,0.21703232650543205,1.1365599477217956,,,,,,,,,1684.9724805683236,0.059433831462569246,,,,,,,,0.13271197876346602,1.8924964506658655,,1,375,1,exact,0.22103539900308952,3541,,,,,,0.00032791600096970797,3dd01a76942b6b49a79f4ceb7f66dee82f9aff86
dv3-A-thomas-002144,3,A,thomas,2144,,,,3:1:1:2144,,test,4,420.0102237330592,10.402203109172284,0.456960571481379,,,,,,,,,40.37704506680027,0.022297121373081128,,,,,,,,13.33217173664585,0.7608892618081576,,1,430,1,exact,0.08292336196469491,65,,,,,,0.00015824999718461186,643472d67be03751d7b99e8ab4e962670be57d8a
dv3-A-thomas-002145,3,A,thomas,2145,,,,3:1:1:2145,,test,4,464.12569501215967,0.19264313256154666,0.8254030521640872,,,,,,,,,2409.251182955501,0.03831318566323635,,,,,,,,0.19267468725910394,1.374386234285697,,1,491,1,exact,0.1424873690919002,4020,,,,,,0.0003631250001490116,12d1673ea9263f8ba367dd3ef1e275ed8f0e8449
dv3-A-thomas-002146,3,A,thomas,2146,,,,3:1:1:2146,,test,4,771.2784816964206,6.996583383288436,1.1568902656984064,,,,,,,,,110.23644533968451,0.04165686275100074,,,,,,,,6.026199483915083,1.9263486506213245,,1,719,1,exact,0.1549225593033364,180,,,,,,0.00020191699877614155,b45adea8393d1f682511ba4fd6d9dac06ea7db21
dv3-A-thomas-002147,3,A,thomas,2147,,,,3:1:1:2147,,test,4,518.7619922101742,5.680534130190499,0.16027734793247556,,,,,,,,,91.32274893888848,0.007037008456968092,,,,,,,,16.182576087424867,0.2668792901706184,,1,571,1,exact,0.026170750459755372,114,,,,,,0.00015966600039973855,4cd69478435c1627f1258d9ecb01884ddfb1e039
dv3-A-thomas-002148,3,A,thomas,2148,,,,3:1:1:2148,,test,4,261.07717852477896,15.07363985417432,0.47230095483320506,,,,,,,,,17.320115184553732,0.02923037373886523,,,,,,,,13.703348303824875,0.7864326756011367,,1,260,1,exact,0.10870824181087059,23,,,,,,0.00013616700016427785,871217a15fcd6e694d10190ae59598091d9d3cd1
dv3-A-thomas-002149,3,A,thomas,2149,,,,3:1:1:2149,,test,4,184.3105519223368,0.45122004869535487,0.950145672053645,,,,,,,,,408.47154831716193,0.06998663206395822,,,,,,,,0.23537196834379376,1.5820963210795835,,1,185,1,exact,0.2602814384073817,923,,,,,,0.00018391699995845556,468c088fc0356766524f1762b4f73890691ce8b7
dv3-A-thomas-002150,3,A,thomas,2150,,,,3:1:1:2150,,test,4,117.86074713024138,0.1718863556623441,1.0596609478433894,,,,,,,,,685.689952969674,0.0976073078524364,,,,,,,,0.06009027235957089,1.7644512167815007,,1,153,1,exact,0.3630031870041587,2150,,,,,,0.00027970799783361144,33de918b5bc651e1878f404b4eab7644833a5697
dv3-A-thomas-002151,3,A,thomas,2151,,,,3:1:1:2151,,test,4,183.30434628991867,0.2838786862943396,0.6413625569438743,,,,,,,,,645.7136627011848,0.047371509165364284,,,,,,,,0.22606280799327896,1.067938708415028,,1,169,1,exact,0.17617542352690463,1158,,,,,,0.00025720800113049336,8a09b6c82bd1039f929e6aa089e34f18cebd54ea
dv3-A-thomas-002152,3,A,thomas,2152,,,,3:1:1:2152,,test,4,791.1485448088035,0.11350493722400695,0.1264597026104812,,,,,,,,,6970.168559693904,0.0044959672533868055,,,,,,,,0.964134689475755,0.21056921706797452,,1,799,1,exact,0.016720576333414425,7239,,,,,,0.0002995830000145361,cf016ca5940d5bf2482cce62c877b36b78811ba8
dv3-A-thomas-002153,3,A,thomas,2153,,,,3:1:1:2153,,test,4,264.27581099991403,0.16453817755208228,0.3152956102805222,,,,,,,,,1606.1671214041567,0.019394974689401694,,,,,,,,0.3355278565027884,0.5250016284336584,,1,286,1,exact,0.07213023060488057,2120,,,,,,0.00012666699694818817,d2d084f05692138f1b8602436950e1222461e969
dv3-A-thomas-002154,3,A,thomas,2154,,,,3:1:1:2154,,test,4,575.6814849072341,1.2844369636093806,0.9615075203103182,,,,,,,,,448.1975380788782,0.040073894861365866,,,,,,,,1.2113576418283127,1.601015039394318,,1,536,1,exact,0.14903547562583733,750,,,,,,0.00019025000074179843,0eae24980abae7b229a1af9ade0fa0d4a2dc845c
dv3-A-thomas-002155,3,A,thomas,2155,,,,3:1:1:2155,,test,4,545.6694725240794,5.403502605478206,0.5974536263405088,,,,,,,,,100.98440074237516,0.025576397475506135,,,,,,,,7.367674303819827,0.9948255431253574,,1,541,1,exact,0.09511904384997437,143,,,,,,0.00025666700094006956,1471abc8e24dc01da6d65058458712c0c89def12
dv3-A-thomas-002156,3,A,thomas,2156,,,,3:1:1:2156,,test,4,320.3040116673184,17.073932618554206,0.3286818425137972,,,,,,,,,18.759826386994447,0.01836515185982882,,,,,,,,19.860899519710678,0.54729116717734,,1,327,1,exact,0.06830030252460043,26,,,,,,0.0001879579976957757,26873a30fcae44900611b32c7ad739a5086efccf
dv3-A-thomas-002157,3,A,thomas,2157,,,,3:1:1:2157,,test,4,675.7986481736087,0.694364840673365,0.8650124194001532,,,,,,,,,973.2616177948302,0.03327466436555486,,,,,,,,0.8072553445361146,1.4403401569605476,,1,657,1,exact,0.12374902532350321,1480,,,,,,0.0003157499995722901,e21af4508266568c92926cb3b6f3a9d42eef5406
dv3-A-thomas-002158,3,A,thomas,2158,,,,3:1:1:2158,,test,4,257.9354693869737,0.11470321492482681,1.3968590338146927,,,,,,,,,2248.7204875296406,0.08697552265839353,,,,,,,,0.04568564745452453,2.3259228594794177,,1,256,1,exact,0.32346340259768963,6016,,,,,,0.0006302499969024211,c5211033460c316636f03d2a9858751bea81a46a
dv3-A-thomas-002159,3,A,thomas,2159,,,,3:1:1:2159,,test,4,654.4917909247301,10.80184301299835,0.6124011514430661,,,,,,,,,60.59075197974552,0.023937781403152093,,,,,,,,14.306566678120113,1.0197148050244165,,1,745,1,exact,0.08902500366355705,92,,,,,,0.00020200000290060416,beb2b74382121b780351e3d61c47c40caa977883
dv3-A-thomas-002160,3,A,thomas,2160,,,,3:1:1:2160,,test,4,109.25864126678186,0.6644079686064213,0.7167278240988744,,,,,,,,,164.44510967553427,0.06856877123062616,,,,,,,,0.3452803529459813,1.193430109797082,,1,114,1,exact,0.2550083905941379,378,,,,,,0.00015279099898179993,fadaadc6554ffed72c37d244ff937da96e607919
dv3-A-thomas-002161,3,A,thomas,2161,,,,3:1:1:2161,,test,4,103.46416720902091,9.627647297661099,0.46596547230642155,,,,,,,,,10.746568087735834,0.04580983776916298,,,,,,,,5.770929360648004,0.7758834052179715,,1,101,1,exact,0.1703675418595674,20,,,,,,0.00012970800162293017,4f706d48ee8c00d97173a4f1c116e552ebc5fd58
dv3-A-thomas-002162,3,A,thomas,2162,,,,3:1:1:2162,,test,4,785.6346854751322,14.115254512773149,0.2163542225343362,,,,,,,,,55.65855612197408,0.007718893539042493,,,,,,,,33.07643022923452,0.36025341122880056,,1,757,1,exact,0.028706692321176373,59,,,,,,0.00016858299932209775,4f5a125946025fd7feea1c6ed3ebdc6aa057193b
dv3-A-thomas-002163,3,A,thomas,2163,,,,3:1:1:2163,,test,4,121.49647548682803,4.415452607241152,1.03666410835829,,,,,,,,,27.516199650196462,0.0940494419017146,,,,,,,,1.5356299969300047,1.726158967270755,,1,124,1,exact,0.3497714248803829,91,,,,,,0.00015070899826241657,3fed4b515a57b94764d6744e8de95d139630772f
dv3-A-thomas-002164,3,A,thomas,2164,,,,3:1:1:2164,,test,4,779.9122876174362,2.123891601293526,0.26413684538521187,,,,,,,,,367.20908314833093,0.00945814799581474,,,,,,,,7.3331260785963694,0.43981669720421196,,1,762,1,exact,0.03517500831831462,415,,,,,,0.00020612499793060124,08398225c3609f699dbee96b4533ffcbe2ddf109
dv3-A-thomas-002165,3,A,thomas,2165,,,,3:1:1:2165,,test,4,696.555281628076,14.982283609702685,0.13321673663374387,,,,,,,,,46.49193005377227,0.0050475542562363526,,,,,,,,36.498477783273984,0.2218204167356081,,1,506,1,exact,0.01877193749017498,32,,,,,,0.00016558400238864124,2c3ba104ea8277ed164be99e4d30ee3cbd85bfe4
dv3-A-thomas-002166,3,A,thomas,2166,,,,3:1:1:2166,,test,4,187.513926362607,2.3797632643933357,0.2315206589384896,,,,,,,,,78.79520167751191,0.01690725045153326,,,,,,,,4.072618612747507,0.38550718435501635,,1,201,1,exact,0.06287834315298019,98,,,,,,0.00014062499758438207,4c0626d6ffea5aebfbcb825993f22e9a138c3a94
dv3-A-thomas-002167,3,A,thomas,2167,,,,3:1:1:2167,,test,4,249.1173690119422,8.39005567468041,0.7142452871325907,,,,,,,,,29.691980443435074,0.045252791972560456,,,,,,,,6.1463958645365935,1.1892964145997844,,1,348,1,exact,0.16829587935884882,67,,,,,,0.00015750000238767825,d52f0ccb75ff159a2561bf95b11e19bb3c3a1004
dv3-A-thomas-002168,3,A,thomas,2168,,,,3:1:1:2168,,test,4,236.82572467968873,6.436513130430227,1.176544927748759,,,,,,,,,36.79410262678341,0.07645292020316988,,,,,,,,2.8672171863305995,1.959075809662859,,1,291,1,exact,0.2843296705968164,83,,,,,,0.0001536250019853469,2b49be2fdd43d7d0a3600aec71815ae30e71289f
dv3-A-thomas-002169,3,A,thomas,2169,,,,3:1:1:2169,,test,4,739.2735873044022,0.66566278042818,1.020029277169081,,,,,,,,,1110.582729034171,0.037515439803186355,,,,,,,,0.6767131579808753,1.6984601564459434,,1,698,1,exact,0.13952053908717027,1771,,,,,,0.0003546250009094365,6e7eb427d9631a7b587617c6444bce22368610b5
dv3-A-thomas-002170,3,A,thomas,2170,,,,3:1:1:2170,,test,4,283.9210370973558,0.6444926228409373,0.3223803294984629,,,,,,,,,440.53419237884486,0.019132413058126612,,,,,,,,1.2647335457806377,0.5367984597409665,,1,316,1,exact,0.07115375956972039,575,,,,,,0.00010762500096461736,4837fd781c111d1c06e3f76b9f092cbeca1e4461
dv3-A-thomas-002171,3,A,thomas,2171,,,,3:1:1:2171,,test,4,203.63079963673596,0.37677163781053435,1.340606657268421,,,,,,,,,540.4621240071551,0.09394629089967228,,,,,,,,0.13812744160328494,2.232256508515062,,1,198,1,exact,0.34938780460329616,1548,,,,,,0.0001361659997201059,24139d5e4366e2efa7ac187ef3ff9199922a65d1
dv3-A-thomas-002172,3,A,thomas,2172,,,,3:1:1:2172,,test,4,353.6979234782184,2.1512759027943176,0.16650022664128453,,,,,,,,,164.41309225785312,0.00885316531653838,,,,,,,,6.442792583998319,0.2772410628980064,,1,352,1,exact,0.032925067760670695,180,,,,,,8.075000005192123e-05,7907ec9b7c9182aabf02508a9b73c8ee0852616b
dv3-A-thomas-002173,3,A,thomas,2173,,,,3:1:1:2173,,test,4,457.7739665982389,0.18300892969563576,0.6640549509144158,,,,,,,,,2501.375027762678,0.031036909760165054,,,,,,,,0.227785880704783,1.1057240228917908,,1,471,1,exact,0.11542677905565414,3770,,,,,,0.0001826249972509686,997cfd942d5584f479d8a3e670b983df97b60216
dv3-A-thomas-002174,3,A,thomas,2174,,,,3:1:1:2174,,test,4,444.6213485031802,2.8193214683952794,1.2185384251081663,,,,,,,,,157.705090919005,0.05778885277293059,,,,,,,,1.7370603744322315,2.0289995693932856,,1,450,1,exact,0.21491769613810008,307,,,,,,0.00010187500083702616,f076624211e31cc22cfabc87e1fe89f637847a94
dv3-A-thomas-002175,3,A,thomas,2175,,,,3:1:1:2175,,test,4,302.61496092848705,0.3286145679606643,0.151576400572959,,,,,,,,,920.8811490204857,0.00871337473760128,,,,,,,,1.346341810634561,0.25239126247940663,,1,324,1,exact,0.03240518429309222,1091,,,,,,9.854200106929056e-05,e144a053b895084474bdf26f7f6b58439c0e67c6
dv3-A-thomas-002176,3,A,thomas,2176,,,,3:1:1:2176,,test,4,166.1952309558557,0.7888059129619972,0.39559964384977614,,,,,,,,,210.69217183196062,0.03068644744339454,,,,,,,,0.9383450857383906,0.6587166153189481,,2,164,1,exact,0.11412340392205361,316,,,,,,7.583299884572625e-05,10fdcc690d521fdf93c351d0efe8c79028663c98
dv3-A-thomas-002177,3,A,thomas,2177,,,,3:1:1:2177,,test,4,211.15868965962906,1.0948180348559677,0.4410411121324832,,,,,,,,,192.87103695492988,0.030351111168363715,,,,,,,,1.3265558798922714,0.7343816232320362,,1,207,1,exact,0.11287628278704268,273,,,,,,7.62919989938382e-05,6b94f6f338c0be9e144c8a316e0d23fa45c8850e
dv3-A-thomas-002178,3,A,thomas,2178,,,,3:1:1:2178,,test,4,419.94147064027584,3.265574447774979,1.2322221743307538,,,,,,,,,128.5965080129794,0.06013047539667747,,,,,,,,1.9210758786882247,2.051784506419667,,1,349,1,exact,0.2236262292785307,245,,,,,,0.00010491599823581055,0377744c1093d97370dc3b8677ba5d497e5513b5
dv3-A-thomas-002179,3,A,thomas,2179,,,,3:1:1:2179,,test,4,159.7732610433021,0.6986159833591554,0.8768994870990622,,,,,,,,,228.69969317773734,0.06937416458919167,,,,,,,,0.35593408920499336,1.4601334230122884,,1,163,1,exact,0.2580036617719195,525,,,,,,8.729100227355957e-05,942d189e084cd196aed74600312e11d0f3876feb
dv3-A-thomas-002180,3,A,thomas,2180,,,,3:1:1:2180,,test,4,721.5904280554832,0.680011649450424,0.39123656068410395,,,,,,,,,1061.1442151596411,0.014564448714674957,,,,,,,,1.824912172210253,0.6514516053020584,,1,703,1,exact,0.05416542487144996,1316,,,,,,0.0001437089995306451,0db2e5e59c418c16458283e229ab020a733eb428
dv3-A-thomas-002181,3,A,thomas,2181,,,,3:1:1:2181,,test,4,206.2407178718606,0.2143102125473475,0.10808800168428512,,,,,,,,,962.3466629071439,0.007526451751146768,,,,,,,,0.9720786132060377,0.17997832842614514,,1,190,1,exact,0.027990998139501604,1031,,,,,,9.395899905939586e-05,f475582fcc00784ccaf30b2dcfa41fbbf3d28864
dv3-A-thomas-002182,3,A,thomas,2182,,,,3:1:1:2182,,test,4,238.07333485428632,21.39607061661212,0.6258620117733973,,,,,,,,,11.126965278822917,0.04056235989478267,,,,,,,,14.491177186567729,1.0421286077007503,,1,102,1,exact,0.15085208513768308,16,,,,,,6.566600131918676e-05,564ab1f724fb83a2d6f7c9219f334dea2604f3fd
dv3-A-thomas-002183,3,A,thomas,2183,,,,3:1:1:2183,,test,4,459.3689009459253,14.876269064006662,0.5085650097602429,,,,,,,,,30.879308445514386,0.023728248470104334,,,,,,,,17.344326094445826,0.8468162878986994,,1,521,1,exact,0.08824574723130654,49,,,,,,8.075000005192123e-05,9d95b7937351cad4582494506014972b3c0c616c
dv3-A-thomas-002184,3,A,thomas,2184,,,,3:1:1:2184,,test,4,449.3861075696362,1.834387301679559,0.4158815013021114,,,,,,,,,244.97885869476949,0.019618228196091603,,,,,,,,3.3822662189364134,0.6924881232085177,,1,454,1,exact,0.07296051407669613,313,,,,,,8.87079986569006e-05,bfdcad92e2accdf23da3340c9ce282b377213506
dv3-A-thomas-002185,3,A,thomas,2185,,,,3:1:1:2185,,test,4,222.38213811600795,8.173818638406061,0.6338979818991662,,,,,,,,,27.20663963243668,0.042507877308736,,,,,,,,6.3047598316080045,1.0555093756674192,,1,174,1,exact,0.15808749647291664,39,,,,,,6.687499990221113e-05,6fd4745d38376bf888c0c64c681f009282e716e8
dv3-A-thomas-002186,3,A,thomas,2186,,,,3:1:1:2186,,test,4,306.29907881634335,1.6903148425019383,0.7713868345270205,,,,,,,,,181.20829984724702,0.0440757160998035,,,,,,,,1.4395832861643691,1.2844433321436217,,1,306,1,exact,0.16391831478343355,324,,,,,,8.883400005288422e-05,464e8774d24de7b3d411962b93a6cb3c176bc8c5
dv3-A-thomas-002187,3,A,thomas,2187,,,,3:1:1:2187,,test,4,457.30592514831,0.3627198578604405,0.6800127282416093,,,,,,,,,1260.768924662135,0.03179901206939203,,,,,,,,0.4388425521752319,1.1322954650869563,,1,516,1,exact,0.1182610501072731,1978,,,,,,0.00015166699813562445,46e28693455458ddbdf61e8040662e8ae89e7418
dv3-A-thomas-002188,3,A,thomas,2188,,,,3:1:1:2188,,test,4,200.0563884104719,2.8153572653012446,0.14780610779406006,,,,,,,,,71.05897033961897,0.01044999706920742,,,,,,,,6.129517742763571,0.24611331320243285,,1,214,1,exact,0.03886371137334594,91,,,,,,6.637499973294325e-05,b5a9b83523fbff47a3c0a4789128c8df81ee6c7e
dv3-A-thomas-002189,3,A,thomas,2189,,,,3:1:1:2189,,test,4,155.77345562486434,1.2490275512658715,0.32210747492361835,,,,,,,,,124.7157882682333,0.025807983725629827,,,,,,,,1.640142694335896,0.5363441270720418,,1,146,1,exact,0.09598031693198923,159,,,,,,6.758299787179567e-05,e0833b1a6cf7e9acc6e13ff8d81268c4bc6b2b0e
dv3-A-thomas-002190,3,A,thomas,2190,,,,3:1:1:2190,,test,4,770.7389405779513,0.7455960604099573,0.2001294435525355,,,,,,,,,1033.721852224071,0.007208706388140694,,,,,,,,3.6322905045443754,0.3332373821161752,,1,741,1,exact,0.026809297896304915,1125,,,,,,0.00012512499961303547,4b8589e30221639a8f561120d12dfc6f79e46566
dv3-A-thomas-002191,3,A,thomas,2191,,,,3:1:1:2191,,test,4,281.3457030172843,2.46976650652846,0.30196323033054606,,,,,,,,,113.91591159471506,0.018002545590181343,,,,,,,,4.448554798962691,0.5028017596235401,,1,315,1,exact,0.06695176383005187,161,,,,,,7.579100201837718e-05,bcb3226ce3d3ce470b99aea901dde04ad88d498a
dv3-A-thomas-002192,3,A,thomas,2192,,,,3:1:1:2192,,test,4,309.14651116355725,0.9731459942545986,0.14302262716779732,,,,,,,,,317.6774224923512,0.008134344782001762,,,,,,,,3.5539219789012684,0.23814829549687572,,1,295,1,exact,0.030251762342644945,338,,,,,,7.758300125715323e-05,82e37da0d6321c6897ec2c8a87df6a50829013bc
dv3-A-thomas-002193,3,A,thomas,2193,,,,3:1:1:2193,,test,4,122.83516629198449,3.114001507132121,0.13157276366172874,,,,,,,,,39.44608440639808,0.011871473790049327,,,,,,,,5.204603610570779,0.21908302217866846,,1,103,1,exact,0.044150206731848475,46,,,,,,6.137499804026447e-05,a875c8758eea363553f2d37b49e1237073eb6582
dv3-A-thomas-002194,3,A,thomas,2194,,,,3:1:1:2194,,test,4,658.2947313770973,0.13607717767030234,0.8966273334125617,,,,,,,,,4837.657149033922,0.034946346960763076,,,,,,,,0.15085243260690123,1.4929824418453175,,1,637,1,exact,0.12996604045353188,7570,,,,,,0.0002896250007324852,356fb1a25db44d1f1eb886d2dd5f68014d266a39
dv3-A-thomas-002195,3,A,thomas,2195,,,,3:1:1:2195,,test,4,255.1017435471315,6.7242979611069575,0.13505850262952296,,,,,,,,,37.937305131722106,0.008456004725803011,,,,,,,,13.324824629569282,0.22488715828052674,,1,276,1,exact,0.03144802097635254,48,,,,,,7.354199988185428e-05,aea045a687d6b524349d2413d916d1177e6331a3
dv3-A-thomas-002196,3,A,thomas,2196,,,,3:1:1:2196,,test,4,532.3386251382957,0.11706934320157247,0.26826501596483404,,,,,,,,,4547.207753798565,0.011627063688508587,,,,,,,,0.40505601028467053,0.4466905521076319,,1,531,1,exact,0.04324124153500657,5315,,,,,,0.00021099999867146835,0a9c694d1e2217dfd307f1d064d4b426c54974f5
dv3-A-thomas-002197,3,A,thomas,2197,,,,3:1:1:2197,,test,4,612.2475526901424,0.5939683570490777,0.25842606523003936,,,,,,,,,1030.7746960324257,0.010444142439639988,,,,,,,,2.1095435206119917,0.43030762450121846,,1,573,1,exact,0.038841937909468424,1185,,,,,,0.00013058299737167545,630f09648396f260b92b3ac5c8328fa9e59c40ef
dv3-A-thomas-002198,3,A,thomas,2198,,,,3:1:1:2198,,test,4,245.03511889689307,2.0641450015484666,1.1969403321132768,,,,,,,,,118.71022564455222,0.07646423270071452,,,,,,,,0.9508908847754769,1.9930363855630693,,1,251,1,exact,0.28437174196167664,312,,,,,,9.987500015995465e-05,bb2975445b4ddc13ccdc4e912d386d6e6fbf39de
dv3-A-thomas-002199,3,A,thomas,2199,,,,3:1:1:2199,,test,4,152.30309234796033,0.2916122424490532,1.1512860254772301,,,,,,,,,522.2794868585423,0.09328866377844916,,,,,,,,0.10487674067960973,1.917016978544973,,1,166,1,exact,0.34694207849818465,1520,,,,,,0.00011729200195986778,28fbd137e5aef36886945b973a0e78eb654b7ce3
dv3-A-thomas-002200,3,A,thomas,2200,,,,3:1:1:2200,,test,4,175.4251681674111,28.250025881080347,0.16396680830652233,,,,,,,,,6.209734777089076,0.012379696344934635,,,,,,,,24.29154063999661,0.2730226446648109,,1,108,1,exact,0.046040294791747344,5,,,,,,6.195800233399495e-05,f98478a4af3147040b21ee8307c8dd8800f4222f
dv3-A-thomas-002201,3,A,thomas,2201,,,,3:1:1:2201,,test,4,182.03799600657103,4.913272252723702,0.5902001777682007,,,,,,,,,37.050256253489145,0.04374398188517542,,,,,,,,3.758120346817901,0.9827477590140167,,2,144,1,exact,0.16268458977044203,55,,,,,,7.083300079102628e-05,9e7ec9cbbdbbd744d6fbdac7bc43de645bfb7127
dv3-A-thomas-002202,3,A,thomas,2202,,,,3:1:1:2202,,test,4,226.98072567508913,8.27736024888427,0.5537459099944505,,,,,,,,,27.421873501963933,0.036754967362067716,,,,,,,,7.128966792758153,0.9220474215511903,,1,218,1,exact,0.13669232954191532,40,,,,,,7.158299922593869e-05,8bda61ae5f6d30d2a12b741465229b9f06d54e0f
dv3-A-thomas-002203,3,A,thomas,2203,,,,3:1:1:2203,,test,4,174.56910068421826,0.8135977652288248,0.22985492969809776,,,,,,,,,214.56438076021584,0.01739683062464782,,,,,,,,1.5770608188088835,0.38273356323495944,,1,162,1,exact,0.06469909988774548,249,,,,,,7.433299833792262e-05,985556bf6ad9973c733481c8aefdba78ac37d067
dv3-A-thomas-002204,3,A,thomas,2204,,,,3:1:1:2204,,test,4,791.0353225770222,7.748722770894478,0.21811902747335715,,,,,,,,,102.08589802028865,0.007755246640519454,,,,,,,,22.005857737919914,0.36319200420835207,,1,873,1,exact,0.02884189010486663,117,,,,,,0.00010812500113388523,10656e93629594ac6c34167566260b617ccce6ba
dv3-A-thomas-002205,3,A,thomas,2205,,,,3:1:1:2205,,test,4,780.7424696423707,6.194654359934813,1.0149043056236373,,,,,,,,,126.03487204903334,0.03632212033564367,,,,,,,,6.1519954420200325,1.6899265190615211,,1,822,1,exact,0.13508256431496382,204,,,,,,0.00012791599874617532,6a8ceb4b565823ec5cc1d1b4f5d1a5f955444dfc
dv3-A-thomas-002206,3,A,thomas,2206,,,,3:1:1:2206,,test,4,712.3873691317673,3.12723252430889,0.24271769914590477,,,,,,,,,227.80121516202348,0.009093756921324426,,,,,,,,10.071361448576049,0.4041514792670196,,1,718,1,exact,0.033819831905132235,258,,,,,,0.00010187500083702616,ba224abab8fc5512d9aa3ffc4bc47f1bc2ca4113
dv3-A-thomas-002207,3,A,thomas,2207,,,,3:1:1:2207,,test,4,147.36903927217955,2.4332932696473883,0.2811116705161873,,,,,,,,,60.56361603035831,0.023156650973412452,,,,,,,,3.129216952499496,0.4680816350769903,,1,166,1,exact,0.08611996671806424,79,,,,,,6.866600233479403e-05,559023ef9517de47729cad6a6d7a1050396d86f3
dv3-A-thomas-002208,3,A,thomas,2208,,,,3:1:1:2208,,test,4,692.2106479313287,0.5130367652000016,0.6339140153779564,,,,,,,,,1349.2417988045713,0.024094128157585486,,,,,,,,0.8362934616010944,1.0555360731608185,,1,683,1,exact,0.08960645982074232,1838,,,,,,0.00016279199917335063,f5e69714070d7bd2e168518e2e1e57196dab5341
dv3-A-thomas-002209,3,A,thomas,2209,,,,3:1:1:2209,,test,4,120.75432539025262,8.53948005388794,0.2884621435022742,,,,,,,,,14.140711685985421,0.026250493858323162,,,,,,,,7.468905291691006,0.4803209754345038,,1,162,1,exact,0.09762601941045693,21,,,,,,6.529100210173056e-05,cab94ff2c84ab1a3df275dbc82b077852d812aaa
dv3-A-thomas-002210,3,A,thomas,2210,,,,3:1:1:2210,,test,4,158.1762809073387,0.8486878169849943,0.1952159997387598,,,,,,,,,186.3774614666531,0.01552189456784328,,,,,,,,1.745902106808698,0.3250559615085288,,1,177,1,exact,0.05772618178331414,238,,,,,,8.091699783108197e-05,9703687fe1132b565a74dc13770189c786ea4c32
dv3-A-thomas-002211,3,A,thomas,2211,,,,3:1:1:2211,,test,4,493.3754718766009,0.7868122961340047,0.3097666993167085,,,,,,,,,627.0561280000286,0.013945880863933937,,,,,,,,2.129629122821137,0.5157953877984515,,1,458,1,exact,0.05186496083717122,723,,,,,,0.00022820800222689286,c121863f5ac9e801daf2fb599ed42ab09cd34012
dv3-A-thomas-002212,3,A,thomas,2212,,,,3:1:1:2212,,test,4,554.7540582787026,3.703760245426876,0.6734416594719738,,,,,,,,,149.781309134054,0.028592342309092158,,,,,,,,4.733807993431,1.1213539178781675,,1,578,1,exact,0.10633539240530566,227,,,,,,0.00017791699792724103,019f7e9829364af8095c4369a2106970a07bcc04
dv3-A-thomas-002213,3,A,thomas,2213,,,,3:1:1:2213,,test,4,443.45751985985345,1.6267708407956307,0.541070696135473,,,,,,,,,272.5998700855522,0.025693780030032566,,,,,,,,2.33995561162718,0.900941806059787,,1,421,1,exact,0.09555559150536307,391,,,,,,0.00012837499889428727,2c596e600847f5f9b62fea23c17ecd9e9101c6e3
dv3-A-thomas-002214,3,A,thomas,2214,,,,3:1:1:2214,,test,4,204.9854238417106,6.733501262188817,0.2561615258972377,,,,,,,,,30.442620541676007,0.017891733120865776,,,,,,,,9.00983428075941,0.42653691917387443,,1,200,1,exact,0.06653965042987323,36,,,,,,8.395899931201711e-05,d8a4f17516797ba7d1621656309681bc1bbc1cd6
dv3-A-thomas-002215,3,A,thomas,2215,,,,3:1:1:2215,,test,4,259.13656740336376,2.2086555712597096,0.4208569465925569,,,,,,,,,117.32774035725492,0.02614388648149749,,,,,,,,2.999892263487939,0.7007727830467643,,1,268,1,exact,0.09722954481857107,176,,,,,,8.908300151233561e-05,e03cf7dc5da8ddaac1cf3c69c5fffeea768f0b76
dv3-A-thomas-002216,3,A,thomas,2216,,,,3:1:1:2216,,test,4,323.25640973983127,6.119879312936228,1.0387962857287183,,,,,,,,,52.82071642434687,0.057777243148077743,,,,,,,,3.687022864432957,1.7297092754738674,,1,292,1,exact,0.21487451975188238,102,,,,,,9.233399759978056e-05,dd254ed5bc4f98ad4f7d8c52197104aa4ca82d8b
dv3-A-thomas-002217,3,A,thomas,2217,,,,3:1:1:2217,,test,4,236.4002515975999,7.601792300109813,0.41110900594803246,,,,,,,,,31.097962462639888,0.02673825270592509,,,,,,,,8.331448374032652,0.6845413971809836,,1,196,1,exact,0.09944000260561536,35,,,,,,7.633299901499413e-05,c5e57b42508d768a84b060d457472d39d57d96a8
dv3-A-thomas-002218,3,A,thomas,2218,,,,3:1:1:2218,,test,4,518.6544401220239,4.741543095713771,0.27764081354626297,,,,,,,,,109.38515788053759,0.01219113830429755,,,,,,,,11.039347723726735,0.4623022791270316,,1,444,1,exact,0.045339044330152796,118,,,,,,8.766699829720892e-05,0c3d368c44f14aec41ed1661b744464014dfc77b
dv3-A-thomas-002219,3,A,thomas,2219,,,,3:1:1:2219,,test,4,761.0538027508306,0.42406188419516,0.16197384773993753,,,,,,,,,1794.6762751272915,0.005871339845036874,,,,,,,,2.6116757182932657,0.2697041476456796,,1,710,1,exact,0.021835609675404936,1945,,,,,,0.00017637500059208833,123f1eb0621a9b201aef5cfbbc209c528c81e627
dv3-A-thomas-002220,3,A,thomas,2220,,,,3:1:1:2220,,test,4,207.78464760383582,0.6088111571113765,0.23830114747809195,,,,,,,,,341.29572885902866,0.016531771943634404,,,,,,,,1.3043047890084063,0.396797438354112,,1,208,1,exact,0.06148193239217004,450,,,,,,9.754200073075481e-05,524fc67f4ae9efe9a3e717cb105a4a4e02faa164
dv3-A-thomas-002221,3,A,thomas,2221,,,,3:1:1:2221,,test,4,608.1839930619909,0.38293522717826106,0.44356685146771735,,,,,,,,,1588.216361141603,0.017986289951721145,,,,,,,,0.8503134692028114,0.7385872550922993,,1,581,1,exact,0.06689130884263679,1997,,,,,,0.000155916997755412,94a7387890bb48d2dcd576f5009f81fd96e81a55
dv3-A-thomas-002222,3,A,thomas,2222,,,,3:1:1:2222,,test,4,166.7510600451543,20.805159479016382,0.5461378876465312,,,,,,,,,8.014889778342516,0.04229295249146721,,,,,,,,12.349575871996372,0.9093792333760883,,1,56,1,exact,0.15728818753436044,9,,,,,,6.65420011500828e-05,6f2ee79e793462e91d1044f7ff7ae178012c8a4c
dv3-A-thomas-002223,3,A,thomas,2223,,,,3:1:1:2223,,test,4,172.39003714931002,0.9715227961583847,0.14534811460579183,,,,,,,,,177.44312107855652,0.011070145295705661,,,,,,,,2.537091833613927,0.242020486076259,,1,161,1,exact,0.041170052851119,209,,,,,,7.75419975980185e-05,304f25d6555585a2c2d65f5179dd1a60503ad734
dv3-A-thomas-002224,3,A,thomas,2224,,,,3:1:1:2224,,test,4,253.34912587031195,7.946425099693521,0.6297724994226553,,,,,,,,,31.88215111724682,0.03956616766998406,,,,,,,,6.549341001086035,1.0486399967492803,,1,223,1,exact,0.14714722983097428,51,,,,,,7.712500155321322e-05,0877c1d2b50d17c8b6a225345f2c756a8469bba6
dv3-A-thomas-002225,3,A,thomas,2225,,,,3:1:1:2225,,test,4,293.16742181999575,25.225946561416514,0.9280492702245584,,,,,,,,,11.621661891110163,0.054201733894816105,,,,,,,,13.792673666450437,1.5453033986139846,,1,381,1,exact,0.201577141895103,28,,,,,,8.437499855062924e-05,e0f4c354bdaa6be5ebce717a312f2688022b4b8d
dv3-A-thomas-002226,3,A,thomas,2226,,,,3:1:1:2226,,test,4,520.4087776036084,0.11157080472233878,0.11434708235154341,,,,,,,,,4664.38132178688,0.005012481482228233,,,,,,,,0.8379765370783744,0.19040038136841292,,1,516,1,exact,0.018641501265448123,4944,,,,,,0.00037141700158827007,1335492e35e2ca6161f5973e3386d506ac9d895d
dv3-A-thomas-002227,3,A,thomas,2227,,,,3:1:1:2227,,test,4,571.7555449053549,0.39823598386475484,1.0720569785256069,,,,,,,,,1435.7204473504562,0.044834535598400775,,,,,,,,0.33639778893146327,1.7850919617905658,,1,570,1,exact,0.16674037700820205,2526,,,,,,0.00017949999892152846,8615fbeb2d4d34a89ce3796b6e5cb13a677ebc99
dv3-A-thomas-002228,3,A,thomas,2228,,,,3:1:1:2228,,test,4,490.7384343733418,0.34386344956926335,0.22311413847940387,,,,,,,,,1427.1317146037468,0.010071683167131864,,,,,,,,1.3093310373676172,0.3715094096110096,,1,499,1,exact,0.03745675573484988,1667,,,,,,0.00012591699851327576,fcd95c4e909a67120dd0feb0ed3c3f36dd04ffe2
dv3-A-thomas-002229,3,A,thomas,2229,,,,3:1:1:2229,,test,4,139.88679900101357,11.37565276168137,0.1668182146518713,,,,,,,,,12.29703489827143,0.01410441580521304,,,,,,,,12.067724142931448,0.27777054766702014,,1,133,1,exact,0.05245455489730896,15,,,,,,6.17079967923928e-05,1d257df15e70e780b0a1dca35cde71e91269b9ef
dv3-A-thomas-002230,3,A,thomas,2230,,,,3:1:1:2230,,test,4,187.50708788563813,4.699193798526174,0.825422290090029,,,,,,,,,39.90196955580906,0.06027918170556127,,,,,,,,2.7015047344925645,1.3744182675336007,,1,161,1,exact,0.22417927049276082,79,,,,,,7.104100222932175e-05,bcbb9a28eb7dea15bfecc39d771224227b3627a5
dv3-A-thomas-002231,3,A,thomas,2231,,,,3:1:1:2231,,test,4,636.1196778860716,9.721389098462566,0.1741929248942885,,,,,,,,,65.43505989145869,0.0069065489837308895,,,,,,,,24.427858421299796,0.2900502457035728,,1,595,1,exact,0.025685569528102355,66,,,,,,8.14160011941567e-05,1c923d6f99cab9eae1eb64f62e138643c7003057
dv3-A-thomas-002232,3,A,thomas,2232,,,,3:1:1:2232,,test,4,599.8715217814265,4.122343973762498,0.858686517758849,,,,,,,,,145.51709551639348,0.035059484142961554,,,,,,,,4.301268443516224,1.429806839798152,,1,599,1,exact,0.13038679949924603,234,,,,,,0.00010545900295255706,d25c02c5f586c558d4780a497eb1b13ddd34b18a
dv3-A-thomas-002233,3,A,thomas,2233,,,,3:1:1:2233,,test,4,603.6482626622401,0.1869184430989735,1.1652347546216546,,,,,,,,,3229.4740564611257,0.04742654110669115,,,,,,,,0.14837734453124313,1.9402431360829338,,1,622,1,exact,0.1763800882239259,5895,,,,,,0.00024937499983934686,5fd70f10fc046d34c797aa1835ca0c0b6691e5d7
dv3-A-thomas-002234,3,A,thomas,2234,,,,3:1:1:2234,,test,4,178.18788022088214,8.8562907467074,0.1678412173560197,,,,,,,,,20.119922134120202,0.012573597103904642,,,,,,,,11.895989677691386,0.2794739589041512,,1,240,1,exact,0.04676141491089916,30,,,,,,6.612500146729872e-05,3e68a00d24883076dec974a69c18c97af1fb35ed
dv3-A-thomas-002235,3,A,thomas,2235,,,,3:1:1:2235,,test,4,370.9240285930016,2.287954705963577,0.2893524412583437,,,,,,,,,162.12035475448198,0.015023968586096307,,,,,,,,4.921970363347165,0.4818034184387418,,1,333,1,exact,0.05587438684866044,192,,,,,,7.77910026954487e-05,b67533ed4cb5732323be2779a11d6704a988c9dd
dv3-A-thomas-002236,3,A,thomas,2236,,,,3:1:1:2236,,test,4,493.1931637376771,5.095873978547313,0.5589729974910864,,,,,,,,,96.78284153295964,0.02516994721193447,,,,,,,,6.972275001975904,0.9307510931476883,,1,452,1,exact,0.09360744861923354,131,,,,,,9.225000030710362e-05,91e9520f4393f17291217dac468ba92d62e5ab47
dv3-A-thomas-002237,3,A,thomas,2237,,,,3:1:1:2237,,test,4,197.80404337048168,6.444159072154822,0.49393505867447857,,,,,,,,,30.695090104959068,0.035119819106504566,,,,,,,,5.8149888061117165,0.8224558214237702,,1,337,1,exact,0.13061118622331186,72,,,,,,7.533299867645837e-05,e4d10011098620ed515ea32d0622de12300e409b
dv3-A-thomas-002238,3,A,thomas,2238,,,,3:1:1:2238,,test,4,101.76631856698046,3.1749478372458437,0.5256096266031639,,,,,,,,,32.05291040474516,0.052102825899795674,,,,,,,,2.0202491111667253,0.8751974365946796,,1,89,1,exact,0.19377126846016732,56,,,,,,6.208299964782782e-05,f9f434df09bc63c608e300df3b11d5d07d711839
dv3-A-thomas-002239,3,A,thomas,2239,,,,3:1:1:2239,,test,4,707.7882494866197,0.731056865905858,0.3893645517127789,,,,,,,,,968.1712634072509,0.014635404698449367,,,,,,,,1.9467851668264164,0.6483345058996478,,1,699,1,exact,0.05442931134484872,1170,,,,,,0.0001371670005028136,0fb208934f677a37436740f8be876fc2b6894ca2
dv3-A-thomas-002240,3,A,thomas,2240,,,,3:1:1:2240,,test,4,168.0505066326232,0.6714886065428313,0.5263743870217272,,,,,,,,,250.26561135241542,0.040604562513914616,,,,,,,,0.6116335965250831,0.8764708462204912,,1,152,1,exact,0.1510090373739642,402,,,,,,7.791600000928156e-05,0132129286cbb458b308a545b8a040fa95c23791
dv3-A-thomas-002241,3,A,thomas,2241,,,,3:1:1:2241,,test,4,471.88304111858594,0.8268525596011753,0.8140509841692274,,,,,,,,,570.6979262980021,0.037474376940109806,,,,,,,,0.8388828854640251,1.3554838011751045,,1,520,1,exact,0.13936782562244857,962,,,,,,0.0001201250015583355,bb4bd536f67713fb916598acca5d4cc315f1a851
dv3-A-thomas-002242,3,A,thomas,2242,,,,3:1:1:2242,,test,4,148.13930979462353,0.2439383090927606,0.5648598668739859,,,,,,,,,607.2818588665863,0.0464093580233917,,,,,,,,0.1897347260334146,0.9405533736477205,,1,163,1,exact,0.1725971675684086,1149,,,,,,9.666700134403072e-05,b025e33d21a4eeff7ba3b85b7c40424a2d0d9d68
dv3-A-thomas-002243,3,A,thomas,2243,,,,3:1:1:2243,,test,4,128.21740073580875,2.9036046223389875,0.3585560936987951,,,,,,,,,44.158009582077234,0.03166530121120812,,,,,,,,2.85373762939239,0.5970350583352467,,1,127,1,exact,0.11776377722140273,67,,,,,,6.383399886544794e-05,ba6c4cee83c9354e08fc6edbfc025fc0c220a6f3
dv3-A-thomas-002244,3,A,thomas,2244,,,,3:1:1:2244,,test,4,124.73082827380281,0.2010565956299733,0.7574615280740835,,,,,,,,,620.3767047929069,0.06782248161653594,,,,,,,,0.10557897296695151,1.2612561759452683,,1,127,1,exact,0.252232927216412,1415,,,,,,9.816700185183436e-05,eedd6b1c5be096893b91c6e59a244da9e317d795
dv3-A-thomas-002245,3,A,thomas,2245,,,,3:1:1:2245,,test,4,144.6622225096835,0.2085054272579675,0.10889926072104968,,,,,,,,,693.8055493908281,0.009054143324213284,,,,,,,,0.7443498234478796,0.1813291633299485,,1,158,1,exact,0.0336725082844277,747,,,,,,7.779200313962065e-05,9ec527c16f95bf996356a8f6853c59a79deaa9ad
dv3-A-thomas-002246,3,A,thomas,2246,,,,3:1:1:2246,,test,4,735.9239372261454,0.7182037668934779,0.12675150551819958,,,,,,,,,1024.6729008527961,0.004672363921468578,,,,,,,,4.712205472397551,0.21105510078071485,,1,664,1,exact,0.017376598449989993,1094,,,,,,0.00012283300020499155,ce9751af29ec8331c464eb3d961975e1d6668507
dv3-A-thomas-002247,3,A,thomas,2247,,,,3:1:1:2247,,test,4,238.35500860184408,18.989724391748027,0.93655450103806,,,,,,,,,12.551788729773303,0.060662585196885555,,,,,,,,9.647202662196012,1.5594655368794672,,1,259,1,exact,0.2256051543975771,26,,,,,,7.283300146809779e-05,11a47c13e50a78450954c949526eb20463815cb8
dv3-A-thomas-002248,3,A,thomas,2248,,,,3:1:1:2248,,test,4,404.8138338263082,9.250873426311186,1.4530756842685648,,,,,,,,,43.75952574109848,0.07222051194860561,,,,,,,,4.229150096554527,2.419529722597841,,1,428,1,exact,0.2685892745249132,92,,,,,,9.254199903807603e-05,89c0e2943d75ddff02bfbe31fba892409664b710
dv3-A-thomas-002249,3,A,thomas,2249,,,,3:1:1:2249,,test,4,176.66684179234414,3.5881771004179286,0.1441037959100578,,,,,,,,,49.23581998552053,0.010841712793111543,,,,,,,,6.824505940159506,0.23994855954049282,,1,161,1,exact,0.04032050860815758,62,,,,,,6.337500235531479e-05,46e66ac4300b7efbef7aabcca2b8c891e6c08f1a
dv3-A-thomas-002250,3,A,thomas,2250,,,,3:1:1:2250,,test,4,138.59152762596173,1.2602647200839456,0.3562572998563668,,,,,,,,,109.970171676892,0.030261846991013485,,,,,,,,1.4162185608180613,0.5932073155080175,,1,132,1,exact,0.11254430783991654,167,,,,,,6.741600009263493e-05,504790a4bc732eb1b3e5ce5c0f2b10e3d1330abd
dv3-A-thomas-002251,3,A,thomas,2251,,,,3:1:1:2251,,test,4,678.5587338211889,0.27319562715781953,0.12474997865493063,,,,,,,,,2483.7832906790977,0.004789021178420865,,,,,,,,2.0034491267218426,0.20772233994197373,,1,673,1,exact,0.017810448711743587,2708,,,,,,0.0001497919984103646,064cc00a559f5f690b42d122f249100339ce6974
dv3-A-thomas-002252,3,A,thomas,2252,,,,3:1:1:2252,,test,4,595.9439543931236,18.994066560487916,0.14702266366191194,,,,,,,,,31.37526935031521,0.0060225661320127185,,,,,,,,37.91891952624161,0.24480879315282414,,1,593,1,exact,0.02239802272970235,34,,,,,,7.750000077066943e-05,ccd7923a7ec9873f822674d064161108f6ed76b0
dv3-A-thomas-002253,3,A,thomas,2253,,,,3:1:1:2253,,test,4,243.57751692142986,1.7223644372481717,0.12371302838240797,,,,,,,,,141.42042860022968,0.007926780616617468,,,,,,,,5.272060647853426,0.20599570448011376,,1,290,1,exact,0.02947982778979091,188,,,,,,7.683300282224081e-05,94484725ed83911f9762cc6c427a7d5a39f90269
dv3-A-thomas-002254,3,A,thomas,2254,,,,3:1:1:2254,,test,4,106.40664453785793,1.572051178200791,0.9043857359971037,,,,,,,,,67.68650156774163,0.08767369897022981,,,,,,,,0.6126712367555439,1.5059010295392738,,1,129,1,exact,0.3260599318111634,195,,,,,,7.245799861266278e-05,305ff7921fe3d7666032c78f74b412fe6f8b4de5
dv3-A-thomas-002255,3,A,thomas,2255,,,,3:1:1:2255,,test,4,126.0896470414124,0.11427005049122492,0.7147571395001872,,,,,,,,,1103.4356465178523,0.0636529868937897,,,,,,,,0.06440119040003921,1.1901487046975332,,1,138,1,exact,0.23672650760649827,2430,,,,,,0.00011558299956959672,40225cec3fac8c09273c95117ef7dfe76f2fa3a2
dv3-A-thomas-002256,3,A,thomas,2256,,,,3:1:1:2256,,test,4,714.6523771569078,0.16600911742334562,0.7778573980531134,,,,,,,,,4304.898358892228,0.02909729152347083,,,,,,,,0.2248270019781875,1.2952175271444966,,1,725,1,exact,0.10821330685789785,6455,,,,,,0.00024441699861199595,8c00a037fc658836acb4d393470cb50ae6a6200e
dv3-A-thomas-002257,3,A,thomas,2257,,,,3:1:1:2257,,test,4,153.23176071055298,0.15236689776468706,0.6394370648321698,,,,,,,,,1005.6761866163449,0.05165631366576929,,,,,,,,0.10696752572443854,1.0647325537423333,,1,162,1,exact,0.19211068210086554,1903,,,,,,0.0001062500014086254,54333caa12cbd845b538798b51fe7be644866141
dv3-A-thomas-002258,3,A,thomas,2258,,,,3:1:1:2258,,test,4,635.4767149679769,4.416558520351794,0.31121342176586253,,,,,,,,,143.8850435332529,0.012345494709999984,,,,,,,,10.829314574380287,0.5182043386906685,,1,651,1,exact,0.045913098347595833,175,,,,,,9.054099791683257e-05,93a3d4053c907abd1ea00e8eb627c2ba28321f74
dv3-A-thomas-002259,3,A,thomas,2259,,,,3:1:1:2259,,test,4,539.8181499855783,6.38486044551135,0.20074672564615864,,,,,,,,,84.54658556634207,0.008640218573124412,,,,,,,,16.409659126730805,0.3342652242230372,,1,555,1,exact,0.03213311531139005,106,,,,,,8.191599772544578e-05,f34c78defc32f1a2654d7f0a0d2d9978ce558b7d
dv3-A-thomas-002260,3,A,thomas,2260,,,,3:1:1:2260,,test,4,495.788925615271,0.34536051044508553,0.48259852357684085,,,,,,,,,1435.5692403173714,0.021673925591051246,,,,,,,,0.6293561267146424,0.8035792522835915,,1,466,1,exact,0.08060568657765933,1849,,,,,,0.00012762500045937486,080e0719685d8c6c2150edbdbf59f3614cbc2fb7
dv3-A-thomas-002261,3,A,thomas,2261,,,,3:1:1:2261,,test,4,339.7446764672159,3.0384965075137003,0.23712691490698734,,,,,,,,,111.8134168089657,0.012864843897513458,,,,,,,,6.766588135163161,0.3948422128708226,,1,280,1,exact,0.04784456653766646,118,,,,,,7.012500282144174e-05,b7b4e323fc57da311de496067cc1b1a5d8b5dfd9
dv3-A-thomas-002262,3,A,thomas,2262,,,,3:1:1:2262,,test,4,130.02290342906807,15.872938677953389,0.11510676374631963,,,,,,,,,8.191482753578738,0.010094641823055242,,,,,,,,15.607702646691656,0.19166533386487622,,1,99,1,exact,0.03754213935471283,8,,,,,,5.733299985877238e-05,069dd98bb704b959a7de73f25cbf3a5d359105c2
dv3-A-thomas-002263,3,A,thomas,2263,,,,3:1:1:2263,,test,4,592.6601068108076,2.205725568293936,0.35194945115588616,,,,,,,,,268.6916792052299,0.014456975492561227,,,,,,,,5.360206807282735,0.5860342769085078,,1,640,1,exact,0.05376573018666396,352,,,,,,9.741699977894314e-05,e751584eb4b2ad2cbe65543efe1ed9e9f01bafff
dv3-A-thomas-002264,3,A,thomas,2264,,,,3:1:1:2264,,test,4,192.677336701051,5.801621247502833,0.11566796975255365,,,,,,,,,33.21094716136188,0.008332931186798334,,,,,,,,10.690672664224115,0.1925998031614753,,1,206,1,exact,0.030990308455870773,39,,,,,,6.220900104381144e-05,70abd0d01abd749701aa1357d715ea4265994ed3
dv3-A-thomas-002265,3,A,thomas,2265,,,,3:1:1:2265,,test,4,656.937389388139,0.208959635306327,0.1442522500494485,,,,,,,,,3143.8482768458766,0.005628084455376539,,,,,,,,1.3768156649209142,0.24019575189708314,,1,654,1,exact,0.020930938871082203,3428,,,,,,0.00016154200056917034,ccd512b625227ac886cd65c38570d1ca74ba76b5
dv3-A-thomas-002266,3,A,thomas,2266,,,,3:1:1:2266,,test,4,664.0707939535123,2.1923632815390532,0.6941913738357368,,,,,,,,,302.90180443422236,0.0269384139736182,,,,,,,,3.0689127954276887,1.1559044586256797,,1,689,1,exact,0.10018440565991575,432,,,,,,0.00010812500113388523,08a76b44c0e6f23d2e8eabe6a5dbf1bf82a92d18
dv3-A-thomas-002267,3,A,thomas,2267,,,,3:1:1:2267,,test,4,299.47808673312704,8.915532073968281,0.27192255884187094,,,,,,,,,33.59060168798541,0.01571313035643866,,,,,,,,13.19280107693424,0.45278076048320004,,1,319,1,exact,0.05843739083370946,47,,,,,,7.062499935273081e-05,02601b59bab3f7edfe728364fb6af8546ceaa09a
dv3-A-thomas-002268,3,A,thomas,2268,,,,3:1:1:2268,,test,4,526.8326498860333,0.10373082297865188,0.33400096169162174,,,,,,,,,5078.843826337492,0.014551621044903986,,,,,,,,0.2882255026291445,0.5561480815749305,,1,558,1,exact,0.054117718556101736,6225,,,,,,0.00020766699890373275,d7b9a2eeca7dec82e1d653cf02f8bbeab9425ecf
dv3-A-thomas-002269,3,A,thomas,2269,,,,3:1:1:2269,,test,4,206.97413382999858,5.528115255666134,1.3664636700551478,,,,,,,,,37.44027109743361,0.09498172501466833,,,,,,,,1.9265105263186109,2.275311258967768,,1,198,1,exact,0.3532386011465697,115,,,,,,8.316599996760488e-05,e5eabb35c39a0415e0fb83d2603734199bbcbe61
dv3-A-thomas-002270,3,A,thomas,2270,,,,3:1:1:2270,,test,4,327.06680229297365,0.13174160939474996,0.7898087683740824,,,,,,,,,2482.6385816568563,0.04367206407273744,,,,,,,,0.11623308320644773,1.3151178640852486,,1,329,1,exact,0.16241712624038726,4466,,,,,,0.00022162500317790546,6ed9ae577ff433722013ead19421e6efcd17777a
dv3-A-thomas-002271,3,A,thomas,2271,,,,3:1:1:2271,,test,4,792.8313697721607,0.7813512664636599,0.25501889784011883,,,,,,,,,1014.6926277606983,0.009056949615279569,,,,,,,,3.151561265853717,0.42463431865828954,,1,739,1,exact,0.0336829449271662,1124,,,,,,0.00012741599857690744,5e55626cd86f5987e5005e89bd531c573bf468fe
dv3-A-thomas-002272,3,A,thomas,2272,,,,3:1:1:2272,,test,4,149.42751693775728,0.16121936597612663,0.1265656014153793,,,,,,,,,926.8583586905094,0.010353814915309715,,,,,,,,0.5338907510210587,0.2107455501446425,,1,181,1,exact,0.03850600835739374,1096,,,,,,8.641700333100744e-05,ca8364d888237678e2dc5d62723d8083e1c3e7f6
dv3-A-thomas-002273,3,A,thomas,2273,,,,3:1:1:2273,,test,4,199.63173418045056,0.77075799646038,0.4622367201617656,,,,,,,,,259.00702308277954,0.03271520554179634,,,,,,,,0.8840021517118698,0.7696746256341765,,1,191,1,exact,0.12166838873501162,392,,,,,,7.837500015739352e-05,9f4db38c458606fe8250d524766163485a012f97
dv3-A-thomas-002274,3,A,thomas,2274,,,,3:1:1:2274,,test,4,172.4016966627027,0.7014177433864945,0.20366575902329523,,,,,,,,,245.79032721689518,0.015511266241321639,,,,,,,,1.5169063327277483,0.33912573361955384,,1,148,1,exact,0.05768665486176734,298,,,,,,6.933300028322265e-05,283b6692592763f8e98f567549b86667df95a395
dv3-A-thomas-002275,3,A,thomas,2275,,,,3:1:1:2275,,test,4,110.14214425958822,0.27623878634365123,0.10439202942838065,,,,,,,,,398.7207796466617,0.00994696470635998,,,,,,,,0.8630429339375234,0.17382413093741678,,1,97,1,exact,0.03699292572319859,448,,,,,,9.037500058184378e-05,999a1c281b8a67b8ad27db081a9d8225b170b08d
dv3-A-thomas-002276,3,A,thomas,2276,,,,3:1:1:2276,,test,4,492.5578894396812,0.134189479416541,0.2988566917882451,,,,,,,,,3670.6148021538984,0.013465867748847636,,,,,,,,0.40066492286106237,0.49762903364727656,,1,465,1,exact,0.05007978414893033,4476,,,,,,0.00017500000103609636,b6ad2e12ed84abe12cee7a8adc1eb968e03d438d
dv3-A-thomas-002277,3,A,thomas,2277,,,,3:1:1:2277,,test,4,346.0838786003727,0.3626584430619293,0.15606113608992245,,,,,,,,,954.2970396011814,0.008388881883179359,,,,,,,,1.535673370759377,0.2598588369483478,,1,330,1,exact,0.031198390018084526,1058,,,,,,9.975000284612179e-05,09d5e337e6fe6e2b82bb0a1ff16de4f0f706e8e2
dv3-A-thomas-002278,3,A,thomas,2278,,,,3:1:1:2278,,test,4,107.18464584625977,17.46183000329326,0.30522192001069104,,,,,,,,,6.138225250506103,0.02948149015246591,,,,,,,,11.392387339222383,0.5082278338626136,,1,143,1,exact,0.10964214789282002,14,,,,,,6.304199996520765e-05,ca2f1af9bc2a08b8c9d346e6dd3b4bdf7eaf0870
dv3-A-thomas-002279,3,A,thomas,2279,,,,3:1:1:2279,,test,4,131.34406164767904,1.5225271240927443,0.20661301427772116,,,,,,,,,86.2671407091978,0.018028203537662272,,,,,,,,2.4689699788629693,0.34403323552421594,,1,135,1,exact,0.0670471861597164,113,,,,,,6.41250007902272e-05,77f35c14318262d841558a1680b5ec7f6fbf2b8a
dv3-A-thomas-002280,3,A,thomas,2280,,,,3:1:1:2280,,test,4,127.02621909827599,0.2837734782648919,0.10358777162666787,,,,,,,,,447.63245626394223,0.009190979656841446,,,,,,,,0.951666128995053,0.1724849538546657,,1,119,1,exact,0.03418140486128113,490,,,,,,7.01669996487908e-05,0e65817715dd4fe25d0aa31c42f39e09ba6716dd
dv3-A-thomas-002281,3,A,thomas,2281,,,,3:1:1:2281,,test,4,102.36539434194658,9.201167318701158,0.1126487136958133,,,,,,,,,11.125261697381735,0.011133959958387233,,,,,,,,9.966865272505451,0.1875724120568653,,2,111,1,exact,0.04140738063364556,15,,,,,,5.762499858974479e-05,100179c2cff91085eda52d8d34f60238b869944c
dv3-A-thomas-002282,3,A,thomas,2282,,,,3:1:1:2282,,test,4,152.310398733838,4.161858254794322,1.2220516643708725,,,,,,,,,36.596729011225094,0.09902042575459247,,,,,,,,1.3523353753427982,2.034849496489818,,1,156,1,exact,0.3682585957781696,112,,,,,,7.308299973374233e-05,2df05a941a0dada7c176e7b3f8160c0d536b79e7
dv3-A-thomas-002283,3,A,thomas,2283,,,,3:1:1:2283,,test,4,394.7840740681316,0.26076816789493934,0.3623247515330287,,,,,,,,,1513.9273986355029,0.018235521625791264,,,,,,,,0.5606321564110321,0.6033102852507802,,1,362,1,exact,0.06781820554720128,1929,,,,,,0.00012216599861858413,159f106ff56c4564501f78bb1c80f8aa8eccf923
dv3-A-thomas-002284,3,A,thomas,2284,,,,3:1:1:2284,,test,4,211.83062799931065,15.443302156212306,0.26466014096219603,,,,,,,,,13.716666672490023,0.018184198461179066,,,,,,,,16.247065017839674,0.44068804149544516,,1,185,1,exact,0.06762733385192277,12,,,,,,5.9958998463116586e-05,3c5cd388314911a2a297f5853d384a961bf37c89
dv3-A-thomas-002285,3,A,thomas,2285,,,,3:1:1:2285,,test,4,177.05610589221493,0.5293394996193185,0.8611432977253619,,,,,,,,,334.4849685684654,0.06471723762634737,,,,,,,,0.29812838313046763,1.4338976467775923,,1,171,1,exact,0.24068447362553852,710,,,,,,9.000000136438757e-05,cf65b7a3942e4f9501435b5036d3895f89a65976
dv3-A-thomas-002286,3,A,thomas,2286,,,,3:1:1:2286,,test,4,369.3150679004587,12.896384740128983,0.42359400079097925,,,,,,,,,28.637100655913358,0.02204201467518136,,,,,,,,15.395564601586125,0.7053302772345345,,1,196,1,exact,0.08197461594965552,28,,,,,,6.587499956367537e-05,c73154b03c5b273c71866b0cf786357a35adc5cf
dv3-A-thomas-002287,3,A,thomas,2287,,,,3:1:1:2287,,test,4,174.51592774951047,1.5432872195643261,0.7405305480492076,,,,,,,,,113.08065377407632,0.05605643096428838,,,,,,,,0.9918727197814525,1.2330642449630096,,1,160,1,exact,0.20847479087199675,218,,,,,,7.333400208153762e-05,b5e4ecc58aaf69bd5a9547b964b0e75d3375f6be
dv3-A-thomas-002288,3,A,thomas,2288,,,,3:1:1:2288,,test,4,168.61104080965163,19.51656335543359,0.24627307908913149,,,,,,,,,8.63938172612284,0.018965920932084965,,,,,,,,17.135199001495216,0.4100715751993216,,1,260,1,exact,0.07053457260827295,17,,,,,,6.425000174203888e-05,7023a6957046ac571bd100216e45ad255fa585a2
dv3-A-thomas-002289,3,A,thomas,2289,,,,3:1:1:2289,,test,4,280.0068704461203,4.03388368080556,0.2676793889700823,,,,,,,,,69.4137195324887,0.015996706934454385,,,,,,,,7.154490829548099,0.445715419197834,,1,236,1,exact,0.059492016802239055,79,,,,,,6.6917000367539e-05,b3b12d86b7aa10e93236203cc7bb7653f5140c1c
dv3-A-thomas-002290,3,A,thomas,2290,,,,3:1:1:2290,,test,4,299.1574422073428,0.12695354875598117,0.6062341666610129,,,,,,,,,2356.4322946368097,0.035050200237591304,,,,,,,,0.14098688361357167,1.009446101789941,,1,271,1,exact,0.13035227250212467,3745,,,,,,0.00015012500080047175,49c939a3b3b98ee16de35fe85a3ee7c402d52b59
dv3-A-thomas-002291,3,A,thomas,2291,,,,3:1:1:2291,,test,4,593.7270396291003,1.6131607376904649,0.4246709777255778,,,,,,,,,368.05200235602643,0.0174284661797197,,,,,,,,3.460451087039123,0.7071235614605554,,1,649,1,exact,0.06481675303858435,522,,,,,,0.00010787499923026189,8c16efd6b00cf68533a5a77ddd9f1e1d66a1ad2e
dv3-A-thomas-002292,3,A,thomas,2292,,,,3:1:1:2292,,test,4,355.89183417345225,0.1632884211899041,1.1413004427100921,,,,,,,,,2179.5289070714375,0.06049799393651156,,,,,,,,0.09823864270312208,1.900389892589218,,1,334,1,exact,0.2249930367868843,4499,,,,,,0.0005087090030428953,e8cf0933b18f84fafbf4014d38f1c73af0ae4a6c
dv3-A-thomas-002293,3,A,thomas,2293,,,,3:1:1:2293,,test,4,332.6460174934627,0.22345705096213725,0.7453551909950672,,,,,,,,,1488.6351361981704,0.040866939629855346,,,,,,,,0.2104481212198931,1.2410978024265393,,1,351,1,exact,0.1519848221935541,2501,,,,,,0.000270417000137968,f4eb6ce0ef37b89e56e6af5fc89cd798521b90ab
dv3-A-thomas-002294,3,A,thomas,2294,,,,3:1:1:2294,,test,4,133.0759120480969,7.179046914347623,1.0209720664669797,,,,,,,,,18.536710183929735,0.08850425168149739,,,,,,,,2.5827876739015885,1.7000300036005747,,1,111,1,exact,0.32914877103640744,52,,,,,,0.0001291249973291997,b3ed89c2b4b0dbfcc8aeb16aefe3c0778cf0b602
dv3-A-thomas-002295,3,A,thomas,2295,,,,3:1:1:2295,,test,4,284.876605466157,0.37270594438417726,0.1471374297100605,,,,,,,,,764.3468255835285,0.008717556531746641,,,,,,,,1.5035853452776473,0.244999891158005,,1,292,1,exact,0.0324207364544576,849,,,,,,0.00016162500105565414,333b97f58e48a5081aeeab72522bb9d63af5643d
dv3-A-thomas-002296,3,A,thomas,2296,,,,3:1:1:2296,,test,4,673.2394078020941,6.925381960528876,0.47000636364647436,,,,,,,,,97.21332507567284,0.01811419228142274,,,,,,,,12.193825979239099,0.7826119306546678,,1,596,1,exact,0.06736697971532521,115,,,,,,0.00015487499695154838,07d8d83ff9b18dc3250248d2f22b7979bbea68e2
dv3-A-thomas-002297,3,A,thomas,2297,,,,3:1:1:2297,,test,4,594.4410466882572,0.15099670517221087,0.7447768613390688,,,,,,,,,3936.78157420919,0.030547226172928668,,,,,,,,0.1941900058585041,1.240134820382798,,1,554,1,exact,0.11360563772206494,5786,,,,,,0.00039612500040675513,542993e347863451678686c9e6b2b777a884b113
dv3-A-thomas-002298,3,A,thomas,2298,,,,3:1:1:2298,,test,4,241.8953974875239,0.631359336341122,1.3297549266476008,,,,,,,,,383.13426849655133,0.08549836415718713,,,,,,,,0.25754678105922973,2.214187191780252,,1,270,1,exact,0.317969825780072,1062,,,,,,0.0001940000001923181,4b87c8ca0ebaf52a852212c74f6d90292a74da0c
dv3-A-thomas-002299,3,A,thomas,2299,,,,3:1:1:2299,,test,4,282.6906346804389,3.6727728365425456,0.17402049112906212,,,,,,,,,76.96926743407214,0.010350103186532674,,,,,,,,8.442104648197875,0.2897631246508558,,1,286,1,exact,0.03849220437688238,77,,,,,,0.00012441700164345093,4bc09ef423085e2eebc2f49507937f57b27fdfe2
dv3-A-thomas-002300,3,A,thomas,2300,,,,3:1:1:2300,,test,4,150.27248624546743,0.10003705447371297,0.3138977759057324,,,,,,,,,1502.168241918348,0.025606398660227896,,,,,,,,0.14531841024881811,0.5226740815249263,,1,135,1,exact,0.09523061875053779,2139,,,,,,0.00019374999828869477,9ec19bdb218e34df922f6c26c7fdb8805f42c87e
dv3-A-thomas-002301,3,A,thomas,2301,,,,3:1:1:2301,,test,4,798.6685375355489,0.4741124702908505,0.7127590792046352,,,,,,,,,1684.555010851318,0.025220835525234752,,,,,,,,0.7402205918612426,1.1868217160726675,,1,862,1,exact,0.09379670309531432,2441,,,,,,0.0003004589998454321,d93d5e7d7517ff5a31aa13ad435581a7e6f528ae
dv3-A-thomas-002302,3,A,thomas,2302,,,,3:1:1:2302,,test,4,592.4881283037314,11.68151013498594,0.18468359767963013,,,,,,,,,50.720165582807546,0.0075873217230179694,,,,,,,,26.38003249050665,0.3075183617067383,,1,616,1,exact,0.028217374568359828,57,,,,,,0.00014670900054625235,89b98bcb2619dd436fe4b3f590267feadd563891
dv3-A-thomas-002303,3,A,thomas,2303,,,,3:1:1:2303,,test,4,107.75418696051699,1.0223931383602192,1.0257575685656695,,,,,,,,,105.39408268461209,0.09881608712954434,,,,,,,,0.3505456568221803,1.7079983872785127,,1,125,1,exact,0.3674986570630003,328,,,,,,0.00013954099995316938,f7bbf54024e521a55ac63f0e2deac46b1b33ac4e
dv3-A-thomas-002304,3,A,thomas,2304,,,,3:1:1:2304,,test,4,179.7728167713319,8.176589860202935,0.6634242445429966,,,,,,,,,21.986282771295823,0.04947995852919881,,,,,,,,5.2895668102464795,1.1046738278961679,,1,199,1,exact,0.18401678146975375,39,,,,,,0.00012204100130475126,8c865279e164c32a544cfe59d50e121c9f47f051
dv3-A-thomas-002305,3,A,thomas,2305,,,,3:1:1:2305,,test,4,103.58739618376647,9.432423153060963,0.34560442496156124,,,,,,,,,10.982055671468768,0.03395672801416107,,,,,,,,6.789725268699358,0.5754691152765047,,1,167,1,exact,0.12628563127679973,23,,,,,,0.00011579100100789219,a5e2c601833146e27a6b45bb47c96afc7fad828a
dv3-A-thomas-002306,3,A,thomas,2306,,,,3:1:1:2306,,test,4,112.2496848154635,0.3449194169438969,0.5697737167074277,,,,,,,,,325.43741900654305,0.0537786438772468,,,,,,,,0.2336884770691494,0.9487354703224573,,1,143,1,exact,0.20000366314493104,684,,,,,,0.00014658299915026873,400c161fc64c4c7cd199e39f9d552fd34f181097
dv3-A-thomas-002307,3,A,thomas,2307,,,,3:1:1:2307,,test,4,764.1894344246641,0.25247240505150215,0.3003758413185101,,,,,,,,,3026.8236018458183,0.010865869523948,,,,,,,,0.9260104932418992,0.5001585835401969,,1,728,1,exact,0.040410347888373076,3506,,,,,,0.00031045899959281087,ecd5cbb52bca8791cd5da7be0585be67b0aca8a0
dv3-A-thomas-002308,3,A,thomas,2308,,,,3:1:1:2308,,test,4,714.7421683896796,1.4826605891520441,1.0140840376449096,,,,,,,,,482.0672874285081,0.03793143246764605,,,,,,,,1.4788164387746459,1.6885606832853717,,1,713,1,exact,0.14106762266412448,761,,,,,,0.00021808300152770244,642d9049a482d3bb70ca0f6dc7c16300b080940e
dv3-A-thomas-002309,3,A,thomas,2309,,,,3:1:1:2309,,test,4,156.72477456050936,0.16806635721103194,0.9676786985661933,,,,,,,,,932.5172340334504,0.07729694935820362,,,,,,,,0.07613868289572263,1.611290725220728,,1,135,1,exact,0.28746862893859215,2259,,,,,,0.00021754100089310668,cab7c7c9059378a5b58372f281930cc39f880217
dv3-A-thomas-002310,3,A,thomas,2310,,,,3:1:1:2310,,test,4,214.66929962419889,1.5082187847489594,0.10368549232794572,,,,,,,,,142.33299690663264,0.007076736490006713,,,,,,,,4.769985540471911,0.17264766949557458,,1,177,1,exact,0.026318499669560735,151,,,,,,0.0001230000016221311,fc5ff9dd44804c1bae4c51fb8a6a6d90957046bf
dv3-A-thomas-002311,3,A,thomas,2311,,,,3:1:1:2311,,test,4,368.7314714979737,1.5458771333689019,0.4923887783688923,,,,,,,,,238.52572985176639,0.02564206775783717,,,,,,,,2.2211398381295564,0.8198810958266538,,1,416,1,exact,0.095363272712568,340,,,,,,0.00015458300185855478,25c330709c57f1a12bf426a6f86bd0f22621ae13
dv3-A-thomas-002312,3,A,thomas,2312,,,,3:1:1:2312,,test,4,113.78361143913615,0.15868168155194953,0.26034772712578325,,,,,,,,,717.0557453532243,0.024406973723828215,,,,,,,,0.23967640998692383,0.4335074014459937,,2,112,1,exact,0.09076993763900075,1039,,,,,,0.00015262499800883234,7547133b5f1d5cfb8386d4f0da4f2bff1c9fd9b7
dv3-A-thomas-002313,3,A,thomas,2313,,,,3:1:1:2313,,test,4,121.95544393991685,0.10122616149568729,0.13170433036024548,,,,,,,,,1204.7818680264065,0.011926127797147886,,,,,,,,0.3062964663853165,0.21930209510171828,,1,121,1,exact,0.04435346588524423,1428,,,,,,0.00016487500033690594,3b570eaac3d1fd7401db0d4402ffe7b1a7ff443d
dv3-A-thomas-002314,3,A,thomas,2314,,,,3:1:1:2314,,test,4,444.5604008607437,0.1330298079117165,0.39903087541305404,,,,,,,,,3341.810439625459,0.018925227692272145,,,,,,,,0.27833693883772215,0.6644299906388619,,1,437,1,exact,0.07038323377856247,4386,,,,,,0.00030862500352668576,e1003d09c0a85a29ff300b67e375600d011cf6cb
dv3-A-thomas-002315,3,A,thomas,2315,,,,3:1:1:2315,,test,4,417.7165791255507,0.6659919626457795,0.25584977876371673,,,,,,,,,627.2096399873841,0.012518266397721054,,,,,,,,1.951024822348002,0.4260178261468183,,1,418,1,exact,0.046555639102450495,752,,,,,,0.0001906670004245825,5d1a391c58f212e80812f82b336d118f8d8f320c
dv3-A-thomas-002316,3,A,thomas,2316,,,,3:1:1:2316,,test,4,112.3997206073194,0.2221650292488383,0.1171469098137004,,,,,,,,,505.92895284804206,0.01104964234748959,,,,,,,,0.664918503673948,0.19506239989654245,,1,100,1,exact,0.041093802048702985,578,,,,,,0.0001465419991291128,d6c0c277b1b6e77bbd9b2a47dea0d19bdcf3bbbb
dv3-A-thomas-002317,3,A,thomas,2317,,,,3:1:1:2317,,test,4,555.0065392173806,2.2233852869473116,1.2311668991854647,,,,,,,,,249.62229554887432,0.052259816517729915,,,,,,,,1.5542949040361378,2.050027358043166,,1,594,1,exact,0.1943551191563266,479,,,,,,0.0002270420009153895,8d81d6d8976b24aa73c806bd6a72451d92de03b3
dv3-A-thomas-002318,3,A,thomas,2318,,,,3:1:1:2318,,test,4,377.6439302855109,1.6753874184426973,1.419840108260701,,,,,,,,,225.40692745355443,0.07306311526595001,,,,,,,,0.7873649068112352,2.3641888584781827,,1,423,1,exact,0.2717229301528167,588,,,,,,0.00028129200291004963,e9b2c774e6463b618a028512e5d3002313a4399a
dv3-A-thomas-002319,3,A,thomas,2319,,,,3:1:1:2319,,test,4,338.65287959628387,14.662749260191816,0.7762356491958223,,,,,,,,,23.096137947042386,0.04218093456240013,,,,,,,,10.909612451510759,1.2925171381659417,,1,307,1,exact,0.15687159100949338,37,,,,,,0.0001600420000613667,130a9988a65336f728715fb8f4e3c668c7f1565a
dv3-A-thomas-002320,3,A,thomas,2320,,,,3:1:1:2320,,test,4,134.86050243995246,0.8475836661453825,0.10578001889955053,,,,,,,,,159.111728819961,0.009108801827419761,,,,,,,,2.3394388633709617,0.1761352850063384,,1,125,1,exact,0.033875784158922916,177,,,,,,0.00013195800056564622,c862a727326c385a3ceec7f5704a2cf72978efa5
dv3-A-thomas-002321,3,A,thomas,2321,,,,3:1:1:2321,,test,4,139.03680814505498,0.7432938566923015,0.36158507289541636,,,,,,,,,187.05496741729633,0.03066518569066556,,,,,,,,0.8546944210987766,0.6020786395297423,,1,148,1,exact,0.11404433111314485,313,,,,,,0.00013970799773233011,ae9e3b5087459a6ae7d96bd0739b189bca272812
dv3-A-thomas-002322,3,A,thomas,2322,,,,3:1:1:2322,,test,4,142.4671520828896,11.491763070388357,0.304830010651662,,,,,,,,,12.397327652011452,0.02553879193001599,,,,,,,,9.782329043399438,0.5075752619745826,,1,96,1,exact,0.09497918820635196,11,,,,,,0.0001106670024455525,f89e093b1bdd1749b4149f0c999101cc8eb6ef20
dv3-A-thomas-002323,3,A,thomas,2323,,,,3:1:1:2323,,test,4,739.4452850955284,2.709890866700499,0.25133986975818895,,,,,,,,,272.86902737742355,0.00924290232542842,,,,,,,,8.990862327818434,0.41850833506991075,,1,672,1,exact,0.034374506121724935,296,,,,,,0.00016700000196578912,b5b7849bb5ba95580992297009f77050855aa5d8
dv3-A-thomas-002324,3,A,thomas,2324,,,,3:1:1:2324,,test,4,653.8016809541699,26.240223254353182,0.7001716667696778,,,,,,,,,24.916010607711044,0.02738303087882946,,,,,,,,26.814654453033413,1.1658622995421324,,1,582,1,exact,0.10183794326010871,28,,,,,,0.00016304199743899517,a4d2c99bbb9bcc8821663332148dc68a6e017211
dv3-A-thomas-002325,3,A,thomas,2325,,,,3:1:1:2325,,test,4,294.9949907986457,2.5603232572759786,0.17202255024547322,,,,,,,,,115.21786944688446,0.01001562512831115,,,,,,,,6.656751377183897,0.28643633485995096,,1,272,1,exact,0.03724827496433333,125,,,,,,0.00013575000048149377,cff63a1882c314afdc5faaae502b166c53f29d6f
dv3-A-thomas-002326,3,A,thomas,2326,,,,3:1:1:2326,,test,4,116.73013246851414,0.24137992589521648,0.963674802419578,,,,,,,,,483.5950298501083,0.08919469284507628,,,,,,,,0.09377275495113674,1.604623800821806,,1,129,1,exact,0.3317165331059945,1357,,,,,,0.00019266699746367522,a8a31c27cc1859b57e9153021c95da66366d4dc6
dv3-A-thomas-002327,3,A,thomas,2327,,,,3:1:1:2327,,test,4,185.94448291127802,0.39717056513556326,0.6059903663947082,,,,,,,,,468.17286887262395,0.04444000217930027,,,,,,,,0.33849961820699337,1.009040147718114,,1,198,1,exact,0.16527310071850407,863,,,,,,0.0001687499971012585,f2aa66d6a21bca01e89c075c9ef80ae8e802bac0
dv3-A-thomas-002328,3,A,thomas,2328,,,,3:1:1:2328,,test,4,128.8370347033503,15.562575957942338,0.7483623829704756,,,,,,,,,8.278644554187606,0.06593129239334052,,,,,,,,6.727117972345793,1.2461051055180647,,1,181,1,exact,0.2451995633182321,22,,,,,,0.00012445800166460685,5936114ad18dc33a882ffb4e6b771e1ae556002f
dv3-A-thomas-002329,3,A,thomas,2329,,,,3:1:1:2329,,test,4,485.83285965317805,6.35947038970072,0.12861451579567193,,,,,,,,,76.39517599452832,0.005835076368740476,,,,,,,,18.127251992902288,0.21415721637500243,,1,476,1,exact,0.0217007452092387,82,,,,,,0.0001389580029353965,e1fbbd3d772db9067a7f3f7a3b339c93efb11b73
dv3-A-thomas-002330,3,A,thomas,2330,,,,3:1:1:2330,,test,4,669.6896924941265,0.29968409428605935,1.4923326398996122,,,,,,,,,2234.652106210493,0.057667195431743944,,,,,,,,0.18715680581152727,2.484896841459124,,1,678,1,exact,0.21446525048065024,4525,,,,,,0.0006461669981945306,2c969eaf9a0dd9c4e802e6d8de97ed4a07ae7ad9
dv3-A-thomas-002331,3,A,thomas,2331,,,,3:1:1:2331,,test,4,503.98233990917225,1.4747379237016727,0.10122982886447207,,,,,,,,,341.74366293107124,0.004509213965294793,,,,,,,,7.480241003951223,0.16855872161564164,,1,532,1,exact,0.01676984107337831,382,,,,,,0.0001750840019667521,eb6a96daf28b5036bc7a0f5d62010233d83af4e3
dv3-A-thomas-002332,3,A,thomas,2332,,,,3:1:1:2332,,test,4,232.57376525291434,1.8728251798138835,0.16361331576902635,,,,,,,,,124.18338228239057,0.010728482178669674,,,,,,,,4.731168645080723,0.2724340409806067,,1,237,1,exact,0.03989940208638999,134,,,,,,0.0001296660011576023,be549f971810f5da165c59098a68486a17f52006
dv3-A-thomas-002333,3,A,thomas,2333,,,,3:1:1:2333,,test,4,113.91174795032781,2.167156495089291,0.11255065509506074,,,,,,,,,52.562769790021285,0.010545417273719049,,,,,,,,4.14501883657066,0.18740913377642487,,1,114,1,exact,0.03921858068697024,59,,,,,,0.00011804200039478019,9b627a80d91f263ce7879d2e5e69c5f322f73d94
dv3-A-thomas-002334,3,A,thomas,2334,,,,3:1:1:2334,,test,4,481.6051467208442,0.5593269887082705,0.2210146506222937,,,,,,,,,861.0439983113995,0.010071067422931653,,,,,,,,2.0515199626653176,0.3680135330179963,,1,512,1,exact,0.03745446577201847,1014,,,,,,0.00019437499940977432,33ab5b33d0e20deddfc4d2948fa27ad95d49f454
dv3-A-thomas-002335,3,A,thomas,2335,,,,3:1:1:2335,,test,4,479.671655465848,4.127530607742253,0.12437128742413346,,,,,,,,,116.21274341760169,0.0056786892247858755,,,,,,,,13.718960752455441,0.20709177768116338,,1,525,1,exact,0.02111913884275821,146,,,,,,0.00014849999934085645,4a56c206127e3219747cc0280cc9f4ad30b2ad1d
dv3-A-thomas-002336,3,A,thomas,2336,,,,3:1:1:2336,,test,4,415.5123377532239,0.2679141500726286,1.0290712185015123,,,,,,,,,1550.9159842456363,0.05048396650952909,,,,,,,,0.1966428844467541,1.7135159763462093,,1,436,1,exact,0.18775070370013117,2944,,,,,,0.0002950000016426202,e7925cac4d740ccedd0148f857cf51dbba928d2f
dv3-A-thomas-002337,3,A,thomas,2337,,,,3:1:1:2337,,test,4,537.2567307471556,0.641459840232338,0.29874012393998184,,,,,,,,,837.5531826786852,0.01288850737300923,,,,,,,,1.8912350670245934,0.49743493544810796,,1,538,1,exact,0.04793257139313841,977,,,,,,0.0001951670019479934,948521588dadbc2f75fb06b5cf13e7e5cdc47196
dv3-A-thomas-002338,3,A,thomas,2338,,,,3:1:1:2338,,test,4,119.46376688095346,1.8589288129339157,0.33277995896447443,,,,,,,,,64.2648422305133,0.03044661822296017,,,,,,,,1.9791509227752717,0.5541149786734852,,1,126,1,exact,0.1132314750975642,106,,,,,,0.00011983399963355623,5e17a0d48b5cbaa9d515cdfb537ff2761325f475
dv3-A-thomas-002339,3,A,thomas,2339,,,,3:1:1:2339,,test,4,534.7396646051292,0.9297687178442179,0.6601768046207659,,,,,,,,,575.1319165103642,0.02854887911211593,,,,,,,,1.265195133713354,1.099266485732746,,1,523,1,exact,0.10617375205924047,837,,,,,,0.00020037500144098885,01d60bbd1c50a03f412c5265d73951a5e256de7f
dv3-A-thomas-002340,3,A,thomas,2340,,,,3:1:1:2340,,test,4,622.677305387988,2.911871538234476,0.18617953375828347,,,,,,,,,213.84092574548438,0.007461058062366631,,,,,,,,10.164692688041384,0.3100092586672983,,1,615,1,exact,0.027747797932883518,258,,,,,,0.00015825000082259066,5a9a992f75e6365693bebb00e1aa36b2df8be899
dv3-A-thomas-002341,3,A,thomas,2341,,,,3:1:1:2341,,test,4,271.4492552617893,0.8198109471382948,1.396268342030087,,,,,,,,,331.11201577550804,0.08474704501208451,,,,,,,,0.3357606545286206,2.3249392931413246,,1,276,1,exact,0.3151756574935969,920,,,,,,0.00020229199799359776,664f149c697df45047aae4b2c14ec66409f54e94
dv3-A-thomas-002342,3,A,thomas,2342,,,,3:1:1:2342,,test,4,187.65642572458793,0.10617685422283296,0.13327098322072872,,,,,,,,,1767.394853597321,0.009728679173665124,,,,,,,,0.40616534255057496,0.2219107432278757,,1,160,1,exact,0.036181118228569946,1996,,,,,,0.00018929200086859055,1b9899758b0201980b853af5f17350002dabe9c6
dv3-A-thomas-002343,3,A,thomas,2343,,,,3:1:1:2343,,test,4,161.18360180042924,24.015093116667842,1.2671165344078457,,,,,,,,,6.711762516071972,0.09980588037634848,,,,,,,,6.932505789206722,2.109887427190827,,1,211,1,exact,0.3711797144650576,24,,,,,,0.00013174999912735075,5afa73028c4eaed333a417b3bce6bedbc068671f
dv3-A-thomas-002344,3,A,thomas,2344,,,,3:1:1:2344,,test,4,237.23155561381262,0.11058225516857995,0.44182050606252266,,,,,,,,,2145.294968457271,0.028685316128617754,,,,,,,,0.15178363554750765,0.7356793992527615,,1,212,1,exact,0.10668116357283715,2980,,,,,,0.00023408299966831692,f59cd68ed75ccff6efe1edacfcdc7e24c188bf72
dv3-A-thomas-002345,3,A,thomas,2345,,,,3:1:1:2345,,test,4,175.07980175153034,0.22781510644559938,0.2608841938705481,,,,,,,,,768.5170859963939,0.01971649642306746,,,,,,,,0.4300463229378383,0.4344006771701672,,1,182,1,exact,0.07332597523281584,996,,,,,,0.0001634580003155861,67e01146c4f205284cd2ca1652ccdbc64bc4abec
dv3-A-thomas-002346,3,A,thomas,2346,,,,3:1:1:2346,,test,4,100.26417003355823,7.434675463767916,0.26636596466676166,,,,,,,,,13.48601839074009,0.026601483067777102,,,,,,,,6.392805772512872,0.44352842427756156,,1,109,1,exact,0.09893135406663318,15,,,,,,0.00010850000035134144,72824513a6c29d049f4feee33c84b311059dfd45
dv3-A-thomas-002347,3,A,thomas,2347,,,,3:1:1:2347,,test,4,194.9438519261365,6.008838398161956,0.5470478570798475,,,,,,,,,32.44285151449037,0.039180551934081195,,,,,,,,5.026922624484531,0.9108944318715284,,1,142,1,exact,0.1457131185521004,40,,,,,,0.0001229999979841523,a3de4204798218abd363783a86c2a4040ac19964
dv3-A-thomas-002348,3,A,thomas,2348,,,,3:1:1:2348,,test,4,321.8285607318349,0.20623454369744093,0.5452167926811353,,,,,,,,,1560.497843678301,0.030391835658228582,,,,,,,,0.2641919644324111,0.9078455096545793,,1,354,1,exact,0.11302773783621188,2355,,,,,,0.00023366700042970479,91836fdcf7b48ce97e1c0eef7dcbc6ea87232482
dv3-A-thomas-002349,3,A,thomas,2349,,,,3:1:1:2349,,test,4,137.3124546714826,0.49372553227498817,0.5699287945719574,,,,,,,,,278.11495597315854,0.048636871748344856,,,,,,,,0.3664448155888891,0.9489936919048628,,1,121,1,exact,0.18088132783308816,494,,,,,,0.0001400420005666092,5ce4ba62f7a0ec7d0c6926e41ac1d1c81ffba628
dv3-A-thomas-002350,3,A,thomas,2350,,,,3:1:1:2350,,test,4,501.1207727969264,0.6799118107719755,1.36798312533871,,,,,,,,,737.0378994122065,0.06110961355200381,,,,,,,,0.4003648686718819,2.2778413179733237,,1,481,1,exact,0.22726766021972802,1540,,,,,,0.0002826250020007137,2a132a340ec1cf88435d7e65fea56ca38a3eaead
dv3-A-thomas-002351,3,A,thomas,2351,,,,3:1:1:2351,,test,4,249.73776645854286,20.949737750130733,0.2410480347613171,,,,,,,,,11.920806333577346,0.015253218216847017,,,,,,,,22.760677005543894,0.4013713057020711,,1,132,1,exact,0.05672697000470695,9,,,,,,0.00012133299969718792,5239783cf10f672b86f62eb383426f654c1be6c4
dv3-A-thomas-002352,3,A,thomas,2352,,,,3:1:1:2352,,test,4,532.2784176079963,3.001285106907042,0.4495389544734038,,,,,,,,,177.35016789409016,0.019484887498729103,,,,,,,,5.418408418180459,0.7485314588836853,,1,523,1,exact,0.07246461782502284,232,,,,,,0.00016400000095018186,5252ff3b6f24af8fd26e14efc80af77eacb30ec2
dv3-A-thomas-002353,3,A,thomas,2353,,,,3:1:1:2353,,test,4,460.7169043356611,0.26379867122559936,0.6862710481120202,,,,,,,,,1746.471664148976,0.03197264781674393,,,,,,,,0.3185881544769417,1.1427162512193774,,1,492,1,exact,0.11890680431413925,2742,,,,,,0.0002749999985098839,408a4cf301ac7526fc800f0d56aa0f382b2d4c9f
dv3-A-thomas-002354,3,A,thomas,2354,,,,3:1:1:2354,,test,4,579.0131239042074,0.3049692807792768,0.12664627642288634,,,,,,,,,1898.5949090501063,0.005263179982968702,,,,,,,,2.01398226430938,0.21087988284365286,,1,549,1,exact,0.01957385312258095,2005,,,,,,0.0002546659998188261,97ff8da962b149fdd1d4e818b657c03c6248ffa9
dv3-A-thomas-002355,3,A,thomas,2355,,,,3:1:1:2355,,test,4,453.7459198340235,0.293699192542885,0.9150943735438942,,,,,,,,,1544.9341753561987,0.04295952974191227,,,,,,,,0.25812073760259796,1.5237320806768677,,1,462,1,exact,0.15976719931759534,2711,,,,,,0.0002830830017046537,fdd41ce6e61eea1b3d5138044e0c384180e465f8
dv3-A-thomas-002356,3,A,thomas,2356,,,,3:1:1:2356,,test,4,530.4774267057919,0.5077732283234375,0.11112341246270958,,,,,,,,,1044.7132639452439,0.004824720012438922,,,,,,,,3.246103043051569,0.18503261890681527,,1,558,1,exact,0.017943213263968284,1139,,,,,,0.0001990000018849969,f0bf7573b598de865f030e90bb899a7f8e40c38e
dv3-A-thomas-002357,3,A,thomas,2357,,,,3:1:1:2357,,test,4,112.66241293886421,0.23064835498048042,0.8401213098562925,,,,,,,,,488.45964216132705,0.07915028383383582,,,,,,,,0.10305282826029907,1.3988937409054025,,3,106,1,exact,0.2943612104065317,1229,,,,,,0.00018091599849867634,a14455a9ab53e597bd3417a75852550267f68125
dv3-A-thomas-002358,3,A,thomas,2358,,,,3:1:1:2358,,test,4,142.66566076496446,19.982398610039432,0.5260620144874688,,,,,,,,,7.1395663528244935,0.04404303287987305,,,,,,,,11.004389998067627,0.8759507118328994,,1,156,1,exact,0.16379676534971446,14,,,,,,0.00012575000073411502,3ae4db43c93ca3e544c639f87da2a57f5b886e0a
dv3-A-thomas-002359,3,A,thomas,2359,,,,3:1:1:2359,,test,4,291.363951493538,0.4973968124326385,0.7906338008403312,,,,,,,,,585.7776813416891,0.04631881797613195,,,,,,,,0.4104477333966283,1.316491633253509,,1,295,1,exact,0.17226044764005563,1039,,,,,,0.00019320799765409902,d0cd683feb07ad8ad05ce31d59b8dc9d4abec028
dv3-A-thomas-002360,3,A,thomas,2360,,,,3:1:1:2360,,test,4,131.2163653361812,1.339847711701275,0.7136751128526797,,,,,,,,,97.93379067653062,0.062302654454761124,,,,,,,,0.7498969633697788,1.1883470121479776,,2,154,1,exact,0.2317045990049054,227,,,,,,0.00014783299775444902,dc1ed09dfe36fb80928a4eac01cab18362f94b71
dv3-A-thomas-002361,3,A,thomas,2361,,,,3:1:1:2361,,test,4,135.33398924131487,0.2235413943931512,0.7018859528283338,,,,,,,,,605.4090769573422,0.060334137528039566,,,,,,,,0.1326905909031788,1.1687167730680872,,1,137,1,exact,0.2243836521025294,1274,,,,,,0.00018774999989545904,3a3d273c8cd198dde3097f4abe6a281252df14d1
dv3-A-thomas-002362,3,A,thomas,2362,,,,3:1:1:2362,,test,4,115.02938530775116,3.241268685833834,0.43411064603955474,,,,,,,,,35.48900028266531,0.04047585551966829,,,,,,,,2.5784426202334236,0.7228416402257568,,1,116,1,exact,0.15053037394056867,60,,,,,,0.0001235409981745761,c3c324f1575185cfc6425b4eceef9be36cfa532d
dv3-A-thomas-002363,3,A,thomas,2363,,,,3:1:1:2363,,test,4,585.5901691720998,3.618280179118244,0.11295685815783663,,,,,,,,,161.8421294601915,0.0046678373591178155,,,,,,,,14.299114733486372,0.18808550624238576,,1,651,1,exact,0.017359764089985064,188,,,,,,0.0001629170001251623,4cfcec18c581f87c7ed3aef194249969bffd3287
dv3-A-thomas-002364,3,A,thomas,2364,,,,3:1:1:2364,,test,4,409.8936982307971,7.91084022486904,0.27643182778292447,,,,,,,,,51.814179856929506,0.013653765026233777,,,,,,,,14.263820626489451,0.46028918578284866,,1,496,1,exact,0.05077857722110163,76,,,,,,0.0001552499998069834,01753c5d9ab990254943799f30fa16167ec1ba0c
dv3-A-thomas-002365,3,A,thomas,2365,,,,3:1:1:2365,,test,4,136.20896247614436,1.3758759422889466,0.2288290597798512,,,,,,,,,98.99799705018698,0.019606872907144426,,,,,,,,2.1564904786021746,0.3810253777731912,,1,129,1,exact,0.07291828356990446,124,,,,,,0.00012483300088206306,064bdff2f1d9a9d5736c23f543b10e7c1d5c2132
dv3-A-thomas-002366,3,A,thomas,2366,,,,3:1:1:2366,,test,4,398.4092881826806,0.24792252621259894,0.2760956747976437,,,,,,,,,1606.9910801128092,0.013832315172766674,,,,,,,,0.69636163595792,0.4597294543469488,,1,416,1,exact,0.051442608159537995,1942,,,,,,0.00025445800201850943,e5afa66e31caaeece984e8dba92c121e1e784ef4
dv3-A-thomas-002367,3,A,thomas,2367,,,,3:1:1:2367,,test,4,285.91278209126796,8.797749912914048,0.11663555959237469,,,,,,,,,32.4983984452186,0.006897857077602018,,,,,,,,17.386072163032505,0.19421094592717997,,1,274,1,exact,0.025653244185919046,31,,,,,,0.00013079099880997092,112966081246ecba554359989492c7ca3ca80d47
dv3-A-thomas-002368,3,A,thomas,2368,,,,3:1:1:2368,,test,4,271.3250187868149,0.37104848080542024,0.1582945400596777,,,,,,,,,731.2387270737787,0.00960994748561134,,,,,,,,1.3824204708315775,0.26357769849554313,,1,248,1,exact,0.03573955312335194,804,,,,,,0.00016345900075975806,ded689e4fc98f816ced96f28af801a2783cce973
dv3-A-thomas-002369,3,A,thomas,2369,,,,3:1:1:2369,,test,4,342.0002834737001,0.10671268771823827,0.23538164360933234,,,,,,,,,3204.869924902555,0.012727976303212775,,,,,,,,0.3309971122337484,0.39193614553765493,,1,327,1,exact,0.04733555369813756,3864,,,,,,0.00033220899786101654,55e95c001772db2b3da79ceb2000bad4c461dd49
dv3-A-thomas-002370,3,A,thomas,2370,,,,3:1:1:2370,,test,4,137.1462625510986,12.394985587725056,0.6172080155044647,,,,,,,,,11.064656879223534,0.052703513554490176,,,,,,,,6.657884957997656,1.0277187587034677,,1,134,1,exact,0.19600523575058587,27,,,,,,0.00013516600301954895,39d94e3689ad0af5fb202991f64a3bb7ff5ec642
dv3-A-thomas-002371,3,A,thomas,2371,,,,3:1:1:2371,,test,4,187.8153254452697,5.4324702255158845,0.670472044045975,,,,,,,,,34.5727298353364,0.048923234332949046,,,,,,,,3.767710269795459,1.116409183845607,,1,224,1,exact,0.18194631500604885,63,,,,,,0.00013187500007916242,ce7478a09ec2a0bb59689b4edbe0b3cb27cdbe30
dv3-A-thomas-002372,3,A,thomas,2372,,,,3:1:1:2372,,test,4,125.13242299931375,0.219103124661847,0.25614503455013005,,,,,,,,,571.1119966565378,0.02289818260066216,,,,,,,,0.3471597225667638,0.4265094592797171,,1,133,1,exact,0.08515871857883699,732,,,,,,0.00014629200086346827,4c87c5afd6dcaec27aa16e14229ad8558877e9d1
dv3-A-thomas-002373,3,A,thomas,2373,,,,3:1:1:2373,,test,4,120.29868155348382,0.8032860167650479,0.1642921876546106,,,,,,,,,149.7582169274457,0.014979126165973583,,,,,,,,1.6232698461052324,0.27356443681806364,,1,118,1,exact,0.0557076171489763,188,,,,,,0.00012533300105133094,4a27c55d2ca5dc2af5224e78ed2b88b72896260f
dv3-A-thomas-002374,3,A,thomas,2374,,,,3:1:1:2374,,test,4,224.31879046389182,4.046704745688663,1.3349657803185673,,,,,,,,,55.43245790365107,0.089132750035658,,,,,,,,1.538082106216011,2.2228638322839145,,1,270,1,exact,0.33148616677661247,176,,,,,,0.00015883300147834234,a61df02879a14fb1e7a76a2bbbb68fd7086b86b4
dv3-A-thomas-002375,3,A,thomas,2375,,,,3:1:1:2375,,test,4,146.78641927206291,2.930430614345745,0.7965887793420197,,,,,,,,,50.09039236536737,0.06574931711344066,,,,,,,,1.4860715072326298,1.3264073228753603,,1,133,1,exact,0.2445227942523391,111,,,,,,0.00013062500147498213,c0506ed54e31548ca506bf24421d59df3d3abd8c
dv3-A-thomas-002376,3,A,thomas,2376,,,,3:1:1:2376,,test,4,679.4380536230451,0.1146894752392716,0.4343211105873268,,,,,,,,,5924.153477950469,0.016662340520075834,,,,,,,,0.2791095712992453,0.7231920866852226,,1,700,1,exact,0.0619675190804382,7411,,,,,,0.0006322919980448205,5cfa98623acab251131252a29c0e963d39b7c4fa
dv3-A-thomas-002377,3,A,thomas,2377,,,,3:1:1:2377,,test,4,696.9042337971081,0.9100138289560622,0.33713816388053003,,,,,,,,,765.8171904888233,0.012770895927680255,,,,,,,,2.692466148258667,0.5613718658719496,,1,681,1,exact,0.04749517248908168,946,,,,,,0.00022499999977299012,cabf6589e6de0f73dc0e0b158405e1433dea41a0
dv3-A-thomas-002378,3,A,thomas,2378,,,,3:1:1:2378,,test,4,202.93323118631926,9.713267158679102,0.6471037588842091,,,,,,,,,20.892376156357667,0.045425251169865184,,,,,,,,6.815570573363505,1.0774984367130547,,1,229,1,exact,0.16893725795669357,40,,,,,,0.00013125000259606168,cf2a9482d0f10e094077542f7f664d16a61aed79
dv3-A-thomas-002379,3,A,thomas,2379,,,,3:1:1:2379,,test,4,103.83824354877736,8.205014719752382,0.7613461159516094,,,,,,,,,12.655460970569846,0.07471425491842695,,,,,,,,3.4258968142217134,1.267724439045031,,2,110,1,exact,0.27786354574016797,26,,,,,,0.00011658299990813248,ff9d6d7b42f62f87450f22a0dcf3408a983edd01
dv3-A-thomas-002380,3,A,thomas,2380,,,,3:1:1:2380,,test,4,146.96436137047965,4.163819159014042,0.3513532622987554,,,,,,,,,35.29556778476412,0.028982642136559728,,,,,,,,4.187268410138927,0.5850415573442578,,1,136,1,exact,0.10778692389792807,47,,,,,,0.00012354199861874804,db709d467ff72d085023a0c26668676889e5cde7
dv3-A-thomas-002381,3,A,thomas,2381,,,,3:1:1:2381,,test,4,122.01567037972299,0.5949031789358116,0.2343526662662732,,,,,,,,,205.10172865102163,0.021215930973292572,,,,,,,,0.9553857312638654,0.3902227858741736,,1,112,1,exact,0.07890239704396486,231,,,,,,0.00012441599756130017,f51374eb481330e30c8ea703c089f6cb8c5d118f
dv3-A-thomas-002382,3,A,thomas,2382,,,,3:1:1:2382,,test,4,242.42246278171103,10.04844641793372,0.6492595108329019,,,,,,,,,24.125367514430234,0.04169960016198864,,,,,,,,7.677061864954799,1.0810879991638473,,1,215,1,exact,0.15508150043934613,47,,,,,,0.00013337500058696605,0cac3d3d6357324e6bbcd0379d7860a75e845534
dv3-A-thomas-002383,3,A,thomas,2383,,,,3:1:1:2383,,test,4,536.1231623760057,1.12874461409225,1.3349343947278858,,,,,,,,,474.97295285626893,0.057653760215433086,,,,,,,,0.7084317988605726,2.222811571847423,,1,531,1,exact,0.2144152846897045,965,,,,,,0.00024491700241924264,33fb20f81fd61597ac3170b54a7aca64ec7bf921
dv3-A-thomas-002384,3,A,thomas,2384,,,,3:1:1:2384,,test,4,763.2294575251259,0.8890478410786425,0.24805608899523648,,,,,,,,,858.4796253474203,0.008978883363282434,,,,,,,,3.5436992850014404,0.41304048143745675,,1,840,1,exact,0.033392615249031116,1057,,,,,,0.00022520899801747873,37293b73d414c986fe0d27227dfae7fa63aa74a5
dv3-A-thomas-002385,3,A,thomas,2385,,,,3:1:1:2385,,test,4,254.61752273130577,4.937924944302684,1.0873561384568977,,,,,,,,,51.56366805961283,0.0681440068417067,,,,,,,,2.5236961396178863,1.8105667340858362,,1,288,1,exact,0.25342868482931186,133,,,,,,0.0001797500008251518,1d852ee7c7eb4e9474cbdaa79547d4c0a3a08713
dv3-A-thomas-002386,3,A,thomas,2386,,,,3:1:1:2386,,test,4,225.06722517895986,0.2677118870097314,0.20474744516977564,,,,,,,,,840.7068796716471,0.013647790996491932,,,,,,,,0.732814983617766,0.34092685919770915,,1,220,1,exact,0.05075635970600711,1020,,,,,,0.00016420900283264928,2e4d0d02df8cf641005ed0fa5eedf573f5caa1bf
dv3-A-thomas-002387,3,A,thomas,2387,,,,3:1:1:2387,,test,4,509.638135553074,0.9288850092436576,0.14117842265245603,,,,,,,,,548.6557867566897,0.006253704645546749,,,,,,,,4.476861988390447,0.23507749355054527,,1,459,1,exact,0.023257630671959132,592,,,,,,0.00016483400031575002,a5e55764f61b748d7f3762a80f40bb0d63d50c39
dv3-A-thomas-002388,3,A,thomas,2388,,,,3:1:1:2388,,test,4,170.55770649142733,5.720168944601981,0.7152993172268977,,,,,,,,,29.816900190051122,0.05477118495154609,,,,,,,,3.4716333541491022,1.1910514898304128,,1,151,1,exact,0.203694939762742,48,,,,,,0.0001235410018125549,be4999d24ffe755ae799f937a5d0ce3408bfa7a4
dv3-A-thomas-002389,3,A,thomas,2389,,,,3:1:1:2389,,test,4,466.54789887479734,0.13654514703764362,1.3753037269375568,,,,,,,,,3416.8032258676794,0.06367229457637524,,,,,,,,0.07674962017678759,2.29003091920846,,1,481,1,exact,0.23679831319632985,7516,,,,,,0.0004706660001829732,feaec9e6d1eef1839ba422324a2b3985f7e8fb50
dv3-A-thomas-002390,3,A,thomas,2390,,,,3:1:1:2390,,test,4,212.0496757617584,10.699064303972207,1.3266394909170984,,,,,,,,,19.819459883331238,0.09110330129370704,,,,,,,,3.7925221498870236,2.208999651013862,,1,206,1,exact,0.3388146793907323,62,,,,,,0.0001461669999116566,ab28bf796576fd48848113757906417d52fc0ec4
dv3-A-thomas-002391,3,A,thomas,2391,,,,3:1:1:2391,,test,4,455.6503009179898,0.11890119954153484,0.1698350195482954,,,,,,,,,3832.1758121441067,0.007956304847306256,,,,,,,,0.5890879258709707,0.28279385732198214,,1,434,1,exact,0.029589628890442903,4273,,,,,,0.0004195000001345761,cc35436a3fa6f2034e8e3d5ed1cd2468b29b6306
dv3-A-thomas-002392,3,A,thomas,2392,,,,3:1:1:2392,,test,4,281.7868078199346,19.378956173362564,0.2924849841765759,,,,,,,,,14.540866148779777,0.017423814798179952,,,,,,,,21.379343222650885,0.48701944454118906,,1,374,1,exact,0.06479945447395788,22,,,,,,0.00012924999828101136,983a871fd03fa3d56b2775a0cc846a98f0c19e0f
dv3-A-thomas-002393,3,A,thomas,2393,,,,3:1:1:2393,,test,4,201.04449012474683,23.061057712241578,0.3413969431473283,,,,,,,,,8.717921468884999,0.024077619141975398,,,,,,,,18.917964472482616,0.5684631985049011,,1,256,1,exact,0.08954506251952976,14,,,,,,0.0001267909974558279,fa639c986206f259d4fe6984f53e925fbd3d01bc
dv3-A-thomas-002394,3,A,thomas,2394,,,,3:1:1:2394,,test,4,142.32660222024796,23.619038774049454,0.5269020408622688,,,,,,,,,6.025926947400758,0.0441658751039054,,,,,,,,12.45161326500121,0.8773494474965671,,1,235,1,exact,0.1642536176060008,19,,,,,,0.0001273340021725744,ea948850d3dd25c10366420e6d66b8b7dd12d321
dv3-A-thomas-002395,3,A,thomas,2395,,,,3:1:1:2395,,test,4,327.3907253647152,0.10751707333981085,0.6047550852922714,,,,,,,,,3045.011505567932,0.03342307033649019,,,,,,,,0.12521570046708777,1.0069832697622947,,1,352,1,exact,0.12430094957595175,4673,,,,,,0.0003149169970129151,73e639161570b0d5a684a29fff062d8aadf4ab92
dv3-A-thomas-002396,3,A,thomas,2396,,,,3:1:1:2396,,test,4,450.94964213855053,0.14677385041983437,0.18575865499667532,,,,,,,,,3072.411337909625,0.008747521821547958,,,,,,,,0.6605274176671918,0.30930844955986786,,1,450,1,exact,0.03253217786122016,3525,,,,,,0.00028124999880674295,03df3ddf5f34f599db6ac2de2c963ef57db0b3e6
dv3-A-thomas-002397,3,A,thomas,2397,,,,3:1:1:2397,,test,4,268.24229264860384,0.4919392017870312,0.25494581842752806,,,,,,,,,545.2752935203779,0.015566259529829872,,,,,,,,1.1847824680488404,0.42451263345442325,,1,254,1,exact,0.05789117580831888,687,,,,,,0.00015324999912991188,b578198eea1e743791216b3722af097b38973b25
dv3-A-thomas-002398,3,A,thomas,2398,,,,3:1:1:2398,,test,4,333.9927702265333,0.31675752296216997,0.6280294943924507,,,,,,,,,1054.4114851738557,0.034364616936435916,,,,,,,,0.35568431854642957,1.0457377029989445,,1,302,1,exact,0.12780257690297464,1642,,,,,,0.0002084580009977799,bdc4e5aaaffbd1b79fbde051bcdb9e601d4a8860
dv3-A-thomas-002399,3,A,thomas,2399,,,,3:1:1:2399,,test,4,536.9914169122229,7.210611757628863,0.33386738163744667,,,,,,,,,74.47237973173127,0.014407556093462674,,,,,,,,13.919674810419592,0.5559256561948062,,1,550,1,exact,0.05358193862671513,92,,,,,,0.00014762499995413236,d97b80a53432729e27ce24ec915d38a399c09fc1
dv3-A-thomas-002400,3,A,thomas,2400,,,,3:1:1:2400,,test,4,192.20582387984282,0.5001795058388098,0.9873339199325992,,,,,,,,,384.2736890179263,0.07121652624547851,,,,,,,,0.2561025054916787,1.6440188155845812,,1,256,1,exact,0.2648554351438217,906,,,,,,0.00018237500262330286,4e87418dd5e5ea20df4c0415a5f88fb4be9c538d
dv3-A-thomas-002401,3,A,thomas,2401,,,,3:1:1:2401,,test,4,580.991835227671,1.154440240655422,0.285394687911491,,,,,,,,,503.2671374118236,0.011840249953745951,,,,,,,,3.5046366344241795,0.47521332684124773,,1,563,1,exact,0.04403408476989705,592,,,,,,0.00017970899716601707,6d159886d0141854bb67e09e28500326eaa0ed68
dv3-A-thomas-002402,3,A,thomas,2402,,,,3:1:1:2402,,test,4,222.0809993560299,0.4684646369724293,0.4153729610540851,,,,,,,,,474.0613950954426,0.027872923377314188,,,,,,,,0.6411535888008659,0.6916413481516107,,1,244,1,exact,0.10365986153807448,709,,,,,,0.0001609999999345746,0f85ae813b3d622c193aff019d66c82687fd1b3a
dv3-A-thomas-002403,3,A,thomas,2403,,,,3:1:1:2403,,test,4,345.99085087872544,1.3761671848029926,0.7904794011367399,,,,,,,,,251.4162920751931,0.042496997747991476,,,,,,,,1.2148205848794507,1.3162345408831364,,1,296,1,exact,0.1580470352071532,438,,,,,,0.00016075000166893005,57b9a62437312381ceff5bf06f716a95617b177f
dv3-A-thomas-002404,3,A,thomas,2404,,,,3:1:1:2404,,test,4,166.9085297507327,24.38720736326166,0.4909996793096597,,,,,,,,,6.844101797492961,0.038005105520302625,,,,,,,,14.776680763240194,0.817568094172416,,1,267,1,exact,0.14134161396148814,13,,,,,,0.00012900000001536682,d30397872325d3cf46c193abf1b82cb7bc0b2c15
dv3-A-thomas-002405,3,A,thomas,2405,,,,3:1:1:2405,,test,4,110.9385015282911,17.82500312070381,0.5593280936367094,,,,,,,,,6.223757761895459,0.05310378608899702,,,,,,,,8.631590101980423,0.9313423670145738,,1,27,1,exact,0.19749385590509194,7,,,,,,0.00011749999976018444,69cc4b5110e521db139be0276c1d8fd8aed488d5
dv3-A-thomas-002406,3,A,thomas,2406,,,,3:1:1:2406,,test,4,403.8573389552179,11.850735513874628,0.9625532493470619,,,,,,,,,34.078672879197164,0.04789727155533415,,,,,,,,8.158715957269504,1.602756292457443,,1,395,1,exact,0.17813074252263514,68,,,,,,0.00035120800021104515,80f2c273d0a88fc664e9a41a9d78139a6e4658fc
dv3-A-thomas-002407,3,A,thomas,2407,,,,3:1:1:2407,,test,4,181.30039547604608,11.10033791556486,0.22013131379606696,,,,,,,,,16.332871742744626,0.01634867083648792,,,,,,,,12.747384863516832,0.36654268072223534,,1,189,1,exact,0.06080097635618708,20,,,,,,0.00015374999929917976,5d9f5f87a7f064b5134a9b11c2fd4cc043c35caa
dv3-A-thomas-002408,3,A,thomas,2408,,,,3:1:1:2408,,test,4,157.77577101348862,8.788462643180996,0.2010072142646299,,,,,,,,,17.95260188491641,0.016002634615516233,,,,,,,,10.264416513921717,0.33469896622396195,,1,236,1,exact,0.059514061945828596,33,,,,,,0.00013825000132783316,cfd87e38cbe4d8f480a600a87f10478b9ea6685b
dv3-A-thomas-002409,3,A,thomas,2409,,,,3:1:1:2409,,test,4,500.2200991982019,0.5866996002982963,1.305394517440598,,,,,,,,,852.6000340615104,0.05836617263467958,,,,,,,,0.36550967528214867,2.173624449750295,,1,487,1,exact,0.21706475822132557,1801,,,,,,0.0002986250001413282,e5cd724d0f58922228ab6aed5784750aba51cfe7
dv3-A-thomas-002410,3,A,thomas,2410,,,,3:1:1:2410,,test,4,186.64144120079962,1.0342589674737397,0.9813932161696037,,,,,,,,,180.45909880451535,0.0718354823029333,,,,,,,,0.5212783683750462,1.6341268949617735,,1,197,1,exact,0.2671573429252687,420,,,,,,0.00015620900012436323,4d8a47741d91db8a0e52fe4fde3b79bca06b9fd4
dv3-A-thomas-002411,3,A,thomas,2411,,,,3:1:1:2411,,test,4,611.3887185445599,11.002354924038189,1.2516550850095525,,,,,,,,,55.568896183196586,0.0506204448838784,,,,,,,,7.4917807905637055,2.084142425207366,,1,703,1,exact,0.18825826902424445,117,,,,,,0.0001916250002977904,d831ea02b10e87dcd70c7df6244d3c2c1911bfe9
dv3-A-thomas-002412,3,A,thomas,2412,,,,3:1:1:2412,,test,4,140.2167428111229,1.0709352295379018,0.962030090125492,,,,,,,,,130.92924664699385,0.08124351760506505,,,,,,,,0.44867797874600607,1.6018851752128678,,1,128,1,exact,0.30214598130964576,331,,,,,,0.00012991699986741878,1c53ad2a6200a059c866f13cc69733880640db16
dv3-A-thomas-002413,3,A,thomas,2413,,,,3:1:1:2413,,test,4,566.4225878896059,0.35821471963702756,0.540977382225067,,,,,,,,,1581.2376120767779,0.022730491475515223,,,,,,,,0.6220969404876636,0.9007864282069996,,1,605,1,exact,0.08453507251995093,2252,,,,,,0.00016466699889861047,635c5044648f71bc98b1071b5d5b04263a8285b6
dv3-A-thomas-002414,3,A,thomas,2414,,,,3:1:1:2414,,test,4,540.9506121392737,17.157742931034665,1.0364426016592703,,,,,,,,,31.528075360122717,0.04456218194626625,,,,,,,,12.584649676626793,1.7257901344234126,,1,374,1,exact,0.1657274892860397,50,,,,,,9.087500075111166e-05,b34fcaa432a49e9d8af40725e3ecf959c2ae6b88
dv3-A-thomas-002415,3,A,thomas,2415,,,,3:1:1:2415,,test,4,168.677764279427,1.378698247325313,0.9629815240571301,,,,,,,,,122.34567252599572,0.07414622363095721,,,,,,,,0.6591565873374469,1.6034694166268622,,1,204,1,exact,0.2757510280178134,312,,,,,,0.00035470900184009224,f62bdaf5575f1c473d6b8df4b897ede732ed60e1
dv3-A-thomas-002416,3,A,thomas,2416,,,,3:1:1:2416,,test,4,157.87664126898582,0.509415571317406,0.1282110514139699,,,,,,,,,309.9171877700932,0.010203907722164762,,,,,,,,1.516609867158073,0.2134854041121546,,1,184,1,exact,0.03794850103479927,349,,,,,,0.00017891599782160483,d80d94f896f62b57b9499e44e1523841852769c7
dv3-A-thomas-002417,3,A,thomas,2417,,,,3:1:1:2417,,test,4,152.68308778112495,10.406616936501429,0.1272458916427642,,,,,,,,,14.671731333319842,0.010297891272200186,,,,,,,,12.787980163286583,0.21187830767611218,,1,142,1,exact,0.03829802740674266,16,,,,,,0.00011862500105053186,d6b230afc0d3478c85010a8d95be05111e03e88c
dv3-A-thomas-002418,3,A,thomas,2418,,,,3:1:1:2418,,test,4,538.0971695051217,0.2256550389052336,1.4407056393168112,,,,,,,,,2384.60072558407,0.06210762217160981,,,,,,,,0.13009817369389903,2.39893224666822,,1,540,1,exact,0.2309792707286696,5117,,,,,,0.00041095899723586626,ac5db99c8823b5de416707f8120774f597264168
dv3-A-thomas-002419,3,A,thomas,2419,,,,3:1:1:2419,,test,4,152.64997442937826,5.498350355188952,0.37609743025587505,,,,,,,,,27.762867872782618,0.030440515171408458,,,,,,,,5.167053230421912,0.6262432996081788,,1,101,1,exact,0.1132087777482318,34,,,,,,0.00013054100054432638,f01ebae30f969d820672ccef76ef5da88607ca7f
dv3-A-thomas-002420,3,A,thomas,2420,,,,3:1:1:2420,,test,4,380.07184290871993,6.899589144038245,0.5675191335569143,,,,,,,,,55.08615585279163,0.029110365594204,,,,,,,,7.744189511147697,0.9449813431260605,,1,311,1,exact,0.10826192954248652,71,,,,,,0.0001356249995296821,7193e894583598e836f394525763ad943eeffa35
dv3-A-thomas-002421,3,A,thomas,2421,,,,3:1:1:2421,,test,4,253.96903433999438,0.4133099282019454,0.17245998816558616,,,,,,,,,614.4760070121126,0.010821761744526261,,,,,,,,1.375209067035497,0.28716471677492145,,1,211,1,exact,0.04024631032956679,718,,,,,,0.00015224999879137613,5681ac341251401876aaff215abbf6f232c80ba7
dv3-A-thomas-002422,3,A,thomas,2422,,,,3:1:1:2422,,test,4,170.2209321707222,8.765967503304356,0.2651565057360759,,,,,,,,,19.418385033546716,0.0203233737958622,,,,,,,,9.708526322407318,0.44151454305806503,,1,258,1,exact,0.07558296218688952,38,,,,,,0.00012412499927449971,ebeabdc6d938c22318bfdd935c6fd43f8640cfe4
dv3-A-thomas-002423,3,A,thomas,2423,,,,3:1:1:2423,,test,4,231.76111968928015,7.116128492865254,0.2002502621397209,,,,,,,,,32.568428172938084,0.013153847516869925,,,,,,,,11.302906181623097,0.33343855825992474,,1,249,1,exact,0.04891937576240952,37,,,,,,0.00011979099872405641,ec63512f73cd76d50b73e3fedef775eb184b2faa
dv3-A-thomas-002424,3,A,thomas,2424,,,,3:1:1:2424,,test,4,204.65972450723152,1.4458354534778557,0.5553294186441841,,,,,,,,,141.55118690369426,0.03881811910996014,,,,,,,,1.3856879052293611,0.9246841364074779,,1,200,1,exact,0.14436522490432396,201,,,,,,0.00013304200183483772,e870cbe1e5dcf213c2ea7d5d8172764e7f9fbfa6
dv3-A-thomas-002425,3,A,thomas,2425,,,,3:1:1:2425,,test,4,384.68832479229764,13.83722577478419,1.3697133420502086,,,,,,,,,27.800971889417433,0.06983532896372367,,,,,,,,6.3966504014496,2.280722317776244,,1,393,1,exact,0.2597187396833089,61,,,,,,0.00014933299826225266,c07b8b670cd6dbdf9a13f60b8f675dad20e6d851
dv3-A-thomas-002426,3,A,thomas,2426,,,,3:1:1:2426,,test,4,147.22059042691183,9.592904451608275,0.12515852170654618,,,,,,,,,15.346821306265582,0.010315164241002341,,,,,,,,11.912562062774384,0.20840260874493163,,1,123,1,exact,0.038362265862470636,12,,,,,,0.0001094170002033934,5e5664e31e888062e003f4d634b8be2f3602c2a9
dv3-A-thomas-002427,3,A,thomas,2427,,,,3:1:1:2427,,test,4,695.7132918250218,5.6083429909344185,0.1901416080691033,,,,,,,,,124.0497046898887,0.007208783989491561,,,,,,,,17.208711177596733,0.3166065451417433,,1,665,1,exact,0.026809586497008084,135,,,,,,0.00015462499868590385,a840a8f7a863ca945d9f0c15fb60afcf197b3358
dv3-A-thomas-002428,3,A,thomas,2428,,,,3:1:1:2428,,test,4,135.75640986693202,0.12492437346525127,0.1790285550568685,,,,,,,,,1086.7087510724539,0.015365338572379232,,,,,,,,0.295657218693947,0.2981020980829912,,2,134,1,exact,0.05714394745528641,1371,,,,,,0.0001635410008020699,72ed77b745527df818e1d4d348ff8a64ba815d17
dv3-A-thomas-002429,3,A,thomas,2429,,,,3:1:1:2429,,test,4,478.3339185014414,1.5186368912264931,0.8337035292496721,,,,,,,,,314.97583211950405,0.038119399554582344,,,,,,,,1.4976538184858197,1.388207435230522,,1,421,1,exact,0.14176667535916365,510,,,,,,0.0001740000006975606,eafb9640f7efa6006fe6a071b57339c6b7766580
dv3-A-thomas-002430,3,A,thomas,2430,,,,3:1:1:2430,,test,4,273.6549038621028,0.32888906115399963,0.5366034235837689,,,,,,,,,832.0583934956903,0.03243783210891555,,,,,,,,0.39532771432588587,0.8935033093353482,,1,293,1,exact,0.12063683236550053,1302,,,,,,0.00019070800044573843,b682674636cf74547450279c534585352ed86d72
dv3-A-thomas-002431,3,A,thomas,2431,,,,3:1:1:2431,,test,4,263.08879931546585,2.502262906578403,0.2062060222650307,,,,,,,,,105.14035060976616,0.01271306200835393,,,,,,,,5.572125976409326,0.3433555493704764,,1,317,1,exact,0.04728008718968856,143,,,,,,0.00013374999980442226,686c275cd8d7d04aa1a02d00c78b8260a248b5ea
dv3-A-thomas-002432,3,A,thomas,2432,,,,3:1:1:2432,,test,4,535.3587137535119,0.14374998744907455,0.3094288283571737,,,,,,,,,3724.2348556250845,0.013373292234542736,,,,,,,,0.43158278141671386,0.5152327957477775,,1,586,1,exact,0.04973549428508087,4476,,,,,,0.0003274159971624613,a31300709dcf7db17e02525636a95094b5f6db3a
dv3-A-thomas-002433,3,A,thomas,2433,,,,3:1:1:2433,,test,4,754.2969048941117,11.460253358175246,0.44305644015116247,,,,,,,,,65.81851913038459,0.01613198802262023,,,,,,,,20.131135569128993,0.7377373645019296,,1,639,1,exact,0.059995129399298214,73,,,,,,0.00015520799934165552,9db107a4f7d8fc39a0958935a9fd0e647aa27fd9
dv3-A-thomas-002434,3,A,thomas,2434,,,,3:1:1:2434,,test,4,125.40591833990472,20.274403004945437,0.21936484268602963,,,,,,,,,6.185430876031963,0.019588807958447255,,,,,,,,15.118382665898515,0.36526642260827386,,1,189,1,exact,0.07285109972789078,9,,,,,,0.00011495799844851717,23a2859a466fe6ca8cc6d01ddaf4e1878da3c59a
dv3-A-thomas-002435,3,A,thomas,2435,,,,3:1:1:2435,,test,4,380.6436145775504,1.2364111951908208,1.3144139508429413,,,,,,,,,307.8616693686634,0.06737098322259394,,,,,,,,0.643035110368541,2.188642791488596,,1,406,1,exact,0.25055379724618493,712,,,,,,0.00019787500059464946,70046f2416bd76c825115d719c893de6024e8e1d
dv3-A-thomas-002436,3,A,thomas,2436,,,,3:1:1:2436,,test,4,342.9141298881634,18.223979111600194,0.12166521535142899,,,,,,,,,18.816644147154815,0.006570126611078375,,,,,,,,29.02655542140321,0.20258587211665302,,1,360,1,exact,0.024434409178131538,22,,,,,,0.00013016600132687017,9ea17c115fd9b081b9e60bb49d85f286ba5ef5de
dv3-A-thomas-002437,3,A,thomas,2437,,,,3:1:1:2437,,test,4,194.38359647797924,4.1162012141007835,1.065850890414154,,,,,,,,,47.22402680706751,0.07644809112866359,,,,,,,,1.8743762321671948,1.7747581472416836,,1,178,1,exact,0.284311711189118,114,,,,,,0.00014029199883225374,dfb9db2263326b789653cb2a701b82c39997506b
dv3-A-thomas-002438,3,A,thomas,2438,,,,3:1:1:2438,,test,4,212.15034275427192,0.8995716783101412,0.7501733821354453,,,,,,,,,235.8348399238174,0.051503860311181496,,,,,,,,0.6603444725324602,1.2491206169292612,,1,197,1,exact,0.19154370556189051,473,,,,,,0.00015604099826305173,d8474d3da3801f14c6fe40b68aed5ed795ffaead
dv3-A-thomas-002439,3,A,thomas,2439,,,,3:1:1:2439,,test,4,489.8242434821192,1.0895541117936822,0.14840564136745854,,,,,,,,,449.56394380059226,0.006705486183012311,,,,,,,,4.8579503963073805,0.24711160208458635,,1,459,1,exact,0.02493781365761807,455,,,,,,0.00016062499707913958,bd6b38b2b6eacffc7205e408a9348b09bae46f3e
dv3-A-thomas-002440,3,A,thomas,2440,,,,3:1:1:2440,,test,4,530.5433612382035,9.277890829282397,0.21459314751534198,,,,,,,,,57.1836175915899,0.009316556187441143,,,,,,,,20.46434853195584,0.357321028973484,,1,475,1,exact,0.03464842604876773,58,,,,,,0.00014029200247023255,768ddb585251af8cd5d904127308a37c1cabb1da
dv3-A-thomas-002441,3,A,thomas,2441,,,,3:1:1:2441,,test,4,148.9312966165893,18.7272513743215,1.0721634084090599,,,,,,,,,7.952651120003731,0.08785530604203158,,,,,,,,6.156454594284165,1.7852691791710333,,1,183,1,exact,0.3267353315050695,20,,,,,,0.00012712500029010698,cbecccf6d52adb14747c116edfb0a7b3c031da93
dv3-A-thomas-002442,3,A,thomas,2442,,,,3:1:1:2442,,test,4,217.92881345094565,0.7079002378061013,0.8254939977968591,,,,,,,,,307.85243712637066,0.05591863901253988,,,,,,,,0.4764647853642216,1.3745376686975548,,1,191,1,exact,0.20796234033188096,597,,,,,,0.0001597500013303943,1e4ea44988903a50215392908bcebe0c7fcaf0f6
dv3-A-thomas-002443,3,A,thomas,2443,,,,3:1:1:2443,,test,4,318.90690551986285,25.109608357378946,1.319171321627665,,,,,,,,,12.700592577189514,0.0738701940028059,,,,,,,,10.473712407308748,2.1965643334562137,,1,417,1,exact,0.27472446928024447,33,,,,,,0.00016883399803191423,ac5ce36916a8544fc53fb8cd2d42dbe318643947
dv3-A-thomas-002444,3,A,thomas,2444,,,,3:1:1:2444,,test,4,154.96717601585132,0.293161236358359,0.14329215020403158,,,,,,,,,528.6073218302986,0.01151072133606433,,,,,,,,0.8577378162247213,0.23859708079013583,,1,157,1,exact,0.04280856240830968,627,,,,,,0.0001446250025765039,1a4f0ad7fbcb8bd28492baf045c878619bd86599
dv3-A-thomas-002445,3,A,thomas,2445,,,,3:1:1:2445,,test,4,733.9528948839513,0.18703020890948396,0.1812294991869185,,,,,,,,,3924.2478483203677,0.00668951753419222,,,,,,,,1.0937464560557317,0.3017669104517384,,1,734,1,exact,0.0248784259894057,4338,,,,,,0.00033549999716342427,9b59360b3b689117912ae9e502d4bf2806d15385
dv3-A-thomas-002446,3,A,thomas,2446,,,,3:1:1:2446,,test,4,224.1939473983328,2.4199300438582845,1.3732279751487342,,,,,,,,,92.64480515349229,0.09171295788960246,,,,,,,,0.8980401542148225,2.286574565761654,,1,217,1,exact,0.3410820023213342,248,,,,,,0.00016487500033690594,91d683f30caf4c8fd5ad3882d31fb18dbcae6829
dv3-A-thomas-002447,3,A,thomas,2447,,,,3:1:1:2447,,test,4,108.45683804422102,0.9405793161483752,0.19989007562865269,,,,,,,,,115.30855099849133,0.01919387945252063,,,,,,,,1.5482950978402732,0.3328388083785914,,1,104,1,exact,0.07138235410377326,154,,,,,,0.00012987500304006971,7fc1fd7eaa9559b6366bdfc7f172abc59b01e9d2
dv3-A-thomas-002448,3,A,thomas,2448,,,,3:1:1:2448,,test,4,356.8630474646001,8.077565067766342,0.1857048666304255,,,,,,,,,44.179532380205515,0.00983042955079285,,,,,,,,15.790617939540418,0.30921888605517206,,1,382,1,exact,0.03655952955850929,51,,,,,,0.00013537499762605876,0bc93605ccf3e1423fac6bf4a775e83d69c0171b
dv3-A-thomas-002449,3,A,thomas,2449,,,,3:1:1:2449,,test,4,292.3788297680874,2.9554224441736068,0.93842902841399,,,,,,,,,98.92962352792925,0.05488181576600442,,,,,,,,1.951874726256162,1.562586829700611,,1,326,1,exact,0.20410637758551192,175,,,,,,0.00015866699686739594,5f3c68b436327b9cc2a14ad0473767162018fa63
dv3-A-thomas-002450,3,A,thomas,2450,,,,3:1:1:2450,,test,4,541.9257222581987,20.866590689398855,1.3903463532991622,,,,,,,,,25.970975820861852,0.05972458209292626,,,,,,,,11.249196902476827,2.315078535091014,,1,635,1,exact,0.2221167053905439,52,,,,,,0.00019229200188419782,eb7bd855598a494caf2c5bf73199fcc030b55f1a
dv3-A-thomas-002451,3,A,thomas,2451,,,,3:1:1:2451,,test,4,485.7702850199838,1.795076345417124,0.13809462446839924,,,,,,,,,270.6126044500379,0.006265580307418379,,,,,,,,7.3763868075389265,0.22994263275451282,,1,488,1,exact,0.02330179645423542,293,,,,,,0.0001602910015208181,16ab13684f327a77a343fccaa97108eb22b29a78
dv3-A-thomas-002452,3,A,thomas,2452,,,,3:1:1:2452,,test,4,566.4829429220787,0.8282027693654174,0.22063444742847454,,,,,,,,,683.9906407897274,0.009270003552097063,,,,,,,,3.136168252106187,0.36738045317361423,,1,591,1,exact,0.034475296030481696,805,,,,,,0.00019258300017099828,d1b791163ed427087b1fc65f0da91963bb12f8cd
dv3-A-thomas-002453,3,A,thomas,2453,,,,3:1:1:2453,,test,4,151.36711431866516,0.30245618407352154,0.11655974717544247,,,,,,,,,500.4596443690852,0.00947398801460021,,,,,,,,1.007675347790744,0.19408470997258012,,1,159,1,exact,0.03523391760930772,572,,,,,,0.00013845800276612863,d2f871f642ac4a6500b427c07246fc08efef82f7
dv3-A-thomas-002454,3,A,thomas,2454,,,,3:1:1:2454,,test,4,521.7614310385288,3.296504913769799,0.876430100890868,,,,,,,,,158.27715859275202,0.03836907228452542,,,,,,,,3.156324902262683,1.4593518437081967,,1,580,1,exact,0.14269521235779067,283,,,,,,0.00018429099873173982,80ae2a8aa559adacdfe42a72be05aaf71d7c0fcb
dv3-A-thomas-002455,3,A,thomas,2455,,,,3:1:1:2455,,test,4,172.49259630241465,3.2629168097523817,0.23050696893079536,,,,,,,,,52.86454002960158,0.017550877315867946,,,,,,,,4.969941709023322,0.38381927977463565,,1,138,1,exact,0.06527200207192303,53,,,,,,0.00011937499948544428,e189559e63341e0514137b796d025211a6ca2ad7
dv3-A-thomas-002456,3,A,thomas,2456,,,,3:1:1:2456,,test,4,176.4454479148212,3.1845124739360227,0.32832727433128733,,,,,,,,,55.40736591831796,0.02471734002679456,,,,,,,,3.9902114823261723,0.5467007724267033,,1,169,1,exact,0.09192419503626252,74,,,,,,0.00012454100215109065,7f5600956765ac08ebbcb1ff998bfffb5653cd2a
dv3-A-thomas-002457,3,A,thomas,2457,,,,3:1:1:2457,,test,4,300.2799766453304,0.1580448183496849,0.18126919078278705,,,,,,,,,1899.9672357554966,0.010460701494235548,,,,,,,,0.5869709018667083,0.3018330012940676,,1,283,1,exact,0.03890352130649287,2172,,,,,,0.00021733399989898317,534acf3af70e89fee89fe9a33c4da47e2d323a6f
dv3-A-thomas-002458,3,A,thomas,2458,,,,3:1:1:2458,,test,4,308.55877448549944,13.0329074600894,0.3158135983718781,,,,,,,,,23.67535988653317,0.017978848612797742,,,,,,,,16.316399561072398,0.5258641351816246,,1,353,1,exact,0.0668636343805068,32,,,,,,0.00013458299872581847,204d79636a327a1aca89a93c9b2d9afba14b738a
dv3-A-thomas-002459,3,A,thomas,2459,,,,3:1:1:2459,,test,4,364.88236486610276,0.3608638580378265,0.5129476024744769,,,,,,,,,1011.1357974448498,0.026853232203515487,,,,,,,,0.5195427477818135,0.8541137834448228,,1,412,1,exact,0.09986761325264347,1509,,,,,,0.0002235000029031653,973b1460594078d8671ce9d7ace126790ce2c84c
dv3-A-thomas-002460,3,A,thomas,2460,,,,3:1:1:2460,,test,4,439.2830709977815,5.951414074030321,0.23392296242906926,,,,,,,,,73.81154554757728,0.011160936104879941,,,,,,,,13.05379163238367,0.389507282051981,,1,457,1,exact,0.04150770536716601,90,,,,,,0.00017204200048581697,75e75c07eee0d6febd3fe30d431d36ae10da4987
dv3-A-thomas-002461,3,A,thomas,2461,,,,3:1:1:2461,,test,4,638.0039775083992,27.33625765260294,0.12174583265093622,,,,,,,,,23.339111944887925,0.004819948646751741,,,,,,,,49.76455388909271,0.2027201087255407,,1,694,1,exact,0.017925468476319522,29,,,,,,0.00014891699902364053,b5b43b38f3f6e06d528b4fc6a02e52db8c4959d9
dv3-A-thomas-002462,3,A,thomas,2462,,,,3:1:1:2462,,test,4,241.1909263376137,3.738007161413057,0.16306261446755685,,,,,,,,,64.52393372259824,0.010499628149741008,,,,,,,,8.064442124658804,0.27151706316478874,,1,259,1,exact,0.039048290180041335,73,,,,,,0.00012575000073411502,4273dcd337e0ffd91afbf86a5c5199892ae7ff0e
dv3-A-thomas-002463,3,A,thomas,2463,,,,3:1:1:2463,,test,4,188.2137137031475,12.338059091985691,0.26571303656057027,,,,,,,,,15.254726233675083,0.01936810944472048,,,,,,,,13.118770798442256,0.4424412276664334,,1,110,1,exact,0.07203031831702533,14,,,,,,0.00011320900011924095,e119713e792e1980bb31e6d9880cc0d4b3e014c0
dv3-A-thomas-002464,3,A,thomas,2464,,,,3:1:1:2464,,test,4,225.670162657684,0.8899540329672692,1.331156883975442,,,,,,,,,253.5750772489434,0.08861192504325421,,,,,,,,0.3482541051833243,2.2165216038561333,,1,244,1,exact,0.3295492100438255,728,,,,,,0.0001990000018849969,ceae4689b35d154ec5a9a212fee04a0017ccec0b
dv3-A-thomas-002465,3,A,thomas,2465,,,,3:1:1:2465,,test,4,567.4315209400439,26.414660043417868,0.32953421991154214,,,,,,,,,21.481689334913067,0.013833873217009515,,,,,,,,36.7244281478575,0.5487104686432184,,1,788,1,exact,0.05144840255176219,34,,,,,,0.0001649590012675617,cee4b7dd041239ea3f37779c04db69e586601e15
dv3-A-thomas-002466,3,A,thomas,2466,,,,3:1:1:2466,,test,4,103.32079926059725,0.35975347963747484,0.8312383762784606,,,,,,,,,287.19888787375754,0.08177710025719925,,,,,,,,0.15452750665249917,1.3841026862837396,,2,103,1,exact,0.304130383989286,736,,,,,,0.0002896250007324852,0af14b55216a95ddc441892452aca278fa949151
dv3-A-thomas-002467,3,A,thomas,2467,,,,3:1:1:2467,,test,4,736.4614189415568,0.20357467980556487,0.16175275359174549,,,,,,,,,3617.647438497531,0.005960417517446873,,,,,,,,1.3161720695899546,0.2693360017405251,,1,741,1,exact,0.02216689100758374,4030,,,,,,0.00036266600000089966,22e8cffdb6678dc3966d68b4825adaf1afc38f68
dv3-A-thomas-002468,3,A,thomas,2468,,,,3:1:1:2468,,test,4,210.60641067327234,1.3697055318263414,0.18053385432056346,,,,,,,,,153.76035635371454,0.012440071054962148,,,,,,,,3.259215320312774,0.3006085857693143,,1,223,1,exact,0.046264829333644265,187,,,,,,0.00013966600090498105,66df9a12b7df8a18c4c0738bd1bc745f437077ad
dv3-A-thomas-002469,3,A,thomas,2469,,,,3:1:1:2469,,test,4,471.18955693998333,0.14076971436716876,1.0901541219534645,,,,,,,,,3347.236719618416,0.05022154544813017,,,,,,,,0.10448117225341863,1.815225682209856,,1,488,1,exact,0.18677475544665778,6410,,,,,,0.00028020800164085813,f365ffe8c85fad0b8fe76488284018d8adac7747
dv3-A-thomas-002470,3,A,thomas,2470,,,,3:1:1:2470,,test,4,573.4298049883107,1.1117056057665078,0.11899221629985338,,,,,,,,,515.8108423793884,0.004969107845154404,,,,,,,,6.017807063822481,0.19813503674463417,,1,575,1,exact,0.018480193994136383,561,,,,,,0.00012124999921070412,88426c5108cab7a8e7fff778cfe9ed07b1b128aa
dv3-A-thomas-002471,3,A,thomas,2471,,,,3:1:1:2471,,test,4,452.92875901866074,2.5638280429060467,0.3098315795439603,,,,,,,,,176.66112993493715,0.01455830227416635,,,,,,,,5.773726157381964,0.5159034204631943,,1,509,1,exact,0.05414256615787158,231,,,,,,0.00010687499889172614,b717980cb879ffbf4e6466c9bc566c9a35fd6b6d
dv3-A-thomas-002472,3,A,thomas,2472,,,,3:1:1:2472,,test,4,319.14650117320707,0.39537018083933095,0.1509756621441505,,,,,,,,,807.2093360599206,0.0084510738964145,,,,,,,,1.63230848488221,0.2513909673813983,,1,348,1,exact,0.031429683140569695,943,,,,,,0.00011541699859662913,5699c1fad9339f930db849c97429f1b04a8c7fdb
dv3-A-thomas-002473,3,A,thomas,2473,,,,3:1:1:2473,,test,4,187.13181616549903,6.2695453801804275,0.23787682011614458,,,,,,,,,29.847748890544544,0.01738914816964589,,,,,,,,8.426777193563957,0.3960908869504527,,1,177,1,exact,0.06467052871094454,35,,,,,,7.354199988185428e-05,02570c90d075fbacdd395d8d181f3c5b1baf54bb
dv3-A-thomas-002474,3,A,thomas,2474,,,,3:1:1:2474,,test,4,731.6188443089404,6.159664626835216,1.378857677122336,,,,,,,,,118.77575949858816,0.05097732001541002,,,,,,,,4.287727609533067,2.2959486344367854,,1,753,1,exact,0.18958549352165968,240,,,,,,0.00013216599836596288,0c81fc82d7f596315e67460a9853ffd3a4b83b57
dv3-A-thomas-002475,3,A,thomas,2475,,,,3:1:1:2475,,test,4,764.7574736613606,24.072232750649523,0.34957818488163545,,,,,,,,,31.769278802803438,0.012641029886675929,,,,,,,,39.19169156369196,0.5820858595666875,,1,843,1,exact,0.04701219854168573,42,,,,,,0.00021212499996181577,531efca3f55bd7feb4250fef9810a9b60af1e280
dv3-A-thomas-002476,3,A,thomas,2476,,,,3:1:1:2476,,test,4,795.3743252478328,0.14773947233605628,0.11406860014899495,,,,,,,,,5383.627764952557,0.004044644241677697,,,,,,,,1.343378539150962,0.18993667808469877,,1,749,1,exact,0.015042098612602745,5648,,,,,,0.00031104200024856254,83e684f19ec5b3d10dd26e24ebf657fe982e5812
dv3-A-thomas-002477,3,A,thomas,2477,,,,3:1:1:2477,,test,4,695.1085328685577,0.6458533726889013,0.5227568030737811,,,,,,,,,1076.2636881101835,0.019827747674226577,,,,,,,,1.2824915538813677,0.870447173826266,,1,693,1,exact,0.07373972046990417,1421,,,,,,0.00019350000002305023,27b45da54c027c629096d49f4f430de408c40747
dv3-A-thomas-002478,3,A,thomas,2478,,,,3:1:1:2478,,test,4,319.255959517705,9.652835434361856,0.16716622702986692,,,,,,,,,33.073801132175916,0.009355759171109933,,,,,,,,17.519131313638166,0.27835002628710054,,1,304,1,exact,0.034794222591311014,35,,,,,,8.754199734539725e-05,71175be74e8ec30c9ad9c236c0a5377b9511a8d3
dv3-A-thomas-002479,3,A,thomas,2479,,,,3:1:1:2479,,test,4,771.4704057050068,11.607237874742642,0.2841334643380133,,,,,,,,,66.464598557399,0.010229696550355355,,,,,,,,25.7660119338378,0.4731132518376484,,1,732,1,exact,0.03804441011198067,77,,,,,,0.00010483300138730556,9ca76749f21ffa7e58d0517c37471290a69ed4d4
dv3-A-thomas-002480,3,A,thomas,2480,,,,3:1:1:2480,,test,4,102.07280596608103,3.0148175055100563,0.20016921234366417,,,,,,,,,33.85704301488459,0.019812635668519225,,,,,,,,3.8568013545370645,0.33330360149704386,,1,105,1,exact,0.07368351867155022,37,,,,,,7.96249987615738e-05,5251e83707c2d5a5b1443d9bcef1af34a74687b5
dv3-A-thomas-002481,3,A,thomas,2481,,,,3:1:1:2481,,test,4,629.436472732838,2.509661572980878,0.5934244627082651,,,,,,,,,250.80531953366838,0.023653177615481743,,,,,,,,3.9078077990685727,0.9881165456030906,,1,666,1,exact,0.08796655748538788,357,,,,,,0.0003245839980081655,5f93cde54b3e959d24478a41a57a8d8ba115e2cb
dv3-A-thomas-002482,3,A,thomas,2482,,,,3:1:1:2482,,test,4,167.65187733330765,1.5081866033837357,0.13410688230867543,,,,,,,,,111.16122962315633,0.010357307153667726,,,,,,,,3.6635222635124665,0.2233026065081408,,1,178,1,exact,0.03851899604941832,134,,,,,,0.00011824999819509685,b39cd7ed930541a96019c78a0da1bd1dfb007c63
dv3-A-thomas-002483,3,A,thomas,2483,,,,3:1:1:2483,,test,4,396.3959863502359,0.31441862518552,0.6218532986363658,,,,,,,,,1260.7267973274352,0.031233691628137574,,,,,,,,0.38913874078623284,1.0354536624866624,,1,376,1,exact,0.11615861406668271,1953,,,,,,0.000170667000929825,f29542ee951ab7e3afc607fd1b0ee88f619a49bb
dv3-A-thomas-002484,3,A,thomas,2484,,,,3:1:1:2484,,test,4,197.34178803248278,3.836003407779897,1.217547075628013,,,,,,,,,51.444633138815476,0.08667148396326213,,,,,,,,1.5155222853357433,2.0273488642313446,,1,166,1,exact,0.3223326776782795,136,,,,,,0.00012729199806926772,2443293c2f2c421493e1ecaf21866ae791ca5ef0
dv3-A-thomas-002485,3,A,thomas,2485,,,,3:1:1:2485,,test,4,304.92491104404604,1.0160151169626175,1.3269502139750398,,,,,,,,,300.1184785080961,0.0759903029514149,,,,,,,,0.4734265031988737,2.209517038843226,,1,296,1,exact,0.2826091894110835,754,,,,,,0.00013295800090418197,3afb3649066372ae264ce33b15b4e9b9d96534ec
dv3-A-thomas-002486,3,A,thomas,2486,,,,3:1:1:2486,,test,4,162.92334959192092,1.5773752812369208,0.248822318754412,,,,,,,,,103.2876269394575,0.019493852145971415,,,,,,,,2.5359966334491206,0.4143163376758724,,1,164,1,exact,0.07249795749590328,129,,,,,,8.041600085562095e-05,9b915223882055937e6859aebb2a2892e6c96f01
dv3-A-thomas-002487,3,A,thomas,2487,,,,3:1:1:2487,,test,4,203.58704471135076,12.915117057831376,0.252253219312544,,,,,,,,,15.763468793951125,0.01767916090143092,,,,,,,,14.379478538526243,0.42002916183606503,,1,179,1,exact,0.06574909084144509,17,,,,,,6.983299681451172e-05,ea26e1f62fe120e288930fea52b280a032a3cd8e
dv3-A-thomas-002488,3,A,thomas,2488,,,,3:1:1:2488,,test,4,273.47557142379014,0.18286997685111814,0.6850570790037573,,,,,,,,,1495.4645706902324,0.04142547426689812,,,,,,,,0.1703056928464564,1.1406948600616027,,1,251,1,exact,0.15406202171641417,2520,,,,,,0.0001425829977961257,ae15623c3f6fcda332165c4f036fdfd2cea9d1f4
dv3-A-thomas-002489,3,A,thomas,2489,,,,3:1:1:2489,,test,4,214.90257305147745,1.1664960405470293,0.11135991028104986,,,,,,,,,184.2291491625627,0.007596404190543497,,,,,,,,3.819465631949692,0.18542641360519113,,1,194,1,exact,0.028251152414815878,209,,,,,,7.574999835924245e-05,1a061236238cbce268bc7b27fdbad78ac81b9fd6
dv3-A-thomas-002490,3,A,thomas,2490,,,,3:1:1:2490,,test,4,429.94840320466636,0.1756399495749956,0.28922974389231876,,,,,,,,,2447.8964167607264,0.013948733692175419,,,,,,,,0.49913299504849223,0.48159911392301985,,1,444,1,exact,0.051875570552431464,3044,,,,,,0.00015541599714197218,b6f110de635e927964fc3446fc0028758118063d
dv3-A-thomas-002491,3,A,thomas,2491,,,,3:1:1:2491,,test,4,141.54551593941645,22.27488315520071,0.33016684656357564,,,,,,,,,6.354489716206148,0.02775143237422218,,,,,,,,14.977464862134134,0.5497638611158019,,1,170,1,exact,0.10320803449474077,11,,,,,,6.320800093817525e-05,1488f334e624ec0a5fc4d3a0b82eddeb5a4b769c
dv3-A-thomas-002492,3,A,thomas,2492,,,,3:1:1:2492,,test,4,427.6774815724325,0.20100963049389398,0.5760441884072501,,,,,,,,,2127.6467228042784,0.02785464369138021,,,,,,,,0.28061489078399654,0.9591764905780994,,1,438,1,exact,0.10359187908473706,3206,,,,,,0.00015474999963771552,21532857a7c8344e767dfb8182cb560540cbe341
dv3-A-thomas-002493,3,A,thomas,2493,,,,3:1:1:2493,,test,4,157.02075282330782,6.984554251099644,0.18321388419056325,,,,,,,,,22.481141555824635,0.014621093500117826,,,,,,,,9.07367523704476,0.30507112822193166,,1,134,1,exact,0.05437608776232709,29,,,,,,6.200000279932283e-05,9110172abe73714de80a7bc95bfaa6af1b203a17
dv3-A-thomas-002494,3,A,thomas,2494,,,,3:1:1:2494,,test,4,328.0739217761164,24.08082343973505,0.3343324095962593,,,,,,,,,13.623866417905434,0.018458339231512202,,,,,,,,25.4010005916685,0.5566999785376596,,1,312,1,exact,0.06864686789612721,14,,,,,,6.554200081154704e-05,09cf13b8d7ff78038de1afbafdbc46f9f6eb7d21
dv3-A-thomas-002495,3,A,thomas,2495,,,,3:1:1:2495,,test,4,118.99684182190151,0.11648901334643201,0.14887617289486393,,,,,,,,,1021.5284549454578,0.01364763749425804,,,,,,,,0.30845794197589393,0.24789508847025923,,1,122,1,exact,0.050755788828668706,1171,,,,,,8.512499698554166e-05,cf7d0ae2f0ba81b60c73d3c7a9b0de1486821aa7
dv3-A-thomas-002496,3,A,thomas,2496,,,,3:1:1:2496,,test,4,428.9462342681655,0.554365247652119,0.4062355359429537,,,,,,,,,773.7610466833271,0.019614465655489275,,,,,,,,1.0900739920749625,0.6764265373308495,,1,432,1,exact,0.07294652112616887,983,,,,,,0.00010604099952615798,fbd1c8b362afac80a63c0866af76e76561646f3d
dv3-A-thomas-002497,3,A,thomas,2497,,,,3:1:1:2497,,test,4,390.2519373851653,3.4112378576932567,0.11498848423526212,,,,,,,,,114.401854595112,0.0058207884456960325,,,,,,,,11.08940882784528,0.1914683855602034,,1,396,1,exact,0.02164760818789349,120,,,,,,7.491699943784624e-05,726941573e6b523c24b36dae0d77b7b7d1c59f4e
dv3-A-thomas-002498,3,A,thomas,2498,,,,3:1:1:2498,,test,4,112.9954875089642,2.2438537417170776,0.10549332357341273,,,,,,,,,50.3577775182869,0.009924175251812849,,,,,,,,4.338469204202964,0.17565790597479164,,1,125,1,exact,0.03690817136604326,61,,,,,,6.070900053600781e-05,e8ce46d4d9fcc0ecd302f7ed6bf4998072a235d0
dv3-A-thomas-002499,3,A,thomas,2499,,,,3:1:1:2499,,test,4,102.07842223403712,4.527264652234341,0.6947161678259657,,,,,,,,,22.5474828787971,0.0687607225589998,,,,,,,,2.168325373071987,1.1567782979386254,,2,93,1,exact,0.2557222607487646,43,,,,,,6.245800250326283e-05,b06b7ad0f935f98e9790c3c7c8e06305b603130d
dv3-A-thomas-002500,3,A,thomas,2500,,,,3:1:1:2500,,test,5,100.79520313850536,0.11476977206119028,0.8844554939258334,,,,,,,,,878.2382445158619,0.08809597201186652,,,,,,,,0.045617126067711594,1.4727149996634235,,1,107,1,exact,0.3276303722143738,2360,,,,,,0.0005007920008210931,ade9fac2c26f7bcba24cb67f5bd736e49de57f0d
dv3-A-thomas-002501,3,A,thomas,2501,,,,3:1:1:2501,,test,5,536.3702626035105,20.641248100520944,0.2041961419989541,,,,,,,,,25.985359993321993,0.008816885209467317,,,,,,,,35.24798504253727,0.3400088792036825,,1,543,1,exact,0.03279014144437931,29,,,,,,0.00012308399891480803,7c936d16ef683b36c438dce46ab6b91fc244210c
dv3-A-thomas-002502,3,A,thomas,2502,,,,3:1:1:2502,,test,5,797.2626832733737,1.3551043981099185,1.1933105229596923,,,,,,,,,588.3404144989752,0.04226226334760188,,,,,,,,1.2051423975495905,1.986992356866191,,1,795,1,exact,0.15717405410240076,1052,,,,,,0.00017741700139595196,9f144e9c75a5ac65e760e042c67364d31d90ce55
dv3-A-thomas-002503,3,A,thomas,2503,,,,3:1:1:2503,,test,5,280.3906101604652,4.8375584028615055,0.438835322029435,,,,,,,,,57.96118347524424,0.02620715298995823,,,,,,,,6.004589971966649,0.7307087417889586,,1,273,1,exact,0.09746483400651379,71,,,,,,9.508299990557134e-05,e48c3be7eb501ea26cd0e2f3117b124242e1a334
dv3-A-thomas-002504,3,A,thomas,2504,,,,3:1:1:2504,,test,5,416.97487266633556,9.400998652675145,0.25000286253708015,,,,,,,,,44.35431682012648,0.01224306172396304,,,,,,,,17.067764292750326,0.41628207201574025,,1,392,1,exact,0.045532148383869986,47,,,,,,9.179200060316361e-05,68ced7277cf070294998769c361149a05f4ea936
dv3-A-thomas-002505,3,A,thomas,2505,,,,3:1:1:2505,,test,5,185.26310875255274,12.157331241664117,0.5076174886112141,,,,,,,,,15.238797485227819,0.0372942692968004,,,,,,,,9.192842886984579,0.8452385616951128,,1,181,1,exact,0.1386980023278243,22,,,,,,8.533300206181593e-05,1cf59d0a2312a44afcec250205454cf4009920f6
dv3-A-thomas-002506,3,A,thomas,2506,,,,3:1:1:2506,,test,5,257.84464617795794,9.335155538307957,0.6794488528961107,,,,,,,,,27.620819505348443,0.0423133792598744,,,,,,,,7.121758538580551,1.1313565510489303,,1,199,1,exact,0.15736415502281137,46,,,,,,8.083300053840503e-05,f2263b91f69e1dc393b54f9a3fabccfde9038ee2
dv3-A-thomas-002507,3,A,thomas,2507,,,,3:1:1:2507,,test,5,125.17608105107436,24.136584239941286,0.2084363041152434,,,,,,,,,5.1861555805370605,0.01862999286198415,,,,,,,,17.069839159273258,0.34706921224762816,,1,155,1,exact,0.0692852505776407,9,,,,,,7.224999717436731e-05,80550f958b9b7eab4f791a694c69440c0fa2a1ea
dv3-A-thomas-002508,3,A,thomas,2508,,,,3:1:1:2508,,test,5,343.15306184174034,0.1420367829206254,0.4346293094764473,,,,,,,,,2415.9450445558527,0.023462542413759575,,,,,,,,0.2374421388423277,0.7237052714978045,,1,352,1,exact,0.08725758202747497,3272,,,,,,0.00016812499961815774,0bbe34610934f21d26731cf3b5f30d8e66b7d0a9
dv3-A-thomas-002509,3,A,thomas,2509,,,,3:1:1:2509,,test,5,448.85957568262415,3.3363840467670935,1.1667549342559147,,,,,,,,,134.53474461897227,0.05507118212944343,,,,,,,,2.159201917694438,1.9427744012115165,,1,457,1,exact,0.20481063421293239,280,,,,,,0.0003233339994039852,36267723375436e3b42187df5fe917963ae36474
dv3-A-thomas-002510,3,A,thomas,2510,,,,3:1:1:2510,,test,5,362.81101637535784,0.6997821151743625,0.9625477775143706,,,,,,,,,518.4628307983512,0.05053381229256111,,,,,,,,0.5099616146599129,1.6027471812583658,,1,354,1,exact,0.1879360809889577,965,,,,,,0.00023604099988006055,028e9f350b38bf602f97217243b7a4f7a88d76c0
dv3-A-thomas-002511,3,A,thomas,2511,,,,3:1:1:2511,,test,5,205.06444603331215,1.7643214850999152,0.2214714770423048,,,,,,,,,116.22850357212488,0.015465808112584129,,,,,,,,3.4545797294943714,0.3687741989029541,,1,214,1,exact,0.057517595331594576,128,,,,,,0.00016087499898276292,9c12524df08854d738b39218f7f910f2ff30fefb
dv3-A-thomas-002512,3,A,thomas,2512,,,,3:1:1:2512,,test,5,596.8056548847477,2.845046261973726,1.4089961405889921,,,,,,,,,209.77010562588146,0.05767576169728128,,,,,,,,1.7621290383428172,2.3461324679015303,,1,598,1,exact,0.21449710856340237,400,,,,,,0.00020408300042618066,582a785d751dcd062608e89b580be3efa30c19ac
dv3-A-thomas-002513,3,A,thomas,2513,,,,3:1:1:2513,,test,5,479.77231449877837,0.12617630023483467,0.2051492664197727,,,,,,,,,3802.396437412128,0.009365961683879645,,,,,,,,0.536650419566737,0.34159593546