case_id,dv,set,family,index,cell_id,level_id,rep,spawn_key,r_seed,split,shard,nbar,mu,s,mu1,mu2,s2,rho,tau,gamma,sigma2,sp,kappa,sigma,sigma1,lam_p,R,beta,mu_log,s_abs,grid_M,delta_tilde,tau_K,tau_K2,prior_tries,n,pattern_tries,sampler,buffer,n_parents,pad_P,min_eig,cftp_start,mh_steps,burnin,wall_s,sha1
dv3-train-matern2-003500,3,train,matern2,3500,,,,3:0:3:3500,,train,7,235.80750906970547,,,,,,,0.0901916047852164,,,,,,,238.87292054578398,0.005873369167968795,,,,,0.33953106709686454,0.06366178212013072,,1,230,1,exact,0.005873369167968795,236,,,,,,0.00019499999689287506,9ac1bb75b3f7b00734f799decb19458490f4b212
dv3-train-matern2-003501,3,train,matern2,3501,,,,3:0:3:3501,,train,7,160.10662507566687,,,,,,,0.15961371596616533,,,,,,,166.87765065439257,0.01261436975601994,,,,,1.4333906707817239,0.11222368195836353,,1,158,1,exact,0.01261436975601994,173,,,,,,8.116600292851217e-05,18add83ca0a200ebdee6920202ec1db508a74b37
dv3-train-matern2-003502,3,train,matern2,3502,,,,3:0:3:3502,,train,7,116.91830820096685,,,,,,,0.06513808080656844,,,,,,,117.70454480981412,0.0060241211505430515,,,,,0.1415589411982922,0.04601707276516635,,1,112,1,exact,0.0060241211505430515,114,,,,,,5.0582999392645434e-05,e2b17c7d7148ccc887dc5ecec3bba24ca63b4621
dv3-train-matern2-003503,3,train,matern2,3503,,,,3:0:3:3503,,train,7,443.27839522101493,,,,,,,0.15271312027168416,,,,,,,460.35648023174224,0.007253340549971747,,,,,1.056393954112991,0.10742508728807901,,1,471,1,exact,0.007253340549971747,499,,,,,,0.00013158400179236196,40d120e895cc53a4cec8e6f27813b8e51b45ee92
dv3-train-matern2-003504,3,train,matern2,3504,,,,3:0:3:3504,,train,7,689.5925156451776,,,,,,,0.18734146578879352,,,,,,,730.6577878886726,0.007134074564791116,,,,,1.585722400681065,0.13142374355228068,,1,753,1,exact,0.007134074564791116,820,,,,,,0.00018804199862643145,f727b62b10725b64ff501e32dc3fb80794c65c77
dv3-train-matern2-003505,3,train,matern2,3505,,,,3:0:3:3505,,train,7,123.51488703792397,,,,,,,0.07597987139098329,,,,,,,124.64866335552026,0.006836580018360747,,,,,0.20067219658255284,0.053658311212620345,,1,137,1,exact,0.006836580018360747,145,,,,,,5.483399945660494e-05,e39fbc78cc721a200c83d25c7ad4092720c7cff2
dv3-train-matern2-003506,3,train,matern2,3506,,,,3:0:3:3506,,train,7,145.166259853212,,,,,,,0.10580372115690889,,,,,,,147.78035946563077,0.008781487722818433,,,,,0.47436389832960907,0.0746309847564978,,1,141,1,exact,0.008781487722818433,149,,,,,,5.3415998991113156e-05,9fe9051b0366f28789cef6edfc7df16e4cd6bafc
dv3-train-matern2-003507,3,train,matern2,3507,,,,3:0:3:3507,,train,7,179.81564424845212,,,,,,,0.2340480944357602,,,,,,,197.32911880255597,0.01745385536914922,,,,,2.3715469953320802,0.16340827173299852,,1,192,1,exact,0.01745385536914922,228,,,,,,6.712500180583447e-05,8fc0e3a59466f932358033d5b76aa8e5b6447ab2
dv3-train-matern2-003508,3,train,matern2,3508,,,,3:0:3:3508,,train,7,512.0792242304882,,,,,,,0.5243362780802503,,,,,,,1181.609101848208,0.023170816019049967,,,,,9.444196504177526,0.33648970999958283,,1,509,1,exact,0.023170816019049967,1213,,,,,,0.00030054099988774396,ad8a7b72602f118dfff44b53bab51a8842266c1d
dv3-train-matern2-003509,3,train,matern2,3509,,,,3:0:3:3509,,train,7,656.3590854150663,,,,,,,0.5020232491411715,,,,,,,1300.7512911399604,0.01959535246342745,,,,,10.16696149685325,0.3266040644870071,,1,663,1,exact,0.01959535246342745,1438,,,,,,0.0003705419985635672,7210ecf1c3149fa0fda7e4bc038bdaa1e7d718f6
dv3-train-matern2-003510,3,train,matern2,3510,,,,3:0:3:3510,,train,7,191.01935520827746,,,,,,,0.18728745920632006,,,,,,,202.38747996375074,0.013550958353434003,,,,,1.950106097420923,0.13138648444992443,,1,197,1,exact,0.013550958353434003,231,,,,,,7.279099736479111e-05,1babea620df7fc5cfb1b74cfba1829099aafb57b
dv3-train-matern2-003511,3,train,matern2,3511,,,,3:0:3:3511,,train,7,358.86357194632916,,,,,,,0.34389283949300237,,,,,,,448.6327265792681,0.018153419566409024,,,,,5.1782646126056315,0.23597529269806616,,1,343,1,exact,0.018153419566409024,458,,,,,,0.00011908300075447187,065cafa39671aab48f0d9458bd5538298ac0efb8
dv3-train-matern2-003512,3,train,matern2,3512,,,,3:0:3:3512,,train,7,233.4812000342482,,,,,,,0.12169536178605361,,,,,,,239.08727874901962,0.007964308381230186,,,,,0.688324191035425,0.0857712080843861,,1,268,1,exact,0.007964308381230186,285,,,,,,8.704199717612937e-05,d4391f9502be244d16c7b9b394f0b008b0df9cba
dv3-train-matern2-003513,3,train,matern2,3513,,,,3:0:3:3513,,train,7,394.415271884885,,,,,,,0.06265072837609525,,,,,,,396.8672384829374,0.0031546360586086086,,,,,0.1544511140806788,0.04426294780846422,,1,401,1,exact,0.0031546360586086086,416,,,,,,0.0001067080011125654,62b26b533f915e855f14004b7af5023fbb6eeae4
dv3-train-matern2-003514,3,train,matern2,3514,,,,3:0:3:3514,,train,7,140.50770007386814,,,,,,,0.12350046251597953,,,,,,,143.98558846784633,0.010418819676442195,,,,,0.9435516507583261,0.08703479969920132,,1,144,1,exact,0.010418819676442195,153,,,,,,5.700000110664405e-05,b9bf74c677b92e11e06c8e1b1d14eb96ccab48ce
dv3-train-matern2-003515,3,train,matern2,3515,,,,3:0:3:3515,,train,7,148.43013872831645,,,,,,,0.07228445893985024,,,,,,,149.66187373244477,0.005933130324065742,,,,,0.18573749468160303,0.05105468218175741,,1,150,1,exact,0.005933130324065742,153,,,,,,5.670800237567164e-05,f8917415d95395cf2eed79fa3405df54a623838d
dv3-train-matern2-003516,3,train,matern2,3516,,,,3:0:3:3516,,train,7,258.17629117523165,,,,,,,0.08598237343032977,,,,,,,261.22170006484635,0.0053512008292106545,,,,,0.3074009442117476,0.06070062151968798,,1,237,1,exact,0.0053512008292106545,243,,,,,,0.000167500002135057,458f5133bf97a49cc9967e5c07d8d46a60061642
dv3-train-matern2-003517,3,train,matern2,3517,,,,3:0:3:3517,,train,7,317.37675802973826,,,,,,,0.5293964311616045,,,,,,,765.6792763483053,0.02971621210006767,,,,,7.354108940270786,0.3385321191002217,,1,323,1,exact,0.02971621210006767,927,,,,,,0.0004342499996710103,1f7d478c76f3c74e7460b34f1eb2bc1b2eee6dbb
dv3-train-matern2-003518,3,train,matern2,3518,,,,3:0:3:3518,,train,7,158.80005734526034,,,,,,,0.06666250454118265,,,,,,,159.91897876253464,0.00529000763460703,,,,,0.1607601280279536,0.04709193852737362,,1,146,1,exact,0.00529000763460703,152,,,,,,0.00010145899796043523,ee2caac189fc681d531b5bce528f6a61ce23e8cb
dv3-train-matern2-003519,3,train,matern2,3519,,,,3:0:3:3519,,train,7,625.1285544068754,,,,,,,0.11194855648117326,,,,,,,637.7676811687237,0.004477481802909215,,,,,0.5135987397279824,0.07894184670350433,,1,637,1,exact,0.004477481802909215,654,,,,,,0.00025150000146823004,6566789ca039439c3b5c1aedf03ee6fc841c6d9b
dv3-train-matern2-003520,3,train,matern2,3520,,,,3:0:3:3520,,train,7,179.21615136401428,,,,,,,0.11128079370885911,,,,,,,182.7953693042427,0.008312499673456866,,,,,0.550413947768905,0.07847357535277785,,1,174,1,exact,0.008312499673456866,186,,,,,,0.00010791699969558977,c9b5298a1043a431d9bec98940d86a0f7bcc7c0a
dv3-train-matern2-003521,3,train,matern2,3521,,,,3:0:3:3521,,train,7,100.53067835091632,,,,,,,0.3241985911033188,,,,,,,122.01753307647294,0.03233417739381259,,,,,2.399790910965207,0.22332409040530538,,1,90,1,exact,0.03233417739381259,114,,,,,,8.54579993756488e-05,60242a55faf877be8bb5303a79cfe74d5e651839
dv3-train-matern2-003522,3,train,matern2,3522,,,,3:0:3:3522,,train,7,622.3410328347267,,,,,,,0.12269429593252922,,,,,,,637.5383707779172,0.004918244949704227,,,,,0.6236574569144197,0.08647052158525324,,1,644,1,exact,0.004918244949704227,678,,,,,,0.0002545419993111864,6a98b9feb6bbafc809ee24dbd24655dc59bbd097
dv3-train-matern2-003523,3,train,matern2,3523,,,,3:0:3:3523,,train,7,160.45241787995715,,,,,,,0.05315699472375355,,,,,,,161.1688362625986,0.004196500573413027,,,,,0.09985308156640153,0.037564606119566545,,1,182,1,exact,0.004196500573413027,189,,,,,,0.0001077919987437781,a883d600495fcdd02dba9c02968d4850ee88e137
dv3-train-matern2-003524,3,train,matern2,3524,,,,3:0:3:3524,,train,7,182.6888087728998,,,,,,,0.29890118607621446,,,,,,,214.4309397134837,0.02211422206718482,,,,,3.1043563281800344,0.2068124208358316,,1,198,1,exact,0.02211422206718482,252,,,,,,0.00012766600048053078,85788be56c6b0bc34791a669920cf5292c0c33e0
dv3-train-matern2-003525,3,train,matern2,3525,,,,3:0:3:3525,,train,7,705.4598147358327,,,,,,,0.18061415230935096,,,,,,,744.2853991948613,0.006800105289402866,,,,,1.4500472568078373,0.12677823461656232,,1,691,1,exact,0.006800105289402866,741,,,,,,0.00033054199957405217,65bbd637a98938f5d907f791ba6b635c84a2db6a
dv3-train-matern2-003526,3,train,matern2,3526,,,,3:0:3:3526,,train,7,253.46916858515328,,,,,,,0.2507626680103456,,,,,,,282.38383205353443,0.015750716396002912,,,,,3.2042015577241187,0.17472168386635914,,1,236,1,exact,0.015750716396002912,294,,,,,,0.00017416700211470015,4ce9c59726f686e715e8c3c1d0794ebbe8d4abeb
dv3-train-matern2-003527,3,train,matern2,3527,,,,3:0:3:3527,,train,7,117.75439523693811,,,,,,,0.11014545057211461,,,,,,,120.05713339317936,0.010150279486806945,,,,,0.6429094823481165,0.07767730208830388,,1,131,1,exact,0.010150279486806945,137,,,,,,0.00010083400047733448,e47a400de4339295c01978722ef35e362847616b
dv3-train-matern2-003528,3,train,matern2,3528,,,,3:0:3:3528,,train,7,688.6136865827572,,,,,,,0.48850321556901366,,,,,,,1272.2266518729502,0.01861570986569233,,,,,10.214854848246297,0.32005737577384996,,1,703,1,exact,0.01861570986569233,1410,,,,,,0.0005697089982277248,9d4e5d0e337e243ac96d255db63cfa9a2ec5535a
dv3-train-matern2-003529,3,train,matern2,3529,,,,3:0:3:3529,,train,7,516.2626417233117,,,,,,,0.2995547281389521,,,,,,,606.4528565347746,0.013183806771307927,,,,,5.494988137953467,0.20724235362321133,,1,538,1,exact,0.013183806771307927,667,,,,,,0.0002646249995450489,65f641caa7bef2c8943821985e21239291b39bd6
dv3-train-matern2-003530,3,train,matern2,3530,,,,3:0:3:3530,,train,7,334.5708653170581,,,,,,,0.13563766388506723,,,,,,,344.6290636277024,0.007415428323666466,,,,,0.8318176480973101,0.09552051565362929,,1,334,1,exact,0.007415428323666466,358,,,,,,0.0001551670029584784,6afaf66ab3dc5a3cd7d4072705a49d775d512a02
dv3-train-matern2-003531,3,train,matern2,3531,,,,3:0:3:3531,,train,7,105.97100624127714,,,,,,,0.2980022453309749,,,,,,,124.24589207342542,0.028948496138384006,,,,,2.274317774746612,0.20622077646575357,,1,108,1,exact,0.028948496138384006,123,,,,,,8.783399971434847e-05,85339b007311e02d43305bb40f34f61afdf51032
dv3-train-matern2-003532,3,train,matern2,3532,,,,3:0:3:3532,,train,7,108.01843775543082,,,,,,,0.12766328019475226,,,,,,,110.88195862167646,0.012283356402048948,,,,,0.8371405363792941,0.08994732016504348,,1,106,1,exact,0.012283356402048948,112,,,,,,8.32920013635885e-05,b205c49d4b9defff89b2484af3e248a6607d9e20
dv3-train-matern2-003533,3,train,matern2,3533,,,,3:0:3:3533,,train,7,237.21868395519454,,,,,,,0.1867279305226968,,,,,,,251.24526540547672,0.012123690415754286,,,,,2.1984331905395065,0.13100043236047543,,1,239,1,exact,0.012123690415754286,267,,,,,,0.00013054199735051952,9d40af16956bc0def8d643250767ffa06f9d03fa
dv3-train-matern2-003534,3,train,matern2,3534,,,,3:0:3:3534,,train,7,352.7588177854961,,,,,,,0.15443886967308942,,,,,,,366.6748376484067,0.008222761147219365,,,,,1.1349290257163624,0.10862585154223513,,1,371,1,exact,0.008222761147219365,401,,,,,,0.00016745799803175032,72f0b6ced8b10ad63b9f8b05d9ee1ba5d1db7f77
dv3-train-matern2-003535,3,train,matern2,3535,,,,3:0:3:3535,,train,7,383.24697840538045,,,,,,,0.0897147611546806,,,,,,,388.1756030838516,0.004582732794020785,,,,,0.32361195090463685,0.06332640097628031,,1,396,1,exact,0.004582732794020785,411,,,,,,0.00017204200048581697,a2c92d3daa41a582820bb52fcf2b18e10e7c0139
dv3-train-matern2-003536,3,train,matern2,3536,,,,3:0:3:3536,,train,7,307.4887353581413,,,,,,,0.18859154027333708,,,,,,,326.0650400770216,0.010754930353922465,,,,,2.6297969924045694,0.13228600854866135,,1,273,1,exact,0.010754930353922465,320,,,,,,0.00014566699974238873,3081b745ac73200479338119ae33b1be11d8170a
dv3-train-matern2-003537,3,train,matern2,3537,,,,3:0:3:3537,,train,7,117.22494205033493,,,,,,,0.4506733654475088,,,,,,,186.71510247532768,0.04162477307641323,,,,,3.6213881833937336,0.3001268459722028,,1,125,1,exact,0.04162477307641323,234,,,,,,0.00012795899965567514,7541055206e761a0eeedeeb0c22fa3d9b2bc4242
dv3-train-matern2-003538,3,train,matern2,3538,,,,3:0:3:3538,,train,7,202.70708191519867,,,,,,,0.4504864676256721,,,,,,,322.6739499861252,0.03164078783790196,,,,,4.906138234173211,0.30002353323425424,,1,203,1,exact,0.03164078783790196,369,,,,,,0.00016512499860255048,95a833f01308c0215eacb5a75ae2a10880bedeb6
dv3-train-matern2-003539,3,train,matern2,3539,,,,3:0:3:3539,,train,7,322.29430529263476,,,,,,,0.33389852970222483,,,,,,,396.75352828097374,0.01859893988532368,,,,,4.779743156363165,0.22957905611525348,,1,328,1,exact,0.01859893988532368,438,,,,,,0.0001824589999159798,4bfbe7abb3ce805b7b04c7254375edb4ab830461
dv3-train-matern2-003540,3,train,matern2,3540,,,,3:0:3:3540,,train,7,500.7786921216603,,,,,,,0.14739983480578353,,,,,,,518.6892046846651,0.006586793920861585,,,,,0.9587306508020288,0.10372530754433781,,1,514,1,exact,0.006586793920861585,549,,,,,,0.00022000000171829015,6e73a88042f05c73ed718a8c280dbdef5d258d18
dv3-train-matern2-003541,3,train,matern2,3541,,,,3:0:3:3541,,train,7,324.2315026446623,,,,,,,0.16419240251869366,,,,,,,338.7899329263813,0.00911854305676578,,,,,1.420015577647714,0.11540343711208408,,1,314,1,exact,0.00911854305676578,338,,,,,,0.00014829200154053979,0bff71f990fda43426d23d3e59369a6148c04a59
dv3-train-matern2-003542,3,train,matern2,3542,,,,3:0:3:3542,,train,7,170.73126539512748,,,,,,,0.44389334365440036,,,,,,,266.15899705806225,0.03397207725915019,,,,,4.3920335118942075,0.2963528880213195,,1,166,1,exact,0.03397207725915019,285,,,,,,0.0001393750026181806,8b61daf432f5e9be85de427aa4e576a14e66ddbd
dv3-train-matern2-003543,3,train,matern2,3543,,,,3:0:3:3543,,train,7,112.9068810948099,,,,,,,0.09427962110702087,,,,,,,114.51329177785958,0.008872737296199563,,,,,0.3555569946986791,0.06653622249980964,,1,108,1,exact,0.008872737296199563,114,,,,,,7.858400203986093e-05,0c4195b65b280263e52b3318ab8acb8c82d34b2b
dv3-train-matern2-003544,3,train,matern2,3544,,,,3:0:3:3544,,train,7,122.3817199117953,,,,,,,0.2455565363527069,,,,,,,135.6825185468379,0.022196945858323044,,,,,1.999286149296649,0.1712063083191064,,1,132,1,exact,0.022196945858323044,157,,,,,,9.900000077323057e-05,1239198a8ff9e2914c41de5ac3e28fe0d1fe0124
dv3-train-matern2-003545,3,train,matern2,3545,,,,3:0:3:3545,,train,7,449.4115265014042,,,,,,,0.151503226782144,,,,,,,466.4386543050386,0.007146605005822276,,,,,1.0347558478256826,0.10658298001973747,,1,453,1,exact,0.007146605005822276,483,,,,,,0.0001952499987964984,5e75290b9cc9712333ff1a2838fccef0c4910622
dv3-train-matern2-003546,3,train,matern2,3546,,,,3:0:3:3546,,train,7,365.0457491967057,,,,,,,0.11496673877858102,,,,,,,372.841306903027,0.006017257047408427,,,,,0.5525098132346286,0.08105775597002042,,1,378,1,exact,0.006017257047408427,396,,,,,,0.00016370800221920945,fe07a22011da0a22658ceaa8e1aa2b831ca9cdaf
dv3-train-matern2-003547,3,train,matern2,3547,,,,3:0:3:3547,,train,7,303.14929686566654,,,,,,,0.31594780898770963,,,,,,,363.75553891361886,0.01814625733430744,,,,,4.393307584697534,0.2179691802774171,,1,308,1,exact,0.01814625733430744,380,,,,,,0.00016070899800979532,7706a425852fbdbe772c6b1eefc13fb1ab4e36dd
dv3-train-matern2-003548,3,train,matern2,3548,,,,3:0:3:3548,,train,7,154.98324788082363,,,,,,,0.06360646280537412,,,,,,,155.97660804973307,0.005109270144630161,,,,,0.1436071371252283,0.04493699216863105,,1,154,1,exact,0.005109270144630161,155,,,,,,9.016699914354831e-05,ee3b0e41f4f87b19e61387c23cc565e5ee496dc4
dv3-train-matern2-003549,3,train,matern2,3549,,,,3:0:3:3549,,train,7,114.52654775670763,,,,,,,0.1554157858357594,,,,,,,119.10495317940807,0.014522522026529538,,,,,1.1206455417583245,0.10930537874505052,,1,113,1,exact,0.014522522026529538,128,,,,,,9.42089973250404e-05,e40713fec2db5e946565dbe7a70f6a8867a33a42
dv3-train-matern2-003550,3,train,matern2,3550,,,,3:0:3:3550,,train,7,759.030544749642,,,,,,,0.18431288645073962,,,,,,,802.6679223425278,0.006689999325306996,,,,,1.500880807250257,0.1293334505386161,,1,778,1,exact,0.006689999325306996,860,,,,,,0.000317083002300933,38c58ef6afe0f17decebf01f136f4b8285498eb4
dv3-train-matern2-003551,3,train,matern2,3551,,,,3:0:3:3551,,train,7,658.0711072020533,,,,,,,0.06047660831080805,,,,,,,661.8809786539042,0.0023574962744093743,,,,,0.14494666339267046,0.04272942358311375,,1,696,1,exact,0.0023574962744093743,702,,,,,,0.0002622499996505212,5160b1427c98c7756ef32a20d37908a9f0a2d3d7
dv3-train-matern2-003552,3,train,matern2,3552,,,,3:0:3:3552,,train,7,130.67579023234208,,,,,,,0.1263142097679342,,,,,,,134.06457962815497,0.011049805711525161,,,,,0.9177457960049105,0.08900367384886641,,1,138,1,exact,0.011049805711525161,153,,,,,,9.879100252874196e-05,6c9ef9a922dbb125ab5b247daacf2829ea69d19e
dv3-train-matern2-003553,3,train,matern2,3553,,,,3:0:3:3553,,train,7,296.9911541703734,,,,,,,0.05005786431025601,,,,,,,298.1663081152259,0.002904695150711681,,,,,0.09899361738578842,0.03537700023781661,,1,335,1,exact,0.002904695150711681,338,,,,,,0.00014433299656957388,cb98075d47cfea352ee0e3d9c066035b76586fdf
dv3-train-matern2-003554,3,train,matern2,3554,,,,3:0:3:3554,,train,7,167.66261527641598,,,,,,,0.08617424699658535,,,,,,,169.64931516171808,0.006655173455224287,,,,,0.29031567334988484,0.0608356348677121,,1,156,1,exact,0.006655173455224287,162,,,,,,0.00021091700182296336,6eec402c979de1e5995f03484c5662d45df1f3a1
dv3-train-matern2-003555,3,train,matern2,3555,,,,3:0:3:3555,,train,7,577.4059343863246,,,,,,,0.20931521731781239,,,,,,,621.2132869748742,0.008710842900868859,,,,,2.235115891625565,0.1465334738365263,,1,530,1,exact,0.008710842900868859,588,,,,,,0.00026649999927030876,24050596e4da63642f0b22a74eb47bc9e49d90f6
dv3-train-matern2-003556,3,train,matern2,3556,,,,3:0:3:3556,,train,7,787.4582194228593,,,,,,,0.07437631147243891,,,,,,,794.3810731939196,0.002650457693618229,,,,,0.2210421442828891,0.052528628338407254,,1,786,1,exact,0.002650457693618229,803,,,,,,0.0002569999996921979,905b48cc3e0b396536a494883894cff63dee1ff9
dv3-train-matern2-003557,3,train,matern2,3557,,,,3:0:3:3557,,train,7,516.8340942106548,,,,,,,0.1366810350455416,,,,,,,532.6215016882802,0.006012189784170688,,,,,0.8047755686582452,0.09624909949318262,,1,497,1,exact,0.006012189784170688,520,,,,,,0.00015837499813642353,8ee5f0b9be9e2866fb91711979a1b65a719a7186
dv3-train-matern2-003558,3,train,matern2,3558,,,,3:0:3:3558,,train,7,102.09329026718162,,,,,,,0.09893864024714778,,,,,,,103.69605199920063,0.009791908287146201,,,,,0.44483738250237714,0.06981033037101139,,1,102,1,exact,0.009791908287146201,107,,,,,,5.4208998335525393e-05,9a776533e82a01602870c7c83e097f95e60424d7
dv3-train-matern2-003559,3,train,matern2,3559,,,,3:0:3:3559,,train,7,475.63231508671635,,,,,,,0.3722910638544761,,,,,,,624.4722585071186,0.017070527249622398,,,,,6.382754721216859,0.2538508590792241,,1,470,1,exact,0.017070527249622398,668,,,,,,0.00017579199993633665,60e44e21f962844fe69892d2a843ebd377975877
dv3-train-matern2-003560,3,train,matern2,3560,,,,3:0:3:3560,,train,7,516.911964441401,,,,,,,0.31861102485815335,,,,,,,622.5140902470674,0.014013690038571655,,,,,5.707145887645415,0.21970100539153053,,1,515,1,exact,0.014013690038571655,637,,,,,,0.00016608299847575836,882c6916ba7953cda3fcc9200bc3893f6bd5b43c
dv3-train-matern2-003561,3,train,matern2,3561,,,,3:0:3:3561,,train,7,455.51221471421553,,,,,,,0.09365496387597785,,,,,,,461.90592322522724,0.004388143153910926,,,,,0.35883761699406796,0.06609709717935665,,1,478,1,exact,0.004388143153910926,493,,,,,,0.0001267080006073229,e6af7aa5ad6949c172bafc3853335bb54fc510e6
dv3-train-matern2-003562,3,train,matern2,3562,,,,3:0:3:3562,,train,7,494.5901537174109,,,,,,,0.15661476420402445,,,,,,,514.6853503019398,0.007042226153502686,,,,,1.1066959889596693,0.11013916510041626,,1,513,1,exact,0.007042226153502686,554,,,,,,0.0001438330000382848,c75aad4f182d98469fa2070f9afcfe54af42aabf
dv3-train-matern2-003563,3,train,matern2,3563,,,,3:0:3:3563,,train,7,671.7119889350198,,,,,,,0.14859748931748518,,,,,,,696.1472158952229,0.0057335013857288605,,,,,0.9378035168272245,0.10455963350085082,,1,647,1,exact,0.0057335013857288605,693,,,,,,0.00017070799731300212,9d89e8f3abb96b9a46d9e199998a6211eade6219
dv3-train-matern2-003564,3,train,matern2,3564,,,,3:0:3:3564,,train,7,159.81922087153342,,,,,,,0.110402232912377,,,,,,,162.9595288092356,0.008732997837830872,,,,,0.5387612162469657,0.0778574084458341,,1,160,1,exact,0.008732997837830872,169,,,,,,6.195800233399495e-05,f89615da9ec31e0f6171210f8119dcc657895f3a
dv3-train-matern2-003565,3,train,matern2,3565,,,,3:0:3:3565,,train,7,638.4943827811993,,,,,,,0.4084999183711613,,,,,,,904.742526616874,0.016166404223070842,,,,,8.143355427980163,0.2758802727602283,,1,625,1,exact,0.016166404223070842,974,,,,,,0.00024691699945833534,e6d54e57bad567f98449d337d75d37adcd4cb1ab
dv3-train-matern2-003566,3,train,matern2,3566,,,,3:0:3:3566,,train,7,762.4427022890916,,,,,,,0.08614906599258243,,,,,,,771.4718211339871,0.0031199452098261897,,,,,0.2983795089566476,0.06081791622616807,,1,797,1,exact,0.0031199452098261897,815,,,,,,0.00020516700169537216,f0cf1e3571aaadde57405167729ee1a1ec321b11
dv3-train-matern2-003567,3,train,matern2,3567,,,,3:0:3:3567,,train,7,515.8005366033864,,,,,,,0.3080364877917559,,,,,,,612.4600491034136,0.013563171965596995,,,,,5.490312283927576,0.21280643626217857,,1,538,1,exact,0.013563171965596995,687,,,,,,0.00018279199866810814,72a1cf9e91dd1c9a12c173d77cb0e95983dd491f
dv3-train-matern2-003568,3,train,matern2,3568,,,,3:0:3:3568,,train,7,145.49520584682935,,,,,,,0.09402122753531586,,,,,,,147.55372884536598,0.00779473895627747,,,,,0.34432003281268087,0.06635457964120403,,1,122,1,exact,0.00779473895627747,132,,,,,,5.300000339047983e-05,06e4c45677f0da1a980de72b295aa898ad5783b5
dv3-train-matern2-003569,3,train,matern2,3569,,,,3:0:3:3569,,train,7,667.562256409167,,,,,,,0.11611503901294092,,,,,,,682.1126356694737,0.004494098485156689,,,,,0.5535712804243024,0.08186251310645197,,1,640,1,exact,0.004494098485156689,655,,,,,,0.00015904199972283095,0a142fd25cae763174f29fd551d03a6316ee2759
dv3-train-matern2-003570,3,train,matern2,3570,,,,3:0:3:3570,,train,7,404.6732206338172,,,,,,,0.05386086847550569,,,,,,,406.5285448755112,0.002677448456494098,,,,,0.11390857949841193,0.038061389631028966,,1,401,1,exact,0.002677448456494098,409,,,,,,0.00010729199857451022,3adf05205fd07defb571d84703dd9520945b51eb
dv3-train-matern2-003571,3,train,matern2,3571,,,,3:0:3:3571,,train,7,458.0995311342161,,,,,,,0.22405398057155823,,,,,,,498.5351036352554,0.010468217570783367,,,,,3.769052619323152,0.15660767638884612,,1,471,1,exact,0.010468217570783367,531,,,,,,0.00013520799984689802,080913b59ac1ee02e31acad99e6d91c589307994
dv3-train-matern2-003572,3,train,matern2,3572,,,,3:0:3:3572,,train,7,661.6144171529785,,,,,,,0.10470621235686609,,,,,,,673.2768184752045,0.004070708176831769,,,,,0.44579627859313936,0.07386062665378944,,1,602,1,exact,0.004070708176831769,626,,,,,,0.00015154100037761964,f9f5e48b46459bc4668019768abe8baf2460d778
dv3-train-matern2-003573,3,train,matern2,3573,,,,3:0:3:3573,,train,7,300.1154193224871,,,,,,,0.4657324069994827,,,,,,,503.80377017015877,0.026883902016204515,,,,,6.442890870818775,0.3083070671412919,,1,308,1,exact,0.026883902016204515,568,,,,,,0.00015450000137207098,045406d2846505034e3112994c9c3875e9380dd3
dv3-train-matern2-003574,3,train,matern2,3574,,,,3:0:3:3574,,train,7,135.1448011976317,,,,,,,0.46912525145788175,,,,,,,229.80963452647828,0.04035423681971827,,,,,4.034853760833438,0.3101082558027591,,1,139,1,exact,0.04035423681971827,292,,,,,,8.650000017951243e-05,75164d1eddc0de7aa63bbb57c8cfeab72b16db54
dv3-train-matern2-003575,3,train,matern2,3575,,,,3:0:3:3575,,train,7,368.5829374736824,,,,,,,0.05596366073746646,,,,,,,370.40821050673145,0.002914999614798129,,,,,0.12133926757214517,0.03954535996378567,,1,376,1,exact,0.002914999614798129,384,,,,,,0.00010033299986389466,3cbd77249316cb1b5e44d730e1c8298f3545d8b8
dv3-train-matern2-003576,3,train,matern2,3576,,,,3:0:3:3576,,train,7,327.97561427578984,,,,,,,0.19496657239326248,,,,,,,349.2722336701718,0.010765628263499465,,,,,2.7899537743925804,0.13667845051341818,,1,329,1,exact,0.010765628263499465,368,,,,,,0.00010008399840444326,cf0a4c647cf0d4c60a48989bd8f58afed8154e71
dv3-train-matern2-003577,3,train,matern2,3577,,,,3:0:3:3577,,train,7,191.1045931178548,,,,,,,0.36022601207760135,,,,,,,245.49069769606925,0.026057905668894845,,,,,3.8379020664500274,0.24631362001110935,,1,191,1,exact,0.026057905668894845,268,,,,,,8.266700024250895e-05,3b8f05fe18a134d25fc9677b0703d4299b77303c
dv3-train-matern2-003578,3,train,matern2,3578,,,,3:0:3:3578,,train,7,566.3114780346593,,,,,,,0.23591743936906676,,,,,,,622.4739246435687,0.00991362218810073,,,,,3.4731558065713504,0.1646773883713962,,1,543,1,exact,0.00991362218810073,613,,,,,,0.0001573329973325599,8a4e2661c1d2beb11c4e887d5e549e285f3bfc9a
dv3-train-matern2-003579,3,train,matern2,3579,,,,3:0:3:3579,,train,7,220.71210079156808,,,,,,,0.06035918651699327,,,,,,,221.9849076755298,0.0040628454836580345,,,,,0.14200845900938652,0.042646591993325725,,1,218,1,exact,0.0040628454836580345,220,,,,,,6.87909996486269e-05,8b1d36eb6a3e8f98498689732f19d5fc9f3ca437
dv3-train-matern2-003580,3,train,matern2,3580,,,,3:0:3:3580,,train,7,428.6123028599664,,,,,,,0.31861361080752404,,,,,,,516.1771547316304,0.01538976569973846,,,,,5.258306882656816,0.2197026854388838,,1,427,1,exact,0.01538976569973846,561,,,,,,0.00014250000094762072,e96d4115e422ecd0c687c45fc82eb3eb89203df6
dv3-train-matern2-003581,3,train,matern2,3581,,,,3:0:3:3581,,train,7,196.73085341597167,,,,,,,0.25121673604871436,,,,,,,219.2673171355269,0.01791069056125492,,,,,2.702382929491007,0.1750279125663001,,1,193,1,exact,0.01791069056125492,231,,,,,,7.108300269464962e-05,9a2ff5c6b2733b67ee968dad225d467d748fb9f8
dv3-train-matern2-003582,3,train,matern2,3582,,,,3:0:3:3582,,train,7,135.76529853746823,,,,,,,0.14567795749515125,,,,,,,140.5028960833984,0.012502574591195496,,,,,1.1503690712019974,0.10252542233481556,,1,135,1,exact,0.012502574591195496,151,,,,,,5.6207998568424955e-05,645278ab7f1c2c357d01d8e2b4f9e4fdfd513141
dv3-train-matern2-003583,3,train,matern2,3583,,,,3:0:3:3583,,train,7,165.58877360304393,,,,,,,0.05888333607770855,,,,,,,166.49722927745344,0.004575904609542842,,,,,0.1254697179009551,0.041605433194776976,,1,150,1,exact,0.004575904609542842,153,,,,,,5.558300108532421e-05,395ac06824297c56a3181b85be73d5a74b3311f3
dv3-train-matern2-003584,3,train,matern2,3584,,,,3:0:3:3584,,train,7,421.88254820099405,,,,,,,0.1805956897650376,,,,,,,445.09611383935686,0.00879248428242602,,,,,1.6620842640257245,0.1267654735519741,,1,388,1,exact,0.00879248428242602,418,,,,,,0.00011029199959011748,a4e21ae69fd6da005ac481d43be976df943c6d84
dv3-train-matern2-003585,3,train,matern2,3585,,,,3:0:3:3585,,train,7,179.98072229838374,,,,,,,0.21967837990315947,,,,,,,195.1816005698583,0.016374736565399235,,,,,2.234600456941829,0.15362231285123237,,1,182,1,exact,0.016374736565399235,218,,,,,,6.795800072723068e-05,247c02584fbdd957f04c43202c9e1064f146601d
dv3-train-matern2-003586,3,train,matern2,3586,,,,3:0:3:3586,,train,7,289.91047141164626,,,,,,,0.38067275942175727,,,,,,,386.8212245879266,0.0223573254700864,,,,,5.107801383932157,0.25903294343141675,,1,282,1,exact,0.0223573254700864,433,,,,,,0.00011395899855415337,0b31cd426be8d6980b59ed0a2d87ec441276482c
dv3-train-matern2-003587,3,train,matern2,3587,,,,3:0:3:3587,,train,7,543.6916789003786,,,,,,,0.2963645326239896,,,,,,,636.1775152807704,0.012710126856854777,,,,,5.547815081395003,0.20514208773279968,,1,546,1,exact,0.012710126856854777,672,,,,,,0.00016566699923714623,5e5648bdc876a1ac3a0fef41d5b32018719dc90f
dv3-train-matern2-003588,3,train,matern2,3588,,,,3:0:3:3588,,train,7,183.44359198293463,,,,,,,0.24591918741146093,,,,,,,203.44859231925517,0.01815687661301123,,,,,2.5590083267432537,0.1714514375013505,,1,164,1,exact,0.01815687661301123,198,,,,,,6.516599751194008e-05,387752f58e65605eb10ac0994156a85fd1a716ac
dv3-train-matern2-003589,3,train,matern2,3589,,,,3:0:3:3589,,train,7,406.87276713362905,,,,,,,0.05591801462365528,,,,,,,408.8843494351711,0.002772186422011822,,,,,0.12302399301819414,0.03951314926261622,,1,402,1,exact,0.002772186422011822,411,,,,,,0.00010620800094329752,b9024d1ff7f87038d3dfd010bb4f9aa3c2879945
dv3-train-matern2-003590,3,train,matern2,3590,,,,3:0:3:3590,,train,7,113.14719676356223,,,,,,,0.4528120693736116,,,,,,,181.4929038098429,0.0425692594179482,,,,,3.5856405344655475,0.3013060818729384,,1,111,1,exact,0.0425692594179482,196,,,,,,6.52089984214399e-05,f584a94bb0d6879a67423c11e1e989df4a5763dc
dv3-train-matern2-003591,3,train,matern2,3591,,,,3:0:3:3591,,train,7,761.9042908813366,,,,,,,0.3707025395610863,,,,,,,997.3662806691179,0.013429979555202084,,,,,8.219913570601998,0.2528636140739018,,1,788,1,exact,0.013429979555202084,1100,,,,,,0.00027224999939789996,6f76479859f18e92a435ef88708ec9ad0ea96390
dv3-train-matern2-003592,3,train,matern2,3592,,,,3:0:3:3592,,train,7,310.2085591689234,,,,,,,0.145236560897604,,,,,,,320.96487909429595,0.008246108945508382,,,,,1.016400407697698,0.10221776707392137,,1,331,1,exact,0.008246108945508382,351,,,,,,9.458299973630346e-05,2003706a7264632ae8657373130f70d971ee5028
dv3-train-matern2-003593,3,train,matern2,3593,,,,3:0:3:3593,,train,7,366.7396378966329,,,,,,,0.05961738538191322,,,,,,,368.8025066395231,0.003113106652374161,,,,,0.1382032220701392,0.04212329337884917,,1,348,1,exact,0.003113106652374161,353,,,,,,9.40000027185306e-05,4be0d1018d3fc7dac341081fd8cbd91ba28f268b
dv3-train-matern2-003594,3,train,matern2,3594,,,,3:0:3:3594,,train,7,214.9821184685984,,,,,,,0.3265484046142848,,,,,,,261.8086135682739,0.02227134252307896,,,,,3.6819176223670262,0.22484346278127207,,1,226,1,exact,0.02227134252307896,300,,,,,,8.820799848763272e-05,11a4fa5690f37bc82e7270bf75735721d3daa0c7
dv3-train-matern2-003595,3,train,matern2,3595,,,,3:0:3:3595,,train,7,251.14772853045744,,,,,,,0.17493425405663798,,,,,,,264.05449271438755,0.011038504274506021,,,,,2.1296203598070473,0.12284938996843955,,1,259,1,exact,0.011038504274506021,290,,,,,,8.037500083446503e-05,74b90faa933f678bf17165a2eacd507dd747ea6e
dv3-train-matern2-003596,3,train,matern2,3596,,,,3:0:3:3596,,train,7,126.91586735458009,,,,,,,0.4599854562295068,,,,,,,208.64743632017772,0.0408306354904156,,,,,3.8367799658859796,0.3052199175018109,,1,125,1,exact,0.0408306354904156,252,,,,,,7.96249987615738e-05,8b84381269370f937d6e4cbf86bab15513cfd87a
dv3-train-matern2-003597,3,train,matern2,3597,,,,3:0:3:3597,,train,7,367.83488975955805,,,,,,,0.2713954337485968,,,,,,,418.3587244265476,0.014150639795250525,,,,,3.9362115947875926,0.1885725737123912,,1,363,1,exact,0.014150639795250525,443,,,,,,0.00011399999857530929,eea137570a6fdfe9fa0d42a846de6d80fee40281
dv3-train-matern2-003598,3,train,matern2,3598,,,,3:0:3:3598,,train,7,105.13941344207356,,,,,,,0.12744945726375842,,,,,,,107.9169524126871,0.012429544555636777,,,,,0.8019435775658913,0.08979777057259339,,1,90,1,exact,0.012429544555636777,102,,,,,,4.5916000090073794e-05,43808721eb027c3f8d71a8211d6ec84f7dac3c4a
dv3-train-matern2-003599,3,train,matern2,3599,,,,3:0:3:3599,,train,7,400.1997136960175,,,,,,,0.08097463373434326,,,,,,,404.37908066822865,0.004047721331080737,,,,,0.2627746691759488,0.0571758506000527,,1,397,1,exact,0.004047721331080737,411,,,,,,0.00010575000123935752,037e8cb14f683c8b6361bba7599fe90784d180d9
dv3-train-matern2-003600,3,train,matern2,3600,,,,3:0:3:3600,,train,7,135.0142542950611,,,,,,,0.2206998212196397,,,,,,,146.53607069784744,0.018993813541820545,,,,,1.8376433009385782,0.15431963756717504,,1,136,1,exact,0.018993813541820545,155,,,,,,5.6916996982181445e-05,8c86d39dd6f593a93e7f375dffa1b4015d0d08ee
dv3-train-matern2-003601,3,train,matern2,3601,,,,3:0:3:3601,,train,7,359.71208812187126,,,,,,,0.1570212675122628,,,,,,,374.4073513138308,0.008279058712805598,,,,,1.1754741633545653,0.11042180189012375,,1,371,1,exact,0.008279058712805598,392,,,,,,0.00010316699990653433,faa322c5bbabb0a571e3529e784f53fb81a8dc24
dv3-train-matern2-003602,3,train,matern2,3602,,,,3:0:3:3602,,train,7,365.2795763576408,,,,,,,0.27129649184642707,,,,,,,415.4088402563869,0.014194872064613116,,,,,4.055048190581004,0.18850647925546443,,1,371,1,exact,0.014194872064613116,456,,,,,,0.00011525000081746839,f3f94993d9e68dc3c07365239e2b3c20dea4af8a
dv3-train-matern2-003603,3,train,matern2,3603,,,,3:0:3:3603,,train,7,173.88163011042823,,,,,,,0.2144210323149511,,,,,,,187.79669867343898,0.016260748436620422,,,,,2.1478103563583106,0.15002921836484753,,1,169,1,exact,0.016260748436620422,190,,,,,,6.208300328580663e-05,2d738bf8e938c396fb7be4c7c5ccf7ec33de2b22
dv3-train-matern2-003604,3,train,matern2,3604,,,,3:0:3:3604,,train,7,215.99480138373855,,,,,,,0.11847839870275162,,,,,,,220.90218989584437,0.008061530966257705,,,,,0.6424684086447565,0.08351834719029667,,1,253,1,exact,0.008061530966257705,263,,,,,,7.679099871893413e-05,0d27cdeb6b0f0fb460c994fc2cda506aaae7dd7c
dv3-train-matern2-003605,3,train,matern2,3605,,,,3:0:3:3605,,train,7,110.99635696115861,,,,,,,0.5473372711801014,,,,,,,334.0912989647548,0.05195180727195644,,,,,4.292058158529446,0.3449511991159852,,1,116,1,exact,0.05195180727195644,425,,,,,,0.0001252919973921962,cd64ee83dea6166fc33a39a590f94bd8cff18e17
dv3-train-matern2-003606,3,train,matern2,3606,,,,3:0:3:3606,,train,7,120.20436178412768,,,,,,,0.09039310596586213,,,,,,,121.7740868233534,0.008244706421033266,,,,,0.3102553997639348,0.06380349926700866,,1,114,1,exact,0.008244706421033266,122,,,,,,5.158399653737433e-05,0d257af535baa56feb0fc1c1a1f11dde260ddfbd
dv3-train-matern2-003607,3,train,matern2,3607,,,,3:0:3:3607,,train,7,636.2326958589496,,,,,,,0.08854465449132706,,,,,,,644.1991693767229,0.0035103818125852733,,,,,0.3148615428874275,0.06250334166848398,,1,629,1,exact,0.0035103818125852733,647,,,,,,0.00015662500300095417,d8b36d04e7395d00198971f222f462d93e6a11cd
dv3-train-matern2-003608,3,train,matern2,3608,,,,3:0:3:3608,,train,7,458.3765220326633,,,,,,,0.07628209618947358,,,,,,,462.61803766724984,0.003562964015617707,,,,,0.23439324362285469,0.05387120345418065,,1,472,1,exact,0.003562964015617707,484,,,,,,0.00012029199933749624,fecbe05c86c5f1268606ee5ed2e4d2a9a4c67ef4
dv3-train-matern2-003609,3,train,matern2,3609,,,,3:0:3:3609,,train,7,105.00139856328347,,,,,,,0.44563420747630317,,,,,,,164.57695324971255,0.04348915592923822,,,,,3.415623126575077,0.2973269520529324,,1,117,1,exact,0.04348915592923822,195,,,,,,6.57499986118637e-05,42ec77511493b410146c70acbd3541e3a5af33a2
dv3-train-matern2-003610,3,train,matern2,3610,,,,3:0:3:3610,,train,7,194.36944312486554,,,,,,,0.49979010273741076,,,,,,,380.42298685945354,0.03584872023746634,,,,,5.356230377215581,0.3255481936041968,,1,187,1,exact,0.03584872023746634,446,,,,,,0.00012237500050105155,f4a498658f73f500315b2a411ba98c40a7299f1e
dv3-train-matern2-003611,3,train,matern2,3611,,,,3:0:3:3611,,train,7,103.92669474750554,,,,,,,0.2642496640296024,,,,,,,117.3263122080686,0.025920948317312887,,,,,2.000075814986585,0.18379081155569632,,1,112,1,exact,0.025920948317312887,146,,,,,,5.491699994308874e-05,0eb218760e70a9843df42bf298731012982d50c9
dv3-train-matern2-003612,3,train,matern2,3612,,,,3:0:3:3612,,train,7,192.28460548310773,,,,,,,0.19883065436004993,,,,,,,205.31632755892633,0.014338743108139736,,,,,2.1142128750575755,0.13933676309612317,,1,202,1,exact,0.014338743108139736,228,,,,,,7.008300235611387e-05,bd06b01dc1b076a973ecda7c3a9a61111e051a9b
dv3-train-matern2-003613,3,train,matern2,3613,,,,3:0:3:3613,,train,7,101.5685659146526,,,,,,,0.280628367834084,,,,,,,116.68592849393286,0.02784530056719774,,,,,2.093673013814426,0.19472561419760961,,1,106,1,exact,0.02784530056719774,140,,,,,,5.3750001825392246e-05,7261fb2efee46918e751efc0636f2b4a7fb8004b
dv3-train-matern2-003614,3,train,matern2,3614,,,,3:0:3:3614,,train,7,310.0756807123484,,,,,,,0.18339587168247984,,,,,,,327.71159997451196,0.010414914341548008,,,,,2.5181380168297776,0.12870018713483156,,1,281,1,exact,0.010414914341548008,298,,,,,,8.324999726028182e-05,1dfa7744f40f892448caefe8fc4ae5ee912fe800
dv3-train-matern2-003615,3,train,matern2,3615,,,,3:0:3:3615,,train,7,441.9968819114596,,,,,,,0.06515007840435184,,,,,,,444.970268311728,0.0030988841442880035,,,,,0.16908182817989448,0.046025532784443636,,1,407,1,exact,0.0030988841442880035,413,,,,,,0.00010575000123935752,87f9612e216f02759f62d9126acada4dda87381c
dv3-train-matern2-003616,3,train,matern2,3616,,,,3:0:3:3616,,train,7,592.4807213593078,,,,,,,0.4234034993663377,,,,,,,871.3377138805865,0.017394715552953518,,,,,8.04595234685682,0.28464664697926056,,1,599,1,exact,0.017394715552953518,953,,,,,,0.00023554200015496463,cbc530ae4900e306f6383afbd141c02ff4a0a776
dv3-train-matern2-003617,3,train,matern2,3617,,,,3:0:3:3617,,train,7,224.32007889514637,,,,,,,0.46344841515832896,,,,,,,373.40112285181937,0.03094334979935718,,,,,5.392678557010073,0.3070854970101875,,1,215,1,exact,0.03094334979935718,404,,,,,,0.00011037500007660128,3eb79b3b5a31a02b24ecf584029b5e9b07025120
dv3-train-matern2-003618,3,train,matern2,3618,,,,3:0:3:3618,,train,7,687.5573079277914,,,,,,,0.16866985755545297,,,,,,,720.2461356887044,0.0064325478711860125,,,,,1.2423935841243368,0.11850951076717722,,1,659,1,exact,0.0064325478711860125,709,,,,,,0.0001695830032986123,7a1f57a640b3797d3f7e5fe51d2bc0e5dcab5fb6
dv3-train-matern2-003619,3,train,matern2,3619,,,,3:0:3:3619,,train,7,137.05889384554703,,,,,,,0.07765048879214051,,,,,,,138.3736454115672,0.006632703485483457,,,,,0.21633663929140487,0.05483504007593429,,1,130,1,exact,0.006632703485483457,135,,,,,,5.137499829288572e-05,9f391159bd4dc390e3d77892739a6c78a279dc2d
dv3-train-matern2-003620,3,train,matern2,3620,,,,3:0:3:3620,,train,7,207.61261759591827,,,,,,,0.13503498637035943,,,,,,,213.79651030317964,0.009371722767159134,,,,,0.9550679297948902,0.09509960103871878,,1,213,1,exact,0.009371722767159134,224,,,,,,6.787500024074689e-05,394ef23c9eb7995aa1ad4d95988241d359077481
dv3-train-matern2-003621,3,train,matern2,3621,,,,3:0:3:3621,,train,7,221.4082154812407,,,,,,,0.0743950705727403,,,,,,,223.35569541713116,0.0049997385478033835,,,,,0.22094294473992532,0.052541844874936905,,1,224,1,exact,0.0049997385478033835,229,,,,,,6.949999806238338e-05,99e3b9522e77ef267a1363e117fb5a62752a42d6
dv3-train-matern2-003622,3,train,matern2,3622,,,,3:0:3:3622,,train,7,300.0054121830379,,,,,,,0.15420476584208964,,,,,,,311.80260020377125,0.008902936000088884,,,,,1.2253255824403533,0.1084629906683474,,1,309,1,exact,0.008902936000088884,334,,,,,,8.99580008990597e-05,834d52ff7362bd9c7d32d5326b01ca4f6eb11032
dv3-train-matern2-003623,3,train,matern2,3623,,,,3:0:3:3623,,train,7,169.52554903864353,,,,,,,0.13081482231711725,,,,,,,174.25264573745733,0.010047068791676692,,,,,0.9882560795879558,0.09215086995529508,,1,161,1,exact,0.010047068791676692,171,,,,,,5.758399856858887e-05,d40af0ad5203e398a8e62081fa50305e883d2dfe
dv3-train-matern2-003624,3,train,matern2,3624,,,,3:0:3:3624,,train,7,140.19706445161754,,,,,,,0.06717362595409092,,,,,,,141.20025895271309,0.0056732161634659856,,,,,0.15679733809348695,0.047452296221640856,,1,141,1,exact,0.0056732161634659856,147,,,,,,5.0291000661673024e-05,03a8d293b902091d56fbec70820771da0a8b49dd
dv3-train-matern2-003625,3,train,matern2,3625,,,,3:0:3:3625,,train,7,330.19723274930215,,,,,,,0.3758411597228925,,,,,,,436.45359583137076,0.020683194923926063,,,,,5.408085090885168,0.25605136113931165,,1,330,1,exact,0.020683194923926063,449,,,,,,0.0001187919988296926,31773b501e5ece795f2451d853dd2100c47e0674
dv3-train-matern2-003626,3,train,matern2,3626,,,,3:0:3:3626,,train,7,120.64322508897021,,,,,,,0.19581471580532372,,,,,,,128.55142479647003,0.017827640073874926,,,,,1.5258412444951397,0.13726220178350979,,1,135,1,exact,0.017827640073874926,153,,,,,,5.483299901243299e-05,90cc49134545adaaadbd8ecc00f256b72dda3b6d
dv3-train-matern2-003627,3,train,matern2,3627,,,,3:0:3:3627,,train,7,380.6507640712401,,,,,,,0.21948750453906177,,,,,,,412.7376062360666,0.011249842645101028,,,,,3.340382602480445,0.15349197657879912,,1,356,1,exact,0.011249842645101028,406,,,,,,0.00010445800216984935,74ede5dba88154460676ac4133c03b851628e457
dv3-train-matern2-003628,3,train,matern2,3628,,,,3:0:3:3628,,train,7,519.0476182658796,,,,,,,0.22677661243836852,,,,,,,566.1227989132184,0.00995393183370742,,,,,3.250063212607039,0.1584628566279315,,1,521,1,exact,0.00995393183370742,594,,,,,,0.00014579100025002845,51e654d5c5d6184e71945c6644f98e80fb863715
dv3-train-matern2-003629,3,train,matern2,3629,,,,3:0:3:3629,,train,7,371.3151936117436,,,,,,,0.07388481408077222,,,,,,,374.5360710880647,0.0038342800041859188,,,,,0.21443525993809062,0.0521823400456094,,1,358,1,exact,0.0038342800041859188,366,,,,,,0.0002391660018474795,b5ab85062474812df53edf93e966559ba8696005
dv3-train-matern2-003630,3,train,matern2,3630,,,,3:0:3:3630,,train,7,311.9680054786238,,,,,,,0.5235874139265525,,,,,,,715.4244520304683,0.02964382018241644,,,,,7.2246823097147335,0.33618031382354774,,1,299,1,exact,0.02964382018241644,774,,,,,,0.00036058299883734435,8f257473214ce75ea10a8834e1d114c156ca4644
dv3-train-matern2-003631,3,train,matern2,3631,,,,3:0:3:3631,,train,7,166.67157496733546,,,,,,,0.4518169404321061,,,,,,,266.46994759506435,0.034997074391861796,,,,,4.394839307937512,0.3007580758539435,,1,173,1,exact,0.034997074391861796,311,,,,,,0.0001610409999557305,1378f39c7cb612339ed75cd9c8d9cb9996ab5eac
dv3-train-matern2-003632,3,train,matern2,3632,,,,3:0:3:3632,,train,7,424.21827331114616,,,,,,,0.12334367672206975,,,,,,,434.69112205425824,0.005988557227604946,,,,,0.6481280904865142,0.0869250632185835,,1,431,1,exact,0.005988557227604946,450,,,,,,0.0001865840022219345,0f387ac0a31bfa497bce40de911bfa3b53ffbacb
dv3-train-matern2-003633,3,train,matern2,3633,,,,3:0:3:3633,,train,7,627.0731986150412,,,,,,,0.3175347796969443,,,,,,,754.0666027987579,0.012680377446944925,,,,,6.098567835916568,0.21900152810813983,,1,643,1,exact,0.012680377446944925,808,,,,,,0.0003066669996769633,75c2c0f184cea7bed4c64f6b40a93a6457ebbc62
dv3-train-matern2-003634,3,train,matern2,3634,,,,3:0:3:3634,,train,7,166.2676851605917,,,,,,,0.2188370258772829,,,,,,,180.19069293892423,0.016971369094141035,,,,,2.0975441675994606,0.15304774105172114,,1,176,1,exact,0.016971369094141035,209,,,,,,0.00011191599696758203,ca4ceb4c59146db88764f305b04e6ee14e1ec5e4
dv3-train-matern2-003635,3,train,matern2,3635,,,,3:0:3:3635,,train,7,493.75538607049566,,,,,,,0.09181761869285772,,,,,,,500.41176416545613,0.00413209313792517,,,,,0.3448409462043978,0.06480526920452305,,1,509,1,exact,0.00413209313792517,523,,,,,,0.00020720899919979274,80be016d09dc197878beedaf8675fc9244e0dbcf
dv3-train-matern2-003636,3,train,matern2,3636,,,,3:0:3:3636,,train,7,663.1153533296792,,,,,,,0.07968212776508908,,,,,,,669.8181269538871,0.0030943282402567116,,,,,0.25409493182469123,0.05626578626024818,,1,669,1,exact,0.0030943282402567116,688,,,,,,0.0002548749980633147,4c20fb6df7442a6496d13bf2d12373759c51931e
dv3-train-matern2-003637,3,train,matern2,3637,,,,3:0:3:3637,,train,7,183.4414815995976,,,,,,,0.056625046495094256,,,,,,,184.37165383410786,0.004180803894370928,,,,,0.11941212059816463,0.04001206217103963,,1,177,1,exact,0.004180803894370928,181,,,,,,0.00010325000039301813,7c1995a1ce6e788c486d1a7fb5efdedee0d4162d
dv3-train-matern2-003638,3,train,matern2,3638,,,,3:0:3:3638,,train,7,675.730651142243,,,,,,,0.13922869722632197,,,,,,,697.1816397846585,0.0053560170388844905,,,,,0.8141771980724024,0.09802750882325875,,1,672,1,exact,0.0053560170388844905,705,,,,,,0.00026291599715477787,26b6dfed914b72c21e00580cec37f4958312c422
dv3-train-matern2-003639,3,train,matern2,3639,,,,3:0:3:3639,,train,7,119.92051139037791,,,,,,,0.09735894683249835,,,,,,,121.74229055652563,0.008890560289788853,,,,,0.3830834433177419,0.06870043075769502,,1,105,1,exact,0.008890560289788853,110,,,,,,0.00013695900270249695,5be973bdf266632ca602d27b40d1fd3365f4abc2
dv3-train-matern2-003640,3,train,matern2,3640,,,,3:0:3:3640,,train,7,531.0550753269274,,,,,,,0.06876149553288065,,,,,,,535.0386922457711,0.002983840002329773,,,,,0.18947100162958805,0.0485716923039019,,1,513,1,exact,0.002983840002329773,526,,,,,,0.0002462090014887508,7c52cc2e3eaf4a5abe8ebb744d1209a7335cf8de
dv3-train-matern2-003641,3,train,matern2,3641,,,,3:0:3:3641,,train,7,739.6467044669968,,,,,,,0.05108652560689281,,,,,,,742.6955747751095,0.0018784264896352673,,,,,0.10361072509803251,0.036103159713234696,,1,744,1,exact,0.0018784264896352673,755,,,,,,0.0002970000023196917,883ea663f57f318507fca4a8ad260cea35f22e44
dv3-train-matern2-003642,3,train,matern2,3642,,,,3:0:3:3642,,train,7,116.73796977825278,,,,,,,0.2187568883706094,,,,,,,126.50545358240679,0.020246766263485344,,,,,1.716435395695113,0.15299300515645256,,1,112,1,exact,0.020246766263485344,133,,,,,,0.00010379100058344193,b6ca155c38ef3c4f885a604e8f84d19f218d6a39
dv3-train-matern2-003643,3,train,matern2,3643,,,,3:0:3:3643,,train,7,437.2037811149108,,,,,,,0.297649294873321,,,,,,,512.3784670553943,0.014235178045595959,,,,,4.9859162188840385,0.2059883925179896,,1,460,1,exact,0.014235178045595959,559,,,,,,0.00023366599998553284,3dd5eb4e54e4c7a321044d023040a89c8c6e9a9b
dv3-train-matern2-003644,3,train,matern2,3644,,,,3:0:3:3644,,train,7,639.6905779976305,,,,,,,0.28079016752835345,,,,,,,735.034250421663,0.011101889974879688,,,,,5.505131557054307,0.1948331772509882,,1,620,1,exact,0.011101889974879688,747,,,,,,0.00029266699857544154,a5494047b833ede0068dd4e72cc0721f4f726917
dv3-train-matern2-003645,3,train,matern2,3645,,,,3:0:3:3645,,train,7,335.98797781466277,,,,,,,0.11925654157837705,,,,,,,343.72531811716766,0.006506094121103436,,,,,0.6131046577134991,0.08406339593009227,,1,349,1,exact,0.006506094121103436,370,,,,,,0.00016166600107681006,3b7fdba0d09d2600617765336242fd72e20487e8
dv3-train-matern2-003646,3,train,matern2,3646,,,,3:0:3:3646,,train,7,653.7313746292521,,,,,,,0.22465323179128904,,,,,,,711.7817764539611,0.008786441185067047,,,,,2.579653057456059,0.157016161451995,,1,603,1,exact,0.008786441185067047,668,,,,,,0.00025800000003073364,2336ee257112bf397b06a1ce3af78a3190718f1c
dv3-train-matern2-003647,3,train,matern2,3647,,,,3:0:3:3647,,train,7,728.2946781711154,,,,,,,0.25597249937988414,,,,,,,815.4422656831854,0.009485052537777913,,,,,3.7114897051425952,0.17823156004938887,,1,698,1,exact,0.009485052537777913,815,,,,,,0.00030366699866135605,ecd05090ce56212f5e34de3d027233531b1bd806
dv3-train-matern2-003648,3,train,matern2,3648,,,,3:0:3:3648,,train,7,597.4829738165371,,,,,,,0.46935941655004126,,,,,,,1016.921675709271,0.019201836542101013,,,,,9.066672289941922,0.3102319638320497,,1,623,1,exact,0.019201836542101013,1123,,,,,,0.0004220410010020714,235a42e794b59eab3390c17b365cbce3df91292d
dv3-train-matern2-003649,3,train,matern2,3649,,,,3:0:3:3649,,train,7,284.6940600992206,,,,,,,0.4423038534699364,,,,,,,441.6656824924045,0.026213892858612114,,,,,5.9133743219630075,0.29546055395186466,,1,289,1,exact,0.026213892858612114,465,,,,,,0.00019904100190615281,cd8509c9123faa12122d20dd551e6a03af1f4e3d
dv3-train-matern2-003650,3,train,matern2,3650,,,,3:0:3:3650,,train,7,497.15561759569545,,,,,,,0.055311586454862983,,,,,,,499.5601931239706,0.002480675398193312,,,,,0.12196553368683218,0.039085206068756595,,1,520,1,exact,0.002480675398193312,530,,,,,,0.00020966600277461112,f6ed05ba7845a3e13cfc3ccaca393da393025839
dv3-train-matern2-003651,3,train,matern2,3651,,,,3:0:3:3651,,train,7,116.04474853270517,,,,,,,0.19915555066477483,,,,,,,123.93756981668776,0.018487563098228736,,,,,1.5162830630976212,0.1395601337522437,,1,125,1,exact,0.018487563098228736,147,,,,,,0.00010000000111176632,d4e9156bf359ce14ae0177d94bd07c8c8aeec9ff
dv3-train-matern2-003652,3,train,matern2,3652,,,,3:0:3:3652,,train,7,124.46635106049256,,,,,,,0.2454755758867432,,,,,,,137.98345534732067,0.022003020770408797,,,,,2.033266259812488,0.17115157903527364,,1,107,1,exact,0.022003020770408797,131,,,,,,9.416700049769133e-05,b4c4f06d5f63148bd264038996ba6edf107be66f
dv3-train-matern2-003653,3,train,matern2,3653,,,,3:0:3:3653,,train,7,219.2554184638679,,,,,,,0.08025420851552886,,,,,,,221.50402895659278,0.005419917158399409,,,,,0.2595274074688722,0.05666860869421234,,1,193,1,exact,0.005419917158399409,197,,,,,,0.00011170799916726537,bdf73f8e48f2ce1030e1db56c959954a60ddd7b5
dv3-train-matern2-003654,3,train,matern2,3654,,,,3:0:3:3654,,train,7,483.3635648214046,,,,,,,0.06282770235248052,,,,,,,486.38563992662074,0.0028576841244763347,,,,,0.1579515117243498,0.04438776509550604,,1,495,1,exact,0.0028576841244763347,503,,,,,,0.0002029999996011611,ee7a4cd06f11000495fceb6382bb215cad5f3119
dv3-train-matern2-003655,3,train,matern2,3655,,,,3:0:3:3655,,train,7,345.41265537469553,,,,,,,0.18795599729779514,,,,,,,366.1281929015184,0.010113164349566444,,,,,2.3214528173808238,0.13184766800988892,,1,356,1,exact,0.010113164349566444,399,,,,,,0.0001726669979689177,79f38dbccfcbfe22e973f83ca8b4b9b221fbb3bc
dv3-train-matern2-003656,3,train,matern2,3656,,,,3:0:3:3656,,train,7,218.1616287613696,,,,,,,0.1342418599531257,,,,,,,224.5806070387892,0.009088637398957,,,,,0.9162004981204607,0.0945456020712824,,1,207,1,exact,0.009088637398957,224,,,,,,0.0001206660017487593,3e4be881e955cf13417a77ad4e7369b601b9541b
dv3-train-matern2-003657,3,train,matern2,3657,,,,3:0:3:3657,,train,7,407.38868023365865,,,,,,,0.07334658626787403,,,,,,,410.87058401271645,0.003633920540574989,,,,,0.2145064321712566,0.05180310829572632,,1,410,1,exact,0.003633920540574989,421,,,,,,0.00018479199934517965,8be5c113e578404f4ec23bf952f9cc8fde7ba719
dv3-train-matern2-003658,3,train,matern2,3658,,,,3:0:3:3658,,train,7,117.09079066178427,,,,,,,0.2534047329973148,,,,,,,130.77679615770654,0.023418191490627863,,,,,1.9978061843966572,0.1765026655152835,,1,108,1,exact,0.023418191490627863,137,,,,,,9.716599743114784e-05,92fa0ac7b387534fae02f3b1c436cb346a721e04
dv3-train-matern2-003659,3,train,matern2,3659,,,,3:0:3:3659,,train,7,357.32406118585914,,,,,,,0.08953474058493555,,,,,,,361.90057350175687,0.004736531707969462,,,,,0.32315191376566604,0.06319978106234826,,1,357,1,exact,0.004736531707969462,371,,,,,,0.0001643329997023102,49aa09050a43655a5d2bb725545210b255127c42
dv3-train-matern2-003660,3,train,matern2,3660,,,,3:0:3:3660,,train,7,187.64961839638826,,,,,,,0.20979336725438313,,,,,,,201.9583634494201,0.015315032078408787,,,,,2.1983606277521224,0.14686109810508305,,1,193,1,exact,0.015315032078408787,223,,,,,,0.00011950000043725595,5f5010dc9de555cb328e17390f80815a538e4524
dv3-train-matern2-003661,3,train,matern2,3661,,,,3:0:3:3661,,train,7,324.3039399360686,,,,,,,0.055944432696325444,,,,,,,325.9088266446464,0.003106567266273416,,,,,0.12338267197780707,0.039531791490303295,,1,348,1,exact,0.003106567266273416,352,,,,,,0.00014829100109636784,5467f2340815f6a8d382519f34d8edbbd0753b14
dv3-train-matern2-003662,3,train,matern2,3662,,,,3:0:3:3662,,train,7,556.6624925703413,,,,,,,0.11498371780132549,,,,,,,568.5536410853429,0.004873493226029,,,,,0.5497492895646579,0.08106965635637935,,1,556,1,exact,0.004873493226029,570,,,,,,0.00022370799706550315,aaf75b4d90914e188059606fd185b1270e3f2cb5
dv3-train-matern2-003663,3,train,matern2,3663,,,,3:0:3:3663,,train,7,119.05396363745162,,,,,,,0.11683970446765878,,,,,,,121.68235223236024,0.010708250456068803,,,,,0.7586944723992339,0.08237030060684403,,1,112,1,exact,0.010708250456068803,121,,,,,,9.5290997705888e-05,25cb40356b245e1d40a672bf72481ac3145c059e
dv3-train-matern2-003664,3,train,matern2,3664,,,,3:0:3:3664,,train,7,263.9344177092309,,,,,,,0.38453217488634034,,,,,,,354.8886043310963,0.02366925948305438,,,,,4.967952266520553,0.2614032935881583,,1,250,1,exact,0.02366925948305438,372,,,,,,0.00016562499877181835,9068d1a256fb774e95059b7ab3c64bf64db498a1
dv3-train-matern2-003665,3,train,matern2,3665,,,,3:0:3:3665,,train,7,231.75331635471227,,,,,,,0.060151233929965256,,,,,,,233.0805324527228,0.003951223189588725,,,,,0.14265550445563385,0.04249989634281526,,1,221,1,exact,0.003951223189588725,228,,,,,,0.00012100000094505958,3b4a5dc58e27793edd84d406f968e52cdabdf7fd
dv3-train-matern2-003666,3,train,matern2,3666,,,,3:0:3:3666,,train,7,711.9122043267813,,,,,,,0.1130162382521181,,,,,,,726.589459596054,0.004235723755538923,,,,,0.5235821581417118,0.07969046302396636,,1,698,1,exact,0.004235723755538923,716,,,,,,0.00026987499950337224,7e799505895a5874ccc4fd7a86d41ed3e5749cca
dv3-train-matern2-003667,3,train,matern2,3667,,,,3:0:3:3667,,train,7,144.12452787944483,,,,,,,0.20179959807754635,,,,,,,154.21424887890993,0.01680936656749088,,,,,1.7579540562768212,0.14137711391226815,,1,143,1,exact,0.01680936656749088,162,,,,,,0.00010308399942005053,d1488bd889f530d5a67c73f887f7e17d00f60ae3
dv3-train-matern2-003668,3,train,matern2,3668,,,,3:0:3:3668,,train,7,411.46671159436823,,,,,,,0.14481491155842818,,,,,,,425.64753801869006,0.007139140523460537,,,,,0.938269118760758,0.1019238494959298,,1,444,1,exact,0.007139140523460537,465,,,,,,0.0001921660004882142,407de6092f16c784700fc6b45696928df74e196c
dv3-train-matern2-003669,3,train,matern2,3669,,,,3:0:3:3669,,train,7,109.07315668882632,,,,,,,0.09275497024616254,,,,,,,110.57431782071507,0.008881334950064984,,,,,0.34208958972432346,0.06546435334528365,,1,102,1,exact,0.008881334950064984,105,,,,,,7.970899969222955e-05,4e5542f867c9059cd7693e82c03504eadef0b230
dv3-train-matern2-003670,3,train,matern2,3670,,,,3:0:3:3670,,train,7,121.87817612909527,,,,,,,0.1404437218497542,,,,,,,125.8179619267848,0.01272153030328591,,,,,1.0528828732394975,0.09887535051860342,,1,119,1,exact,0.01272153030328591,130,,,,,,9.358399984193966e-05,107a49dc736d05979a8be1c5e8f9e3c960ef9baa
dv3-train-matern2-003671,3,train,matern2,3671,,,,3:0:3:3671,,train,7,790.921367895244,,,,,,,0.10916349318773373,,,,,,,806.1065567770163,0.0038815999185098232,,,,,0.48472144214169377,0.07698849598629544,,1,768,1,exact,0.0038815999185098232,793,,,,,,0.00030212499768822454,593b121892ccec8ad41b960a119bb6a9e82c0f5e
dv3-train-matern2-003672,3,train,matern2,3672,,,,3:0:3:3672,,train,7,296.5820546760743,,,,,,,0.12866960098555402,,,,,,,304.5732629361189,0.0074714263441789715,,,,,0.757175794784565,0.09065107296152382,,1,288,1,exact,0.0074714263441789715,305,,,,,,0.00014258300143410452,309597e81f3aba249c8e849dca01eb170afbdc39
dv3-train-matern2-003673,3,train,matern2,3673,,,,3:0:3:3673,,train,7,256.4289781380916,,,,,,,0.11561159843550484,,,,,,,261.9684137636239,0.007219678441557707,,,,,0.6010193560271436,0.0815097076196549,,1,258,1,exact,0.007219678441557707,269,,,,,,0.0001323750002484303,d5eac75ef3d7bd463ce78f6577bf9aa99df81f1f
dv3-train-matern2-003674,3,train,matern2,3674,,,,3:0:3:3674,,train,7,404.5280832220725,,,,,,,0.14907759979582602,,,,,,,419.3437714151928,0.007412045105157876,,,,,1.0077386651373876,0.104894034892958,,1,409,1,exact,0.007412045105157876,431,,,,,,0.00018220800120616332,842882d209983cb8891053118f89cd9b027ce0c6
dv3-train-matern2-003675,3,train,matern2,3675,,,,3:0:3:3675,,train,7,578.6470631511693,,,,,,,0.08077517347886959,,,,,,,584.6598449358618,0.0033579252392114656,,,,,0.26306838890445217,0.05703541720327227,,1,582,1,exact,0.0033579252392114656,597,,,,,,0.00022820800222689286,cef4b7e204632655662dbc184b18c5d24e4e0554
dv3-train-matern2-003676,3,train,matern2,3676,,,,3:0:3:3676,,train,7,699.3430626751561,,,,,,,0.0720364613595017,,,,,,,705.1063109423969,0.0027240008282814736,,,,,0.20753495610877304,0.050879920097558665,,1,758,1,exact,0.0027240008282814736,774,,,,,,0.00029262500174809247,c0568651cfcc03d42a2174d2f11719cd798366a8
dv3-train-matern2-003677,3,train,matern2,3677,,,,3:0:3:3677,,train,7,628.8566373971681,,,,,,,0.07637298880766881,,,,,,,634.6897117024326,0.0030455375759129042,,,,,0.23290141517355908,0.053935228469090345,,1,605,1,exact,0.0030455375759129042,615,,,,,,0.0001947920027305372,73ed145ccd73a0071532b425c035208205fec84a
dv3-train-matern2-003678,3,train,matern2,3678,,,,3:0:3:3678,,train,7,323.85023123242706,,,,,,,0.1760710765242484,,,,,,,340.7256148787963,0.009783988055683255,,,,,1.8348052629625748,0.12363621462091809,,1,352,1,exact,0.009783988055683255,385,,,,,,0.00011691600229823962,390b60597bee4987fb20c0dcd36de275eda10992
dv3-train-matern2-003679,3,train,matern2,3679,,,,3:0:3:3679,,train,7,169.4423903890607,,,,,,,0.29842592571577353,,,,,,,198.7665182904185,0.022925853609231023,,,,,2.909125305411931,0.20649966451377974,,1,177,1,exact,0.022925853609231023,229,,,,,,7.883299986133352e-05,d4c41a6024146d110de25233fc8c83e4584711f6
dv3-train-matern2-003680,3,train,matern2,3680,,,,3:0:3:3680,,train,7,316.39475662071123,,,,,,,0.3526975824388303,,,,,,,401.2487482643953,0.019828407880811905,,,,,4.933250219079432,0.24156680524098975,,1,315,1,exact,0.019828407880811905,432,,,,,,0.00011525000081746839,5ee37363b6c86b717582c2b06bc1a5d27630bafd
dv3-train-matern2-003681,3,train,matern2,3681,,,,3:0:3:3681,,train,7,251.4558145450239,,,,,,,0.23317387386433397,,,,,,,275.73990329406064,0.01470445886326313,,,,,2.9792174970207217,0.1628144354074432,,1,225,1,exact,0.01470445886326313,260,,,,,,7.820799874025397e-05,864e6f5d0c6fec794e5dfebd732e72ce22352d47
dv3-train-matern2-003682,3,train,matern2,3682,,,,3:0:3:3682,,train,7,518.8872543887069,,,,,,,0.08945070461197745,,,,,,,525.5203426322784,0.0039268766934577315,,,,,0.3259025434408016,0.06314067227911997,,1,513,1,exact,0.0039268766934577315,524,,,,,,0.0001305839978158474,79949af494dbaa1dc1df6b3bc9ff4900ca512209
dv3-train-matern2-003683,3,train,matern2,3683,,,,3:0:3:3683,,train,7,631.9872149359295,,,,,,,0.08158864826526196,,,,,,,638.6890835266025,0.0032454549988575384,,,,,0.2664256427377025,0.05760813895375383,,1,611,1,exact,0.0032454549988575384,623,,,,,,0.00014775000090594403,a28914ef7073c746763197c8d2e8faf3b22869d9
dv3-train-matern2-003684,3,train,matern2,3684,,,,3:0:3:3684,,train,7,146.31666899268373,,,,,,,0.23324418256304075,,,,,,,160.45670922382996,0.019282525655569968,,,,,2.0353663199948913,0.1628622018455302,,1,138,1,exact,0.019282525655569968,167,,,,,,5.7458000810584053e-05,c97c51512a5a48f46d833918e9c360eb3de66ce5
dv3-train-matern2-003685,3,train,matern2,3685,,,,3:0:3:3685,,train,7,291.35501423829857,,,,,,,0.22179311812367694,,,,,,,316.49479319436546,0.012993819159611678,,,,,2.967528778089007,0.15506573461066325,,1,296,1,exact,0.012993819159611678,342,,,,,,9.166699965135194e-05,8b17aa7f1a24bb880affa0128f7b88e8d2ae05f0
dv3-train-matern2-003686,3,train,matern2,3686,,,,3:0:3:3686,,train,7,734.7668854726273,,,,,,,0.47054794812342815,,,,,,,1256.3793095120639,0.017359175598889335,,,,,10.146477112946751,0.31085863205565506,,1,741,1,exact,0.017359175598889335,1368,,,,,,0.0003314579989819322,843e089e08cafc780183613da79179c111e310a8
dv3-train-matern2-003687,3,train,matern2,3687,,,,3:0:3:3687,,train,7,458.7293940822012,,,,,,,0.2898605697099961,,,,,,,532.6057808086122,0.013533522732372292,,,,,4.878039397582033,0.20084800202171396,,1,463,1,exact,0.013533522732372292,559,,,,,,0.00013766700067208149,61d9e8a21d177960e820198bc45531cf98ef3c4f
dv3-train-matern2-003688,3,train,matern2,3688,,,,3:0:3:3688,,train,7,479.48746483910287,,,,,,,0.08339175253189732,,,,,,,484.80275642895947,0.003808329105864058,,,,,0.2823603382728085,0.05887742118122998,,1,447,1,exact,0.003808329105864058,462,,,,,,0.00011445900236140005,ad59f5fa6c732bcd883a2085c43cd00ef2e82760
dv3-train-matern2-003689,3,train,matern2,3689,,,,3:0:3:3689,,train,7,271.94639775943125,,,,,,,0.218720540728147,,,,,,,294.6917665855733,0.013263187696546861,,,,,2.88365593353462,0.1529681783083636,,1,270,1,exact,0.013263187696546861,307,,,,,,8.566599717596546e-05,dce2183f5c4c555176d9189d5d4bfc9c831f4544
dv3-train-matern2-003690,3,train,matern2,3690,,,,3:0:3:3690,,train,7,261.2214075411656,,,,,,,0.14374333295701724,,,,,,,270.0853498135982,0.008893717449654361,,,,,1.0636591686385575,0.1011767733027683,,1,260,1,exact,0.008893717449654361,280,,,,,,7.92499995441176e-05,b49f65bc5a4b34f939e5f44c4fecba7eb7e71bdd
dv3-train-matern2-003691,3,train,matern2,3691,,,,3:0:3:3691,,train,7,534.7667946439971,,,,,,,0.13864398300880007,,,,,,,551.5945805435542,0.0059954089248601,,,,,0.8262523521554066,0.09761942404999112,,1,534,1,exact,0.0059954089248601,559,,,,,,0.00013324999963515438,e6f4dc6a73522c1888baae1159ebd1997e9c694e
dv3-train-matern2-003692,3,train,matern2,3692,,,,3:0:3:3692,,train,7,345.03746223275397,,,,,,,0.4061818128909906,,,,,,,486.2621094493598,0.021866906510851825,,,,,5.90615507373723,0.27449959938944857,,1,343,1,exact,0.021866906510851825,497,,,,,,0.00013154200132703409,bbe8d49e507e35d5fb709d2c446e1f8e9017a4ef
dv3-train-matern2-003693,3,train,matern2,3693,,,,3:0:3:3693,,train,7,582.1781372060664,,,,,,,0.0631982865967561,,,,,,,585.8614484146582,0.0026192524449062927,,,,,0.1593996025421005,0.0446491270695189,,1,608,1,exact,0.0026192524449062927,616,,,,,,0.00014841699885437265,4ffd5d513782c850a6fa28e9cdc11bbd1b05d790
dv3-train-matern2-003694,3,train,matern2,3694,,,,3:0:3:3694,,train,7,296.20010154537584,,,,,,,0.094569856738543,,,,,,,300.44084724086537,0.005494904255779449,,,,,0.37418626349041006,0.06674024224100958,,1,316,1,exact,0.005494904255779449,331,,,,,,9.058399882633239e-05,f08f78202a5615ec293b496557a3132bb887ea4b
dv3-train-matern2-003695,3,train,matern2,3695,,,,3:0:3:3695,,train,7,293.6505368063314,,,,,,,0.07086770807204533,,,,,,,295.9917766741657,0.0041355472576731596,,,,,0.20283750738268458,0.05005625261761944,,1,325,1,exact,0.0041355472576731596,334,,,,,,8.662499749334529e-05,91050432162be6397166c623e6bddbf48866388b
dv3-train-matern2-003696,3,train,matern2,3696,,,,3:0:3:3696,,train,7,655.1040829123157,,,,,,,0.06372539526033204,,,,,,,659.3188035986358,0.002489759423466118,,,,,0.16107465220751316,0.04502086708562749,,1,663,1,exact,0.002489759423466118,669,,,,,,0.00015324999912991188,bb05de2ccb3255671239952f2fa5af5421fa2b9e
dv3-train-matern2-003697,3,train,matern2,3697,,,,3:0:3:3697,,train,7,264.404786644628,,,,,,,0.23773287413101288,,,,,,,291.08792699346486,0.014620242775960314,,,,,3.0289782584936695,0.16590900559088848,,1,285,1,exact,0.014620242775960314,325,,,,,,8.833299943944439e-05,7516dabbd0911c1adc238a6b6df3700944ee6c9a
dv3-train-matern2-003698,3,train,matern2,3698,,,,3:0:3:3698,,train,7,107.85904703395808,,,,,,,0.5330123891352437,,,,,,,269.5559825394674,0.05132264309813713,,,,,4.152808815328755,0.3399365209481674,,1,103,1,exact,0.05132264309813713,311,,,,,,9.25839995034039e-05,4588ed2bcc7137c15140e8ad18b729c5001e166e
dv3-train-matern2-003699,3,train,matern2,3699,,,,3:0:3:3699,,train,7,261.4290461871094,,,,,,,0.07010062498028719,,,,,,,263.46804184199306,0.004335557702948007,,,,,0.1990822564460427,0.04951560897831869,,1,268,1,exact,0.004335557702948007,276,,,,,,7.737499981885776e-05,fe49652c4792f97f0cd06b11842b94ff5f403efe
dv3-train-matern2-003700,3,train,matern2,3700,,,,3:0:3:3700,,train,7,390.13679105051693,,,,,,,0.09861266580265464,,,,,,,396.2204111039582,0.0049925709514794595,,,,,0.3966096537703172,0.06958131838770261,,1,391,1,exact,0.0049925709514794595,404,,,,,,9.958299779100344e-05,ad16784141cb249d4f9cedc2841667eedbabb52d
dv3-train-matern2-003701,3,train,matern2,3701,,,,3:0:3:3701,,train,7,387.7233984889706,,,,,,,0.0833304577155604,,,,,,,392.01504271632973,0.004231971769173905,,,,,0.2776867563834478,0.05883427729829561,,1,366,1,exact,0.004231971769173905,372,,,,,,9.220799984177575e-05,751c5cf341c9667a1ee3aa210c4ee756d4d7331d
dv3-train-matern2-003702,3,train,matern2,3702,,,,3:0:3:3702,,train,7,661.3200028074912,,,,,,,0.3522118546781571,,,,,,,838.0008361420782,0.013696138523011525,,,,,7.238537050286553,0.24125944335058083,,1,650,1,exact,0.013696138523011525,859,,,,,,0.00020520799807854928,430536667254499eec3f90025d352e1999ef1637
dv3-train-matern2-003703,3,train,matern2,3703,,,,3:0:3:3703,,train,7,170.3046328491465,,,,,,,0.34381888662883786,,,,,,,212.8810952391656,0.026346109860133218,,,,,3.3625595506266412,0.23592815248107954,,1,165,1,exact,0.026346109860133218,227,,,,,,6.904100155225024e-05,12477cbe9a9d98c2b4a0f3895d904f22fa1ce9a1
dv3-train-matern2-003704,3,train,matern2,3704,,,,3:0:3:3704,,train,7,239.20834986323896,,,,,,,0.12423034472190504,,,,,,,245.201862615723,0.00803229264064609,,,,,0.7246662271407798,0.08754561516688615,,1,244,1,exact,0.00803229264064609,257,,,,,,7.329200161620975e-05,dca1c0e6dfc1d3ff6b710a9ce2e1835918e158d8
dv3-train-matern2-003705,3,train,matern2,3705,,,,3:0:3:3705,,train,7,227.42364654894862,,,,,,,0.5234227195441898,,,,,,,520.8407069398304,0.034708413291035516,,,,,6.15181096425281,0.3361120329068859,,1,235,1,exact,0.034708413291035516,594,,,,,,0.00015700000221841037,dbd2acb07d92ad76a823c34be57900d8e76dce3e
dv3-train-matern2-003706,3,train,matern2,3706,,,,3:0:3:3706,,train,7,102.2940939988743,,,,,,,0.06950618534558577,,,,,,,103.07831720563591,0.006872237721346412,,,,,0.16324577578416513,0.04909661868404793,,1,100,1,exact,0.006872237721346412,103,,,,,,4.0707996959099546e-05,e33385a234f403bfe44ab9552841315d220fde3a
dv3-train-matern2-003707,3,train,matern2,3707,,,,3:0:3:3707,,train,7,654.3957037731744,,,,,,,0.2958424207359318,,,,,,,765.2274767032658,0.011564855952377948,,,,,5.8765358553015945,0.2047979756075874,,1,658,1,exact,0.011564855952377948,804,,,,,,0.0001919999995152466,c2bc236289368b32d96476e7ab3da17a467ed76f
dv3-train-matern2-003708,3,train,matern2,3708,,,,3:0:3:3708,,train,7,275.60613530884365,,,,,,,0.14504876206439465,,,,,,,285.1367840272174,0.008737145860222043,,,,,1.0670100617086644,0.1020868619825049,,1,285,1,exact,0.008737145860222043,310,,,,,,8.191699816961773e-05,1ae3e485aeee1714012c5d6bd8bb2f8445f7a954
dv3-train-matern2-003709,3,train,matern2,3709,,,,3:0:3:3709,,train,7,384.46090652087184,,,,,,,0.06451608271887964,,,,,,,386.9967054720491,0.0032903484863971624,,,,,0.1632592804479781,0.04557846337300249,,1,376,1,exact,0.0032903484863971624,385,,,,,,9.658300041337498e-05,d4b872b26c7d1a2c79468c123bf3b1d67b501cf2
dv3-train-matern2-003710,3,train,matern2,3710,,,,3:0:3:3710,,train,7,307.4357830707771,,,,,,,0.08000906327973173,,,,,,,310.5692470377743,0.004563120931874446,,,,,0.26026505950618545,0.056495996214540635,,1,328,1,exact,0.004563120931874446,335,,,,,,8.629200237919576e-05,120938f0f0d0745d00f2ca91c45e00061d0bd1da
dv3-train-matern2-003711,3,train,matern2,3711,,,,3:0:3:3711,,train,7,527.3929220162427,,,,,,,0.09647100927673564,,,,,,,535.2564595578345,0.004200777446855172,,,,,0.3809115174632972,0.06807646022449222,,1,483,1,exact,0.004200777446855172,507,,,,,,0.00012387500100885518,49f04134f2f2754a350129900e51e9ba2c559932
dv3-train-matern2-003712,3,train,matern2,3712,,,,3:0:3:3712,,train,7,591.946460897534,,,,,,,0.4906166952829385,,,,,,,1104.8300065721987,0.020165133829411715,,,,,9.472581269769677,0.321104132355576,,1,578,1,exact,0.020165133829411715,1139,,,,,,0.0003780840015679132,c5af796f89646d7da9292babca2744cf9f6eb61e
dv3-train-matern2-003713,3,train,matern2,3713,,,,3:0:3:3713,,train,7,202.86608486884083,,,,,,,0.34280568698326375,,,,,,,253.17703795200882,0.024068182401797596,,,,,3.803931597799334,0.23528201374085475,,1,200,1,exact,0.024068182401797596,274,,,,,,0.0001584999990882352,ec49979d5b68f734d15a09a0591021901bbfe5e2
dv3-train-matern2-003714,3,train,matern2,3714,,,,3:0:3:3714,,train,7,362.785752541358,,,,,,,0.08293429114208077,,,,,,,366.76271640971095,0.0043542065375018965,,,,,0.2741330021072483,0.058555418487205496,,1,332,1,exact,0.0043542065375018965,345,,,,,,0.0001544580009067431,3f646a915aff16be264f69263738312f89f3507b
dv3-train-matern2-003715,3,train,matern2,3715,,,,3:0:3:3715,,train,7,145.84351786782,,,,,,,0.13398565713459906,,,,,,,150.11766789472122,0.011094679090410184,,,,,1.061466060242358,0.09436662661355631,,1,156,1,exact,0.011094679090410184,168,,,,,,0.0001386660005664453,ac39492777391c75ad06c840c8f8290677cd8659
dv3-train-matern2-003716,3,train,matern2,3716,,,,3:0:3:3716,,train,7,385.7401094966639,,,,,,,0.18815517337327403,,,,,,,408.9272855091321,0.00958007180296162,,,,,1.990448639841011,0.13198505038676353,,1,367,1,exact,0.00958007180296162,395,,,,,,0.00012908300050185062,d70d04e4634a39bac12152c1d214453aec0f16fb
dv3-train-matern2-003717,3,train,matern2,3717,,,,3:0:3:3717,,train,7,339.15960118636656,,,,,,,0.06821557319016781,,,,,,,341.66311328174635,0.0037040895253583122,,,,,0.1846020311035615,0.048186852997558524,,1,330,1,exact,0.0037040895253583122,338,,,,,,9.733299884828739e-05,d8becc2c29e2d36d12d0cf8f4ab67fb75e9963ca
dv3-train-matern2-003718,3,train,matern2,3718,,,,3:0:3:3718,,train,7,716.0694569788191,,,,,,,0.14726124642320643,,,,,,,741.6294588357947,0.005503144253797948,,,,,0.917204755517041,0.10362874864762286,,1,700,1,exact,0.005503144253797948,747,,,,,,0.00017491700054961257,390f0df9c6f7a6cedb19c370a63fa9bf61d06c13
dv3-train-matern2-003719,3,train,matern2,3719,,,,3:0:3:3719,,train,7,401.0409314170033,,,,,,,0.271831285083707,,,,,,,456.3369434757656,0.013573913838062637,,,,,4.196955390440818,0.18886368898297395,,1,396,1,exact,0.013573913838062637,480,,,,,,0.00012233400047989562,c329cb9e6a02face069c614e098f0bc6ea424f5d
dv3-train-matern2-003720,3,train,matern2,3720,,,,3:0:3:3720,,train,7,330.8121364990542,,,,,,,0.30847792195755497,,,,,,,393.0306942585807,0.016960293736861774,,,,,4.36358419011661,0.21309520840514148,,1,335,1,exact,0.016960293736861774,424,,,,,,0.00010958299753838219,d36aea1771e88909ae6aa9a65c29934a058e06dc
dv3-train-matern2-003721,3,train,matern2,3721,,,,3:0:3:3721,,train,7,433.95298572783713,,,,,,,0.15421100587693876,,,,,,,451.018882218608,0.007402766135171858,,,,,1.0855869965963076,0.10846733183304719,,1,445,1,exact,0.007402766135171858,473,,,,,,0.0001140000022132881,a764c677cb89bae4b47ee24ee14d3e657885c779
dv3-train-matern2-003722,3,train,matern2,3722,,,,3:0:3:3722,,train,7,637.6452491615253,,,,,,,0.07718583156289616,,,,,,,643.6880169358171,0.0030566662606118984,,,,,0.23758137827048972,0.05450777078129034,,1,605,1,exact,0.0030566662606118984,618,,,,,,0.0001463330008846242,a1bec8a606f101df33a998b86f3dc06774abb702
dv3-train-matern2-003723,3,train,matern2,3723,,,,3:0:3:3723,,train,7,487.87261622645497,,,,,,,0.515022327455559,,,,,,,1048.9079510094898,0.02331700876747411,,,,,9.013885859297549,0.3325225817806732,,1,473,1,exact,0.02331700876747411,1145,,,,,,0.0002821670022967737,51d5f9e6251c79b580126f41557c17eaa9cb1c6a
dv3-train-matern2-003724,3,train,matern2,3724,,,,3:0:3:3724,,train,7,191.61228495710526,,,,,,,0.10246718327806233,,,,,,,194.84373108018036,0.007402409783136841,,,,,0.4477756024896222,0.07228864572273536,,1,170,1,exact,0.007402409783136841,182,,,,,,5.854200207977556e-05,1e7901da54fd68d38da6153cb0e9ccd99dbf035f
dv3-train-matern2-003725,3,train,matern2,3725,,,,3:0:3:3725,,train,7,157.41270410570255,,,,,,,0.23777021986917127,,,,,,,173.30412902570555,0.01895123729666981,,,,,2.1794380429300446,0.16593433210645325,,1,166,1,exact,0.01895123729666981,198,,,,,,6.233300155145116e-05,ac58d69f0a9d4faf614ec77ea4cc04e35e1cb42b
dv3-train-matern2-003726,3,train,matern2,3726,,,,3:0:3:3726,,train,7,215.2044910737555,,,,,,,0.5472015058350714,,,,,,,646.2642675437039,0.0373010982348645,,,,,6.160957659689435,0.3449085616389686,,1,210,1,exact,0.0373010982348645,747,,,,,,0.00019124999744235538,ff7e7c61b00795d6b61289b5efa36bf0e945b1ac
dv3-train-matern2-003727,3,train,matern2,3727,,,,3:0:3:3727,,train,7,106.86928946734251,,,,,,,0.05919150876729173,,,,,,,107.46179605362137,0.005725757480229455,,,,,0.11362609071008706,0.041822847772929585,,1,103,1,exact,0.005725757480229455,106,,,,,,4.116700074519031e-05,0047e088e47324e902b03b3fbfda7bfdc78b6524
dv3-train-matern2-003728,3,train,matern2,3728,,,,3:0:3:3728,,train,7,446.7407586860746,,,,,,,0.11553864691643999,,,,,,,456.37882350893585,0.005466375842712449,,,,,0.5604945244331226,0.081458581669241,,1,444,1,exact,0.005466375842712449,468,,,,,,0.0001094170002033934,ddd1f25894c39f4bac8597e4d368097a94471a7e
dv3-train-matern2-003729,3,train,matern2,3729,,,,3:0:3:3729,,train,7,325.5299890410916,,,,,,,0.12945363576384322,,,,,,,334.4123349158855,0.007174947877978175,,,,,0.7488746979396343,0.09119928585133223,,1,313,1,exact,0.007174947877978175,334,,,,,,8.641699969302863e-05,b649923cccc189b049453da994cde20c89cc94d2
dv3-train-matern2-003730,3,train,matern2,3730,,,,3:0:3:3730,,train,7,137.71560770348069,,,,,,,0.11115772562115439,,,,,,,140.45975424481574,0.009472139178881518,,,,,0.5664243883129024,0.07838726814441714,,1,141,1,exact,0.009472139178881518,150,,,,,,5.225000131758861e-05,770b97b31bbfccd2c2ab1108358ae07e7f1fd017
dv3-train-matern2-003731,3,train,matern2,3731,,,,3:0:3:3731,,train,7,545.3545094080237,,,,,,,0.38132394281721244,,,,,,,728.5927145894598,0.016328813193751717,,,,,7.021609995083052,0.25943359570873337,,1,563,1,exact,0.016328813193751717,778,,,,,,0.00018083299801219255,eeeafc584d0a66a977c2621771553b13a05caec8
dv3-train-matern2-003732,3,train,matern2,3732,,,,3:0:3:3732,,train,7,118.67636531340726,,,,,,,0.4530319107595835,,,,,,,190.50109566784707,0.041585954650880066,,,,,3.6652946800485044,0.3014269835260504,,1,117,1,exact,0.041585954650880066,241,,,,,,7.012500282144174e-05,1fd0854f4e2215580933b36e6f0748b359033caf
dv3-train-matern2-003733,3,train,matern2,3733,,,,3:0:3:3733,,train,7,196.73020666339323,,,,,,,0.1517921108500822,,,,,,,204.21375722885833,0.010822153168267743,,,,,1.5996975332862116,0.10678406867135412,,1,192,1,exact,0.010822153168267743,202,,,,,,6.025000038789585e-05,b33b81a27466433c633e1198c7fdf422f143615d
dv3-train-matern2-003734,3,train,matern2,3734,,,,3:0:3:3734,,train,7,784.4913042103017,,,,,,,0.1069490057029766,,,,,,,798.9332134171203,0.003818411104418238,,,,,0.46474121690909587,0.07543474735432948,,1,798,1,exact,0.003818411104418238,826,,,,,,0.00018016700050793588,4d11b72020d1907bcc99695e30a1266a2311c1a6
dv3-train-matern2-003735,3,train,matern2,3735,,,,3:0:3:3735,,train,7,368.1094742533387,,,,,,,0.11078979069860172,,,,,,,375.3947258059313,0.005774458231049364,,,,,0.5078998810048101,0.07812922706346871,,1,399,1,exact,0.005774458231049364,416,,,,,,0.00010045900125987828,6bf9f1877028b3e239bc7dff620ffc749da648c3
dv3-train-matern2-003736,3,train,matern2,3736,,,,3:0:3:3736,,train,7,296.08101438470646,,,,,,,0.05767152982409142,,,,,,,297.63874342586934,0.0033516309476974296,,,,,0.1323120838013786,0.040750458641366054,,1,335,1,exact,0.0033516309476974296,339,,,,,,8.604200047557242e-05,d61eaec30880dbbca020b8c15a8207afa376a359
dv3-train-matern2-003737,3,train,matern2,3737,,,,3:0:3:3737,,train,7,479.43720605973203,,,,,,,0.09704276715201739,,,,,,,486.67241826365927,0.004431975030417162,,,,,0.3872740130645057,0.06847825363893682,,1,511,1,exact,0.004431975030417162,532,,,,,,0.0001282499979424756,1a55851351ee813bf0b5a3b2e3ab9f1e6faede88
dv3-train-matern2-003738,3,train,matern2,3738,,,,3:0:3:3738,,train,7,748.2670600694809,,,,,,,0.3981516485481418,,,,,,,1035.5045628332473,0.014555267942572121,,,,,8.686993940359653,0.2696833936481231,,1,749,1,exact,0.014555267942572121,1110,,,,,,0.0002539999986765906,568c532e500a2578698f4133a86f7b7f35ab30f7
dv3-train-matern2-003739,3,train,matern2,3739,,,,3:0:3:3739,,train,7,776.2659793513006,,,,,,,0.334172601084169,,,,,,,955.9985909882373,0.011994041922560286,,,,,7.373543318088999,0.2297551296345455,,1,802,1,exact,0.011994041922560286,1015,,,,,,0.00022862500190967694,e32fd026c56f1d8708545cd74aba560fe1d72a53
dv3-train-matern2-003740,3,train,matern2,3740,,,,3:0:3:3740,,train,7,396.3677213476376,,,,,,,0.1634271852288497,,,,,,,413.9897031086446,0.008208714682028911,,,,,1.2769773650062952,0.11487225762181869,,1,393,1,exact,0.008208714682028911,441,,,,,,0.00010349999865866266,97dbd51a5ce4877ed88be8dea7b60812806771fc
dv3-train-matern2-003741,3,train,matern2,3741,,,,3:0:3:3741,,train,7,122.56992198063598,,,,,,,0.5146640033682587,,,,,,,262.867180390402,0.04648703412494817,,,,,4.22183534015119,0.3323650662409424,,1,125,1,exact,0.04648703412494817,296,,,,,,9.062499884748831e-05,87adbc6939c1f978a32759f06ee38f73f0d13045
dv3-train-matern2-003742,3,train,matern2,3742,,,,3:0:3:3742,,train,7,254.74290040621815,,,,,,,0.056960631800166917,,,,,,,256.05008021394605,0.003568812679196936,,,,,0.12910933065617822,0.04024885679610755,,1,276,1,exact,0.003568812679196936,281,,,,,,7.858399840188213e-05,bec5ae16008d0e9f3a4d5146cd1f66120b73caa7
dv3-train-matern2-003743,3,train,matern2,3743,,,,3:0:3:3743,,train,7,385.74793566994845,,,,,,,0.2010556224246904,,,,,,,412.5353879436325,0.010236804684421848,,,,,2.924813889896239,0.14086600819565684,,1,376,1,exact,0.010236804684421848,421,,,,,,0.00010595899948384613,cd1195224909af161cd2daf01c5a7f2cc1655f6d
dv3-train-matern2-003744,3,train,matern2,3744,,,,3:0:3:3744,,train,7,126.2169386759538,,,,,,,0.3961635020135799,,,,,,,173.90781608925968,0.035262706377638,,,,,3.312537639513937,0.26848321512238665,,1,126,1,exact,0.035262706377638,190,,,,,,6.191699867486022e-05,407483645c5f67cef760e3c3419fa9522218a3ad
dv3-train-matern2-003745,3,train,matern2,3745,,,,3:0:3:3745,,train,7,315.2909412721455,,,,,,,0.21306079533548253,,,,,,,340.1688545081369,0.011999075813454906,,,,,2.9424242506125684,0.1490985091252675,,1,327,1,exact,0.011999075813454906,371,,,,,,9.129200043389574e-05,37ebc77732d917398f9341114d24ced290d416f7
dv3-train-matern2-003746,3,train,matern2,3746,,,,3:0:3:3746,,train,7,102.96635237234158,,,,,,,0.05863407901162896,,,,,,,103.52644092275969,0.005778331373009389,,,,,0.11086364939838572,0.04142957954314241,,1,109,1,exact,0.005778331373009389,116,,,,,,4.6124998334562406e-05,bf45250cfe2b429a94931cbd6516b04de77705f7
dv3-train-matern2-003747,3,train,matern2,3747,,,,3:0:3:3747,,train,7,116.78498423904043,,,,,,,0.39330424238099904,,,,,,,159.9217124650007,0.03639444724318678,,,,,3.149744581307372,0.26675194755757764,,1,123,1,exact,0.03639444724318678,174,,,,,,5.770799907622859e-05,c31ff323b6320a9e68f619923580e5e0fb1cf639
dv3-train-matern2-003748,3,train,matern2,3748,,,,3:0:3:3748,,train,7,100.92699624246859,,,,,,,0.486061384009376,,,,,,,184.3407165038034,0.04838240417247691,,,,,3.660662206644349,0.3188379490344279,,1,105,1,exact,0.04838240417247691,222,,,,,,6.86249986756593e-05,0a82ccc3010677df9d01b768bd25ed9505bfead2
dv3-train-matern2-003749,3,train,matern2,3749,,,,3:0:3:3749,,train,7,664.7352724254295,,,,,,,0.05338389705831285,,,,,,,667.7288536177008,0.0020705509056514076,,,,,0.11275965285309583,0.03772475306099503,,1,705,1,exact,0.0020705509056514076,711,,,,,,0.00016916599997784942,a38aca7efd1854231d6ffb9545d0933aa484c6a7
dv3-train-matern2-003750,3,train,matern2,3750,,,,3:0:3:3750,,train,7,180.9051348740352,,,,,,,0.22884561616098648,,,,,,,197.6514127982625,0.017014420044057378,,,,,2.313558571711918,0.15987140263438973,,1,188,1,exact,0.017014420044057378,213,,,,,,0.00018674999955692329,ec4417600910a45fae846ae926f5019ec3ba353d
dv3-train-matern2-003751,3,train,matern2,3751,,,,3:0:3:3751,,train,7,118.51782707853316,,,,,,,0.09572079441026282,,,,,,,120.25703653734874,0.00879254205095429,,,,,0.3658426686106195,0.06754921368240138,,1,100,1,exact,0.00879254205095429,103,,,,,,8.195799819077365e-05,795b2f5af1492bd7d88691ba9169a20da739496a
dv3-train-matern2-003752,3,train,matern2,3752,,,,3:0:3:3752,,train,7,482.2567108558736,,,,,,,0.22101442091205495,,,,,,,523.5426324836998,0.010064251288356375,,,,,3.2134686200848193,0.15453435940841562,,1,530,1,exact,0.010064251288356375,592,,,,,,0.0002382080019742716,ea2e6f6d4e42dd63a843fd980dab4c4c532cb320
dv3-train-matern2-003753,3,train,matern2,3753,,,,3:0:3:3753,,train,7,606.7175428790199,,,,,,,0.40793593242252024,,,,,,,858.5704601009918,0.016561462475742205,,,,,7.780178548232833,0.27554476815833473,,1,597,1,exact,0.016561462475742205,899,,,,,,0.00034795799729181454,b8574a35710580d1d7a6d6648d08002a93ca13e6
dv3-train-matern2-003754,3,train,matern2,3754,,,,3:0:3:3754,,train,7,305.7064143862543,,,,,,,0.12523952077293826,,,,,,,313.49530875075527,0.00716290384955947,,,,,0.7029773822138516,0.088251791226795,,1,281,1,exact,0.00716290384955947,296,,,,,,0.00014075000217417255,a54403d00a225640a10314419c6705ca7aeb6ef1
dv3-train-matern2-003755,3,train,matern2,3755,,,,3:0:3:3755,,train,7,138.20910345675082,,,,,,,0.47467099252399453,,,,,,,240.25197734348515,0.040376100023581794,,,,,4.122204647452143,0.31301635451046916,,1,134,1,exact,0.040376100023581794,264,,,,,,0.0001370840000163298,daa41250fd04a938b86fa3d7fd762e13b0367b05
dv3-train-matern2-003756,3,train,matern2,3756,,,,3:0:3:3756,,train,7,305.1073397210987,,,,,,,0.17754222098002087,,,,,,,321.2920526109496,0.01016424958766512,,,,,2.1515705147410014,0.12465408363586876,,1,343,1,exact,0.01016424958766512,376,,,,,,0.0001610830004210584,ff52dd803b8fced3553909747bbf1edcdda56d66
dv3-train-matern2-003757,3,train,matern2,3757,,,,3:0:3:3757,,train,7,289.6402226472131,,,,,,,0.4535443818970598,,,,,,,465.73013817698177,0.026649579168021,,,,,6.113166443156855,0.301708587211314,,1,297,1,exact,0.026649579168021,510,,,,,,0.0002181250019930303,8b6b33cfa1400b49b84f7be15aa4b38df8fe527b
dv3-train-matern2-003758,3,train,matern2,3758,,,,3:0:3:3758,,train,7,207.39433913685582,,,,,,,0.22953456098060268,,,,,,,226.7233173767542,0.015938580395942124,,,,,2.542866634562316,0.16034018199273045,,1,200,1,exact,0.015938580395942124,233,,,,,,0.0001224999978148844,a5473683864b5e2b392dbea80f0518e8c8c796fc
dv3-train-matern2-003759,3,train,matern2,3759,,,,3:0:3:3759,,train,7,194.59025596116376,,,,,,,0.07686013225682109,,,,,,,196.41860281400434,0.005509860238098793,,,,,0.23245935250334826,0.054278363574014804,,1,198,1,exact,0.005509860238098793,205,,,,,,0.00011045900100725703,b00739990244a725dc507b1bc3866d73bfbed072
dv3-train-matern2-003760,3,train,matern2,3760,,,,3:0:3:3760,,train,7,406.11738808139614,,,,,,,0.09821889423460352,,,,,,,412.39868185363133,0.004873817334624595,,,,,0.3949562418994355,0.06930466252465893,,1,400,1,exact,0.004873817334624595,415,,,,,,0.00017691599714453332,3bfdb94e16de0dd229c53f7087abfb9d9a262c7f
dv3-train-matern2-003761,3,train,matern2,3761,,,,3:0:3:3761,,train,7,432.99247674204696,,,,,,,0.06359867544556834,,,,,,,435.7670428426885,0.003056383845286014,,,,,0.16083292376914937,0.04493150024770258,,1,425,1,exact,0.003056383845286014,430,,,,,,0.00017158300033770502,b7165fed964b0f099be86f52e140b16130d388a7
dv3-train-matern2-003762,3,train,matern2,3762,,,,3:0:3:3762,,train,7,128.6895714910483,,,,,,,0.12515769464550142,,,,,,,131.96393956081747,0.01103280335763467,,,,,0.8977005955915807,0.08819453758666915,,1,120,1,exact,0.01103280335763467,123,,,,,,8.054200225160457e-05,1c64d4af0465c77c39fa9ae625d812989473c647
dv3-train-matern2-003763,3,train,matern2,3763,,,,3:0:3:3763,,train,7,388.16837084251785,,,,,,,0.522640425010701,,,,,,,883.3655962930862,0.02652729248899158,,,,,8.052968549707801,0.335786547318303,,1,385,1,exact,0.02652729248899158,967,,,,,,0.0003921249990526121,c24df362a5b29124afdd7f51e7fd788d34afffd2
dv3-train-matern2-003764,3,train,matern2,3764,,,,3:0:3:3764,,train,7,111.5242284389253,,,,,,,0.06601239489798884,,,,,,,112.29464660539482,0.006250875878708887,,,,,0.14559584655939686,0.04663356601156945,,1,106,1,exact,0.006250875878708887,108,,,,,,8.716700176591985e-05,d263adc4921015298daefbd2b54cfc268cea74d1
dv3-train-matern2-003765,3,train,matern2,3765,,,,3:0:3:3765,,train,7,123.31750697710984,,,,,,,0.08719522713967327,,,,,,,124.81414039223569,0.007852000980726265,,,,,0.28070296063815275,0.06155400508239056,,1,127,1,exact,0.007852000980726265,131,,,,,,8.999999772640876e-05,e6dd8bef939adb55ace3d3d58365478547db5d61
dv3-train-matern2-003766,3,train,matern2,3766,,,,3:0:3:3766,,train,7,164.45454722802836,,,,,,,0.36109424947810204,,,,,,,211.57741587755393,0.028157729273778034,,,,,3.495342051819802,0.2468589555811272,,1,161,1,exact,0.028157729273778034,251,,,,,,0.0001304159995925147,7c909b750a0ede6faff9fee5274e766c8299a37b
dv3-train-matern2-003767,3,train,matern2,3767,,,,3:0:3:3767,,train,7,254.57069754091975,,,,,,,0.10096871678417876,,,,,,,258.736522756197,0.006328235468682966,,,,,0.438531910248863,0.07123632556657364,,1,272,1,exact,0.006328235468682966,280,,,,,,0.0001337080029770732,85532165f2a3ea8bc6b050d818c30e807cc54e50
dv3-train-matern2-003768,3,train,matern2,3768,,,,3:0:3:3768,,train,7,249.16662142520326,,,,,,,0.46823676898425176,,,,,,,422.2556749951603,0.029663376401692258,,,,,5.8034052668757745,0.30963815862386396,,1,263,1,exact,0.029663376401692258,521,,,,,,0.00021549999655690044,f0b4377eb1d9805e0735eb9c7dc2c9444a30cb44
dv3-train-matern2-003769,3,train,matern2,3769,,,,3:0:3:3769,,train,7,140.49085334197858,,,,,,,0.2307726609832888,,,,,,,153.74450315073042,0.019469748099005896,,,,,1.9583523105828227,0.16118231493090862,,1,138,1,exact,0.019469748099005896,162,,,,,,9.979199967347085e-05,d1d66c13d0a99f05655a58031d2a36b2bf0a6033
dv3-train-matern2-003770,3,train,matern2,3770,,,,3:0:3:3770,,train,7,493.1424910357765,,,,,,,0.5416054079319832,,,,,,,1362.0104117646888,0.024389156463210264,,,,,9.520608212333233,0.343062254064258,,1,485,1,exact,0.024389156463210264,1446,,,,,,0.0005677499975718092,cfbc7541ab64a15a5f30cc53c008d10e8b3b504b
dv3-train-matern2-003771,3,train,matern2,3771,,,,3:0:3:3771,,train,7,116.02275865443876,,,,,,,0.2439410742223551,,,,,,,128.4426039511523,0.02264713861441244,,,,,1.9332889554317316,0.1701139031884896,,1,119,1,exact,0.02264713861441244,155,,,,,,0.0001004170007945504,effdc627ef894bee77fdb2de1495a73f4e073a7c
dv3-train-matern2-003772,3,train,matern2,3772,,,,3:0:3:3772,,train,7,746.4830521673939,,,,,,,0.2537944732201561,,,,,,,834.0470535485032,0.009289068903118442,,,,,3.531835075136857,0.17676520816485505,,1,781,1,exact,0.009289068903118442,913,,,,,,0.0003575000009732321,6b6c933e784d8d7f0c90d7281bdabe0703c444e3
dv3-train-matern2-003773,3,train,matern2,3773,,,,3:0:3:3773,,train,7,119.93414472237652,,,,,,,0.39453210794156146,,,,,,,164.6677288279007,0.03602557586281456,,,,,3.188746587662115,0.2674961627008179,,1,120,1,exact,0.03602557586281456,207,,,,,,0.00011349999840604141,f54666cc1df0e2e8709de2c8c05daafcf70edfec
dv3-train-matern2-003774,3,train,matern2,3774,,,,3:0:3:3774,,train,7,304.9862070356295,,,,,,,0.24643131345743874,,,,,,,338.40543544899356,0.014110935032694484,,,,,3.338275076172951,0.17179753822281452,,1,303,1,exact,0.014110935032694484,362,,,,,,0.000155458998051472,40fdefdda3d2cac06cc9dac9dc270a6e3d99bfbe
dv3-train-matern2-003775,3,train,matern2,3775,,,,3:0:3:3775,,train,7,355.3890794893502,,,,,,,0.05141461368295034,,,,,,,356.8729975574054,0.002727310206125072,,,,,0.10271814418370416,0.03633475535282045,,1,345,1,exact,0.002727310206125072,346,,,,,,0.0001481669969507493,fc90c3a4e484e605832370c735d64ab142683e74
dv3-train-matern2-003776,3,train,matern2,3776,,,,3:0:3:3776,,train,7,683.0602748840289,,,,,,,0.07269980806138383,,,,,,,688.7946542024389,0.002781658107512836,,,,,0.21122115694938523,0.051347366346709306,,1,637,1,exact,0.002781658107512836,645,,,,,,0.00024449999909847975,461c89b7779efac25a23f6b90956dcfc06697b04
dv3-train-matern2-003777,3,train,matern2,3777,,,,3:0:3:3777,,train,7,629.3333225971702,,,,,,,0.3438180492131157,,,,,,,786.6667326258342,0.013705292474572372,,,,,6.851148139637518,0.23592761866570466,,1,627,1,exact,0.013705292474572372,852,,,,,,0.00031945899900165386,16e3474b922efcbcf4b815d424fea682898069dd
dv3-train-matern2-003778,3,train,matern2,3778,,,,3:0:3:3778,,train,7,104.21115560794867,,,,,,,0.18947894895447015,,,,,,,110.57117968142124,0.01856110643354017,,,,,1.4107364079711904,0.13289792955959853,,1,91,1,exact,0.01856110643354017,105,,,,,,8.208400322473608e-05,3c37bc6b20ed44247c622c09d8795bedc1f1f70a
dv3-train-matern2-003779,3,train,matern2,3779,,,,3:0:3:3779,,train,7,520.592591254293,,,,,,,0.08113794353297983,,,,,,,526.051504929064,0.0035561085111585557,,,,,0.2663394625135917,0.05729082939500088,,1,524,1,exact,0.0035561085111585557,538,,,,,,0.00021383400235208683,49f00a0da122469bba74e7f2a70e11dceba5e1da
dv3-train-matern2-003780,3,train,matern2,3780,,,,3:0:3:3780,,train,7,392.4360434645702,,,,,,,0.13237063175392966,,,,,,,403.6507465734286,0.006682011170558825,,,,,0.7602410367108521,0.0932382213735286,,1,387,1,exact,0.006682011170558825,403,,,,,,0.00016804199913167395,2a8ee324e16ee49cd640cca57eb0c430c6090dc3
dv3-train-matern2-003781,3,train,matern2,3781,,,,3:0:3:3781,,train,7,201.94085853785106,,,,,,,0.0934634682790106,,,,,,,204.7635657329515,0.006577029560556376,,,,,0.3615397856522813,0.06596247149456515,,1,206,1,exact,0.006577029560556376,214,,,,,,0.00011062500198022462,db2a51cc2d8971eb15059ec54c682a5b68673220
dv3-train-matern2-003782,3,train,matern2,3782,,,,3:0:3:3782,,train,7,366.9684120139185,,,,,,,0.06418615524787664,,,,,,,369.3639276631096,0.003350634230059878,,,,,0.16077308993606337,0.045345801608721904,,1,344,1,exact,0.003350634230059878,354,,,,,,0.00014879200170980766,a090a83836be8a29f8363c3b5fc93905cdbb731d
dv3-train-matern2-003783,3,train,matern2,3783,,,,3:0:3:3783,,train,7,484.06278476250736,,,,,,,0.2208219598287851,,,,,,,525.4227235554968,0.010036710847514712,,,,,3.172409928776692,0.1544030029744799,,1,486,1,exact,0.010036710847514712,537,,,,,,0.00021012499928474426,e0fc89470938d8a942bca95b9280148cfcdb860e
dv3-train-matern2-003784,3,train,matern2,3784,,,,3:0:3:3784,,train,7,150.7231832536021,,,,,,,0.16440533308124594,,,,,,,157.5094917274108,0.013391396604312515,,,,,1.4362682271914622,0.115551226611489,,1,160,1,exact,0.013391396604312515,176,,,,,,0.00010124999971594661,507affc0796b2e065e8ecb5e29b36ba6b43a38d3
dv3-train-matern2-003785,3,train,matern2,3785,,,,3:0:3:3785,,train,7,428.52811795886686,,,,,,,0.1360264509106894,,,,,,,441.487923753855,0.006571033861787106,,,,,0.8080071643771948,0.09579202182841998,,1,439,1,exact,0.006571033861787106,463,,,,,,0.0001833749993238598,2f4c52a856f5c427c7f61adffcdd6f1b6039d75c
dv3-train-matern2-003786,3,train,matern2,3786,,,,3:0:3:3786,,train,7,609.5806962278664,,,,,,,0.206949717839135,,,,,,,654.684554155753,0.008382030481001838,,,,,2.1098543594967314,0.14491189273462002,,1,607,1,exact,0.008382030481001838,682,,,,,,0.0002557080006226897,4568742dbbf6af4255628f6ee61af9a50ec78e85
dv3-train-matern2-003787,3,train,matern2,3787,,,,3:0:3:3787,,train,7,230.59498499029786,,,,,,,0.12582098883335982,,,,,,,236.5267376070227,0.008285680163226724,,,,,0.7525649625923923,0.08865862017928085,,1,204,1,exact,0.008285680163226724,221,,,,,,0.00011637499846983701,f7fc16c14566021065e22df6bf5e135e86263e3f
dv3-train-matern2-003788,3,train,matern2,3788,,,,3:0:3:3788,,train,7,369.62068772508843,,,,,,,0.09001344884672412,,,,,,,374.4063291725785,0.004681976899005295,,,,,0.3244642034874186,0.06353648095455927,,1,362,1,exact,0.004681976899005295,366,,,,,,0.0001541659985377919,08b8b445ca4db69dac12813f7d56c329c90cf8d2
dv3-train-matern2-003789,3,train,matern2,3789,,,,3:0:3:3789,,train,7,102.00347991324941,,,,,,,0.07973977065796016,,,,,,,103.03604414368212,0.007895279119783207,,,,,0.22851746346987284,0.056306375787825345,,1,98,1,exact,0.007895279119783207,102,,,,,,8.033300036913715e-05,29c179bc65ed809f865de451a0ded43940f06f1c
dv3-train-matern2-003790,3,train,matern2,3790,,,,3:0:3:3790,,train,7,355.63164122794257,,,,,,,0.10196381562122542,,,,,,,361.5690956391876,0.00540686942997982,,,,,0.4272989607344274,0.07193517269290158,,1,341,1,exact,0.00540686942997982,351,,,,,,0.00015187499957391992,d664f49fad99eeace0b046a69aa11debe050db86
dv3-train-matern2-003791,3,train,matern2,3791,,,,3:0:3:3791,,train,7,546.3576437152153,,,,,,,0.1656278132639104,,,,,,,571.3473187621101,0.007085895713857733,,,,,1.23884369053998,0.11639957106602514,,1,576,1,exact,0.007085895713857733,624,,,,,,0.00023779199909768067,525610b7520980ef66e0189893e13364e940265f
dv3-train-matern2-003792,3,train,matern2,3792,,,,3:0:3:3792,,train,7,457.12135414573976,,,,,,,0.13828551510456383,,,,,,,471.42841090637177,0.006467864857311064,,,,,0.8354829747725255,0.09736921838076854,,1,462,1,exact,0.006467864857311064,487,,,,,,0.0001951670019479934,c71c5aa1ea6be1a595849ec821adf016721baa25
dv3-train-matern2-003793,3,train,matern2,3793,,,,3:0:3:3793,,train,7,309.49041145994227,,,,,,,0.17488342212211072,,,,,,,325.3855859006468,0.009940884863586,,,,,1.8935051548630257,0.12281420240117233,,1,308,1,exact,0.009940884863586,340,,,,,,0.00014737500168848783,cb3700e9c56ca701bb24b35bcfbc23280fc237ff
dv3-train-matern2-003794,3,train,matern2,3794,,,,3:0:3:3794,,train,7,280.469031516848,,,,,,,0.2053929122013976,,,,,,,300.879402995403,0.012264306492067105,,,,,2.745595723862883,0.14384399767458775,,1,295,1,exact,0.012264306492067105,334,,,,,,0.0001491659968451131,7e3d10fb9923491cff4882bb27216755087cd071
dv3-train-matern2-003795,3,train,matern2,3795,,,,3:0:3:3795,,train,7,379.4730360306557,,,,,,,0.29396175517660456,,,,,,,442.736324574461,0.015090386764063123,,,,,4.381348081362148,0.20355759648754615,,1,392,1,exact,0.015090386764063123,497,,,,,,0.00020770799892488867,93309b955dcd0eea75a5f37c91f5b677e60ff038
dv3-train-matern2-003796,3,train,matern2,3796,,,,3:0:3:3796,,train,7,633.0710549928041,,,,,,,0.13406371521383648,,,,,,,651.6465733743677,0.005328255253897824,,,,,0.7515236904707276,0.09442115651658516,,1,623,1,exact,0.005328255253897824,657,,,,,,0.00025520800045342185,df5d554b29b5d0882f450d7404a10b71bd4a455a
dv3-train-matern2-003797,3,train,matern2,3797,,,,3:0:3:3797,,train,7,109.60069861076576,,,,,,,0.12005483206450161,,,,,,,112.1596185832855,0.011467611813962391,,,,,0.7705852276010396,0.08462248441934196,,1,130,1,exact,0.011467611813962391,138,,,,,,9.649999992689118e-05,6130cf1e0372e0770628b9d44270d5b9de08e3a5
dv3-train-matern2-003798,3,train,matern2,3798,,,,3:0:3:3798,,train,7,334.40366566274156,,,,,,,0.277409915040424,,,,,,,382.8106299044688,0.01517003087260337,,,,,4.034507353591636,0.1925841017142625,,1,359,1,exact,0.01517003087260337,426,,,,,,0.00011645800259429961,54f37f06975c801582d4038967b2fd1b51a1eee4
dv3-train-matern2-003799,3,train,matern2,3799,,,,3:0:3:3799,,train,7,484.6828686624484,,,,,,,0.30074202961878815,,,,,,,570.1966118439989,0.013660458979180813,,,,,5.165401839705174,0.20802298546451703,,1,471,1,exact,0.013660458979180813,567,,,,,,0.00014937499872758053,0cc90c27599fc56fa2574c7472f0598d6df82d89
dv3-train-matern2-003800,3,train,matern2,3800,,,,3:0:3:3800,,train,7,164.22745422462367,,,,,,,0.05839646804184406,,,,,,,165.11349671834657,0.004556839165864718,,,,,0.122892807982278,0.041261939188538675,,1,151,1,exact,0.004556839165864718,156,,,,,,5.7166002079611644e-05,805d54d2538e40d1adf91b6702b4be095937effe
dv3-train-matern2-003801,3,train,matern2,3801,,,,3:0:3:3801,,train,7,169.58296943131884,,,,,,,0.47092668424837714,,,,,,,290.40139540073676,0.036162811024679276,,,,,4.678525433830621,0.31105789225542746,,1,188,1,exact,0.036162811024679276,355,,,,,,0.00010270799975842237,f393ec8527e5e98b5cd84f92ddcc98e09b6706c4
dv3-train-matern2-003802,3,train,matern2,3802,,,,3:0:3:3802,,train,7,104.88180740814047,,,,,,,0.5421310623643933,,,,,,,291.7327592996102,0.052936376470101,,,,,4.132914096067353,0.3432426332305029,,1,95,1,exact,0.052936376470101,315,,,,,,9.658400085754693e-05,679a7009cb9b92233d1f841024ce90cc2e637881
dv3-train-matern2-003803,3,train,matern2,3803,,,,3:0:3:3803,,train,7,453.5648814853657,,,,,,,0.16961893157912436,,,,,,,475.3881289014811,0.007964428410849152,,,,,1.3683981234189002,0.11916745698418466,,1,471,1,exact,0.007964428410849152,502,,,,,,0.00012808400060748681,ebda295bf8e3cc510508e4909bb0c5cf515e7538
dv3-train-matern2-003804,3,train,matern2,3804,,,,3:0:3:3804,,train,7,576.5165477552961,,,,,,,0.30063163131170745,,,,,,,678.1394307578761,0.012520705043597835,,,,,5.652277963214075,0.20795042406279649,,1,573,1,exact,0.012520705043597835,697,,,,,,0.0001720830005069729,ef59f62a21f2afa3ce6d652f76f6dd878626246b
dv3-train-matern2-003805,3,train,matern2,3805,,,,3:0:3:3805,,train,7,232.4925197155721,,,,,,,0.1364326483563905,,,,,,,239.5674777049213,0.008947749503976603,,,,,0.9472076983578244,0.09607566483063655,,1,267,1,exact,0.008947749503976603,290,,,,,,8.487500235787593e-05,a78a7ab7f418a8154cad0d72643f921478030d11
dv3-train-matern2-003806,3,train,matern2,3806,,,,3:0:3:3806,,train,7,128.98620027275226,,,,,,,0.14432063660442745,,,,,,,133.3999005925602,0.012707403233042609,,,,,1.1356056119670637,0.10157927451951416,,1,125,1,exact,0.012707403233042609,137,,,,,,5.479199899127707e-05,6f78e371128222ac0b3cf700021bf4280cf162b5
dv3-train-matern2-003807,3,train,matern2,3807,,,,3:0:3:3807,,train,7,645.8694150013885,,,,,,,0.34312979058196263,,,,,,,806.4579169248328,0.013501625749673523,,,,,6.77512431284478,0.23548875989191229,,1,656,1,exact,0.013501625749673523,848,,,,,,0.000258250001934357,8f31c3756a7215969c263dc33b7b6562d606500e
dv3-train-matern2-003808,3,train,matern2,3808,,,,3:0:3:3808,,train,7,457.4276646025355,,,,,,,0.2513673396568032,,,,,,,509.9010376151297,0.011752970214203795,,,,,4.301171847978834,0.17512946792011316,,1,462,1,exact,0.011752970214203795,541,,,,,,0.0001638329995330423,cb46859737bb0c3d27304da2464858222b8b926c
dv3-train-matern2-003809,3,train,matern2,3809,,,,3:0:3:3809,,train,7,664.2603672360634,,,,,,,0.09375079508339985,,,,,,,673.6035788497138,0.00363752334275617,,,,,0.3547523991915515,0.0661644674379031,,1,686,1,exact,0.00363752334275617,698,,,,,,0.00017683300029602833,726a1c9d319cd97120911acf623f07467448f5fa
dv3-train-matern2-003810,3,train,matern2,3810,,,,3:0:3:3810,,train,7,245.44346396922404,,,,,,,0.4991695114880518,,,,,,,478.7569590702953,0.03186194735141694,,,,,6.175984115891769,0.3252528885464949,,1,241,1,exact,0.03186194735141694,577,,,,,,0.0001621670016902499,cd95301f01d6f03be71b66b82c479b9922659da8
dv3-train-matern2-003811,3,train,matern2,3811,,,,3:0:3:3811,,train,7,148.37427896276014,,,,,,,0.06250879400346528,,,,,,,149.29247013701956,0.005131706496316885,,,,,0.1352282299474399,0.04416284214595387,,1,150,1,exact,0.005131706496316885,152,,,,,,5.604100078926422e-05,3887e634171dc8263e20da3d17d137d7c5316832
dv3-train-matern2-003812,3,train,matern2,3812,,,,3:0:3:3812,,train,7,553.7206109999498,,,,,,,0.11589685555533757,,,,,,,565.743030012454,0.004925227643938186,,,,,0.5592102091022007,0.08170961607512023,,1,595,1,exact,0.004925227643938186,618,,,,,,0.0001512080016254913,d0b2dfb4e2a91c1d85350a3656bef8c64167bf55
dv3-train-matern2-003813,3,train,matern2,3813,,,,3:0:3:3813,,train,7,263.5180643042497,,,,,,,0.2789143901380208,,,,,,,302.1640015589129,0.01718168393490381,,,,,3.622018184635577,0.19358560953886,,1,276,1,exact,0.01718168393490381,332,,,,,,9.55420000536833e-05,cc3efb5dd1674ba5a859cd07e006ebf6090ec6ef
dv3-train-matern2-003814,3,train,matern2,3814,,,,3:0:3:3814,,train,7,537.8653289434179,,,,,,,0.06631518203726774,,,,,,,541.615427307975,0.00285940841502565,,,,,0.1758838495892144,0.0468470552595861,,1,554,1,exact,0.00285940841502565,564,,,,,,0.00014258300143410452,1cb2e2381b17a2a2f067d2c020799a9b924bb014
dv3-train-matern2-003815,3,train,matern2,3815,,,,3:0:3:3815,,train,7,309.29092981086666,,,,,,,0.2773165433111874,,,,,,,354.02643623859143,0.01576856548752173,,,,,3.8473263427631412,0.19252191952004968,,1,321,1,exact,0.01576856548752173,408,,,,,,0.00010974999895552173,bb8a01ee366d26faa91ffc1577eb7197c5d8d9d5
dv3-train-matern2-003816,3,train,matern2,3816,,,,3:0:3:3816,,train,7,456.304314021094,,,,,,,0.40352837130479663,,,,,,,639.1433539828524,0.018890645021909052,,,,,6.857077677525084,0.2729138222201662,,1,469,1,exact,0.018890645021909052,699,,,,,,0.00017883399777929299,35615a4d76d114df4b8ec0f0f8ac18021d352179
dv3-train-matern2-003817,3,train,matern2,3817,,,,3:0:3:3817,,train,7,194.98989320899437,,,,,,,0.2469651773416353,,,,,,,216.46293988784652,0.01768600202241916,,,,,2.6770861658369154,0.172158249497232,,1,207,1,exact,0.01768600202241916,249,,,,,,7.470800119335763e-05,f65f80e09fcd88cc9b7dc891bbd803cd3420c8bf
dv3-train-matern2-003818,3,train,matern2,3818,,,,3:0:3:3818,,train,7,144.2997951012469,,,,,,,0.15639243527416685,,,,,,,150.14515064600272,0.013019157625885605,,,,,1.3029530158788962,0.10998457149054554,,1,144,1,exact,0.013019157625885605,161,,,,,,5.783300002804026e-05,514a76718042b455f434e130d324ecd889f4a479
dv3-train-matern2-003819,3,train,matern2,3819,,,,3:0:3:3819,,train,7,484.056677684814,,,,,,,0.13486315183568323,,,,,,,498.43651966567717,0.00612978436875418,,,,,0.7868394021680112,0.09497958164092789,,1,505,1,exact,0.00612978436875418,533,,,,,,0.00013612499969894998,4d2457424a6b67723e0187b4d0dfd3349d026b3a
dv3-train-matern2-003820,3,train,matern2,3820,,,,3:0:3:3820,,train,7,180.23672701468993,,,,,,,0.3484467648688104,,,,,,,226.97806234977617,0.025954626919130204,,,,,3.581810090330822,0.23887253409836476,,1,167,1,exact,0.025954626919130204,240,,,,,,7.420800102408975e-05,10fc78429677d2c832ef0f461bac80bf1ec99ede
dv3-train-matern2-003821,3,train,matern2,3821,,,,3:0:3:3821,,train,7,235.24806102998892,,,,,,,0.18484008476010874,,,,,,,248.8562660789065,0.012051278771587069,,,,,2.177204203096029,0.12969744501714162,,1,236,1,exact,0.012051278771587069,257,,,,,,7.675000233575702e-05,3e772b75f057267fdd2d5eb3e95ee26de1213ad6
dv3-train-matern2-003822,3,train,matern2,3822,,,,3:0:3:3822,,train,7,100.2789710422108,,,,,,,0.2674936262712693,,,,,,,113.58673379916436,0.026712129024415863,,,,,1.9590463173374228,0.18596365554558592,,1,91,1,exact,0.026712129024415863,117,,,,,,4.900000203633681e-05,8d33bd6ac746f3898f4885a1870077fb9c240bee
dv3-train-matern2-003823,3,train,matern2,3823,,,,3:0:3:3823,,train,7,711.8960239884448,,,,,,,0.4292414777528575,,,,,,,1063.5102946385634,0.016087679205100673,,,,,9.019278081278557,0.2880252109511719,,1,731,1,exact,0.016087679205100673,1167,,,,,,0.00029233299937914126,ba37ad3352aee82265811b50717ec295a3b5d213
dv3-train-matern2-003824,3,train,matern2,3824,,,,3:0:3:3824,,train,7,565.9815695943272,,,,,,,0.20137233467631943,,,,,,,605.4206749649895,0.008464448376284822,,,,,2.019586873007406,0.14108360174493997,,1,571,1,exact,0.008464448376284822,624,,,,,,0.00015591700139339082,f9e5c7fb7ebdbcb2ae109a7b0c461288682a9797
dv3-train-matern2-003825,3,train,matern2,3825,,,,3:0:3:3825,,train,7,323.57806764368956,,,,,,,0.06265245845769661,,,,,,,325.58977168774396,0.003482960736205493,,,,,0.15570197854660547,0.04426416801984138,,1,341,1,exact,0.003482960736205493,347,,,,,,9.216699982061982e-05,ddfe1d8495d2ade7beb70a296d29cf26f8664db8
dv3-train-matern2-003826,3,train,matern2,3826,,,,3:0:3:3826,,train,7,200.63720369150553,,,,,,,0.21093227690541833,,,,,,,216.12042908340166,0.014891460967173049,,,,,2.2953179877254306,0.14764125916146442,,1,173,1,exact,0.014891460967173049,204,,,,,,6.70000008540228e-05,d1b6ba16d68cc0f9194cc599f6d9778974669468
dv3-train-matern2-003827,3,train,matern2,3827,,,,3:0:3:3827,,train,7,460.56070708492405,,,,,,,0.08516161246631199,,,,,,,465.88859109625616,0.003968262877416603,,,,,0.2944593227076096,0.06012305297029058,,1,474,1,exact,0.003968262877416603,487,,,,,,0.00012274999971850775,b389a7950601578ea5c082e9791ca4c44c35ea12
dv3-train-matern2-003828,3,train,matern2,3828,,,,3:0:3:3828,,train,7,193.71809022396457,,,,,,,0.3701014203291848,,,,,,,253.30306407758297,0.026591060757266843,,,,,3.9731920587452203,0.252489611936269,,1,201,1,exact,0.026591060757266843,280,,,,,,8.370800060220063e-05,431f963550374de59e360b512a5480ea639c3205
dv3-train-matern2-003829,3,train,matern2,3829,,,,3:0:3:3829,,train,7,136.61195998087575,,,,,,,0.3610279879323395,,,,,,,175.7363868610433,0.030888478033484233,,,,,3.1514862667893677,0.24681735266176885,,1,136,1,exact,0.030888478033484233,195,,,,,,6.508300066343509e-05,e6ba1b41f4ddfdf335bf9a139a2c1cf490ee1e9a
dv3-train-matern2-003830,3,train,matern2,3830,,,,3:0:3:3830,,train,7,312.3595949698637,,,,,,,0.08514138575974425,,,,,,,315.97130780641686,0.004817406440967958,,,,,0.29633241643247177,0.060108818774800274,,1,319,1,exact,0.004817406440967958,326,,,,,,8.837499990477227e-05,d27c9044e4af665e7d34e281ca0174d395ec85aa
dv3-train-matern2-003831,3,train,matern2,3831,,,,3:0:3:3831,,train,7,704.0883618124328,,,,,,,0.10278769724513126,,,,,,,716.0385557041424,0.0038737140053816898,,,,,0.42996710873969957,0.07251370298846471,,1,699,1,exact,0.0038737140053816898,718,,,,,,0.00016608300211373717,1531584fdd469b66bda6dcaef2f38e843b0ac6da
dv3-train-matern2-003832,3,train,matern2,3832,,,,3:0:3:3832,,train,7,553.1755899511004,,,,,,,0.09883185434125626,,,,,,,561.840759594264,0.0042020908730525134,,,,,0.39991879423421145,0.06973530947956512,,1,545,1,exact,0.0042020908730525134,566,,,,,,0.00012891599908471107,250609da4705516a1767d1d75d8e323205addbea
dv3-train-matern2-003833,3,train,matern2,3833,,,,3:0:3:3833,,train,7,782.9550639404206,,,,,,,0.3693295530366864,,,,,,,1022.3231559878283,0.01319914019536808,,,,,8.440251292071066,0.25200904240157274,,1,805,1,exact,0.01319914019536808,1084,,,,,,0.00026295800125808455,4d5187fe22cdc69df797d486bd0bbb54ae413ed6
dv3-train-matern2-003834,3,train,matern2,3834,,,,3:0:3:3834,,train,7,258.5403541337899,,,,,,,0.17377866851954082,,,,,,,271.6400508525068,0.01080767547900122,,,,,2.1966765955078,0.12204934029621337,,1,282,1,exact,0.01080767547900122,309,,,,,,8.166699990397319e-05,9f33b04b5f5ead6ed344fc2deb9bc3718f4e13f3
dv3-train-matern2-003835,3,train,matern2,3835,,,,3:0:3:3835,,train,7,662.5371611844531,,,,,,,0.05751849781694212,,,,,,,666.004270632352,0.0022346134786587293,,,,,0.13105527183833673,0.04064248321307364,,1,660,1,exact,0.0022346134786587293,668,,,,,,0.00015291700037778355,3b65fad2cb1098948b54c1c796044631f172d6e8
dv3-train-matern2-003836,3,train,matern2,3836,,,,3:0:3:3836,,train,7,598.862190119336,,,,,,,0.07480225413562212,,,,,,,604.188216103404,0.0030566888883943933,,,,,0.22429493758001479,0.05282871592590674,,1,582,1,exact,0.0030566888883943933,606,,,,,,0.00014241700046113692,e6af50d214bb25393e498831afc214386bd9ee18
dv3-train-matern2-003837,3,train,matern2,3837,,,,3:0:3:3837,,train,7,681.0994814626439,,,,,,,0.3068033459639872,,,,,,,807.4469277039292,0.011755871136437024,,,,,6.415762689261928,0.21199932259877705,,1,718,1,exact,0.011755871136437024,859,,,,,,0.00019549999706214294,020809677116a40cb90eaa033689001c55d85678
dv3-train-matern2-003838,3,train,matern2,3838,,,,3:0:3:3838,,train,7,565.3622047128606,,,,,,,0.4272375503656536,,,,,,,840.0012703632094,0.01796826029647768,,,,,7.974733708244053,0.2868691925777599,,1,579,1,exact,0.01796826029647768,934,,,,,,0.0002234999992651865,be3491ecb25a0feac841849d49de5c3c07a419f8
dv3-train-matern2-003839,3,train,matern2,3839,,,,3:0:3:3839,,train,7,529.3395768218829,,,,,,,0.31257789326772767,,,,,,,632.2980881585452,0.013585983313248428,,,,,5.6256017789738,0.21577333992135678,,1,521,1,exact,0.013585983313248428,647,,,,,,0.0001531669986434281,e386c771ece01260d43cba07b0980c743a80120d
dv3-train-matern2-003840,3,train,matern2,3840,,,,3:0:3:3840,,train,7,268.5983740065475,,,,,,,0.20511640549621746,,,,,,,288.0870841049643,0.012515514496545853,,,,,2.628424668459848,0.1436542708593166,,1,299,1,exact,0.012515514496545853,341,,,,,,8.750000051804818e-05,f51db6e3d72508ee8c0ff4b0dfe0961150d4f98d
dv3-train-matern2-003841,3,train,matern2,3841,,,,3:0:3:3841,,train,7,346.96605783563257,,,,,,,0.057456697011939874,,,,,,,348.7778318363308,0.0030845879693712787,,,,,0.12930636585368438,0.04059887780751763,,1,356,1,exact,0.0030845879693712787,361,,,,,,8.87079986569006e-05,dbb384140e17ed091dca49cfb247e085965b5799
dv3-train-matern2-003842,3,train,matern2,3842,,,,3:0:3:3842,,train,7,316.66415056441167,,,,,,,0.32400281912067186,,,,,,,384.23942219718896,0.01820745893266318,,,,,4.577737262938336,0.22319738968507416,,1,317,1,exact,0.01820745893266318,421,,,,,,0.00010295899846823886,f3285d30dea1a8da445b0d6003b76105e681f4d2
dv3-train-matern2-003843,3,train,matern2,3843,,,,3:0:3:3843,,train,7,581.196832190845,,,,,,,0.3937970069871995,,,,,,,796.7134880202254,0.016334686047205012,,,,,7.474453577538139,0.2670507491057831,,1,533,1,exact,0.016334686047205012,776,,,,,,0.00018370799807598814,81040e96a85a6b232b099b85925a21eb47a56f5a
dv3-train-matern2-003844,3,train,matern2,3844,,,,3:0:3:3844,,train,7,518.7499693983711,,,,,,,0.2985035456566529,,,,,,,608.5842927595223,0.013106008703889387,,,,,5.3064565976065845,0.2065507502481822,,1,540,1,exact,0.013106008703889387,670,,,,,,0.00015425000310642645,86403329a918a2789a2cbd13edec2415359092db
dv3-train-matern2-003845,3,train,matern2,3845,,,,3:0:3:3845,,train,7,126.15268015099016,,,,,,,0.05393791463976766,,,,,,,126.73272429550832,0.004802262667567923,,,,,0.09462681733787585,0.03811576615738737,,1,123,1,exact,0.004802262667567923,126,,,,,,4.616599835571833e-05,cf4844f2bba40649b955744cde5aaacf0ad3a4ee
dv3-train-matern2-003846,3,train,matern2,3846,,,,3:0:3:3846,,train,7,102.87820833332641,,,,,,,0.3331906111307872,,,,,,,126.51199032338637,0.03284967361956614,,,,,2.4910105647261798,0.2291240920879219,,1,111,1,exact,0.03284967361956614,160,,,,,,5.400000009103678e-05,379e0ba47384bc140b63d9f251945f370f262ef0
dv3-train-matern2-003847,3,train,matern2,3847,,,,3:0:3:3847,,train,7,122.15614939873791,,,,,,,0.07672765780150363,,,,,,,123.2999113987071,0.006942154484556587,,,,,0.20558055682733903,0.05418505263421671,,1,131,1,exact,0.006942154484556587,134,,,,,,4.5999997382750735e-05,71daecde7b667a588e2cf62b7b1963eef29da14d
dv3-train-matern2-003848,3,train,matern2,3848,,,,3:0:3:3848,,train,7,598.4695240650102,,,,,,,0.5310767383936561,,,,,,,1467.0966871604844,0.021708822092327166,,,,,10.238063521427705,0.3391907369294083,,1,610,1,exact,0.021708822092327166,1606,,,,,,0.0003959579989896156,53e7cedb8b8c2768a07e885a5a227fd718188bc9
dv3-train-matern2-003849,3,train,matern2,3849,,,,3:0:3:3849,,train,7,159.29967598011515,,,,,,,0.06519689041783168,,,,,,,160.37286576349044,0.005165584095357479,,,,,0.1534441324859985,0.04605854185341615,,1,154,1,exact,0.005165584095357479,157,,,,,,5.295799928717315e-05,1ef6616f1971ec19c116a322080fa258996459ab
dv3-train-matern2-003850,3,train,matern2,3850,,,,3:0:3:3850,,train,7,436.93653050350036,,,,,,,0.12797164433065786,,,,,,,448.57755583386984,0.006122158546401591,,,,,0.7027013767122123,0.09016298266255415,,1,429,1,exact,0.006122158546401591,453,,,,,,0.00010637500236043707,e8a2efe5c9316ea84481a411399dc769ad153427
dv3-train-matern2-003851,3,train,matern2,3851,,,,3:0:3:3851,,train,7,236.4582353630356,,,,,,,0.22700653487099687,,,,,,,257.9528317030254,0.014762541699435671,,,,,2.778705047841176,0.15861943824343389,,1,219,1,exact,0.014762541699435671,257,,,,,,7.07910003256984e-05,d9b45c57d16d3c36b7948efdf61056e19ec2e48e
dv3-train-matern2-003852,3,train,matern2,3852,,,,3:0:3:3852,,train,7,129.1016631741815,,,,,,,0.07408292790908022,,,,,,,130.2276058498418,0.006520069418327087,,,,,0.1915962604955989,0.05232192469536386,,1,129,1,exact,0.006520069418327087,132,,,,,,4.470899875741452e-05,d14050914e162d14393317a1545ebad2338a1b1d
dv3-train-matern2-003853,3,train,matern2,3853,,,,3:0:3:3853,,train,7,150.20916994573525,,,,,,,0.07722163513962436,,,,,,,151.6339936861578,0.006300728560110984,,,,,0.21644031347510498,0.05453298866141179,,1,143,1,exact,0.006300728560110984,145,,,,,,4.704200182459317e-05,6a094c6bb5391dc5c91a9f40f9ea208095f5849c
dv3-train-matern2-003854,3,train,matern2,3854,,,,3:0:3:3854,,train,7,109.87672379376825,,,,,,,0.21247701415065628,,,,,,,118.49396641385505,0.020270249952243496,,,,,1.6108873291180177,0.14869893868930983,,1,111,1,exact,0.020270249952243496,125,,,,,,4.5583998144138604e-05,7fd868659f9a19781a9e9b4be3eedf6cb68d91fa
dv3-train-matern2-003855,3,train,matern2,3855,,,,3:0:3:3855,,train,7,137.62623782690224,,,,,,,0.1425156484839427,,,,,,,142.2132640660454,0.012148200028389781,,,,,1.1079374474469494,0.1003206632227891,,1,132,1,exact,0.012148200028389781,145,,,,,,4.975000047124922e-05,227cbe6488ea2d892058d732052d0113f3cd7673
dv3-train-matern2-003856,3,train,matern2,3856,,,,3:0:3:3856,,train,7,108.08761462233466,,,,,,,0.12190224200747389,,,,,,,110.69200593415435,0.011725293618774163,,,,,0.7946625004177753,0.08591604628561744,,1,107,1,exact,0.011725293618774163,118,,,,,,4.466700193006545e-05,21ec05ca8c84329d9e260dcbbee2cf1e502f042c
dv3-train-matern2-003857,3,train,matern2,3857,,,,3:0:3:3857,,train,7,232.00106325522933,,,,,,,0.09544876422720712,,,,,,,235.3859001933016,0.006266504016104538,,,,,0.3847064907209289,0.06735801982842908,,1,224,1,exact,0.006266504016104538,231,,,,,,6.137499804026447e-05,20c2ef72c83b654825754ddaf63b20ed17d31ca5
dv3-train-matern2-003858,3,train,matern2,3858,,,,3:0:3:3858,,train,7,500.3294256690552,,,,,,,0.06755613550447076,,,,,,,503.9508692305718,0.003020207455666318,,,,,0.18319798895201075,0.04772196753889655,,1,496,1,exact,0.003020207455666318,506,,,,,,0.00011804200039478019,73050adafcb50656e8481e9ca34e1a64c9316bfb
dv3-train-matern2-003859,3,train,matern2,3859,,,,3:0:3:3859,,train,7,260.0919501458226,,,,,,,0.11765266011768379,,,,,,,265.91667097965853,0.00729521835667743,,,,,0.6259074589288358,0.08293988427924567,,1,286,1,exact,0.00729521835667743,304,,,,,,7.850000110920519e-05,152909efd5fb7ea8fa6f0c6a574634e8aeaf384f
dv3-train-matern2-003860,3,train,matern2,3860,,,,3:0:3:3860,,train,7,711.0515297425186,,,,,,,0.2021696424567189,,,,,,,761.0303507435772,0.007581679219203499,,,,,1.8984842956488448,0.1416312870876828,,1,708,1,exact,0.007581679219203499,772,,,,,,0.00017020800078171305,a2191ad815186f8a186b2089383acaa71a8cf65b
dv3-train-matern2-003861,3,train,matern2,3861,,,,3:0:3:3861,,train,7,358.75328860331445,,,,,,,0.1807237977042003,,,,,,,378.5233571495595,0.009541516349359258,,,,,1.8172451074433527,0.1268540187353283,,1,378,1,exact,0.009541516349359258,411,,,,,,9.904200123855844e-05,4cb51f00c83a2377f05db440ad2d2730c8dad1db
dv3-train-matern2-003862,3,train,matern2,3862,,,,3:0:3:3862,,train,7,335.1654675363088,,,,,,,0.1463115136248784,,,,,,,346.96802776349995,0.007991878449841994,,,,,1.0061384421668953,0.10296696428689624,,1,333,1,exact,0.007991878449841994,353,,,,,,8.679200254846364e-05,99f3baef87869ce83b3f3475a6eeb49428943040
dv3-train-matern2-003863,3,train,matern2,3863,,,,3:0:3:3863,,train,7,586.6681760315014,,,,,,,0.23373664050762263,,,,,,,643.6354953635016,0.009650071528045007,,,,,3.1912248730899524,0.1631967320484214,,1,602,1,exact,0.009650071528045007,667,,,,,,0.0001544580009067431,4dce17459f945966112491b8ce2d8a16e019da2d
dv3-train-matern2-003864,3,train,matern2,3864,,,,3:0:3:3864,,train,7,418.8124548650018,,,,,,,0.25454725082243107,,,,,,,468.27971084543606,0.012438230956880294,,,,,4.068699854305821,0.17727217627273495,,1,430,1,exact,0.012438230956880294,517,,,,,,0.00012204200174892321,104d3143a1ab337b6c2a38bccba9b49b63c6212e
dv3-train-matern2-003865,3,train,matern2,3865,,,,3:0:3:3865,,train,7,142.6486132355771,,,,,,,0.3879244987573527,,,,,,,193.14154290629244,0.0324798063054603,,,,,3.4082946364239075,0.2634782412479632,,1,148,1,exact,0.0324798063054603,217,,,,,,6.354200013447553e-05,c708f294ef728f25d543eb019be6b1fc45009c1e
dv3-train-matern2-003866,3,train,matern2,3866,,,,3:0:3:3866,,train,7,389.2244078659962,,,,,,,0.0624549784966462,,,,,,,391.62888286184824,0.0031656801267743286,,,,,0.15310947175485773,0.04412488600877364,,1,403,1,exact,0.0031656801267743286,409,,,,,,9.704200056148693e-05,8698120e19d85a64c26e957e5cf185d6b43a9462
dv3-train-matern2-003867,3,train,matern2,3867,,,,3:0:3:3867,,train,7,627.698987557362,,,,,,,0.10407793149006324,,,,,,,638.6280782172622,0.004154157307195234,,,,,0.44073096395978983,0.0734195724165961,,1,605,1,exact,0.004154157307195234,620,,,,,,0.00014087499948800541,961cfe1d30897c4c322830f2be8cbb02e9e55b63
dv3-train-matern2-003868,3,train,matern2,3868,,,,3:0:3:3868,,train,7,134.16279923966036,,,,,,,0.12218220842890802,,,,,,,137.41082644224636,0.010548529339970041,,,,,0.8878745647937831,0.08611204455648468,,1,141,1,exact,0.010548529339970041,153,,,,,,6.408300032489933e-05,c56924aad05b32f63c43d90231d9cfe605ff1507
dv3-train-matern2-003869,3,train,matern2,3869,,,,3:0:3:3869,,train,7,658.0225201007141,,,,,,,0.10806115596240531,,,,,,,670.3958688525676,0.004212590368296323,,,,,0.4758669760088967,0.0762151277093186,,1,651,1,exact,0.004212590368296323,669,,,,,,0.00015504200200666673,3901b2597f1c4d68af6d4b55ec5bb3870c7505bc
dv3-train-matern2-003870,3,train,matern2,3870,,,,3:0:3:3870,,train,7,258.7979945351688,,,,,,,0.11887485194046964,,,,,,,264.71849682924363,0.007389406116507826,,,,,0.6422838020770812,0.08379605082708254,,1,254,1,exact,0.007389406116507826,267,,,,,,7.724999886704609e-05,780d2ff3406c6bca8dcacf4248efe08ebb9c572c
dv3-train-matern2-003871,3,train,matern2,3871,,,,3:0:3:3871,,train,7,154.08282699311704,,,,,,,0.3313604648811956,,,,,,,188.96533119441594,0.026694609479538004,,,,,3.0350836657889295,0.2279467597715746,,1,151,1,exact,0.026694609479538004,191,,,,,,6.279100125539117e-05,ce740b57edefa1b001478bf59e5a65a31cf10f18
dv3-train-matern2-003872,3,train,matern2,3872,,,,3:0:3:3872,,train,7,769.09156636788,,,,,,,0.17112714889649921,,,,,,,806.8012878176139,0.006170635455543385,,,,,1.2648513060540945,0.12021270784786729,,1,753,1,exact,0.006170635455543385,810,,,,,,0.00034833300014724955,d752827be26d7b19450aed56f9beb871f0468224
dv3-train-matern2-003873,3,train,matern2,3873,,,,3:0:3:3873,,train,7,339.94367009406056,,,,,,,0.26455120443445873,,,,,,,383.8918570484261,0.014348492124627832,,,,,3.8190438103589006,0.18399292990334482,,1,346,1,exact,0.014348492124627832,415,,,,,,0.00018441700012772344,dd57bf118d6881c4d558ca9128f71b2ff389e8ed
dv3-train-matern2-003874,3,train,matern2,3874,,,,3:0:3:3874,,train,7,154.80182994881807,,,,,,,0.08786039013119751,,,,,,,156.7098182297574,0.007061632010001049,,,,,0.2960596691183058,0.06202197325501981,,1,142,1,exact,0.007061632010001049,147,,,,,,9.845800013863482e-05,232cf88350c7b7d6dc5ff9f7b113902137725c23
dv3-train-matern2-003875,3,train,matern2,3875,,,,3:0:3:3875,,train,7,130.7218977166785,,,,,,,0.17595272718945737,,,,,,,137.52383293468387,0.015389405055388897,,,,,1.4272634179337575,0.12355431285425021,,1,125,1,exact,0.015389405055388897,133,,,,,,9.208299888996407e-05,b5500e3f5e60ac9e7e98a5e1a537b304f6a2e2e8
dv3-train-matern2-003876,3,train,matern2,3876,,,,3:0:3:3876,,train,7,139.15978960404735,,,,,,,0.05861190795175161,,,,,,,139.91617693540653,0.004968542135176021,,,,,0.11652640989229165,0.041413937447807365,,1,160,1,exact,0.004968542135176021,171,,,,,,0.00010141700113308616,a4335a21baa263742902ee101b56ac036954909d
dv3-train-matern2-003877,3,train,matern2,3877,,,,3:0:3:3877,,train,7,415.15927553216756,,,,,,,0.21931989050039824,,,,,,,450.0954060158231,0.010763924618583855,,,,,3.54351263587804,0.15337751665442198,,1,395,1,exact,0.010763924618583855,463,,,,,,0.00018650000129127875,eba185f2df6d4b668227d05db400a010cf659334
dv3-train-matern2-003878,3,train,matern2,3878,,,,3:0:3:3878,,train,7,120.39960829787346,,,,,,,0.24718706117282208,,,,,,,133.68595734111855,0.022527510312820846,,,,,2.009173177297574,0.17230814373485331,,1,132,1,exact,0.022527510312820846,163,,,,,,9.941700045601465e-05,98c61b6cdd988f6b7e93c3cd8a65ed04dd22edce
dv3-train-matern2-003879,3,train,matern2,3879,,,,3:0:3:3879,,train,7,113.75511065159536,,,,,,,0.23873949244080453,,,,,,,125.34614109837005,0.022384057234541094,,,,,1.852623318179079,0.16659152440944103,,1,112,1,exact,0.022384057234541094,127,,,,,,8.94170007086359e-05,5308398a8e8c31aec7f6e2629edd9826e5ed2091
dv3-train-matern2-003880,3,train,matern2,3880,,,,3:0:3:3880,,train,7,104.67802487347903,,,,,,,0.10163092965424221,,,,,,,106.41403271880546,0.009933404904030255,,,,,0.4886938522299517,0.07170140115732085,,1,95,1,exact,0.009933404904030255,102,,,,,,7.462500070687383e-05,083421586cab9a7423cbbfc1863f3e084376a6dd
dv3-train-matern2-003881,3,train,matern2,3881,,,,3:0:3:3881,,train,7,372.5177417483987,,,,,,,0.18729246829825208,,,,,,,394.6886522496614,0.009703911618902604,,,,,2.005582694918964,0.13138994024293138,,1,374,1,exact,0.009703911618902604,407,,,,,,0.00016637500084470958,64f48231b6ce5883bedec5e73c162f9d8b805fdf
dv3-train-matern2-003882,3,train,matern2,3882,,,,3:0:3:3882,,train,7,777.5418584949566,,,,,,,0.16792749751640237,,,,,,,814.163457347986,0.00602226590031345,,,,,1.211191241141506,0.11799476096260365,,1,800,1,exact,0.00602226590031345,852,,,,,,0.000310792001982918,9c2c9f99b328a15f71ad1a91119b41f66778612b
dv3-train-matern2-003883,3,train,matern2,3883,,,,3:0:3:3883,,train,7,169.25697030227553,,,,,,,0.16177223865866477,,,,,,,176.6213519147975,0.012434568355207875,,,,,1.5463122109067406,0.11372313673893043,,1,156,1,exact,0.012434568355207875,170,,,,,,0.00010008300159825012,bee4c322daa44232fe90be38184c9aa1c51dbc8e
dv3-train-matern2-003884,3,train,matern2,3884,,,,3:0:3:3884,,train,7,131.7246332390559,,,,,,,0.11795398932959063,,,,,,,134.69017459926786,0.010277302384092179,,,,,0.865776001325127,0.08315098645913312,,1,116,1,exact,0.010277302384092179,123,,,,,,8.52919984026812e-05,0b385934804aab75ff6d45a5b5ccf8ec94730c3a
dv3-train-matern2-003885,3,train,matern2,3885,,,,3:0:3:3885,,train,7,162.31425545268615,,,,,,,0.059314603016673254,,,,,,,163.21793562174454,0.004655681864287629,,,,,0.1264108588429223,0.041909688804908696,,1,169,1,exact,0.004655681864287629,171,,,,,,9.191700155497529e-05,2be539b675f272f0341fb9f9cbaf7c4709101b39
dv3-train-matern2-003886,3,train,matern2,3886,,,,3:0:3:3886,,train,7,186.5463252509833,,,,,,,0.3352889714003764,,,,,,,230.12482924503388,0.02454855420592211,,,,,3.525201198579582,0.23047194305126167,,1,203,1,exact,0.02454855420592211,280,,,,,,0.0001331249986833427,2dac342cff8de218955d6cd911c4636d4a24e892
dv3-train-matern2-003887,3,train,matern2,3887,,,,3:0:3:3887,,train,7,481.494087744286,,,,,,,0.19921414931993392,,,,,,,514.2641287486284,0.009078721667488758,,,,,2.114363058970817,0.13960041874258836,,1,474,1,exact,0.009078721667488758,522,,,,,,0.00022545799947693013,b86b7d451ab000fa99e779cbf01f5409fb6faadb
dv3-train-matern2-003888,3,train,matern2,3888,,,,3:0:3:3888,,train,7,208.60975695608298,,,,,,,0.08433670049226348,,,,,,,210.97577654595312,0.00583914550531795,,,,,0.28742862791851154,0.05954250885202597,,1,199,1,exact,0.00583914550531795,207,,,,,,0.00010920800195890479,16ea1a0e613c577c5e1ab08e01d6fce09dc27a7a
dv3-train-matern2-003889,3,train,matern2,3889,,,,3:0:3:3889,,train,7,405.5233872758363,,,,,,,0.1107475513994392,,,,,,,413.54281633431015,0.005499537654553159,,,,,0.5111106977564616,0.07809960276497803,,1,423,1,exact,0.005499537654553159,436,,,,,,0.00018066700067720376,d9e60ef678901abac5b147d880261d7ad1804a15
dv3-train-matern2-003890,3,train,matern2,3890,,,,3:0:3:3890,,train,7,682.1098613718957,,,,,,,0.07076971151164702,,,,,,,687.5330501516333,0.0027096940712861444,,,,,0.19995969053795043,0.04998718636171731,,1,690,1,exact,0.0027096940712861444,707,,,,,,0.0002590000003692694,3b51640b0554c433676fb8f84329dc17520068ad
dv3-train-matern2-003891,3,train,matern2,3891,,,,3:0:3:3891,,train,7,256.1448193710363,,,,,,,0.4206404837309359,,,,,,,374.0020903819011,0.02628259724283679,,,,,5.3297286614504955,0.2830364017301206,,1,273,1,exact,0.02628259724283679,410,,,,,,0.00017420800213585608,95dbbe5ac7c5dc88676dc55d6c75c78694706fa6
dv3-train-matern2-003892,3,train,matern2,3892,,,,3:0:3:3892,,train,7,285.22960166735686,,,,,,,0.05950610863076731,,,,,,,286.8279573128492,0.0035234186843786544,,,,,0.14146218632373334,0.04204479130202457,,1,306,1,exact,0.0035234186843786544,318,,,,,,0.00014166600158205256,941641829b7f72086ba0ab40d619e1ad6bee04cd
dv3-train-matern2-003893,3,train,matern2,3893,,,,3:0:3:3893,,train,7,307.1314455796755,,,,,,,0.08846732867009954,,,,,,,310.97031056443643,0.00504801656918656,,,,,0.32226719748437177,0.062448946217606445,,1,279,1,exact,0.00504801656918656,287,,,,,,0.00013404199853539467,2619d57eceec8ce58980707b1e94a582b751adbb
dv3-train-matern2-003894,3,train,matern2,3894,,,,3:0:3:3894,,train,7,559.2154252660799,,,,,,,0.18826968023001547,,,,,,,592.8746329565978,0.007961425101937073,,,,,1.6928055682721839,0.13206402833598288,,1,553,1,exact,0.007961425101937073,602,,,,,,0.00022608300059800968,a1bed6412e3b1d4b191dd3fc0cec83aa2e79f0f3
dv3-train-matern2-003895,3,train,matern2,3895,,,,3:0:3:3895,,train,7,752.1651527152604,,,,,,,0.10682971779671245,,,,,,,765.980329055423,0.0038952512594250693,,,,,0.46471560373069476,0.07535103714380932,,1,738,1,exact,0.0038952512594250693,755,,,,,,0.00027187500018044375,50b22ca34f8c118bc70cd4fce10fd3a777fa8c77
dv3-train-matern2-003896,3,train,matern2,3896,,,,3:0:3:3896,,train,7,793.6303203052564,,,,,,,0.0699369969578901,,,,,,,799.7910163218413,0.0024825491434005923,,,,,0.19508112073565265,0.049400278201006016,,1,814,1,exact,0.0024825491434005923,835,,,,,,0.00030300000071292743,a6ae988b9d0b1382db317b7ec18d92f971c70357
dv3-train-matern2-003897,3,train,matern2,3897,,,,3:0:3:3897,,train,7,347.1073565454049,,,,,,,0.3949452441262997,,,,,,,476.99833075320714,0.02119849257824045,,,,,5.803826110704842,0.26774631390015013,,1,352,1,exact,0.02119849257824045,532,,,,,,0.0001889589984784834,e416731aa74232d8a74af50ed8319f8afbeb90e7
dv3-train-matern2-003898,3,train,matern2,3898,,,,3:0:3:3898,,train,7,472.9950375245134,,,,,,,0.25146326594164636,,,,,,,527.3022182320117,0.011562353939798941,,,,,4.260671141549296,0.17519414964434452,,1,476,1,exact,0.011562353939798941,557,,,,,,0.00014295800065156072,c10559f806003f7f862dd6f3c353ea2291e99213
dv3-train-matern2-003899,3,train,matern2,3899,,,,3:0:3:3899,,train,7,520.0819639450541,,,,,,,0.14752400295466297,,,,,,,538.7157316715675,0.006468845692331962,,,,,0.9546878800372428,0.10381181701650086,,1,529,1,exact,0.006468845692331962,559,,,,,,0.00013629199747811072,74e6b1f1ecfb9fcc24f61e249cb781f85da962c6
dv3-train-matern2-003900,3,train,matern2,3900,,,,3:0:3:3900,,train,7,150.34371308855071,,,,,,,0.44917605327448257,,,,,,,238.3076416517796,0.036633124241500954,,,,,4.050134476640326,0.2992980011871897,,1,141,1,exact,0.036633124241500954,253,,,,,,7.470800119335763e-05,4eb37cdf8b61f5ba964e046ab4f840d12ea6a38b
dv3-train-matern2-003901,3,train,matern2,3901,,,,3:0:3:3901,,train,7,129.51293160921733,,,,,,,0.2286033216874119,,,,,,,141.47326809452298,0.02008750368982185,,,,,1.907371848898607,0.15970650893123547,,1,117,1,exact,0.02008750368982185,136,,,,,,5.091699858894572e-05,9746355bd718b3cf7172be79c12a5be4627dfe64
dv3-train-matern2-003902,3,train,matern2,3902,,,,3:0:3:3902,,train,7,112.85499890437143,,,,,,,0.3786276961413695,,,,,,,149.9769909448018,0.03564117214784112,,,,,2.9640530682657156,0.25777282648898125,,1,113,1,exact,0.03564117214784112,176,,,,,,5.750000127591193e-05,b74680467b577124c1119b1ce65b8f53df3f1569
dv3-train-matern2-003903,3,train,matern2,3903,,,,3:0:3:3903,,train,7,277.37543636536225,,,,,,,0.40977135118669916,,,,,,,394.2288309708779,0.024604106179639047,,,,,5.450024223990493,0.27663565318345906,,1,272,1,exact,0.024604106179639047,434,,,,,,0.00010837499939952977,0a29019eac94aa3ed2ac2bd91965708e750b35d4
dv3-train-matern2-003904,3,train,matern2,3904,,,,3:0:3:3904,,train,7,283.0654697531262,,,,,,,0.2728305950760815,,,,,,,322.43824151849145,0.016216219828563694,,,,,3.6736390080457175,0.18953091072215564,,1,306,1,exact,0.016216219828563694,367,,,,,,9.287500142818317e-05,0499ae720311c81f3ad499855914cdb0e8923c18
dv3-train-matern2-003905,3,train,matern2,3905,,,,3:0:3:3905,,train,7,157.56767744497967,,,,,,,0.07172146736274061,,,,,,,158.85472924912597,0.005713675867142258,,,,,0.187909236204458,0.05065794015167744,,1,160,1,exact,0.005713675867142258,164,,,,,,5.225000131758861e-05,8b1bd21020acf200bfaf9b8428e4d26595a5fd07
dv3-train-matern2-003906,3,train,matern2,3906,,,,3:0:3:3906,,train,7,114.4987599843535,,,,,,,0.13689735702654734,,,,,,,118.00781897629267,0.012793656084743877,,,,,0.9663399529552434,0.09640013838833889,,1,108,1,exact,0.012793656084743877,116,,,,,,4.525000258581713e-05,3379367723f2ad2c84a245a6ce723f7825297db4
dv3-train-matern2-003907,3,train,matern2,3907,,,,3:0:3:3907,,train,7,136.16530778851197,,,,,,,0.48254827785302884,,,,,,,244.77362573279785,0.04135304880654029,,,,,4.173339333976345,0.31706527092394815,,1,150,1,exact,0.04135304880654029,328,,,,,,9.208300252794288e-05,d183cd4d29f38764340086deff0381be0145da2d
dv3-train-matern2-003908,3,train,matern2,3908,,,,3:0:3:3908,,train,7,199.23166034220503,,,,,,,0.0708156987783271,,,,,,,200.81775458611222,0.005017072394749964,,,,,0.19556952326779242,0.05001959745939661,,1,178,1,exact,0.005017072394749964,185,,,,,,5.866699939360842e-05,3f7d4a2db5765df5d5a3355e421fd2231c5ef153
dv3-train-matern2-003909,3,train,matern2,3909,,,,3:0:3:3909,,train,7,359.5085043343872,,,,,,,0.22178984367044852,,,,,,,390.52793225812854,0.011697338846766818,,,,,3.1575285701754012,0.15506350046836512,,1,372,1,exact,0.011697338846766818,415,,,,,,0.00010241700147162192,07e71b56914c7484139dbff6a2f37a20e18be273
dv3-train-matern2-003910,3,train,matern2,3910,,,,3:0:3:3910,,train,7,739.8427430911922,,,,,,,0.21350643340561623,,,,,,,798.4907484835286,0.007849486676462285,,,,,2.156079166202253,0.14940347380550567,,1,767,1,exact,0.007849486676462285,844,,,,,,0.00019095799871138297,343608b18defe276f678396b2cf618f9ed417ac6
dv3-train-matern2-003911,3,train,matern2,3911,,,,3:0:3:3911,,train,7,130.3981320135672,,,,,,,0.19657284928434526,,,,,,,139.01806006814746,0.017214239766494076,,,,,1.6188044505687977,0.13778387539327633,,1,134,1,exact,0.017214239766494076,151,,,,,,5.2791001508012414e-05,6f31335dc0da8b4445c67dfa954ae7a615c416e5
dv3-train-matern2-003912,3,train,matern2,3912,,,,3:0:3:3912,,train,7,519.7503049014882,,,,,,,0.29552636512692504,,,,,,,607.5450311919685,0.012962801053847088,,,,,5.315980714567221,0.20458961904962303,,1,520,1,exact,0.012962801053847088,668,,,,,,0.00015866700050537474,0974f41004a8c6567e8fc5a8c7a3182e60c4d07e
dv3-train-matern2-003913,3,train,matern2,3913,,,,3:0:3:3913,,train,7,311.3046730354543,,,,,,,0.26060591909118763,,,,,,,350.1520390336882,0.014770372753177687,,,,,3.6525922352072526,0.18134617453472793,,1,338,1,exact,0.014770372753177687,395,,,,,,9.912500172504224e-05,e6ae2bf08f0bff7769985ff2baa202e6ebc0782f
dv3-train-matern2-003914,3,train,matern2,3914,,,,3:0:3:3914,,train,7,168.05548478273047,,,,,,,0.19116587320450654,,,,,,,178.51091185235333,0.01474633240770061,,,,,1.8651550615368264,0.13406073066255325,,1,162,1,exact,0.01474633240770061,188,,,,,,5.841699748998508e-05,f69bbee4adf267f49c336e742ea3fe22ff7d1d04
dv3-train-matern2-003915,3,train,matern2,3915,,,,3:0:3:3915,,train,7,210.3182583152401,,,,,,,0.06275126362277192,,,,,,,211.62998119210098,0.004326971028004154,,,,,0.15250040059076922,0.04433385414593409,,1,200,1,exact,0.004326971028004154,204,,,,,,6.075000055716373e-05,7cf6bf1688a91e83be8476a1f0db9eb3223b7ee1
dv3-train-matern2-003916,3,train,matern2,3916,,,,3:0:3:3916,,train,7,381.383134434305,,,,,,,0.09893472301265545,,,,,,,387.369981080842,0.005066032835649865,,,,,0.3980256968467189,0.06980757839362355,,1,382,1,exact,0.005066032835649865,396,,,,,,9.654200039221905e-05,ee703bcaf7dd07a0a6c626de42fc8a58c5c1ed81
dv3-train-matern2-003917,3,train,matern2,3917,,,,3:0:3:3917,,train,7,143.96450523894435,,,,,,,0.2569878329932302,,,,,,,161.35116353403427,0.021418292624549334,,,,,2.2291304611097735,0.17891463926755974,,1,148,1,exact,0.021418292624549334,173,,,,,,5.6417000450892374e-05,3be8b6455d034b62a46f5bde80d4d62c2d75d384
dv3-train-matern2-003918,3,train,matern2,3918,,,,3:0:3:3918,,train,7,123.783524292743,,,,,,,0.4802215749148746,,,,,,,220.256363414555,0.043162863214494814,,,,,3.9415722123548975,0.3158797699309204,,1,122,1,exact,0.043162863214494814,218,,,,,,6.750000102329068e-05,b336b617bcb69b1c0255d623bcf083b1b699f916
dv3-train-matern2-003919,3,train,matern2,3919,,,,3:0:3:3919,,train,7,384.9114906981016,,,,,,,0.06523469517488652,,,,,,,387.50764534543896,0.00332505014500849,,,,,0.16705268829191405,0.046085199439522606,,1,349,1,exact,0.00332505014500849,363,,,,,,9.129099998972379e-05,4715eeb6f6ca36089fe9c83fe54178c49404ca59
dv3-train-matern2-003920,3,train,matern2,3920,,,,3:0:3:3920,,train,7,773.5761909935505,,,,,,,0.46897516480567925,,,,,,,1314.6813906434668,0.016861581164128836,,,,,10.42894794363301,0.31002892433933366,,1,749,1,exact,0.016861581164128836,1343,,,,,,0.00031870900056674145,bfb382575a6141ca6fe9bbc38f01b7816ad98123
dv3-train-matern2-003921,3,train,matern2,3921,,,,3:0:3:3921,,train,7,268.9387842589574,,,,,,,0.05624873501464167,,,,,,,270.284299669102,0.003429936196002082,,,,,0.12610872496199002,0.03974652342672738,,1,263,1,exact,0.003429936196002082,266,,,,,,0.00010462499994901009,3ac501fcc1f894b51840f8f819e3e97aebd1edf2
dv3-train-matern2-003922,3,train,matern2,3922,,,,3:0:3:3922,,train,7,232.6060415629513,,,,,,,0.27120380373878367,,,,,,,264.5018241396306,0.01778219142351558,,,,,3.2645120305319466,0.18844455944530364,,1,221,1,exact,0.01778219142351558,272,,,,,,9.641700307838619e-05,97741b2e54adc0fd0d8fd18f6891e9391cfe5430
dv3-train-matern2-003923,3,train,matern2,3923,,,,3:0:3:3923,,train,7,179.3331619836469,,,,,,,0.08856003996475587,,,,,,,181.5794434926636,0.006613136711797589,,,,,0.3133054345466752,0.06251416463987142,,1,186,1,exact,0.006613136711797589,189,,,,,,6.783299977541901e-05,b5d1d54660e4c1f94313a2f131055ad569cff2d8
dv3-train-matern2-003924,3,train,matern2,3924,,,,3:0:3:3924,,train,7,219.07501642495464,,,,,,,0.2443885218906018,,,,,,,242.6251644848629,0.016511418234636394,,,,,2.774332840384114,0.17041654967271136,,1,227,1,exact,0.016511418234636394,278,,,,,,8.691599941812456e-05,fcda3190814293088c348dcf9fec79cfb38109b7
dv3-train-matern2-003925,3,train,matern2,3925,,,,3:0:3:3925,,train,7,112.53541105916875,,,,,,,0.45289167794787444,,,,,,,180.5593218961129,0.04269231838813125,,,,,3.566565566054903,0.3013498693797471,,1,119,1,exact,0.04269231838813125,244,,,,,,8.020799941732548e-05,a33570ba3799a51d86e30db000e72e826b400509
dv3-train-matern2-003926,3,train,matern2,3926,,,,3:0:3:3926,,train,7,289.3126594983363,,,,,,,0.07021037912643432,,,,,,,291.5762764953248,0.004127790045687736,,,,,0.19917539033914772,0.04959296657239303,,1,276,1,exact,0.004127790045687736,281,,,,,,8.245900244219229e-05,54f19db187b159add56d8bc088a4dd436ac7f6ed
dv3-train-matern2-003927,3,train,matern2,3927,,,,3:0:3:3927,,train,7,378.1864701923843,,,,,,,0.2662054676044252,,,,,,,427.80420507062024,0.013688755843968428,,,,,4.057774975294142,0.18510123929669495,,1,383,1,exact,0.013688755843968428,459,,,,,,0.00012370799959171563,b1a230a4cf69d634a626dee50d095a7302b2ae98
dv3-train-matern2-003928,3,train,matern2,3928,,,,3:0:3:3928,,train,7,294.6114870496634,,,,,,,0.2781885865221643,,,,,,,337.546972958323,0.01620744176291268,,,,,3.813090491947,0.19310255080897404,,1,313,1,exact,0.01620744176291268,384,,,,,,0.00010141699749510735,d2db0b939e075a1d47335c812e5fb1850a65a685
dv3-train-matern2-003929,3,train,matern2,3929,,,,3:0:3:3929,,train,7,341.2242126157076,,,,,,,0.10987293623841468,,,,,,,347.8631608030895,0.005947997955728158,,,,,0.5079520249072558,0.0774861537321312,,1,349,1,exact,0.005947997955728158,365,,,,,,9.449999924981967e-05,bce886ce7ee712caa9f8f5a078094d0516797111
dv3-train-matern2-003930,3,train,matern2,3930,,,,3:0:3:3930,,train,7,541.6255918213494,,,,,,,0.14491987356159447,,,,,,,560.3205550311811,0.006226992722493286,,,,,0.9110711338133805,0.10199701737123829,,1,575,1,exact,0.006226992722493286,604,,,,,,0.00014808299965807237,c9fbfbf3478a5cda12b35ae27a4a8f655c861fd1
dv3-train-matern2-003931,3,train,matern2,3931,,,,3:0:3:3931,,train,7,233.11892860708122,,,,,,,0.10762509983733613,,,,,,,237.46626965344115,0.007048955974348035,,,,,0.5080350339340276,0.0759091683843992,,1,254,1,exact,0.007048955974348035,264,,,,,,7.395899956463836e-05,3c767ca9b19bcad4b6cafb4c575551ec9c9e209e
dv3-train-matern2-003932,3,train,matern2,3932,,,,3:0:3:3932,,train,7,203.6930385176623,,,,,,,0.19258244485427842,,,,,,,216.57036074134132,0.013493623941672025,,,,,2.0953742221828655,0.1350367343302375,,1,227,1,exact,0.013493623941672025,247,,,,,,7.14999987394549e-05,5f0beed348aa46b0b19a36dbda12212d9b8d576e
dv3-train-matern2-003933,3,train,matern2,3933,,,,3:0:3:3933,,train,7,131.34484707950796,,,,,,,0.3304601546113512,,,,,,,160.8661642314935,0.028834510431120872,,,,,2.8525884214730395,0.22736699336804292,,1,127,1,exact,0.028834510431120872,171,,,,,,5.8000001445179805e-05,d74611d68070bb4c835b2159831fa13e40849f91
dv3-train-matern2-003934,3,train,matern2,3934,,,,3:0:3:3934,,train,7,363.82570856827266,,,,,,,0.1574078145733173,,,,,,,378.76636164559596,0.008252387211308818,,,,,1.1765386903430037,0.11069053912386664,,1,337,1,exact,0.008252387211308818,361,,,,,,9.27500004763715e-05,fee6aefb143e153234f83842dc0f3ba1901510ae
dv3-train-matern2-003935,3,train,matern2,3935,,,,3:0:3:3935,,train,7,112.05379949136048,,,,,,,0.13910746896531595,,,,,,,115.60447776327521,0.013141264458430058,,,,,0.9364315497210333,0.09794290483343758,,1,98,1,exact,0.013141264458430058,106,,,,,,4.374999844003469e-05,e42d9e911e4919e04d43122a1ec5953de06d75e6
dv3-train-matern2-003936,3,train,matern2,3936,,,,3:0:3:3936,,train,7,136.8178467452421,,,,,,,0.10762798525854388,,,,,,,139.36944792060814,0.009201398397986725,,,,,0.5083530512818564,0.07591119300833137,,1,144,1,exact,0.009201398397986725,151,,,,,,5.29589997313451e-05,df29104e2a61ea7db086588036dffa949d3c3ffd
dv3-train-matern2-003937,3,train,matern2,3937,,,,3:0:3:3937,,train,7,139.75152022468737,,,,,,,0.06564816339325233,,,,,,,140.70621356148595,0.005553212724468752,,,,,0.1490119048565267,0.04637674607176663,,1,142,1,exact,0.005553212724468752,145,,,,,,4.837499727727845e-05,457b6cabac1f1688b00b4543c7a21df35dd88f95
dv3-train-matern2-003938,3,train,matern2,3938,,,,3:0:3:3938,,train,7,543.1067474336835,,,,,,,0.05426286554152219,,,,,,,545.6342938360963,0.0023284135892424557,,,,,0.11708634837437655,0.03834510202509243,,1,521,1,exact,0.0023284135892424557,528,,,,,,0.00012783300189767033,bfa3bf52501b9bee21d180f47f499b0f83ef8039
dv3-train-matern2-003939,3,train,matern2,3939,,,,3:0:3:3939,,train,7,568.8888052056163,,,,,,,0.06856216687272634,,,,,,,573.1312736912934,0.0028745564453997994,,,,,0.1882766101574717,0.048431180933935884,,1,508,1,exact,0.0028745564453997994,522,,,,,,0.00012437500117812306,274c155c2fa53227e0e6f78080a19453db2e1293
dv3-train-matern2-003940,3,train,matern2,3940,,,,3:0:3:3940,,train,7,608.9424693425296,,,,,,,0.0905124960264928,,,,,,,616.915917291017,0.0036679246839164056,,,,,0.3311825517112139,0.06388746546855645,,1,620,1,exact,0.0036679246839164056,635,,,,,,0.00024291699810419232,1181efc25de317562a9c24298326181bbdc0bada
dv3-train-matern2-003941,3,train,matern2,3941,,,,3:0:3:3941,,train,7,110.36248233467715,,,,,,,0.2103503741662217,,,,,,,118.82733379094094,0.020023157279741906,,,,,1.6185738376889036,0.14724268879253014,,1,115,1,exact,0.020023157279741906,127,,,,,,0.00012200000128359534,d9663eb34cc23e14b6221af9f7d965eb5a7581d6
dv3-train-matern2-003942,3,train,matern2,3942,,,,3:0:3:3942,,train,7,477.02463185526796,,,,,,,0.26303703422137853,,,,,,,537.8658205704697,0.012043327504006303,,,,,4.496113584301478,0.18297770928303114,,1,456,1,exact,0.012043327504006303,542,,,,,,0.00022399999943445437,2c4e73c177b0c957588657b95b1887343a1ca117
dv3-train-matern2-003943,3,train,matern2,3943,,,,3:0:3:3943,,train,7,190.4124217087572,,,,,,,0.07917365953075349,,,,,,,192.3122993552535,0.0057376371639534214,,,,,0.24701545863705693,0.05590773508547439,,1,200,1,exact,0.0057376371639534214,209,,,,,,0.00011499999891384505,6b859fb77dc016001c58f05fbb7d873f2fed4b9b
dv3-train-matern2-003944,3,train,matern2,3944,,,,3:0:3:3944,,train,7,610.9281620069347,,,,,,,0.05713060687608036,,,,,,,614.0819264822687,0.002311392846091801,,,,,0.12950624814057715,0.04036879179100307,,1,604,1,exact,0.002311392846091801,612,,,,,,0.00023249999867402948,07412b7c08bb7d6613d6a2e32d5880c41b5a2c91
dv3-train-matern2-003945,3,train,matern2,3945,,,,3:0:3:3945,,train,7,343.9581925228795,,,,,,,0.4823371404172651,,,,,,,617.7273763462982,0.026007456169940435,,,,,7.051675730144486,0.3169580636630084,,1,337,1,exact,0.026007456169940435,660,,,,,,0.0002615000012156088,6fc82f4a3fa06515a199ba3a17e1b086f22be796
dv3-train-matern2-003946,3,train,matern2,3946,,,,3:0:3:3946,,train,7,666.0445938013203,,,,,,,0.26281969384537035,,,,,,,750.8287815224973,0.010183715341799994,,,,,4.8413813294728945,0.18283192699169207,,1,655,1,exact,0.010183715341799994,770,,,,,,0.0002885840003727935,90b21694dcf17eb5e0ddf0b7cc4b78e0bb77512f
dv3-train-matern2-003947,3,train,matern2,3947,,,,3:0:3:3947,,train,7,772.2745006873274,,,,,,,0.4272330439701002,,,,,,,1147.4124879678768,0.015373720734033647,,,,,9.570710209571022,0.2868665885417163,,1,773,1,exact,0.015373720734033647,1208,,,,,,0.0004391670008772053,80fd959287636c400f4c6b18faf2939770af0417
dv3-train-matern2-003948,3,train,matern2,3948,,,,3:0:3:3948,,train,7,783.1773755215814,,,,,,,0.08015217465419142,,,,,,,791.1886917812951,0.002864080651687199,,,,,0.2573522449937809,0.056596764822097544,,1,785,1,exact,0.002864080651687199,796,,,,,,0.0002859170017472934,a941e94c28010032596abb03675812062e9a3ebc
dv3-train-matern2-003949,3,train,matern2,3949,,,,3:0:3:3949,,train,7,540.2424322209599,,,,,,,0.24951575804506973,,,,,,,601.1640721915744,0.010735039147175676,,,,,4.490094414997044,0.173880441413749,,1,563,1,exact,0.010735039147175676,665,,,,,,0.00025512499996693805,7c991fdd5dd88debd18890e7a8b9ad1efd8c9593
dv3-train-matern2-003950,3,train,matern2,3950,,,,3:0:3:3950,,train,7,675.859802356718,,,,,,,0.19662867063607536,,,,,,,720.564971276777,0.007563425519595529,,,,,1.7895703860521515,0.13782228147019276,,1,688,1,exact,0.007563425519595529,761,,,,,,0.0002764999990176875,ed192e64ab1c43291861240dbeadf05a7c4ee916
dv3-train-matern2-003951,3,train,matern2,3951,,,,3:0:3:3951,,train,7,146.19234601808867,,,,,,,0.15285544131737178,,,,,,,151.83571556777525,0.012642081492567998,,,,,1.2593121158347238,0.10752413057975471,,1,141,1,exact,0.012642081492567998,152,,,,,,9.46669970289804e-05,a20bd71418837f249a2c5318da9b3e28c60ee27c
dv3-train-matern2-003952,3,train,matern2,3952,,,,3:0:3:3952,,train,7,116.20560229799224,,,,,,,0.1049216910840195,,,,,,,118.2626201343749,0.009733112624750389,,,,,0.5054963372024608,0.07401188400091668,,1,101,1,exact,0.009733112624750389,106,,,,,,8.016599895199761e-05,f6773ddfc7fb04a5bb82f24a5141725a7ecbcc23
dv3-train-matern2-003953,3,train,matern2,3953,,,,3:0:3:3953,,train,7,363.5412104689153,,,,,,,0.30297080060034354,,,,,,,428.8787410087239,0.015890001934382093,,,,,4.493512814509845,0.20948683995364423,,1,368,1,exact,0.015890001934382093,451,,,,,,0.00018108400035998784,aded6c12f8bd4b08d05725893a753521217f51e4
dv3-train-matern2-003954,3,train,matern2,3954,,,,3:0:3:3954,,train,7,120.50469125549006,,,,,,,0.1208675721266964,,,,,,,123.35763232401578,0.011010519776850285,,,,,0.8208968744384564,0.08519161667112103,,1,128,1,exact,0.011010519776850285,133,,,,,,8.370800060220063e-05,81273ae894f1c1499c8ab50dec5894c8f39d0965
dv3-train-matern2-003955,3,train,matern2,3955,,,,3:0:3:3955,,train,7,222.9917067595113,,,,,,,0.24895764423015465,,,,,,,248.00803798122834,0.016671746958580418,,,,,2.911822773058988,0.17350375584125,,1,205,1,exact,0.016671746958580418,238,,,,,,0.00012095800047973171,b2813758762492809897860e03543eb8be015e04
dv3-train-matern2-003956,3,train,matern2,3956,,,,3:0:3:3956,,train,7,250.48892740036894,,,,,,,0.09244750164989735,,,,,,,253.9131418248766,0.005841184343907086,,,,,0.3600162708630666,0.06524817006341756,,1,247,1,exact,0.005841184343907086,255,,,,,,0.0001233749972016085,0a9d4dc741f124f5e5c628d5023b34e776e03cf6
dv3-train-matern2-003957,3,train,matern2,3957,,,,3:0:3:3957,,train,7,375.49884720695735,,,,,,,0.06437862954521992,,,,,,,377.9649003006456,0.003322289115939965,,,,,0.16171131906535355,0.04548153347534771,,1,365,1,exact,0.003322289115939965,375,,,,,,0.00015550000171060674,c93bd7aad36b13f5f70b96143cd1a0b00b1815af
dv3-train-matern2-003958,3,train,matern2,3958,,,,3:0:3:3958,,train,7,202.84184330715001,,,,,,,0.13168316468386085,,,,,,,208.57614620449297,0.00924594873129765,,,,,0.8872642973119044,0.09275779077042894,,1,185,1,exact,0.00924594873129765,194,,,,,,0.00010479200136614963,2d8d1221636501c6f99394bba778b8f06d26e7c3
dv3-train-matern2-003959,3,train,matern2,3959,,,,3:0:3:3959,,train,7,327.4209483740561,,,,,,,0.25573308241578857,,,,,,,366.5146719462454,0.014132977979132906,,,,,3.562664197997606,0.17807044331548713,,1,342,1,exact,0.014132977979132906,399,,,,,,0.00016570799925830215,98d3f4a4e2ac372b5fcf2913c7b2fab6e2c7851a
dv3-train-matern2-003960,3,train,matern2,3960,,,,3:0:3:3960,,train,7,155.68069296497492,,,,,,,0.08084381546946226,,,,,,,157.30117610718466,0.006479319920991863,,,,,0.24443523684953009,0.05708374610964204,,1,149,1,exact,0.006479319920991863,156,,,,,,9.533300180919468e-05,0de21da499c0629ce0500c2ba40c4db2787b2996
dv3-train-matern2-003961,3,train,matern2,3961,,,,3:0:3:3961,,train,7,421.51372862288275,,,,,,,0.43204243478038906,,,,,,,634.6187477997115,0.0210436244588104,,,,,7.1176042693171135,0.2896343794258042,,1,416,1,exact,0.0210436244588104,667,,,,,,0.00025749999986146577,8060d1bf11e449e8c790c666ed5e8bc2a51ca7a2
dv3-train-matern2-003962,3,train,matern2,3962,,,,3:0:3:3962,,train,7,455.1780349436024,,,,,,,0.3592814477474537,,,,,,,583.7562711708019,0.01684007974655657,,,,,6.112974822292473,0.24571984233742908,,1,458,1,exact,0.01684007974655657,628,,,,,,0.0002402909994998481,5acc3db0363bfa050131888d35321395b36e094f
dv3-train-matern2-003963,3,train,matern2,3963,,,,3:0:3:3963,,train,7,379.0187240408983,,,,,,,0.45975355361516757,,,,,,,622.5892514794167,0.023615370421316624,,,,,7.007556247725731,0.3050944186674519,,1,395,1,exact,0.023615370421316624,740,,,,,,0.00028654199923039414,c1b2e8a29187389b070958e86b8c8bd331e19a4a
dv3-train-matern2-003964,3,train,matern2,3964,,,,3:0:3:3964,,train,7,135.91751692269446,,,,,,,0.05485808982035184,,,,,,,136.5641007348668,0.0047054695279973024,,,,,0.10061256125706786,0.03876517098116591,,1,139,1,exact,0.0047054695279973024,142,,,,,,8.633299876237288e-05,09f265f69f6b3efb378fe7db7d778bfabf7186e2
dv3-train-matern2-003965,3,train,matern2,3965,,,,3:0:3:3965,,train,7,138.8190813298671,,,,,,,0.3270715974941729,,,,,,,169.18349689717488,0.027759922488150405,,,,,2.841496499881263,0.22518140342287624,,1,144,1,exact,0.027759922488150405,190,,,,,,0.00010545899931457825,f88342c7332a155a0b950a69b456a51b93832ed2
dv3-train-matern2-003966,3,train,matern2,3966,,,,3:0:3:3966,,train,7,756.4288486422687,,,,,,,0.2056280317735027,,,,,,,811.6145725098288,0.007476498952002986,,,,,1.949176049936297,0.14400531312904838,,1,777,1,exact,0.007476498952002986,861,,,,,,0.0003120000001217704,f43d6d26e8c08a46331d5b74792d06edf1041d3b
dv3-train-matern2-003967,3,train,matern2,3967,,,,3:0:3:3967,,train,7,637.5333787614703,,,,,,,0.05907727789480719,,,,,,,641.0542724986852,0.0023397476096963586,,,,,0.13799194044923374,0.041742258965767234,,1,624,1,exact,0.0023397476096963586,633,,,,,,0.00023579199842060916,79e546e8cf670d056d356a50a14bb28379e06c68
dv3-train-matern2-003968,3,train,matern2,3968,,,,3:0:3:3968,,train,7,354.024012618065,,,,,,,0.13881888897802078,,,,,,,365.19359239704113,0.007377890480550066,,,,,0.8636130032610275,0.0977414996398163,,1,352,1,exact,0.007377890480550066,374,,,,,,0.00015870800052653067,ec2b7c765fba2dfe70fdc496ec1a3f9b2cffb9c4
dv3-train-matern2-003969,3,train,matern2,3969,,,,3:0:3:3969,,train,7,681.5118219465103,,,,,,,0.4405002274442127,,,,,,,1051.5354065469305,0.01687366567869027,,,,,9.038966909473192,0.29444462698770807,,1,725,1,exact,0.01687366567869027,1170,,,,,,0.0004354169977887068,16f0018fa5aee5acaf1b54469c1e29c226104373
dv3-train-matern2-003970,3,train,matern2,3970,,,,3:0:3:3970,,train,7,251.94904627205682,,,,,,,0.44843424849339125,,,,,,,398.41122573306706,0.02825155874115906,,,,,5.5696900715678,0.29888639098317005,,1,252,1,exact,0.02825155874115906,443,,,,,,0.00018616599845699966,c81688ee06731ff0d9329e35b98c42edab5a4c96
dv3-train-matern2-003971,3,train,matern2,3971,,,,3:0:3:3971,,train,7,227.11768118135214,,,,,,,0.5283733004214456,,,,,,,542.7884909863537,0.035060280886054694,,,,,6.1419192523277015,0.33812616280436253,,1,225,1,exact,0.035060280886054694,616,,,,,,0.0002505410011508502,8876ba53c0a31317f78188c2c0d67a15b57f5361
dv3-train-matern2-003972,3,train,matern2,3972,,,,3:0:3:3972,,train,7,403.42496637073833,,,,,,,0.488472501446274,,,,,,,745.226242839294,0.02431972917999785,,,,,7.715652079424181,0.32004210371261593,,1,413,1,exact,0.02431972917999785,842,,,,,,0.00033112499659182504,0f5150fd5fd29857c1ad449921afb9aea8847914
dv3-train-matern2-003973,3,train,matern2,3973,,,,3:0:3:3973,,train,7,384.0893231922271,,,,,,,0.3457829156370161,,,,,,,481.6184758970718,0.017643608580100816,,,,,5.378366557068043,0.23717911555990437,,1,381,1,exact,0.017643608580100816,510,,,,,,0.00020583299919962883,2427ad9f6eefb89896a3285832132968c269648b
dv3-train-matern2-003974,3,train,matern2,3974,,,,3:0:3:3974,,train,7,168.9452203690557,,,,,,,0.1004512269563857,,,,,,,171.68098014378782,0.0077282700797653555,,,,,0.4204007633641249,0.07087286033875059,,1,168,1,exact,0.0077282700797653555,174,,,,,,9.870799840427935e-05,8a70a4325c808fbb6456f530a9f0930f6fb805d0
dv3-train-matern2-003975,3,train,matern2,3975,,,,3:0:3:3975,,train,7,311.1837611561558,,,,,,,0.2522114825704815,,,,,,,347.1595502949684,0.014297377764394303,,,,,3.5288237220238288,0.17569856783093013,,1,323,1,exact,0.014297377764394303,394,,,,,,0.0001633749998291023,af866034f1a25d3e2ed8b8ba2cd5cf747ebb349e
dv3-train-matern2-003976,3,train,matern2,3976,,,,3:0:3:3976,,train,7,502.180205254777,,,,,,,0.20579506329524572,,,,,,,538.8825565376296,0.009183435024276262,,,,,2.2904677247383463,0.1441199059480951,,1,502,1,exact,0.009183435024276262,550,,,,,,0.0002099169978464488,ad48026113a16f38aecd1aa4cecc80dc56c05fce
dv3-train-matern2-003977,3,train,matern2,3977,,,,3:0:3:3977,,train,7,194.2580728461912,,,,,,,0.053734040104639905,,,,,,,195.14448195183067,0.0038553157910019725,,,,,0.10881639745826813,0.037971877893495175,,1,206,1,exact,0.0038553157910019725,212,,,,,,0.00011299999823677354,d2f7540ec34245242e99b30ad0ac625fba539556
dv3-train-matern2-003978,3,train,matern2,3978,,,,3:0:3:3978,,train,7,220.62928239770562,,,,,,,0.18317077436510543,,,,,,,233.14467443103277,0.012331746974806473,,,,,2.0994753735616376,0.12854471694743766,,1,247,1,exact,0.012331746974806473,276,,,,,,0.0001309159997617826,0309fbd99a945652111bf781ef3d60dcbb6b2b71
dv3-train-matern2-003979,3,train,matern2,3979,,,,3:0:3:3979,,train,7,133.40953753602486,,,,,,,0.0934845269964588,,,,,,,135.27517760043787,0.008093684956316181,,,,,0.3393331443148516,0.06597727640276853,,1,126,1,exact,0.008093684956316181,133,,,,,,8.304199945996515e-05,017e050b6bfb266a86f9cfe28c761fc8308b38e4
dv3-train-matern2-003980,3,train,matern2,3980,,,,3:0:3:3980,,train,7,232.64908019751985,,,,,,,0.17154566228846913,,,,,,,244.1158116688577,0.011246802558502175,,,,,2.0515026458893204,0.12050268273515519,,1,231,1,exact,0.011246802558502175,256,,,,,,0.00012399999832268804,af24e83bb161c84ec1181edf9dcd562e45f1a8ff
dv3-train-matern2-003981,3,train,matern2,3981,,,,3:0:3:3981,,train,7,185.74058646887536,,,,,,,0.05260265411840284,,,,,,,186.55260889452867,0.003859706232798433,,,,,0.10282719337149836,0.037173343636059245,,1,169,1,exact,0.003859706232798433,171,,,,,,9.229200077243149e-05,4e9f062375165a3e8f31cea43843ff32de4e5323
dv3-train-matern2-003982,3,train,matern2,3982,,,,3:0:3:3982,,train,7,239.046080054512,,,,,,,0.19402608831935214,,,,,,,254.4057199732896,0.012549294607618486,,,,,2.3146041617397417,0.13603097013495047,,1,218,1,exact,0.012549294607618486,247,,,,,,0.00012158299796283245,e1a5b43eff63923a364ab84d4027215cd0afcc38
dv3-train-matern2-003983,3,train,matern2,3983,,,,3:0:3:3983,,train,7,278.6896130407517,,,,,,,0.1250105542756704,,,,,,,285.7633394681216,0.00748835266712795,,,,,0.7167725299287228,0.08809158160151631,,1,287,1,exact,0.00748835266712795,302,,,,,,0.00013754199972026981,748664c10cf364416551cdfb82c144b8dcce045f
dv3-train-matern2-003984,3,train,matern2,3984,,,,3:0:3:3984,,train,7,249.1897864211496,,,,,,,0.07908165718318262,,,,,,,251.67027490236975,0.005009687578451828,,,,,0.2563975061610022,0.05584294717316293,,1,258,1,exact,0.005009687578451828,265,,,,,,0.00012683300155913457,f6c4db0cca71f8b327cc560def37886741b25796
dv3-train-matern2-003985,3,train,matern2,3985,,,,3:0:3:3985,,train,7,332.94953164915194,,,,,,,0.09402675747472423,,,,,,,337.6607963118304,0.0051530250717834415,,,,,0.3633639272217437,0.06635846708361208,,1,315,1,exact,0.0051530250717834415,330,,,,,,0.00014304200158221647,93003cb845ec4658b1076bed832a6c7435528843
dv3-train-matern2-003986,3,train,matern2,3986,,,,3:0:3:3986,,train,7,228.3143979487845,,,,,,,0.08330640010412696,,,,,,,230.84009052839875,0.005513301182668033,,,,,0.2838919786781085,0.058817343668772365,,1,241,1,exact,0.005513301182668033,250,,,,,,0.0001247910004167352,80e24dde1755704922954532b7c9eabda494a23a
dv3-train-matern2-003987,3,train,matern2,3987,,,,3:0:3:3987,,train,7,415.9581844290827,,,,,,,0.3314859488496018,,,,,,,510.220747814156,0.01625325267962435,,,,,5.401053519024224,0.22802753563397996,,1,420,1,exact,0.01625325267962435,546,,,,,,0.0002117080002790317,f60bd355281156f3bc5d7aad21b736f633e764c7
dv3-train-matern2-003988,3,train,matern2,3988,,,,3:0:3:3988,,train,7,261.7383992881558,,,,,,,0.3321115808131483,,,,,,,321.3500087626516,0.02052817298790731,,,,,4.314256365814519,0.2284301499183099,,1,283,1,exact,0.02052817298790731,381,,,,,,0.00016266700185951777,4cd371ba1f2c6b928e66192c3ec8b851e71dccb8
dv3-train-matern2-003989,3,train,matern2,3989,,,,3:0:3:3989,,train,7,348.9286274568042,,,,,,,0.3921306254266584,,,,,,,476.61846953040043,0.020992417785533637,,,,,5.719426429304522,0.2660395699064167,,1,345,1,exact,0.020992417785533637,507,,,,,,0.00020600000061676838,9f323cb102f832bf7210144b676527994516d27a
dv3-train-matern2-003990,3,train,matern2,3990,,,,3:0:3:3990,,train,7,421.55218011978536,,,,,,,0.10999679719139029,,,,,,,429.7729970914146,0.005357403659867,,,,,0.5043779868988635,0.07757303386852553,,1,402,1,exact,0.005357403659867,427,,,,,,0.00017512499834992923,27dfe5d3fd7242ae2fb5cc3e96025557e226cf0d
dv3-train-matern2-003991,3,train,matern2,3991,,,,3:0:3:3991,,train,7,130.05228235696663,,,,,,,0.2732041702204283,,,,,,,148.20104431691252,0.02395677395268297,,,,,2.325679835294764,0.1897802538905791,,1,147,1,exact,0.02395677395268297,190,,,,,,0.00010541700248722918,a5686efffde8f8d7e1eea024a2662c7cc5c22279
dv3-train-matern2-003992,3,train,matern2,3992,,,,3:0:3:3992,,train,7,251.5448970645795,,,,,,,0.20870306222484178,,,,,,,270.50646299175054,0.013158944814968418,,,,,2.5512727647247013,0.14611395458196896,,1,264,1,exact,0.013158944814968418,313,,,,,,0.00014066700168768875,9516e3babd83d05b3a96713ae417e135f286c764
dv3-train-matern2-003993,3,train,matern2,3993,,,,3:0:3:3993,,train,7,654.6836002224629,,,,,,,0.08153017595262313,,,,,,,661.6160627570443,0.003186417279908896,,,,,0.2659673451610637,0.05756697358209075,,1,654,1,exact,0.003186417279908896,665,,,,,,0.00024137500076903962,146239ec085ef17588d97c8ea6db1b134aad0878
dv3-train-matern2-003994,3,train,matern2,3994,,,,3:0:3:3994,,train,7,110.35326033797888,,,,,,,0.16760412849194853,,,,,,,115.5295419496488,0.01595482804071446,,,,,1.2097365950092223,0.11777050848192408,,1,104,1,exact,0.01595482804071446,118,,,,,,8.395899931201711e-05,a40f753d8bf0344b5e97ea2c53db34db74e7d88c
dv3-train-matern2-003995,3,train,matern2,3995,,,,3:0:3:3995,,train,7,208.6502029650863,,,,,,,0.09387770988903149,,,,,,,211.59309196090985,0.006499097926718724,,,,,0.36574318086217794,0.06625368850752193,,1,193,1,exact,0.006499097926718724,203,,,,,,0.00010704200030886568,2d6b8657f0e4e62a9741b72aa590506f02a88894
dv3-train-matern2-003996,3,train,matern2,3996,,,,3:0:3:3996,,train,7,491.29566098655744,,,,,,,0.3710298722689159,,,,,,,643.5191679640058,0.01673930461527726,,,,,6.581613641384676,0.2530671771424862,,1,509,1,exact,0.01673930461527726,692,,,,,,0.0002647080000315327,6a88ab3a01988bea289afedfa542420632bddf9e
dv3-train-matern2-003997,3,train,matern2,3997,,,,3:0:3:3997,,train,7,153.8631617796782,,,,,,,0.5497572359008167,,,,,,,483.81673355331685,0.04432039557133997,,,,,5.048537167610905,0.3456922503775575,,1,158,1,exact,0.04432039557133997,598,,,,,,0.000252875001024222,76eb8359d8a5ea97bae2e1326a94730a7124baba
dv3-train-matern2-003998,3,train,matern2,3998,,,,3:0:3:3998,,train,7,329.4095263517755,,,,,,,0.06753966066006814,,,,,,,331.7926574482573,0.0037212667028526775,,,,,0.18148762973934895,0.047710352873644064,,1,311,1,exact,0.0037212667028526775,317,,,,,,0.0001402909983880818,3da268ba2b9eacb5068566858e3fd7d0875aaa1f
dv3-train-matern2-003999,3,train,matern2,3999,,,,3:0:3:3999,,train,7,169.72697734014838,,,,,,,0.10804230475345028,,,,,,,172.91735439486516,0.008293128629137855,,,,,0.5085312100156695,0.07620190114166184,,1,167,1,exact,0.008293128629137855,177,,,,,,9.97909992292989e-05,0dbfce5af7aa9251b232316e61357c41bf4fc9d5
