case_id,dv,set,family,index,cell_id,level_id,rep,spawn_key,r_seed,split,shard,nbar,mu,s,mu1,mu2,s2,rho,tau,gamma,sigma2,sp,kappa,sigma,sigma1,lam_p,R,beta,mu_log,s_abs,grid_M,delta_tilde,tau_K,tau_K2,prior_tries,n,pattern_tries,sampler,buffer,n_parents,pad_P,min_eig,cftp_start,mh_steps,burnin,wall_s,sha1
dv3-train-matern2-001500,3,train,matern2,1500,,,,3:0:3:1500,,train,3,192.47047426347083,,,,,,,0.08775450589062897,,,,,,,194.83693368723158,0.006325390864425965,,,,,0.31142622307555023,0.06194748200141791,,1,198,1,exact,0.006325390864425965,210,,,,,,0.00020924999989802018,985100b43b642103d193dc1a75f5e2224cf5ca1e
dv3-train-matern2-001501,3,train,matern2,1501,,,,3:0:3:1501,,train,3,551.6651729841456,,,,,,,0.24219256107782938,,,,,,,609.752796442674,0.010311527775527752,,,,,4.561178117446671,0.16893069561609914,,1,553,1,exact,0.010311527775527752,622,,,,,,0.00018537500000093132,25ee8032764084aa573c9f6e9140edd80f2fa340
dv3-train-matern2-001502,3,train,matern2,1502,,,,3:0:3:1502,,train,3,483.0875134285806,,,,,,,0.07139643054472576,,,,,,,486.99742094960993,0.003248355809286348,,,,,0.20510400406188453,0.050428875931776314,,1,475,1,exact,0.003248355809286348,481,,,,,,0.0001340000017080456,c151db47479093feaaf75e25ef285e435e21f017
dv3-train-matern2-001503,3,train,matern2,1503,,,,3:0:3:1503,,train,3,145.8271603975336,,,,,,,0.18347710137532924,,,,,,,154.12916920587725,0.015193668998000981,,,,,1.6152780745153823,0.12875628847203321,,1,141,1,exact,0.015193668998000981,153,,,,,,6.454200047301129e-05,8cc7149dbaebc60792b2335eebf4dff4b216f077
dv3-train-matern2-001504,3,train,matern2,1504,,,,3:0:3:1504,,train,3,701.3130142813641,,,,,,,0.1040717118416678,,,,,,,713.5223315278653,0.003929857014303307,,,,,0.44115841185060356,0.0734152060162048,,1,695,1,exact,0.003929857014303307,718,,,,,,0.00018095899940817617,1a51e838e1c80b21faa91fa281684a78f7f3457d
dv3-train-matern2-001505,3,train,matern2,1505,,,,3:0:3:1505,,train,3,506.0212180138043,,,,,,,0.05021786722406381,,,,,,,508.03636422093683,0.0022324096967136302,,,,,0.10028479753931843,0.03548995381719673,,1,502,1,exact,0.0022324096967136302,512,,,,,,0.00013024999861954711,b72b7bda8b603c36945cc5c03807c3bdcc51fc60
dv3-train-matern2-001506,3,train,matern2,1506,,,,3:0:3:1506,,train,3,333.4770853982098,,,,,,,0.32900451539973846,,,,,,,407.5605674707446,0.018016435029694484,,,,,4.672932872260621,0.22642879001806765,,1,323,1,exact,0.018016435029694484,434,,,,,,0.00011966699821641669,f0ad18c6ef61b24facded8ef7f00a9ed71c393f5
dv3-train-matern2-001507,3,train,matern2,1507,,,,3:0:3:1507,,train,3,145.6617836964591,,,,,,,0.21202824457196923,,,,,,,157.03216627884478,0.017567942683057086,,,,,1.8214571967133193,0.14839172353533933,,1,141,1,exact,0.017567942683057086,158,,,,,,5.9124999097548425e-05,1fbf831fb6ac85fcecc501c5623c2a9b60ed6949
dv3-train-matern2-001508,3,train,matern2,1508,,,,3:0:3:1508,,train,3,599.0378603391925,,,,,,,0.4661829053187025,,,,,,,1007.3023573953843,0.01904711519530191,,,,,9.088532734522971,0.30854716097318496,,1,599,1,exact,0.01904711519530191,1086,,,,,,0.0002759589988272637,505af93fb4aec2494a3849bd3a67e398eee31459
dv3-train-matern2-001509,3,train,matern2,1509,,,,3:0:3:1509,,train,3,559.6441031426493,,,,,,,0.09307238960992767,,,,,,,567.4002067831842,0.003934276678153324,,,,,0.35284750746001814,0.06568752436231437,,1,597,1,exact,0.003934276678153324,619,,,,,,0.00015383299978566356,bd48f8e60076d1de19ccb8e13a13a90279c3a763
dv3-train-matern2-001510,3,train,matern2,1510,,,,3:0:3:1510,,train,3,225.6475967330382,,,,,,,0.09268042951971396,,,,,,,228.7480770124856,0.006169822665490101,,,,,0.3586848666792218,0.06541194401050623,,1,239,1,exact,0.006169822665490101,250,,,,,,7.499999992433004e-05,81e97f7f31d5a3f67523e18a494bc7564cc11268
dv3-train-matern2-001511,3,train,matern2,1511,,,,3:0:3:1511,,train,3,177.12887267867688,,,,,,,0.3073433931581344,,,,,,,210.13360380411385,0.023092938682020687,,,,,3.1239473635550246,0.21235287132528316,,1,166,1,exact,0.023092938682020687,199,,,,,,6.429200220736675e-05,5b388c59b1dd625f0a2da7fcb6ada7ac540b1908
dv3-train-matern2-001512,3,train,matern2,1512,,,,3:0:3:1512,,train,3,404.2119140734101,,,,,,,0.34561231241237206,,,,,,,506.7120664729554,0.017190347292765203,,,,,5.527992811472785,0.23707053307595818,,1,396,1,exact,0.017190347292765203,522,,,,,,0.00013320899961399846,e4a60f1c4c9bab1c2ce1f70bf34998c2bdb56b3f
dv3-train-matern2-001513,3,train,matern2,1513,,,,3:0:3:1513,,train,3,142.51197621096512,,,,,,,0.08094810044906658,,,,,,,143.99926895206016,0.006780800712959696,,,,,0.2394049012694536,0.05715716956230625,,1,113,1,exact,0.006780800712959696,119,,,,,,4.7500001528533176e-05,e1459037107998d29b7fa629c47e4431fe428987
dv3-train-matern2-001514,3,train,matern2,1514,,,,3:0:3:1514,,train,3,787.456127622829,,,,,,,0.06530041803686336,,,,,,,792.778173198447,0.0023270342644779304,,,,,0.16980346357013287,0.046131542946575635,,1,808,1,exact,0.0023270342644779304,823,,,,,,0.0001845419974415563,40cc2e336205dfb9fd95bc870fa44fac3db86768
dv3-train-matern2-001515,3,train,matern2,1515,,,,3:0:3:1515,,train,3,628.8254969396264,,,,,,,0.05126003943553379,,,,,,,631.4352905813203,0.00204415519349953,,,,,0.10374130195451477,0.03622564284553745,,1,637,1,exact,0.00204415519349953,646,,,,,,0.0001478749982197769,973e97e9091cfe20859f2c0e3e7fd0da1421c885
dv3-train-matern2-001516,3,train,matern2,1516,,,,3:0:3:1516,,train,3,275.92362439158137,,,,,,,0.4451000139592317,,,,,,,431.75701687846134,0.026795580180606904,,,,,5.836490746170782,0.2970284197494547,,1,280,1,exact,0.026795580180606904,495,,,,,,0.0001240839992533438,6600bf0df61c3fbc620254ef65a6c488bca784f0
dv3-train-matern2-001517,3,train,matern2,1517,,,,3:0:3:1517,,train,3,539.9573506574706,,,,,,,0.49362888167879765,,,,,,,1023.0085748427484,0.021243243781164906,,,,,9.11568472483706,0.32258159386376184,,1,537,1,exact,0.021243243781164906,1117,,,,,,0.00027391699768486433,43cf176f9630f8a10eb1f89de82147bb3eb1ad59
dv3-train-matern2-001518,3,train,matern2,1518,,,,3:0:3:1518,,train,3,298.9610082374381,,,,,,,0.06402290843742485,,,,,,,300.90258117103565,0.0037027818363649318,,,,,0.1639714143676152,0.04523067907506194,,1,286,1,exact,0.0037027818363649318,289,,,,,,8.25829993118532e-05,15ecab46190027885bad5ab73965cd9a8f71851d
dv3-train-matern2-001519,3,train,matern2,1519,,,,3:0:3:1519,,train,3,137.87461218170202,,,,,,,0.11956632204541234,,,,,,,141.06670487199472,0.010182788379626103,,,,,0.812182001842013,0.08428036167093354,,1,148,1,exact,0.010182788379626103,157,,,,,,5.570899884332903e-05,2c0e403de5a349ceed5709f1ffd5560a8aceee06
dv3-train-matern2-001520,3,train,matern2,1520,,,,3:0:3:1520,,train,3,258.77758719383854,,,,,,,0.10277698447996522,,,,,,,263.16877340574905,0.006388994901053493,,,,,0.4562898593097053,0.0725061809028066,,1,261,1,exact,0.006388994901053493,279,,,,,,8.108300244202837e-05,d53c949af7a8d90f32f22945d04332fac58e523d
dv3-train-matern2-001521,3,train,matern2,1521,,,,3:0:3:1521,,train,3,193.32078854166642,,,,,,,0.12637894520268173,,,,,,,198.33945769096303,0.009089404841991498,,,,,0.7906454077149192,0.08904896005524615,,1,186,1,exact,0.009089404841991498,201,,,,,,6.358300015563145e-05,605856a21ff4af3c24e1a9a0711f309fd304f86b
dv3-train-matern2-001522,3,train,matern2,1522,,,,3:0:3:1522,,train,3,268.74120483188165,,,,,,,0.08441848527348601,,,,,,,271.79523040851865,0.005149563589071539,,,,,0.2952951731884802,0.05960006853749561,,1,292,1,exact,0.005149563589071539,304,,,,,,8.045899812714197e-05,42dfafebdda9ed27372705e9376752c1fc861d32
dv3-train-matern2-001523,3,train,matern2,1523,,,,3:0:3:1523,,train,3,249.31163316156545,,,,,,,0.09250389380502311,,,,,,,252.7239891929763,0.0058585311340475675,,,,,0.3604552838365191,0.06528782039595804,,1,242,1,exact,0.0058585311340475675,250,,,,,,6.924999979673885e-05,0aaba21ded4cb2b6e5bec78e4b879db58553f5cc
dv3-train-matern2-001524,3,train,matern2,1524,,,,3:0:3:1524,,train,3,134.94019659401616,,,,,,,0.5048459737384161,,,,,,,271.8238694897457,0.04345985047079549,,,,,4.359961330604584,0.32792313618649227,,1,137,1,exact,0.04345985047079549,343,,,,,,0.00010045899762189947,424e2d7c9e876b764ddbeabdfd27e4e24b7ca173
dv3-train-matern2-001525,3,train,matern2,1525,,,,3:0:3:1525,,train,3,184.57036113426707,,,,,,,0.09525493975596322,,,,,,,187.25205803225344,0.007011428759745425,,,,,0.373870981213838,0.06722178803054248,,1,160,1,exact,0.007011428759745425,169,,,,,,5.5041997256921604e-05,ed31a9f8290232e865f66784b8e61ed72e87d004
dv3-train-matern2-001526,3,train,matern2,1526,,,,3:0:3:1526,,train,3,733.5108476505814,,,,,,,0.09289445911554384,,,,,,,743.6370198559939,0.0034299401338029815,,,,,0.3488164886897031,0.06556242618910933,,1,751,1,exact,0.0034299401338029815,766,,,,,,0.00016983299792627804,023f145f580542dbe551689877f18ba15f1bde7c
dv3-train-matern2-001527,3,train,matern2,1527,,,,3:0:3:1527,,train,3,342.3972652981475,,,,,,,0.1364981331187048,,,,,,,352.82713939151705,0.007376690594134979,,,,,0.8384387020280724,0.09612139001614022,,1,322,1,exact,0.007376690594134979,341,,,,,,8.637499922770076e-05,7b0dc2d254effffbd743ae3ffce4cdeb24c9f148
dv3-train-matern2-001528,3,train,matern2,1528,,,,3:0:3:1528,,train,3,259.07311640798605,,,,,,,0.49693659665994494,,,,,,,499.32055021602093,0.030873780109659178,,,,,6.374993257552458,0.32418377019643635,,1,257,1,exact,0.030873780109659178,547,,,,,,0.00014274999921326526,2f393a9fe5658044ea131bf9f9ed0df346c850f9
dv3-train-matern2-001529,3,train,matern2,1529,,,,3:0:3:1529,,train,3,109.8368087471616,,,,,,,0.25217649220695065,,,,,,,122.53089622430572,0.02406194037359006,,,,,1.9582255369293833,0.17567498241035934,,1,110,1,exact,0.02406194037359006,138,,,,,,5.1832997996825725e-05,421dcf2a704901f0d77793b63b1e940813ab97d0
dv3-train-matern2-001530,3,train,matern2,1530,,,,3:0:3:1530,,train,3,655.8984625850466,,,,,,,0.2896048185288147,,,,,,,761.2996027992629,0.011308043670998085,,,,,5.8922098133851435,0.20067882066021883,,1,650,1,exact,0.011308043670998085,786,,,,,,0.0001800419995561242,f661e8dd9734ad7b7a4955c7f6046c3d6176d5a4
dv3-train-matern2-001531,3,train,matern2,1531,,,,3:0:3:1531,,train,3,350.67719014306647,,,,,,,0.12459688896436152,,,,,,,359.5173090698622,0.006653550226198344,,,,,0.6704589720491748,0.08780212063847286,,1,349,1,exact,0.006653550226198344,368,,,,,,9.179200060316361e-05,f399efb8c5155283093cbde7d72a200f1b7b6349
dv3-train-matern2-001532,3,train,matern2,1532,,,,3:0:3:1532,,train,3,412.9259716170218,,,,,,,0.050939329417402014,,,,,,,414.61823042107375,0.002506785210482633,,,,,0.10196805936097121,0.03599925304177568,,1,376,1,exact,0.002506785210482633,379,,,,,,9.43750019359868e-05,30ac070ea5d5796e59721ef6395a98b2f851bdfb
dv3-train-matern2-001533,3,train,matern2,1533,,,,3:0:3:1533,,train,3,118.97722218567812,,,,,,,0.0776397514138184,,,,,,,120.11820379147373,0.007117905595552777,,,,,0.21195485831848315,0.054827477658653166,,1,131,1,exact,0.007117905595552777,132,,,,,,4.8333000449929386e-05,a3888bd951ab7fa0182b11c0a634b59662c62af6
dv3-train-matern2-001534,3,train,matern2,1534,,,,3:0:3:1534,,train,3,443.1484469301604,,,,,,,0.21913222906465868,,,,,,,480.36876030053827,0.010409542452931572,,,,,3.6326689352439416,0.1532493587303956,,1,433,1,exact,0.010409542452931572,494,,,,,,0.00011987500329269096,cdac19234bb652f0c760ffa11def9f00a06ca4e6
dv3-train-matern2-001535,3,train,matern2,1535,,,,3:0:3:1535,,train,3,173.48908783342765,,,,,,,0.07560231261007425,,,,,,,175.0656112998996,0.005739829587255948,,,,,0.2180459009754639,0.05339234330238493,,1,174,1,exact,0.005739829587255948,179,,,,,,5.687500015483238e-05,8e9019968261237397185ffdea3159f1aec91d89
dv3-train-matern2-001536,3,train,matern2,1536,,,,3:0:3:1536,,train,3,655.7630280465753,,,,,,,0.49176127236311973,,,,,,,1230.8462782290892,0.019203520795482786,,,,,9.912954644665229,0.3216675638437858,,1,658,1,exact,0.019203520795482786,1305,,,,,,0.0003120000001217704,da027200afd398cc6ea5061b67af3cabebcead80
dv3-train-matern2-001537,3,train,matern2,1537,,,,3:0:3:1537,,train,3,686.9186057086998,,,,,,,0.05002991478931351,,,,,,,689.6335996203526,0.001908873387660003,,,,,0.09918472793548422,0.035357269234965065,,1,681,1,exact,0.001908873387660003,687,,,,,,0.0001503750027040951,de6cb395b4494e56a0b3304e581ffb532db459fd
dv3-train-matern2-001538,3,train,matern2,1538,,,,3:0:3:1538,,train,3,575.6234970074021,,,,,,,0.37640085522658023,,,,,,,761.6751532422744,0.01568849720710089,,,,,7.215123088423959,0.25639753936356685,,1,576,1,exact,0.01568849720710089,843,,,,,,0.0001961250018212013,e7bccc23c4d46dd473b0fa5acfb30b6597b59eed
dv3-train-matern2-001539,3,train,matern2,1539,,,,3:0:3:1539,,train,3,503.83188193430095,,,,,,,0.2731263556186631,,,,,,,574.0936378709265,0.012168044435508974,,,,,4.75019000968168,0.1897283203305018,,1,507,1,exact,0.012168044435508974,608,,,,,,0.00014266700236476026,d6ebd3e3e96af9ae9a981a97704b452ec4b6a84d
dv3-train-matern2-001540,3,train,matern2,1540,,,,3:0:3:1540,,train,3,182.75638364104475,,,,,,,0.3239314421103213,,,,,,,221.7336657972087,0.023961655866157807,,,,,3.3792380034122806,0.22315119113074125,,1,184,1,exact,0.023961655866157807,240,,,,,,6.887500057928264e-05,bef4dc12b516dc73416b41f96852ec20f54badec
dv3-train-matern2-001541,3,train,matern2,1541,,,,3:0:3:1541,,train,3,241.68634957150257,,,,,,,0.11458358997326251,,,,,,,246.81224306463267,0.007370490041615447,,,,,0.5907173933011649,0.08078920324181271,,1,229,1,exact,0.007370490041615447,244,,,,,,6.812500214437023e-05,95cab9740e46ef1ba440e913c6861f58e273441a
dv3-train-matern2-001542,3,train,matern2,1542,,,,3:0:3:1542,,train,3,108.9270309990996,,,,,,,0.40918633253748704,,,,,,,154.60044186492522,0.039206067745128546,,,,,3.1682213361867984,0.2762882510252768,,1,111,1,exact,0.039206067745128546,184,,,,,,5.966699973214418e-05,f25e6ce67a1b62d4d886abd2b749afdad57a57a0
dv3-train-matern2-001543,3,train,matern2,1543,,,,3:0:3:1543,,train,3,450.9288399142603,,,,,,,0.31285413869156786,,,,,,,538.8343356807605,0.014732888376569903,,,,,5.346768112484494,0.21595352716592225,,1,453,1,exact,0.014732888376569903,568,,,,,,0.00013645899889525026,0bf15bcda6f0e719f8e2714687627520e2a16110
dv3-train-matern2-001544,3,train,matern2,1544,,,,3:0:3:1544,,train,3,141.74437559505986,,,,,,,0.2278279583063549,,,,,,,154.73445206201768,0.019136129470492612,,,,,1.9751894176785831,0.15917873351312006,,1,130,1,exact,0.019136129470492612,160,,,,,,5.337499896995723e-05,1504fab001f2a8faf98e417693d74d97867db263
dv3-train-matern2-001545,3,train,matern2,1545,,,,3:0:3:1545,,train,3,158.85291282077492,,,,,,,0.38504432853950776,,,,,,,213.8168053501286,0.030550135409169652,,,,,3.641133002730235,0.2617170740078429,,1,157,1,exact,0.030550135409169652,246,,,,,,7.09589985490311e-05,d1bbb17a5fdf5fe2ce617216c6903682d097b7aa
dv3-train-matern2-001546,3,train,matern2,1546,,,,3:0:3:1546,,train,3,179.28703417885075,,,,,,,0.27163491772947695,,,,,,,203.9647819651421,0.020286688220662152,,,,,2.7635947344726604,0.1887325385215708,,1,169,1,exact,0.020286688220662152,205,,,,,,6.233300155145116e-05,779bcf92e5ac4a417543f7622a97451990d924c2
dv3-train-matern2-001547,3,train,matern2,1547,,,,3:0:3:1547,,train,3,282.6410644986584,,,,,,,0.1130380615375338,,,,,,,288.4704935322062,0.006723680547396451,,,,,0.5620565032431006,0.07970576336182342,,1,281,1,exact,0.006723680547396451,293,,,,,,7.750000077066943e-05,52befd4ca4b94ca4b39c42cb3cf04ff7395fa012
dv3-train-matern2-001548,3,train,matern2,1548,,,,3:0:3:1548,,train,3,368.79850634020033,,,,,,,0.4432505326219944,,,,,,,573.7986019600828,0.023081003635594118,,,,,6.667744274601471,0.29599235491974263,,1,381,1,exact,0.023081003635594118,659,,,,,,0.00015966600039973855,6d254db3da562845037e2528d9172d8d8b568fc3
dv3-train-matern2-001549,3,train,matern2,1549,,,,3:0:3:1549,,train,3,537.0946308011601,,,,,,,0.256350470996159,,,,,,,601.5848638455057,0.011061364770332604,,,,,4.633331203220246,0.17848588225003392,,1,518,1,exact,0.011061364770332604,613,,,,,,0.0001473339980293531,8860a3f2539a738ffeac7f087c4988b2390135b4
dv3-train-matern2-001550,3,train,matern2,1550,,,,3:0:3:1550,,train,3,151.1309689813687,,,,,,,0.13880875819835356,,,,,,,155.89847769855973,0.011291200922050652,,,,,1.1881056086117925,0.09773442897815204,,1,174,1,exact,0.011291200922050652,184,,,,,,5.80830019316636e-05,50ca9e9429f36d40a14012b13fafc8d5b65b213d
dv3-train-matern2-001551,3,train,matern2,1551,,,,3:0:3:1551,,train,3,515.9214492069109,,,,,,,0.32901927182573165,,,,,,,630.5493601620767,0.01448536840124507,,,,,5.91921298311879,0.22643830607343754,,1,518,1,exact,0.01448536840124507,643,,,,,,0.0001541660021757707,a90d81ee7d076f4dd882e542f60998c6cd3130cf
dv3-train-matern2-001552,3,train,matern2,1552,,,,3:0:3:1552,,train,3,527.8293712142985,,,,,,,0.10396182805995542,,,,,,,536.9986262392619,0.00452508905866714,,,,,0.4454851980739262,0.073338063306427,,1,589,1,exact,0.00452508905866714,610,,,,,,0.00016574999972363003,a3cc546e80dc9e044534041e7b14bb843bab061b
dv3-train-matern2-001553,3,train,matern2,1553,,,,3:0:3:1553,,train,3,200.73134464718493,,,,,,,0.37213175078470473,,,,,,,263.4676530484253,0.02626570905497935,,,,,4.052865122904489,0.25375192045586487,,1,194,1,exact,0.02626570905497935,272,,,,,,8.387499838136137e-05,b433ae2f13752924908e26a31b43911cee15fc37
dv3-train-matern2-001554,3,train,matern2,1554,,,,3:0:3:1554,,train,3,210.82224576156344,,,,,,,0.35350629513680637,,,,,,,267.72472941548676,0.024346634406031048,,,,,3.9604343982041086,0.24207825577938744,,1,201,1,exact,0.024346634406031048,280,,,,,,8.38330015540123e-05,4b2e4b52075ddf776f7e29b43e8fa8e586a41e13
dv3-train-matern2-001555,3,train,matern2,1555,,,,3:0:3:1555,,train,3,115.50462507263379,,,,,,,0.11012701067437002,,,,,,,117.76259193220558,0.01024693929533927,,,,,0.7061236835161561,0.07766436813120388,,1,114,1,exact,0.01024693929533927,117,,,,,,4.670799899031408e-05,240e2f53ada655d8ba8d14731c0142c52e625340
dv3-train-matern2-001556,3,train,matern2,1556,,,,3:0:3:1556,,train,3,168.4876273672603,,,,,,,0.45575619465761874,,,,,,,272.95146731639005,0.0351114344837771,,,,,4.451798469584896,0.3029202606443517,,1,178,1,exact,0.0351114344837771,300,,,,,,8.941699707065709e-05,9995437ad7d72b487f120c4269414b2cfed0d265
dv3-train-matern2-001557,3,train,matern2,1557,,,,3:0:3:1557,,train,3,191.64529003252568,,,,,,,0.4670517836206763,,,,,,,323.3146981574293,0.03373773788572887,,,,,4.992698845553477,0.30900942939190235,,1,202,1,exact,0.03373773788572887,388,,,,,,0.00023020800290396437,ecd9b330f7e9bed50224bf09c86136c390d56292
dv3-train-matern2-001558,3,train,matern2,1558,,,,3:0:3:1558,,train,3,215.11037020163198,,,,,,,0.15579141877580147,,,,,,,223.75367434707385,0.01062216048228489,,,,,1.6787586765637437,0.1095666233920131,,1,201,1,exact,0.01062216048228489,218,,,,,,0.00014862500029266812,80147da3c8dcd0d67e1f9e10d05b018fb73fabcb
dv3-train-matern2-001559,3,train,matern2,1559,,,,3:0:3:1559,,train,3,127.46626840500024,,,,,,,0.05508253360813095,,,,,,,128.07765194868384,0.004878836588588222,,,,,0.0993716511914334,0.03892356352062276,,1,125,1,exact,0.004878836588588222,127,,,,,,8.758299736655317e-05,414039c60fead837f6b622dcd32cb75a23b178e3
dv3-train-matern2-001560,3,train,matern2,1560,,,,3:0:3:1560,,train,3,117.88314994036122,,,,,,,0.09218196198615636,,,,,,,119.485214727794,0.008490242235784469,,,,,0.32899003777197217,0.06506146063726266,,1,104,1,exact,0.008490242235784469,114,,,,,,8.620899825473316e-05,51b3c57abb5a841161f533436d1d6ebd1532c53f
dv3-train-matern2-001561,3,train,matern2,1561,,,,3:0:3:1561,,train,3,143.00304341270308,,,,,,,0.13968967880529673,,,,,,,147.5740657451472,0.011681313474402037,,,,,1.106159048607158,0.09834920480520189,,1,139,1,exact,0.011681313474402037,147,,,,,,9.32910006667953e-05,34e85ae8a6a80bfcf209e09d782b8c25dff1f5c4
dv3-train-matern2-001562,3,train,matern2,1562,,,,3:0:3:1562,,train,3,451.19367532792455,,,,,,,0.25122032582421194,,,,,,,502.8817885914085,0.011826963947073056,,,,,4.237404353879298,0.1750303333095649,,1,440,1,exact,0.011826963947073056,517,,,,,,0.00020787500034202822,ac90b35ffcd3cda39e3f688449a2400001f0cf4b
dv3-train-matern2-001563,3,train,matern2,1563,,,,3:0:3:1563,,train,3,379.88995726620465,,,,,,,0.11912403416273705,,,,,,,388.6182698776914,0.006111819026322444,,,,,0.5966713864531711,0.08397058627732704,,1,365,1,exact,0.006111819026322444,387,,,,,,0.00016345900075975806,65609c5985c9dbe33dc65962bfc7ed9f0e8c3f7c
dv3-train-matern2-001564,3,train,matern2,1564,,,,3:0:3:1564,,train,3,305.9150474807811,,,,,,,0.5478387519069415,,,,,,,928.7529620760664,0.031322205124099244,,,,,7.495752818188458,0.34510773657705307,,1,309,1,exact,0.031322205124099244,1060,,,,,,0.00042620900057954714,04daa98afa17dc8cad13e51d99ea88264e305c1e
dv3-train-matern2-001565,3,train,matern2,1565,,,,3:0:3:1565,,train,3,408.7056957147266,,,,,,,0.46204722022202305,,,,,,,676.8743490007171,0.022854989007292315,,,,,7.347322577279634,0.30633256723892505,,1,435,1,exact,0.022854989007292315,762,,,,,,0.00029266699857544154,5d0adcac7a7deb2d0075462018add6a92b7d2f32
dv3-train-matern2-001566,3,train,matern2,1566,,,,3:0:3:1566,,train,3,383.496924025357,,,,,,,0.05157649788065155,,,,,,,385.1083618208521,0.0026337279165593217,,,,,0.10332409996141213,0.03644902666392312,,1,383,1,exact,0.0026337279165593217,389,,,,,,0.00015933300164761022,f2f25c7bbd9ead1b02561b9e0f58ff4835731430
dv3-train-matern2-001567,3,train,matern2,1567,,,,3:0:3:1567,,train,3,435.99386376530623,,,,,,,0.09019399727482867,,,,,,,441.66193065659365,0.00431953946451078,,,,,0.3310583599271575,0.06366346479463986,,1,430,1,exact,0.00431953946451078,437,,,,,,0.0001748750000842847,1eac67d31df7df051d4491df98996e0068d46612
dv3-train-matern2-001568,3,train,matern2,1568,,,,3:0:3:1568,,train,3,677.5398537571103,,,,,,,0.06213191962451912,,,,,,,681.6818860074899,0.0023869721325698217,,,,,0.153490634824761,0.04389702868818867,,1,699,1,exact,0.0023869721325698217,705,,,,,,0.00025262499912059866,cb4b13ef5edd9793409cc99eca292b1770c551e9
dv3-train-matern2-001569,3,train,matern2,1569,,,,3:0:3:1569,,train,3,566.1449056909466,,,,,,,0.16758916760925402,,,,,,,592.6957214289449,0.007043396577941716,,,,,1.265822433089422,0.11776013285904353,,1,596,1,exact,0.007043396577941716,625,,,,,,0.0003326250007376075,c75ba0664335f3205fb4eb040b9b0c3be5418d28
dv3-train-matern2-001570,3,train,matern2,1570,,,,3:0:3:1570,,train,3,532.4094304164524,,,,,,,0.1936704777369573,,,,,,,566.4826002666196,0.008393450898316076,,,,,1.8547853505819276,0.13578610106759162,,1,540,1,exact,0.008393450898316076,584,,,,,,0.0003208329981134739,dbc8905a624ce71a2abf42ee5d3c6550c35d2241
dv3-train-matern2-001571,3,train,matern2,1571,,,,3:0:3:1571,,train,3,303.95271813526136,,,,,,,0.1218043708785523,,,,,,,311.26438037550054,0.006986503118536444,,,,,0.6589770342879187,0.08584752669578849,,1,310,1,exact,0.006986503118536444,322,,,,,,0.00026258299840264954,74025e13641014079a564beda4db194f6d265b71
dv3-train-matern2-001572,3,train,matern2,1572,,,,3:0:3:1572,,train,3,131.60718663827032,,,,,,,0.32628731697190566,,,,,,,160.21318540479393,0.028442016897729506,,,,,2.8060654633139146,0.22467477292869337,,1,140,1,exact,0.028442016897729506,188,,,,,,0.00017641600061324425,65f4c2b04d1e1ac127b7bc23dbfcaad21f8c91af
dv3-train-matern2-001573,3,train,matern2,1573,,,,3:0:3:1573,,train,3,191.24831184072855,,,,,,,0.25481419601039823,,,,,,,213.8924424430307,0.018425734721686737,,,,,2.6888529533095933,0.1774519130501303,,1,204,1,exact,0.018425734721686737,243,,,,,,0.00014141599967842922,1f6a7caa325bae17756ae230346a1be16f16f9f6
dv3-train-matern2-001574,3,train,matern2,1574,,,,3:0:3:1574,,train,3,123.25949109099837,,,,,,,0.276770945465889,,,,,,,141.00340506381002,0.024929313100848068,,,,,2.287628365572292,0.1921585107110148,,1,127,1,exact,0.024929313100848068,155,,,,,,0.00010316699990653433,940bf453a5c05540481f4491c6bce5b5e4674b90
dv3-train-matern2-001575,3,train,matern2,1575,,,,3:0:3:1575,,train,3,362.0394899213007,,,,,,,0.06746196068769901,,,,,,,364.6526031994263,0.0035455285515639005,,,,,0.17855854033744567,0.0476555746343282,,1,373,1,exact,0.0035455285515639005,375,,,,,,0.00015529200027231127,08a4c07c98cdc2c17527b567baf64f1c99711344
dv3-train-matern2-001576,3,train,matern2,1576,,,,3:0:3:1576,,train,3,297.90552890950283,,,,,,,0.42577739903714235,,,,,,,440.8853063720991,0.024668532970651247,,,,,5.84974060374969,0.2860244152683204,,1,283,1,exact,0.024668532970651247,445,,,,,,0.0002103750011883676,31720049ef3c1cb2dab0935d37d8a08cb0bef3c8
dv3-train-matern2-001577,3,train,matern2,1577,,,,3:0:3:1577,,train,3,687.1666549793168,,,,,,,0.3146245461069911,,,,,,,823.0741040213563,0.012002219458625424,,,,,6.48079979444518,0.21710753078296077,,1,675,1,exact,0.012002219458625424,821,,,,,,0.00031274999855668284,fbf64189f51775392de7bc32bdd64005bb685e19
dv3-train-matern2-001578,3,train,matern2,1578,,,,3:0:3:1578,,train,3,551.8724226773567,,,,,,,0.2163828364338848,,,,,,,596.9392897721331,0.009210929601801515,,,,,2.5393773211702544,0.1513707693162605,,1,609,1,exact,0.009210929601801515,698,,,,,,0.00026441700174473226,100749d822103086393e82be8a232c504413e836
dv3-train-matern2-001579,3,train,matern2,1579,,,,3:0:3:1579,,train,3,264.9946348720325,,,,,,,0.06114175461862379,,,,,,,266.5630095504649,0.003755946150883751,,,,,0.14976556015736694,0.04319861587552263,,1,263,1,exact,0.003755946150883751,266,,,,,,0.00012924999828101136,9adfb0412c04aad78ee824ea2e7bb5762cc39db7
dv3-train-matern2-001580,3,train,matern2,1580,,,,3:0:3:1580,,train,3,100.22940685752917,,,,,,,0.06165882680630456,,,,,,,100.83277302096293,0.0061588223471294445,,,,,0.12435589857059079,0.04356333972549938,,1,88,1,exact,0.0061588223471294445,89,,,,,,7.916599861346185e-05,a1a2de6c7025914f7c7347be34320027c9c6ed84
dv3-train-matern2-001581,3,train,matern2,1581,,,,3:0:3:1581,,train,3,293.88553942672485,,,,,,,0.06669870811469601,,,,,,,295.9585579571933,0.003890705093642863,,,,,0.17876933280472415,0.047117463794216684,,1,283,1,exact,0.003890705093642863,289,,,,,,0.00013566599955083802,36ee9aad316e1df2600b530503d36d09c678224b
dv3-train-matern2-001582,3,train,matern2,1582,,,,3:0:3:1582,,train,3,678.6119397188,,,,,,,0.4932086192010918,,,,,,,1282.9765878107519,0.018933020684868615,,,,,10.048627810943337,0.3223764945385008,,1,692,1,exact,0.018933020684868615,1358,,,,,,0.0005076670022390317,b2f1fddb744b8ffbfd6034dcc3242ec50414864d
dv3-train-matern2-001583,3,train,matern2,1583,,,,3:0:3:1583,,train,3,482.7679891870793,,,,,,,0.5136614234280995,,,,,,,1028.273504050432,0.02337801958243853,,,,,8.920420227664835,0.3319225365265346,,1,479,1,exact,0.02337801958243853,1084,,,,,,0.00045091600259183906,0f67cad50b65e873a48e010ea863745ead34ab48
dv3-train-matern2-001584,3,train,matern2,1584,,,,3:0:3:1584,,train,3,128.03291154464623,,,,,,,0.23308268436520488,,,,,,,140.3866050958299,0.020599145265710016,,,,,1.9370187572891997,0.1627524809908916,,1,127,1,exact,0.020599145265710016,145,,,,,,0.00012112500189687125,8f6ddca632004a2139ee637c399881092ea57e9e
dv3-train-matern2-001585,3,train,matern2,1585,,,,3:0:3:1585,,train,3,121.60512904625314,,,,,,,0.0957411836560535,,,,,,,123.39041889537224,0.008682061261235054,,,,,0.36269487887863294,0.06756354380119632,,1,105,1,exact,0.008682061261235054,111,,,,,,8.929099931265227e-05,b86cc6da8b67bf946b30847fa03cbc5acede447f
dv3-train-matern2-001586,3,train,matern2,1586,,,,3:0:3:1586,,train,3,244.04477659640756,,,,,,,0.3444536153566754,,,,,,,305.36417338150636,0.022049360042648288,,,,,4.276974527335882,0.23633265774867973,,1,252,1,exact,0.022049360042648288,350,,,,,,0.000158124999870779,76ac88af36043dcd110ddf5519148987b1c4ddf1
dv3-train-matern2-001587,3,train,matern2,1587,,,,3:0:3:1587,,train,3,242.40281170351636,,,,,,,0.22351717148966388,,,,,,,263.6844940892644,0.014356284839733047,,,,,2.7563710535799935,0.15624167945283882,,1,237,1,exact,0.014356284839733047,268,,,,,,0.0001294169996981509,8061fb7176f144bf8d1b29f7b5fcdbab9f7122f6
dv3-train-matern2-001588,3,train,matern2,1588,,,,3:0:3:1588,,train,3,262.64151065772785,,,,,,,0.41297434802381305,,,,,,,376.18510819644723,0.025482462417194617,,,,,5.345349179103925,0.27853256694454354,,1,278,1,exact,0.025482462417194617,422,,,,,,0.00017883299733512104,1c6bebe9cdc63a5a44711cbc4cef773babffc2cf
dv3-train-matern2-001589,3,train,matern2,1589,,,,3:0:3:1589,,train,3,226.83014865361378,,,,,,,0.06761213532528985,,,,,,,228.4747215529033,0.004489254879138907,,,,,0.18138510325937668,0.047761446944442947,,1,183,1,exact,0.004489254879138907,186,,,,,,0.00010087500049849041,d7e5d9b278ed406a16bbfc99cb21460c3926346e
dv3-train-matern2-001590,3,train,matern2,1590,,,,3:0:3:1590,,train,3,284.24448500229045,,,,,,,0.24483878931179548,,,,,,,314.92974510110594,0.014522259727436242,,,,,3.25061358870676,0.17072104611902184,,1,287,1,exact,0.014522259727436242,331,,,,,,0.0001454579978599213,09e8ea428da81e49c363fcaa818cfa4d798339a6
dv3-train-matern2-001591,3,train,matern2,1591,,,,3:0:3:1591,,train,3,121.88687714872428,,,,,,,0.08467576989916378,,,,,,,123.28060790879051,0.0076697406558886546,,,,,0.2612103280135971,0.059781140588496075,,1,116,1,exact,0.0076697406558886546,118,,,,,,7.845800064387731e-05,298cde6ddf29d44bd7839aa7fd2c2aceb2e827a7
dv3-train-matern2-001592,3,train,matern2,1592,,,,3:0:3:1592,,train,3,625.8370504182976,,,,,,,0.31142444998343544,,,,,,,746.421932904646,0.012448644673983952,,,,,6.088091430089052,0.21502062628279267,,1,608,1,exact,0.012448644673983952,782,,,,,,0.0002962500002468005,5278d41f7766570f29986183bc5c91ea267ccf35
dv3-train-matern2-001593,3,train,matern2,1593,,,,3:0:3:1593,,train,3,421.3563285324341,,,,,,,0.09039101673351115,,,,,,,426.85847887928537,0.0044035254518581075,,,,,0.3322191278936786,0.06380202991352842,,1,408,1,exact,0.0044035254518581075,421,,,,,,0.00016825000056996942,63006f659d8c728143cf1e0220f58ddc78b629d9
dv3-train-matern2-001594,3,train,matern2,1594,,,,3:0:3:1594,,train,3,344.5222712052497,,,,,,,0.1983226520030381,,,,,,,367.74149665585253,0.01068473291116096,,,,,2.7782814872077957,0.13898745966682352,,1,338,1,exact,0.01068473291116096,369,,,,,,0.00015533400073763914,9a6872babadc4479a721734a3d9f4eef3c973c24
dv3-train-matern2-001595,3,train,matern2,1595,,,,3:0:3:1595,,train,3,140.59500506310243,,,,,,,0.4477082562431569,,,,,,,221.8110456684646,0.03775810218567649,,,,,3.9077848486180247,0.2984829316957659,,1,139,1,exact,0.03775810218567649,260,,,,,,0.00013245899754110724,6784a46ea6fbe0df24415c370539ce5b7e690cd7
dv3-train-matern2-001596,3,train,matern2,1596,,,,3:0:3:1596,,train,3,129.74006320670227,,,,,,,0.0651468332717577,,,,,,,130.61275842377543,0.0057194762023366095,,,,,0.14380028884813778,0.04602324450353741,,1,127,1,exact,0.0057194762023366095,128,,,,,,7.966599878272973e-05,d35e310050a339a340c714f96d67ff70b00f2f70
dv3-train-matern2-001597,3,train,matern2,1597,,,,3:0:3:1597,,train,3,361.6909090604716,,,,,,,0.42580722673046206,,,,,,,535.3272144101376,0.022389491561756306,,,,,6.308580320546857,0.28604169268783797,,1,338,1,exact,0.022389491561756306,535,,,,,,0.00021970899979351088,b321c82e0a9e3b87298c663a11c8734f604516c5
dv3-train-matern2-001598,3,train,matern2,1598,,,,3:0:3:1598,,train,3,302.5532896528692,,,,,,,0.47415273362803356,,,,,,,524.8264185151246,0.02725946443674366,,,,,6.491566974641051,0.3127465398894932,,1,297,1,exact,0.02725946443674366,560,,,,,,0.00022941600036574528,f796366da8c0799924ce49a09b7fb2dddfee835a
dv3-train-matern2-001599,3,train,matern2,1599,,,,3:0:3:1599,,train,3,718.3660994870974,,,,,,,0.3705981331537387,,,,,,,940.1905915224498,0.013827074812403244,,,,,8.005588768378772,0.2527986711762175,,1,712,1,exact,0.013827074812403244,1009,,,,,,0.00037379100103862584,4e5a2e54f7f61ef5a07e5d5f04a1d024808abf77
dv3-train-matern2-001600,3,train,matern2,1600,,,,3:0:3:1600,,train,3,161.34604649544085,,,,,,,0.13262930865655417,,,,,,,165.97559155065758,0.010441438665327218,,,,,1.1511316564926517,0.09341897971225605,,1,176,1,exact,0.010441438665327218,187,,,,,,0.00010575000123935752,cb7cf9890fdc21d0ffe5f2034aad8d30f5560d1b
dv3-train-matern2-001601,3,train,matern2,1601,,,,3:0:3:1601,,train,3,103.57705640279045,,,,,,,0.3450980625239102,,,,,,,129.7353722187896,0.03390866867554095,,,,,2.584194327312024,0.23674313896449195,,1,110,1,exact,0.03390866867554095,164,,,,,,9.758300075191073e-05,f6b4031f467b88ad84895d6223cf727739404079
dv3-train-matern2-001602,3,train,matern2,1602,,,,3:0:3:1602,,train,3,546.2060167094853,,,,,,,0.37133617570789373,,,,,,,715.8513217765012,0.01588872398050084,,,,,6.846986747549762,0.25325760122329044,,1,571,1,exact,0.01588872398050084,807,,,,,,0.0002995000031660311,0baedfbbb10c712bb8bcf47a4b06fe22e514ee83
dv3-train-matern2-001603,3,train,matern2,1603,,,,3:0:3:1603,,train,3,337.1221634792641,,,,,,,0.5289971360847273,,,,,,,810.3081316611399,0.028811088610270475,,,,,7.685019107806929,0.33837412424255847,,1,341,1,exact,0.028811088610270475,901,,,,,,0.00035629199919640087,0dd9ae17cfb32501cb2a4c17c2e9e12fc13d2396
dv3-train-matern2-001604,3,train,matern2,1604,,,,3:0:3:1604,,train,3,121.57528567462997,,,,,,,0.4060455764404881,,,,,,,171.28199592523927,0.036825795250397315,,,,,3.3124701634173297,0.2744183192293811,,1,120,1,exact,0.036825795250397315,178,,,,,,0.00010245900193694979,85b1cccd1dc7a0db7a3673b8f527789b4e0e8937
dv3-train-matern2-001605,3,train,matern2,1605,,,,3:0:3:1605,,train,3,717.4736381653083,,,,,,,0.10866109473151167,,,,,,,731.1189480686664,0.0040566832775858555,,,,,0.48238669176037136,0.07663604329249464,,1,723,1,exact,0.0040566832775858555,749,,,,,,0.000270874999841908,35edf7de5ce614810b9e9a19faa2037e66bd90d3
dv3-train-matern2-001606,3,train,matern2,1606,,,,3:0:3:1606,,train,3,352.4435685661611,,,,,,,0.08822026264842615,,,,,,,356.8238142822008,0.004699195912999539,,,,,0.31403311624810926,0.062275142353642544,,1,364,1,exact,0.004699195912999539,374,,,,,,0.00015474999963771552,8672b26243491fa779eb46e4d19f55099eb85fea
dv3-train-matern2-001607,3,train,matern2,1607,,,,3:0:3:1607,,train,3,732.9472767273968,,,,,,,0.14062706040460587,,,,,,,756.7048443668886,0.005194365804279243,,,,,0.8291750814523681,0.09900326605521968,,1,707,1,exact,0.005194365804279243,742,,,,,,0.00026929199884762056,2566a1d595001947cc48e7ec45e96c72172fd04f
dv3-train-matern2-001608,3,train,matern2,1608,,,,3:0:3:1608,,train,3,594.5929608650531,,,,,,,0.12707975978562655,,,,,,,610.2065149252794,0.005211545136543779,,,,,0.6765286599458451,0.08953918758925541,,1,592,1,exact,0.005211545136543779,620,,,,,,0.00022983300004852936,f3c6242e1a9b49df73f7618ceee3668ab12b0109
dv3-train-matern2-001609,3,train,matern2,1609,,,,3:0:3:1609,,train,3,122.40356641466568,,,,,,,0.12501264904622428,,,,,,,125.51053312732721,0.011299440045989921,,,,,0.8928536292560674,0.08809304735755093,,1,110,1,exact,0.011299440045989921,119,,,,,,8.441599857178517e-05,926c816869dc40e0cc6f47bf4ed80463fcbbff1a
dv3-train-matern2-001610,3,train,matern2,1610,,,,3:0:3:1610,,train,3,562.915827569223,,,,,,,0.2179602622901495,,,,,,,609.633705816329,0.009186616605286465,,,,,2.568148846802495,0.15244880571133898,,1,594,1,exact,0.009186616605286465,661,,,,,,0.00024545799897168763,8d1749c3e7f9bfe4d4032db65ada20f45c2df769
dv3-train-matern2-001611,3,train,matern2,1611,,,,3:0:3:1611,,train,3,577.3403345665826,,,,,,,0.2479178441015936,,,,,,,641.4863287348998,0.010317912411501855,,,,,4.774235692227224,0.17280172570208907,,1,599,1,exact,0.010317912411501855,678,,,,,,0.0002500000009604264,dc09d835d9badc18eca03ebcdd45a1ad90bbbf60
dv3-train-matern2-001612,3,train,matern2,1612,,,,3:0:3:1612,,train,3,533.3120944358762,,,,,,,0.1200911021009012,,,,,,,545.7714454216793,0.00520020080404684,,,,,0.6043696997825557,0.0846478846453317,,1,548,1,exact,0.00520020080404684,566,,,,,,0.0002137080009561032,d2102e0c060b0727938a5c245bb5381dad5c4e6d
dv3-train-matern2-001613,3,train,matern2,1613,,,,3:0:3:1613,,train,3,528.4595305959696,,,,,,,0.3658886960597507,,,,,,,685.7074158626559,0.015916336966187744,,,,,6.633822121037426,0.24986225155791075,,1,534,1,exact,0.015916336966187744,724,,,,,,0.0002739999981713481,21f7ed23578e6fc1ff1ea8981ba05b9a9034df57
dv3-train-matern2-001614,3,train,matern2,1614,,,,3:0:3:1614,,train,3,112.11814166058227,,,,,,,0.05496432418549943,,,,,,,112.65358855673993,0.005190903401313642,,,,,0.09730936261958992,0.0388401421041086,,1,120,1,exact,0.005190903401313642,124,,,,,,8.579200220992789e-05,2b17b0f66b5b68c8f160b396034ec2869fde2310
dv3-train-matern2-001615,3,train,matern2,1615,,,,3:0:3:1615,,train,3,136.21436227505578,,,,,,,0.1175836034992805,,,,,,,139.26117529232633,0.010074774049112546,,,,,0.7370436198740435,0.08289150383529875,,1,142,1,exact,0.010074774049112546,153,,,,,,9.270800001104362e-05,6cd591f2c27ab81136ef196a92c532bc15853af5
dv3-train-matern2-001616,3,train,matern2,1616,,,,3:0:3:1616,,train,3,562.7183303594322,,,,,,,0.4507322825939595,,,,,,,896.4662232727396,0.01900085454090956,,,,,8.33912455580878,0.30015940534366864,,1,592,1,exact,0.01900085454090956,1048,,,,,,0.0004835420004383195,ea94a05a2390bc8694d8f7ff70dc86ebf7779df0
dv3-train-matern2-001617,3,train,matern2,1617,,,,3:0:3:1617,,train,3,265.9426083908718,,,,,,,0.17994696846446978,,,,,,,280.4630510958584,0.011034446987593507,,,,,2.2671920639465393,0.12631704552748102,,1,297,1,exact,0.011034446987593507,323,,,,,,0.00017250000018975697,c6e65f763d870e622fc32b7a4f4973f4fe466847
dv3-train-matern2-001618,3,train,matern2,1618,,,,3:0:3:1618,,train,3,705.4558515083309,,,,,,,0.3871080906222812,,,,,,,953.558094503437,0.014574622947552405,,,,,8.145454951648837,0.2629796176383922,,1,711,1,exact,0.014574622947552405,1039,,,,,,0.00040054199780570343,49082b0d8ae4f0ac88d343d92fbf55189f55cd58
dv3-train-matern2-001619,3,train,matern2,1619,,,,3:0:3:1619,,train,3,370.16274947872296,,,,,,,0.05416054685096342,,,,,,,371.87890686884424,0.0028150537043020547,,,,,0.1134131364894631,0.038272890624494654,,1,373,1,exact,0.0028150537043020547,379,,,,,,0.00016737500118324533,20e5c4b9036dd16f2fe758758c7d75bd88687f2c
dv3-train-matern2-001620,3,train,matern2,1620,,,,3:0:3:1620,,train,3,262.2828690834507,,,,,,,0.16970190389032264,,,,,,,274.9157491426479,0.010478563555230396,,,,,2.1349672580163026,0.1192249701853541,,1,257,1,exact,0.010478563555230396,279,,,,,,0.00013504199887393042,1bd6c1d7493f1693e914586daf1504d6a6ed829d
dv3-train-matern2-001621,3,train,matern2,1621,,,,3:0:3:1621,,train,3,448.4048600624279,,,,,,,0.3040041555280289,,,,,,,529.6867085263832,0.014356360808423481,,,,,5.123839147744631,0.2101648641165097,,1,422,1,exact,0.014356360808423481,517,,,,,,0.00020816699907300062,a2f1047c0c41bd3c2fe8d0a91219df65e68402e6
dv3-train-matern2-001622,3,train,matern2,1622,,,,3:0:3:1622,,train,3,258.8366682278463,,,,,,,0.1623171873283253,,,,,,,270.1791768300388,0.01008908098385777,,,,,1.7267827767180512,0.11410157452191565,,1,281,1,exact,0.01008908098385777,310,,,,,,0.00014208300126483664,300ebce446f1abb0317821c8d9b4d25089744193
dv3-train-matern2-001623,3,train,matern2,1623,,,,3:0:3:1623,,train,3,694.7497575023831,,,,,,,0.10175984542264671,,,,,,,706.301570853316,0.0038606660513804264,,,,,0.42106039275975116,0.07179193444804631,,1,710,1,exact,0.0038606660513804264,725,,,,,,0.0002660829995875247,486e2c3993e41dc4ce15c1d49289ff8760254cf2
dv3-train-matern2-001624,3,train,matern2,1624,,,,3:0:3:1624,,train,3,119.58726547762882,,,,,,,0.24876997754878266,,,,,,,132.97981269952854,0.02274864321264305,,,,,1.9952997963012011,0.17337707428968052,,1,130,1,exact,0.02274864321264305,158,,,,,,0.000100125002063578,29b4c99e259de941dd03828b723b1527993a8c96
dv3-train-matern2-001625,3,train,matern2,1625,,,,3:0:3:1625,,train,3,468.03832946033094,,,,,,,0.05295160629061344,,,,,,,470.1119025297212,0.0024475886392702944,,,,,0.11140750683453329,0.037419641430798095,,1,511,1,exact,0.0024475886392702944,514,,,,,,0.00020158299957984127,b6347f545481b07269c5d515fe68984742c7cef4
dv3-train-matern2-001626,3,train,matern2,1626,,,,3:0:3:1626,,train,3,313.3498064324644,,,,,,,0.4774567789356481,,,,,,,551.0257768781288,0.026972384897673486,,,,,6.708670268416756,0.31445956948249965,,1,308,1,exact,0.026972384897673486,623,,,,,,0.00025116600227192976,05b66d3bcbbf7ce7c0e0d530102ddefe6b409a72
dv3-train-matern2-001627,3,train,matern2,1627,,,,3:0:3:1627,,train,3,387.20667524462834,,,,,,,0.12476341863997081,,,,,,,396.9946522280258,0.006340388191868285,,,,,0.6634161585893112,0.08791865173717557,,1,381,1,exact,0.006340388191868285,395,,,,,,0.00017683300029602833,6ce2999b07dce1e979c0ef080ebc48a58d5bd126
dv3-train-matern2-001628,3,train,matern2,1628,,,,3:0:3:1628,,train,3,641.4597814958191,,,,,,,0.46207513975182446,,,,,,,1062.4550234587352,0.0182443286750867,,,,,9.15220745895416,0.30634759551996726,,1,638,1,exact,0.0182443286750867,1171,,,,,,0.0004338750004535541,f7051cce7e28177da06e9883cb28691445ee05a6
dv3-train-matern2-001629,3,train,matern2,1629,,,,3:0:3:1629,,train,3,121.75055474930687,,,,,,,0.2424854757111147,,,,,,,134.60584200464362,0.021976081456583002,,,,,1.9889116023379152,0.16912896890985202,,1,130,1,exact,0.021976081456583002,158,,,,,,9.883299935609102e-05,b7c3e7c55953b0a6f659cf4681317b8aff024d45
dv3-train-matern2-001630,3,train,matern2,1630,,,,3:0:3:1630,,train,3,230.28210733347296,,,,,,,0.22099950789603118,,,,,,,249.99354966887148,0.01456334738743647,,,,,2.5939159828110183,0.15452418146383096,,1,218,1,exact,0.01456334738743647,253,,,,,,0.00012645799870369956,915112148e8b20ab9b7d9a1a91b9d0b828aa056b
dv3-train-matern2-001631,3,train,matern2,1631,,,,3:0:3:1631,,train,3,316.7044818621496,,,,,,,0.18969926777796814,,,,,,,336.0817288401965,0.010659542116987943,,,,,2.570374738922025,0.1330498282030966,,1,314,1,exact,0.010659542116987943,360,,,,,,0.00015720900046289898,43a99f519f0320e1531432c5898aa0472ae5641a
dv3-train-matern2-001632,3,train,matern2,1632,,,,3:0:3:1632,,train,3,262.93165710636885,,,,,,,0.4358839760197071,,,,,,,400.2153572646174,0.02688125028468048,,,,,5.647056551360911,0.2918284679868703,,1,246,1,exact,0.02688125028468048,432,,,,,,0.00018649999765329994,c63aa6147597875ed56b3fd10916e748590d0dc6
dv3-train-matern2-001633,3,train,matern2,1633,,,,3:0:3:1633,,train,3,504.00343266570786,,,,,,,0.16023025997182933,,,,,,,525.4926012169151,0.00713719874020238,,,,,1.16441340700609,0.11265205195012482,,1,505,1,exact,0.00713719874020238,543,,,,,,0.00021495900000445545,c854d9b7742f6950f91e214284276a5cbf8b4cde
dv3-train-matern2-001634,3,train,matern2,1634,,,,3:0:3:1634,,train,3,127.29176785120413,,,,,,,0.19257214753071428,,,,,,,135.33812399939578,0.017068419749474466,,,,,1.5310340775774085,0.13502964104591206,,1,122,1,exact,0.017068419749474466,135,,,,,,9.154100189334713e-05,ee7bc418d44455aeb823075fc27c63541512e2c0
dv3-train-matern2-001635,3,train,matern2,1635,,,,3:0:3:1635,,train,3,258.56019460346135,,,,,,,0.30399191759657934,,,,,,,305.42436929572665,0.01890519685630654,,,,,3.899254013208771,0.21015683688231643,,1,252,1,exact,0.01890519685630654,329,,,,,,0.00015291699673980474,14564e7f50512b1e41dc2538730f7b30b8a57b4b
dv3-train-matern2-001636,3,train,matern2,1636,,,,3:0:3:1636,,train,3,326.2589646694436,,,,,,,0.3976790314918647,,,,,,,451.02995078453955,0.022016661514787,,,,,5.7246974275617495,0.2693983633815103,,1,320,1,exact,0.022016661514787,505,,,,,,0.00021099999867146835,b7d3f9bdce93169293a1584bcb931fa5137995da
dv3-train-matern2-001637,3,train,matern2,1637,,,,3:0:3:1637,,train,3,308.4734657658243,,,,,,,0.159428433988857,,,,,,,321.4870366300976,0.009077303863857236,,,,,1.334912476403347,0.1120949374949399,,1,311,1,exact,0.009077303863857236,331,,,,,,0.00014699999883305281,7a9822ff76ea801e60e00e47bc48788435154f0c
dv3-train-matern2-001638,3,train,matern2,1638,,,,3:0:3:1638,,train,3,339.77670097792804,,,,,,,0.3567899420192965,,,,,,,433.89073541230465,0.019356008554591703,,,,,5.15802942903176,0.2441511336780411,,1,320,1,exact,0.019356008554591703,459,,,,,,0.00019145799888065085,f68766531a274d9c76f7aeb9aecf4171d45fcd9b
dv3-train-matern2-001639,3,train,matern2,1639,,,,3:0:3:1639,,train,3,283.5837022557804,,,,,,,0.371382555348371,,,,,,,371.69368249750966,0.022053669714589483,,,,,4.999983411536288,0.2532864295566015,,1,257,1,exact,0.022053669714589483,356,,,,,,0.00017412499801139347,1797b5e23c6c0d87d9c0cdb66f429575184f7ac6
dv3-train-matern2-001640,3,train,matern2,1640,,,,3:0:3:1640,,train,3,103.41505489425478,,,,,,,0.13898862365777773,,,,,,,106.68615957194166,0.01366744613337833,,,,,0.8962392610856323,0.09785996192566018,,1,113,1,exact,0.01366744613337833,119,,,,,,8.766699829720892e-05,931aa0ea92f91ee697e99f885023597d2bdfe84e
dv3-train-matern2-001641,3,train,matern2,1641,,,,3:0:3:1641,,train,3,143.459008865392,,,,,,,0.08681016968234745,,,,,,,145.18449761791823,0.007247808201309044,,,,,0.28267810823105055,0.061283085439840755,,1,163,1,exact,0.007247808201309044,167,,,,,,0.0001347920006082859,10b2cde6cfdd3386a1aa1c5509718e2334b240a4
dv3-train-matern2-001642,3,train,matern2,1642,,,,3:0:3:1642,,train,3,167.5720637245109,,,,,,,0.3683017857489772,,,,,,,218.3903015643121,0.028451358990130633,,,,,3.6399320084904527,0.25136857163826887,,1,176,1,exact,0.028451358990130633,246,,,,,,0.00013691699859919026,f0ed0dad68251db435f7e819987b15803de07f33
dv3-train-matern2-001643,3,train,matern2,1643,,,,3:0:3:1643,,train,3,681.8101384405799,,,,,,,0.0641186069573021,,,,,,,686.2514500770411,0.0024555701806665306,,,,,0.16366411963727587,0.04529816638204275,,1,672,1,exact,0.0024555701806665306,682,,,,,,0.0002573750025476329,2e39cb1e13a5f49c60bb0fabc8762c4a2fc10291
dv3-train-matern2-001644,3,train,matern2,1644,,,,3:0:3:1644,,train,3,283.2854117355213,,,,,,,0.10508238706061655,,,,,,,288.31573746187627,0.006243352048652571,,,,,0.4754908671907746,0.07412468304256946,,1,256,1,exact,0.006243352048652571,269,,,,,,0.00013216700244811364,c041a5cc7e35794c22b9c70ba738ad40feca80a1
dv3-train-matern2-001645,3,train,matern2,1645,,,,3:0:3:1645,,train,3,154.26789547450585,,,,,,,0.10139346680306778,,,,,,,156.8141088630172,0.008163421014422464,,,,,0.42296101747409975,0.07153463461714273,,1,169,1,exact,0.008163421014422464,173,,,,,,0.00010174999988521449,7ac8a9d8640683bc0f9d7c03dcafe19d9f12f7f4
dv3-train-matern2-001646,3,train,matern2,1646,,,,3:0:3:1646,,train,3,151.45697947412313,,,,,,,0.31252843482623655,,,,,,,180.9040205941119,0.025394805522007544,,,,,2.8561326853095776,0.21574107607785944,,1,146,1,exact,0.025394805522007544,198,,,,,,0.00011008300134562887,2bd54836d5e4d3ec3bb90b168757ed2c7f4e8749
dv3-train-matern2-001647,3,train,matern2,1647,,,,3:0:3:1647,,train,3,224.35725120107216,,,,,,,0.11837901840729148,,,,,,,229.4458257571789,0.007903231061096519,,,,,0.6417250542075928,0.0834487314404254,,1,207,1,exact,0.007903231061096519,217,,,,,,0.00011287500092294067,c47101b880566a5c7d23b71238bd2bd4888f7ff2
dv3-train-matern2-001648,3,train,matern2,1648,,,,3:0:3:1648,,train,3,408.76594090649945,,,,,,,0.18018049041013684,,,,,,,431.14679908715374,0.008911902231514427,,,,,1.670803277435719,0.12647847643068205,,1,424,1,exact,0.008911902231514427,461,,,,,,0.0001854170004662592,f500acbc4dc7898a41f4d8914462d9be8d0a2f34
dv3-train-matern2-001649,3,train,matern2,1649,,,,3:0:3:1649,,train,3,406.93039295136185,,,,,,,0.06030717542527589,,,,,,,409.2730135384819,0.0029895713593067383,,,,,0.14351855529889299,0.04260990212214794,,1,418,1,exact,0.0029895713593067383,426,,,,,,0.00020437500279513188,7d3366d3ac71d2784675317b8d8ce677472642e2
dv3-train-matern2-001650,3,train,matern2,1650,,,,3:0:3:1650,,train,3,139.92418756276177,,,,,,,0.08534928630226025,,,,,,,141.55011957167275,0.0072152851114374705,,,,,0.2709695805305266,0.06025512362401962,,1,137,1,exact,0.0072152851114374705,141,,,,,,0.00010574999760137871,4c259f32353d37b44953c3231c3eb19bd60dc0ae
dv3-train-matern2-001651,3,train,matern2,1651,,,,3:0:3:1651,,train,3,489.2297130024063,,,,,,,0.109906449536741,,,,,,,498.7542545143459,0.004968974472392729,,,,,0.5037040415902194,0.07750966121891724,,1,482,1,exact,0.004968974472392729,500,,,,,,0.00021816699882037938,db0ffde0b1f9c2de6f038383512332f67bd2d5ce
dv3-train-matern2-001652,3,train,matern2,1652,,,,3:0:3:1652,,train,3,626.6748091474699,,,,,,,0.22397682325830717,,,,,,,681.9474944299516,0.00894709321161674,,,,,2.613948212308272,0.15655507488101592,,1,624,1,exact,0.00894709321161674,706,,,,,,0.000265957998635713,527e9c2d6affde0f614c302317c03c87b3105502
dv3-train-matern2-001653,3,train,matern2,1653,,,,3:0:3:1653,,train,3,441.6034284908247,,,,,,,0.2011235798063578,,,,,,,472.29234828921517,0.009570767632938099,,,,,2.3097687368212343,0.14091269936253312,,1,444,1,exact,0.009570767632938099,502,,,,,,0.0001986659990507178,a02450ee697423a350ee1a80847c916613b204e9
dv3-train-matern2-001654,3,train,matern2,1654,,,,3:0:3:1654,,train,3,715.1728289219077,,,,,,,0.40060371758358726,,,,,,,995.1227730829731,0.014979919243190167,,,,,8.55342898370243,0.2711594453601733,,1,715,1,exact,0.014979919243190167,1075,,,,,,0.0004022920002171304,923f304f373a9ec7e08f066a92b1d42202be072e
dv3-train-matern2-001655,3,train,matern2,1655,,,,3:0:3:1655,,train,3,309.65975498134253,,,,,,,0.39695313794587794,,,,,,,427.4009542210528,0.022557805956798023,,,,,5.5439414326257435,0.2689602524534107,,1,329,1,exact,0.022557805956798023,503,,,,,,0.00020762499843840487,b158fe932cb1ed998bf3bb6a387d4a59be2fbd6d
dv3-train-matern2-001656,3,train,matern2,1656,,,,3:0:3:1656,,train,3,550.3850185561936,,,,,,,0.24804866136620418,,,,,,,611.6106058788281,0.010573130332327787,,,,,4.550297184024123,0.17289006538173943,,1,552,1,exact,0.010573130332327787,644,,,,,,0.0002419580014247913,7463d6a455f67348ed1b7f70fa32144ecdba3695
dv3-train-matern2-001657,3,train,matern2,1657,,,,3:0:3:1657,,train,3,114.55294572364197,,,,,,,0.19366442507505024,,,,,,,121.88361366833723,0.018094505552304147,,,,,1.497166551041952,0.13578193305465502,,1,123,1,exact,0.018094505552304147,145,,,,,,9.700000009615906e-05,1af164e974082e6dbda417a78906a0569792f583
dv3-train-matern2-001658,3,train,matern2,1658,,,,3:0:3:1658,,train,3,458.2182999984206,,,,,,,0.3289105147475697,,,,,,,559.9368946438555,0.015365317635982903,,,,,5.6375222567996195,0.22636816887341712,,1,466,1,exact,0.015365317635982903,618,,,,,,0.0002536669999244623,27e13bfb6dbdc0d8ee3157eb449e7af001593602
dv3-train-matern2-001659,3,train,matern2,1659,,,,3:0:3:1659,,train,3,327.72925173414666,,,,,,,0.05769586994539591,,,,,,,329.4549531208771,0.00318703712783291,,,,,0.13129727277797837,0.04076763228611354,,1,316,1,exact,0.00318703712783291,321,,,,,,0.00013958300041849725,93d12eb8db8df16baa323471efd7ccea0f2943be
dv3-train-matern2-001660,3,train,matern2,1660,,,,3:0:3:1660,,train,3,307.46567346658384,,,,,,,0.5183857731266975,,,,,,,677.1636899904549,0.029563425604211612,,,,,7.125553115329493,0.3339840842245999,,1,319,1,exact,0.029563425604211612,778,,,,,,0.0003091670005233027,9894036b91c818499ba420510ab59782aabfb4a1
dv3-train-matern2-001661,3,train,matern2,1661,,,,3:0:3:1661,,train,3,436.5375487848981,,,,,,,0.14800246235455455,,,,,,,452.2846072963215,0.007083667019005016,,,,,0.9822443620348402,0.10414514435913397,,1,434,1,exact,0.007083667019005016,463,,,,,,0.00016433400014648214,8a5d2db4ac69c9bfefb372ac7b618d6bdd9b6516
dv3-train-matern2-001662,3,train,matern2,1662,,,,3:0:3:1662,,train,3,124.01058695936487,,,,,,,0.4188484105885887,,,,,,,180.2412674509146,0.03761209204202228,,,,,3.470364277976777,0.28198826051650716,,1,127,1,exact,0.03761209204202228,193,,,,,,6.787500024074689e-05,009baf99790367c77346b29f6188f38561a168f5
dv3-train-matern2-001663,3,train,matern2,1663,,,,3:0:3:1663,,train,3,397.3491536678386,,,,,,,0.09174028213351638,,,,,,,402.6966847526443,0.0046022894090436825,,,,,0.34103574710529727,0.06475088778458944,,1,396,1,exact,0.0046022894090436825,411,,,,,,0.0001314999972237274,5a04b4504629a0f7dad3a1901e57a116843cee66
dv3-train-matern2-001664,3,train,matern2,1664,,,,3:0:3:1664,,train,3,490.8399614341634,,,,,,,0.05169282481779883,,,,,,,492.91181667993493,0.002333244811312711,,,,,0.10632613182417239,0.036531139103262895,,1,466,1,exact,0.002333244811312711,473,,,,,,0.00011254199853283353,86e3395a097596de528bb6cb867737774e900a1f
dv3-train-matern2-001665,3,train,matern2,1665,,,,3:0:3:1665,,train,3,139.5805658773253,,,,,,,0.32888318709270936,,,,,,,170.5588722028334,0.027837433658963517,,,,,2.9143336402359283,0.2263505444412156,,1,149,1,exact,0.027837433658963517,206,,,,,,6.370800110744312e-05,022b033e178a68b8d4217f9cc1d8a2dc0ca520e5
dv3-train-matern2-001666,3,train,matern2,1666,,,,3:0:3:1666,,train,3,568.9489593789208,,,,,,,0.49982325572967207,,,,,,,1113.7589957832633,0.020954620762401555,,,,,9.373198372910576,0.3255639465308627,,1,570,1,exact,0.020954620762401555,1200,,,,,,0.0002843750007741619,7d4ce3fa755f75040d81aba3a2041aba834faa7d
dv3-train-matern2-001667,3,train,matern2,1667,,,,3:0:3:1667,,train,3,161.30078406948192,,,,,,,0.08472499891006495,,,,,,,163.14737619796688,0.006671036743116041,,,,,0.27599980309479244,0.059815786433095056,,1,165,1,exact,0.006671036743116041,168,,,,,,5.441699977382086e-05,b2ee499e1058375e2890936eae9d1e4b330bb665
dv3-train-matern2-001668,3,train,matern2,1668,,,,3:0:3:1668,,train,3,129.36733496526227,,,,,,,0.06303909758540026,,,,,,,130.18166049321422,0.00554239752110257,,,,,0.13366732349308053,0.04453685681321775,,1,114,1,exact,0.00554239752110257,118,,,,,,4.53750035376288e-05,83edf79af5db86791c18d2cf3baf360350735388
dv3-train-matern2-001669,3,train,matern2,1669,,,,3:0:3:1669,,train,3,108.31211710871862,,,,,,,0.07176899891578097,,,,,,,109.19802316722597,0.00689601767635841,,,,,0.17616331231336338,0.05069143661921116,,1,108,1,exact,0.00689601767635841,114,,,,,,4.391599941300228e-05,ca04f65f1c799cc7d86a8f36788f7aa69c532f44
dv3-train-matern2-001670,3,train,matern2,1670,,,,3:0:3:1670,,train,3,304.1888005537076,,,,,,,0.14662454707680186,,,,,,,314.948618742994,0.008406884356483313,,,,,1.052235831288803,0.10318510401434428,,1,311,1,exact,0.008406884356483313,334,,,,,,8.516700108884834e-05,b75375329aab8e580fdd0f39edf56a17c9845598
dv3-train-matern2-001671,3,train,matern2,1671,,,,3:0:3:1671,,train,3,153.47879116934476,,,,,,,0.21907798953575952,,,,,,,166.36245493716507,0.01768375795116474,,,,,1.9954878747322011,0.15321231583260952,,1,158,1,exact,0.01768375795116474,187,,,,,,5.854199844179675e-05,b9a5ab676ac24c68152928ab4b6c945f0875e930
dv3-train-matern2-001672,3,train,matern2,1672,,,,3:0:3:1672,,train,3,287.5484796565488,,,,,,,0.10926391290547771,,,,,,,293.07965225199234,0.006443490778799463,,,,,0.5182815070456104,0.07705894128590207,,1,329,1,exact,0.006443490778799463,338,,,,,,8.65420006448403e-05,50659cbedb8a6f4ba2d1d07b157fb2fc9efbc379
dv3-train-matern2-001673,3,train,matern2,1673,,,,3:0:3:1673,,train,3,188.7206656454306,,,,,,,0.26593028002409225,,,,,,,213.420155561954,0.01935789193234237,,,,,2.7979862795371826,0.1849169326573295,,1,193,1,exact,0.01935789193234237,238,,,,,,6.762499833712354e-05,3aae39f9ca8b489216cc68c3d0e46cef6d8a88e7
dv3-train-matern2-001674,3,train,matern2,1674,,,,3:0:3:1674,,train,3,127.22970393996411,,,,,,,0.15070971055765015,,,,,,,131.99722202549654,0.013361246535511,,,,,1.1706868318862733,0.10603055815065188,,1,131,1,exact,0.013361246535511,147,,,,,,5.199999941396527e-05,3262f210c7031d2779b398d3a0d8d21a41640fc7
dv3-train-matern2-001675,3,train,matern2,1675,,,,3:0:3:1675,,train,3,233.086626398799,,,,,,,0.0866121384447242,,,,,,,235.8771526305595,0.005673095354883287,,,,,0.31010103644069986,0.06114374941555007,,1,249,1,exact,0.005673095354883287,255,,,,,,6.837500041001476e-05,9d943f4df6f1b4fb6fe8156089b0200ac8dd4fbd
dv3-train-matern2-001676,3,train,matern2,1676,,,,3:0:3:1676,,train,3,422.2712256810385,,,,,,,0.05704362085572567,,,,,,,424.4444171098377,0.002775948087761291,,,,,0.12861999484202127,0.04030741434889894,,1,378,1,exact,0.002775948087761291,383,,,,,,9.120799950323999e-05,c81f4515252f18c53a083ee960379bbea357429e
dv3-train-matern2-001677,3,train,matern2,1677,,,,3:0:3:1677,,train,3,105.0580604622624,,,,,,,0.16823884959598812,,,,,,,110.02575292347251,0.01641389309975211,,,,,1.1794975711458515,0.1182106629096939,,1,91,1,exact,0.01641389309975211,97,,,,,,4.1667000914458185e-05,774fc63f408b060702a8e0f3af921ae5e1f85e75
dv3-train-matern2-001678,3,train,matern2,1678,,,,3:0:3:1678,,train,3,253.40234676393686,,,,,,,0.15848933871761947,,,,,,,263.9599891503677,0.009956225789348041,,,,,1.5615728630881431,0.11144231585211876,,1,277,1,exact,0.009956225789348041,299,,,,,,8.100000195554458e-05,fc9d76aeb3b53dcca5099baf93b437ac4291da29
dv3-train-matern2-001679,3,train,matern2,1679,,,,3:0:3:1679,,train,3,148.78602620360158,,,,,,,0.19794579506945006,,,,,,,158.7719663688331,0.016228007814782296,,,,,1.760716160665259,0.1387282968332739,,1,159,1,exact,0.016228007814782296,183,,,,,,5.854100163560361e-05,7c6998fed03e4f860936e85ee0c74fe13b2590eb
dv3-train-matern2-001680,3,train,matern2,1680,,,,3:0:3:1680,,train,3,118.20390172652307,,,,,,,0.34350453296269823,,,,,,,147.68151743477122,0.031594869537214236,,,,,2.766245075071862,0.2357277400862328,,1,123,1,exact,0.031594869537214236,166,,,,,,5.437499930849299e-05,c268974a7050fedfcc2cb4c0eaf28a754b178db0
dv3-train-matern2-001681,3,train,matern2,1681,,,,3:0:3:1681,,train,3,365.9390116790106,,,,,,,0.07496826886178669,,,,,,,369.2081526229078,0.003918980720808587,,,,,0.22166163401034616,0.05294567413960584,,1,352,1,exact,0.003918980720808587,369,,,,,,9.208299888996407e-05,4224135f166b48cc1f1345166b3efc0a3f76baf1
dv3-train-matern2-001682,3,train,matern2,1682,,,,3:0:3:1682,,train,3,160.9679977149994,,,,,,,0.11193321794820094,,,,,,,164.2216042199248,0.008822450258306767,,,,,0.5611693788371268,0.07893109103245549,,1,168,1,exact,0.008822450258306767,178,,,,,,5.587499981629662e-05,4b46956c6f16c273cbd74b01e9eace71c6ba0d4f
dv3-train-matern2-001683,3,train,matern2,1683,,,,3:0:3:1683,,train,3,581.5221650291056,,,,,,,0.10550785126250391,,,,,,,591.934108620307,0.004375237594224381,,,,,0.4573002678671745,0.07442332112938382,,1,594,1,exact,0.004375237594224381,614,,,,,,0.00014191700029186904,8c111c7d9338f11e3df9c8b64ba363be4a1bcf3a
dv3-train-matern2-001684,3,train,matern2,1684,,,,3:0:3:1684,,train,3,147.70642673366794,,,,,,,0.46864982334610455,,,,,,,250.71076421032433,0.03856104206624995,,,,,4.135880435592703,0.3098568470318298,,1,150,1,exact,0.03856104206624995,305,,,,,,8.591699952376075e-05,78386b82f45571d686248664e3d620a57af38ce5
dv3-train-matern2-001685,3,train,matern2,1685,,,,3:0:3:1685,,train,3,270.785108865163,,,,,,,0.22644205681591567,,,,,,,295.2626407630886,0.013760832296567256,,,,,2.981497370297421,0.1582349938167714,,1,278,1,exact,0.013760832296567256,316,,,,,,8.345799869857728e-05,d9d28f730891902fc45962600ca34c8ec094f5b3
dv3-train-matern2-001686,3,train,matern2,1686,,,,3:0:3:1686,,train,3,131.76078920509065,,,,,,,0.4806635106600683,,,,,,,234.9010809223952,0.04187434823457495,,,,,4.077927406842024,0.3161056329211931,,1,133,1,exact,0.04187434823457495,272,,,,,,7.85409974923823e-05,21e4dda674ce7a2e637987fd342ac7d9112e0e61
dv3-train-matern2-001687,3,train,matern2,1687,,,,3:0:3:1687,,train,3,143.4902198914302,,,,,,,0.5396529471918127,,,,,,,386.45126135889376,0.04505089285926892,,,,,4.771321677807999,0.3423806351214207,,1,145,1,exact,0.04505089285926892,477,,,,,,0.000127500003145542,eaa536dd9c54cb8021e64724d18269a6810e6659
dv3-train-matern2-001688,3,train,matern2,1688,,,,3:0:3:1688,,train,3,343.84071224480243,,,,,,,0.08359607590967716,,,,,,,347.6712904022121,0.0045082422293029395,,,,,0.2815224907452463,0.05902123714620632,,1,321,1,exact,0.0045082422293029395,330,,,,,,8.295799852930941e-05,18f34b66c20cf1314871dc118d0ca8268b727003
dv3-train-matern2-001689,3,train,matern2,1689,,,,3:0:3:1689,,train,3,448.5014003886196,,,,,,,0.40595550783759826,,,,,,,631.7412161006318,0.01916887107348602,,,,,6.920944188713052,0.274364575007386,,1,450,1,exact,0.01916887107348602,681,,,,,,0.00016245799997705035,77978449c030ebe4e795f6c99e11d507f598bde9
dv3-train-matern2-001690,3,train,matern2,1690,,,,3:0:3:1690,,train,3,779.9050731948931,,,,,,,0.3095613767008884,,,,,,,927.8988767069951,0.011084749847453973,,,,,6.748760315129259,0.2138036226026654,,1,773,1,exact,0.011084749847453973,962,,,,,,0.00021629099865094759,e458a4d18c64973e491da4e1e85276799a1f5934
dv3-train-matern2-001691,3,train,matern2,1691,,,,3:0:3:1691,,train,3,112.85202804100274,,,,,,,0.11388292356073992,,,,,,,115.21548893499765,0.010720225568531456,,,,,0.7144669707994604,0.08029805745013324,,1,116,1,exact,0.010720225568531456,122,,,,,,4.229199839755893e-05,638dbe7fa830ccf87c0821db1cbe776a5d36188e
dv3-train-matern2-001692,3,train,matern2,1692,,,,3:0:3:1692,,train,3,135.1245654590593,,,,,,,0.309687537216558,,,,,,,160.7921837947584,0.026641371168690565,,,,,2.6639596246125348,0.2138860801521564,,1,151,1,exact,0.026641371168690565,194,,,,,,5.916599911870435e-05,2fe5ff8ef5eb576fec1c7612084a968fcefb1ebe
dv3-train-matern2-001693,3,train,matern2,1693,,,,3:0:3:1693,,train,3,385.29034087655384,,,,,,,0.07778775405282937,,,,,,,388.99952500023363,0.0039629370306377525,,,,,0.24030471605671833,0.05493171630298036,,1,415,1,exact,0.0039629370306377525,431,,,,,,0.00010179200035054237,6f3c033daa406753f923415aee0254946fcda204
dv3-train-matern2-001694,3,train,matern2,1694,,,,3:0:3:1694,,train,3,131.32456706158507,,,,,,,0.10417163495918645,,,,,,,133.61532132516857,0.009090263902163194,,,,,0.46240142095987713,0.07348535490811937,,1,139,1,exact,0.009090263902163194,145,,,,,,4.9666999984765425e-05,0eacceb615379ec26a2def2b75783cf139189ee4
dv3-train-matern2-001695,3,train,matern2,1695,,,,3:0:3:1695,,train,3,113.02012062257202,,,,,,,0.42839394666871977,,,,,,,168.4509102328973,0.0402963251579729,,,,,3.3778721237501474,0.2875367686361617,,1,115,1,exact,0.0402963251579729,200,,,,,,6.229200153029524e-05,db53bdfbe4e3decf66c734e6ebeebf60e24670cb
dv3-train-matern2-001696,3,train,matern2,1696,,,,3:0:3:1696,,train,3,192.19179667284834,,,,,,,0.12217624893635866,,,,,,,196.84421382388214,0.008812910586354817,,,,,0.7138920316844288,0.08610787254485737,,1,210,1,exact,0.008812910586354817,221,,,,,,6.262500028242357e-05,90692fb803c352435e5c158ba47a4c0f6ceb66f1
dv3-train-matern2-001697,3,train,matern2,1697,,,,3:0:3:1697,,train,3,284.3511344024518,,,,,,,0.12213379254140884,,,,,,,291.2295285613204,0.007242831147368747,,,,,0.6741201644737231,0.0860781503331536,,1,267,1,exact,0.007242831147368747,279,,,,,,7.787499998812564e-05,b5b7ae2fedba6f742cd6fe4893aac75160e7f73f
dv3-train-matern2-001698,3,train,matern2,1698,,,,3:0:3:1698,,train,3,646.9480631330274,,,,,,,0.36611746608657736,,,,,,,839.8000832949069,0.014394140564694895,,,,,7.349649874621239,0.25000520945389054,,1,624,1,exact,0.014394140564694895,858,,,,,,0.00019841700122924522,75bfe77c2013426af591bcbb406393a2789e4d3d
dv3-train-matern2-001699,3,train,matern2,1699,,,,3:0:3:1699,,train,3,462.42858297741344,,,,,,,0.20795556635315682,,,,,,,497.0119162280895,0.009670484084489905,,,,,2.530887298485335,0.1456015692642718,,1,453,1,exact,0.009670484084489905,498,,,,,,0.00011779200212913565,99855c2fbdba12f47fc6ce72af072ab1351118a9
dv3-train-matern2-001700,3,train,matern2,1700,,,,3:0:3:1700,,train,3,412.3816094169702,,,,,,,0.05127061213981568,,,,,,,414.0938131577094,0.0025247527741435564,,,,,0.10330262383979685,0.036233106054260965,,1,381,1,exact,0.0025247527741435564,388,,,,,,9.27500004763715e-05,5cf01fd2884a5dbf3d2abbf93b2d20e8cf1a24c4
dv3-train-matern2-001701,3,train,matern2,1701,,,,3:0:3:1701,,train,3,792.7998087588364,,,,,,,0.1320571866296078,,,,,,,815.3444957150496,0.004690080234655479,,,,,0.7210040859628808,0.09301918045292393,,1,778,1,exact,0.004690080234655479,805,,,,,,0.0001781249993655365,a8fbadbdf22c51e3888f3d82147f39780320b5ab
dv3-train-matern2-001702,3,train,matern2,1702,,,,3:0:3:1702,,train,3,574.6978204129966,,,,,,,0.065577681615948,,,,,,,578.6152874293083,0.0027354972584851013,,,,,0.1719184984009951,0.04632704837170907,,1,557,1,exact,0.0027354972584851013,566,,,,,,0.00013470799967763014,756791a00d340f4b2387fde56e696bae08bc028e
dv3-train-matern2-001703,3,train,matern2,1703,,,,3:0:3:1703,,train,3,359.1900534851546,,,,,,,0.11338666801551565,,,,,,,366.6453331741631,0.00598273604377651,,,,,0.5380769639608632,0.07995016485079565,,1,377,1,exact,0.00598273604377651,387,,,,,,9.48330016399268e-05,984d879659742d0345d354cacb1ba6b7af92d83d
dv3-train-matern2-001704,3,train,matern2,1704,,,,3:0:3:1704,,train,3,270.89014692657645,,,,,,,0.1853801593019422,,,,,,,286.65907275749487,0.011263325801700304,,,,,2.4326892172385253,0.13007027402243238,,1,265,1,exact,0.011263325801700304,287,,,,,,7.770899901515804e-05,3e3a826fddd3c3ba75b0a0bdcf65a4d5a0beeb9d
dv3-train-matern2-001705,3,train,matern2,1705,,,,3:0:3:1705,,train,3,452.33877690138263,,,,,,,0.15897862095368376,,,,,,,471.3079673233646,0.007474924590610223,,,,,1.1623627578004077,0.11178235882597998,,1,514,1,exact,0.007474924590610223,544,,,,,,0.00012783399870386347,f14cab884a4a5c442e61385b518353652698cafa
dv3-train-matern2-001706,3,train,matern2,1706,,,,3:0:3:1706,,train,3,457.197222066479,,,,,,,0.21323877979127714,,,,,,,493.33902034330094,0.00997273771674569,,,,,2.877783923180185,0.1492203152501189,,1,441,1,exact,0.00997273771674569,491,,,,,,0.00011691600229823962,0b8bdbfa709e56151d00678410794fa97ec21122
dv3-train-matern2-001707,3,train,matern2,1707,,,,3:0:3:1707,,train,3,569.9820610558896,,,,,,,0.241685563982569,,,,,,,629.7110193671963,0.010123253605098767,,,,,3.954562657405342,0.16858745369404513,,1,557,1,exact,0.010123253605098767,648,,,,,,0.0001602079973963555,c2cf5ef1bf70374808e81620c5c9fd5413f13f82
dv3-train-matern2-001708,3,train,matern2,1708,,,,3:0:3:1708,,train,3,592.677446664366,,,,,,,0.1166433518493789,,,,,,,605.7169170329774,0.0047912716025221205,,,,,0.563867463932296,0.08223271825509954,,1,598,1,exact,0.0047912716025221205,629,,,,,,0.00015300000086426735,84359dc3e062966c345ec308a6ea7ffd7b93ad31
dv3-train-matern2-001709,3,train,matern2,1709,,,,3:0:3:1709,,train,3,140.76592936848562,,,,,,,0.05431869034676452,,,,,,,141.42239225653262,0.0045782606499117995,,,,,0.09936988640730912,0.03838450015076625,,1,134,1,exact,0.0045782606499117995,138,,,,,,5.287500243866816e-05,8f025b718173cd20eeba64bc1506ad46d3be046b
dv3-train-matern2-001710,3,train,matern2,1710,,,,3:0:3:1710,,train,3,550.3516028011188,,,,,,,0.0915323400319628,,,,,,,557.7241031878067,0.003901705155373568,,,,,0.3409623338733873,0.06460466475594467,,1,547,1,exact,0.003901705155373568,563,,,,,,0.00013941700308350846,1a4a2a0bd39dcf2a40753ce0412e45c28987aa4a
dv3-train-matern2-001711,3,train,matern2,1711,,,,3:0:3:1711,,train,3,435.9921435521583,,,,,,,0.5313388432763277,,,,,,,1071.5320196349403,0.025446744790714678,,,,,8.850263203236423,0.33929254479882853,,1,428,1,exact,0.025446744790714678,1203,,,,,,0.0003153750003548339,72651b15c94dd7bd26d3c648bddff29913634d1c
dv3-train-matern2-001712,3,train,matern2,1712,,,,3:0:3:1712,,train,3,330.90038106784385,,,,,,,0.3547110590910822,,,,,,,421.06573423119113,0.019499617631616395,,,,,5.02733552343543,0.24283949928801546,,1,319,1,exact,0.019499617631616395,460,,,,,,0.00011820899817394093,1c3f244cba7f1d5e8f18a076d12b7bded0e7d5d2
dv3-train-matern2-001713,3,train,matern2,1713,,,,3:0:3:1713,,train,3,101.2536512562876,,,,,,,0.05106517999236604,,,,,,,101.67067455544812,0.0050748068862332355,,,,,0.08218306755229834,0.036088091779690815,,1,104,1,exact,0.0050748068862332355,108,,,,,,4.233299841871485e-05,5bbc765e0359b659ce6151e9ce9705c5313cc737
dv3-train-matern2-001714,3,train,matern2,1714,,,,3:0:3:1714,,train,3,321.18477601918306,,,,,,,0.08126765000273548,,,,,,,324.5636352861937,0.004534612967780849,,,,,0.2677640079679202,0.05738214820675482,,1,328,1,exact,0.004534612967780849,339,,,,,,8.891700053936802e-05,b1c5c23e78a4a6f10e2d50be004c413cfbbb3b98
dv3-train-matern2-001715,3,train,matern2,1715,,,,3:0:3:1715,,train,3,540.090691103497,,,,,,,0.11764026731333006,,,,,,,552.183317833499,0.005062006013090104,,,,,0.5778018718998518,0.08293120203220268,,1,543,1,exact,0.005062006013090104,566,,,,,,0.00013874999785912223,d0c2129ca07373ef3da7172e7dd10d43ce6148fa
dv3-train-matern2-001716,3,train,matern2,1716,,,,3:0:3:1716,,train,3,750.3233560698137,,,,,,,0.09323752719068794,,,,,,,760.7597037368006,0.0034038194385106893,,,,,0.3511332702734211,0.06580362568116181,,1,783,1,exact,0.0034038194385106893,806,,,,,,0.00018466699839336798,24bdc07294be3a358385260ad48a77ce466b8f5a
dv3-train-matern2-001717,3,train,matern2,1717,,,,3:0:3:1717,,train,3,272.51906517216577,,,,,,,0.05856552286780464,,,,,,,273.99795123726886,0.003547672975442291,,,,,0.13705402986974555,0.04138121182122153,,1,281,1,exact,0.003547672975442291,282,,,,,,7.895900125731714e-05,104d2fbe8e3cdc505e62cf1aec0e5e153f8d76dd
dv3-train-matern2-001718,3,train,matern2,1718,,,,3:0:3:1718,,train,3,272.04875463732606,,,,,,,0.255046012620286,,,,,,,304.3280862960391,0.015463050245922249,,,,,3.32713082678196,0.177607979949571,,1,263,1,exact,0.015463050245922249,324,,,,,,8.929199975682423e-05,d14131e57442d7cc26609b5ec612965f5f7aa9ef
dv3-train-matern2-001719,3,train,matern2,1719,,,,3:0:3:1719,,train,3,177.33576590573762,,,,,,,0.4176780798763508,,,,,,,256.9827759341318,0.03136487176069425,,,,,4.266995719387381,0.2813021950601141,,1,166,1,exact,0.03136487176069425,293,,,,,,8.900000102585182e-05,233356a2f3445885105ac1ecee4e446fe0aab7a7
dv3-train-matern2-001720,3,train,matern2,1720,,,,3:0:3:1720,,train,3,295.71375518287874,,,,,,,0.4573115148834863,,,,,,,481.6226997870605,0.026593553556891594,,,,,6.231514037563896,0.3037686253956104,,1,286,1,exact,0.026593553556891594,503,,,,,,0.00013212500198278576,4a3582b3754e7401d73a5aa26ef598d4f5ddd41f
dv3-train-matern2-001721,3,train,matern2,1721,,,,3:0:3:1721,,train,3,721.8109289066728,,,,,,,0.43335164548139127,,,,,,,1090.7558371328967,0.016129790374521755,,,,,9.409689361884789,0.29038382886395886,,1,715,1,exact,0.016129790374521755,1164,,,,,,0.00028949999978067353,c2e1507354f8817eb66b9ffa8ff3b4fd88a3bb82
dv3-train-matern2-001722,3,train,matern2,1722,,,,3:0:3:1722,,train,3,767.2203735877808,,,,,,,0.28425783539258387,,,,,,,885.0261450002907,0.010262481354322988,,,,,6.35199330178176,0.19713620950745814,,1,770,1,exact,0.010262481354322988,923,,,,,,0.00022249999892665073,0f0d4c3d9f9b40a164d8911e36913a61459d5e6b
dv3-train-matern2-001723,3,train,matern2,1723,,,,3:0:3:1723,,train,3,398.7193899138421,,,,,,,0.059592307895012166,,,,,,,400.9602405744938,0.0029843965349332442,,,,,0.13966904098777955,0.04210560209907096,,1,389,1,exact,0.0029843965349332442,392,,,,,,9.891700028674677e-05,9d9ea09e00cc157296fa1b9f353cf588be97e277
dv3-train-matern2-001724,3,train,matern2,1724,,,,3:0:3:1724,,train,3,370.1048912594138,,,,,,,0.07582476660220111,,,,,,,373.488157782194,0.003941383279188621,,,,,0.2264372332389502,0.05354905025621732,,1,345,1,exact,0.003941383279188621,362,,,,,,9.458400018047541e-05,0ced1fa7de923c95bf6a08edfb84a28e311e8ffa
dv3-train-matern2-001725,3,train,matern2,1725,,,,3:0:3:1725,,train,3,537.5872959827213,,,,,,,0.4772172263492495,,,,,,,944.397195110641,0.02058219145444191,,,,,8.894386253743649,0.31433594292270756,,1,514,1,exact,0.02058219145444191,1001,,,,,,0.0002680830002645962,b63d13b2a063f139928cf0349ffdbd710451eede
dv3-train-matern2-001726,3,train,matern2,1726,,,,3:0:3:1726,,train,3,163.15121205592956,,,,,,,0.08604457231770356,,,,,,,165.07854872973184,0.006736407148031977,,,,,0.2871168215448148,0.06074438858477896,,1,144,1,exact,0.006736407148031977,160,,,,,,6.337500235531479e-05,fb24e016b4f640b9cc7dbe6482665da988dfca87
dv3-train-matern2-001727,3,train,matern2,1727,,,,3:0:3:1727,,train,3,364.1750449399451,,,,,,,0.10944893343958238,,,,,,,371.20453605703506,0.005735303998866717,,,,,0.49587443331887715,0.07718873202035582,,1,374,1,exact,0.005735303998866717,394,,,,,,0.00011670800085994415,75fbac3bd2fda16b6f880ab1fbdfbeaecb7b39a8
dv3-train-matern2-001728,3,train,matern2,1728,,,,3:0:3:1728,,train,3,140.33570931684372,,,,,,,0.34755084545218784,,,,,,,176.47238555573534,0.02933825319240305,,,,,3.0732661798591536,0.2383034205534657,,1,145,1,exact,0.02933825319240305,204,,,,,,6.562500129803084e-05,49086fafdfa726d9ee8cba6cf3b5a81c60ade8b8
dv3-train-matern2-001729,3,train,matern2,1729,,,,3:0:3:1729,,train,3,165.76435789540201,,,,,,,0.3349053771662543,,,,,,,204.36972204826483,0.02601216754749707,,,,,3.2599287028429087,0.2302257095920255,,1,148,1,exact,0.02601216754749707,207,,,,,,0.00010583400217001326,ee0a051521ce121e6db808684efba178f8c146e3
dv3-train-matern2-001730,3,train,matern2,1730,,,,3:0:3:1730,,train,3,271.5834861388424,,,,,,,0.5006684826821854,,,,,,,534.135702275633,0.03038075579782845,,,,,6.547987415248285,0.32596477846270216,,1,280,1,exact,0.03038075579782845,600,,,,,,0.0001626250013941899,f5e8ea9bdd7bb6aed2df00a55711f302e2ce3141
dv3-train-matern2-001731,3,train,matern2,1731,,,,3:0:3:1731,,train,3,450.6815317150376,,,,,,,0.06335505998967436,,,,,,,453.5471776271358,0.0029843271204506973,,,,,0.159918988399054,0.04475969221885432,,1,446,1,exact,0.0029843271204506973,457,,,,,,0.00011499999891384505,ee6194645371b7b8e384a71588ce6fcc1deb980e
dv3-train-matern2-001732,3,train,matern2,1732,,,,3:0:3:1732,,train,3,285.54998946958045,,,,,,,0.22591146185139033,,,,,,,311.2264325224486,0.013368946693578658,,,,,3.0215027774165497,0.15787355224192068,,1,269,1,exact,0.013368946693578658,301,,,,,,8.658400111016817e-05,0e00b076e9b4cb85eb857ed4d93391c5d82d024a
dv3-train-matern2-001733,3,train,matern2,1733,,,,3:0:3:1733,,train,3,313.3436017588959,,,,,,,0.052562923934000076,,,,,,,314.71139965257174,0.002969402708134654,,,,,0.10887396639463118,0.037145300857326806,,1,327,1,exact,0.002969402708134654,330,,,,,,8.675000208313577e-05,626a1dd816cb429d49a28ceca9935864c7acc7eb
dv3-train-matern2-001734,3,train,matern2,1734,,,,3:0:3:1734,,train,3,138.8692791508177,,,,,,,0.18616337224454108,,,,,,,147.02698856791767,0.015797601222647856,,,,,1.581842666725512,0.13061084800889047,,1,130,1,exact,0.015797601222647856,149,,,,,,5.441599932964891e-05,dce00b493aafd902ffa3152822821cafbfae7996
dv3-train-matern2-001735,3,train,matern2,1735,,,,3:0:3:1735,,train,3,188.54183698301503,,,,,,,0.43526417038696297,,,,,,,286.4723303506816,0.031699254728001655,,,,,4.559276631323843,0.2914754947062337,,1,191,1,exact,0.031699254728001655,328,,,,,,9.466700066695921e-05,5e98a1981d0f17f2ae2ebf21eafa4a3ed1a63aa8
dv3-train-matern2-001736,3,train,matern2,1736,,,,3:0:3:1736,,train,3,198.8798132701529,,,,,,,0.12473783920114573,,,,,,,203.90505150424443,0.00884510239462285,,,,,0.7536007333049921,0.08790075244265046,,1,193,1,exact,0.00884510239462285,203,,,,,,6.38330020592548e-05,41d21b93e6979300606fc7a311ddc8df68dc349e
dv3-train-matern2-001737,3,train,matern2,1737,,,,3:0:3:1737,,train,3,209.1994843919719,,,,,,,0.05465333614425208,,,,,,,210.187221660565,0.0037786474367727573,,,,,0.11425199744942584,0.03862067173944858,,1,197,1,exact,0.0037786474367727573,201,,,,,,6.391600254573859e-05,29f3c7d760c86f7f5abd1c6ce7a8543464068820
dv3-train-matern2-001738,3,train,matern2,1738,,,,3:0:3:1738,,train,3,367.8653553950298,,,,,,,0.06298898971195069,,,,,,,370.17723818982705,0.003284128927383724,,,,,0.15460620911252626,0.04450151723287479,,1,380,1,exact,0.003284128927383724,391,,,,,,0.00021587499941233546,c13592deb7ba4a97fa18e8ebc04af3237ea09890
dv3-train-matern2-001739,3,train,matern2,1739,,,,3:0:3:1739,,train,3,170.8846606006581,,,,,,,0.13793063871055464,,,,,,,176.20447055164553,0.010551378617251013,,,,,1.2498879091688542,0.097121502287163,,1,153,1,exact,0.010551378617251013,160,,,,,,0.00012983399938093498,655a5f2259eb01e4b0063ec9c969f1b1cd6b4744
dv3-train-matern2-001740,3,train,matern2,1740,,,,3:0:3:1740,,train,3,113.25858849505532,,,,,,,0.15705117501090005,,,,,,,117.8873844849482,0.014757256216123687,,,,,1.1539400618137825,0.1104425951786534,,1,96,1,exact,0.014757256216123687,103,,,,,,8.695799988345243e-05,8b11d6330bcb6083e4953479dd618f231fe32575
dv3-train-matern2-001741,3,train,matern2,1741,,,,3:0:3:1741,,train,3,604.9064394625173,,,,,,,0.07230366631277013,,,,,,,609.9289022693349,0.002939789374099535,,,,,0.20910276653762122,0.05106821730378095,,1,657,1,exact,0.002939789374099535,669,,,,,,0.00025254200227209367,379987f4b18e77643a5bdd75e78e9fe00073d449
dv3-train-matern2-001742,3,train,matern2,1742,,,,3:0:3:1742,,train,3,133.88723780255737,,,,,,,0.4321432666479538,,,,,,,201.6337545370707,0.037347209651066665,,,,,3.6899495401269267,0.28969216166224626,,1,131,1,exact,0.037347209651066665,224,,,,,,0.0001188749993161764,47e1fc631972bc01e9bf0a41c9add8abbd349d8a
dv3-train-matern2-001743,3,train,matern2,1743,,,,3:0:3:1743,,train,3,227.98333706995848,,,,,,,0.27313424454889157,,,,,,,259.7788940870717,0.01808941826317098,,,,,3.293427847239716,0.1897335855053824,,1,229,1,exact,0.01808941826317098,283,,,,,,0.0001329159968008753,903101921792493c7fb7ef0c538b2d1047b50ccf
dv3-train-matern2-001744,3,train,matern2,1744,,,,3:0:3:1744,,train,3,134.98884158619222,,,,,,,0.23536389439492633,,,,,,,148.30472312899354,0.020257735957822817,,,,,1.989032013202832,0.16430167868346743,,1,139,1,exact,0.020257735957822817,159,,,,,,9.641699944040738e-05,5c156ff2e1ff44680f1134fc9b43a70b5688d792
dv3-train-matern2-001745,3,train,matern2,1745,,,,3:0:3:1745,,train,3,312.2823423296338,,,,,,,0.051993285898535836,,,,,,,313.6159542273278,0.0029422092123238676,,,,,0.10649641036570665,0.036743224483125406,,1,317,1,exact,0.0029422092123238676,321,,,,,,0.0001409169999533333,2cf238e4d971e378988352f8dc4db240fa65c80a
dv3-train-matern2-001746,3,train,matern2,1746,,,,3:0:3:1746,,train,3,165.98632733503857,,,,,,,0.2151802506642679,,,,,,,179.37420953816934,0.016701914311990387,,,,,2.0932379172633127,0.15054850649494947,,1,158,1,exact,0.016701914311990387,189,,,,,,0.0001034580018313136,166c9dcbd2306ec74a8672ed6f24c939a9640a2e
dv3-train-matern2-001747,3,train,matern2,1747,,,,3:0:3:1747,,train,3,127.88079428763899,,,,,,,0.08544660653268152,,,,,,,129.37022456238228,0.007556003615923439,,,,,0.26830808588699995,0.06032360912694235,,1,129,1,exact,0.007556003615923439,138,,,,,,9.083300028578378e-05,dae963ac03a97412e95edebc97e76570d5eadeb0
dv3-train-matern2-001748,3,train,matern2,1748,,,,3:0:3:1748,,train,3,359.1115074303877,,,,,,,0.20025728113563718,,,,,,,383.83303153896776,0.0105675340178786,,,,,2.880702271745049,0.14031742118796597,,1,392,1,exact,0.0105675340178786,445,,,,,,0.0001787919973139651,ef0e5a3c7a7553aa5658ebc43d65d7668d73cc49
dv3-train-matern2-001749,3,train,matern2,1749,,,,3:0:3:1749,,train,3,364.5420445776799,,,,,,,0.27689150181465527,,,,,,,417.07492368231044,0.01450226425192607,,,,,4.048412479772508,0.192238819085519,,1,364,1,exact,0.01450226425192607,436,,,,,,0.0001781249993655365,7f12544a499ae42e108be1c3ef1cb0fe8b865d84
dv3-train-matern2-001750,3,train,matern2,1750,,,,3:0:3:1750,,train,3,762.0300705506701,,,,,,,0.26777101629204925,,,,,,,863.4058853128413,0.009700129051329168,,,,,4.233803757764117,0.18614929612282066,,1,761,1,exact,0.009700129051329168,891,,,,,,0.00032087499857880175,439ae372b79ae037bcf5f556d025e8ed747098ca
dv3-train-matern2-001751,3,train,matern2,1751,,,,3:0:3:1751,,train,3,652.2689247769847,,,,,,,0.4572445294670886,,,,,,,1062.090715057417,0.017903385948842613,,,,,9.1047493019023,0.30373215074487797,,1,634,1,exact,0.017903385948842613,1143,,,,,,0.00038895900070201606,3ba643dd5da025e7faaac6a3e59048a58d563991
dv3-train-matern2-001752,3,train,matern2,1752,,,,3:0:3:1752,,train,3,137.65674969496968,,,,,,,0.2233900888149194,,,,,,,149.72688981586296,0.01903992114216316,,,,,1.885010460175796,0.15615502386224595,,1,144,1,exact,0.01903992114216316,169,,,,,,9.024999963003211e-05,9a322735b6d91c5c70de658ea5085ae3e014242b
dv3-train-matern2-001753,3,train,matern2,1753,,,,3:0:3:1753,,train,3,579.1195944629009,,,,,,,0.08035450580466963,,,,,,,585.0739107262714,0.0033390744672422,,,,,0.2602541343652848,0.05673922904909052,,1,587,1,exact,0.0033390744672422,604,,,,,,0.0001557079995109234,18da279884c1d7105d137b299fa37099207178c5
dv3-train-matern2-001754,3,train,matern2,1754,,,,3:0:3:1754,,train,3,775.480416965167,,,,,,,0.15517866939262204,,,,,,,806.3820319329815,0.005572455461784086,,,,,1.0188868255621601,0.1091404580034061,,1,798,1,exact,0.005572455461784086,848,,,,,,0.00019858400264638476,f4ac1268dac6aab29a1a01eccb02d26a9987d789
dv3-train-matern2-001755,3,train,matern2,1755,,,,3:0:3:1755,,train,3,138.51916751301687,,,,,,,0.33772294540375514,,,,,,,171.51200058371387,0.028694960539129656,,,,,2.94430652774259,0.2320326257923652,,1,127,1,exact,0.028694960539129656,180,,,,,,6.441699952119961e-05,e39903a067193da0abd75e7536c66540f21ec970
dv3-train-matern2-001756,3,train,matern2,1756,,,,3:0:3:1756,,train,3,703.5327349091422,,,,,,,0.05298230141848209,,,,,,,706.6532664209221,0.0019975086294972116,,,,,0.1114655012679441,0.03744130641303395,,1,694,1,exact,0.0019975086294972116,702,,,,,,0.00016408300143666565,d359a25be94c4f47464299ca82040c88515da771
dv3-train-matern2-001757,3,train,matern2,1757,,,,3:0:3:1757,,train,3,358.7013510246374,,,,,,,0.07009112765557028,,,,,,,361.49824859651295,0.0037008078867033804,,,,,0.19354535497455455,0.049508914978213484,,1,384,1,exact,0.0037008078867033804,388,,,,,,0.00010300000212737359,1a17218583ec89997709d3878eb4ff706b32f257
dv3-train-matern2-001758,3,train,matern2,1758,,,,3:0:3:1758,,train,3,136.05505033028328,,,,,,,0.20700878072922865,,,,,,,146.12831130270862,0.017747264981688268,,,,,1.7404434012725138,0.14495239644354432,,1,127,1,exact,0.017747264981688268,147,,,,,,5.4124997404869646e-05,64ebe48406bdcf0d6999e3c5af683d4c132418c6
dv3-train-matern2-001759,3,train,matern2,1759,,,,3:0:3:1759,,train,3,643.4253037187239,,,,,,,0.17102938790217176,,,,,,,674.9349914495883,0.006742511150089253,,,,,1.2871057244247028,0.12014496787343217,,1,657,1,exact,0.006742511150089253,696,,,,,,0.0001629170001251623,7eaefb96b491e6d98d4ffe2036f4f4e8023ac40b
dv3-train-matern2-001760,3,train,matern2,1760,,,,3:0:3:1760,,train,3,300.34204111982643,,,,,,,0.303297353070193,,,,,,,354.4672454415147,0.017500906969680624,,,,,4.105197015236183,0.20970115063061653,,1,296,1,exact,0.017500906969680624,368,,,,,,9.629100168240257e-05,950f170400e10f93500bb52ff46e4f40a0db0414
dv3-train-matern2-001761,3,train,matern2,1761,,,,3:0:3:1761,,train,3,770.8730692286623,,,,,,,0.2850901908771621,,,,,,,890.0847223578178,0.010268117693368193,,,,,6.38085431359576,0.19768836986531046,,1,773,1,exact,0.010268117693368193,925,,,,,,0.00020983300055377185,03e9dad1f59b7a436291b870dcbe85116f8aee00
dv3-train-matern2-001762,3,train,matern2,1762,,,,3:0:3:1762,,train,3,156.05205852213913,,,,,,,0.08915791550345692,,,,,,,158.03365842423284,0.007137155438043659,,,,,0.30755074075562183,0.0629347271448937,,1,145,1,exact,0.007137155438043659,153,,,,,,5.400000009103678e-05,1b829155538292cf112ec997a9074300582b032c
dv3-train-matern2-001763,3,train,matern2,1763,,,,3:0:3:1763,,train,3,366.3899234335079,,,,,,,0.16697278190428483,,,,,,,383.4386040206867,0.008723161687848204,,,,,1.3821230494401855,0.11733262583619364,,1,373,1,exact,0.008723161687848204,404,,,,,,0.00010129099973710254,d057000f9ba65953bedc3198754571eec86620c6
dv3-train-matern2-001764,3,train,matern2,1764,,,,3:0:3:1764,,train,3,241.1443365857235,,,,,,,0.19343311957064213,,,,,,,256.53601395092176,0.012456393021556773,,,,,2.3380546000381077,0.13562264473107405,,1,230,1,exact,0.012456393021556773,249,,,,,,7.199999890872277e-05,9a462d6ac7681521b175715bc6d08509c662331b
dv3-train-matern2-001765,3,train,matern2,1765,,,,3:0:3:1765,,train,3,279.7683841921619,,,,,,,0.1049140275556238,,,,,,,284.71997417207206,0.00627240716491564,,,,,0.4745852083241815,0.07400650459390588,,1,261,1,exact,0.00627240716491564,273,,,,,,7.42090014682617e-05,ca6119eab0881864c511ce6ecba799691384cb36
dv3-train-matern2-001766,3,train,matern2,1766,,,,3:0:3:1766,,train,3,432.8019003534248,,,,,,,0.10572699558983222,,,,,,,440.58406281991614,0.005082077828334386,,,,,0.463310130726804,0.07457713386329193,,1,428,1,exact,0.005082077828334386,442,,,,,,0.0001060840004356578,86ef578761199c02599b8738f3ccca9cd77e6b4e
dv3-train-matern2-001767,3,train,matern2,1767,,,,3:0:3:1767,,train,3,336.8166284319598,,,,,,,0.22838198406563737,,,,,,,367.853336263233,0.012444145474622848,,,,,3.252042676883338,0.15955586424999668,,1,334,1,exact,0.012444145474622848,387,,,,,,9.695900007500313e-05,30882c80d737076363d235a411a093d5654bf404
dv3-train-matern2-001768,3,train,matern2,1768,,,,3:0:3:1768,,train,3,182.3183868318032,,,,,,,0.050032286902947525,,,,,,,183.03905518185425,0.0037054001908553864,,,,,0.09210531167644875,0.03535894383326545,,1,178,1,exact,0.0037054001908553864,183,,,,,,5.412500104284845e-05,73e245c930d0efbbc14cfa9e0c25e543fee85748
dv3-train-matern2-001769,3,train,matern2,1769,,,,3:0:3:1769,,train,3,796.644423155838,,,,,,,0.053764527268747364,,,,,,,800.2837019730579,0.0019048622336814863,,,,,0.11467313990658959,0.03799339491142785,,1,796,1,exact,0.0019048622336814863,802,,,,,,0.00017754199870978482,ec056caa27387478409d80d71fd6f779d45c2f06
dv3-train-matern2-001770,3,train,matern2,1770,,,,3:0:3:1770,,train,3,120.11722216492412,,,,,,,0.4854888948225992,,,,,,,218.81304354087698,0.044297239223778054,,,,,3.917101463455774,0.3185505284368397,,1,125,1,exact,0.044297239223778054,267,,,,,,8.070799958659336e-05,bf1a7022e2a4f8af40e90c1e33311c1b9e1829df
dv3-train-matern2-001771,3,train,matern2,1771,,,,3:0:3:1771,,train,3,241.38520038107742,,,,,,,0.260720478171015,,,,,,,271.53848287464234,0.01678107677128725,,,,,3.2050679636837334,0.18142309752135843,,1,237,1,exact,0.01678107677128725,286,,,,,,8.05830022727605e-05,1ee5ebcaf8ab2ce7b2816b14d7da52918ab71dde
dv3-train-matern2-001772,3,train,matern2,1772,,,,3:0:3:1772,,train,3,382.0936324936537,,,,,,,0.14060804042133754,,,,,,,394.4752225660008,0.007193251676298045,,,,,0.8756785248312626,0.09898999600632905,,1,339,1,exact,0.007193251676298045,358,,,,,,9.212499935529195e-05,36c7779addc024541da211055d551c2d2b174e01
dv3-train-matern2-001773,3,train,matern2,1773,,,,3:0:3:1773,,train,3,131.1777832527616,,,,,,,0.07019373403419267,,,,,,,132.20364231207097,0.006128697726206454,,,,,0.17029318174880495,0.049581234726679344,,1,146,1,exact,0.006128697726206454,152,,,,,,5.533300281967968e-05,72cfa048790176e6a322bf51e931a3b47592ac65
dv3-train-matern2-001774,3,train,matern2,1774,,,,3:0:3:1774,,train,3,140.81616487952283,,,,,,,0.5093147604727805,,,,,,,291.5117749773355,0.0429200289852641,,,,,4.448662017407827,0.32997415091334387,,1,144,1,exact,0.0429200289852641,349,,,,,,0.00010533400200074539,d574b3e1edb35550b771b67cf0730c0080354044
dv3-train-matern2-001775,3,train,matern2,1775,,,,3:0:3:1775,,train,3,485.9941295748195,,,,,,,0.16746319189768988,,,,,,,508.74964490335867,0.007596330523737502,,,,,1.306606198383684,0.11767276507503525,,1,490,1,exact,0.007596330523737502,538,,,,,,0.00013558300270233303,bb5697c818fcc53866a44fb6262f7b4a654cc0f2
dv3-train-matern2-001776,3,train,matern2,1776,,,,3:0:3:1776,,train,3,216.87919055474322,,,,,,,0.21992887284375395,,,,,,,235.2431052580364,0.014933902327930841,,,,,2.4968882756400816,0.15379334463469302,,1,220,1,exact,0.014933902327930841,261,,,,,,8.237499787355773e-05,1cf7ea8de77c61d1929c5dc7d79e612f868f4b74
dv3-train-matern2-001777,3,train,matern2,1777,,,,3:0:3:1777,,train,3,578.4758852137326,,,,,,,0.3997408445603294,,,,,,,803.3641445027453,0.01662018662271395,,,,,7.654026648791838,0.2706405602281538,,1,580,1,exact,0.01662018662271395,895,,,,,,0.00021633299911627546,62bfc3fd0dbc3e4a65bc7bc2f056df4c206c7235
dv3-train-matern2-001778,3,train,matern2,1778,,,,3:0:3:1778,,train,3,306.17656555275414,,,,,,,0.0609028190763613,,,,,,,307.97442980996664,0.003480578411997139,,,,,0.14753900564801584,0.043030074315026035,,1,300,1,exact,0.003480578411997139,306,,,,,,8.549999984097667e-05,465c9e4eadeb8d0fb353dbdb71514a5bb18271c6
dv3-train-matern2-001779,3,train,matern2,1779,,,,3:0:3:1779,,train,3,745.1494437215362,,,,,,,0.08678898349704939,,,,,,,754.1074686946763,0.0031793834630264362,,,,,0.30328972095864415,0.06126817885999105,,1,755,1,exact,0.0031793834630264362,775,,,,,,0.00018491700029699132,63f51795673dd9cdd69b9c24557ae78e429b7a7b
dv3-train-matern2-001780,3,train,matern2,1780,,,,3:0:3:1780,,train,3,126.10147227153136,,,,,,,0.11927707178290825,,,,,,,129.00644634561831,0.01062176992875678,,,,,0.8132095195666965,0.08407777533017598,,1,108,1,exact,0.01062176992875678,116,,,,,,4.712499867309816e-05,0f8417e5b2d97c90d8a260e06032549145ea9ad5
dv3-train-matern2-001781,3,train,matern2,1781,,,,3:0:3:1781,,train,3,254.63995121822163,,,,,,,0.0627306088707514,,,,,,,256.22704770787294,0.003931119371084554,,,,,0.15766299016480045,0.04431928663831954,,1,254,1,exact,0.003931119371084554,258,,,,,,7.829199967090972e-05,c6683b989ea7d605f429113b1594cbe95e88b60a
dv3-train-matern2-001782,3,train,matern2,1782,,,,3:0:3:1782,,train,3,650.4572275109871,,,,,,,0.07790072480649195,,,,,,,656.7376057876082,0.0030544437145592937,,,,,0.24216143047961383,0.055011280822771486,,1,641,1,exact,0.0030544437145592937,655,,,,,,0.00015941600213409401,9cf6c1998d4510d7ade8920b638f715c543700c5
dv3-train-matern2-001783,3,train,matern2,1783,,,,3:0:3:1783,,train,3,160.20737989453846,,,,,,,0.5347819632480761,,,,,,,407.8689518103512,0.042250854072425,,,,,5.069550938042295,0.34060568748528064,,1,166,1,exact,0.042250854072425,481,,,,,,0.00013449999823933467,3318abd706e29baaef96c439fcb5d91d692847e0
dv3-train-matern2-001784,3,train,matern2,1784,,,,3:0:3:1784,,train,3,590.9485898872396,,,,,,,0.06039460314605169,,,,,,,594.3605151298419,0.0024844100735695617,,,,,0.14526966191562007,0.04267157564569348,,1,539,1,exact,0.0024844100735695617,547,,,,,,0.00013195900100981817,f3bd63b505d2ba956de382fab54ae761bd8991d2
dv3-train-matern2-001785,3,train,matern2,1785,,,,3:0:3:1785,,train,3,109.79888113258087,,,,,,,0.07908293148662417,,,,,,,110.89187839421,0.007547164260069235,,,,,0.22263813142659003,0.055843844539992755,,1,122,1,exact,0.007547164260069235,127,,,,,,4.941699808114208e-05,e7096aa3ee81b096d0f242d4b46d419d2bd9f16e
dv3-train-matern2-001786,3,train,matern2,1786,,,,3:0:3:1786,,train,3,322.54852263598985,,,,,,,0.09679917058014284,,,,,,,327.39122179261034,0.0053898180883376005,,,,,0.3887423440356898,0.06830707384237349,,1,337,1,exact,0.0053898180883376005,348,,,,,,0.00014974999794503674,bd58448049b8e8a3026630ab13f0a5a0eb6e18fd
dv3-train-matern2-001787,3,train,matern2,1787,,,,3:0:3:1787,,train,3,110.76773513934022,,,,,,,0.5354073860964363,,,,,,,283.9171131746549,0.050871872112928825,,,,,4.223105564842182,0.34083920230693493,,1,103,1,exact,0.050871872112928825,308,,,,,,0.00019954199888161384,dbd24e324fa9b9eeb1a66cfe3885229478fd72eb
dv3-train-matern2-001788,3,train,matern2,1788,,,,3:0:3:1788,,train,3,157.493926340184,,,,,,,0.0803954500551379,,,,,,,159.11490020049277,0.006406186319562095,,,,,0.24252584469668292,0.0567680580993836,,1,150,1,exact,0.006406186319562095,157,,,,,,9.800000043469481e-05,330b1879b2ad376554bdf504f5e0761a195c6ade
dv3-train-matern2-001789,3,train,matern2,1789,,,,3:0:3:1789,,train,3,132.08291817991545,,,,,,,0.20125778180143183,,,,,,,141.27534533162088,0.017511742154620376,,,,,1.6423065709357658,0.14100490199076504,,1,132,1,exact,0.017511742154620376,153,,,,,,0.00010270800339640118,5575bc0720ada19cb2eb878df54e7b2df174bbd8
dv3-train-matern2-001790,3,train,matern2,1790,,,,3:0:3:1790,,train,3,616.0898064408045,,,,,,,0.31830527133317976,,,,,,,741.6416184494062,0.01282395009483012,,,,,6.246544016782665,0.2195023414516437,,1,607,1,exact,0.01282395009483012,750,,,,,,0.00028787499832105823,93ff2bb08e0e196a3a52e56be0a31df36bed639e
dv3-train-matern2-001791,3,train,matern2,1791,,,,3:0:3:1791,,train,3,454.6075840158578,,,,,,,0.16377454634036293,,,,,,,474.91003952732206,0.007681182199504339,,,,,1.2507525365017882,0.11511339217574097,,1,465,1,exact,0.007681182199504339,500,,,,,,0.00020241699894540943,9864466a30c7d5426239ad45b89d6768b93408c9
dv3-train-matern2-001792,3,train,matern2,1792,,,,3:0:3:1792,,train,3,391.0224752673328,,,,,,,0.3588700161358324,,,,,,,501.1207348758116,0.018148315218250822,,,,,5.668966910185443,0.24546104314390316,,1,357,1,exact,0.018148315218250822,502,,,,,,0.00020812499860767275,b89e4ad1bde1041752136f06b12937b339eaafa5
dv3-train-matern2-001793,3,train,matern2,1793,,,,3:0:3:1793,,train,3,258.31170084841995,,,,,,,0.262420285886211,,,,,,,291.0760101711097,0.016327713255536357,,,,,3.354439317206221,0.1825639827646539,,1,245,1,exact,0.016327713255536357,299,,,,,,0.00014150000060908496,6bef67e466cba647366a407cf376a73b67a37798
dv3-train-matern2-001794,3,train,matern2,1794,,,,3:0:3:1794,,train,3,284.456557578779,,,,,,,0.16447816449174002,,,,,,,297.2762511572067,0.009752147825150513,,,,,1.5997159493080793,0.11560177523966869,,1,266,1,exact,0.009752147825150513,292,,,,,,0.0001367920012853574,e835ac67a015780965381640231535e9f8bd5908
dv3-train-matern2-001795,3,train,matern2,1795,,,,3:0:3:1795,,train,3,262.1054092565395,,,,,,,0.13378082975408365,,,,,,,269.76238747937634,0.008263345154382346,,,,,0.8663398448468278,0.09422353425870494,,1,233,1,exact,0.008263345154382346,254,,,,,,0.0001284159989154432,8071f7988726d9cdc364c421f3537a0663c17a4f
dv3-train-matern2-001796,3,train,matern2,1796,,,,3:0:3:1796,,train,3,360.26314159761534,,,,,,,0.1563373932726157,,,,,,,374.8459968380741,0.008236694351877284,,,,,1.1608372896199457,0.10994629752972049,,1,378,1,exact,0.008236694351877284,405,,,,,,0.00017091700283344835,418beee254a5249351a80fd1abf3a7f4577a4a84
dv3-train-matern2-001797,3,train,matern2,1797,,,,3:0:3:1797,,train,3,450.7549839929629,,,,,,,0.058327314606724946,,,,,,,453.1811064716519,0.0027472723375684656,,,,,0.1351202723221483,0.04121314917100796,,1,460,1,exact,0.0027472723375684656,469,,,,,,0.0001921660004882142,61e10b0ce6bcb7424772f9abc3c942609a5c13b5
dv3-train-matern2-001798,3,train,matern2,1798,,,,3:0:3:1798,,train,3,226.85716214253512,,,,,,,0.4690255947430688,,,,,,,385.6153993626107,0.03114012096925875,,,,,5.469656353241916,0.31005558376433073,,1,217,1,exact,0.03114012096925875,411,,,,,,0.00018204200023319572,7176939c2efcc941b8ae3eb1f4ff91215975c625
dv3-train-matern2-001799,3,train,matern2,1799,,,,3:0:3:1799,,train,3,220.18534379849356,,,,,,,0.3930330322812084,,,,,,,301.3402201418232,0.02648712665091124,,,,,4.57417583245218,0.26658741506083977,,1,212,1,exact,0.02648712665091124,319,,,,,,0.0001479580023442395,4bf4db4d62748521e9f15af1d80b71c21641a530
dv3-train-matern2-001800,3,train,matern2,1800,,,,3:0:3:1800,,train,3,236.00604198067091,,,,,,,0.09161138335328667,,,,,,,239.17313562696626,0.005963316781329902,,,,,0.35153701151544525,0.06466024775555762,,1,210,1,exact,0.005963316781329902,215,,,,,,0.00012995900033274665,babf6eaf73d357e749020518f62d0e1116816cd3
dv3-train-matern2-001801,3,train,matern2,1801,,,,3:0:3:1801,,train,3,319.3212646031141,,,,,,,0.1322096733601855,,,,,,,328.4235261747117,0.00739859597699725,,,,,0.7922167390970595,0.09312574242929303,,1,362,1,exact,0.00739859597699725,377,,,,,,0.00016200000027311035,652ef2227912ad5ed2b5af806cc290f0393392cc
dv3-train-matern2-001802,3,train,matern2,1802,,,,3:0:3:1802,,train,3,403.4382417723729,,,,,,,0.317542262511706,,,,,,,485.1465799513759,0.015809313207827632,,,,,5.068983220154168,0.21900639314771883,,1,399,1,exact,0.015809313207827632,529,,,,,,0.0002476659974490758,1dbf20f15354a01e069b010e346a9a14c4797f18
dv3-train-matern2-001803,3,train,matern2,1803,,,,3:0:3:1803,,train,3,159.3262959100165,,,,,,,0.12527313926915618,,,,,,,163.38792105328918,0.009924627854540886,,,,,0.8446365528901811,0.08827531381061098,,1,149,1,exact,0.009924627854540886,161,,,,,,0.00011483399794087745,9c7a4548c806ef454f0fc5b39f6bc71f726cb994
dv3-train-matern2-001804,3,train,matern2,1804,,,,3:0:3:1804,,train,3,298.37417721073103,,,,,,,0.305711756927084,,,,,,,353.2283455220246,0.01769829882977769,,,,,4.1986442049753405,0.21128433039162292,,1,312,1,exact,0.01769829882977769,388,,,,,,0.00016916599997784942,383b5a01a2811629b0e2d2a471e676bdfd70db11
dv3-train-matern2-001805,3,train,matern2,1805,,,,3:0:3:1805,,train,3,330.03053483104935,,,,,,,0.4249744221133403,,,,,,,487.3834597170103,0.02339298974342302,,,,,6.034733265158199,0.2855589793892979,,1,334,1,exact,0.02339298974342302,516,,,,,,0.00022024999998393469,36374e119130d4b16feea7babcdbfa487635d51b
dv3-train-matern2-001806,3,train,matern2,1806,,,,3:0:3:1806,,train,3,166.74241108513934,,,,,,,0.30129365155388543,,,,,,,196.29629269810835,0.023332804508855075,,,,,2.9115830097665825,0.20838547639613636,,1,168,1,exact,0.023332804508855075,225,,,,,,0.00011741699927370064,95947222ea40c8d4b9dd0008f3a4f8c1c46f550c
dv3-train-matern2-001807,3,train,matern2,1807,,,,3:0:3:1807,,train,3,730.2110761264283,,,,,,,0.11777944523865246,,,,,,,746.6003722713735,0.004358582755727713,,,,,0.5702392093333182,0.08302870737989307,,1,720,1,exact,0.004358582755727713,749,,,,,,0.0002729579973674845,865a251c22d45d368e6793487ef8bd17e222eee5
dv3-train-matern2-001808,3,train,matern2,1808,,,,3:0:3:1808,,train,3,152.9613763746786,,,,,,,0.0718937918555115,,,,,,,154.21687992014972,0.005813002350571103,,,,,0.18623460324253888,0.05077938005992532,,1,164,1,exact,0.005813002350571103,168,,,,,,9.187500108964741e-05,c19de29edba4198ef2bfd1d5ea06b3463c897ebc
dv3-train-matern2-001809,3,train,matern2,1809,,,,3:0:3:1809,,train,3,687.6388445595909,,,,,,,0.08567721570401872,,,,,,,695.6917555907079,0.0032672708916083575,,,,,0.2954261124909952,0.06048588872999257,,1,635,1,exact,0.0032672708916083575,652,,,,,,0.00024375000066356733,9efffc26bd27c732f40b30a1ee9bbadfd26205a2
dv3-train-matern2-001810,3,train,matern2,1810,,,,3:0:3:1810,,train,3,602.0558191309493,,,,,,,0.17803712330464108,,,,,,,634.1836606193219,0.007255915045186541,,,,,1.4417591850159126,0.12499641216109217,,1,617,1,exact,0.007255915045186541,667,,,,,,0.0002444580022711307,79ed7784db74f9d6824eb0189f45657505d7c18c
dv3-train-matern2-001811,3,train,matern2,1811,,,,3:0:3:1811,,train,3,321.5144735179895,,,,,,,0.3636650888357023,,,,,,,415.52462413870376,0.020281559573054057,,,,,5.136502995578405,0.2484710715276558,,1,322,1,exact,0.020281559573054057,439,,,,,,0.00016720799976610579,15c2ee8eac484547e5e2b2182b456439f1da98ea
dv3-train-matern2-001812,3,train,matern2,1812,,,,3:0:3:1812,,train,3,526.6175367198804,,,,,,,0.09649766590261329,,,,,,,534.4739397399115,0.004205030498738258,,,,,0.38118009715330287,0.06809519339595334,,1,519,1,exact,0.004205030498738258,537,,,,,,0.0001336659988737665,4e78c12c0eefff7646db4ea15183d6877a548075
dv3-train-matern2-001813,3,train,matern2,1813,,,,3:0:3:1813,,train,3,565.0057862007678,,,,,,,0.446443932880618,,,,,,,887.8293521538203,0.018781941244637376,,,,,8.372495867234946,0.2977788441644431,,1,551,1,exact,0.018781941244637376,940,,,,,,0.00022037500093574636,27a00af94ab88b99c812fa1960832025bc005b45
dv3-train-matern2-001814,3,train,matern2,1814,,,,3:0:3:1814,,train,3,305.55029250324964,,,,,,,0.11456634081735768,,,,,,,312.0286613484313,0.006554139643612968,,,,,0.5706206643089904,0.0807771127587589,,1,302,1,exact,0.006554139643612968,319,,,,,,8.399999933317304e-05,9664c4ba71937680679e273c3c7877e9eb9eaa20
dv3-train-matern2-001815,3,train,matern2,1815,,,,3:0:3:1815,,train,3,673.7471932083255,,,,,,,0.2630572566611386,,,,,,,759.694542267972,0.010134487753257572,,,,,4.703277153916821,0.18299127283637387,,1,691,1,exact,0.010134487753257572,816,,,,,,0.00018404200091026723,ec62e8bc4ffecb391ba1c434751d58ee971138d7
dv3-train-matern2-001816,3,train,matern2,1816,,,,3:0:3:1816,,train,3,796.7574949903491,,,,,,,0.058685043679431906,,,,,,,801.0990735192723,0.002079047220604769,,,,,0.13682175496699517,0.04146553596306547,,1,764,1,exact,0.002079047220604769,776,,,,,,0.00017058299999916926,0e7f732360b0f641aa31beafeaa959c18b2af8ae
dv3-train-matern2-001817,3,train,matern2,1817,,,,3:0:3:1817,,train,3,247.07625634668807,,,,,,,0.05727301832883837,,,,,,,248.35813684112537,0.0036436324830329703,,,,,0.13018368148969298,0.04046927661823159,,1,245,1,exact,0.0036436324830329703,251,,,,,,6.679199941572733e-05,0fa50df7143ade32866fcf223485baa27ed16f8d
dv3-train-matern2-001818,3,train,matern2,1818,,,,3:0:3:1818,,train,3,271.54833507039876,,,,,,,0.08679775588256677,,,,,,,274.8135008384147,0.005267262041435025,,,,,0.313375744686242,0.06127435110656887,,1,275,1,exact,0.005267262041435025,279,,,,,,7.654200089746155e-05,51c3f13eca0da3af6b269e8048faf3e2bd9b8eca
dv3-train-matern2-001819,3,train,matern2,1819,,,,3:0:3:1819,,train,3,318.8386098161409,,,,,,,0.305560852790102,,,,,,,377.3821033687467,0.017112452671227334,,,,,4.343232143992018,0.21118544922066643,,1,338,1,exact,0.017112452671227334,422,,,,,,0.00010170799941988662,b8fd1569cd86821426aac24d01150f88005fb49f
dv3-train-matern2-001820,3,train,matern2,1820,,,,3:0:3:1820,,train,3,191.7632673655167,,,,,,,0.27882170577300386,,,,,,,219.86356345877675,0.02013464001815895,,,,,2.9853114902860223,0.1935239336978787,,1,188,1,exact,0.02013464001815895,232,,,,,,6.729199958499521e-05,55ba59b5f5a8bfe291b069b83ddf22936faddc58
dv3-train-matern2-001821,3,train,matern2,1821,,,,3:0:3:1821,,train,3,181.99097538102447,,,,,,,0.09585674636639538,,,,,,,184.66937339589737,0.007105550943608493,,,,,0.3785047619119248,0.0676447637157248,,1,183,1,exact,0.007105550943608493,187,,,,,,5.670799873769283e-05,3bcb4c2174679e679018257fd82c5161eb79462b
dv3-train-matern2-001822,3,train,matern2,1822,,,,3:0:3:1822,,train,3,361.2683174979137,,,,,,,0.08409567765891866,,,,,,,365.3420274811119,0.0044244443430928775,,,,,0.2824941430364499,0.05937287519893618,,1,380,1,exact,0.0044244443430928775,396,,,,,,9.433299783268012e-05,d7db7476ab831e9f439a0e0dac9a08135903f905
dv3-train-matern2-001823,3,train,matern2,1823,,,,3:0:3:1823,,train,3,492.4530846206501,,,,,,,0.11072613240339316,,,,,,,502.1877256936831,0.004989622615346225,,,,,0.511609361119413,0.07808458059822292,,1,468,1,exact,0.004989622615346225,488,,,,,,0.00011575000098673627,0f34912f445a236758549182231b785e6a7aced8
dv3-train-matern2-001824,3,train,matern2,1824,,,,3:0:3:1824,,train,3,203.35332034507286,,,,,,,0.0754795584774513,,,,,,,205.19515635668876,0.005293022219284299,,,,,0.22499976783430015,0.0533058680707907,,1,219,1,exact,0.005293022219284299,225,,,,,,6.29579990345519e-05,320f0c235fcff586c631085c6750ee278c6e53df
dv3-train-matern2-001825,3,train,matern2,1825,,,,3:0:3:1825,,train,3,470.98208016739517,,,,,,,0.2962892668450328,,,,,,,551.0490360888476,0.013652548486456202,,,,,5.015676233606998,0.20509248830551421,,1,442,1,exact,0.013652548486456202,558,,,,,,0.00013287499677971937,156b5a4e011134427c9e3093344613a5182d24c6
dv3-train-matern2-001826,3,train,matern2,1826,,,,3:0:3:1826,,train,3,375.55287381295466,,,,,,,0.06474317304207271,,,,,,,378.04754147352537,0.0033408612204564015,,,,,0.16360285914994632,0.045738601540595294,,1,399,1,exact,0.0033408612204564015,406,,,,,,9.787500312086195e-05,33d34156adbb50c07d14ee9dcb3fe405f271fd68
dv3-train-matern2-001827,3,train,matern2,1827,,,,3:0:3:1827,,train,3,204.08815611660916,,,,,,,0.18234305264785486,,,,,,,215.55287570714745,0.012763809689574263,,,,,2.0090080270867685,0.12797294318272587,,1,209,1,exact,0.012763809689574263,239,,,,,,6.7457996919984e-05,aa996e7082c58d1a2f0ceee75f39c22779562e82
dv3-train-matern2-001828,3,train,matern2,1828,,,,3:0:3:1828,,train,3,111.3734021887088,,,,,,,0.12258812268395025,,,,,,,114.08824039525366,0.011616028022469848,,,,,0.7883420633580381,0.0863961996014797,,1,118,1,exact,0.011616028022469848,130,,,,,,4.7790999815333635e-05,7974eb0dbec71eb077db5e2d272d51bf08f8bf05
dv3-train-matern2-001829,3,train,matern2,1829,,,,3:0:3:1829,,train,3,761.5681280625993,,,,,,,0.1281899883793212,,,,,,,781.9298976786417,0.0046451498428435,,,,,0.679043617767833,0.0903156800899649,,1,740,1,exact,0.0046451498428435,773,,,,,,0.00016995800251606852,1819fd3a23df01b3ee6827f0865a94d9a2044c8d
dv3-train-matern2-001830,3,train,matern2,1830,,,,3:0:3:1830,,train,3,237.0391047402944,,,,,,,0.366544752416184,,,,,,,307.9372309271313,0.02380767620280309,,,,,4.431004112977325,0.2502721342424661,,1,229,1,exact,0.02380767620280309,311,,,,,,8.741700003156438e-05,9e4c1e000e9c588f2c6ae35843493fa514566090
dv3-train-matern2-001831,3,train,matern2,1831,,,,3:0:3:1831,,train,3,298.3335148296233,,,,,,,0.05335281143459445,,,,,,,299.67546191710613,0.003088917343686596,,,,,0.1127246673755343,0.037702813077812376,,1,308,1,exact,0.003088917343686596,310,,,,,,7.887500032666139e-05,7d99ac371a7d9f606b418dcdfda980e7cc31b9f1
dv3-train-matern2-001832,3,train,matern2,1832,,,,3:0:3:1832,,train,3,212.33714107743924,,,,,,,0.11021401107999583,,,,,,,216.49479253992558,0.007563517661560768,,,,,0.5350674012371702,0.07772539090438903,,1,203,1,exact,0.007563517661560768,216,,,,,,6.283400216489099e-05,f6f20b1c1f22147969c640afa62d653fafc3e96d
dv3-train-matern2-001833,3,train,matern2,1833,,,,3:0:3:1833,,train,3,339.1042013525414,,,,,,,0.12821687691097444,,,,,,,348.1746476310093,0.0069627148406856895,,,,,0.7237158217577457,0.09033448398987283,,1,367,1,exact,0.0069627148406856895,388,,,,,,9.729099838295951e-05,ebe9eeb5c26be921fca7cb93a8f2cb07c68de390
dv3-train-matern2-001834,3,train,matern2,1834,,,,3:0:3:1834,,train,3,123.07898449685301,,,,,,,0.11021242770009272,,,,,,,125.48885225665242,0.009934330786763043,,,,,0.5913341421183909,0.07772428031634433,,1,129,1,exact,0.009934330786763043,133,,,,,,4.783399708685465e-05,810e53cb7385d4d318432a9bd73272d22d77f928
dv3-train-matern2-001835,3,train,matern2,1835,,,,3:0:3:1835,,train,3,720.953443593611,,,,,,,0.14278293634125142,,,,,,,745.0768147996561,0.005317686113953162,,,,,0.8577009568570397,0.10050707117506645,,1,735,1,exact,0.005317686113953162,772,,,,,,0.00017104200014728121,8284974649c652534f6697a49e23c394dfb2343c
dv3-train-matern2-001836,3,train,matern2,1836,,,,3:0:3:1836,,train,3,104.28935826898427,,,,,,,0.3005944152857559,,,,,,,122.66681344490712,0.02943478785442004,,,,,2.261375792218574,0.20792596201811905,,1,101,1,exact,0.02943478785442004,133,,,,,,5.124999734107405e-05,43c860cb3686d0488e51b7b63446667662ed14ac
dv3-train-matern2-001837,3,train,matern2,1837,,,,3:0:3:1837,,train,3,314.06783102853717,,,,,,,0.4122644976003953,,,,,,,449.06692607109096,0.023262919040094684,,,,,5.752176174124804,0.2781129251749711,,1,308,1,exact,0.023262919040094684,481,,,,,,0.00013908400069340132,502b3db66b85bb7047a7a18174f93f5367680400
dv3-train-matern2-001838,3,train,matern2,1838,,,,3:0:3:1838,,train,3,107.4599212971898,,,,,,,0.28043592490422337,,,,,,,123.42764972594532,0.02705268580359856,,,,,2.145894134709385,0.194597667724567,,1,108,1,exact,0.02705268580359856,144,,,,,,5.516600140254013e-05,fa9e7dec30cba633b4c1164a645e2c09c73dd16a
dv3-train-matern2-001839,3,train,matern2,1839,,,,3:0:3:1839,,train,3,703.6107852239686,,,,,,,0.2970073152800931,,,,,,,823.9453260519821,0.011196979992167172,,,,,6.098019826398865,0.205565585329054,,1,718,1,exact,0.011196979992167172,874,,,,,,0.0002100000019709114,04a09afd8f9e417f06dee316fd87553f601664e5
dv3-train-matern2-001840,3,train,matern2,1840,,,,3:0:3:1840,,train,3,742.0252804255125,,,,,,,0.05984381584282718,,,,,,,746.2310936875639,0.002196898169294191,,,,,0.14256403070280324,0.042283030476784285,,1,762,1,exact,0.002196898169294191,778,,,,,,0.0001833340029406827,949f8435e0efd9ab9c1062b9d28a7cadb89b073c
dv3-train-matern2-001841,3,train,matern2,1841,,,,3:0:3:1841,,train,3,145.04040067523954,,,,,,,0.109038865225579,,,,,,,147.81856637338785,0.00905392364690606,,,,,0.5198956132094013,0.07690106692566073,,1,129,1,exact,0.00905392364690606,134,,,,,,5.191600212128833e-05,8972b41fef27482d2b3225454ba47fff585b211f
dv3-train-matern2-001842,3,train,matern2,1842,,,,3:0:3:1842,,train,3,152.11397664919446,,,,,,,0.0779842998367532,,,,,,,153.58588096482723,0.006322991780702506,,,,,0.2227676621951125,0.05507014153740574,,1,151,1,exact,0.006322991780702506,159,,,,,,5.554199742618948e-05,1cc9bc3d8818b1aff085ccf051b212621331964f
dv3-train-matern2-001843,3,train,matern2,1843,,,,3:0:3:1843,,train,3,492.8018783472377,,,,,,,0.3597154007644428,,,,,,,632.4846502489847,0.016204023141415738,,,,,6.4106874059452235,0.2459927011769157,,1,487,1,exact,0.016204023141415738,658,,,,,,0.00016537500050617382,1215c27a903fd51224eaa9004fc92240e214e7a3
dv3-train-matern2-001844,3,train,matern2,1844,,,,3:0:3:1844,,train,3,632.559263907942,,,,,,,0.22367502798496297,,,,,,,688.1825616078527,0.00889338083385185,,,,,2.5878035276905766,0.15634931361138718,,1,656,1,exact,0.00889338083385185,739,,,,,,0.00017699999807518907,47f9d6f34618c7d7a3d0c0387ddf36ec6ebe1565
dv3-train-matern2-001845,3,train,matern2,1845,,,,3:0:3:1845,,train,3,159.28016581576662,,,,,,,0.06646586924603642,,,,,,,160.39579705240678,0.005266448471749867,,,,,0.15995059604669765,0.04695329972965423,,1,148,1,exact,0.005266448471749867,152,,,,,,5.4874999477760866e-05,a9f26e75c3615497f866e0f56e67087bd55950b0
dv3-train-matern2-001846,3,train,matern2,1846,,,,3:0:3:1846,,train,3,287.7420299201842,,,,,,,0.2873231775141059,,,,,,,333.0947317641066,0.01693826835339377,,,,,3.826690357778749,0.19916842019099368,,1,269,1,exact,0.01693826835339377,330,,,,,,9.187500108964741e-05,839ee96717532ded93aab7c228861f758a0cc4cc
dv3-train-matern2-001847,3,train,matern2,1847,,,,3:0:3:1847,,train,3,105.31195270017,,,,,,,0.24764010930567737,,,,,,,116.9825255748798,0.02413137975889498,,,,,1.8694837832668776,0.17261415755630918,,1,100,1,exact,0.02413137975889498,128,,,,,,5.012499968870543e-05,d199edbdfc8aa30c2cbcc44c6489329bf38b64e9
dv3-train-matern2-001848,3,train,matern2,1848,,,,3:0:3:1848,,train,3,173.42623344746016,,,,,,,0.1965244851602378,,,,,,,184.8843721878003,0.014923107628746669,,,,,1.9371099482295624,0.13775059949434565,,1,183,1,exact,0.014923107628746669,208,,,,,,6.550000034621917e-05,97f22143cdeceb8cbe61e1d36ed3b1e5ac420d24
dv3-train-matern2-001849,3,train,matern2,1849,,,,3:0:3:1849,,train,3,103.26813330962014,,,,,,,0.06957128650415963,,,,,,,104.06132281224768,0.006846157261509993,,,,,0.16333449612988776,0.049142506305927446,,1,108,1,exact,0.006846157261509993,111,,,,,,4.3416999687906355e-05,4a4705a2a5d031ae8202a58946e1c9069f7fafce
dv3-train-matern2-001850,3,train,matern2,1850,,,,3:0:3:1850,,train,3,369.21090157802746,,,,,,,0.3454685466910169,,,,,,,462.7289356983549,0.01797923691022191,,,,,5.141149670257815,0.23697901962973303,,1,369,1,exact,0.01797923691022191,507,,,,,,0.00012966700160177425,1d8a2e88fb6969a5c0d2aa0c79504d1ca93642a6
dv3-train-matern2-001851,3,train,matern2,1851,,,,3:0:3:1851,,train,3,181.09407209514617,,,,,,,0.2277349580828575,,,,,,,197.67507533659153,0.01692300895230965,,,,,2.3163590689235405,0.15911541965563228,,1,187,1,exact,0.01692300895230965,224,,,,,,6.920799933141097e-05,976ac9153c5d54889316cb03b1307541c73dc5dd
dv3-train-matern2-001852,3,train,matern2,1852,,,,3:0:3:1852,,train,3,125.65642139631417,,,,,,,0.19379146172472528,,,,,,,133.7091161761239,0.0172879021170134,,,,,1.5509924677992069,0.13586941206344189,,1,139,1,exact,0.0172879021170134,153,,,,,,5.4874999477760866e-05,6f1e5135d2d83f7a7105ceeff64fcaf6fe76e7d6
dv3-train-matern2-001853,3,train,matern2,1853,,,,3:0:3:1853,,train,3,153.1560977664293,,,,,,,0.32535028154763945,,,,,,,186.19589553799037,0.026289603773262532,,,,,2.9594615663476995,0.22406908712796403,,1,144,1,exact,0.026289603773262532,199,,,,,,6.504200064227916e-05,2046c54be08055b8a1c945f92eae391e50557440
dv3-train-matern2-001854,3,train,matern2,1854,,,,3:0:3:1854,,train,3,467.78970832701816,,,,,,,0.12898559289337735,,,,,,,480.4582368392991,0.0059637011594931314,,,,,0.7138583884875189,0.09087203017678738,,1,464,1,exact,0.0059637011594931314,486,,,,,,0.00012141700062784366,9d2f31e638eaab8745b2c2e1345532f1032077ea
dv3-train-matern2-001855,3,train,matern2,1855,,,,3:0:3:1855,,train,3,178.94470842106472,,,,,,,0.06104210717689151,,,,,,,180.00031881046056,0.004563206126184066,,,,,0.1386295620127052,0.04312832645369822,,1,192,1,exact,0.004563206126184066,200,,,,,,6.279200169956312e-05,687cc0ff0bdc7bbaa02f07011308106e71038ee1
dv3-train-matern2-001856,3,train,matern2,1856,,,,3:0:3:1856,,train,3,267.93705151626,,,,,,,0.24265926276241967,,,,,,,296.2742396518695,0.0148245147608607,,,,,3.181349922204061,0.16924659364109715,,1,261,1,exact,0.0148245147608607,309,,,,,,8.720800178707577e-05,4296811e507ce6c563cc0537cf072ad45f62e88f
dv3-train-matern2-001857,3,train,matern2,1857,,,,3:0:3:1857,,train,3,124.7411454336556,,,,,,,0.296799203588608,,,,,,,146.03781690643297,0.026574057319683257,,,,,2.467059953304099,0.20542848852330933,,1,118,1,exact,0.026574057319683257,151,,,,,,5.4666001233272254e-05,66d29a8425d64856f3f02fb2df8cd794692ad059
dv3-train-matern2-001858,3,train,matern2,1858,,,,3:0:3:1858,,train,3,195.62339230660436,,,,,,,0.38823628621020134,,,,,,,265.0385416560626,0.027757844025501403,,,,,4.1561738043085645,0.2636685413877219,,1,190,1,exact,0.027757844025501403,302,,,,,,8.758400144870393e-05,ce47859cf55562dd143dd3337fc6bcf8d3dff9f7
dv3-train-matern2-001859,3,train,matern2,1859,,,,3:0:3:1859,,train,3,518.0819280347807,,,,,,,0.39041029166521724,,,,,,,705.1075042730479,0.017152287043852923,,,,,7.091450702971194,0.2649935152926495,,1,513,1,exact,0.017152287043852923,768,,,,,,0.00018962499962071888,95dc61137f39174d08a6bca0c50742ad3afe8f0c
dv3-train-matern2-001860,3,train,matern2,1860,,,,3:0:3:1860,,train,3,438.37157479109476,,,,,,,0.10423909339587789,,,,,,,446.0284287620517,0.0049786251966714365,,,,,0.4494452485703426,0.07353271210188811,,1,431,1,exact,0.0049786251966714365,442,,,,,,0.00011116599853266962,51d17b1645dfc88fd447ce4b1dc40961d83655ee
dv3-train-matern2-001861,3,train,matern2,1861,,,,3:0:3:1861,,train,3,365.8249282132765,,,,,,,0.36825829638065133,,,,,,,476.7277749716261,0.01925377497149215,,,,,5.522721649050469,0.2513414560413442,,1,355,1,exact,0.01925377497149215,506,,,,,,0.0001306669983023312,97f6acb40052acd8f76c8d0ff482f3a2ec6fa8e5
dv3-train-matern2-001862,3,train,matern2,1862,,,,3:0:3:1862,,train,3,479.78512535099196,,,,,,,0.27158216005635655,,,,,,,545.793991355095,0.012398748434636184,,,,,4.715189891573642,0.1886973003554097,,1,480,1,exact,0.012398748434636184,569,,,,,,0.00014250000094762072,c37879ca3aa4772f9fc7ff4b23dec6a398cd01f3
dv3-train-matern2-001863,3,train,matern2,1863,,,,3:0:3:1863,,train,3,486.7972594719917,,,,,,,0.1678205699137757,,,,,,,509.69397175669116,0.0076062593477517725,,,,,1.313103743526388,0.11792060995279426,,1,486,1,exact,0.0076062593477517725,521,,,,,,0.00013137499990989454,4a058eda3ada03d4dc8393f49addb4c80fa1146b
dv3-train-matern2-001864,3,train,matern2,1864,,,,3:0:3:1864,,train,3,121.1611107566841,,,,,,,0.11254359974137262,,,,,,,123.63762737441387,0.010224431720435637,,,,,0.7147067316659247,0.07935908277115873,,1,125,1,exact,0.010224431720435637,138,,,,,,5.2583000069716945e-05,44ec07ecac5adf5b214538f4bab59f4f33d7194a
dv3-train-matern2-001865,3,train,matern2,1865,,,,3:0:3:1865,,train,3,731.3320189918985,,,,,,,0.11803983454227476,,,,,,,747.8213341354649,0.004364869844550769,,,,,0.5728357925042419,0.08321112513923183,,1,747,1,exact,0.004364869844550769,774,,,,,,0.00018283300232724287,d88dfaf5c71480bcce46a2b9534843fdf05ec5c3
dv3-train-matern2-001866,3,train,matern2,1866,,,,3:0:3:1866,,train,3,122.30270881511787,,,,,,,0.20422713789661137,,,,,,,131.09231918160305,0.018466960191762735,,,,,1.5938842278566765,0.14304397986725628,,1,113,1,exact,0.018466960191762735,128,,,,,,4.924999666400254e-05,1c2fd86dc78976aa6925fefb4ac3209c6ab4ec8c
dv3-train-matern2-001867,3,train,matern2,1867,,,,3:0:3:1867,,train,3,269.7977003775321,,,,,,,0.06017731890654801,,,,,,,271.3441415246444,0.0036636477673316634,,,,,0.14495530664222772,0.04251829755778228,,1,259,1,exact,0.0036636477673316634,266,,,,,,7.504200038965791e-05,89d3853605332cccaa15cf1807501b286112b94d
dv3-train-matern2-001868,3,train,matern2,1868,,,,3:0:3:1868,,train,3,150.54352886999195,,,,,,,0.34426353453843206,,,,,,,188.31258453590877,0.028058211030170203,,,,,3.1302205460058556,0.23621154370361974,,1,165,1,exact,0.028058211030170203,227,,,,,,7.145799827412702e-05,136cf7175edba0d147887f9b2e76eec93dd618ed
dv3-train-matern2-001869,3,train,matern2,1869,,,,3:0:3:1869,,train,3,197.39769338302716,,,,,,,0.10190612452898505,,,,,,,200.68953842512843,0.007253193254387637,,,,,0.4426052827464017,0.07189465948450494,,1,185,1,exact,0.007253193254387637,192,,,,,,6.154199945740402e-05,784c7d90225245c5bbeccdd427180f9dd75c1842
dv3-train-matern2-001870,3,train,matern2,1870,,,,3:0:3:1870,,train,3,791.7347987346324,,,,,,,0.17256486276197153,,,,,,,831.2541014287547,0.0061328522721245645,,,,,1.28412081215674,0.12120872595457341,,1,823,1,exact,0.0061328522721245645,889,,,,,,0.00020762499843840487,9956250523e9d5d9b6c6d2f1243982cc060f8c4d
dv3-train-matern2-001871,3,train,matern2,1871,,,,3:0:3:1871,,train,3,466.8286510328919,,,,,,,0.10067273398599513,,,,,,,474.42219327692675,0.004659433434856318,,,,,0.4182500201317976,0.0710284416209717,,1,465,1,exact,0.004659433434856318,486,,,,,,0.00012025000251014717,ae805f0e2b621ec2187be7f7677047b9a180ad8a
dv3-train-matern2-001872,3,train,matern2,1872,,,,3:0:3:1872,,train,3,469.4163444710126,,,,,,,0.22019139052572576,,,,,,,509.2694606846221,0.01016298373487013,,,,,3.3514601156315478,0.15397257030559758,,1,461,1,exact,0.01016298373487013,515,,,,,,0.00012745799904223531,e49f4fcca725a78db2fb63fb0b958dac0d19812c
dv3-train-matern2-001873,3,train,matern2,1873,,,,3:0:3:1873,,train,3,120.99559001698961,,,,,,,0.4356686723830798,,,,,,,184.05620047057698,0.03960696471099475,,,,,3.5733397159639804,0.29170589994870966,,1,127,1,exact,0.03960696471099475,232,,,,,,7.229200127767399e-05,63ab8c1179e29de8c72c3f13a5b65ff12a107ec8
dv3-train-matern2-001874,3,train,matern2,1874,,,,3:0:3:1874,,train,3,348.44586630711206,,,,,,,0.05468849219030805,,,,,,,350.0931872370543,0.0029297346755195316,,,,,0.11682742344692404,0.03864548229774655,,1,365,1,exact,0.0029297346755195316,367,,,,,,9.629199848859571e-05,8c734b9ffb6a9e8af6ba0514f7db655aae6e4923
dv3-train-matern2-001875,3,train,matern2,1875,,,,3:0:3:1875,,train,3,530.5808661955257,,,,,,,0.15229785626217116,,,,,,,550.9056696891242,0.0066117739654136315,,,,,1.0230261384373909,0.1071360813161142,,1,523,1,exact,0.0066117739654136315,549,,,,,,0.00013808299991069362,1a2f674acbfa62229ee0c1822b940f58004d1e83
dv3-train-matern2-001876,3,train,matern2,1876,,,,3:0:3:1876,,train,3,442.1062945327351,,,,,,,0.419115906252755,,,,,,,643.0104429467858,0.019932914060296177,,,,,6.996111382008862,0.2821448974162083,,1,425,1,exact,0.019932914060296177,637,,,,,,0.00016129099822137505,0552085d68a18484296d9170101da8252018a689
dv3-train-matern2-001877,3,train,matern2,1877,,,,3:0:3:1877,,train,3,252.92981208986146,,,,,,,0.4907202531707512,,,,,,,472.31610876629276,0.03085559830508334,,,,,6.214282242438285,0.3211552106477297,,1,243,1,exact,0.03085559830508334,505,,,,,,0.00012908300050185062,7199babc4d500453d6a06bc7c550028348bfc610
dv3-train-matern2-001878,3,train,matern2,1878,,,,3:0:3:1878,,train,3,617.3785407213943,,,,,,,0.32613580072329196,,,,,,,751.4078518676741,0.013125707138944093,,,,,6.2582236183760696,0.22457686294775012,,1,602,1,exact,0.013125707138944093,767,,,,,,0.00017420799849787727,a67cd3c971d9d72226730cae0903076178d91737
dv3-train-matern2-001879,3,train,matern2,1879,,,,3:0:3:1879,,train,3,459.77874641275207,,,,,,,0.26392039038243054,,,,,,,518.8854875180162,0.012308312070496083,,,,,4.503675922580115,0.18357007075657641,,1,446,1,exact,0.012308312070496083,528,,,,,,0.00012612499995157123,11314ea312c8d30a454ab2073f142ff67ddab5e8
dv3-train-matern2-001880,3,train,matern2,1880,,,,3:0:3:1880,,train,3,514.0945916223524,,,,,,,0.2280794431940925,,,,,,,561.3256927732571,0.010059227413585727,,,,,3.417951801633039,0.15934993146963258,,1,493,1,exact,0.010059227413585727,558,,,,,,0.00013195900100981817,ea2a9732e79be054bb861d1d50fba6ceaf6c5ed2
dv3-train-matern2-001881,3,train,matern2,1881,,,,3:0:3:1881,,train,3,272.8033851524885,,,,,,,0.07122874505549569,,,,,,,275.0008703917795,0.0043125129800899,,,,,0.2058684415027009,0.05031069964747429,,1,276,1,exact,0.0043125129800899,283,,,,,,7.787499998812564e-05,498351acbcc2a9c9040b157b013a32999b21a0c4
dv3-train-matern2-001882,3,train,matern2,1882,,,,3:0:3:1882,,train,3,332.517701253727,,,,,,,0.27726701341359733,,,,,,,380.5920470464814,0.015205153880465214,,,,,4.01321596576885,0.19248893317276014,,1,349,1,exact,0.015205153880465214,425,,,,,,0.00010379200102761388,ea6d7876792a9776470025e91f03722d37b8073b
dv3-train-matern2-001883,3,train,matern2,1883,,,,3:0:3:1883,,train,3,251.79864945305695,,,,,,,0.06354975003630474,,,,,,,253.40964357017293,0.004004858244554442,,,,,0.16183430027344292,0.04489699624044306,,1,261,1,exact,0.004004858244554442,267,,,,,,7.104100222932175e-05,d2519eed5bf2d3a4c6efd30ce2b095a84891edd0
dv3-train-matern2-001884,3,train,matern2,1884,,,,3:0:3:1884,,train,3,107.111416260039,,,,,,,0.05817956242851085,,,,,,,107.68498976939445,0.0056215045913652105,,,,,0.10943951129118092,0.04110890429255159,,1,98,1,exact,0.0056215045913652105,100,,,,,,9.279100049752742e-05,5c1fc989f1c220d5134f95d4133b43e088f3bf2b
dv3-train-matern2-001885,3,train,matern2,1885,,,,3:0:3:1885,,train,3,636.1673223882709,,,,,,,0.059182045768092655,,,,,,,639.6932363945343,0.002346412128896366,,,,,0.13852296444856124,0.041816171743190016,,1,629,1,exact,0.002346412128896366,635,,,,,,0.00026133299979846925,3282a98e243ea6d7112b3050716b685cfbda833d
dv3-train-matern2-001886,3,train,matern2,1886,,,,3:0:3:1886,,train,3,237.26713382131277,,,,,,,0.11175066119017785,,,,,,,242.04690262370525,0.0072548979749364135,,,,,0.5561267125088807,0.07880307681869736,,1,257,1,exact,0.0072548979749364135,270,,,,,,0.00012954100020579062,3dfea38eaf00398be4a902790428cc0e0b8bdd8d
dv3-train-matern2-001887,3,train,matern2,1887,,,,3:0:3:1887,,train,3,148.1735966335117,,,,,,,0.24967211518616989,,,,,,,164.9069463109475,0.020510895842860304,,,,,2.227356316136996,0.17398595460351587,,1,140,1,exact,0.020510895842860304,172,,,,,,0.00010045900125987828,22cf8c6a032c7b722a7849f30583319b7a3cecea
dv3-train-matern2-001888,3,train,matern2,1888,,,,3:0:3:1888,,train,3,373.5348115865965,,,,,,,0.45296279565698766,,,,,,,599.4658874391686,0.02343672862869556,,,,,6.821957143567833,0.3013889800719712,,1,380,1,exact,0.02343672862869556,669,,,,,,0.0002613339966046624,5f635c6395caa0447f857dc6c6568fd0af602217
dv3-train-matern2-001889,3,train,matern2,1889,,,,3:0:3:1889,,train,3,242.949416327134,,,,,,,0.13155764540155443,,,,,,,249.80396914699634,0.008440305413872123,,,,,0.8431448423713859,0.09267006608398365,,1,245,1,exact,0.008440305413872123,259,,,,,,0.0001332079991698265,117628565c7d72fcf380a67cc13af5bb166f189d
dv3-train-matern2-001890,3,train,matern2,1890,,,,3:0:3:1890,,train,3,767.9550034414548,,,,,,,0.1885688635357922,,,,,,,814.3373651510385,0.006804592098656311,,,,,1.5785524702156042,0.13227036954323057,,1,770,1,exact,0.006804592098656311,835,,,,,,0.000305417001072783,c0bb257aabae33be3ec134c6c15d3e3b50b34db0
dv3-train-matern2-001891,3,train,matern2,1891,,,,3:0:3:1891,,train,3,783.377909988817,,,,,,,0.2010697072628716,,,,,,,837.7862823547955,0.007183911692157802,,,,,1.8301040725049067,0.14087568548257667,,1,794,1,exact,0.007183911692157802,873,,,,,,0.0003204589993401896,f61006e54d9b21a74622920462f250e358772605
dv3-train-matern2-001892,3,train,matern2,1892,,,,3:0:3:1892,,train,3,206.94936674584707,,,,,,,0.27430720018606736,,,,,,,236.10879382499766,0.01906800058046084,,,,,3.0996350760617712,0.1905161967770444,,1,185,1,exact,0.01906800058046084,241,,,,,,0.00012270799925317988,ff170045407a77bfab37dd1a21489c06d4844866
dv3-train-matern2-001893,3,train,matern2,1893,,,,3:0:3:1893,,train,3,259.43563619647136,,,,,,,0.0508301568222867,,,,,,,260.49428153845395,0.003155779380639856,,,,,0.10229488797896433,0.035922186792139696,,1,261,1,exact,0.003155779380639856,262,,,,,,0.00011970799823757261,2833946dff9038ad136dad1731da222af7144a03
dv3-train-matern2-001894,3,train,matern2,1894,,,,3:0:3:1894,,train,3,683.7831961204461,,,,,,,0.13051799940918032,,,,,,,702.7603372380399,0.004991271527519234,,,,,0.709103416734835,0.09194338584411664,,1,699,1,exact,0.004991271527519234,727,,,,,,0.0002665840002009645,60c318d1db8ca40d4f8493156890de3ab79e1fad
dv3-train-matern2-001895,3,train,matern2,1895,,,,3:0:3:1895,,train,3,141.34061547933058,,,,,,,0.07511360857509086,,,,,,,142.60825082040645,0.006318080246103356,,,,,0.20141110255881736,0.05304806511237195,,1,170,1,exact,0.006318080246103356,175,,,,,,9.920800221152604e-05,84abd9b6b69b13ede82fc04c2bf96f086f259f4c
dv3-train-matern2-001896,3,train,matern2,1896,,,,3:0:3:1896,,train,3,136.11798444984925,,,,,,,0.09553323970013781,,,,,,,138.10749713119918,0.008188356657666263,,,,,0.3595451900904527,0.06741739333838344,,1,119,1,exact,0.008188356657666263,122,,,,,,8.470900138490833e-05,82d81f649d230ddd0dc777c32de3d6494aad4ea2
dv3-train-matern2-001897,3,train,matern2,1897,,,,3:0:3:1897,,train,3,172.8718496233696,,,,,,,0.09267759970752647,,,,,,,175.24702416998863,0.007048758607855273,,,,,0.34647571608585953,0.06540995436942972,,1,177,1,exact,0.007048758607855273,182,,,,,,0.00010004199793911539,e37a08a10bc989e099ac5b6665b6392688026415
dv3-train-matern2-001898,3,train,matern2,1898,,,,3:0:3:1898,,train,3,426.00774850543246,,,,,,,0.17538533041963186,,,,,,,448.0217405107826,0.008497369745392381,,,,,1.5226797398187848,0.12316161971959806,,1,445,1,exact,0.008497369745392381,483,,,,,,0.00019225000141886994,8537f0cdb67450901bcd4c6dbbec88e32f7821f3
dv3-train-matern2-001899,3,train,matern2,1899,,,,3:0:3:1899,,train,3,107.94373219171905,,,,,,,0.07318367520483483,,,,,,,108.86217440175584,0.007043937608523495,,,,,0.18444182720009325,0.05168831831022401,,1,107,1,exact,0.007043937608523495,107,,,,,,7.47500016586855e-05,4dff8781ac27a871af90e81ff58c9a7b444cb8d8
dv3-train-matern2-001900,3,train,matern2,1900,,,,3:0:3:1900,,train,3,709.6217391354135,,,,,,,0.1283946333339646,,,,,,,728.6574507124419,0.004819848812044332,,,,,0.6844825366384487,0.09045879173668565,,1,683,1,exact,0.004819848812044332,716,,,,,,0.0002622920001158491,655ff88f891e58ee8f79dd5ec9d87e965f7c6c25
dv3-train-matern2-001901,3,train,matern2,1901,,,,3:0:3:1901,,train,3,608.694869177019,,,,,,,0.09060038140638603,,,,,,,616.6808323968556,0.0036722328008242378,,,,,0.3318602333674068,0.06394927386668,,1,601,1,exact,0.0036722328008242378,616,,,,,,0.00023112499911803752,4991b5e5e8b94754e40b2b89377ca8b76221852f
dv3-train-matern2-001902,3,train,matern2,1902,,,,3:0:3:1902,,train,3,380.1695041061908,,,,,,,0.08019318971884448,,,,,,,384.06238808574204,0.004112906625447849,,,,,0.25537936355796587,0.05662564435922625,,1,399,1,exact,0.004112906625447849,407,,,,,,0.00016779100042185746,c59d551e2bd344c649d0ce81c1875fc1102fbb41
dv3-train-matern2-001903,3,train,matern2,1903,,,,3:0:3:1903,,train,3,365.97503011621455,,,,,,,0.4114120092102709,,,,,,,522.2067800924546,0.02150558382487104,,,,,6.237601886151787,0.27760839062526577,,1,365,1,exact,0.02150558382487104,557,,,,,,0.00025491600172244944,0f57ffd817c48df6a3552b83dc2a8cbbaf29b8d5
dv3-train-matern2-001904,3,train,matern2,1904,,,,3:0:3:1904,,train,3,103.30061692224545,,,,,,,0.3235017156840528,,,,,,,125.25579514303301,0.031829156580270426,,,,,2.427367716038479,0.2228730022358145,,1,89,1,exact,0.031829156580270426,119,,,,,,9.074999979929999e-05,794fcdb7fdda80c8f7520b739a7efd303f83c200
dv3-train-matern2-001905,3,train,matern2,1905,,,,3:0:3:1905,,train,3,261.58638197965706,,,,,,,0.1392699425126533,,,,,,,269.8955417173296,0.008610925478894041,,,,,0.9689769863802398,0.09805629303563443,,1,241,1,exact,0.008610925478894041,258,,,,,,9.412500003236346e-05,4e6e1a28f857ad03aa19fe7dcc2c85b1e94417f7
dv3-train-matern2-001906,3,train,matern2,1906,,,,3:0:3:1906,,train,3,393.4984880441403,,,,,,,0.10710930064796254,,,,,,,400.76477569424355,0.005399526160723186,,,,,0.4741973672804055,0.07554723193238522,,1,396,1,exact,0.005399526160723186,414,,,,,,0.00011575000098673627,ec30824928848cc8cbff61bbc07b28b6db005dda
dv3-train-matern2-001907,3,train,matern2,1907,,,,3:0:3:1907,,train,3,175.48943765505527,,,,,,,0.22409533110971502,,,,,,,190.985967499346,0.01691637551608708,,,,,2.2347939702545383,0.15663586624379994,,1,177,1,exact,0.01691637551608708,202,,,,,,7.037499744910747e-05,c0e5f2f16265bfa97bd832b7f32607f938020b63
dv3-train-matern2-001908,3,train,matern2,1908,,,,3:0:3:1908,,train,3,124.48838670488149,,,,,,,0.08037437371367047,,,,,,,125.76897688504724,0.007203659598311594,,,,,0.22948115244110237,0.05675321815840682,,1,114,1,exact,0.007203659598311594,117,,,,,,5.0999999075429514e-05,bba9695ecbb4feca7f8e2a0dc2fa39ab405b00a2
dv3-train-matern2-001909,3,train,matern2,1909,,,,3:0:3:1909,,train,3,622.3260547424435,,,,,,,0.46728106320164464,,,,,,,1050.8057448479242,0.01873135477103535,,,,,9.167366886118138,0.3091312357127825,,1,628,1,exact,0.01873135477103535,1208,,,,,,0.00030662499921163544,cd30fb43b2bab96831c3171d7fe0eb652bf78bae
dv3-train-matern2-001910,3,train,matern2,1910,,,,3:0:3:1910,,train,3,124.28486561725376,,,,,,,0.15646165896825456,,,,,,,129.32415032716963,0.01403456018411804,,,,,1.188573757460962,0.11003270614491638,,1,135,1,exact,0.01403456018411804,152,,,,,,5.816599878016859e-05,f1bc5f8fda12bdf66f3bfb9d6ea478ae8174a347
dv3-train-matern2-001911,3,train,matern2,1911,,,,3:0:3:1911,,train,3,370.39764511183495,,,,,,,0.07933173289866201,,,,,,,374.10833096500284,0.004122045986336082,,,,,0.24874506451169795,0.05601904863837376,,1,383,1,exact,0.004122045986336082,394,,,,,,0.00010362499961047433,697851ef2187aa89f0c5154244dd45b15ec56b0b
dv3-train-matern2-001912,3,train,matern2,1912,,,,3:0:3:1912,,train,3,569.3026094463112,,,,,,,0.05149055849498377,,,,,,,571.6867849846923,0.0021580227326135977,,,,,0.10533622062639378,0.036388363664149825,,1,590,1,exact,0.0021580227326135977,595,,,,,,0.00014612499944632873,ed50492d27dcf45b68460b3b2175b1f021b40f28
dv3-train-matern2-001913,3,train,matern2,1913,,,,3:0:3:1913,,train,3,304.3855438865322,,,,,,,0.19863860546412226,,,,,,,324.9711869507501,0.011385487904042063,,,,,2.7306769969047213,0.1392047163194296,,1,316,1,exact,0.011385487904042063,353,,,,,,9.704200056148693e-05,259c9897954caba9028a5a4776841cb5ad9750be
dv3-train-matern2-001914,3,train,matern2,1914,,,,3:0:3:1914,,train,3,262.68607802196925,,,,,,,0.29048674700588095,,,,,,,305.2152300892721,0.017922879914519137,,,,,3.7370491921452835,0.20126211964351912,,1,262,1,exact,0.017922879914519137,327,,,,,,9.216699982061982e-05,7cb4a8cbc1264bf4ba0db38805d081ea0b2fabe6
dv3-train-matern2-001915,3,train,matern2,1915,,,,3:0:3:1915,,train,3,471.82026240921465,,,,,,,0.13324394537680198,,,,,,,485.48900003014967,0.006134217771339999,,,,,0.7671645884810018,0.09384844086811245,,1,535,1,exact,0.006134217771339999,555,,,,,,0.00014241600001696497,6f58b467a97252f2eb0e904ac291f174562833db
dv3-train-matern2-001916,3,train,matern2,1916,,,,3:0:3:1916,,train,3,100.489144594117,,,,,,,0.058024371379059886,,,,,,,101.02436900178604,0.005788297834249825,,,,,0.1085856818040328,0.04099940973102554,,1,109,1,exact,0.005788297834249825,112,,,,,,4.75410015496891e-05,1bd0f7a318788db92ecd81620afd0c646b991a3f
dv3-train-matern2-001917,3,train,matern2,1917,,,,3:0:3:1917,,train,3,153.81211523932302,,,,,,,0.10849437542353953,,,,,,,156.72820114372544,0.00874806400129872,,,,,0.5100942257479141,0.07651907718414105,,1,148,1,exact,0.00874806400129872,155,,,,,,5.6417000450892374e-05,3488a55cc9b8de8fe5182d267c256aabc6b8e9ca
dv3-train-matern2-001918,3,train,matern2,1918,,,,3:0:3:1918,,train,3,525.5189104671455,,,,,,,0.5097300847412614,,,,,,,1090.7775302424477,0.022235458676826986,,,,,9.252155432354533,0.33016235618371165,,1,513,1,exact,0.022235458676826986,1144,,,,,,0.0003029169965884648,8c47cc94d897db8fc7e1ebf22f673856b7f7b734
dv3-train-matern2-001919,3,train,matern2,1919,,,,3:0:3:1919,,train,3,458.544177068729,,,,,,,0.1587426343058166,,,,,,,477.71332575170203,0.0074131534786596185,,,,,1.1562499606001353,0.11161835683570792,,1,486,1,exact,0.0074131534786596185,523,,,,,,0.00013516599938157015,3fdfb40ffa8f2eaa540bc9a4f1a274de6f1137ca
dv3-train-matern2-001920,3,train,matern2,1920,,,,3:0:3:1920,,train,3,103.80158778388686,,,,,,,0.07218169470638329,,,,,,,104.66050196968128,0.007084758909315685,,,,,0.17800822529253893,0.05098226548079671,,1,100,1,exact,0.007084758909315685,104,,,,,,4.645899753086269e-05,2103b7e3d1036cd85f4626ce72cceab18ecac23d
dv3-train-matern2-001921,3,train,matern2,1921,,,,3:0:3:1921,,train,3,314.2655453104254,,,,,,,0.0696282058826966,,,,,,,316.68337129717753,0.003927686536815498,,,,,0.194157714991698,0.049182626639819656,,1,298,1,exact,0.003927686536815498,307,,,,,,8.695799988345243e-05,72de2ac62cafb08d40c59501ca75a12475b25d4a
dv3-train-matern2-001922,3,train,matern2,1922,,,,3:0:3:1922,,train,3,623.2801831266447,,,,,,,0.2832962776178824,,,,,,,718.1995111574097,0.011347474321995291,,,,,5.596646600877097,0.19649802821290524,,1,673,1,exact,0.011347474321995291,800,,,,,,0.00019158400027663447,ad8d5373d872bb08b14742c0c61fa52afe5d3ee4
dv3-train-matern2-001923,3,train,matern2,1923,,,,3:0:3:1923,,train,3,151.471015609368,,,,,,,0.3770822807042975,,,,,,,200.69248030983303,0.030638772117385506,,,,,3.426743114803809,0.25681873196281424,,1,161,1,exact,0.030638772117385506,223,,,,,,7.066599937388673e-05,512a3178273291e0f04dc33df593e9ad9d0379a1
dv3-train-matern2-001924,3,train,matern2,1924,,,,3:0:3:1924,,train,3,124.04715777898893,,,,,,,0.38692307234023493,,,,,,,167.60965698677828,0.03474011234887477,,,,,3.2129202739650413,0.26286655159063044,,1,123,1,exact,0.03474011234887477,199,,,,,,6.525000208057463e-05,d247e9ac187e1805d5eb236de65500989c7e1778
dv3-train-matern2-001925,3,train,matern2,1925,,,,3:0:3:1925,,train,3,464.7882337374872,,,,,,,0.06578051711989616,,,,,,,467.9763040021278,0.003051193290269074,,,,,0.1731446497017526,0.046470069737800934,,1,481,1,exact,0.003051193290269074,492,,,,,,0.00012029199933749624,ddd646d7b2896be3141dd49f6c9c209c7b6fd517
dv3-train-matern2-001926,3,train,matern2,1926,,,,3:0:3:1926,,train,3,598.2412773538623,,,,,,,0.293568198113897,,,,,,,697.646763287133,0.012002475265195552,,,,,5.6147253898709035,0.20329785649982207,,1,624,1,exact,0.012002475265195552,759,,,,,,0.00018195799930253997,5412d80f35ad9bc429c6fbd6c6449a84f6e1644e
dv3-train-matern2-001927,3,train,matern2,1927,,,,3:0:3:1927,,train,3,276.0247614051298,,,,,,,0.07510796454578561,,,,,,,278.4999560268817,0.004520765406470585,,,,,0.2300694624428568,0.053044088954678034,,1,282,1,exact,0.004520765406470585,287,,,,,,8.133300070767291e-05,f5165de69ed8e4ea537371fd12876b5075625de1
dv3-train-matern2-001928,3,train,matern2,1928,,,,3:0:3:1928,,train,3,111.43496536296284,,,,,,,0.12341380570018148,,,,,,,114.1892387557191,0.011691036155662065,,,,,0.7889536402023641,0.08697414779543493,,1,126,1,exact,0.011691036155662065,135,,,,,,5.2583000069716945e-05,28033f836f861cee5f520d1b20ff17166f9fdc48
dv3-train-matern2-001929,3,train,matern2,1929,,,,3:0:3:1929,,train,3,151.92960736066206,,,,,,,0.22873401852088548,,,,,,,165.97818076989705,0.018557076249179256,,,,,2.0783211477596986,0.15979545664347805,,1,168,1,exact,0.018557076249179256,195,,,,,,6.462500095949508e-05,b5999b5421c18fe72c3e627be2e4700ff1b9b2bd
dv3-train-matern2-001930,3,train,matern2,1930,,,,3:0:3:1930,,train,3,385.9816495156625,,,,,,,0.4373500621531096,,,,,,,590.0216411672637,0.02226106120449283,,,,,6.754685504420179,0.29266179158428984,,1,369,1,exact,0.02226106120449283,608,,,,,,0.00015749999874969944,32c8ec030b99338b39645c847185465d59737fc8
dv3-train-matern2-001931,3,train,matern2,1931,,,,3:0:3:1931,,train,3,163.0479957626638,,,,,,,0.1638064741194983,,,,,,,170.33261583452065,0.012828424720920889,,,,,1.5409136951865663,0.11513555511000664,,1,186,1,exact,0.012828424720920889,200,,,,,,6.429099812521599e-05,00fc3765ebae6ebb0428660675d751d8d82aeb0f
dv3-train-matern2-001932,3,train,matern2,1932,,,,3:0:3:1932,,train,3,158.67437464612516,,,,,,,0.10961785215781311,,,,,,,161.74689494745837,0.00870217656154081,,,,,0.5274559013076033,0.077307224293666,,1,154,1,exact,0.00870217656154081,161,,,,,,5.6624998251209036e-05,9695c96f80a1477e1a5364b1cdfe9020d3241ddd
dv3-train-matern2-001933,3,train,matern2,1933,,,,3:0:3:1933,,train,3,102.08970665708381,,,,,,,0.15935718990970724,,,,,,,106.39249765905421,0.015771779069991373,,,,,1.0941764890749701,0.11204543158287039,,1,103,1,exact,0.015771779069991373,115,,,,,,4.804099808097817e-05,3ec9a6e7c110defb6548d6d257cfd4d1818c6583
dv3-train-matern2-001934,3,train,matern2,1934,,,,3:0:3:1934,,train,3,618.1570816668262,,,,,,,0.15527513825068096,,,,,,,642.821908874688,0.006245288425243102,,,,,1.0425250495798468,0.10920755569722561,,1,628,1,exact,0.006245288425243102,663,,,,,,0.00016258399773505516,e9a5018b66942a30cd4514fc1bb45ae5ca5515b4
dv3-train-matern2-001935,3,train,matern2,1935,,,,3:0:3:1935,,train,3,479.86400416327245,,,,,,,0.1638509901121954,,,,,,,501.3156148218015,0.007479799960453967,,,,,1.2410136159107286,0.11516645597487253,,1,458,1,exact,0.007479799960453967,485,,,,,,0.0001249999986612238,ca65e2caa124707393992a7600c9f30315e8cf81
dv3-train-matern2-001936,3,train,matern2,1936,,,,3:0:3:1936,,train,3,173.10237102977493,,,,,,,0.29346635685317174,,,,,,,201.84093193515113,0.022305235473529157,,,,,2.916299701402619,0.20323063358691523,,1,171,1,exact,0.022305235473529157,206,,,,,,6.625000241911039e-05,fd33857d890f984ecbcc0c8628c191c86dd238ca
dv3-train-matern2-001937,3,train,matern2,1937,,,,3:0:3:1937,,train,3,585.1009631832985,,,,,,,0.07797801206901885,,,,,,,590.7616656603051,0.0032237158371207194,,,,,0.2445854412192272,0.05506571316909071,,1,550,1,exact,0.0032237158371207194,562,,,,,,0.00014079099855734967,8084ca8f8103b8902dcde52f2466aa9b2af8d096
dv3-train-matern2-001938,3,train,matern2,1938,,,,3:0:3:1938,,train,3,649.221236951232,,,,,,,0.11901741583185249,,,,,,,664.1101659196663,0.0046710461432226775,,,,,0.5820731252558142,0.08389590815537577,,1,662,1,exact,0.0046710461432226775,694,,,,,,0.00016604199845460244,b75e1c214bd8491fb6b93fecdf0fdd7bde1ac305
dv3-train-matern2-001939,3,train,matern2,1939,,,,3:0:3:1939,,train,3,182.67171996539378,,,,,,,0.08942639664542118,,,,,,,185.00557556323014,0.006616526749809261,,,,,0.3218959350972214,0.06312357455730892,,1,164,1,exact,0.006616526749809261,169,,,,,,5.9042002249043435e-05,1913bb440990592823e6cf7b17bab2caf60165ab
dv3-train-matern2-001940,3,train,matern2,1940,,,,3:0:3:1940,,train,3,661.437062562656,,,,,,,0.1222768428634917,,,,,,,677.4758106851547,0.004754446379171312,,,,,0.6169753669273617,0.08617829392168086,,1,634,1,exact,0.004754446379171312,662,,,,,,0.0001613749991520308,9ba33ec6518c631a58b597b10c8fcaf036e26eeb
dv3-train-matern2-001941,3,train,matern2,1941,,,,3:0:3:1941,,train,3,431.61872325382785,,,,,,,0.16762728295184176,,,,,,,451.87038262234904,0.008068532780537029,,,,,1.3421342549423887,0.11778656641248092,,1,433,1,exact,0.008068532780537029,467,,,,,,0.00011508299940032884,f737fb5e3cb68bcbb9a2259724b8bc3760b49f54
dv3-train-matern2-001942,3,train,matern2,1942,,,,3:0:3:1942,,train,3,139.40965175689757,,,,,,,0.07667862590591594,,,,,,,140.71327166383293,0.0064942335128165,,,,,0.21070359098216446,0.0541505157516073,,1,137,1,exact,0.0064942335128165,144,,,,,,5.062499985797331e-05,a318707ee818eaa1b91a2e88d2576637d974e5be
dv3-train-matern2-001943,3,train,matern2,1943,,,,3:0:3:1943,,train,3,558.1873899902203,,,,,,,0.08467298910612536,,,,,,,564.5696279721951,0.0035838917281046825,,,,,0.2902007272600283,0.05977918354719216,,1,543,1,exact,0.0035838917281046825,556,,,,,,0.00013012500130571425,91fb1dda6e0a144354c4c1767a6c893c94d7df88
dv3-train-matern2-001944,3,train,matern2,1944,,,,3:0:3:1944,,train,3,445.4078606561642,,,,,,,0.17351475261353702,,,,,,,467.90255510285994,0.008221621263686767,,,,,1.4581770376775587,0.12186658914026882,,1,447,1,exact,0.008221621263686767,478,,,,,,0.00010937499973806553,a85c3b14a027522f3310495d57dbcd8a515f585b
dv3-train-matern2-001945,3,train,matern2,1945,,,,3:0:3:1945,,train,3,531.7864252368031,,,,,,,0.495522927258889,,,,,,,1017.3649743092229,0.021487957188806986,,,,,9.154808075776582,0.32350167312295564,,1,545,1,exact,0.021487957188806986,1132,,,,,,0.0002781250004773028,4152d7640363eb1dab4c79f87c30ef7e30c2efed
dv3-train-matern2-001946,3,train,matern2,1946,,,,3:0:3:1946,,train,3,164.97054182463984,,,,,,,0.08131769212123245,,,,,,,166.7081976836424,0.006331138934063818,,,,,0.25305099649875823,0.05741737961983415,,1,167,1,exact,0.006331138934063818,173,,,,,,5.824999971082434e-05,01a98b2e75fb66a8f451c317bea1e3a7c593ce9e
dv3-train-matern2-001947,3,train,matern2,1947,,,,3:0:3:1947,,train,3,209.34855496869073,,,,,,,0.0898514428224198,,,,,,,212.0491662768954,0.006209978142648491,,,,,0.33112323336142424,0.06342253604851843,,1,220,1,exact,0.006209978142648491,233,,,,,,6.491699969046749e-05,ba2e6df31944810104e7cca901b398a3d463db8f
dv3-train-matern2-001948,3,train,matern2,1948,,,,3:0:3:1948,,train,3,295.4287661659189,,,,,,,0.1251394367895757,,,,,,,302.94336618995834,0.007280610634428278,,,,,0.7082390717500382,0.088181762476212,,1,299,1,exact,0.007280610634428278,309,,,,,,8.033300036913715e-05,feeddb50df7974116c5420a5d1bf546b87eb7504
dv3-train-matern2-001949,3,train,matern2,1949,,,,3:0:3:1949,,train,3,208.47118352586708,,,,,,,0.07612446465772961,,,,,,,210.39217667064932,0.005272313613220933,,,,,0.22978416137545832,0.05376016596037495,,1,192,1,exact,0.005272313613220933,196,,,,,,5.816699922434054e-05,92f40df9d8f2adbb21a18c46ba55ce1cf88ce494
dv3-train-matern2-001950,3,train,matern2,1950,,,,3:0:3:1950,,train,3,185.37270600597674,,,,,,,0.19038393051779534,,,,,,,196.8034510446717,0.013983226546665442,,,,,1.9552141074204754,0.133521806521546,,1,182,1,exact,0.013983226546665442,216,,,,,,6.30409995210357e-05,6a3cfb4d7f166e9700309c7f65676ad8603738ab
dv3-train-matern2-001951,3,train,matern2,1951,,,,3:0:3:1951,,train,3,173.07885876438112,,,,,,,0.0956007317772592,,,,,,,175.6122406935947,0.007266733030905993,,,,,0.3733104969252441,0.0674648296187726,,1,183,1,exact,0.007266733030905993,190,,,,,,5.76250022277236e-05,2c52a26e335769d846f0338a64da80cce143103e
dv3-train-matern2-001952,3,train,matern2,1952,,,,3:0:3:1952,,train,3,248.76738280984384,,,,,,,0.11740205613115438,,,,,,,254.31407352568277,0.007443530709560705,,,,,0.625723300899864,0.08276431080354985,,1,220,1,exact,0.007443530709560705,234,,,,,,6.554200081154704e-05,c84fbd43d01c3f095f07fda5442f7b1c5856b4a5
dv3-train-matern2-001953,3,train,matern2,1953,,,,3:0:3:1953,,train,3,132.82374056191512,,,,,,,0.06561602899029845,,,,,,,133.73021153815336,0.005693405158582715,,,,,0.14710950639650344,0.04635408768654571,,1,124,1,exact,0.005693405158582715,126,,,,,,4.316700142226182e-05,6ea086c07dc13b297495b66646842ad038755395
dv3-train-matern2-001954,3,train,matern2,1954,,,,3:0:3:1954,,train,3,557.5812153217515,,,,,,,0.32407564566232333,,,,,,,676.6374088260351,0.01372436715753785,,,,,6.135814769943617,0.22324452401429165,,1,567,1,exact,0.01372436715753785,724,,,,,,0.00016800000230432488,590a8e03c310c2e468866031b868d52dbccde86c
dv3-train-matern2-001955,3,train,matern2,1955,,,,3:0:3:1955,,train,3,118.00527413888946,,,,,,,0.1171584483151315,,,,,,,120.62516877804433,0.01078506835661415,,,,,0.8002101660868813,0.08259363202718498,,1,123,1,exact,0.01078506835661415,132,,,,,,4.741600059787743e-05,478e4262c38c9fbd17abb8a7da1788b3935d5950
dv3-train-matern2-001956,3,train,matern2,1956,,,,3:0:3:1956,,train,3,656.5367146196965,,,,,,,0.5401797432353163,,,,,,,1779.9554841588358,0.02108185322136183,,,,,10.94179114296604,0.3425663134561155,,1,662,1,exact,0.02108185322136183,1909,,,,,,0.000486917000671383,7eafd7ecd8442e08ff7d4d2cf44aea9a92eef4ac
dv3-train-matern2-001957,3,train,matern2,1957,,,,3:0:3:1957,,train,3,643.7569387507588,,,,,,,0.05708384335640389,,,,,,,647.0746980207431,0.002249843161674086,,,,,0.12862126883500305,0.04033579544435368,,1,665,1,exact,0.002249843161674086,676,,,,,,0.00015291700037778355,23d6ed8e4c9c0b5d8bc5f5f23fd34a3b05f190e4
dv3-train-matern2-001958,3,train,matern2,1958,,,,3:0:3:1958,,train,3,157.82016427510274,,,,,,,0.17508881741884907,,,,,,,165.9460599653009,0.013937252361606565,,,,,1.5994845160499134,0.1229563810432645,,1,164,1,exact,0.013937252361606565,175,,,,,,5.524999869521707e-05,997ad19b393e29e4496dbf815d044c09f1b54531
dv3-train-matern2-001959,3,train,matern2,1959,,,,3:0:3:1959,,train,3,768.7082478396462,,,,,,,0.42680376198828673,,,,,,,1140.7905587765604,0.015393857725244358,,,,,9.52582645637109,0.28661843651913094,,1,784,1,exact,0.015393857725244358,1248,,,,,,0.0003113750026386697,d8329b7fba3426ae951330ac8c7a3163dbb881eb
dv3-train-matern2-001960,3,train,matern2,1960,,,,3:0:3:1960,,train,3,166.14838301665716,,,,,,,0.08037707038306212,,,,,,,167.85763853387755,0.006235684209044927,,,,,0.24701049721975535,0.056755116896578355,,1,175,1,exact,0.006235684209044927,180,,,,,,5.5209002312039956e-05,aab4d6d4791bf46289dda4cc2db758509b5adea9
dv3-train-matern2-001961,3,train,matern2,1961,,,,3:0:3:1961,,train,3,114.22047134376902,,,,,,,0.20809989146383515,,,,,,,122.7756759621843,0.01947152110503784,,,,,1.591776541557191,0.14570050948764482,,1,119,1,exact,0.01947152110503784,138,,,,,,4.949999856762588e-05,87fb7eac5e32ce3891d502ddbd78da4677ebc408
dv3-train-matern2-001962,3,train,matern2,1962,,,,3:0:3:1962,,train,3,130.39881267735714,,,,,,,0.06882222843973564,,,,,,,131.37872263566797,0.006026871228105372,,,,,0.16265806440420486,0.048614503823699966,,1,116,1,exact,0.006026871228105372,119,,,,,,4.199999966658652e-05,9c28f8832e0c7b8d7c6631904b9c2f2c181afc16
dv3-train-matern2-001963,3,train,matern2,1963,,,,3:0:3:1963,,train,3,172.27875656288967,,,,,,,0.06908975236661828,,,,,,,173.58356890357217,0.005263780511277627,,,,,0.1788340898232583,0.04880308255020248,,1,195,1,exact,0.005263780511277627,197,,,,,,5.595900074695237e-05,2b578db63181c021a2cc5db833ca72aa48c45d65
dv3-train-matern2-001964,3,train,matern2,1964,,,,3:0:3:1964,,train,3,179.85183448204506,,,,,,,0.06298616329696932,,,,,,,180.98202716890705,0.0046966448260042,,,,,0.14840847896886372,0.04449952384276322,,1,194,1,exact,0.0046966448260042,197,,,,,,5.5165997764561325e-05,82b3cfc5372872d40bcf47e22fb329952d063b23
dv3-train-matern2-001965,3,train,matern2,1965,,,,3:0:3:1965,,train,3,482.9118903258998,,,,,,,0.4621119329250613,,,,,,,799.9571075971882,0.021028739150874196,,,,,8.192336030274703,0.3063673986355776,,1,477,1,exact,0.021028739150874196,855,,,,,,0.0002035000034084078,e9185c2bc31422a01fd840e5d2f7afdffafafd75
dv3-train-matern2-001966,3,train,matern2,1966,,,,3:0:3:1966,,train,3,777.0922421183386,,,,,,,0.12860297226979006,,,,,,,798.0080168815628,0.004613332101617635,,,,,0.6825960399140991,0.09060448125673945,,1,784,1,exact,0.004613332101617635,817,,,,,,0.00017966599989449605,5936fe603a355dc103b445ee3d7b9ea61d3ed0ff
dv3-train-matern2-001967,3,train,matern2,1967,,,,3:0:3:1967,,train,3,664.0020040487049,,,,,,,0.09639014031830154,,,,,,,673.8854888210159,0.0037406572591279076,,,,,0.37565549789107516,0.06801962847497989,,1,638,1,exact,0.0037406572591279076,656,,,,,,0.00014891599857946858,3582853c65d85d60d03f134f3ce4a228cd5a22be
dv3-train-matern2-001968,3,train,matern2,1968,,,,3:0:3:1968,,train,3,735.7858353660004,,,,,,,0.18706739941381598,,,,,,,779.4634732686048,0.006896399271441415,,,,,1.5631584263615035,0.13123465944055898,,1,708,1,exact,0.006896399271441415,771,,,,,,0.00017116700109909289,60a1480d9dfbd61b86d5bb4b350ed34784e0783c
dv3-train-matern2-001969,3,train,matern2,1969,,,,3:0:3:1969,,train,3,250.04325528131392,,,,,,,0.22960679289102834,,,,,,,273.36362818504693,0.014520352526108568,,,,,2.8546536672946026,0.16038932372417225,,1,260,1,exact,0.014520352526108568,300,,,,,,7.96249987615738e-05,b6ec858b44bee104a4856c0eafaf3333a8b5861b
dv3-train-matern2-001970,3,train,matern2,1970,,,,3:0:3:1970,,train,3,644.5310550160078,,,,,,,0.3063749609959032,,,,,,,763.6736423615492,0.012067890064663522,,,,,6.011059627265874,0.21171878874433964,,1,629,1,exact,0.012067890064663522,786,,,,,,0.0001789170019037556,60b25aa5c82b3b705553c46d0e6223a87c982b9c
dv3-train-matern2-001971,3,train,matern2,1971,,,,3:0:3:1971,,train,3,382.40788263877465,,,,,,,0.30401934613758735,,,,,,,451.73524113860043,0.015546685125822204,,,,,4.595857982986857,0.21017482801765983,,1,355,1,exact,0.015546685125822204,431,,,,,,0.00010358299914514646,8f01d59ce2ddff3329eb16a9bf70c9876653aa32
dv3-train-matern2-001972,3,train,matern2,1972,,,,3:0:3:1972,,train,3,553.927067953406,,,,,,,0.08398557051072479,,,,,,,560.1566322364645,0.003568439868178682,,,,,0.28540000802481497,0.059295379440735686,,1,519,1,exact,0.003568439868178682,537,,,,,,0.00012670900105149485,adf81cc6fd8297e3d9b5a4e816ef86e14f394a46
dv3-train-matern2-001973,3,train,matern2,1973,,,,3:0:3:1973,,train,3,603.3040728141726,,,,,,,0.24317534445923622,,,,,,,667.4214731118866,0.00990036967253288,,,,,3.667512354291461,0.16959584458096455,,1,627,1,exact,0.00990036967253288,738,,,,,,0.0001666249991103541,a3a4a783dd535724266446f354dff099de144b6e
dv3-train-matern2-001974,3,train,matern2,1974,,,,3:0:3:1974,,train,3,160.7226476292957,,,,,,,0.4158045631131179,,,,,,,231.81706461881836,0.03279825303029479,,,,,3.9603436601026845,0.2802013679933101,,1,154,1,exact,0.03279825303029479,254,,,,,,7.2750000981614e-05,8a6cfa6cf9ddbcc428ad7368a80819e949a63a1e
dv3-train-matern2-001975,3,train,matern2,1975,,,,3:0:3:1975,,train,3,623.2391415039057,,,,,,,0.4849082219832266,,,,,,,1132.3168348810664,0.019423710102683945,,,,,9.4216566347504,0.3182584161958796,,1,601,1,exact,0.019423710102683945,1134,,,,,,0.0002699999968172051,b63321893326022b762363c72258b568dc59ef36
dv3-train-matern2-001976,3,train,matern2,1976,,,,3:0:3:1976,,train,3,394.74800159825986,,,,,,,0.17441889404894637,,,,,,,414.9069246937132,0.00877876772620471,,,,,1.5338300838358994,0.12249261897824194,,1,332,1,exact,0.00877876772620471,374,,,,,,9.295799827668816e-05,d62711fbddccb544e246f00f508d60c6741ac4c3
dv3-train-matern2-001977,3,train,matern2,1977,,,,3:0:3:1977,,train,3,250.48615896451673,,,,,,,0.36986548063509667,,,,,,,327.38932046033324,0.023369635254367086,,,,,4.600814752264649,0.25234275390366173,,1,252,1,exact,0.023369635254367086,342,,,,,,0.00015999999959603883,2547c4a8c9dd09db76538a3484143651d2a94fde
dv3-train-matern2-001978,3,train,matern2,1978,,,,3:0:3:1978,,train,3,140.93481817153398,,,,,,,0.14654816787864608,,,,,,,145.91454872691946,0.012344435748745804,,,,,1.205388403940449,0.10313187990902921,,1,138,1,exact,0.012344435748745804,149,,,,,,0.00011325000014039688,c99b7260a6af88250fe62f3f4382f2f996fefdd2
dv3-train-matern2-001979,3,train,matern2,1979,,,,3:0:3:1979,,train,3,271.50669389351106,,,,,,,0.16573006640364235,,,,,,,283.9413396821458,0.010057986159314934,,,,,1.780876308846996,0.1164705186146919,,1,292,1,exact,0.010057986159314934,315,,,,,,0.00014604099851567298,2c80bbd2e4cc4b210c623fe92c7138aeadaf854d
dv3-train-matern2-001980,3,train,matern2,1980,,,,3:0:3:1980,,train,3,140.04873941215183,,,,,,,0.07092070280569544,,,,,,,141.1670193358055,0.005992850291803516,,,,,0.17677484750986763,0.05009360211067694,,1,141,1,exact,0.005992850291803516,145,,,,,,8.725000225240365e-05,07901d4cda9c4d87a388d8b3a692ae4721d63b9e
dv3-train-matern2-001981,3,train,matern2,1981,,,,3:0:3:1981,,train,3,551.199847646832,,,,,,,0.20544180692241398,,,,,,,591.3329185556066,0.00875052846190754,,,,,2.1628178388365624,0.14387754533409705,,1,572,1,exact,0.00875052846190754,635,,,,,,0.00024124999981722794,365ae4e5752a48c71c950995a01ce22479296b7e
dv3-train-matern2-001982,3,train,matern2,1982,,,,3:0:3:1982,,train,3,573.4538370798853,,,,,,,0.3875183824198528,,,,,,,775.7871614518629,0.016182405409189367,,,,,7.379037548129773,0.26323026361147234,,1,566,1,exact,0.016182405409189367,826,,,,,,0.0003113750026386697,d3d3a30d87d2fc9c8a3a063beb37c0bce690473b
dv3-train-matern2-001983,3,train,matern2,1983,,,,3:0:3:1983,,train,3,212.5359015408315,,,,,,,0.4401277177718972,,,,,,,327.56588843909225,0.03018996218634183,,,,,4.8912280028314274,0.2942343614455995,,1,210,1,exact,0.03018996218634183,381,,,,,,0.00016416599828517064,b9a1d0ebde1ccf8897928203bdf9ce7af6722069
dv3-train-matern2-001984,3,train,matern2,1984,,,,3:0:3:1984,,train,3,136.00140142789405,,,,,,,0.06557622792637943,,,,,,,136.92842281140778,0.005623086182378647,,,,,0.14779868952394787,0.046326023351392964,,1,122,1,exact,0.005623086182378647,127,,,,,,8.587499905843288e-05,873a59dcbb742f8391f35f151469d62c7d2969f0
dv3-train-matern2-001985,3,train,matern2,1985,,,,3:0:3:1985,,train,3,189.80747618964878,,,,,,,0.3068106115572069,,,,,,,225.01984329934024,0.022269666796004648,,,,,3.239994404281767,0.21200407991647002,,1,199,1,exact,0.022269666796004648,252,,,,,,0.00012399999832268804,522bbef96e8d0bc92142351a0342a48ce2da3194
dv3-train-matern2-001986,3,train,matern2,1986,,,,3:0:3:1986,,train,3,133.36704162083,,,,,,,0.2684892857435746,,,,,,,151.22248653663624,0.023248915591265094,,,,,2.275465536047569,0.1866298739160243,,1,131,1,exact,0.023248915591265094,146,,,,,,9.345899889012799e-05,7c1900a1d936868f85cd6298d217ce9e65ea01f4
dv3-train-matern2-001987,3,train,matern2,1987,,,,3:0:3:1987,,train,3,415.0906678919597,,,,,,,0.05884005892056095,,,,,,,417.36457400244075,0.0028880294273196656,,,,,0.13679208400666332,0.04157490091942115,,1,436,1,exact,0.0028880294273196656,441,,,,,,0.00017754199870978482,e4bc2388da44dc79422d9c4b9d5a6301c525fd31
dv3-train-matern2-001988,3,train,matern2,1988,,,,3:0:3:1988,,train,3,155.11060428378306,,,,,,,0.10416027994437727,,,,,,,157.81566561940082,0.008363371596923611,,,,,0.4553739717976362,0.07347738341236654,,1,160,1,exact,0.008363371596923611,165,,,,,,9.745799980009906e-05,b93994a1ff72e267c47958eb143ef5f4cef70766
dv3-train-matern2-001989,3,train,matern2,1989,,,,3:0:3:1989,,train,3,214.92155858200613,,,,,,,0.33903769578292364,,,,,,,266.6505085966926,0.023126398085506466,,,,,3.865294969710285,0.23287441200772846,,1,221,1,exact,0.023126398085506466,307,,,,,,0.00014033299885340966,13f33014f8d580204d18b96fa2aaf3610b6251ef
dv3-train-matern2-001990,3,train,matern2,1990,,,,3:0:3:1990,,train,3,392.3799050886394,,,,,,,0.06459337309561235,,,,,,,394.9741950500731,0.0032608782593819873,,,,,0.16428123346307122,0.04563296687778226,,1,339,1,exact,0.0032608782593819873,351,,,,,,0.0001487909976276569,61bf311f57d4845135b450cc413b9d70d8e26388
dv3-train-matern2-001991,3,train,matern2,1991,,,,3:0:3:1991,,train,3,250.36171318123021,,,,,,,0.41415461972385437,,,,,,,359.6354235533492,0.02617450955014061,,,,,5.20237822178271,0.27922934630143154,,1,259,1,exact,0.02617450955014061,430,,,,,,0.00018274999820278026,a5f74417584e7cb9ba27d568210127b4e187ae20
dv3-train-matern2-001992,3,train,matern2,1992,,,,3:0:3:1992,,train,3,256.43445759946087,,,,,,,0.12563068169296562,,,,,,,263.0102695876284,0.007845263329666416,,,,,0.7383849958505595,0.08852547475755028,,1,260,1,exact,0.007845263329666416,274,,,,,,0.0001284159989154432,3b540813f96507b8135035afe2c396bb509450e4
dv3-train-matern2-001993,3,train,matern2,1993,,,,3:0:3:1993,,train,3,771.7798262249049,,,,,,,0.2754574872411391,,,,,,,881.6204504106178,0.009915345924034088,,,,,4.733656143785115,0.19128322845639756,,1,731,1,exact,0.009915345924034088,889,,,,,,0.0003297500006738119,dcaa9e3273344aa60a46f322751e9be74e7f88d4
dv3-train-matern2-001994,3,train,matern2,1994,,,,3:0:3:1994,,train,3,125.65472824470231,,,,,,,0.20336495218071118,,,,,,,134.60175402757034,0.018142063859307205,,,,,1.639942213296256,0.14245210881042697,,1,122,1,exact,0.018142063859307205,143,,,,,,0.0001413749996572733,2d16fb2d7ef3ea1dbbd673b1e094e43d62c00ba3
dv3-train-matern2-001995,3,train,matern2,1995,,,,3:0:3:1995,,train,3,699.3623712709809,,,,,,,0.08876824970225695,,,,,,,708.1643402466486,0.0033566536050040714,,,,,0.31784992507370524,0.06266062864350487,,1,667,1,exact,0.0033566536050040714,682,,,,,,0.0003010000000358559,1ccabba4c0342c1e84fb73dd78257b02e5478ea7
dv3-train-matern2-001996,3,train,matern2,1996,,,,3:0:3:1996,,train,3,208.5075101794152,,,,,,,0.40584710587219724,,,,,,,293.6213644233202,0.028106165689780385,,,,,4.518592215788198,0.27429988245008474,,1,197,1,exact,0.028106165689780385,311,,,,,,0.00017304200082435273,ab24c5acd15ebdb97c906ea8d56f8a1c9f09b37a
dv3-train-matern2-001997,3,train,matern2,1997,,,,3:0:3:1997,,train,3,155.57177858752195,,,,,,,0.21214024965377629,,,,,,,167.72994344002953,0.01700817309873852,,,,,1.928481126927537,0.14846840346023016,,1,145,1,exact,0.01700817309873852,172,,,,,,0.00011837499914690852,f20668232230279c00ff601b7412d9d13f7080ef
dv3-train-matern2-001998,3,train,matern2,1998,,,,3:0:3:1998,,train,3,132.4879971544871,,,,,,,0.12560492397023137,,,,,,,135.8839785108679,0.010912352778052064,,,,,0.9357707985511068,0.08850745342831741,,1,141,1,exact,0.010912352778052064,153,,,,,,0.00010070799908135086,ef88121aff5bc49a61fd343c46e5a5e5de63a1fd
dv3-train-matern2-001999,3,train,matern2,1999,,,,3:0:3:1999,,train,3,753.0401815692296,,,,,,,0.21169936050686214,,,,,,,811.6210020947833,0.0077145477398392745,,,,,2.098620596217588,0.14816654909182578,,1,779,1,exact,0.0077145477398392745,860,,,,,,0.0003223749990866054,8149901bf9ac181dd25706a307515d16b6eb3c3e
