case_id,dv,set,family,index,cell_id,level_id,rep,spawn_key,r_seed,split,shard,nbar,mu,s,mu1,mu2,s2,rho,tau,gamma,sigma2,sp,kappa,sigma,sigma1,lam_p,R,beta,mu_log,s_abs,grid_M,delta_tilde,tau_K,tau_K2,prior_tries,n,pattern_tries,sampler,buffer,n_parents,pad_P,min_eig,cftp_start,mh_steps,burnin,wall_s,sha1
dv3-train-matern2-009000,3,train,matern2,9000,,,,3:0:3:9000,,val,18,547.9719959588836,,,,,,,0.25453580680452137,,,,,,,612.6879183344217,0.010873508619335821,,,,,4.733322430855586,0.17726447042399127,,1,549,1,exact,0.010873508619335821,628,,,,,,0.0002382079983362928,552edfc26dcd2b9d60f648006557bca04ff9b215
dv3-train-matern2-009001,3,train,matern2,9001,,,,3:0:3:9001,,val,18,566.4596034693562,,,,,,,0.11389234890244544,,,,,,,578.3249903340169,0.00478531000625835,,,,,0.5382014939370838,0.08030466468537265,,1,600,1,exact,0.00478531000625835,618,,,,,,0.000177040998096345,0d3c86878a9db7271fc6fe8efbc53662ead007c6
dv3-train-matern2-009002,3,train,matern2,9002,,,,3:0:3:9002,,val,18,368.8678433652775,,,,,,,0.2999174755736446,,,,,,,433.50331439042316,0.01561587678724998,,,,,4.403771268813434,0.20748091390500903,,1,358,1,exact,0.01561587678724998,446,,,,,,0.00012687499838648364,c608d02a89e3322418154d0066c6b335ce9f52fd
dv3-train-matern2-009003,3,train,matern2,9003,,,,3:0:3:9003,,val,18,492.68945189475335,,,,,,,0.17932192629638385,,,,,,,519.3899698116969,0.008078798259299375,,,,,1.5511662513544895,0.12588491139418506,,1,508,1,exact,0.008078798259299375,557,,,,,,0.00014533300054608844,2a8432891e53ffe8b7927dab9332683b21a7674d
dv3-train-matern2-009004,3,train,matern2,9004,,,,3:0:3:9004,,val,18,273.97047705374973,,,,,,,0.14899052962938972,,,,,,,283.99224615561246,0.009001332015337886,,,,,1.1599429535455659,0.10483339225584888,,1,285,1,exact,0.009001332015337886,302,,,,,,8.916700244299136e-05,2bf8b740b567e300ddeeadca90dd5125a3b58471
dv3-train-matern2-009005,3,train,matern2,9005,,,,3:0:3:9005,,val,18,470.46690471324615,,,,,,,0.10060032494719429,,,,,,,478.10838350380374,0.004638043787469082,,,,,0.41768729439608615,0.07097758374741196,,1,508,1,exact,0.004638043787469082,522,,,,,,0.00013766700067208149,f9024cd52ab6cee6d0e5dc34114cdeaa6a57e3d9
dv3-train-matern2-009006,3,train,matern2,9006,,,,3:0:3:9006,,val,18,773.3114580700541,,,,,,,0.08041946784537601,,,,,,,781.2754290470009,0.0028919046686747933,,,,,0.2591153140007438,0.05678496908591853,,1,759,1,exact,0.0028919046686747933,774,,,,,,0.00019583299945225008,9183f009d28f5ff952daa86d67c66f5aea525b66
dv3-train-matern2-009007,3,train,matern2,9007,,,,3:0:3:9007,,val,18,163.5115690575642,,,,,,,0.09262661528022578,,,,,,,165.75562139193616,0.007243718279566092,,,,,0.3420440971271027,0.06537410709585968,,1,175,1,exact,0.007243718279566092,182,,,,,,5.983400114928372e-05,0ef83ab5fabbb16ed1ce04e0e8bff731cb4c137b
dv3-train-matern2-009008,3,train,matern2,9008,,,,3:0:3:9008,,val,18,412.2372634287634,,,,,,,0.3340853442779597,,,,,,,507.61807210430715,0.01645446632167654,,,,,5.3456073865093465,0.22969907667905992,,1,402,1,exact,0.01645446632167654,540,,,,,,0.00022895800066180527,8447a1f5ed5649bd1fc26956e90b6d8553a6ed53
dv3-train-matern2-009009,3,train,matern2,9009,,,,3:0:3:9009,,val,18,656.589131864157,,,,,,,0.47497222871341727,,,,,,,1142.7704192552953,0.018536228419315286,,,,,9.410517342037515,0.3131729943178588,,1,649,1,exact,0.018536228419315286,1266,,,,,,0.000351709000824485,7428cac37ee50c233ea02691f757df3a11bbd24a
dv3-train-matern2-009010,3,train,matern2,9010,,,,3:0:3:9010,,val,18,180.60594276744965,,,,,,,0.15805144382172143,,,,,,,188.086780001288,0.011760680433355566,,,,,1.5908919698937747,0.11113795377840473,,1,161,1,exact,0.011760680433355566,177,,,,,,6.183300138218328e-05,47e5f4a237560177bbc193041a54fa0c3566c5ca
dv3-train-matern2-009011,3,train,matern2,9011,,,,3:0:3:9011,,val,18,371.836315768717,,,,,,,0.4294192993905152,,,,,,,555.7623768627828,0.02226925341411072,,,,,6.4652496667360175,0.2881276021479025,,1,350,1,exact,0.02226925341411072,563,,,,,,0.00015891599832684733,c731059077190d285ebd9f6cfe8f082cc4e19313
dv3-train-matern2-009012,3,train,matern2,9012,,,,3:0:3:9012,,val,18,240.3380232427537,,,,,,,0.2948747379253724,,,,,,,280.71398538244443,0.01902069254105406,,,,,3.596728438605524,0.2041599180913719,,1,262,1,exact,0.01902069254105406,318,,,,,,9.570800102665089e-05,de62ba7ce58b1d80eb5ce6c334a10058918a555a
dv3-train-matern2-009013,3,train,matern2,9013,,,,3:0:3:9013,,val,18,392.49607984815214,,,,,,,0.08110934654906378,,,,,,,396.60883718005607,0.0040940509284225265,,,,,0.26297205620156355,0.05727069574234765,,1,406,1,exact,0.0040940509284225265,416,,,,,,0.00011774999802582897,2aa6b02d9864519dfecaae6a8e69c20919391287
dv3-train-matern2-009014,3,train,matern2,9014,,,,3:0:3:9014,,val,18,533.1938576361233,,,,,,,0.13958373373619282,,,,,,,550.2101845028554,0.006044943447748699,,,,,0.8391819891174371,0.09827527363047543,,1,543,1,exact,0.006044943447748699,573,,,,,,0.00024662500072736293,0edc8521480495a1c9d67243144b2de6c8a4238f
dv3-train-matern2-009015,3,train,matern2,9015,,,,3:0:3:9015,,val,18,566.2230042875186,,,,,,,0.20456736549596935,,,,,,,607.0651970663905,0.008596914297937207,,,,,2.1109178934245927,0.14327749353930783,,1,539,1,exact,0.008596914297937207,611,,,,,,0.0002779579990601633,9aec31fe37d8a0db2a93dbede6dff073a4323a51
dv3-train-matern2-009016,3,train,matern2,9016,,,,3:0:3:9016,,val,18,143.33246108848175,,,,,,,0.05935555326211994,,,,,,,144.1315710896733,0.0049578008599887565,,,,,0.12041287455968157,0.041938578365466356,,1,143,1,exact,0.0049578008599887565,145,,,,,,0.0001015839989122469,703334b5c841307d4ffe742d124e2789b752aa01
dv3-train-matern2-009017,3,train,matern2,9017,,,,3:0:3:9017,,val,18,165.91703498442342,,,,,,,0.21531511699197514,,,,,,,179.31796530213947,0.01671587185317756,,,,,2.0921762606892047,0.15064073779872583,,1,166,1,exact,0.01671587185317756,185,,,,,,0.00010541700248722918,00ffa5c2b08a1c19ba692182825752404d1d57fe
dv3-train-matern2-009018,3,train,matern2,9018,,,,3:0:3:9018,,val,18,291.8040647350465,,,,,,,0.15861680202817857,,,,,,,303.98232616844024,0.009285462084200807,,,,,1.3648652485377064,0.1115309044122867,,1,315,1,exact,0.009285462084200807,334,,,,,,0.00014737500168848783,5ef5e1cb61acef9c1c0d1f9bd3ace0931ed34938
dv3-train-matern2-009019,3,train,matern2,9019,,,,3:0:3:9019,,val,18,688.1474291159739,,,,,,,0.4595684075272204,,,,,,,1129.636253197918,0.0175190043369167,,,,,9.411190315650504,0.3049941726321958,,1,707,1,exact,0.0175190043369167,1227,,,,,,0.00045870800022385083,6682df495085dc5be9ffe50cce082217d7692ec4
dv3-train-matern2-009020,3,train,matern2,9020,,,,3:0:3:9020,,val,18,430.39478586189466,,,,,,,0.08832312831831043,,,,,,,435.75651586527664,0.004257365556859105,,,,,0.3167614167166827,0.0623475060227538,,1,415,1,exact,0.004257365556859105,426,,,,,,0.00017250000018975697,375d943f4e521a2194d4537924ab77e4b766f22c
dv3-train-matern2-009021,3,train,matern2,9021,,,,3:0:3:9021,,val,18,416.4331192918908,,,,,,,0.09521742428979324,,,,,,,422.4787856611284,0.004665989941577452,,,,,0.37045421798038397,0.067195419453495,,1,412,1,exact,0.004665989941577452,424,,,,,,0.00017041599858202972,40d8fa83486474ac970f2f9421aa6f02046a0ebd
dv3-train-matern2-009022,3,train,matern2,9022,,,,3:0:3:9022,,val,18,665.1953877584116,,,,,,,0.4465575947286058,,,,,,,1045.637644456441,0.017314217359909383,,,,,9.030678644590619,0.29784221655034615,,1,643,1,exact,0.017314217359909383,1078,,,,,,0.00040216699926531874,5b84286c0db9b16e21809648605553fb233aaf8c
dv3-train-matern2-009023,3,train,matern2,9023,,,,3:0:3:9023,,val,18,258.13415573484457,,,,,,,0.4413175413391124,,,,,,,399.26689626855597,0.02746808947284968,,,,,5.619123171083209,0.29490543617029286,,1,257,1,exact,0.02746808947284968,448,,,,,,0.00018604199794935994,ecb12af3c1010681271c0e56aad3d1ae1145950a
dv3-train-matern2-009024,3,train,matern2,9024,,,,3:0:3:9024,,val,18,255.56711578970223,,,,,,,0.23819547243695963,,,,,,,281.47289835107193,0.014899819811802415,,,,,3.032097063385271,0.16622269608948959,,1,277,1,exact,0.014899819811802415,322,,,,,,0.00014362500223796815,e2fc49f80799d121caaa82eae6bf4b91c80cab59
dv3-train-matern2-009025,3,train,matern2,9025,,,,3:0:3:9025,,val,18,602.6362414579655,,,,,,,0.1521410232489059,,,,,,,625.6712753071247,0.006197531030797284,,,,,1.001025674175805,0.10702692541090321,,1,590,1,exact,0.006197531030797284,619,,,,,,0.00023425000108545646,a674a5232704b6eb8d5d9de52a764f8c3af2a235
dv3-train-matern2-009026,3,train,matern2,9026,,,,3:0:3:9026,,val,18,108.1489913942979,,,,,,,0.0948517685408257,,,,,,,109.70680196311689,0.009120826533779504,,,,,0.3675741385422404,0.06693840355012354,,1,105,1,exact,0.009120826533779504,107,,,,,,7.574999835924245e-05,c55714f2c78e81f89575729f20b002473bc4fa73
dv3-train-matern2-009027,3,train,matern2,9027,,,,3:0:3:9027,,val,18,278.2152328049631,,,,,,,0.29496712583630996,,,,,,,324.99067985101186,0.017684108224514404,,,,,3.9451671688198937,0.2042208512176404,,1,295,1,exact,0.017684108224514404,361,,,,,,0.00015558299855911173,13f5e2c368ab824d110277dcae18d61cf891ca22
dv3-train-matern2-009028,3,train,matern2,9028,,,,3:0:3:9028,,val,18,790.9321269427463,,,,,,,0.15064636177896684,,,,,,,820.5435586443132,0.0053565978089125344,,,,,0.9541755215934107,0.10598645256309872,,1,795,1,exact,0.0053565978089125344,838,,,,,,0.00029879200155846775,72fe025e285ec3fe435648d763e43e377ea5f946
dv3-train-matern2-009029,3,train,matern2,9029,,,,3:0:3:9029,,val,18,144.14430443257564,,,,,,,0.08792584111464816,,,,,,,145.9236265995628,0.007323484861295069,,,,,0.2915924799533777,0.062068018601491276,,1,129,1,exact,0.007323484861295069,138,,,,,,9.033400056068785e-05,d987ce797bb6740541a922986802337c6c9ff834
dv3-train-matern2-009030,3,train,matern2,9030,,,,3:0:3:9030,,val,18,467.80018042244717,,,,,,,0.5431320567074593,,,,,,,1319.3980621261894,0.02511164967161643,,,,,9.388068504928123,0.3435823190838609,,1,465,1,exact,0.02511164967161643,1461,,,,,,0.000565582999115577,ba23df989c23429717cb0776a5638db1ef2a932a
dv3-train-matern2-009031,3,train,matern2,9031,,,,3:0:3:9031,,val,18,121.24204130909631,,,,,,,0.09382724902711877,,,,,,,122.95021678898567,0.008521231483322362,,,,,0.3428132621984883,0.06621821470862504,,1,128,1,exact,0.008521231483322362,132,,,,,,8.81669984664768e-05,802ee197c65fe96fe79de60b21bb1e202ba52f20
dv3-train-matern2-009032,3,train,matern2,9032,,,,3:0:3:9032,,val,18,649.1305622815497,,,,,,,0.1805639140620862,,,,,,,684.8346622233631,0.007087040780738067,,,,,1.4615243630262427,0.12674351045994017,,1,679,1,exact,0.007087040780738067,732,,,,,,0.00027041599969379604,17dafb0d9474777cfc99fccad2922355c6c0e30e
dv3-train-matern2-009033,3,train,matern2,9033,,,,3:0:3:9033,,val,18,529.6005635854933,,,,,,,0.2878166057088887,,,,,,,613.4248334677707,0.012506668188749863,,,,,5.205748615858819,0.19949522326824595,,1,495,1,exact,0.012506668188749863,606,,,,,,0.00023149999833549373,037dfc3127b03138c19c568e86b57f61e4844a71
dv3-train-matern2-009034,3,train,matern2,9034,,,,3:0:3:9034,,val,18,761.5147262723184,,,,,,,0.3755750354331824,,,,,,,1006.0548098085526,0.013609982406389134,,,,,8.21544135702541,0.25588668841204065,,1,763,1,exact,0.013609982406389134,1061,,,,,,0.00038708300053258426,3b0cf9e513ce497495adc8575c091fddc547366d
dv3-train-matern2-009035,3,train,matern2,9035,,,,3:0:3:9035,,val,18,661.2115141684919,,,,,,,0.13576548792770543,,,,,,,681.1285089099749,0.005279820779855946,,,,,0.7709540880983191,0.09560978273356974,,1,667,1,exact,0.005279820779855946,718,,,,,,0.00026525000066612847,ecee2e5cafe9156c5b0a7055db1d767b4fa24a99
dv3-train-matern2-009036,3,train,matern2,9036,,,,3:0:3:9036,,val,18,643.5347654392278,,,,,,,0.19425500161432868,,,,,,,684.9905707568663,0.007657485848693283,,,,,1.748308965429814,0.13618858327032823,,1,609,1,exact,0.007657485848693283,686,,,,,,0.00025379200087627396,5b1d46f5bb66c8b2a0477c13829160ff3434e5c3
dv3-train-matern2-009037,3,train,matern2,9037,,,,3:0:3:9037,,val,18,150.9154273899858,,,,,,,0.10444726259481958,,,,,,,153.56219106991225,0.008502178983592708,,,,,0.45585348731441694,0.07367884825196234,,1,153,1,exact,0.008502178983592708,161,,,,,,9.616699753678404e-05,efa313fcead159a08fb617fabc444eda8607335c
dv3-train-matern2-009038,3,train,matern2,9038,,,,3:0:3:9038,,val,18,155.78642851806427,,,,,,,0.22640727764096466,,,,,,,169.86382940124605,0.018139510871283657,,,,,2.0946472051779947,0.15821130440643297,,1,163,1,exact,0.018139510871283657,189,,,,,,0.00010441699851071462,500bbf5d7233eed35bd92ec17fbf0a4be471897a
dv3-train-matern2-009039,3,train,matern2,9039,,,,3:0:3:9039,,val,18,106.28430542916595,,,,,,,0.07211248565237736,,,,,,,107.16205876961692,0.0069948095801152365,,,,,0.177912722926269,0.050933494303095656,,1,97,1,exact,0.0069948095801152365,101,,,,,,7.945900142658502e-05,1d55e835d3ee75c2ca78f6fb93b8bc8031d59b5d
dv3-train-matern2-009040,3,train,matern2,9040,,,,3:0:3:9040,,val,18,204.68894313150355,,,,,,,0.20428136875112513,,,,,,,219.40804097503036,0.014278466511792725,,,,,2.261026629846354,0.14308120267452498,,1,202,1,exact,0.014278466511792725,231,,,,,,0.00011691699910443276,f3f21ed03ef362a9e4fb5745ff7aed7eef35abb6
dv3-train-matern2-009041,3,train,matern2,9041,,,,3:0:3:9041,,val,18,131.32253438939196,,,,,,,0.06911856689128977,,,,,,,132.3179889219586,0.006031496735335535,,,,,0.1645580487763496,0.048823393752921176,,1,137,1,exact,0.006031496735335535,139,,,,,,8.325000089826062e-05,6bcb4d2306a8af1ec22ccb24e53a7f66cd553968
dv3-train-matern2-009042,3,train,matern2,9042,,,,3:0:3:9042,,val,18,115.76276492943755,,,,,,,0.33481011104619923,,,,,,,142.70261879530793,0.031118175039150982,,,,,2.6735312988301807,0.23016454587536292,,1,110,1,exact,0.031118175039150982,148,,,,,,9.425000098417513e-05,31c220a014af35be674d76db7046c4d171c72c62
dv3-train-matern2-009043,3,train,matern2,9043,,,,3:0:3:9043,,val,18,182.84418175571952,,,,,,,0.1659152150235193,,,,,,,191.23808679603752,0.012270030480230737,,,,,1.7029390012567522,0.11659897806302244,,1,206,1,exact,0.012270030480230737,228,,,,,,0.00011470800018287264,aa4757a1dbdea0a7f1da5a1d64320b9aa13407fb
dv3-train-matern2-009044,3,train,matern2,9044,,,,3:0:3:9044,,val,18,620.5416162776245,,,,,,,0.08064472200858241,,,,,,,626.9686298243932,0.0032373562470836255,,,,,0.26071485230835056,0.05694356898417902,,1,589,1,exact,0.0032373562470836255,601,,,,,,0.00022483300199382938,672c5b51bdfdcb82b6ca85a6e1b8ff2a420a87ea
dv3-train-matern2-009045,3,train,matern2,9045,,,,3:0:3:9045,,val,18,735.7095558294761,,,,,,,0.053840662249662156,,,,,,,739.0800520011688,0.0019849848418905017,,,,,0.11518815026982289,0.038047128724356366,,1,736,1,exact,0.0019849848418905017,749,,,,,,0.00026774999787448905,3c89650859b52ad556d71a5a5c3f5c9d2e191215
dv3-train-matern2-009046,3,train,matern2,9046,,,,3:0:3:9046,,val,18,110.43360882377544,,,,,,,0.0991467994394743,,,,,,,112.1747622751664,0.009434699386877793,,,,,0.422529524704784,0.06995656650860041,,1,109,1,exact,0.009434699386877793,110,,,,,,7.566600106656551e-05,c3dcb334aae9e489e55b54d1f6d99b4ed595f2fe
dv3-train-matern2-009047,3,train,matern2,9047,,,,3:0:3:9047,,val,18,321.93563745964457,,,,,,,0.3078570773835547,,,,,,,382.17650016310523,0.01715791906087517,,,,,4.384878648637661,0.21268904836574176,,1,325,1,exact,0.01715791906087517,401,,,,,,0.00016866599980858155,b509c00281928a62938d68d5c7ac450dbb6a36ab
dv3-train-matern2-009048,3,train,matern2,9048,,,,3:0:3:9048,,val,18,412.47503504994324,,,,,,,0.16209104932541246,,,,,,,430.49684241667677,0.007981053089022397,,,,,1.2412236354857942,0.11394453965712745,,1,439,1,exact,0.007981053089022397,473,,,,,,0.00018962499962071888,ba2784b3750a9abfbcd835952d5679aa3d9f085e
dv3-train-matern2-009049,3,train,matern2,9049,,,,3:0:3:9049,,val,18,137.9593669156218,,,,,,,0.11328388703885811,,,,,,,140.81749178894364,0.009644784889657526,,,,,0.6078287592877838,0.07987810840512705,,1,121,1,exact,0.009644784889657526,124,,,,,,7.845900108804926e-05,2e2f9ffbfa0d29d182069fcfcefa1100739f75ad
dv3-train-matern2-009050,3,train,matern2,9050,,,,3:0:3:9050,,val,18,570.0945281632621,,,,,,,0.45674913288985347,,,,,,,926.7026892370026,0.019129529797807993,,,,,8.67199543770922,0.30346222202795353,,1,575,1,exact,0.019129529797807993,1000,,,,,,0.0003901250020135194,3f912c3ab9a167b77fff58d6b1dbf11d9d364d46
dv3-train-matern2-009051,3,train,matern2,9051,,,,3:0:3:9051,,val,18,460.95398037734617,,,,,,,0.20590321058947592,,,,,,,494.6822297029692,0.009590347277334607,,,,,2.4404414875060167,0.1441940976418864,,1,450,1,exact,0.009590347277334607,497,,,,,,0.00019637500008684583,daed6733f44b10fdbad7d60b6cd307a218fc005d
dv3-train-matern2-009052,3,train,matern2,9052,,,,3:0:3:9052,,val,18,236.62608759531577,,,,,,,0.11051404533069478,,,,,,,241.28525484249295,0.007184328216044344,,,,,0.5414190947896204,0.07793583115461929,,1,213,1,exact,0.007184328216044344,221,,,,,,0.00011329200060572475,f9c16ac5f5dfebb9b1653dca94660b9420d0e079
dv3-train-matern2-009053,3,train,matern2,9053,,,,3:0:3:9053,,val,18,262.75659139524817,,,,,,,0.06965844342600234,,,,,,,264.77990356001465,0.004297312690211477,,,,,0.19647884423058326,0.049203939863606175,,1,270,1,exact,0.004297312690211477,276,,,,,,0.00014108399773249403,e66562a099c7ed687e5735a038a832903be8bddb
dv3-train-matern2-009054,3,train,matern2,9054,,,,3:0:3:9054,,val,18,350.82456678091194,,,,,,,0.07598168311722132,,,,,,,354.0450351549378,0.00405661610834894,,,,,0.22971161598119527,0.053659587442535316,,1,355,1,exact,0.00405661610834894,363,,,,,,0.00015250000069499947,4df122907db4b930b95aa598db8244da0ab6859e
dv3-train-matern2-009055,3,train,matern2,9055,,,,3:0:3:9055,,val,18,134.21069342333783,,,,,,,0.5132832127627398,,,,,,,285.1316968978255,0.044306097667673176,,,,,4.382350995800605,0.3317549133470888,,1,140,1,exact,0.044306097667673176,325,,,,,,0.0002046249974227976,792b34afee12d856b2170dc01a16516535fb01a5
dv3-train-matern2-009056,3,train,matern2,9056,,,,3:0:3:9056,,val,18,575.8670024083722,,,,,,,0.201342511301382,,,,,,,615.9819360284844,0.008390240007466864,,,,,2.0046705504017233,0.14106311285656503,,1,574,1,exact,0.008390240007466864,633,,,,,,0.00020295899958000518,893437642f8cd4851228008fcd8a3ba643bdc1d9
dv3-train-matern2-009057,3,train,matern2,9057,,,,3:0:3:9057,,val,18,176.91528730097284,,,,,,,0.06403397790465158,,,,,,,178.06464706553678,0.00481424070739019,,,,,0.1530130037520161,0.04523848537353716,,1,182,1,exact,0.00481424070739019,185,,,,,,0.00018649999765329994,1008af22b2b0865b630f6296b4cdef4d777bc7a9
dv3-train-matern2-009058,3,train,matern2,9058,,,,3:0:3:9058,,val,18,738.7438773956363,,,,,,,0.5044836060988372,,,,,,,1484.9546072459334,0.018560946140810913,,,,,11.013223518141873,0.32775479503873756,,1,752,1,exact,0.018560946140810913,1629,,,,,,0.0005032910012232605,5e13f253b1b2674a731d0a0fef2fdf7ea7e09b36
dv3-train-matern2-009059,3,train,matern2,9059,,,,3:0:3:9059,,val,18,334.1109733512333,,,,,,,0.1204235871273917,,,,,,,341.96119272668284,0.006588191127757763,,,,,0.6278115226413784,0.08488071970357021,,1,345,1,exact,0.006588191127757763,358,,,,,,0.00011720800102921203,3813a2d4e195ef41b099c60fabab4ef220e4cd23
dv3-train-matern2-009060,3,train,matern2,9060,,,,3:0:3:9060,,val,18,183.0537156750542,,,,,,,0.06391664361776934,,,,,,,184.23856283489198,0.0047241609664797945,,,,,0.1540148176641991,0.04515573969458351,,1,180,1,exact,0.0047241609664797945,184,,,,,,6.812500214437023e-05,7cb666d91e73a03cbe94e383fe9ece89d6f9f725
dv3-train-matern2-009061,3,train,matern2,9061,,,,3:0:3:9061,,val,18,691.1569327039037,,,,,,,0.4651957081028843,,,,,,,1157.9271915998957,0.017694869537312342,,,,,9.749017055757168,0.3080206644518083,,1,678,1,exact,0.017694869537312342,1225,,,,,,0.00032816699967952445,a85742aa12ed35c3ade4fd5639f291034c14b7c7
dv3-train-matern2-009062,3,train,matern2,9062,,,,3:0:3:9062,,val,18,119.95466309038648,,,,,,,0.3367556004141019,,,,,,,148.3064702419967,0.030747248606001358,,,,,2.7276711692973357,0.23141271249064707,,1,104,1,exact,0.030747248606001358,147,,,,,,5.874999988009222e-05,212e2b733acdbf9433a88e01c254b14869e1aba6
dv3-train-matern2-009063,3,train,matern2,9063,,,,3:0:3:9063,,val,18,271.3327843319715,,,,,,,0.2510554925482963,,,,,,,302.36904687329485,0.01524117997668299,,,,,3.3186128950965204,0.17491917506646928,,1,278,1,exact,0.01524117997668299,335,,,,,,9.874999886960723e-05,ebc712cbfb1dab3d04cfcbd92406d298b2e2ec71
dv3-train-matern2-009064,3,train,matern2,9064,,,,3:0:3:9064,,val,18,378.1968496524896,,,,,,,0.4624233606939207,,,,,,,627.199529684305,0.023778300555947266,,,,,6.988682000898727,0.3065349451349071,,1,380,1,exact,0.023778300555947266,699,,,,,,0.00019191600222256966,7ab0ef026ba0f47c9c48abc4b971e8753e5d641b
dv3-train-matern2-009065,3,train,matern2,9065,,,,3:0:3:9065,,val,18,654.9781559914211,,,,,,,0.1044254982506212,,,,,,,666.4603022770385,0.004080309890235949,,,,,0.4429746613301767,0.073663569741175,,1,687,1,exact,0.004080309890235949,710,,,,,,0.00017008400027407333,d414b04106c0a3c3c7f215e366c20714a2b45c49
dv3-train-matern2-009066,3,train,matern2,9066,,,,3:0:3:9066,,val,18,624.4318386595252,,,,,,,0.36481531812517465,,,,,,,808.6745128417762,0.014599250017338939,,,,,7.107008109070395,0.24919107529549217,,1,655,1,exact,0.014599250017338939,878,,,,,,0.00023095800133887678,111d2fc9bd6067979d9be12b431ea14f2e63b8a9
dv3-train-matern2-009067,3,train,matern2,9067,,,,3:0:3:9067,,val,18,152.09568720118486,,,,,,,0.06408936467373089,,,,,,,153.08552724976434,0.005196698450158977,,,,,0.14450236599608035,0.045277544564526144,,1,161,1,exact,0.005196698450158977,165,,,,,,5.900000178371556e-05,047a0d68fe797e398a52455621d518ec5d91101e
dv3-train-matern2-009068,3,train,matern2,9068,,,,3:0:3:9068,,val,18,381.64886614598925,,,,,,,0.1595600275211767,,,,,,,397.77759756197105,0.008167555877071494,,,,,1.2038233774296996,0.11218637673994104,,1,385,1,exact,0.008167555877071494,417,,,,,,0.00011204200200154446,a1f0ce0f54897274ae6b6375ccf24b1cddc75e64
dv3-train-matern2-009069,3,train,matern2,9069,,,,3:0:3:9069,,val,18,173.4423909661206,,,,,,,0.2298208381886372,,,,,,,189.6526109077006,0.017450656838616303,,,,,2.2737197294929596,0.16053493781951889,,1,173,1,exact,0.017450656838616303,205,,,,,,6.720899909851141e-05,373a588bd01cb699cf872062b2cc15270400c716
dv3-train-matern2-009070,3,train,matern2,9070,,,,3:0:3:9070,,val,18,187.05588840340138,,,,,,,0.17729544193333036,,,,,,,196.94890463467536,0.01296318976131575,,,,,1.8288920175519379,0.12448336747948219,,1,191,1,exact,0.01296318976131575,207,,,,,,6.729200322297402e-05,e301fdced6b6d93e98518041bd74e83ac83da3ed
dv3-train-matern2-009071,3,train,matern2,9071,,,,3:0:3:9071,,val,18,383.38577794459246,,,,,,,0.07808385663419636,,,,,,,387.10514444453275,0.003987890788015354,,,,,0.24198661902753216,0.05514025731761813,,1,413,1,exact,0.003987890788015354,430,,,,,,0.00011345799794071354,dbdef75e8b7d16231d4bddced267617ef9d0e1f5
dv3-train-matern2-009072,3,train,matern2,9072,,,,3:0:3:9072,,val,18,559.9824689365698,,,,,,,0.14514081717298474,,,,,,,579.3727814445648,0.006133414963897805,,,,,0.9110815602040774,0.10215102958912299,,1,535,1,exact,0.006133414963897805,575,,,,,,0.00015304099724744447,e5e8ca44faf759ce882ebd46857fdbc737a1488f
dv3-train-matern2-009073,3,train,matern2,9073,,,,3:0:3:9073,,val,18,117.59479084730395,,,,,,,0.46354958504722427,,,,,,,195.81964313695838,0.04274665682522284,,,,,3.7212886730593886,0.30713975780943886,,1,118,1,exact,0.04274665682522284,238,,,,,,8.008299846551381e-05,68fdae8dbaec8d1a2824be857397e96aeef6a188
dv3-train-matern2-009074,3,train,matern2,9074,,,,3:0:3:9074,,val,18,280.82675064057423,,,,,,,0.16045655752108112,,,,,,,292.83614918920176,0.009574987882855232,,,,,1.4672224055311016,0.11280926630773803,,1,277,1,exact,0.009574987882855232,307,,,,,,8.770799831836484e-05,82ea119ccb78481cac6077e5ae018d2805dfcb55
dv3-train-matern2-009075,3,train,matern2,9075,,,,3:0:3:9075,,val,18,133.42590275551353,,,,,,,0.26419905121911724,,,,,,,150.62118015049407,0.022872370570787316,,,,,2.2262252672186236,0.183756883637122,,1,156,1,exact,0.022872370570787316,197,,,,,,6.608299736399204e-05,f9189642e0fe11cdec3dd3e9cb44f90477083f83
dv3-train-matern2-009076,3,train,matern2,9076,,,,3:0:3:9076,,val,18,123.83646362767374,,,,,,,0.4139665745103924,,,,,,,177.80428904501042,0.03719983426177072,,,,,3.424253910056262,0.27911841360239015,,1,129,1,exact,0.03719983426177072,198,,,,,,6.804199801990762e-05,59ac45e4ab42971a3e42e4e59d432f4ad5c74fb0
dv3-train-matern2-009077,3,train,matern2,9077,,,,3:0:3:9077,,val,18,176.5075071168029,,,,,,,0.09087714329228747,,,,,,,178.83767289722016,0.006840267344205889,,,,,0.33186656092892636,0.06414391179584042,,1,165,1,exact,0.006840267344205889,168,,,,,,5.595900074695237e-05,dfef2f82dd8569fbdca4a1f8ce5cebc1d0cb1290
dv3-train-matern2-009078,3,train,matern2,9078,,,,3:0:3:9078,,val,18,309.8234427031226,,,,,,,0.1944788593118553,,,,,,,329.83200618895404,0.011048803779841177,,,,,2.6486922414107346,0.13634270506010363,,1,314,1,exact,0.011048803779841177,357,,,,,,9.995899745263159e-05,fbf4b12d9acbb8df1113d7a774c78d9f2e230777
dv3-train-matern2-009079,3,train,matern2,9079,,,,3:0:3:9079,,val,18,571.4366818644373,,,,,,,0.10326930470724974,,,,,,,581.2286273164523,0.004320034303243927,,,,,0.43775489266380146,0.07285185730415392,,1,585,1,exact,0.004320034303243927,599,,,,,,0.00015412500215461478,07b6c0e115ba0aba96d722c80de0de5c60e950fd
dv3-train-matern2-009080,3,train,matern2,9080,,,,3:0:3:9080,,val,18,307.0547224110004,,,,,,,0.18506582471159336,,,,,,,324.8635032188088,0.010561323276962182,,,,,2.4956857137052224,0.12985328666535131,,1,324,1,exact,0.010561323276962182,353,,,,,,9.92499990388751e-05,c4b1d2e653c1aaa59f553efd0a8f90c167369419
dv3-train-matern2-009081,3,train,matern2,9081,,,,3:0:3:9081,,val,18,264.76220113830584,,,,,,,0.11788048180187752,,,,,,,270.7151909851857,0.007244591645981091,,,,,0.6272487781302967,0.08309949025018654,,1,270,1,exact,0.007244591645981091,275,,,,,,8.495899965055287e-05,d48eeb824b9cf44dfbb4a2500ee1c8ffb9d55b24
dv3-train-matern2-009082,3,train,matern2,9082,,,,3:0:3:9082,,val,18,689.6714934095402,,,,,,,0.09911190234836072,,,,,,,700.5373964357204,0.0037740241451642647,,,,,0.39865328578310844,0.06993205086545966,,1,722,1,exact,0.0037740241451642647,744,,,,,,0.00018779099991661496,4d0b7636b74ae65444f31d592f9b24599219bbf0
dv3-train-matern2-009083,3,train,matern2,9083,,,,3:0:3:9083,,val,18,181.00761328885977,,,,,,,0.07891869150161253,,,,,,,182.80188511310084,0.005865856777643409,,,,,0.24216854960576126,0.0557281854465269,,1,182,1,exact,0.005865856777643409,190,,,,,,6.0874997870996594e-05,94d5174992046bf4cecbe2469055418fa1047179
dv3-train-matern2-009084,3,train,matern2,9084,,,,3:0:3:9084,,val,18,270.36129248262756,,,,,,,0.09754262079612692,,,,,,,274.48432986309894,0.005932287128637433,,,,,0.4045964430297381,0.06882949284414233,,1,282,1,exact,0.005932287128637433,292,,,,,,8.404199979850091e-05,03432b15fea11d79aad12ac4b66f16fe6c0979d1
dv3-train-matern2-009085,3,train,matern2,9085,,,,3:0:3:9085,,val,18,261.7621687185941,,,,,,,0.07090507200108075,,,,,,,263.851391266164,0.004382519551678976,,,,,0.2039159959195893,0.05008258589147996,,1,273,1,exact,0.004382519551678976,280,,,,,,8.295900261146016e-05,b4558ff6026b850b67e5cb1de32005f9971dd9fc
dv3-train-matern2-009086,3,train,matern2,9086,,,,3:0:3:9086,,val,18,655.4355259806835,,,,,,,0.31300663869020906,,,,,,,783.3674454652287,0.012226117353849587,,,,,6.382087413035273,0.21605298459232986,,1,650,1,exact,0.012226117353849587,827,,,,,,0.0002060410006379243,ad3e43363a5d49ba6104c00f33af9f3f58693393
dv3-train-matern2-009087,3,train,matern2,9087,,,,3:0:3:9087,,val,18,411.9329167493599,,,,,,,0.055076106490778765,,,,,,,413.9082617904008,0.002713625942560001,,,,,0.11946312881611142,0.03891902786643008,,1,385,1,exact,0.002713625942560001,393,,,,,,9.970799874281511e-05,2da5a58adbb4d57063336eab0dfeb1b710d46bed
dv3-train-matern2-009088,3,train,matern2,9088,,,,3:0:3:9088,,val,18,575.4653899478596,,,,,,,0.4446690506225558,,,,,,,899.2665260075446,0.018536481353851997,,,,,8.3036741657709,0.2967873415035667,,1,574,1,exact,0.018536481353851997,950,,,,,,0.0002234169987787027,9d0974ab6f6fd983e46150b8a661cd3a60d07c3c
dv3-train-matern2-009089,3,train,matern2,9089,,,,3:0:3:9089,,val,18,409.02384044287095,,,,,,,0.17750852332686437,,,,,,,430.7120761275245,0.008776975783656922,,,,,1.5973333415250197,0.12463077302081638,,1,415,1,exact,0.008776975783656922,453,,,,,,0.000113290996523574,4867ac1269b486da0c29a5521949dd49269888f3
dv3-train-matern2-009090,3,train,matern2,9090,,,,3:0:3:9090,,val,18,163.64526225562582,,,,,,,0.2172961845187595,,,,,,,177.13464601969,0.01698636228352909,,,,,2.057121690685347,0.15199503752682014,,1,173,1,exact,0.01698636228352909,195,,,,,,6.13330012129154e-05,45ba3181218143dec592bcd6a44f4defb13db337
dv3-train-matern2-009091,3,train,matern2,9091,,,,3:0:3:9091,,val,18,614.8856145730276,,,,,,,0.46464366641574073,,,,,,,1028.0404153558757,0.018737983633086656,,,,,9.068424430605385,0.3077256589405807,,1,608,1,exact,0.018737983633086656,1124,,,,,,0.00028862500039394945,ce6a85d667684511b624aef8b719eb240ec5f882
dv3-train-matern2-009092,3,train,matern2,9092,,,,3:0:3:9092,,val,18,180.0669907904325,,,,,,,0.4478356574255698,,,,,,,284.1995617311193,0.03337348934602874,,,,,4.579247047044593,0.2985537773927929,,1,179,1,exact,0.03337348934602874,332,,,,,,9.383300130139105e-05,a093ddd044bac0ed93cf5ace82dbea79cdc36274
dv3-train-matern2-009093,3,train,matern2,9093,,,,3:0:3:9093,,val,18,427.4391613121027,,,,,,,0.13110022268501786,,,,,,,439.4120179604339,0.006341124423528377,,,,,0.742930812795854,0.0923503588930134,,1,432,1,exact,0.006341124423528377,450,,,,,,0.0001099580003938172,7f1bb33721c742b2923280c22e80b3ec5f39a633
dv3-train-matern2-009094,3,train,matern2,9094,,,,3:0:3:9094,,val,18,419.9209884113647,,,,,,,0.06819906191426173,,,,,,,423.01912686744686,0.003328086534110349,,,,,0.1852043007041193,0.04817521333854162,,1,386,1,exact,0.003328086534110349,393,,,,,,9.987500015995465e-05,07bcdcbbe5843ad9eac919a6b62fe6b608876d39
dv3-train-matern2-009095,3,train,matern2,9095,,,,3:0:3:9095,,val,18,128.7747691160143,,,,,,,0.14110176717812198,,,,,,,132.9783118485946,0.012434177508636146,,,,,1.0725396749480476,0.09933444784275736,,1,117,1,exact,0.012434177508636146,124,,,,,,4.595900099957362e-05,414a1d3863d2d8c552f8ae3041db1ed6d8b6f991
dv3-train-matern2-009096,3,train,matern2,9096,,,,3:0:3:9096,,val,18,299.88812770803224,,,,,,,0.1170055659732599,,,,,,,306.5282140089244,0.006756579408643359,,,,,0.6016944112231262,0.08248651474709837,,1,290,1,exact,0.006756579408643359,308,,,,,,8.445899948128499e-05,7ee18426dd78f365abe3bc03386a807927020e6f
dv3-train-matern2-009097,3,train,matern2,9097,,,,3:0:3:9097,,val,18,606.981523949995,,,,,,,0.306444859009801,,,,,,,719.2476682148871,0.012438402438146229,,,,,5.925673131660203,0.21176456762869264,,1,606,1,exact,0.012438402438146229,746,,,,,,0.0001797500008251518,4e5e83bccfca522beb77c4e61e5be2d1e84f604e
dv3-train-matern2-009098,3,train,matern2,9098,,,,3:0:3:9098,,val,18,320.17614186214996,,,,,,,0.14349515227580073,,,,,,,331.00138351639777,0.008019416059901887,,,,,0.9731444324087613,0.10100372492558028,,1,333,1,exact,0.008019416059901887,363,,,,,,9.254099859390408e-05,03e1312c07bb1f58acab0422f77789181a316dfb
dv3-train-matern2-009099,3,train,matern2,9099,,,,3:0:3:9099,,val,18,290.7935156195749,,,,,,,0.14574392576404313,,,,,,,300.9505252404353,0.008546693005515355,,,,,1.056070129714248,0.10257140007286351,,1,288,1,exact,0.008546693005515355,304,,,,,,8.308399992529303e-05,984ed8c273124ebdfdffc58ccc50829c98ba8c44
dv3-train-matern2-009100,3,train,matern2,9100,,,,3:0:3:9100,,val,18,126.84802037056342,,,,,,,0.07210998677381687,,,,,,,127.8955266000916,0.006402558701535565,,,,,0.1791665983811422,0.05093173335330864,,1,131,1,exact,0.006402558701535565,136,,,,,,4.8667003284208477e-05,b7cb1b466ce29c4bb1b776a529be904ba856ccd0
dv3-train-matern2-009101,3,train,matern2,9101,,,,3:0:3:9101,,val,18,112.44177129773416,,,,,,,0.1328107355752759,,,,,,,115.67726788954694,0.012524757986609264,,,,,0.8894297958778387,0.09354575209267803,,1,112,1,exact,0.012524757986609264,119,,,,,,4.4874999730382115e-05,763be4d24876877d0b3b3687f5a8d995cd2f6219
dv3-train-matern2-009102,3,train,matern2,9102,,,,3:0:3:9102,,val,18,446.0225416662742,,,,,,,0.0627695041187363,,,,,,,448.80594711361596,0.0029721470557391356,,,,,0.15672880144798612,0.04434671889179032,,1,433,1,exact,0.0029721470557391356,438,,,,,,0.00010920799832092598,85baba898f4b16ea76ebc3a31b84ef2121264eb4
dv3-train-matern2-009103,3,train,matern2,9103,,,,3:0:3:9103,,val,18,602.9062492061744,,,,,,,0.08491280567241678,,,,,,,609.8395024041987,0.003458185601921159,,,,,0.2906514993283341,0.059947957204208153,,1,548,1,exact,0.003458185601921159,569,,,,,,0.00013908300024922937,2982344812a2556f1811e54f09ada29db8638f3e
dv3-train-matern2-009104,3,train,matern2,9104,,,,3:0:3:9104,,val,18,438.4788171665736,,,,,,,0.09398441440167388,,,,,,,444.6776376368621,0.00448829641744272,,,,,0.3609510787031454,0.06632870063772349,,1,456,1,exact,0.00448829641744272,468,,,,,,0.00011549999908311293,dd0a653f746563ce2940043d24ba6d61a45aa576
dv3-train-matern2-009105,3,train,matern2,9105,,,,3:0:3:9105,,val,18,538.7234010149176,,,,,,,0.24865518029160516,,,,,,,598.9906057080193,0.010713085994292404,,,,,4.449995264123918,0.17329957708423566,,1,542,1,exact,0.010713085994292404,622,,,,,,0.00014387499686563388,ec32deecdf9aea34f46034d17c732c2ec5fb1a4c
dv3-train-matern2-009106,3,train,matern2,9106,,,,3:0:3:9106,,val,18,702.4836169395664,,,,,,,0.3483281800663641,,,,,,,884.4900431281751,0.013142273792123614,,,,,7.212638484342792,0.23879723056255933,,1,684,1,exact,0.013142273792123614,933,,,,,,0.0002960839992738329,385ba5914d51a24f6f433c2ab5dc997f6f4b3f88
dv3-train-matern2-009107,3,train,matern2,9107,,,,3:0:3:9107,,val,18,328.2263997770333,,,,,,,0.061077614275240194,,,,,,,330.16490682063824,0.0033712837745300166,,,,,0.1475557052470698,0.04315337255446507,,1,324,1,exact,0.0033712837745300166,334,,,,,,0.00010379199738963507,0e548d9f2bb39b9cad066a2e8e1ff5dfcd2bcf01
dv3-train-matern2-009108,3,train,matern2,9108,,,,3:0:3:9108,,val,18,183.2204883298087,,,,,,,0.07297577246285959,,,,,,,184.77048005671432,0.005391277452790505,,,,,0.2047166523220352,0.051541823759279785,,1,184,1,exact,0.005391277452790505,190,,,,,,6.933300028322265e-05,59af1bc27fd884f6dbaece26be5501a8efe1f479
dv3-train-matern2-009109,3,train,matern2,9109,,,,3:0:3:9109,,val,18,110.70797543580552,,,,,,,0.4195277877488874,,,,,,,161.18584534090874,0.03987229901750508,,,,,3.264543430123841,0.2823859554797109,,1,125,1,exact,0.03987229901750508,222,,,,,,7.629100218764506e-05,03bba1bed119c941ca9e849c610547ed8348da02
dv3-train-matern2-009110,3,train,matern2,9110,,,,3:0:3:9110,,val,18,475.81711157193365,,,,,,,0.2734352467382375,,,,,,,542.3515985162599,0.012535292368505991,,,,,4.673948839723837,0.18993446256967814,,1,484,1,exact,0.012535292368505991,569,,,,,,0.00015383299978566356,c6570778c5e2d80e4c18b298560644b6723c02f6
dv3-train-matern2-009111,3,train,matern2,9111,,,,3:0:3:9111,,val,18,133.50150647216765,,,,,,,0.18853916968000914,,,,,,,141.561881050248,0.0163176835627716,,,,,1.5659050424471317,0.1322498910302951,,1,136,1,exact,0.0163176835627716,159,,,,,,5.749999763793312e-05,520dd6c35a0d5b52674578b6f9280285b751a462
dv3-train-matern2-009112,3,train,matern2,9112,,,,3:0:3:9112,,val,18,745.5144076754569,,,,,,,0.0628318563190886,,,,,,,750.1761180677524,0.002301186779584353,,,,,0.15730184771158068,0.04439069480844787,,1,796,1,exact,0.002301186779584353,807,,,,,,0.0001990830023714807,5fca8ff86ce40d4ae340d298e442915f1dd04354
dv3-train-matern2-009113,3,train,matern2,9113,,,,3:0:3:9113,,val,18,140.51232134167807,,,,,,,0.1406247685862641,,,,,,,145.06669724921244,0.011863275509679685,,,,,1.1378600975168982,0.09900166707953302,,1,136,1,exact,0.011863275509679685,143,,,,,,5.395900006988086e-05,4cfd8cf68107a50deee587ea10482e43ccf2bbb1
dv3-train-matern2-009114,3,train,matern2,9114,,,,3:0:3:9114,,val,18,599.168113179697,,,,,,,0.14816362546157122,,,,,,,620.8310788278856,0.006052952278522557,,,,,0.9444945586154072,0.10425741394428234,,1,594,1,exact,0.006052952278522557,628,,,,,,0.00016170799790415913,0302adc4b641f11f4de3e41e3ea2c0f8d18fddff
dv3-train-matern2-009115,3,train,matern2,9115,,,,3:0:3:9115,,val,18,102.18297234539028,,,,,,,0.05054183500146993,,,,,,,102.59519488879191,0.004999904852793204,,,,,0.08033997027096049,0.035718654249374183,,1,105,1,exact,0.004999904852793204,108,,,,,,4.23339988628868e-05,4152b0aaf16b404cbf3c67f2cc3b3a8f8345d0af
dv3-train-matern2-009116,3,train,matern2,9116,,,,3:0:3:9116,,val,18,207.13803747149217,,,,,,,0.25211991275834217,,,,,,,231.06498607625352,0.01751770544636088,,,,,2.7614960945364766,0.17563684399442397,,1,209,1,exact,0.01751770544636088,246,,,,,,7.62919989938382e-05,dfe873c6376e55ae87f068525c85237422b0e97c
dv3-train-matern2-009117,3,train,matern2,9117,,,,3:0:3:9117,,val,18,360.8378625833312,,,,,,,0.18801770184169395,,,,,,,382.49387228342994,0.009897891508004315,,,,,2.1314380550131644,0.13189022976616058,,1,343,1,exact,0.009897891508004315,388,,,,,,0.00010275000022375025,2d2f3f09f7e831afc663c004a65157a82b679ab2
dv3-train-matern2-009118,3,train,matern2,9118,,,,3:0:3:9118,,val,18,328.6201195579474,,,,,,,0.12439684213514555,,,,,,,336.87673056504394,0.006862182770843251,,,,,0.6797149065872403,0.08766213107619279,,1,293,1,exact,0.006862182770843251,308,,,,,,8.849999721860513e-05,e538eb56c6cfc35a8d9b93f48722e10cd9084f2a
dv3-train-matern2-009119,3,train,matern2,9119,,,,3:0:3:9119,,val,18,432.73972948367236,,,,,,,0.24497245782332,,,,,,,479.51425752348126,0.01177616480478841,,,,,4.04960479669777,0.17081142928786056,,1,436,1,exact,0.01177616480478841,511,,,,,,0.00013424999997369014,56ebaaf7d3a51a8160159d8ac4042bfb886f8ac4
dv3-train-matern2-009120,3,train,matern2,9120,,,,3:0:3:9120,,val,18,432.72350742064816,,,,,,,0.06328197639817307,,,,,,,435.4685696982652,0.003042109134308209,,,,,0.15919560196133964,0.04470814986344745,,1,451,1,exact,0.003042109134308209,463,,,,,,0.00011204199836356565,2055b37191d570b69a1e7fce673cdc223734fa16
dv3-train-matern2-009121,3,train,matern2,9121,,,,3:0:3:9121,,val,18,157.26116694299824,,,,,,,0.41857036572974693,,,,,,,228.40733020287138,0.03337780173248511,,,,,3.9140644319159357,0.28182537792070417,,1,149,1,exact,0.03337780173248511,244,,,,,,7.525000182795338e-05,e623987a4d456929833e6bcb200647d339d56ca7
dv3-train-matern2-009122,3,train,matern2,9122,,,,3:0:3:9122,,val,18,412.7513766979479,,,,,,,0.14629982053773552,,,,,,,427.28362373566335,0.0072011113785424,,,,,0.9612811977503359,0.1029588155943875,,1,412,1,exact,0.0072011113785424,443,,,,,,0.0001177080011984799,88371c99730eea5706da5b4edb0ee6c18449e4db
dv3-train-matern2-009123,3,train,matern2,9123,,,,3:0:3:9123,,val,18,200.85832678381027,,,,,,,0.1265219477053602,,,,,,,206.0848931750334,0.008927316840325819,,,,,0.7844036934396326,0.08914899680487813,,1,213,1,exact,0.008927316840325819,226,,,,,,6.824999945820309e-05,4d4b6457cdfcb7f2a73add2dc0e973bac5470af9
dv3-train-matern2-009124,3,train,matern2,9124,,,,3:0:3:9124,,val,18,307.9406822003353,,,,,,,0.08825871918312567,,,,,,,311.7712292533622,0.005029491596713761,,,,,0.3205097443507836,0.062302195758144566,,1,313,1,exact,0.005029491596713761,326,,,,,,0.00021816700245835818,06fff2dc791d9f585d7ef659d6293f1303b9b2ec
dv3-train-matern2-009125,3,train,matern2,9125,,,,3:0:3:9125,,val,18,582.5416984824909,,,,,,,0.26677533764591566,,,,,,,659.3584464760839,0.011053050884849855,,,,,5.038417566568245,0.18548283120092005,,1,594,1,exact,0.011053050884849855,704,,,,,,0.00027837499874294735,637401eb990fa31ad4e6ceb14a1218287f210e86
dv3-train-matern2-009126,3,train,matern2,9126,,,,3:0:3:9126,,val,18,387.32953917492387,,,,,,,0.36101700391153235,,,,,,,498.24761521381134,0.01834371727276525,,,,,5.608436594931477,0.24681045599360207,,1,387,1,exact,0.01834371727276525,524,,,,,,0.00021683299928554334,2a226802d28bdd927aa0ad8d2b56492c417b20ad
dv3-train-matern2-009127,3,train,matern2,9127,,,,3:0:3:9127,,val,18,126.03895955354838,,,,,,,0.06788392939699958,,,,,,,126.96020575150297,0.00604664634442211,,,,,0.15599880246434375,0.04795305667730846,,1,120,1,exact,0.00604664634442211,122,,,,,,8.199999865610152e-05,38f67a47ad1e18adaec3ee2fb2ab567c1d35fb12
dv3-train-matern2-009128,3,train,matern2,9128,,,,3:0:3:9128,,val,18,596.2958305276537,,,,,,,0.3262633734232152,,,,,,,725.8811047618624,0.013360952990645917,,,,,6.303117257530825,0.22465930129568698,,1,618,1,exact,0.013360952990645917,784,,,,,,0.00029408300179056823,00d53a8e76323bb76b35124bd78378581a52bcae
dv3-train-matern2-009129,3,train,matern2,9129,,,,3:0:3:9129,,val,18,158.3958373928911,,,,,,,0.22863952427208767,,,,,,,173.02869155211937,0.018166841440251453,,,,,2.141041793854925,0.15973114758883694,,1,172,1,exact,0.018166841440251453,201,,,,,,0.00010983299944200553,f264fc5e54b5a2d31e08d0a09f79a6994feed0b1
dv3-train-matern2-009130,3,train,matern2,9130,,,,3:0:3:9130,,val,18,114.06436835349349,,,,,,,0.2068216819455659,,,,,,,122.4926804867706,0.01936515893512451,,,,,1.5896138950039023,0.14482408655376033,,1,103,1,exact,0.01936515893512451,116,,,,,,5.504200089490041e-05,e47d964915ebb3a5f7cfdd528008d8f1ad3ee591
dv3-train-matern2-009131,3,train,matern2,9131,,,,3:0:3:9131,,val,18,609.2540919887906,,,,,,,0.135709065365323,,,,,,,627.5901580159111,0.005498061989571997,,,,,0.776735062503286,0.09557037979386239,,1,594,1,exact,0.005498061989571997,632,,,,,,0.0001686670002527535,9313f704e75f536aa0825f85acf3eeb6d6508d19
dv3-train-matern2-009132,3,train,matern2,9132,,,,3:0:3:9132,,val,18,594.8544219663867,,,,,,,0.1453787659578818,,,,,,,615.5229939216775,0.005960677578648361,,,,,0.9066439344022903,0.10231688766358367,,1,572,1,exact,0.005960677578648361,610,,,,,,0.00015287499991245568,71980172e8ac28550bb99d531cd9e62bb83b74a7
dv3-train-matern2-009133,3,train,matern2,9133,,,,3:0:3:9133,,val,18,109.93901485235527,,,,,,,0.057556695187223686,,,,,,,110.51510415576693,0.005489337446104847,,,,,0.10728921364591762,0.04066943440751764,,1,96,1,exact,0.005489337446104847,97,,,,,,4.5208002120489255e-05,829702db8ea60203dcf2279526d2914f76b98d80
dv3-train-matern2-009134,3,train,matern2,9134,,,,3:0:3:9134,,val,18,402.85591186132945,,,,,,,0.13081015268085602,,,,,,,414.0884240465237,0.006517283032550461,,,,,0.7401889857797055,0.09214760588968048,,1,378,1,exact,0.006517283032550461,404,,,,,,0.00011058300151489675,95e5118cb4ba75b7e6cc795d1fba75bfdd8e54f1
dv3-train-matern2-009135,3,train,matern2,9135,,,,3:0:3:9135,,val,18,298.6946034106104,,,,,,,0.4322881738381815,,,,,,,450.0162460113379,0.02501264772285211,,,,,5.961477620782992,0.2897751835288881,,1,289,1,exact,0.02501264772285211,484,,,,,,0.00013633299749926664,621cd6e1fc76c23e58cab07f65747a8b3b3b861d
dv3-train-matern2-009136,3,train,matern2,9136,,,,3:0:3:9136,,val,18,144.06376091606907,,,,,,,0.135783738066641,,,,,,,148.40445958123587,0.011312807216933863,,,,,1.1164712853695398,0.09562252770586273,,1,147,1,exact,0.011312807216933863,160,,,,,,5.820899968966842e-05,737abbc46b4985413f850fa26ff7f9ff7b266b15
dv3-train-matern2-009137,3,train,matern2,9137,,,,3:0:3:9137,,val,18,602.8662281685895,,,,,,,0.28590139682839005,,,,,,,696.744045963271,0.011644096587556309,,,,,5.425755889867607,0.19822625787490808,,1,609,1,exact,0.011644096587556309,727,,,,,,0.00017549999756738544,6df3ea012a447ae55d4f3759b78b6daea364b3c1
dv3-train-matern2-009138,3,train,matern2,9138,,,,3:0:3:9138,,val,18,114.69669824296425,,,,,,,0.5178187764672966,,,,,,,251.55818611919094,0.04835065214531476,,,,,4.135722806035105,0.33373990789212343,,1,120,1,exact,0.04835065214531476,302,,,,,,9.775000216905028e-05,039e5d2bf5360f37d0f2b3873a3436405f8c836c
dv3-train-matern2-009139,3,train,matern2,9139,,,,3:0:3:9139,,val,18,150.59314816429386,,,,,,,0.5273677824692159,,,,,,,356.6628476825545,0.04297451544281147,,,,,4.816380152934697,0.3377236598745948,,1,139,1,exact,0.04297451544281147,389,,,,,,0.00011583399827941321,946021fce8145a66f4e52fdc133045dc2212cea3
dv3-train-matern2-009140,3,train,matern2,9140,,,,3:0:3:9140,,val,18,482.12741228309,,,,,,,0.11895481476950019,,,,,,,493.17230518331485,0.005417527351829586,,,,,0.5972532212078109,0.08385206020958609,,1,469,1,exact,0.005417527351829586,488,,,,,,0.0001284159989154432,ce9044227729d0844ca56415748af83bd1084529
dv3-train-matern2-009141,3,train,matern2,9141,,,,3:0:3:9141,,val,18,252.9058380767,,,,,,,0.12303323571813461,,,,,,,259.11700167616937,0.007736473077394837,,,,,0.7017763062341603,0.08670777271218667,,1,230,1,exact,0.007736473077394837,241,,,,,,6.979099998716265e-05,26404284e1c4cc2834c3765c02d0db9e16777a18
dv3-train-matern2-009142,3,train,matern2,9142,,,,3:0:3:9142,,val,18,369.1791759426448,,,,,,,0.11338779057079842,,,,,,,376.8419438891107,0.005901300023751548,,,,,0.5341443842555587,0.07995095183193045,,1,407,1,exact,0.005901300023751548,424,,,,,,0.0001122089997807052,f15ac12eb210da5777f9c64c0e38073daf85af9b
dv3-train-matern2-009143,3,train,matern2,9143,,,,3:0:3:9143,,val,18,456.30491280290295,,,,,,,0.05390622261039897,,,,,,,458.40050163285747,0.002523546595669462,,,,,0.11527177183819823,0.03809339905168756,,1,493,1,exact,0.002523546595669462,503,,,,,,0.00013491700156009756,2bdd71fc998d1cf0c0c72bdf080139e6c340bb3a
dv3-train-matern2-009144,3,train,matern2,9144,,,,3:0:3:9144,,val,18,156.89052571270554,,,,,,,0.17609008007938773,,,,,,,165.06776173263523,0.014058420581516675,,,,,1.5866571591450942,0.12364936549073943,,1,149,1,exact,0.014058420581516675,162,,,,,,5.774999954155646e-05,f2b6be94d694c78714386f07c5c0fa468ac2f1b5
dv3-train-matern2-009145,3,train,matern2,9145,,,,3:0:3:9145,,val,18,367.59265472905145,,,,,,,0.2862217293319022,,,,,,,424.99038055475893,0.01492860369206574,,,,,4.228621378180118,0.19843859525643168,,1,370,1,exact,0.01492860369206574,442,,,,,,0.00011791699944296852,a60094014e006885cb6e1f8a3f91f6840fddbb91
dv3-train-matern2-009146,3,train,matern2,9146,,,,3:0:3:9146,,val,18,225.77750510609314,,,,,,,0.1425911956283838,,,,,,,233.31091620551163,0.009489697652323232,,,,,1.1093081554650883,0.10037335121991103,,1,214,1,exact,0.009489697652323232,231,,,,,,7.02500001352746e-05,fb4e8e5a8f978246c50fc257e02b1b520b78bd50
dv3-train-matern2-009147,3,train,matern2,9147,,,,3:0:3:9147,,val,18,619.1895864410914,,,,,,,0.0534815480415795,,,,,,,621.9883287633039,0.002149275794882708,,,,,0.11319309355742528,0.03779367402800011,,1,615,1,exact,0.002149275794882708,626,,,,,,0.0001629999969736673,c0179584f1f8b22362d1113e77119989c1532593
dv3-train-matern2-009148,3,train,matern2,9148,,,,3:0:3:9148,,val,18,134.05936996632173,,,,,,,0.3072577277920853,,,,,,,159.02128035879284,0.02653714683971824,,,,,2.6444699444743494,0.21229679751396918,,1,154,1,exact,0.02653714683971824,197,,,,,,6.670799848507158e-05,adfb48f1788e59293a78c3d2f565380814e00546
dv3-train-matern2-009149,3,train,matern2,9149,,,,3:0:3:9149,,val,18,484.31294431232834,,,,,,,0.16967587681164797,,,,,,,507.63230313695715,0.0077100476797896346,,,,,1.3513421787953899,0.11920692934832913,,1,474,1,exact,0.0077100476797896346,514,,,,,,0.0001383339986205101,56168ae5c2f783b39a07c23ed712882ee0e5ed59
dv3-train-matern2-009150,3,train,matern2,9150,,,,3:0:3:9150,,val,18,471.50902245570956,,,,,,,0.1562689492010766,,,,,,,490.5773056446665,0.007196605362301534,,,,,1.1090203263777774,0.10989870365221183,,1,476,1,exact,0.007196605362301534,506,,,,,,0.00013654199938173406,6ebccd0970c875758ba7e2ee1ce5136daef794d5
dv3-train-matern2-009151,3,train,matern2,9151,,,,3:0:3:9151,,val,18,577.0443000941573,,,,,,,0.10275918502977387,,,,,,,586.8326725927178,0.004277756634331157,,,,,0.43297381158983844,0.07249368279857346,,1,590,1,exact,0.004277756634331157,608,,,,,,0.00014683299741591327,b8fcfd4cfee73557684cf0e04d26e8c967d7f10c
dv3-train-matern2-009152,3,train,matern2,9152,,,,3:0:3:9152,,val,18,345.39148851203197,,,,,,,0.30536720933265143,,,,,,,408.7092252482872,0.016431097953336946,,,,,4.418303424482694,0.21105854900525153,,1,354,1,exact,0.016431097953336946,452,,,,,,0.00012304200208745897,f09e59d0872cd7daadd584e582ad2fa62f732d7e
dv3-train-matern2-009153,3,train,matern2,9153,,,,3:0:3:9153,,val,18,633.9925798483703,,,,,,,0.10238436792504782,,,,,,,644.6668843570619,0.004066226496471973,,,,,0.425329971967308,0.0722304931219844,,1,649,1,exact,0.004066226496471973,667,,,,,,0.00016929200137383305,e74ab55373f8982efea4d14fce6f05906e27cd72
dv3-train-matern2-009154,3,train,matern2,9154,,,,3:0:3:9154,,val,18,105.8325639751421,,,,,,,0.35079058505167626,,,,,,,133.79162609974406,0.034098735161883775,,,,,2.6476361038625895,0.24035933235139623,,1,110,1,exact,0.034098735161883775,168,,,,,,5.8833000366576016e-05,441df97f5fa433da08cfb88ca8d12a682fd762a9
dv3-train-matern2-009155,3,train,matern2,9155,,,,3:0:3:9155,,val,18,483.92772254774104,,,,,,,0.0812101454195483,,,,,,,489.0113320030374,0.0036916458999819847,,,,,0.26733355600413744,0.05734166271942795,,1,508,1,exact,0.0036916458999819847,518,,,,,,0.0001372500009892974,384d74d7c998f0934969d2f09a745be84a44c5a8
dv3-train-matern2-009156,3,train,matern2,9156,,,,3:0:3:9156,,val,18,657.0372260901743,,,,,,,0.051736625742547664,,,,,,,659.8153351618928,0.002018380829013741,,,,,0.1057180898457766,0.03656205697419433,,1,659,1,exact,0.002018380829013741,668,,,,,,0.00017050000315066427,41cceaa4714166f148aeaafca8150c9f8933036a
dv3-train-matern2-009157,3,train,matern2,9157,,,,3:0:3:9157,,val,18,136.29845659174487,,,,,,,0.08646745144862482,,,,,,,137.92469514077075,0.007406400447984292,,,,,0.2790032308001411,0.06104194470785668,,1,152,1,exact,0.007406400447984292,154,,,,,,5.491700358106755e-05,597718a600b8ebd2593c7640063423c3d682ba0a
dv3-train-matern2-009158,3,train,matern2,9158,,,,3:0:3:9158,,val,18,781.6968873247588,,,,,,,0.11449978453989884,,,,,,,798.2508603200738,0.0040952977062484654,,,,,0.5353646639303533,0.08073046103510627,,1,755,1,exact,0.0040952977062484654,773,,,,,,0.00019466700177872553,468f49ab6f37ecdb296c08748a5c22565aed444d
dv3-train-matern2-009159,3,train,matern2,9159,,,,3:0:3:9159,,val,18,317.22658758685645,,,,,,,0.14424976574581846,,,,,,,328.0704214384471,0.008098980005495965,,,,,0.9899446050119542,0.10152986529346449,,1,319,1,exact,0.008098980005495965,338,,,,,,9.050000153365545e-05,c3c8279c82cea1959844cc5eaa78714e87ba77f7
dv3-train-matern2-009160,3,train,matern2,9160,,,,3:0:3:9160,,val,18,141.31799929114035,,,,,,,0.07634919106571193,,,,,,,142.62799323897153,0.006422523467725676,,,,,0.20901954887914148,0.053918465330153355,,1,140,1,exact,0.006422523467725676,143,,,,,,5.116700049256906e-05,68f1cfda2f04502998122f82c3990b4b57e245c0
dv3-train-matern2-009161,3,train,matern2,9161,,,,3:0:3:9161,,val,18,145.18136454167862,,,,,,,0.08658806206692815,,,,,,,146.91850235872693,0.007186254321100158,,,,,0.281034742069974,0.061126808905978096,,1,157,1,exact,0.007186254321100158,161,,,,,,5.650000093737617e-05,c4b3f1559a0946564016ab2a1a2ccb4c960abf7a
dv3-train-matern2-009162,3,train,matern2,9162,,,,3:0:3:9162,,val,18,469.8123837970938,,,,,,,0.0921288794076214,,,,,,,476.18977978278485,0.0042504367573122466,,,,,0.347210223133648,0.06502413584033336,,1,458,1,exact,0.0042504367573122466,469,,,,,,0.000121749999379972,9c5c1912f27c664bd98154ff8cfc0cd201abbade
dv3-train-matern2-009163,3,train,matern2,9163,,,,3:0:3:9163,,val,18,412.0897223830841,,,,,,,0.48232308052380657,,,,,,,740.0412160143344,0.023759765664515667,,,,,7.734913889232326,0.31695092194878377,,1,437,1,exact,0.023759765664515667,883,,,,,,0.00023212499945657328,3ee6c887e7021e3c35d8ae67c53a68198414da4a
dv3-train-matern2-009164,3,train,matern2,9164,,,,3:0:3:9164,,val,18,129.34007261437318,,,,,,,0.07628797593247483,,,,,,,130.53708758917662,0.00670794575825147,,,,,0.20511368592224874,0.05387534517951667,,1,112,1,exact,0.00670794575825147,119,,,,,,4.941600127494894e-05,1a1c954a9bf789d9d7d00ddd2c808f99688767b2
dv3-train-matern2-009165,3,train,matern2,9165,,,,3:0:3:9165,,val,18,647.1273931821611,,,,,,,0.05617396458015549,,,,,,,650.356347831358,0.0022082090429133743,,,,,0.1245974772982436,0.03969376186998222,,1,623,1,exact,0.0022082090429133743,633,,,,,,0.00020275000133551657,64a45177797ce7307a42987b6780809a25b6c91b
dv3-train-matern2-009166,3,train,matern2,9166,,,,3:0:3:9166,,val,18,242.77561510835315,,,,,,,0.10204327252285846,,,,,,,246.8353410145218,0.006549103386194392,,,,,0.4492625946422685,0.07199097027469557,,1,238,1,exact,0.006549103386194392,244,,,,,,8.391699884668924e-05,8b58df08008ed5fe901c97d6770dc70462f09212
dv3-train-matern2-009167,3,train,matern2,9167,,,,3:0:3:9167,,val,18,176.37685834710635,,,,,,,0.20305286679961487,,,,,,,188.89321718083627,0.015289325413210627,,,,,2.041524222957203,0.1422378291383074,,1,176,1,exact,0.015289325413210627,201,,,,,,6.916699931025505e-05,2182791f651d7d04f8e0ea5a52fa8de2d25f00b8
dv3-train-matern2-009168,3,train,matern2,9168,,,,3:0:3:9168,,val,18,116.04069329951992,,,,,,,0.08089008160869086,,,,,,,117.24996515197829,0.007509138526174649,,,,,0.23466617751782165,0.057116320602590885,,1,132,1,exact,0.007509138526174649,137,,,,,,5.262500053504482e-05,3bf346f1dc3fb5e13f3b003626908b031b72887b
dv3-train-matern2-009169,3,train,matern2,9169,,,,3:0:3:9169,,val,18,554.6540824755165,,,,,,,0.4210836297500058,,,,,,,810.7883044839405,0.017879577453944674,,,,,7.830471817087924,0.28329513557400465,,1,534,1,exact,0.017879577453944674,850,,,,,,0.0002369169997109566,d5b42f5afa2df12b83c1bdd7561d7ae90c9148dc
dv3-train-matern2-009170,3,train,matern2,9170,,,,3:0:3:9170,,val,18,122.44167589000816,,,,,,,0.10050869683833137,,,,,,,124.42671422635263,0.009083202773232376,,,,,0.4186214445081389,0.07091322627193154,,1,115,1,exact,0.009083202773232376,124,,,,,,4.9792000936577097e-05,d2bbcd4b35b44d90dde5dfecdcf6779c4032ec32
dv3-train-matern2-009171,3,train,matern2,9171,,,,3:0:3:9171,,val,18,229.33790700504971,,,,,,,0.3201055647422167,,,,,,,276.76116502537434,0.021137581818889983,,,,,3.798804612181135,0.22067148229562455,,1,251,1,exact,0.021137581818889983,313,,,,,,9.48330016399268e-05,7588bbb1cab9c61e5b90dc028593353ddfe95083
dv3-train-matern2-009172,3,train,matern2,9172,,,,3:0:3:9172,,val,18,147.27431508682494,,,,,,,0.0968571201179705,,,,,,,149.48817298590987,0.007981197283253897,,,,,0.37128970297126684,0.06834779654504042,,1,157,1,exact,0.007981197283253897,160,,,,,,5.7584002206567675e-05,bcbb885454322217fb65a5bf789c662ea3d26a8a
dv3-train-matern2-009173,3,train,matern2,9173,,,,3:0:3:9173,,val,18,463.11182863265793,,,,,,,0.06298148690229587,,,,,,,466.0215972963582,0.002926644505476577,,,,,0.15839498956810188,0.044496225713558504,,1,439,1,exact,0.002926644505476577,452,,,,,,0.00011908300075447187,ec3741a882f31d3c0be102489d0b24f7ef6d46e4
dv3-train-matern2-009174,3,train,matern2,9174,,,,3:0:3:9174,,val,18,118.3989609426161,,,,,,,0.16617413286639549,,,,,,,123.85238840814495,0.01527177354847562,,,,,1.268523407412654,0.11677861021951126,,1,118,1,exact,0.01527177354847562,139,,,,,,5.429199882200919e-05,322fde58b0553d089c512a843a95526eaf3e0dbf
dv3-train-matern2-009175,3,train,matern2,9175,,,,3:0:3:9175,,val,18,360.7744067429617,,,,,,,0.1309073886185801,,,,,,,370.84911618603275,0.006892016347506234,,,,,0.745687232736923,0.09221557302322951,,1,370,1,exact,0.006892016347506234,387,,,,,,0.00013816700084134936,30400f409e8191edcaef4bd783b7730c90e2c972
dv3-train-matern2-009176,3,train,matern2,9176,,,,3:0:3:9176,,val,18,276.3710667549465,,,,,,,0.25082761726876684,,,,,,,307.9171964273259,0.015087909317537234,,,,,3.2784131785806907,0.17476549012050452,,1,285,1,exact,0.015087909317537234,324,,,,,,0.00027262499861535616,f1ab2a893cf05afdd41403b305c68e740faafaef
dv3-train-matern2-009177,3,train,matern2,9177,,,,3:0:3:9177,,val,18,557.9968790342919,,,,,,,0.06483627651589693,,,,,,,561.7142221081126,0.002744746126449098,,,,,0.16808153493340827,0.045804254780525015,,1,553,1,exact,0.002744746126449098,565,,,,,,0.0003132919991912786,7b26cc1f8186573254b07d55037f12981bc2d13e
dv3-train-matern2-009178,3,train,matern2,9178,,,,3:0:3:9178,,val,18,496.6805073059065,,,,,,,0.05633955804757238,,,,,,,499.17351193824516,0.0025279872419260996,,,,,0.1266070615160365,0.03981061206353741,,1,489,1,exact,0.0025279872419260996,493,,,,,,0.0002178329996240791,69e2e58aded35a3bba5d176dd8befac57ce25f3c
dv3-train-matern2-009179,3,train,matern2,9179,,,,3:0:3:9179,,val,18,174.6132566150984,,,,,,,0.05294064302580473,,,,,,,175.38653205673728,0.004006365855511603,,,,,0.10217216894613132,0.037411903418344473,,1,177,1,exact,0.004006365855511603,182,,,,,,0.00011866599743370898,f1b6c95eefde0b6af11fb1e269c630bd79267c1f
dv3-train-matern2-009180,3,train,matern2,9180,,,,3:0:3:9180,,val,18,275.6191607554511,,,,,,,0.10029203712496648,,,,,,,280.0678699140861,0.006041040534198572,,,,,0.4296787059786632,0.07076104627710306,,1,283,1,exact,0.006041040534198572,293,,,,,,0.00013800000306218863,c13cc4aa8794902b6579298f0074e03ba38301bc
dv3-train-matern2-009181,3,train,matern2,9181,,,,3:0:3:9181,,val,18,129.78752492002124,,,,,,,0.12477502380391702,,,,,,,133.0689809598093,0.01095244765381809,,,,,0.9088192255841729,0.08792677246176825,,1,131,1,exact,0.01095244765381809,138,,,,,,9.225000030710362e-05,62d18c2e46c3a0c09ae379b427702a27aa985165
dv3-train-matern2-009182,3,train,matern2,9182,,,,3:0:3:9182,,val,18,104.00284191994477,,,,,,,0.055705359143555414,,,,,,,104.51310376118028,0.00546228523974718,,,,,0.09897745958173039,0.039363085070843185,,1,102,1,exact,0.00546228523974718,102,,,,,,7.625000216648914e-05,90cd40bd78af595ccea08e314beb1110caa1af95
dv3-train-matern2-009183,3,train,matern2,9183,,,,3:0:3:9183,,val,18,246.43054993960868,,,,,,,0.1296425463234689,,,,,,,253.17496666706938,0.008258483004335904,,,,,0.8077183678691882,0.09133136431505781,,1,250,1,exact,0.008258483004335904,261,,,,,,0.00012900000001536682,3c5f6cd6ffbb5c10f030257f1787fc7f0aa9c64f
dv3-train-matern2-009184,3,train,matern2,9184,,,,3:0:3:9184,,val,18,665.359745061984,,,,,,,0.34469866550826295,,,,,,,832.8649536058168,0.013363226852971909,,,,,7.03510134782246,0.23648876854034376,,1,658,1,exact,0.013363226852971909,857,,,,,,0.0003415419996599667,4c71dbf6736c08af10e27d42205887d88ecd23fe
dv3-train-matern2-009185,3,train,matern2,9185,,,,3:0:3:9185,,val,18,478.1247061111265,,,,,,,0.4283634159600347,,,,,,,712.5619144548502,0.019590331291179663,,,,,7.560851992106791,0.2875191602971577,,1,481,1,exact,0.019590331291179663,778,,,,,,0.00030704099845024757,13b516718c1c59e166b0f5a269f08c84ca73b1cf
dv3-train-matern2-009186,3,train,matern2,9186,,,,3:0:3:9186,,val,18,285.909930060707,,,,,,,0.14499087758922746,,,,,,,295.788633772276,0.008574840665383929,,,,,1.0485889546979468,0.10204651261122623,,1,284,1,exact,0.008574840665383929,301,,,,,,0.00015191599959507585,586d45e425e86b78ed0693f18be061ccbd52a21c
dv3-train-matern2-009187,3,train,matern2,9187,,,,3:0:3:9187,,val,18,431.49871211565375,,,,,,,0.07333789528633845,,,,,,,435.1857976165774,0.0035305201143742367,,,,,0.21540523141736842,0.0517969845240664,,1,428,1,exact,0.0035305201143742367,435,,,,,,0.00018037500194623135,5105bbd6861aedd8e0fa44990063604461711e05
dv3-train-matern2-009188,3,train,matern2,9188,,,,3:0:3:9188,,val,18,714.3265366756532,,,,,,,0.20555814500195663,,,,,,,766.4017148841208,0.007691061742456205,,,,,1.9770177978399865,0.14395736511984397,,1,727,1,exact,0.007691061742456205,808,,,,,,0.00029770800028927624,d837ab5659af311dc5cbd92dc8f09f09dff92ef6
dv3-train-matern2-009189,3,train,matern2,9189,,,,3:0:3:9189,,val,18,142.57433832319083,,,,,,,0.20907108157285823,,,,,,,153.36351751563535,0.017509481414014514,,,,,1.782235919163778,0.1463661740608261,,1,132,1,exact,0.017509481414014514,164,,,,,,9.995800064643845e-05,579ef15e93cb0ff7989935cd7569541211e433c6
dv3-train-matern2-009190,3,train,matern2,9190,,,,3:0:3:9190,,val,18,461.7004289262286,,,,,,,0.23296291845353745,,,,,,,506.19732952123707,0.010841931506209714,,,,,3.980464587112173,0.1626711083376866,,1,462,1,exact,0.010841931506209714,542,,,,,,0.00021429199841804802,9d6063084c723ee58f8a43d696ee47e97eb743d5
dv3-train-matern2-009191,3,train,matern2,9191,,,,3:0:3:9191,,val,18,268.0638865980158,,,,,,,0.0577722944839054,,,,,,,269.47918048099683,0.0035285840062875087,,,,,0.1332402694250488,0.04082155489518993,,1,249,1,exact,0.0035285840062875087,252,,,,,,0.00012216599861858413,d244bc027c5d3c9ff356b4ee0355c4e6c1d858c6
dv3-train-matern2-009192,3,train,matern2,9192,,,,3:0:3:9192,,val,18,454.4663133755964,,,,,,,0.0736244195659478,,,,,,,458.3804063430582,0.003453592044933729,,,,,0.21773455640148118,0.05199887029066596,,1,432,1,exact,0.003453592044933729,441,,,,,,0.00022770899886381812,6632b6e7723d2554b69b0ae001bc5eb86719e81a
dv3-train-matern2-009193,3,train,matern2,9193,,,,3:0:3:9193,,val,18,665.7685232261698,,,,,,,0.4647719053851394,,,,,,,1113.6408411753512,0.018012676057908246,,,,,9.332652984866384,0.3077942259827158,,1,690,1,exact,0.018012676057908246,1222,,,,,,0.0004853749996982515,21c9a08a2cebe65181215315100bebc48ac0a601
dv3-train-matern2-009194,3,train,matern2,9194,,,,3:0:3:9194,,val,18,357.81805526474557,,,,,,,0.19365771346658778,,,,,,,380.7144345647318,0.010237730061126113,,,,,2.709259534370777,0.1357773112660176,,1,368,1,exact,0.010237730061126113,403,,,,,,0.00016829199739731848,36830fce4c8dc303efc0ff13298a2f1f5b79b157
dv3-train-matern2-009195,3,train,matern2,9195,,,,3:0:3:9195,,val,18,342.47727392271486,,,,,,,0.2671400203416967,,,,,,,387.78431487169365,0.014435208985452674,,,,,3.8434225721788735,0.18572697178938777,,1,315,1,exact,0.014435208985452674,383,,,,,,0.00017341700004180893,4c29109c48c894b2743b275feb7916f3a903604f
dv3-train-matern2-009196,3,train,matern2,9196,,,,3:0:3:9196,,val,18,359.5760263502992,,,,,,,0.05296990995404363,,,,,,,361.1701816225473,0.0027934047691998993,,,,,0.10894074708499363,0.0374325603772779,,1,390,1,exact,0.0027934047691998993,397,,,,,,0.0001237500000570435,cac098283c3141a68a2cbd8e4c57d0e7eadfc383
dv3-train-matern2-009197,3,train,matern2,9197,,,,3:0:3:9197,,val,18,158.2791864123347,,,,,,,0.28756860779629206,,,,,,,183.27860330792672,0.022857544306176772,,,,,2.6722684936399834,0.19933098267832491,,1,149,1,exact,0.022857544306176772,184,,,,,,7.004099825280719e-05,e7f677c97828cd30a721d462a1d461d420bb91f9
dv3-train-matern2-009198,3,train,matern2,9198,,,,3:0:3:9198,,val,18,226.89148846412778,,,,,,,0.09957461910549625,,,,,,,230.50037545323642,0.006610579792443292,,,,,0.4226164415791277,0.07025710582188462,,1,216,1,exact,0.006610579792443292,227,,,,,,7.462500070687383e-05,fab30c67d1c15b196cb186c46d6aaabc3e8990fb
dv3-train-matern2-009199,3,train,matern2,9199,,,,3:0:3:9199,,val,18,604.4486393679659,,,,,,,0.3178094232653085,,,,,,,727.1334377813155,0.012926682085150376,,,,,6.139921058780637,0.21918007452859464,,1,609,1,exact,0.012926682085150376,776,,,,,,0.00020479200247791596,6d6bf75352e50183dfc7b052b5e4d2ba4cc4356a
dv3-train-matern2-009200,3,train,matern2,9200,,,,3:0:3:9200,,val,18,160.03728542996956,,,,,,,0.06525386106211337,,,,,,,161.1173464997151,0.005158169697624437,,,,,0.15404492855982302,0.04609871400946384,,1,185,1,exact,0.005158169697624437,188,,,,,,6.4208001276711e-05,8d9fa5ce2e5fa325bab3a2de84ba4108603001aa
dv3-train-matern2-009201,3,train,matern2,9201,,,,3:0:3:9201,,val,18,512.4856255471925,,,,,,,0.30256059306249244,,,,,,,604.2797188183337,0.013365078640058523,,,,,5.456646726325969,0.20921756660689414,,1,512,1,exact,0.013365078640058523,633,,,,,,0.00017033399853971787,7c4fa5b12db8f5b8585333cc1caaadf1b20c1512
dv3-train-matern2-009202,3,train,matern2,9202,,,,3:0:3:9202,,val,18,289.4120441047106,,,,,,,0.383395915066033,,,,,,,388.2558749940038,0.022536640709122955,,,,,5.207391935412619,0.2607064940076214,,1,286,1,exact,0.022536640709122955,442,,,,,,0.00011541700223460793,4c4a09274a4ac22559ea45b2ec8b438f31d714d9
dv3-train-matern2-009203,3,train,matern2,9203,,,,3:0:3:9203,,val,18,123.13898385017995,,,,,,,0.09806298982833987,,,,,,,125.0373706720653,0.008837050718138263,,,,,0.38716967055092255,0.06919512326534484,,1,112,1,exact,0.008837050718138263,118,,,,,,4.795800123247318e-05,0ceffc45d683cdf90311cdcd4c25180f43acf26e
dv3-train-matern2-009204,3,train,matern2,9204,,,,3:0:3:9204,,val,18,159.8309837229073,,,,,,,0.06735662189253014,,,,,,,160.98097055983976,0.0053278232881010705,,,,,0.16487196322789976,0.04758131050353756,,1,163,1,exact,0.0053278232881010705,166,,,,,,5.7792000006884336e-05,e0693f8fc0e9a6482780d957e95365951fc3a137
dv3-train-matern2-009205,3,train,matern2,9205,,,,3:0:3:9205,,val,18,321.0847409355598,,,,,,,0.4313986165045641,,,,,,,482.5457132565764,0.02407514517037114,,,,,6.15176739209919,0.28926519467174877,,1,315,1,exact,0.02407514517037114,514,,,,,,0.00013937499898020178,2adfd7dff282203fee2673f8b4985d5e2975cbc0
dv3-train-matern2-009206,3,train,matern2,9206,,,,3:0:3:9206,,val,18,326.2782724475832,,,,,,,0.09550418461131355,,,,,,,331.0442278532605,0.005287231471672701,,,,,0.37694920287112044,0.06739697206840987,,1,346,1,exact,0.005287231471672701,363,,,,,,9.820800187299028e-05,f29ca0551a88fcad8d995c6c5a1ffd5a48aa11ff
dv3-train-matern2-009207,3,train,matern2,9207,,,,3:0:3:9207,,val,18,594.3789452405719,,,,,,,0.5476224609636441,,,,,,,1797.782240242498,0.02246205798973778,,,,,10.650486058653971,0.34504040639008965,,1,602,1,exact,0.02246205798973778,1922,,,,,,0.0005027920014981646,9581db75dc84be46af97f8c8c0094162b4919401
dv3-train-matern2-009208,3,train,matern2,9208,,,,3:0:3:9208,,val,18,460.3768102956078,,,,,,,0.3937420782657648,,,,,,,631.0171871134509,0.018350804541424688,,,,,6.722202820162278,0.2670174504630166,,1,441,1,exact,0.018350804541424688,647,,,,,,0.0002235409992863424,5c66bb0af871afb412814a70e016d7c3b1291a75
dv3-train-matern2-009209,3,train,matern2,9209,,,,3:0:3:9209,,val,18,196.48539716844576,,,,,,,0.08154419990450831,,,,,,,198.56671237774762,0.005817386735655268,,,,,0.26511682459830427,0.057576846675251016,,1,185,1,exact,0.005817386735655268,194,,,,,,6.458399730036035e-05,c0ac562a3298a084b97013e8aec9c1606b4cbb33
dv3-train-matern2-009210,3,train,matern2,9210,,,,3:0:3:9210,,val,18,401.73820225099064,,,,,,,0.06960980736447497,,,,,,,404.82735581164667,0.0034729526804048224,,,,,0.19225762793625034,0.04916965823783021,,1,441,1,exact,0.0034729526804048224,450,,,,,,0.00011737499880837277,21cb5eccd941621d590b35a70d0494e1525892b8
dv3-train-matern2-009211,3,train,matern2,9211,,,,3:0:3:9211,,val,18,131.67776640512432,,,,,,,0.1020379011965542,,,,,,,133.87946240928537,0.008892119520632723,,,,,0.4336016829674968,0.07198719834961338,,1,128,1,exact,0.008892119520632723,131,,,,,,5.0999999075429514e-05,a833df1634c804138caa8f8cfdf09d525c3ae422
dv3-train-matern2-009212,3,train,matern2,9212,,,,3:0:3:9212,,val,18,347.42249175357796,,,,,,,0.1950854714248771,,,,,,,370.011828300961,0.010466367071816259,,,,,2.7989830016086583,0.136760294076192,,1,367,1,exact,0.010466367071816259,395,,,,,,0.00010575000123935752,8c567664a45642db6257bc2ad06f36e6209b2955
dv3-train-matern2-009213,3,train,matern2,9213,,,,3:0:3:9213,,val,18,175.18851509501988,,,,,,,0.16678217387601127,,,,,,,183.32053321016917,0.012600762164134855,,,,,1.61629534519124,0.11720041260632418,,1,178,1,exact,0.012600762164134855,196,,,,,,6.450000000768341e-05,3bb1a376983db11855a1393d633d71982c905f6e
dv3-train-matern2-009214,3,train,matern2,9214,,,,3:0:3:9214,,val,18,188.4588480439229,,,,,,,0.08164336287919538,,,,,,,190.46006746815107,0.005947201028570302,,,,,0.2638087687424804,0.05764665861232052,,1,176,1,exact,0.005947201028570302,182,,,,,,6.429099812521599e-05,97c603b70ed36881e997a560d5b16808fda131a6
dv3-train-matern2-009215,3,train,matern2,9215,,,,3:0:3:9215,,val,18,270.0791533623452,,,,,,,0.3365216129489564,,,,,,,333.79462746781985,0.020477051854218636,,,,,4.351396545759629,0.2312626933159919,,1,253,1,exact,0.020477051854218636,335,,,,,,0.00010116699922946282,1a6be000178d22b732f2e88365cc7edf64707407
dv3-train-matern2-009216,3,train,matern2,9216,,,,3:0:3:9216,,val,18,137.00797162348098,,,,,,,0.07487164258923683,,,,,,,138.22875093926586,0.006396530024350852,,,,,0.19898016381625394,0.05287760067749872,,1,135,1,exact,0.006396530024350852,137,,,,,,5.191599848330952e-05,c13217208b2e63c83868f9ff5e241bd12363f257
dv3-train-matern2-009217,3,train,matern2,9217,,,,3:0:3:9217,,val,18,300.5675989948978,,,,,,,0.39919406249356704,,,,,,,416.90826071843685,0.023025707956067298,,,,,5.520521137440767,0.27031145560919007,,1,301,1,exact,0.023025707956067298,430,,,,,,0.0001247079999302514,e4faeb60cef03cfd50520016c7930eaed2008545
dv3-train-matern2-009218,3,train,matern2,9218,,,,3:0:3:9218,,val,18,309.6188714438219,,,,,,,0.20214581299454393,,,,,,,331.3759282944169,0.011488174896138757,,,,,2.7742497290844614,0.1416149201876491,,1,288,1,exact,0.011488174896138757,332,,,,,,0.00010058299812953919,a0fe7b9a82a6fd1c093f79d163942f1bfe43f376
dv3-train-matern2-009219,3,train,matern2,9219,,,,3:0:3:9219,,val,18,354.6216802261107,,,,,,,0.5078802122365071,,,,,,,727.5680414867876,0.02696985743902361,,,,,7.523851817503198,0.32932087351739114,,1,355,1,exact,0.02696985743902361,822,,,,,,0.00022770800205762498,c021cbf7f128b774558bf01da0ea3c5cf1dd7e21
dv3-train-matern2-009220,3,train,matern2,9220,,,,3:0:3:9220,,val,18,731.3574469350397,,,,,,,0.301870701751548,,,,,,,861.6076071678547,0.011162362453540665,,,,,6.341532884864045,0.20876454637342137,,1,742,1,exact,0.011162362453540665,936,,,,,,0.00025604199981899,1bd4b17ade66cc8f98f9628e1c87a505f0da1fc7
dv3-train-matern2-009221,3,train,matern2,9221,,,,3:0:3:9221,,val,18,134.58710550080195,,,,,,,0.07636708215564247,,,,,,,135.83529722991926,0.0065827061810636665,,,,,0.20750106472913743,0.05393106782483178,,1,105,1,exact,0.0065827061810636665,110,,,,,,4.824999996344559e-05,6c2c90ff8523aba0a7fba7e942083acc7584e8bd
dv3-train-matern2-009222,3,train,matern2,9222,,,,3:0:3:9222,,val,18,464.73291666886445,,,,,,,0.30370220907568213,,,,,,,548.7643948420974,0.014087899141513809,,,,,5.13372487619954,0.20996679033585727,,1,472,1,exact,0.014087899141513809,585,,,,,,0.00015420800264109857,18584dd43306321ddacb01cd41dfbd160283dbc8
dv3-train-matern2-009223,3,train,matern2,9223,,,,3:0:3:9223,,val,18,146.69445078566918,,,,,,,0.1171018944154607,,,,,,,149.94805118392927,0.009668454954400666,,,,,0.6630131314851536,0.0825540077465082,,1,130,1,exact,0.009668454954400666,136,,,,,,5.5165997764561325e-05,b9fce61d7bf331646ce165fb4dd5b222d1ea5575
dv3-train-matern2-009224,3,train,matern2,9224,,,,3:0:3:9224,,val,18,390.0257638215752,,,,,,,0.31862430487350607,,,,,,,469.71435457847633,0.016133635948838813,,,,,5.003846127723973,0.2197096331600307,,1,395,1,exact,0.016133635948838813,521,,,,,,0.0001458750011806842,d6ca0838bc5b065233b033efbf6712b388cccd16
dv3-train-matern2-009225,3,train,matern2,9225,,,,3:0:3:9225,,val,18,274.61944334860146,,,,,,,0.24170343725303686,,,,,,,303.401946806067,0.014585361085187048,,,,,3.145090179828749,0.16859955528999077,,1,277,1,exact,0.014585361085187048,321,,,,,,9.687499914434738e-05,d2e59e2788336baefd9e469ca81d15e3bfd594b8
dv3-train-matern2-009226,3,train,matern2,9226,,,,3:0:3:9226,,val,18,167.8091385206943,,,,,,,0.08230812736826486,,,,,,,169.62063865163375,0.006353820141426245,,,,,0.2613924502954972,0.05811464132266091,,1,172,1,exact,0.006353820141426245,180,,,,,,6.4208001276711e-05,43b0419c01bea4e4a35346f505a6101687b2cea8
dv3-train-matern2-009227,3,train,matern2,9227,,,,3:0:3:9227,,val,18,266.18476803166817,,,,,,,0.5143318567324485,,,,,,,569.5632288560638,0.03152476257929635,,,,,6.616457754624295,0.33221875330732786,,1,264,1,exact,0.03152476257929635,670,,,,,,0.00018483399981050752,48ad535f6a3436475ef7043e6316585ed431e4f1
dv3-train-matern2-009228,3,train,matern2,9228,,,,3:0:3:9228,,val,18,407.6508268487399,,,,,,,0.05567673551115193,,,,,,,409.64878716828173,0.002757589391255149,,,,,0.1219756310916531,0.039342886107243846,,1,404,1,exact,0.002757589391255149,412,,,,,,0.00011566699686227366,5314d7eea51bf7d76a7f1b8571126ac8ac07382d
dv3-train-matern2-009229,3,train,matern2,9229,,,,3:0:3:9229,,val,18,394.6468298266656,,,,,,,0.2870258632687683,,,,,,,456.69230963555873,0.014448299066860211,,,,,4.433620433133401,0.19897146225768947,,1,379,1,exact,0.014448299066860211,477,,,,,,0.00013391600077738985,3566a6e6e2a61f2baf44da172b517605a895b63a
dv3-train-matern2-009230,3,train,matern2,9230,,,,3:0:3:9230,,val,18,291.83284178250096,,,,,,,0.2559896027846665,,,,,,,326.7589401724508,0.014984948143192034,,,,,3.4489008148044555,0.17824306919610178,,1,289,1,exact,0.014984948143192034,343,,,,,,0.00010449999899719842,8ce25bf0f4e584667f4456a5f865527ed1ec3b19
dv3-train-matern2-009231,3,train,matern2,9231,,,,3:0:3:9231,,val,18,780.1568444005704,,,,,,,0.05955809397263188,,,,,,,784.5363482197637,0.0021323074740102394,,,,,0.1409829573529919,0.04208146533107324,,1,792,1,exact,0.0021323074740102394,802,,,,,,0.0001945410003827419,96582f6edd99e4fe6e255fde898b7be940c4b946
dv3-train-matern2-009232,3,train,matern2,9232,,,,3:0:3:9232,,val,18,106.82821478304388,,,,,,,0.16551614576202467,,,,,,,111.70740218908321,0.01601390984758153,,,,,1.1610207662168592,0.11632208942282812,,1,101,1,exact,0.01601390984758153,118,,,,,,4.9459002184448764e-05,6985e4b4221a5455a8a0b0384c39dd8d52b215ed
dv3-train-matern2-009233,3,train,matern2,9233,,,,3:0:3:9233,,val,18,177.47415466601893,,,,,,,0.08118774672031351,,,,,,,179.33745913782167,0.006094287383720967,,,,,0.25668371648632354,0.057325893086199384,,1,162,1,exact,0.006094287383720967,167,,,,,,5.6832999689504504e-05,0e1baba339209523e48643d2347ab70385e77de9
dv3-train-matern2-009234,3,train,matern2,9234,,,,3:0:3:9234,,val,18,349.57298177284275,,,,,,,0.4462910309599802,,,,,,,549.042135674733,0.02386982469642587,,,,,6.489422589793278,0.2976935700133598,,1,353,1,exact,0.02386982469642587,608,,,,,,0.0001764999979059212,1db52f1d5ec4210624cb65d0ebc27847b5ff1bbe
dv3-train-matern2-009235,3,train,matern2,9235,,,,3:0:3:9235,,val,18,295.73373246158275,,,,,,,0.40462984408752556,,,,,,,415.282071902993,0.023529217234293225,,,,,5.55798421509793,0.27357278549971537,,1,315,1,exact,0.023529217234293225,458,,,,,,0.00012458299897843972,1192d3fae4d1a774733ae5abcbdbfc378de069a8
dv3-train-matern2-009236,3,train,matern2,9236,,,,3:0:3:9236,,val,18,366.00901208038795,,,,,,,0.15367097916376263,,,,,,,380.29696130763836,0.008032411866005567,,,,,1.1006575399765244,0.10809161536920947,,1,389,1,exact,0.008032411866005567,422,,,,,,0.00011862500105053186,16dabdbde33544248c36487a8a8acca66c1fad3a
dv3-train-matern2-009237,3,train,matern2,9237,,,,3:0:3:9237,,val,18,161.07135274085803,,,,,,,0.3611841784636909,,,,,,,207.25748865812676,0.02845899536414538,,,,,3.47197600755967,0.24691541418043064,,1,172,1,exact,0.02845899536414538,248,,,,,,8.058399907895364e-05,b25467ffe37eb566650dcadcdf4c69113fc8cf79
dv3-train-matern2-009238,3,train,matern2,9238,,,,3:0:3:9238,,val,18,113.87668377410081,,,,,,,0.34856590684809285,,,,,,,143.43650649419283,0.0326638596517051,,,,,2.7416879911669154,0.238948183780812,,1,110,1,exact,0.0326638596517051,154,,,,,,5.97910002397839e-05,8aba443a6dce6a703ae99388caf06d5daa71e9e2
dv3-train-matern2-009239,3,train,matern2,9239,,,,3:0:3:9239,,val,18,381.9743269217841,,,,,,,0.12222243950946057,,,,,,,391.2280603355178,0.006253654166796772,,,,,0.632485456136697,0.08614020867918958,,1,391,1,exact,0.006253654166796772,414,,,,,,0.00011579100100789219,ec5cd8e91e6573e31a7ae79aaa9bb14eada63f74
dv3-train-matern2-009240,3,train,matern2,9240,,,,3:0:3:9240,,val,18,610.8996938438332,,,,,,,0.10241593627699129,,,,,,,621.1916787265762,0.004143645429643664,,,,,0.42768580061137695,0.07225266036812059,,1,603,1,exact,0.004143645429643664,619,,,,,,0.00015704199904575944,5bd0b1184e07b90bbc5badb406dd93ebf54f079d
dv3-train-matern2-009241,3,train,matern2,9241,,,,3:0:3:9241,,val,18,210.05688374246483,,,,,,,0.16943447777263987,,,,,,,220.14035959231617,0.011690506542042374,,,,,1.8082939863519811,0.11903959645378052,,1,194,1,exact,0.011690506542042374,205,,,,,,6.66250016365666e-05,07322ce46aa882f74bf5b7756c225373653f2c74
dv3-train-matern2-009242,3,train,matern2,9242,,,,3:0:3:9242,,val,18,257.95672384697457,,,,,,,0.07274813150347031,,,,,,,260.1252161356549,0.004529480735538399,,,,,0.21514721681471985,0.05138141767701356,,1,254,1,exact,0.004529480735538399,265,,,,,,8.220900053856894e-05,c26c8caae5cf4766d06c985a7110d59d03b93fbf
dv3-train-matern2-009243,3,train,matern2,9243,,,,3:0:3:9243,,val,18,244.35972443833188,,,,,,,0.14872871768696497,,,,,,,253.26540897416805,0.009514369642819273,,,,,1.233605638864566,0.10465103867026235,,1,260,1,exact,0.009514369642819273,285,,,,,,8.858299770508893e-05,03e4dae18fc5b28264465ab0572080be99279cfa
dv3-train-matern2-009244,3,train,matern2,9244,,,,3:0:3:9244,,val,18,105.91733887881298,,,,,,,0.09474893889046496,,,,,,,107.43963421038707,0.009206420866164484,,,,,0.3690504743500136,0.06686612340914146,,1,121,1,exact,0.009206420866164484,131,,,,,,5.229199814493768e-05,9cc7c77fec9f6004730252540b26fd07b0a1601d
dv3-train-matern2-009245,3,train,matern2,9245,,,,3:0:3:9245,,val,18,142.13620704286822,,,,,,,0.3808146795436539,,,,,,,189.70241752736945,0.03194194224792495,,,,,3.3566586980360125,0.2591202867760219,,1,129,1,exact,0.03194194224792495,207,,,,,,7.083300079102628e-05,113e15d3cb637c9cbf68f8f1d039c2130f4a060f
dv3-train-matern2-009246,3,train,matern2,9246,,,,3:0:3:9246,,val,18,116.22648012467882,,,,,,,0.0836789437519811,,,,,,,117.52391496379369,0.007761821426211929,,,,,0.2553689858052341,0.05907956393904661,,1,113,1,exact,0.007761821426211929,118,,,,,,4.462499782675877e-05,81cd3071bdf7bca907b484f55db85506f0ebf0b8
dv3-train-matern2-009247,3,train,matern2,9247,,,,3:0:3:9247,,val,18,349.7376222722002,,,,,,,0.0943878084817246,,,,,,,354.72524601722466,0.005047132731090917,,,,,0.36314326300522487,0.06661227317656987,,1,307,1,exact,0.005047132731090917,321,,,,,,9.575000149197876e-05,2db3d69d305b8ccb7209c8f7a237a136f86472f8
dv3-train-matern2-009248,3,train,matern2,9248,,,,3:0:3:9248,,val,18,538.2077354657628,,,,,,,0.05539497819384437,,,,,,,540.818772511602,0.0023877861457312784,,,,,0.12204709808786843,0.03914405493366094,,1,557,1,exact,0.0023877861457312784,567,,,,,,0.0001557079995109234,ec171f4076eec85f8b49bed9762b74fb2945cb16
dv3-train-matern2-009249,3,train,matern2,9249,,,,3:0:3:9249,,val,18,153.6896950976224,,,,,,,0.21133829062616472,,,,,,,165.60051834089666,0.01704730831785992,,,,,1.897533394706106,0.14791930950606821,,1,168,1,exact,0.01704730831785992,196,,,,,,6.799999755457975e-05,444dc121f1ddfa35d134b49622c97ba17b48fda5
dv3-train-matern2-009250,3,train,matern2,9250,,,,3:0:3:9250,,val,18,118.31247262051137,,,,,,,0.12574464807621705,,,,,,,121.35208573297245,0.011560436814683476,,,,,0.8552319875448102,0.08860521009189525,,1,127,1,exact,0.011560436814683476,134,,,,,,5.3416999435285106e-05,a905a42b1290ced8d06f81613f47a254af2e9d5f
dv3-train-matern2-009251,3,train,matern2,9251,,,,3:0:3:9251,,val,18,126.33572496055949,,,,,,,0.06010531686281711,,,,,,,127.05811789532787,0.005347487801984002,,,,,0.11946594611131363,0.04246750481530195,,1,127,1,exact,0.005347487801984002,128,,,,,,5.145899922354147e-05,28bc21f0acd4a2476bd4396a1048df3e4c823810
dv3-train-matern2-009252,3,train,matern2,9252,,,,3:0:3:9252,,val,18,148.14412988827098,,,,,,,0.2758347629968575,,,,,,,169.29751974772992,0.02266244561734087,,,,,2.449986841222895,0.1915347039550351,,1,145,1,exact,0.02266244561734087,175,,,,,,6.08750015089754e-05,4cbf1f76f7cc4fe84fa896fd4ed43467f063b6b9
dv3-train-matern2-009253,3,train,matern2,9253,,,,3:0:3:9253,,val,18,394.68110405087185,,,,,,,0.15738724162375226,,,,,,,410.8843752169746,0.007922210116500317,,,,,1.1573303142857856,0.11067623688821723,,1,425,1,exact,0.007922210116500317,454,,,,,,0.0001246249994437676,c50814c7f647e883c405cc8b9813574accd8d508
dv3-train-matern2-009254,3,train,matern2,9254,,,,3:0:3:9254,,val,18,555.227224753543,,,,,,,0.26130356543257877,,,,,,,624.9497512852499,0.011089448775087506,,,,,4.798919355255277,0.18181455935018834,,1,519,1,exact,0.011089448775087506,598,,,,,,0.0001654170009715017,bf71573960e51b36a3daf4ffb41c98ceb39496b9
dv3-train-matern2-009255,3,train,matern2,9255,,,,3:0:3:9255,,val,18,180.40546770561747,,,,,,,0.05513236199767301,,,,,,,181.2723469126415,0.0041047031163827,,,,,0.11227090191652402,0.038958727633955956,,1,194,1,exact,0.0041047031163827,201,,,,,,6.720799865433946e-05,fe32d0e72936129b699d6f8a0fa43757fc9164c5
dv3-train-matern2-009256,3,train,matern2,9256,,,,3:0:3:9256,,val,18,154.1998975194945,,,,,,,0.16297935525788312,,,,,,,161.0156555073356,0.013124735286918968,,,,,1.423161725662396,0.11456134909597605,,1,143,1,exact,0.013124735286918968,160,,,,,,5.900000178371556e-05,1181f9ad4a2bf43b3238c2661112a661eeea5f52
dv3-train-matern2-009257,3,train,matern2,9257,,,,3:0:3:9257,,val,18,361.46852141627534,,,,,,,0.3458327573105986,,,,,,,453.28996707374097,0.01818992406122091,,,,,5.212983997491567,0.23721083497196557,,1,354,1,exact,0.01818992406122091,471,,,,,,0.00012458299897843972,bcd739c79f3ba8bb71e4b37c12f7f7b4104479fd
dv3-train-matern2-009258,3,train,matern2,9258,,,,3:0:3:9258,,val,18,195.73549831140522,,,,,,,0.06180981268673304,,,,,,,196.91962141642745,0.004417968647716241,,,,,0.1460505012584445,0.043669836765219905,,1,200,1,exact,0.004417968647716241,205,,,,,,6.416600081138313e-05,8b9f000fb2d65c72393fba891e1b83a806330260
dv3-train-matern2-009259,3,train,matern2,9259,,,,3:0:3:9259,,val,18,209.59869326917575,,,,,,,0.11647101246760767,,,,,,,214.19604728107527,0.008044954003388668,,,,,0.6167772384548939,0.08211195816491652,,1,225,1,exact,0.008044954003388668,239,,,,,,7.604200072819367e-05,51c1c414a0df0b20d85014fcaac1bb4fd3faabf6
dv3-train-matern2-009260,3,train,matern2,9260,,,,3:0:3:9260,,val,18,435.3832555703301,,,,,,,0.3993126758933545,,,,,,,604.0663187807512,0.019137148880387776,,,,,6.712705040322961,0.2703828679222738,,1,437,1,exact,0.019137148880387776,654,,,,,,0.00018420899868942797,9a4d14a013d98ef2cdc3f8c53722f98e874c01a6
dv3-train-matern2-009261,3,train,matern2,9261,,,,3:0:3:9261,,val,18,202.99747681894814,,,,,,,0.2722166923254871,,,,,,,231.08179145035976,0.019105985011184892,,,,,3.0365593536236495,0.18912105840980717,,1,195,1,exact,0.019105985011184892,227,,,,,,7.362500036833808e-05,7325ac77f159399a7f5f3fa48f2bd30f048e1f06
dv3-train-matern2-009262,3,train,matern2,9262,,,,3:0:3:9262,,val,18,710.7384761156504,,,,,,,0.0706373630423241,,,,,,,716.3679405296434,0.0026495954228539288,,,,,0.1995015825827566,0.04989390847452265,,1,633,1,exact,0.0026495954228539288,642,,,,,,0.00015979200179572217,106c7fcf1a3bdd9fff0a8ca40b3d352dca0d9bfd
dv3-train-matern2-009263,3,train,matern2,9263,,,,3:0:3:9263,,val,18,791.3975745104894,,,,,,,0.05730167106328548,,,,,,,795.5076394664643,0.0020369010396270844,,,,,0.13040409160643482,0.04048949371768722,,1,794,1,exact,0.0020369010396270844,808,,,,,,0.00047400000039488077,aed7aae9ba7f8817d649a8ac571c65d018e4764f
dv3-train-matern2-009264,3,train,matern2,9264,,,,3:0:3:9264,,val,18,403.91455016716907,,,,,,,0.09293197545023706,,,,,,,409.49520897425907,0.004624027625349758,,,,,0.35108616908241397,0.06558880315302441,,1,398,1,exact,0.004624027625349758,413,,,,,,0.00019350000002305023,f57dd14d353bfdbae328582adf7542e023659b17
dv3-train-matern2-009265,3,train,matern2,9265,,,,3:0:3:9265,,val,18,166.108829252765,,,,,,,0.40215991523122296,,,,,,,231.94380428540248,0.031203436184615706,,,,,3.8920055817588786,0.2720937846724943,,1,160,1,exact,0.031203436184615706,251,,,,,,0.000131665998196695,a3ccaf4b9196de0a8843e143c6d5d98cff67a12d
dv3-train-matern2-009266,3,train,matern2,9266,,,,3:0:3:9266,,val,18,452.5116528959555,,,,,,,0.15531562185957787,,,,,,,470.5770552225852,0.007301301055545794,,,,,1.0979638990892835,0.1092357131269995,,1,432,1,exact,0.007301301055545794,468,,,,,,0.00019024999710381962,93310d667c583a753243df43d3328fe4efcf400d
dv3-train-matern2-009267,3,train,matern2,9267,,,,3:0:3:9267,,val,18,242.5675091655377,,,,,,,0.2373400129578967,,,,,,,266.95483087448173,0.015238936080948824,,,,,2.9516124045364065,0.16564255852876117,,1,255,1,exact,0.015238936080948824,303,,,,,,0.00014016599743627012,7d28185a6acf31ff1a68df9fda15d0cb8cd96e16
dv3-train-matern2-009268,3,train,matern2,9268,,,,3:0:3:9268,,val,18,246.59898253004422,,,,,,,0.3535175760743644,,,,,,,313.1637970103424,0.022512066894916603,,,,,4.4222160117189615,0.24208538754603165,,1,262,1,exact,0.022512066894916603,369,,,,,,0.00016274999870802276,21009d8e593f6418185b09f1adaa8041a6c59372
dv3-train-matern2-009269,3,train,matern2,9269,,,,3:0:3:9269,,val,18,560.5436642691427,,,,,,,0.45760527430160264,,,,,,,913.8739733967222,0.019327972425530544,,,,,8.529890343697902,0.30392851458823156,,1,573,1,exact,0.019327972425530544,982,,,,,,0.0003869170031975955,6d2b83e3027294dd589b04e80b117172725e5752
dv3-train-matern2-009270,3,train,matern2,9270,,,,3:0:3:9270,,val,18,174.21531176438057,,,,,,,0.14195671822864156,,,,,,,179.9743552445676,0.010755058809883986,,,,,1.3675511039145787,0.09993082978526548,,1,167,1,exact,0.010755058809883986,177,,,,,,9.845900058280677e-05,090d9a8211e3ae6d07ccfc9c60d09f32b33d936f
dv3-train-matern2-009271,3,train,matern2,9271,,,,3:0:3:9271,,val,18,126.15661653604052,,,,,,,0.05214295060989982,,,,,,,126.69849640796117,0.0046423789301385165,,,,,0.08806499082911412,0.036848866150554965,,1,117,1,exact,0.0046423789301385165,119,,,,,,8.433399852947332e-05,dc593ceab9134a5daa056fe38b1292d4589c52ec
dv3-train-matern2-009272,3,train,matern2,9272,,,,3:0:3:9272,,val,18,410.60421925366677,,,,,,,0.05165772315698711,,,,,,,412.3350299519823,0.0025493153244494616,,,,,0.10483858825191988,0.036506361737655216,,1,423,1,exact,0.0025493153244494616,431,,,,,,0.00017387499974574894,81c1bcfe9ea5cf06f2efa5d906510770eda53892
dv3-train-matern2-009273,3,train,matern2,9273,,,,3:0:3:9273,,val,18,248.79086409515008,,,,,,,0.12768667027501931,,,,,,,255.38870273482434,0.008095214254643046,,,,,0.7742958454281103,0.08996367904272178,,1,227,1,exact,0.008095214254643046,239,,,,,,0.00011729100151569583,cc97222597c9b8ce9b124487278ac9af796442e8
dv3-train-matern2-009274,3,train,matern2,9274,,,,3:0:3:9274,,val,18,549.1933590527397,,,,,,,0.08988148341505275,,,,,,,556.282812595512,0.0038353728793213714,,,,,0.3283505609590862,0.0634436648912892,,1,557,1,exact,0.0038353728793213714,567,,,,,,0.00021566699797404,836b9ea026235fc600a1634a9d77cd588ad0b1ce
dv3-train-matern2-009275,3,train,matern2,9275,,,,3:0:3:9275,,val,18,309.3301266780367,,,,,,,0.44572392854877185,,,,,,,484.97345689150353,0.025342814222171692,,,,,6.157976483945409,0.29737706054464,,1,314,1,exact,0.025342814222171692,558,,,,,,0.00022441699911723845,a8c3a640a20a13a10360e264224ff50a01fb1377
dv3-train-matern2-009276,3,train,matern2,9276,,,,3:0:3:9276,,val,18,137.81615442263669,,,,,,,0.0887678215263657,,,,,,,139.55065096669273,0.007561457198990731,,,,,0.2979263310561171,0.06266032744924066,,1,131,1,exact,0.007561457198990731,137,,,,,,9.36659998842515e-05,ad40f31065d3411a15ee579301a9c71e7a042dff
dv3-train-matern2-009277,3,train,matern2,9277,,,,3:0:3:9277,,val,18,241.91846010703108,,,,,,,0.08454109605527092,,,,,,,244.6757806678973,0.005435423270237534,,,,,0.2953743161326787,0.05968636034354276,,1,237,1,exact,0.005435423270237534,242,,,,,,0.00011741599882952869,5cefec2ec0586ed608eb0c6afca2b854b4352cba
dv3-train-matern2-009278,3,train,matern2,9278,,,,3:0:3:9278,,val,18,511.2250722930276,,,,,,,0.24540257654638756,,,,,,,566.7063846211773,0.010853580848819558,,,,,4.4193280035615246,0.1711022298700035,,1,487,1,exact,0.010853580848819558,572,,,,,,0.0002230829995824024,edf92939633d3dd6d1b39be711046ee3da0cc511
dv3-train-matern2-009279,3,train,matern2,9279,,,,3:0:3:9279,,val,18,248.12175264735438,,,,,,,0.12650002762898324,,,,,,,254.57585291178285,0.008030788719038461,,,,,0.7559082586401235,0.08913366287871215,,1,270,1,exact,0.008030788719038461,280,,,,,,0.0001303329991060309,c75a88dd0a1f57f556f837f147d0c2be1fb82199
dv3-train-matern2-009280,3,train,matern2,9280,,,,3:0:3:9280,,val,18,340.22093189116896,,,,,,,0.06058001904520462,,,,,,,342.1974189877276,0.0032843459063667782,,,,,0.14450053229131332,0.04280237085969166,,1,349,1,exact,0.0032843459063667782,360,,,,,,0.00015016700126579963,8a64918ac8d5e9d70e7c84c4eaf85f627d970eba
dv3-train-matern2-009281,3,train,matern2,9281,,,,3:0:3:9281,,val,18,493.9710483222359,,,,,,,0.08027613958642149,,,,,,,499.0398579191401,0.0036119001148940725,,,,,0.261028979638243,0.056684050652107285,,1,532,1,exact,0.0036119001148940725,549,,,,,,0.000270874999841908,b4ad1c248bfdcbdb80fa093e3dde7db4b6a96afe
dv3-train-matern2-009282,3,train,matern2,9282,,,,3:0:3:9282,,val,18,239.4223360617597,,,,,,,0.40300269705520214,,,,,,,334.9553466035309,0.02604507549671825,,,,,4.9532254923486745,0.27259899185738934,,1,238,1,exact,0.02604507549671825,373,,,,,,0.0001935420004883781,8020c2b29757e5dd80a5dfec38ee1a5e4cf91696
dv3-train-matern2-009283,3,train,matern2,9283,,,,3:0:3:9283,,val,18,354.7262682638836,,,,,,,0.05599038910248338,,,,,,,356.4846106531201,0.0029728076544746356,,,,,0.12224964123416406,0.03956422108933341,,1,345,1,exact,0.0029728076544746356,349,,,,,,0.00016620899987174198,ef7fd40ff940b696289c853250a0109ebf327970
dv3-train-matern2-009284,3,train,matern2,9284,,,,3:0:3:9284,,val,18,135.0363353170211,,,,,,,0.18791987639620553,,,,,,,143.13154398798363,0.01617139169300636,,,,,1.5864491783660446,0.1318227526566482,,1,124,1,exact,0.01617139169300636,136,,,,,,9.908300125971437e-05,d68bba8fedf926711675c53e4c14d27fc95e2b6a
dv3-train-matern2-009285,3,train,matern2,9285,,,,3:0:3:9285,,val,18,659.0186253681107,,,,,,,0.17023778339269283,,,,,,,690.9742974246052,0.006631428804871749,,,,,1.2723548453652305,0.11959639234995804,,1,667,1,exact,0.006631428804871749,726,,,,,,0.00029224999889265746,00d5b7d99118fa054ef8948e25010b522b84460a
dv3-train-matern2-009286,3,train,matern2,9286,,,,3:0:3:9286,,val,18,752.1575647682913,,,,,,,0.17102585845759935,,,,,,,788.9904446071273,0.006236018072673005,,,,,1.2679479192123009,0.12014252224008752,,1,792,1,exact,0.006236018072673005,849,,,,,,0.00033083299786085263,68bd54422e055884767f0e36722cd0b858e35d44
dv3-train-matern2-009287,3,train,matern2,9287,,,,3:0:3:9287,,val,18,728.1084060238597,,,,,,,0.16217564774564128,,,,,,,759.9560083426218,0.00601018193397088,,,,,1.1312596948103177,0.1140032875178186,,1,785,1,exact,0.00601018193397088,833,,,,,,0.0003035000008821953,4700efdc722f6f492a0ede3c20736ec53e7a25db
dv3-train-matern2-009288,3,train,matern2,9288,,,,3:0:3:9288,,val,18,449.4094603589021,,,,,,,0.0833007991607432,,,,,,,454.3803043658044,0.0039294164843174835,,,,,0.2807220676132913,0.058813401280007616,,1,476,1,exact,0.0039294164843174835,492,,,,,,0.00019700000120792538,eca05488cd38177562f4871c2c05853c145a4fc2
dv3-train-matern2-009289,3,train,matern2,9289,,,,3:0:3:9289,,val,18,328.4081088877643,,,,,,,0.05753487294687424,,,,,,,330.12768006008645,0.0031748573916102257,,,,,0.13052162271516568,0.04065403714133283,,1,309,1,exact,0.0031748573916102257,314,,,,,,0.00014266600192058831,fbb0d8e54baf43898cee5e9428b8b3f0608433f8
dv3-train-matern2-009290,3,train,matern2,9290,,,,3:0:3:9290,,val,18,110.39826702378677,,,,,,,0.10012733925574209,,,,,,,112.17420777712815,0.009529531445882226,,,,,0.43800932328560227,0.07064536085153705,,1,95,1,exact,0.009529531445882226,102,,,,,,8.479199823341332e-05,e081e1d064098f35342244a2ec65fe14bb74d71f
dv3-train-matern2-009291,3,train,matern2,9291,,,,3:0:3:9291,,val,18,118.22862342194693,,,,,,,0.3422166441920156,,,,,,,147.41268385424388,0.03147312102490853,,,,,2.7668394035387864,0.23490612218361778,,1,124,1,exact,0.03147312102490853,186,,,,,,0.00010770799781312235,3b62236110da7b6b2a9724052b3959c7cb5e387d
dv3-train-matern2-009292,3,train,matern2,9292,,,,3:0:3:9292,,val,18,278.80531004708234,,,,,,,0.13807417510264033,,,,,,,287.50363106029425,0.008269170313110186,,,,,0.925234506788257,0.09722169775608044,,1,291,1,exact,0.008269170313110186,311,,,,,,0.00014237499999580905,01d1d69d4912cb8da30a55e10483b8403b49dcec
dv3-train-matern2-009293,3,train,matern2,9293,,,,3:0:3:9293,,val,18,102.37435229259053,,,,,,,0.2267840164050949,,,,,,,111.65990700327261,0.022413870529612932,,,,,1.6444654779123926,0.15846789908150524,,1,107,1,exact,0.022413870529612932,120,,,,,,8.754199734539725e-05,0069886f03d252d6954abc35cbab4902bb982398
dv3-train-matern2-009294,3,train,matern2,9294,,,,3:0:3:9294,,val,18,320.763196069449,,,,,,,0.23450838114884387,,,,,,,352.1440977516655,0.013093812046992722,,,,,3.245372812865666,0.16372085150999585,,1,325,1,exact,0.013093812046992722,369,,,,,,0.00016045799929997884,6487130e5113168f55e5beb8f87e863f3983cb8b
dv3-train-matern2-009295,3,train,matern2,9295,,,,3:0:3:9295,,val,18,252.63277866259327,,,,,,,0.42153746795978464,,,,,,,369.7306118097956,0.0265210877887692,,,,,5.336830925559171,0.28355992508011374,,1,255,1,exact,0.0265210877887692,409,,,,,,0.00018091599849867634,1a3c578b04119affa50a73d58da35b899c633cbb
dv3-train-matern2-009296,3,train,matern2,9296,,,,3:0:3:9296,,val,18,178.26719487207808,,,,,,,0.1285766562618804,,,,,,,183.06329919157818,0.009630002770221779,,,,,0.8668074900623234,0.09058607901251438,,1,179,1,exact,0.009630002770221779,192,,,,,,0.00010562500028754584,21e7b62460d25acda8390688adabf001dedba8cd
dv3-train-matern2-009297,3,train,matern2,9297,,,,3:0:3:9297,,val,18,284.34879114627745,,,,,,,0.10371415094842125,,,,,,,289.2643393022914,0.006150526913531349,,,,,0.4614309904818832,0.0731641798973667,,1,266,1,exact,0.006150526913531349,276,,,,,,0.0001318340000580065,0fa9578a1b78dd24423aa51557e9505206dbcb20
dv3-train-matern2-009298,3,train,matern2,9298,,,,3:0:3:9298,,val,18,344.5627514236074,,,,,,,0.29984890909566986,,,,,,,404.90487992417013,0.01615356225516974,,,,,4.40880106871669,0.20743582528098917,,1,347,1,exact,0.01615356225516974,441,,,,,,0.0001829169996199198,143ed5e6c50afd27e8ce8d54ce7de7c90348da3b
dv3-train-matern2-009299,3,train,matern2,9299,,,,3:0:3:9299,,val,18,301.0455021393073,,,,,,,0.15255359453415648,,,,,,,312.61833688608743,0.008792378461218683,,,,,1.1841711953234046,0.1073140673190495,,1,308,1,exact,0.008792378461218683,324,,,,,,0.00014454100164584816,138eca8e41a1970bdde19b9fffa78411838a916e
dv3-train-matern2-009300,3,train,matern2,9300,,,,3:0:3:9300,,val,18,597.9409886982634,,,,,,,0.23159542198540475,,,,,,,654.8053321235886,0.00947110840918822,,,,,3.025268879652889,0.16174172132027242,,1,576,1,exact,0.00947110840918822,659,,,,,,0.0002491669984010514,bb030ee2a4833211c35b7a986de6d9982a9acb88
dv3-train-matern2-009301,3,train,matern2,9301,,,,3:0:3:9301,,val,18,731.9683807877,,,,,,,0.2773928413764881,,,,,,,837.9095699814332,0.010252955881715122,,,,,5.982171862792686,0.19257273149757845,,1,723,1,exact,0.010252955881715122,849,,,,,,0.00031350000062957406,c006ab60f991a7bdd84f7cc67d2be708d519b89d
dv3-train-matern2-009302,3,train,matern2,9302,,,,3:0:3:9302,,val,18,513.7767084859167,,,,,,,0.39004984781229346,,,,,,,698.7197442734362,0.017208099428182078,,,,,7.038703764872219,0.26477407370071493,,1,480,1,exact,0.017208099428182078,732,,,,,,0.00027887499891221523,ce19077a4aa3bc176e0e64fb729306a1b5a512c2
dv3-train-matern2-009303,3,train,matern2,9303,,,,3:0:3:9303,,val,18,233.55760835366462,,,,,,,0.1367087410503107,,,,,,,240.69495808734897,0.008945389888263414,,,,,0.9517900833199233,0.09626844454719899,,1,240,1,exact,0.008945389888263414,247,,,,,,0.00012370799959171563,725e9e51dc076eb64321bf99c3175c3bd7d58285
dv3-train-matern2-009304,3,train,matern2,9304,,,,3:0:3:9304,,val,18,539.0356039183911,,,,,,,0.07234007200526424,,,,,,,543.5157075879844,0.00311580457612487,,,,,0.21005467481049134,0.05109387173222518,,1,532,1,exact,0.00311580457612487,545,,,,,,0.0002145830003428273,2d5250eb894bfd178ad6d6be2a3698c2f4ac506e
dv3-train-matern2-009305,3,train,matern2,9305,,,,3:0:3:9305,,val,18,191.98337112613714,,,,,,,0.1687041542209206,,,,,,,201.11486920669847,0.01217570087894608,,,,,1.716097820871528,0.1185332896625345,,1,207,1,exact,0.01217570087894608,234,,,,,,0.00012037499982398003,e6ee5160d3fa1d425381e4d98f6470f7901661ba
dv3-train-matern2-009306,3,train,matern2,9306,,,,3:0:3:9306,,val,18,198.78887579883332,,,,,,,0.19138164186450912,,,,,,,211.18666026713964,0.013573887243400737,,,,,2.040263141836685,0.13420941930932156,,1,200,1,exact,0.013573887243400737,219,,,,,,0.00011341699791955762,6e12d54919e1601ee4c5cdc685f2fd818a33560b
dv3-train-matern2-009307,3,train,matern2,9307,,,,3:0:3:9307,,val,18,152.97852059176034,,,,,,,0.5214196254399482,,,,,,,344.78426003001044,0.04215723754918976,,,,,4.79694804676658,0.3352748634022437,,1,160,1,exact,0.04215723754918976,421,,,,,,0.00018674999955692329,f6fd00ecda318c581df956f36f01b2693eca54fc
dv3-train-matern2-009308,3,train,matern2,9308,,,,3:0:3:9308,,val,18,752.3664597045199,,,,,,,0.09789335823760198,,,,,,,763.9244879044834,0.003568933977931176,,,,,0.38805180697926805,0.06907593663844785,,1,791,1,exact,0.003568933977931176,807,,,,,,0.00029195800016168505,a22058a939ce9a02e737781db0f0f49999fac64f
dv3-train-matern2-009309,3,train,matern2,9309,,,,3:0:3:9309,,val,18,201.3219454936746,,,,,,,0.12234609933335468,,,,,,,206.20937966446405,0.00862272565000037,,,,,0.7102181161732141,0.08622677662755092,,1,204,1,exact,0.00862272565000037,215,,,,,,0.00011316700329189189,cc4376c87a210f6eef84b8280cd3e6446412cd79
dv3-train-matern2-009310,3,train,matern2,9310,,,,3:0:3:9310,,val,18,571.2836401799681,,,,,,,0.34766749167547095,,,,,,,718.5259431367675,0.014545819383284081,,,,,6.5412088120222025,0.23837754208703568,,1,550,1,exact,0.014545819383284081,718,,,,,,0.00027675000092131086,f871400f3702f6ed7af21de1095126ad2c3aad13
dv3-train-matern2-009311,3,train,matern2,9311,,,,3:0:3:9311,,val,18,277.6577806001997,,,,,,,0.13383593630364787,,,,,,,285.77604262801793,0.008031891213315677,,,,,0.8528856861375861,0.09426203222167998,,1,277,1,exact,0.008031891213315677,297,,,,,,0.00013937499898020178,44058cfe7d06b6bf67b83a5ea545f80448a2cca9
dv3-train-matern2-009312,3,train,matern2,9312,,,,3:0:3:9312,,val,18,212.59984860358355,,,,,,,0.463283357723462,,,,,,,353.6784255667314,0.031773512222589874,,,,,5.203465713888466,0.30699694137013117,,1,206,1,exact,0.031773512222589874,402,,,,,,0.00017566699898452498,eef4d0bf93b646a724b80567c20e493c540c9ee3
dv3-train-matern2-009313,3,train,matern2,9313,,,,3:0:3:9313,,val,18,394.67636414416336,,,,,,,0.06041395468987274,,,,,,,396.9565557328653,0.0030410020027412097,,,,,0.14339765351507955,0.04268522661140038,,1,389,1,exact,0.0030410020027412097,397,,,,,,0.00016654099817969836,bef4d4bf31648a23961a3c3643b86817b2314a36
dv3-train-matern2-009314,3,train,matern2,9314,,,,3:0:3:9314,,val,18,481.09697245689773,,,,,,,0.22262240513713985,,,,,,,522.9569277862348,0.010149684872102518,,,,,3.402874964661774,0.15563146770077535,,1,543,1,exact,0.010149684872102518,625,,,,,,0.00023841599977458827,14b10d20e361b6c6966a01b7cb598d34d00ed9bc
dv3-train-matern2-009315,3,train,matern2,9315,,,,3:0:3:9315,,val,18,352.6234125351608,,,,,,,0.15792856694746565,,,,,,,367.2053747647498,0.008410176739285721,,,,,1.2062510636873904,0.11105254181015752,,1,361,1,exact,0.008410176739285721,387,,,,,,0.00016162499741767533,bd0b7b4dd4afead2bc5f07cc604c801f0bf7da98
dv3-train-matern2-009316,3,train,matern2,9316,,,,3:0:3:9316,,val,18,166.1481282117239,,,,,,,0.28278862030468943,,,,,,,191.34093828947937,0.021938867364637068,,,,,2.72625467861983,0.1961609642487323,,1,183,1,exact,0.021938867364637068,216,,,,,,0.00011504199937917292,fa272fa9639260603c0b1534886f11371766de51
dv3-train-matern2-009317,3,train,matern2,9317,,,,3:0:3:9317,,val,18,123.11275851426184,,,,,,,0.0891179795107777,,,,,,,124.67466047350483,0.008031816918729956,,,,,0.2970832901727075,0.06290663597872954,,1,133,1,exact,0.008031816918729956,140,,,,,,0.0001844159996835515,1edfb44561ea311362e1c595346108ce6b341133
dv3-train-matern2-009318,3,train,matern2,9318,,,,3:0:3:9318,,val,18,432.8684214209894,,,,,,,0.18620520714995603,,,,,,,458.309101565437,0.008949811111584542,,,,,1.8027216331361116,0.1306397191267281,,1,434,1,exact,0.008949811111584542,485,,,,,,0.00023312499979510903,b2e3af0d92f35e883dd7432b7d8dfc022151f052
dv3-train-matern2-009319,3,train,matern2,9319,,,,3:0:3:9319,,val,18,451.29296479371067,,,,,,,0.07992171055917933,,,,,,,455.88248302289173,0.003762144642834615,,,,,0.25773524999698216,0.05643448803307794,,1,472,1,exact,0.003762144642834615,483,,,,,,0.00019970799985458143,c5c8b9249b0e643e92f087ba493d9baf0b611d66
dv3-train-matern2-009320,3,train,matern2,9320,,,,3:0:3:9320,,val,18,249.93022305828183,,,,,,,0.2947711547616684,,,,,,,291.8811612950018,0.01864556699416933,,,,,3.7591089420402306,0.20409159737790253,,1,260,1,exact,0.01864556699416933,327,,,,,,0.0001494999996793922,42186ce49daa2d962e9cc17fe6c4bd6aeae769d7
dv3-train-matern2-009321,3,train,matern2,9321,,,,3:0:3:9321,,val,18,126.81090797591463,,,,,,,0.3816153530291804,,,,,,,169.51715496181095,0.033888124402258406,,,,,3.203359303050184,0.25961279800839965,,1,132,1,exact,0.033888124402258406,190,,,,,,0.00010929100244538859,40e700b52ee350117ec3c34f2870b548af8cc9c0
dv3-train-matern2-009322,3,train,matern2,9322,,,,3:0:3:9322,,val,18,402.4943758778006,,,,,,,0.055336358712994485,,,,,,,404.4428620453727,0.002758231219631355,,,,,0.12025542848810644,0.03910268768506999,,1,425,1,exact,0.002758231219631355,428,,,,,,0.00017241699970327318,8f38f9fc41b56a26577ec1e7260985891f0f2f5d
dv3-train-matern2-009323,3,train,matern2,9323,,,,3:0:3:9323,,val,18,336.3272747106536,,,,,,,0.14456478964212924,,,,,,,347.8766300670817,0.007882817726042395,,,,,0.9740691835108346,0.10174948583841778,,1,356,1,exact,0.007882817726042395,375,,,,,,0.0001552499998069834,9b90f253535e5d904e05e971e642b5d5e7e78c64
dv3-train-matern2-009324,3,train,matern2,9324,,,,3:0:3:9324,,val,18,330.2926153816392,,,,,,,0.08789493132204977,,,,,,,334.3668451734398,0.004836312989835326,,,,,0.3149900874485987,0.062046273332991,,1,344,1,exact,0.004836312989835326,353,,,,,,0.00015020799764897674,c1e99b01efff4c50e5744cc538a324316907612d
dv3-train-matern2-009325,3,train,matern2,9325,,,,3:0:3:9325,,val,18,107.4701502872188,,,,,,,0.1847911015336535,,,,,,,113.68333608372465,0.0178253114276132,,,,,1.3558258577996238,0.12966362769769116,,1,105,1,exact,0.0178253114276132,118,,,,,,8.412500028498471e-05,0d3287660ff1303d2b1a0ef2e1bccfb8589667ba
dv3-train-matern2-009326,3,train,matern2,9326,,,,3:0:3:9326,,val,18,102.15053855168091,,,,,,,0.19534782854632962,,,,,,,108.81180970019638,0.019328059670862603,,,,,1.4121109815208852,0.13694087595777144,,1,96,1,exact,0.019328059670862603,113,,,,,,8.229200102505274e-05,8d914aed4b5885707135620e0984b83b6ceecf73
dv3-train-matern2-009327,3,train,matern2,9327,,,,3:0:3:9327,,val,18,195.822863771353,,,,,,,0.07047554686864137,,,,,,,197.36672249863628,0.005036243916396716,,,,,0.19296745141830846,0.049779860469762766,,1,197,1,exact,0.005036243916396716,202,,,,,,0.00013300000136950985,182044424e3d09ef37f4e3fafd11f7db39f78f88
dv3-train-matern2-009328,3,train,matern2,9328,,,,3:0:3:9328,,val,18,492.2796566563619,,,,,,,0.20089822233335877,,,,,,,526.406413448884,0.009054618344389006,,,,,2.1451674105744796,0.14075786021911285,,1,483,1,exact,0.009054618344389006,536,,,,,,0.00016566699923714623,29fa4c3f326e3c39bfabfb60ae26b8507ead3c89
dv3-train-matern2-009329,3,train,matern2,9329,,,,3:0:3:9329,,val,18,351.55802238406017,,,,,,,0.20531215076335474,,,,,,,377.1195883682288,0.010950051105998641,,,,,2.9622133997939306,0.14378858445496173,,1,370,1,exact,0.010950051105998641,416,,,,,,0.00011775000166380778,84ff84dbbb35f178d184406134087ed0dd94328a
dv3-train-matern2-009330,3,train,matern2,9330,,,,3:0:3:9330,,val,18,114.93627474892989,,,,,,,0.4976143025017817,,,,,,,222.31974552035192,0.04641563496392456,,,,,3.983787706490604,0.32450933564635065,,1,109,1,exact,0.04641563496392456,226,,,,,,7.250000271596946e-05,5e21ef33998777166e8b4513be7cad93c8231c1d
dv3-train-matern2-009331,3,train,matern2,9331,,,,3:0:3:9331,,val,18,678.6958307801816,,,,,,,0.23842489271008716,,,,,,,747.6435943543593,0.009151957722089201,,,,,3.049815995052091,0.1663782456210063,,1,666,1,exact,0.009151957722089201,735,,,,,,0.00018970900055137463,8f71f619d14f82b2822d2b5a7174e5039ef1dab4
dv3-train-matern2-009332,3,train,matern2,9332,,,,3:0:3:9332,,val,18,250.9680900542874,,,,,,,0.16697205238304588,,,,,,,262.6459086496547,0.010539852487440115,,,,,2.033671219784935,0.11733211982333006,,1,260,1,exact,0.010539852487440115,277,,,,,,8.091699783108197e-05,2c1a0e1dc41ac8be424e02777ea136b4599bc667
dv3-train-matern2-009333,3,train,matern2,9333,,,,3:0:3:9333,,val,18,316.3664962316195,,,,,,,0.19496935385575448,,,,,,,336.9099324465839,0.010961528315331339,,,,,2.70054882154932,0.13668036515281862,,1,318,1,exact,0.010961528315331339,359,,,,,,9.900000077323057e-05,c7d997742907319459529c39e7e733f87bcf4863
dv3-train-matern2-009334,3,train,matern2,9334,,,,3:0:3:9334,,val,18,493.45373479794017,,,,,,,0.24624359253093175,,,,,,,547.4297105534141,0.011085153681271885,,,,,4.266940181347176,0.17167068296909294,,1,473,1,exact,0.011085153681271885,546,,,,,,0.00013058300100965425,6c811bcf0057c966711c4f3d581d2dcec749364e
dv3-train-matern2-009335,3,train,matern2,9335,,,,3:0:3:9335,,val,18,682.6434815854624,,,,,,,0.08280329365350514,,,,,,,690.1028526194495,0.003169207231230431,,,,,0.2754077836055703,0.058463207594431056,,1,671,1,exact,0.003169207231230431,687,,,,,,0.00017029199807439,b621a766a06b767e20aea86ac6b193d3b78e7792
dv3-train-matern2-009336,3,train,matern2,9336,,,,3:0:3:9336,,val,18,196.15580003454716,,,,,,,0.0797664363175222,,,,,,,198.1427987739293,0.005695339436414981,,,,,0.2524809103103557,0.05632515245940972,,1,187,1,exact,0.005695339436414981,195,,,,,,6.183300138218328e-05,a453ad3858314c9b0d2b21267c2ae5d8d0909b40
dv3-train-matern2-009337,3,train,matern2,9337,,,,3:0:3:9337,,val,18,115.09485727006327,,,,,,,0.10478216128747955,,,,,,,117.1266698559733,0.009766959634193745,,,,,0.507380443580564,0.07391394026067506,,1,130,1,exact,0.009766959634193745,136,,,,,,5.087500176159665e-05,e7da52ea9d3b5934c96db8b7de7f19e4acddaed2
dv3-train-matern2-009338,3,train,matern2,9338,,,,3:0:3:9338,,val,18,735.4929028599054,,,,,,,0.24146543023878367,,,,,,,812.4052928576996,0.008903601622321927,,,,,3.0377628727309416,0.16843839870943125,,1,693,1,exact,0.008903601622321927,782,,,,,,0.00019866699949488975,ecd66f9855a3b974b61d8c3436ad7d1ba3c6007d
dv3-train-matern2-009339,3,train,matern2,9339,,,,3:0:3:9339,,val,18,160.88095178842255,,,,,,,0.05555301260724702,,,,,,,161.6659311571255,0.004379810314137013,,,,,0.10966227613994259,0.03925557753858407,,1,155,1,exact,0.004379810314137013,155,,,,,,5.03330011270009e-05,103a850f9f959c00319cde05556452ab7b30f514
dv3-train-matern2-009340,3,train,matern2,9340,,,,3:0:3:9340,,val,18,505.7051924959628,,,,,,,0.13037776807884524,,,,,,,519.7088412505992,0.005797687938468214,,,,,0.7269599620259144,0.09184535791753047,,1,456,1,exact,0.005797687938468214,487,,,,,,0.00012208400221425109,facd52537f148ab3ab0634e5ace4e1e66b935c6c
dv3-train-matern2-009341,3,train,matern2,9341,,,,3:0:3:9341,,val,18,145.9879263778261,,,,,,,0.06954188962365901,,,,,,,147.1082840939915,0.005755565721881002,,,,,0.17022412778725304,0.049121785465536104,,1,132,1,exact,0.005755565721881002,135,,,,,,4.774999979417771e-05,05c781f061d3935dfa863b50ed86d97da42e3236
dv3-train-matern2-009342,3,train,matern2,9342,,,,3:0:3:9342,,val,18,590.4713576761317,,,,,,,0.2149475571542625,,,,,,,637.9824370083498,0.00884571811863092,,,,,2.3899216138251016,0.1503893638342875,,1,618,1,exact,0.00884571811863092,679,,,,,,0.00017241699970327318,973dc83887f7fff8ffb609a448d3f9c25b9fdc30
dv3-train-matern2-009343,3,train,matern2,9343,,,,3:0:3:9343,,val,18,210.45853307454553,,,,,,,0.11323035603395658,,,,,,,214.81439990154104,0.007805120339183791,,,,,0.5731692212868769,0.07984057907851384,,1,200,1,exact,0.007805120339183791,211,,,,,,6.154199945740402e-05,049e927a639a270ecd86b32147d3f2da441b7b14
dv3-train-matern2-009344,3,train,matern2,9344,,,,3:0:3:9344,,val,18,187.142970208728,,,,,,,0.28551443538321375,,,,,,,216.1886877513196,0.020870906462994936,,,,,2.9667623143674478,0.1979697044673672,,1,183,1,exact,0.020870906462994936,234,,,,,,6.87080028001219e-05,e174cc831f4811941270115e9493b0ae2522cd88
dv3-train-matern2-009345,3,train,matern2,9345,,,,3:0:3:9345,,val,18,484.0928826324022,,,,,,,0.15530681692278456,,,,,,,503.416777655678,0.007058723495077367,,,,,1.0886571012137054,0.10922958908036644,,1,450,1,exact,0.007058723495077367,485,,,,,,0.00012079199950676411,c115897754b8478035f0bc41128b55c173d60152
dv3-train-matern2-009346,3,train,matern2,9346,,,,3:0:3:9346,,val,18,754.1723070222533,,,,,,,0.1702104048120303,,,,,,,790.7294263940431,0.006197989183628947,,,,,1.253890126659807,0.11957741725823229,,1,755,1,exact,0.006197989183628947,797,,,,,,0.00019529199926182628,171bf8d0f4ed8bdb742dcf4cd119927a1e7bc47f
dv3-train-matern2-009347,3,train,matern2,9347,,,,3:0:3:9347,,val,18,114.0614319889761,,,,,,,0.058110303141364894,,,,,,,114.67075858191804,0.005441062708304457,,,,,0.10995303588978564,0.041060038779011515,,1,102,1,exact,0.005441062708304457,104,,,,,,4.050000279676169e-05,4ccbca94ec9882f2b300223b8660aa663297b566
dv3-train-matern2-009348,3,train,matern2,9348,,,,3:0:3:9348,,val,18,797.9920645626174,,,,,,,0.16096035421978144,,,,,,,832.3448755546904,0.0056979631048927025,,,,,1.1003264427543398,0.11315923616361807,,1,820,1,exact,0.0056979631048927025,874,,,,,,0.0001964999974006787,0e096232cddd691c4bd69c76886ff1b613b8a9cb
dv3-train-matern2-009349,3,train,matern2,9349,,,,3:0:3:9349,,val,18,134.75421290948154,,,,,,,0.0999456499289015,,,,,,,136.91393094495214,0.00860979320853693,,,,,0.407213910221933,0.07051773745545352,,1,141,1,exact,0.00860979320853693,148,,,,,,5.2583000069716945e-05,e2c559c953c8ed1412ecf700cda47381e4b691bd
dv3-train-matern2-009350,3,train,matern2,9350,,,,3:0:3:9350,,val,18,168.5188401805825,,,,,,,0.3324234637509147,,,,,,,206.99529899118772,0.025607515229085904,,,,,3.2537725095949437,0.22863078543278792,,1,155,1,exact,0.025607515229085904,203,,,,,,6.38330020592548e-05,43e687e4ebb136eff18f1a93088369e4758708f1
dv3-train-matern2-009351,3,train,matern2,9351,,,,3:0:3:9351,,val,18,534.6350750721288,,,,,,,0.47164696398623934,,,,,,,918.1377404483794,0.020398034380785756,,,,,8.599296568073223,0.3114362624357157,,1,545,1,exact,0.020398034380785756,1042,,,,,,0.0002802909984893631,89e5119c16323c71ad58aac19888aeb1a2459f35
dv3-train-matern2-009352,3,train,matern2,9352,,,,3:0:3:9352,,val,18,459.18818973261983,,,,,,,0.13495430043041465,,,,,,,472.8484491457084,0.006297836382569772,,,,,0.7903716727021977,0.09504324569549993,,1,453,1,exact,0.006297836382569772,478,,,,,,0.00011933300265809521,1d28617eb87a002c82ef72df13dad7ea3f8b5ac7
dv3-train-matern2-009353,3,train,matern2,9353,,,,3:0:3:9353,,val,18,153.42291585925466,,,,,,,0.1819854883624523,,,,,,,162.00516454339228,0.014692362744483775,,,,,1.6567894356730453,0.1277259046075358,,1,160,1,exact,0.014692362744483775,178,,,,,,5.8417001127963886e-05,29eed038ce322ad50edeefadf7123a13c7c1f2d8
dv3-train-matern2-009354,3,train,matern2,9354,,,,3:0:3:9354,,val,18,191.27514333679306,,,,,,,0.11101247255504201,,,,,,,195.0763071347592,0.008026801213522061,,,,,0.5479638276576412,0.078285400609104,,1,179,1,exact,0.008026801213522061,193,,,,,,5.9541998780332506e-05,a317d93a95bb3b633ef34963fb97a19250c21719
dv3-train-matern2-009355,3,train,matern2,9355,,,,3:0:3:9355,,val,18,255.70524579343393,,,,,,,0.053490893169305054,,,,,,,256.8614421204151,0.0033451071284968303,,,,,0.1134693989166434,0.037800269689367984,,1,245,1,exact,0.0033451071284968303,252,,,,,,7.037500108708628e-05,83109928ee74ed74f9935e67d89390ef6557d7df
dv3-train-matern2-009356,3,train,matern2,9356,,,,3:0:3:9356,,val,18,486.0428803250932,,,,,,,0.09355006501144779,,,,,,,492.8495659928911,0.0042433299309946205,,,,,0.3586407579786828,0.06602335133589875,,1,501,1,exact,0.0042433299309946205,517,,,,,,0.00011858300058520399,e7d7976feeca1d63585c0da3e43ee1d527d50785
dv3-train-matern2-009357,3,train,matern2,9357,,,,3:0:3:9357,,val,18,389.46314676512776,,,,,,,0.3265414122624078,,,,,,,474.2895917654429,0.01654645956857999,,,,,4.994938670312525,0.22483894541007843,,1,410,1,exact,0.01654645956857999,529,,,,,,0.00013662499986821786,13316c120ec176a984a21364999c98fe553e7b04
dv3-train-matern2-009358,3,train,matern2,9358,,,,3:0:3:9358,,val,18,144.8096120532908,,,,,,,0.06077541399595329,,,,,,,145.65635027206406,0.005050440172994172,,,,,0.1268813791143562,0.04294020335153529,,1,156,1,exact,0.005050440172994172,161,,,,,,5.4332998843165115e-05,a3bbb8123db7b3da427b269bff9b0f7854f06ad7
dv3-train-matern2-009359,3,train,matern2,9359,,,,3:0:3:9359,,val,18,310.02649211115755,,,,,,,0.5469599945364134,,,,,,,927.2545488640721,0.031063912867519083,,,,,7.450710597807077,0.34483244543439884,,1,313,1,exact,0.031063912867519083,1035,,,,,,0.00027962500098510645,ec367f3977728629758c6388dfd415afb0a6bf8a
dv3-train-matern2-009360,3,train,matern2,9360,,,,3:0:3:9360,,val,18,248.49043986594785,,,,,,,0.11022190902302498,,,,,,,253.35670396753048,0.006992187831068058,,,,,0.5375390507378567,0.07773093054450418,,1,238,1,exact,0.006992187831068058,251,,,,,,7.066600301186554e-05,51f1297ae86cc27e920a3e051fff5fa45febc577
dv3-train-matern2-009361,3,train,matern2,9361,,,,3:0:3:9361,,val,18,153.3932584780413,,,,,,,0.28467708117157553,,,,,,,177.0311869160011,0.022985257198789785,,,,,2.618325379514383,0.1974143563376408,,1,137,1,exact,0.022985257198789785,169,,,,,,5.6417000450892374e-05,e0395b49953f5dbd32cc2b55a6684b23c4f3d50f
dv3-train-matern2-009362,3,train,matern2,9362,,,,3:0:3:9362,,val,18,542.948282430112,,,,,,,0.0897333416151671,,,,,,,549.9336367671189,0.0038510096696277676,,,,,0.32723618940716714,0.06333946963919942,,1,554,1,exact,0.0038510096696277676,570,,,,,,0.00014233299953048117,ebe2fa85325489f140e20c4172c6dbc385cfe4b8
dv3-train-matern2-009363,3,train,matern2,9363,,,,3:0:3:9363,,val,18,431.9529917213109,,,,,,,0.3060317485260378,,,,,,,511.57460755639306,0.014724760528596588,,,,,5.106977555423294,0.21149397639864134,,1,404,1,exact,0.014724760528596588,496,,,,,,0.00014129099872661754,0ab13d17a76997df71427f573e3ec20458f56fb7
dv3-train-matern2-009364,3,train,matern2,9364,,,,3:0:3:9364,,val,18,495.4251411696856,,,,,,,0.27193819802106756,,,,,,,563.7990684601955,0.012217467558417213,,,,,4.87448681384201,0.18893508890530233,,1,480,1,exact,0.012217467558417213,565,,,,,,0.00015212500147754326,5e57dad494fb52d298ed4f65994990590cdfeec0
dv3-train-matern2-009365,3,train,matern2,9365,,,,3:0:3:9365,,val,18,749.0665342361438,,,,,,,0.40096850256893124,,,,,,,1043.1384881153253,0.01465041952904591,,,,,8.994303817301166,0.27137863252158545,,1,764,1,exact,0.01465041952904591,1138,,,,,,0.0003139159998681862,2a4c30a5a71c0a66013c46133ea3de524093e5a9
dv3-train-matern2-009366,3,train,matern2,9366,,,,3:0:3:9366,,val,18,288.7989519666638,,,,,,,0.31923858808759986,,,,,,,348.09985008970756,0.018785275769542937,,,,,4.322127486460394,0.22010863472143619,,1,284,1,exact,0.018785275769542937,376,,,,,,0.00011608400018303655,c82e709dc6cd3943a04f5f2c3909f0f0d87816ee
dv3-train-matern2-009367,3,train,matern2,9367,,,,3:0:3:9367,,val,18,654.9605350237214,,,,,,,0.13862207653729014,,,,,,,675.5637316029954,0.005416575913159327,,,,,0.8060396197050592,0.0976041341373632,,1,624,1,exact,0.005416575913159327,678,,,,,,0.0001822500016714912,e88308313b8b1633af385492945ce58be66978b3
dv3-train-matern2-009368,3,train,matern2,9368,,,,3:0:3:9368,,val,18,196.78404620992492,,,,,,,0.21191573939663455,,,,,,,212.1270045320406,0.015106653596910007,,,,,2.246742466360985,0.14831469832099684,,1,226,1,exact,0.015106653596910007,261,,,,,,8.341599823324941e-05,da2e7091df2a3080d5b2218a1ea18d65c74a760b
dv3-train-matern2-009369,3,train,matern2,9369,,,,3:0:3:9369,,val,18,216.73501080116537,,,,,,,0.09178191072858072,,,,,,,219.65452942249138,0.006234369790044135,,,,,0.34820047608589827,0.06478016018983716,,1,204,1,exact,0.006234369790044135,213,,,,,,6.995899821049534e-05,a58e07952898e8d0181f68e22954efa5d2e4d37d
dv3-train-matern2-009370,3,train,matern2,9370,,,,3:0:3:9370,,val,18,160.08456609467189,,,,,,,0.4799830098645119,,,,,,,284.5554914016043,0.03793596475700184,,,,,4.5161424804582735,0.31575771219109977,,1,169,1,exact,0.03793596475700184,360,,,,,,0.00010562500028754584,0bce6f858edc554089ea857cff3db70722807021
dv3-train-matern2-009371,3,train,matern2,9371,,,,3:0:3:9371,,val,18,165.22166234850775,,,,,,,0.21272526421052623,,,,,,,178.21297018061514,0.016549526704677107,,,,,2.020609341832494,0.14886886371383448,,1,153,1,exact,0.016549526704677107,177,,,,,,6.341599873849191e-05,aee0e9378bfc1ad4873eab0471e387da199659a5
dv3-train-matern2-009372,3,train,matern2,9372,,,,3:0:3:9372,,val,18,685.2109551069084,,,,,,,0.3870879053821595,,,,,,,926.1548246580767,0.014787591776929405,,,,,8.145937129604693,0.2629672834637272,,1,702,1,exact,0.014787591776929405,1014,,,,,,0.0002877080005418975,72524a01f8466d1beb7e7ad63f802334e700bedf
dv3-train-matern2-009373,3,train,matern2,9373,,,,3:0:3:9373,,val,18,463.93686014644294,,,,,,,0.24035740602571237,,,,,,,511.9442334105413,0.01115907172266797,,,,,4.001277249425888,0.16768793889054545,,1,483,1,exact,0.01115907172266797,564,,,,,,0.00015541599714197218,97612d28848769008900a4857e37dac35b4a2d34
dv3-train-matern2-009374,3,train,matern2,9374,,,,3:0:3:9374,,val,18,332.0353071731382,,,,,,,0.15183735443022608,,,,,,,344.6737356004584,0.008332714356492904,,,,,1.114822927162416,0.10681556102494492,,1,338,1,exact,0.008332714356492904,363,,,,,,0.00010420800026622601,813c9d67d927d4e610608b895eb9209e8c2c8f8a
dv3-train-matern2-009375,3,train,matern2,9375,,,,3:0:3:9375,,val,18,248.07972692688662,,,,,,,0.17641905183748388,,,,,,,261.06159395961276,0.011200820721614473,,,,,2.1013881964867682,0.1238770106356062,,1,255,1,exact,0.011200820721614473,273,,,,,,8.387500201934017e-05,4abb73f5996234f58bacc14fa2dbddaf177de059
dv3-train-matern2-009376,3,train,matern2,9376,,,,3:0:3:9376,,val,18,331.13229957343,,,,,,,0.272923040907378,,,,,,,377.228181329603,0.014998209959489169,,,,,3.8665918102693624,0.18959261818851855,,1,332,1,exact,0.014998209959489169,417,,,,,,0.00011541699859662913,a391c1618f9b67e04c87eff60293af92656396f6
dv3-train-matern2-009377,3,train,matern2,9377,,,,3:0:3:9377,,val,18,289.66891516868196,,,,,,,0.3638894634103601,,,,,,,374.51718074181383,0.021380533320067906,,,,,4.871091877162618,0.24861158474166267,,1,281,1,exact,0.021380533320067906,384,,,,,,0.00011179100329172798,b527b790ba4c8bff0be5bc3fe03d65db0034db7c
dv3-train-matern2-009378,3,train,matern2,9378,,,,3:0:3:9378,,val,18,152.25078708754688,,,,,,,0.05557434307203335,,,,,,,152.9942319767923,0.004503960411077444,,,,,0.10670126837426337,0.03927063004113983,,1,157,1,exact,0.004503960411077444,159,,,,,,5.679099922417663e-05,109726a6a9fa52d6c0f5a577bf1c5318dd618503
dv3-train-matern2-009379,3,train,matern2,9379,,,,3:0:3:9379,,val,18,325.14557405645184,,,,,,,0.2597796739402231,,,,,,,365.41901683070904,0.014406757433577787,,,,,3.6729200337499925,0.18079125419188657,,1,307,1,exact,0.014406757433577787,373,,,,,,0.00011183300011907704,acedfcb8f377bb60b57afe099e008a9a105db1ac
dv3-train-matern2-009380,3,train,matern2,9380,,,,3:0:3:9380,,val,18,354.96922801817476,,,,,,,0.37418602376062876,,,,,,,467.718734060887,0.01986059288614944,,,,,5.510963804778084,0.2550264474378368,,1,360,1,exact,0.01986059288614944,503,,,,,,0.00014699999883305281,a06347bcdd6eade80baad53ae052715f9b5daee5
dv3-train-matern2-009381,3,train,matern2,9381,,,,3:0:3:9381,,val,18,635.4960430764008,,,,,,,0.5397003862327001,,,,,,,1712.5462884923043,0.021408996121428596,,,,,10.57596988409335,0.3423974084121478,,1,632,1,exact,0.021408996121428596,1898,,,,,,0.0005891660002816934,7ee323885c2bc370696602faacb18a887fd56dce
dv3-train-matern2-009382,3,train,matern2,9382,,,,3:0:3:9382,,val,18,267.26020885910566,,,,,,,0.2886654601329997,,,,,,,309.8676353214544,0.017657437201020313,,,,,3.7996021657287065,0.200057218388707,,1,260,1,exact,0.017657437201020313,307,,,,,,9.654200039221905e-05,48547e828ac9cb7fa03f6d281d09ced2ae5fecf0
dv3-train-matern2-009383,3,train,matern2,9383,,,,3:0:3:9383,,val,18,118.72220898638392,,,,,,,0.05488277208086928,,,,,,,119.2875032303352,0.005036978008946683,,,,,0.09740689976979082,0.038782589659536494,,1,123,1,exact,0.005036978008946683,126,,,,,,4.816699947696179e-05,6d8a2d6d4fb520221bf2a2902488d9f8f6ccf8ea
dv3-train-matern2-009384,3,train,matern2,9384,,,,3:0:3:9384,,val,18,351.2539904033653,,,,,,,0.056114378547949095,,,,,,,353.00289232313764,0.0029940808546986292,,,,,0.12298751664548177,0.039651714937094,,1,339,1,exact,0.0029940808546986292,343,,,,,,0.00020295799913583323,d818359cb9a9fecf0b59fe37a0fc6858cca079d9
dv3-train-matern2-009385,3,train,matern2,9385,,,,3:0:3:9385,,val,18,240.76406944528168,,,,,,,0.1111411396375919,,,,,,,245.56010874350596,0.007162737049105778,,,,,0.5487815853893956,0.07837563632991196,,1,250,1,exact,0.007162737049105778,264,,,,,,0.0001409579999744892,053b03b36eb685a3fa1f1f2aad0ae9fed4c7afc5
dv3-train-matern2-009386,3,train,matern2,9386,,,,3:0:3:9386,,val,18,451.6653296237614,,,,,,,0.15037970195139805,,,,,,,468.51224714543145,0.0070758862434683,,,,,1.0161755730403204,0.10580078824821008,,1,431,1,exact,0.0070758862434683,454,,,,,,0.00019058300313190557,8c5a976edea86b474256f88ac6f6b30c03cdd239
dv3-train-matern2-009387,3,train,matern2,9387,,,,3:0:3:9387,,val,18,125.22018725963224,,,,,,,0.054788143378274895,,,,,,,125.81435424675823,0.00489609018879085,,,,,0.09752971889657319,0.03871580845471815,,1,148,1,exact,0.00489609018879085,150,,,,,,9.958300142898224e-05,9b7395d188a1af9f6f64aa4d9766331b89f1c502
dv3-train-matern2-009388,3,train,matern2,9388,,,,3:0:3:9388,,val,18,113.73460725744428,,,,,,,0.543178094887272,,,,,,,320.98968122412816,0.0509326099518114,,,,,4.321406082355575,0.3435978199585696,,1,104,1,exact,0.0509326099518114,393,,,,,,0.00018520899902796373,d450ab14fdfb25e08cf65c7673878228c7a72982
dv3-train-matern2-009389,3,train,matern2,9389,,,,3:0:3:9389,,val,18,509.9497436165861,,,,,,,0.07457224733918331,,,,,,,514.4568430782026,0.003302277324984104,,,,,0.22415298502513126,0.05266667178302892,,1,503,1,exact,0.003302277324984104,513,,,,,,0.00021308299983502366,dd5a1ab7e14a219b4a48134a7ecf8da0c44cc221
dv3-train-matern2-009390,3,train,matern2,9390,,,,3:0:3:9390,,val,18,233.34578635400706,,,,,,,0.3864618480236784,,,,,,,314.9934032756587,0.025299191638686724,,,,,4.627158594727737,0.26258458882184377,,1,251,1,exact,0.025299191638686724,358,,,,,,0.00016020900147850625,b315becfada6aaac2a89d7b38bc753bfb69660c5
dv3-train-matern2-009391,3,train,matern2,9391,,,,3:0:3:9391,,val,18,323.2214185226541,,,,,,,0.3887992642101672,,,,,,,438.4252519513733,0.021625958657210096,,,,,5.538682545409655,0.2640119805740903,,1,338,1,exact,0.021625958657210096,492,,,,,,0.000204791002033744,9d0c8812e2710d77f04255c181c2d290cb61be28
dv3-train-matern2-009392,3,train,matern2,9392,,,,3:0:3:9392,,val,18,357.1589640208602,,,,,,,0.050822915964096674,,,,,,,358.61595881383556,0.00268923529030775,,,,,0.10025014448231372,0.03591707536326701,,1,375,1,exact,0.00268923529030775,377,,,,,,0.00016212500122492202,e74ec22b7375cad211c3052ab862d367d7ec5079
dv3-train-matern2-009393,3,train,matern2,9393,,,,3:0:3:9393,,val,18,111.67190227132127,,,,,,,0.21314055967552528,,,,,,,120.49064400189002,0.020169454139558732,,,,,1.6391264177085256,0.14915309786716383,,1,122,1,exact,0.020169454139558732,137,,,,,,9.583300197846256e-05,960f30ea5937360f458e17e4806b5e397d64e93e
dv3-train-matern2-009394,3,train,matern2,9394,,,,3:0:3:9394,,val,18,102.57268488486449,,,,,,,0.1307820312572702,,,,,,,105.43136213996839,0.012913150617635418,,,,,0.8203265814818462,0.09212794901663124,,1,101,1,exact,0.012913150617635418,108,,,,,,8.61670014273841e-05,4212dd2575035187d11650447cb7b4d8839549cd
dv3-train-matern2-009395,3,train,matern2,9395,,,,3:0:3:9395,,val,18,122.78719770190403,,,,,,,0.22511332515542992,,,,,,,133.74070864157898,0.02031536638039035,,,,,1.8044680413891259,0.15732972724729732,,1,131,1,exact,0.02031536638039035,148,,,,,,9.654200039221905e-05,3b1ecb37992c259ab9738f8635321bb3c51b5e12
dv3-train-matern2-009396,3,train,matern2,9396,,,,3:0:3:9396,,val,18,313.1805924790623,,,,,,,0.3395854174679857,,,,,,,388.88832466762614,0.019188967696182422,,,,,4.755605159096869,0.23322483861220963,,1,324,1,exact,0.019188967696182422,432,,,,,,0.00018104199989465997,46ea70930d31df938d01a478e0bcf308b78f105d
dv3-train-matern2-009397,3,train,matern2,9397,,,,3:0:3:9397,,val,18,127.87251365602239,,,,,,,0.12056486936636646,,,,,,,130.88426347478423,0.01066184043801089,,,,,0.8300143031321718,0.08497965396718866,,1,134,1,exact,0.01066184043801089,145,,,,,,9.604200022295117e-05,9bb8cc6eb468427d76f9b00a245e495f133d2773
dv3-train-matern2-009398,3,train,matern2,9398,,,,3:0:3:9398,,val,18,471.0317707790569,,,,,,,0.32646612413659,,,,,,,573.5620619398774,0.015042257634938081,,,,,5.586933614930602,0.22479030446638143,,1,472,1,exact,0.015042257634938081,635,,,,,,0.0002484579999872949,918e77e96b721d900318f9201866515b4eabccbf
dv3-train-matern2-009399,3,train,matern2,9399,,,,3:0:3:9399,,val,18,291.1000136472817,,,,,,,0.211559347905658,,,,,,,313.7122614432893,0.01239969797007578,,,,,2.8463952122965357,0.1480706801987653,,1,257,1,exact,0.01239969797007578,287,,,,,,0.00013775000115856528,6fc18cd225f7fb3b97f9ba1d4f5d930c2d0ab445
dv3-train-matern2-009400,3,train,matern2,9400,,,,3:0:3:9400,,val,18,217.87028374660684,,,,,,,0.4113736711935081,,,,,,,310.8485560205141,0.027870033642004553,,,,,4.7304431943724286,0.27758568620736634,,1,215,1,exact,0.027870033642004553,338,,,,,,0.00015495900152018294,890c8a0431a96d57270adfb258845c09c04e8851
dv3-train-matern2-009401,3,train,matern2,9401,,,,3:0:3:9401,,val,18,776.8562330994373,,,,,,,0.27318022656824276,,,,,,,885.2436103201477,0.00980119282804438,,,,,4.511281659437695,0.18976427408593752,,1,763,1,exact,0.00980119282804438,914,,,,,,0.00033637500018812716,ed0b95b4a00f27c6710cce1f58e76d06154e8203
dv3-train-matern2-009402,3,train,matern2,9402,,,,3:0:3:9402,,val,18,193.8939591994425,,,,,,,0.20030739518108376,,,,,,,207.24908413780335,0.01438516487797024,,,,,2.1337868571446403,0.14035186150255052,,1,206,1,exact,0.01438516487797024,227,,,,,,0.00011812499724328518,833fb547b069fb32e1f41c5c1c0e3959274b29a1
dv3-train-matern2-009403,3,train,matern2,9403,,,,3:0:3:9403,,val,18,746.7706819768352,,,,,,,0.0970558915564283,,,,,,,758.043347929421,0.0035516345630989157,,,,,0.3814082880264431,0.06848747624432737,,1,733,1,exact,0.0035516345630989157,762,,,,,,0.00028049999673385173,8a8342ad157bfff07c8d2061bd3d50c80c9a62c9
dv3-train-matern2-009404,3,train,matern2,9404,,,,3:0:3:9404,,val,18,169.1609569469676,,,,,,,0.539777524752372,,,,,,,456.29787107903803,0.04150158953897095,,,,,5.2734500956256625,0.34242466058172133,,1,171,1,exact,0.04150158953897095,527,,,,,,0.0002295419981237501,311e518cd68f6812e1a0406cfbc156a85d563ac6
dv3-train-matern2-009405,3,train,matern2,9405,,,,3:0:3:9405,,val,18,304.4354378784776,,,,,,,0.49718684169375615,,,,,,,587.5273797680986,0.028495220614421665,,,,,6.874903093293993,0.3243040949034805,,1,314,1,exact,0.028495220614421665,649,,,,,,0.00026287500077160075,5c7832344134cd9388e0fe777dc59b2be06051ca
dv3-train-matern2-009406,3,train,matern2,9406,,,,3:0:3:9406,,val,18,414.6871745835946,,,,,,,0.15360096100183374,,,,,,,430.859855088871,0.007542818038220667,,,,,1.0820618716495491,0.10804289786258026,,1,405,1,exact,0.007542818038220667,441,,,,,,0.0001810829999158159,c1fb672f1f3688dc28527398b82f8b3665e11dd2
dv3-train-matern2-009407,3,train,matern2,9407,,,,3:0:3:9407,,val,18,366.4502720359666,,,,,,,0.09296072279788542,,,,,,,371.5164989844614,0.004856148597415002,,,,,0.34808702343602943,0.06560901473847314,,1,360,1,exact,0.004856148597415002,376,,,,,,0.00015958299991325475,2acffc3b8f0c44a3bcb08a7ebd9d9c3d06755af5
dv3-train-matern2-009408,3,train,matern2,9408,,,,3:0:3:9408,,val,18,177.8429280800226,,,,,,,0.3211064427069621,,,,,,,214.91691702124805,0.02407857156468904,,,,,3.2717495563817987,0.22132083740188266,,1,176,1,exact,0.02407857156468904,231,,,,,,0.0001205000007757917,84e123f5df11a599953439e6526832afedadfbc1
dv3-train-matern2-009409,3,train,matern2,9409,,,,3:0:3:9409,,val,18,257.92083923073625,,,,,,,0.5461029069670328,,,,,,,760.6835841148734,0.034004098984163574,,,,,6.8952269379942805,0.3445595842951558,,1,265,1,exact,0.034004098984163574,870,,,,,,0.000360707999789156,ef469c542d85e6e159d044d5f4c5d6bc162bf3ea
dv3-train-matern2-009410,3,train,matern2,9410,,,,3:0:3:9410,,val,18,187.57557554378513,,,,,,,0.19940927538212683,,,,,,,200.36914397103666,0.01455986041764809,,,,,2.0559833485296144,0.1397345573666039,,1,187,1,exact,0.01455986041764809,216,,,,,,0.00011354199887136929,a5b61fb293ba9650e6217a07644b6e2a18f469be
dv3-train-matern2-009411,3,train,matern2,9411,,,,3:0:3:9411,,val,18,264.13735971990747,,,,,,,0.1555140032512726,,,,,,,274.7108000373031,0.009568736271733618,,,,,1.374244719318864,0.10937368897870896,,1,262,1,exact,0.009568736271733618,285,,,,,,0.00013633300113724545,8f5819d56a9a5a77b3442040e6ca917ebccd4e75
dv3-train-matern2-009412,3,train,matern2,9412,,,,3:0:3:9412,,val,18,356.8971990640582,,,,,,,0.10560084919813043,,,,,,,363.29885506366344,0.0055897944844526684,,,,,0.4607713609387368,0.07448859499142482,,1,359,1,exact,0.0055897944844526684,370,,,,,,0.00016054200023063459,ce8d90f0dc09f982ee1faf17de571b2b1bc1aa20
dv3-train-matern2-009413,3,train,matern2,9413,,,,3:0:3:9413,,val,18,551.7882507560639,,,,,,,0.1454724485735406,,,,,,,570.986340183388,0.006192906519554599,,,,,0.9172498964523828,0.10238218526472397,,1,531,1,exact,0.006192906519554599,577,,,,,,0.00022666599761578254,4e6719229495c28413de4621d75a12be70c39395
dv3-train-matern2-009414,3,train,matern2,9414,,,,3:0:3:9414,,val,18,796.1197108647572,,,,,,,0.11380351022746056,,,,,,,812.7689543334021,0.0040333551953930895,,,,,0.5282290037660539,0.08024238772101533,,1,804,1,exact,0.0040333551953930895,826,,,,,,0.00030425000295508653,924d44290eee3e0e768bf092194a3f777af9217d
dv3-train-matern2-009415,3,train,matern2,9415,,,,3:0:3:9415,,val,18,163.7098003376753,,,,,,,0.2065863337096181,,,,,,,175.7761687940974,0.01614597400249375,,,,,1.99772061356705,0.1446626767119726,,1,161,1,exact,0.01614597400249375,181,,,,,,0.00010604199997032993,8c94960be511219ca81890890564a1db07bec53a
dv3-train-matern2-009416,3,train,matern2,9416,,,,3:0:3:9416,,val,18,227.60426341558312,,,,,,,0.2383036969925556,,,,,,,250.6994725539834,0.01579576207487442,,,,,2.834069924545013,0.16629607534806268,,1,234,1,exact,0.01579576207487442,275,,,,,,0.00013379200026975013,10775f723431efcc8194de9c4d94758bcfb24f8f
dv3-train-matern2-009417,3,train,matern2,9417,,,,3:0:3:9417,,val,18,230.9747375935978,,,,,,,0.40222314778722973,,,,,,,322.56468376095296,0.026465787386803663,,,,,4.839580129460215,0.272131709087419,,1,238,1,exact,0.026465787386803663,337,,,,,,0.00016287499965983443,c1360e2d0c82fab906be96a0688b52ad5ed970ad
dv3-train-matern2-009418,3,train,matern2,9418,,,,3:0:3:9418,,val,18,514.600091948185,,,,,,,0.23940987594549232,,,,,,,567.371679980679,0.010553758009384106,,,,,4.255754577809079,0.16704591175846215,,1,510,1,exact,0.010553758009384106,600,,,,,,0.00023599999985890463,8650d5f1cf391b9881575540d040de3043cd74ed
dv3-train-matern2-009419,3,train,matern2,9419,,,,3:0:3:9419,,val,18,339.0567331682179,,,,,,,0.42456980039949405,,,,,,,500.17535746492547,0.02305753693489321,,,,,6.188517377109868,0.2853242131535259,,1,326,1,exact,0.02305753693489321,536,,,,,,0.00023158299882197753,e26e3c5795b454f4813c8cc34a9ec5b0bea26269
dv3-train-matern2-009420,3,train,matern2,9420,,,,3:0:3:9420,,val,18,128.15054808239134,,,,,,,0.21381483824424208,,,,,,,138.34172547877787,0.018887636107489898,,,,,1.7396391442706838,0.14961449817366312,,1,140,1,exact,0.018887636107489898,157,,,,,,9.933399996953085e-05,4f961c310d90ffa38056cd5dd01dfc7fe7bc9aeb
dv3-train-matern2-009421,3,train,matern2,9421,,,,3:0:3:9421,,val,18,179.42932453630053,,,,,,,0.1812483694169937,,,,,,,189.37907668073728,0.013530922203502868,,,,,1.8085602200764255,0.1272165581722076,,1,168,1,exact,0.013530922203502868,185,,,,,,0.00010587499855319038,3bb04b68e91bd127ac29a4da78d22ca18604d356
dv3-train-matern2-009422,3,train,matern2,9422,,,,3:0:3:9422,,val,18,222.48082981517325,,,,,,,0.08297814608306758,,,,,,,224.922347862539,0.005563107210888946,,,,,0.2800427440361542,0.058586288270241225,,1,217,1,exact,0.005563107210888946,224,,,,,,0.00011683299817377701,37d3387063eef58b33f6eaf253f604ea706fc2b3
dv3-train-matern2-009423,3,train,matern2,9423,,,,3:0:3:9423,,val,18,686.8283857040681,,,,,,,0.08550406652155038,,,,,,,694.8388206492588,0.003262591137724331,,,,,0.29419008915262673,0.06036404410483187,,1,705,1,exact,0.003262591137724331,723,,,,,,0.0003013339992321562,35ee47e912704e8ec13b471a76a6854877b436fe
dv3-train-matern2-009424,3,train,matern2,9424,,,,3:0:3:9424,,val,18,442.30140641947634,,,,,,,0.12890008622131613,,,,,,,454.2632154547377,0.00612906246717452,,,,,0.7135355761529327,0.09081224090996745,,1,424,1,exact,0.00612906246717452,447,,,,,,0.00018374999854131602,7d4b16bdb9b8f41ded46c6b4a6accc896b8478c5
dv3-train-matern2-009425,3,train,matern2,9425,,,,3:0:3:9425,,val,18,198.05711819676714,,,,,,,0.35249295673059156,,,,,,,251.0883820506783,0.02504697116714445,,,,,3.852535938743336,0.24143733688677443,,1,193,1,exact,0.02504697116714445,268,,,,,,0.00013258300168672577,409859686b08cc13f533e0527242f91a0e660ad3
dv3-train-matern2-009426,3,train,matern2,9426,,,,3:0:3:9426,,val,18,263.0184688900472,,,,,,,0.22021073450595244,,,,,,,285.3529318928107,0.013578298845540739,,,,,2.789387810010032,0.1539857761345112,,1,260,1,exact,0.013578298845540739,293,,,,,,0.00013949999993201345,003ca5894dc4be23c4816e40a116f9883fafed05
dv3-train-matern2-009427,3,train,matern2,9427,,,,3:0:3:9427,,val,18,214.52015538159523,,,,,,,0.18188350049567792,,,,,,,226.50562555977052,0.012418217227404743,,,,,2.025610226892087,0.1276554374910213,,1,233,1,exact,0.012418217227404743,251,,,,,,0.00012758400043821894,fba67bff560e944981515f6be44093df5c22793d
dv3-train-matern2-009428,3,train,matern2,9428,,,,3:0:3:9428,,val,18,129.723713760118,,,,,,,0.059472618915382594,,,,,,,130.4498290205085,0.005221645412242307,,,,,0.11789866146114654,0.042021165278416046,,1,116,1,exact,0.005221645412242307,119,,,,,,8.154199895216152e-05,7a076472a04e007743b08b197a4e4838f43f0381
dv3-train-matern2-009429,3,train,matern2,9429,,,,3:0:3:9429,,val,18,209.43383506435066,,,,,,,0.0900427800183624,,,,,,,212.14726508846752,0.006221935038043146,,,,,0.33271925280401393,0.06355711042759211,,1,212,1,exact,0.006221935038043146,221,,,,,,0.00012066700219293125,8125aac81c5ae3d286b0a70115f4f5efbbfe7bfa
dv3-train-matern2-009430,3,train,matern2,9430,,,,3:0:3:9430,,val,18,359.3110703524364,,,,,,,0.11096881031987985,,,,,,,366.4458053124979,0.005854174060634837,,,,,0.5129318605870326,0.07825477937463521,,1,360,1,exact,0.005854174060634837,377,,,,,,0.0001630000006116461,9427e08e925cda42853e0abbfda357a1ed32de4c
dv3-train-matern2-009431,3,train,matern2,9431,,,,3:0:3:9431,,val,18,667.4423282696594,,,,,,,0.24507852336040067,,,,,,,739.6575264548384,0.009486333360763835,,,,,3.3896705590075102,0.17088314442805375,,1,668,1,exact,0.009486333360763835,773,,,,,,0.00029095900026732124,3555d23c05fb59cd175b9b9d311cb32993da3b4b
dv3-train-matern2-009432,3,train,matern2,9432,,,,3:0:3:9432,,val,18,742.5213388644147,,,,,,,0.40327669545059647,,,,,,,1039.4479759993555,0.014799554971459124,,,,,8.910742108860719,0.27276311911175327,,1,753,1,exact,0.014799554971459124,1122,,,,,,0.0004469169980438892,5332ae232f73910b9cd3f321491c9e91c80c39d6
dv3-train-matern2-009433,3,train,matern2,9433,,,,3:0:3:9433,,val,18,117.41234819653859,,,,,,,0.09980693619405226,,,,,,,119.28879497965194,0.00921093753703416,,,,,0.41814090333129317,0.07042029913779463,,1,128,1,exact,0.00921093753703416,133,,,,,,9.787499948288314e-05,2c2db3d4f9cb40e074d700b0ec5cdc70a943ec9d
dv3-train-matern2-009434,3,train,matern2,9434,,,,3:0:3:9434,,val,18,733.4147725293618,,,,,,,0.07181894389391762,,,,,,,739.4219594365572,0.0026519430157176446,,,,,0.20632464953664442,0.05072663371378786,,1,712,1,exact,0.0026519430157176446,723,,,,,,0.0002749170016613789,7b0df1b55e64a5acabc52e70664b2e876f71d1e1
dv3-train-matern2-009435,3,train,matern2,9435,,,,3:0:3:9435,,val,18,194.47479198042222,,,,,,,0.40063890514608735,,,,,,,270.6221056824253,0.02872906305791447,,,,,4.2790004794208265,0.27118059293258123,,1,192,1,exact,0.02872906305791447,299,,,,,,0.00014483300037682056,147437727d53129d73c99d86773a187ac0b90984
dv3-train-matern2-009436,3,train,matern2,9436,,,,3:0:3:9436,,val,18,117.98943761060706,,,,,,,0.09894715741873589,,,,,,,119.84207847060057,0.009109231864165838,,,,,0.4056266769486469,0.06981631394032209,,1,86,1,exact,0.009109231864165838,90,,,,,,8.054199861362576e-05,717f6ec85112d7928ff3b63ad84e2ed5b2b5490b
dv3-train-matern2-009437,3,train,matern2,9437,,,,3:0:3:9437,,val,18,795.988506591631,,,,,,,0.18339466717872793,,,,,,,841.2606490399746,0.0065002985620173535,,,,,1.4718887295474443,0.12869935523408696,,1,859,1,exact,0.0065002985620173535,927,,,,,,0.00034070900073857047,6f103c75daa05e0bd7b322c5fd9e2376c7c15725
dv3-train-matern2-009438,3,train,matern2,9438,,,,3:0:3:9438,,val,18,332.13036779991165,,,,,,,0.11253306400942294,,,,,,,338.91776147233907,0.0061748420164209165,,,,,0.5389345631625433,0.07935169559497295,,1,333,1,exact,0.0061748420164209165,356,,,,,,0.00015412499851663597,b73bde67400bc57ed99ef25736be5405759124d0
dv3-train-matern2-009439,3,train,matern2,9439,,,,3:0:3:9439,,val,18,298.7527527096455,,,,,,,0.14072191959601585,,,,,,,308.45008920831975,0.00814152560271459,,,,,0.9489038594117924,0.09906944759781645,,1,293,1,exact,0.00814152560271459,310,,,,,,0.00014179199934005737,377f1b79e22cfa2917e09d3c58726ac23466f077
dv3-train-matern2-009440,3,train,matern2,9440,,,,3:0:3:9440,,val,18,715.0840448967729,,,,,,,0.17622037548424402,,,,,,,752.4137738093094,0.006589881092058479,,,,,1.367254206534873,0.12373953095264259,,1,752,1,exact,0.006589881092058479,811,,,,,,0.0002990829998452682,0c28040014d1ba33bbaeecdec8a09b0f913b429a
dv3-train-matern2-009441,3,train,matern2,9441,,,,3:0:3:9441,,val,18,124.58761394591092,,,,,,,0.11297370620291014,,,,,,,127.15420862459212,0.01012138493445797,,,,,0.6703343128357578,0.07966064359218163,,1,121,1,exact,0.01012138493445797,131,,,,,,9.245799810742028e-05,ca021fcbdb9009839647abea20d7f0813054235d
dv3-train-matern2-009442,3,train,matern2,9442,,,,3:0:3:9442,,val,18,385.5465476846503,,,,,,,0.06588515290230329,,,,,,,388.1995816072126,0.00335543746122592,,,,,0.1705467417366454,0.04654384849991446,,1,380,1,exact,0.00335543746122592,392,,,,,,0.00016133399913087487,58d1aacf67332babeec889e5dd4dd96a34fc3f95
dv3-train-matern2-009443,3,train,matern2,9443,,,,3:0:3:9443,,val,18,131.06521249124964,,,,,,,0.10864278643435697,,,,,,,133.55702175264108,0.009489802580451345,,,,,0.5333194053748589,0.07662319878930432,,1,135,1,exact,0.009489802580451345,144,,,,,,8.704200081410818e-05,a7a60937e52ca082269c222b8ef6b6bb3b6107fa
dv3-train-matern2-009444,3,train,matern2,9444,,,,3:0:3:9444,,val,18,108.00248896469083,,,,,,,0.23062262815787593,,,,,,,118.17628518122127,0.022191417031476226,,,,,1.748503092844609,0.16108028654444462,,1,100,1,exact,0.022191417031476226,116,,,,,,8.549999984097667e-05,5efcdcae54d0c23414964d75659542a4b4a818f3
dv3-train-matern2-009445,3,train,matern2,9445,,,,3:0:3:9445,,val,18,178.9848948124348,,,,,,,0.19094051601563644,,,,,,,190.09183041136822,0.014272166431778035,,,,,1.9458929665327738,0.13390542443453787,,1,188,1,exact,0.014272166431778035,210,,,,,,0.00010991700037266128,d75a71cf1b6d01415daa94fa52aefb2dcb0b6242
dv3-train-matern2-009446,3,train,matern2,9446,,,,3:0:3:9446,,val,18,116.92506040308173,,,,,,,0.15543112254745814,,,,,,,121.60032312614288,0.014374216510351031,,,,,1.1501649864918297,0.10931604553059174,,1,125,1,exact,0.014374216510351031,144,,,,,,9.695799963083118e-05,59995ae3e7608132f13136882de0750b7d63ec5e
dv3-train-matern2-009447,3,train,matern2,9447,,,,3:0:3:9447,,val,18,194.3069588037976,,,,,,,0.33811863856587066,,,,,,,240.73347775749005,0.02425632117266897,,,,,3.6285616495924824,0.23228606572594312,,1,178,1,exact,0.02425632117266897,233,,,,,,0.00012083399997209199,31e2c8f22c3bc41a94f5b95e100d883ef5a5f4a1
dv3-train-matern2-009448,3,train,matern2,9448,,,,3:0:3:9448,,val,18,282.07171266508476,,,,,,,0.0972757134236016,,,,,,,286.3493483953246,0.005791948036900996,,,,,0.400542403859158,0.06864194415397397,,1,267,1,exact,0.005791948036900996,279,,,,,,0.00013295800090418197,b57be3cc578c32772a5f3e90b35ccbb8af4c29c7
dv3-train-matern2-009449,3,train,matern2,9449,,,,3:0:3:9449,,val,18,238.70358967654687,,,,,,,0.12373511266323574,,,,,,,244.6352761632295,0.00800872687630439,,,,,0.7173197609431298,0.08719902897535244,,1,221,1,exact,0.00800872687630439,244,,,,,,0.0001225420019181911,c72eb7af14139096ff20382e76c2ff35a737aed5
dv3-train-matern2-009450,3,train,matern2,9450,,,,3:0:3:9450,,val,18,211.2162965970614,,,,,,,0.5049223791995215,,,,,,,425.6667812780668,0.03474248735863133,,,,,5.645150742247002,0.32795859307734104,,1,210,1,exact,0.03474248735863133,465,,,,,,0.00020283299818402156,4b48794772a991a5ef1a1d61a3b899e6d344f72e
dv3-train-matern2-009451,3,train,matern2,9451,,,,3:0:3:9451,,val,18,167.17901856172892,,,,,,,0.08443616288666138,,,,,,,169.07968022710713,0.0065303672177886235,,,,,0.27679544398364564,0.059612509875843524,,1,176,1,exact,0.0065303672177886235,182,,,,,,9.579100151313469e-05,bde47ca33209547021f7c5b3a3da3b2653302662
dv3-train-matern2-009452,3,train,matern2,9452,,,,3:0:3:9452,,val,18,157.62439125993546,,,,,,,0.14758590597762886,,,,,,,163.27680999632193,0.011755285314891369,,,,,1.3298333278660155,0.10385494476625672,,1,136,1,exact,0.011755285314891369,142,,,,,,9.329200111096725e-05,8bfd9a62dbdac790d417effc03fa64b0b2233aae
dv3-train-matern2-009453,3,train,matern2,9453,,,,3:0:3:9453,,val,18,199.89735810825962,,,,,,,0.06479786940567617,,,,,,,201.22747151327653,0.004583077476602233,,,,,0.16199846747077845,0.04577717152347932,,1,190,1,exact,0.004583077476602233,192,,,,,,9.91669985523913e-05,7043b166b10d82ce4daba671b1f737a211c70062
dv3-train-matern2-009454,3,train,matern2,9454,,,,3:0:3:9454,,val,18,362.9896330226436,,,,,,,0.20952741421291743,,,,,,,390.5910590531852,0.010997494222430106,,,,,3.0415996245203747,0.14667887576373898,,1,357,1,exact,0.010997494222430106,410,,,,,,0.00017116700109909289,80c51998f84059e632c16697b16041669176b1fd
dv3-train-matern2-009455,3,train,matern2,9455,,,,3:0:3:9455,,val,18,196.71616611772018,,,,,,,0.08581410888254955,,,,,,,199.02738474340842,0.00611841133977772,,,,,0.29705636904575605,0.060582218385555706,,1,205,1,exact,0.00611841133977772,214,,,,,,0.00011145800090162084,f96442a0075c9801cb17a11c88f46b65b3b8e07b
dv3-train-matern2-009456,3,train,matern2,9456,,,,3:0:3:9456,,val,18,586.0593500288875,,,,,,,0.08092433084844694,,,,,,,592.1719791218719,0.0033427840203368495,,,,,0.263877463690922,0.05714043428020803,,1,574,1,exact,0.0033427840203368495,585,,,,,,0.00022049999824957922,3ba013baf0b8f71782cbda96445e3aa88c757337
dv3-train-matern2-009457,3,train,matern2,9457,,,,3:0:3:9457,,val,18,182.35168194572395,,,,,,,0.1372414414085997,,,,,,,187.96953438094022,0.010163197937977743,,,,,1.183029865375989,0.09664036970483209,,1,185,1,exact,0.010163197937977743,196,,,,,,0.00010599999950500205,45735b33f95e1818c3a20c10d90d8538c34cf477
dv3-train-matern2-009458,3,train,matern2,9458,,,,3:0:3:9458,,val,18,389.9179811560805,,,,,,,0.058269638323990125,,,,,,,392.0124791887425,0.002950908143104629,,,,,0.13291074514200257,0.041172456462685116,,1,385,1,exact,0.002950908143104629,393,,,,,,0.00016112500088638626,55effa8794135f1501cdfa111a5f3ef023e40ac3
dv3-train-matern2-009459,3,train,matern2,9459,,,,3:0:3:9459,,val,18,307.4814025510883,,,,,,,0.43904843320744535,,,,,,,472.37904246419725,0.02503819428087617,,,,,6.124309900056654,0.2936243055388584,,1,316,1,exact,0.02503819428087617,531,,,,,,0.00022416600040742196,0c80542fc255c76658c08b8b78eaf6711c057f18
dv3-train-matern2-009460,3,train,matern2,9460,,,,3:0:3:9460,,val,18,359.9822365476615,,,,,,,0.07376246796372912,,,,,,,363.0943569775827,0.003887719326911005,,,,,0.21499683157723226,0.05209613753788305,,1,361,1,exact,0.003887719326911005,370,,,,,,0.00015683299716329202,0243aaa0ff8cdf18d6a656a7e0f78e10d72c1947
dv3-train-matern2-009461,3,train,matern2,9461,,,,3:0:3:9461,,val,18,105.49069969377443,,,,,,,0.4679363789017938,,,,,,,178.56701345571997,0.045559581230152836,,,,,3.5926503513564163,0.30947896640042194,,1,101,1,exact,0.045559581230152836,203,,,,,,9.845800013863482e-05,0b551e8defd74040e641b9b46a9e79e962c7a8b6
dv3-train-matern2-009462,3,train,matern2,9462,,,,3:0:3:9462,,val,18,254.87518019534457,,,,,,,0.33495599247531516,,,,,,,314.2578124894511,0.020980893484585587,,,,,4.196057500364778,0.23025820431287622,,1,243,1,exact,0.020980893484585587,325,,,,,,0.0001020419986161869,92948cea37fa09e61f608184e628c0368c1dd18c
dv3-train-matern2-009463,3,train,matern2,9463,,,,3:0:3:9463,,val,18,189.6868424556983,,,,,,,0.14975238645035743,,,,,,,196.7002315389016,0.010873144217046295,,,,,1.5286850751197325,0.10536397209303257,,1,198,1,exact,0.010873144217046295,214,,,,,,6.916699931025505e-05,52aba9b5464b4b72e9a8698d08d707eb3d01ad82
dv3-train-matern2-009464,3,train,matern2,9464,,,,3:0:3:9464,,val,18,666.2541839620994,,,,,,,0.4933615171572847,,,,,,,1260.5853840060154,0.019113723371251994,,,,,10.097678168479662,0.3224511522267127,,1,647,1,exact,0.019113723371251994,1332,,,,,,0.00037891700048930943,bacb7cdf67ecaf4d448b18c137d684d9f009026a
dv3-train-matern2-009465,3,train,matern2,9465,,,,3:0:3:9465,,val,18,698.4692397255754,,,,,,,0.2066964255748983,,,,,,,750.0109220110569,0.007820946661326664,,,,,2.0158941639321553,0.1447381830055724,,1,701,1,exact,0.007820946661326664,800,,,,,,0.0002113330010615755,aae68eff034a83dacebfbe8c6b3e222a9c18c590
dv3-train-matern2-009466,3,train,matern2,9466,,,,3:0:3:9466,,val,18,642.4692979667601,,,,,,,0.31360321887667064,,,,,,,768.4825978161437,0.012372410543112854,,,,,6.227347221516691,0.21644196557833803,,1,611,1,exact,0.012372410543112854,755,,,,,,0.00019945900203310885,81cd752e728e8c5f842778c3e6b794118099615b
dv3-train-matern2-009467,3,train,matern2,9467,,,,3:0:3:9467,,val,18,612.7641015687738,,,,,,,0.2697418968902852,,,,,,,695.7143763541243,0.010896869503767417,,,,,5.290662579950362,0.18746756165763245,,1,596,1,exact,0.010896869503767417,719,,,,,,0.00019529099881765433,77d6babae4189ff2cde33ad84d0f0b1222691725
dv3-train-matern2-009468,3,train,matern2,9468,,,,3:0:3:9468,,val,18,577.2383114132231,,,,,,,0.06688122375036247,,,,,,,581.3325781257867,0.0027837269703514032,,,,,0.17891373338395916,0.04724614488366607,,1,603,1,exact,0.0027837269703514032,616,,,,,,0.00016400000095018186,069ae03917367bb46c9ed45a35424eb194cd6147
dv3-train-matern2-009469,3,train,matern2,9469,,,,3:0:3:9469,,val,18,444.7353577359569,,,,,,,0.14192841020660105,,,,,,,459.43087068792715,0.006730053379676779,,,,,0.8879525839757948,0.0999110848049072,,1,441,1,exact,0.006730053379676779,476,,,,,,0.00012112500189687125,034363c967d220f1cdd9245b2e7b2fa2ac5c8943
dv3-train-matern2-009470,3,train,matern2,9470,,,,3:0:3:9470,,val,18,330.60290474816554,,,,,,,0.1425701218901402,,,,,,,341.63056833645317,0.007841067425409118,,,,,0.9460223123828153,0.10035865408015063,,1,297,1,exact,0.007841067425409118,318,,,,,,8.86249981704168e-05,8e2573e4113c00a99f628a16770c6487c931dee0
dv3-train-matern2-009471,3,train,matern2,9471,,,,3:0:3:9471,,val,18,341.79901567897446,,,,,,,0.05282859500541183,,,,,,,343.30623568881555,0.0028574830095542763,,,,,0.10914692616183887,0.037332818154850525,,1,371,1,exact,0.0028574830095542763,377,,,,,,9.950000094249845e-05,28993010fc448d3c8e0e288008ed7118cc5ac8b2
dv3-train-matern2-009472,3,train,matern2,9472,,,,3:0:3:9472,,val,18,294.9554796722543,,,,,,,0.14331116998780466,,,,,,,304.9012857503163,0.00834452859312241,,,,,1.0017363537844515,0.1008754343615051,,1,294,1,exact,0.00834452859312241,313,,,,,,8.69169998622965e-05,6b420665c8a77ed87aec162ca82bd9635eb5d986
dv3-train-matern2-009473,3,train,matern2,9473,,,,3:0:3:9473,,val,18,129.605969385748,,,,,,,0.06168994180837211,,,,,,,130.38697207447635,0.005418784229901889,,,,,0.1275888422873215,0.043585286624012856,,1,132,1,exact,0.005418784229901889,137,,,,,,4.962499951943755e-05,2a72f096f24f38a5425b34a5508a45daf234e88f
dv3-train-matern2-009474,3,train,matern2,9474,,,,3:0:3:9474,,val,18,199.3002637539071,,,,,,,0.2765044762872774,,,,,,,227.9243657192891,0.019586111823201073,,,,,3.0382205539516924,0.19198098497861396,,1,208,1,exact,0.019586111823201073,257,,,,,,7.45839970477391e-05,75a80bb9b9570bba5920a306ded6e6685acf615e
dv3-train-matern2-009475,3,train,matern2,9475,,,,3:0:3:9475,,val,18,132.99913106762637,,,,,,,0.3547912911932783,,,,,,,169.26232417506748,0.03076440706651891,,,,,3.0726906865817423,0.24289016580136166,,1,141,1,exact,0.03076440706651891,211,,,,,,6.562500129803084e-05,bab0067d1c466d98b99ee35ead67b28b00ac1b23
dv3-train-matern2-009476,3,train,matern2,9476,,,,3:0:3:9476,,val,18,198.99694923791037,,,,,,,0.36497877095266196,,,,,,,257.7878581828661,0.025872857417737132,,,,,3.9388658278350164,0.24929332636494908,,1,205,1,exact,0.025872857417737132,292,,,,,,9.208300252794288e-05,fc6e2b7efc25a38d67db9598f5c532ea2b6407e1
dv3-train-matern2-009477,3,train,matern2,9477,,,,3:0:3:9477,,val,18,194.1944167924955,,,,,,,0.09056530799386847,,,,,,,196.74020448402356,0.006498954533155703,,,,,0.33505038340175275,0.06392460736956454,,1,183,1,exact,0.006498954533155703,189,,,,,,6.020900036673993e-05,5d370fb6de10e094b5a0ff2c3b72be83f7ff09df
dv3-train-matern2-009478,3,train,matern2,9478,,,,3:0:3:9478,,val,18,203.72938859213505,,,,,,,0.07655267578905679,,,,,,,205.62813122591734,0.005363317836460506,,,,,0.23203418822755284,0.054061798739799515,,1,213,1,exact,0.005363317836460506,217,,,,,,6.320800093817525e-05,6e8db2cdb021e73a7bc01d7bf9d4b4fe5f6b2c42
dv3-train-matern2-009479,3,train,matern2,9479,,,,3:0:3:9479,,val,18,395.71036411460693,,,,,,,0.0935897084867079,,,,,,,401.25679292458994,0.004704780669244671,,,,,0.35555016000361694,0.06605122154760762,,1,417,1,exact,0.004704780669244671,429,,,,,,0.00011449999874457717,465b44571ee804a07fa63bb06780f6670be84738
dv3-train-matern2-009480,3,train,matern2,9480,,,,3:0:3:9480,,val,18,181.78208481302548,,,,,,,0.06719561642906581,,,,,,,183.08370514538535,0.004983855044728034,,,,,0.17095578240172507,0.04746779987543668,,1,175,1,exact,0.004983855044728034,180,,,,,,5.35830004082527e-05,3f842cc372c62d490b571da9c71604aeb582bf26
dv3-train-matern2-009481,3,train,matern2,9481,,,,3:0:3:9481,,val,18,198.1710667760395,,,,,,,0.06258893435086973,,,,,,,199.40059025805158,0.004446081645895768,,,,,0.15032828156417322,0.044219364910048145,,1,192,1,exact,0.004446081645895768,202,,,,,,6.283400216489099e-05,17cb984094caf38c70352662e942f57bf2411ef3
dv3-train-matern2-009482,3,train,matern2,9482,,,,3:0:3:9482,,val,18,201.3500337570001,,,,,,,0.05262225578363142,,,,,,,202.2309577019944,0.0037084600757783712,,,,,0.10499641993170003,0.037187179062243024,,1,186,1,exact,0.0037084600757783712,189,,,,,,6.716699863318354e-05,a204a4b38f19fe760093c4c5474107b05c51023f
dv3-train-matern2-009483,3,train,matern2,9483,,,,3:0:3:9483,,val,18,101.91823042450356,,,,,,,0.1869621962799306,,,,,,,107.96093765782155,0.01851944058649025,,,,,1.3205553178186997,0.13116207369130986,,1,109,1,exact,0.01851944058649025,121,,,,,,4.6667002607136965e-05,a56d645374117920b0f4f720503b1238bbbfd20f
dv3-train-matern2-009484,3,train,matern2,9484,,,,3:0:3:9484,,val,18,147.28310068751657,,,,,,,0.12439334432206561,,,,,,,150.9833871338465,0.010249924931303061,,,,,0.9723342072349597,0.08765968331963477,,1,143,1,exact,0.010249924931303061,151,,,,,,5.416599742602557e-05,31b541c310c8fa899f3a486443aa9d8f7e372ee2
dv3-train-matern2-009485,3,train,matern2,9485,,,,3:0:3:9485,,val,18,135.8613407128151,,,,,,,0.0867587495048052,,,,,,,137.49348022372263,0.0074432967819995635,,,,,0.28121848438033425,0.0612469061880902,,1,139,1,exact,0.0074432967819995635,141,,,,,,4.8417001380585134e-05,b01f463409af7da7140e720be5e7394b13a1d4ee
dv3-train-matern2-009486,3,train,matern2,9486,,,,3:0:3:9486,,val,18,119.92429646505194,,,,,,,0.15628625057862358,,,,,,,124.77528426333242,0.014271419842386666,,,,,1.1862371741487499,0.10991073456130607,,1,122,1,exact,0.014271419842386666,137,,,,,,5.437499930849299e-05,316025c80d389529f46aafd35b0db82fecb59c3b
dv3-train-matern2-009487,3,train,matern2,9487,,,,3:0:3:9487,,val,18,146.9315990230497,,,,,,,0.15246135232511984,,,,,,,152.57278217284713,0.012577727029827138,,,,,1.2667383161099244,0.10724987071792902,,1,147,1,exact,0.012577727029827138,160,,,,,,5.4332998843165115e-05,d1a08949bd6f8867386ef569f864348406ed20bc
dv3-train-matern2-009488,3,train,matern2,9488,,,,3:0:3:9488,,val,18,110.44870343928733,,,,,,,0.08528768734870029,,,,,,,111.73024693607357,0.008115327060508272,,,,,0.26987125393876626,0.060211775250888305,,1,121,1,exact,0.008115327060508272,128,,,,,,4.741699740407057e-05,8c8986f90244d8c0b2e79853cf3b4ca41e9b6556
dv3-train-matern2-009489,3,train,matern2,9489,,,,3:0:3:9489,,val,18,142.4685191463528,,,,,,,0.49403864045458495,,,,,,,270.4848755020708,0.0413905753000092,,,,,4.363120617928136,0.32278123833084293,,1,143,1,exact,0.0413905753000092,317,,,,,,9.404199954587966e-05,ef81897247b7bf639771d8191cfab92804a7e42e
dv3-train-matern2-009490,3,train,matern2,9490,,,,3:0:3:9490,,val,18,182.55604328624509,,,,,,,0.4409903287685123,,,,,,,282.0888355999429,0.0326385576275049,,,,,4.507746100447811,0.29472103814757633,,1,184,1,exact,0.0326385576275049,340,,,,,,9.745900024427101e-05,d71d5b13098244f951c913bb0fa8287eb886aa14
dv3-train-matern2-009491,3,train,matern2,9491,,,,3:0:3:9491,,val,18,280.4617876375532,,,,,,,0.48740610877775875,,,,,,,515.4774236874366,0.02910409632335889,,,,,6.441587754832431,0.31951080570605855,,1,282,1,exact,0.02910409632335889,538,,,,,,0.00015120899843168445,be1525a50fde9a7f7ea7ea0c630339c74614471f
dv3-train-matern2-009492,3,train,matern2,9492,,,,3:0:3:9492,,val,18,226.7161350830536,,,,,,,0.12965858950156572,,,,,,,232.92259163286997,0.008611128659482858,,,,,0.8196770649742702,0.09134258083469136,,1,264,1,exact,0.008611128659482858,278,,,,,,8.245799836004153e-05,11d1dd0c15c923c33ba6c0a18aa11d0d5706a226
dv3-train-matern2-009493,3,train,matern2,9493,,,,3:0:3:9493,,val,18,540.8675329677365,,,,,,,0.2692443579755926,,,,,,,613.764514877791,0.011577136534251364,,,,,4.868856121953053,0.18713489286602814,,1,548,1,exact,0.011577136534251364,674,,,,,,0.0001613749991520308,a73ce3882e03e28336725765d52d38d4c49927e9
dv3-train-matern2-009494,3,train,matern2,9494,,,,3:0:3:9494,,val,18,633.0141553252301,,,,,,,0.16952443705941678,,,,,,,663.4354585818585,0.006737916117797597,,,,,1.266516733290262,0.11910195557893838,,1,634,1,exact,0.006737916117797597,687,,,,,,0.00017375000243191607,6558e566efa1ef2f2878966c58c822a1c98d3170
dv3-train-matern2-009495,3,train,matern2,9495,,,,3:0:3:9495,,val,18,337.7758928907353,,,,,,,0.3498454861355055,,,,,,,426.3463402417569,0.0190353974662482,,,,,5.005039749668102,0.23976017148152534,,1,341,1,exact,0.0190353974662482,478,,,,,,0.00012575000073411502,868b34965d9a505d5a726526b517e60a255afcb2
dv3-train-matern2-009496,3,train,matern2,9496,,,,3:0:3:9496,,val,18,187.81034266063148,,,,,,,0.1108914220306998,,,,,,,191.5342996722659,0.008091670697695334,,,,,0.5463372957783789,0.07820050485709533,,1,190,1,exact,0.008091670697695334,200,,,,,,5.954200241831131e-05,3b52716352ab03fc7bf8ad22c87bf69ecece094f
dv3-train-matern2-009497,3,train,matern2,9497,,,,3:0:3:9497,,val,18,304.6380309524121,,,,,,,0.24424560684974686,,,,,,,337.3420678004579,0.013993769018652328,,,,,3.3348487171623207,0.17031989037202874,,1,262,1,exact,0.013993769018652328,306,,,,,,8.858299770508893e-05,b72141cfa714e8aaa856700f35b4b26d9134ebeb
dv3-train-matern2-009498,3,train,matern2,9498,,,,3:0:3:9498,,val,18,166.9312399088406,,,,,,,0.09184557992950199,,,,,,,169.18305644407727,0.0071086879613590425,,,,,0.3368304071916952,0.0648249308220914,,1,178,1,exact,0.0071086879613590425,186,,,,,,5.937500100117177e-05,2b25e87b4b59ba6eb6b1b6d221c3c2408d8525da
dv3-train-matern2-009499,3,train,matern2,9499,,,,3:0:3:9499,,val,18,534.488047843533,,,,,,,0.35668638391260404,,,,,,,682.4139783291762,0.01542828070719495,,,,,6.48216036472023,0.2440858537971466,,1,564,1,exact,0.01542828070719495,765,,,,,,0.00029849999918951653,b309e40205c8afd60294820e0e531d7740afdf7c
