case_id,dv,set,family,index,cell_id,level_id,rep,spawn_key,r_seed,split,shard,nbar,mu,s,mu1,mu2,s2,rho,tau,gamma,sigma2,sp,kappa,sigma,sigma1,lam_p,R,beta,mu_log,s_abs,grid_M,delta_tilde,tau_K,tau_K2,prior_tries,n,pattern_tries,sampler,buffer,n_parents,pad_P,min_eig,cftp_start,mh_steps,burnin,wall_s,sha1
dv3-train-matern2-006500,3,train,matern2,6500,,,,3:0:3:6500,,train,13,205.22607537712614,,,,,,,0.42442039992319486,,,,,,,302.62894955614615,0.029626474908543546,,,,,4.657474498858782,0.2852374900795737,,1,208,1,exact,0.029626474908543546,346,,,,,,0.00022941700080991723,496ee51c3e748a7eaadbed93385f3540451a463f
dv3-train-matern2-006501,3,train,matern2,6501,,,,3:0:3:6501,,train,13,101.3340785931408,,,,,,,0.26346809297131196,,,,,,,114.30849047317264,0.02617280482034302,,,,,1.947930053242434,0.18326679996198045,,1,101,1,exact,0.02617280482034302,127,,,,,,9.93329995253589e-05,e9b1771788b43ce32a8476256d0ec18e425f1dcf
dv3-train-matern2-006502,3,train,matern2,6502,,,,3:0:3:6502,,train,13,677.3315003882929,,,,,,,0.10795947462674485,,,,,,,690.0433711026866,0.004148204188034408,,,,,0.4757073125030173,0.07614378463061473,,1,661,1,exact,0.004148204188034408,677,,,,,,0.0002586659975349903,41b6992b16dad1a18440ceb7d5112cf3f3bc4e5e
dv3-train-matern2-006503,3,train,matern2,6503,,,,3:0:3:6503,,train,13,549.5745569230845,,,,,,,0.07182223666872999,,,,,,,554.0763794329514,0.0030636956254728007,,,,,0.2070607663648013,0.05072895418356544,,1,542,1,exact,0.0030636956254728007,554,,,,,,0.00021204099903116003,2a9603bfaf3190f67b334ce1f6848e30c3d1daa8
dv3-train-matern2-006504,3,train,matern2,6504,,,,3:0:3:6504,,train,13,106.20292784700547,,,,,,,0.18001163630988287,,,,,,,112.0060760542722,0.017467563664226905,,,,,1.296608718371175,0.12636175064821314,,1,92,1,exact,0.017467563664226905,104,,,,,,8.24999988253694e-05,6d09767d3051a37efb391b01d6695b100bc0692f
dv3-train-matern2-006505,3,train,matern2,6505,,,,3:0:3:6505,,train,13,168.06461446198276,,,,,,,0.4846845506556714,,,,,,,305.032979829075,0.03738703589976243,,,,,4.730447046306527,0.31814574074245894,,1,160,1,exact,0.03738703589976243,362,,,,,,0.00016104200039990246,5a9f87c174c345390b73b23a91e365bc5a1f953f
dv3-train-matern2-006506,3,train,matern2,6506,,,,3:0:3:6506,,train,13,187.97907931399178,,,,,,,0.10395154820241188,,,,,,,191.24392098600464,0.007581867715153013,,,,,0.4632188711636393,0.07333084638325874,,1,179,1,exact,0.007581867715153013,188,,,,,,0.00010408299931441434,a4ae9bca1194bcaa9ecd1b6329975b0b78408ce3
dv3-train-matern2-006507,3,train,matern2,6507,,,,3:0:3:6507,,train,13,470.82266417330726,,,,,,,0.06659305727210746,,,,,,,474.13315531876157,0.0030690239209376024,,,,,0.1776841506988706,0.04704297462228661,,1,465,1,exact,0.0030690239209376024,475,,,,,,0.00018887500118580647,89b5e60cd2664b67be46a80b7a4be7d97d6b3533
dv3-train-matern2-006508,3,train,matern2,6508,,,,3:0:3:6508,,train,13,210.27258556670964,,,,,,,0.12904548716535114,,,,,,,215.9726018929446,0.008899210795418833,,,,,0.8204611530791409,0.09091390980604956,,1,170,1,exact,0.008899210795418833,180,,,,,,0.00010091700096381828,ba8e73ce8f198a082f039a254ecee49cd6d716af
dv3-train-matern2-006509,3,train,matern2,6509,,,,3:0:3:6509,,train,13,584.8764971742094,,,,,,,0.17245037537489094,,,,,,,614.029162906839,0.007130698254913599,,,,,1.3454510302878187,0.12112942485487475,,1,628,1,exact,0.007130698254913599,682,,,,,,0.0002554579987190664,356adc2ab0a9deaa7df0bc40bbee42dad80115f1
dv3-train-matern2-006510,3,train,matern2,6510,,,,3:0:3:6510,,train,13,545.1038005935548,,,,,,,0.26997775478106073,,,,,,,619.0484002457638,0.011563475279029282,,,,,4.908893048829817,0.18762523439361112,,1,549,1,exact,0.011563475279029282,644,,,,,,0.00024591600231360644,e1f029d785524bf825bd21e04e67a3a3189e13cf
dv3-train-matern2-006511,3,train,matern2,6511,,,,3:0:3:6511,,train,13,203.60019889689974,,,,,,,0.062368656538207445,,,,,,,204.85445766775783,0.004370964610099125,,,,,0.14991470194865195,0.04406400268305186,,1,190,1,exact,0.004370964610099125,194,,,,,,9.804100045585074e-05,fd01fafe60dbc2a59cd2627cfc44ce68e080dd46
dv3-train-matern2-006512,3,train,matern2,6512,,,,3:0:3:6512,,train,13,609.4285025951897,,,,,,,0.11090606369628796,,,,,,,621.5157008589088,0.004492560253027438,,,,,0.505339756257842,0.07821077350539032,,1,609,1,exact,0.004492560253027438,642,,,,,,0.00023804200100130402,8ee665590bd3e6b9655b0e27c935ad5827723a2c
dv3-train-matern2-006513,3,train,matern2,6513,,,,3:0:3:6513,,train,13,513.0943649536897,,,,,,,0.5112109950615005,,,,,,,1075.1959611113446,0.02256844120199309,,,,,9.259754246460943,0.33082997858258584,,1,529,1,exact,0.02256844120199309,1206,,,,,,0.0004470830026548356,5143f7a1edc97973e264cd4d4377187aaac94085
dv3-train-matern2-006514,3,train,matern2,6514,,,,3:0:3:6514,,train,13,305.6948202903306,,,,,,,0.317073177592343,,,,,,,367.3717329550226,0.01813491251967181,,,,,4.424113759427215,0.21870136404288992,,1,296,1,exact,0.01813491251967181,373,,,,,,0.0001569580017530825,ea0a68b91143c620275ea321c3a5794a89128bea
dv3-train-matern2-006515,3,train,matern2,6515,,,,3:0:3:6515,,train,13,349.7652840513486,,,,,,,0.12481284604427281,,,,,,,358.6140466553326,0.00667376539363149,,,,,0.6736503223854079,0.08795323849728252,,1,379,1,exact,0.00667376539363149,398,,,,,,0.00016287499965983443,f0b632ca274452c6b869e8e86b293086bcbbcdc7
dv3-train-matern2-006516,3,train,matern2,6516,,,,3:0:3:6516,,train,13,262.7757308072953,,,,,,,0.25178196161389055,,,,,,,293.03520497168455,0.01553216467909255,,,,,3.215032949357848,0.1754090220201764,,1,239,1,exact,0.01553216467909255,273,,,,,,0.00012954200064996257,02c065532199d4eb7604f342fdcff9040cc4b790
dv3-train-matern2-006517,3,train,matern2,6517,,,,3:0:3:6517,,train,13,404.01041577643167,,,,,,,0.184446694046544,,,,,,,427.27373076849176,0.009176447718275986,,,,,1.8074818145113392,0.12942584062777782,,1,389,1,exact,0.009176447718275986,425,,,,,,0.00017450000086682849,f563eec247df63bd0cf2022c745aa4b81de62e90
dv3-train-matern2-006518,3,train,matern2,6518,,,,3:0:3:6518,,train,13,675.4084204492625,,,,,,,0.5285022181744125,,,,,,,1616.0556939555897,0.02033590849542678,,,,,10.76765566375829,0.33817751603525287,,1,669,1,exact,0.02033590849542678,1826,,,,,,0.000657583001157036,a666de3293eea7d7443f6a0f3671fae353036276
dv3-train-matern2-006519,3,train,matern2,6519,,,,3:0:3:6519,,train,13,101.91219298826029,,,,,,,0.0631765256954088,,,,,,,102.55652099813233,0.006258102402360515,,,,,0.1311191881991729,0.04463377998025424,,1,107,1,exact,0.006258102402360515,111,,,,,,8.337499821209349e-05,2c2a601203666616e83095fcd7ffd3083628a665
dv3-train-matern2-006520,3,train,matern2,6520,,,,3:0:3:6520,,train,13,336.2316358409495,,,,,,,0.07651507716703299,,,,,,,339.3621737528509,0.004172801576656807,,,,,0.2346216768441161,0.054035314721356024,,1,358,1,exact,0.004172801576656807,366,,,,,,0.00011195800107088871,4a3d1b70ed366ed2ace5c98e05a5f1fc590fdaba
dv3-train-matern2-006521,3,train,matern2,6521,,,,3:0:3:6521,,train,13,125.4638462310439,,,,,,,0.2612474379692024,,,,,,,141.21098968648784,0.023323447307982904,,,,,2.142789356752977,0.18177688222475086,,1,115,1,exact,0.023323447307982904,141,,,,,,6.0999998822808266e-05,aa5241878512b6d7442c046e296b478ec612ed24
dv3-train-matern2-006522,3,train,matern2,6522,,,,3:0:3:6522,,train,13,140.57058077421914,,,,,,,0.2549141392709502,,,,,,,157.22958661071118,0.0215004082057518,,,,,2.235489931626597,0.17751920027645582,,1,149,1,exact,0.0215004082057518,175,,,,,,6.383400250342675e-05,bcddd4341b4267f0e9fcd7977aef07206813e513
dv3-train-matern2-006523,3,train,matern2,6523,,,,3:0:3:6523,,train,13,115.77814269631304,,,,,,,0.06243194918255377,,,,,,,116.49284271924316,0.005802212161821887,,,,,0.12879228144372915,0.04410864335628353,,1,100,1,exact,0.005802212161821887,102,,,,,,4.708299820777029e-05,f27a2fc57bb4a80605e439a47d6edcc900cce2f0
dv3-train-matern2-006524,3,train,matern2,6524,,,,3:0:3:6524,,train,13,474.57241927069305,,,,,,,0.0592870692321157,,,,,,,477.2121175722114,0.002721502482550049,,,,,0.1402596401613802,0.04189026423105959,,1,489,1,exact,0.002721502482550049,495,,,,,,0.00012083299952792004,1f0f417d7b197db23ecd818d51036317afe1c091
dv3-train-matern2-006525,3,train,matern2,6525,,,,3:0:3:6525,,train,13,305.5498165272905,,,,,,,0.09254541913983427,,,,,,,309.73573529609484,0.005294365417698384,,,,,0.3553429425779775,0.0653170174231429,,1,316,1,exact,0.005294365417698384,322,,,,,,8.962500214693137e-05,9c1f05284e394f07670f28affcff6dda6658db46
dv3-train-matern2-006526,3,train,matern2,6526,,,,3:0:3:6526,,train,13,235.70499176606944,,,,,,,0.09109304198642454,,,,,,,238.83171920002238,0.005933361581215204,,,,,0.3470864764463273,0.06429574198342121,,1,256,1,exact,0.005933361581215204,267,,,,,,7.866599844419397e-05,c911301c91a72e1a3c5e95c18c5655a409438058
dv3-train-matern2-006527,3,train,matern2,6527,,,,3:0:3:6527,,train,13,138.27165702349177,,,,,,,0.306419456486547,,,,,,,163.84076596318494,0.026058520479947805,,,,,2.6698757632650003,0.21174793077831638,,1,149,1,exact,0.026058520479947805,181,,,,,,6.191599823068827e-05,03754bc5b8ca6cd5169fbb9b03ccf8f4f4928d78
dv3-train-matern2-006528,3,train,matern2,6528,,,,3:0:3:6528,,train,13,123.64498707982257,,,,,,,0.1312678706161726,,,,,,,127.11756429792437,0.011805113951520419,,,,,0.9542129279175983,0.09246753645066301,,1,129,1,exact,0.011805113951520419,142,,,,,,5.4041000112192705e-05,a07a5b76270a9ab010e0ee12ea60b27387d8390a
dv3-train-matern2-006529,3,train,matern2,6529,,,,3:0:3:6529,,train,13,138.52586306412863,,,,,,,0.10136466829332685,,,,,,,140.8109246571751,0.0086123400898973,,,,,0.4227086213898894,0.07151440949185547,,1,123,1,exact,0.0086123400898973,127,,,,,,4.824999996344559e-05,05af82adc0d46934012b3db5fe7a7ec869584cdc
dv3-train-matern2-006530,3,train,matern2,6530,,,,3:0:3:6530,,train,13,256.46316302275955,,,,,,,0.3729267910922284,,,,,,,337.12080303876934,0.023286868305946628,,,,,4.714134896352198,0.25424550546778835,,1,260,1,exact,0.023286868305946628,380,,,,,,0.000100125002063578,5aa7abb76d6736223ca025a35a2cafa6734453df
dv3-train-matern2-006531,3,train,matern2,6531,,,,3:0:3:6531,,train,13,795.0641437806372,,,,,,,0.20260992026896113,,,,,,,851.2152580296869,0.007185543480927691,,,,,1.8580531360708301,0.1419336629655019,,1,772,1,exact,0.007185543480927691,855,,,,,,0.00020804199812118895,9508e29872e4830435effd41fb7566241046efda
dv3-train-matern2-006532,3,train,matern2,6532,,,,3:0:3:6532,,train,13,275.5123604958818,,,,,,,0.21571816762102378,,,,,,,297.85783549544664,0.012996193794468315,,,,,2.8083710468798904,0.15091634722195463,,1,275,1,exact,0.012996193794468315,323,,,,,,9.166699965135194e-05,253cfabf90398fff7d8dd38aca20d31ba40978d9
dv3-train-matern2-006533,3,train,matern2,6533,,,,3:0:3:6533,,train,13,649.5846976310982,,,,,,,0.2541552590483236,,,,,,,726.0345106131886,0.009971975615779992,,,,,4.079635060793046,0.17700820547004226,,1,645,1,exact,0.009971975615779992,748,,,,,,0.0001855830014392268,4e61cc3721cd3d1f983ceb226272970f55032a5d
dv3-train-matern2-006534,3,train,matern2,6534,,,,3:0:3:6534,,train,13,398.3960392156432,,,,,,,0.29090385954271003,,,,,,,463.1245676722597,0.014574443373927853,,,,,4.484613778882341,0.20153789213442133,,1,400,1,exact,0.014574443373927853,497,,,,,,0.00012612499995157123,a486e11943074e9b545d80c822f2f88d7298dd55
dv3-train-matern2-006535,3,train,matern2,6535,,,,3:0:3:6535,,train,13,224.83443742982047,,,,,,,0.1574540777674175,,,,,,,234.07308605436756,0.010500802650744632,,,,,1.7805379014111415,0.11072270087395511,,1,224,1,exact,0.010500802650744632,241,,,,,,7.066699981805868e-05,a9025438e5bbf1bf74e652f00df6d6b128713236
dv3-train-matern2-006536,3,train,matern2,6536,,,,3:0:3:6536,,train,13,532.0911339273423,,,,,,,0.23203119542633874,,,,,,,582.9088081106821,0.010058966604141366,,,,,3.5327831334611557,0.16203793789115067,,1,541,1,exact,0.010058966604141366,604,,,,,,0.0001514590003353078,35dbba8aba96749c69e5ed26353a162c2f0ec546
dv3-train-matern2-006537,3,train,matern2,6537,,,,3:0:3:6537,,train,13,184.29598357473503,,,,,,,0.18973797997051967,,,,,,,195.57693511896912,0.01397643268950823,,,,,1.9415078959381036,0.13307651729447328,,1,187,1,exact,0.01397643268950823,204,,,,,,6.387499888660386e-05,3996bdeffeed54812d88c8c5f4b16c3d57453b20
dv3-train-matern2-006538,3,train,matern2,6538,,,,3:0:3:6538,,train,13,719.1406167176091,,,,,,,0.2034758047120258,,,,,,,770.4070443276709,0.007587625119301923,,,,,1.924081899226311,0.1425282156944922,,1,724,1,exact,0.007587625119301923,796,,,,,,0.00017870900046546012,ec6e8b125abec8460ccd941e1eae7f17d1dd9e4f
dv3-train-matern2-006539,3,train,matern2,6539,,,,3:0:3:6539,,train,13,460.09612169647863,,,,,,,0.15222087219463498,,,,,,,477.70215289310835,0.007096593347713883,,,,,1.0444493283659038,0.10708250081048025,,1,467,1,exact,0.007096593347713883,500,,,,,,0.00012754199997289106,e009d61c5d9c4fe3d55f51e4cce5281fb7edfbd5
dv3-train-matern2-006540,3,train,matern2,6540,,,,3:0:3:6540,,train,13,128.8840444148653,,,,,,,0.07978354553807426,,,,,,,130.19016839602412,0.007027708743184282,,,,,0.22763877541804547,0.056337199919401566,,1,130,1,exact,0.007027708743184282,135,,,,,,5.5500000598840415e-05,47319fddd30812b8f02625b498730662977ea0f0
dv3-train-matern2-006541,3,train,matern2,6541,,,,3:0:3:6541,,train,13,723.9173029348235,,,,,,,0.14121928996505637,,,,,,,747.5889584639996,0.0052486733451762545,,,,,0.8374350356827522,0.09941643341178687,,1,727,1,exact,0.0052486733451762545,764,,,,,,0.0001993749974644743,9d75f16781ad0f9579dfd0cf3c73b54b57d506f7
dv3-train-matern2-006542,3,train,matern2,6542,,,,3:0:3:6542,,train,13,716.8041461389263,,,,,,,0.3218452528844482,,,,,,,867.1276649416002,0.01202117317172213,,,,,6.79046356933549,0.22179987488680364,,1,716,1,exact,0.01202117317172213,916,,,,,,0.0002243329981865827,db5afa123d2cc7b34354ded4250efe749030f50e
dv3-train-matern2-006543,3,train,matern2,6543,,,,3:0:3:6543,,train,13,326.9412948994877,,,,,,,0.31277450190638334,,,,,,,390.6348186655762,0.01729802227257477,,,,,4.451351230642734,0.21590158567035153,,1,337,1,exact,0.01729802227257477,439,,,,,,0.0001221249985974282,57490e8ecac6892b26ecf32a0e3f77008ebcee41
dv3-train-matern2-006544,3,train,matern2,6544,,,,3:0:3:6544,,train,13,254.7553460213083,,,,,,,0.3236691403326508,,,,,,,308.97338157713114,0.020278678088899788,,,,,4.098522692233296,0.2229813968637897,,1,235,1,exact,0.020278678088899788,301,,,,,,9.20409984246362e-05,d16e0a1a9bb01364581de8c0240edd8673c3aab6
dv3-train-matern2-006545,3,train,matern2,6545,,,,3:0:3:6545,,train,13,210.45720650976386,,,,,,,0.12528652996363793,,,,,,,215.8234726045695,0.008636195799363205,,,,,0.7519924289866275,0.08828468313045716,,1,255,1,exact,0.008636195799363205,274,,,,,,8.145899846567772e-05,87beccf49169d7c758cd1174c13b13e904500272
dv3-train-matern2-006546,3,train,matern2,6546,,,,3:0:3:6546,,train,13,695.5186624105875,,,,,,,0.5176021613818932,,,,,,,1523.035485931358,0.01962644706821678,,,,,10.85339907543387,0.33364638394765395,,1,726,1,exact,0.01962644706821678,1645,,,,,,0.0004591249999066349,3116fcbbd5bd935a34bbf2b17e73647c35bef270
dv3-train-matern2-006547,3,train,matern2,6547,,,,3:0:3:6547,,train,13,798.5397768736308,,,,,,,0.2579498744542893,,,,,,,895.825607276889,0.009128239868469721,,,,,3.5598106119594366,0.17956157425926889,,1,831,1,exact,0.009128239868469721,960,,,,,,0.00022391700258594938,931ee81e4671c0dce7a6105a938236e276fe7a07
dv3-train-matern2-006548,3,train,matern2,6548,,,,3:0:3:6548,,train,13,153.87650036076596,,,,,,,0.1600044660720585,,,,,,,160.4177846870223,0.01289870037679744,,,,,1.418730924332554,0.11249517922708717,,1,146,1,exact,0.01289870037679744,160,,,,,,6.012499943608418e-05,0328f5749dc965bc7a16dfa037dd612af917f6d8
dv3-train-matern2-006549,3,train,matern2,6549,,,,3:0:3:6549,,train,13,293.25583906928193,,,,,,,0.5397703066892189,,,,,,,790.962217967784,0.03151995986372836,,,,,7.228633272386549,0.34242211168515496,,1,273,1,exact,0.03151995986372836,861,,,,,,0.00024724999821046367,562be7f8ebfaf886cca5e5d20dbf923a5b779c86
dv3-train-matern2-006550,3,train,matern2,6550,,,,3:0:3:6550,,train,13,259.6842028134762,,,,,,,0.4219486459092527,,,,,,,380.4566344655581,0.02618405061798531,,,,,5.405885443243012,0.2837996606687464,,1,253,1,exact,0.02618405061798531,414,,,,,,0.00011395800174796022,3b263d2e5d99f6c5463377afb3c7629b274c8b61
dv3-train-matern2-006551,3,train,matern2,6551,,,,3:0:3:6551,,train,13,727.9690791288851,,,,,,,0.18789419932344997,,,,,,,771.5967440154934,0.006963970237100128,,,,,1.5826329862347601,0.1318050410559006,,1,774,1,exact,0.006963970237100128,841,,,,,,0.0002154159992642235,60247c58ce405079493ab5c8cf53c365bf45e90a
dv3-train-matern2-006552,3,train,matern2,6552,,,,3:0:3:6552,,train,13,328.94310061788525,,,,,,,0.061062948909830994,,,,,,,330.8849003124187,0.003366800499588452,,,,,0.14745027611132375,0.04314302786485593,,1,296,1,exact,0.003366800499588452,302,,,,,,8.533299842383713e-05,58f5a71ca6ef4ffdb3b7cdca9bc042213fb5dc2c
dv3-train-matern2-006553,3,train,matern2,6553,,,,3:0:3:6553,,train,13,466.61606167662376,,,,,,,0.26731579214436163,,,,,,,528.4419568689237,0.012374987653163258,,,,,4.57698007934345,0.1858446285638367,,1,506,1,exact,0.012374987653163258,593,,,,,,0.00016004099961719476,a1b6e8d5fa2d43a066db46071cbbf7803d3370b4
dv3-train-matern2-006554,3,train,matern2,6554,,,,3:0:3:6554,,train,13,527.499250915374,,,,,,,0.07276380365446049,,,,,,,531.9355629004447,0.003168140765014419,,,,,0.2127902805880921,0.051392461094380046,,1,495,1,exact,0.003168140765014419,512,,,,,,0.00012858300033258274,b1795e20ceb4d285f07739046519726c51915076
dv3-train-matern2-006555,3,train,matern2,6555,,,,3:0:3:6555,,train,13,267.54187242171315,,,,,,,0.08134096188993463,,,,,,,270.3615610496631,0.004972942328308987,,,,,0.2727409035171876,0.0574337622909328,,1,261,1,exact,0.004972942328308987,269,,,,,,8.083299690042622e-05,121171d2305a570b41400231d7147463cb3be55b
dv3-train-matern2-006556,3,train,matern2,6556,,,,3:0:3:6556,,train,13,152.7901849853243,,,,,,,0.3474751598842632,,,,,,,192.1103556404383,0.028110983165678335,,,,,3.191417200189964,0.23825532308902372,,1,146,1,exact,0.028110983165678335,209,,,,,,6.858399865450338e-05,0e9e32c9e6e1931f3daa6c79f084e0966b55eb31
dv3-train-matern2-006557,3,train,matern2,6557,,,,3:0:3:6557,,train,13,726.248739526799,,,,,,,0.11055221108173528,,,,,,,740.5587156991036,0.004102274686934932,,,,,0.49982284110404057,0.07796259944806899,,1,750,1,exact,0.004102274686934932,780,,,,,,0.00019600000086938962,01f0e9d8afcb902032940fc550b730b044091e59
dv3-train-matern2-006558,3,train,matern2,6558,,,,3:0:3:6558,,train,13,234.89133923312485,,,,,,,0.3956281596316929,,,,,,,323.267978091861,0.02581390418893658,,,,,4.745601524938843,0.2681595341731491,,1,223,1,exact,0.02581390418893658,348,,,,,,0.00011250000170548446,47d072d00000cf71b4508c5e9a0c802754fc1c5c
dv3-train-matern2-006559,3,train,matern2,6559,,,,3:0:3:6559,,train,13,202.56648552693707,,,,,,,0.2816702316522724,,,,,,,232.9878009570887,0.019790517666131935,,,,,3.091131523443499,0.19541807375886908,,1,201,1,exact,0.019790517666131935,260,,,,,,8.225000055972487e-05,396db886776d5145e02988b8ab8ccf11903cc7cd
dv3-train-matern2-006560,3,train,matern2,6560,,,,3:0:3:6560,,train,13,737.3274832472056,,,,,,,0.05608482031388904,,,,,,,740.9947619699916,0.0020654520716717247,,,,,0.1250755689280304,0.03963085707609838,,1,742,1,exact,0.0020654520716717247,751,,,,,,0.00018987500152434222,7e99ee640d6739a92012d47af95b742c758630f1
dv3-train-matern2-006561,3,train,matern2,6561,,,,3:0:3:6561,,train,13,619.0109839222573,,,,,,,0.058417911398676595,,,,,,,622.3531523649832,0.0023479932713493966,,,,,0.13532081000078472,0.04127706812764813,,1,600,1,exact,0.0023479932713493966,614,,,,,,0.00016029200196499005,1595621c482d7338f774231b45a0d5efe5428452
dv3-train-matern2-006562,3,train,matern2,6562,,,,3:0:3:6562,,train,13,113.73651353658671,,,,,,,0.11472116301380389,,,,,,,116.15469740119546,0.010757059862375495,,,,,0.7638446414655511,0.08088563139365351,,1,115,1,exact,0.010757059862375495,126,,,,,,5.0374997954349965e-05,04b628abe8eca686c75f82a435ce32b91b841836
dv3-train-matern2-006563,3,train,matern2,6563,,,,3:0:3:6563,,train,13,138.06298507167756,,,,,,,0.5392917803491812,,,,,,,370.1741752552037,0.04589709216784363,,,,,4.661006268293032,0.3422525969931415,,1,138,1,exact,0.04589709216784363,464,,,,,,0.00013904200022807345,6a71548af4777f0da78e6f349a635f704fe1b1a3
dv3-train-matern2-006564,3,train,matern2,6564,,,,3:0:3:6564,,train,13,197.23845997563973,,,,,,,0.2730335263203201,,,,,,,224.72196808442635,0.01944107056926505,,,,,2.9424064472810394,0.189666363266997,,1,189,1,exact,0.01944107056926505,231,,,,,,7.495800309698097e-05,654b2ac641597dfc640518c877a88d55ff0006a2
dv3-train-matern2-006565,3,train,matern2,6565,,,,3:0:3:6565,,train,13,588.3647010394891,,,,,,,0.11341319130441048,,,,,,,600.5825588527726,0.004675631398940056,,,,,0.5317700810452324,0.07996875929068803,,1,621,1,exact,0.004675631398940056,645,,,,,,0.00016716699974494986,ce428dc6d6d09270f19edd1aeb44c267d7722a1a
dv3-train-matern2-006566,3,train,matern2,6566,,,,3:0:3:6566,,train,13,396.2283752256358,,,,,,,0.27599299620988793,,,,,,,452.88345070056556,0.013865172415212667,,,,,4.299148747860109,0.19164016073564236,,1,422,1,exact,0.013865172415212667,520,,,,,,0.0001325839984929189,30fb9aa5fb9f7be456caec74f38a02b7daa8e151
dv3-train-matern2-006567,3,train,matern2,6567,,,,3:0:3:6567,,train,13,351.96056162514185,,,,,,,0.19149121954319104,,,,,,,373.93842291315786,0.01020708811697311,,,,,2.558706167249048,0.13428492694203223,,1,338,1,exact,0.01020708811697311,377,,,,,,0.00010633299825713038,b4583ee7922850152baae44926aa378acac81805
dv3-train-matern2-006568,3,train,matern2,6568,,,,3:0:3:6568,,train,13,476.4645922271765,,,,,,,0.1443897609327375,,,,,,,492.78478756033314,0.006614866461395488,,,,,0.9198905055574903,0.10162746541976544,,1,458,1,exact,0.006614866461395488,488,,,,,,0.00012916600098833442,f9ab9f009cb2e94fd4abcd840ca6dd752ed096f5
dv3-train-matern2-006569,3,train,matern2,6569,,,,3:0:3:6569,,train,13,181.1926672078822,,,,,,,0.19581384624900022,,,,,,,193.06978615535346,0.01454698828487874,,,,,1.974677497667459,0.13726160337082738,,1,183,1,exact,0.01454698828487874,206,,,,,,6.70000008540228e-05,6cdc0c806ddfc7f2820e0699b12f6af791ea2d92
dv3-train-matern2-006570,3,train,matern2,6570,,,,3:0:3:6570,,train,13,239.66789213989296,,,,,,,0.46135292436883857,,,,,,,395.9339509884923,0.029800829288140797,,,,,5.638118060773712,0.3059585131447836,,1,243,1,exact,0.029800829288140797,433,,,,,,0.00011991599967586808,e6b5854468b9442e701095cf0c901b10e59b56d0
dv3-train-matern2-006571,3,train,matern2,6571,,,,3:0:3:6571,,train,13,155.0810137785946,,,,,,,0.15361208019659742,,,,,,,161.13005051956765,0.012335196002188215,,,,,1.3685929599396958,0.10805063446920313,,1,157,1,exact,0.012335196002188215,172,,,,,,5.979200068395585e-05,8093dbf623aed9a09f32f2ff9bf0683520d78782
dv3-train-matern2-006572,3,train,matern2,6572,,,,3:0:3:6572,,train,13,111.09444016095892,,,,,,,0.34132492924157065,,,,,,,138.32401214579176,0.032383355424975224,,,,,2.6695972750177592,0.23433674041770436,,1,99,1,exact,0.032383355424975224,146,,,,,,0.00012512500325101428,5e1584d420b8acc41566dc921bbcbff3d6ebf25a
dv3-train-matern2-006573,3,train,matern2,6573,,,,3:0:3:6573,,train,13,152.77301570221675,,,,,,,0.31177289208370706,,,,,,,182.29301534290695,0.025224062034940906,,,,,2.8302923791772696,0.21524807267807672,,1,184,1,exact,0.025224062034940906,236,,,,,,0.00010966600166284479,f2a89bce03726dfbd82eb03b7c50adcc6d991b46
dv3-train-matern2-006574,3,train,matern2,6574,,,,3:0:3:6574,,train,13,490.65791421614,,,,,,,0.3071314533674874,,,,,,,581.923709380057,0.01386547942456282,,,,,5.4262523227781125,0.21221413673479536,,1,452,1,exact,0.01386547942456282,568,,,,,,0.0002875830032280646,c99abcb7de99fe98b5165f1bb12b953bf5f2385a
dv3-train-matern2-006575,3,train,matern2,6575,,,,3:0:3:6575,,train,13,148.87315230090454,,,,,,,0.07977121275884974,,,,,,,150.38137522181287,0.0065378959187423055,,,,,0.2320539558952639,0.05632851579343199,,1,148,1,exact,0.0065378959187423055,153,,,,,,0.00013179199959267862,7a9313a3bcab654f6b73751fd2f3188f360a4c43
dv3-train-matern2-006576,3,train,matern2,6576,,,,3:0:3:6576,,train,13,502.56145541046646,,,,,,,0.3421666545591591,,,,,,,626.5666691792131,0.015263112146575507,,,,,6.144272355207751,0.23487421350115506,,1,509,1,exact,0.015263112146575507,637,,,,,,0.0003006250008183997,8f6c744092194669b175ba2e09ba16ae9fd13a30
dv3-train-matern2-006577,3,train,matern2,6577,,,,3:0:3:6577,,train,13,740.7163593827238,,,,,,,0.4073850491195983,,,,,,,1046.8353514888001,0.014968528833068092,,,,,8.887568563567877,0.27521680411680466,,1,743,1,exact,0.014968528833068092,1104,,,,,,0.0004260420028003864,0a959696d453aa0ca20dcf3b2cf137f1fe196fd2
dv3-train-matern2-006578,3,train,matern2,6578,,,,3:0:3:6578,,train,13,421.0056439154088,,,,,,,0.06714092024394144,,,,,,,424.01523223666993,0.003272226296982314,,,,,0.17939241912926837,0.04742923809118344,,1,442,1,exact,0.003272226296982314,454,,,,,,0.00020483400294324383,6ae3230b7787236a743ba804f9311b76a7c2a263
dv3-train-matern2-006579,3,train,matern2,6579,,,,3:0:3:6579,,train,13,302.0798648660952,,,,,,,0.05098505424894128,,,,,,,303.32008835946095,0.0029334723332458358,,,,,0.10262683828314748,0.036031530583829775,,1,316,1,exact,0.0029334723332458358,320,,,,,,0.00014637500134995207,1cb4247f1a6605daa8fe02411d145c5a1d243939
dv3-train-matern2-006580,3,train,matern2,6580,,,,3:0:3:6580,,train,13,165.19066653306814,,,,,,,0.2320066163752483,,,,,,,180.96351586056295,0.018051263988033982,,,,,2.2049280426467583,0.1620212316301718,,1,156,1,exact,0.018051263988033982,187,,,,,,0.000106458999653114,dfdc0e3baf5861f9c9fba43a749c109af021ffae
dv3-train-matern2-006581,3,train,matern2,6581,,,,3:0:3:6581,,train,13,796.3473921523821,,,,,,,0.06692966392620035,,,,,,,802.0040300324658,0.002371741556739668,,,,,0.1784565419418478,0.04728029686675705,,1,864,1,exact,0.002371741556739668,876,,,,,,0.0003155840022373013,694c0bb1e2797975f612d629eee0af09439a67b7
dv3-train-matern2-006582,3,train,matern2,6582,,,,3:0:3:6582,,train,13,158.6072837453553,,,,,,,0.2307009379374285,,,,,,,173.55949862131592,0.018318410897599426,,,,,2.1447677144828208,0.16113354109119454,,1,146,1,exact,0.018318410897599426,170,,,,,,0.00010062499859486707,93bf127961af3104c639e7ff673deaadc5f126ea
dv3-train-matern2-006583,3,train,matern2,6583,,,,3:0:3:6583,,train,13,111.02906892675419,,,,,,,0.29553500334914035,,,,,,,129.7851377629267,0.028047268845212324,,,,,2.313229089693672,0.20459531422782193,,1,105,1,exact,0.028047268845212324,141,,,,,,9.258300269721076e-05,70df45168092cc7bd0983d7f5cae7e440a7e8c71
dv3-train-matern2-006584,3,train,matern2,6584,,,,3:0:3:6584,,train,13,126.91189981610052,,,,,,,0.4200893950203697,,,,,,,185.0440772077473,0.03728984218811117,,,,,3.507593425210837,0.2827143940507994,,1,126,1,exact,0.03728984218811117,215,,,,,,0.00011258300219196826,547b9809ce71ba7a8d066d150c5c623aeba59a50
dv3-train-matern2-006585,3,train,matern2,6585,,,,3:0:3:6585,,train,13,217.02548061022932,,,,,,,0.30089238067945057,,,,,,,255.36366991544375,0.02042470662542358,,,,,3.402957236531956,0.20812179873226896,,1,215,1,exact,0.02042470662542358,279,,,,,,0.00013320800280780531,6831a54ff2f1b73f60ba911ee2ccbe50682ce09b
dv3-train-matern2-006586,3,train,matern2,6586,,,,3:0:3:6586,,train,13,671.418725867944,,,,,,,0.07453745626396978,,,,,,,677.3473388108935,0.002876589181210442,,,,,0.2219780292481501,0.05264216048961515,,1,663,1,exact,0.002876589181210442,674,,,,,,0.00024766699789324775,b31a971876b71e0050abd5b447984101c49ab90e
dv3-train-matern2-006587,3,train,matern2,6587,,,,3:0:3:6587,,train,13,301.0896966707446,,,,,,,0.2161745911306464,,,,,,,325.62462262941017,0.012458240175873948,,,,,2.9378140305695406,0.15122840703147045,,1,301,1,exact,0.012458240175873948,342,,,,,,0.00014916700092726387,75a978acaa314c5b9e9f16d9baa82fbdf73f61ac
dv3-train-matern2-006588,3,train,matern2,6588,,,,3:0:3:6588,,train,13,267.5328724096032,,,,,,,0.10853799296611491,,,,,,,272.60914495668476,0.00663579881144609,,,,,0.5156135301143431,0.07654967844361421,,1,273,1,exact,0.00663579881144609,288,,,,,,0.0001318340000580065,06d0fc7e5157b513f0e2c7af50be5e2e84c11712
dv3-train-matern2-006589,3,train,matern2,6589,,,,3:0:3:6589,,train,13,102.83429846029892,,,,,,,0.2059916737756652,,,,,,,110.3658532282699,0.020313308846157264,,,,,1.495266308953881,0.1442547836229671,,1,123,1,exact,0.020313308846157264,144,,,,,,9.14999982342124e-05,3ef6913464ef7d68632ece243ee7f583ed02522d
dv3-train-matern2-006590,3,train,matern2,6590,,,,3:0:3:6590,,train,13,307.9056667825992,,,,,,,0.3955724016190727,,,,,,,423.7022669837585,0.022543281965169033,,,,,5.515669463205429,0.26812580910972916,,1,312,1,exact,0.022543281965169033,459,,,,,,0.0002247909978905227,087a67abbfdefd8f1f7511fe0a5013cd40cce54f
dv3-train-matern2-006591,3,train,matern2,6591,,,,3:0:3:6591,,train,13,347.3137626424433,,,,,,,0.06194947377603547,,,,,,,349.424457838629,0.0033241194782183325,,,,,0.15085768664469185,0.04376834475913788,,1,371,1,exact,0.0033241194782183325,377,,,,,,0.00018700000146054663,f8a2fc0a44d4be4b804a9e94c4b406a384dcd533
dv3-train-matern2-006592,3,train,matern2,6592,,,,3:0:3:6592,,train,13,262.0252356739225,,,,,,,0.14505438689116845,,,,,,,271.086983139017,0.00896105839863729,,,,,1.091961483776612,0.10209078283925918,,1,255,1,exact,0.00896105839863729,274,,,,,,0.00013908300024922937,4b33e2d33b0401fddbfe32a0c3170639e4d7cc88
dv3-train-matern2-006593,3,train,matern2,6593,,,,3:0:3:6593,,train,13,120.75922077809051,,,,,,,0.16817142281761785,,,,,,,126.46447695016971,0.015303545093337137,,,,,1.2975507873238425,0.11816390833688793,,1,113,1,exact,0.015303545093337137,125,,,,,,8.966699897428043e-05,780d309162e09cd89a27e683f67a33300a5a5aac
dv3-train-matern2-006594,3,train,matern2,6594,,,,3:0:3:6594,,train,13,146.11597773908488,,,,,,,0.5244047850213368,,,,,,,337.3509547567715,0.04338282126593662,,,,,4.667701048231651,0.3365179252071766,,1,141,1,exact,0.04338282126593662,393,,,,,,0.00017962499987334013,df16f7381fd6aacbc7194c56a30a665d5905698f
dv3-train-matern2-006595,3,train,matern2,6595,,,,3:0:3:6595,,train,13,230.99352090279876,,,,,,,0.0798739583506724,,,,,,,233.33981338814,0.005255394330268649,,,,,0.2596502456599693,0.05640086374913582,,1,227,1,exact,0.005255394330268649,233,,,,,,0.0001250829991477076,e6d0ff29a98859e165cf10215ce4eddf3ae1d5bc
dv3-train-matern2-006596,3,train,matern2,6596,,,,3:0:3:6596,,train,13,668.5367887165529,,,,,,,0.46040140775507,,,,,,,1100.6853713751311,0.017806312355362893,,,,,9.378816216383989,0.3054448415976186,,1,672,1,exact,0.017806312355362893,1146,,,,,,0.0004269170021871105,388a7d5b582cc334d8815ea9b8756a55abb7caa9
dv3-train-matern2-006597,3,train,matern2,6597,,,,3:0:3:6597,,train,13,112.3731530591576,,,,,,,0.32841333992410643,,,,,,,137.21924011391957,0.030980577291517722,,,,,2.5900111025203105,0.2260474700784953,,1,99,1,exact,0.030980577291517722,145,,,,,,9.512500037089922e-05,0ef4dff3bc24798a907017b909e7053cf3c03222
dv3-train-matern2-006598,3,train,matern2,6598,,,,3:0:3:6598,,train,13,581.5251525286837,,,,,,,0.19136062905060647,,,,,,,617.7842540687523,0.007935391135691673,,,,,1.7442449836400462,0.13419493955211717,,1,584,1,exact,0.007935391135691673,644,,,,,,0.00024266699983854778,6bf3540f2b3113bf8c347364a98bde47a0d85299
dv3-train-matern2-006599,3,train,matern2,6599,,,,3:0:3:6599,,train,13,148.2196576507834,,,,,,,0.11652070558874426,,,,,,,151.47357571312506,0.009570843237717109,,,,,0.6452425646037738,0.0821467790213372,,1,135,1,exact,0.009570843237717109,141,,,,,,9.304200284532271e-05,5c13f52c2bb3c1d05fccdc46c9b5047b8e7c9bb4
dv3-train-matern2-006600,3,train,matern2,6600,,,,3:0:3:6600,,train,13,127.74943847239915,,,,,,,0.09729073817810518,,,,,,,129.68737762789948,0.008607796648398603,,,,,0.3776820062518762,0.06865250182330063,,1,143,1,exact,0.008607796648398603,149,,,,,,8.608300049672835e-05,56395bef79cd90dd419d5cb8b13aae7c25647580
dv3-train-matern2-006601,3,train,matern2,6601,,,,3:0:3:6601,,train,13,243.21413891114955,,,,,,,0.37610733405983776,,,,,,,321.64379639779264,0.02411667290040781,,,,,4.646799018235114,0.25621601861834203,,1,256,1,exact,0.02411667290040781,363,,,,,,0.0001572500004840549,fc96e49c341cfd501c340d78738ac6ea13ce113f
dv3-train-matern2-006602,3,train,matern2,6602,,,,3:0:3:6602,,train,13,325.9157576637312,,,,,,,0.4089727314102623,,,,,,,462.3384528688775,0.022653831856384372,,,,,5.835053906048518,0.27616133677512766,,1,324,1,exact,0.022653831856384372,516,,,,,,0.0002083750005112961,033a287a9659a8442cd03659d5f47bf775974d21
dv3-train-matern2-006603,3,train,matern2,6603,,,,3:0:3:6603,,train,13,600.6503740522346,,,,,,,0.537332293109837,,,,,,,1573.2401476756495,0.021924619555922585,,,,,10.271705593200336,0.3415477405957179,,1,589,1,exact,0.021924619555922585,1732,,,,,,0.0006612500001210719,b683aaee97e8f24fa2c073a0ece5e4a51c68ed56
dv3-train-matern2-006604,3,train,matern2,6604,,,,3:0:3:6604,,train,13,299.66683905235624,,,,,,,0.373530611999475,,,,,,,394.36088646305564,0.021577784725835242,,,,,5.146399217945383,0.2546201058634664,,1,316,1,exact,0.021577784725835242,448,,,,,,0.00018258300042361952,7d3bb6272c480e0a2fd039f4495021c7463968e7
dv3-train-matern2-006605,3,train,matern2,6605,,,,3:0:3:6605,,train,13,514.5398415818331,,,,,,,0.09851121066862878,,,,,,,522.5465024066967,0.004342863228781465,,,,,0.39871494536943264,0.06951003947116026,,1,498,1,exact,0.004342863228781465,511,,,,,,0.00019874999998137355,3a9e7819ae143eb6a9ee7d24c4585a9527d96dcb
dv3-train-matern2-006606,3,train,matern2,6606,,,,3:0:3:6606,,train,13,438.23675696415705,,,,,,,0.38257898439722166,,,,,,,586.9478640808505,0.018275392346426986,,,,,6.396121831417023,0.26020497013649957,,1,416,1,exact,0.018275392346426986,599,,,,,,0.00023837500339141116,147e12cb4749b871db242e01428736b04f3a8f29
dv3-train-matern2-006607,3,train,matern2,6607,,,,3:0:3:6607,,train,13,439.89495516491763,,,,,,,0.15762248846063984,,,,,,,458.0114748136416,0.007515254441489777,,,,,1.1428578311930342,0.11083977558315791,,1,467,1,exact,0.007515254441489777,500,,,,,,0.00019808299839496613,f026b8df6e94697233dda05961f4575d4011bce0
dv3-train-matern2-006608,3,train,matern2,6608,,,,3:0:3:6608,,train,13,510.47482975275756,,,,,,,0.14264432398301913,,,,,,,527.5208681526224,0.006313458479444241,,,,,0.8871808520822098,0.10041040344956602,,1,514,1,exact,0.006313458479444241,539,,,,,,0.00020520799807854928,a7abc66cb9f4013adb1b5d911cded956533c435c
dv3-train-matern2-006609,3,train,matern2,6609,,,,3:0:3:6609,,train,13,456.6340877906588,,,,,,,0.22918403456310332,,,,,,,499.0455228238756,0.01072507150240711,,,,,3.7556442893057245,0.1601016882714606,,1,474,1,exact,0.01072507150240711,548,,,,,,0.00021183299759286456,0bd8c685f58a4e4c4db01b7d58e39dd844b31736
dv3-train-matern2-006610,3,train,matern2,6610,,,,3:0:3:6610,,train,13,141.38114420394476,,,,,,,0.06769426082865064,,,,,,,142.40870723439144,0.005693195591304008,,,,,0.15971256718828716,0.04781934437963356,,1,149,1,exact,0.005693195591304008,150,,,,,,8.704200081410818e-05,d6d0669089891b9a8489f9400e111162bef6f790
dv3-train-matern2-006611,3,train,matern2,6611,,,,3:0:3:6611,,train,13,108.72622796930582,,,,,,,0.05295474068789269,,,,,,,109.20798045278084,0.005078526056343141,,,,,0.0894454336011665,0.03742185372738402,,1,114,1,exact,0.005078526056343141,115,,,,,,8.237500151153654e-05,0016803b23301f743e85babd4fd9c7dab59bf390
dv3-train-matern2-006612,3,train,matern2,6612,,,,3:0:3:6612,,train,13,326.9749853918949,,,,,,,0.09948129257759243,,,,,,,332.1658271589761,0.005501538480458366,,,,,0.4116560352666564,0.07019154628626288,,1,335,1,exact,0.005501538480458366,347,,,,,,0.00014600000213249587,9f0d6df76bdd49ad9fd484ea772e7fbe9c600bce
dv3-train-matern2-006613,3,train,matern2,6613,,,,3:0:3:6613,,train,13,175.90991768481163,,,,,,,0.17196499566284243,,,,,,,184.62539764729917,0.0129656678078811,,,,,1.7011544596282775,0.12079319487023428,,1,180,1,exact,0.0129656678078811,197,,,,,,0.00010512500011827797,854f23c88c7563384566d56606fdaa5328ba8886
dv3-train-matern2-006614,3,train,matern2,6614,,,,3:0:3:6614,,train,13,162.0265327255693,,,,,,,0.180062020099786,,,,,,,170.88532320724545,0.014145850010777566,,,,,1.6565960415683367,0.12639658060745512,,1,166,1,exact,0.014145850010777566,184,,,,,,0.00010241599738947116,3082e9da156c2507719ddddda9660fb083ed87bd
dv3-train-matern2-006615,3,train,matern2,6615,,,,3:0:3:6615,,train,13,113.04327646175354,,,,,,,0.1577393392285568,,,,,,,117.70611163804236,0.014836028156919602,,,,,1.1512232731997056,0.11092100453536492,,1,100,1,exact,0.014836028156919602,116,,,,,,8.24999988253694e-05,caaef269ad1c36588c2d6ca8cd7a949f6c0e1815
dv3-train-matern2-006616,3,train,matern2,6616,,,,3:0:3:6616,,train,13,403.22516744058066,,,,,,,0.15332939633662582,,,,,,,418.8923606345391,0.007635748409613314,,,,,1.0806613309307385,0.1078539404158274,,1,399,1,exact,0.007635748409613314,430,,,,,,0.0001700409993645735,3c6f63a6aa1af837a9edaa58d5db41b2808ecc21
dv3-train-matern2-006617,3,train,matern2,6617,,,,3:0:3:6617,,train,13,186.30007721808704,,,,,,,0.06690049129448881,,,,,,,187.62224503726134,0.0049014298309073365,,,,,0.17062052437074596,0.04725972917976083,,1,181,1,exact,0.0049014298309073365,185,,,,,,0.00010058299812953919,4268b8c02ba36f3cebf01a35808a9ca12d745ecf
dv3-train-matern2-006618,3,train,matern2,6618,,,,3:0:3:6618,,train,13,120.65068694921526,,,,,,,0.05749974467277679,,,,,,,121.28164704064142,0.005234811125142435,,,,,0.10772256971583946,0.04062925139313832,,1,132,1,exact,0.005234811125142435,134,,,,,,8.850000085658394e-05,3ceecac43c01bfe6d80129c3bb669cacc0a4a20c
dv3-train-matern2-006619,3,train,matern2,6619,,,,3:0:3:6619,,train,13,108.95104662060801,,,,,,,0.24369777964320005,,,,,,,120.58720409428126,0.023347257273072474,,,,,1.8476347314079087,0.16994931884962994,,1,115,1,exact,0.023347257273072474,136,,,,,,8.958300168160349e-05,635de89f91542939ec3e547f19aa060c0bd615a6
dv3-train-matern2-006620,3,train,matern2,6620,,,,3:0:3:6620,,train,13,712.7778372113032,,,,,,,0.08837289111854273,,,,,,,721.6675868952433,0.0033101065179149424,,,,,0.31501831435243044,0.06238251270885462,,1,714,1,exact,0.0033101065179149424,729,,,,,,0.0002610829978948459,a1218c60d36ffcaf862ec825c72b102f478a68fb
dv3-train-matern2-006621,3,train,matern2,6621,,,,3:0:3:6621,,train,13,278.67476545614574,,,,,,,0.09327801496388613,,,,,,,282.5543198333253,0.005587666446917349,,,,,0.36574476661722144,0.06583209057155971,,1,304,1,exact,0.005587666446917349,317,,,,,,0.0001387919983244501,32c5d6819e3b4b5e29d6354ee327271c342fc4bc
dv3-train-matern2-006622,3,train,matern2,6622,,,,3:0:3:6622,,train,13,577.1499788764356,,,,,,,0.25000091179353334,,,,,,,642.526669892099,0.010406321773386308,,,,,4.772691218435332,0.1742078103263279,,1,594,1,exact,0.010406321773386308,701,,,,,,0.00026195799728157,28e50757b6c843f4d7be6bb811e55cf85e387d8f
dv3-train-matern2-006623,3,train,matern2,6623,,,,3:0:3:6623,,train,13,191.02834951419402,,,,,,,0.3986654842434072,,,,,,,264.659040625744,0.02884428148808743,,,,,4.274420229884883,0.26999308797555904,,1,189,1,exact,0.02884428148808743,298,,,,,,0.0001387920019624289,09053517cf5d7143b3e4acee2e70c856b8937d73
dv3-train-matern2-006624,3,train,matern2,6624,,,,3:0:3:6624,,train,13,550.5353939868445,,,,,,,0.3949135830928616,,,,,,,756.4993540157936,0.016830981749598333,,,,,7.304840714245609,0.2677271478740865,,1,542,1,exact,0.016830981749598333,819,,,,,,0.00031925000075716525,5123dbe3670da6a46fdcd915b19ed4fdfa2014a9
dv3-train-matern2-006625,3,train,matern2,6625,,,,3:0:3:6625,,train,13,647.2559382148298,,,,,,,0.05057644093149935,,,,,,,649.8706689579458,0.0019879719074469213,,,,,0.10080407567821101,0.03574308352201141,,1,633,1,exact,0.0019879719074469213,639,,,,,,0.0002919170001405291,5be8cc2140c761153cd2a39b67f3e26c2869de13
dv3-train-matern2-006626,3,train,matern2,6626,,,,3:0:3:6626,,train,13,114.60865977556227,,,,,,,0.1620083833815654,,,,,,,119.6107191182244,0.015133130297638757,,,,,1.1939506653251593,0.11388713263526144,,1,110,1,exact,0.015133130297638757,119,,,,,,0.00014729100075783208,0ac4cede49ef7ae11b03401fa1989e97f9ae6da0
dv3-train-matern2-006627,3,train,matern2,6627,,,,3:0:3:6627,,train,13,168.79285834523375,,,,,,,0.41992069265969284,,,,,,,246.00217428235814,0.03232140583263735,,,,,4.126943955480264,0.2826157638612409,,1,154,1,exact,0.03232140583263735,265,,,,,,0.0001099580003938172,a29307d6942ceece0a2b3dba806c9a3e3caf3a74
dv3-train-matern2-006628,3,train,matern2,6628,,,,3:0:3:6628,,train,13,170.763802291677,,,,,,,0.10150175672764308,,,,,,,173.58844011937632,0.007767399640274529,,,,,0.4321609319290817,0.07161068565726492,,1,172,1,exact,0.007767399640274529,180,,,,,,0.00016275000234600157,3bc606990dc9e665acb3a8bd901fc5bdb8d4df06
dv3-train-matern2-006629,3,train,matern2,6629,,,,3:0:3:6629,,train,13,122.61036553634437,,,,,,,0.18076565141961592,,,,,,,129.37050510003775,0.01632496718505626,,,,,1.415965587450463,0.12688294636821884,,1,121,1,exact,0.01632496718505626,138,,,,,,0.0001482500010752119,7d4f7271b844485777092c557d4e76ae8eb4b572
dv3-train-matern2-006630,3,train,matern2,6630,,,,3:0:3:6630,,train,13,147.35134882193825,,,,,,,0.06247354999063803,,,,,,,148.26217329231133,0.005146584730257007,,,,,0.1349509823605021,0.04413798452331582,,1,144,1,exact,0.005146584730257007,147,,,,,,0.0001368749981338624,0282dd80ab943e6585f7fdee32df20d0f74b51bf
dv3-train-matern2-006631,3,train,matern2,6631,,,,3:0:3:6631,,train,13,417.23467532602194,,,,,,,0.08216918309720955,,,,,,,421.72331238761853,0.004022710435980301,,,,,0.27203026739764735,0.058016829778034004,,1,407,1,exact,0.004022710435980301,416,,,,,,0.000195415999769466,908bfe15d8e7f27a7773ca724e57a1ae4391a9ad
dv3-train-matern2-006632,3,train,matern2,6632,,,,3:0:3:6632,,train,13,247.87438699657892,,,,,,,0.3337163052328741,,,,,,,305.0571921746062,0.02119637527812847,,,,,4.158233937897909,0.22946196793188844,,1,242,1,exact,0.02119637527812847,317,,,,,,0.0001772499999788124,1e93cdc71b94a7f8d0d1449b692a7e4a4223d346
dv3-train-matern2-006633,3,train,matern2,6633,,,,3:0:3:6633,,train,13,245.1053606896802,,,,,,,0.2681861094213674,,,,,,,277.8326910826033,0.017130099087688255,,,,,3.3527160222785413,0.18642704614606087,,1,230,1,exact,0.017130099087688255,283,,,,,,0.00016029199832701124,f8378ac19896c748f30a4ceb097a33e085fce627
dv3-train-matern2-006634,3,train,matern2,6634,,,,3:0:3:6634,,train,13,140.83431538050266,,,,,,,0.06314346950965395,,,,,,,141.72378458738075,0.0053207664657294864,,,,,0.1371199677033163,0.04461046672746043,,1,147,1,exact,0.0053207664657294864,150,,,,,,8.904100104700774e-05,7fc29fcbfe687949c710de5950d10bcc6b3163dc
dv3-train-matern2-006635,3,train,matern2,6635,,,,3:0:3:6635,,train,13,331.03012201439856,,,,,,,0.20825163798349258,,,,,,,355.8644267925406,0.011446024441190326,,,,,2.945793059441308,0.14580453229905505,,1,346,1,exact,0.011446024441190326,383,,,,,,0.00016316699839080684,3b32934e2360e5cb45b161be0d69a5f88a9703a8
dv3-train-matern2-006636,3,train,matern2,6636,,,,3:0:3:6636,,train,13,119.28446763568957,,,,,,,0.11032698676919771,,,,,,,121.62502515234927,0.010101591653976028,,,,,0.6294338553628552,0.07780463175165911,,1,122,1,exact,0.010101591653976028,130,,,,,,9.40000027185306e-05,f117f665d3b3c0e31f7ed7d0a91146af55ee79cb
dv3-train-matern2-006637,3,train,matern2,6637,,,,3:0:3:6637,,train,13,187.876483930921,,,,,,,0.13429500646532702,,,,,,,193.40893264463335,0.00979768905961309,,,,,1.0007174425489285,0.09458272751783343,,1,185,1,exact,0.00979768905961309,200,,,,,,0.00011045799692510627,1b8ca0bed5a57841027e1e962c99a96b43d9c7be
dv3-train-matern2-006638,3,train,matern2,6638,,,,3:0:3:6638,,train,13,231.33887294953465,,,,,,,0.05717483612156854,,,,,,,232.53496484403888,0.003759071797783246,,,,,0.12834416277420396,0.04039999984654889,,1,229,1,exact,0.003759071797783246,231,,,,,,0.00011595799878705293,899d01957d767b7f55914aa4636469bd9215c2b2
dv3-train-matern2-006639,3,train,matern2,6639,,,,3:0:3:6639,,train,13,121.55957067160838,,,,,,,0.05028027230852683,,,,,,,122.04487196400673,0.004560401105724057,,,,,0.08090070900723383,0.03553400817746969,,1,143,1,exact,0.004560401105724057,144,,,,,,8.437499855062924e-05,b55866c7f929dd05c2263dd3be50166ede5b62ea
dv3-train-matern2-006640,3,train,matern2,6640,,,,3:0:3:6640,,train,13,118.42861059938281,,,,,,,0.41120383675847877,,,,,,,168.89996274865942,0.03778581910627919,,,,,3.3203360613046096,0.2774850923864639,,1,120,1,exact,0.03778581910627919,178,,,,,,0.00010854100037249736,658547f78126a3182f249e3ba437418eb907656b
dv3-train-matern2-006641,3,train,matern2,6641,,,,3:0:3:6641,,train,13,478.76846752851986,,,,,,,0.1035065151882815,,,,,,,487.0110856502809,0.00473047680702764,,,,,0.44365350885302723,0.0730184031092803,,1,484,1,exact,0.00473047680702764,499,,,,,,0.00020066700017196126,0c2e890a3a2e16e0cb1a00f266d6d78afb0ba598
dv3-train-matern2-006642,3,train,matern2,6642,,,,3:0:3:6642,,train,13,145.6818996763515,,,,,,,0.08537672724964307,,,,,,,147.37584249242767,0.007073538228119999,,,,,0.27174836254054746,0.06027443425027442,,1,146,1,exact,0.007073538228119999,150,,,,,,9.237499762093648e-05,19e95ff2c1738992e887afb8f979c7b3c5dc77c7
dv3-train-matern2-006643,3,train,matern2,6643,,,,3:0:3:6643,,train,13,472.52593270946227,,,,,,,0.12749394321925103,,,,,,,485.0179955793016,0.0058651176675521745,,,,,0.6954688843104351,0.08982888489986564,,1,501,1,exact,0.0058651176675521745,530,,,,,,0.0002094999981636647,9a69694c05fb78329e7976cf1f656d4988205f74
dv3-train-matern2-006644,3,train,matern2,6644,,,,3:0:3:6644,,train,13,374.9965607482384,,,,,,,0.1447470437421016,,,,,,,387.90780333745926,0.007474739474438678,,,,,0.939173522817322,0.10187653873348812,,1,337,1,exact,0.007474739474438678,356,,,,,,0.00015166700177360326,ea90d03187d6d993a081406df596e8f824dcc3c5
dv3-train-matern2-006645,3,train,matern2,6645,,,,3:0:3:6645,,train,13,184.11503656535874,,,,,,,0.3889212499422315,,,,,,,249.80137378850426,0.028662696400224372,,,,,4.041975436364828,0.2640863668963185,,1,180,1,exact,0.028662696400224372,312,,,,,,0.00014704100249218754,1888e15c7feddac739a21c54d41823fcde368bdc
dv3-train-matern2-006646,3,train,matern2,6646,,,,3:0:3:6646,,train,13,334.70729925206643,,,,,,,0.2243201731447112,,,,,,,364.33005614129706,0.012261278012740903,,,,,3.2342324005905594,0.15678914007148775,,1,336,1,exact,0.012261278012740903,394,,,,,,0.00017612499868846498,a2d736ad002a81c85e8811dd226375e3c37d7d57
dv3-train-matern2-006647,3,train,matern2,6647,,,,3:0:3:6647,,train,13,154.20639075181697,,,,,,,0.1708920450822369,,,,,,,161.74522631990217,0.013761654834556315,,,,,1.5491898331246639,0.12004979826427509,,1,153,1,exact,0.013761654834556315,166,,,,,,9.724999836180359e-05,b02910444702a6595ae9772285cbfd2543dcf642
dv3-train-matern2-006648,3,train,matern2,6648,,,,3:0:3:6648,,train,13,503.25192546806556,,,,,,,0.4091169638917658,,,,,,,714.1491031623962,0.018237057405074943,,,,,7.323028509751333,0.2762470387991547,,1,479,1,exact,0.018237057405074943,731,,,,,,0.0002818329994624946,5e689c2badec2be279303e49a307316f64d5ab0a
dv3-train-matern2-006649,3,train,matern2,6649,,,,3:0:3:6649,,train,13,641.3246746849364,,,,,,,0.20032021713212933,,,,,,,685.5043428516764,0.007910169824225308,,,,,1.8927110288197264,0.14036067315790565,,1,619,1,exact,0.007910169824225308,672,,,,,,0.0002462090014887508,6fd04ebad16f206610a6b326afbd4fdb9523c7d1
dv3-train-matern2-006650,3,train,matern2,6650,,,,3:0:3:6650,,train,13,107.03643732606535,,,,,,,0.08505893696584417,,,,,,,108.27163216555374,0.00822155806033614,,,,,0.2687642627824084,0.06005079652000236,,1,124,1,exact,0.00822155806033614,129,,,,,,8.645799971418455e-05,79fc6f3152698a6eec7fbbbbb8f7f5dce349b242
dv3-train-matern2-006651,3,train,matern2,6651,,,,3:0:3:6651,,train,13,680.7862161933778,,,,,,,0.23258268791242226,,,,,,,746.1554567348402,0.008913987243415014,,,,,2.816180149172715,0.16241274290431926,,1,705,1,exact,0.008913987243415014,804,,,,,,0.00029483300022548065,5a1c09e62dcb09f42c41951a40bd4a7d4bd7d45a
dv3-train-matern2-006652,3,train,matern2,6652,,,,3:0:3:6652,,train,13,117.5246134500692,,,,,,,0.37441861113404784,,,,,,,154.92255646661644,0.03453766814398386,,,,,3.0089873401646487,0.25517058021271716,,1,106,1,exact,0.03453766814398386,155,,,,,,9.583400242263451e-05,fd66292a2a779ae23c169f498e77f0d3563ce15f
dv3-train-matern2-006653,3,train,matern2,6653,,,,3:0:3:6653,,train,13,386.0436402615433,,,,,,,0.41717039200931866,,,,,,,558.7129981365239,0.021232213686439162,,,,,6.462130658620072,0.28100419945046384,,1,411,1,exact,0.021232213686439162,628,,,,,,0.00027683300140779465,ef152d6ab9a54d0c83d95c56f75577cecc14d3a8
dv3-train-matern2-006654,3,train,matern2,6654,,,,3:0:3:6654,,train,13,330.88084400179054,,,,,,,0.13354225801203856,,,,,,,340.5111890274162,0.00734146787674608,,,,,0.8035522828362476,0.0940568611614583,,1,308,1,exact,0.00734146787674608,327,,,,,,0.00016087500262074172,485a102580e46fec36fb14864d47d933dc8504d4
dv3-train-matern2-006655,3,train,matern2,6655,,,,3:0:3:6655,,train,13,136.56586375716563,,,,,,,0.26162968719315266,,,,,,,153.76542729548282,0.022388033290095765,,,,,2.2216534056029777,0.18203345807139193,,1,141,1,exact,0.022388033290095765,163,,,,,,8.116599929053336e-05,ba38235a6a75c7390827ae6fbecfd4110413cabf
dv3-train-matern2-006656,3,train,matern2,6656,,,,3:0:3:6656,,train,13,194.5630150433128,,,,,,,0.5332177486754172,,,,,,,487.26651749529697,0.03822737290317466,,,,,5.71502614095841,0.34001480742907175,,1,198,1,exact,0.03822737290317466,555,,,,,,0.0001784170017344877,35417902f8fbf0581a54c39c10962edd791e4455
dv3-train-matern2-006657,3,train,matern2,6657,,,,3:0:3:6657,,train,13,624.2758916469845,,,,,,,0.20050864074096492,,,,,,,667.3696654262566,0.008024995750069788,,,,,1.9185016205748138,0.14049015983278618,,1,644,1,exact,0.008024995750069788,700,,,,,,0.00019008399976883084,8b269b2327d7dca2ce7c294039a571e8c49ae643
dv3-train-matern2-006658,3,train,matern2,6658,,,,3:0:3:6658,,train,13,289.0448931865303,,,,,,,0.5409467046851975,,,,,,,791.4066215896547,0.031817923195161815,,,,,7.272962018656911,0.3428343193843924,,1,294,1,exact,0.031817923195161815,911,,,,,,0.00025674999778857455,bb73271b600923b7bee09b84bd3e647c0bb95def
dv3-train-matern2-006659,3,train,matern2,6659,,,,3:0:3:6659,,train,13,289.6982344048266,,,,,,,0.3652500569366557,,,,,,,375.4684789945259,0.021459389776749677,,,,,4.8715531897330715,0.2494629988534651,,1,259,1,exact,0.021459389776749677,389,,,,,,0.00011399999857530929,af140a7b0865e3c3f93c817ac3c7cf1ff0904ec8
dv3-train-matern2-006660,3,train,matern2,6660,,,,3:0:3:6660,,train,13,136.9952683640827,,,,,,,0.42797508743607615,,,,,,,203.9518221633408,0.03656501076357172,,,,,3.6791304964165388,0.28729511561111104,,1,124,1,exact,0.03656501076357172,208,,,,,,7.462499706889503e-05,d9d4edb9902972d8241994bdf09c82ad253bb0cf
dv3-train-matern2-006661,3,train,matern2,6661,,,,3:0:3:6661,,train,13,522.1596715516736,,,,,,,0.45108558481359573,,,,,,,832.812976269619,0.019740460768769234,,,,,8.195803528034675,0.30035456356138424,,1,516,1,exact,0.019740460768769234,897,,,,,,0.0002296249986102339,adec350cdae7dd80f72d072319d130381f88c61f
dv3-train-matern2-006662,3,train,matern2,6662,,,,3:0:3:6662,,train,13,124.8224068184493,,,,,,,0.15585820716529133,,,,,,,129.84240444945294,0.013950295274566253,,,,,1.195380255467022,0.10961307097205146,,1,132,1,exact,0.013950295274566253,143,,,,,,5.9458001487655565e-05,3ee40ba7b9dd9d4e83a6ff76be393383b692cb57
dv3-train-matern2-006663,3,train,matern2,6663,,,,3:0:3:6663,,train,13,488.8999912413608,,,,,,,0.3475553885927989,,,,,,,614.7970694150732,0.015718605400779188,,,,,6.1901097373961065,0.2383063075783462,,1,494,1,exact,0.015718605400779188,646,,,,,,0.00018183399879490025,686cd77a9a930735cd3da3f4d3e79c98d6b4a7e6
dv3-train-matern2-006664,3,train,matern2,6664,,,,3:0:3:6664,,train,13,431.6363330674428,,,,,,,0.05621198850946089,,,,,,,433.7929937480237,0.00270563963085538,,,,,0.12502351239977735,0.03972059339029686,,1,418,1,exact,0.00270563963085538,430,,,,,,0.00011749999976018444,0ad6c02c699b08cb5c2a8fdfda0f896e933f17de
dv3-train-matern2-006665,3,train,matern2,6665,,,,3:0:3:6665,,train,13,547.6708221540769,,,,,,,0.11413046384995057,,,,,,,559.1920232857008,0.004876876752807547,,,,,0.5414934284239814,0.08047158181486368,,1,579,1,exact,0.004876876752807547,610,,,,,,0.00015137499940465204,2423f8fbebd46b09090bf58549d3918a9acfb9d4
dv3-train-matern2-006666,3,train,matern2,6666,,,,3:0:3:6666,,train,13,149.61344281403572,,,,,,,0.2817471574676954,,,,,,,172.0971635985596,0.023034258416060466,,,,,2.5306417126702945,0.19546918608623912,,1,139,1,exact,0.023034258416060466,183,,,,,,6.558300083270296e-05,88a907c9b3988b64e44c4973dd40d4eefc7302c0
dv3-train-matern2-006667,3,train,matern2,6667,,,,3:0:3:6667,,train,13,142.8103371610326,,,,,,,0.3408723535468532,,,,,,,177.68796788756524,0.028524100435456046,,,,,3.026701511934464,0.23404760235969846,,1,167,1,exact,0.028524100435456046,233,,,,,,7.666700184927322e-05,ab9d03ea6c5b9ef754756c45d7703f92aa37f11f
dv3-train-matern2-006668,3,train,matern2,6668,,,,3:0:3:6668,,train,13,253.8558967928037,,,,,,,0.168501441902734,,,,,,,265.8994367899859,0.010575721206058153,,,,,2.0600085364020058,0.11839274026079102,,1,234,1,exact,0.010575721206058153,263,,,,,,8.033300036913715e-05,18b167222aea52f6f67f8225e794b4b2c24419ad
dv3-train-matern2-006669,3,train,matern2,6669,,,,3:0:3:6669,,train,13,524.0110238956895,,,,,,,0.051097427487538094,,,,,,,526.1719574119915,0.002232178003918073,,,,,0.10376173131839207,0.03611085537526996,,1,515,1,exact,0.002232178003918073,517,,,,,,0.00013845799912814982,fcdf223c60da36965c5c909597cafd4226c68ccd
dv3-train-matern2-006670,3,train,matern2,6670,,,,3:0:3:6670,,train,13,169.40764164772466,,,,,,,0.3762789113192329,,,,,,,224.1106359991875,0.028909686390575225,,,,,3.753483384302757,0.25632213308198737,,1,160,1,exact,0.028909686390575225,239,,,,,,7.545799962827004e-05,5fc9513ef7d4db0d81665450841f1d9b77f74d6b
dv3-train-matern2-006671,3,train,matern2,6671,,,,3:0:3:6671,,train,13,120.41154943194108,,,,,,,0.4935892257162854,,,,,,,228.0870860494171,0.04498125815147,,,,,4.020804883007089,0.3225622552547771,,1,119,1,exact,0.04498125815147,272,,,,,,9.14169977477286e-05,0300bbc9455e4f4929b80eb59eed290a951a971c
dv3-train-matern2-006672,3,train,matern2,6672,,,,3:0:3:6672,,train,13,195.34959214363383,,,,,,,0.08531090804498731,,,,,,,197.61749978253442,0.0061037721059628396,,,,,0.29288066853885153,0.060228116139121164,,1,191,1,exact,0.0061037721059628396,199,,,,,,6.704200131935067e-05,27b1cb8ea5b90484bcc4ee41b282610ec921e8a2
dv3-train-matern2-006673,3,train,matern2,6673,,,,3:0:3:6673,,train,13,117.93521489961334,,,,,,,0.09363088005364818,,,,,,,119.58972231740015,0.008621788281984179,,,,,0.3437306254799609,0.06608016589284627,,1,126,1,exact,0.008621788281984179,134,,,,,,5.212500036577694e-05,f12336fc25dfc986da5f473785d8e37503f0afdf
dv3-train-matern2-006674,3,train,matern2,6674,,,,3:0:3:6674,,train,13,200.03042547776252,,,,,,,0.06206067715516331,,,,,,,201.25045414399347,0.0043880188099155795,,,,,0.14792700450976615,0.043846779700979346,,1,182,1,exact,0.0043880188099155795,188,,,,,,6.179100091685541e-05,f660403fde67857c417a490d78e5b7f4015410ab
dv3-train-matern2-006675,3,train,matern2,6675,,,,3:0:3:6675,,train,13,119.30990044265121,,,,,,,0.08220433877165577,,,,,,,120.59455828617988,0.007525866300937414,,,,,0.24343235495893498,0.05804157819273099,,1,134,1,exact,0.007525866300937414,138,,,,,,5.116700049256906e-05,5fa7986cabd7380d2641e9e1fdc0b704614fd27c
dv3-train-matern2-006676,3,train,matern2,6676,,,,3:0:3:6676,,train,13,292.0578696949523,,,,,,,0.10319998080110354,,,,,,,297.05560345549344,0.006038723712566321,,,,,0.4545022349782072,0.07280318384593641,,1,301,1,exact,0.006038723712566321,314,,,,,,9.350000254926272e-05,a7f8d1182b8e499819c8049d4b8693d127406520
dv3-train-matern2-006677,3,train,matern2,6677,,,,3:0:3:6677,,train,13,380.94141524080635,,,,,,,0.14992468324021438,,,,,,,395.0602093142438,0.00768146479507315,,,,,1.0250299163119327,0.10548395271438002,,1,341,1,exact,0.00768146479507315,369,,,,,,0.00010066699906019494,4ef5ccff0a8feefa498af61f94c1a26e1438681f
dv3-train-matern2-006678,3,train,matern2,6678,,,,3:0:3:6678,,train,13,156.30862105089255,,,,,,,0.20430150916594633,,,,,,,167.55114401985654,0.016341055645199873,,,,,1.8825304853079008,0.14309502642590888,,1,154,1,exact,0.016341055645199873,173,,,,,,6.191599823068827e-05,ca14369b253c7dd70cc23614b1383c850eb968b7
dv3-train-matern2-006679,3,train,matern2,6679,,,,3:0:3:6679,,train,13,367.31799239389306,,,,,,,0.1715350537492791,,,,,,,385.4198523160426,0.00895018025376914,,,,,1.4955797059208913,0.1204953327890407,,1,355,1,exact,0.00895018025376914,390,,,,,,0.00010929099880740978,1ba635c5835e2c8b2d37fde13abcfff6ba1a2991
dv3-train-matern2-006680,3,train,matern2,6680,,,,3:0:3:6680,,train,13,647.9664326510936,,,,,,,0.07053634446137039,,,,,,,653.0838820489578,0.0027710010768165353,,,,,0.19770536488693063,0.049822710802780265,,1,624,1,exact,0.0027710010768165353,636,,,,,,0.00016691700147930533,7374ca897c6456cbe7df700755aaaf295b5ff3d3
dv3-train-matern2-006681,3,train,matern2,6681,,,,3:0:3:6681,,train,13,240.85072113947948,,,,,,,0.1314381145313057,,,,,,,247.63325110526404,0.00846929665198277,,,,,0.8425566897808154,0.09258652477759981,,1,240,1,exact,0.00846929665198277,246,,,,,,7.395799912046641e-05,a920418e58a4f89f2eb3db13391b7549e0bc1389
dv3-train-matern2-006682,3,train,matern2,6682,,,,3:0:3:6682,,train,13,147.58953861601213,,,,,,,0.1481092819304823,,,,,,,152.92154440060864,0.012191425492731346,,,,,1.2091067464215703,0.10421955753404366,,1,132,1,exact,0.012191425492731346,149,,,,,,5.729099939344451e-05,cc3b5a6bca549ab168b88032c3c22914cd89559d
dv3-train-matern2-006683,3,train,matern2,6683,,,,3:0:3:6683,,train,13,461.45271003281334,,,,,,,0.23412585499663044,,,,,,,506.43062408295395,0.01089897799987306,,,,,3.978153068050289,0.1634610827300448,,1,464,1,exact,0.01089897799987306,537,,,,,,0.00014975000158301555,d2771a17130d8f7997db898ca1047f2af318c8b0
dv3-train-matern2-006684,3,train,matern2,6684,,,,3:0:3:6684,,train,13,300.51485175949,,,,,,,0.1054162191773401,,,,,,,305.88589539387414,0.006080992472610707,,,,,0.4742372799292597,0.07435900508370664,,1,306,1,exact,0.006080992472610707,321,,,,,,9.383300130139105e-05,7decbaa803b0f4f38e6d824016e50256823eb3e1
dv3-train-matern2-006685,3,train,matern2,6685,,,,3:0:3:6685,,train,13,567.5984574084089,,,,,,,0.09323673476334582,,,,,,,575.4931233851165,0.0039135100413668624,,,,,0.35395974953420395,0.06580306856442762,,1,564,1,exact,0.0039135100413668624,580,,,,,,0.00015504199836868793,3b09277b8073e23cdf51b2af9d3a93948c1a6da0
dv3-train-matern2-006686,3,train,matern2,6686,,,,3:0:3:6686,,train,13,413.63013589414066,,,,,,,0.09655464085973298,,,,,,,419.80835850770836,0.004747522880365639,,,,,0.38139560597762445,0.06813523281512981,,1,425,1,exact,0.004747522880365639,440,,,,,,0.00011091600026702508,b8b6e00f3bf76561cf65e403d5b2d47fb8c94920
dv3-train-matern2-006687,3,train,matern2,6687,,,,3:0:3:6687,,train,13,135.1005194264736,,,,,,,0.07484564734405309,,,,,,,136.30345710248628,0.0064392908178562145,,,,,0.19829547898090594,0.05285928684728964,,1,152,1,exact,0.0064392908178562145,160,,,,,,5.8417001127963886e-05,f827c60e4697c2706ed7a61fcc9fa8e8c3221585
dv3-train-matern2-006688,3,train,matern2,6688,,,,3:0:3:6688,,train,13,517.5233962443369,,,,,,,0.08360393289330903,,,,,,,523.2899967830302,0.0036750369830777104,,,,,0.28340142076015323,0.05902676733219574,,1,554,1,exact,0.0036750369830777104,563,,,,,,0.00015079199874890037,f5ff96351ad88bc1e1fdef5b0dcc32b801273195
dv3-train-matern2-006689,3,train,matern2,6689,,,,3:0:3:6689,,train,13,216.0654822792865,,,,,,,0.07872718031881316,,,,,,,218.1967524832812,0.005355894348234238,,,,,0.24798031867121575,0.055593319235063464,,1,195,1,exact,0.005355894348234238,204,,,,,,6.558300083270296e-05,34e7439efea3471d20ce243232f34490023ed788
dv3-train-matern2-006690,3,train,matern2,6690,,,,3:0:3:6690,,train,13,384.30944649650297,,,,,,,0.06188902971120794,,,,,,,386.64037963081006,0.003156989548011462,,,,,0.14991220615385475,0.04372571152227825,,1,360,1,exact,0.003156989548011462,369,,,,,,0.0001033750013448298,54847b7db6a06f0e6a96ce772c75f813fd7e2cd0
dv3-train-matern2-006691,3,train,matern2,6691,,,,3:0:3:6691,,train,13,331.5342028273372,,,,,,,0.0807779933833081,,,,,,,334.97945307518665,0.00443638155543009,,,,,0.2633587153025672,0.0570374026261955,,1,328,1,exact,0.00443638155543009,336,,,,,,8.970799899543636e-05,04d5746ba60a0e708888ad5060bec97507db152e
dv3-train-matern2-006692,3,train,matern2,6692,,,,3:0:3:6692,,train,13,713.3639800334133,,,,,,,0.05988433910303179,,,,,,,717.4128598175307,0.002242113907798388,,,,,0.14278276167305212,0.04231161761931148,,1,712,1,exact,0.002242113907798388,719,,,,,,0.00018683300004340708,acec9a16eb384a50e495d5f9630c46c4ad3a35ec
dv3-train-matern2-006693,3,train,matern2,6693,,,,3:0:3:6693,,train,13,415.7088075052349,,,,,,,0.05422128461890881,,,,,,,417.6404786239042,0.00265934810620362,,,,,0.11583751167756429,0.038315756358713114,,1,405,1,exact,0.00265934810620362,416,,,,,,0.0001115830018534325,f8d77d18379a4a0ed93d257b5bcb0ea0d3018011
dv3-train-matern2-006694,3,train,matern2,6694,,,,3:0:3:6694,,train,13,535.2261243169016,,,,,,,0.079262421031764,,,,,,,540.5785900265299,0.0034260893269172457,,,,,0.25331901909184146,0.05597024020180949,,1,525,1,exact,0.0034260893269172457,533,,,,,,0.00014133399963611737,e58b56f8d00a39fb86d7f111510c656905cfeb54
dv3-train-matern2-006695,3,train,matern2,6695,,,,3:0:3:6695,,train,13,638.3476246414591,,,,,,,0.07642809336515967,,,,,,,644.2773879902811,0.0030249931959323018,,,,,0.23281049927034203,0.05397404398562119,,1,634,1,exact,0.0030249931959323018,653,,,,,,0.00015795800209161825,d8ccb3c1b5f9672390862977c78e1116c11faa7d
dv3-train-matern2-006696,3,train,matern2,6696,,,,3:0:3:6696,,train,13,338.41158587923553,,,,,,,0.14667833995613966,,,,,,,350.3911427062076,0.007973396746174212,,,,,1.008825083751498,0.10322258855146421,,1,350,1,exact,0.007973396746174212,371,,,,,,0.00010270799975842237,93b5b24d3a3f597797ee65ba673446007abb66bd
dv3-train-matern2-006697,3,train,matern2,6697,,,,3:0:3:6697,,train,13,128.5433002378872,,,,,,,0.17319438771498297,,,,,,,135.00961397156954,0.015275980378657184,,,,,1.3983668575494494,0.12164473263674602,,1,123,1,exact,0.015275980378657184,133,,,,,,5.354099994292483e-05,95ffdda926cac100e327eb70306bedfdc2a35a82
dv3-train-matern2-006698,3,train,matern2,6698,,,,3:0:3:6698,,train,13,172.2705010836176,,,,,,,0.054374083905153796,,,,,,,173.07553539093246,0.004142728714337566,,,,,0.1075889434511291,0.038423593770422704,,1,171,1,exact,0.004142728714337566,177,,,,,,6.158300311653875e-05,7e892460297a81160d6b69b10525d87aebf79889
dv3-train-matern2-006699,3,train,matern2,6699,,,,3:0:3:6699,,train,13,639.6458027313145,,,,,,,0.12067194334656416,,,,,,,654.7388428522482,0.004771297863298408,,,,,0.5993643619143417,0.08505463201183223,,1,688,1,exact,0.004771297863298408,718,,,,,,0.00018129100135411136,4be51fc915618a1f76ed34141fb5cc8c9decda07
dv3-train-matern2-006700,3,train,matern2,6700,,,,3:0:3:6700,,train,13,399.120892343915,,,,,,,0.22913254880639822,,,,,,,436.17181477945365,0.011469237741148114,,,,,3.536649071778033,0.16006665534691547,,1,387,1,exact,0.011469237741148114,445,,,,,,0.00014366700270329602,3e32edd69013aef6c2adac03bb21dbd6b0ae8f89
dv3-train-matern2-006701,3,train,matern2,6701,,,,3:0:3:6701,,train,13,145.69899927877967,,,,,,,0.193907964048323,,,,,,,155.04833468419565,0.01606450551726563,,,,,1.665417088149229,0.13594963409520838,,1,150,1,exact,0.01606450551726563,172,,,,,,7.416600055876188e-05,48d1c2ca937267594027cbc43260a35378238259
dv3-train-matern2-006702,3,train,matern2,6702,,,,3:0:3:6702,,train,13,570.2166377006912,,,,,,,0.05717038766241899,,,,,,,573.1643681487403,0.0023941491068100993,,,,,0.13016478208765375,0.04039686102853907,,1,549,1,exact,0.0023941491068100993,555,,,,,,0.0001526669984741602,0ad073a0e2fd3d5a7e7a9a064b7ebf8eb5a10e94
dv3-train-matern2-006703,3,train,matern2,6703,,,,3:0:3:6703,,train,13,182.86423739597151,,,,,,,0.12480807884358647,,,,,,,187.49018081970578,0.009229502857590012,,,,,0.7714411134345722,0.08794990266789217,,1,217,1,exact,0.009229502857590012,236,,,,,,7.558300058008172e-05,ca756691170bce866fb053f24b38aed97d5df406
dv3-train-matern2-006704,3,train,matern2,6704,,,,3:0:3:6704,,train,13,129.9872139854701,,,,,,,0.1959271901429922,,,,,,,138.5185821224447,0.017184796448674516,,,,,1.613026241314171,0.13733960323014838,,1,139,1,exact,0.017184796448674516,158,,,,,,6.129200119175948e-05,2c4263879caab9a2af30fb57fa44cf3d65a4fe46
dv3-train-matern2-006705,3,train,matern2,6705,,,,3:0:3:6705,,train,13,226.40985137376612,,,,,,,0.4628675834011456,,,,,,,376.08250549411525,0.03076161316779758,,,,,5.441021853541639,0.3067737091442883,,1,216,1,exact,0.03076161316779758,398,,,,,,0.00011850000009872019,7f449d0b850bbe0950124bb4e632c9f48312ae7d
dv3-train-matern2-006706,3,train,matern2,6706,,,,3:0:3:6706,,train,13,204.8601593797162,,,,,,,0.3204962130504726,,,,,,,247.3559874125206,0.022392065156826686,,,,,3.510792190596313,0.22092498322688311,,1,189,1,exact,0.022392065156826686,264,,,,,,7.979200017871335e-05,47b307e84190c469db8e798fd7f220a588d2b6ec
dv3-train-matern2-006707,3,train,matern2,6707,,,,3:0:3:6707,,train,13,623.1068507293878,,,,,,,0.09255308621274774,,,,,,,631.6446231108115,0.0037077431563172715,,,,,0.3458741155542272,0.06532240822976045,,1,611,1,exact,0.0037077431563172715,633,,,,,,0.0001679579982010182,f86b02bf680f48346b6a10ab14fe7590f13e1a64
dv3-train-matern2-006708,3,train,matern2,6708,,,,3:0:3:6708,,train,13,125.00975208019729,,,,,,,0.07554758747263046,,,,,,,126.14407203263742,0.006756918074109377,,,,,0.1984826242482392,0.05335379182841562,,1,146,1,exact,0.006756918074109377,148,,,,,,5.3208001190796494e-05,18cf1f917ae0fb9288b5a67da9bdcadb5d4672c6
dv3-train-matern2-006709,3,train,matern2,6709,,,,3:0:3:6709,,train,13,152.50201500817337,,,,,,,0.09084459144167227,,,,,,,154.51380452283664,0.007356331387362042,,,,,0.3188966501683819,0.0641210194446416,,1,153,1,exact,0.007356331387362042,156,,,,,,5.8999998145736754e-05,845cd422b49dfb3e86143069351500598cc2da72
dv3-train-matern2-006710,3,train,matern2,6710,,,,3:0:3:6710,,train,13,160.61368785314036,,,,,,,0.17819482686833582,,,,,,,169.20089918834927,0.014060598752745514,,,,,1.6375803541418181,0.12510548771002183,,1,153,1,exact,0.014060598752745514,161,,,,,,5.7709003158379346e-05,fe88cabeca57a0034ceddeba6f26a252ebd89976
dv3-train-matern2-006711,3,train,matern2,6711,,,,3:0:3:6711,,train,13,657.0773016417468,,,,,,,0.05243253137595072,,,,,,,659.9312600534112,0.002045467544419328,,,,,0.1086078327890021,0.0370532652631087,,1,653,1,exact,0.002045467544419328,659,,,,,,0.00016979200154310092,015a49f5900c3c2c07a4912fd226b4a104588233
dv3-train-matern2-006712,3,train,matern2,6712,,,,3:0:3:6712,,train,13,119.75838548666448,,,,,,,0.18338612171370633,,,,,,,126.56900441423282,0.016757664829134773,,,,,1.4304322010880448,0.12869345322813514,,1,116,1,exact,0.016757664829134773,131,,,,,,5.266600055620074e-05,c49d7a47c68c61f6057271bacf5c203a20533008
dv3-train-matern2-006713,3,train,matern2,6713,,,,3:0:3:6713,,train,13,742.3465091024843,,,,,,,0.1847644403864337,,,,,,,785.2505285002942,0.006781332759017411,,,,,1.516026403503557,0.1296452210281134,,1,743,1,exact,0.006781332759017411,806,,,,,,0.00020700000095530413,d346714999b6bde1a325a78721c9783fde35fc6f
dv3-train-matern2-006714,3,train,matern2,6714,,,,3:0:3:6714,,train,13,116.35012072148463,,,,,,,0.1777266714809621,,,,,,,122.53578163306575,0.016476660312165256,,,,,1.335752914411143,0.1247816750191315,,1,126,1,exact,0.016476660312165256,143,,,,,,5.4791002185083926e-05,ce73904969e9211b9263cb81f1220bd599f8fd07
dv3-train-matern2-006715,3,train,matern2,6715,,,,3:0:3:6715,,train,13,124.40671818937562,,,,,,,0.3105697308989217,,,,,,,148.20995156892621,0.027844357998884066,,,,,2.6089075552798566,0.21446248674436122,,1,137,1,exact,0.027844357998884066,179,,,,,,6.29579990345519e-05,946553363c50b5cd8cc9178f571e741fd7f6660e
dv3-train-matern2-006716,3,train,matern2,6716,,,,3:0:3:6716,,train,13,224.94101529862442,,,,,,,0.4058817419640319,,,,,,,316.7886156837099,0.02706233028227045,,,,,4.771630236167327,0.27432055375492426,,1,242,1,exact,0.02706233028227045,370,,,,,,9.741599933477119e-05,b0046a5c3e568314cd220d429235838fb9d01a56
dv3-train-matern2-006717,3,train,matern2,6717,,,,3:0:3:6717,,train,13,613.7022140192161,,,,,,,0.06285711658909575,,,,,,,617.5428132013642,0.002537322145411663,,,,,0.15709639491317273,0.04440851037043271,,1,649,1,exact,0.002537322145411663,658,,,,,,0.00025558299967087805,a8e1e0e24f896b5361637a8cfa7f39229d1f3598
dv3-train-matern2-006718,3,train,matern2,6718,,,,3:0:3:6718,,train,13,409.90650525913014,,,,,,,0.26166542402890713,,,,,,,461.5480835094996,0.01292420786270896,,,,,4.152719204564389,0.18205744323488895,,1,427,1,exact,0.01292420786270896,508,,,,,,0.00023508400045102462,6ddfa401ffeef210f99e5b5bf3a75f469a1f799c
dv3-train-matern2-006719,3,train,matern2,6719,,,,3:0:3:6719,,train,13,210.9032329024877,,,,,,,0.455500543899561,,,,,,,341.36791510261384,0.031365143683381745,,,,,5.095927159196553,0.30278052159359276,,1,209,1,exact,0.031365143683381745,397,,,,,,0.00018620899936649948,353273712a89f1ccb54c58fe37e77d63d52b4795
dv3-train-matern2-006720,3,train,matern2,6720,,,,3:0:3:6720,,train,13,317.2597693432168,,,,,,,0.4602463011027763,,,,,,,522.0518848213004,0.025839422598140437,,,,,6.42838918216622,0.30536099485968177,,1,331,1,exact,0.025839422598140437,612,,,,,,0.00025462499979767017,741b8c6b452606f4fe6db091551558d59b4d0337
dv3-train-matern2-006721,3,train,matern2,6721,,,,3:0:3:6721,,train,13,400.27867704682853,,,,,,,0.07604969600972011,,,,,,,403.9597819334227,0.0038011609106605457,,,,,0.23067819717907356,0.05370749743001202,,1,407,1,exact,0.0038011609106605457,417,,,,,,0.00017266700160689652,164ad14a51b22698e75fa5dc0fde867a403b6e14
dv3-train-matern2-006722,3,train,matern2,6722,,,,3:0:3:6722,,train,13,412.9435895302767,,,,,,,0.3950498478783526,,,,,,,567.5995197960517,0.01944045989358942,,,,,6.340273868791699,0.26780963050683376,,1,424,1,exact,0.01944045989358942,643,,,,,,0.00025470800028415397,43a4cf99a3d9f5c38abbc1c7433579eccaba84cd
dv3-train-matern2-006723,3,train,matern2,6723,,,,3:0:3:6723,,train,13,203.3285122121694,,,,,,,0.09346478072028873,,,,,,,206.170697192767,0.00655464009080551,,,,,0.36169938313751915,0.06596339418118573,,1,215,1,exact,0.00655464009080551,220,,,,,,0.00011649999942164868,2c7fd78fc3d9ed159607f14a32d51d8388553110
dv3-train-matern2-006724,3,train,matern2,6724,,,,3:0:3:6724,,train,13,180.99411851909957,,,,,,,0.09115572207062483,,,,,,,183.3984469336117,0.006775661547522568,,,,,0.33578714864839715,0.06433982083504304,,1,169,1,exact,0.006775661547522568,174,,,,,,9.549999958835542e-05,dd0dd62a07085a3bb36261c59c6477b7d9d01487
dv3-train-matern2-006725,3,train,matern2,6725,,,,3:0:3:6725,,train,13,133.31931257835257,,,,,,,0.24171138213518534,,,,,,,147.29338637255404,0.0209339204203623,,,,,2.0174240274651303,0.16860493456530948,,1,134,1,exact,0.0209339204203623,155,,,,,,9.841599967330694e-05,c47d5ee6453fb464a361840c89909a1a55d73c9a
dv3-train-matern2-006726,3,train,matern2,6726,,,,3:0:3:6726,,train,13,185.17109649094658,,,,,,,0.4180048866862091,,,,,,,268.55880978129886,0.030718128994841727,,,,,4.336994843433384,0.28149389780500766,,1,163,1,exact,0.030718128994841727,291,,,,,,0.00013899999976274557,74fc780862f965e8a1ae5dd4ff6b7d4dc84a8ae6
dv3-train-matern2-006727,3,train,matern2,6727,,,,3:0:3:6727,,train,13,106.6565114248994,,,,,,,0.10397392483131221,,,,,,,108.5097498203279,0.010067711244390301,,,,,0.5394802786793924,0.07334655577151446,,1,108,1,exact,0.010067711244390301,114,,,,,,8.400000297115184e-05,a11a1c156a99da0772848e6c294f82b52bc8f995
dv3-train-matern2-006728,3,train,matern2,6728,,,,3:0:3:6728,,train,13,723.110102032836,,,,,,,0.4687786646333536,,,,,,,1227.985327000674,0.017432738805143642,,,,,9.967094665143168,0.30992501103767917,,1,717,1,exact,0.017432738805143642,1293,,,,,,0.00048154099931707606,4d6df81be60ee972b6b561c4c98fa5d5bd3a8d8b
dv3-train-matern2-006729,3,train,matern2,6729,,,,3:0:3:6729,,train,13,151.85346483045032,,,,,,,0.1155438258784342,,,,,,,155.12988078758372,0.009376362536126446,,,,,0.6220368136057287,0.08146221121368878,,1,146,1,exact,0.009376362536126446,152,,,,,,9.729199882713147e-05,35126d6ecb71c89418112e9e61f5cde992721b60
dv3-train-matern2-006730,3,train,matern2,6730,,,,3:0:3:6730,,train,13,108.87045344161943,,,,,,,0.26178945460696296,,,,,,,122.60165471687424,0.02508979613235334,,,,,2.0228722799735825,0.18214068457506152,,1,115,1,exact,0.02508979613235334,145,,,,,,9.287499779020436e-05,8376277a0b6c11117fc0c2530682a20ad7340d9a
dv3-train-matern2-006731,3,train,matern2,6731,,,,3:0:3:6731,,train,13,780.7348133643502,,,,,,,0.1191761762520603,,,,,,,798.6890883954138,0.004265183048085809,,,,,0.5819124034936725,0.08400710741234511,,1,810,1,exact,0.004265183048085809,835,,,,,,0.0003049160004593432,08ee9e54db1c67195a6c79da141fff534593a340
dv3-train-matern2-006732,3,train,matern2,6732,,,,3:0:3:6732,,train,13,318.233891763266,,,,,,,0.3039743491070508,,,,,,,375.90557639265336,0.017039769756220707,,,,,4.196203986383296,0.21014531306483444,,1,318,1,exact,0.017039769756220707,399,,,,,,0.00017179200222017244,d3e261c9955515832ebc017b60179ba7b1786cbb
dv3-train-matern2-006733,3,train,matern2,6733,,,,3:0:3:6733,,train,13,195.53076309329472,,,,,,,0.054009228514308366,,,,,,,196.43219797746517,0.0038624282610669205,,,,,0.11014473159206481,0.03816609676645386,,1,208,1,exact,0.0038624282610669205,211,,,,,,0.00011020799865946174,3eb3f50a53c54dd88bff1650383b8abad898cfa0
dv3-train-matern2-006734,3,train,matern2,6734,,,,3:0:3:6734,,train,13,111.48361149858613,,,,,,,0.09184523362748452,,,,,,,112.98745651064476,0.008698635013042919,,,,,0.3303933975397335,0.06482468731189622,,1,123,1,exact,0.008698635013042919,127,,,,,,8.670899842400104e-05,6d2ee9a4277da5ee6f1998c9799138b3454b9b72
dv3-train-matern2-006735,3,train,matern2,6735,,,,3:0:3:6735,,train,13,297.07431248216614,,,,,,,0.12607813156699024,,,,,,,304.74851210434485,0.007314880131261703,,,,,0.7201069527030938,0.08883851903420494,,1,252,1,exact,0.007314880131261703,275,,,,,,0.00013062499783700332,ca3e1f5e0655200eaec0add8e76582258c58978c
dv3-train-matern2-006736,3,train,matern2,6736,,,,3:0:3:6736,,train,13,386.50301624723403,,,,,,,0.08844600365007399,,,,,,,391.3315863369106,0.004498852667824275,,,,,0.31449270641805593,0.0624339448783149,,1,392,1,exact,0.004498852667824275,408,,,,,,0.0001685839997662697,aa111ab2905f6e79fbfda38e9199a08b4f0d7a8d
dv3-train-matern2-006737,3,train,matern2,6737,,,,3:0:3:6737,,train,13,488.8803967869799,,,,,,,0.22785154311990707,,,,,,,533.6939870921829,0.010305063270467435,,,,,4.041193008036776,0.15919478952662633,,1,512,1,exact,0.010305063270467435,590,,,,,,0.0002270419972774107,c82a273e0f6786eeb18b66ef86ba148cfc277614
dv3-train-matern2-006738,3,train,matern2,6738,,,,3:0:3:6738,,train,13,320.9338786303359,,,,,,,0.1045462134605108,,,,,,,326.57335718343273,0.005835801689618085,,,,,0.46036698150804495,0.07374831089582111,,1,320,1,exact,0.005835801689618085,335,,,,,,0.0001455410019843839,6c607bf91d1974d6581b1d81a41b2f13f69db831
dv3-train-matern2-006739,3,train,matern2,6739,,,,3:0:3:6739,,train,13,336.68648357924354,,,,,,,0.31922348127020483,,,,,,,405.8119650664694,0.017397305448916753,,,,,4.577892462634763,0.2200988242679357,,1,337,1,exact,0.017397305448916753,436,,,,,,0.00018241599900647998,2a88979439fa1c329cc07da2562c3be2d4b7d0a8
dv3-train-matern2-006740,3,train,matern2,6740,,,,3:0:3:6740,,train,13,203.87636863318895,,,,,,,0.348595510895612,,,,,,,256.8104735461075,0.024413966558302528,,,,,3.8920087943930994,0.23896697979740603,,1,189,1,exact,0.024413966558302528,256,,,,,,0.0001252919973921962,47c7863d795f531d57d328eec192245734121499
dv3-train-matern2-006741,3,train,matern2,6741,,,,3:0:3:6741,,train,13,133.49638228172606,,,,,,,0.052371614293777395,,,,,,,134.07485794573924,0.004532744216412125,,,,,0.09072736713434731,0.03701026758813761,,1,133,1,exact,0.004532744216412125,135,,,,,,8.866599819157273e-05,4686eeb3fd08c1aabbca213034a4a2078a82d382
dv3-train-matern2-006742,3,train,matern2,6742,,,,3:0:3:6742,,train,13,536.1139321171892,,,,,,,0.0560370375665124,,,,,,,538.7758542475533,0.0024201741684943545,,,,,0.12490978228514281,0.03959713893359317,,1,525,1,exact,0.0024201741684943545,529,,,,,,0.00014754199946764857,e775bf9cf859293cb8aa2bd7f3cce0f113413108
dv3-train-matern2-006743,3,train,matern2,6743,,,,3:0:3:6743,,train,13,587.2556688708091,,,,,,,0.055147810602363706,,,,,,,590.0791248609227,0.002275698202647369,,,,,0.12088918739001606,0.03896962975632114,,1,647,1,exact,0.002275698202647369,657,,,,,,0.00017145800302387215,ff6843ff5f45bfb62a2c2991951721be1a1eda6a
dv3-train-matern2-006744,3,train,matern2,6744,,,,3:0:3:6744,,train,13,502.94298463465765,,,,,,,0.19143287498343484,,,,,,,534.3280471303916,0.008536053814273376,,,,,1.839621909435011,0.13424472325659456,,1,489,1,exact,0.008536053814273376,530,,,,,,0.00013070799832348712,3d86471098a3912f4b512154f35ffb38fbef9529
dv3-train-matern2-006745,3,train,matern2,6745,,,,3:0:3:6745,,train,13,352.93770807969554,,,,,,,0.39335247012612873,,,,,,,483.35175136101543,0.02093788697854897,,,,,5.7746809812164654,0.26678119973667735,,1,359,1,exact,0.02093788697854897,521,,,,,,0.00013979100185679272,f4080cfb1d7c216c26aad8abbb25bfa9cdb5adcd
dv3-train-matern2-006746,3,train,matern2,6746,,,,3:0:3:6746,,train,13,145.33038540656423,,,,,,,0.30549445779134865,,,,,,,172.00058281531307,0.025341080186908286,,,,,2.678996141174356,0.21114194037909373,,1,159,1,exact,0.025341080186908286,201,,,,,,6.508300066343509e-05,6bdd75b003d58a65f5d3ba295944968cb4baa2ed
dv3-train-matern2-006747,3,train,matern2,6747,,,,3:0:3:6747,,train,13,197.31637711998425,,,,,,,0.35090706826146634,,,,,,,249.49180605227218,0.02498104201350086,,,,,3.8362200771349,0.24043314483137998,,1,199,1,exact,0.02498104201350086,270,,,,,,8.09579978522379e-05,2a594cb73dbaba341ba52221711bad0686953bf6
dv3-train-matern2-006748,3,train,matern2,6748,,,,3:0:3:6748,,train,13,383.06092078784985,,,,,,,0.06985224009979626,,,,,,,386.0272215027003,0.0035689988989910703,,,,,0.19210921880859277,0.04934053790198081,,1,398,1,exact,0.0035689988989910703,403,,,,,,0.00010462499994901009,e0e335ee1c25eb4b7dbbd466e8112c33dacfec5c
dv3-train-matern2-006749,3,train,matern2,6749,,,,3:0:3:6749,,train,13,211.42435459401082,,,,,,,0.1517578861149327,,,,,,,219.46305308988457,0.010436953816917633,,,,,1.6457369224656344,0.10676024591464398,,1,208,1,exact,0.010436953816917633,221,,,,,,6.504200064227916e-05,cca5366e0f1219c0ddb2fa902218e31bd69e7633
dv3-train-matern2-006750,3,train,matern2,6750,,,,3:0:3:6750,,train,13,326.00991945815065,,,,,,,0.08310001240846442,,,,,,,329.5982432795626,0.0046024139925569165,,,,,0.28017509232540316,0.05867206999342791,,1,347,1,exact,0.0046024139925569165,354,,,,,,9.495799895375967e-05,0f3e424f94f00bba4c51adb378d38ebd90a34e84
dv3-train-matern2-006751,3,train,matern2,6751,,,,3:0:3:6751,,train,13,505.05693181979024,,,,,,,0.06109220406747752,,,,,,,508.0412374982339,0.0027184141724119195,,,,,0.14922891636282326,0.04316366392395984,,1,542,1,exact,0.0027184141724119195,549,,,,,,0.0001658750006754417,78df22db2d79abf8d83ed5a9e76b55806f725d15
dv3-train-matern2-006752,3,train,matern2,6752,,,,3:0:3:6752,,train,13,353.97801382003837,,,,,,,0.07278268770172254,,,,,,,356.9565607555513,0.0038684763401091215,,,,,0.20974113883840165,0.05140576775964064,,1,354,1,exact,0.0038684763401091215,358,,,,,,9.529200178803876e-05,952e2d4755f579b9ea3857e50abf82eac6c8e60b
dv3-train-matern2-006753,3,train,matern2,6753,,,,3:0:3:6753,,train,13,245.48209309867377,,,,,,,0.13810347074996673,,,,,,,253.144165073695,0.008814439158004533,,,,,0.9661445159711094,0.09724214721604693,,1,239,1,exact,0.008814439158004533,255,,,,,,7.179100066423416e-05,c16b91b0a146ff3ea6aaccd76a942ad6e8c2348b
dv3-train-matern2-006754,3,train,matern2,6754,,,,3:0:3:6754,,train,13,130.3006944233794,,,,,,,0.38996531996710304,,,,,,,177.17337408242037,0.034162734150106414,,,,,3.2873342400191796,0.26472259876281623,,1,125,1,exact,0.034162734150106414,201,,,,,,6.533399937325157e-05,091c28e48329a2a46b662fa7933a20aaa150fe2c
dv3-train-matern2-006755,3,train,matern2,6755,,,,3:0:3:6755,,train,13,161.54871080330747,,,,,,,0.5390296604571913,,,,,,,431.75396519475083,0.04240928151929278,,,,,5.118777263183048,0.3421593001029087,,1,166,1,exact,0.04240928151929278,512,,,,,,0.00014562499927706085,dec966dccf09b45aeb6741bfac266e7eca444c15
dv3-train-matern2-006756,3,train,matern2,6756,,,,3:0:3:6756,,train,13,266.54375503928753,,,,,,,0.10886440278304861,,,,,,,271.63250506919104,0.006668092850418895,,,,,0.5194129116624123,0.07677867523104374,,1,254,1,exact,0.006668092850418895,268,,,,,,0.0002981669967994094,6c93a50523ad2f3f710e29b9c28d30c6b7d6206f
dv3-train-matern2-006757,3,train,matern2,6757,,,,3:0:3:6757,,train,13,361.7873078100749,,,,,,,0.056806926590311446,,,,,,,363.6336981441481,0.002986583283540665,,,,,0.125513204190059,0.040140400557400056,,1,350,1,exact,0.002986583283540665,355,,,,,,0.00021679199926438741,17aa5942f7db416d02626944ffa3caf6a5a9b4c5
dv3-train-matern2-006758,3,train,matern2,6758,,,,3:0:3:6758,,train,13,171.26116755683358,,,,,,,0.12631489144694621,,,,,,,175.70249911592427,0.00965217312455199,,,,,0.829184317543715,0.08900415072571734,,1,153,1,exact,0.00965217312455199,168,,,,,,0.00011504199937917292,8414a6a4375cebdc17f385e14998249e416ae895
dv3-train-matern2-006759,3,train,matern2,6759,,,,3:0:3:6759,,train,13,780.2105524947683,,,,,,,0.20123992488595036,,,,,,,834.4994436042184,0.0072045728407442305,,,,,1.8353462878668012,0.14099263373424062,,1,784,1,exact,0.0072045728407442305,881,,,,,,0.0003321250005683396,97604f849c7e0ff4d6c90f7e93dea9199efa531f
dv3-train-matern2-006760,3,train,matern2,6760,,,,3:0:3:6760,,train,13,142.14772987856094,,,,,,,0.24424550054055102,,,,,,,157.40780733461153,0.020485973556106714,,,,,2.090930761837592,0.17031981846860725,,1,135,1,exact,0.020485973556106714,168,,,,,,0.00011404199904063717,0140d53d3929e1474864c2b4b2047d3bcc811eba
dv3-train-matern2-006761,3,train,matern2,6761,,,,3:0:3:6761,,train,13,172.0477839298662,,,,,,,0.10166682724026639,,,,,,,174.90313040784665,0.007750946318023789,,,,,0.4342706422582462,0.07172661100949908,,1,175,1,exact,0.007750946318023789,183,,,,,,0.000110041000880301,5c53b3b1e6b6daed005850d20e3f1b358d2840c0
dv3-train-matern2-006762,3,train,matern2,6762,,,,3:0:3:6762,,train,13,435.883128884682,,,,,,,0.3135879642046457,,,,,,,521.3661776708383,0.015020152975791196,,,,,5.157715946383827,0.2164320211781266,,1,413,1,exact,0.015020152975791196,526,,,,,,0.0002229589990747627,da091f8f31e794fc4fb36739c00d8a35f68c6041
dv3-train-matern2-006763,3,train,matern2,6763,,,,3:0:3:6763,,train,13,551.6177671149081,,,,,,,0.3612367038525156,,,,,,,709.8559050107191,0.01538058123587768,,,,,6.692472726582326,0.24694838810393607,,1,567,1,exact,0.01538058123587768,760,,,,,,0.0003147919996990822,d8045f9dc945ce88b74d23d51005938a98709016
dv3-train-matern2-006764,3,train,matern2,6764,,,,3:0:3:6764,,train,13,145.10947086154434,,,,,,,0.06395658639640503,,,,,,,146.04990171000475,0.0053093015996423555,,,,,0.14166938076419408,0.045183907958437686,,1,149,1,exact,0.0053093015996423555,155,,,,,,0.00011995799650321715,010d0ca0b28649f695cf14834e648291c0da6c83
dv3-train-matern2-006765,3,train,matern2,6765,,,,3:0:3:6765,,train,13,122.71666657045022,,,,,,,0.11734973912167286,,,,,,,125.45033176622735,0.010593277608243183,,,,,0.7842027162116022,0.08272765654016351,,1,125,1,exact,0.010593277608243183,134,,,,,,9.03330001165159e-05,306f59a5127dfe98c1e40517d096f815dc44b6cc
dv3-train-matern2-006766,3,train,matern2,6766,,,,3:0:3:6766,,train,13,723.5713079255993,,,,,,,0.12756561633874305,,,,,,,742.7224808131559,0.004742343011128868,,,,,0.6746351307919161,0.0898790139316665,,1,712,1,exact,0.004742343011128868,748,,,,,,0.0002823750000970904,5a919b5a125303813ba004a474730fdbe41580b2
dv3-train-matern2-006767,3,train,matern2,6767,,,,3:0:3:6767,,train,13,206.12144840335907,,,,,,,0.5426298889490891,,,,,,,577.2774127995528,0.03779567613719277,,,,,5.981546528624916,0.34341254006903854,,1,208,1,exact,0.03779567613719277,695,,,,,,0.00030899999910616316,58e0b5874b141f58521b50e9d09d7d58d9efa7c6
dv3-train-matern2-006768,3,train,matern2,6768,,,,3:0:3:6768,,train,13,195.00912251666952,,,,,,,0.269081572733202,,,,,,,221.25430113881845,0.019268880941976443,,,,,2.9052193995425375,0.1870260322329808,,1,191,1,exact,0.019268880941976443,225,,,,,,0.00012179199984529987,49d6dabde6fbd09ded677c0f4da6a5ff4ce8a1be
dv3-train-matern2-006769,3,train,matern2,6769,,,,3:0:3:6769,,train,13,676.5109507546578,,,,,,,0.056889748032123856,,,,,,,679.9736844574186,0.002187240781390881,,,,,0.12841163651059168,0.04019884051479153,,1,690,1,exact,0.002187240781390881,697,,,,,,0.0002619580009195488,93f6fca644b409e5e1a7b4ae9313ff3ddfa780f5
dv3-train-matern2-006770,3,train,matern2,6770,,,,3:0:3:6770,,train,13,294.3779121844324,,,,,,,0.10445645841273976,,,,,,,299.54165992150996,0.00608811274692596,,,,,0.4663500964511369,0.07368530367707175,,1,299,1,exact,0.00608811274692596,314,,,,,,0.00014795899915043265,4c8d3044019370de11e1e0a25246436c3c0a3280
dv3-train-matern2-006771,3,train,matern2,6771,,,,3:0:3:6771,,train,13,576.0379614751873,,,,,,,0.1863980924652025,,,,,,,609.9688441299613,0.007766331268919595,,,,,1.6355292652876234,0.1307728287878028,,1,562,1,exact,0.007766331268919595,621,,,,,,0.00024058300186879933,b9a224ec22a42ad70555a950684fe0fbf3f26dd8
dv3-train-matern2-006772,3,train,matern2,6772,,,,3:0:3:6772,,train,13,681.923193804993,,,,,,,0.1848937890714203,,,,,,,721.3945847061646,0.0070803478004840634,,,,,1.539071722985366,0.12973452117383658,,1,699,1,exact,0.0070803478004840634,752,,,,,,0.00028158400164102204,653c658a1eef5381a687eb351a2f42990a2095ad
dv3-train-matern2-006773,3,train,matern2,6773,,,,3:0:3:6773,,train,13,167.8458197488294,,,,,,,0.28077072752582705,,,,,,,192.85847206194984,0.021671878767514103,,,,,2.7606945153992988,0.1948202541933816,,1,154,1,exact,0.021671878767514103,202,,,,,,0.00011620900113484822,63aa0fe3c199cb8ea8f93231e7628984de534fc6
dv3-train-matern2-006774,3,train,matern2,6774,,,,3:0:3:6774,,train,13,369.32447674761363,,,,,,,0.15062002282915152,,,,,,,383.1464079807109,0.007837520025377591,,,,,1.040739961156003,0.10596811430714566,,1,405,1,exact,0.007837520025377591,421,,,,,,0.00017620799917494878,62a5cad6ad55f2f57987d8e3468eb1ec61269ce3
dv3-train-matern2-006775,3,train,matern2,6775,,,,3:0:3:6775,,train,13,495.70113393393467,,,,,,,0.3638497366751565,,,,,,,640.8538659056045,0.016342259739031806,,,,,6.444743329958852,0.2485867083168044,,1,486,1,exact,0.016342259739031806,662,,,,,,0.0002617919999465812,dbba5b1805ad8cf4bf035bf1fc66a3a2c9d39a50
dv3-train-matern2-006776,3,train,matern2,6776,,,,3:0:3:6776,,train,13,709.6004553595717,,,,,,,0.06890209675119029,,,,,,,714.9454092786117,0.002586577499279828,,,,,0.18967434946298425,0.04867080381070369,,1,769,1,exact,0.002586577499279828,778,,,,,,0.000296499998512445,1525049b8b08848cf81e869bd477fb336481ea0e
dv3-train-matern2-006777,3,train,matern2,6777,,,,3:0:3:6777,,train,13,287.64811331488215,,,,,,,0.10770537092332236,,,,,,,293.0205524620572,0.006350480631579782,,,,,0.5015869427206141,0.0759654921671761,,1,296,1,exact,0.006350480631579782,308,,,,,,0.00014762499995413236,26227b7ff6c72b8496e7057a3c7c7b699e4d079b
dv3-train-matern2-006778,3,train,matern2,6778,,,,3:0:3:6778,,train,13,174.65178883388967,,,,,,,0.23958951578412055,,,,,,,192.592808827792,0.018129310648123623,,,,,2.413907004368449,0.16716765106030984,,1,184,1,exact,0.018129310648123623,209,,,,,,0.00011495899889268912,edc20b94420396ede2b637cd99bd6f0ddc016e51
dv3-train-matern2-006779,3,train,matern2,6779,,,,3:0:3:6779,,train,13,723.8234619411041,,,,,,,0.22244778964565093,,,,,,,786.692367390216,0.008268215104707148,,,,,2.419262220510404,0.15551236049277434,,1,731,1,exact,0.008268215104707148,818,,,,,,0.0003055830020457506,2c785177591cabfd33f2d793d9cc1e7719fae12d
dv3-train-matern2-006780,3,train,matern2,6780,,,,3:0:3:6780,,train,13,166.88900710250155,,,,,,,0.11954962607424824,,,,,,,170.75173264609936,0.009254103589625558,,,,,0.6869753733111743,0.08426866833800097,,1,156,1,exact,0.009254103589625558,165,,,,,,0.00010720800128183328,8e6530ed1aa234074884773542b94e7a547fa537
dv3-train-matern2-006781,3,train,matern2,6781,,,,3:0:3:6781,,train,13,124.84380554552286,,,,,,,0.10962083156716124,,,,,,,127.26137625734935,0.009810916804591778,,,,,0.5676385950593822,0.07730931424818702,,1,130,1,exact,0.009810916804591778,137,,,,,,9.579200195730664e-05,1f562823a39d1e4a7b0bc6a5cf9955e30c2a28f5
dv3-train-matern2-006782,3,train,matern2,6782,,,,3:0:3:6782,,train,13,152.0530304206827,,,,,,,0.37444390506349573,,,,,,,200.4480216958754,0.0303661145375027,,,,,3.4440218161587395,0.2551862525790002,,1,158,1,exact,0.0303661145375027,246,,,,,,0.00013041700003668666,2ddf21958578b120096c7498b5638b5235d89764
dv3-train-matern2-006783,3,train,matern2,6783,,,,3:0:3:6783,,train,13,154.45551174993182,,,,,,,0.17175102034305123,,,,,,,162.0877233221065,0.013819668339050142,,,,,1.5526946124715237,0.12064495767231169,,1,144,1,exact,0.013819668339050142,156,,,,,,9.941700045601465e-05,a5cc2b3f33d729c6575685ddc6101587026d2c31
dv3-train-matern2-006784,3,train,matern2,6784,,,,3:0:3:6784,,train,13,192.18363275207548,,,,,,,0.05813984083627083,,,,,,,193.21134671589377,0.00419387651907796,,,,,0.12790545980746126,0.04108087897079674,,1,204,1,exact,0.00419387651907796,210,,,,,,0.00011462499969638884,5612380f5adde98ab0f440d5dc2ebc932cbdbc62
dv3-train-matern2-006785,3,train,matern2,6785,,,,3:0:3:6785,,train,13,488.40558582636726,,,,,,,0.2108556414014302,,,,,,,526.0657010880158,0.009541022364169165,,,,,2.5447777648264327,0.1475887726265854,,1,490,1,exact,0.009541022364169165,540,,,,,,0.00021483399905264378,18fac88074f2a4b58d668b8fa53db3a82617e6f8
dv3-train-matern2-006786,3,train,matern2,6786,,,,3:0:3:6786,,train,13,323.2523223205635,,,,,,,0.384957466397858,,,,,,,435.022558172613,0.02141124497927162,,,,,5.411141814941468,0.26166386915575246,,1,307,1,exact,0.02141124497927162,453,,,,,,0.0001440839987481013,7366001619b3b8d7f2d66f5b37c49aaa00cfaed1
dv3-train-matern2-006787,3,train,matern2,6787,,,,3:0:3:6787,,train,13,335.14449160423516,,,,,,,0.07365127068582489,,,,,,,338.03305493788105,0.0040231312496859855,,,,,0.21677491978649438,0.05201778937108343,,1,332,1,exact,0.0040231312496859855,339,,,,,,0.00010191699766437523,7d8e0eaf9577257583c8694a76b68e0b723963da
dv3-train-matern2-006788,3,train,matern2,6788,,,,3:0:3:6788,,train,13,285.515450875244,,,,,,,0.07551947160095593,,,,,,,288.1042243831385,0.004469347620875162,,,,,0.23228695257004361,0.05333398533982612,,1,260,1,exact,0.004469347620875162,273,,,,,,8.204100231523626e-05,e58b6a8d47f0e3761a606fccf0b490bf3b0e1492
dv3-train-matern2-006789,3,train,matern2,6789,,,,3:0:3:6789,,train,13,313.6253007099564,,,,,,,0.2769205836243692,,,,,,,358.83215596387936,0.015636865221352565,,,,,3.9012989313689097,0.19225819112353135,,1,332,1,exact,0.015636865221352565,410,,,,,,0.00011883299885084853,340b08228a6ed7512492ca49cfad7cfeecd94ba9
dv3-train-matern2-006790,3,train,matern2,6790,,,,3:0:3:6790,,train,13,100.10600602340884,,,,,,,0.29624953735163195,,,,,,,117.11836854742648,0.029609264090342594,,,,,2.1736591513160164,0.20506630606031892,,1,85,1,exact,0.029609264090342594,123,,,,,,5.5290998716372997e-05,3e110c89dbe17087a60b26fb115816967c8c9fc6
dv3-train-matern2-006791,3,train,matern2,6791,,,,3:0:3:6791,,train,13,105.34598090020546,,,,,,,0.1621379326858139,,,,,,,109.95156476969302,0.015797037374754734,,,,,1.1400544932274563,0.11397709711386773,,1,111,1,exact,0.015797037374754734,119,,,,,,5.03330011270009e-05,28b19bfabe16dc9014e393450d08ad2fa6128da2
dv3-train-matern2-006792,3,train,matern2,6792,,,,3:0:3:6792,,train,13,713.5136369252336,,,,,,,0.5134209764459615,,,,,,,1517.2767555862747,0.019220844684391353,,,,,10.895267719811178,0.33181601339509037,,1,710,1,exact,0.019220844684391353,1592,,,,,,0.00046854100219206885,dfb6703c9b436d6cb259a2517ecd2d7a9b1f47c0
dv3-train-matern2-006793,3,train,matern2,6793,,,,3:0:3:6793,,train,13,281.0383773557136,,,,,,,0.514943104622787,,,,,,,603.8895862470135,0.030716832707238264,,,,,6.755463930568649,0.3324877857314113,,1,276,1,exact,0.030716832707238264,666,,,,,,0.00018766699940897524,a6b149ae6534d5baf5b3a69b24dca49a7331808b
dv3-train-matern2-006794,3,train,matern2,6794,,,,3:0:3:6794,,train,13,344.6183951426946,,,,,,,0.07777822578614589,,,,,,,347.93520790553623,0.004189756701963404,,,,,0.24189809901407563,0.05492500556807127,,1,346,1,exact,0.004189756701963404,354,,,,,,9.59169992711395e-05,8cc229bcbdc4395503594a05254c7d5aa2346824
dv3-train-matern2-006795,3,train,matern2,6795,,,,3:0:3:6795,,train,13,303.0505901903064,,,,,,,0.25379028699193906,,,,,,,338.5976858464872,0.014578654032094459,,,,,3.4468593728913017,0.17676238841719355,,1,324,1,exact,0.014578654032094459,383,,,,,,9.858300109044649e-05,8e5f18238e2cab0eedaeb770ae495f6c8223b1b5
dv3-train-matern2-006796,3,train,matern2,6796,,,,3:0:3:6796,,train,13,615.0200939501947,,,,,,,0.38917510661661553,,,,,,,834.8805437438115,0.015692798575980264,,,,,7.679708970386901,0.26424113330642146,,1,628,1,exact,0.015692798575980264,901,,,,,,0.00022770899886381812,0d87f84d1e7f8f3b5d853d4b81b70109d4b6518b
dv3-train-matern2-006797,3,train,matern2,6797,,,,3:0:3:6797,,train,13,327.3727105725582,,,,,,,0.12550463402136772,,,,,,,335.75019316586537,0.006936470194384884,,,,,0.6946858535354031,0.08843728503253939,,1,324,1,exact,0.006936470194384884,335,,,,,,9.441699876333587e-05,87d21cdf56477a95c0c74c36a3fd305ef506d05c
dv3-train-matern2-006798,3,train,matern2,6798,,,,3:0:3:6798,,train,13,757.2719876300343,,,,,,,0.07261676802885485,,,,,,,763.6147063735906,0.0026388273079194116,,,,,0.21077914535610864,0.05128885144399101,,1,706,1,exact,0.0026388273079194116,722,,,,,,0.00017699999807518907,e0536aeccea43cddb7d30131a47d68f6cf46aab3
dv3-train-matern2-006799,3,train,matern2,6799,,,,3:0:3:6799,,train,13,614.5722516766119,,,,,,,0.11704804456967358,,,,,,,628.1902119003674,0.004721474938780616,,,,,0.5654688310993959,0.08251627771502719,,1,631,1,exact,0.004721474938780616,655,,,,,,0.00015174999862210825,15f9bb83bc8de28d194116afc16d2d6b2311fc95
dv3-train-matern2-006800,3,train,matern2,6800,,,,3:0:3:6800,,train,13,743.8711197112873,,,,,,,0.20898913471598132,,,,,,,800.1141868966411,0.0076625771275090175,,,,,2.03895593446982,0.14631001501334345,,1,743,1,exact,0.0076625771275090175,845,,,,,,0.0002062499988824129,f7430cd995649ecfbef6abd7205b7bbb89fe20e2
dv3-train-matern2-006801,3,train,matern2,6801,,,,3:0:3:6801,,train,13,255.68753612303806,,,,,,,0.05625503942503625,,,,,,,256.96704350049765,0.003518087641686444,,,,,0.1258685397691075,0.03975097210368161,,1,260,1,exact,0.003518087641686444,265,,,,,,7.700000060140155e-05,cdc792e15348e58d63249191c758d1eb89534ff5
dv3-train-matern2-006802,3,train,matern2,6802,,,,3:0:3:6802,,train,13,173.38324291684572,,,,,,,0.09005744189592199,,,,,,,175.63034488062746,0.006839369160231831,,,,,0.3239803156360066,0.06356742252851216,,1,175,1,exact,0.006839369160231831,184,,,,,,5.85409979976248e-05,c7813dcc771f54badbbc7404bb18dcd5ed421715
dv3-train-matern2-006803,3,train,matern2,6803,,,,3:0:3:6803,,train,13,209.49874014623595,,,,,,,0.45634635288179937,,,,,,,340.0749233303642,0.031528541158961094,,,,,5.063934392821638,0.30324252830163356,,1,194,1,exact,0.031528541158961094,366,,,,,,0.00010345899863750674,fa0fe47597199a516fbfda6c55be0b73dd008ffe
dv3-train-matern2-006804,3,train,matern2,6804,,,,3:0:3:6804,,train,13,702.9829586570524,,,,,,,0.09067522919426525,,,,,,,712.2214774579148,0.00341992249143985,,,,,0.33204906165886006,0.0640019126103775,,1,678,1,exact,0.00341992249143985,696,,,,,,0.00016854199930094182,73814eacb48676fe4eca317a94bae70b1addb603
dv3-train-matern2-006805,3,train,matern2,6805,,,,3:0:3:6805,,train,13,786.5982643364058,,,,,,,0.11908778553675055,,,,,,,804.6597287470522,0.004246104982485719,,,,,0.5808417693020861,0.08394519698802086,,1,817,1,exact,0.004246104982485719,864,,,,,,0.0002027080008701887,c7930764374a4ed3be4931e0c3fb83c93d3726f6
dv3-train-matern2-006806,3,train,matern2,6806,,,,3:0:3:6806,,train,13,107.93206218993791,,,,,,,0.06974196949017784,,,,,,,108.76518947810233,0.006713035905679276,,,,,0.1647176843655725,0.04926281370539933,,1,103,1,exact,0.006713035905679276,110,,,,,,4.4791002437705174e-05,f17acfd2fbd2af70c1edf0f57532daf9beb22347
dv3-train-matern2-006807,3,train,matern2,6807,,,,3:0:3:6807,,train,13,242.34177579812174,,,,,,,0.3805156660056917,,,,,,,323.25111940768903,0.024443218985937033,,,,,4.730340429635344,0.25893624597758186,,1,229,1,exact,0.024443218985937033,357,,,,,,9.974999920814298e-05,4f7f5d16d023c7ba83e48d9dfdd1d4257789eb5d
dv3-train-matern2-006808,3,train,matern2,6808,,,,3:0:3:6808,,train,13,222.77556207363824,,,,,,,0.06834249754004904,,,,,,,224.42616918841105,0.004578856907891008,,,,,0.18475704324165282,0.048276328007228815,,1,212,1,exact,0.004578856907891008,218,,,,,,6.516700159409083e-05,d3aeb07fd06142b724216f29d26eeba1676737fa
dv3-train-matern2-006809,3,train,matern2,6809,,,,3:0:3:6809,,train,13,170.1955442828549,,,,,,,0.3229960867780027,,,,,,,206.2210916491819,0.024758433777671198,,,,,3.171056507514465,0.22254556783654342,,1,171,1,exact,0.024758433777671198,231,,,,,,7.091600127751008e-05,7ca4abfa82f99d6ca85d15a98832086a271af267
dv3-train-matern2-006810,3,train,matern2,6810,,,,3:0:3:6810,,train,13,690.4186379608658,,,,,,,0.0917331013695013,,,,,,,699.7088219950939,0.00349116056505719,,,,,0.33991539204912025,0.06474583839803826,,1,690,1,exact,0.00349116056505719,711,,,,,,0.00017412499801139347,70c12cbd9e52221bc82bb42dcf7e174c804993c6
dv3-train-matern2-006811,3,train,matern2,6811,,,,3:0:3:6811,,train,13,369.69991149362914,,,,,,,0.15567756148729262,,,,,,,384.5318636321691,0.008096575070208554,,,,,1.1333335096661814,0.10948744042201744,,1,375,1,exact,0.008096575070208554,407,,,,,,0.00010158299846807495,582edb7f419bcbeb8938ba8f09f25081ddf77393
dv3-train-matern2-006812,3,train,matern2,6812,,,,3:0:3:6812,,train,13,579.290620666387,,,,,,,0.08628987605544941,,,,,,,586.1735882289532,0.00358518521489147,,,,,0.30131376910498053,0.06091699672171666,,1,586,1,exact,0.00358518521489147,601,,,,,,0.00014895799904479645,b2d0f4e5861d4e1dd2a5d136555fec9c08c4366a
dv3-train-matern2-006813,3,train,matern2,6813,,,,3:0:3:6813,,train,13,653.0073949132234,,,,,,,0.08596205486069006,,,,,,,660.7064748899476,0.0033639361093588767,,,,,0.2963549660669986,0.0606863240229312,,1,640,1,exact,0.0033639361093588767,655,,,,,,0.00016045799929997884,4fb20342cb3002d39f75fda82eba5847ccd78744
dv3-train-matern2-006814,3,train,matern2,6814,,,,3:0:3:6814,,train,13,560.8373644939286,,,,,,,0.42895412366412106,,,,,,,837.1817407984335,0.018113083003704126,,,,,8.102433806290938,0.2878596842958688,,1,579,1,exact,0.018113083003704126,898,,,,,,0.00021491599909495562,5f4389c0c9a913ee97007d98592f2600977a935c
dv3-train-matern2-006815,3,train,matern2,6815,,,,3:0:3:6815,,train,13,110.0824858277361,,,,,,,0.39106048070321636,,,,,,,150.0269329359521,0.03727218179998554,,,,,3.0469526157837823,0.26538911832910184,,1,116,1,exact,0.03727218179998554,183,,,,,,6.229200153029524e-05,e78049bea4d4429bc911bcfcef1b0be0640f9858
dv3-train-matern2-006816,3,train,matern2,6816,,,,3:0:3:6816,,train,13,494.3091545411197,,,,,,,0.32586714760622004,,,,,,,601.3891365548146,0.014656870555872885,,,,,5.852536271167919,0.22440323251639946,,1,491,1,exact,0.014656870555872885,644,,,,,,0.00016324999887729064,970c5eb5438b4899fbb70a22676a4ef83af42f93
dv3-train-matern2-006817,3,train,matern2,6817,,,,3:0:3:6817,,train,13,238.2116341884315,,,,,,,0.13619615524724765,,,,,,,245.4344954139974,0.008824362971437821,,,,,0.9356472827569438,0.09591052710184414,,1,245,1,exact,0.008824362971437821,253,,,,,,7.279099736479111e-05,7cc48ff22e48ea7b8fb2144e1354647e44748b96
dv3-train-matern2-006818,3,train,matern2,6818,,,,3:0:3:6818,,train,13,353.35911829512014,,,,,,,0.08931825201723605,,,,,,,357.86261630115763,0.004751514554712373,,,,,0.32221103686724184,0.06304750725320588,,1,353,1,exact,0.004751514554712373,362,,,,,,9.058300202013925e-05,36af0c432f7a97ead3de094436d882088c8ff852
dv3-train-matern2-006819,3,train,matern2,6819,,,,3:0:3:6819,,train,13,160.1008133797333,,,,,,,0.2209852994429946,,,,,,,173.80298311588783,0.017464920577571142,,,,,2.0572631187921813,0.15451448432390683,,1,141,1,exact,0.017464920577571142,167,,,,,,5.775000317953527e-05,47296a5350ddd0e67919796d4dea4f4b0bb087b0
dv3-train-matern2-006820,3,train,matern2,6820,,,,3:0:3:6820,,train,13,123.29735773255143,,,,,,,0.17786155530463707,,,,,,,129.86303583509792,0.016017886086741987,,,,,1.3761697036494625,0.12487497530174164,,1,122,1,exact,0.016017886086741987,136,,,,,,5.1957998948637396e-05,5f5da1cfcbbfe56f1a1e410ab590de28de940548
dv3-train-matern2-006821,3,train,matern2,6821,,,,3:0:3:6821,,train,13,304.49512913734793,,,,,,,0.07908991653703615,,,,,,,307.5267804284332,0.004532428297388683,,,,,0.25433409414340447,0.05584876342320817,,1,289,1,exact,0.004532428297388683,299,,,,,,8.38330015540123e-05,f88d300217b205eab2561167ecadb55c2dc85f83
dv3-train-matern2-006822,3,train,matern2,6822,,,,3:0:3:6822,,train,13,382.94474702105526,,,,,,,0.37136266934245266,,,,,,,501.90777383413825,0.018977114875456953,,,,,5.665884945463679,0.2532740691183603,,1,401,1,exact,0.018977114875456953,558,,,,,,0.00014695800200570375,8174d95dd2fd7aed987c09d464b710eae6fb1bcb
dv3-train-matern2-006823,3,train,matern2,6823,,,,3:0:3:6823,,train,13,227.3959157565144,,,,,,,0.5232800213294112,,,,,,,520.1722834861221,0.03470106659689401,,,,,6.150914989763956,0.3360528028710708,,1,221,1,exact,0.03470106659689401,607,,,,,,0.00016241699995589443,2950bd16561d8b1d450550974feff1d44d6b14d3
dv3-train-matern2-006824,3,train,matern2,6824,,,,3:0:3:6824,,train,13,135.76213225270155,,,,,,,0.17675409177290125,,,,,,,142.89542056091506,0.015169810342556635,,,,,1.492311502023564,0.12410883464736014,,1,137,1,exact,0.015169810342556635,152,,,,,,5.524999869521707e-05,689709d43efb4b331a4cde0f4f15059f9b78468e
dv3-train-matern2-006825,3,train,matern2,6825,,,,3:0:3:6825,,train,13,130.97595111996185,,,,,,,0.24280862517651075,,,,,,,144.84760267905608,0.021216235600456882,,,,,2.038734386156179,0.16934768021717592,,1,128,1,exact,0.021216235600456882,151,,,,,,5.533399962587282e-05,36985f111016e768813812c46d525995422af97f
dv3-train-matern2-006826,3,train,matern2,6826,,,,3:0:3:6826,,train,13,544.2102491790274,,,,,,,0.0687818077091573,,,,,,,548.2949837200468,0.0029484259666236984,,,,,0.18953656120466417,0.04858601068226212,,1,551,1,exact,0.0029484259666236984,561,,,,,,0.00014045900024939328,604c3c67e95582ddba4b2f195fffda1d3468d7d1
dv3-train-matern2-006827,3,train,matern2,6827,,,,3:0:3:6827,,train,13,277.7615611099378,,,,,,,0.38739199117563466,,,,,,,375.66710815120933,0.023244197978629137,,,,,5.118682026691879,0.26315306430312485,,1,276,1,exact,0.023244197978629137,430,,,,,,0.00011570900096558034,5161daa1a0d7d3fda2b4e111a208fdcbca3fbf27
dv3-train-matern2-006828,3,train,matern2,6828,,,,3:0:3:6828,,train,13,159.16681216036943,,,,,,,0.10005681938094016,,,,,,,161.72359347586487,0.007930862752543302,,,,,0.41174228199570595,0.0705958261969667,,1,167,1,exact,0.007930862752543302,175,,,,,,5.6624998251209036e-05,426108f933b5bda1c3492eb59dfcce161fc5a3fc
dv3-train-matern2-006829,3,train,matern2,6829,,,,3:0:3:6829,,train,13,562.0759007668189,,,,,,,0.1520495959118122,,,,,,,583.5334201545555,0.00641339202964558,,,,,1.0112741936050114,0.10696329018167203,,1,579,1,exact,0.00641339202964558,614,,,,,,0.00016062499707913958,c94f89730019d7083811928e298d68f6d7ce7a0c
dv3-train-matern2-006830,3,train,matern2,6830,,,,3:0:3:6830,,train,13,182.475988475027,,,,,,,0.1803335727512807,,,,,,,192.4852099948347,0.01334976818979634,,,,,1.8466351209629763,0.1265842948760532,,1,187,1,exact,0.01334976818979634,206,,,,,,6.845800089649856e-05,0e1c221198ae4d6c8d23814bb69adb486a8af1d6
dv3-train-matern2-006831,3,train,matern2,6831,,,,3:0:3:6831,,train,13,291.80576418631426,,,,,,,0.06275297271280013,,,,,,,293.625812163627,0.0036735619718317996,,,,,0.15764013988040185,0.04433505954210103,,1,301,1,exact,0.0036735619718317996,308,,,,,,9.058399882633239e-05,b2ebafed278fc20c98cf4e8e8e08dfa687edb68b
dv3-train-matern2-006832,3,train,matern2,6832,,,,3:0:3:6832,,train,13,178.8883734982588,,,,,,,0.09074340845010322,,,,,,,181.24290234569813,0.006784596598115132,,,,,0.33132069873343634,0.0640498611090751,,1,162,1,exact,0.006784596598115132,165,,,,,,6.0374997701728716e-05,339dda54d34708d700975d49b5586566295ab175
dv3-train-matern2-006833,3,train,matern2,6833,,,,3:0:3:6833,,train,13,356.3680583685972,,,,,,,0.2280748245770898,,,,,,,389.10695173533264,0.012081697676750743,,,,,3.2650584532128866,0.15934678749898445,,1,348,1,exact,0.012081697676750743,401,,,,,,0.0001160829997388646,39dc4fa50b3208b7bcc29fa93ea3ef12a3880f58
dv3-train-matern2-006834,3,train,matern2,6834,,,,3:0:3:6834,,train,13,386.354552584481,,,,,,,0.5090564919321316,,,,,,,798.5127630073317,0.025898401730732767,,,,,7.893584592795646,0.32985690422474667,,1,385,1,exact,0.025898401730732767,846,,,,,,0.00022079200061853044,b69b9804ba08a50cb6dd2c6c7e3df5ce15f9cce5
dv3-train-matern2-006835,3,train,matern2,6835,,,,3:0:3:6835,,train,13,396.85686608037247,,,,,,,0.3992353389028338,,,,,,,550.5187215566405,0.020040660332681835,,,,,6.363889383941151,0.270336307694349,,1,399,1,exact,0.020040660332681835,617,,,,,,0.00017125000158557668,9a7b4cda7a0934f168896150fc07e33187c0ea61
dv3-train-matern2-006836,3,train,matern2,6836,,,,3:0:3:6836,,train,13,619.9177095347329,,,,,,,0.5201045256851754,,,,,,,1383.0426782645734,0.020889286731553904,,,,,10.097721889147696,0.33471864675966984,,1,613,1,exact,0.020889286731553904,1528,,,,,,0.0004075419965374749,8f69aff83101d8c83afa3f6721cf76a3991bda6b
dv3-train-matern2-006837,3,train,matern2,6837,,,,3:0:3:6837,,train,13,118.30855225193542,,,,,,,0.08854777402210824,,,,,,,119.79003768972555,0.008140846727475523,,,,,0.29472049699922237,0.06250553611619963,,1,123,1,exact,0.008140846727475523,130,,,,,,5.2917002903996035e-05,b0581cc0dccdfe5963042c037525797f9424eecc
dv3-train-matern2-006838,3,train,matern2,6838,,,,3:0:3:6838,,train,13,140.941940675566,,,,,,,0.46187995192327913,,,,,,,233.27903194434802,0.038905319694030986,,,,,4.024986955331615,0.30624250969362843,,1,137,1,exact,0.038905319694030986,284,,,,,,9.15000018721912e-05,9ed6669c179ef8d77fc2b17291f6ca8da57502d0
dv3-train-matern2-006839,3,train,matern2,6839,,,,3:0:3:6839,,train,13,122.7223656525603,,,,,,,0.48542202602432294,,,,,,,223.49009587511955,0.04381851137325073,,,,,3.951092141445278,0.3185169193737112,,1,124,1,exact,0.04381851137325073,259,,,,,,8.558300032746047e-05,2889e31df588894f96e43b9a4277d707d428fef0
dv3-train-matern2-006840,3,train,matern2,6840,,,,3:0:3:6840,,train,13,127.72034077243461,,,,,,,0.38457704675822524,,,,,,,171.74951484932043,0.034029324309170654,,,,,3.225463624614661,0.2614307924568767,,1,130,1,exact,0.034029324309170654,194,,,,,,6.550000034621917e-05,ee33ae04672db7eafbdb6e9361a4e32cf2bed082
dv3-train-matern2-006841,3,train,matern2,6841,,,,3:0:3:6841,,train,13,600.407054106378,,,,,,,0.24149005832567108,,,,,,,663.2078270758536,0.009855447830603745,,,,,3.5722268084392885,0.16845507532891488,,1,627,1,exact,0.009855447830603745,723,,,,,,0.0001875000016298145,948f7b5ce0d22f8dd5cb6b96feb9f157ccc2007d
dv3-train-matern2-006842,3,train,matern2,6842,,,,3:0:3:6842,,train,13,230.95497754874827,,,,,,,0.19320955248901275,,,,,,,245.65928265447414,0.012713494259815843,,,,,2.3148457100048985,0.13546867506069596,,1,228,1,exact,0.012713494259815843,259,,,,,,8.004100163816474e-05,422c320b6c6f6378ec6ae39046588413545cb788
dv3-train-matern2-006843,3,train,matern2,6843,,,,3:0:3:6843,,train,13,242.93563111788444,,,,,,,0.2069762020939137,,,,,,,260.9158963960792,0.013279288463548087,,,,,2.564236488262582,0.1449300550061656,,1,263,1,exact,0.013279288463548087,295,,,,,,8.812500163912773e-05,95dc25d85ad78997c31f976e1c20a390ef4285c8
dv3-train-matern2-006844,3,train,matern2,6844,,,,3:0:3:6844,,train,13,231.90786366299875,,,,,,,0.3698978020907504,,,,,,,303.1253048341852,0.024289804155487045,,,,,4.412643797300454,0.2523628740939293,,1,223,1,exact,0.024289804155487045,331,,,,,,9.858299745246768e-05,52c5f3721a60d961045c27c1cb5ce094cf73a7db
dv3-train-matern2-006845,3,train,matern2,6845,,,,3:0:3:6845,,train,13,333.8455008213291,,,,,,,0.12686778322495132,,,,,,,342.581776689764,0.006943502362543186,,,,,0.7089540970508466,0.08939091404508766,,1,323,1,exact,0.006943502362543186,342,,,,,,9.14999982342124e-05,5e35896e770489a04843ebf89a386e473ce6bc9d
dv3-train-matern2-006846,3,train,matern2,6846,,,,3:0:3:6846,,train,13,110.62571562871972,,,,,,,0.18639819471481234,,,,,,,117.14200947507436,0.017722037667077688,,,,,1.3983786838993095,0.13077289934807154,,1,125,1,exact,0.017722037667077688,143,,,,,,5.5790998885640875e-05,7ea0ee15c151909057b39b6be296c95abbb0cec3
dv3-train-matern2-006847,3,train,matern2,6847,,,,3:0:3:6847,,train,13,723.0176658619309,,,,,,,0.07312455015714055,,,,,,,729.1594325911118,0.0027194980581949973,,,,,0.21404945095470107,0.05164665731701698,,1,721,1,exact,0.0027194980581949973,728,,,,,,0.00018495800031814724,b733afe43fdf940e411f54c1d377c40d7e15f221
dv3-train-matern2-006848,3,train,matern2,6848,,,,3:0:3:6848,,train,13,297.7139637592888,,,,,,,0.11911937350796903,,,,,,,304.55365743846687,0.006903714104707719,,,,,0.6284895701177737,0.08396732186656504,,1,298,1,exact,0.006903714104707719,315,,,,,,9.141700138570741e-05,d30b1319f20112aa431bb3a518f2cf3b7af69b68
dv3-train-matern2-006849,3,train,matern2,6849,,,,3:0:3:6849,,train,13,335.89089104272665,,,,,,,0.08658723173700114,,,,,,,339.9098462387964,0.004724487909250446,,,,,0.3043645812262716,0.061126224672231624,,1,343,1,exact,0.004724487909250446,354,,,,,,9.93329995253589e-05,2864cd5c8a40ee53a770e2c7bf5737431a983882
dv3-train-matern2-006850,3,train,matern2,6850,,,,3:0:3:6850,,train,13,585.8191299838105,,,,,,,0.5416126165532584,,,,,,,1618.129772714623,0.02237726462382764,,,,,10.261071519662666,0.3430647368768293,,1,580,1,exact,0.02237726462382764,1770,,,,,,0.0004905000023427419,7ac479b59f3cc8985c51e263381f95a5c5f1b475
dv3-train-matern2-006851,3,train,matern2,6851,,,,3:0:3:6851,,train,13,445.9566851400428,,,,,,,0.0964803139795107,,,,,,,452.6072999037818,0.004568697132622136,,,,,0.38137382502145284,0.06808299919122285,,1,477,1,exact,0.004568697132622136,496,,,,,,0.00013141599993105046,4215264b2873d297dc50954f618734fe3a7d327e
dv3-train-matern2-006852,3,train,matern2,6852,,,,3:0:3:6852,,train,13,447.90741359024713,,,,,,,0.374266362515177,,,,,,,590.267018253906,0.017684251021099478,,,,,6.354047597857322,0.2550762367510015,,1,454,1,exact,0.017684251021099478,634,,,,,,0.00016054200023063459,5b408ad2a2dcb133f996d100b1bfcb0535fd6625
dv3-train-matern2-006853,3,train,matern2,6853,,,,3:0:3:6853,,train,13,762.5657746944058,,,,,,,0.37417707282339396,,,,,,,1004.7638341202592,0.013549975765342887,,,,,8.227502189638354,0.2550208999069348,,1,744,1,exact,0.013549975765342887,1033,,,,,,0.0002719590011110995,ae5f523bbeacf7fc9b3405b2d3434a94f39da24a
dv3-train-matern2-006854,3,train,matern2,6854,,,,3:0:3:6854,,train,13,408.3993741763845,,,,,,,0.2534737441169668,,,,,,,456.1648280628598,0.012542682994310845,,,,,3.955060306626143,0.17654915713815802,,1,405,1,exact,0.012542682994310845,478,,,,,,0.0001232089998666197,ebe824ce1ece9204a8bb704d11380fd425dc18c1
dv3-train-matern2-006855,3,train,matern2,6855,,,,3:0:3:6855,,train,13,594.402690911767,,,,,,,0.09309145033574842,,,,,,,602.6439507129141,0.0038182944226177497,,,,,0.3517731834408304,0.06570092528348301,,1,625,1,exact,0.0038182944226177497,644,,,,,,0.0001678750013525132,02934f1ef64d7a2508d4f10bb6531d933a2453d5
dv3-train-matern2-006856,3,train,matern2,6856,,,,3:0:3:6856,,train,13,787.3582109862836,,,,,,,0.2799434476041877,,,,,,,903.8579482205054,0.009976635981055738,,,,,4.987837432757035,0.19427018260457554,,1,838,1,exact,0.009976635981055738,986,,,,,,0.0002547920012148097,b2fa0b4d24a69b18c4cab72c86c510676f358939
dv3-train-matern2-006857,3,train,matern2,6857,,,,3:0:3:6857,,train,13,121.5900909864837,,,,,,,0.09880640066191154,,,,,,,123.49372659301328,0.008960577229759733,,,,,0.39828127026263505,0.0697174272074766,,1,105,1,exact,0.008960577229759733,109,,,,,,4.70000013592653e-05,b4247cef394c99b70c8cddf96d2d12bc55e3bbbd
dv3-train-matern2-006858,3,train,matern2,6858,,,,3:0:3:6858,,train,13,568.2166240021841,,,,,,,0.3022594740577937,,,,,,,669.7392638157022,0.012680108058774795,,,,,5.575287126375836,0.20901985910214282,,1,586,1,exact,0.012680108058774795,696,,,,,,0.0001863329998741392,f0ae64910de4c1d73192e9338448083f20e48d49
dv3-train-matern2-006859,3,train,matern2,6859,,,,3:0:3:6859,,train,13,115.93762955308205,,,,,,,0.15183016948251765,,,,,,,120.35018329184346,0.014100868694684649,,,,,1.0859128884465505,0.10681055987398277,,1,113,1,exact,0.014100868694684649,124,,,,,,4.920799983665347e-05,3ff755fe7846042c153e3723cb83e8ea292d8187
dv3-train-matern2-006860,3,train,matern2,6860,,,,3:0:3:6860,,train,13,589.7505095102504,,,,,,,0.15440897882097895,,,,,,,613.0061550900298,0.00635826154350078,,,,,1.0391518090106882,0.10860505760803511,,1,579,1,exact,0.00635826154350078,619,,,,,,0.00015350000103353523,f665d7f9e5f2083b4c20f1b3984a04996e4bd322
dv3-train-matern2-006861,3,train,matern2,6861,,,,3:0:3:6861,,train,13,173.28926988740054,,,,,,,0.05675268004048994,,,,,,,174.17195616578434,0.004311223512449662,,,,,0.11789635038226357,0.04010212324360107,,1,181,1,exact,0.004311223512449662,182,,,,,,5.6416000006720424e-05,ed0000065bc3c6b9a63900870525193eda5ad418
dv3-train-matern2-006862,3,train,matern2,6862,,,,3:0:3:6862,,train,13,229.91991201726685,,,,,,,0.11672717091173829,,,,,,,234.9858576472215,0.007698102110845789,,,,,0.6191937856105637,0.08229144998062149,,1,237,1,exact,0.007698102110845789,252,,,,,,7.145900235627778e-05,951623aad34eef69786b212201a74ebd8bf490bb
dv3-train-matern2-006863,3,train,matern2,6863,,,,3:0:3:6863,,train,13,185.81922461492698,,,,,,,0.19247554775938547,,,,,,,197.55241884363022,0.01411985518253773,,,,,1.9608747580804389,0.13496309749663501,,1,176,1,exact,0.01411985518253773,208,,,,,,6.470899825217202e-05,0bd576c694928c3d939dae79aba045febd281bb3
dv3-train-matern2-006864,3,train,matern2,6864,,,,3:0:3:6864,,train,13,489.81346558841426,,,,,,,0.35699387865797044,,,,,,,625.7041128393568,0.016130410107272054,,,,,6.375373862603622,0.244279671177361,,1,488,1,exact,0.016130410107272054,655,,,,,,0.000311708001390798,140dea4f881a3bd96c409a8cf74bb763c4ce5c91
dv3-train-matern2-006865,3,train,matern2,6865,,,,3:0:3:6865,,train,13,664.6841060607164,,,,,,,0.4429046582083127,,,,,,,1033.060970656981,0.01717918675546391,,,,,9.022053610471469,0.2957981738322076,,1,707,1,exact,0.01717918675546391,1140,,,,,,0.00043391700091888197,a196f1f8a898ffdc434b6e42fb5a2c0389c2e28d
dv3-train-matern2-006866,3,train,matern2,6866,,,,3:0:3:6866,,train,13,468.35764978689394,,,,,,,0.340725480393172,,,,,,,582.608175494406,0.015744026188824853,,,,,5.945319817236584,0.23395374646716618,,1,445,1,exact,0.015744026188824853,598,,,,,,0.00023545799922430888,3c96030a18ddefe978d46520a7e4230a9c9fc84b
dv3-train-matern2-006867,3,train,matern2,6867,,,,3:0:3:6867,,train,13,396.0746867176823,,,,,,,0.4093781683298075,,,,,,,562.4065582950215,0.02057008729884305,,,,,6.5225931983137135,0.27640220060746173,,1,404,1,exact,0.02057008729884305,631,,,,,,0.0002520000016374979,63c75725839f24207107e5909807ba9a539a8d66
dv3-train-matern2-006868,3,train,matern2,6868,,,,3:0:3:6868,,train,13,398.6102352514875,,,,,,,0.2586879966381237,,,,,,,447.49853547534946,0.012956928269899071,,,,,4.018036092960575,0.18005773917451295,,1,403,1,exact,0.012956928269899071,460,,,,,,0.0001889160012069624,dbfda6aec8489d732e8fdb73e33cb13ded5010ea
dv3-train-matern2-006869,3,train,matern2,6869,,,,3:0:3:6869,,train,13,758.7762692720667,,,,,,,0.1059910972596198,,,,,,,772.4896416181797,0.0038478002473845206,,,,,0.45692433300278906,0.07476249474252736,,1,745,1,exact,0.0038478002473845206,767,,,,,,0.0002822920032485854,165107eefd233ad81bb3f563211843bc1e445804
dv3-train-matern2-006870,3,train,matern2,6870,,,,3:0:3:6870,,train,13,308.8296664603573,,,,,,,0.27955490220087553,,,,,,,354.3720162137746,0.01590770783916647,,,,,3.842534260593504,0.19401174928826107,,1,309,1,exact,0.01590770783916647,380,,,,,,0.00017025000124704093,ec20ff693bf1e11027ca6fe4668c658ede5bb2a0
dv3-train-matern2-006871,3,train,matern2,6871,,,,3:0:3:6871,,train,13,132.03080232896357,,,,,,,0.0881905210409837,,,,,,,133.67058539983225,0.007675104145872702,,,,,0.29189300683302266,0.06225421964196537,,1,110,1,exact,0.007675104145872702,113,,,,,,8.904199785320088e-05,bb6766d6ffcb163dbb588305b08b05a167ce45b7
dv3-train-matern2-006872,3,train,matern2,6872,,,,3:0:3:6872,,train,13,167.80044523832802,,,,,,,0.4986015174956797,,,,,,,326.3003160946785,0.03849080920664334,,,,,4.8450045532688,0.32498190709067953,,1,168,1,exact,0.03849080920664334,395,,,,,,0.00018737500067800283,8a93abe481d457047ebfc905081b1624f190a2a5
dv3-train-matern2-006873,3,train,matern2,6873,,,,3:0:3:6873,,train,13,338.5368431381274,,,,,,,0.21986784310910956,,,,,,,367.1841807261448,0.011949747976445024,,,,,3.129830068182955,0.15375167610548535,,1,323,1,exact,0.011949747976445024,368,,,,,,0.00016820899691083468,18222f9a55a1dd184d066d80d9bfc81c73386803
dv3-train-matern2-006874,3,train,matern2,6874,,,,3:0:3:6874,,train,13,799.9488447204061,,,,,,,0.050347610412026726,,,,,,,803.1510796779527,0.0017801137517394065,,,,,0.10046021873270178,0.035581544758688737,,1,810,1,exact,0.0017801137517394065,815,,,,,,0.00031120800122153014,73502febd0969b09850e79aff152f10bfbc5edd9
dv3-train-matern2-006875,3,train,matern2,6875,,,,3:0:3:6875,,train,13,173.79560200324215,,,,,,,0.2563564197307053,,,,,,,194.66478434985294,0.01944575485696025,,,,,2.535686115249139,0.17848988457096995,,1,185,1,exact,0.01944575485696025,223,,,,,,0.00012112499825889245,6885e1c636db738883c81ae91bd2e8553c9d9376
dv3-train-matern2-006876,3,train,matern2,6876,,,,3:0:3:6876,,train,13,765.1894762585729,,,,,,,0.23024686646058676,,,,,,,837.0050451699013,0.00832356229354035,,,,,2.600249257380596,0.16082472771271702,,1,736,1,exact,0.00832356229354035,835,,,,,,0.0003145000009681098,48cdb1b2b3f833ff246813f4e4361b956a6f3a27
dv3-train-matern2-006877,3,train,matern2,6877,,,,3:0:3:6877,,train,13,145.34906646794764,,,,,,,0.11767780311625718,,,,,,,148.60557063591358,0.009760867753732073,,,,,0.681965895356265,0.08295749910265701,,1,157,1,exact,0.009760867753732073,163,,,,,,0.0001016669993987307,22d88f4aef1f3ebb22b1a6023e468f4546d8504e
dv3-train-matern2-006878,3,train,matern2,6878,,,,3:0:3:6878,,train,13,410.74347726668685,,,,,,,0.07382388533258964,,,,,,,414.3004233470108,0.003642600648334559,,,,,0.21758847753676996,0.052139411057084126,,1,404,1,exact,0.003642600648334559,407,,,,,,0.00016287499965983443,02dca776f41f66b0e19e9d058361b23772b916c1
dv3-train-matern2-006879,3,train,matern2,6879,,,,3:0:3:6879,,train,13,246.24777620275506,,,,,,,0.07149212242160867,,,,,,,248.24620637036105,0.004555877433595805,,,,,0.20671750095220337,0.05049631390387997,,1,211,1,exact,0.004555877433595805,221,,,,,,0.0001167090013041161,d89e72c7cc0c0a8fe1f9bffb20690db7b62de079
dv3-train-matern2-006880,3,train,matern2,6880,,,,3:0:3:6880,,train,13,528.090137098259,,,,,,,0.051490868477645974,,,,,,,530.3017461975224,0.0022406611737485105,,,,,0.10534311143066265,0.03638858247572781,,1,541,1,exact,0.0022406611737485105,545,,,,,,0.00021174999710638076,ceb25a2f56fb98d3fe80477d02c87ce73ba0bc18
dv3-train-matern2-006881,3,train,matern2,6881,,,,3:0:3:6881,,train,13,176.3053067137903,,,,,,,0.13762130068275438,,,,,,,181.76824936726462,0.010364610017904098,,,,,1.3035810612188297,0.09690555959990188,,1,172,1,exact,0.010364610017904098,184,,,,,,0.00010737499906099401,c683fd9d3b06be2e40ca8f378222233d6d2da0c0
dv3-train-matern2-006882,3,train,matern2,6882,,,,3:0:3:6882,,train,13,358.1412175211875,,,,,,,0.4826040421223712,,,,,,,643.9617885354547,0.025501387013982902,,,,,7.193813723438326,0.3170935733258927,,1,363,1,exact,0.025501387013982902,739,,,,,,0.0002945000014733523,4f74333b9fe8c580459b99dd8807456246b36a9b
dv3-train-matern2-006883,3,train,matern2,6883,,,,3:0:3:6883,,train,13,300.4981848915866,,,,,,,0.0715595235971056,,,,,,,302.94153613098325,0.004128064877052655,,,,,0.20651520535659415,0.05054381389618736,,1,292,1,exact,0.004128064877052655,298,,,,,,0.00013912500071455725,76799b8e69af7f3225b253ec61e4b1db8faebaa3
dv3-train-matern2-006884,3,train,matern2,6884,,,,3:0:3:6884,,train,13,191.16092717543472,,,,,,,0.12298627350775537,,,,,,,195.8519839770278,0.008895227879928613,,,,,0.7289176021153585,0.08667490091438732,,1,190,1,exact,0.008895227879928613,202,,,,,,0.0001129160009440966,f12a215bf0350bfeccd7979b03c7bad394a37385
dv3-train-matern2-006885,3,train,matern2,6885,,,,3:0:3:6885,,train,13,161.83357908467602,,,,,,,0.33151451110350605,,,,,,,198.5159569475913,0.026059628705890497,,,,,3.168778829167085,0.22804592050641995,,1,162,1,exact,0.026059628705890497,225,,,,,,0.00012037499982398003,f97b51a1b49027541f993d3efa318bb017e68db4
dv3-train-matern2-006886,3,train,matern2,6886,,,,3:0:3:6886,,train,13,101.38756194897722,,,,,,,0.5360727562202262,,,,,,,261.7880542251526,0.053239184760482554,,,,,4.028667701456745,0.34108587322341644,,1,110,1,exact,0.053239184760482554,322,,,,,,0.00015641600111848675,a9e67cc3c3c7c6fd8e70af29d1b4c9c59113a7e6
dv3-train-matern2-006887,3,train,matern2,6887,,,,3:0:3:6887,,train,13,245.03805328754106,,,,,,,0.42980417325555714,,,,,,,366.632661046473,0.027457049157869805,,,,,5.325359319176858,0.28834910897589255,,1,246,1,exact,0.027457049157869805,433,,,,,,0.0001862499993876554,b48167bd1908f5ede3fdbe58ca4ef81f670d59ff
dv3-train-matern2-006888,3,train,matern2,6888,,,,3:0:3:6888,,train,13,284.32203291339874,,,,,,,0.22419013001133858,,,,,,,309.4528106726088,0.013295700726069006,,,,,3.0093323616222842,0.15670049177875994,,1,241,1,exact,0.013295700726069006,277,,,,,,0.0001351669998257421,37166e0645a490fcb3be7c52a6d22270097c6f13
dv3-train-matern2-006889,3,train,matern2,6889,,,,3:0:3:6889,,train,13,492.05170459533207,,,,,,,0.09229029962284767,,,,,,,498.7548384799745,0.004160549425554552,,,,,0.34857665976665,0.06513763703753568,,1,472,1,exact,0.004160549425554552,483,,,,,,0.00020724999922094867,734af774e0d7292889ecce8e87489114639a824d
dv3-train-matern2-006890,3,train,matern2,6890,,,,3:0:3:6890,,train,13,395.63330309344127,,,,,,,0.0756785282747724,,,,,,,399.23582773147626,0.003804751148103441,,,,,0.22797904967144972,0.05344603356229713,,1,420,1,exact,0.003804751148103441,429,,,,,,0.0001842499987105839,b899f38fb1bbbcbf9c5024caf72b8be54e306f4c
dv3-train-matern2-006891,3,train,matern2,6891,,,,3:0:3:6891,,train,13,117.49889550756474,,,,,,,0.30765193797579005,,,,,,,139.44832070287978,0.028381984794051705,,,,,2.5030133124977763,0.21255480953577038,,1,104,1,exact,0.028381984794051705,140,,,,,,9.908399806590751e-05,7b53ed7c05497e8b088d1d78641637375aa8bc34
dv3-train-matern2-006892,3,train,matern2,6892,,,,3:0:3:6892,,train,13,393.0446740338197,,,,,,,0.17192772609909518,,,,,,,412.5091174366206,0.008672113663025269,,,,,1.4724842323800011,0.12076737595103369,,1,386,1,exact,0.008672113663025269,417,,,,,,0.00017704199854051694,0f0b4f7625c787a54a2bb078f189f097e74e5dad
dv3-train-matern2-006893,3,train,matern2,6893,,,,3:0:3:6893,,train,13,165.0438050268419,,,,,,,0.28333833958730364,,,,,,,190.18738369664834,0.022054932388218332,,,,,2.7516987596841465,0.1965259515091658,,1,163,1,exact,0.022054932388218332,206,,,,,,0.00011512499986565672,a63ea1e4ee98598256767b1ef355f97f38f20fe9
dv3-train-matern2-006894,3,train,matern2,6894,,,,3:0:3:6894,,train,13,203.69754269225885,,,,,,,0.11587204568286123,,,,,,,208.11828888750213,0.00811868664560107,,,,,0.6107899803364674,0.08169222965423013,,1,207,1,exact,0.00811868664560107,218,,,,,,0.00011608300337684341,75d95fefb1e7e1f511189042ac8c1cb928be8f52
dv3-train-matern2-006895,3,train,matern2,6895,,,,3:0:3:6895,,train,13,187.80897021377314,,,,,,,0.10095436979970751,,,,,,,190.88140608032018,0.007366597755977973,,,,,0.4309899248550917,0.07122624913554654,,1,182,1,exact,0.007366597755977973,192,,,,,,0.00010812499749590643,c968c05d99b6dde63c7aaa6fd6070bbebe44cb70
dv3-train-matern2-006896,3,train,matern2,6896,,,,3:0:3:6896,,train,13,271.36111892128736,,,,,,,0.10449614088728208,,,,,,,276.12482647856507,0.006343463441417302,,,,,0.4720183365196316,0.07371316050877426,,1,277,1,exact,0.006343463441417302,287,,,,,,0.0001359169982606545,06162a336c6018b374d588b182985afed851c5f3
dv3-train-matern2-006897,3,train,matern2,6897,,,,3:0:3:6897,,train,13,156.97512561711045,,,,,,,0.11532168514381634,,,,,,,160.34866123704074,0.009204401621943472,,,,,0.6161697258511205,0.08130652681831531,,1,158,1,exact,0.009204401621943472,164,,,,,,0.00010087500049849041,b4e905dcd218b8de85945b4612ed528b46e1a9a0
dv3-train-matern2-006898,3,train,matern2,6898,,,,3:0:3:6898,,train,13,128.79456310676852,,,,,,,0.058390453274521054,,,,,,,129.48929335347393,0.005145091249549771,,,,,0.11303843172389066,0.04125769558314036,,1,125,1,exact,0.005145091249549771,129,,,,,,8.541600254829973e-05,8ef2267acdf94eefe291e21a755c410fe758b961
dv3-train-matern2-006899,3,train,matern2,6899,,,,3:0:3:6899,,train,13,221.1752915438292,,,,,,,0.26449886734024547,,,,,,,249.75565996378737,0.017785067278246917,,,,,3.0664218747985483,0.1839578511655224,,1,199,1,exact,0.017785067278246917,239,,,,,,0.0001267080006073229,daa3ebe8c31723d545249d9288d6a32a2dc80f2d
dv3-train-matern2-006900,3,train,matern2,6900,,,,3:0:3:6900,,train,13,220.73048289479294,,,,,,,0.17207938763756275,,,,,,,231.6821369616105,0.011582376955343135,,,,,1.9210480785055628,0.12087243969687492,,1,213,1,exact,0.011582376955343135,230,,,,,,0.00012270799925317988,5a7ca7900c205ba52c55ba1010f50a698846121c
dv3-train-matern2-006901,3,train,matern2,6901,,,,3:0:3:6901,,train,13,215.16243533395038,,,,,,,0.05386439467688924,,,,,,,216.14903057499677,0.0036721343158328196,,,,,0.11123470465062109,0.03806387830887482,,1,202,1,exact,0.0036721343158328196,203,,,,,,0.00014791700232308358,ab2d3a989aa540bd75a9f260739ed4fa9141c512
dv3-train-matern2-006902,3,train,matern2,6902,,,,3:0:3:6902,,train,13,370.2072114448376,,,,,,,0.2748163212418537,,,,,,,422.60204590472193,0.014283021324016052,,,,,4.099042190650352,0.1908557434152242,,1,354,1,exact,0.014283021324016052,419,,,,,,0.0001287080012843944,7d3f466a96897f0b40a8a27e7aa78acd603a2ab1
dv3-train-matern2-006903,3,train,matern2,6903,,,,3:0:3:6903,,train,13,374.3357459658448,,,,,,,0.0796956323084872,,,,,,,378.1208337509949,0.004119114557545869,,,,,0.25126117910726453,0.05627529557347649,,1,360,1,exact,0.004119114557545869,367,,,,,,0.0001005000012810342,59530b1235e8d3c100ebec30ef4c62b0bbfb16db
dv3-train-matern2-006904,3,train,matern2,6904,,,,3:0:3:6904,,train,13,591.9718371001318,,,,,,,0.530337646299979,,,,,,,1440.8787520226645,0.021797261476312422,,,,,10.137097751655665,0.33890229795869853,,1,604,1,exact,0.021797261476312422,1611,,,,,,0.00046016700071049854,79df3d4bbf7206b97f7083306ac204feac58bdc9
dv3-train-matern2-006905,3,train,matern2,6905,,,,3:0:3:6905,,train,13,122.16440122151204,,,,,,,0.48825695412142833,,,,,,,225.4370350678727,0.04417495362083332,,,,,3.9760675562577,0.3199348786279242,,1,122,1,exact,0.04417495362083332,284,,,,,,9.391599814989604e-05,83553a30a44e576fe79c253fb74362288e64658b
dv3-train-matern2-006906,3,train,matern2,6906,,,,3:0:3:6906,,train,13,406.6799887175854,,,,,,,0.10830518607865058,,,,,,,414.3625871784551,0.005370600543155507,,,,,0.48707126902831804,0.0763863431564948,,1,392,1,exact,0.005370600543155507,406,,,,,,0.00010404199929325841,a112da54520d828bac3329c05203d7118c85b8b7
dv3-train-matern2-006907,3,train,matern2,6907,,,,3:0:3:6907,,train,13,755.4551030167413,,,,,,,0.4862154526258838,,,,,,,1380.8048137430674,0.017689861295073175,,,,,10.738653852753085,0.31891520184024347,,1,758,1,exact,0.017689861295073175,1468,,,,,,0.0003965420000895392,9adf407ab1a114b362a390bd644c74411393dff2
dv3-train-matern2-006908,3,train,matern2,6908,,,,3:0:3:6908,,train,13,143.3909493140388,,,,,,,0.394386655168407,,,,,,,196.81185416999142,0.032935278587773335,,,,,3.4748727391257623,0.26740806166472036,,1,139,1,exact,0.032935278587773335,220,,,,,,7.2750000981614e-05,97c88bb124188cd99d9798025fc611123dfefc75
dv3-train-matern2-006909,3,train,matern2,6909,,,,3:0:3:6909,,train,13,734.8739931475509,,,,,,,0.06775454471482933,,,,,,,740.2246923382698,0.002499378284786129,,,,,0.183319354460322,0.047861843481220044,,1,777,1,exact,0.002499378284786129,791,,,,,,0.00019908299873350188,f52a8fc19890f1b302a4779109dcdd5f8eb72a72
dv3-train-matern2-006910,3,train,matern2,6910,,,,3:0:3:6910,,train,13,428.0775732780386,,,,,,,0.18173607355581786,,,,,,,451.95303117506626,0.008783748710622721,,,,,1.6836719820991668,0.12755357139381124,,1,420,1,exact,0.008783748710622721,459,,,,,,0.0001150839998445008,f117f70207eb564f0aa5b99b2df93e6ab15d2e94
dv3-train-matern2-006911,3,train,matern2,6911,,,,3:0:3:6911,,train,13,471.5790570815244,,,,,,,0.10734365057384382,,,,,,,480.3262663601774,0.0049430966937575,,,,,0.4792914531810546,0.07571167873997185,,1,478,1,exact,0.0049430966937575,498,,,,,,0.00012533300105133094,1367e48ba60b45e723e2646450dca1f2a5879993
dv3-train-matern2-006912,3,train,matern2,6912,,,,3:0:3:6912,,train,13,201.431160856521,,,,,,,0.06087167811433354,,,,,,,202.61274289717994,0.0042889595147768255,,,,,0.142212094759547,0.04300810770713853,,1,195,1,exact,0.0042889595147768255,201,,,,,,5.729199983761646e-05,61108a6d8852c3ffe6bc64a4e3096fe32b8d488b
dv3-train-matern2-006913,3,train,matern2,6913,,,,3:0:3:6913,,train,13,168.4145063826492,,,,,,,0.3297494218982684,,,,,,,206.0527091130424,0.025409393238189335,,,,,3.2514654991403265,0.22690903174764152,,1,162,1,exact,0.025409393238189335,219,,,,,,6.883300011395477e-05,8a178a6c57703041b23cb9744cb7c8a5bfc60a5f
dv3-train-matern2-006914,3,train,matern2,6914,,,,3:0:3:6914,,train,13,611.4504176795391,,,,,,,0.08661832001946951,,,,,,,618.771798251511,0.0035029112427513937,,,,,0.30237137390956265,0.061148098858932895,,1,606,1,exact,0.0035029112427513937,619,,,,,,0.00015341700054705143,6b3a99cf7559ac0f519abe9bb3ac4f825d9592e1
dv3-train-matern2-006915,3,train,matern2,6915,,,,3:0:3:6915,,train,13,404.93405674761755,,,,,,,0.23320374563352753,,,,,,,444.0515038060737,0.011588930795176615,,,,,3.596544937420666,0.16283472989826353,,1,414,1,exact,0.011588930795176615,479,,,,,,0.0001218329998664558,f298ebf5b9b964f0f6d77e32c145658eb90ef847
dv3-train-matern2-006916,3,train,matern2,6916,,,,3:0:3:6916,,train,13,108.91985750554183,,,,,,,0.429345370553808,,,,,,,162.76317183670227,0.04113895467075402,,,,,3.3158078476818926,0.2880850370832782,,1,101,1,exact,0.04113895467075402,199,,,,,,6.600000051548705e-05,153def7b597f996a1c89453871afe14bc07e6c0f
dv3-train-matern2-006917,3,train,matern2,6917,,,,3:0:3:6917,,train,13,444.83936168136495,,,,,,,0.19049485881846884,,,,,,,472.3044115771697,0.0090319527042434,,,,,1.908436454791014,0.13359826709299022,,1,462,1,exact,0.0090319527042434,512,,,,,,0.00012045800031046383,3f7432e431571cee356ec4dcfb084ca34d7f26b3
dv3-train-matern2-006918,3,train,matern2,6918,,,,3:0:3:6918,,train,13,518.8126026102804,,,,,,,0.05460198375569292,,,,,,,521.2575509813965,0.002397193894372041,,,,,0.11872188317927256,0.03858443087804946,,1,534,1,exact,0.002397193894372041,540,,,,,,0.00013358299838728271,db26ebc7ac127ca75158d22ace5af1b615e9bbe0
dv3-train-matern2-006919,3,train,matern2,6919,,,,3:0:3:6919,,train,13,563.4360022779601,,,,,,,0.10411143324236294,,,,,,,573.2526514421985,0.004386075753050552,,,,,0.4456016458637458,0.07344309169670414,,1,589,1,exact,0.004386075753050552,609,,,,,,0.0001519170000392478,ee39b1ee4bdc0d153c3636a9661e356524dc30b8
dv3-train-matern2-006920,3,train,matern2,6920,,,,3:0:3:6920,,train,13,231.39173868733525,,,,,,,0.1802499897922886,,,,,,,244.07146173208412,0.011849535437093772,,,,,2.135141622372272,0.1265265185475351,,1,228,1,exact,0.011849535437093772,260,,,,,,7.604099664604291e-05,e6cd7cbfbb9e02ad5af364586647657497089aac
dv3-train-matern2-006921,3,train,matern2,6921,,,,3:0:3:6921,,train,13,496.2839346484404,,,,,,,0.12246604058303943,,,,,,,508.35648206207287,0.005497314311120613,,,,,0.6350995363878975,0.08631073965728656,,1,482,1,exact,0.005497314311120613,504,,,,,,0.00011704200005624443,f516b3af4fff2bc15fd04a6e888b2d15756b4708
dv3-train-matern2-006922,3,train,matern2,6922,,,,3:0:3:6922,,train,13,297.70322904376576,,,,,,,0.1603647598862583,,,,,,,310.41893658067005,0.009294310256321412,,,,,1.3955277694005068,0.11274549328028341,,1,321,1,exact,0.009294310256321412,340,,,,,,9.179200060316361e-05,dc4c9993392aa85d3fba215d299cc07c3e6e1bf9
dv3-train-matern2-006923,3,train,matern2,6923,,,,3:0:3:6923,,train,13,120.55927988974577,,,,,,,0.44518664128102653,,,,,,,188.69841807862824,0.04054541979778314,,,,,3.644823108562918,0.2970768531594654,,1,119,1,exact,0.04054541979778314,225,,,,,,6.974999996600673e-05,0bce3c31cb9979cc7a90d2196978bfdbed33d2c5
dv3-train-matern2-006924,3,train,matern2,6924,,,,3:0:3:6924,,train,13,750.9231716840648,,,,,,,0.42058925457364027,,,,,,,1096.2929686225455,0.015348304969583877,,,,,9.290705949360879,0.2830064796284781,,1,772,1,exact,0.015348304969583877,1194,,,,,,0.0002990829998452682,bdfd5170be37a0e09a6a4d5194c6b4c00c08f4a4
dv3-train-matern2-006925,3,train,matern2,6925,,,,3:0:3:6925,,train,13,176.39457949930565,,,,,,,0.07602809829895654,,,,,,,178.01583412612334,0.005724420256654498,,,,,0.22160063959411963,0.053692283496543806,,1,175,1,exact,0.005724420256654498,181,,,,,,5.8833000366576016e-05,1d74caff54d828d0ad90b17210de635a8b0d631b
dv3-train-matern2-006926,3,train,matern2,6926,,,,3:0:3:6926,,train,13,306.903675399763,,,,,,,0.12865569100613203,,,,,,,315.17114030897045,0.007343920333148333,,,,,0.7493182388151132,0.09064134612557626,,1,312,1,exact,0.007343920333148333,335,,,,,,8.954199802246876e-05,6eb6286f1ca8db3051ae803d1c0cecb3cce0b696
dv3-train-matern2-006927,3,train,matern2,6927,,,,3:0:3:6927,,train,13,174.3738412996825,,,,,,,0.07451114139830005,,,,,,,175.91245877259706,0.005642616685999079,,,,,0.2114485364089997,0.05262362086864528,,1,155,1,exact,0.005642616685999079,162,,,,,,5.408300057752058e-05,cdbe1981093f0d49edef974dbbe47fca1a95239b
dv3-train-matern2-006928,3,train,matern2,6928,,,,3:0:3:6928,,train,13,121.27765682172169,,,,,,,0.1693116857911432,,,,,,,127.09043174705207,0.015374341911447653,,,,,1.303850684681742,0.11895447568049802,,1,106,1,exact,0.015374341911447653,124,,,,,,4.795799759449437e-05,b47cd5ca297c59f0908f8d850c17203b04153aef
dv3-train-matern2-006929,3,train,matern2,6929,,,,3:0:3:6929,,train,13,427.6015863433901,,,,,,,0.4437110169731453,,,,,,,666.2291750500708,0.021457570997306073,,,,,7.22453242421559,0.29625067347843864,,1,448,1,exact,0.021457570997306073,787,,,,,,0.00020070800019311719,b708fe18b300f2be22f884b6e84312035a766e33
dv3-train-matern2-006930,3,train,matern2,6930,,,,3:0:3:6930,,train,13,235.01035803008347,,,,,,,0.31518708660098377,,,,,,,281.7040818117883,0.020560085379765735,,,,,3.8314976461620542,0.21747392566182244,,1,236,1,exact,0.020560085379765735,305,,,,,,8.320800043293275e-05,1d48953760b09f1bfdd7ca2692f31eea9bb63977
dv3-train-matern2-006931,3,train,matern2,6931,,,,3:0:3:6931,,train,13,514.5804855917225,,,,,,,0.08374964333701063,,,,,,,520.3345975000937,0.003691954243787579,,,,,0.2845115629584504,0.05912932563758743,,1,518,1,exact,0.003691954243787579,539,,,,,,0.00013712500003748573,d3ccef55f7978d96b13cdb0739cfdf130a041ab5
dv3-train-matern2-006932,3,train,matern2,6932,,,,3:0:3:6932,,train,13,247.18856596008686,,,,,,,0.13795425081680607,,,,,,,254.88653804560073,0.008774470092592516,,,,,0.9608974213563306,0.09713798489237085,,1,256,1,exact,0.008774470092592516,273,,,,,,7.824999920558184e-05,ba3181cd8c43543386914cf8ba4b72d8dc7942e9
dv3-train-matern2-006933,3,train,matern2,6933,,,,3:0:3:6933,,train,13,685.235799911852,,,,,,,0.11399819644962797,,,,,,,699.6165844367331,0.004354897707084825,,,,,0.5331103116600022,0.08037886394060083,,1,692,1,exact,0.004354897707084825,717,,,,,,0.00017366600150126033,4678eec4cde3cf3f2f4ab0b0b7e9d71caae2f8eb
dv3-train-matern2-006934,3,train,matern2,6934,,,,3:0:3:6934,,train,13,167.13148562306316,,,,,,,0.11125393743031405,,,,,,,170.46770041132774,0.008605701013747987,,,,,0.5514048729114677,0.0784547412790763,,1,165,1,exact,0.008605701013747987,172,,,,,,5.420800152933225e-05,456132c2f9569de96d74c7c9d54b2f252e4a078e
dv3-train-matern2-006935,3,train,matern2,6935,,,,3:0:3:6935,,train,13,228.5771073403762,,,,,,,0.050973992575598454,,,,,,,229.51514744460243,0.0033715708097493777,,,,,0.10099966771188308,0.03602372206490936,,1,224,1,exact,0.0033715708097493777,226,,,,,,6.724999911966734e-05,e0172e351e8b5ac5b956dfcd4a3dc98b0b24a1c4
dv3-train-matern2-006936,3,train,matern2,6936,,,,3:0:3:6936,,train,13,333.5565816450983,,,,,,,0.26345475370187027,,,,,,,376.2587428979678,0.014425181360915688,,,,,3.7567705681706247,0.18325785483282303,,1,348,1,exact,0.014425181360915688,429,,,,,,0.00011079199975938536,c3be11f3d40b28ab4e6d9c9ed971b3cc53fdf035
dv3-train-matern2-006937,3,train,matern2,6937,,,,3:0:3:6937,,train,13,781.0658758388503,,,,,,,0.4990143823040318,,,,,,,1522.244795676662,0.017855385482335246,,,,,11.103085121848572,0.32517894532145897,,1,776,1,exact,0.017855385482335246,1616,,,,,,0.00042229099926771596,a3520587a8c0289d303d445777901b5f61410264
dv3-train-matern2-006938,3,train,matern2,6938,,,,3:0:3:6938,,train,13,170.17744963628328,,,,,,,0.1195220107904286,,,,,,,174.11441170067133,0.009162139196044847,,,,,0.6832314188630693,0.08424932739123248,,1,183,1,exact,0.009162139196044847,200,,,,,,6.195799869601615e-05,64af0d5e717fe329556608d4d5cd86d8855b3d4b
dv3-train-matern2-006939,3,train,matern2,6939,,,,3:0:3:6939,,train,13,155.63115072357044,,,,,,,0.09615375140375064,,,,,,,157.93610356939547,0.007707578709972339,,,,,0.3697565146056812,0.06785349955017289,,1,167,1,exact,0.007707578709972339,175,,,,,,5.6834000133676454e-05,cac157d2f075a6b6a836cbc5a02e5596ae267095
dv3-train-matern2-006940,3,train,matern2,6940,,,,3:0:3:6940,,train,13,152.05915564772317,,,,,,,0.055145654526774945,,,,,,,152.7901806018165,0.004472033090759746,,,,,0.10489588995746231,0.03896810820864624,,1,145,1,exact,0.004472033090759746,148,,,,,,4.933400123263709e-05,05a392d655c844fe5c6fde5c0b6c3338282f631a
dv3-train-matern2-006941,3,train,matern2,6941,,,,3:0:3:6941,,train,13,306.3706168211229,,,,,,,0.37076501377302884,,,,,,,401.0991814660032,0.02118240127292878,,,,,5.12659479620204,0.2529024710169425,,1,321,1,exact,0.02118240127292878,453,,,,,,0.00011920800170628354,598e90a006e8089cdd473c357c6f9dcd98c028c9
dv3-train-matern2-006942,3,train,matern2,6942,,,,3:0:3:6942,,train,13,269.8946386977397,,,,,,,0.12394720299722509,,,,,,,276.6251929335741,0.007544658766504352,,,,,0.7067177234256272,0.08734746317105269,,1,283,1,exact,0.007544658766504352,296,,,,,,7.770899901515804e-05,5c8da5db7267cf4f392f3f103ea4522b788b2caa
dv3-train-matern2-006943,3,train,matern2,6943,,,,3:0:3:6943,,train,13,777.8218627889688,,,,,,,0.15918667799531028,,,,,,,810.5307385953199,0.005707772394889783,,,,,1.0767724198325843,0.11192694336521611,,1,800,1,exact,0.005707772394889783,855,,,,,,0.00020229200163157657,f1aa59cfb909b8a7ab576b102ea3e3eddc081e9f
dv3-train-matern2-006944,3,train,matern2,6944,,,,3:0:3:6944,,train,13,365.4037658500192,,,,,,,0.0706696137541825,,,,,,,368.3006488102596,0.003696972399231053,,,,,0.19619073638803075,0.04991663856276644,,1,351,1,exact,0.003696972399231053,361,,,,,,9.537499863654375e-05,dc6d77360ed91dbbec2b60b6b1c85a14b76009d1
dv3-train-matern2-006945,3,train,matern2,6945,,,,3:0:3:6945,,train,13,473.110259031252,,,,,,,0.055590776595825814,,,,,,,475.4218451683613,0.0025557687662397894,,,,,0.12304298168086283,0.03928222684972655,,1,463,1,exact,0.0025557687662397894,472,,,,,,0.0001170840005215723,ed80ac9f8e07ba5a6fa1ffcadae354cc0b29f5f8
dv3-train-matern2-006946,3,train,matern2,6946,,,,3:0:3:6946,,train,13,106.06396978653872,,,,,,,0.07309269998896493,,,,,,,106.964150253653,0.007097249382706221,,,,,0.18368181629893338,0.05162421478955255,,1,110,1,exact,0.007097249382706221,110,,,,,,8.162499943864532e-05,97250f32eea28c458d6be0de14d8f4906b58d79f
dv3-train-matern2-006947,3,train,matern2,6947,,,,3:0:3:6947,,train,13,147.3237324102201,,,,,,,0.34044753414075263,,,,,,,183.1824036665547,0.02804877097881893,,,,,3.057618882787317,0.23377610094449386,,1,142,1,exact,0.02804877097881893,203,,,,,,9.874999886960723e-05,f00830e88561edc0ebad0e55ae83622243a146a2
dv3-train-matern2-006948,3,train,matern2,6948,,,,3:0:3:6948,,train,13,160.45122185309796,,,,,,,0.06846907247068601,,,,,,,161.64450178726227,0.005405338926274531,,,,,0.17111636075549924,0.048365555670411856,,1,148,1,exact,0.005405338926274531,156,,,,,,6.541599941556342e-05,599a60024177321b6e53abc6a63d426b902a87c2
dv3-train-matern2-006949,3,train,matern2,6949,,,,3:0:3:6949,,train,13,100.05590240250908,,,,,,,0.3188779545345385,,,,,,,120.54103681901033,0.031878886166776026,,,,,2.3557977053332957,0.21987440927557406,,1,89,1,exact,0.031878886166776026,125,,,,,,5.470799806062132e-05,89db3c1f649067c5ea5958f1fca696d499ffbe6e
dv3-train-matern2-006950,3,train,matern2,6950,,,,3:0:3:6950,,train,13,703.7690356589226,,,,,,,0.09850157894153282,,,,,,,714.7180715199974,0.003713027063142058,,,,,0.39373639026813434,0.0695032724980792,,1,717,1,exact,0.003713027063142058,739,,,,,,0.00018925000040326267,e33c2d86485a98ed397a3caebb8dc5aa14fe5f66
dv3-train-matern2-006951,3,train,matern2,6951,,,,3:0:3:6951,,train,13,367.4851925735649,,,,,,,0.11786645993937102,,,,,,,375.7458109284881,0.006148516144711132,,,,,0.5830449666555826,0.08308966706712832,,1,355,1,exact,0.006148516144711132,368,,,,,,0.00010070799908135086,2b113c0b7974dc57e17935412dcf9761b6a1c66d
dv3-train-matern2-006952,3,train,matern2,6952,,,,3:0:3:6952,,train,13,223.1407625660341,,,,,,,0.06798460840290378,,,,,,,224.77663585448337,0.004551149940666927,,,,,0.182793885148678,0.048024032304146265,,1,235,1,exact,0.004551149940666927,241,,,,,,6.924999979673885e-05,32e1c4612010c90f4b28759500f9e23e8582bc5d
dv3-train-matern2-006953,3,train,matern2,6953,,,,3:0:3:6953,,train,13,537.8689654260403,,,,,,,0.08504366863332849,,,,,,,544.0736823631755,0.003666939488400256,,,,,0.2928294064313642,0.06004005157187206,,1,551,1,exact,0.003666939488400256,570,,,,,,0.00014487500084214844,842156943066326e9b6d31af13b5da03011280e5
dv3-train-matern2-006954,3,train,matern2,6954,,,,3:0:3:6954,,train,13,747.0482373909988,,,,,,,0.15604258871683785,,,,,,,777.1673678831287,0.005709115429549787,,,,,1.0360983751720452,0.10974129437462946,,1,734,1,exact,0.005709115429549787,775,,,,,,0.00018612499843584374,bfe64d82d69cb4311543eb5064b168caad94a24a
dv3-train-matern2-006955,3,train,matern2,6955,,,,3:0:3:6955,,train,13,338.9591889659648,,,,,,,0.33908614311349367,,,,,,,420.57390059574107,0.018417739948499885,,,,,4.904343819745174,0.23290541427200326,,1,351,1,exact,0.018417739948499885,456,,,,,,0.0001205830012622755,32136378700d65332932550dbfed4df63b75ecad
dv3-train-matern2-006956,3,train,matern2,6956,,,,3:0:3:6956,,train,13,241.66525461109023,,,,,,,0.05663466517510471,,,,,,,242.8910798735409,0.0036431347098470996,,,,,0.12683010897539826,0.04001884935579252,,1,259,1,exact,0.0036431347098470996,263,,,,,,7.416700100293383e-05,64d9726bc12b78afb285e09ae5d70d6d880e2372
dv3-train-matern2-006957,3,train,matern2,6957,,,,3:0:3:6957,,train,13,345.3707662491476,,,,,,,0.08292215614195399,,,,,,,349.1556978049276,0.004461981846480476,,,,,0.2765606979088262,0.05854687655381692,,1,322,1,exact,0.004461981846480476,335,,,,,,9.141700138570741e-05,5bb04a5d7a4f293f573f273b4d3863ea6f890833
dv3-train-matern2-006958,3,train,matern2,6958,,,,3:0:3:6958,,train,13,534.7024504971546,,,,,,,0.4301049304011877,,,,,,,800.701063651659,0.018600230826444922,,,,,7.922677001406261,0.28852210209801166,,1,563,1,exact,0.018600230826444922,895,,,,,,0.00022583399913855828,30bab7415bfab7cb087797defbc8dd8c7d18da6d
dv3-train-matern2-006959,3,train,matern2,6959,,,,3:0:3:6959,,train,13,288.5984042064377,,,,,,,0.3112032143836139,,,,,,,344.10429996135633,0.018318803808162643,,,,,4.212088107545004,0.21487618727196153,,1,292,1,exact,0.018318803808162643,365,,,,,,9.416700049769133e-05,71149fe07e3a2b2124a7826b43eecb83ad4a1095
dv3-train-matern2-006960,3,train,matern2,6960,,,,3:0:3:6960,,train,13,693.0595703934092,,,,,,,0.21375981061419,,,,,,,748.1437071700669,0.008119714768659626,,,,,2.2044727590518187,0.149576847440022,,1,701,1,exact,0.008119714768659626,772,,,,,,0.0001860839984146878,5158cf41cfbba4f96763971a44e08858b6f6c8ca
dv3-train-matern2-006961,3,train,matern2,6961,,,,3:0:3:6961,,train,13,245.37532958579214,,,,,,,0.3902947592402806,,,,,,,333.873908093844,0.024915939735593463,,,,,4.88327978481915,0.26492318830589334,,1,244,1,exact,0.024915939735593463,365,,,,,,9.983400013879873e-05,e3ad4416d481a355d33912ae25b16ea830574d16
dv3-train-matern2-006962,3,train,matern2,6962,,,,3:0:3:6962,,train,13,345.0987679595652,,,,,,,0.17267931513238752,,,,,,,362.3487181051222,0.009295411344428352,,,,,1.6009541865543842,0.12128800047874423,,1,339,1,exact,0.009295411344428352,378,,,,,,9.76249975792598e-05,05f85111676b64a835fef1be151376e8dc5aa677
dv3-train-matern2-006963,3,train,matern2,6963,,,,3:0:3:6963,,train,13,106.29817562751265,,,,,,,0.08985514585530288,,,,,,,107.66954466515003,0.00871525398393593,,,,,0.3133128244148335,0.06342514055519512,,1,114,1,exact,0.00871525398393593,118,,,,,,4.42080017819535e-05,7415aaf192e676a38aa5739ab3f8f6ae3389af6c
dv3-train-matern2-006964,3,train,matern2,6964,,,,3:0:3:6964,,train,13,172.87926319204,,,,,,,0.057912812639009936,,,,,,,173.7964889074488,0.004404566854292649,,,,,0.12293091727620055,0.04092069900657548,,1,177,1,exact,0.004404566854292649,178,,,,,,5.337499896995723e-05,15aa85ce7371194b1cb47a94342204e9d9e80834
dv3-train-matern2-006965,3,train,matern2,6965,,,,3:0:3:6965,,train,13,108.71686104627003,,,,,,,0.051439300499207655,,,,,,,109.17124399854698,0.00493340309408523,,,,,0.08404821872591398,0.036352181438796774,,1,97,1,exact,0.00493340309408523,101,,,,,,3.96249997720588e-05,fa64a6a7fe8390004fa86c4a8f6f6770432df81e
dv3-train-matern2-006966,3,train,matern2,6966,,,,3:0:3:6966,,train,13,150.426850331028,,,,,,,0.3835725876675409,,,,,,,201.87427385801573,0.03127410437572088,,,,,3.498605471111705,0.2608148951849884,,1,170,1,exact,0.03127410437572088,263,,,,,,7.899999764049426e-05,1070b6174531f7f0facc0d5672178e1fe7c16a60
dv3-train-matern2-006967,3,train,matern2,6967,,,,3:0:3:6967,,train,13,298.30785675261177,,,,,,,0.28559333674681997,,,,,,,344.63821372087995,0.01653543881563655,,,,,3.8565819080521875,0.19802202009174344,,1,319,1,exact,0.01653543881563655,384,,,,,,9.91669985523913e-05,0cee95a18ca17b37596b460900cee95bbc4f855d
dv3-train-matern2-006968,3,train,matern2,6968,,,,3:0:3:6968,,train,13,561.7853970998976,,,,,,,0.08690036016071101,,,,,,,568.5566842816683,0.003666370529430459,,,,,0.3061170162466236,0.06134654296305603,,1,562,1,exact,0.003666370529430459,578,,,,,,0.00014416600242839195,6249070de8aa5af53f659ecef329156c8d59df5e
dv3-train-matern2-006969,3,train,matern2,6969,,,,3:0:3:6969,,train,13,485.51798100832224,,,,,,,0.15139742605697648,,,,,,,503.88610086179665,0.0068709348791089215,,,,,1.024662057002232,0.10650933027001627,,1,442,1,exact,0.0068709348791089215,474,,,,,,0.00011208400246687233,9ac42b80b33d9dedfe6b6c6e212f64b7e914a2bd
dv3-train-matern2-006970,3,train,matern2,6970,,,,3:0:3:6970,,train,13,674.4795915795002,,,,,,,0.14708860481135597,,,,,,,698.4959216657014,0.005663626718353792,,,,,0.9170822910375915,0.10350845985573005,,1,667,1,exact,0.005663626718353792,708,,,,,,0.00017241599925910123,8c2fabdf30a9e2a75862a08bba36c3d240e09904
dv3-train-matern2-006971,3,train,matern2,6971,,,,3:0:3:6971,,train,13,126.77399598335124,,,,,,,0.18830019995895234,,,,,,,134.40720667903437,0.016723827962722013,,,,,1.5235869551691814,0.13208507804081246,,1,127,1,exact,0.016723827962722013,152,,,,,,5.7375000324100256e-05,2f483859b309e34ce4b3f0d2cc112532a3774400
dv3-train-matern2-006972,3,train,matern2,6972,,,,3:0:3:6972,,train,13,711.3770469978892,,,,,,,0.20140485406378317,,,,,,,760.9652319259326,0.007551270176285995,,,,,1.8804847003617895,0.14110594259604053,,1,762,1,exact,0.007551270176285995,836,,,,,,0.00019862499902956188,0415b56899826f03355ebb9451f7ff90e145aeef
dv3-train-matern2-006973,3,train,matern2,6973,,,,3:0:3:6973,,train,13,742.1922395074026,,,,,,,0.09522437061557565,,,,,,,752.9687937601348,0.0034953438583665408,,,,,0.36686363883767276,0.06720030184215728,,1,774,1,exact,0.0034953438583665408,800,,,,,,0.00037974999941070564,b29e7306d2b9e759a794e2310a0a154011f21f49
dv3-train-matern2-006974,3,train,matern2,6974,,,,3:0:3:6974,,train,13,176.93005884708714,,,,,,,0.4022400510493463,,,,,,,247.09878390249062,0.030240188929232584,,,,,4.064128624189937,0.27214184646733314,,1,158,1,exact,0.030240188929232584,260,,,,,,0.00015016699762782082,a8946f781ed8b6fc8a75ac81fd125c90741e8394
dv3-train-matern2-006975,3,train,matern2,6975,,,,3:0:3:6975,,train,13,773.9691415471475,,,,,,,0.06441433754961352,,,,,,,779.0578002527193,0.0023153717066873394,,,,,0.16517355334407174,0.0455067143287305,,1,769,1,exact,0.0023153717066873394,782,,,,,,0.0002917080018960405,b17b6e427f4756896bf568ab07c9491987aa43e2
dv3-train-matern2-006976,3,train,matern2,6976,,,,3:0:3:6976,,train,13,125.6082137573278,,,,,,,0.1296572330558789,,,,,,,129.04672071885764,0.011568784453583851,,,,,0.9251758298489435,0.09134163248272868,,1,116,1,exact,0.011568784453583851,123,,,,,,8.841700037010014e-05,16646a3913a9bc64de877df91d27c01f841b9856
dv3-train-matern2-006977,3,train,matern2,6977,,,,3:0:3:6977,,train,13,443.73598279464346,,,,,,,0.17296039484264292,,,,,,,465.9935501225152,0.008210778650071571,,,,,1.4473849414196338,0.12148267824578848,,1,433,1,exact,0.008210778650071571,464,,,,,,0.0001871250024123583,4436e5a9d96f03be1abdaf7e55f31f05fae70caf
dv3-train-matern2-006978,3,train,matern2,6978,,,,3:0:3:6978,,train,13,203.2468162909239,,,,,,,0.29784383137531595,,,,,,,238.25076198980577,0.020891842070210102,,,,,3.243332592853281,0.20611648216182674,,1,202,1,exact,0.020891842070210102,249,,,,,,0.0001246249994437676,8685e78e1d40021896cd65f4d9c35d09e90be96b
dv3-train-matern2-006979,3,train,matern2,6979,,,,3:0:3:6979,,train,13,116.09520550308167,,,,,,,0.050473677181631704,,,,,,,116.56228313246847,0.004684441323531862,,,,,0.08136475168688745,0.035670539615877364,,1,109,1,exact,0.004684441323531862,112,,,,,,7.629200263181701e-05,00e5f03a47757e56be7c26b5bc9ab1bb33c0cb37
dv3-train-matern2-006980,3,train,matern2,6980,,,,3:0:3:6980,,train,13,254.91603124622256,,,,,,,0.2149478131864004,,,,,,,275.4273865540673,0.013462770948542127,,,,,2.700854887263487,0.15038953894560678,,1,260,1,exact,0.013462770948542127,291,,,,,,0.00013716600005864166,cd8162c194fdc0a24392185da2388df6727b21b6
dv3-train-matern2-006981,3,train,matern2,6981,,,,3:0:3:6981,,train,13,220.548189570648,,,,,,,0.0752742205412898,,,,,,,222.53478045851583,0.005068675853397939,,,,,0.2263544900008975,0.05316121356720667,,1,239,1,exact,0.005068675853397939,250,,,,,,0.00012504199912655167,8f80623b452bf29b2fbf68e8ee7557a4106985f7
dv3-train-matern2-006982,3,train,matern2,6982,,,,3:0:3:6982,,train,13,171.17238042803888,,,,,,,0.25622013537438937,,,,,,,191.70108299932863,0.01958377501524352,,,,,2.5516220726967895,0.17839818946525493,,1,174,1,exact,0.01958377501524352,214,,,,,,0.00011233300028834492,f416c170bd9795ca2e66b82413f55700dc47ec92
dv3-train-matern2-006983,3,train,matern2,6983,,,,3:0:3:6983,,train,13,404.65444556505093,,,,,,,0.20515860739909783,,,,,,,434.0282662832248,0.010198764990339384,,,,,2.9439121418126506,0.1436832290541823,,1,376,1,exact,0.010198764990339384,410,,,,,,0.00017137500253738835,a1fb8cfd0b39d4e685fd713a6ef7ebf420553a4d
dv3-train-matern2-006984,3,train,matern2,6984,,,,3:0:3:6984,,train,13,396.33348309095294,,,,,,,0.15650020089873165,,,,,,,412.41167014367386,0.007861121657192185,,,,,1.1401206308946952,0.11005950592649852,,1,391,1,exact,0.007861121657192185,423,,,,,,0.0001741659980325494,93dcd8f566ef25ffaee53d34bd4d0f32c95f9536
dv3-train-matern2-006985,3,train,matern2,6985,,,,3:0:3:6985,,train,13,178.82014801985744,,,,,,,0.11371239008043368,,,,,,,182.55365801057744,0.008503536161380327,,,,,0.5841747500300303,0.0801785105192023,,1,173,1,exact,0.008503536161380327,181,,,,,,0.00010220900003332645,e7997ed8abc3d3cdd928a75d61930fde62c5fff1
dv3-train-matern2-006986,3,train,matern2,6986,,,,3:0:3:6986,,train,13,253.98430607824847,,,,,,,0.3269355959181326,,,,,,,309.4785524259321,0.020514397528802648,,,,,4.180326386186204,0.22509356971745986,,1,251,1,exact,0.020514397528802648,323,,,,,,0.0001442499997210689,7da93d5dd7c90678a1e00fd264d2b01ee948ecf8
dv3-train-matern2-006987,3,train,matern2,6987,,,,3:0:3:6987,,train,13,664.2792686462079,,,,,,,0.11285655554607177,,,,,,,677.9347512169852,0.004378763020922644,,,,,0.5213750014770344,0.07957850766589852,,1,670,1,exact,0.004378763020922644,704,,,,,,0.00026529199749347754,de62214f351902ebe634bbc9711af61b96d47e91
dv3-train-matern2-006988,3,train,matern2,6988,,,,3:0:3:6988,,train,13,752.5843010441863,,,,,,,0.23714493593251654,,,,,,,828.1063003703291,0.008644428324577723,,,,,2.8459593331889494,0.16551023744924862,,1,791,1,exact,0.008644428324577723,891,,,,,,0.00033325000185868703,7c71db75bc47f6414458f7310362561f37e9a97b
dv3-train-matern2-006989,3,train,matern2,6989,,,,3:0:3:6989,,train,13,630.0067905817422,,,,,,,0.12636643807974024,,,,,,,646.3586171897242,0.005034532268966621,,,,,0.66272044475008,0.0890402106346025,,1,648,1,exact,0.005034532268966621,677,,,,,,0.0002517499997338746,5830f4cdf284aed798115bb72f0d64e7de9964db
dv3-train-matern2-006990,3,train,matern2,6990,,,,3:0:3:6990,,train,13,155.03466451567593,,,,,,,0.05334790201299149,,,,,,,155.73190364436937,0.004284527531875283,,,,,0.09890181102861433,0.037699348043158075,,1,163,1,exact,0.004284527531875283,166,,,,,,9.225000030710362e-05,0d660927c8545b162d9114b7340a5c1de31fc23e
dv3-train-matern2-006991,3,train,matern2,6991,,,,3:0:3:6991,,train,13,400.3725985060873,,,,,,,0.08080584676016403,,,,,,,404.536116012731,0.0040384118930152655,,,,,0.26164992033063444,0.05705701344727162,,1,428,1,exact,0.0040384118930152655,442,,,,,,0.0002166659978684038,00d78757681c5237e3fefe93bd0ca2d18a4c054d
dv3-train-matern2-006992,3,train,matern2,6992,,,,3:0:3:6992,,train,13,206.05775420468387,,,,,,,0.12171493114433939,,,,,,,211.00701578558156,0.008479092569230635,,,,,0.696573358746048,0.08578490893701904,,1,215,1,exact,0.008479092569230635,227,,,,,,0.00012333400081843138,460d0ff98e97e3bbc8813ab71c2f379563941a82
dv3-train-matern2-006993,3,train,matern2,6993,,,,3:0:3:6993,,train,13,119.92163606075297,,,,,,,0.32574656705207594,,,,,,,145.8745312869042,0.0297461713334103,,,,,2.6365063983033226,0.22432529034768872,,1,117,1,exact,0.0297461713334103,154,,,,,,9.754100028658286e-05,c90c9885460bd877686c249c54a60b7b2c8ab77c
dv3-train-matern2-006994,3,train,matern2,6994,,,,3:0:3:6994,,train,13,471.8200610704085,,,,,,,0.3117284187815165,,,,,,,562.9556712909871,0.014351199290222291,,,,,5.412488992131989,0.21521904552063337,,1,477,1,exact,0.014351199290222291,581,,,,,,0.00023033300021779723,9589aae5b27bfd6eca0e431a1287122bd1b24e42
dv3-train-matern2-006995,3,train,matern2,6995,,,,3:0:3:6995,,train,13,104.9235839969805,,,,,,,0.0945175790667758,,,,,,,106.42410007375848,0.009227329535280878,,,,,0.36734950717498854,0.06670349446048988,,1,96,1,exact,0.009227329535280878,101,,,,,,8.045799768297002e-05,6a8ddeda51b7f505d8039fb167b90e67b9f32706
dv3-train-matern2-006996,3,train,matern2,6996,,,,3:0:3:6996,,train,13,509.0221846482425,,,,,,,0.1139913753390583,,,,,,,519.7035263078385,0.005052468776306655,,,,,0.5432206861589324,0.08037408237112695,,1,516,1,exact,0.005052468776306655,530,,,,,,0.0002095419986289926,8df61d54e88e72af2e222ab57001834f42a31651
dv3-train-matern2-006997,3,train,matern2,6997,,,,3:0:3:6997,,train,13,247.7728429599883,,,,,,,0.48072425254252027,,,,,,,441.8423775437218,0.030540010416677657,,,,,5.969758313790514,0.31613665163333315,,1,248,1,exact,0.030540010416677657,513,,,,,,0.0002152500019292347,b6c0e2a9d457a79e210193ab98de0c4b5f8bad81
dv3-train-matern2-006998,3,train,matern2,6998,,,,3:0:3:6998,,train,13,582.6773120211116,,,,,,,0.35677434407610287,,,,,,,744.05203584127,0.014780174527177767,,,,,6.868250566034561,0.24414130160168387,,1,561,1,exact,0.014780174527177767,754,,,,,,0.0002872080003726296,c45bf23e035abe6975534a92156615290166f46a
dv3-train-matern2-006999,3,train,matern2,6999,,,,3:0:3:6999,,train,13,268.143810858304,,,,,,,0.05817914857140436,,,,,,,269.5796800516644,0.0035529039971067635,,,,,0.13518331445820417,0.041108612298690235,,1,278,1,exact,0.0035529039971067635,282,,,,,,0.00013170799866202287,14f6b91915d85a508aa3135d50018c80f41b5060
